ISO-10303-21;
HEADER;
FILE_DESCRIPTION (( 'STEP AP203' ),
    '1' );
FILE_NAME ('79-8546 - 76mm 90deg.STEP',
    '2026-09-15T22:03:58',
    ( '' ),
    ( '' ),
    'SwSTEP 2.0',
    'SolidWorks 2026',
    '' );
FILE_SCHEMA (( 'CONFIG_CONTROL_DESIGN' ));
ENDSEC;

DATA;
#1 = LINE ( 'NONE', #1390, #1346 ) ;
#2 = ADVANCED_FACE ( 'NONE', ( #1086 ), #132, .T. ) ;
#3 = DIRECTION ( 'NONE',  ( -0.000000000000000000, -1.000000000000000000, -0.000000000000000000 ) ) ;
#4 = COORDINATED_UNIVERSAL_TIME_OFFSET ( 1, 0, .AHEAD. ) ;
#5 = EDGE_LOOP ( 'NONE', ( #1330, #1292, #664, #767 ) ) ;
#6 = CARTESIAN_POINT ( 'NONE',  ( 39.75000000000000000, 2.250000000000000000, -231.0000000000000568 ) ) ;
#7 = VERTEX_POINT ( 'NONE', #644 ) ;
#8 = DIRECTION ( 'NONE',  ( 0.000000000000000000, 0.000000000000000000, -1.000000000000000000 ) ) ;
#9 = CARTESIAN_POINT ( 'NONE',  ( 139.9999999999999716, 0.000000000000000000, -2.805333839712768550E-44 ) ) ;
#10 = CC_DESIGN_SECURITY_CLASSIFICATION ( #683, ( #757 ) ) ;
#11 = CARTESIAN_POINT ( 'NONE',  ( -6.938893903907228378E-15, 0.000000000000000000, -231.0000000000000568 ) ) ;
#12 = PERSON_AND_ORGANIZATION ( #741, #562 ) ;
#13 = VERTEX_POINT ( 'NONE', #992 ) ;
#14 = AXIS2_PLACEMENT_3D ( 'NONE', #974, #575, #675 ) ;
#15 = LINE ( 'NONE', #137, #915 ) ;
#16 = ADVANCED_FACE ( 'NONE', ( #1316 ), #806, .F. ) ;
#17 = AXIS2_PLACEMENT_3D ( 'NONE', #586, #1031, #163 ) ;
#18 = AXIS2_PLACEMENT_3D ( 'NONE', #829, #399, #1052 ) ;
#19 = VECTOR ( 'NONE', #1090, 1000.000000000000000 ) ;
#20 = VECTOR ( 'NONE', #424, 1000.000000000000000 ) ;
#21 = ORIENTED_EDGE ( 'NONE', *, *, #854, .F. ) ;
#22 = AXIS2_PLACEMENT_3D ( 'NONE', #406, #836, #1284 ) ;
#23 = CARTESIAN_POINT ( 'NONE',  ( 139.9999999999999716, 0.000000000000000000, -139.9999999999999716 ) ) ;
#24 = DIRECTION ( 'NONE',  ( -1.000000000000000000, 0.000000000000000000, 0.000000000000000000 ) ) ;
#25 = ORIENTED_EDGE ( 'NONE', *, *, #110, .T. ) ;
#26 = DIRECTION ( 'NONE',  ( -0.000000000000000000, -1.000000000000000000, -0.000000000000000000 ) ) ;
#27 = EDGE_CURVE ( 'NONE', #1005, #950, #556, .T. ) ;
#28 = ORIENTED_EDGE ( 'NONE', *, *, #1242, .T. ) ;
#29 = ORIENTED_EDGE ( 'NONE', *, *, #1182, .T. ) ;
#30 = ADVANCED_FACE ( 'NONE', ( #765 ), #31, .T. ) ;
#31 = CYLINDRICAL_SURFACE ( 'NONE', #585, 38.00000000000000000 ) ;
#32 = CARTESIAN_POINT ( 'NONE',  ( 0.000000000000000000, 0.000000000000000000, -192.5130302149887029 ) ) ;
#33 = ORIENTED_EDGE ( 'NONE', *, *, #307, .T. ) ;
#34 = LINE ( 'NONE', #1220, #19 ) ;
#35 = ORIENTED_EDGE ( 'NONE', *, *, #118, .T. ) ;
#36 = DIRECTION ( 'NONE',  ( -0.000000000000000000, -0.000000000000000000, -1.000000000000000000 ) ) ;
#37 = DIRECTION ( 'NONE',  ( -1.000000000000000000, 0.000000000000000000, 0.000000000000000000 ) ) ;
#38 = ORIENTED_EDGE ( 'NONE', *, *, #1062, .F. ) ;
#39 = FACE_OUTER_BOUND ( 'NONE', #1195, .T. ) ;
#40 = CIRCLE ( 'NONE', #435, 6.499999999999999112 ) ;
#41 = ORIENTED_EDGE ( 'NONE', *, *, #70, .T. ) ;
#42 = AXIS2_PLACEMENT_3D ( 'NONE', #1069, #98, #1361 ) ;
#43 = AXIS2_PLACEMENT_3D ( 'NONE', #408, #1058, #403 ) ;
#44 = AXIS2_PLACEMENT_3D ( 'NONE', #758, #219, #652 ) ;
#45 = EDGE_CURVE ( 'NONE', #1382, #1395, #130, .T. ) ;
#46 = APPROVAL_PERSON_ORGANIZATION ( #12, #638, #543 ) ;
#47 = CARTESIAN_POINT ( 'NONE',  ( -2.250000000000000000, -38.18376618407356915, -231.0000000000000568 ) ) ;
#48 = EDGE_CURVE ( 'NONE', #1059, #1388, #450, .T. ) ;
#49 = ORIENTED_EDGE ( 'NONE', *, *, #815, .T. ) ;
#50 = CARTESIAN_POINT ( 'NONE',  ( 139.9999999999999716, 0.000000000000000000, -36.50000000000000000 ) ) ;
#51 = EDGE_LOOP ( 'NONE', ( #253, #879, #409, #635 ) ) ;
#52 = CARTESIAN_POINT ( 'NONE',  ( 39.68626966596885097, 2.250000000000000000, -231.0000000000000568 ) ) ;
#53 = DIRECTION ( 'NONE',  ( -1.000000000000000000, 0.000000000000000000, 0.000000000000000000 ) ) ;
#54 = DIRECTION ( 'NONE',  ( 1.000000000000000000, 0.000000000000000000, 0.000000000000000000 ) ) ;
#55 = EDGE_LOOP ( 'NONE', ( #33, #245, #789, #365 ) ) ;
#56 = CARTESIAN_POINT ( 'NONE',  ( 38.18376618407355494, 2.250000000000000000, -257.0000000000000568 ) ) ;
#57 = EDGE_CURVE ( 'NONE', #1219, #1095, #1365, .T. ) ;
#58 = ORIENTED_EDGE ( 'NONE', *, *, #1000, .F. ) ;
#59 = LINE ( 'NONE', #1026, #304 ) ;
#60 = EDGE_LOOP ( 'NONE', ( #1140, #676, #495, #834, #840, #890, #809, #312, #851, #1002, #801, #901 ) ) ;
#61 = ADVANCED_FACE ( 'NONE', ( #966 ), #442, .F. ) ;
#62 = CARTESIAN_POINT ( 'NONE',  ( 39.68626966596885097, 2.249999999999999112, -257.0000000000000568 ) ) ;
#63 = ADVANCED_FACE ( 'NONE', ( #1309 ), #335, .T. ) ;
#64 = AXIS2_PLACEMENT_3D ( 'NONE', #707, #389, #1042 ) ;
#65 = CIRCLE ( 'NONE', #483, 36.50000000000000000 ) ;
#66 = VECTOR ( 'NONE', #3, 1000.000000000000000 ) ;
#67 = DIRECTION ( 'NONE',  ( 0.000000000000000000, 0.000000000000000000, -1.000000000000000000 ) ) ;
#68 = CIRCLE ( 'NONE', #846, 36.89199796489156569 ) ;
#69 = ORIENTED_EDGE ( 'NONE', *, *, #587, .F. ) ;
#70 = EDGE_CURVE ( 'NONE', #1388, #271, #771, .T. ) ;
#71 = EDGE_CURVE ( 'NONE', #220, #1326, #1, .T. ) ;
#72 = LINE ( 'NONE', #81, #962 ) ;
#73 = ORIENTED_EDGE ( 'NONE', *, *, #1085, .T. ) ;
#74 = DIRECTION ( 'NONE',  ( -1.000000000000000000, 1.224646799147354193E-16, 0.000000000000000000 ) ) ;
#75 = CARTESIAN_POINT ( 'NONE',  ( 139.9999999999999716, 0.000000000000000000, -139.9999999999999716 ) ) ;
#76 = ORIENTED_EDGE ( 'NONE', *, *, #378, .T. ) ;
#77 = DIRECTION ( 'NONE',  ( 1.224646799147353207E-16, 1.000000000000000000, -0.000000000000000000 ) ) ;
#78 = DIRECTION ( 'NONE',  ( -1.000000000000000000, 1.224646799147354193E-16, 0.000000000000000000 ) ) ;
#79 = APPROVAL_PERSON_ORGANIZATION ( #591, #805, #1341 ) ;
#80 = VECTOR ( 'NONE', #1238, 1000.000000000000000 ) ;
#81 = CARTESIAN_POINT ( 'NONE',  ( 2.250000000000000000, 39.75000000000000000, -231.0000000000000568 ) ) ;
#82 = VECTOR ( 'NONE', #1342, 1000.000000000000000 ) ;
#83 = EDGE_LOOP ( 'NONE', ( #860, #1067, #288, #21 ) ) ;
#84 = EDGE_CURVE ( 'NONE', #934, #728, #747, .T. ) ;
#85 = VECTOR ( 'NONE', #412, 1000.000000000000000 ) ;
#86 = DIRECTION ( 'NONE',  ( 1.000000000000000000, 0.000000000000000000, 0.000000000000000000 ) ) ;
#87 = CARTESIAN_POINT ( 'NONE',  ( 139.9999999999999716, 4.653657836759941941E-15, 38.00000000000000000 ) ) ;
#88 = CARTESIAN_POINT ( 'NONE',  ( 0.000000000000000000, 0.000000000000000000, -257.0000000000000568 ) ) ;
#89 = EDGE_LOOP ( 'NONE', ( #858, #448, #566, #404 ) ) ;
#90 = CARTESIAN_POINT ( 'NONE',  ( 2.250000000000000000, 39.75000000000000000, -231.0000000000000568 ) ) ;
#91 = DIRECTION ( 'NONE',  ( 0.000000000000000000, 0.000000000000000000, -1.000000000000000000 ) ) ;
#92 = EDGE_CURVE ( 'NONE', #1395, #1095, #735, .T. ) ;
#93 = CARTESIAN_POINT ( 'NONE',  ( 2.249999999999999112, 39.68626966596885808, -257.0000000000000568 ) ) ;
#94 = EDGE_CURVE ( 'NONE', #1059, #574, #379, .T. ) ;
#95 = DIRECTION ( 'NONE',  ( 0.000000000000000000, 0.000000000000000000, -1.000000000000000000 ) ) ;
#96 = VERTEX_POINT ( 'NONE', #1126 ) ;
#97 = DIRECTION ( 'NONE',  ( 1.000000000000000000, 0.000000000000000000, -0.000000000000000000 ) ) ;
#98 = DIRECTION ( 'NONE',  ( 0.000000000000000000, 0.000000000000000000, -1.000000000000000000 ) ) ;
#99 = CARTESIAN_POINT ( 'NONE',  ( 0.000000000000000000, 0.000000000000000000, -191.6845644019025769 ) ) ;
#100 = ORIENTED_EDGE ( 'NONE', *, *, #854, .T. ) ;
#101 = AXIS2_PLACEMENT_3D ( 'NONE', #1368, #1051, #284 ) ;
#102 = CARTESIAN_POINT ( 'NONE',  ( -2.249999999999999112, -39.68626966596885808, -257.0000000000000568 ) ) ;
#103 = LINE ( 'NONE', #946, #1077 ) ;
#104 = DIRECTION ( 'NONE',  ( 0.000000000000000000, 0.000000000000000000, -1.000000000000000000 ) ) ;
#105 = AXIS2_PLACEMENT_3D ( 'NONE', #75, #629, #1152 ) ;
#106 =( NAMED_UNIT ( * ) SI_UNIT ( $, .STERADIAN. ) SOLID_ANGLE_UNIT ( ) );
#107 = AXIS2_PLACEMENT_3D ( 'NONE', #760, #1181, #1199 ) ;
#108 = ORIENTED_EDGE ( 'NONE', *, *, #878, .F. ) ;
#109 = ORIENTED_EDGE ( 'NONE', *, *, #614, .T. ) ;
#110 = EDGE_CURVE ( 'NONE', #930, #421, #1223, .T. ) ;
#111 = CARTESIAN_POINT ( 'NONE',  ( 0.000000000000000000, 0.000000000000000000, -257.0000000000000568 ) ) ;
#112 = DIRECTION ( 'NONE',  ( 0.000000000000000000, 0.000000000000000000, 1.000000000000000000 ) ) ;
#113 = ORIENTED_EDGE ( 'NONE', *, *, #540, .T. ) ;
#114 = DIRECTION ( 'NONE',  ( -1.000000000000000000, 0.000000000000000000, 0.000000000000000000 ) ) ;
#115 = ORIENTED_EDGE ( 'NONE', *, *, #1281, .F. ) ;
#116 = CC_DESIGN_PERSON_AND_ORGANIZATION_ASSIGNMENT ( #119, #452, ( #757 ) ) ;
#117 = CARTESIAN_POINT ( 'NONE',  ( 139.9999999999999716, 0.000000000000000000, -2.805333839712768550E-44 ) ) ;
#118 = EDGE_CURVE ( 'NONE', #139, #360, #1216, .T. ) ;
#119 = PERSON_AND_ORGANIZATION ( #741, #562 ) ;
#120 = ORIENTED_EDGE ( 'NONE', *, *, #1008, .T. ) ;
#121 = FACE_OUTER_BOUND ( 'NONE', #239, .T. ) ;
#122 = DIRECTION ( 'NONE',  ( 0.000000000000000000, 0.000000000000000000, -1.000000000000000000 ) ) ;
#123 = DIRECTION ( 'NONE',  ( 0.000000000000000000, 1.000000000000000000, 0.000000000000000000 ) ) ;
#124 = EDGE_CURVE ( 'NONE', #1203, #898, #281, .T. ) ;
#125 = ORIENTED_EDGE ( 'NONE', *, *, #712, .F. ) ;
#126 = DIRECTION ( 'NONE',  ( -1.000000000000000000, 0.000000000000000000, 0.000000000000000000 ) ) ;
#127 = AXIS2_PLACEMENT_3D ( 'NONE', #1392, #207, #1061 ) ;
#128 = CIRCLE ( 'NONE', #280, 4.999999999999997335 ) ;
#129 = ORIENTED_EDGE ( 'NONE', *, *, #57, .T. ) ;
#130 = CIRCLE ( 'NONE', #785, 38.25000000000000711 ) ;
#131 = FACE_OUTER_BOUND ( 'NONE', #868, .T. ) ;
#132 = CYLINDRICAL_SURFACE ( 'NONE', #604, 38.00000000000000000 ) ;
#133 = FACE_OUTER_BOUND ( 'NONE', #488, .T. ) ;
#134 = DATE_AND_TIME ( #1088, #273 ) ;
#135 = ORIENTED_EDGE ( 'NONE', *, *, #1008, .F. ) ;
#136 = EDGE_CURVE ( 'NONE', #1158, #615, #59, .T. ) ;
#137 = CARTESIAN_POINT ( 'NONE',  ( 39.75000000000000000, 2.250000000000000000, -231.0000000000000568 ) ) ;
#138 = ADVANCED_FACE ( 'NONE', ( #1021 ), #1134, .F. ) ;
#139 = VERTEX_POINT ( 'NONE', #238 ) ;
#140 = FACE_OUTER_BOUND ( 'NONE', #1200, .T. ) ;
#141 = ORIENTED_EDGE ( 'NONE', *, *, #1050, .T. ) ;
#142 = DIRECTION ( 'NONE',  ( -1.000000000000000000, 0.000000000000000000, 0.000000000000000000 ) ) ;
#143 = VERTEX_POINT ( 'NONE', #924 ) ;
#144 = EDGE_CURVE ( 'NONE', #421, #360, #808, .T. ) ;
#145 = DIRECTION ( 'NONE',  ( 0.000000000000000000, 0.000000000000000000, -1.000000000000000000 ) ) ;
#146 = ORIENTED_EDGE ( 'NONE', *, *, #831, .F. ) ;
#147 = CARTESIAN_POINT ( 'NONE',  ( 0.000000000000000000, 0.000000000000000000, -140.0000000000010232 ) ) ;
#148 = VECTOR ( 'NONE', #272, 1000.000000000000000 ) ;
#149 = EDGE_LOOP ( 'NONE', ( #794, #1267, #465, #547 ) ) ;
#150 = AXIS2_PLACEMENT_3D ( 'NONE', #958, #91, #405 ) ;
#151 = CARTESIAN_POINT ( 'NONE',  ( -39.68626966596886518, 2.249999999999999112, -257.0000000000000568 ) ) ;
#152 = VECTOR ( 'NONE', #250, 1000.000000000000000 ) ;
#153 = EDGE_CURVE ( 'NONE', #611, #930, #826, .T. ) ;
#154 = EDGE_LOOP ( 'NONE', ( #521, #886, #387, #397 ) ) ;
#155 = DIRECTION ( 'NONE',  ( -1.000000000000000000, 0.000000000000000000, -2.751328491981789120E-32 ) ) ;
#156 = ORIENTED_EDGE ( 'NONE', *, *, #764, .F. ) ;
#157 = FACE_OUTER_BOUND ( 'NONE', #1015, .T. ) ;
#158 = LINE ( 'NONE', #895, #463 ) ;
#159 = ORIENTED_EDGE ( 'NONE', *, *, #1257, .F. ) ;
#160 = CARTESIAN_POINT ( 'NONE',  ( -2.250000000000000000, 39.68626966596886518, -257.0000000000000568 ) ) ;
#161 = ORIENTED_EDGE ( 'NONE', *, *, #601, .T. ) ;
#162 = PLANE ( 'NONE',  #871 ) ;
#163 = DIRECTION ( 'NONE',  ( 1.000000000000000000, 0.000000000000000000, 0.000000000000000000 ) ) ;
#164 = ORIENTED_EDGE ( 'NONE', *, *, #71, .T. ) ;
#165 = CARTESIAN_POINT ( 'NONE',  ( 0.000000000000000000, 0.000000000000000000, -188.0203803290403357 ) ) ;
#166 = APPROVAL_PERSON_ORGANIZATION ( #875, #1286, #1105 ) ;
#167 = DIRECTION ( 'NONE',  ( -0.000000000000000000, -0.000000000000000000, -1.000000000000000000 ) ) ;
#168 = EDGE_CURVE ( 'NONE', #698, #381, #1301, .T. ) ;
#169 = AXIS2_PLACEMENT_3D ( 'NONE', #884, #889, #126 ) ;
#170 = DIRECTION ( 'NONE',  ( -1.000000000000000000, 0.000000000000000000, 0.000000000000000000 ) ) ;
#171 = VECTOR ( 'NONE', #929, 1000.000000000000000 ) ;
#172 = CONICAL_SURFACE ( 'NONE', #531, 38.34046106882117044, 0.3490658503988570693 ) ;
#173 = FACE_OUTER_BOUND ( 'NONE', #237, .T. ) ;
#174 = VERTEX_POINT ( 'NONE', #466 ) ;
#175 = DIRECTION ( 'NONE',  ( 1.000000000000000000, 0.000000000000000000, 0.000000000000000000 ) ) ;
#176 = LINE ( 'NONE', #1376, #85 ) ;
#177 = ADVANCED_FACE ( 'NONE', ( #140 ), #984, .F. ) ;
#178 = DIRECTION ( 'NONE',  ( 0.000000000000000000, 1.000000000000000000, 0.000000000000000000 ) ) ;
#179 = DIRECTION ( 'NONE',  ( -0.000000000000000000, -0.000000000000000000, 1.000000000000000000 ) ) ;
#180 = ORIENTED_EDGE ( 'NONE', *, *, #231, .F. ) ;
#181 = DIRECTION ( 'NONE',  ( -1.000000000000000000, 0.000000000000000000, 0.000000000000000000 ) ) ;
#182 = LINE ( 'NONE', #286, #1360 ) ;
#183 = EDGE_CURVE ( 'NONE', #216, #262, #902, .T. ) ;
#184 = DIRECTION ( 'NONE',  ( -0.000000000000000000, -1.000000000000000000, -0.000000000000000000 ) ) ;
#185 = ORIENTED_EDGE ( 'NONE', *, *, #571, .F. ) ;
#186 = PLANE ( 'NONE',  #1163 ) ;
#187 = CARTESIAN_POINT ( 'NONE',  ( 0.000000000000000000, 0.000000000000000000, -257.0000000000000568 ) ) ;
#188 = CARTESIAN_POINT ( 'NONE',  ( 0.000000000000000000, 0.000000000000000000, -257.0000000000000568 ) ) ;
#189 = CIRCLE ( 'NONE', #14, 38.25000000000000711 ) ;
#190 = DIRECTION ( 'NONE',  ( 0.000000000000000000, 0.000000000000000000, 1.000000000000000000 ) ) ;
#191 = AXIS2_PLACEMENT_3D ( 'NONE', #1378, #407, #825 ) ;
#192 = ORIENTED_EDGE ( 'NONE', *, *, #788, .F. ) ;
#193 = AXIS2_PLACEMENT_3D ( 'NONE', #187, #616, #835 ) ;
#194 = CARTESIAN_POINT ( 'NONE',  ( 2.250000000000000000, -38.18376618407356915, -257.0000000000000568 ) ) ;
#195 = CARTESIAN_POINT ( 'NONE',  ( 36.50000000000000000, 0.000000000000000000, -140.0000000000010232 ) ) ;
#196 = PLANE ( 'NONE',  #507 ) ;
#197 = PLANE ( 'NONE',  #318 ) ;
#198 = DIRECTION ( 'NONE',  ( 1.000000000000000000, 0.000000000000000000, 0.000000000000000000 ) ) ;
#199 = EDGE_LOOP ( 'NONE', ( #1296, #28, #146, #159 ) ) ;
#200 = CARTESIAN_POINT ( 'NONE',  ( 0.000000000000000000, 0.000000000000000000, -191.1715341869140730 ) ) ;
#201 = LINE ( 'NONE', #967, #530 ) ;
#202 = EDGE_CURVE ( 'NONE', #934, #143, #370, .T. ) ;
#203 = CARTESIAN_POINT ( 'NONE',  ( -3.469446951953614189E-15, 0.000000000000000000, -192.8816349035423627 ) ) ;
#204 = ORIENTED_EDGE ( 'NONE', *, *, #1225, .T. ) ;
#205 = ORIENTED_EDGE ( 'NONE', *, *, #1121, .F. ) ;
#206 = DIRECTION ( 'NONE',  ( -0.000000000000000000, -0.000000000000000000, -1.000000000000000000 ) ) ;
#207 = DIRECTION ( 'NONE',  ( 0.000000000000000000, 0.000000000000000000, -1.000000000000000000 ) ) ;
#208 = EDGE_CURVE ( 'NONE', #306, #814, #415, .T. ) ;
#209 = CIRCLE ( 'NONE', #1356, 38.00000000000000000 ) ;
#210 = CARTESIAN_POINT ( 'NONE',  ( -6.938893903907228378E-15, 0.000000000000000000, -192.8816349035423627 ) ) ;
#211 = CARTESIAN_POINT ( 'NONE',  ( 252.0000000000000568, 0.000000000000000000, 3.081487911019577365E-30 ) ) ;
#212 = AXIS2_PLACEMENT_3D ( 'NONE', #256, #178, #264 ) ;
#213 = DATE_TIME_ROLE ( 'classification_date' ) ;
#214 = ORIENTED_EDGE ( 'NONE', *, *, #1096, .T. ) ;
#215 = VECTOR ( 'NONE', #853, 1000.000000000000000 ) ;
#216 = VERTEX_POINT ( 'NONE', #1001 ) ;
#217 = EDGE_CURVE ( 'NONE', #1326, #574, #1213, .T. ) ;
#218 = ORIENTED_EDGE ( 'NONE', *, *, #217, .T. ) ;
#219 = DIRECTION ( 'NONE',  ( 0.000000000000000000, 0.000000000000000000, -1.000000000000000000 ) ) ;
#220 = VERTEX_POINT ( 'NONE', #47 ) ;
#221 = CARTESIAN_POINT ( 'NONE',  ( 39.75000000000000000, 4.867971026610730028E-15, -231.0000000000000568 ) ) ;
#222 = ORIENTED_EDGE ( 'NONE', *, *, #1240, .T. ) ;
#223 = ORIENTED_EDGE ( 'NONE', *, *, #485, .F. ) ;
#224 = EDGE_CURVE ( 'NONE', #537, #1095, #158, .T. ) ;
#225 = DIRECTION ( 'NONE',  ( 1.000000000000000000, 0.000000000000000000, 2.751328491981789667E-32 ) ) ;
#226 = CARTESIAN_POINT ( 'NONE',  ( 139.9999999999999716, 4.469960816887838430E-15, 36.50000000000000000 ) ) ;
#227 = ORIENTED_EDGE ( 'NONE', *, *, #587, .T. ) ;
#228 = CARTESIAN_POINT ( 'NONE',  ( -38.34046106882117044, 0.000000000000000000, -192.5130302149887029 ) ) ;
#229 = ORIENTED_EDGE ( 'NONE', *, *, #1225, .F. ) ;
#230 = DIRECTION ( 'NONE',  ( -0.000000000000000000, -0.000000000000000000, -1.000000000000000000 ) ) ;
#231 = EDGE_CURVE ( 'NONE', #262, #686, #1100, .T. ) ;
#232 = AXIS2_PLACEMENT_3D ( 'NONE', #589, #469, #74 ) ;
#233 = DIRECTION ( 'NONE',  ( 1.000000000000000000, 0.000000000000000000, 0.000000000000000000 ) ) ;
#234 = CALENDAR_DATE ( 2026, 16, 9 ) ;
#235 = ORIENTED_EDGE ( 'NONE', *, *, #48, .F. ) ;
#236 = AXIS2_PLACEMENT_3D ( 'NONE', #605, #190, #287 ) ;
#237 = EDGE_LOOP ( 'NONE', ( #1280, #1373, #1119, #1243 ) ) ;
#238 = CARTESIAN_POINT ( 'NONE',  ( -39.68626966596886518, 2.250000000000000000, -231.0000000000000568 ) ) ;
#239 = EDGE_LOOP ( 'NONE', ( #156, #315, #328, #1178, #25, #334, #439, #742, #538, #560, #222, #913 ) ) ;
#240 = DIRECTION ( 'NONE',  ( -0.000000000000000000, -0.000000000000000000, -1.000000000000000000 ) ) ;
#241 = EDGE_CURVE ( 'NONE', #847, #792, #1329, .T. ) ;
#242 = EDGE_LOOP ( 'NONE', ( #584, #1308, #1319, #648 ) ) ;
#243 = CYLINDRICAL_SURFACE ( 'NONE', #1215, 36.50000000000000000 ) ;
#244 = CARTESIAN_POINT ( 'NONE',  ( 0.000000000000000000, 0.000000000000000000, -257.0000000000000568 ) ) ;
#245 = ORIENTED_EDGE ( 'NONE', *, *, #1151, .F. ) ;
#246 = LINE ( 'NONE', #6, #960 ) ;
#247 = VERTEX_POINT ( 'NONE', #359 ) ;
#248 = CARTESIAN_POINT ( 'NONE',  ( -6.938893903907228378E-15, 0.000000000000000000, -231.0000000000000568 ) ) ;
#249 = EDGE_CURVE ( 'NONE', #1228, #544, #65, .T. ) ;
#250 = DIRECTION ( 'NONE',  ( -0.000000000000000000, -0.000000000000000000, -1.000000000000000000 ) ) ;
#251 = ORIENTED_EDGE ( 'NONE', *, *, #896, .F. ) ;
#252 = DIRECTION ( 'NONE',  ( 1.000000000000000000, 0.000000000000000000, 0.000000000000000000 ) ) ;
#253 = ORIENTED_EDGE ( 'NONE', *, *, #27, .T. ) ;
#254 = AXIS2_PLACEMENT_3D ( 'NONE', #817, #1157, #1252 ) ;
#255 = CARTESIAN_POINT ( 'NONE',  ( -39.75000000000001421, 0.000000000000000000, -257.0000000000000568 ) ) ;
#256 = CARTESIAN_POINT ( 'NONE',  ( 139.9999999999999716, -4.469960816887838430E-15, -139.9999999999999716 ) ) ;
#257 = EDGE_CURVE ( 'NONE', #698, #509, #812, .T. ) ;
#258 = AXIS2_PLACEMENT_3D ( 'NONE', #1074, #657, #986 ) ;
#259 = ORIENTED_EDGE ( 'NONE', *, *, #863, .F. ) ;
#260 = LINE ( 'NONE', #482, #148 ) ;
#261 = LINE ( 'NONE', #697, #942 ) ;
#262 = VERTEX_POINT ( 'NONE', #1245 ) ;
#263 = CARTESIAN_POINT ( 'NONE',  ( 39.75000000000003553, 4.867971026610733972E-15, -192.0000000000001990 ) ) ;
#264 = DIRECTION ( 'NONE',  ( 0.000000000000000000, 0.000000000000000000, 1.000000000000000000 ) ) ;
#265 = CARTESIAN_POINT ( 'NONE',  ( 0.000000000000000000, 0.000000000000000000, -188.0203803290403357 ) ) ;
#266 = EDGE_CURVE ( 'NONE', #574, #271, #1171, .T. ) ;
#267 = ORIENTED_EDGE ( 'NONE', *, *, #948, .F. ) ;
#268 = EDGE_CURVE ( 'NONE', #728, #804, #870, .T. ) ;
#269 = PRODUCT_DEFINITION_SHAPE ( 'NONE', 'NONE',  #324 ) ;
#270 = PLANE ( 'NONE',  #43 ) ;
#271 = VERTEX_POINT ( 'NONE', #955 ) ;
#272 = DIRECTION ( 'NONE',  ( -1.000000000000000000, 0.000000000000000000, 0.000000000000000000 ) ) ;
#273 = LOCAL_TIME ( 0, 3, 58.00000000000000000, #637 ) ;
#274 = DIRECTION ( 'NONE',  ( 0.000000000000000000, 0.000000000000000000, 1.000000000000000000 ) ) ;
#275 = TOROIDAL_SURFACE ( 'NONE', #413, 34.75000000000000000, 3.500000000000000000 ) ;
#276 = CARTESIAN_POINT ( 'NONE',  ( 39.68626966596885097, -2.249999999999999112, -257.0000000000000568 ) ) ;
#277 = AXIS2_PLACEMENT_3D ( 'NONE', #949, #623, #493 ) ;
#278 = CIRCLE ( 'NONE', #1278, 36.50000000000000000 ) ;
#279 = DIRECTION ( 'NONE',  ( -1.000000000000000000, 0.000000000000000000, 0.000000000000000000 ) ) ;
#280 = AXIS2_PLACEMENT_3D ( 'NONE', #1175, #821, #78 ) ;
#281 = CIRCLE ( 'NONE', #1130, 38.30153689607042367 ) ;
#282 = ORIENTED_EDGE ( 'NONE', *, *, #110, .F. ) ;
#283 = CC_DESIGN_PERSON_AND_ORGANIZATION_ASSIGNMENT ( #746, #1290, ( #683 ) ) ;
#284 = DIRECTION ( 'NONE',  ( -1.000000000000000000, 0.000000000000000000, 0.000000000000000000 ) ) ;
#285 = FACE_OUTER_BOUND ( 'NONE', #199, .T. ) ;
#286 = CARTESIAN_POINT ( 'NONE',  ( 38.18376618407355494, -2.249999999999999112, -257.0000000000000568 ) ) ;
#287 = DIRECTION ( 'NONE',  ( 1.000000000000000000, 0.000000000000000000, 0.000000000000000000 ) ) ;
#288 = ORIENTED_EDGE ( 'NONE', *, *, #948, .T. ) ;
#289 = CARTESIAN_POINT ( 'NONE',  ( 252.0000000000000568, 0.000000000000000000, 3.081487911019578066E-30 ) ) ;
#290 = FACE_OUTER_BOUND ( 'NONE', #475, .T. ) ;
#291 = CARTESIAN_POINT ( 'NONE',  ( 34.75000000000000000, 0.000000000000000000, -192.8816349035423627 ) ) ;
#292 = ADVANCED_FACE ( 'NONE', ( #944 ), #733, .T. ) ;
#293 = LINE ( 'NONE', #1040, #602 ) ;
#294 = EDGE_LOOP ( 'NONE', ( #29, #1022, #786, #58 ) ) ;
#295 = CARTESIAN_POINT ( 'NONE',  ( 139.9999999999999716, 0.000000000000000000, -139.9999999999999716 ) ) ;
#296 = FACE_OUTER_BOUND ( 'NONE', #433, .T. ) ;
#297 = CARTESIAN_POINT ( 'NONE',  ( 39.75000000000000000, -2.250000000000000000, -231.0000000000000568 ) ) ;
#298 = ADVANCED_FACE ( 'NONE', ( #1372 ), #270, .F. ) ;
#299 = AXIS2_PLACEMENT_3D ( 'NONE', #557, #773, #1294 ) ;
#300 = EDGE_LOOP ( 'NONE', ( #828, #546, #819, #1098 ) ) ;
#301 = CIRCLE ( 'NONE', #533, 38.25000000000000711 ) ;
#302 = CARTESIAN_POINT ( 'NONE',  ( 139.9999999999999716, 0.000000000000000000, -38.00000000000000000 ) ) ;
#303 = CARTESIAN_POINT ( 'NONE',  ( 139.9999999999999716, 0.000000000000000000, -139.9999999999999716 ) ) ;
#304 = VECTOR ( 'NONE', #700, 1000.000000000000000 ) ;
#305 = LINE ( 'NONE', #93, #1127 ) ;
#306 = VERTEX_POINT ( 'NONE', #610 ) ;
#307 = EDGE_CURVE ( 'NONE', #888, #1005, #665, .T. ) ;
#308 = DIRECTION ( 'NONE',  ( 1.000000000000000000, 0.000000000000000000, 0.000000000000000000 ) ) ;
#309 = CARTESIAN_POINT ( 'NONE',  ( -6.938893903907228378E-15, 0.000000000000000000, -257.0000000000002274 ) ) ;
#310 = PERSON_AND_ORGANIZATION_ROLE ( 'creator' ) ;
#311 = ADVANCED_FACE ( 'NONE', ( #1366 ), #197, .F. ) ;
#312 = ORIENTED_EDGE ( 'NONE', *, *, #971, .F. ) ;
#313 = VERTEX_POINT ( 'NONE', #704 ) ;
#314 = DIRECTION ( 'NONE',  ( -1.000000000000000000, 0.000000000000000000, 0.000000000000000000 ) ) ;
#315 = ORIENTED_EDGE ( 'NONE', *, *, #45, .F. ) ;
#316 = EDGE_LOOP ( 'NONE', ( #883, #1153, #1128, #251, #41, #1024, #1049, #375, #204, #1237, #1226, #185 ) ) ;
#317 = DIRECTION ( 'NONE',  ( 0.000000000000000000, 0.000000000000000000, 1.000000000000000000 ) ) ;
#318 = AXIS2_PLACEMENT_3D ( 'NONE', #297, #716, #1162 ) ;
#319 = CIRCLE ( 'NONE', #346, 38.00000000000000000 ) ;
#320 = DIRECTION ( 'NONE',  ( 1.000000000000000000, 0.000000000000000000, 0.000000000000000000 ) ) ;
#321 = VECTOR ( 'NONE', #807, 1000.000000000000000 ) ;
#322 = APPLICATION_PROTOCOL_DEFINITION ( 'international standard', 'config_control_design', 1994, #857 ) ;
#323 = VERTEX_POINT ( 'NONE', #520 ) ;
#324 = PRODUCT_DEFINITION ( 'UNKNOWN', '', #757, #996 ) ;
#325 = CARTESIAN_POINT ( 'NONE',  ( 139.9999999999999716, 0.000000000000000000, -139.9999999999999716 ) ) ;
#326 = AXIS2_PLACEMENT_3D ( 'NONE', #188, #512, #1259 ) ;
#327 = AXIS2_PLACEMENT_3D ( 'NONE', #23, #880, #317 ) ;
#328 = ORIENTED_EDGE ( 'NONE', *, *, #485, .T. ) ;
#329 = DIRECTION ( 'NONE',  ( -1.000000000000000000, 0.000000000000000000, 0.000000000000000000 ) ) ;
#330 = DIRECTION ( 'NONE',  ( 0.000000000000000000, 0.000000000000000000, 1.000000000000000000 ) ) ;
#331 = CARTESIAN_POINT ( 'NONE',  ( -38.25000000000001421, 0.000000000000000000, -192.8816349035423627 ) ) ;
#332 = ORIENTED_EDGE ( 'NONE', *, *, #511, .T. ) ;
#333 = CARTESIAN_POINT ( 'NONE',  ( -6.938893903907228378E-15, 0.000000000000000000, -257.0000000000000568 ) ) ;
#334 = ORIENTED_EDGE ( 'NONE', *, *, #1270, .T. ) ;
#335 = PLANE ( 'NONE',  #759 ) ;
#336 = CARTESIAN_POINT ( 'NONE',  ( 38.03892417275068283, 4.658424673116800106E-15, -191.6845644019025769 ) ) ;
#337 = CALENDAR_DATE ( 2026, 16, 9 ) ;
#338 = ORIENTED_EDGE ( 'NONE', *, *, #1062, .T. ) ;
#339 = DIRECTION ( 'NONE',  ( -1.000000000000000000, 0.000000000000000000, 0.000000000000000000 ) ) ;
#340 = ORIENTED_EDGE ( 'NONE', *, *, #388, .T. ) ;
#341 = CARTESIAN_POINT ( 'NONE',  ( 0.000000000000000000, 0.000000000000000000, -231.0000000000000568 ) ) ;
#342 = DIRECTION ( 'NONE',  ( 0.000000000000000000, 0.000000000000000000, -1.000000000000000000 ) ) ;
#343 = AXIS2_PLACEMENT_3D ( 'NONE', #1118, #816, #926 ) ;
#344 = DIRECTION ( 'NONE',  ( 0.000000000000000000, 0.000000000000000000, 1.000000000000000000 ) ) ;
#345 = ORIENTED_EDGE ( 'NONE', *, *, #791, .F. ) ;
#346 = AXIS2_PLACEMENT_3D ( 'NONE', #1276, #1075, #744 ) ;
#347 = DIRECTION ( 'NONE',  ( -0.3420201433256604417, 0.000000000000000000, -0.9396926207859114255 ) ) ;
#348 = AXIS2_PLACEMENT_3D ( 'NONE', #909, #573, #487 ) ;
#349 = CIRCLE ( 'NONE', #464, 36.50000000000000000 ) ;
#350 = CIRCLE ( 'NONE', #1258, 5.000000000000004441 ) ;
#351 = ORIENTED_EDGE ( 'NONE', *, *, #990, .T. ) ;
#352 = CLOSED_SHELL ( 'NONE', ( #525, #1073, #783, #357, #1379, #1371, #593, #1247, #1363, #1221, #2, #1289, #772, #519, #1013, #1071, #63, #1038, #518, #1197, #30, #500, #708, #954, #923, #16, #362, #138, #1218, #61, #1161, #1115, #177, #311, #640, #751, #468, #859, #903, #818, #798, #1332, #298, #292, #682 ) ) ;
#353 = CARTESIAN_POINT ( 'NONE',  ( -6.938893903907228378E-15, 0.000000000000000000, -257.0000000000000568 ) ) ;
#354 = EDGE_CURVE ( 'NONE', #695, #544, #1255, .T. ) ;
#355 = ORIENTED_EDGE ( 'NONE', *, *, #867, .F. ) ;
#356 = DIRECTION ( 'NONE',  ( -0.000000000000000000, -0.000000000000000000, -1.000000000000000000 ) ) ;
#357 = ADVANCED_FACE ( 'NONE', ( #513 ), #845, .T. ) ;
#358 = ORIENTED_EDGE ( 'NONE', *, *, #1339, .T. ) ;
#359 = CARTESIAN_POINT ( 'NONE',  ( 139.9999999999999716, 4.653657836759941941E-15, 38.00000000000000000 ) ) ;
#360 = VERTEX_POINT ( 'NONE', #1144 ) ;
#361 = CARTESIAN_POINT ( 'NONE',  ( 0.000000000000000000, 0.000000000000000000, -186.3102796124120459 ) ) ;
#362 = ADVANCED_FACE ( 'NONE', ( #173 ), #755, .T. ) ;
#363 = EDGE_LOOP ( 'NONE', ( #995, #340, #1337, #1027 ) ) ;
#364 = CARTESIAN_POINT ( 'NONE',  ( -6.938893903907228378E-15, 0.000000000000000000, -231.0000000000000568 ) ) ;
#365 = ORIENTED_EDGE ( 'NONE', *, *, #791, .T. ) ;
#366 = CIRCLE ( 'NONE', #1122, 38.00000000000000000 ) ;
#367 = DIRECTION ( 'NONE',  ( -1.000000000000000000, 0.000000000000000000, 0.000000000000000000 ) ) ;
#368 = CIRCLE ( 'NONE', #437, 38.00000000000000000 ) ;
#369 = EDGE_LOOP ( 'NONE', ( #1210, #332, #975, #988 ) ) ;
#370 = CIRCLE ( 'NONE', #1167, 39.75000000000000711 ) ;
#371 = EDGE_CURVE ( 'NONE', #1326, #950, #293, .T. ) ;
#372 = CARTESIAN_POINT ( 'NONE',  ( 39.75000000000000000, 2.250000000000000000, -231.0000000000000568 ) ) ;
#373 = AXIS2_PLACEMENT_3D ( 'NONE', #659, #1311, #774 ) ;
#374 = DIRECTION ( 'NONE',  ( -0.000000000000000000, -1.000000000000000000, -0.000000000000000000 ) ) ;
#375 = ORIENTED_EDGE ( 'NONE', *, *, #307, .F. ) ;
#376 = DIRECTION ( 'NONE',  ( -0.3420201433256604417, 0.000000000000000000, -0.9396926207859114255 ) ) ;
#377 = DIRECTION ( 'NONE',  ( 1.000000000000000000, 0.000000000000000000, 0.000000000000000000 ) ) ;
#378 = EDGE_CURVE ( 'NONE', #247, #306, #1044, .T. ) ;
#379 = LINE ( 'NONE', #1347, #152 ) ;
#380 = EDGE_CURVE ( 'NONE', #698, #898, #1125, .T. ) ;
#381 = VERTEX_POINT ( 'NONE', #1380 ) ;
#382 = FACE_OUTER_BOUND ( 'NONE', #630, .T. ) ;
#383 = CARTESIAN_POINT ( 'NONE',  ( 0.000000000000000000, 0.000000000000000000, -191.1715341869140730 ) ) ;
#384 = ADVANCED_BREP_SHAPE_REPRESENTATION ( '79-8546 - 76mm 90deg', ( #1131, #373 ), #1080 ) ;
#385 = DIRECTION ( 'NONE',  ( 1.000000000000000000, 0.000000000000000000, -0.000000000000000000 ) ) ;
#386 = EDGE_CURVE ( 'NONE', #792, #564, #933, .T. ) ;
#387 = ORIENTED_EDGE ( 'NONE', *, *, #388, .F. ) ;
#388 = EDGE_CURVE ( 'NONE', #143, #804, #72, .T. ) ;
#389 = DIRECTION ( 'NONE',  ( 0.000000000000000000, 0.000000000000000000, -1.000000000000000000 ) ) ;
#390 = DIRECTION ( 'NONE',  ( 1.000000000000000000, 0.000000000000000000, 0.000000000000000000 ) ) ;
#391 = AXIS2_PLACEMENT_3D ( 'NONE', #1112, #768, #142 ) ;
#392 = CIRCLE ( 'NONE', #1190, 38.25000000000000711 ) ;
#393 = TOROIDAL_SURFACE ( 'NONE', #919, 139.9999999999999716, 38.00000000000000000 ) ;
#394 = SHAPE_DEFINITION_REPRESENTATION ( #269, #384 ) ;
#395 = DIRECTION ( 'NONE',  ( -0.000000000000000000, -1.000000000000000000, -0.000000000000000000 ) ) ;
#396 = AXIS2_PLACEMENT_3D ( 'NONE', #244, #1011, #677 ) ;
#397 = ORIENTED_EDGE ( 'NONE', *, *, #1352, .F. ) ;
#398 = PLANE ( 'NONE',  #191 ) ;
#399 = DIRECTION ( 'NONE',  ( -0.000000000000000000, -0.000000000000000000, -1.000000000000000000 ) ) ;
#400 = EDGE_CURVE ( 'NONE', #1004, #1228, #822, .T. ) ;
#401 = DIRECTION ( 'NONE',  ( 0.000000000000000000, 0.000000000000000000, 1.000000000000000000 ) ) ;
#402 = EDGE_CURVE ( 'NONE', #1285, #537, #504, .T. ) ;
#403 = DIRECTION ( 'NONE',  ( -0.000000000000000000, 0.000000000000000000, -1.000000000000000000 ) ) ;
#404 = ORIENTED_EDGE ( 'NONE', *, *, #266, .F. ) ;
#405 = DIRECTION ( 'NONE',  ( -1.000000000000000000, 0.000000000000000000, 0.000000000000000000 ) ) ;
#406 = CARTESIAN_POINT ( 'NONE',  ( 0.000000000000000000, 0.000000000000000000, -192.5130302149887029 ) ) ;
#407 = DIRECTION ( 'NONE',  ( 0.000000000000000000, -1.000000000000000000, 0.000000000000000000 ) ) ;
#408 = CARTESIAN_POINT ( 'NONE',  ( 2.250000000000000000, 39.75000000000000000, -231.0000000000000568 ) ) ;
#409 = ORIENTED_EDGE ( 'NONE', *, *, #71, .F. ) ;
#410 = PLANE ( 'NONE',  #641 ) ;
#411 = CYLINDRICAL_SURFACE ( 'NONE', #18, 39.75000000000000711 ) ;
#412 = DIRECTION ( 'NONE',  ( 0.000000000000000000, 0.000000000000000000, 1.000000000000000000 ) ) ;
#413 = AXIS2_PLACEMENT_3D ( 'NONE', #957, #718, #1282 ) ;
#414 = AXIS2_PLACEMENT_3D ( 'NONE', #289, #855, #522 ) ;
#415 = CIRCLE ( 'NONE', #348, 38.00000000000000000 ) ;
#416 = ORIENTED_EDGE ( 'NONE', *, *, #457, .F. ) ;
#417 = DIRECTION ( 'NONE',  ( 0.000000000000000000, 0.000000000000000000, -1.000000000000000000 ) ) ;
#418 = PLANE ( 'NONE',  #939 ) ;
#419 = CARTESIAN_POINT ( 'NONE',  ( 0.000000000000000000, 0.000000000000000000, -188.5334105440288397 ) ) ;
#420 = EDGE_LOOP ( 'NONE', ( #885, #980, #606, #431 ) ) ;
#421 = VERTEX_POINT ( 'NONE', #714 ) ;
#422 = EDGE_LOOP ( 'NONE', ( #761, #1261, #443, #588 ) ) ;
#423 = CARTESIAN_POINT ( 'NONE',  ( 2.250000000000000000, -38.18376618407356915, -231.0000000000000568 ) ) ;
#424 = DIRECTION ( 'NONE',  ( -0.000000000000000000, -0.000000000000000000, 1.000000000000000000 ) ) ;
#425 = SECURITY_CLASSIFICATION_LEVEL ( 'unclassified' ) ;
#426 = ORIENTED_EDGE ( 'NONE', *, *, #601, .F. ) ;
#427 = DIRECTION ( 'NONE',  ( -0.000000000000000000, -1.000000000000000000, -0.000000000000000000 ) ) ;
#428 = DIRECTION ( 'NONE',  ( 0.000000000000000000, 0.000000000000000000, 1.000000000000000000 ) ) ;
#429 = EDGE_CURVE ( 'NONE', #847, #220, #392, .T. ) ;
#430 = DATE_AND_TIME ( #234, #1014 ) ;
#431 = ORIENTED_EDGE ( 'NONE', *, *, #1124, .F. ) ;
#432 = LINE ( 'NONE', #446, #685 ) ;
#433 = EDGE_LOOP ( 'NONE', ( #345, #576, #1254, #229 ) ) ;
#434 = CARTESIAN_POINT ( 'NONE',  ( -38.03892417275068283, 0.000000000000000000, -191.6845644019025769 ) ) ;
#435 = AXIS2_PLACEMENT_3D ( 'NONE', #1173, #77, #1374 ) ;
#436 = DIRECTION ( 'NONE',  ( 1.000000000000000000, 0.000000000000000000, 2.751328491981789667E-32 ) ) ;
#437 = AXIS2_PLACEMENT_3D ( 'NONE', #211, #1180, #646 ) ;
#438 = CARTESIAN_POINT ( 'NONE',  ( 38.25000000000000000, 4.684274006738626517E-15, -192.8816349035423627 ) ) ;
#439 = ORIENTED_EDGE ( 'NONE', *, *, #788, .T. ) ;
#440 = CARTESIAN_POINT ( 'NONE',  ( 2.250000000000000000, -39.68626966596886518, -257.0000000000000568 ) ) ;
#441 = CIRCLE ( 'NONE', #1149, 39.75000000000000711 ) ;
#442 = TOROIDAL_SURFACE ( 'NONE', #327, 139.9999999999999716, 36.50000000000000000 ) ;
#443 = ORIENTED_EDGE ( 'NONE', *, *, #380, .T. ) ;
#444 = LINE ( 'NONE', #226, #1214 ) ;
#445 = VERTEX_POINT ( 'NONE', #490 ) ;
#446 = CARTESIAN_POINT ( 'NONE',  ( 36.50000000000000000, 0.000000000000000000, -257.0000000000000568 ) ) ;
#447 = ORIENTED_EDGE ( 'NONE', *, *, #1240, .F. ) ;
#448 = ORIENTED_EDGE ( 'NONE', *, *, #371, .T. ) ;
#449 = EDGE_CURVE ( 'NONE', #1312, #1146, #824, .T. ) ;
#450 = LINE ( 'NONE', #541, #215 ) ;
#451 = FACE_OUTER_BOUND ( 'NONE', #964, .T. ) ;
#452 = PERSON_AND_ORGANIZATION_ROLE ( 'design_supplier' ) ;
#453 = VERTEX_POINT ( 'NONE', #472 ) ;
#454 = DIRECTION ( 'NONE',  ( -1.000000000000000000, 0.000000000000000000, 0.000000000000000000 ) ) ;
#455 = ORIENTED_EDGE ( 'NONE', *, *, #737, .F. ) ;
#456 = CARTESIAN_POINT ( 'NONE',  ( 2.250000000000000000, -39.68626966596886518, -231.0000000000000568 ) ) ;
#457 = EDGE_CURVE ( 'NONE', #1146, #174, #182, .T. ) ;
#458 = DIRECTION ( 'NONE',  ( 0.000000000000000000, 0.000000000000000000, -1.000000000000000000 ) ) ;
#459 = VECTOR ( 'NONE', #1345, 1000.000000000000000 ) ;
#460 = ORIENTED_EDGE ( 'NONE', *, *, #92, .T. ) ;
#461 = CIRCLE ( 'NONE', #1253, 36.50000000000000000 ) ;
#462 = DIRECTION ( 'NONE',  ( 0.000000000000000000, 0.000000000000000000, 1.000000000000000000 ) ) ;
#463 = VECTOR ( 'NONE', #787, 1000.000000000000114 ) ;
#464 = AXIS2_PLACEMENT_3D ( 'NONE', #1110, #862, #320 ) ;
#465 = ORIENTED_EDGE ( 'NONE', *, *, #257, .T. ) ;
#466 = CARTESIAN_POINT ( 'NONE',  ( 38.18376618407355494, -2.250000000000000000, -231.0000000000000568 ) ) ;
#467 = VERTEX_POINT ( 'NONE', #1020 ) ;
#468 = ADVANCED_FACE ( 'NONE', ( #1039 ), #908, .T. ) ;
#469 = DIRECTION ( 'NONE',  ( 1.224646799147353207E-16, 1.000000000000000000, -0.000000000000000000 ) ) ;
#470 = ORIENTED_EDGE ( 'NONE', *, *, #70, .F. ) ;
#471 = CARTESIAN_POINT ( 'NONE',  ( 0.000000000000000000, 0.000000000000000000, -192.0000000000001990 ) ) ;
#472 = CARTESIAN_POINT ( 'NONE',  ( 38.25000000000000000, 4.684274006738626517E-15, -231.0000000000000568 ) ) ;
#473 = CARTESIAN_POINT ( 'NONE',  ( -6.938893903907228378E-15, 0.000000000000000000, -231.0000000000000568 ) ) ;
#474 = PRODUCT_RELATED_PRODUCT_CATEGORY ( 'detail', '', ( #484 ) ) ;
#475 = EDGE_LOOP ( 'NONE', ( #481, #1348, #775, #180 ) ) ;
#476 = DIRECTION ( 'NONE',  ( -0.000000000000000000, -0.000000000000000000, -1.000000000000000000 ) ) ;
#477 = ORIENTED_EDGE ( 'NONE', *, *, #878, .T. ) ;
#478 = CARTESIAN_POINT ( 'NONE',  ( 38.30153689607042367, 4.760814431685334407E-15, -188.0203803290403357 ) ) ;
#479 = APPROVAL_DATE_TIME ( #1025, #805 ) ;
#480 = DIRECTION ( 'NONE',  ( -1.000000000000000000, 0.000000000000000000, 0.000000000000000000 ) ) ;
#481 = ORIENTED_EDGE ( 'NONE', *, *, #183, .F. ) ;
#482 = CARTESIAN_POINT ( 'NONE',  ( 39.75000000000000000, -2.250000000000000000, -231.0000000000000568 ) ) ;
#483 = AXIS2_PLACEMENT_3D ( 'NONE', #1139, #1271, #827 ) ;
#484 = PRODUCT ( '79-8546 - 76mm 90deg', '79-8546 - 76mm 90deg', '', ( #647 ) ) ;
#485 = EDGE_CURVE ( 'NONE', #1382, #611, #914, .T. ) ;
#486 = CARTESIAN_POINT ( 'NONE',  ( -38.25000000000001421, 0.000000000000000000, -257.0000000000000568 ) ) ;
#487 = DIRECTION ( 'NONE',  ( 0.000000000000000000, 0.000000000000000000, 1.000000000000000000 ) ) ;
#488 = EDGE_LOOP ( 'NONE', ( #662, #1328, #1322, #777 ) ) ;
#489 = PLANE ( 'NONE',  #982 ) ;
#490 = CARTESIAN_POINT ( 'NONE',  ( 252.0000000000000568, 0.000000000000000000, -36.50000000000000000 ) ) ;
#491 = EDGE_CURVE ( 'NONE', #634, #514, #1298, .T. ) ;
#492 = COORDINATED_UNIVERSAL_TIME_OFFSET ( 1, 0, .AHEAD. ) ;
#493 = DIRECTION ( 'NONE',  ( 1.000000000000000000, 0.000000000000000000, 0.000000000000000000 ) ) ;
#494 = APPLICATION_CONTEXT ( 'configuration controlled 3d designs of mechanical parts and assemblies' ) ;
#495 = ORIENTED_EDGE ( 'NONE', *, *, #1050, .F. ) ;
#496 = PLANE ( 'NONE',  #1321 ) ;
#497 = FACE_OUTER_BOUND ( 'NONE', #369, .T. ) ;
#498 = DIRECTION ( 'NONE',  ( 1.000000000000000000, 0.000000000000000000, 2.751328491981789667E-32 ) ) ;
#499 = ORIENTED_EDGE ( 'NONE', *, *, #241, .F. ) ;
#500 = ADVANCED_FACE ( 'NONE', ( #157 ), #1234, .T. ) ;
#501 = FACE_OUTER_BOUND ( 'NONE', #1314, .T. ) ;
#502 = CARTESIAN_POINT ( 'NONE',  ( -6.938893903907228378E-15, 0.000000000000000000, -257.0000000000000568 ) ) ;
#503 = AXIS2_PLACEMENT_3D ( 'NONE', #165, #476, #1023 ) ;
#504 = CIRCLE ( 'NONE', #1012, 36.89199796489156569 ) ;
#505 = AXIS2_PLACEMENT_3D ( 'NONE', #248, #1138, #681 ) ;
#506 = CIRCLE ( 'NONE', #169, 39.75000000000000711 ) ;
#507 = AXIS2_PLACEMENT_3D ( 'NONE', #1070, #1063, #953 ) ;
#508 = AXIS2_PLACEMENT_3D ( 'NONE', #364, #458, #684 ) ;
#509 = VERTEX_POINT ( 'NONE', #811 ) ;
#510 = FACE_OUTER_BOUND ( 'NONE', #83, .T. ) ;
#511 = EDGE_CURVE ( 'NONE', #381, #7, #34, .T. ) ;
#512 = DIRECTION ( 'NONE',  ( -0.000000000000000000, -0.000000000000000000, 1.000000000000000000 ) ) ;
#513 = FACE_OUTER_BOUND ( 'NONE', #294, .T. ) ;
#514 = VERTEX_POINT ( 'NONE', #1196 ) ;
#515 = CARTESIAN_POINT ( 'NONE',  ( -2.250000000000000000, 39.75000000000000000, -231.0000000000000568 ) ) ;
#516 = CARTESIAN_POINT ( 'NONE',  ( -38.18376618407356915, -2.249999999999999112, -231.0000000000000568 ) ) ;
#517 = DIRECTION ( 'NONE',  ( 0.000000000000000000, 0.000000000000000000, -1.000000000000000000 ) ) ;
#518 = ADVANCED_FACE ( 'NONE', ( #121 ), #1306, .F. ) ;
#519 = ADVANCED_FACE ( 'NONE', ( #784 ), #877, .T. ) ;
#520 = CARTESIAN_POINT ( 'NONE',  ( 38.18376618407355494, 2.249999999999999112, -231.0000000000000568 ) ) ;
#521 = ORIENTED_EDGE ( 'NONE', *, *, #183, .T. ) ;
#522 = DIRECTION ( 'NONE',  ( 0.000000000000000000, 0.000000000000000000, 1.000000000000000000 ) ) ;
#523 = CARTESIAN_POINT ( 'NONE',  ( 36.50000000000000000, 0.000000000000000000, -186.3102796124120459 ) ) ;
#524 = FACE_OUTER_BOUND ( 'NONE', #1246, .T. ) ;
#525 = ADVANCED_FACE ( 'NONE', ( #570 ), #1169, .F. ) ;
#526 = ORIENTED_EDGE ( 'NONE', *, *, #402, .F. ) ;
#527 = VERTEX_POINT ( 'NONE', #762 ) ;
#528 = AXIS2_PLACEMENT_3D ( 'NONE', #795, #1129, #367 ) ;
#529 = EDGE_CURVE ( 'NONE', #360, #649, #506, .T. ) ;
#530 = VECTOR ( 'NONE', #1185, 1000.000000000000000 ) ;
#531 = AXIS2_PLACEMENT_3D ( 'NONE', #32, #887, #1318 ) ;
#532 = DIRECTION ( 'NONE',  ( 0.000000000000000000, 0.000000000000000000, 1.000000000000000000 ) ) ;
#533 = AXIS2_PLACEMENT_3D ( 'NONE', #724, #1160, #1269 ) ;
#534 = DIRECTION ( 'NONE',  ( 1.000000000000000000, 0.000000000000000000, 0.000000000000000000 ) ) ;
#535 = CARTESIAN_POINT ( 'NONE',  ( 252.0000000000000568, 0.000000000000000000, 3.081487911019578066E-30 ) ) ;
#536 = PERSON_AND_ORGANIZATION_ROLE ( 'creator' ) ;
#537 = VERTEX_POINT ( 'NONE', #1313 ) ;
#538 = ORIENTED_EDGE ( 'NONE', *, *, #1358, .F. ) ;
#539 = CC_DESIGN_DATE_AND_TIME_ASSIGNMENT ( #882, #968, ( #324 ) ) ;
#540 = EDGE_CURVE ( 'NONE', #1395, #1382, #189, .T. ) ;
#541 = CARTESIAN_POINT ( 'NONE',  ( 39.75000000000000000, -2.250000000000000000, -231.0000000000000568 ) ) ;
#542 = DIRECTION ( 'NONE',  ( -1.000000000000000000, 0.000000000000000000, 0.000000000000000000 ) ) ;
#543 = APPROVAL_ROLE ( '' ) ;
#544 = VERTEX_POINT ( 'NONE', #981 ) ;
#545 = DIRECTION ( 'NONE',  ( 0.000000000000000000, 0.000000000000000000, 1.000000000000000000 ) ) ;
#546 = ORIENTED_EDGE ( 'NONE', *, *, #354, .T. ) ;
#547 = ORIENTED_EDGE ( 'NONE', *, *, #626, .T. ) ;
#548 = DIRECTION ( 'NONE',  ( 0.000000000000000000, 0.000000000000000000, -1.000000000000000000 ) ) ;
#549 = DIRECTION ( 'NONE',  ( -1.000000000000000000, 1.224646799147351728E-16, 0.000000000000000000 ) ) ;
#550 = PERSON_AND_ORGANIZATION ( #741, #562 ) ;
#551 = ORIENTED_EDGE ( 'NONE', *, *, #94, .T. ) ;
#552 = EDGE_CURVE ( 'NONE', #917, #323, #15, .T. ) ;
#553 = DIRECTION ( 'NONE',  ( 0.000000000000000000, 1.000000000000000000, 0.000000000000000000 ) ) ;
#554 = CIRCLE ( 'NONE', #414, 36.50000000000000000 ) ;
#555 = VECTOR ( 'NONE', #1265, 1000.000000000000000 ) ;
#556 = LINE ( 'NONE', #102, #563 ) ;
#557 = CARTESIAN_POINT ( 'NONE',  ( -6.938893903907228378E-15, 0.000000000000000000, -231.0000000000000568 ) ) ;
#558 = AXIS2_PLACEMENT_3D ( 'NONE', #502, #517, #1387 ) ;
#559 = APPROVAL_STATUS ( 'not_yet_approved' ) ;
#560 = ORIENTED_EDGE ( 'NONE', *, *, #231, .T. ) ;
#561 = CARTESIAN_POINT ( 'NONE',  ( -2.250000000000000000, 39.75000000000000000, -257.0000000000000568 ) ) ;
#562 = ORGANIZATION ( 'UNSPECIFIED', 'UNSPECIFIED', '' ) ;
#563 = VECTOR ( 'NONE', #1081, 1000.000000000000000 ) ;
#564 = VERTEX_POINT ( 'NONE', #440 ) ;
#565 = CARTESIAN_POINT ( 'NONE',  ( 0.000000000000000000, 0.000000000000000000, -192.0000000000001990 ) ) ;
#566 = ORIENTED_EDGE ( 'NONE', *, *, #1377, .T. ) ;
#567 = CARTESIAN_POINT ( 'NONE',  ( 38.18376618407355494, -2.250000000000000000, -257.0000000000000568 ) ) ;
#568 = PERSON_AND_ORGANIZATION ( #741, #562 ) ;
#569 = ORIENTED_EDGE ( 'NONE', *, *, #378, .F. ) ;
#570 = FACE_OUTER_BOUND ( 'NONE', #300, .T. ) ;
#571 = EDGE_CURVE ( 'NONE', #615, #1083, #1273, .T. ) ;
#572 = ORIENTED_EDGE ( 'NONE', *, *, #1092, .T. ) ;
#573 = DIRECTION ( 'NONE',  ( -1.000000000000000000, 0.000000000000000000, -2.751328491981789120E-32 ) ) ;
#574 = VERTEX_POINT ( 'NONE', #1003 ) ;
#575 = DIRECTION ( 'NONE',  ( -0.000000000000000000, -0.000000000000000000, -1.000000000000000000 ) ) ;
#576 = ORIENTED_EDGE ( 'NONE', *, *, #241, .T. ) ;
#577 = DIRECTION ( 'NONE',  ( -0.000000000000000000, -0.000000000000000000, -1.000000000000000000 ) ) ;
#578 = AXIS2_PLACEMENT_3D ( 'NONE', #661, #1327, #997 ) ;
#579 = ORIENTED_EDGE ( 'NONE', *, *, #837, .T. ) ;
#580 = DIRECTION ( 'NONE',  ( 0.000000000000000000, 0.000000000000000000, -1.000000000000000000 ) ) ;
#581 = VECTOR ( 'NONE', #395, 1000.000000000000000 ) ;
#582 = AXIS2_PLACEMENT_3D ( 'NONE', #11, #1310, #542 ) ;
#583 = CC_DESIGN_APPROVAL ( #638, ( #324 ) ) ;
#584 = ORIENTED_EDGE ( 'NONE', *, *, #529, .T. ) ;
#585 = AXIS2_PLACEMENT_3D ( 'NONE', #9, #436, #122 ) ;
#586 = CARTESIAN_POINT ( 'NONE',  ( -3.469446951953614189E-15, 0.000000000000000000, -192.8816349035423627 ) ) ;
#587 = EDGE_CURVE ( 'NONE', #1285, #1219, #1201, .T. ) ;
#588 = ORIENTED_EDGE ( 'NONE', *, *, #124, .F. ) ;
#589 = CARTESIAN_POINT ( 'NONE',  ( -43.00000000000000000, 5.265981236333618470E-15, -186.3102796124120459 ) ) ;
#590 = ORIENTED_EDGE ( 'NONE', *, *, #1189, .F. ) ;
#591 = PERSON_AND_ORGANIZATION ( #741, #562 ) ;
#592 = CARTESIAN_POINT ( 'NONE',  ( 2.249999999999999112, -38.18376618407356204, -257.0000000000000568 ) ) ;
#593 = ADVANCED_FACE ( 'NONE', ( #39 ), #899, .F. ) ;
#594 = ORIENTED_EDGE ( 'NONE', *, *, #1315, .F. ) ;
#595 = DIRECTION ( 'NONE',  ( -0.000000000000000000, -0.000000000000000000, 1.000000000000000000 ) ) ;
#596 = DIRECTION ( 'NONE',  ( -1.000000000000000000, 0.000000000000000000, 0.000000000000000000 ) ) ;
#597 = ORIENTED_EDGE ( 'NONE', *, *, #1096, .F. ) ;
#598 = CIRCLE ( 'NONE', #64, 39.75000000000000711 ) ;
#599 = PLANE ( 'NONE',  #528 ) ;
#600 = VECTOR ( 'NONE', #36, 1000.000000000000000 ) ;
#601 = EDGE_CURVE ( 'NONE', #930, #139, #246, .T. ) ;
#602 = VECTOR ( 'NONE', #184, 1000.000000000000000 ) ;
#603 = VECTOR ( 'NONE', #830, 1000.000000000000000 ) ;
#604 = AXIS2_PLACEMENT_3D ( 'NONE', #117, #225, #548 ) ;
#605 = CARTESIAN_POINT ( 'NONE',  ( -3.469446951953614189E-15, 0.000000000000000000, -192.8816349035423627 ) ) ;
#606 = ORIENTED_EDGE ( 'NONE', *, *, #400, .T. ) ;
#607 = DIRECTION ( 'NONE',  ( 0.000000000000000000, 0.000000000000000000, 1.000000000000000000 ) ) ;
#608 = DIRECTION ( 'NONE',  ( -1.000000000000000000, 0.000000000000000000, 0.000000000000000000 ) ) ;
#609 = EDGE_CURVE ( 'NONE', #649, #467, #1097, .T. ) ;
#610 = CARTESIAN_POINT ( 'NONE',  ( 252.0000000000000568, 4.653657836759941941E-15, 38.00000000000000000 ) ) ;
#611 = VERTEX_POINT ( 'NONE', #989 ) ;
#612 = DIRECTION ( 'NONE',  ( 0.000000000000000000, 1.000000000000000000, 0.000000000000000000 ) ) ;
#613 = DIRECTION ( 'NONE',  ( 0.000000000000000000, -1.000000000000000000, 0.000000000000000000 ) ) ;
#614 = EDGE_CURVE ( 'NONE', #1018, #1004, #432, .T. ) ;
#615 = VERTEX_POINT ( 'NONE', #221 ) ;
#616 = DIRECTION ( 'NONE',  ( 0.000000000000000000, 0.000000000000000000, -1.000000000000000000 ) ) ;
#617 = LOCAL_TIME ( 0, 3, 58.00000000000000000, #492 ) ;
#618 = CARTESIAN_POINT ( 'NONE',  ( 39.68626966596885808, -2.250000000000000000, -257.0000000000000568 ) ) ;
#619 = CIRCLE ( 'NONE', #1381, 39.44846310392954791 ) ;
#620 = AXIS2_PLACEMENT_3D ( 'NONE', #1320, #670, #545 ) ;
#621 = CIRCLE ( 'NONE', #1056, 39.75000000000000711 ) ;
#622 = CIRCLE ( 'NONE', #150, 39.75000000000000711 ) ;
#623 = DIRECTION ( 'NONE',  ( 0.000000000000000000, 0.000000000000000000, 1.000000000000000000 ) ) ;
#624 = AXIS2_PLACEMENT_3D ( 'NONE', #99, #274, #1168 ) ;
#625 = ORIENTED_EDGE ( 'NONE', *, *, #1182, .F. ) ;
#626 = EDGE_CURVE ( 'NONE', #509, #7, #209, .T. ) ;
#627 = FACE_OUTER_BOUND ( 'NONE', #316, .T. ) ;
#628 = DIRECTION ( 'NONE',  ( -0.000000000000000000, -0.000000000000000000, -1.000000000000000000 ) ) ;
#629 = DIRECTION ( 'NONE',  ( 0.000000000000000000, 1.000000000000000000, 0.000000000000000000 ) ) ;
#630 = EDGE_LOOP ( 'NONE', ( #769, #1117, #447, #205 ) ) ;
#631 = FACE_OUTER_BOUND ( 'NONE', #55, .T. ) ;
#632 = CARTESIAN_POINT ( 'NONE',  ( 252.0000000000000568, 4.469960816887838430E-15, 36.50000000000000000 ) ) ;
#633 = DIRECTION ( 'NONE',  ( 0.000000000000000000, -1.000000000000000000, 0.000000000000000000 ) ) ;
#634 = VERTEX_POINT ( 'NONE', #1208 ) ;
#635 = ORIENTED_EDGE ( 'NONE', *, *, #1151, .T. ) ;
#636 = CARTESIAN_POINT ( 'NONE',  ( -2.250000000000000000, 39.68626966596886518, -231.0000000000000568 ) ) ;
#637 = COORDINATED_UNIVERSAL_TIME_OFFSET ( 1, 0, .AHEAD. ) ;
#638 = APPROVAL ( #559, 'UNSPECIFIED' ) ;
#639 = CC_DESIGN_APPROVAL ( #805, ( #683 ) ) ;
#640 = ADVANCED_FACE ( 'NONE', ( #382 ), #1142, .T. ) ;
#641 = AXIS2_PLACEMENT_3D ( 'NONE', #515, #97, #951 ) ;
#642 = CIRCLE ( 'NONE', #42, 38.00000000000000000 ) ;
#643 = CIRCLE ( 'NONE', #44, 36.50000000000000000 ) ;
#644 = CARTESIAN_POINT ( 'NONE',  ( -38.00000000000000000, 4.653657836759941941E-15, -140.0000000000010232 ) ) ;
#645 = TOROIDAL_SURFACE ( 'NONE', #921, 34.75000000000000000, 5.000000000000000000 ) ;
#646 = DIRECTION ( 'NONE',  ( 0.000000000000000000, 0.000000000000000000, 1.000000000000000000 ) ) ;
#647 = MECHANICAL_CONTEXT ( 'NONE', #494, 'mechanical' ) ;
#648 = ORIENTED_EDGE ( 'NONE', *, *, #144, .T. ) ;
#649 = VERTEX_POINT ( 'NONE', #160 ) ;
#650 = EDGE_CURVE ( 'NONE', #1203, #634, #920, .T. ) ;
#651 = ORIENTED_EDGE ( 'NONE', *, *, #1176, .T. ) ;
#652 = DIRECTION ( 'NONE',  ( 1.000000000000000000, 0.000000000000000000, 0.000000000000000000 ) ) ;
#653 = APPROVAL_STATUS ( 'not_yet_approved' ) ;
#654 = ORIENTED_EDGE ( 'NONE', *, *, #1317, .T. ) ;
#655 = DIRECTION ( 'NONE',  ( -1.000000000000000000, 0.000000000000000000, 0.000000000000000000 ) ) ;
#656 = ORIENTED_EDGE ( 'NONE', *, *, #752, .F. ) ;
#657 = DIRECTION ( 'NONE',  ( 0.000000000000000000, 0.000000000000000000, 1.000000000000000000 ) ) ;
#658 = CARTESIAN_POINT ( 'NONE',  ( 0.000000000000000000, 0.000000000000000000, -186.3102796124120459 ) ) ;
#659 = CARTESIAN_POINT ( 'NONE',  ( 0.000000000000000000, 0.000000000000000000, 0.000000000000000000 ) ) ;
#660 = EDGE_LOOP ( 'NONE', ( #141, #669, #1222, #108, #1045, #969 ) ) ;
#661 = CARTESIAN_POINT ( 'NONE',  ( 0.000000000000000000, 0.000000000000000000, -257.0000000000000568 ) ) ;
#662 = ORIENTED_EDGE ( 'NONE', *, *, #813, .F. ) ;
#663 = VECTOR ( 'NONE', #26, 1000.000000000000000 ) ;
#664 = ORIENTED_EDGE ( 'NONE', *, *, #712, .T. ) ;
#665 = CIRCLE ( 'NONE', #710, 39.75000000000000711 ) ;
#666 = DIRECTION ( 'NONE',  ( -1.000000000000000000, 0.000000000000000000, 0.000000000000000000 ) ) ;
#667 = EDGE_CURVE ( 'NONE', #1004, #695, #753, .T. ) ;
#668 = AXIS2_PLACEMENT_3D ( 'NONE', #88, #1272, #198 ) ;
#669 = ORIENTED_EDGE ( 'NONE', *, *, #571, .T. ) ;
#670 = DIRECTION ( 'NONE',  ( 0.000000000000000000, 1.000000000000000000, 0.000000000000000000 ) ) ;
#671 = CARTESIAN_POINT ( 'NONE',  ( -38.18376618407356915, 2.249999999999999112, -257.0000000000000568 ) ) ;
#672 = DIRECTION ( 'NONE',  ( -1.000000000000000000, 0.000000000000000000, -2.751328491981789120E-32 ) ) ;
#673 = ORIENTED_EDGE ( 'NONE', *, *, #124, .T. ) ;
#674 = EDGE_CURVE ( 'NONE', #898, #1203, #1209, .T. ) ;
#675 = DIRECTION ( 'NONE',  ( -1.000000000000000000, 0.000000000000000000, 0.000000000000000000 ) ) ;
#676 = ORIENTED_EDGE ( 'NONE', *, *, #136, .T. ) ;
#677 = DIRECTION ( 'NONE',  ( 1.000000000000000000, 0.000000000000000000, 0.000000000000000000 ) ) ;
#678 = ORIENTED_EDGE ( 'NONE', *, *, #1315, .T. ) ;
#679 = CARTESIAN_POINT ( 'NONE',  ( -39.75000000000001421, 0.000000000000000000, -192.8816349035423627 ) ) ;
#680 = ORIENTED_EDGE ( 'NONE', *, *, #674, .F. ) ;
#681 = DIRECTION ( 'NONE',  ( -1.000000000000000000, 0.000000000000000000, 0.000000000000000000 ) ) ;
#682 = ADVANCED_FACE ( 'NONE', ( #905 ), #599, .T. ) ;
#683 = SECURITY_CLASSIFICATION ( '', '', #425 ) ;
#684 = DIRECTION ( 'NONE',  ( -1.000000000000000000, 0.000000000000000000, 0.000000000000000000 ) ) ;
#685 = VECTOR ( 'NONE', #1297, 1000.000000000000000 ) ;
#686 = VERTEX_POINT ( 'NONE', #56 ) ;
#687 = AXIS2_PLACEMENT_3D ( 'NONE', #383, #699, #377 ) ;
#688 = LINE ( 'NONE', #1338, #80 ) ;
#689 = AXIS2_PLACEMENT_3D ( 'NONE', #333, #240, #790 ) ;
#690 = CIRCLE ( 'NONE', #558, 38.25000000000000711 ) ;
#691 = ORIENTED_EDGE ( 'NONE', *, *, #928, .F. ) ;
#692 = VECTOR ( 'NONE', #1336, 1000.000000000000000 ) ;
#693 = DIRECTION ( 'NONE',  ( 0.000000000000000000, -0.000000000000000000, -1.000000000000000000 ) ) ;
#694 = CARTESIAN_POINT ( 'NONE',  ( 2.250000000000000000, 39.75000000000000000, -257.0000000000000568 ) ) ;
#695 = VERTEX_POINT ( 'NONE', #1354 ) ;
#696 = CARTESIAN_POINT ( 'NONE',  ( 0.000000000000000000, 0.000000000000000000, -231.0000000000000568 ) ) ;
#697 = CARTESIAN_POINT ( 'NONE',  ( 2.249999999999999112, -39.68626966596885808, -257.0000000000000568 ) ) ;
#698 = VERTEX_POINT ( 'NONE', #1248 ) ;
#699 = DIRECTION ( 'NONE',  ( 0.000000000000000000, 0.000000000000000000, 1.000000000000000000 ) ) ;
#700 = DIRECTION ( 'NONE',  ( -0.000000000000000000, -0.000000000000000000, -1.000000000000000000 ) ) ;
#701 = ORIENTED_EDGE ( 'NONE', *, *, #224, .T. ) ;
#702 = CARTESIAN_POINT ( 'NONE',  ( -39.75000000000003553, 0.000000000000000000, -192.0000000000001990 ) ) ;
#703 = DIRECTION ( 'NONE',  ( -1.000000000000000000, 0.000000000000000000, 0.000000000000000000 ) ) ;
#704 = CARTESIAN_POINT ( 'NONE',  ( -39.75000000000001421, 0.000000000000000000, -231.0000000000000568 ) ) ;
#705 = VERTEX_POINT ( 'NONE', #679 ) ;
#706 = AXIS2_PLACEMENT_3D ( 'NONE', #361, #595, #252 ) ;
#707 = CARTESIAN_POINT ( 'NONE',  ( -6.938893903907228378E-15, 0.000000000000000000, -231.0000000000000568 ) ) ;
#708 = ADVANCED_FACE ( 'NONE', ( #1035, #1016 ), #489, .F. ) ;
#709 = DIRECTION ( 'NONE',  ( 0.000000000000000000, 0.000000000000000000, -1.000000000000000000 ) ) ;
#710 = AXIS2_PLACEMENT_3D ( 'NONE', #832, #1266, #279 ) ;
#711 = AXIS2_PLACEMENT_3D ( 'NONE', #1087, #978, #549 ) ;
#712 = EDGE_CURVE ( 'NONE', #1228, #445, #1136, .T. ) ;
#713 = AXIS2_PLACEMENT_3D ( 'NONE', #565, #1132, #703 ) ;
#714 = CARTESIAN_POINT ( 'NONE',  ( -38.18376618407357626, 2.250000000000000000, -257.0000000000000568 ) ) ;
#715 = AXIS2_PLACEMENT_3D ( 'NONE', #1302, #532, #329 ) ;
#716 = DIRECTION ( 'NONE',  ( 0.000000000000000000, -1.000000000000000000, 0.000000000000000000 ) ) ;
#717 = ORIENTED_EDGE ( 'NONE', *, *, #57, .F. ) ;
#718 = DIRECTION ( 'NONE',  ( 0.000000000000000000, 0.000000000000000000, 1.000000000000000000 ) ) ;
#719 = DIRECTION ( 'NONE',  ( 0.000000000000000000, 0.000000000000000000, 1.000000000000000000 ) ) ;
#720 = CARTESIAN_POINT ( 'NONE',  ( -6.938893903907228378E-15, 0.000000000000000000, -231.0000000000000568 ) ) ;
#721 = CARTESIAN_POINT ( 'NONE',  ( 38.00000000000000000, 0.000000000000000000, -257.0000000000000568 ) ) ;
#722 = EDGE_LOOP ( 'NONE', ( #113, #73, #129, #1164 ) ) ;
#723 = PLANE ( 'NONE',  #127 ) ;
#724 = CARTESIAN_POINT ( 'NONE',  ( -6.938893903907228378E-15, 0.000000000000000000, -257.0000000000000568 ) ) ;
#725 = EDGE_CURVE ( 'NONE', #1083, #174, #260, .T. ) ;
#726 = EDGE_CURVE ( 'NONE', #313, #139, #598, .T. ) ;
#727 = DIRECTION ( 'NONE',  ( -0.000000000000000000, 0.000000000000000000, -1.000000000000000000 ) ) ;
#728 = VERTEX_POINT ( 'NONE', #1148 ) ;
#729 = PLANE ( 'NONE',  #193 ) ;
#730 = CARTESIAN_POINT ( 'NONE',  ( -36.89199796489156569, 0.000000000000000000, -188.5334105440288397 ) ) ;
#731 = AXIS2_PLACEMENT_3D ( 'NONE', #471, #907, #314 ) ;
#732 = AXIS2_PLACEMENT_3D ( 'NONE', #353, #1235, #37 ) ;
#733 = PLANE ( 'NONE',  #938 ) ;
#734 = VECTOR ( 'NONE', #1325, 1000.000000000000000 ) ;
#735 = CIRCLE ( 'NONE', #900, 3.500000000000003109 ) ;
#736 = ORIENTED_EDGE ( 'NONE', *, *, #815, .F. ) ;
#737 = EDGE_CURVE ( 'NONE', #381, #698, #366, .T. ) ;
#738 = CARTESIAN_POINT ( 'NONE',  ( 0.000000000000000000, 0.000000000000000000, -231.0000000000000568 ) ) ;
#739 = DIRECTION ( 'NONE',  ( 0.000000000000000000, 0.000000000000000000, -1.000000000000000000 ) ) ;
#740 = CARTESIAN_POINT ( 'NONE',  ( -6.938893903907228378E-15, 0.000000000000000000, -257.0000000000002274 ) ) ;
#741 = PERSON ( 'UNSPECIFIED', 'UNSPECIFIED', 'UNSPECIFIED', ('UNSPECIFIED'), ('UNSPECIFIED'), ('UNSPECIFIED') ) ;
#742 = ORIENTED_EDGE ( 'NONE', *, *, #268, .T. ) ;
#743 = FACE_OUTER_BOUND ( 'NONE', #51, .T. ) ;
#744 = DIRECTION ( 'NONE',  ( 0.000000000000000000, 0.000000000000000000, 1.000000000000000000 ) ) ;
#745 = EDGE_CURVE ( 'NONE', #381, #1203, #778, .T. ) ;
#746 = PERSON_AND_ORGANIZATION ( #741, #562 ) ;
#747 = LINE ( 'NONE', #1184, #1017 ) ;
#748 = CARTESIAN_POINT ( 'NONE',  ( -2.250000000000000000, -39.68626966596886518, -257.0000000000000568 ) ) ;
#749 = CALENDAR_DATE ( 2026, 16, 9 ) ;
#750 = ORIENTED_EDGE ( 'NONE', *, *, #491, .T. ) ;
#751 = ADVANCED_FACE ( 'NONE', ( #912 ), #496, .T. ) ;
#752 = EDGE_CURVE ( 'NONE', #13, #1018, #1030, .T. ) ;
#753 = CIRCLE ( 'NONE', #799, 36.50000000000000000 ) ;
#754 = CONICAL_SURFACE ( 'NONE', #731, 39.75000000000003553, 0.3490658503988570693 ) ;
#755 = TOROIDAL_SURFACE ( 'NONE', #236, 34.75000000000000000, 5.000000000000000000 ) ;
#756 = DIRECTION ( 'NONE',  ( 0.000000000000000000, -1.000000000000000000, 0.000000000000000000 ) ) ;
#757 = PRODUCT_DEFINITION_FORMATION_WITH_SPECIFIED_SOURCE ( 'ANY', '', #484, .NOT_KNOWN. ) ;
#758 = CARTESIAN_POINT ( 'NONE',  ( 0.000000000000000000, 0.000000000000000000, -140.0000000000010232 ) ) ;
#759 = AXIS2_PLACEMENT_3D ( 'NONE', #111, #342, #780 ) ;
#760 = CARTESIAN_POINT ( 'NONE',  ( -6.938893903907228378E-15, 0.000000000000000000, -192.8816349035423627 ) ) ;
#761 = ORIENTED_EDGE ( 'NONE', *, *, #745, .F. ) ;
#762 = CARTESIAN_POINT ( 'NONE',  ( 139.9999999999999716, 0.000000000000000000, -38.00000000000000000 ) ) ;
#763 = ORIENTED_EDGE ( 'NONE', *, *, #224, .F. ) ;
#764 = EDGE_CURVE ( 'NONE', #1395, #453, #688, .T. ) ;
#765 = FACE_OUTER_BOUND ( 'NONE', #1091, .T. ) ;
#766 = LINE ( 'NONE', #972, #66 ) ;
#767 = ORIENTED_EDGE ( 'NONE', *, *, #837, .F. ) ;
#768 = DIRECTION ( 'NONE',  ( 0.000000000000000000, 0.000000000000000000, -1.000000000000000000 ) ) ;
#769 = ORIENTED_EDGE ( 'NONE', *, *, #770, .T. ) ;
#770 = EDGE_CURVE ( 'NONE', #96, #917, #1028, .T. ) ;
#771 = LINE ( 'NONE', #861, #987 ) ;
#772 = ADVANCED_FACE ( 'NONE', ( #810 ), #1244, .F. ) ;
#773 = DIRECTION ( 'NONE',  ( 0.000000000000000000, 0.000000000000000000, -1.000000000000000000 ) ) ;
#774 = DIRECTION ( 'NONE',  ( 1.000000000000000000, 0.000000000000000000, 0.000000000000000000 ) ) ;
#775 = ORIENTED_EDGE ( 'NONE', *, *, #1121, .T. ) ;
#776 = DIRECTION ( 'NONE',  ( 0.000000000000000000, 0.000000000000000000, -1.000000000000000000 ) ) ;
#777 = ORIENTED_EDGE ( 'NONE', *, *, #1281, .T. ) ;
#778 = CIRCLE ( 'NONE', #232, 4.999999999999997335 ) ;
#779 = CIRCLE ( 'NONE', #1145, 178.0000000000000000 ) ;
#780 = DIRECTION ( 'NONE',  ( -1.000000000000000000, 0.000000000000000000, 0.000000000000000000 ) ) ;
#781 = AXIS2_PLACEMENT_3D ( 'NONE', #1065, #613, #95 ) ;
#782 = ORIENTED_EDGE ( 'NONE', *, *, #831, .T. ) ;
#783 = ADVANCED_FACE ( 'NONE', ( #1060 ), #275, .F. ) ;
#784 = FACE_OUTER_BOUND ( 'NONE', #60, .T. ) ;
#785 = AXIS2_PLACEMENT_3D ( 'NONE', #210, #230, #873 ) ;
#786 = ORIENTED_EDGE ( 'NONE', *, *, #402, .T. ) ;
#787 = DIRECTION ( 'NONE',  ( 0.3420201433256604417, 4.188538737676890076E-17, -0.9396926207859114255 ) ) ;
#788 = EDGE_CURVE ( 'NONE', #467, #728, #103, .T. ) ;
#789 = ORIENTED_EDGE ( 'NONE', *, *, #429, .F. ) ;
#790 = DIRECTION ( 'NONE',  ( -1.000000000000000000, 0.000000000000000000, 0.000000000000000000 ) ) ;
#791 = EDGE_CURVE ( 'NONE', #847, #888, #1165, .T. ) ;
#792 = VERTEX_POINT ( 'NONE', #194 ) ;
#793 = DIRECTION ( 'NONE',  ( 0.000000000000000000, 0.000000000000000000, -1.000000000000000000 ) ) ;
#794 = ORIENTED_EDGE ( 'NONE', *, *, #511, .F. ) ;
#795 = CARTESIAN_POINT ( 'NONE',  ( 0.000000000000000000, 0.000000000000000000, -231.0000000000000568 ) ) ;
#796 = ORIENTED_EDGE ( 'NONE', *, *, #626, .F. ) ;
#797 = CARTESIAN_POINT ( 'NONE',  ( -6.938893903907228378E-15, 0.000000000000000000, -231.0000000000000568 ) ) ;
#798 = ADVANCED_FACE ( 'NONE', ( #743 ), #410, .T. ) ;
#799 = AXIS2_PLACEMENT_3D ( 'NONE', #147, #580, #175 ) ;
#800 = DIRECTION ( 'NONE',  ( 0.000000000000000000, 0.000000000000000000, 1.000000000000000000 ) ) ;
#801 = ORIENTED_EDGE ( 'NONE', *, *, #726, .F. ) ;
#802 = DIRECTION ( 'NONE',  ( -2.751328491981789120E-32, 0.000000000000000000, 1.000000000000000000 ) ) ;
#803 = CIRCLE ( 'NONE', #107, 39.75000000000000711 ) ;
#804 = VERTEX_POINT ( 'NONE', #1262 ) ;
#805 = APPROVAL ( #1250, 'UNSPECIFIED' ) ;
#806 = TOROIDAL_SURFACE ( 'NONE', #258, 43.00000000000000000, 5.000000000000000000 ) ;
#807 = DIRECTION ( 'NONE',  ( -0.000000000000000000, -0.000000000000000000, -1.000000000000000000 ) ) ;
#808 = LINE ( 'NONE', #1241, #692 ) ;
#809 = ORIENTED_EDGE ( 'NONE', *, *, #202, .F. ) ;
#810 = FACE_OUTER_BOUND ( 'NONE', #1089, .T. ) ;
#811 = CARTESIAN_POINT ( 'NONE',  ( 38.00000000000000000, 0.000000000000000000, -140.0000000000010232 ) ) ;
#812 = LINE ( 'NONE', #721, #1324 ) ;
#813 = EDGE_CURVE ( 'NONE', #13, #1285, #40, .T. ) ;
#814 = VERTEX_POINT ( 'NONE', #841 ) ;
#815 = EDGE_CURVE ( 'NONE', #527, #814, #1275, .T. ) ;
#816 = DIRECTION ( 'NONE',  ( 0.000000000000000000, -1.000000000000000000, 0.000000000000000000 ) ) ;
#817 = CARTESIAN_POINT ( 'NONE',  ( -6.938893903907228378E-15, 0.000000000000000000, -231.0000000000000568 ) ) ;
#818 = ADVANCED_FACE ( 'NONE', ( #631 ), #186, .T. ) ;
#819 = ORIENTED_EDGE ( 'NONE', *, *, #249, .F. ) ;
#820 = CARTESIAN_POINT ( 'NONE',  ( 0.000000000000000000, 0.000000000000000000, -186.3102796124120459 ) ) ;
#821 = DIRECTION ( 'NONE',  ( 1.224646799147353207E-16, 1.000000000000000000, -0.000000000000000000 ) ) ;
#822 = CIRCLE ( 'NONE', #212, 103.4999999999999858 ) ;
#823 = CONICAL_SURFACE ( 'NONE', #713, 39.75000000000003553, 0.3490658503988570693 ) ;
#824 = LINE ( 'NONE', #1260, #1053 ) ;
#825 = DIRECTION ( 'NONE',  ( 0.000000000000000000, -0.000000000000000000, -1.000000000000000000 ) ) ;
#826 = CIRCLE ( 'NONE', #508, 38.25000000000000711 ) ;
#827 = DIRECTION ( 'NONE',  ( 0.000000000000000000, 0.000000000000000000, 1.000000000000000000 ) ) ;
#828 = ORIENTED_EDGE ( 'NONE', *, *, #667, .T. ) ;
#829 = CARTESIAN_POINT ( 'NONE',  ( -6.938893903907228378E-15, 0.000000000000000000, -257.0000000000000568 ) ) ;
#830 = DIRECTION ( 'NONE',  ( 0.000000000000000000, 0.000000000000000000, 1.000000000000000000 ) ) ;
#831 = EDGE_CURVE ( 'NONE', #514, #634, #619, .T. ) ;
#832 = CARTESIAN_POINT ( 'NONE',  ( -6.938893903907228378E-15, 0.000000000000000000, -231.0000000000000568 ) ) ;
#833 = FACE_OUTER_BOUND ( 'NONE', #149, .T. ) ;
#834 = ORIENTED_EDGE ( 'NONE', *, *, #770, .F. ) ;
#835 = DIRECTION ( 'NONE',  ( -1.000000000000000000, 0.000000000000000000, 0.000000000000000000 ) ) ;
#836 = DIRECTION ( 'NONE',  ( -0.000000000000000000, -0.000000000000000000, -1.000000000000000000 ) ) ;
#837 = EDGE_CURVE ( 'NONE', #991, #445, #554, .T. ) ;
#838 = EDGE_CURVE ( 'NONE', #705, #1158, #961, .T. ) ;
#839 = CARTESIAN_POINT ( 'NONE',  ( -2.250000000000000000, 39.75000000000000000, -231.0000000000000568 ) ) ;
#840 = ORIENTED_EDGE ( 'NONE', *, *, #1029, .F. ) ;
#841 = CARTESIAN_POINT ( 'NONE',  ( 252.0000000000000568, 0.000000000000000000, -38.00000000000000000 ) ) ;
#842 = DIRECTION ( 'NONE',  ( 0.000000000000000000, 1.000000000000000000, 0.000000000000000000 ) ) ;
#843 = FACE_OUTER_BOUND ( 'NONE', #945, .T. ) ;
#844 = VECTOR ( 'NONE', #376, 1000.000000000000114 ) ;
#845 = TOROIDAL_SURFACE ( 'NONE', #277, 43.00000000000000000, 6.500000000000000888 ) ;
#846 = AXIS2_PLACEMENT_3D ( 'NONE', #419, #1355, #1155 ) ;
#847 = VERTEX_POINT ( 'NONE', #423 ) ;
#848 = DIRECTION ( 'NONE',  ( -1.000000000000000000, 0.000000000000000000, 0.000000000000000000 ) ) ;
#849 = DIRECTION ( 'NONE',  ( 0.000000000000000000, 0.000000000000000000, 1.000000000000000000 ) ) ;
#850 = DIRECTION ( 'NONE',  ( 1.000000000000000000, 0.000000000000000000, 2.751328491981789667E-32 ) ) ;
#851 = ORIENTED_EDGE ( 'NONE', *, *, #529, .F. ) ;
#852 = CYLINDRICAL_SURFACE ( 'NONE', #668, 38.00000000000000000 ) ;
#853 = DIRECTION ( 'NONE',  ( -1.000000000000000000, 0.000000000000000000, 0.000000000000000000 ) ) ;
#854 = EDGE_CURVE ( 'NONE', #509, #527, #983, .T. ) ;
#855 = DIRECTION ( 'NONE',  ( -1.000000000000000000, 0.000000000000000000, -2.751328491981789120E-32 ) ) ;
#856 = FACE_OUTER_BOUND ( 'NONE', #242, .T. ) ;
#857 = APPLICATION_CONTEXT ( 'configuration controlled 3d designs of mechanical parts and assemblies' ) ;
#858 = ORIENTED_EDGE ( 'NONE', *, *, #217, .F. ) ;
#859 = ADVANCED_FACE ( 'NONE', ( #501 ), #398, .F. ) ;
#860 = ORIENTED_EDGE ( 'NONE', *, *, #1009, .F. ) ;
#861 = CARTESIAN_POINT ( 'NONE',  ( -39.68626966596886518, -2.249999999999999112, -257.0000000000000568 ) ) ;
#862 = DIRECTION ( 'NONE',  ( -0.000000000000000000, -0.000000000000000000, 1.000000000000000000 ) ) ;
#863 = EDGE_CURVE ( 'NONE', #1312, #1083, #1064, .T. ) ;
#864 = PERSON_AND_ORGANIZATION_ROLE ( 'design_owner' ) ;
#865 = EDGE_LOOP ( 'NONE', ( #267, #76, #1340, #736 ) ) ;
#866 = CARTESIAN_POINT ( 'NONE',  ( 0.000000000000000000, 0.000000000000000000, -140.0000000000010232 ) ) ;
#867 = EDGE_CURVE ( 'NONE', #898, #514, #1006, .T. ) ;
#868 = EDGE_LOOP ( 'NONE', ( #673, #1299, #782, #998 ) ) ;
#869 = EDGE_LOOP ( 'NONE', ( #1187, #965, #192, #906 ) ) ;
#870 = CIRCLE ( 'NONE', #254, 38.25000000000000711 ) ;
#871 = AXIS2_PLACEMENT_3D ( 'NONE', #341, #1019, #1212 ) ;
#872 = AXIS2_PLACEMENT_3D ( 'NONE', #1084, #356, #114 ) ;
#873 = DIRECTION ( 'NONE',  ( -1.000000000000000000, 0.000000000000000000, 0.000000000000000000 ) ) ;
#874 = DIRECTION ( 'NONE',  ( 0.000000000000000000, 0.000000000000000000, 1.000000000000000000 ) ) ;
#875 = PERSON_AND_ORGANIZATION ( #741, #562 ) ;
#876 = EDGE_LOOP ( 'NONE', ( #1172, #904, #426, #1305, #597, #1113 ) ) ;
#877 = CYLINDRICAL_SURFACE ( 'NONE', #872, 39.75000000000000711 ) ;
#878 = EDGE_CURVE ( 'NONE', #453, #174, #1099, .T. ) ;
#879 = ORIENTED_EDGE ( 'NONE', *, *, #371, .F. ) ;
#880 = DIRECTION ( 'NONE',  ( 0.000000000000000000, 1.000000000000000000, 0.000000000000000000 ) ) ;
#881 = CARTESIAN_POINT ( 'NONE',  ( 139.9999999999999716, 0.000000000000000000, 0.000000000000000000 ) ) ;
#882 = DATE_AND_TIME ( #337, #1362 ) ;
#883 = ORIENTED_EDGE ( 'NONE', *, *, #136, .F. ) ;
#884 = CARTESIAN_POINT ( 'NONE',  ( -6.938893903907228378E-15, 0.000000000000000000, -257.0000000000002274 ) ) ;
#885 = ORIENTED_EDGE ( 'NONE', *, *, #354, .F. ) ;
#886 = ORIENTED_EDGE ( 'NONE', *, *, #1358, .T. ) ;
#887 = DIRECTION ( 'NONE',  ( -0.000000000000000000, -0.000000000000000000, -1.000000000000000000 ) ) ;
#888 = VERTEX_POINT ( 'NONE', #456 ) ;
#889 = DIRECTION ( 'NONE',  ( -0.000000000000000000, -0.000000000000000000, -1.000000000000000000 ) ) ;
#890 = ORIENTED_EDGE ( 'NONE', *, *, #1352, .T. ) ;
#891 = FACE_OUTER_BOUND ( 'NONE', #1230, .T. ) ;
#892 = VECTOR ( 'NONE', #347, 1000.000000000000114 ) ;
#893 = CC_DESIGN_PERSON_AND_ORGANIZATION_ASSIGNMENT ( #568, #310, ( #757 ) ) ;
#894 = CIRCLE ( 'NONE', #1054, 39.75000000000000711 ) ;
#895 = CARTESIAN_POINT ( 'NONE',  ( 38.34046106882117044, 4.695352292576555051E-15, -192.5130302149887029 ) ) ;
#896 = EDGE_CURVE ( 'NONE', #1388, #313, #894, .T. ) ;
#897 = VECTOR ( 'NONE', #24, 1000.000000000000000 ) ;
#898 = VERTEX_POINT ( 'NONE', #478 ) ;
#899 = CYLINDRICAL_SURFACE ( 'NONE', #578, 36.50000000000000000 ) ;
#900 = AXIS2_PLACEMENT_3D ( 'NONE', #1293, #756, #793 ) ;
#901 = ORIENTED_EDGE ( 'NONE', *, *, #922, .F. ) ;
#902 = LINE ( 'NONE', #694, #1277 ) ;
#903 = ADVANCED_FACE ( 'NONE', ( #1334 ), #162, .T. ) ;
#904 = ORIENTED_EDGE ( 'NONE', *, *, #726, .T. ) ;
#905 = FACE_OUTER_BOUND ( 'NONE', #363, .T. ) ;
#906 = ORIENTED_EDGE ( 'NONE', *, *, #609, .F. ) ;
#907 = DIRECTION ( 'NONE',  ( -0.000000000000000000, -0.000000000000000000, -1.000000000000000000 ) ) ;
#908 = PLANE ( 'NONE',  #941 ) ;
#909 = CARTESIAN_POINT ( 'NONE',  ( 252.0000000000000568, 0.000000000000000000, 3.081487911019577365E-30 ) ) ;
#910 = ORIENTED_EDGE ( 'NONE', *, *, #386, .F. ) ;
#911 = CC_DESIGN_DATE_AND_TIME_ASSIGNMENT ( #1186, #213, ( #683 ) ) ;
#912 = FACE_OUTER_BOUND ( 'NONE', #660, .T. ) ;
#913 = ORIENTED_EDGE ( 'NONE', *, *, #1107, .T. ) ;
#914 = LINE ( 'NONE', #486, #321 ) ;
#915 = VECTOR ( 'NONE', #454, 1000.000000000000000 ) ;
#916 = DIRECTION ( 'NONE',  ( -1.000000000000000000, 0.000000000000000000, 0.000000000000000000 ) ) ;
#917 = VERTEX_POINT ( 'NONE', #52 ) ;
#918 = AXIS2_PLACEMENT_3D ( 'NONE', #1116, #145, #916 ) ;
#919 = AXIS2_PLACEMENT_3D ( 'NONE', #295, #123, #344 ) ;
#920 = LINE ( 'NONE', #702, #844 ) ;
#921 = AXIS2_PLACEMENT_3D ( 'NONE', #203, #719, #390 ) ;
#922 = EDGE_CURVE ( 'NONE', #705, #313, #999, .T. ) ;
#923 = ADVANCED_FACE ( 'NONE', ( #891 ), #754, .T. ) ;
#924 = CARTESIAN_POINT ( 'NONE',  ( 2.250000000000000000, 39.68626966596886518, -231.0000000000000568 ) ) ;
#925 = ORIENTED_EDGE ( 'NONE', *, *, #764, .T. ) ;
#926 = DIRECTION ( 'NONE',  ( 0.000000000000000000, -0.000000000000000000, -1.000000000000000000 ) ) ;
#927 = LINE ( 'NONE', #1264, #603 ) ;
#928 = EDGE_CURVE ( 'NONE', #7, #247, #779, .T. ) ;
#929 = DIRECTION ( 'NONE',  ( -1.000000000000000000, 0.000000000000000000, 0.000000000000000000 ) ) ;
#930 = VERTEX_POINT ( 'NONE', #1166 ) ;
#931 = DIRECTION ( 'NONE',  ( 1.000000000000000000, 0.000000000000000000, 2.751328491981789667E-32 ) ) ;
#932 = DIRECTION ( 'NONE',  ( 0.000000000000000000, 0.000000000000000000, 1.000000000000000000 ) ) ;
#933 = LINE ( 'NONE', #1048, #581 ) ;
#934 = VERTEX_POINT ( 'NONE', #636 ) ;
#935 = VECTOR ( 'NONE', #931, 1000.000000000000000 ) ;
#936 = DIRECTION ( 'NONE',  ( 0.000000000000000000, 0.000000000000000000, 1.000000000000000000 ) ) ;
#937 = DIRECTION ( 'NONE',  ( 0.000000000000000000, -1.000000000000000000, 0.000000000000000000 ) ) ;
#938 = AXIS2_PLACEMENT_3D ( 'NONE', #839, #385, #727 ) ;
#939 = AXIS2_PLACEMENT_3D ( 'NONE', #1375, #739, #1174 ) ;
#940 = CYLINDRICAL_SURFACE ( 'NONE', #326, 38.00000000000000000 ) ;
#941 = AXIS2_PLACEMENT_3D ( 'NONE', #372, #1233, #693 ) ;
#942 = VECTOR ( 'NONE', #167, 1000.000000000000000 ) ;
#943 = VECTOR ( 'NONE', #577, 1000.000000000000000 ) ;
#944 = FACE_OUTER_BOUND ( 'NONE', #869, .T. ) ;
#945 = EDGE_LOOP ( 'NONE', ( #1333, #572, #135, #125 ) ) ;
#946 = CARTESIAN_POINT ( 'NONE',  ( -2.249999999999999112, 38.18376618407356204, -257.0000000000000568 ) ) ;
#947 = DIRECTION ( 'NONE',  ( -0.000000000000000000, -0.000000000000000000, -1.000000000000000000 ) ) ;
#948 = EDGE_CURVE ( 'NONE', #247, #527, #319, .T. ) ;
#949 = CARTESIAN_POINT ( 'NONE',  ( 0.000000000000000000, 0.000000000000000000, -186.3102796124120459 ) ) ;
#950 = VERTEX_POINT ( 'NONE', #748 ) ;
#951 = DIRECTION ( 'NONE',  ( -0.000000000000000000, 0.000000000000000000, -1.000000000000000000 ) ) ;
#952 = CARTESIAN_POINT ( 'NONE',  ( 43.00000000000000000, 0.000000000000000000, -186.3102796124120459 ) ) ;
#953 = DIRECTION ( 'NONE',  ( -0.000000000000000000, 0.000000000000000000, -1.000000000000000000 ) ) ;
#954 = ADVANCED_FACE ( 'NONE', ( #1288 ), #418, .T. ) ;
#955 = CARTESIAN_POINT ( 'NONE',  ( -39.68626966596886518, -2.250000000000000000, -257.0000000000000568 ) ) ;
#956 = ORIENTED_EDGE ( 'NONE', *, *, #745, .T. ) ;
#957 = CARTESIAN_POINT ( 'NONE',  ( -3.469446951953614189E-15, 0.000000000000000000, -192.8816349035423627 ) ) ;
#958 = CARTESIAN_POINT ( 'NONE',  ( -6.938893903907228378E-15, 0.000000000000000000, -231.0000000000000568 ) ) ;
#959 = CARTESIAN_POINT ( 'NONE',  ( 139.9999999999999716, 0.000000000000000000, -2.805333839712768550E-44 ) ) ;
#960 = VECTOR ( 'NONE', #339, 1000.000000000000000 ) ;
#961 = CIRCLE ( 'NONE', #1032, 39.75000000000000711 ) ;
#962 = VECTOR ( 'NONE', #1351, 1000.000000000000000 ) ;
#963 = AXIS2_PLACEMENT_3D ( 'NONE', #1217, #672, #428 ) ;
#964 = EDGE_LOOP ( 'NONE', ( #763, #526, #227, #1135 ) ) ;
#965 = ORIENTED_EDGE ( 'NONE', *, *, #84, .T. ) ;
#966 = FACE_OUTER_BOUND ( 'NONE', #420, .T. ) ;
#967 = CARTESIAN_POINT ( 'NONE',  ( -2.249999999999999112, 39.68626966596885808, -257.0000000000000568 ) ) ;
#968 = DATE_TIME_ROLE ( 'creation_date' ) ;
#969 = ORIENTED_EDGE ( 'NONE', *, *, #552, .F. ) ;
#970 = DIRECTION ( 'NONE',  ( -0.000000000000000000, -0.000000000000000000, -1.000000000000000000 ) ) ;
#971 = EDGE_CURVE ( 'NONE', #649, #934, #201, .T. ) ;
#972 = CARTESIAN_POINT ( 'NONE',  ( -2.250000000000000000, 39.75000000000000000, -231.0000000000000568 ) ) ;
#973 = EDGE_LOOP ( 'NONE', ( #120, #579 ) ) ;
#974 = CARTESIAN_POINT ( 'NONE',  ( -6.938893903907228378E-15, 0.000000000000000000, -192.8816349035423627 ) ) ;
#975 = ORIENTED_EDGE ( 'NONE', *, *, #1009, .T. ) ;
#976 = ORIENTED_EDGE ( 'NONE', *, *, #725, .F. ) ;
#977 = EDGE_LOOP ( 'NONE', ( #38, #625, #109, #590 ) ) ;
#978 = DIRECTION ( 'NONE',  ( 1.224646799147353207E-16, 1.000000000000000000, -0.000000000000000000 ) ) ;
#979 = APPROVAL_DATE_TIME ( #134, #1286 ) ;
#980 = ORIENTED_EDGE ( 'NONE', *, *, #1189, .T. ) ;
#981 = CARTESIAN_POINT ( 'NONE',  ( 139.9999999999999716, 4.469960816887838430E-15, 36.50000000000000000 ) ) ;
#982 = AXIS2_PLACEMENT_3D ( 'NONE', #1349, #155, #802 ) ;
#983 = CIRCLE ( 'NONE', #1010, 101.9999999999999858 ) ;
#984 = TOROIDAL_SURFACE ( 'NONE', #17, 34.75000000000000000, 3.500000000000000000 ) ;
#985 = CIRCLE ( 'NONE', #711, 3.500000000000003109 ) ;
#986 = DIRECTION ( 'NONE',  ( 1.000000000000000000, 0.000000000000000000, 0.000000000000000000 ) ) ;
#987 = VECTOR ( 'NONE', #970, 1000.000000000000000 ) ;
#988 = ORIENTED_EDGE ( 'NONE', *, *, #257, .F. ) ;
#989 = CARTESIAN_POINT ( 'NONE',  ( -38.25000000000001421, 0.000000000000000000, -231.0000000000000568 ) ) ;
#990 = EDGE_CURVE ( 'NONE', #814, #306, #368, .T. ) ;
#991 = VERTEX_POINT ( 'NONE', #632 ) ;
#992 = CARTESIAN_POINT ( 'NONE',  ( -36.50000000000000000, 4.469960816887838430E-15, -186.3102796124120459 ) ) ;
#993 = CARTESIAN_POINT ( 'NONE',  ( 39.75000000000000000, 4.867971026610730028E-15, -192.8816349035423627 ) ) ;
#994 =( LENGTH_UNIT ( ) NAMED_UNIT ( * ) SI_UNIT ( .MILLI., .METRE. ) );
#995 = ORIENTED_EDGE ( 'NONE', *, *, #202, .T. ) ;
#996 = DESIGN_CONTEXT ( 'detailed design', #857, 'design' ) ;
#997 = DIRECTION ( 'NONE',  ( 1.000000000000000000, 0.000000000000000000, 0.000000000000000000 ) ) ;
#998 = ORIENTED_EDGE ( 'NONE', *, *, #650, .F. ) ;
#999 = LINE ( 'NONE', #255, #600 ) ;
#1000 = EDGE_CURVE ( 'NONE', #1018, #537, #1323, .T. ) ;
#1001 = CARTESIAN_POINT ( 'NONE',  ( 2.250000000000000000, 39.68626966596886518, -257.0000000000000568 ) ) ;
#1002 = ORIENTED_EDGE ( 'NONE', *, *, #118, .F. ) ;
#1003 = CARTESIAN_POINT ( 'NONE',  ( -38.18376618407357626, -2.250000000000000000, -257.0000000000000568 ) ) ;
#1004 = VERTEX_POINT ( 'NONE', #195 ) ;
#1005 = VERTEX_POINT ( 'NONE', #1283 ) ;
#1006 = LINE ( 'NONE', #263, #1211 ) ;
#1007 = FACE_OUTER_BOUND ( 'NONE', #5, .T. ) ;
#1008 = EDGE_CURVE ( 'NONE', #445, #991, #461, .T. ) ;
#1009 = EDGE_CURVE ( 'NONE', #7, #509, #642, .T. ) ;
#1010 = AXIS2_PLACEMENT_3D ( 'NONE', #1154, #612, #1046 ) ;
#1011 = DIRECTION ( 'NONE',  ( -0.000000000000000000, -0.000000000000000000, 1.000000000000000000 ) ) ;
#1012 = AXIS2_PLACEMENT_3D ( 'NONE', #1156, #1143, #170 ) ;
#1013 = ADVANCED_FACE ( 'NONE', ( #627 ), #411, .T. ) ;
#1014 = LOCAL_TIME ( 0, 3, 58.00000000000000000, #4 ) ;
#1015 = EDGE_LOOP ( 'NONE', ( #691, #796, #100, #651 ) ) ;
#1016 = FACE_OUTER_BOUND ( 'NONE', #1206, .T. ) ;
#1017 = VECTOR ( 'NONE', #427, 1000.000000000000000 ) ;
#1018 = VERTEX_POINT ( 'NONE', #523 ) ;
#1019 = DIRECTION ( 'NONE',  ( 0.000000000000000000, 0.000000000000000000, -1.000000000000000000 ) ) ;
#1020 = CARTESIAN_POINT ( 'NONE',  ( -2.250000000000000000, 38.18376618407356915, -257.0000000000000568 ) ) ;
#1021 = FACE_OUTER_BOUND ( 'NONE', #977, .T. ) ;
#1022 = ORIENTED_EDGE ( 'NONE', *, *, #813, .T. ) ;
#1023 = DIRECTION ( 'NONE',  ( -1.000000000000000000, 0.000000000000000000, 0.000000000000000000 ) ) ;
#1024 = ORIENTED_EDGE ( 'NONE', *, *, #1377, .F. ) ;
#1025 = DATE_AND_TIME ( #1350, #617 ) ;
#1026 = CARTESIAN_POINT ( 'NONE',  ( 39.75000000000000000, 4.867971026610730028E-15, -257.0000000000000568 ) ) ;
#1027 = ORIENTED_EDGE ( 'NONE', *, *, #84, .F. ) ;
#1028 = LINE ( 'NONE', #62, #459 ) ;
#1029 = EDGE_CURVE ( 'NONE', #216, #96, #621, .T. ) ;
#1030 = CIRCLE ( 'NONE', #706, 36.50000000000000000 ) ;
#1031 = DIRECTION ( 'NONE',  ( 0.000000000000000000, 0.000000000000000000, 1.000000000000000000 ) ) ;
#1032 = AXIS2_PLACEMENT_3D ( 'NONE', #1179, #206, #534 ) ;
#1033 = ORIENTED_EDGE ( 'NONE', *, *, #208, .F. ) ;
#1034 = AXIS2_PLACEMENT_3D ( 'NONE', #1109, #800, #54 ) ;
#1035 = FACE_BOUND ( 'NONE', #973, .T. ) ;
#1036 = CIRCLE ( 'NONE', #1170, 39.75000000000000711 ) ;
#1037 = CARTESIAN_POINT ( 'NONE',  ( 139.9999999999999716, 0.000000000000000000, -36.50000000000000000 ) ) ;
#1038 = ADVANCED_FACE ( 'NONE', ( #290 ), #723, .T. ) ;
#1039 = FACE_OUTER_BOUND ( 'NONE', #1106, .T. ) ;
#1040 = CARTESIAN_POINT ( 'NONE',  ( -2.250000000000000000, 39.75000000000000000, -257.0000000000000568 ) ) ;
#1041 = ORIENTED_EDGE ( 'NONE', *, *, #990, .F. ) ;
#1042 = DIRECTION ( 'NONE',  ( -1.000000000000000000, 0.000000000000000000, 0.000000000000000000 ) ) ;
#1043 = FACE_OUTER_BOUND ( 'NONE', #1239, .T. ) ;
#1044 = LINE ( 'NONE', #87, #1385 ) ;
#1045 = ORIENTED_EDGE ( 'NONE', *, *, #1107, .F. ) ;
#1046 = DIRECTION ( 'NONE',  ( 0.000000000000000000, 0.000000000000000000, 1.000000000000000000 ) ) ;
#1047 = DIRECTION ( 'NONE',  ( 0.000000000000000000, 0.000000000000000000, -1.000000000000000000 ) ) ;
#1048 = CARTESIAN_POINT ( 'NONE',  ( 2.250000000000000000, 39.75000000000000000, -257.0000000000000568 ) ) ;
#1049 = ORIENTED_EDGE ( 'NONE', *, *, #27, .F. ) ;
#1050 = EDGE_CURVE ( 'NONE', #917, #615, #622, .T. ) ;
#1051 = DIRECTION ( 'NONE',  ( -0.000000000000000000, -0.000000000000000000, -1.000000000000000000 ) ) ;
#1052 = DIRECTION ( 'NONE',  ( -1.000000000000000000, 0.000000000000000000, 0.000000000000000000 ) ) ;
#1053 = VECTOR ( 'NONE', #608, 1000.000000000000000 ) ;
#1054 = AXIS2_PLACEMENT_3D ( 'NONE', #797, #1108, #1120 ) ;
#1055 = CARTESIAN_POINT ( 'NONE',  ( -2.250000000000000000, -38.18376618407356915, -257.0000000000000568 ) ) ;
#1056 = AXIS2_PLACEMENT_3D ( 'NONE', #309, #1369, #1263 ) ;
#1057 = AXIS2_PLACEMENT_3D ( 'NONE', #1364, #401, #86 ) ;
#1058 = DIRECTION ( 'NONE',  ( 1.000000000000000000, 0.000000000000000000, -0.000000000000000000 ) ) ;
#1059 = VERTEX_POINT ( 'NONE', #516 ) ;
#1060 = FACE_OUTER_BOUND ( 'NONE', #722, .T. ) ;
#1061 = DIRECTION ( 'NONE',  ( -1.000000000000000000, 0.000000000000000000, 0.000000000000000000 ) ) ;
#1062 = EDGE_CURVE ( 'NONE', #13, #695, #1384, .T. ) ;
#1063 = DIRECTION ( 'NONE',  ( 1.000000000000000000, 0.000000000000000000, -0.000000000000000000 ) ) ;
#1064 = LINE ( 'NONE', #276, #555 ) ;
#1065 = CARTESIAN_POINT ( 'NONE',  ( 43.00000000000000000, 0.000000000000000000, -186.3102796124120459 ) ) ;
#1066 = CARTESIAN_POINT ( 'NONE',  ( -38.30153689607042367, 0.000000000000000000, -188.0203803290403357 ) ) ;
#1067 = ORIENTED_EDGE ( 'NONE', *, *, #928, .T. ) ;
#1068 = DIRECTION ( 'NONE',  ( 0.000000000000000000, 0.000000000000000000, 1.000000000000000000 ) ) ;
#1069 = CARTESIAN_POINT ( 'NONE',  ( 0.000000000000000000, 0.000000000000000000, -140.0000000000010232 ) ) ;
#1070 = CARTESIAN_POINT ( 'NONE',  ( 2.250000000000000000, 39.75000000000000000, -231.0000000000000568 ) ) ;
#1071 = ADVANCED_FACE ( 'NONE', ( #856 ), #729, .T. ) ;
#1072 = ORIENTED_EDGE ( 'NONE', *, *, #650, .T. ) ;
#1073 = ADVANCED_FACE ( 'NONE', ( #510 ), #393, .T. ) ;
#1074 = CARTESIAN_POINT ( 'NONE',  ( 0.000000000000000000, 0.000000000000000000, -186.3102796124120459 ) ) ;
#1075 = DIRECTION ( 'NONE',  ( -1.000000000000000000, 0.000000000000000000, -2.751328491981789120E-32 ) ) ;
#1076 = APPLICATION_PROTOCOL_DEFINITION ( 'international standard', 'config_control_design', 1994, #494 ) ;
#1077 = VECTOR ( 'NONE', #936, 1000.000000000000000 ) ;
#1078 = AXIS2_PLACEMENT_3D ( 'NONE', #952, #937, #104 ) ;
#1079 = CIRCLE ( 'NONE', #963, 38.00000000000000000 ) ;
#1080 =( GEOMETRIC_REPRESENTATION_CONTEXT ( 3 ) GLOBAL_UNCERTAINTY_ASSIGNED_CONTEXT ( ( #1141 ) ) GLOBAL_UNIT_ASSIGNED_CONTEXT ( ( #994, #1304, #106 ) ) REPRESENTATION_CONTEXT ( 'NONE', 'WORKASPACE' ) );
#1081 = DIRECTION ( 'NONE',  ( -0.000000000000000000, -0.000000000000000000, -1.000000000000000000 ) ) ;
#1082 = DIRECTION ( 'NONE',  ( -1.000000000000000000, 0.000000000000000000, -2.751328491981789120E-32 ) ) ;
#1083 = VERTEX_POINT ( 'NONE', #1268 ) ;
#1084 = CARTESIAN_POINT ( 'NONE',  ( -6.938893903907228378E-15, 0.000000000000000000, -257.0000000000000568 ) ) ;
#1085 = EDGE_CURVE ( 'NONE', #1382, #1219, #985, .T. ) ;
#1086 = FACE_OUTER_BOUND ( 'NONE', #865, .T. ) ;
#1087 = CARTESIAN_POINT ( 'NONE',  ( -34.75000000000000000, 4.255647627037052709E-15, -192.8816349035423627 ) ) ;
#1088 = CALENDAR_DATE ( 2026, 16, 9 ) ;
#1089 = EDGE_LOOP ( 'NONE', ( #1353, #925, #477, #416, #678, #499, #1192, #164, #218, #1177, #214, #223 ) ) ;
#1090 = DIRECTION ( 'NONE',  ( -0.000000000000000000, -0.000000000000000000, 1.000000000000000000 ) ) ;
#1091 = EDGE_LOOP ( 'NONE', ( #569, #1344, #49, #351 ) ) ;
#1092 = EDGE_CURVE ( 'NONE', #544, #991, #444, .T. ) ;
#1093 = CARTESIAN_POINT ( 'NONE',  ( 39.75000000000000000, 2.250000000000000000, -257.0000000000000568 ) ) ;
#1094 = COORDINATED_UNIVERSAL_TIME_OFFSET ( 1, 0, .AHEAD. ) ;
#1095 = VERTEX_POINT ( 'NONE', #336 ) ;
#1096 = EDGE_CURVE ( 'NONE', #1059, #611, #1191, .T. ) ;
#1097 = LINE ( 'NONE', #561, #663 ) ;
#1098 = ORIENTED_EDGE ( 'NONE', *, *, #400, .F. ) ;
#1099 = CIRCLE ( 'NONE', #505, 38.25000000000000711 ) ;
#1100 = CIRCLE ( 'NONE', #918, 38.25000000000000711 ) ;
#1101 = AXIS2_PLACEMENT_3D ( 'NONE', #658, #874, #233 ) ;
#1102 = CARTESIAN_POINT ( 'NONE',  ( 139.9999999999999716, 0.000000000000000000, -2.805333839712768550E-44 ) ) ;
#1103 = AXIS2_PLACEMENT_3D ( 'NONE', #959, #850, #709 ) ;
#1104 = ORIENTED_EDGE ( 'NONE', *, *, #457, .T. ) ;
#1105 = APPROVAL_ROLE ( '' ) ;
#1106 = EDGE_LOOP ( 'NONE', ( #35, #1202, #282, #161 ) ) ;
#1107 = EDGE_CURVE ( 'NONE', #323, #453, #1386, .T. ) ;
#1108 = DIRECTION ( 'NONE',  ( 0.000000000000000000, 0.000000000000000000, -1.000000000000000000 ) ) ;
#1109 = CARTESIAN_POINT ( 'NONE',  ( 0.000000000000000000, 0.000000000000000000, -186.3102796124120459 ) ) ;
#1110 = CARTESIAN_POINT ( 'NONE',  ( 0.000000000000000000, 0.000000000000000000, -186.3102796124120459 ) ) ;
#1111 = ORIENTED_EDGE ( 'NONE', *, *, #674, .T. ) ;
#1112 = CARTESIAN_POINT ( 'NONE',  ( -6.938893903907228378E-15, 0.000000000000000000, -231.0000000000000568 ) ) ;
#1113 = ORIENTED_EDGE ( 'NONE', *, *, #48, .T. ) ;
#1114 = DIRECTION ( 'NONE',  ( 0.3420201433256604417, 4.188538737676890076E-17, -0.9396926207859114255 ) ) ;
#1115 = ADVANCED_FACE ( 'NONE', ( #133 ), #1147, .T. ) ;
#1116 = CARTESIAN_POINT ( 'NONE',  ( -6.938893903907228378E-15, 0.000000000000000000, -257.0000000000000568 ) ) ;
#1117 = ORIENTED_EDGE ( 'NONE', *, *, #552, .T. ) ;
#1118 = CARTESIAN_POINT ( 'NONE',  ( 39.75000000000000000, 2.250000000000000000, -231.0000000000000568 ) ) ;
#1119 = ORIENTED_EDGE ( 'NONE', *, *, #1257, .T. ) ;
#1120 = DIRECTION ( 'NONE',  ( -1.000000000000000000, 0.000000000000000000, 0.000000000000000000 ) ) ;
#1121 = EDGE_CURVE ( 'NONE', #96, #686, #1303, .T. ) ;
#1122 = AXIS2_PLACEMENT_3D ( 'NONE', #820, #607, #1256 ) ;
#1123 = DIRECTION ( 'NONE',  ( 1.000000000000000000, 0.000000000000000000, 2.751328491981789667E-32 ) ) ;
#1124 = EDGE_CURVE ( 'NONE', #544, #1228, #278, .T. ) ;
#1125 = CIRCLE ( 'NONE', #781, 5.000000000000004441 ) ;
#1126 = CARTESIAN_POINT ( 'NONE',  ( 39.68626966596885808, 2.250000000000000000, -257.0000000000000568 ) ) ;
#1127 = VECTOR ( 'NONE', #932, 1000.000000000000000 ) ;
#1128 = ORIENTED_EDGE ( 'NONE', *, *, #922, .T. ) ;
#1129 = DIRECTION ( 'NONE',  ( 0.000000000000000000, 0.000000000000000000, -1.000000000000000000 ) ) ;
#1130 = AXIS2_PLACEMENT_3D ( 'NONE', #265, #1227, #480 ) ;
#1131 = MANIFOLD_SOLID_BREP ( 'Cut-Extrude-Thin1', #352 ) ;
#1132 = DIRECTION ( 'NONE',  ( -0.000000000000000000, -0.000000000000000000, -1.000000000000000000 ) ) ;
#1133 = ORIENTED_EDGE ( 'NONE', *, *, #380, .F. ) ;
#1134 = CYLINDRICAL_SURFACE ( 'NONE', #396, 36.50000000000000000 ) ;
#1135 = ORIENTED_EDGE ( 'NONE', *, *, #1339, .F. ) ;
#1136 = LINE ( 'NONE', #50, #935 ) ;
#1137 = EDGE_LOOP ( 'NONE', ( #1367, #1104, #976, #259 ) ) ;
#1138 = DIRECTION ( 'NONE',  ( 0.000000000000000000, 0.000000000000000000, -1.000000000000000000 ) ) ;
#1139 = CARTESIAN_POINT ( 'NONE',  ( 139.9999999999999716, 0.000000000000000000, 0.000000000000000000 ) ) ;
#1140 = ORIENTED_EDGE ( 'NONE', *, *, #838, .T. ) ;
#1141 = UNCERTAINTY_MEASURE_WITH_UNIT (LENGTH_MEASURE( 1.000000000000000082E-05 ), #994, 'distance_accuracy_value', 'NONE');
#1142 = PLANE ( 'NONE',  #343 ) ;
#1143 = DIRECTION ( 'NONE',  ( -0.000000000000000000, -0.000000000000000000, -1.000000000000000000 ) ) ;
#1144 = CARTESIAN_POINT ( 'NONE',  ( -39.68626966596886518, 2.250000000000000000, -257.0000000000000568 ) ) ;
#1145 = AXIS2_PLACEMENT_3D ( 'NONE', #303, #842, #849 ) ;
#1146 = VERTEX_POINT ( 'NONE', #567 ) ;
#1147 = TOROIDAL_SURFACE ( 'NONE', #1101, 43.00000000000000000, 6.500000000000000888 ) ;
#1148 = CARTESIAN_POINT ( 'NONE',  ( -2.250000000000000000, 38.18376618407356915, -231.0000000000000568 ) ) ;
#1149 = AXIS2_PLACEMENT_3D ( 'NONE', #1150, #947, #1370 ) ;
#1150 = CARTESIAN_POINT ( 'NONE',  ( -6.938893903907228378E-15, 0.000000000000000000, -257.0000000000002274 ) ) ;
#1151 = EDGE_CURVE ( 'NONE', #220, #1005, #766, .T. ) ;
#1152 = DIRECTION ( 'NONE',  ( 0.000000000000000000, 0.000000000000000000, 1.000000000000000000 ) ) ;
#1153 = ORIENTED_EDGE ( 'NONE', *, *, #1389, .T. ) ;
#1154 = CARTESIAN_POINT ( 'NONE',  ( 139.9999999999999716, -4.653657836759941941E-15, -139.9999999999999716 ) ) ;
#1155 = DIRECTION ( 'NONE',  ( -1.000000000000000000, 0.000000000000000000, 0.000000000000000000 ) ) ;
#1156 = CARTESIAN_POINT ( 'NONE',  ( 0.000000000000000000, 0.000000000000000000, -188.5334105440288397 ) ) ;
#1157 = DIRECTION ( 'NONE',  ( 0.000000000000000000, 0.000000000000000000, -1.000000000000000000 ) ) ;
#1158 = VERTEX_POINT ( 'NONE', #993 ) ;
#1159 = CARTESIAN_POINT ( 'NONE',  ( -36.50000000000000000, 4.469960816887838430E-15, -257.0000000000000568 ) ) ;
#1160 = DIRECTION ( 'NONE',  ( 0.000000000000000000, 0.000000000000000000, -1.000000000000000000 ) ) ;
#1161 = ADVANCED_FACE ( 'NONE', ( #451 ), #172, .F. ) ;
#1162 = DIRECTION ( 'NONE',  ( 0.000000000000000000, -0.000000000000000000, -1.000000000000000000 ) ) ;
#1163 = AXIS2_PLACEMENT_3D ( 'NONE', #738, #417, #848 ) ;
#1164 = ORIENTED_EDGE ( 'NONE', *, *, #92, .F. ) ;
#1165 = LINE ( 'NONE', #90, #1251 ) ;
#1166 = CARTESIAN_POINT ( 'NONE',  ( -38.18376618407357626, 2.250000000000000000, -231.0000000000000568 ) ) ;
#1167 = AXIS2_PLACEMENT_3D ( 'NONE', #473, #67, #596 ) ;
#1168 = DIRECTION ( 'NONE',  ( -1.000000000000000000, 0.000000000000000000, 0.000000000000000000 ) ) ;
#1169 = TOROIDAL_SURFACE ( 'NONE', #1343, 139.9999999999999716, 36.50000000000000000 ) ;
#1170 = AXIS2_PLACEMENT_3D ( 'NONE', #740, #628, #181 ) ;
#1171 = LINE ( 'NONE', #1357, #171 ) ;
#1172 = ORIENTED_EDGE ( 'NONE', *, *, #896, .T. ) ;
#1173 = CARTESIAN_POINT ( 'NONE',  ( -43.00000000000000000, 5.265981236333618470E-15, -186.3102796124120459 ) ) ;
#1174 = DIRECTION ( 'NONE',  ( -1.000000000000000000, 0.000000000000000000, 0.000000000000000000 ) ) ;
#1175 = CARTESIAN_POINT ( 'NONE',  ( -34.75000000000000000, 4.255647627037052709E-15, -192.8816349035423627 ) ) ;
#1176 = EDGE_CURVE ( 'NONE', #527, #247, #1079, .T. ) ;
#1177 = ORIENTED_EDGE ( 'NONE', *, *, #94, .F. ) ;
#1178 = ORIENTED_EDGE ( 'NONE', *, *, #153, .T. ) ;
#1179 = CARTESIAN_POINT ( 'NONE',  ( -6.938893903907228378E-15, 0.000000000000000000, -192.8816349035423627 ) ) ;
#1180 = DIRECTION ( 'NONE',  ( -1.000000000000000000, 0.000000000000000000, -2.751328491981789120E-32 ) ) ;
#1181 = DIRECTION ( 'NONE',  ( -0.000000000000000000, -0.000000000000000000, -1.000000000000000000 ) ) ;
#1182 = EDGE_CURVE ( 'NONE', #1018, #13, #349, .T. ) ;
#1183 = ORIENTED_EDGE ( 'NONE', *, *, #449, .F. ) ;
#1184 = CARTESIAN_POINT ( 'NONE',  ( -2.250000000000000000, 39.75000000000000000, -231.0000000000000568 ) ) ;
#1185 = DIRECTION ( 'NONE',  ( 0.000000000000000000, 0.000000000000000000, 1.000000000000000000 ) ) ;
#1186 = DATE_AND_TIME ( #749, #1207 ) ;
#1187 = ORIENTED_EDGE ( 'NONE', *, *, #971, .T. ) ;
#1188 = CC_DESIGN_PERSON_AND_ORGANIZATION_ASSIGNMENT ( #550, #864, ( #484 ) ) ;
#1189 = EDGE_CURVE ( 'NONE', #695, #1004, #643, .T. ) ;
#1190 = AXIS2_PLACEMENT_3D ( 'NONE', #720, #1335, #53 ) ;
#1191 = CIRCLE ( 'NONE', #582, 38.25000000000000711 ) ;
#1192 = ORIENTED_EDGE ( 'NONE', *, *, #429, .T. ) ;
#1193 = TOROIDAL_SURFACE ( 'NONE', #1057, 43.00000000000000000, 5.000000000000000000 ) ;
#1194 = PERSON_AND_ORGANIZATION ( #741, #562 ) ;
#1195 = EDGE_LOOP ( 'NONE', ( #656, #338, #1224, #1394 ) ) ;
#1196 = CARTESIAN_POINT ( 'NONE',  ( 39.44846310392954791, 4.831043407150978238E-15, -191.1715341869140730 ) ) ;
#1197 = ADVANCED_FACE ( 'NONE', ( #833 ), #852, .T. ) ;
#1198 = EDGE_LOOP ( 'NONE', ( #910, #594, #1183, #654 ) ) ;
#1199 = DIRECTION ( 'NONE',  ( 1.000000000000000000, 0.000000000000000000, 0.000000000000000000 ) ) ;
#1200 = EDGE_LOOP ( 'NONE', ( #1359, #1291, #460, #358 ) ) ;
#1201 = LINE ( 'NONE', #228, #892 ) ;
#1202 = ORIENTED_EDGE ( 'NONE', *, *, #144, .F. ) ;
#1203 = VERTEX_POINT ( 'NONE', #1066 ) ;
#1204 = DIRECTION ( 'NONE',  ( 1.000000000000000000, 0.000000000000000000, 2.751328491981789667E-32 ) ) ;
#1205 = CARTESIAN_POINT ( 'NONE',  ( -39.68626966596886518, -2.250000000000000000, -231.0000000000000568 ) ) ;
#1206 = EDGE_LOOP ( 'NONE', ( #1041, #1033 ) ) ;
#1207 = LOCAL_TIME ( 0, 3, 58.00000000000000000, #1393 ) ;
#1208 = CARTESIAN_POINT ( 'NONE',  ( -39.44846310392954791, 0.000000000000000000, -191.1715341869140730 ) ) ;
#1209 = CIRCLE ( 'NONE', #503, 38.30153689607042367 ) ;
#1210 = ORIENTED_EDGE ( 'NONE', *, *, #168, .T. ) ;
#1211 = VECTOR ( 'NONE', #1114, 1000.000000000000114 ) ;
#1212 = DIRECTION ( 'NONE',  ( -1.000000000000000000, 0.000000000000000000, 0.000000000000000000 ) ) ;
#1213 = CIRCLE ( 'NONE', #732, 38.25000000000000711 ) ;
#1214 = VECTOR ( 'NONE', #1204, 1000.000000000000000 ) ;
#1215 = AXIS2_PLACEMENT_3D ( 'NONE', #1102, #1123, #8 ) ;
#1216 = LINE ( 'NONE', #151, #943 ) ;
#1217 = CARTESIAN_POINT ( 'NONE',  ( 139.9999999999999716, 0.000000000000000000, 6.933347799794110728E-30 ) ) ;
#1218 = ADVANCED_FACE ( 'NONE', ( #1007 ), #243, .F. ) ;
#1219 = VERTEX_POINT ( 'NONE', #434 ) ;
#1220 = CARTESIAN_POINT ( 'NONE',  ( -38.00000000000000000, 4.653657836759941941E-15, -257.0000000000000568 ) ) ;
#1221 = ADVANCED_FACE ( 'NONE', ( #131 ), #823, .T. ) ;
#1222 = ORIENTED_EDGE ( 'NONE', *, *, #725, .T. ) ;
#1223 = LINE ( 'NONE', #671, #734 ) ;
#1224 = ORIENTED_EDGE ( 'NONE', *, *, #667, .F. ) ;
#1225 = EDGE_CURVE ( 'NONE', #888, #564, #261, .T. ) ;
#1226 = ORIENTED_EDGE ( 'NONE', *, *, #863, .T. ) ;
#1227 = DIRECTION ( 'NONE',  ( -0.000000000000000000, -0.000000000000000000, -1.000000000000000000 ) ) ;
#1228 = VERTEX_POINT ( 'NONE', #1037 ) ;
#1229 = DIRECTION ( 'NONE',  ( 0.000000000000000000, 0.000000000000000000, -1.000000000000000000 ) ) ;
#1230 = EDGE_LOOP ( 'NONE', ( #355, #1111, #1072, #750 ) ) ;
#1231 = CC_DESIGN_APPROVAL ( #1286, ( #757 ) ) ;
#1232 = VECTOR ( 'NONE', #1383, 1000.000000000000000 ) ;
#1233 = DIRECTION ( 'NONE',  ( 0.000000000000000000, -1.000000000000000000, 0.000000000000000000 ) ) ;
#1234 = TOROIDAL_SURFACE ( 'NONE', #620, 139.9999999999999716, 38.00000000000000000 ) ;
#1235 = DIRECTION ( 'NONE',  ( 0.000000000000000000, 0.000000000000000000, -1.000000000000000000 ) ) ;
#1236 = CONICAL_SURFACE ( 'NONE', #22, 38.34046106882117044, 0.3490658503988570693 ) ;
#1237 = ORIENTED_EDGE ( 'NONE', *, *, #1317, .F. ) ;
#1238 = DIRECTION ( 'NONE',  ( -0.000000000000000000, -0.000000000000000000, -1.000000000000000000 ) ) ;
#1239 = EDGE_LOOP ( 'NONE', ( #115, #701, #717, #69 ) ) ;
#1240 = EDGE_CURVE ( 'NONE', #686, #323, #927, .T. ) ;
#1241 = CARTESIAN_POINT ( 'NONE',  ( 39.75000000000000000, 2.250000000000000000, -257.0000000000000568 ) ) ;
#1242 = EDGE_CURVE ( 'NONE', #705, #634, #128, .T. ) ;
#1243 = ORIENTED_EDGE ( 'NONE', *, *, #491, .F. ) ;
#1244 = CYLINDRICAL_SURFACE ( 'NONE', #101, 38.25000000000000711 ) ;
#1245 = CARTESIAN_POINT ( 'NONE',  ( 2.250000000000000000, 38.18376618407356915, -257.0000000000000568 ) ) ;
#1246 = EDGE_LOOP ( 'NONE', ( #455, #956, #680, #1133 ) ) ;
#1247 = ADVANCED_FACE ( 'NONE', ( #285 ), #645, .T. ) ;
#1248 = CARTESIAN_POINT ( 'NONE',  ( 38.00000000000000000, 0.000000000000000000, -186.3102796124120459 ) ) ;
#1249 = DIRECTION ( 'NONE',  ( 0.000000000000000000, 0.000000000000000000, 1.000000000000000000 ) ) ;
#1250 = APPROVAL_STATUS ( 'not_yet_approved' ) ;
#1251 = VECTOR ( 'NONE', #1391, 1000.000000000000000 ) ;
#1252 = DIRECTION ( 'NONE',  ( -1.000000000000000000, 0.000000000000000000, 0.000000000000000000 ) ) ;
#1253 = AXIS2_PLACEMENT_3D ( 'NONE', #535, #1082, #112 ) ;
#1254 = ORIENTED_EDGE ( 'NONE', *, *, #386, .T. ) ;
#1255 = CIRCLE ( 'NONE', #105, 176.5000000000000000 ) ;
#1256 = DIRECTION ( 'NONE',  ( 1.000000000000000000, 0.000000000000000000, 0.000000000000000000 ) ) ;
#1257 = EDGE_CURVE ( 'NONE', #1158, #514, #350, .T. ) ;
#1258 = AXIS2_PLACEMENT_3D ( 'NONE', #291, #633, #1047 ) ;
#1259 = DIRECTION ( 'NONE',  ( 1.000000000000000000, 0.000000000000000000, 0.000000000000000000 ) ) ;
#1260 = CARTESIAN_POINT ( 'NONE',  ( 39.75000000000000000, -2.250000000000000000, -257.0000000000000568 ) ) ;
#1261 = ORIENTED_EDGE ( 'NONE', *, *, #168, .F. ) ;
#1262 = CARTESIAN_POINT ( 'NONE',  ( 2.250000000000000000, 38.18376618407356915, -231.0000000000000568 ) ) ;
#1263 = DIRECTION ( 'NONE',  ( -1.000000000000000000, 0.000000000000000000, 0.000000000000000000 ) ) ;
#1264 = CARTESIAN_POINT ( 'NONE',  ( 38.18376618407355494, 2.249999999999999112, -257.0000000000000568 ) ) ;
#1265 = DIRECTION ( 'NONE',  ( 0.000000000000000000, 0.000000000000000000, 1.000000000000000000 ) ) ;
#1266 = DIRECTION ( 'NONE',  ( 0.000000000000000000, 0.000000000000000000, -1.000000000000000000 ) ) ;
#1267 = ORIENTED_EDGE ( 'NONE', *, *, #737, .T. ) ;
#1268 = CARTESIAN_POINT ( 'NONE',  ( 39.68626966596885097, -2.250000000000000000, -231.0000000000000568 ) ) ;
#1269 = DIRECTION ( 'NONE',  ( -1.000000000000000000, 0.000000000000000000, 0.000000000000000000 ) ) ;
#1270 = EDGE_CURVE ( 'NONE', #421, #467, #690, .T. ) ;
#1271 = DIRECTION ( 'NONE',  ( -1.000000000000000000, 0.000000000000000000, 0.000000000000000000 ) ) ;
#1272 = DIRECTION ( 'NONE',  ( -0.000000000000000000, -0.000000000000000000, 1.000000000000000000 ) ) ;
#1273 = CIRCLE ( 'NONE', #391, 39.75000000000000711 ) ;
#1274 = ORIENTED_EDGE ( 'NONE', *, *, #266, .T. ) ;
#1275 = LINE ( 'NONE', #302, #1232 ) ;
#1276 = CARTESIAN_POINT ( 'NONE',  ( 139.9999999999999716, 0.000000000000000000, 6.933347799794110728E-30 ) ) ;
#1277 = VECTOR ( 'NONE', #374, 1000.000000000000000 ) ;
#1278 = AXIS2_PLACEMENT_3D ( 'NONE', #881, #666, #330 ) ;
#1279 = CYLINDRICAL_SURFACE ( 'NONE', #1103, 36.50000000000000000 ) ;
#1280 = ORIENTED_EDGE ( 'NONE', *, *, #1242, .F. ) ;
#1281 = EDGE_CURVE ( 'NONE', #537, #1285, #68, .T. ) ;
#1282 = DIRECTION ( 'NONE',  ( 1.000000000000000000, 0.000000000000000000, 0.000000000000000000 ) ) ;
#1283 = CARTESIAN_POINT ( 'NONE',  ( -2.250000000000000000, -39.68626966596886518, -231.0000000000000568 ) ) ;
#1284 = DIRECTION ( 'NONE',  ( -1.000000000000000000, 0.000000000000000000, 0.000000000000000000 ) ) ;
#1285 = VERTEX_POINT ( 'NONE', #730 ) ;
#1286 = APPROVAL ( #653, 'UNSPECIFIED' ) ;
#1287 = DIRECTION ( 'NONE',  ( -0.000000000000000000, -0.000000000000000000, -1.000000000000000000 ) ) ;
#1288 = FACE_OUTER_BOUND ( 'NONE', #1198, .T. ) ;
#1289 = ADVANCED_FACE ( 'NONE', ( #497 ), #940, .T. ) ;
#1290 = PERSON_AND_ORGANIZATION_ROLE ( 'classification_officer' ) ;
#1291 = ORIENTED_EDGE ( 'NONE', *, *, #45, .T. ) ;
#1292 = ORIENTED_EDGE ( 'NONE', *, *, #1124, .T. ) ;
#1293 = CARTESIAN_POINT ( 'NONE',  ( 34.75000000000000000, 0.000000000000000000, -192.8816349035423627 ) ) ;
#1294 = DIRECTION ( 'NONE',  ( -1.000000000000000000, 0.000000000000000000, 0.000000000000000000 ) ) ;
#1295 = APPROVAL_DATE_TIME ( #430, #638 ) ;
#1296 = ORIENTED_EDGE ( 'NONE', *, *, #838, .F. ) ;
#1297 = DIRECTION ( 'NONE',  ( -0.000000000000000000, -0.000000000000000000, 1.000000000000000000 ) ) ;
#1298 = CIRCLE ( 'NONE', #687, 39.44846310392954791 ) ;
#1299 = ORIENTED_EDGE ( 'NONE', *, *, #867, .T. ) ;
#1300 = CIRCLE ( 'NONE', #624, 38.03892417275068283 ) ;
#1301 = CIRCLE ( 'NONE', #1034, 38.00000000000000000 ) ;
#1302 = CARTESIAN_POINT ( 'NONE',  ( 0.000000000000000000, 0.000000000000000000, -191.6845644019025769 ) ) ;
#1303 = LINE ( 'NONE', #1093, #897 ) ;
#1304 =( NAMED_UNIT ( * ) PLANE_ANGLE_UNIT ( ) SI_UNIT ( $, .RADIAN. ) );
#1305 = ORIENTED_EDGE ( 'NONE', *, *, #153, .F. ) ;
#1306 = CYLINDRICAL_SURFACE ( 'NONE', #689, 38.25000000000000711 ) ;
#1307 = CC_DESIGN_PERSON_AND_ORGANIZATION_ASSIGNMENT ( #1194, #536, ( #324 ) ) ;
#1308 = ORIENTED_EDGE ( 'NONE', *, *, #609, .T. ) ;
#1309 = FACE_OUTER_BOUND ( 'NONE', #89, .T. ) ;
#1310 = DIRECTION ( 'NONE',  ( 0.000000000000000000, 0.000000000000000000, -1.000000000000000000 ) ) ;
#1311 = DIRECTION ( 'NONE',  ( 0.000000000000000000, 0.000000000000000000, 1.000000000000000000 ) ) ;
#1312 = VERTEX_POINT ( 'NONE', #618 ) ;
#1313 = CARTESIAN_POINT ( 'NONE',  ( 36.89199796489156569, 4.588195697651156274E-15, -188.5334105440288397 ) ) ;
#1314 = EDGE_LOOP ( 'NONE', ( #235, #551, #1274, #470 ) ) ;
#1315 = EDGE_CURVE ( 'NONE', #1146, #792, #301, .T. ) ;
#1316 = FACE_OUTER_BOUND ( 'NONE', #422, .T. ) ;
#1317 = EDGE_CURVE ( 'NONE', #1312, #564, #1036, .T. ) ;
#1318 = DIRECTION ( 'NONE',  ( -1.000000000000000000, 0.000000000000000000, 0.000000000000000000 ) ) ;
#1319 = ORIENTED_EDGE ( 'NONE', *, *, #1270, .F. ) ;
#1320 = CARTESIAN_POINT ( 'NONE',  ( 139.9999999999999716, 0.000000000000000000, -139.9999999999999716 ) ) ;
#1321 = AXIS2_PLACEMENT_3D ( 'NONE', #696, #1229, #1331 ) ;
#1322 = ORIENTED_EDGE ( 'NONE', *, *, #1000, .T. ) ;
#1323 = CIRCLE ( 'NONE', #1078, 6.500000000000005329 ) ;
#1324 = VECTOR ( 'NONE', #179, 1000.000000000000000 ) ;
#1325 = DIRECTION ( 'NONE',  ( -0.000000000000000000, -0.000000000000000000, -1.000000000000000000 ) ) ;
#1326 = VERTEX_POINT ( 'NONE', #1055 ) ;
#1327 = DIRECTION ( 'NONE',  ( -0.000000000000000000, -0.000000000000000000, 1.000000000000000000 ) ) ;
#1328 = ORIENTED_EDGE ( 'NONE', *, *, #752, .T. ) ;
#1329 = LINE ( 'NONE', #592, #82 ) ;
#1330 = ORIENTED_EDGE ( 'NONE', *, *, #1092, .F. ) ;
#1331 = DIRECTION ( 'NONE',  ( -1.000000000000000000, 0.000000000000000000, 0.000000000000000000 ) ) ;
#1332 = ADVANCED_FACE ( 'NONE', ( #296 ), #196, .F. ) ;
#1333 = ORIENTED_EDGE ( 'NONE', *, *, #249, .T. ) ;
#1334 = FACE_OUTER_BOUND ( 'NONE', #876, .T. ) ;
#1335 = DIRECTION ( 'NONE',  ( 0.000000000000000000, 0.000000000000000000, -1.000000000000000000 ) ) ;
#1336 = DIRECTION ( 'NONE',  ( -1.000000000000000000, 0.000000000000000000, 0.000000000000000000 ) ) ;
#1337 = ORIENTED_EDGE ( 'NONE', *, *, #268, .F. ) ;
#1338 = CARTESIAN_POINT ( 'NONE',  ( 38.25000000000000000, 4.684274006738626517E-15, -257.0000000000000568 ) ) ;
#1339 = EDGE_CURVE ( 'NONE', #1095, #1219, #1300, .T. ) ;
#1340 = ORIENTED_EDGE ( 'NONE', *, *, #208, .T. ) ;
#1341 = APPROVAL_ROLE ( '' ) ;
#1342 = DIRECTION ( 'NONE',  ( -0.000000000000000000, -0.000000000000000000, -1.000000000000000000 ) ) ;
#1343 = AXIS2_PLACEMENT_3D ( 'NONE', #325, #553, #462 ) ;
#1344 = ORIENTED_EDGE ( 'NONE', *, *, #1176, .F. ) ;
#1345 = DIRECTION ( 'NONE',  ( 0.000000000000000000, 0.000000000000000000, 1.000000000000000000 ) ) ;
#1346 = VECTOR ( 'NONE', #1287, 1000.000000000000000 ) ;
#1347 = CARTESIAN_POINT ( 'NONE',  ( -38.18376618407356915, -2.249999999999999112, -257.0000000000000568 ) ) ;
#1348 = ORIENTED_EDGE ( 'NONE', *, *, #1029, .T. ) ;
#1349 = CARTESIAN_POINT ( 'NONE',  ( 252.0000000000000568, 0.000000000000000000, 3.081487911019577365E-30 ) ) ;
#1350 = CALENDAR_DATE ( 2026, 16, 9 ) ;
#1351 = DIRECTION ( 'NONE',  ( -0.000000000000000000, -1.000000000000000000, -0.000000000000000000 ) ) ;
#1352 = EDGE_CURVE ( 'NONE', #216, #143, #305, .T. ) ;
#1353 = ORIENTED_EDGE ( 'NONE', *, *, #540, .F. ) ;
#1354 = CARTESIAN_POINT ( 'NONE',  ( -36.50000000000000000, 4.469960816887838430E-15, -140.0000000000010232 ) ) ;
#1355 = DIRECTION ( 'NONE',  ( -0.000000000000000000, -0.000000000000000000, -1.000000000000000000 ) ) ;
#1356 = AXIS2_PLACEMENT_3D ( 'NONE', #866, #776, #655 ) ;
#1357 = CARTESIAN_POINT ( 'NONE',  ( 39.75000000000000000, -2.250000000000000000, -257.0000000000000568 ) ) ;
#1358 = EDGE_CURVE ( 'NONE', #262, #804, #176, .T. ) ;
#1359 = ORIENTED_EDGE ( 'NONE', *, *, #1085, .F. ) ;
#1360 = VECTOR ( 'NONE', #1249, 1000.000000000000000 ) ;
#1361 = DIRECTION ( 'NONE',  ( -1.000000000000000000, 0.000000000000000000, 0.000000000000000000 ) ) ;
#1362 = LOCAL_TIME ( 0, 3, 58.00000000000000000, #1094 ) ;
#1363 = ADVANCED_FACE ( 'NONE', ( #524 ), #1193, .F. ) ;
#1364 = CARTESIAN_POINT ( 'NONE',  ( 0.000000000000000000, 0.000000000000000000, -186.3102796124120459 ) ) ;
#1365 = CIRCLE ( 'NONE', #715, 38.03892417275068283 ) ;
#1366 = FACE_OUTER_BOUND ( 'NONE', #1137, .T. ) ;
#1367 = ORIENTED_EDGE ( 'NONE', *, *, #449, .T. ) ;
#1368 = CARTESIAN_POINT ( 'NONE',  ( -6.938893903907228378E-15, 0.000000000000000000, -257.0000000000000568 ) ) ;
#1369 = DIRECTION ( 'NONE',  ( -0.000000000000000000, -0.000000000000000000, -1.000000000000000000 ) ) ;
#1370 = DIRECTION ( 'NONE',  ( -1.000000000000000000, 0.000000000000000000, 0.000000000000000000 ) ) ;
#1371 = ADVANCED_FACE ( 'NONE', ( #843 ), #1279, .F. ) ;
#1372 = FACE_OUTER_BOUND ( 'NONE', #154, .T. ) ;
#1373 = ORIENTED_EDGE ( 'NONE', *, *, #1389, .F. ) ;
#1374 = DIRECTION ( 'NONE',  ( -1.000000000000000000, 1.224646799147352961E-16, 0.000000000000000000 ) ) ;
#1375 = CARTESIAN_POINT ( 'NONE',  ( 0.000000000000000000, 0.000000000000000000, -257.0000000000000568 ) ) ;
#1376 = CARTESIAN_POINT ( 'NONE',  ( 2.249999999999999112, 38.18376618407356204, -257.0000000000000568 ) ) ;
#1377 = EDGE_CURVE ( 'NONE', #950, #271, #441, .T. ) ;
#1378 = CARTESIAN_POINT ( 'NONE',  ( 39.75000000000000000, -2.250000000000000000, -231.0000000000000568 ) ) ;
#1379 = ADVANCED_FACE ( 'NONE', ( #1043 ), #1236, .F. ) ;
#1380 = CARTESIAN_POINT ( 'NONE',  ( -38.00000000000000000, 4.653657836759941941E-15, -186.3102796124120459 ) ) ;
#1381 = AXIS2_PLACEMENT_3D ( 'NONE', #200, #1068, #308 ) ;
#1382 = VERTEX_POINT ( 'NONE', #331 ) ;
#1383 = DIRECTION ( 'NONE',  ( 1.000000000000000000, 0.000000000000000000, 2.751328491981789667E-32 ) ) ;
#1384 = LINE ( 'NONE', #1159, #20 ) ;
#1385 = VECTOR ( 'NONE', #498, 1000.000000000000000 ) ;
#1386 = CIRCLE ( 'NONE', #299, 38.25000000000000711 ) ;
#1387 = DIRECTION ( 'NONE',  ( -1.000000000000000000, 0.000000000000000000, 0.000000000000000000 ) ) ;
#1388 = VERTEX_POINT ( 'NONE', #1205 ) ;
#1389 = EDGE_CURVE ( 'NONE', #1158, #705, #803, .T. ) ;
#1390 = CARTESIAN_POINT ( 'NONE',  ( -2.249999999999999112, -38.18376618407356204, -257.0000000000000568 ) ) ;
#1391 = DIRECTION ( 'NONE',  ( -0.000000000000000000, -1.000000000000000000, -0.000000000000000000 ) ) ;
#1392 = CARTESIAN_POINT ( 'NONE',  ( 0.000000000000000000, 0.000000000000000000, -257.0000000000000568 ) ) ;
#1393 = COORDINATED_UNIVERSAL_TIME_OFFSET ( 1, 0, .AHEAD. ) ;
#1394 = ORIENTED_EDGE ( 'NONE', *, *, #614, .F. ) ;
#1395 = VERTEX_POINT ( 'NONE', #438 ) ;
ENDSEC;
END-ISO-10303-21;
