ISO-10303-21;
HEADER;
FILE_DESCRIPTION (( 'STEP AP203' ),
    '1' );
FILE_NAME ('79-8544 - 76mm 45deg.STEP',
    '2026-09-15T22:03:55',
    ( '' ),
    ( '' ),
    'SwSTEP 2.0',
    'SolidWorks 2026',
    '' );
FILE_SCHEMA (( 'CONFIG_CONTROL_DESIGN' ));
ENDSEC;

DATA;
#1 = DIRECTION ( 'NONE',  ( -0.000000000000000000, -0.000000000000000000, -1.000000000000000000 ) ) ;
#2 = DIRECTION ( 'NONE',  ( -0.000000000000000000, -0.000000000000000000, 1.000000000000000000 ) ) ;
#3 = DIRECTION ( 'NONE',  ( 1.000000000000000000, 0.000000000000000000, 0.000000000000000000 ) ) ;
#4 = VECTOR ( 'NONE', #1316, 1000.000000000000000 ) ;
#5 = APPROVAL_ROLE ( '' ) ;
#6 = VERTEX_POINT ( 'NONE', #404 ) ;
#7 = ORIENTED_EDGE ( 'NONE', *, *, #1293, .F. ) ;
#8 = FACE_OUTER_BOUND ( 'NONE', #54, .T. ) ;
#9 = DIRECTION ( 'NONE',  ( -0.000000000000000000, -0.000000000000000000, -1.000000000000000000 ) ) ;
#10 = TOROIDAL_SURFACE ( 'NONE', #861, 34.75000000000001421, 5.000000000000000000 ) ;
#11 = EDGE_CURVE ( 'NONE', #753, #1029, #633, .T. ) ;
#12 = DIRECTION ( 'NONE',  ( -0.000000000000000000, -0.000000000000000000, -1.000000000000000000 ) ) ;
#13 = PERSON_AND_ORGANIZATION ( #1032, #584 ) ;
#14 = ORIENTED_EDGE ( 'NONE', *, *, #507, .F. ) ;
#15 = ORIENTED_EDGE ( 'NONE', *, *, #1126, .T. ) ;
#16 = DIRECTION ( 'NONE',  ( -1.000000000000000000, 0.000000000000000000, 2.220446049250313081E-16 ) ) ;
#17 = DIRECTION ( 'NONE',  ( -0.7071067811865439090, 0.000000000000000000, -0.7071067811865512365 ) ) ;
#18 = DIRECTION ( 'NONE',  ( 1.000000000000000000, 0.000000000000000000, 0.000000000000000000 ) ) ;
#19 = DIRECTION ( 'NONE',  ( -0.000000000000000000, -0.000000000000000000, 1.000000000000000000 ) ) ;
#20 = AXIS2_PLACEMENT_3D ( 'NONE', #734, #1164, #1375 ) ;
#21 =( NAMED_UNIT ( * ) PLANE_ANGLE_UNIT ( ) SI_UNIT ( $, .RADIAN. ) );
#22 = EDGE_LOOP ( 'NONE', ( #928, #1284, #1187, #152 ) ) ;
#23 = ADVANCED_FACE ( 'NONE', ( #1380 ), #410, .F. ) ;
#24 = ORIENTED_EDGE ( 'NONE', *, *, #414, .F. ) ;
#25 = ADVANCED_BREP_SHAPE_REPRESENTATION ( '79-8544 - 76mm 45deg', ( #295, #181 ), #1130 ) ;
#26 = LINE ( 'NONE', #445, #1097 ) ;
#27 = CARTESIAN_POINT ( 'NONE',  ( -39.74999999999993605, 0.000000000000000000, -112.9999999999993179 ) ) ;
#28 = CARTESIAN_POINT ( 'NONE',  ( -39.68626966596890782, -2.250000000000000000, -151.9999999999990621 ) ) ;
#29 = LOCAL_TIME ( 0, 3, 55.00000000000000000, #1083 ) ;
#30 = COORDINATED_UNIVERSAL_TIME_OFFSET ( 1, 0, .AHEAD. ) ;
#31 = EDGE_LOOP ( 'NONE', ( #911, #153, #169, #7 ) ) ;
#32 = EDGE_CURVE ( 'NONE', #252, #516, #1223, .T. ) ;
#33 = AXIS2_PLACEMENT_3D ( 'NONE', #915, #569, #1008 ) ;
#34 = DIRECTION ( 'NONE',  ( 0.000000000000000000, 0.000000000000000000, 1.000000000000000000 ) ) ;
#35 = FACE_OUTER_BOUND ( 'NONE', #654, .T. ) ;
#36 = APPLICATION_CONTEXT ( 'configuration controlled 3d designs of mechanical parts and assemblies' ) ;
#37 = CYLINDRICAL_SURFACE ( 'NONE', #1092, 38.25000000000003553 ) ;
#38 = ORIENTED_EDGE ( 'NONE', *, *, #1192, .T. ) ;
#39 = EDGE_LOOP ( 'NONE', ( #798, #65 ) ) ;
#40 = CARTESIAN_POINT ( 'NONE',  ( -2.250000000000039080, 39.68626966596890782, -177.9999999999990337 ) ) ;
#41 = FACE_OUTER_BOUND ( 'NONE', #909, .T. ) ;
#42 = ORIENTED_EDGE ( 'NONE', *, *, #1103, .F. ) ;
#43 = DIRECTION ( 'NONE',  ( -1.000000000000000000, 0.000000000000000000, 0.000000000000000000 ) ) ;
#44 = PRODUCT_RELATED_PRODUCT_CATEGORY ( 'detail', '', ( #89 ) ) ;
#45 = EDGE_CURVE ( 'NONE', #516, #1298, #760, .T. ) ;
#46 = EDGE_LOOP ( 'NONE', ( #141, #969, #937, #981 ) ) ;
#47 = AXIS2_PLACEMENT_3D ( 'NONE', #918, #383, #1038 ) ;
#48 = EDGE_CURVE ( 'NONE', #368, #1329, #120, .T. ) ;
#49 = AXIS2_PLACEMENT_3D ( 'NONE', #1362, #390, #822 ) ;
#50 = DIRECTION ( 'NONE',  ( -1.000000000000000000, 0.000000000000000000, 0.000000000000000000 ) ) ;
#51 = DIRECTION ( 'NONE',  ( 0.3420201433256643275, 4.188538737676938147E-17, -0.9396926207859099822 ) ) ;
#52 = VECTOR ( 'NONE', #601, 1000.000000000000000 ) ;
#53 = VERTEX_POINT ( 'NONE', #1098 ) ;
#54 = EDGE_LOOP ( 'NONE', ( #1278, #391, #924, #455 ) ) ;
#55 = CARTESIAN_POINT ( 'NONE',  ( -38.25000000000005684, 0.000000000000000000, -177.9999999999990337 ) ) ;
#56 = CARTESIAN_POINT ( 'NONE',  ( 2.249999999999960476, 39.75000000000000000, -151.9999999999990621 ) ) ;
#57 = EDGE_CURVE ( 'NONE', #991, #819, #182, .T. ) ;
#58 = EDGE_LOOP ( 'NONE', ( #333, #996, #469, #1016 ) ) ;
#59 = AXIS2_PLACEMENT_3D ( 'NONE', #1313, #879, #768 ) ;
#60 = EDGE_LOOP ( 'NONE', ( #591, #1229, #380, #348 ) ) ;
#61 = CARTESIAN_POINT ( 'NONE',  ( 39.68626966596886518, -2.249999999999999112, -177.9999999999990337 ) ) ;
#62 = CARTESIAN_POINT ( 'NONE',  ( -38.18376618407361178, -2.249999999999999112, -151.9999999999990621 ) ) ;
#63 = AXIS2_PLACEMENT_3D ( 'NONE', #874, #665, #1078 ) ;
#64 = APPROVAL_DATE_TIME ( #1105, #245 ) ;
#65 = ORIENTED_EDGE ( 'NONE', *, *, #1143, .T. ) ;
#66 = ORIENTED_EDGE ( 'NONE', *, *, #533, .F. ) ;
#67 = EDGE_CURVE ( 'NONE', #1011, #363, #425, .T. ) ;
#68 = CONICAL_SURFACE ( 'NONE', #600, 38.34046106882108518, 0.3490658503988612327 ) ;
#69 = FACE_OUTER_BOUND ( 'NONE', #1057, .T. ) ;
#70 = ORIENTED_EDGE ( 'NONE', *, *, #656, .F. ) ;
#71 = ORIENTED_EDGE ( 'NONE', *, *, #829, .F. ) ;
#72 = EDGE_CURVE ( 'NONE', #161, #6, #558, .T. ) ;
#73 = CIRCLE ( 'NONE', #609, 39.75000000000003553 ) ;
#74 = DIRECTION ( 'NONE',  ( 0.000000000000000000, 0.000000000000000000, -1.000000000000000000 ) ) ;
#75 = DIRECTION ( 'NONE',  ( 0.000000000000000000, 0.000000000000000000, -1.000000000000000000 ) ) ;
#76 = ORIENTED_EDGE ( 'NONE', *, *, #1331, .F. ) ;
#77 = DIRECTION ( 'NONE',  ( -0.000000000000000000, -1.000000000000000000, -0.000000000000000000 ) ) ;
#78 = ORIENTED_EDGE ( 'NONE', *, *, #578, .F. ) ;
#79 = FACE_OUTER_BOUND ( 'NONE', #683, .T. ) ;
#80 = CARTESIAN_POINT ( 'NONE',  ( -37.99999999999998579, 4.653657836759941941E-15, -177.9999999999990337 ) ) ;
#81 = DIRECTION ( 'NONE',  ( 0.000000000000000000, -1.000000000000000000, 0.000000000000000000 ) ) ;
#82 = EDGE_CURVE ( 'NONE', #1395, #819, #993, .T. ) ;
#83 = EDGE_CURVE ( 'NONE', #870, #567, #724, .T. ) ;
#84 = CARTESIAN_POINT ( 'NONE',  ( 41.00505063388281002, 0.000000000000000000, 41.00505063388339266 ) ) ;
#85 = CYLINDRICAL_SURFACE ( 'NONE', #403, 38.00000000000000000 ) ;
#86 = CARTESIAN_POINT ( 'NONE',  ( -2.081668171172168513E-14, 0.000000000000000000, -151.9999999999990621 ) ) ;
#87 = VERTEX_POINT ( 'NONE', #976 ) ;
#88 = DIRECTION ( 'NONE',  ( 0.7071067811865513475, 0.000000000000000000, -0.7071067811865435759 ) ) ;
#89 = PRODUCT ( '79-8544 - 76mm 45deg', '79-8544 - 76mm 45deg', '', ( #322 ) ) ;
#90 = ORIENTED_EDGE ( 'NONE', *, *, #72, .F. ) ;
#91 = CARTESIAN_POINT ( 'NONE',  ( 1.387778780781445676E-14, 0.000000000000000000, -177.9999999999990337 ) ) ;
#92 = CARTESIAN_POINT ( 'NONE',  ( 140.0000000000000000, 0.000000000000000000, -57.98989873223289493 ) ) ;
#93 = VERTEX_POINT ( 'NONE', #417 ) ;
#94 = AXIS2_PLACEMENT_3D ( 'NONE', #803, #1233, #598 ) ;
#95 = DIRECTION ( 'NONE',  ( 0.000000000000000000, 0.000000000000000000, 1.000000000000000000 ) ) ;
#96 = ADVANCED_FACE ( 'NONE', ( #966 ), #292, .F. ) ;
#97 = CARTESIAN_POINT ( 'NONE',  ( 39.74999999999995737, 2.250000000000000000, -151.9999999999990621 ) ) ;
#98 = CARTESIAN_POINT ( 'NONE',  ( -2.081668171172168513E-14, 0.000000000000000000, -177.9999999999990337 ) ) ;
#99 = CARTESIAN_POINT ( 'NONE',  ( 1.387778780781445676E-14, 0.000000000000000000, -57.98989873223284519 ) ) ;
#100 = PERSON_AND_ORGANIZATION ( #1032, #584 ) ;
#101 = ORIENTED_EDGE ( 'NONE', *, *, #186, .T. ) ;
#102 = DIRECTION ( 'NONE',  ( 0.000000000000000000, 0.000000000000000000, 1.000000000000000000 ) ) ;
#103 = EDGE_CURVE ( 'NONE', #587, #1208, #1190, .T. ) ;
#104 = DIRECTION ( 'NONE',  ( -1.000000000000000000, 0.000000000000000000, 0.000000000000000000 ) ) ;
#105 = CARTESIAN_POINT ( 'NONE',  ( -2.250000000000039080, -39.68626966596889361, -151.9999999999990621 ) ) ;
#106 = CARTESIAN_POINT ( 'NONE',  ( -2.250000000000039080, 39.75000000000000000, -177.9999999999990337 ) ) ;
#107 = DIRECTION ( 'NONE',  ( -0.000000000000000000, -0.000000000000000000, -1.000000000000000000 ) ) ;
#108 = CIRCLE ( 'NONE', #47, 39.75000000000004974 ) ;
#109 = DATE_AND_TIME ( #532, #1328 ) ;
#110 = CIRCLE ( 'NONE', #349, 6.499999999999999112 ) ;
#111 = ORIENTED_EDGE ( 'NONE', *, *, #372, .F. ) ;
#112 = PLANE ( 'NONE',  #765 ) ;
#113 = AXIS2_PLACEMENT_3D ( 'NONE', #126, #1, #104 ) ;
#114 = ORIENTED_EDGE ( 'NONE', *, *, #1331, .T. ) ;
#115 = AXIS2_PLACEMENT_3D ( 'NONE', #1051, #190, #311 ) ;
#116 = ADVANCED_FACE ( 'NONE', ( #786 ), #796, .T. ) ;
#117 = PLANE ( 'NONE',  #288 ) ;
#118 = CARTESIAN_POINT ( 'NONE',  ( -38.18376618407361889, 2.250000000000000000, -177.9999999999990337 ) ) ;
#119 = AXIS2_PLACEMENT_3D ( 'NONE', #1212, #675, #139 ) ;
#120 = LINE ( 'NONE', #666, #794 ) ;
#121 = DIRECTION ( 'NONE',  ( -1.000000000000000000, 0.000000000000000000, 0.000000000000000000 ) ) ;
#122 = AXIS2_PLACEMENT_3D ( 'NONE', #1240, #690, #1122 ) ;
#123 = PERSON_AND_ORGANIZATION_ROLE ( 'design_supplier' ) ;
#124 = ORIENTED_EDGE ( 'NONE', *, *, #1169, .F. ) ;
#125 = ORIENTED_EDGE ( 'NONE', *, *, #353, .F. ) ;
#126 = CARTESIAN_POINT ( 'NONE',  ( -2.081668171172168513E-14, 0.000000000000000000, -177.9999999999993179 ) ) ;
#127 = CARTESIAN_POINT ( 'NONE',  ( 36.50000000000001421, 0.000000000000000000, -177.9999999999990337 ) ) ;
#128 = VECTOR ( 'NONE', #892, 1000.000000000000000 ) ;
#129 = EDGE_CURVE ( 'NONE', #226, #1308, #1010, .T. ) ;
#130 = LINE ( 'NONE', #321, #979 ) ;
#131 = ORIENTED_EDGE ( 'NONE', *, *, #647, .F. ) ;
#132 = CARTESIAN_POINT ( 'NONE',  ( 140.0000000000000000, 0.000000000000000000, -57.98989873223289493 ) ) ;
#133 = DIRECTION ( 'NONE',  ( 0.3420201433256643275, 4.188538737676938147E-17, -0.9396926207859099822 ) ) ;
#134 = FACE_OUTER_BOUND ( 'NONE', #904, .T. ) ;
#135 = CIRCLE ( 'NONE', #1346, 38.25000000000003553 ) ;
#136 = DIRECTION ( 'NONE',  ( -0.000000000000000000, -0.000000000000000000, -1.000000000000000000 ) ) ;
#137 = ORIENTED_EDGE ( 'NONE', *, *, #791, .F. ) ;
#138 = DIRECTION ( 'NONE',  ( -1.000000000000000000, 1.224646799147354193E-16, 0.000000000000000000 ) ) ;
#139 = DIRECTION ( 'NONE',  ( -0.7071067811865511255, 0.000000000000000000, 0.7071067811865439090 ) ) ;
#140 = CARTESIAN_POINT ( 'NONE',  ( -38.34046106882107097, 0.000000000000000000, -113.5130302149878219 ) ) ;
#141 = ORIENTED_EDGE ( 'NONE', *, *, #259, .T. ) ;
#142 = ORIENTED_EDGE ( 'NONE', *, *, #705, .F. ) ;
#143 = EDGE_CURVE ( 'NONE', #534, #753, #73, .T. ) ;
#144 = FACE_OUTER_BOUND ( 'NONE', #31, .T. ) ;
#145 = CARTESIAN_POINT ( 'NONE',  ( 38.18376618407356915, -2.250000000000000000, -151.9999999999990621 ) ) ;
#146 = EDGE_CURVE ( 'NONE', #704, #312, #1020, .T. ) ;
#147 = VERTEX_POINT ( 'NONE', #351 ) ;
#148 = VERTEX_POINT ( 'NONE', #40 ) ;
#149 = DIRECTION ( 'NONE',  ( -1.000000000000000000, 1.224646799147351728E-16, 0.000000000000000000 ) ) ;
#150 = LINE ( 'NONE', #1021, #271 ) ;
#151 = AXIS2_PLACEMENT_3D ( 'NONE', #329, #697, #474 ) ;
#152 = ORIENTED_EDGE ( 'NONE', *, *, #408, .F. ) ;
#153 = ORIENTED_EDGE ( 'NONE', *, *, #1323, .T. ) ;
#154 = DIRECTION ( 'NONE',  ( 0.000000000000000000, 0.000000000000000000, 1.000000000000000000 ) ) ;
#155 = VECTOR ( 'NONE', #1073, 1000.000000000000000 ) ;
#156 = VECTOR ( 'NONE', #1374, 1000.000000000000000 ) ;
#157 = ADVANCED_FACE ( 'NONE', ( #907 ), #465, .T. ) ;
#158 = FACE_OUTER_BOUND ( 'NONE', #192, .T. ) ;
#159 = CARTESIAN_POINT ( 'NONE',  ( 2.249999999999960476, 39.75000000000000000, -151.9999999999990621 ) ) ;
#160 = CIRCLE ( 'NONE', #1369, 38.30153689607044498 ) ;
#161 = VERTEX_POINT ( 'NONE', #686 ) ;
#162 = CARTESIAN_POINT ( 'NONE',  ( -2.081668171172168513E-14, 0.000000000000000000, -177.9999999999990337 ) ) ;
#163 = APPROVAL_PERSON_ORGANIZATION ( #345, #999, #5 ) ;
#164 = ORIENTED_EDGE ( 'NONE', *, *, #1293, .T. ) ;
#165 = CIRCLE ( 'NONE', #49, 38.25000000000003553 ) ;
#166 = DIRECTION ( 'NONE',  ( -1.000000000000000000, 0.000000000000000000, 0.000000000000000000 ) ) ;
#167 = CARTESIAN_POINT ( 'NONE',  ( 1.387778780781445676E-14, 0.000000000000000000, -177.9999999999990337 ) ) ;
#168 = ADVANCED_FACE ( 'NONE', ( #144 ), #183, .T. ) ;
#169 = ORIENTED_EDGE ( 'NONE', *, *, #353, .T. ) ;
#170 = ORIENTED_EDGE ( 'NONE', *, *, #188, .T. ) ;
#171 = CARTESIAN_POINT ( 'NONE',  ( 1.387778780781445676E-14, 0.000000000000000000, -107.3102796124114775 ) ) ;
#172 = CARTESIAN_POINT ( 'NONE',  ( -3.952393967665535827E-14, 0.000000000000000000, -151.9999999999990621 ) ) ;
#173 = DIRECTION ( 'NONE',  ( 0.000000000000000000, 0.000000000000000000, 1.000000000000000000 ) ) ;
#174 = ORIENTED_EDGE ( 'NONE', *, *, #1214, .T. ) ;
#175 = LINE ( 'NONE', #706, #52 ) ;
#176 = VERTEX_POINT ( 'NONE', #272 ) ;
#177 = CARTESIAN_POINT ( 'NONE',  ( 15.19565312057380702, 4.469960816887838430E-15, 66.81444814719212388 ) ) ;
#178 = CARTESIAN_POINT ( 'NONE',  ( 39.75000000000001421, 4.867971026610733972E-15, -113.8816349035417943 ) ) ;
#179 = DIRECTION ( 'NONE',  ( 1.000000000000000000, 0.000000000000000000, 0.000000000000000000 ) ) ;
#180 = AXIS2_PLACEMENT_3D ( 'NONE', #1047, #730, #1161 ) ;
#181 = AXIS2_PLACEMENT_3D ( 'NONE', #427, #643, #1093 ) ;
#182 = CIRCLE ( 'NONE', #971, 39.44846310392956212 ) ;
#183 = TOROIDAL_SURFACE ( 'NONE', #122, 43.00000000000000000, 6.500000000000000888 ) ;
#184 = CYLINDRICAL_SURFACE ( 'NONE', #718, 36.50000000000000711 ) ;
#185 = CARTESIAN_POINT ( 'NONE',  ( 2.249999999999960476, 39.75000000000000000, -151.9999999999990621 ) ) ;
#186 = EDGE_CURVE ( 'NONE', #1108, #513, #901, .T. ) ;
#187 = PLANE ( 'NONE',  #673 ) ;
#188 = EDGE_CURVE ( 'NONE', #704, #1376, #1287, .T. ) ;
#189 = ORIENTED_EDGE ( 'NONE', *, *, #1169, .T. ) ;
#190 = DIRECTION ( 'NONE',  ( 0.000000000000000000, 0.000000000000000000, -1.000000000000000000 ) ) ;
#191 = VECTOR ( 'NONE', #220, 1000.000000000000000 ) ;
#192 = EDGE_LOOP ( 'NONE', ( #71, #461, #1005, #66 ) ) ;
#193 = DIRECTION ( 'NONE',  ( 1.000000000000000000, 0.000000000000000000, 0.000000000000000000 ) ) ;
#194 = CARTESIAN_POINT ( 'NONE',  ( -39.68626966596890782, 2.250000000000000000, -151.9999999999990621 ) ) ;
#195 = CARTESIAN_POINT ( 'NONE',  ( 2.249999999999960476, 39.75000000000000000, -177.9999999999990337 ) ) ;
#196 = DIRECTION ( 'NONE',  ( 0.000000000000000000, 0.000000000000000000, -1.000000000000000000 ) ) ;
#197 = ORIENTED_EDGE ( 'NONE', *, *, #853, .F. ) ;
#198 = AXIS2_PLACEMENT_3D ( 'NONE', #99, #742, #518 ) ;
#199 = PLANE ( 'NONE',  #830 ) ;
#200 = ADVANCED_FACE ( 'NONE', ( #158 ), #1224, .F. ) ;
#201 = LINE ( 'NONE', #416, #579 ) ;
#202 = FACE_OUTER_BOUND ( 'NONE', #407, .T. ) ;
#203 = CARTESIAN_POINT ( 'NONE',  ( -2.250000000000039080, 39.75000000000000000, -151.9999999999990621 ) ) ;
#204 = ADVANCED_FACE ( 'NONE', ( #480 ), #1110, .T. ) ;
#205 = CC_DESIGN_APPROVAL ( #999, ( #1372 ) ) ;
#206 = DIRECTION ( 'NONE',  ( -2.220446049250313081E-16, 0.000000000000000000, -1.000000000000000000 ) ) ;
#207 = FACE_OUTER_BOUND ( 'NONE', #22, .T. ) ;
#208 = CARTESIAN_POINT ( 'NONE',  ( 39.68626966596886518, -2.250000000000000000, -151.9999999999990621 ) ) ;
#209 = ORIENTED_EDGE ( 'NONE', *, *, #489, .F. ) ;
#210 = FACE_OUTER_BOUND ( 'NONE', #814, .T. ) ;
#211 = ORIENTED_EDGE ( 'NONE', *, *, #640, .F. ) ;
#212 = CARTESIAN_POINT ( 'NONE',  ( -42.99999999999998579, 5.265981236333618470E-15, -107.3102796124114775 ) ) ;
#213 = LINE ( 'NONE', #309, #556 ) ;
#214 = EDGE_LOOP ( 'NONE', ( #1139, #90, #962, #958 ) ) ;
#215 = CARTESIAN_POINT ( 'NONE',  ( 41.00505063388290239, 0.000000000000000000, 41.00505063388327898 ) ) ;
#216 = EDGE_CURVE ( 'NONE', #1023, #863, #582, .T. ) ;
#217 = EDGE_LOOP ( 'NONE', ( #960, #250, #211, #209 ) ) ;
#218 = AXIS2_PLACEMENT_3D ( 'NONE', #902, #267, #884 ) ;
#219 = LINE ( 'NONE', #127, #782 ) ;
#220 = DIRECTION ( 'NONE',  ( -0.000000000000000000, -1.000000000000000000, -0.000000000000000000 ) ) ;
#221 = VECTOR ( 'NONE', #827, 1000.000000000000114 ) ;
#222 = CALENDAR_DATE ( 2026, 16, 9 ) ;
#223 = AXIS2_PLACEMENT_3D ( 'NONE', #185, #1059, #631 ) ;
#224 = CIRCLE ( 'NONE', #1017, 36.50000000000000000 ) ;
#225 = EDGE_CURVE ( 'NONE', #493, #753, #589, .T. ) ;
#226 = VERTEX_POINT ( 'NONE', #810 ) ;
#227 = AXIS2_PLACEMENT_3D ( 'NONE', #162, #279, #712 ) ;
#228 = ADVANCED_FACE ( 'NONE', ( #1137 ), #1013, .T. ) ;
#229 = LINE ( 'NONE', #548, #1394 ) ;
#230 = CARTESIAN_POINT ( 'NONE',  ( -38.03892417275067572, 0.000000000000000000, -112.6845644019019517 ) ) ;
#231 = ADVANCED_FACE ( 'NONE', ( #35 ), #362, .T. ) ;
#232 = APPROVAL_STATUS ( 'not_yet_approved' ) ;
#233 = AXIS2_PLACEMENT_3D ( 'NONE', #56, #466, #367 ) ;
#234 = VERTEX_POINT ( 'NONE', #843 ) ;
#235 = AXIS2_PLACEMENT_3D ( 'NONE', #551, #344, #988 ) ;
#236 = DIRECTION ( 'NONE',  ( 0.7071067811865435759, 0.000000000000000000, 0.7071067811865513475 ) ) ;
#237 = CARTESIAN_POINT ( 'NONE',  ( 1.387778780781445676E-14, 0.000000000000000000, -109.0203803290397957 ) ) ;
#238 = PERSON_AND_ORGANIZATION_ROLE ( 'design_owner' ) ;
#239 = ORIENTED_EDGE ( 'NONE', *, *, #1192, .F. ) ;
#240 = CIRCLE ( 'NONE', #1030, 39.75000000000003553 ) ;
#241 = DIRECTION ( 'NONE',  ( -0.000000000000000000, -1.000000000000000000, -0.000000000000000000 ) ) ;
#242 = DIRECTION ( 'NONE',  ( 0.000000000000000000, -0.000000000000000000, -1.000000000000000000 ) ) ;
#243 = AXIS2_PLACEMENT_3D ( 'NONE', #723, #627, #1156 ) ;
#244 = ORIENTED_EDGE ( 'NONE', *, *, #1366, .F. ) ;
#245 = APPROVAL ( #566, 'UNSPECIFIED' ) ;
#246 = EDGE_CURVE ( 'NONE', #1031, #340, #486, .T. ) ;
#247 = ADVANCED_FACE ( 'NONE', ( #617 ), #293, .T. ) ;
#248 = DIRECTION ( 'NONE',  ( -0.000000000000000000, -0.000000000000000000, -1.000000000000000000 ) ) ;
#249 = DIRECTION ( 'NONE',  ( -1.000000000000000000, 0.000000000000000000, 2.220446049250313081E-16 ) ) ;
#250 = ORIENTED_EDGE ( 'NONE', *, *, #1366, .T. ) ;
#251 = VECTOR ( 'NONE', #574, 1000.000000000000000 ) ;
#252 = VERTEX_POINT ( 'NONE', #941 ) ;
#253 = DIRECTION ( 'NONE',  ( -1.000000000000000000, 0.000000000000000000, 0.000000000000000000 ) ) ;
#254 = CIRCLE ( 'NONE', #475, 39.75000000000003553 ) ;
#255 = LINE ( 'NONE', #159, #775 ) ;
#256 = COORDINATED_UNIVERSAL_TIME_OFFSET ( 1, 0, .AHEAD. ) ;
#257 = ORIENTED_EDGE ( 'NONE', *, *, #919, .T. ) ;
#258 = VERTEX_POINT ( 'NONE', #820 ) ;
#259 = EDGE_CURVE ( 'NONE', #989, #872, #605, .T. ) ;
#260 = FACE_OUTER_BOUND ( 'NONE', #688, .T. ) ;
#261 = DIRECTION ( 'NONE',  ( 1.000000000000000000, 0.000000000000000000, 0.000000000000000000 ) ) ;
#262 = DIRECTION ( 'NONE',  ( -0.000000000000000000, -0.000000000000000000, -1.000000000000000000 ) ) ;
#263 = ORIENTED_EDGE ( 'NONE', *, *, #186, .F. ) ;
#264 = DIRECTION ( 'NONE',  ( -2.220446049250313081E-16, 0.000000000000000000, -1.000000000000000000 ) ) ;
#265 = VERTEX_POINT ( 'NONE', #920 ) ;
#266 = EDGE_CURVE ( 'NONE', #516, #252, #470, .T. ) ;
#267 = DIRECTION ( 'NONE',  ( -0.000000000000000000, -0.000000000000000000, 1.000000000000000000 ) ) ;
#268 = DIRECTION ( 'NONE',  ( 0.000000000000000000, 0.000000000000000000, 1.000000000000000000 ) ) ;
#269 = VERTEX_POINT ( 'NONE', #597 ) ;
#270 = ORIENTED_EDGE ( 'NONE', *, *, #266, .T. ) ;
#271 = VECTOR ( 'NONE', #481, 1000.000000000000000 ) ;
#272 = CARTESIAN_POINT ( 'NONE',  ( -36.89199796489156569, 0.000000000000000000, -109.5334105440282855 ) ) ;
#273 = DIRECTION ( 'NONE',  ( -1.000000000000000000, 0.000000000000000000, 0.000000000000000000 ) ) ;
#274 = VERTEX_POINT ( 'NONE', #510 ) ;
#275 = ORIENTED_EDGE ( 'NONE', *, *, #347, .F. ) ;
#276 = CARTESIAN_POINT ( 'NONE',  ( 1.387778780781445676E-14, 0.000000000000000000, -107.3102796124114775 ) ) ;
#277 = DIRECTION ( 'NONE',  ( 0.000000000000000000, 0.000000000000000000, 1.000000000000000000 ) ) ;
#278 = LINE ( 'NONE', #302, #893 ) ;
#279 = DIRECTION ( 'NONE',  ( -0.000000000000000000, -0.000000000000000000, -1.000000000000000000 ) ) ;
#280 = ORIENTED_EDGE ( 'NONE', *, *, #894, .T. ) ;
#281 = AXIS2_PLACEMENT_3D ( 'NONE', #203, #521, #727 ) ;
#282 = APPROVAL ( #232, 'UNSPECIFIED' ) ;
#283 = ADVANCED_FACE ( 'NONE', ( #79 ), #746, .T. ) ;
#284 = CIRCLE ( 'NONE', #717, 36.50000000000000000 ) ;
#285 = CARTESIAN_POINT ( 'NONE',  ( 1.387778780781445676E-14, 0.000000000000000000, -57.98989873223284519 ) ) ;
#286 = DIRECTION ( 'NONE',  ( 0.000000000000000000, 1.000000000000000000, 0.000000000000000000 ) ) ;
#287 = ADVANCED_FACE ( 'NONE', ( #384 ), #199, .T. ) ;
#288 = AXIS2_PLACEMENT_3D ( 'NONE', #364, #206, #16 ) ;
#289 = TOROIDAL_SURFACE ( 'NONE', #531, 139.9999999999999716, 38.00000000000000000 ) ;
#290 = DIRECTION ( 'NONE',  ( -1.000000000000000000, 0.000000000000000000, 0.000000000000000000 ) ) ;
#291 = FACE_OUTER_BOUND ( 'NONE', #214, .T. ) ;
#292 = TOROIDAL_SURFACE ( 'NONE', #151, 34.75000000000001421, 3.500000000000000000 ) ;
#293 = CYLINDRICAL_SURFACE ( 'NONE', #1087, 38.00000000000000000 ) ;
#294 = CARTESIAN_POINT ( 'NONE',  ( -2.250000000000038636, 39.68626966596888650, -177.9999999999990337 ) ) ;
#295 = MANIFOLD_SOLID_BREP ( 'Cut-Extrude-Thin1', #467 ) ;
#296 = PLANE ( 'NONE',  #20 ) ;
#297 = CARTESIAN_POINT ( 'NONE',  ( 2.249999999999960476, 39.68626966596890782, -177.9999999999990337 ) ) ;
#298 = AXIS2_PLACEMENT_3D ( 'NONE', #1111, #385, #1132 ) ;
#299 = ADVANCED_FACE ( 'NONE', ( #816 ), #832, .T. ) ;
#300 = ORIENTED_EDGE ( 'NONE', *, *, #429, .F. ) ;
#301 = DIRECTION ( 'NONE',  ( -0.7071067811865512365, 0.000000000000000000, 0.7071067811865439090 ) ) ;
#302 = CARTESIAN_POINT ( 'NONE',  ( -2.250000000000039080, 39.75000000000000000, -151.9999999999990621 ) ) ;
#303 = DIRECTION ( 'NONE',  ( -0.7071067811865437980, 0.000000000000000000, -0.7071067811865512365 ) ) ;
#304 = AXIS2_PLACEMENT_3D ( 'NONE', #320, #17, #438 ) ;
#305 = ORIENTED_EDGE ( 'NONE', *, *, #619, .T. ) ;
#306 = AXIS2_PLACEMENT_3D ( 'NONE', #418, #614, #290 ) ;
#307 = CARTESIAN_POINT ( 'NONE',  ( 115.1299423149110623, 0.000000000000000000, 115.1299423149122134 ) ) ;
#308 = ADVANCED_FACE ( 'NONE', ( #1247 ), #1373, .F. ) ;
#309 = CARTESIAN_POINT ( 'NONE',  ( 2.249999999999959588, 38.18376618407359757, -177.9999999999990337 ) ) ;
#310 = VERTEX_POINT ( 'NONE', #1279 ) ;
#311 = DIRECTION ( 'NONE',  ( -1.000000000000000000, 0.000000000000000000, 0.000000000000000000 ) ) ;
#312 = VERTEX_POINT ( 'NONE', #401 ) ;
#313 = ADVANCED_FACE ( 'NONE', ( #625 ), #1322, .F. ) ;
#314 = CARTESIAN_POINT ( 'NONE',  ( -2.250000000000038636, -39.68626966596888650, -177.9999999999990337 ) ) ;
#315 = APPLICATION_CONTEXT ( 'configuration controlled 3d designs of mechanical parts and assemblies' ) ;
#316 = EDGE_CURVE ( 'NONE', #319, #534, #1272, .T. ) ;
#317 = LINE ( 'NONE', #514, #940 ) ;
#318 = CARTESIAN_POINT ( 'NONE',  ( 38.18376618407356915, 2.250000000000000000, -177.9999999999990337 ) ) ;
#319 = VERTEX_POINT ( 'NONE', #178 ) ;
#320 = CARTESIAN_POINT ( 'NONE',  ( 115.1299423149110481, 0.000000000000000000, 115.1299423149122276 ) ) ;
#321 = CARTESIAN_POINT ( 'NONE',  ( -39.75000000000005684, 0.000000000000000000, -177.9999999999990337 ) ) ;
#322 = MECHANICAL_CONTEXT ( 'NONE', #36, 'mechanical' ) ;
#323 = EDGE_LOOP ( 'NONE', ( #124, #661, #1084, #883 ) ) ;
#324 = ORIENTED_EDGE ( 'NONE', *, *, #888, .T. ) ;
#325 = EDGE_CURVE ( 'NONE', #265, #1117, #224, .T. ) ;
#326 = ADVANCED_FACE ( 'NONE', ( #926 ), #184, .F. ) ;
#327 = CARTESIAN_POINT ( 'NONE',  ( 1.387778780781445676E-14, 0.000000000000000000, -113.5130302149878219 ) ) ;
#328 = CARTESIAN_POINT ( 'NONE',  ( -2.081668171172168513E-14, 0.000000000000000000, -151.9999999999990621 ) ) ;
#329 = CARTESIAN_POINT ( 'NONE',  ( -3.469446951953614189E-15, 0.000000000000000000, -113.8816349035417943 ) ) ;
#330 = CARTESIAN_POINT ( 'NONE',  ( 36.50000000000001421, 0.000000000000000000, -107.3102796124114775 ) ) ;
#331 = PERSON_AND_ORGANIZATION_ROLE ( 'creator' ) ;
#332 = CIRCLE ( 'NONE', #1321, 38.25000000000003553 ) ;
#333 = ORIENTED_EDGE ( 'NONE', *, *, #713, .F. ) ;
#334 = CARTESIAN_POINT ( 'NONE',  ( -2.081668171172168513E-14, 0.000000000000000000, -177.9999999999993179 ) ) ;
#335 = ORIENTED_EDGE ( 'NONE', *, *, #456, .T. ) ;
#336 = CONICAL_SURFACE ( 'NONE', #990, 39.74999999999995026, 0.3490658503988612327 ) ;
#337 = CARTESIAN_POINT ( 'NONE',  ( -42.99999999999998579, 5.265981236333618470E-15, -107.3102796124114775 ) ) ;
#338 = DIRECTION ( 'NONE',  ( -1.000000000000000000, 0.000000000000000000, 0.000000000000000000 ) ) ;
#339 = DIRECTION ( 'NONE',  ( -1.000000000000000000, 0.000000000000000000, 0.000000000000000000 ) ) ;
#340 = VERTEX_POINT ( 'NONE', #759 ) ;
#341 = AXIS2_PLACEMENT_3D ( 'NONE', #359, #682, #1123 ) ;
#342 = ORIENTED_EDGE ( 'NONE', *, *, #146, .T. ) ;
#343 = DIRECTION ( 'NONE',  ( 0.000000000000000000, 0.000000000000000000, -1.000000000000000000 ) ) ;
#344 = DIRECTION ( 'NONE',  ( 0.000000000000000000, 0.000000000000000000, -1.000000000000000000 ) ) ;
#345 = PERSON_AND_ORGANIZATION ( #1032, #584 ) ;
#346 = ORIENTED_EDGE ( 'NONE', *, *, #32, .T. ) ;
#347 = EDGE_CURVE ( 'NONE', #872, #87, #973, .T. ) ;
#348 = ORIENTED_EDGE ( 'NONE', *, *, #778, .F. ) ;
#349 = AXIS2_PLACEMENT_3D ( 'NONE', #337, #779, #639 ) ;
#350 = AXIS2_PLACEMENT_3D ( 'NONE', #171, #593, #485 ) ;
#351 = CARTESIAN_POINT ( 'NONE',  ( 38.25000000000001421, 4.684274006738630461E-15, -151.9999999999990621 ) ) ;
#352 = DIRECTION ( 'NONE',  ( -1.000000000000000000, 0.000000000000000000, 0.000000000000000000 ) ) ;
#353 = EDGE_CURVE ( 'NONE', #176, #1011, #395, .T. ) ;
#354 = VERTEX_POINT ( 'NONE', #851 ) ;
#355 = VECTOR ( 'NONE', #1168, 1000.000000000000000 ) ;
#356 = ORIENTED_EDGE ( 'NONE', *, *, #931, .T. ) ;
#357 = AXIS2_PLACEMENT_3D ( 'NONE', #327, #865, #1197 ) ;
#358 = CARTESIAN_POINT ( 'NONE',  ( 140.0000000000000000, 0.000000000000000000, -57.98989873223289493 ) ) ;
#359 = CARTESIAN_POINT ( 'NONE',  ( 1.387778780781445676E-14, 0.000000000000000000, -109.5334105440282855 ) ) ;
#360 = VECTOR ( 'NONE', #859, 1000.000000000000000 ) ;
#361 = ORIENTED_EDGE ( 'NONE', *, *, #225, .T. ) ;
#362 = CONICAL_SURFACE ( 'NONE', #1155, 39.74999999999995026, 0.3490658503988612327 ) ;
#363 = VERTEX_POINT ( 'NONE', #1063 ) ;
#364 = CARTESIAN_POINT ( 'NONE',  ( 1.387778780781445676E-14, 0.000000000000000000, -177.9999999999990337 ) ) ;
#365 = DIRECTION ( 'NONE',  ( -2.220446049250313081E-16, 0.000000000000000000, -1.000000000000000000 ) ) ;
#366 = CIRCLE ( 'NONE', #1160, 38.25000000000003553 ) ;
#367 = DIRECTION ( 'NONE',  ( -0.000000000000000000, 0.000000000000000000, -1.000000000000000000 ) ) ;
#368 = VERTEX_POINT ( 'NONE', #1089 ) ;
#369 = ORIENTED_EDGE ( 'NONE', *, *, #266, .F. ) ;
#370 = ADVANCED_FACE ( 'NONE', ( #800 ), #657, .T. ) ;
#371 = AXIS2_PLACEMENT_3D ( 'NONE', #1069, #136, #869 ) ;
#372 = EDGE_CURVE ( 'NONE', #6, #711, #1198, .T. ) ;
#373 = DIRECTION ( 'NONE',  ( 0.000000000000000000, 0.000000000000000000, -1.000000000000000000 ) ) ;
#374 = PLANE ( 'NONE',  #94 ) ;
#375 = VERTEX_POINT ( 'NONE', #1077 ) ;
#376 = CIRCLE ( 'NONE', #198, 36.50000000000000000 ) ;
#377 = ORIENTED_EDGE ( 'NONE', *, *, #603, .T. ) ;
#378 = DIRECTION ( 'NONE',  ( 1.224646799147353207E-16, 1.000000000000000000, -0.000000000000000000 ) ) ;
#379 = CARTESIAN_POINT ( 'NONE',  ( 38.00000000000001421, 0.000000000000000000, -177.9999999999990337 ) ) ;
#380 = ORIENTED_EDGE ( 'NONE', *, *, #1333, .T. ) ;
#381 = SECURITY_CLASSIFICATION ( '', '', #544 ) ;
#382 = ORIENTED_EDGE ( 'NONE', *, *, #57, .T. ) ;
#383 = DIRECTION ( 'NONE',  ( -0.000000000000000000, -0.000000000000000000, -1.000000000000000000 ) ) ;
#384 = FACE_OUTER_BOUND ( 'NONE', #672, .T. ) ;
#385 = DIRECTION ( 'NONE',  ( -0.000000000000000000, -0.000000000000000000, -1.000000000000000000 ) ) ;
#386 = ADVANCED_FACE ( 'NONE', ( #638 ), #117, .T. ) ;
#387 = ORIENTED_EDGE ( 'NONE', *, *, #1082, .F. ) ;
#388 = EDGE_CURVE ( 'NONE', #624, #147, #524, .T. ) ;
#389 = DIRECTION ( 'NONE',  ( -0.7071067811865437980, 0.000000000000000000, -0.7071067811865512365 ) ) ;
#390 = DIRECTION ( 'NONE',  ( 0.000000000000000000, 0.000000000000000000, -1.000000000000000000 ) ) ;
#391 = ORIENTED_EDGE ( 'NONE', *, *, #67, .T. ) ;
#392 = TOROIDAL_SURFACE ( 'NONE', #1194, 43.00000000000000000, 6.500000000000000888 ) ;
#393 = AXIS2_PLACEMENT_3D ( 'NONE', #549, #563, #674 ) ;
#394 = DIRECTION ( 'NONE',  ( 0.000000000000000000, 0.000000000000000000, -1.000000000000000000 ) ) ;
#395 = CIRCLE ( 'NONE', #463, 36.89199796489157990 ) ;
#396 = AXIS2_PLACEMENT_3D ( 'NONE', #491, #264, #1354 ) ;
#397 = CARTESIAN_POINT ( 'NONE',  ( 1.387778780781445676E-14, 0.000000000000000000, -107.3102796124114775 ) ) ;
#398 = ADVANCED_FACE ( 'NONE', ( #8 ), #965, .F. ) ;
#399 = ORIENTED_EDGE ( 'NONE', *, *, #791, .T. ) ;
#400 = ORIENTED_EDGE ( 'NONE', *, *, #1214, .F. ) ;
#401 = CARTESIAN_POINT ( 'NONE',  ( -38.25000000000005684, 0.000000000000000000, -151.9999999999990621 ) ) ;
#402 = CARTESIAN_POINT ( 'NONE',  ( -3.469446951953614189E-15, 0.000000000000000000, -113.8816349035417943 ) ) ;
#403 = AXIS2_PLACEMENT_3D ( 'NONE', #517, #1048, #933 ) ;
#404 = CARTESIAN_POINT ( 'NONE',  ( -2.250000000000039080, -39.68626966596890782, -177.9999999999990337 ) ) ;
#405 = CARTESIAN_POINT ( 'NONE',  ( 1.387778780781445676E-14, 0.000000000000000000, -113.5130302149878219 ) ) ;
#406 = DIRECTION ( 'NONE',  ( 1.000000000000000000, 0.000000000000000000, -0.000000000000000000 ) ) ;
#407 = EDGE_LOOP ( 'NONE', ( #174, #1239, #1174, #972 ) ) ;
#408 = EDGE_CURVE ( 'NONE', #537, #1351, #229, .T. ) ;
#409 = DIRECTION ( 'NONE',  ( -0.7071067811865437980, 0.000000000000000000, -0.7071067811865512365 ) ) ;
#410 = CYLINDRICAL_SURFACE ( 'NONE', #421, 36.50000000000000000 ) ;
#411 = DIRECTION ( 'NONE',  ( 0.000000000000000000, 1.000000000000000000, 0.000000000000000000 ) ) ;
#412 = CIRCLE ( 'NONE', #910, 39.75000000000003553 ) ;
#413 = DIRECTION ( 'NONE',  ( -0.000000000000000000, 0.000000000000000000, -1.000000000000000000 ) ) ;
#414 = EDGE_CURVE ( 'NONE', #905, #567, #499, .T. ) ;
#415 = VECTOR ( 'NONE', #1359, 1000.000000000000114 ) ;
#416 = CARTESIAN_POINT ( 'NONE',  ( 39.74999999999995737, -2.250000000000000000, -177.9999999999990337 ) ) ;
#417 = CARTESIAN_POINT ( 'NONE',  ( 38.30153689607045919, 4.760814431685335984E-15, -109.0203803290397957 ) ) ;
#418 = CARTESIAN_POINT ( 'NONE',  ( -2.081668171172168513E-14, 0.000000000000000000, -151.9999999999990621 ) ) ;
#419 = DIRECTION ( 'NONE',  ( 0.000000000000000000, -1.000000000000000000, 0.000000000000000000 ) ) ;
#420 = ORIENTED_EDGE ( 'NONE', *, *, #316, .T. ) ;
#421 = AXIS2_PLACEMENT_3D ( 'NONE', #527, #1387, #18 ) ;
#422 = AXIS2_PLACEMENT_3D ( 'NONE', #1115, #365, #166 ) ;
#423 = ADVANCED_FACE ( 'NONE', ( #260 ), #392, .T. ) ;
#424 = CARTESIAN_POINT ( 'NONE',  ( -2.081668171172168513E-14, 0.000000000000000000, -113.8816349035417943 ) ) ;
#425 = LINE ( 'NONE', #542, #1085 ) ;
#426 = DIRECTION ( 'NONE',  ( -0.7071067811865437980, 0.000000000000000000, -0.7071067811865512365 ) ) ;
#427 = CARTESIAN_POINT ( 'NONE',  ( 0.000000000000000000, 0.000000000000000000, 0.000000000000000000 ) ) ;
#428 = ORIENTED_EDGE ( 'NONE', *, *, #1345, .T. ) ;
#429 = EDGE_CURVE ( 'NONE', #819, #991, #936, .T. ) ;
#430 = ORIENTED_EDGE ( 'NONE', *, *, #325, .T. ) ;
#431 = VECTOR ( 'NONE', #51, 1000.000000000000000 ) ;
#432 = DIRECTION ( 'NONE',  ( 0.7071067811865513475, 0.000000000000000000, -0.7071067811865435759 ) ) ;
#433 = DIRECTION ( 'NONE',  ( -0.000000000000000000, -0.000000000000000000, -1.000000000000000000 ) ) ;
#434 = PLANE ( 'NONE',  #839 ) ;
#435 = PERSON_AND_ORGANIZATION ( #1032, #584 ) ;
#436 = VERTEX_POINT ( 'NONE', #1141 ) ;
#437 = EDGE_LOOP ( 'NONE', ( #430, #663, #498, #623 ) ) ;
#438 = DIRECTION ( 'NONE',  ( -0.7071067811865512365, 0.000000000000000000, 0.7071067811865439090 ) ) ;
#439 = CARTESIAN_POINT ( 'NONE',  ( 41.00505063388281002, 0.000000000000000000, 41.00505063388339266 ) ) ;
#440 = LINE ( 'NONE', #140, #906 ) ;
#441 = COORDINATED_UNIVERSAL_TIME_OFFSET ( 1, 0, .AHEAD. ) ;
#442 = ORIENTED_EDGE ( 'NONE', *, *, #1345, .F. ) ;
#443 = EDGE_CURVE ( 'NONE', #368, #1165, #1136, .T. ) ;
#444 = ORIENTED_EDGE ( 'NONE', *, *, #1349, .T. ) ;
#445 = CARTESIAN_POINT ( 'NONE',  ( 2.249999999999960476, 39.75000000000000000, -151.9999999999990621 ) ) ;
#446 = EDGE_CURVE ( 'NONE', #1208, #587, #714, .T. ) ;
#447 = DIRECTION ( 'NONE',  ( -0.3420201433256643275, 0.000000000000000000, -0.9396926207859099822 ) ) ;
#448 = DIRECTION ( 'NONE',  ( -1.000000000000000000, 0.000000000000000000, 0.000000000000000000 ) ) ;
#449 = PERSON_AND_ORGANIZATION ( #1032, #584 ) ;
#450 = ORIENTED_EDGE ( 'NONE', *, *, #32, .F. ) ;
#451 = VECTOR ( 'NONE', #710, 1000.000000000000000 ) ;
#452 = ORIENTED_EDGE ( 'NONE', *, *, #489, .T. ) ;
#453 = EDGE_CURVE ( 'NONE', #537, #989, #108, .T. ) ;
#454 = ORIENTED_EDGE ( 'NONE', *, *, #1364, .F. ) ;
#455 = ORIENTED_EDGE ( 'NONE', *, *, #919, .F. ) ;
#456 = EDGE_CURVE ( 'NONE', #252, #799, #494, .T. ) ;
#457 = DIRECTION ( 'NONE',  ( 0.000000000000000000, 0.000000000000000000, -1.000000000000000000 ) ) ;
#458 = DIRECTION ( 'NONE',  ( -0.000000000000000000, -0.000000000000000000, 1.000000000000000000 ) ) ;
#459 = ORIENTED_EDGE ( 'NONE', *, *, #1054, .F. ) ;
#460 = AXIS2_PLACEMENT_3D ( 'NONE', #402, #1280, #496 ) ;
#461 = ORIENTED_EDGE ( 'NONE', *, *, #778, .T. ) ;
#462 = CARTESIAN_POINT ( 'NONE',  ( 1.387778780781445676E-14, 0.000000000000000000, -109.5334105440282855 ) ) ;
#463 = AXIS2_PLACEMENT_3D ( 'NONE', #462, #1384, #1095 ) ;
#464 = ADVANCED_FACE ( 'NONE', ( #841 ), #750, .F. ) ;
#465 = PLANE ( 'NONE',  #1042 ) ;
#466 = DIRECTION ( 'NONE',  ( 1.000000000000000000, 0.000000000000000000, -0.000000000000000000 ) ) ;
#467 = CLOSED_SHELL ( 'NONE', ( #1309, #858, #96, #168, #398, #464, #23, #1231, #1334, #696, #283, #1121, #637, #982, #1390, #287, #370, #1006, #846, #116, #247, #596, #1352, #386, #231, #313, #871, #308, #326, #200, #773, #423, #595, #726, #847, #157, #299, #793, #1086, #228, #536, #1075, #1249, #473, #204 ) ) ;
#468 = EDGE_CURVE ( 'NONE', #234, #1029, #757, .T. ) ;
#469 = ORIENTED_EDGE ( 'NONE', *, *, #325, .F. ) ;
#470 = CIRCLE ( 'NONE', #1109, 38.00000000000000000 ) ;
#471 = ORIENTED_EDGE ( 'NONE', *, *, #1246, .T. ) ;
#472 = EDGE_CURVE ( 'NONE', #1165, #354, #535, .T. ) ;
#473 = ADVANCED_FACE ( 'NONE', ( #1393 ), #509, .T. ) ;
#474 = DIRECTION ( 'NONE',  ( 1.000000000000000000, 0.000000000000000000, 0.000000000000000000 ) ) ;
#475 = AXIS2_PLACEMENT_3D ( 'NONE', #1071, #107, #875 ) ;
#476 = CARTESIAN_POINT ( 'NONE',  ( 36.89199796489159411, 4.588195697651157852E-15, -109.5334105440282855 ) ) ;
#477 = ORIENTED_EDGE ( 'NONE', *, *, #188, .F. ) ;
#478 = ORIENTED_EDGE ( 'NONE', *, *, #925, .F. ) ;
#479 = CIRCLE ( 'NONE', #738, 38.25000000000003553 ) ;
#480 = FACE_OUTER_BOUND ( 'NONE', #748, .T. ) ;
#481 = DIRECTION ( 'NONE',  ( -1.000000000000000000, 0.000000000000000000, 0.000000000000000000 ) ) ;
#482 = EDGE_LOOP ( 'NONE', ( #1319, #369, #490, #1025 ) ) ;
#483 = CIRCLE ( 'NONE', #243, 39.75000000000004974 ) ;
#484 = ORIENTED_EDGE ( 'NONE', *, *, #622, .F. ) ;
#485 = DIRECTION ( 'NONE',  ( 1.000000000000000000, 0.000000000000000000, 0.000000000000000000 ) ) ;
#486 = LINE ( 'NONE', #837, #539 ) ;
#487 = CARTESIAN_POINT ( 'NONE',  ( 2.249999999999959588, -38.18376618407359757, -177.9999999999990337 ) ) ;
#488 = CC_DESIGN_PERSON_AND_ORGANIZATION_ASSIGNMENT ( #995, #123, ( #1372 ) ) ;
#489 = EDGE_CURVE ( 'NONE', #587, #93, #1074, .T. ) ;
#490 = ORIENTED_EDGE ( 'NONE', *, *, #45, .T. ) ;
#491 = CARTESIAN_POINT ( 'NONE',  ( -2.081668171172168513E-14, 0.000000000000000000, -177.9999999999990337 ) ) ;
#492 = AXIS2_PLACEMENT_3D ( 'NONE', #358, #1324, #802 ) ;
#493 = VERTEX_POINT ( 'NONE', #849 ) ;
#494 = LINE ( 'NONE', #1066, #221 ) ;
#495 = DIRECTION ( 'NONE',  ( 1.000000000000000000, 0.000000000000000000, 0.000000000000000000 ) ) ;
#496 = DIRECTION ( 'NONE',  ( 1.000000000000000000, 0.000000000000000000, 0.000000000000000000 ) ) ;
#497 = CARTESIAN_POINT ( 'NONE',  ( -34.75000000000001421, 4.255647627037054287E-15, -113.8816349035417943 ) ) ;
#498 = ORIENTED_EDGE ( 'NONE', *, *, #1107, .F. ) ;
#499 = LINE ( 'NONE', #177, #523 ) ;
#500 = DIRECTION ( 'NONE',  ( -2.220446049250313081E-16, 0.000000000000000000, -1.000000000000000000 ) ) ;
#501 = DIRECTION ( 'NONE',  ( 0.000000000000000000, -1.000000000000000000, 0.000000000000000000 ) ) ;
#502 = DIRECTION ( 'NONE',  ( 0.000000000000000000, -0.000000000000000000, -1.000000000000000000 ) ) ;
#503 = ORIENTED_EDGE ( 'NONE', *, *, #853, .T. ) ;
#504 = PRODUCT_DEFINITION_SHAPE ( 'NONE', 'NONE',  #1291 ) ;
#505 = CIRCLE ( 'NONE', #1200, 39.75000000000004974 ) ;
#506 = FACE_OUTER_BOUND ( 'NONE', #707, .T. ) ;
#507 = EDGE_CURVE ( 'NONE', #87, #147, #648, .T. ) ;
#508 = EDGE_LOOP ( 'NONE', ( #1037, #1367, #680, #1245 ) ) ;
#509 = PLANE ( 'NONE',  #281 ) ;
#510 = CARTESIAN_POINT ( 'NONE',  ( -39.75000000000005684, 0.000000000000000000, -151.9999999999990621 ) ) ;
#511 = DIRECTION ( 'NONE',  ( -0.000000000000000000, -0.000000000000000000, 1.000000000000000000 ) ) ;
#512 = AXIS2_PLACEMENT_3D ( 'NONE', #98, #1146, #950 ) ;
#513 = VERTEX_POINT ( 'NONE', #318 ) ;
#514 = CARTESIAN_POINT ( 'NONE',  ( 39.74999999999995737, 2.250000000000000000, -177.9999999999990337 ) ) ;
#515 = DIRECTION ( 'NONE',  ( 1.000000000000000000, 0.000000000000000000, 0.000000000000000000 ) ) ;
#516 = VERTEX_POINT ( 'NONE', #855 ) ;
#517 = CARTESIAN_POINT ( 'NONE',  ( 1.387778780781445676E-14, 0.000000000000000000, -177.9999999999990337 ) ) ;
#518 = DIRECTION ( 'NONE',  ( 1.000000000000000000, 0.000000000000000000, 0.000000000000000000 ) ) ;
#519 = APPLICATION_PROTOCOL_DEFINITION ( 'international standard', 'config_control_design', 1994, #315 ) ;
#520 = ORIENTED_EDGE ( 'NONE', *, *, #1189, .T. ) ;
#521 = DIRECTION ( 'NONE',  ( 1.000000000000000000, 0.000000000000000000, -0.000000000000000000 ) ) ;
#522 = CIRCLE ( 'NONE', #1147, 38.25000000000003553 ) ;
#523 = VECTOR ( 'NONE', #1230, 1000.000000000000114 ) ;
#524 = LINE ( 'NONE', #1188, #1259 ) ;
#525 = FACE_BOUND ( 'NONE', #39, .T. ) ;
#526 = CIRCLE ( 'NONE', #1256, 38.25000000000003553 ) ;
#527 = CARTESIAN_POINT ( 'NONE',  ( 1.387778780781445676E-14, 0.000000000000000000, -177.9999999999990337 ) ) ;
#528 = CARTESIAN_POINT ( 'NONE',  ( 39.74999999999995737, -2.250000000000000000, -177.9999999999990337 ) ) ;
#529 = CC_DESIGN_DATE_AND_TIME_ASSIGNMENT ( #678, #1201, ( #381 ) ) ;
#530 = AXIS2_PLACEMENT_3D ( 'NONE', #1262, #1153, #1356 ) ;
#531 = AXIS2_PLACEMENT_3D ( 'NONE', #571, #662, #784 ) ;
#532 = CALENDAR_DATE ( 2026, 16, 9 ) ;
#533 = EDGE_CURVE ( 'NONE', #905, #269, #1363, .T. ) ;
#534 = VERTEX_POINT ( 'NONE', #645 ) ;
#535 = LINE ( 'NONE', #1173, #155 ) ;
#536 = ADVANCED_FACE ( 'NONE', ( #291 ), #112, .T. ) ;
#537 = VERTEX_POINT ( 'NONE', #297 ) ;
#538 = VECTOR ( 'NONE', #447, 1000.000000000000000 ) ;
#539 = VECTOR ( 'NONE', #1175, 1000.000000000000000 ) ;
#540 = DIRECTION ( 'NONE',  ( 0.7071067811865436870, 0.000000000000000000, 0.7071067811865514585 ) ) ;
#541 = FACE_OUTER_BOUND ( 'NONE', #217, .T. ) ;
#542 = CARTESIAN_POINT ( 'NONE',  ( 38.34046106882109939, 4.695352292576544796E-15, -113.5130302149878219 ) ) ;
#543 = LINE ( 'NONE', #379, #1338 ) ;
#544 = SECURITY_CLASSIFICATION_LEVEL ( 'unclassified' ) ;
#545 = ORIENTED_EDGE ( 'NONE', *, *, #1323, .F. ) ;
#546 = ORIENTED_EDGE ( 'NONE', *, *, #429, .T. ) ;
#547 = VECTOR ( 'NONE', #19, 1000.000000000000000 ) ;
#548 = CARTESIAN_POINT ( 'NONE',  ( 2.249999999999959588, 39.68626966596888650, -177.9999999999990337 ) ) ;
#549 = CARTESIAN_POINT ( 'NONE',  ( 43.00000000000000711, 0.000000000000000000, -107.3102796124114775 ) ) ;
#550 = EDGE_CURVE ( 'NONE', #312, #368, #522, .T. ) ;
#551 = CARTESIAN_POINT ( 'NONE',  ( -2.081668171172168513E-14, 0.000000000000000000, -151.9999999999990621 ) ) ;
#552 = APPROVAL_STATUS ( 'not_yet_approved' ) ;
#553 = AXIS2_PLACEMENT_3D ( 'NONE', #660, #653, #339 ) ;
#554 = ORIENTED_EDGE ( 'NONE', *, *, #443, .F. ) ;
#555 = EDGE_LOOP ( 'NONE', ( #1222, #189, #699, #1251 ) ) ;
#556 = VECTOR ( 'NONE', #824, 1000.000000000000000 ) ;
#557 = DIRECTION ( 'NONE',  ( -1.000000000000000000, 0.000000000000000000, 0.000000000000000000 ) ) ;
#558 = LINE ( 'NONE', #106, #360 ) ;
#559 = LINE ( 'NONE', #528, #664 ) ;
#560 = APPROVAL_DATE_TIME ( #1215, #999 ) ;
#561 = ORIENTED_EDGE ( 'NONE', *, *, #388, .T. ) ;
#562 = DESIGN_CONTEXT ( 'detailed design', #315, 'design' ) ;
#563 = DIRECTION ( 'NONE',  ( 0.000000000000000000, -1.000000000000000000, 0.000000000000000000 ) ) ;
#564 = LOCAL_TIME ( 0, 3, 55.00000000000000000, #30 ) ;
#565 = DIRECTION ( 'NONE',  ( 0.000000000000000000, 0.000000000000000000, 1.000000000000000000 ) ) ;
#566 = APPROVAL_STATUS ( 'not_yet_approved' ) ;
#567 = VERTEX_POINT ( 'NONE', #1368 ) ;
#568 = CARTESIAN_POINT ( 'NONE',  ( 39.74999999999995737, -2.250000000000000000, -151.9999999999990621 ) ) ;
#569 = DIRECTION ( 'NONE',  ( -2.220446049250313081E-16, 0.000000000000000000, -1.000000000000000000 ) ) ;
#570 = ORIENTED_EDGE ( 'NONE', *, *, #216, .F. ) ;
#571 = CARTESIAN_POINT ( 'NONE',  ( 140.0000000000000000, 0.000000000000000000, -57.98989873223289493 ) ) ;
#572 = VERTEX_POINT ( 'NONE', #970 ) ;
#573 = UNCERTAINTY_MEASURE_WITH_UNIT (LENGTH_MEASURE( 1.000000000000000082E-05 ), #1100, 'distance_accuracy_value', 'NONE');
#574 = DIRECTION ( 'NONE',  ( 0.000000000000000000, 0.000000000000000000, 1.000000000000000000 ) ) ;
#575 = CARTESIAN_POINT ( 'NONE',  ( 39.44846310392956923, 4.831043407150978238E-15, -112.1715341869134619 ) ) ;
#576 = ORIENTED_EDGE ( 'NONE', *, *, #1389, .F. ) ;
#577 = AXIS2_PLACEMENT_3D ( 'NONE', #215, #1260, #1378 ) ;
#578 = EDGE_CURVE ( 'NONE', #375, #1318, #1127, .T. ) ;
#579 = VECTOR ( 'NONE', #606, 1000.000000000000000 ) ;
#580 = EDGE_LOOP ( 'NONE', ( #570, #305, #503, #239 ) ) ;
#581 = VECTOR ( 'NONE', #1068, 1000.000000000000000 ) ;
#582 = LINE ( 'NONE', #568, #725 ) ;
#583 = FACE_OUTER_BOUND ( 'NONE', #1238, .T. ) ;
#584 = ORGANIZATION ( 'UNSPECIFIED', 'UNSPECIFIED', '' ) ;
#585 = CALENDAR_DATE ( 2026, 16, 9 ) ;
#586 = ORIENTED_EDGE ( 'NONE', *, *, #729, .F. ) ;
#587 = VERTEX_POINT ( 'NONE', #1180 ) ;
#588 = AXIS2_PLACEMENT_3D ( 'NONE', #307, #409, #957 ) ;
#589 = LINE ( 'NONE', #61, #251 ) ;
#590 = CARTESIAN_POINT ( 'NONE',  ( 2.249999999999959588, -39.68626966596888650, -177.9999999999990337 ) ) ;
#591 = ORIENTED_EDGE ( 'NONE', *, *, #912, .F. ) ;
#592 = ORIENTED_EDGE ( 'NONE', *, *, #1152, .T. ) ;
#593 = DIRECTION ( 'NONE',  ( 0.000000000000000000, 0.000000000000000000, 1.000000000000000000 ) ) ;
#594 = AXIS2_PLACEMENT_3D ( 'NONE', #212, #1210, #138 ) ;
#595 = ADVANCED_FACE ( 'NONE', ( #210 ), #1305, .F. ) ;
#596 = ADVANCED_FACE ( 'NONE', ( #952 ), #289, .T. ) ;
#597 = CARTESIAN_POINT ( 'NONE',  ( 66.81444814719202441, 0.000000000000000000, 15.19565312057439677 ) ) ;
#598 = DIRECTION ( 'NONE',  ( -1.000000000000000000, 0.000000000000000000, 0.000000000000000000 ) ) ;
#599 = EDGE_LOOP ( 'NONE', ( #70, #1128 ) ) ;
#600 = AXIS2_PLACEMENT_3D ( 'NONE', #405, #840, #1274 ) ;
#601 = DIRECTION ( 'NONE',  ( -0.000000000000000000, -0.000000000000000000, -1.000000000000000000 ) ) ;
#602 = EDGE_LOOP ( 'NONE', ( #1269, #478, #1067, #300 ) ) ;
#603 = EDGE_CURVE ( 'NONE', #148, #1031, #736, .T. ) ;
#604 = AXIS2_PLACEMENT_3D ( 'NONE', #900, #1330, #1181 ) ;
#605 = LINE ( 'NONE', #1252, #1332 ) ;
#606 = DIRECTION ( 'NONE',  ( -1.000000000000000000, 0.000000000000000000, 0.000000000000000000 ) ) ;
#607 = DIRECTION ( 'NONE',  ( -0.000000000000000000, -0.000000000000000000, -1.000000000000000000 ) ) ;
#608 = AXIS2_PLACEMENT_3D ( 'NONE', #439, #1205, #1080 ) ;
#609 = AXIS2_PLACEMENT_3D ( 'NONE', #1131, #457, #1340 ) ;
#610 = EDGE_CURVE ( 'NONE', #493, #53, #505, .T. ) ;
#611 = DIRECTION ( 'NONE',  ( -1.000000000000000000, 0.000000000000000000, 0.000000000000000000 ) ) ;
#612 = CARTESIAN_POINT ( 'NONE',  ( -37.99999999999998579, 4.653657836759941941E-15, -107.3102796124114775 ) ) ;
#613 = CIRCLE ( 'NONE', #1046, 38.00000000000000000 ) ;
#614 = DIRECTION ( 'NONE',  ( 0.000000000000000000, 0.000000000000000000, -1.000000000000000000 ) ) ;
#615 = ORIENTED_EDGE ( 'NONE', *, *, #1107, .T. ) ;
#616 = ORIENTED_EDGE ( 'NONE', *, *, #1044, .T. ) ;
#617 = FACE_OUTER_BOUND ( 'NONE', #482, .T. ) ;
#618 = CARTESIAN_POINT ( 'NONE',  ( 1.387778780781445676E-14, 0.000000000000000000, -107.3102796124114775 ) ) ;
#619 = EDGE_CURVE ( 'NONE', #1023, #572, #175, .T. ) ;
#620 = DIRECTION ( 'NONE',  ( -0.000000000000000000, -1.000000000000000000, -0.000000000000000000 ) ) ;
#621 = CIRCLE ( 'NONE', #306, 38.25000000000003553 ) ;
#622 = EDGE_CURVE ( 'NONE', #161, #572, #831, .T. ) ;
#623 = ORIENTED_EDGE ( 'NONE', *, *, #1002, .F. ) ;
#624 = VERTEX_POINT ( 'NONE', #818 ) ;
#625 = FACE_OUTER_BOUND ( 'NONE', #671, .T. ) ;
#626 = CARTESIAN_POINT ( 'NONE',  ( -2.081668171172168513E-14, 0.000000000000000000, -151.9999999999990621 ) ) ;
#627 = DIRECTION ( 'NONE',  ( -0.000000000000000000, -0.000000000000000000, -1.000000000000000000 ) ) ;
#628 = DIRECTION ( 'NONE',  ( -1.000000000000000000, 0.000000000000000000, 0.000000000000000000 ) ) ;
#629 = ORIENTED_EDGE ( 'NONE', *, *, #977, .F. ) ;
#630 = DIRECTION ( 'NONE',  ( -0.000000000000000000, -0.000000000000000000, -1.000000000000000000 ) ) ;
#631 = DIRECTION ( 'NONE',  ( -0.000000000000000000, 0.000000000000000000, -1.000000000000000000 ) ) ;
#632 = CIRCLE ( 'NONE', #33, 38.00000000000000000 ) ;
#633 = LINE ( 'NONE', #1171, #1040 ) ;
#634 = ORIENTED_EDGE ( 'NONE', *, *, #610, .T. ) ;
#635 = CARTESIAN_POINT ( 'NONE',  ( 38.18376618407356915, -2.249999999999999112, -177.9999999999990337 ) ) ;
#636 = ORIENTED_EDGE ( 'NONE', *, *, #453, .T. ) ;
#637 = ADVANCED_FACE ( 'NONE', ( #1250 ), #1125, .F. ) ;
#638 = FACE_OUTER_BOUND ( 'NONE', #1235, .T. ) ;
#639 = DIRECTION ( 'NONE',  ( -1.000000000000000000, 1.224646799147352961E-16, 0.000000000000000000 ) ) ;
#640 = EDGE_CURVE ( 'NONE', #93, #1395, #160, .T. ) ;
#641 = DIRECTION ( 'NONE',  ( 0.000000000000000000, 0.000000000000000000, 1.000000000000000000 ) ) ;
#642 = DIRECTION ( 'NONE',  ( 0.000000000000000000, 0.000000000000000000, 1.000000000000000000 ) ) ;
#643 = DIRECTION ( 'NONE',  ( 0.000000000000000000, 0.000000000000000000, 1.000000000000000000 ) ) ;
#644 = EDGE_LOOP ( 'NONE', ( #1113, #877, #382, #1019 ) ) ;
#645 = CARTESIAN_POINT ( 'NONE',  ( 39.75000000000001421, 4.867971026610733972E-15, -151.9999999999990621 ) ) ;
#646 = ORIENTED_EDGE ( 'NONE', *, *, #1114, .T. ) ;
#647 = EDGE_CURVE ( 'NONE', #1308, #516, #1018, .T. ) ;
#648 = CIRCLE ( 'NONE', #1012, 38.25000000000003553 ) ;
#649 = PLANE ( 'NONE',  #304 ) ;
#650 = CIRCLE ( 'NONE', #1015, 178.0000000000000000 ) ;
#651 = CARTESIAN_POINT ( 'NONE',  ( -2.081668171172168513E-14, 0.000000000000000000, -113.8816349035417943 ) ) ;
#652 = VECTOR ( 'NONE', #1302, 1000.000000000000000 ) ;
#653 = DIRECTION ( 'NONE',  ( 0.000000000000000000, 0.000000000000000000, -1.000000000000000000 ) ) ;
#654 = EDGE_LOOP ( 'NONE', ( #629, #939, #1327, #546 ) ) ;
#655 = ORIENTED_EDGE ( 'NONE', *, *, #925, .T. ) ;
#656 = EDGE_CURVE ( 'NONE', #1298, #799, #719, .T. ) ;
#657 = PLANE ( 'NONE',  #604 ) ;
#658 = DIRECTION ( 'NONE',  ( -0.000000000000000000, -0.000000000000000000, -1.000000000000000000 ) ) ;
#659 = CARTESIAN_POINT ( 'NONE',  ( 140.0000000000000000, 0.000000000000000000, -57.98989873223289493 ) ) ;
#660 = CARTESIAN_POINT ( 'NONE',  ( -2.081668171172168513E-14, 0.000000000000000000, -151.9999999999990621 ) ) ;
#661 = ORIENTED_EDGE ( 'NONE', *, *, #446, .T. ) ;
#662 = DIRECTION ( 'NONE',  ( 0.000000000000000000, 1.000000000000000000, 0.000000000000000000 ) ) ;
#663 = ORIENTED_EDGE ( 'NONE', *, *, #829, .T. ) ;
#664 = VECTOR ( 'NONE', #448, 1000.000000000000000 ) ;
#665 = DIRECTION ( 'NONE',  ( 0.000000000000000000, 0.000000000000000000, 1.000000000000000000 ) ) ;
#666 = CARTESIAN_POINT ( 'NONE',  ( -38.18376618407361178, 2.249999999999999112, -177.9999999999990337 ) ) ;
#667 = EDGE_CURVE ( 'NONE', #1329, #354, #317, .T. ) ;
#668 = FACE_OUTER_BOUND ( 'NONE', #602, .T. ) ;
#669 = COORDINATED_UNIVERSAL_TIME_OFFSET ( 1, 0, .AHEAD. ) ;
#670 = CIRCLE ( 'NONE', #594, 4.999999999999997335 ) ;
#671 = EDGE_LOOP ( 'NONE', ( #244, #1167, #452, #923 ) ) ;
#672 = EDGE_LOOP ( 'NONE', ( #876, #377, #1370, #694 ) ) ;
#673 = AXIS2_PLACEMENT_3D ( 'NONE', #1049, #81, #502 ) ;
#674 = DIRECTION ( 'NONE',  ( 0.000000000000000000, 0.000000000000000000, -1.000000000000000000 ) ) ;
#675 = DIRECTION ( 'NONE',  ( -0.7071067811865437980, 0.000000000000000000, -0.7071067811865512365 ) ) ;
#676 = DIRECTION ( 'NONE',  ( -0.000000000000000000, -0.000000000000000000, -1.000000000000000000 ) ) ;
#677 = EDGE_CURVE ( 'NONE', #537, #1108, #944, .T. ) ;
#678 = DATE_AND_TIME ( #881, #564 ) ;
#679 = ORIENTED_EDGE ( 'NONE', *, *, #83, .F. ) ;
#680 = ORIENTED_EDGE ( 'NONE', *, *, #1246, .F. ) ;
#681 = AXIS2_PLACEMENT_3D ( 'NONE', #891, #378, #149 ) ;
#682 = DIRECTION ( 'NONE',  ( -0.000000000000000000, -0.000000000000000000, -1.000000000000000000 ) ) ;
#683 = EDGE_LOOP ( 'NONE', ( #450, #335, #356, #743 ) ) ;
#684 = ORIENTED_EDGE ( 'NONE', *, *, #603, .F. ) ;
#685 = CC_DESIGN_PERSON_AND_ORGANIZATION_ASSIGNMENT ( #435, #238, ( #89 ) ) ;
#686 = CARTESIAN_POINT ( 'NONE',  ( -2.250000000000039080, -38.18376618407359757, -177.9999999999990337 ) ) ;
#687 = DIRECTION ( 'NONE',  ( -0.7071067811865506814, 0.000000000000000000, 0.7071067811865442421 ) ) ;
#688 = EDGE_LOOP ( 'NONE', ( #545, #1307, #164, #790 ) ) ;
#689 = ORIENTED_EDGE ( 'NONE', *, *, #1270, .T. ) ;
#690 = DIRECTION ( 'NONE',  ( 0.000000000000000000, 0.000000000000000000, 1.000000000000000000 ) ) ;
#691 = DIRECTION ( 'NONE',  ( 0.000000000000000000, 0.000000000000000000, -1.000000000000000000 ) ) ;
#692 = ORIENTED_EDGE ( 'NONE', *, *, #1357, .F. ) ;
#693 = DIRECTION ( 'NONE',  ( -1.000000000000000000, 0.000000000000000000, 0.000000000000000000 ) ) ;
#694 = ORIENTED_EDGE ( 'NONE', *, *, #667, .T. ) ;
#695 = DIRECTION ( 'NONE',  ( 0.000000000000000000, 0.000000000000000000, 1.000000000000000000 ) ) ;
#696 = ADVANCED_FACE ( 'NONE', ( #935 ), #336, .T. ) ;
#697 = DIRECTION ( 'NONE',  ( 0.000000000000000000, 0.000000000000000000, 1.000000000000000000 ) ) ;
#698 = DIRECTION ( 'NONE',  ( -0.7071067811865442421, 0.000000000000000000, -0.7071067811865507924 ) ) ;
#699 = ORIENTED_EDGE ( 'NONE', *, *, #129, .T. ) ;
#700 = ORIENTED_EDGE ( 'NONE', *, *, #1144, .F. ) ;
#701 = AXIS2_PLACEMENT_3D ( 'NONE', #1014, #903, #173 ) ;
#702 = DIRECTION ( 'NONE',  ( 0.000000000000000000, 0.000000000000000000, 1.000000000000000000 ) ) ;
#703 = CARTESIAN_POINT ( 'NONE',  ( -36.49999999999998579, 4.469960816887838430E-15, -57.98989873223284519 ) ) ;
#704 = VERTEX_POINT ( 'NONE', #1056 ) ;
#705 = EDGE_CURVE ( 'NONE', #1202, #340, #1172, .T. ) ;
#706 = CARTESIAN_POINT ( 'NONE',  ( -38.18376618407361178, -2.249999999999999112, -177.9999999999990337 ) ) ;
#707 = EDGE_LOOP ( 'NONE', ( #770, #125, #257, #745 ) ) ;
#708 = DIRECTION ( 'NONE',  ( 1.000000000000000000, 0.000000000000000000, 0.000000000000000000 ) ) ;
#709 = CARTESIAN_POINT ( 'NONE',  ( 39.75000000000001421, 4.867971026610733972E-15, -177.9999999999990337 ) ) ;
#710 = DIRECTION ( 'NONE',  ( 0.000000000000000000, 0.000000000000000000, 1.000000000000000000 ) ) ;
#711 = VERTEX_POINT ( 'NONE', #1266 ) ;
#712 = DIRECTION ( 'NONE',  ( -1.000000000000000000, 0.000000000000000000, 0.000000000000000000 ) ) ;
#713 = EDGE_CURVE ( 'NONE', #436, #889, #1170, .T. ) ;
#714 = CIRCLE ( 'NONE', #350, 38.00000000000000000 ) ;
#715 = ORIENTED_EDGE ( 'NONE', *, *, #246, .F. ) ;
#716 = DIRECTION ( 'NONE',  ( -1.000000000000000000, 0.000000000000000000, 0.000000000000000000 ) ) ;
#717 = AXIS2_PLACEMENT_3D ( 'NONE', #618, #511, #179 ) ;
#718 = AXIS2_PLACEMENT_3D ( 'NONE', #956, #540, #432 ) ;
#719 = CIRCLE ( 'NONE', #898, 38.00000000000000000 ) ;
#720 = DIRECTION ( 'NONE',  ( 0.7071067811865515695, 0.000000000000000000, -0.7071067811865435759 ) ) ;
#721 = DIRECTION ( 'NONE',  ( 0.000000000000000000, 0.000000000000000000, 1.000000000000000000 ) ) ;
#722 = LOCAL_TIME ( 0, 3, 55.00000000000000000, #256 ) ;
#723 = CARTESIAN_POINT ( 'NONE',  ( -2.081668171172168513E-14, 0.000000000000000000, -177.9999999999993179 ) ) ;
#724 = CIRCLE ( 'NONE', #119, 36.50000000000000000 ) ;
#725 = VECTOR ( 'NONE', #914, 1000.000000000000000 ) ;
#726 = ADVANCED_FACE ( 'NONE', ( #202 ), #296, .F. ) ;
#727 = DIRECTION ( 'NONE',  ( -0.000000000000000000, 0.000000000000000000, -1.000000000000000000 ) ) ;
#728 = ORIENTED_EDGE ( 'NONE', *, *, #677, .F. ) ;
#729 = EDGE_CURVE ( 'NONE', #1108, #1315, #213, .T. ) ;
#730 = DIRECTION ( 'NONE',  ( -0.000000000000000000, -0.000000000000000000, 1.000000000000000000 ) ) ;
#731 = CARTESIAN_POINT ( 'NONE',  ( -39.75000000000005684, 0.000000000000000000, -113.8816349035417943 ) ) ;
#732 = EDGE_CURVE ( 'NONE', #147, #1029, #135, .T. ) ;
#733 = EDGE_CURVE ( 'NONE', #1124, #819, #1101, .T. ) ;
#734 = CARTESIAN_POINT ( 'NONE',  ( 39.74999999999995737, -2.250000000000000000, -151.9999999999990621 ) ) ;
#735 = ORIENTED_EDGE ( 'NONE', *, *, #754, .T. ) ;
#736 = LINE ( 'NONE', #887, #652 ) ;
#737 = EDGE_LOOP ( 'NONE', ( #484, #804, #777, #197 ) ) ;
#738 = AXIS2_PLACEMENT_3D ( 'NONE', #975, #433, #557 ) ;
#739 = DIRECTION ( 'NONE',  ( 0.7071067811865436870, 0.000000000000000000, 0.7071067811865514585 ) ) ;
#740 = CARTESIAN_POINT ( 'NONE',  ( -2.250000000000039080, 39.68626966596889361, -151.9999999999990621 ) ) ;
#741 = ORIENTED_EDGE ( 'NONE', *, *, #1220, .F. ) ;
#742 = DIRECTION ( 'NONE',  ( 0.000000000000000000, 0.000000000000000000, -1.000000000000000000 ) ) ;
#743 = ORIENTED_EDGE ( 'NONE', *, *, #45, .F. ) ;
#744 = CARTESIAN_POINT ( 'NONE',  ( 41.00505063388293081, 0.000000000000000000, 41.00505063388327898 ) ) ;
#745 = ORIENTED_EDGE ( 'NONE', *, *, #1371, .F. ) ;
#746 = CYLINDRICAL_SURFACE ( 'NONE', #1151, 38.00000000000000000 ) ;
#747 = FACE_OUTER_BOUND ( 'NONE', #1209, .T. ) ;
#748 = EDGE_LOOP ( 'NONE', ( #930, #616, #700, #142 ) ) ;
#749 = DIRECTION ( 'NONE',  ( 1.224646799147353207E-16, 1.000000000000000000, -0.000000000000000000 ) ) ;
#750 = CYLINDRICAL_SURFACE ( 'NONE', #890, 36.50000000000000711 ) ;
#751 = APPROVAL_PERSON_ORGANIZATION ( #13, #282, #1314 ) ;
#752 = CC_DESIGN_PERSON_AND_ORGANIZATION_ASSIGNMENT ( #980, #331, ( #1372 ) ) ;
#753 = VERTEX_POINT ( 'NONE', #208 ) ;
#754 = EDGE_CURVE ( 'NONE', #269, #870, #929, .T. ) ;
#755 = DIRECTION ( 'NONE',  ( 0.000000000000000000, 1.000000000000000000, 0.000000000000000000 ) ) ;
#756 = DIRECTION ( 'NONE',  ( -1.000000000000000000, 0.000000000000000000, 0.000000000000000000 ) ) ;
#757 = LINE ( 'NONE', #635, #1142 ) ;
#758 = EDGE_LOOP ( 'NONE', ( #1303, #459, #1297, #270 ) ) ;
#759 = CARTESIAN_POINT ( 'NONE',  ( -2.250000000000039080, 38.18376618407359757, -151.9999999999990621 ) ) ;
#760 = LINE ( 'NONE', #1070, #1263 ) ;
#761 = LINE ( 'NONE', #1191, #191 ) ;
#762 = ORIENTED_EDGE ( 'NONE', *, *, #732, .T. ) ;
#763 = AXIS2_PLACEMENT_3D ( 'NONE', #1295, #702, #261 ) ;
#764 = ORIENTED_EDGE ( 'NONE', *, *, #1189, .F. ) ;
#765 = AXIS2_PLACEMENT_3D ( 'NONE', #1157, #406, #413 ) ;
#766 = DIRECTION ( 'NONE',  ( -1.000000000000000000, 0.000000000000000000, 0.000000000000000000 ) ) ;
#767 = CIRCLE ( 'NONE', #938, 3.500000000000003109 ) ;
#768 = DIRECTION ( 'NONE',  ( 0.000000000000000000, 0.000000000000000000, 1.000000000000000000 ) ) ;
#769 = PERSON_AND_ORGANIZATION_ROLE ( 'classification_officer' ) ;
#770 = ORIENTED_EDGE ( 'NONE', *, *, #67, .F. ) ;
#771 = ORIENTED_EDGE ( 'NONE', *, *, #1045, .T. ) ;
#772 = CC_DESIGN_APPROVAL ( #282, ( #1291 ) ) ;
#773 = ADVANCED_FACE ( 'NONE', ( #506 ), #68, .F. ) ;
#774 = CARTESIAN_POINT ( 'NONE',  ( 39.74999999999995737, 2.250000000000000000, -151.9999999999990621 ) ) ;
#775 = VECTOR ( 'NONE', #811, 1000.000000000000000 ) ;
#776 = DATE_AND_TIME ( #968, #1178 ) ;
#777 = ORIENTED_EDGE ( 'NONE', *, *, #372, .T. ) ;
#778 = EDGE_CURVE ( 'NONE', #1117, #265, #376, .T. ) ;
#779 = DIRECTION ( 'NONE',  ( 1.224646799147353207E-16, 1.000000000000000000, -0.000000000000000000 ) ) ;
#780 = CARTESIAN_POINT ( 'NONE',  ( -39.44846310392954081, 0.000000000000000000, -112.1715341869134619 ) ) ;
#781 = PERSON_AND_ORGANIZATION_ROLE ( 'creator' ) ;
#782 = VECTOR ( 'NONE', #2, 1000.000000000000000 ) ;
#783 = ORIENTED_EDGE ( 'NONE', *, *, #1258, .T. ) ;
#784 = DIRECTION ( 'NONE',  ( 0.000000000000000000, 0.000000000000000000, 1.000000000000000000 ) ) ;
#785 = ORIENTED_EDGE ( 'NONE', *, *, #1371, .T. ) ;
#786 = FACE_OUTER_BOUND ( 'NONE', #323, .T. ) ;
#787 = FACE_OUTER_BOUND ( 'NONE', #46, .T. ) ;
#788 = ORIENTED_EDGE ( 'NONE', *, *, #732, .F. ) ;
#789 = VECTOR ( 'NONE', #1145, 1000.000000000000000 ) ;
#790 = ORIENTED_EDGE ( 'NONE', *, *, #1022, .T. ) ;
#791 = EDGE_CURVE ( 'NONE', #1023, #312, #621, .T. ) ;
#792 = EDGE_CURVE ( 'NONE', #354, #148, #483, .T. ) ;
#793 = ADVANCED_FACE ( 'NONE', ( #854 ), #187, .F. ) ;
#794 = VECTOR ( 'NONE', #867, 1000.000000000000000 ) ;
#795 = AXIS2_PLACEMENT_3D ( 'NONE', #172, #1000, #50 ) ;
#796 = CYLINDRICAL_SURFACE ( 'NONE', #218, 38.00000000000000000 ) ;
#797 = CARTESIAN_POINT ( 'NONE',  ( 41.00505063388290239, 0.000000000000000000, 41.00505063388327898 ) ) ;
#798 = ORIENTED_EDGE ( 'NONE', *, *, #83, .T. ) ;
#799 = VERTEX_POINT ( 'NONE', #1296 ) ;
#800 = FACE_OUTER_BOUND ( 'NONE', #737, .T. ) ;
#801 = CIRCLE ( 'NONE', #235, 39.75000000000003553 ) ;
#802 = DIRECTION ( 'NONE',  ( 0.000000000000000000, 0.000000000000000000, 1.000000000000000000 ) ) ;
#803 = CARTESIAN_POINT ( 'NONE',  ( -3.952393967665535827E-14, 0.000000000000000000, -151.9999999999990621 ) ) ;
#804 = ORIENTED_EDGE ( 'NONE', *, *, #72, .T. ) ;
#805 = ORIENTED_EDGE ( 'NONE', *, *, #472, .T. ) ;
#806 = AXIS2_PLACEMENT_3D ( 'NONE', #659, #1091, #565 ) ;
#807 = DIRECTION ( 'NONE',  ( 0.000000000000000000, -1.000000000000000000, 0.000000000000000000 ) ) ;
#808 = ORIENTED_EDGE ( 'NONE', *, *, #1082, .T. ) ;
#809 = ORIENTED_EDGE ( 'NONE', *, *, #1392, .F. ) ;
#810 = CARTESIAN_POINT ( 'NONE',  ( -37.99999999999998579, 4.653657836759941941E-15, -57.98989873223283809 ) ) ;
#811 = DIRECTION ( 'NONE',  ( -0.000000000000000000, -1.000000000000000000, -0.000000000000000000 ) ) ;
#812 = ORIENTED_EDGE ( 'NONE', *, *, #129, .F. ) ;
#813 = DIRECTION ( 'NONE',  ( -0.000000000000000000, -0.000000000000000000, -1.000000000000000000 ) ) ;
#814 = EDGE_LOOP ( 'NONE', ( #477, #1337, #520, #785 ) ) ;
#815 = CIRCLE ( 'NONE', #1310, 5.000000000000004441 ) ;
#816 = FACE_OUTER_BOUND ( 'NONE', #1343, .T. ) ;
#817 = CARTESIAN_POINT ( 'NONE',  ( 39.74999999999996447, 4.867971026610722928E-15, -112.9999999999993179 ) ) ;
#818 = CARTESIAN_POINT ( 'NONE',  ( 38.25000000000001421, 4.684274006738630461E-15, -113.8816349035417943 ) ) ;
#819 = VERTEX_POINT ( 'NONE', #780 ) ;
#820 = CARTESIAN_POINT ( 'NONE',  ( 2.249999999999960476, -38.18376618407360468, -177.9999999999990337 ) ) ;
#821 = AXIS2_PLACEMENT_3D ( 'NONE', #1007, #1347, #1225 ) ;
#822 = DIRECTION ( 'NONE',  ( -1.000000000000000000, 0.000000000000000000, 0.000000000000000000 ) ) ;
#823 = EDGE_CURVE ( 'NONE', #1395, #93, #848, .T. ) ;
#824 = DIRECTION ( 'NONE',  ( 0.000000000000000000, 0.000000000000000000, 1.000000000000000000 ) ) ;
#825 = VECTOR ( 'NONE', #716, 1000.000000000000000 ) ;
#826 = ORIENTED_EDGE ( 'NONE', *, *, #453, .F. ) ;
#827 = DIRECTION ( 'NONE',  ( 0.7071067811865435759, 0.000000000000000000, 0.7071067811865513475 ) ) ;
#828 = TOROIDAL_SURFACE ( 'NONE', #460, 34.75000000000001421, 5.000000000000000000 ) ;
#829 = EDGE_CURVE ( 'NONE', #1117, #905, #1216, .T. ) ;
#830 = AXIS2_PLACEMENT_3D ( 'NONE', #91, #500, #932 ) ;
#831 = CIRCLE ( 'NONE', #396, 38.25000000000003553 ) ;
#832 = PLANE ( 'NONE',  #530 ) ;
#833 = LINE ( 'NONE', #1358, #1076 ) ;
#834 = DIRECTION ( 'NONE',  ( -1.000000000000000000, 0.000000000000000000, 0.000000000000000000 ) ) ;
#835 = EDGE_LOOP ( 'NONE', ( #444, #170, #646, #764 ) ) ;
#836 = AXIS2_PLACEMENT_3D ( 'NONE', #167, #921, #249 ) ;
#837 = CARTESIAN_POINT ( 'NONE',  ( -2.250000000000038636, 38.18376618407359047, -177.9999999999990337 ) ) ;
#838 = PLANE ( 'NONE',  #223 ) ;
#839 = AXIS2_PLACEMENT_3D ( 'NONE', #774, #1300, #242 ) ;
#840 = DIRECTION ( 'NONE',  ( -0.000000000000000000, -0.000000000000000000, -1.000000000000000000 ) ) ;
#841 = FACE_OUTER_BOUND ( 'NONE', #1004, .T. ) ;
#842 = TOROIDAL_SURFACE ( 'NONE', #63, 43.00000000000000000, 5.000000000000000000 ) ;
#843 = CARTESIAN_POINT ( 'NONE',  ( 38.18376618407356915, -2.250000000000000000, -177.9999999999990337 ) ) ;
#844 = LINE ( 'NONE', #80, #156 ) ;
#845 = DIRECTION ( 'NONE',  ( 1.000000000000000000, 0.000000000000000000, 0.000000000000000000 ) ) ;
#846 = ADVANCED_FACE ( 'NONE', ( #885 ), #37, .F. ) ;
#847 = ADVANCED_FACE ( 'NONE', ( #787 ), #434, .T. ) ;
#848 = CIRCLE ( 'NONE', #1033, 38.30153689607044498 ) ;
#849 = CARTESIAN_POINT ( 'NONE',  ( 39.68626966596888650, -2.250000000000000000, -177.9999999999990337 ) ) ;
#850 = ORIENTED_EDGE ( 'NONE', *, *, #667, .F. ) ;
#851 = CARTESIAN_POINT ( 'NONE',  ( -39.68626966596893624, 2.250000000000000000, -177.9999999999990337 ) ) ;
#852 = LINE ( 'NONE', #314, #1383 ) ;
#853 = EDGE_CURVE ( 'NONE', #572, #711, #559, .T. ) ;
#854 = FACE_OUTER_BOUND ( 'NONE', #580, .T. ) ;
#855 = CARTESIAN_POINT ( 'NONE',  ( 67.87510831897188268, 0.000000000000000000, 14.13499294879460777 ) ) ;
#856 = AXIS2_PLACEMENT_3D ( 'NONE', #1236, #1232, #1027 ) ;
#857 = DIRECTION ( 'NONE',  ( 0.000000000000000000, 0.000000000000000000, 1.000000000000000000 ) ) ;
#858 = ADVANCED_FACE ( 'NONE', ( #134 ), #1228, .T. ) ;
#859 = DIRECTION ( 'NONE',  ( -0.000000000000000000, -1.000000000000000000, -0.000000000000000000 ) ) ;
#860 = DIRECTION ( 'NONE',  ( -0.7071067811865512365, 0.000000000000000000, 0.7071067811865439090 ) ) ;
#861 = AXIS2_PLACEMENT_3D ( 'NONE', #994, #642, #868 ) ;
#862 = APPLICATION_PROTOCOL_DEFINITION ( 'international standard', 'config_control_design', 1994, #36 ) ;
#863 = VERTEX_POINT ( 'NONE', #28 ) ;
#864 = ORIENTED_EDGE ( 'NONE', *, *, #414, .T. ) ;
#865 = DIRECTION ( 'NONE',  ( -0.000000000000000000, -0.000000000000000000, -1.000000000000000000 ) ) ;
#866 = CARTESIAN_POINT ( 'NONE',  ( 38.00000000000001421, 0.000000000000000000, -57.98989873223285230 ) ) ;
#867 = DIRECTION ( 'NONE',  ( -0.000000000000000000, -0.000000000000000000, -1.000000000000000000 ) ) ;
#868 = DIRECTION ( 'NONE',  ( 1.000000000000000000, 0.000000000000000000, 0.000000000000000000 ) ) ;
#869 = DIRECTION ( 'NONE',  ( -1.000000000000000000, 0.000000000000000000, 0.000000000000000000 ) ) ;
#870 = VERTEX_POINT ( 'NONE', #1306 ) ;
#871 = ADVANCED_FACE ( 'NONE', ( #668 ), #10, .T. ) ;
#872 = VERTEX_POINT ( 'NONE', #978 ) ;
#873 = CC_DESIGN_PERSON_AND_ORGANIZATION_ASSIGNMENT ( #1184, #781, ( #1291 ) ) ;
#874 = CARTESIAN_POINT ( 'NONE',  ( 1.387778780781445676E-14, 0.000000000000000000, -107.3102796124114775 ) ) ;
#875 = DIRECTION ( 'NONE',  ( 1.000000000000000000, 0.000000000000000000, 0.000000000000000000 ) ) ;
#876 = ORIENTED_EDGE ( 'NONE', *, *, #792, .T. ) ;
#877 = ORIENTED_EDGE ( 'NONE', *, *, #977, .T. ) ;
#878 = APPROVAL_PERSON_ORGANIZATION ( #100, #245, #1342 ) ;
#879 = DIRECTION ( 'NONE',  ( 0.000000000000000000, 1.000000000000000000, 0.000000000000000000 ) ) ;
#880 = CIRCLE ( 'NONE', #1377, 36.50000000000000000 ) ;
#881 = CALENDAR_DATE ( 2026, 16, 9 ) ;
#882 = ORIENTED_EDGE ( 'NONE', *, *, #146, .F. ) ;
#883 = ORIENTED_EDGE ( 'NONE', *, *, #1054, .T. ) ;
#884 = DIRECTION ( 'NONE',  ( 1.000000000000000000, 0.000000000000000000, 0.000000000000000000 ) ) ;
#885 = FACE_OUTER_BOUND ( 'NONE', #1118, .T. ) ;
#886 = EDGE_LOOP ( 'NONE', ( #1221, #1061, #715, #684 ) ) ;
#887 = CARTESIAN_POINT ( 'NONE',  ( -2.250000000000039080, 39.75000000000000000, -177.9999999999990337 ) ) ;
#888 = EDGE_CURVE ( 'NONE', #1124, #274, #130, .T. ) ;
#889 = VERTEX_POINT ( 'NONE', #330 ) ;
#890 = AXIS2_PLACEMENT_3D ( 'NONE', #744, #1058, #88 ) ;
#891 = CARTESIAN_POINT ( 'NONE',  ( -34.75000000000001421, 4.255647627037054287E-15, -113.8816349035417943 ) ) ;
#892 = DIRECTION ( 'NONE',  ( -0.000000000000000000, -0.000000000000000000, -1.000000000000000000 ) ) ;
#893 = VECTOR ( 'NONE', #1162, 1000.000000000000000 ) ;
#894 = EDGE_CURVE ( 'NONE', #274, #1165, #801, .T. ) ;
#895 = ORIENTED_EDGE ( 'NONE', *, *, #408, .T. ) ;
#896 = CARTESIAN_POINT ( 'NONE',  ( 140.0000000000000000, -4.653657836759941941E-15, -57.98989873223289493 ) ) ;
#897 = AXIS2_PLACEMENT_3D ( 'NONE', #1034, #277, #193 ) ;
#898 = AXIS2_PLACEMENT_3D ( 'NONE', #1282, #303, #1183 ) ;
#899 = ORIENTED_EDGE ( 'NONE', *, *, #443, .T. ) ;
#900 = CARTESIAN_POINT ( 'NONE',  ( 1.387778780781445676E-14, 0.000000000000000000, -177.9999999999990337 ) ) ;
#901 = CIRCLE ( 'NONE', #422, 38.25000000000003553 ) ;
#902 = CARTESIAN_POINT ( 'NONE',  ( 1.387778780781445676E-14, 0.000000000000000000, -177.9999999999990337 ) ) ;
#903 = DIRECTION ( 'NONE',  ( 0.000000000000000000, 1.000000000000000000, 0.000000000000000000 ) ) ;
#904 = EDGE_LOOP ( 'NONE', ( #812, #783, #346, #131 ) ) ;
#905 = VERTEX_POINT ( 'NONE', #1219 ) ;
#906 = VECTOR ( 'NONE', #1317, 1000.000000000000000 ) ;
#907 = FACE_OUTER_BOUND ( 'NONE', #1009, .T. ) ;
#908 = CARTESIAN_POINT ( 'NONE',  ( -2.250000000000039080, 38.18376618407359757, -177.9999999999990337 ) ) ;
#909 = EDGE_LOOP ( 'NONE', ( #1265, #280, #554, #1133, #137, #1382 ) ) ;
#910 = AXIS2_PLACEMENT_3D ( 'NONE', #328, #343, #766 ) ;
#911 = ORIENTED_EDGE ( 'NONE', *, *, #1177, .T. ) ;
#912 = EDGE_CURVE ( 'NONE', #436, #1117, #1099, .T. ) ;
#913 = VECTOR ( 'NONE', #620, 1000.000000000000000 ) ;
#914 = DIRECTION ( 'NONE',  ( -1.000000000000000000, 0.000000000000000000, 0.000000000000000000 ) ) ;
#915 = CARTESIAN_POINT ( 'NONE',  ( 1.387778780781445676E-14, 0.000000000000000000, -57.98989873223284519 ) ) ;
#916 = ORIENTED_EDGE ( 'NONE', *, *, #1270, .F. ) ;
#917 = ORIENTED_EDGE ( 'NONE', *, *, #619, .F. ) ;
#918 = CARTESIAN_POINT ( 'NONE',  ( -2.081668171172168513E-14, 0.000000000000000000, -177.9999999999993179 ) ) ;
#919 = EDGE_CURVE ( 'NONE', #176, #1376, #440, .T. ) ;
#920 = CARTESIAN_POINT ( 'NONE',  ( 36.50000000000001421, 0.000000000000000000, -57.98989873223284519 ) ) ;
#921 = DIRECTION ( 'NONE',  ( -2.220446049250313081E-16, 0.000000000000000000, -1.000000000000000000 ) ) ;
#922 = CC_DESIGN_APPROVAL ( #245, ( #381 ) ) ;
#923 = ORIENTED_EDGE ( 'NONE', *, *, #823, .F. ) ;
#924 = ORIENTED_EDGE ( 'NONE', *, *, #1114, .F. ) ;
#925 = EDGE_CURVE ( 'NONE', #319, #1124, #254, .T. ) ;
#926 = FACE_OUTER_BOUND ( 'NONE', #1112, .T. ) ;
#927 = CARTESIAN_POINT ( 'NONE',  ( 34.75000000000001421, 0.000000000000000000, -113.8816349035417943 ) ) ;
#928 = ORIENTED_EDGE ( 'NONE', *, *, #677, .T. ) ;
#929 = LINE ( 'NONE', #1065, #415 ) ;
#930 = ORIENTED_EDGE ( 'NONE', *, *, #1392, .T. ) ;
#931 = EDGE_CURVE ( 'NONE', #799, #1298, #613, .T. ) ;
#932 = DIRECTION ( 'NONE',  ( -1.000000000000000000, 0.000000000000000000, 2.220446049250313081E-16 ) ) ;
#933 = DIRECTION ( 'NONE',  ( 1.000000000000000000, 0.000000000000000000, 0.000000000000000000 ) ) ;
#934 = ORIENTED_EDGE ( 'NONE', *, *, #1143, .F. ) ;
#935 = FACE_OUTER_BOUND ( 'NONE', #644, .T. ) ;
#936 = CIRCLE ( 'NONE', #1320, 39.44846310392956212 ) ;
#937 = ORIENTED_EDGE ( 'NONE', *, *, #1126, .F. ) ;
#938 = AXIS2_PLACEMENT_3D ( 'NONE', #927, #501, #394 ) ;
#939 = ORIENTED_EDGE ( 'NONE', *, *, #640, .T. ) ;
#940 = VECTOR ( 'NONE', #834, 1000.000000000000000 ) ;
#941 = CARTESIAN_POINT ( 'NONE',  ( 14.13499294879398072, 4.653657836759941941E-15, 67.87510831897193952 ) ) ;
#942 = LINE ( 'NONE', #1385, #355 ) ;
#943 = CC_DESIGN_SECURITY_CLASSIFICATION ( #381, ( #1372 ) ) ;
#944 = LINE ( 'NONE', #195, #1079 ) ;
#945 = ORIENTED_EDGE ( 'NONE', *, *, #143, .F. ) ;
#946 = DIRECTION ( 'NONE',  ( -1.000000000000000000, 0.000000000000000000, 0.000000000000000000 ) ) ;
#947 = EDGE_LOOP ( 'NONE', ( #692, #808, #1102, #1163 ) ) ;
#948 = CIRCLE ( 'NONE', #341, 36.89199796489157990 ) ;
#949 = DIRECTION ( 'NONE',  ( 0.7071067811865515695, 0.000000000000000000, -0.7071067811865435759 ) ) ;
#950 = DIRECTION ( 'NONE',  ( -1.000000000000000000, 0.000000000000000000, 0.000000000000000000 ) ) ;
#951 = CARTESIAN_POINT ( 'NONE',  ( -2.250000000000039080, 39.75000000000000000, -151.9999999999990621 ) ) ;
#952 = FACE_OUTER_BOUND ( 'NONE', #758, .T. ) ;
#953 = ORIENTED_EDGE ( 'NONE', *, *, #1349, .F. ) ;
#954 = EDGE_CURVE ( 'NONE', #258, #53, #761, .T. ) ;
#955 = CIRCLE ( 'NONE', #1211, 38.03892417275068993 ) ;
#956 = CARTESIAN_POINT ( 'NONE',  ( 41.00505063388293081, 0.000000000000000000, 41.00505063388327898 ) ) ;
#957 = DIRECTION ( 'NONE',  ( -0.7071067811865511255, 0.000000000000000000, 0.7071067811865439090 ) ) ;
#958 = ORIENTED_EDGE ( 'NONE', *, *, #1158, .T. ) ;
#959 = DIRECTION ( 'NONE',  ( -0.000000000000000000, -0.000000000000000000, -1.000000000000000000 ) ) ;
#960 = ORIENTED_EDGE ( 'NONE', *, *, #446, .F. ) ;
#961 = CARTESIAN_POINT ( 'NONE',  ( 43.00000000000000711, 0.000000000000000000, -107.3102796124114775 ) ) ;
#962 = ORIENTED_EDGE ( 'NONE', *, *, #1152, .F. ) ;
#963 = CIRCLE ( 'NONE', #393, 6.500000000000005329 ) ;
#964 = EDGE_CURVE ( 'NONE', #704, #624, #366, .T. ) ;
#965 = CONICAL_SURFACE ( 'NONE', #357, 38.34046106882108518, 0.3490658503988612327 ) ;
#966 = FACE_OUTER_BOUND ( 'NONE', #835, .T. ) ;
#967 = CARTESIAN_POINT ( 'NONE',  ( 115.1299423149110481, 0.000000000000000000, 115.1299423149122276 ) ) ;
#968 = CALENDAR_DATE ( 2026, 16, 9 ) ;
#969 = ORIENTED_EDGE ( 'NONE', *, *, #347, .T. ) ;
#970 = CARTESIAN_POINT ( 'NONE',  ( -38.18376618407361889, -2.250000000000000000, -177.9999999999990337 ) ) ;
#971 = AXIS2_PLACEMENT_3D ( 'NONE', #1312, #641, #3 ) ;
#972 = ORIENTED_EDGE ( 'NONE', *, *, #225, .F. ) ;
#973 = LINE ( 'NONE', #97, #581 ) ;
#974 = EDGE_CURVE ( 'NONE', #587, #1308, #543, .T. ) ;
#975 = CARTESIAN_POINT ( 'NONE',  ( -2.081668171172168513E-14, 0.000000000000000000, -113.8816349035417943 ) ) ;
#976 = CARTESIAN_POINT ( 'NONE',  ( 38.18376618407356915, 2.249999999999999112, -151.9999999999990621 ) ) ;
#977 = EDGE_CURVE ( 'NONE', #93, #991, #1325, .T. ) ;
#978 = CARTESIAN_POINT ( 'NONE',  ( 39.68626966596886518, 2.250000000000000000, -151.9999999999990621 ) ) ;
#979 = VECTOR ( 'NONE', #1001, 1000.000000000000000 ) ;
#980 = PERSON_AND_ORGANIZATION ( #1032, #584 ) ;
#981 = ORIENTED_EDGE ( 'NONE', *, *, #1045, .F. ) ;
#982 = ADVANCED_FACE ( 'NONE', ( #583 ), #1138, .T. ) ;
#983 = EDGE_CURVE ( 'NONE', #375, #53, #1226, .T. ) ;
#984 = ORIENTED_EDGE ( 'NONE', *, *, #733, .T. ) ;
#985 = DIRECTION ( 'NONE',  ( 0.000000000000000000, 0.000000000000000000, 1.000000000000000000 ) ) ;
#986 = CARTESIAN_POINT ( 'NONE',  ( -2.081668171172168513E-14, 0.000000000000000000, -151.9999999999990621 ) ) ;
#987 = CIRCLE ( 'NONE', #553, 39.75000000000003553 ) ;
#988 = DIRECTION ( 'NONE',  ( -1.000000000000000000, 0.000000000000000000, 0.000000000000000000 ) ) ;
#989 = VERTEX_POINT ( 'NONE', #1116 ) ;
#990 = AXIS2_PLACEMENT_3D ( 'NONE', #1179, #959, #756 ) ;
#991 = VERTEX_POINT ( 'NONE', #575 ) ;
#992 = DIRECTION ( 'NONE',  ( 1.000000000000000000, 0.000000000000000000, 0.000000000000000000 ) ) ;
#993 = LINE ( 'NONE', #27, #538 ) ;
#994 = CARTESIAN_POINT ( 'NONE',  ( -3.469446951953614189E-15, 0.000000000000000000, -113.8816349035417943 ) ) ;
#995 = PERSON_AND_ORGANIZATION ( #1032, #584 ) ;
#996 = ORIENTED_EDGE ( 'NONE', *, *, #912, .T. ) ;
#997 = ORIENTED_EDGE ( 'NONE', *, *, #259, .F. ) ;
#998 = CARTESIAN_POINT ( 'NONE',  ( 1.387778780781445676E-14, 0.000000000000000000, -112.6845644019019517 ) ) ;
#999 = APPROVAL ( #552, 'UNSPECIFIED' ) ;
#1000 = DIRECTION ( 'NONE',  ( 0.000000000000000000, 0.000000000000000000, -1.000000000000000000 ) ) ;
#1001 = DIRECTION ( 'NONE',  ( -0.000000000000000000, -0.000000000000000000, -1.000000000000000000 ) ) ;
#1002 = EDGE_CURVE ( 'NONE', #265, #269, #1271, .T. ) ;
#1003 = SHAPE_DEFINITION_REPRESENTATION ( #504, #25 ) ;
#1004 = EDGE_LOOP ( 'NONE', ( #615, #864, #679, #1227 ) ) ;
#1005 = ORIENTED_EDGE ( 'NONE', *, *, #1002, .T. ) ;
#1006 = ADVANCED_FACE ( 'NONE', ( #69 ), #1028, .T. ) ;
#1007 = CARTESIAN_POINT ( 'NONE',  ( 1.387778780781445676E-14, 0.000000000000000000, -57.98989873223284519 ) ) ;
#1008 = DIRECTION ( 'NONE',  ( -1.000000000000000000, 0.000000000000000000, 1.826024711554533667E-16 ) ) ;
#1009 = EDGE_LOOP ( 'NONE', ( #114, #1135, #1150, #788, #14, #275 ) ) ;
#1010 = CIRCLE ( 'NONE', #821, 38.00000000000000000 ) ;
#1011 = VERTEX_POINT ( 'NONE', #476 ) ;
#1012 = AXIS2_PLACEMENT_3D ( 'NONE', #1290, #1283, #946 ) ;
#1013 = PLANE ( 'NONE',  #795 ) ;
#1014 = CARTESIAN_POINT ( 'NONE',  ( 140.0000000000000000, -4.469960816887838430E-15, -57.98989873223289493 ) ) ;
#1015 = AXIS2_PLACEMENT_3D ( 'NONE', #92, #286, #721 ) ;
#1016 = ORIENTED_EDGE ( 'NONE', *, *, #1333, .F. ) ;
#1017 = AXIS2_PLACEMENT_3D ( 'NONE', #285, #74, #495 ) ;
#1018 = CIRCLE ( 'NONE', #1326, 101.9999999999999858 ) ;
#1019 = ORIENTED_EDGE ( 'NONE', *, *, #82, .F. ) ;
#1020 = LINE ( 'NONE', #55, #4 ) ;
#1021 = CARTESIAN_POINT ( 'NONE',  ( 39.74999999999995737, 2.250000000000000000, -177.9999999999990337 ) ) ;
#1022 = EDGE_CURVE ( 'NONE', #1011, #176, #948, .T. ) ;
#1023 = VERTEX_POINT ( 'NONE', #62 ) ;
#1024 = VECTOR ( 'NONE', #262, 1000.000000000000000 ) ;
#1025 = ORIENTED_EDGE ( 'NONE', *, *, #656, .T. ) ;
#1026 = CARTESIAN_POINT ( 'NONE',  ( 1.387778780781445676E-14, 0.000000000000000000, -112.1715341869134619 ) ) ;
#1027 = DIRECTION ( 'NONE',  ( -1.000000000000000000, 0.000000000000000000, 0.000000000000000000 ) ) ;
#1028 = PLANE ( 'NONE',  #836 ) ;
#1029 = VERTEX_POINT ( 'NONE', #145 ) ;
#1030 = AXIS2_PLACEMENT_3D ( 'NONE', #424, #9, #992 ) ;
#1031 = VERTEX_POINT ( 'NONE', #908 ) ;
#1032 = PERSON ( 'UNSPECIFIED', 'UNSPECIFIED', 'UNSPECIFIED', ('UNSPECIFIED'), ('UNSPECIFIED'), ('UNSPECIFIED') ) ;
#1033 = AXIS2_PLACEMENT_3D ( 'NONE', #237, #676, #338 ) ;
#1034 = CARTESIAN_POINT ( 'NONE',  ( 1.387778780781445676E-14, 0.000000000000000000, -107.3102796124114775 ) ) ;
#1035 = CARTESIAN_POINT ( 'NONE',  ( 2.249999999999960476, 38.18376618407360468, -177.9999999999990337 ) ) ;
#1036 = ORIENTED_EDGE ( 'NONE', *, *, #894, .F. ) ;
#1037 = ORIENTED_EDGE ( 'NONE', *, *, #578, .T. ) ;
#1038 = DIRECTION ( 'NONE',  ( -1.000000000000000000, 0.000000000000000000, 0.000000000000000000 ) ) ;
#1039 = DIRECTION ( 'NONE',  ( 0.7071067811865436870, 0.000000000000000000, 0.7071067811865514585 ) ) ;
#1040 = VECTOR ( 'NONE', #1255, 1000.000000000000000 ) ;
#1041 = DIRECTION ( 'NONE',  ( 0.000000000000000000, 0.000000000000000000, 1.000000000000000000 ) ) ;
#1042 = AXIS2_PLACEMENT_3D ( 'NONE', #1335, #373, #253 ) ;
#1043 = CC_DESIGN_PERSON_AND_ORGANIZATION_ASSIGNMENT ( #449, #769, ( #381 ) ) ;
#1044 = EDGE_CURVE ( 'NONE', #1351, #1315, #255, .T. ) ;
#1045 = EDGE_CURVE ( 'NONE', #989, #513, #150, .T. ) ;
#1046 = AXIS2_PLACEMENT_3D ( 'NONE', #967, #426, #860 ) ;
#1047 = CARTESIAN_POINT ( 'NONE',  ( 1.387778780781445676E-14, 0.000000000000000000, -177.9999999999990337 ) ) ;
#1048 = DIRECTION ( 'NONE',  ( -0.000000000000000000, -0.000000000000000000, 1.000000000000000000 ) ) ;
#1049 = CARTESIAN_POINT ( 'NONE',  ( 39.74999999999995737, -2.250000000000000000, -151.9999999999990621 ) ) ;
#1050 = ORIENTED_EDGE ( 'NONE', *, *, #1120, .T. ) ;
#1051 = CARTESIAN_POINT ( 'NONE',  ( -2.081668171172168513E-14, 0.000000000000000000, -151.9999999999990621 ) ) ;
#1052 = ORIENTED_EDGE ( 'NONE', *, *, #983, .T. ) ;
#1053 = DIRECTION ( 'NONE',  ( 0.000000000000000000, 0.000000000000000000, 1.000000000000000000 ) ) ;
#1054 = EDGE_CURVE ( 'NONE', #1308, #226, #632, .T. ) ;
#1055 = LINE ( 'NONE', #294, #1365 ) ;
#1056 = CARTESIAN_POINT ( 'NONE',  ( -38.25000000000005684, 0.000000000000000000, -113.8816349035417943 ) ) ;
#1057 = EDGE_LOOP ( 'NONE', ( #728, #636, #771, #263 ) ) ;
#1058 = DIRECTION ( 'NONE',  ( 0.7071067811865436870, 0.000000000000000000, 0.7071067811865514585 ) ) ;
#1059 = DIRECTION ( 'NONE',  ( 1.000000000000000000, 0.000000000000000000, -0.000000000000000000 ) ) ;
#1060 = DIRECTION ( 'NONE',  ( -1.000000000000000000, 1.224646799147354193E-16, 0.000000000000000000 ) ) ;
#1061 = ORIENTED_EDGE ( 'NONE', *, *, #705, .T. ) ;
#1062 = CIRCLE ( 'NONE', #512, 38.25000000000003553 ) ;
#1063 = CARTESIAN_POINT ( 'NONE',  ( 38.03892417275070414, 4.658424673116800895E-15, -112.6845644019019517 ) ) ;
#1064 = DIRECTION ( 'NONE',  ( -1.000000000000000000, 0.000000000000000000, 0.000000000000000000 ) ) ;
#1065 = CARTESIAN_POINT ( 'NONE',  ( 66.81444814719206704, 0.000000000000000000, 15.19565312057443585 ) ) ;
#1066 = CARTESIAN_POINT ( 'NONE',  ( 14.13499294879398072, 4.653657836759941941E-15, 67.87510831897193952 ) ) ;
#1067 = ORIENTED_EDGE ( 'NONE', *, *, #1103, .T. ) ;
#1068 = DIRECTION ( 'NONE',  ( -1.000000000000000000, 0.000000000000000000, 0.000000000000000000 ) ) ;
#1069 = CARTESIAN_POINT ( 'NONE',  ( -2.081668171172168513E-14, 0.000000000000000000, -177.9999999999990337 ) ) ;
#1070 = CARTESIAN_POINT ( 'NONE',  ( 67.87510831897189689, 0.000000000000000000, 14.13499294879462198 ) ) ;
#1071 = CARTESIAN_POINT ( 'NONE',  ( -2.081668171172168513E-14, 0.000000000000000000, -113.8816349035417943 ) ) ;
#1072 = ORIENTED_EDGE ( 'NONE', *, *, #48, .F. ) ;
#1073 = DIRECTION ( 'NONE',  ( -0.000000000000000000, -0.000000000000000000, -1.000000000000000000 ) ) ;
#1074 = CIRCLE ( 'NONE', #1254, 5.000000000000004441 ) ;
#1075 = ADVANCED_FACE ( 'NONE', ( #1336 ), #1348, .F. ) ;
#1076 = VECTOR ( 'NONE', #1176, 1000.000000000000000 ) ;
#1077 = CARTESIAN_POINT ( 'NONE',  ( 2.249999999999960476, -39.68626966596889361, -151.9999999999990621 ) ) ;
#1078 = DIRECTION ( 'NONE',  ( 1.000000000000000000, 0.000000000000000000, 0.000000000000000000 ) ) ;
#1079 = VECTOR ( 'NONE', #77, 1000.000000000000000 ) ;
#1080 = DIRECTION ( 'NONE',  ( -0.7071067811865512365, 0.000000000000000000, 0.7071067811865439090 ) ) ;
#1081 = DIRECTION ( 'NONE',  ( -0.000000000000000000, -0.000000000000000000, -1.000000000000000000 ) ) ;
#1082 = EDGE_CURVE ( 'NONE', #310, #258, #1341, .T. ) ;
#1083 = COORDINATED_UNIVERSAL_TIME_OFFSET ( 1, 0, .AHEAD. ) ;
#1084 = ORIENTED_EDGE ( 'NONE', *, *, #974, .T. ) ;
#1085 = VECTOR ( 'NONE', #133, 1000.000000000000000 ) ;
#1086 = ADVANCED_FACE ( 'NONE', ( #41 ), #374, .T. ) ;
#1087 = AXIS2_PLACEMENT_3D ( 'NONE', #1361, #739, #720 ) ;
#1088 = ORIENTED_EDGE ( 'NONE', *, *, #48, .T. ) ;
#1089 = CARTESIAN_POINT ( 'NONE',  ( -38.18376618407361889, 2.250000000000000000, -151.9999999999990621 ) ) ;
#1090 = FACE_OUTER_BOUND ( 'NONE', #1275, .T. ) ;
#1091 = DIRECTION ( 'NONE',  ( 0.000000000000000000, 1.000000000000000000, 0.000000000000000000 ) ) ;
#1092 = AXIS2_PLACEMENT_3D ( 'NONE', #1206, #12, #352 ) ;
#1093 = DIRECTION ( 'NONE',  ( 1.000000000000000000, 0.000000000000000000, 0.000000000000000000 ) ) ;
#1094 = ORIENTED_EDGE ( 'NONE', *, *, #888, .F. ) ;
#1095 = DIRECTION ( 'NONE',  ( -1.000000000000000000, 0.000000000000000000, 0.000000000000000000 ) ) ;
#1096 = CARTESIAN_POINT ( 'NONE',  ( -2.250000000000039080, -38.18376618407359757, -151.9999999999990621 ) ) ;
#1097 = VECTOR ( 'NONE', #241, 1000.000000000000000 ) ;
#1098 = CARTESIAN_POINT ( 'NONE',  ( 2.249999999999960476, -39.68626966596890782, -177.9999999999990337 ) ) ;
#1099 = LINE ( 'NONE', #1213, #547 ) ;
#1100 =( LENGTH_UNIT ( ) NAMED_UNIT ( * ) SI_UNIT ( .MILLI., .METRE. ) );
#1101 = CIRCLE ( 'NONE', #1386, 4.999999999999997335 ) ;
#1102 = ORIENTED_EDGE ( 'NONE', *, *, #954, .T. ) ;
#1103 = EDGE_CURVE ( 'NONE', #319, #991, #815, .T. ) ;
#1104 = DIRECTION ( 'NONE',  ( 0.000000000000000000, 0.000000000000000000, -1.000000000000000000 ) ) ;
#1105 = DATE_AND_TIME ( #585, #722 ) ;
#1106 = ORIENTED_EDGE ( 'NONE', *, *, #954, .F. ) ;
#1107 = EDGE_CURVE ( 'NONE', #269, #905, #880, .T. ) ;
#1108 = VERTEX_POINT ( 'NONE', #1035 ) ;
#1109 = AXIS2_PLACEMENT_3D ( 'NONE', #84, #389, #301 ) ;
#1110 = PLANE ( 'NONE',  #856 ) ;
#1111 = CARTESIAN_POINT ( 'NONE',  ( -2.081668171172168513E-14, 0.000000000000000000, -177.9999999999990337 ) ) ;
#1112 = EDGE_LOOP ( 'NONE', ( #24, #1344, #735, #934 ) ) ;
#1113 = ORIENTED_EDGE ( 'NONE', *, *, #823, .T. ) ;
#1114 = EDGE_CURVE ( 'NONE', #1376, #363, #1134, .T. ) ;
#1115 = CARTESIAN_POINT ( 'NONE',  ( -2.081668171172168513E-14, 0.000000000000000000, -177.9999999999990337 ) ) ;
#1116 = CARTESIAN_POINT ( 'NONE',  ( 39.68626966596888650, 2.250000000000000000, -177.9999999999990337 ) ) ;
#1117 = VERTEX_POINT ( 'NONE', #703 ) ;
#1118 = EDGE_LOOP ( 'NONE', ( #1195, #1242, #342, #1355, #1088, #1050, #1185, #1140, #586, #101, #15, #1217 ) ) ;
#1119 = DIRECTION ( 'NONE',  ( 1.000000000000000000, 0.000000000000000000, 0.000000000000000000 ) ) ;
#1120 = EDGE_CURVE ( 'NONE', #1329, #1031, #1062, .T. ) ;
#1121 = ADVANCED_FACE ( 'NONE', ( #1273 ), #85, .T. ) ;
#1122 = DIRECTION ( 'NONE',  ( 1.000000000000000000, 0.000000000000000000, 0.000000000000000000 ) ) ;
#1123 = DIRECTION ( 'NONE',  ( -1.000000000000000000, 0.000000000000000000, 0.000000000000000000 ) ) ;
#1124 = VERTEX_POINT ( 'NONE', #731 ) ;
#1125 = CYLINDRICAL_SURFACE ( 'NONE', #227, 38.25000000000003553 ) ;
#1126 = EDGE_CURVE ( 'NONE', #513, #87, #1264, .T. ) ;
#1127 = CIRCLE ( 'NONE', #115, 39.75000000000003553 ) ;
#1128 = ORIENTED_EDGE ( 'NONE', *, *, #931, .F. ) ;
#1129 = CARTESIAN_POINT ( 'NONE',  ( 39.74999999999995737, 2.250000000000000000, -151.9999999999990621 ) ) ;
#1130 =( GEOMETRIC_REPRESENTATION_CONTEXT ( 3 ) GLOBAL_UNCERTAINTY_ASSIGNED_CONTEXT ( ( #573 ) ) GLOBAL_UNIT_ASSIGNED_CONTEXT ( ( #1100, #21, #1288 ) ) REPRESENTATION_CONTEXT ( 'NONE', 'WORKASPACE' ) );
#1131 = CARTESIAN_POINT ( 'NONE',  ( -2.081668171172168513E-14, 0.000000000000000000, -151.9999999999990621 ) ) ;
#1132 = DIRECTION ( 'NONE',  ( -1.000000000000000000, 0.000000000000000000, 0.000000000000000000 ) ) ;
#1133 = ORIENTED_EDGE ( 'NONE', *, *, #550, .F. ) ;
#1134 = CIRCLE ( 'NONE', #1203, 38.03892417275068993 ) ;
#1135 = ORIENTED_EDGE ( 'NONE', *, *, #143, .T. ) ;
#1136 = LINE ( 'NONE', #1129, #825 ) ;
#1137 = FACE_OUTER_BOUND ( 'NONE', #508, .T. ) ;
#1138 = CYLINDRICAL_SURFACE ( 'NONE', #298, 39.75000000000003553 ) ;
#1139 = ORIENTED_EDGE ( 'NONE', *, *, #1389, .T. ) ;
#1140 = ORIENTED_EDGE ( 'NONE', *, *, #1144, .T. ) ;
#1141 = CARTESIAN_POINT ( 'NONE',  ( -36.49999999999998579, 4.469960816887838430E-15, -107.3102796124114775 ) ) ;
#1142 = VECTOR ( 'NONE', #102, 1000.000000000000000 ) ;
#1143 = EDGE_CURVE ( 'NONE', #567, #870, #1243, .T. ) ;
#1144 = EDGE_CURVE ( 'NONE', #340, #1315, #165, .T. ) ;
#1145 = DIRECTION ( 'NONE',  ( -0.000000000000000000, -0.000000000000000000, -1.000000000000000000 ) ) ;
#1146 = DIRECTION ( 'NONE',  ( -2.220446049250313081E-16, 0.000000000000000000, -1.000000000000000000 ) ) ;
#1147 = AXIS2_PLACEMENT_3D ( 'NONE', #1276, #196, #628 ) ;
#1148 = AXIS2_PLACEMENT_3D ( 'NONE', #132, #755, #857 ) ;
#1149 = CARTESIAN_POINT ( 'NONE',  ( 1.387778780781445676E-14, 0.000000000000000000, -109.0203803290397957 ) ) ;
#1150 = ORIENTED_EDGE ( 'NONE', *, *, #11, .T. ) ;
#1151 = AXIS2_PLACEMENT_3D ( 'NONE', #1353, #1039, #949 ) ;
#1152 = EDGE_CURVE ( 'NONE', #1339, #161, #942, .T. ) ;
#1153 = DIRECTION ( 'NONE',  ( 0.000000000000000000, -1.000000000000000000, 0.000000000000000000 ) ) ;
#1154 = DIRECTION ( 'NONE',  ( -2.220446049250313081E-16, 0.000000000000000000, -1.000000000000000000 ) ) ;
#1155 = AXIS2_PLACEMENT_3D ( 'NONE', #1218, #248, #611 ) ;
#1156 = DIRECTION ( 'NONE',  ( -1.000000000000000000, 0.000000000000000000, 0.000000000000000000 ) ) ;
#1157 = CARTESIAN_POINT ( 'NONE',  ( -2.250000000000039080, 39.75000000000000000, -151.9999999999990621 ) ) ;
#1158 = EDGE_CURVE ( 'NONE', #1339, #1318, #278, .T. ) ;
#1159 = ORIENTED_EDGE ( 'NONE', *, *, #57, .F. ) ;
#1160 = AXIS2_PLACEMENT_3D ( 'NONE', #651, #1081, #121 ) ;
#1161 = DIRECTION ( 'NONE',  ( 1.000000000000000000, 0.000000000000000000, 0.000000000000000000 ) ) ;
#1162 = DIRECTION ( 'NONE',  ( -0.000000000000000000, -1.000000000000000000, -0.000000000000000000 ) ) ;
#1163 = ORIENTED_EDGE ( 'NONE', *, *, #983, .F. ) ;
#1164 = DIRECTION ( 'NONE',  ( 0.000000000000000000, -1.000000000000000000, 0.000000000000000000 ) ) ;
#1165 = VERTEX_POINT ( 'NONE', #194 ) ;
#1166 = CIRCLE ( 'NONE', #1277, 39.75000000000003553 ) ;
#1167 = ORIENTED_EDGE ( 'NONE', *, *, #103, .F. ) ;
#1168 = DIRECTION ( 'NONE',  ( -0.000000000000000000, -0.000000000000000000, -1.000000000000000000 ) ) ;
#1169 = EDGE_CURVE ( 'NONE', #1208, #226, #844, .T. ) ;
#1170 = CIRCLE ( 'NONE', #1281, 36.50000000000000000 ) ;
#1171 = CARTESIAN_POINT ( 'NONE',  ( 39.74999999999995737, -2.250000000000000000, -151.9999999999990621 ) ) ;
#1172 = LINE ( 'NONE', #951, #913 ) ;
#1173 = CARTESIAN_POINT ( 'NONE',  ( -39.68626966596890782, 2.249999999999999112, -177.9999999999990337 ) ) ;
#1174 = ORIENTED_EDGE ( 'NONE', *, *, #11, .F. ) ;
#1175 = DIRECTION ( 'NONE',  ( 0.000000000000000000, 0.000000000000000000, 1.000000000000000000 ) ) ;
#1176 = DIRECTION ( 'NONE',  ( -0.000000000000000000, -0.000000000000000000, -1.000000000000000000 ) ) ;
#1177 = EDGE_CURVE ( 'NONE', #889, #436, #284, .T. ) ;
#1178 = LOCAL_TIME ( 0, 3, 55.00000000000000000, #441 ) ;
#1179 = CARTESIAN_POINT ( 'NONE',  ( 1.387778780781445676E-14, 0.000000000000000000, -112.9999999999993179 ) ) ;
#1180 = CARTESIAN_POINT ( 'NONE',  ( 38.00000000000001421, 0.000000000000000000, -107.3102796124114775 ) ) ;
#1181 = DIRECTION ( 'NONE',  ( -1.000000000000000000, 0.000000000000000000, 2.220446049250313081E-16 ) ) ;
#1182 = CYLINDRICAL_SURFACE ( 'NONE', #371, 39.75000000000003553 ) ;
#1183 = DIRECTION ( 'NONE',  ( -0.7071067811865512365, 0.000000000000000000, 0.7071067811865439090 ) ) ;
#1184 = PERSON_AND_ORGANIZATION ( #1032, #584 ) ;
#1185 = ORIENTED_EDGE ( 'NONE', *, *, #246, .T. ) ;
#1186 = DIRECTION ( 'NONE',  ( 0.000000000000000000, 0.000000000000000000, -1.000000000000000000 ) ) ;
#1187 = ORIENTED_EDGE ( 'NONE', *, *, #1044, .F. ) ;
#1188 = CARTESIAN_POINT ( 'NONE',  ( 38.25000000000001421, 4.684274006738630461E-15, -177.9999999999990337 ) ) ;
#1189 = EDGE_CURVE ( 'NONE', #624, #363, #767, .T. ) ;
#1190 = CIRCLE ( 'NONE', #763, 38.00000000000000000 ) ;
#1191 = CARTESIAN_POINT ( 'NONE',  ( 2.249999999999960476, 39.75000000000000000, -177.9999999999990337 ) ) ;
#1192 = EDGE_CURVE ( 'NONE', #863, #711, #833, .T. ) ;
#1193 = DATE_TIME_ROLE ( 'creation_date' ) ;
#1194 = AXIS2_PLACEMENT_3D ( 'NONE', #276, #695, #1119 ) ;
#1195 = ORIENTED_EDGE ( 'NONE', *, *, #388, .F. ) ;
#1196 = TOROIDAL_SURFACE ( 'NONE', #1148, 139.9999999999999716, 36.50000000000000000 ) ;
#1197 = DIRECTION ( 'NONE',  ( -1.000000000000000000, 0.000000000000000000, 0.000000000000000000 ) ) ;
#1198 = CIRCLE ( 'NONE', #113, 39.75000000000004974 ) ;
#1199 = DIRECTION ( 'NONE',  ( -1.000000000000000000, 0.000000000000000000, 0.000000000000000000 ) ) ;
#1200 = AXIS2_PLACEMENT_3D ( 'NONE', #334, #813, #693 ) ;
#1201 = DATE_TIME_ROLE ( 'classification_date' ) ;
#1202 = VERTEX_POINT ( 'NONE', #740 ) ;
#1203 = AXIS2_PLACEMENT_3D ( 'NONE', #1237, #268, #273 ) ;
#1204 = DIRECTION ( 'NONE',  ( -1.000000000000000000, 0.000000000000000000, 0.000000000000000000 ) ) ;
#1205 = DIRECTION ( 'NONE',  ( -0.7071067811865437980, 0.000000000000000000, -0.7071067811865512365 ) ) ;
#1206 = CARTESIAN_POINT ( 'NONE',  ( -2.081668171172168513E-14, 0.000000000000000000, -177.9999999999990337 ) ) ;
#1207 = APPROVAL_DATE_TIME ( #776, #282 ) ;
#1208 = VERTEX_POINT ( 'NONE', #612 ) ;
#1209 = EDGE_LOOP ( 'NONE', ( #442, #984, #1159, #42 ) ) ;
#1210 = DIRECTION ( 'NONE',  ( 1.224646799147353207E-16, 1.000000000000000000, -0.000000000000000000 ) ) ;
#1211 = AXIS2_PLACEMENT_3D ( 'NONE', #998, #34, #1199 ) ;
#1212 = CARTESIAN_POINT ( 'NONE',  ( 115.1299423149110623, 0.000000000000000000, 115.1299423149122134 ) ) ;
#1213 = CARTESIAN_POINT ( 'NONE',  ( -36.49999999999998579, 4.469960816887838430E-15, -177.9999999999990337 ) ) ;
#1214 = EDGE_CURVE ( 'NONE', #493, #234, #201, .T. ) ;
#1215 = DATE_AND_TIME ( #222, #29 ) ;
#1216 = CIRCLE ( 'NONE', #806, 176.5000000000000000 ) ;
#1217 = ORIENTED_EDGE ( 'NONE', *, *, #507, .T. ) ;
#1218 = CARTESIAN_POINT ( 'NONE',  ( 1.387778780781445676E-14, 0.000000000000000000, -112.9999999999993179 ) ) ;
#1219 = CARTESIAN_POINT ( 'NONE',  ( 15.19565312057381767, 4.469960816887838430E-15, 66.81444814719213809 ) ) ;
#1220 = EDGE_CURVE ( 'NONE', #148, #1202, #1055, .T. ) ;
#1221 = ORIENTED_EDGE ( 'NONE', *, *, #1220, .T. ) ;
#1222 = ORIENTED_EDGE ( 'NONE', *, *, #103, .T. ) ;
#1223 = CIRCLE ( 'NONE', #608, 38.00000000000000000 ) ;
#1224 = TOROIDAL_SURFACE ( 'NONE', #492, 139.9999999999999716, 36.50000000000000000 ) ;
#1225 = DIRECTION ( 'NONE',  ( -1.000000000000000000, 0.000000000000000000, 1.826024711554533667E-16 ) ) ;
#1226 = LINE ( 'NONE', #590, #128 ) ;
#1227 = ORIENTED_EDGE ( 'NONE', *, *, #754, .F. ) ;
#1228 = TOROIDAL_SURFACE ( 'NONE', #59, 139.9999999999999716, 38.00000000000000000 ) ;
#1229 = ORIENTED_EDGE ( 'NONE', *, *, #1177, .F. ) ;
#1230 = DIRECTION ( 'NONE',  ( 0.7071067811865435759, 0.000000000000000000, 0.7071067811865513475 ) ) ;
#1231 = ADVANCED_FACE ( 'NONE', ( #747 ), #828, .T. ) ;
#1232 = DIRECTION ( 'NONE',  ( 0.000000000000000000, 0.000000000000000000, -1.000000000000000000 ) ) ;
#1233 = DIRECTION ( 'NONE',  ( 0.000000000000000000, 0.000000000000000000, -1.000000000000000000 ) ) ;
#1234 = ORIENTED_EDGE ( 'NONE', *, *, #610, .F. ) ;
#1235 = EDGE_LOOP ( 'NONE', ( #1106, #916, #400, #634 ) ) ;
#1236 = CARTESIAN_POINT ( 'NONE',  ( -3.952393967665535827E-14, 0.000000000000000000, -151.9999999999990621 ) ) ;
#1237 = CARTESIAN_POINT ( 'NONE',  ( 1.387778780781445676E-14, 0.000000000000000000, -112.6845644019019517 ) ) ;
#1238 = EDGE_LOOP ( 'NONE', ( #428, #420, #76, #997, #826, #895, #809, #741, #1267, #1360, #1036, #1094 ) ) ;
#1239 = ORIENTED_EDGE ( 'NONE', *, *, #468, .T. ) ;
#1240 = CARTESIAN_POINT ( 'NONE',  ( 1.387778780781445676E-14, 0.000000000000000000, -107.3102796124114775 ) ) ;
#1241 = CARTESIAN_POINT ( 'NONE',  ( 34.75000000000001421, 0.000000000000000000, -113.8816349035417943 ) ) ;
#1242 = ORIENTED_EDGE ( 'NONE', *, *, #964, .F. ) ;
#1243 = CIRCLE ( 'NONE', #588, 36.50000000000000000 ) ;
#1244 = CC_DESIGN_DATE_AND_TIME_ASSIGNMENT ( #109, #1193, ( #1291 ) ) ;
#1245 = ORIENTED_EDGE ( 'NONE', *, *, #1357, .T. ) ;
#1246 = EDGE_CURVE ( 'NONE', #310, #1339, #526, .T. ) ;
#1247 = FACE_OUTER_BOUND ( 'NONE', #60, .T. ) ;
#1248 = CARTESIAN_POINT ( 'NONE',  ( -2.081668171172168513E-14, 0.000000000000000000, -177.9999999999990337 ) ) ;
#1249 = ADVANCED_FACE ( 'NONE', ( #207 ), #838, .F. ) ;
#1250 = FACE_OUTER_BOUND ( 'NONE', #1289, .T. ) ;
#1251 = ORIENTED_EDGE ( 'NONE', *, *, #974, .F. ) ;
#1252 = CARTESIAN_POINT ( 'NONE',  ( 39.68626966596886518, 2.249999999999999112, -177.9999999999990337 ) ) ;
#1253 = DIRECTION ( 'NONE',  ( -1.000000000000000000, 0.000000000000000000, 0.000000000000000000 ) ) ;
#1254 = AXIS2_PLACEMENT_3D ( 'NONE', #961, #419, #1186 ) ;
#1255 = DIRECTION ( 'NONE',  ( -1.000000000000000000, 0.000000000000000000, 0.000000000000000000 ) ) ;
#1256 = AXIS2_PLACEMENT_3D ( 'NONE', #626, #75, #1253 ) ;
#1257 = DIRECTION ( 'NONE',  ( -1.000000000000000000, 0.000000000000000000, 0.000000000000000000 ) ) ;
#1258 = EDGE_CURVE ( 'NONE', #226, #252, #650, .T. ) ;
#1259 = VECTOR ( 'NONE', #630, 1000.000000000000000 ) ;
#1260 = DIRECTION ( 'NONE',  ( -0.7071067811865442421, 0.000000000000000000, -0.7071067811865507924 ) ) ;
#1261 = AXIS2_PLACEMENT_3D ( 'NONE', #1268, #95, #515 ) ;
#1262 = CARTESIAN_POINT ( 'NONE',  ( 39.74999999999995737, 2.250000000000000000, -151.9999999999990621 ) ) ;
#1263 = VECTOR ( 'NONE', #236, 1000.000000000000114 ) ;
#1264 = LINE ( 'NONE', #1379, #451 ) ;
#1265 = ORIENTED_EDGE ( 'NONE', *, *, #1364, .T. ) ;
#1266 = CARTESIAN_POINT ( 'NONE',  ( -39.68626966596893624, -2.250000000000000000, -177.9999999999990337 ) ) ;
#1267 = ORIENTED_EDGE ( 'NONE', *, *, #792, .F. ) ;
#1268 = CARTESIAN_POINT ( 'NONE',  ( -3.469446951953614189E-15, 0.000000000000000000, -113.8816349035417943 ) ) ;
#1269 = ORIENTED_EDGE ( 'NONE', *, *, #733, .F. ) ;
#1270 = EDGE_CURVE ( 'NONE', #234, #258, #332, .T. ) ;
#1271 = CIRCLE ( 'NONE', #701, 103.4999999999999858 ) ;
#1272 = LINE ( 'NONE', #709, #789 ) ;
#1273 = FACE_OUTER_BOUND ( 'NONE', #555, .T. ) ;
#1274 = DIRECTION ( 'NONE',  ( -1.000000000000000000, 0.000000000000000000, 0.000000000000000000 ) ) ;
#1275 = EDGE_LOOP ( 'NONE', ( #1350, #655, #324, #454, #38, #111, #576, #78, #1052, #1234, #361, #945 ) ) ;
#1276 = CARTESIAN_POINT ( 'NONE',  ( -2.081668171172168513E-14, 0.000000000000000000, -151.9999999999990621 ) ) ;
#1277 = AXIS2_PLACEMENT_3D ( 'NONE', #986, #1104, #1204 ) ;
#1278 = ORIENTED_EDGE ( 'NONE', *, *, #1022, .F. ) ;
#1279 = CARTESIAN_POINT ( 'NONE',  ( 2.249999999999960476, -38.18376618407360468, -151.9999999999990621 ) ) ;
#1280 = DIRECTION ( 'NONE',  ( 0.000000000000000000, 0.000000000000000000, 1.000000000000000000 ) ) ;
#1281 = AXIS2_PLACEMENT_3D ( 'NONE', #397, #1381, #845 ) ;
#1282 = CARTESIAN_POINT ( 'NONE',  ( 115.1299423149110481, 0.000000000000000000, 115.1299423149122276 ) ) ;
#1283 = DIRECTION ( 'NONE',  ( 0.000000000000000000, 0.000000000000000000, -1.000000000000000000 ) ) ;
#1284 = ORIENTED_EDGE ( 'NONE', *, *, #729, .T. ) ;
#1285 = CARTESIAN_POINT ( 'NONE',  ( 142.0000000000000284, 0.000000000000000000, 88.25988462982355998 ) ) ;
#1286 = DIRECTION ( 'NONE',  ( 0.000000000000000000, 0.000000000000000000, 1.000000000000000000 ) ) ;
#1287 = CIRCLE ( 'NONE', #681, 3.500000000000003109 ) ;
#1288 =( NAMED_UNIT ( * ) SI_UNIT ( $, .STERADIAN. ) SOLID_ANGLE_UNIT ( ) );
#1289 = EDGE_LOOP ( 'NONE', ( #953, #561, #762, #1292, #689, #387, #471, #592, #1301, #917, #399, #882 ) ) ;
#1290 = CARTESIAN_POINT ( 'NONE',  ( -2.081668171172168513E-14, 0.000000000000000000, -151.9999999999990621 ) ) ;
#1291 = PRODUCT_DEFINITION ( 'UNKNOWN', '', #1372, #562 ) ;
#1292 = ORIENTED_EDGE ( 'NONE', *, *, #468, .F. ) ;
#1293 = EDGE_CURVE ( 'NONE', #889, #1011, #963, .T. ) ;
#1294 = CARTESIAN_POINT ( 'NONE',  ( 2.249999999999960476, 39.68626966596889361, -151.9999999999990621 ) ) ;
#1295 = CARTESIAN_POINT ( 'NONE',  ( 1.387778780781445676E-14, 0.000000000000000000, -107.3102796124114775 ) ) ;
#1296 = CARTESIAN_POINT ( 'NONE',  ( 88.25988462982212468, 4.653657836759941941E-15, 142.0000000000009095 ) ) ;
#1297 = ORIENTED_EDGE ( 'NONE', *, *, #647, .T. ) ;
#1298 = VERTEX_POINT ( 'NONE', #1285 ) ;
#1299 = FACE_OUTER_BOUND ( 'NONE', #599, .T. ) ;
#1300 = DIRECTION ( 'NONE',  ( 0.000000000000000000, -1.000000000000000000, 0.000000000000000000 ) ) ;
#1301 = ORIENTED_EDGE ( 'NONE', *, *, #622, .T. ) ;
#1302 = DIRECTION ( 'NONE',  ( -0.000000000000000000, -1.000000000000000000, -0.000000000000000000 ) ) ;
#1303 = ORIENTED_EDGE ( 'NONE', *, *, #1258, .F. ) ;
#1304 = CARTESIAN_POINT ( 'NONE',  ( 2.249999999999960476, 38.18376618407360468, -151.9999999999990621 ) ) ;
#1305 = TOROIDAL_SURFACE ( 'NONE', #1261, 34.75000000000001421, 3.500000000000000000 ) ;
#1306 = CARTESIAN_POINT ( 'NONE',  ( 140.9393398282201986, 0.000000000000000000, 89.32054480160337562 ) ) ;
#1307 = ORIENTED_EDGE ( 'NONE', *, *, #713, .T. ) ;
#1308 = VERTEX_POINT ( 'NONE', #866 ) ;
#1309 = ADVANCED_FACE ( 'NONE', ( #1311 ), #1196, .F. ) ;
#1310 = AXIS2_PLACEMENT_3D ( 'NONE', #1241, #807, #691 ) ;
#1311 = FACE_OUTER_BOUND ( 'NONE', #437, .T. ) ;
#1312 = CARTESIAN_POINT ( 'NONE',  ( 1.387778780781445676E-14, 0.000000000000000000, -112.1715341869134619 ) ) ;
#1313 = CARTESIAN_POINT ( 'NONE',  ( 140.0000000000000000, 0.000000000000000000, -57.98989873223289493 ) ) ;
#1314 = APPROVAL_ROLE ( '' ) ;
#1315 = VERTEX_POINT ( 'NONE', #1304 ) ;
#1316 = DIRECTION ( 'NONE',  ( -0.000000000000000000, -0.000000000000000000, -1.000000000000000000 ) ) ;
#1317 = DIRECTION ( 'NONE',  ( -0.3420201433256643275, 0.000000000000000000, -0.9396926207859099822 ) ) ;
#1318 = VERTEX_POINT ( 'NONE', #105 ) ;
#1319 = ORIENTED_EDGE ( 'NONE', *, *, #456, .F. ) ;
#1320 = AXIS2_PLACEMENT_3D ( 'NONE', #1026, #154, #708 ) ;
#1321 = AXIS2_PLACEMENT_3D ( 'NONE', #1248, #1154, #1064 ) ;
#1322 = TOROIDAL_SURFACE ( 'NONE', #897, 43.00000000000000000, 5.000000000000000000 ) ;
#1323 = EDGE_CURVE ( 'NONE', #436, #176, #110, .T. ) ;
#1324 = DIRECTION ( 'NONE',  ( 0.000000000000000000, 1.000000000000000000, 0.000000000000000000 ) ) ;
#1325 = LINE ( 'NONE', #817, #431 ) ;
#1326 = AXIS2_PLACEMENT_3D ( 'NONE', #896, #411, #1286 ) ;
#1327 = ORIENTED_EDGE ( 'NONE', *, *, #82, .T. ) ;
#1328 = LOCAL_TIME ( 0, 3, 55.00000000000000000, #669 ) ;
#1329 = VERTEX_POINT ( 'NONE', #118 ) ;
#1330 = DIRECTION ( 'NONE',  ( -2.220446049250313081E-16, 0.000000000000000000, -1.000000000000000000 ) ) ;
#1331 = EDGE_CURVE ( 'NONE', #872, #534, #1166, .T. ) ;
#1332 = VECTOR ( 'NONE', #1053, 1000.000000000000000 ) ;
#1333 = EDGE_CURVE ( 'NONE', #889, #265, #219, .T. ) ;
#1334 = ADVANCED_FACE ( 'NONE', ( #541 ), #842, .F. ) ;
#1335 = CARTESIAN_POINT ( 'NONE',  ( -3.952393967665535827E-14, 0.000000000000000000, -151.9999999999990621 ) ) ;
#1336 = FACE_OUTER_BOUND ( 'NONE', #947, .T. ) ;
#1337 = ORIENTED_EDGE ( 'NONE', *, *, #964, .T. ) ;
#1338 = VECTOR ( 'NONE', #458, 1000.000000000000000 ) ;
#1339 = VERTEX_POINT ( 'NONE', #1096 ) ;
#1340 = DIRECTION ( 'NONE',  ( -1.000000000000000000, 0.000000000000000000, 0.000000000000000000 ) ) ;
#1341 = LINE ( 'NONE', #487, #1024 ) ;
#1342 = APPROVAL_ROLE ( '' ) ;
#1343 = EDGE_LOOP ( 'NONE', ( #805, #850, #1072, #899 ) ) ;
#1344 = ORIENTED_EDGE ( 'NONE', *, *, #533, .T. ) ;
#1345 = EDGE_CURVE ( 'NONE', #1124, #319, #240, .T. ) ;
#1346 = AXIS2_PLACEMENT_3D ( 'NONE', #86, #1388, #1257 ) ;
#1347 = DIRECTION ( 'NONE',  ( -2.220446049250313081E-16, 0.000000000000000000, -1.000000000000000000 ) ) ;
#1348 = PLANE ( 'NONE',  #233 ) ;
#1349 = EDGE_CURVE ( 'NONE', #624, #704, #479, .T. ) ;
#1350 = ORIENTED_EDGE ( 'NONE', *, *, #316, .F. ) ;
#1351 = VERTEX_POINT ( 'NONE', #1294 ) ;
#1352 = ADVANCED_FACE ( 'NONE', ( #525, #1299 ), #649, .F. ) ;
#1353 = CARTESIAN_POINT ( 'NONE',  ( 41.00505063388293081, 0.000000000000000000, 41.00505063388327898 ) ) ;
#1354 = DIRECTION ( 'NONE',  ( -1.000000000000000000, 0.000000000000000000, 0.000000000000000000 ) ) ;
#1355 = ORIENTED_EDGE ( 'NONE', *, *, #550, .T. ) ;
#1356 = DIRECTION ( 'NONE',  ( 0.000000000000000000, -0.000000000000000000, -1.000000000000000000 ) ) ;
#1357 = EDGE_CURVE ( 'NONE', #310, #375, #26, .T. ) ;
#1358 = CARTESIAN_POINT ( 'NONE',  ( -39.68626966596890782, -2.249999999999999112, -177.9999999999990337 ) ) ;
#1359 = DIRECTION ( 'NONE',  ( 0.7071067811865435759, 0.000000000000000000, 0.7071067811865513475 ) ) ;
#1360 = ORIENTED_EDGE ( 'NONE', *, *, #472, .F. ) ;
#1361 = CARTESIAN_POINT ( 'NONE',  ( 41.00505063388293081, 0.000000000000000000, 41.00505063388327898 ) ) ;
#1362 = CARTESIAN_POINT ( 'NONE',  ( -2.081668171172168513E-14, 0.000000000000000000, -151.9999999999990621 ) ) ;
#1363 = CIRCLE ( 'NONE', #577, 36.50000000000000000 ) ;
#1364 = EDGE_CURVE ( 'NONE', #863, #274, #412, .T. ) ;
#1365 = VECTOR ( 'NONE', #1041, 1000.000000000000000 ) ;
#1366 = EDGE_CURVE ( 'NONE', #1208, #1395, #670, .T. ) ;
#1367 = ORIENTED_EDGE ( 'NONE', *, *, #1158, .F. ) ;
#1368 = CARTESIAN_POINT ( 'NONE',  ( 89.32054480160195453, 4.469960816887838430E-15, 140.9393398282211081 ) ) ;
#1369 = AXIS2_PLACEMENT_3D ( 'NONE', #1149, #607, #43 ) ;
#1370 = ORIENTED_EDGE ( 'NONE', *, *, #1120, .F. ) ;
#1371 = EDGE_CURVE ( 'NONE', #363, #1376, #955, .T. ) ;
#1372 = PRODUCT_DEFINITION_FORMATION_WITH_SPECIFIED_SOURCE ( 'ANY', '', #89, .NOT_KNOWN. ) ;
#1373 = CYLINDRICAL_SURFACE ( 'NONE', #180, 36.50000000000000000 ) ;
#1374 = DIRECTION ( 'NONE',  ( -0.000000000000000000, -0.000000000000000000, 1.000000000000000000 ) ) ;
#1375 = DIRECTION ( 'NONE',  ( 0.000000000000000000, -0.000000000000000000, -1.000000000000000000 ) ) ;
#1376 = VERTEX_POINT ( 'NONE', #230 ) ;
#1377 = AXIS2_PLACEMENT_3D ( 'NONE', #797, #698, #687 ) ;
#1378 = DIRECTION ( 'NONE',  ( -0.7071067811865506814, 0.000000000000000000, 0.7071067811865442421 ) ) ;
#1379 = CARTESIAN_POINT ( 'NONE',  ( 38.18376618407356915, 2.249999999999999112, -177.9999999999990337 ) ) ;
#1380 = FACE_OUTER_BOUND ( 'NONE', #58, .T. ) ;
#1381 = DIRECTION ( 'NONE',  ( -0.000000000000000000, -0.000000000000000000, 1.000000000000000000 ) ) ;
#1382 = ORIENTED_EDGE ( 'NONE', *, *, #216, .T. ) ;
#1383 = VECTOR ( 'NONE', #658, 1000.000000000000000 ) ;
#1384 = DIRECTION ( 'NONE',  ( -0.000000000000000000, -0.000000000000000000, -1.000000000000000000 ) ) ;
#1385 = CARTESIAN_POINT ( 'NONE',  ( -2.250000000000038636, -38.18376618407359047, -177.9999999999990337 ) ) ;
#1386 = AXIS2_PLACEMENT_3D ( 'NONE', #497, #749, #1060 ) ;
#1387 = DIRECTION ( 'NONE',  ( -0.000000000000000000, -0.000000000000000000, 1.000000000000000000 ) ) ;
#1388 = DIRECTION ( 'NONE',  ( 0.000000000000000000, 0.000000000000000000, -1.000000000000000000 ) ) ;
#1389 = EDGE_CURVE ( 'NONE', #1318, #6, #852, .T. ) ;
#1390 = ADVANCED_FACE ( 'NONE', ( #1090 ), #1182, .T. ) ;
#1391 = CARTESIAN_POINT ( 'NONE',  ( -38.30153689607043077, 0.000000000000000000, -109.0203803290397957 ) ) ;
#1392 = EDGE_CURVE ( 'NONE', #1202, #1351, #987, .T. ) ;
#1393 = FACE_OUTER_BOUND ( 'NONE', #886, .T. ) ;
#1394 = VECTOR ( 'NONE', #985, 1000.000000000000000 ) ;
#1395 = VERTEX_POINT ( 'NONE', #1391 ) ;
ENDSEC;
END-ISO-10303-21;
