ISO-10303-21;
HEADER;
FILE_DESCRIPTION (( 'STEP AP203' ),
    '1' );
FILE_NAME ('79-8543 - 76mm 30deg.STEP',
    '2026-09-15T22:03:53',
    ( '' ),
    ( '' ),
    'SwSTEP 2.0',
    'SolidWorks 2026',
    '' );
FILE_SCHEMA (( 'CONFIG_CONTROL_DESIGN' ));
ENDSEC;

DATA;
#1 = ORIENTED_EDGE ( 'NONE', *, *, #1106, .F. ) ;
#2 = FACE_OUTER_BOUND ( 'NONE', #262, .T. ) ;
#3 = AXIS2_PLACEMENT_3D ( 'NONE', #180, #1140, #1041 ) ;
#4 = ORIENTED_EDGE ( 'NONE', *, *, #672, .F. ) ;
#5 = DIRECTION ( 'NONE',  ( -2.775557561562891351E-16, 0.000000000000000000, -1.000000000000000000 ) ) ;
#6 = EDGE_CURVE ( 'NONE', #660, #89, #1263, .T. ) ;
#7 = DIRECTION ( 'NONE',  ( 0.4999999999999945044, 0.000000000000000000, 0.8660254037844418162 ) ) ;
#8 = TOROIDAL_SURFACE ( 'NONE', #200, 139.9999999999999716, 38.00000000000000000 ) ;
#9 = VECTOR ( 'NONE', #603, 1000.000000000000000 ) ;
#10 = ORIENTED_EDGE ( 'NONE', *, *, #464, .T. ) ;
#11 = CARTESIAN_POINT ( 'NONE',  ( 38.24999999999997868, 4.684274006738623361E-15, -187.6705635901287224 ) ) ;
#12 = EDGE_CURVE ( 'NONE', #1038, #451, #58, .T. ) ;
#13 = EDGE_CURVE ( 'NONE', #1091, #962, #1016, .T. ) ;
#14 = VERTEX_POINT ( 'NONE', #254 ) ;
#15 = CARTESIAN_POINT ( 'NONE',  ( 2.249999999999947597, -38.18376618407354783, -187.6705635901286939 ) ) ;
#16 = VECTOR ( 'NONE', #1200, 1000.000000000000000 ) ;
#17 = LOCAL_TIME ( 0, 3, 53.00000000000000000, #1132 ) ;
#18 = DIRECTION ( 'NONE',  ( -0.000000000000000000, -0.000000000000000000, -1.000000000000000000 ) ) ;
#19 = ORIENTED_EDGE ( 'NONE', *, *, #508, .F. ) ;
#20 = CARTESIAN_POINT ( 'NONE',  ( 0.000000000000000000, 0.000000000000000000, -161.6705635901286939 ) ) ;
#21 = FACE_OUTER_BOUND ( 'NONE', #667, .T. ) ;
#22 = AXIS2_PLACEMENT_3D ( 'NONE', #35, #167, #64 ) ;
#23 = VECTOR ( 'NONE', #1075, 1000.000000000000000 ) ;
#24 = DIRECTION ( 'NONE',  ( -1.000000000000000000, 0.000000000000000000, 0.000000000000000000 ) ) ;
#25 = AXIS2_PLACEMENT_3D ( 'NONE', #655, #148, #124 ) ;
#26 = ADVANCED_FACE ( 'NONE', ( #356 ), #8, .T. ) ;
#27 = CARTESIAN_POINT ( 'NONE',  ( 34.74999999999998579, 0.000000000000000000, -123.5521984936709146 ) ) ;
#28 = LINE ( 'NONE', #559, #996 ) ;
#29 = APPROVAL ( #705, 'UNSPECIFIED' ) ;
#30 = EDGE_LOOP ( 'NONE', ( #623, #410, #372, #1182 ) ) ;
#31 = DIRECTION ( 'NONE',  ( -0.8660254037844417052, 0.000000000000000000, 0.4999999999999947264 ) ) ;
#32 = EDGE_CURVE ( 'NONE', #472, #1188, #971, .T. ) ;
#33 = CARTESIAN_POINT ( 'NONE',  ( -5.208904518553510912E-14, 0.000000000000000000, -161.6705635901286939 ) ) ;
#34 = DIRECTION ( 'NONE',  ( -1.000000000000000000, 0.000000000000000000, 0.000000000000000000 ) ) ;
#35 = CARTESIAN_POINT ( 'NONE',  ( 0.000000000000000000, 0.000000000000000000, -161.6705635901286939 ) ) ;
#36 = ORIENTED_EDGE ( 'NONE', *, *, #1361, .T. ) ;
#37 = CARTESIAN_POINT ( 'NONE',  ( -37.99999999999998579, 4.653657836759941941E-15, -37.51288694035669380 ) ) ;
#38 = FACE_OUTER_BOUND ( 'NONE', #222, .T. ) ;
#39 = CARTESIAN_POINT ( 'NONE',  ( 0.000000000000000000, 0.000000000000000000, -161.6705635901286939 ) ) ;
#40 = EDGE_CURVE ( 'NONE', #651, #635, #554, .T. ) ;
#41 = ORIENTED_EDGE ( 'NONE', *, *, #975, .F. ) ;
#42 = DIRECTION ( 'NONE',  ( -0.000000000000000000, -1.000000000000000000, -0.000000000000000000 ) ) ;
#43 = AXIS2_PLACEMENT_3D ( 'NONE', #237, #1382, #1395 ) ;
#44 = FACE_OUTER_BOUND ( 'NONE', #1362, .T. ) ;
#45 = AXIS2_PLACEMENT_3D ( 'NONE', #61, #291, #1257 ) ;
#46 = CARTESIAN_POINT ( 'NONE',  ( 0.000000000000000000, 0.000000000000000000, -161.6705635901286939 ) ) ;
#47 = DIRECTION ( 'NONE',  ( 0.000000000000000000, 0.000000000000000000, 1.000000000000000000 ) ) ;
#48 = ORIENTED_EDGE ( 'NONE', *, *, #489, .T. ) ;
#49 = CARTESIAN_POINT ( 'NONE',  ( -42.99999999999998579, 5.265981236333618470E-15, -116.9808432025407399 ) ) ;
#50 = PRODUCT ( '79-8543 - 76mm 30deg', '79-8543 - 76mm 30deg', '', ( #286 ) ) ;
#51 = AXIS2_PLACEMENT_3D ( 'NONE', #519, #711, #388 ) ;
#52 = DIRECTION ( 'NONE',  ( -1.000000000000000000, 0.000000000000000000, 2.775557561562891351E-16 ) ) ;
#53 = CC_DESIGN_PERSON_AND_ORGANIZATION_ASSIGNMENT ( #78, #527, ( #579 ) ) ;
#54 = ORIENTED_EDGE ( 'NONE', *, *, #749, .T. ) ;
#55 = DIRECTION ( 'NONE',  ( 0.000000000000000000, -1.000000000000000000, 0.000000000000000000 ) ) ;
#56 = ORIENTED_EDGE ( 'NONE', *, *, #111, .F. ) ;
#57 = CARTESIAN_POINT ( 'NONE',  ( 140.0000000000000000, 0.000000000000000000, -37.51288694035667959 ) ) ;
#58 = CIRCLE ( 'NONE', #243, 38.00000000000000000 ) ;
#59 = CIRCLE ( 'NONE', #244, 39.74999999999997868 ) ;
#60 = AXIS2_PLACEMENT_3D ( 'NONE', #606, #1029, #824 ) ;
#61 = CARTESIAN_POINT ( 'NONE',  ( 1.387778780781445676E-14, 0.000000000000000000, -187.6705635901286939 ) ) ;
#62 = VECTOR ( 'NONE', #698, 1000.000000000000000 ) ;
#63 = DIRECTION ( 'NONE',  ( 1.000000000000000000, 0.000000000000000000, -0.000000000000000000 ) ) ;
#64 = DIRECTION ( 'NONE',  ( -1.000000000000000000, 0.000000000000000000, 0.000000000000000000 ) ) ;
#65 = ORIENTED_EDGE ( 'NONE', *, *, #672, .T. ) ;
#66 = CARTESIAN_POINT ( 'NONE',  ( 36.50000000000001421, 0.000000000000000000, -187.6705635901286939 ) ) ;
#67 = DIRECTION ( 'NONE',  ( -0.000000000000000000, -1.000000000000000000, -0.000000000000000000 ) ) ;
#68 = AXIS2_PLACEMENT_3D ( 'NONE', #572, #369, #260 ) ;
#69 = DIRECTION ( 'NONE',  ( -0.3420201433256669366, 0.000000000000000000, -0.9396926207859089830 ) ) ;
#70 = APPROVAL_STATUS ( 'not_yet_approved' ) ;
#71 = EDGE_CURVE ( 'NONE', #1031, #431, #728, .T. ) ;
#72 = VERTEX_POINT ( 'NONE', #779 ) ;
#73 = CARTESIAN_POINT ( 'NONE',  ( 2.249999999999947597, 39.75000000000000000, -187.6705635901286939 ) ) ;
#74 = CC_DESIGN_PERSON_AND_ORGANIZATION_ASSIGNMENT ( #520, #937, ( #957 ) ) ;
#75 = ORIENTED_EDGE ( 'NONE', *, *, #531, .F. ) ;
#76 = CARTESIAN_POINT ( 'NONE',  ( -2.250000000000051958, -39.68626966596880834, -187.6705635901286939 ) ) ;
#77 = CARTESIAN_POINT ( 'NONE',  ( -39.74999999999997868, 0.000000000000000000, -161.6705635901286939 ) ) ;
#78 = PERSON_AND_ORGANIZATION ( #1357, #444 ) ;
#79 = VERTEX_POINT ( 'NONE', #805 ) ;
#80 = CARTESIAN_POINT ( 'NONE',  ( 1.387778780781445676E-14, 0.000000000000000000, -123.1835938051171979 ) ) ;
#81 = EDGE_LOOP ( 'NONE', ( #938, #646, #793, #1066, #1150, #36, #158, #437, #535, #755, #1073, #862 ) ) ;
#82 = AXIS2_PLACEMENT_3D ( 'NONE', #294, #212, #1353 ) ;
#83 = DIRECTION ( 'NONE',  ( 0.4999999999999945599, 0.000000000000000000, 0.8660254037844419273 ) ) ;
#84 = FACE_OUTER_BOUND ( 'NONE', #288, .T. ) ;
#85 = APPLICATION_PROTOCOL_DEFINITION ( 'international standard', 'config_control_design', 1994, #98 ) ;
#86 = AXIS2_PLACEMENT_3D ( 'NONE', #676, #478, #267 ) ;
#87 = VERTEX_POINT ( 'NONE', #785 ) ;
#88 = DIRECTION ( 'NONE',  ( -1.000000000000000000, 0.000000000000000000, 0.000000000000000000 ) ) ;
#89 = VERTEX_POINT ( 'NONE', #987 ) ;
#90 = EDGE_CURVE ( 'NONE', #87, #505, #194, .T. ) ;
#91 = TOROIDAL_SURFACE ( 'NONE', #694, 34.74999999999997868, 5.000000000000000000 ) ;
#92 = LINE ( 'NONE', #832, #843 ) ;
#93 = ORIENTED_EDGE ( 'NONE', *, *, #163, .F. ) ;
#94 = CARTESIAN_POINT ( 'NONE',  ( 1.387778780781445676E-14, 0.000000000000000000, -123.1835938051171979 ) ) ;
#95 = ORIENTED_EDGE ( 'NONE', *, *, #582, .F. ) ;
#96 = VECTOR ( 'NONE', #1127, 1000.000000000000000 ) ;
#97 = ADVANCED_FACE ( 'NONE', ( #274 ), #470, .F. ) ;
#98 = APPLICATION_CONTEXT ( 'configuration controlled 3d designs of mechanical parts and assemblies' ) ;
#99 = CARTESIAN_POINT ( 'NONE',  ( 0.000000000000000000, 0.000000000000000000, -161.6705635901286939 ) ) ;
#100 = PERSON_AND_ORGANIZATION ( #1357, #444 ) ;
#101 = ORIENTED_EDGE ( 'NONE', *, *, #163, .T. ) ;
#102 = DIRECTION ( 'NONE',  ( -0.4999999999999947264, 0.000000000000000000, -0.8660254037844417052 ) ) ;
#103 = ORIENTED_EDGE ( 'NONE', *, *, #40, .F. ) ;
#104 = EDGE_CURVE ( 'NONE', #538, #953, #259, .T. ) ;
#105 = DIRECTION ( 'NONE',  ( 0.000000000000000000, 0.000000000000000000, -1.000000000000000000 ) ) ;
#106 = VERTEX_POINT ( 'NONE', #900 ) ;
#107 = DIRECTION ( 'NONE',  ( -0.000000000000000000, -0.000000000000000000, -1.000000000000000000 ) ) ;
#108 = ORIENTED_EDGE ( 'NONE', *, *, #1205, .F. ) ;
#109 = DIRECTION ( 'NONE',  ( -1.000000000000000000, 0.000000000000000000, 0.000000000000000000 ) ) ;
#110 = ORIENTED_EDGE ( 'NONE', *, *, #922, .F. ) ;
#111 = EDGE_CURVE ( 'NONE', #72, #973, #595, .T. ) ;
#112 = CARTESIAN_POINT ( 'NONE',  ( 140.0000000000000000, 0.000000000000000000, -37.51288694035667959 ) ) ;
#113 = CIRCLE ( 'NONE', #233, 39.44846310392951239 ) ;
#114 = ORIENTED_EDGE ( 'NONE', *, *, #1082, .F. ) ;
#115 = ADVANCED_FACE ( 'NONE', ( #886 ), #699, .F. ) ;
#116 = LINE ( 'NONE', #140, #1256 ) ;
#117 = AXIS2_PLACEMENT_3D ( 'NONE', #756, #226, #242 ) ;
#118 = EDGE_CURVE ( 'NONE', #849, #940, #675, .T. ) ;
#119 = CARTESIAN_POINT ( 'NONE',  ( 1.387778780781445676E-14, 0.000000000000000000, -121.8420977770425822 ) ) ;
#120 = ORIENTED_EDGE ( 'NONE', *, *, #1285, .T. ) ;
#121 = LINE ( 'NONE', #11, #744 ) ;
#122 = VECTOR ( 'NONE', #591, 1000.000000000000000 ) ;
#123 = ORIENTED_EDGE ( 'NONE', *, *, #959, .F. ) ;
#124 = DIRECTION ( 'NONE',  ( -1.000000000000000000, 0.000000000000000000, 0.000000000000000000 ) ) ;
#125 = CARTESIAN_POINT ( 'NONE',  ( -5.208904518553510912E-14, 0.000000000000000000, -161.6705635901286939 ) ) ;
#126 = VECTOR ( 'NONE', #417, 1000.000000000000000 ) ;
#127 = ORIENTED_EDGE ( 'NONE', *, *, #967, .F. ) ;
#128 = CARTESIAN_POINT ( 'NONE',  ( -37.99999999999998579, 4.653657836759941941E-15, -116.9808432025407399 ) ) ;
#129 = ORIENTED_EDGE ( 'NONE', *, *, #879, .T. ) ;
#130 = PLANE ( 'NONE',  #343 ) ;
#131 = VECTOR ( 'NONE', #810, 1000.000000000000000 ) ;
#132 = CC_DESIGN_SECURITY_CLASSIFICATION ( #579, ( #205 ) ) ;
#133 = EDGE_CURVE ( 'NONE', #524, #849, #1376, .T. ) ;
#134 = CARTESIAN_POINT ( 'NONE',  ( -39.68626966596883676, 2.250000000000000000, -161.6705635901286939 ) ) ;
#135 = CARTESIAN_POINT ( 'NONE',  ( 0.000000000000000000, 0.000000000000000000, -187.6705635901287224 ) ) ;
#136 = DIRECTION ( 'NONE',  ( 0.000000000000000000, 0.000000000000000000, 1.000000000000000000 ) ) ;
#137 = ORIENTED_EDGE ( 'NONE', *, *, #1129, .T. ) ;
#138 = AXIS2_PLACEMENT_3D ( 'NONE', #483, #258, #456 ) ;
#139 = EDGE_CURVE ( 'NONE', #390, #465, #692, .T. ) ;
#140 = CARTESIAN_POINT ( 'NONE',  ( 39.75000000000002132, 4.867971026610730028E-15, -122.6705635901287081 ) ) ;
#141 = AXIS2_PLACEMENT_3D ( 'NONE', #275, #887, #780 ) ;
#142 = VECTOR ( 'NONE', #751, 1000.000000000000000 ) ;
#143 = ADVANCED_FACE ( 'NONE', ( #84 ), #1035, .T. ) ;
#144 = CARTESIAN_POINT ( 'NONE',  ( 38.24999999999997868, 4.684274006738623361E-15, -123.5521984936709146 ) ) ;
#145 = AXIS2_PLACEMENT_3D ( 'NONE', #1335, #497, #1226 ) ;
#146 = CARTESIAN_POINT ( 'NONE',  ( 39.74999999999994316, -2.250000000000000000, -187.6705635901286939 ) ) ;
#147 = ORIENTED_EDGE ( 'NONE', *, *, #245, .T. ) ;
#148 = DIRECTION ( 'NONE',  ( -0.000000000000000000, -0.000000000000000000, -1.000000000000000000 ) ) ;
#149 = EDGE_CURVE ( 'NONE', #505, #1007, #899, .T. ) ;
#150 = CARTESIAN_POINT ( 'NONE',  ( 107.0000000000000426, 0.000000000000000000, 109.3294364098716329 ) ) ;
#151 = DIRECTION ( 'NONE',  ( -1.000000000000000000, 0.000000000000000000, 0.000000000000000000 ) ) ;
#152 = CARTESIAN_POINT ( 'NONE',  ( -2.250000000000051958, 38.18376618407354073, -161.6705635901286939 ) ) ;
#153 = CIRCLE ( 'NONE', #841, 36.50000000000000711 ) ;
#154 = ORIENTED_EDGE ( 'NONE', *, *, #982, .T. ) ;
#155 = CARTESIAN_POINT ( 'NONE',  ( 1.387778780781445676E-14, 0.000000000000000000, -116.9808432025407399 ) ) ;
#156 = CIRCLE ( 'NONE', #86, 38.24999999999997868 ) ;
#157 = FACE_OUTER_BOUND ( 'NONE', #695, .T. ) ;
#158 = ORIENTED_EDGE ( 'NONE', *, *, #1374, .T. ) ;
#159 = DIRECTION ( 'NONE',  ( 1.000000000000000000, 0.000000000000000000, 0.000000000000000000 ) ) ;
#160 = VERTEX_POINT ( 'NONE', #929 ) ;
#161 = EDGE_CURVE ( 'NONE', #1193, #888, #1359, .T. ) ;
#162 = PLANE ( 'NONE',  #1280 ) ;
#163 = EDGE_CURVE ( 'NONE', #1316, #1214, #658, .T. ) ;
#164 = ADVANCED_FACE ( 'NONE', ( #1367 ), #836, .F. ) ;
#165 = AXIS2_PLACEMENT_3D ( 'NONE', #678, #440, #855 ) ;
#166 = CARTESIAN_POINT ( 'NONE',  ( 39.74999999999994316, 2.250000000000000000, -161.6705635901286939 ) ) ;
#167 = DIRECTION ( 'NONE',  ( 0.000000000000000000, 0.000000000000000000, -1.000000000000000000 ) ) ;
#168 = ORIENTED_EDGE ( 'NONE', *, *, #1279, .T. ) ;
#169 = LINE ( 'NONE', #701, #409 ) ;
#170 = LINE ( 'NONE', #178, #62 ) ;
#171 = PLANE ( 'NONE',  #1081 ) ;
#172 =( NAMED_UNIT ( * ) PLANE_ANGLE_UNIT ( ) SI_UNIT ( $, .RADIAN. ) );
#173 = VERTEX_POINT ( 'NONE', #77 ) ;
#174 = DIRECTION ( 'NONE',  ( -0.4999999999999947264, 0.000000000000000000, -0.8660254037844417052 ) ) ;
#175 = AXIS2_PLACEMENT_3D ( 'NONE', #231, #661, #768 ) ;
#176 = CIRCLE ( 'NONE', #60, 38.24999999999997868 ) ;
#177 = EDGE_CURVE ( 'NONE', #106, #1033, #176, .T. ) ;
#178 = CARTESIAN_POINT ( 'NONE',  ( -2.250000000000051958, 39.75000000000000000, -161.6705635901286939 ) ) ;
#179 = PRODUCT_RELATED_PRODUCT_CATEGORY ( 'detail', '', ( #50 ) ) ;
#180 = CARTESIAN_POINT ( 'NONE',  ( 1.387778780781445676E-14, 0.000000000000000000, -116.9808432025407399 ) ) ;
#181 = CALENDAR_DATE ( 2026, 16, 9 ) ;
#182 = ORIENTED_EDGE ( 'NONE', *, *, #1129, .F. ) ;
#183 = CARTESIAN_POINT ( 'NONE',  ( 1.387778780781445676E-14, 0.000000000000000000, -37.51288694035670801 ) ) ;
#184 = UNCERTAINTY_MEASURE_WITH_UNIT (LENGTH_MEASURE( 1.000000000000000082E-05 ), #792, 'distance_accuracy_value', 'NONE');
#185 = EDGE_CURVE ( 'NONE', #472, #89, #626, .T. ) ;
#186 = DIRECTION ( 'NONE',  ( -0.000000000000000000, -0.000000000000000000, -1.000000000000000000 ) ) ;
#187 = AXIS2_PLACEMENT_3D ( 'NONE', #532, #1274, #1302 ) ;
#188 = DIRECTION ( 'NONE',  ( -0.000000000000000000, -0.000000000000000000, 1.000000000000000000 ) ) ;
#189 = EDGE_CURVE ( 'NONE', #403, #660, #618, .T. ) ;
#190 = CIRCLE ( 'NONE', #1070, 103.4999999999999574 ) ;
#191 = ORIENTED_EDGE ( 'NONE', *, *, #967, .T. ) ;
#192 = FACE_OUTER_BOUND ( 'NONE', #852, .T. ) ;
#193 = CYLINDRICAL_SURFACE ( 'NONE', #1219, 38.00000000000000711 ) ;
#194 = CIRCLE ( 'NONE', #481, 36.50000000000000000 ) ;
#195 = DIRECTION ( 'NONE',  ( -0.000000000000000000, -0.000000000000000000, -1.000000000000000000 ) ) ;
#196 = APPROVAL_STATUS ( 'not_yet_approved' ) ;
#197 = EDGE_LOOP ( 'NONE', ( #1272, #439, #1292, #1275 ) ) ;
#198 = CARTESIAN_POINT ( 'NONE',  ( 0.000000000000000000, 0.000000000000000000, -161.6705635901286939 ) ) ;
#199 = ORIENTED_EDGE ( 'NONE', *, *, #296, .T. ) ;
#200 = AXIS2_PLACEMENT_3D ( 'NONE', #881, #1005, #1220 ) ;
#201 = AXIS2_PLACEMENT_3D ( 'NONE', #842, #713, #1270 ) ;
#202 = AXIS2_PLACEMENT_3D ( 'NONE', #885, #997, #24 ) ;
#203 = CARTESIAN_POINT ( 'NONE',  ( 0.000000000000000000, 0.000000000000000000, -187.6705635901286939 ) ) ;
#204 = CALENDAR_DATE ( 2026, 16, 9 ) ;
#205 = PRODUCT_DEFINITION_FORMATION_WITH_SPECIFIED_SOURCE ( 'ANY', '', #50, .NOT_KNOWN. ) ;
#206 = EDGE_LOOP ( 'NONE', ( #1120, #95, #75, #670 ) ) ;
#207 = DIRECTION ( 'NONE',  ( 0.000000000000000000, -0.000000000000000000, -1.000000000000000000 ) ) ;
#208 = ORIENTED_EDGE ( 'NONE', *, *, #783, .T. ) ;
#209 = VECTOR ( 'NONE', #875, 1000.000000000000000 ) ;
#210 = CARTESIAN_POINT ( 'NONE',  ( -38.18376618407353362, 2.249999999999999112, -187.6705635901287224 ) ) ;
#211 = VERTEX_POINT ( 'NONE', #314 ) ;
#212 = DIRECTION ( 'NONE',  ( 0.000000000000000000, 1.000000000000000000, 0.000000000000000000 ) ) ;
#213 = ORIENTED_EDGE ( 'NONE', *, *, #533, .F. ) ;
#214 = AXIS2_PLACEMENT_3D ( 'NONE', #473, #382, #1111 ) ;
#215 = DIRECTION ( 'NONE',  ( 0.000000000000000000, 0.000000000000000000, -1.000000000000000000 ) ) ;
#216 = ORIENTED_EDGE ( 'NONE', *, *, #1354, .F. ) ;
#217 = ORIENTED_EDGE ( 'NONE', *, *, #1094, .T. ) ;
#218 = CARTESIAN_POINT ( 'NONE',  ( 2.249999999999947597, 39.75000000000000000, -161.6705635901286939 ) ) ;
#219 = AXIS2_PLACEMENT_3D ( 'NONE', #536, #970, #761 ) ;
#220 = EDGE_CURVE ( 'NONE', #903, #849, #407, .T. ) ;
#221 = CARTESIAN_POINT ( 'NONE',  ( 0.000000000000000000, 0.000000000000000000, -187.6705635901287224 ) ) ;
#222 = EDGE_LOOP ( 'NONE', ( #1076, #1036, #552, #1166 ) ) ;
#223 = FACE_OUTER_BOUND ( 'NONE', #516, .T. ) ;
#224 = EDGE_LOOP ( 'NONE', ( #566, #208, #1268, #767 ) ) ;
#225 = ADVANCED_BREP_SHAPE_REPRESENTATION ( '79-8543 - 76mm 30deg', ( #261, #1177 ), #864 ) ;
#226 = DIRECTION ( 'NONE',  ( 1.000000000000000000, 0.000000000000000000, -0.000000000000000000 ) ) ;
#227 = EDGE_CURVE ( 'NONE', #635, #877, #92, .T. ) ;
#228 = EDGE_CURVE ( 'NONE', #1387, #14, #371, .T. ) ;
#229 = DIRECTION ( 'NONE',  ( 0.000000000000000000, 0.000000000000000000, -1.000000000000000000 ) ) ;
#230 = VERTEX_POINT ( 'NONE', #1351 ) ;
#231 = CARTESIAN_POINT ( 'NONE',  ( 1.387778780781445676E-14, 0.000000000000000000, -187.6705635901286939 ) ) ;
#232 = EDGE_CURVE ( 'NONE', #962, #877, #601, .T. ) ;
#233 = AXIS2_PLACEMENT_3D ( 'NONE', #119, #1155, #960 ) ;
#234 = ORIENTED_EDGE ( 'NONE', *, *, #395, .T. ) ;
#235 = CARTESIAN_POINT ( 'NONE',  ( -36.49999999999998579, 4.469960816887838430E-15, -187.6705635901286939 ) ) ;
#236 = AXIS2_PLACEMENT_3D ( 'NONE', #1293, #5, #775 ) ;
#237 = CARTESIAN_POINT ( 'NONE',  ( 1.387778780781445676E-14, 0.000000000000000000, -187.6705635901286939 ) ) ;
#238 = ORIENTED_EDGE ( 'NONE', *, *, #846, .T. ) ;
#239 = LINE ( 'NONE', #1072, #674 ) ;
#240 = EDGE_CURVE ( 'NONE', #1316, #1038, #726, .T. ) ;
#241 = ORIENTED_EDGE ( 'NONE', *, *, #265, .T. ) ;
#242 = DIRECTION ( 'NONE',  ( -0.000000000000000000, 0.000000000000000000, -1.000000000000000000 ) ) ;
#243 = AXIS2_PLACEMENT_3D ( 'NONE', #571, #1314, #1095 ) ;
#244 = AXIS2_PLACEMENT_3D ( 'NONE', #198, #1043, #88 ) ;
#245 = EDGE_CURVE ( 'NONE', #953, #702, #1334, .T. ) ;
#246 = VECTOR ( 'NONE', #195, 1000.000000000000000 ) ;
#247 = VERTEX_POINT ( 'NONE', #285 ) ;
#248 = CARTESIAN_POINT ( 'NONE',  ( 6.938893903907228378E-15, 0.000000000000000000, -123.5521984936709146 ) ) ;
#249 = ORIENTED_EDGE ( 'NONE', *, *, #345, .F. ) ;
#250 = DIRECTION ( 'NONE',  ( -0.8660254037844417052, 0.000000000000000000, 0.4999999999999947264 ) ) ;
#251 = CIRCLE ( 'NONE', #145, 38.00000000000000000 ) ;
#252 = EDGE_CURVE ( 'NONE', #969, #1372, #1265, .T. ) ;
#253 = FACE_OUTER_BOUND ( 'NONE', #502, .T. ) ;
#254 = CARTESIAN_POINT ( 'NONE',  ( 36.50000000000001421, 0.000000000000000000, -116.9808432025407399 ) ) ;
#255 = CARTESIAN_POINT ( 'NONE',  ( -39.68626966596882966, -2.249999999999999112, -187.6705635901287224 ) ) ;
#256 = ORIENTED_EDGE ( 'NONE', *, *, #730, .T. ) ;
#257 = DIRECTION ( 'NONE',  ( 0.4999999999999945044, 0.000000000000000000, 0.8660254037844418162 ) ) ;
#258 = DIRECTION ( 'NONE',  ( -0.4999999999999947264, 0.000000000000000000, -0.8660254037844417052 ) ) ;
#259 = LINE ( 'NONE', #146, #966 ) ;
#260 = DIRECTION ( 'NONE',  ( 0.000000000000000000, 0.000000000000000000, 1.000000000000000000 ) ) ;
#261 = MANIFOLD_SOLID_BREP ( 'Cut-Extrude-Thin1', #1216 ) ;
#262 = EDGE_LOOP ( 'NONE', ( #1223, #120, #65, #1054 ) ) ;
#263 = DIRECTION ( 'NONE',  ( 1.224646799147353207E-16, 1.000000000000000000, -0.000000000000000000 ) ) ;
#264 = DIRECTION ( 'NONE',  ( 0.000000000000000000, 0.000000000000000000, 1.000000000000000000 ) ) ;
#265 = EDGE_CURVE ( 'NONE', #1208, #1298, #943, .T. ) ;
#266 = EDGE_LOOP ( 'NONE', ( #479, #813, #883, #1133 ) ) ;
#267 = DIRECTION ( 'NONE',  ( -1.000000000000000000, 0.000000000000000000, 0.000000000000000000 ) ) ;
#268 = AXIS2_PLACEMENT_3D ( 'NONE', #80, #1032, #932 ) ;
#269 = ORIENTED_EDGE ( 'NONE', *, *, #40, .T. ) ;
#270 = CARTESIAN_POINT ( 'NONE',  ( 39.74999999999997868, 4.867971026610726872E-15, -187.6705635901287224 ) ) ;
#271 = ADVANCED_FACE ( 'NONE', ( #414 ), #171, .F. ) ;
#272 = EDGE_CURVE ( 'NONE', #1014, #712, #704, .T. ) ;
#273 = PLANE ( 'NONE',  #490 ) ;
#274 = FACE_OUTER_BOUND ( 'NONE', #81, .T. ) ;
#275 = CARTESIAN_POINT ( 'NONE',  ( 1.387778780781445676E-14, 0.000000000000000000, -37.51288694035670801 ) ) ;
#276 = ORIENTED_EDGE ( 'NONE', *, *, #773, .F. ) ;
#277 = CARTESIAN_POINT ( 'NONE',  ( 1.387778780781445676E-14, 0.000000000000000000, -119.2039741341575763 ) ) ;
#278 = CIRCLE ( 'NONE', #1088, 39.74999999999997868 ) ;
#279 = CARTESIAN_POINT ( 'NONE',  ( 2.249999999999947597, -39.68626966596883676, -161.6705635901286939 ) ) ;
#280 = DIRECTION ( 'NONE',  ( -1.000000000000000000, 0.000000000000000000, 0.000000000000000000 ) ) ;
#281 = ORIENTED_EDGE ( 'NONE', *, *, #325, .F. ) ;
#282 = CARTESIAN_POINT ( 'NONE',  ( 2.249999999999947597, 39.75000000000000000, -161.6705635901286939 ) ) ;
#283 = EDGE_CURVE ( 'NONE', #1298, #72, #442, .T. ) ;
#284 = CARTESIAN_POINT ( 'NONE',  ( 0.000000000000000000, 0.000000000000000000, -161.6705635901286939 ) ) ;
#285 = CARTESIAN_POINT ( 'NONE',  ( -2.250000000000051958, 38.18376618407354073, -187.6705635901286939 ) ) ;
#286 = MECHANICAL_CONTEXT ( 'NONE', #583, 'mechanical' ) ;
#287 = ADVANCED_FACE ( 'NONE', ( #872 ), #1288, .F. ) ;
#288 = EDGE_LOOP ( 'NONE', ( #1126, #346, #301, #807 ) ) ;
#289 = CARTESIAN_POINT ( 'NONE',  ( 1.387778780781445676E-14, 0.000000000000000000, -119.2039741341575763 ) ) ;
#290 = EDGE_CURVE ( 'NONE', #877, #962, #113, .T. ) ;
#291 = DIRECTION ( 'NONE',  ( -0.000000000000000000, -0.000000000000000000, 1.000000000000000000 ) ) ;
#292 = CARTESIAN_POINT ( 'NONE',  ( 2.249999999999947597, 39.75000000000000000, -161.6705635901286939 ) ) ;
#293 = ORIENTED_EDGE ( 'NONE', *, *, #272, .T. ) ;
#294 = CARTESIAN_POINT ( 'NONE',  ( 140.0000000000000000, 0.000000000000000000, -37.51288694035667959 ) ) ;
#295 = ORIENTED_EDGE ( 'NONE', *, *, #118, .T. ) ;
#296 = EDGE_CURVE ( 'NONE', #230, #651, #766, .T. ) ;
#297 = CARTESIAN_POINT ( 'NONE',  ( -39.68626966596882966, 2.249999999999999112, -187.6705635901287224 ) ) ;
#298 = AXIS2_PLACEMENT_3D ( 'NONE', #947, #1052, #1282 ) ;
#299 = CARTESIAN_POINT ( 'NONE',  ( -38.18376618407353362, -2.249999999999999112, -187.6705635901287224 ) ) ;
#300 = COORDINATED_UNIVERSAL_TIME_OFFSET ( 1, 0, .AHEAD. ) ;
#301 = ORIENTED_EDGE ( 'NONE', *, *, #189, .F. ) ;
#302 = DIRECTION ( 'NONE',  ( 0.4999999999999945599, 0.000000000000000000, 0.8660254037844419273 ) ) ;
#303 = ORIENTED_EDGE ( 'NONE', *, *, #245, .F. ) ;
#304 = DIRECTION ( 'NONE',  ( -1.000000000000000000, 0.000000000000000000, 0.000000000000000000 ) ) ;
#305 = VECTOR ( 'NONE', #188, 1000.000000000000000 ) ;
#306 = CARTESIAN_POINT ( 'NONE',  ( 1.387778780781445676E-14, 0.000000000000000000, -116.9808432025407399 ) ) ;
#307 = VERTEX_POINT ( 'NONE', #1184 ) ;
#308 = FACE_OUTER_BOUND ( 'NONE', #365, .T. ) ;
#309 = CC_DESIGN_PERSON_AND_ORGANIZATION_ASSIGNMENT ( #100, #1368, ( #205 ) ) ;
#310 = ORIENTED_EDGE ( 'NONE', *, *, #32, .T. ) ;
#311 = AXIS2_PLACEMENT_3D ( 'NONE', #794, #1224, #904 ) ;
#312 = VECTOR ( 'NONE', #1258, 1000.000000000000000 ) ;
#313 = AXIS2_PLACEMENT_3D ( 'NONE', #927, #1130, #385 ) ;
#314 = CARTESIAN_POINT ( 'NONE',  ( -38.18376618407353362, 2.250000000000000000, -187.6705635901286939 ) ) ;
#315 = CALENDAR_DATE ( 2026, 16, 9 ) ;
#316 = ORIENTED_EDGE ( 'NONE', *, *, #240, .T. ) ;
#317 = DIRECTION ( 'NONE',  ( -1.000000000000000000, 0.000000000000000000, 0.000000000000000000 ) ) ;
#318 = VECTOR ( 'NONE', #986, 1000.000000000000000 ) ;
#319 = CIRCLE ( 'NONE', #806, 4.999999999999997335 ) ;
#320 = LINE ( 'NONE', #210, #1068 ) ;
#321 = TOROIDAL_SURFACE ( 'NONE', #850, 34.74999999999997868, 5.000000000000000000 ) ;
#322 = ORIENTED_EDGE ( 'NONE', *, *, #1004, .F. ) ;
#323 = DIRECTION ( 'NONE',  ( -0.000000000000000000, -1.000000000000000000, -0.000000000000000000 ) ) ;
#324 = ORIENTED_EDGE ( 'NONE', *, *, #252, .T. ) ;
#325 = EDGE_CURVE ( 'NONE', #1188, #390, #715, .T. ) ;
#326 = DIRECTION ( 'NONE',  ( 0.000000000000000000, -1.000000000000000000, 0.000000000000000000 ) ) ;
#327 = ORIENTED_EDGE ( 'NONE', *, *, #1337, .F. ) ;
#328 = ORIENTED_EDGE ( 'NONE', *, *, #531, .T. ) ;
#329 = CARTESIAN_POINT ( 'NONE',  ( 34.74999999999998579, 0.000000000000000000, -123.5521984936709146 ) ) ;
#330 = CIRCLE ( 'NONE', #1146, 36.50000000000000711 ) ;
#331 = EDGE_CURVE ( 'NONE', #14, #560, #1134, .T. ) ;
#332 = CARTESIAN_POINT ( 'NONE',  ( 39.74999999999994316, 2.250000000000000000, -187.6705635901286939 ) ) ;
#333 = VECTOR ( 'NONE', #1339, 1000.000000000000000 ) ;
#334 = ORIENTED_EDGE ( 'NONE', *, *, #133, .T. ) ;
#335 = DIRECTION ( 'NONE',  ( 0.000000000000000000, 0.000000000000000000, 1.000000000000000000 ) ) ;
#336 = ORIENTED_EDGE ( 'NONE', *, *, #637, .F. ) ;
#337 = CARTESIAN_POINT ( 'NONE',  ( -2.250000000000051958, 39.68626966596880123, -187.6705635901286939 ) ) ;
#338 = CYLINDRICAL_SURFACE ( 'NONE', #430, 39.74999999999997868 ) ;
#339 = ORIENTED_EDGE ( 'NONE', *, *, #133, .F. ) ;
#340 = CARTESIAN_POINT ( 'NONE',  ( -2.250000000000051958, 39.75000000000000000, -187.6705635901286939 ) ) ;
#341 = EDGE_LOOP ( 'NONE', ( #334, #295, #918, #127 ) ) ;
#342 = DIRECTION ( 'NONE',  ( -1.000000000000000000, 0.000000000000000000, 0.000000000000000000 ) ) ;
#343 = AXIS2_PLACEMENT_3D ( 'NONE', #1312, #649, #663 ) ;
#344 = FACE_OUTER_BOUND ( 'NONE', #926, .T. ) ;
#345 = EDGE_CURVE ( 'NONE', #743, #524, #421, .T. ) ;
#346 = ORIENTED_EDGE ( 'NONE', *, *, #1285, .F. ) ;
#347 = FACE_OUTER_BOUND ( 'NONE', #1047, .T. ) ;
#348 = VERTEX_POINT ( 'NONE', #1063 ) ;
#349 = DIRECTION ( 'NONE',  ( 0.4999999999999945599, 0.000000000000000000, 0.8660254037844419273 ) ) ;
#350 = LINE ( 'NONE', #907, #16 ) ;
#351 = CIRCLE ( 'NONE', #972, 36.89199796489158700 ) ;
#352 = CARTESIAN_POINT ( 'NONE',  ( 39.68626966596880834, 2.250000000000000000, -187.6705635901286939 ) ) ;
#353 = EDGE_LOOP ( 'NONE', ( #54, #1385, #769, #1324 ) ) ;
#354 = FACE_OUTER_BOUND ( 'NONE', #518, .T. ) ;
#355 = DIRECTION ( 'NONE',  ( -1.000000000000000000, 0.000000000000000000, 0.000000000000000000 ) ) ;
#356 = FACE_OUTER_BOUND ( 'NONE', #874, .T. ) ;
#357 = ORIENTED_EDGE ( 'NONE', *, *, #861, .F. ) ;
#358 = LINE ( 'NONE', #1331, #795 ) ;
#359 = EDGE_CURVE ( 'NONE', #844, #1091, #941, .T. ) ;
#360 = AXIS2_PLACEMENT_3D ( 'NONE', #155, #594, #373 ) ;
#361 = CARTESIAN_POINT ( 'NONE',  ( 1.387778780781445676E-14, 0.000000000000000000, -116.9808432025407399 ) ) ;
#362 = DIRECTION ( 'NONE',  ( -1.000000000000000000, 0.000000000000000000, 0.000000000000000000 ) ) ;
#363 = PLANE ( 'NONE',  #510 ) ;
#364 = EDGE_CURVE ( 'NONE', #390, #211, #320, .T. ) ;
#365 = EDGE_LOOP ( 'NONE', ( #740, #110, #324, #1340 ) ) ;
#366 = CARTESIAN_POINT ( 'NONE',  ( 18.75644347017820124, 0.000000000000000000, 32.48711305964255303 ) ) ;
#367 = ADVANCED_FACE ( 'NONE', ( #1165 ), #659, .F. ) ;
#368 = DIRECTION ( 'NONE',  ( 0.000000000000000000, 0.000000000000000000, -1.000000000000000000 ) ) ;
#369 = DIRECTION ( 'NONE',  ( 0.000000000000000000, 1.000000000000000000, 0.000000000000000000 ) ) ;
#370 = CONICAL_SURFACE ( 'NONE', #268, 38.34046106882114202, 0.3490658503988640637 ) ;
#371 = CIRCLE ( 'NONE', #1198, 36.50000000000000000 ) ;
#372 = ORIENTED_EDGE ( 'NONE', *, *, #118, .F. ) ;
#373 = DIRECTION ( 'NONE',  ( 1.000000000000000000, 0.000000000000000000, 0.000000000000000000 ) ) ;
#374 = AXIS2_PLACEMENT_3D ( 'NONE', #33, #1313, #355 ) ;
#375 = ORIENTED_EDGE ( 'NONE', *, *, #604, .F. ) ;
#376 = CIRCLE ( 'NONE', #1294, 39.74999999999997868 ) ;
#377 = DIRECTION ( 'NONE',  ( -1.000000000000000000, 0.000000000000000000, 0.000000000000000000 ) ) ;
#378 = DIRECTION ( 'NONE',  ( -1.000000000000000000, 0.000000000000000000, 0.000000000000000000 ) ) ;
#379 = CARTESIAN_POINT ( 'NONE',  ( -36.49999999999998579, 4.469960816887838430E-15, -116.9808432025407399 ) ) ;
#380 = ADVANCED_FACE ( 'NONE', ( #1295 ), #745, .T. ) ;
#381 = ORIENTED_EDGE ( 'NONE', *, *, #992, .F. ) ;
#382 = DIRECTION ( 'NONE',  ( -0.000000000000000000, -0.000000000000000000, -1.000000000000000000 ) ) ;
#383 = AXIS2_PLACEMENT_3D ( 'NONE', #753, #1060, #955 ) ;
#384 = ORIENTED_EDGE ( 'NONE', *, *, #12, .F. ) ;
#385 = DIRECTION ( 'NONE',  ( 1.000000000000000000, 0.000000000000000000, 0.000000000000000000 ) ) ;
#386 = EDGE_CURVE ( 'NONE', #973, #160, #829, .T. ) ;
#387 = AXIS2_PLACEMENT_3D ( 'NONE', #49, #263, #488 ) ;
#388 = DIRECTION ( 'NONE',  ( -0.8660254037844418162, 0.000000000000000000, 0.4999999999999945599 ) ) ;
#389 = ADVANCED_FACE ( 'NONE', ( #978 ), #632, .T. ) ;
#390 = VERTEX_POINT ( 'NONE', #1069 ) ;
#391 = CARTESIAN_POINT ( 'NONE',  ( -39.44846310392949817, 0.000000000000000000, -121.8420977770425822 ) ) ;
#392 = ORIENTED_EDGE ( 'NONE', *, *, #161, .F. ) ;
#393 = CARTESIAN_POINT ( 'NONE',  ( -2.250000000000051958, -38.18376618407354073, -187.6705635901286939 ) ) ;
#394 = DIRECTION ( 'NONE',  ( 0.000000000000000000, 0.000000000000000000, 1.000000000000000000 ) ) ;
#395 = EDGE_CURVE ( 'NONE', #211, #447, #952, .T. ) ;
#396 = ORIENTED_EDGE ( 'NONE', *, *, #1384, .T. ) ;
#397 = VECTOR ( 'NONE', #690, 1000.000000000000000 ) ;
#398 = CARTESIAN_POINT ( 'NONE',  ( 41.18206931238247392, 4.653657836759942730E-15, 147.3294364098712492 ) ) ;
#399 = VERTEX_POINT ( 'NONE', #1388 ) ;
#400 = LOCAL_TIME ( 0, 3, 53.00000000000000000, #300 ) ;
#401 = DIRECTION ( 'NONE',  ( 0.4999999999999945044, 0.000000000000000000, 0.8660254037844418162 ) ) ;
#402 = CARTESIAN_POINT ( 'NONE',  ( -37.99999999999998579, 4.653657836759941941E-15, -187.6705635901286939 ) ) ;
#403 = VERTEX_POINT ( 'NONE', #1179 ) ;
#404 = DIRECTION ( 'NONE',  ( -0.000000000000000000, -0.000000000000000000, -1.000000000000000000 ) ) ;
#405 = VERTEX_POINT ( 'NONE', #429 ) ;
#406 = DIRECTION ( 'NONE',  ( 0.000000000000000000, 0.000000000000000000, 1.000000000000000000 ) ) ;
#407 = LINE ( 'NONE', #1020, #419 ) ;
#408 = PERSON_AND_ORGANIZATION_ROLE ( 'design_owner' ) ;
#409 = VECTOR ( 'NONE', #1341, 1000.000000000000000 ) ;
#410 = ORIENTED_EDGE ( 'NONE', *, *, #482, .T. ) ;
#411 = CARTESIAN_POINT ( 'NONE',  ( 39.74999999999997868, 4.867971026610726872E-15, -123.5521984936709146 ) ) ;
#412 = EDGE_CURVE ( 'NONE', #1208, #1033, #436, .T. ) ;
#413 = VECTOR ( 'NONE', #998, 1000.000000000000000 ) ;
#414 = FACE_OUTER_BOUND ( 'NONE', #30, .T. ) ;
#415 = COORDINATED_UNIVERSAL_TIME_OFFSET ( 1, 0, .AHEAD. ) ;
#416 = ORIENTED_EDGE ( 'NONE', *, *, #1205, .T. ) ;
#417 = DIRECTION ( 'NONE',  ( 0.000000000000000000, 0.000000000000000000, 1.000000000000000000 ) ) ;
#418 = CIRCLE ( 'NONE', #928, 36.89199796489158700 ) ;
#419 = VECTOR ( 'NONE', #499, 1000.000000000000000 ) ;
#420 = VECTOR ( 'NONE', #401, 1000.000000000000114 ) ;
#421 = LINE ( 'NONE', #650, #1370 ) ;
#422 = CC_DESIGN_APPROVAL ( #1189, ( #579 ) ) ;
#423 = EDGE_LOOP ( 'NONE', ( #593, #1283, #1064, #1104 ) ) ;
#424 = ADVANCED_FACE ( 'NONE', ( #1171 ), #338, .T. ) ;
#425 = FACE_OUTER_BOUND ( 'NONE', #1042, .T. ) ;
#426 = ORIENTED_EDGE ( 'NONE', *, *, #656, .T. ) ;
#427 = ADVANCED_FACE ( 'NONE', ( #590 ), #321, .T. ) ;
#428 = ADVANCED_FACE ( 'NONE', ( #44 ), #162, .T. ) ;
#429 = CARTESIAN_POINT ( 'NONE',  ( 2.249999999999947597, -38.18376618407354783, -161.6705635901286939 ) ) ;
#430 = AXIS2_PLACEMENT_3D ( 'NONE', #221, #1003, #665 ) ;
#431 = VERTEX_POINT ( 'NONE', #144 ) ;
#432 = DIRECTION ( 'NONE',  ( 0.000000000000000000, 1.000000000000000000, 0.000000000000000000 ) ) ;
#433 = ORIENTED_EDGE ( 'NONE', *, *, #1310, .F. ) ;
#434 = FACE_OUTER_BOUND ( 'NONE', #643, .T. ) ;
#435 = EDGE_CURVE ( 'NONE', #451, #1038, #1343, .T. ) ;
#436 = LINE ( 'NONE', #332, #142 ) ;
#437 = ORIENTED_EDGE ( 'NONE', *, *, #612, .T. ) ;
#438 = CYLINDRICAL_SURFACE ( 'NONE', #450, 36.50000000000000000 ) ;
#439 = ORIENTED_EDGE ( 'NONE', *, *, #1337, .T. ) ;
#440 = DIRECTION ( 'NONE',  ( 1.224646799147353207E-16, 1.000000000000000000, -0.000000000000000000 ) ) ;
#441 = AXIS2_PLACEMENT_3D ( 'NONE', #27, #994, #585 ) ;
#442 = LINE ( 'NONE', #449, #486 ) ;
#443 = TOROIDAL_SURFACE ( 'NONE', #1083, 43.00000000000000000, 5.000000000000000000 ) ;
#444 = ORGANIZATION ( 'UNSPECIFIED', 'UNSPECIFIED', '' ) ;
#445 = ORIENTED_EDGE ( 'NONE', *, *, #464, .F. ) ;
#446 = DIRECTION ( 'NONE',  ( -0.000000000000000000, -0.000000000000000000, -1.000000000000000000 ) ) ;
#447 = VERTEX_POINT ( 'NONE', #1210 ) ;
#448 = FACE_OUTER_BOUND ( 'NONE', #341, .T. ) ;
#449 = CARTESIAN_POINT ( 'NONE',  ( 39.74999999999994316, 2.250000000000000000, -161.6705635901286939 ) ) ;
#450 = AXIS2_PLACEMENT_3D ( 'NONE', #1065, #859, #1291 ) ;
#451 = VERTEX_POINT ( 'NONE', #150 ) ;
#452 = DIRECTION ( 'NONE',  ( 0.3420201433256669366, 4.188538737676970195E-17, -0.9396926207859089830 ) ) ;
#453 = ORIENTED_EDGE ( 'NONE', *, *, #1310, .T. ) ;
#454 = DIRECTION ( 'NONE',  ( 1.000000000000000000, 0.000000000000000000, 0.000000000000000000 ) ) ;
#455 = CIRCLE ( 'NONE', #214, 38.24999999999997868 ) ;
#456 = DIRECTION ( 'NONE',  ( -0.8660254037844418162, 0.000000000000000000, 0.4999999999999945599 ) ) ;
#457 = DIRECTION ( 'NONE',  ( 0.000000000000000000, 0.000000000000000000, -1.000000000000000000 ) ) ;
#458 = DIRECTION ( 'NONE',  ( 1.000000000000000000, 0.000000000000000000, 0.000000000000000000 ) ) ;
#459 = ORIENTED_EDGE ( 'NONE', *, *, #331, .T. ) ;
#460 = DIRECTION ( 'NONE',  ( 0.3420201433256669366, 4.188538737676970195E-17, -0.9396926207859089830 ) ) ;
#461 = CARTESIAN_POINT ( 'NONE',  ( 1.387778780781445676E-14, 0.000000000000000000, -187.6705635901286939 ) ) ;
#462 = DIRECTION ( 'NONE',  ( -0.000000000000000000, -0.000000000000000000, -1.000000000000000000 ) ) ;
#463 = CARTESIAN_POINT ( 'NONE',  ( 1.387778780781445676E-14, 0.000000000000000000, -116.9808432025407399 ) ) ;
#464 = EDGE_CURVE ( 'NONE', #844, #173, #890, .T. ) ;
#465 = VERTEX_POINT ( 'NONE', #134 ) ;
#466 = DIRECTION ( 'NONE',  ( -1.000000000000000000, 0.000000000000000000, 0.000000000000000000 ) ) ;
#467 = CARTESIAN_POINT ( 'NONE',  ( -38.18376618407353362, -2.249999999999999112, -161.6705635901286939 ) ) ;
#468 = ADVANCED_FACE ( 'NONE', ( #577 ), #476, .F. ) ;
#469 = ADVANCED_FACE ( 'NONE', ( #38 ), #799, .T. ) ;
#470 = CYLINDRICAL_SURFACE ( 'NONE', #1326, 38.24999999999997868 ) ;
#471 = DIRECTION ( 'NONE',  ( 0.000000000000000000, 0.000000000000000000, 1.000000000000000000 ) ) ;
#472 = VERTEX_POINT ( 'NONE', #467 ) ;
#473 = CARTESIAN_POINT ( 'NONE',  ( 0.000000000000000000, 0.000000000000000000, -123.5521984936709146 ) ) ;
#474 = ADVANCED_FACE ( 'NONE', ( #1320 ), #443, .F. ) ;
#475 = VECTOR ( 'NONE', #1342, 1000.000000000000000 ) ;
#476 = CYLINDRICAL_SURFACE ( 'NONE', #1277, 36.50000000000000000 ) ;
#477 = DIRECTION ( 'NONE',  ( -0.000000000000000000, -0.000000000000000000, -1.000000000000000000 ) ) ;
#478 = DIRECTION ( 'NONE',  ( -2.775557561562891351E-16, 0.000000000000000000, -1.000000000000000000 ) ) ;
#479 = ORIENTED_EDGE ( 'NONE', *, *, #1236, .F. ) ;
#480 = DIRECTION ( 'NONE',  ( 0.000000000000000000, 0.000000000000000000, 1.000000000000000000 ) ) ;
#481 = AXIS2_PLACEMENT_3D ( 'NONE', #791, #1229, #1207 ) ;
#482 = EDGE_CURVE ( 'NONE', #106, #940, #777, .T. ) ;
#483 = CARTESIAN_POINT ( 'NONE',  ( 74.09103465619125473, 0.000000000000000000, 128.3294364098714198 ) ) ;
#484 = CARTESIAN_POINT ( 'NONE',  ( 0.000000000000000000, 0.000000000000000000, -123.5521984936709146 ) ) ;
#485 = VECTOR ( 'NONE', #323, 1000.000000000000000 ) ;
#486 = VECTOR ( 'NONE', #645, 1000.000000000000000 ) ;
#487 = EDGE_LOOP ( 'NONE', ( #628, #154, #1369, #528, #734, #909, #339, #249, #216, #1296, #182, #445 ) ) ;
#488 = DIRECTION ( 'NONE',  ( -1.000000000000000000, 1.224646799147354193E-16, 0.000000000000000000 ) ) ;
#489 = EDGE_CURVE ( 'NONE', #307, #1214, #666, .T. ) ;
#490 = AXIS2_PLACEMENT_3D ( 'NONE', #691, #1010, #52 ) ;
#491 = LINE ( 'NONE', #914, #475 ) ;
#492 = ADVANCED_FACE ( 'NONE', ( #157 ), #1336, .T. ) ;
#493 = DIRECTION ( 'NONE',  ( 1.000000000000000000, 0.000000000000000000, 0.000000000000000000 ) ) ;
#494 = EDGE_LOOP ( 'NONE', ( #357, #217, #101, #858 ) ) ;
#495 = CARTESIAN_POINT ( 'NONE',  ( 2.249999999999947597, 38.18376618407354783, -161.6705635901286939 ) ) ;
#496 = TOROIDAL_SURFACE ( 'NONE', #68, 139.9999999999999716, 36.50000000000000000 ) ;
#497 = DIRECTION ( 'NONE',  ( 0.000000000000000000, 0.000000000000000000, 1.000000000000000000 ) ) ;
#498 = ADVANCED_FACE ( 'NONE', ( #344 ), #273, .T. ) ;
#499 = DIRECTION ( 'NONE',  ( 0.000000000000000000, 0.000000000000000000, 1.000000000000000000 ) ) ;
#500 = ORIENTED_EDGE ( 'NONE', *, *, #283, .F. ) ;
#501 = LINE ( 'NONE', #73, #485 ) ;
#502 = EDGE_LOOP ( 'NONE', ( #1237, #137, #1079, #281, #894, #238 ) ) ;
#503 = CARTESIAN_POINT ( 'NONE',  ( 36.89199796489160121, 4.588195697651154697E-15, -119.2039741341575763 ) ) ;
#504 = DIRECTION ( 'NONE',  ( -0.000000000000000000, 0.000000000000000000, -1.000000000000000000 ) ) ;
#505 = VERTEX_POINT ( 'NONE', #771 ) ;
#506 = AXIS2_PLACEMENT_3D ( 'NONE', #183, #1276, #614 ) ;
#507 = DIRECTION ( 'NONE',  ( -0.8660254037844415942, 0.000000000000000000, 0.4999999999999950595 ) ) ;
#508 = EDGE_CURVE ( 'NONE', #1033, #72, #350, .T. ) ;
#509 = ORIENTED_EDGE ( 'NONE', *, *, #412, .T. ) ;
#510 = AXIS2_PLACEMENT_3D ( 'NONE', #1013, #55, #688 ) ;
#511 = FACE_OUTER_BOUND ( 'NONE', #1364, .T. ) ;
#512 = CARTESIAN_POINT ( 'NONE',  ( -2.250000000000051070, -38.18376618407353362, -187.6705635901287224 ) ) ;
#513 = APPROVAL_ROLE ( '' ) ;
#514 = ADVANCED_FACE ( 'NONE', ( #253 ), #993, .T. ) ;
#515 = EDGE_CURVE ( 'NONE', #79, #543, #784, .T. ) ;
#516 = EDGE_LOOP ( 'NONE', ( #276, #1304, #293, #662 ) ) ;
#517 = CARTESIAN_POINT ( 'NONE',  ( 1.387778780781445676E-14, 0.000000000000000000, -122.3551279920310719 ) ) ;
#518 = EDGE_LOOP ( 'NONE', ( #550, #269, #1137, #729 ) ) ;
#519 = CARTESIAN_POINT ( 'NONE',  ( 18.75644347017820124, 0.000000000000000000, 32.48711305964255303 ) ) ;
#520 = PERSON_AND_ORGANIZATION ( #1357, #444 ) ;
#521 = CIRCLE ( 'NONE', #1051, 36.50000000000000000 ) ;
#522 = ORIENTED_EDGE ( 'NONE', *, *, #71, .T. ) ;
#523 = DIRECTION ( 'NONE',  ( 0.000000000000000000, -1.000000000000000000, 0.000000000000000000 ) ) ;
#524 = VERTEX_POINT ( 'NONE', #716 ) ;
#525 = EDGE_CURVE ( 'NONE', #14, #1387, #976, .T. ) ;
#526 = DIRECTION ( 'NONE',  ( 0.000000000000000000, -1.000000000000000000, 0.000000000000000000 ) ) ;
#527 = PERSON_AND_ORGANIZATION_ROLE ( 'classification_officer' ) ;
#528 = ORIENTED_EDGE ( 'NONE', *, *, #265, .F. ) ;
#529 = CARTESIAN_POINT ( 'NONE',  ( 0.000000000000000000, 0.000000000000000000, -187.6705635901287224 ) ) ;
#530 = ORIENTED_EDGE ( 'NONE', *, *, #412, .F. ) ;
#531 = EDGE_CURVE ( 'NONE', #405, #403, #1152, .T. ) ;
#532 = CARTESIAN_POINT ( 'NONE',  ( 0.000000000000000000, 0.000000000000000000, -123.5521984936709146 ) ) ;
#533 = EDGE_CURVE ( 'NONE', #721, #160, #610, .T. ) ;
#534 = LOCAL_TIME ( 0, 3, 53.00000000000000000, #1360 ) ;
#535 = ORIENTED_EDGE ( 'NONE', *, *, #482, .F. ) ;
#536 = CARTESIAN_POINT ( 'NONE',  ( -34.74999999999997158, 4.255647627037048765E-15, -123.5521984936709146 ) ) ;
#537 = EDGE_CURVE ( 'NONE', #1214, #451, #804, .T. ) ;
#538 = VERTEX_POINT ( 'NONE', #725 ) ;
#539 = LINE ( 'NONE', #297, #131 ) ;
#540 = CARTESIAN_POINT ( 'NONE',  ( 0.000000000000000000, 0.000000000000000000, -161.6705635901286939 ) ) ;
#541 = EDGE_CURVE ( 'NONE', #743, #247, #1034, .T. ) ;
#542 = AXIS2_PLACEMENT_3D ( 'NONE', #968, #326, #556 ) ;
#543 = VERTEX_POINT ( 'NONE', #76 ) ;
#544 = DIRECTION ( 'NONE',  ( 0.000000000000000000, 0.000000000000000000, 1.000000000000000000 ) ) ;
#545 = VECTOR ( 'NONE', #1393, 1000.000000000000000 ) ;
#546 = ORIENTED_EDGE ( 'NONE', *, *, #1222, .T. ) ;
#547 = CYLINDRICAL_SURFACE ( 'NONE', #831, 38.00000000000000711 ) ;
#548 = AXIS2_PLACEMENT_3D ( 'NONE', #484, #462, #1308 ) ;
#549 = DIRECTION ( 'NONE',  ( 0.000000000000000000, 0.000000000000000000, -1.000000000000000000 ) ) ;
#550 = ORIENTED_EDGE ( 'NONE', *, *, #677, .F. ) ;
#551 = CARTESIAN_POINT ( 'NONE',  ( -34.74999999999997158, 4.255647627037048765E-15, -123.5521984936709146 ) ) ;
#552 = ORIENTED_EDGE ( 'NONE', *, *, #232, .T. ) ;
#553 = CARTESIAN_POINT ( 'NONE',  ( -39.68626966596880834, -2.250000000000000000, -187.6705635901286939 ) ) ;
#554 = CIRCLE ( 'NONE', #1332, 38.30153689607045209 ) ;
#555 = CC_DESIGN_DATE_AND_TIME_ASSIGNMENT ( #1242, #627, ( #579 ) ) ;
#556 = DIRECTION ( 'NONE',  ( 0.000000000000000000, -0.000000000000000000, -1.000000000000000000 ) ) ;
#557 = VECTOR ( 'NONE', #67, 1000.000000000000000 ) ;
#558 = ORIENTED_EDGE ( 'NONE', *, *, #873, .F. ) ;
#559 = CARTESIAN_POINT ( 'NONE',  ( -38.24999999999997868, 0.000000000000000000, -187.6705635901287224 ) ) ;
#560 = VERTEX_POINT ( 'NONE', #503 ) ;
#561 = LINE ( 'NONE', #235, #653 ) ;
#562 = DIRECTION ( 'NONE',  ( 0.000000000000000000, 0.000000000000000000, 1.000000000000000000 ) ) ;
#563 = AXIS2_PLACEMENT_3D ( 'NONE', #463, #47, #493 ) ;
#564 = DIRECTION ( 'NONE',  ( -0.000000000000000000, -0.000000000000000000, -1.000000000000000000 ) ) ;
#565 = CARTESIAN_POINT ( 'NONE',  ( 2.249999999999946709, -39.68626966596882966, -187.6705635901287224 ) ) ;
#566 = ORIENTED_EDGE ( 'NONE', *, *, #228, .F. ) ;
#567 = LINE ( 'NONE', #983, #545 ) ;
#568 = CIRCLE ( 'NONE', #1373, 39.74999999999997868 ) ;
#569 = DIRECTION ( 'NONE',  ( 1.000000000000000000, 0.000000000000000000, 0.000000000000000000 ) ) ;
#570 = EDGE_CURVE ( 'NONE', #465, #447, #539, .T. ) ;
#571 = CARTESIAN_POINT ( 'NONE',  ( 74.09103465619125473, 0.000000000000000000, 128.3294364098714198 ) ) ;
#572 = CARTESIAN_POINT ( 'NONE',  ( 140.0000000000000000, 0.000000000000000000, -37.51288694035667959 ) ) ;
#573 = CC_DESIGN_PERSON_AND_ORGANIZATION_ASSIGNMENT ( #1125, #833, ( #205 ) ) ;
#574 = EDGE_LOOP ( 'NONE', ( #847, #1186, #129, #327 ) ) ;
#575 = CARTESIAN_POINT ( 'NONE',  ( 2.249999999999946709, -38.18376618407354073, -187.6705635901287224 ) ) ;
#576 = AXIS2_PLACEMENT_3D ( 'NONE', #529, #622, #945 ) ;
#577 = FACE_OUTER_BOUND ( 'NONE', #224, .T. ) ;
#578 = CARTESIAN_POINT ( 'NONE',  ( 2.249999999999947597, 39.75000000000000000, -161.6705635901286939 ) ) ;
#579 = SECURITY_CLASSIFICATION ( '', '', #739 ) ;
#580 = VERTEX_POINT ( 'NONE', #279 ) ;
#581 = CARTESIAN_POINT ( 'NONE',  ( 38.24999999999997868, 4.684274006738623361E-15, -161.6705635901286939 ) ) ;
#582 = EDGE_CURVE ( 'NONE', #403, #79, #170, .T. ) ;
#583 = APPLICATION_CONTEXT ( 'configuration controlled 3d designs of mechanical parts and assemblies' ) ;
#584 = CARTESIAN_POINT ( 'NONE',  ( 1.387778780781445676E-14, 0.000000000000000000, -116.9808432025407399 ) ) ;
#585 = DIRECTION ( 'NONE',  ( 0.000000000000000000, 0.000000000000000000, -1.000000000000000000 ) ) ;
#586 = ORIENTED_EDGE ( 'NONE', *, *, #283, .T. ) ;
#587 = DIRECTION ( 'NONE',  ( -0.8660254037844418162, 0.000000000000000000, 0.4999999999999945599 ) ) ;
#588 = AXIS2_PLACEMENT_3D ( 'NONE', #99, #105, #109 ) ;
#589 = VECTOR ( 'NONE', #913, 1000.000000000000000 ) ;
#590 = FACE_OUTER_BOUND ( 'NONE', #266, .T. ) ;
#591 = DIRECTION ( 'NONE',  ( -1.000000000000000000, 0.000000000000000000, 0.000000000000000000 ) ) ;
#592 = FACE_OUTER_BOUND ( 'NONE', #423, .T. ) ;
#593 = ORIENTED_EDGE ( 'NONE', *, *, #570, .T. ) ;
#594 = DIRECTION ( 'NONE',  ( 0.000000000000000000, 0.000000000000000000, 1.000000000000000000 ) ) ;
#595 = CIRCLE ( 'NONE', #1259, 38.24999999999997868 ) ;
#596 = ADVANCED_FACE ( 'NONE', ( #1114 ), #193, .T. ) ;
#597 = CARTESIAN_POINT ( 'NONE',  ( 0.000000000000000000, 0.000000000000000000, -161.6705635901286939 ) ) ;
#598 = DIRECTION ( 'NONE',  ( -0.000000000000000000, 0.000000000000000000, -1.000000000000000000 ) ) ;
#599 = LINE ( 'NONE', #255, #1101 ) ;
#600 = CIRCLE ( 'NONE', #1172, 38.03892417275064730 ) ;
#601 = CIRCLE ( 'NONE', #1383, 39.44846310392951239 ) ;
#602 = ORIENTED_EDGE ( 'NONE', *, *, #992, .T. ) ;
#603 = DIRECTION ( 'NONE',  ( -0.000000000000000000, -0.000000000000000000, -1.000000000000000000 ) ) ;
#604 = EDGE_CURVE ( 'NONE', #1193, #230, #251, .T. ) ;
#605 = DIRECTION ( 'NONE',  ( 0.000000000000000000, 0.000000000000000000, -1.000000000000000000 ) ) ;
#606 = CARTESIAN_POINT ( 'NONE',  ( 0.000000000000000000, 0.000000000000000000, -187.6705635901286939 ) ) ;
#607 = SHAPE_DEFINITION_REPRESENTATION ( #1011, #225 ) ;
#608 = ORIENTED_EDGE ( 'NONE', *, *, #680, .F. ) ;
#609 = CARTESIAN_POINT ( 'NONE',  ( -38.24999999999997868, 0.000000000000000000, -123.5521984936709146 ) ) ;
#610 = LINE ( 'NONE', #1358, #735 ) ;
#611 = CARTESIAN_POINT ( 'NONE',  ( -2.250000000000051958, 39.75000000000000000, -161.6705635901286939 ) ) ;
#612 = EDGE_CURVE ( 'NONE', #1377, #940, #1185, .T. ) ;
#613 = EDGE_LOOP ( 'NONE', ( #1175, #1128, #10, #786, #396, #4, #1392, #1281, #546, #123, #1379, #433 ) ) ;
#614 = DIRECTION ( 'NONE',  ( -1.000000000000000000, 0.000000000000000000, 3.652049423109067334E-16 ) ) ;
#615 = AXIS2_PLACEMENT_3D ( 'NONE', #1249, #1124, #936 ) ;
#616 = ORIENTED_EDGE ( 'NONE', *, *, #902, .F. ) ;
#617 = DIRECTION ( 'NONE',  ( 0.000000000000000000, 0.000000000000000000, -1.000000000000000000 ) ) ;
#618 = LINE ( 'NONE', #512, #312 ) ;
#619 = APPROVAL_ROLE ( '' ) ;
#620 = ORIENTED_EDGE ( 'NONE', *, *, #959, .T. ) ;
#621 = CIRCLE ( 'NONE', #219, 3.500000000000003109 ) ;
#622 = DIRECTION ( 'NONE',  ( -0.000000000000000000, -0.000000000000000000, -1.000000000000000000 ) ) ;
#623 = ORIENTED_EDGE ( 'NONE', *, *, #1380, .T. ) ;
#624 = AXIS2_PLACEMENT_3D ( 'NONE', #686, #1100, #1218 ) ;
#625 = LOCAL_TIME ( 0, 3, 53.00000000000000000, #1267 ) ;
#626 = LINE ( 'NONE', #299, #246 ) ;
#627 = DATE_TIME_ROLE ( 'classification_date' ) ;
#628 = ORIENTED_EDGE ( 'NONE', *, *, #359, .T. ) ;
#629 = DIRECTION ( 'NONE',  ( -1.000000000000000000, 0.000000000000000000, 0.000000000000000000 ) ) ;
#630 = ORIENTED_EDGE ( 'NONE', *, *, #228, .T. ) ;
#631 = ADVANCED_FACE ( 'NONE', ( #511 ), #1350, .F. ) ;
#632 = CYLINDRICAL_SURFACE ( 'NONE', #1160, 38.00000000000000000 ) ;
#633 = DATE_AND_TIME ( #315, #625 ) ;
#634 = TOROIDAL_SURFACE ( 'NONE', #809, 139.9999999999999716, 38.00000000000000000 ) ;
#635 = VERTEX_POINT ( 'NONE', #1122 ) ;
#636 = CARTESIAN_POINT ( 'NONE',  ( 18.75644347017824032, 0.000000000000000000, 32.48711305964252460 ) ) ;
#637 = EDGE_CURVE ( 'NONE', #87, #1014, #190, .T. ) ;
#638 = EDGE_LOOP ( 'NONE', ( #1255, #168, #700, #114, #147, #1071, #328, #964, #944, #869, #310, #648 ) ) ;
#639 = ADVANCED_FACE ( 'NONE', ( #830 ), #1240, .T. ) ;
#640 = DIRECTION ( 'NONE',  ( -1.000000000000000000, 0.000000000000000000, 0.000000000000000000 ) ) ;
#641 = ORIENTED_EDGE ( 'NONE', *, *, #856, .F. ) ;
#642 = FACE_OUTER_BOUND ( 'NONE', #1110, .T. ) ;
#643 = EDGE_LOOP ( 'NONE', ( #1026, #191, #747, #854 ) ) ;
#644 = DIRECTION ( 'NONE',  ( -0.000000000000000000, 0.000000000000000000, -1.000000000000000000 ) ) ;
#645 = DIRECTION ( 'NONE',  ( -1.000000000000000000, 0.000000000000000000, 0.000000000000000000 ) ) ;
#646 = ORIENTED_EDGE ( 'NONE', *, *, #71, .F. ) ;
#647 = PLANE ( 'NONE',  #383 ) ;
#648 = ORIENTED_EDGE ( 'NONE', *, *, #1211, .F. ) ;
#649 = DIRECTION ( 'NONE',  ( 0.000000000000000000, 0.000000000000000000, -1.000000000000000000 ) ) ;
#650 = CARTESIAN_POINT ( 'NONE',  ( -2.250000000000051070, 39.68626966596882255, -187.6705635901287224 ) ) ;
#651 = VERTEX_POINT ( 'NONE', #1062 ) ;
#652 = CARTESIAN_POINT ( 'NONE',  ( 51.66540881398703533, 0.000000000000000000, 13.48711305964272711 ) ) ;
#653 = VECTOR ( 'NONE', #1197, 1000.000000000000000 ) ;
#654 = EDGE_LOOP ( 'NONE', ( #948, #630, #459, #803 ) ) ;
#655 = CARTESIAN_POINT ( 'NONE',  ( 1.387778780781445676E-14, 0.000000000000000000, -122.6705635901287081 ) ) ;
#656 = EDGE_CURVE ( 'NONE', #89, #752, #491, .T. ) ;
#657 = EDGE_CURVE ( 'NONE', #1298, #1201, #568, .T. ) ;
#658 = CIRCLE ( 'NONE', #51, 38.00000000000000000 ) ;
#659 = PLANE ( 'NONE',  #542 ) ;
#660 = VERTEX_POINT ( 'NONE', #393 ) ;
#661 = DIRECTION ( 'NONE',  ( -2.775557561562891351E-16, 0.000000000000000000, -1.000000000000000000 ) ) ;
#662 = ORIENTED_EDGE ( 'NONE', *, *, #916, .F. ) ;
#663 = DIRECTION ( 'NONE',  ( -1.000000000000000000, 0.000000000000000000, 0.000000000000000000 ) ) ;
#664 = AXIS2_PLACEMENT_3D ( 'NONE', #1102, #797, #280 ) ;
#665 = DIRECTION ( 'NONE',  ( -1.000000000000000000, 0.000000000000000000, 0.000000000000000000 ) ) ;
#666 = CIRCLE ( 'NONE', #624, 101.9999999999999574 ) ;
#667 = EDGE_LOOP ( 'NONE', ( #981, #384 ) ) ;
#668 = PLANE ( 'NONE',  #175 ) ;
#669 = LOCAL_TIME ( 0, 3, 53.00000000000000000, #415 ) ;
#670 = ORIENTED_EDGE ( 'NONE', *, *, #873, .T. ) ;
#671 = DIRECTION ( 'NONE',  ( 0.000000000000000000, -1.000000000000000000, 0.000000000000000000 ) ) ;
#672 = EDGE_CURVE ( 'NONE', #543, #752, #1349, .T. ) ;
#673 = CARTESIAN_POINT ( 'NONE',  ( 6.938893903907228378E-15, 0.000000000000000000, -123.5521984936709146 ) ) ;
#674 = VECTOR ( 'NONE', #452, 1000.000000000000114 ) ;
#675 = LINE ( 'NONE', #578, #413 ) ;
#676 = CARTESIAN_POINT ( 'NONE',  ( 0.000000000000000000, 0.000000000000000000, -187.6705635901286939 ) ) ;
#677 = EDGE_CURVE ( 'NONE', #651, #962, #116, .T. ) ;
#678 = CARTESIAN_POINT ( 'NONE',  ( -42.99999999999998579, 5.265981236333618470E-15, -116.9808432025407399 ) ) ;
#679 = CARTESIAN_POINT ( 'NONE',  ( -39.74999999999997868, 0.000000000000000000, -187.6705635901287224 ) ) ;
#680 = EDGE_CURVE ( 'NONE', #538, #721, #567, .T. ) ;
#681 = DIRECTION ( 'NONE',  ( -1.000000000000000000, 0.000000000000000000, 0.000000000000000000 ) ) ;
#682 = DIRECTION ( 'NONE',  ( -0.000000000000000000, -0.000000000000000000, -1.000000000000000000 ) ) ;
#683 = ORIENTED_EDGE ( 'NONE', *, *, #846, .F. ) ;
#684 = CARTESIAN_POINT ( 'NONE',  ( 2.249999999999947597, 39.68626966596880834, -187.6705635901286939 ) ) ;
#685 = CIRCLE ( 'NONE', #576, 39.74999999999995026 ) ;
#686 = CARTESIAN_POINT ( 'NONE',  ( 140.0000000000000000, -4.653657836759941941E-15, -37.51288694035667959 ) ) ;
#687 = DIRECTION ( 'NONE',  ( -0.000000000000000000, -0.000000000000000000, -1.000000000000000000 ) ) ;
#688 = DIRECTION ( 'NONE',  ( 0.000000000000000000, -0.000000000000000000, -1.000000000000000000 ) ) ;
#689 = EDGE_LOOP ( 'NONE', ( #241, #586, #19, #530 ) ) ;
#690 = DIRECTION ( 'NONE',  ( -0.000000000000000000, -0.000000000000000000, -1.000000000000000000 ) ) ;
#691 = CARTESIAN_POINT ( 'NONE',  ( 1.387778780781445676E-14, 0.000000000000000000, -187.6705635901286939 ) ) ;
#692 = LINE ( 'NONE', #166, #122 ) ;
#693 = LINE ( 'NONE', #1109, #333 ) ;
#694 = AXIS2_PLACEMENT_3D ( 'NONE', #868, #136, #988 ) ;
#695 = EDGE_LOOP ( 'NONE', ( #1225, #1180, #1097, #706 ) ) ;
#696 = DIRECTION ( 'NONE',  ( -0.000000000000000000, -0.000000000000000000, -1.000000000000000000 ) ) ;
#697 = CIRCLE ( 'NONE', #360, 38.00000000000000000 ) ;
#698 = DIRECTION ( 'NONE',  ( -0.000000000000000000, -1.000000000000000000, -0.000000000000000000 ) ) ;
#699 = CYLINDRICAL_SURFACE ( 'NONE', #790, 38.24999999999997868 ) ;
#700 = ORIENTED_EDGE ( 'NONE', *, *, #386, .T. ) ;
#701 = CARTESIAN_POINT ( 'NONE',  ( 39.74999999999994316, -2.250000000000000000, -161.6705635901286939 ) ) ;
#702 = VERTEX_POINT ( 'NONE', #15 ) ;
#703 = CARTESIAN_POINT ( 'NONE',  ( 0.000000000000000000, 0.000000000000000000, -161.6705635901286939 ) ) ;
#704 = LINE ( 'NONE', #866, #1266 ) ;
#705 = APPROVAL_STATUS ( 'not_yet_approved' ) ;
#706 = ORIENTED_EDGE ( 'NONE', *, *, #331, .F. ) ;
#707 = CARTESIAN_POINT ( 'NONE',  ( 38.18376618407353362, -2.250000000000000000, -187.6705635901286939 ) ) ;
#708 = ORIENTED_EDGE ( 'NONE', *, *, #240, .F. ) ;
#709 = ADVANCED_FACE ( 'NONE', ( #770 ), #1176, .T. ) ;
#710 = DIRECTION ( 'NONE',  ( -0.000000000000000000, -0.000000000000000000, -1.000000000000000000 ) ) ;
#711 = DIRECTION ( 'NONE',  ( -0.4999999999999947264, 0.000000000000000000, -0.8660254037844417052 ) ) ;
#712 = VERTEX_POINT ( 'NONE', #1190 ) ;
#713 = DIRECTION ( 'NONE',  ( 0.000000000000000000, 0.000000000000000000, 1.000000000000000000 ) ) ;
#714 = ORIENTED_EDGE ( 'NONE', *, *, #1222, .F. ) ;
#715 = CIRCLE ( 'NONE', #588, 38.24999999999997868 ) ;
#716 = CARTESIAN_POINT ( 'NONE',  ( -2.250000000000051958, 39.68626966596882966, -161.6705635901286939 ) ) ;
#717 = AXIS2_PLACEMENT_3D ( 'NONE', #816, #710, #342 ) ;
#718 = DIRECTION ( 'NONE',  ( 1.000000000000000000, 0.000000000000000000, -0.000000000000000000 ) ) ;
#719 = APPROVAL_ROLE ( '' ) ;
#720 = EDGE_CURVE ( 'NONE', #1387, #969, #920, .T. ) ;
#721 = VERTEX_POINT ( 'NONE', #1287 ) ;
#722 = CARTESIAN_POINT ( 'NONE',  ( 50.36637070831037022, 0.000000000000000000, 14.23711305964272711 ) ) ;
#723 = AXIS2_PLACEMENT_3D ( 'NONE', #891, #1322, #362 ) ;
#724 = ORIENTED_EDGE ( 'NONE', *, *, #749, .F. ) ;
#725 = CARTESIAN_POINT ( 'NONE',  ( 39.68626966596880834, -2.250000000000000000, -187.6705635901286939 ) ) ;
#726 = LINE ( 'NONE', #1131, #1148 ) ;
#727 = DATE_AND_TIME ( #1250, #400 ) ;
#728 = CIRCLE ( 'NONE', #548, 38.24999999999997868 ) ;
#729 = ORIENTED_EDGE ( 'NONE', *, *, #290, .T. ) ;
#730 = EDGE_CURVE ( 'NONE', #431, #1001, #896, .T. ) ;
#731 = CONICAL_SURFACE ( 'NONE', #1333, 38.34046106882114202, 0.3490658503988640637 ) ;
#732 = DIRECTION ( 'NONE',  ( -1.000000000000000000, 0.000000000000000000, 0.000000000000000000 ) ) ;
#733 = VECTOR ( 'NONE', #1375, 1000.000000000000000 ) ;
#734 = ORIENTED_EDGE ( 'NONE', *, *, #1028, .F. ) ;
#735 = VECTOR ( 'NONE', #304, 1000.000000000000000 ) ;
#736 = APPROVAL_PERSON_ORGANIZATION ( #930, #1189, #719 ) ;
#737 = ADVANCED_FACE ( 'NONE', ( #354 ), #1394, .T. ) ;
#738 = CARTESIAN_POINT ( 'NONE',  ( 43.00000000000000711, 0.000000000000000000, -116.9808432025407399 ) ) ;
#739 = SECURITY_CLASSIFICATION_LEVEL ( 'unclassified' ) ;
#740 = ORIENTED_EDGE ( 'NONE', *, *, #1273, .F. ) ;
#741 = FACE_OUTER_BOUND ( 'NONE', #487, .T. ) ;
#742 = ADVANCED_FACE ( 'NONE', ( #434 ), #782, .T. ) ;
#743 = VERTEX_POINT ( 'NONE', #337 ) ;
#744 = VECTOR ( 'NONE', #446, 1000.000000000000000 ) ;
#745 = PLANE ( 'NONE',  #1319 ) ;
#746 = AXIS2_PLACEMENT_3D ( 'NONE', #1183, #1080, #31 ) ;
#747 = ORIENTED_EDGE ( 'NONE', *, *, #1374, .F. ) ;
#748 = CARTESIAN_POINT ( 'NONE',  ( 38.03892417275066151, 4.658424673116796162E-15, -122.3551279920310719 ) ) ;
#749 = EDGE_CURVE ( 'NONE', #1014, #1007, #1233, .T. ) ;
#750 = ORIENTED_EDGE ( 'NONE', *, *, #1162, .T. ) ;
#751 = DIRECTION ( 'NONE',  ( -1.000000000000000000, 0.000000000000000000, 0.000000000000000000 ) ) ;
#752 = VERTEX_POINT ( 'NONE', #553 ) ;
#753 = CARTESIAN_POINT ( 'NONE',  ( 1.387778780781445676E-14, 0.000000000000000000, -187.6705635901286939 ) ) ;
#754 = VECTOR ( 'NONE', #107, 1000.000000000000000 ) ;
#755 = ORIENTED_EDGE ( 'NONE', *, *, #177, .T. ) ;
#756 = CARTESIAN_POINT ( 'NONE',  ( -2.250000000000051958, 39.75000000000000000, -161.6705635901286939 ) ) ;
#757 = CC_DESIGN_APPROVAL ( #1163, ( #205 ) ) ;
#758 = ADVANCED_FACE ( 'NONE', ( #448 ), #130, .T. ) ;
#759 = CARTESIAN_POINT ( 'NONE',  ( 39.74999999999994316, 2.250000000000000000, -187.6705635901286939 ) ) ;
#760 = ORIENTED_EDGE ( 'NONE', *, *, #185, .T. ) ;
#761 = DIRECTION ( 'NONE',  ( -1.000000000000000000, 1.224646799147351728E-16, 0.000000000000000000 ) ) ;
#762 = ORIENTED_EDGE ( 'NONE', *, *, #865, .T. ) ;
#763 = PLANE ( 'NONE',  #746 ) ;
#764 = ADVANCED_FACE ( 'NONE', ( #1204 ), #547, .T. ) ;
#765 = DIRECTION ( 'NONE',  ( -1.000000000000000000, 0.000000000000000000, 0.000000000000000000 ) ) ;
#766 = CIRCLE ( 'NONE', #893, 5.000000000000004441 ) ;
#767 = ORIENTED_EDGE ( 'NONE', *, *, #879, .F. ) ;
#768 = DIRECTION ( 'NONE',  ( -1.000000000000000000, 0.000000000000000000, 2.775557561562891351E-16 ) ) ;
#769 = ORIENTED_EDGE ( 'NONE', *, *, #1025, .F. ) ;
#770 = FACE_OUTER_BOUND ( 'NONE', #1262, .T. ) ;
#771 = CARTESIAN_POINT ( 'NONE',  ( -36.49999999999998579, 4.469960816887838430E-15, -37.51288694035670801 ) ) ;
#772 = ORIENTED_EDGE ( 'NONE', *, *, #161, .T. ) ;
#773 = EDGE_CURVE ( 'NONE', #1007, #1045, #965, .T. ) ;
#774 = EDGE_LOOP ( 'NONE', ( #381, #303, #1161, #620 ) ) ;
#775 = DIRECTION ( 'NONE',  ( -1.000000000000000000, 0.000000000000000000, 2.775557561562891351E-16 ) ) ;
#776 = CIRCLE ( 'NONE', #201, 38.03892417275064730 ) ;
#777 = LINE ( 'NONE', #789, #911 ) ;
#778 = ADVANCED_FACE ( 'NONE', ( #958, #21 ), #763, .F. ) ;
#779 = CARTESIAN_POINT ( 'NONE',  ( 38.18376618407353362, 2.249999999999999112, -161.6705635901286939 ) ) ;
#780 = DIRECTION ( 'NONE',  ( 1.000000000000000000, 0.000000000000000000, 0.000000000000000000 ) ) ;
#781 = ORIENTED_EDGE ( 'NONE', *, *, #1094, .F. ) ;
#782 = PLANE ( 'NONE',  #117 ) ;
#783 = EDGE_CURVE ( 'NONE', #1387, #505, #561, .T. ) ;
#784 = LINE ( 'NONE', #823, #1199 ) ;
#785 = CARTESIAN_POINT ( 'NONE',  ( 36.50000000000001421, 0.000000000000000000, -37.51288694035670801 ) ) ;
#786 = ORIENTED_EDGE ( 'NONE', *, *, #1254, .F. ) ;
#787 = CARTESIAN_POINT ( 'NONE',  ( -36.89199796489157279, 0.000000000000000000, -119.2039741341575763 ) ) ;
#788 = AXIS2_PLACEMENT_3D ( 'NONE', #1092, #870, #1067 ) ;
#789 = CARTESIAN_POINT ( 'NONE',  ( 2.249999999999946709, 38.18376618407354073, -187.6705635901287224 ) ) ;
#790 = AXIS2_PLACEMENT_3D ( 'NONE', #135, #564, #681 ) ;
#791 = CARTESIAN_POINT ( 'NONE',  ( 1.387778780781445676E-14, 0.000000000000000000, -37.51288694035670801 ) ) ;
#792 =( LENGTH_UNIT ( ) NAMED_UNIT ( * ) SI_UNIT ( .MILLI., .METRE. ) );
#793 = ORIENTED_EDGE ( 'NONE', *, *, #1211, .T. ) ;
#794 = CARTESIAN_POINT ( 'NONE',  ( 1.387778780781445676E-14, 0.000000000000000000, -118.6909439191690865 ) ) ;
#795 = VECTOR ( 'NONE', #42, 1000.000000000000000 ) ;
#796 = DIRECTION ( 'NONE',  ( 1.000000000000000000, 0.000000000000000000, 0.000000000000000000 ) ) ;
#797 = DIRECTION ( 'NONE',  ( -2.775557561562891351E-16, 0.000000000000000000, -1.000000000000000000 ) ) ;
#798 = DIRECTION ( 'NONE',  ( -1.000000000000000000, 0.000000000000000000, 0.000000000000000000 ) ) ;
#799 = CONICAL_SURFACE ( 'NONE', #202, 39.75000000000000711, 0.3490658503988640637 ) ;
#800 = VECTOR ( 'NONE', #1202, 1000.000000000000000 ) ;
#801 = ORIENTED_EDGE ( 'NONE', *, *, #954, .T. ) ;
#802 = CARTESIAN_POINT ( 'NONE',  ( 38.00000000000001421, 0.000000000000000000, -187.6705635901286939 ) ) ;
#803 = ORIENTED_EDGE ( 'NONE', *, *, #985, .T. ) ;
#804 = LINE ( 'NONE', #1039, #420 ) ;
#805 = CARTESIAN_POINT ( 'NONE',  ( -2.250000000000051958, -39.68626966596882966, -161.6705635901286939 ) ) ;
#806 = AXIS2_PLACEMENT_3D ( 'NONE', #551, #1077, #853 ) ;
#807 = ORIENTED_EDGE ( 'NONE', *, *, #582, .T. ) ;
#808 = DIRECTION ( 'NONE',  ( -0.4999999999999947264, 0.000000000000000000, -0.8660254037844417052 ) ) ;
#809 = AXIS2_PLACEMENT_3D ( 'NONE', #57, #1238, #480 ) ;
#810 = DIRECTION ( 'NONE',  ( -0.000000000000000000, -0.000000000000000000, -1.000000000000000000 ) ) ;
#811 = CARTESIAN_POINT ( 'NONE',  ( -38.34046106882112781, 0.000000000000000000, -123.1835938051171979 ) ) ;
#812 = DATE_AND_TIME ( #1141, #17 ) ;
#813 = ORIENTED_EDGE ( 'NONE', *, *, #815, .F. ) ;
#814 = DIRECTION ( 'NONE',  ( -0.8660254037844415942, 0.000000000000000000, 0.4999999999999950595 ) ) ;
#815 = EDGE_CURVE ( 'NONE', #1091, #844, #1303, .T. ) ;
#816 = CARTESIAN_POINT ( 'NONE',  ( 0.000000000000000000, 0.000000000000000000, -187.6705635901287224 ) ) ;
#817 = AXIS2_PLACEMENT_3D ( 'NONE', #1378, #1244, #207 ) ;
#818 = DIRECTION ( 'NONE',  ( 1.000000000000000000, 0.000000000000000000, 0.000000000000000000 ) ) ;
#819 = PERSON_AND_ORGANIZATION ( #1357, #444 ) ;
#820 = ORIENTED_EDGE ( 'NONE', *, *, #1361, .F. ) ;
#821 = DIRECTION ( 'NONE',  ( 0.000000000000000000, -0.000000000000000000, -1.000000000000000000 ) ) ;
#822 = EDGE_LOOP ( 'NONE', ( #375, #762, #103, #840 ) ) ;
#823 = CARTESIAN_POINT ( 'NONE',  ( -2.250000000000051070, -39.68626966596882255, -187.6705635901287224 ) ) ;
#824 = DIRECTION ( 'NONE',  ( -1.000000000000000000, 0.000000000000000000, 0.000000000000000000 ) ) ;
#825 = APPROVAL_DATE_TIME ( #633, #29 ) ;
#826 = ORIENTED_EDGE ( 'NONE', *, *, #865, .F. ) ;
#827 = FACE_OUTER_BOUND ( 'NONE', #353, .T. ) ;
#828 = ORIENTED_EDGE ( 'NONE', *, *, #435, .T. ) ;
#829 = CIRCLE ( 'NONE', #1252, 38.24999999999997868 ) ;
#830 = FACE_OUTER_BOUND ( 'NONE', #1390, .T. ) ;
#831 = AXIS2_PLACEMENT_3D ( 'NONE', #863, #349, #974 ) ;
#832 = CARTESIAN_POINT ( 'NONE',  ( -39.74999999999999289, 0.000000000000000000, -122.6705635901287081 ) ) ;
#833 = PERSON_AND_ORGANIZATION_ROLE ( 'design_supplier' ) ;
#834 = EDGE_LOOP ( 'NONE', ( #1157, #1085, #724, #336 ) ) ;
#835 = DIRECTION ( 'NONE',  ( 0.000000000000000000, 0.000000000000000000, 1.000000000000000000 ) ) ;
#836 = TOROIDAL_SURFACE ( 'NONE', #3, 43.00000000000000000, 5.000000000000000000 ) ;
#837 = CARTESIAN_POINT ( 'NONE',  ( 1.387778780781445676E-14, 0.000000000000000000, -121.8420977770425822 ) ) ;
#838 = EDGE_CURVE ( 'NONE', #1007, #1014, #521, .T. ) ;
#839 = DATE_TIME_ROLE ( 'creation_date' ) ;
#840 = ORIENTED_EDGE ( 'NONE', *, *, #296, .F. ) ;
#841 = AXIS2_PLACEMENT_3D ( 'NONE', #848, #102, #507 ) ;
#842 = CARTESIAN_POINT ( 'NONE',  ( 1.387778780781445676E-14, 0.000000000000000000, -122.3551279920310719 ) ) ;
#843 = VECTOR ( 'NONE', #69, 1000.000000000000114 ) ;
#844 = VERTEX_POINT ( 'NONE', #1087 ) ;
#845 = DIRECTION ( 'NONE',  ( 0.000000000000000000, 0.000000000000000000, 1.000000000000000000 ) ) ;
#846 = EDGE_CURVE ( 'NONE', #472, #399, #169, .T. ) ;
#847 = ORIENTED_EDGE ( 'NONE', *, *, #783, .F. ) ;
#848 = CARTESIAN_POINT ( 'NONE',  ( 74.09103465619124051, 0.000000000000000000, 128.3294364098714198 ) ) ;
#849 = VERTEX_POINT ( 'NONE', #1008 ) ;
#850 = AXIS2_PLACEMENT_3D ( 'NONE', #673, #562, #1089 ) ;
#851 = CARTESIAN_POINT ( 'NONE',  ( 1.387778780781445676E-14, 0.000000000000000000, -187.6705635901286939 ) ) ;
#852 = EDGE_LOOP ( 'NONE', ( #1169, #1056, #1, #956 ) ) ;
#853 = DIRECTION ( 'NONE',  ( -1.000000000000000000, 1.224646799147354193E-16, 0.000000000000000000 ) ) ;
#854 = ORIENTED_EDGE ( 'NONE', *, *, #541, .F. ) ;
#855 = DIRECTION ( 'NONE',  ( -1.000000000000000000, 1.224646799147352961E-16, 0.000000000000000000 ) ) ;
#856 = EDGE_CURVE ( 'NONE', #230, #1193, #697, .T. ) ;
#857 = DIRECTION ( 'NONE',  ( -0.000000000000000000, -0.000000000000000000, 1.000000000000000000 ) ) ;
#858 = ORIENTED_EDGE ( 'NONE', *, *, #489, .F. ) ;
#859 = DIRECTION ( 'NONE',  ( 0.4999999999999945599, 0.000000000000000000, 0.8660254037844419273 ) ) ;
#860 = ADVANCED_FACE ( 'NONE', ( #1209 ), #634, .T. ) ;
#861 = EDGE_CURVE ( 'NONE', #888, #307, #1138, .T. ) ;
#862 = ORIENTED_EDGE ( 'NONE', *, *, #111, .T. ) ;
#863 = CARTESIAN_POINT ( 'NONE',  ( 18.75644347017824032, 0.000000000000000000, 32.48711305964252460 ) ) ;
#864 =( GEOMETRIC_REPRESENTATION_CONTEXT ( 3 ) GLOBAL_UNCERTAINTY_ASSIGNED_CONTEXT ( ( #184 ) ) GLOBAL_UNIT_ASSIGNED_CONTEXT ( ( #792, #172, #1096 ) ) REPRESENTATION_CONTEXT ( 'NONE', 'WORKASPACE' ) );
#865 = EDGE_CURVE ( 'NONE', #1193, #635, #1164, .T. ) ;
#866 = CARTESIAN_POINT ( 'NONE',  ( 50.36637070831037022, 0.000000000000000000, 14.23711305964272356 ) ) ;
#867 = ORIENTED_EDGE ( 'NONE', *, *, #730, .F. ) ;
#868 = CARTESIAN_POINT ( 'NONE',  ( 6.938893903907228378E-15, 0.000000000000000000, -123.5521984936709146 ) ) ;
#869 = ORIENTED_EDGE ( 'NONE', *, *, #185, .F. ) ;
#870 = DIRECTION ( 'NONE',  ( -0.4999999999999946709, 0.000000000000000000, -0.8660254037844417052 ) ) ;
#871 = AXIS2_PLACEMENT_3D ( 'NONE', #980, #335, #458 ) ;
#872 = FACE_OUTER_BOUND ( 'NONE', #574, .T. ) ;
#873 = EDGE_CURVE ( 'NONE', #405, #580, #995, .T. ) ;
#874 = EDGE_LOOP ( 'NONE', ( #781, #322, #48, #1059 ) ) ;
#875 = DIRECTION ( 'NONE',  ( -0.000000000000000000, -1.000000000000000000, -0.000000000000000000 ) ) ;
#876 = AXIS2_PLACEMENT_3D ( 'NONE', #597, #617, #921 ) ;
#877 = VERTEX_POINT ( 'NONE', #391 ) ;
#878 = CARTESIAN_POINT ( 'NONE',  ( 18.75644347017821190, 0.000000000000000000, 32.48711305964255303 ) ) ;
#879 = EDGE_CURVE ( 'NONE', #14, #87, #1325, .T. ) ;
#880 = EDGE_CURVE ( 'NONE', #431, #1031, #455, .T. ) ;
#881 = CARTESIAN_POINT ( 'NONE',  ( 140.0000000000000000, 0.000000000000000000, -37.51288694035667959 ) ) ;
#882 = FACE_OUTER_BOUND ( 'NONE', #774, .T. ) ;
#883 = ORIENTED_EDGE ( 'NONE', *, *, #13, .T. ) ;
#884 = DIRECTION ( 'NONE',  ( 0.000000000000000000, 0.000000000000000000, -1.000000000000000000 ) ) ;
#885 = CARTESIAN_POINT ( 'NONE',  ( 1.387778780781445676E-14, 0.000000000000000000, -122.6705635901287081 ) ) ;
#886 = FACE_OUTER_BOUND ( 'NONE', #638, .T. ) ;
#887 = DIRECTION ( 'NONE',  ( 0.000000000000000000, 0.000000000000000000, -1.000000000000000000 ) ) ;
#888 = VERTEX_POINT ( 'NONE', #37 ) ;
#889 = LINE ( 'NONE', #575, #9 ) ;
#890 = LINE ( 'NONE', #679, #318 ) ;
#891 = CARTESIAN_POINT ( 'NONE',  ( 0.000000000000000000, 0.000000000000000000, -161.6705635901286939 ) ) ;
#892 = DIRECTION ( 'NONE',  ( 0.000000000000000000, 0.000000000000000000, 1.000000000000000000 ) ) ;
#893 = AXIS2_PLACEMENT_3D ( 'NONE', #738, #526, #549 ) ;
#894 = ORIENTED_EDGE ( 'NONE', *, *, #32, .F. ) ;
#895 = CARTESIAN_POINT ( 'NONE',  ( 1.387778780781445676E-14, 0.000000000000000000, -37.51288694035670801 ) ) ;
#896 = CIRCLE ( 'NONE', #961, 3.500000000000003109 ) ;
#897 = DIRECTION ( 'NONE',  ( -0.000000000000000000, -0.000000000000000000, 1.000000000000000000 ) ) ;
#898 = CC_DESIGN_PERSON_AND_ORGANIZATION_ASSIGNMENT ( #1053, #408, ( #50 ) ) ;
#899 = CIRCLE ( 'NONE', #615, 176.4999999999999716 ) ;
#900 = CARTESIAN_POINT ( 'NONE',  ( 2.249999999999947597, 38.18376618407354783, -187.6705635901286939 ) ) ;
#901 = CARTESIAN_POINT ( 'NONE',  ( 0.000000000000000000, 0.000000000000000000, -187.6705635901287224 ) ) ;
#902 = EDGE_CURVE ( 'NONE', #230, #307, #1317, .T. ) ;
#903 = VERTEX_POINT ( 'NONE', #684 ) ;
#904 = DIRECTION ( 'NONE',  ( -1.000000000000000000, 0.000000000000000000, 0.000000000000000000 ) ) ;
#905 = EDGE_CURVE ( 'NONE', #1214, #1316, #1018, .T. ) ;
#906 = AXIS2_PLACEMENT_3D ( 'NONE', #366, #808, #587 ) ;
#907 = CARTESIAN_POINT ( 'NONE',  ( 38.18376618407353362, 2.249999999999999112, -187.6705635901287224 ) ) ;
#908 = VECTOR ( 'NONE', #1241, 1000.000000000000114 ) ;
#909 = ORIENTED_EDGE ( 'NONE', *, *, #220, .T. ) ;
#910 = DIRECTION ( 'NONE',  ( -1.000000000000000000, 0.000000000000000000, 0.000000000000000000 ) ) ;
#911 = VECTOR ( 'NONE', #264, 1000.000000000000000 ) ;
#912 = ORIENTED_EDGE ( 'NONE', *, *, #1236, .T. ) ;
#913 = DIRECTION ( 'NONE',  ( -0.000000000000000000, -1.000000000000000000, -0.000000000000000000 ) ) ;
#914 = CARTESIAN_POINT ( 'NONE',  ( 39.74999999999994316, -2.250000000000000000, -187.6705635901286939 ) ) ;
#915 = CARTESIAN_POINT ( 'NONE',  ( 39.68626966596882966, 2.249999999999999112, -187.6705635901287224 ) ) ;
#916 = EDGE_CURVE ( 'NONE', #1045, #712, #330, .T. ) ;
#917 = CIRCLE ( 'NONE', #933, 39.74999999999995026 ) ;
#918 = ORIENTED_EDGE ( 'NONE', *, *, #612, .F. ) ;
#919 = DIRECTION ( 'NONE',  ( -1.000000000000000000, 0.000000000000000000, 0.000000000000000000 ) ) ;
#920 = CIRCLE ( 'NONE', #165, 6.499999999999999112 ) ;
#921 = DIRECTION ( 'NONE',  ( -1.000000000000000000, 0.000000000000000000, 0.000000000000000000 ) ) ;
#922 = EDGE_CURVE ( 'NONE', #969, #560, #351, .T. ) ;
#923 = DIRECTION ( 'NONE',  ( 1.000000000000000000, 0.000000000000000000, 0.000000000000000000 ) ) ;
#924 = EDGE_LOOP ( 'NONE', ( #1338, #772, #951, #616 ) ) ;
#925 = PLANE ( 'NONE',  #817 ) ;
#926 = EDGE_LOOP ( 'NONE', ( #1352, #1311, #820, #234 ) ) ;
#927 = CARTESIAN_POINT ( 'NONE',  ( 1.387778780781445676E-14, 0.000000000000000000, -116.9808432025407399 ) ) ;
#928 = AXIS2_PLACEMENT_3D ( 'NONE', #277, #696, #629 ) ;
#929 = CARTESIAN_POINT ( 'NONE',  ( 38.18376618407353362, -2.250000000000000000, -161.6705635901286939 ) ) ;
#930 = PERSON_AND_ORGANIZATION ( #1357, #444 ) ;
#931 = ORIENTED_EDGE ( 'NONE', *, *, #1004, .T. ) ;
#932 = DIRECTION ( 'NONE',  ( -1.000000000000000000, 0.000000000000000000, 0.000000000000000000 ) ) ;
#933 = AXIS2_PLACEMENT_3D ( 'NONE', #901, #682, #798 ) ;
#934 = ORIENTED_EDGE ( 'NONE', *, *, #386, .F. ) ;
#935 = CARTESIAN_POINT ( 'NONE',  ( 140.0000000000000000, -4.469960816887838430E-15, -37.51288694035667959 ) ) ;
#936 = DIRECTION ( 'NONE',  ( 0.000000000000000000, 0.000000000000000000, 1.000000000000000000 ) ) ;
#937 = PERSON_AND_ORGANIZATION_ROLE ( 'creator' ) ;
#938 = ORIENTED_EDGE ( 'NONE', *, *, #1279, .F. ) ;
#939 = CARTESIAN_POINT ( 'NONE',  ( 39.74999999999994316, -2.250000000000000000, -161.6705635901286939 ) ) ;
#940 = VERTEX_POINT ( 'NONE', #495 ) ;
#941 = CIRCLE ( 'NONE', #187, 39.74999999999997868 ) ;
#942 = AXIS2_PLACEMENT_3D ( 'NONE', #1074, #1299, #454 ) ;
#943 = LINE ( 'NONE', #915, #733 ) ;
#944 = ORIENTED_EDGE ( 'NONE', *, *, #6, .T. ) ;
#945 = DIRECTION ( 'NONE',  ( -1.000000000000000000, 0.000000000000000000, 0.000000000000000000 ) ) ;
#946 = ORIENTED_EDGE ( 'NONE', *, *, #657, .T. ) ;
#947 = CARTESIAN_POINT ( 'NONE',  ( 43.00000000000000711, 0.000000000000000000, -116.9808432025407399 ) ) ;
#948 = ORIENTED_EDGE ( 'NONE', *, *, #720, .F. ) ;
#949 = AXIS2_PLACEMENT_3D ( 'NONE', #1098, #1024, #919 ) ;
#950 = FACE_OUTER_BOUND ( 'NONE', #689, .T. ) ;
#951 = ORIENTED_EDGE ( 'NONE', *, *, #861, .T. ) ;
#952 = LINE ( 'NONE', #759, #23 ) ;
#953 = VERTEX_POINT ( 'NONE', #707 ) ;
#954 = EDGE_CURVE ( 'NONE', #405, #702, #889, .T. ) ;
#955 = DIRECTION ( 'NONE',  ( -1.000000000000000000, 0.000000000000000000, 2.775557561562891351E-16 ) ) ;
#956 = ORIENTED_EDGE ( 'NONE', *, *, #252, .F. ) ;
#957 = PRODUCT_DEFINITION ( 'UNKNOWN', '', #205, #1136 ) ;
#958 = FACE_BOUND ( 'NONE', #1231, .T. ) ;
#959 = EDGE_CURVE ( 'NONE', #538, #348, #1078, .T. ) ;
#960 = DIRECTION ( 'NONE',  ( 1.000000000000000000, 0.000000000000000000, 0.000000000000000000 ) ) ;
#961 = AXIS2_PLACEMENT_3D ( 'NONE', #329, #671, #884 ) ;
#962 = VERTEX_POINT ( 'NONE', #1348 ) ;
#963 = DIRECTION ( 'NONE',  ( -0.000000000000000000, -0.000000000000000000, -1.000000000000000000 ) ) ;
#964 = ORIENTED_EDGE ( 'NONE', *, *, #189, .T. ) ;
#965 = LINE ( 'NONE', #991, #1009 ) ;
#966 = VECTOR ( 'NONE', #1090, 1000.000000000000000 ) ;
#967 = EDGE_CURVE ( 'NONE', #524, #1377, #358, .T. ) ;
#968 = CARTESIAN_POINT ( 'NONE',  ( 39.74999999999994316, -2.250000000000000000, -161.6705635901286939 ) ) ;
#969 = VERTEX_POINT ( 'NONE', #787 ) ;
#970 = DIRECTION ( 'NONE',  ( 1.224646799147353207E-16, 1.000000000000000000, -0.000000000000000000 ) ) ;
#971 = CIRCLE ( 'NONE', #1145, 38.24999999999997868 ) ;
#972 = AXIS2_PLACEMENT_3D ( 'NONE', #289, #1002, #466 ) ;
#973 = VERTEX_POINT ( 'NONE', #581 ) ;
#974 = DIRECTION ( 'NONE',  ( 0.8660254037844418162, 0.000000000000000000, -0.4999999999999943934 ) ) ;
#975 = EDGE_CURVE ( 'NONE', #635, #651, #1099, .T. ) ;
#976 = CIRCLE ( 'NONE', #313, 36.50000000000000000 ) ;
#977 = CC_DESIGN_APPROVAL ( #29, ( #957 ) ) ;
#978 = FACE_OUTER_BOUND ( 'NONE', #924, .T. ) ;
#979 = ORIENTED_EDGE ( 'NONE', *, *, #1106, .T. ) ;
#980 = CARTESIAN_POINT ( 'NONE',  ( 6.938893903907228378E-15, 0.000000000000000000, -123.5521984936709146 ) ) ;
#981 = ORIENTED_EDGE ( 'NONE', *, *, #435, .F. ) ;
#982 = EDGE_CURVE ( 'NONE', #1091, #1201, #1215, .T. ) ;
#983 = CARTESIAN_POINT ( 'NONE',  ( 39.68626966596882966, -2.249999999999999112, -187.6705635901287224 ) ) ;
#984 = TOROIDAL_SURFACE ( 'NONE', #563, 43.00000000000000000, 6.500000000000000888 ) ;
#985 = EDGE_CURVE ( 'NONE', #560, #969, #418, .T. ) ;
#986 = DIRECTION ( 'NONE',  ( -0.000000000000000000, -0.000000000000000000, -1.000000000000000000 ) ) ;
#987 = CARTESIAN_POINT ( 'NONE',  ( -38.18376618407353362, -2.250000000000000000, -187.6705635901286939 ) ) ;
#988 = DIRECTION ( 'NONE',  ( 1.000000000000000000, 0.000000000000000000, 0.000000000000000000 ) ) ;
#989 = VECTOR ( 'NONE', #1119, 1000.000000000000000 ) ;
#990 = ORIENTED_EDGE ( 'NONE', *, *, #359, .F. ) ;
#991 = CARTESIAN_POINT ( 'NONE',  ( -12.85348376795388603, 4.469960816887840007E-15, 50.73711305964232565 ) ) ;
#992 = EDGE_CURVE ( 'NONE', #702, #348, #501, .T. ) ;
#993 = PLANE ( 'NONE',  #374 ) ;
#994 = DIRECTION ( 'NONE',  ( 0.000000000000000000, -1.000000000000000000, 0.000000000000000000 ) ) ;
#995 = LINE ( 'NONE', #282, #589 ) ;
#996 = VECTOR ( 'NONE', #963, 1000.000000000000000 ) ;
#997 = DIRECTION ( 'NONE',  ( -0.000000000000000000, -0.000000000000000000, -1.000000000000000000 ) ) ;
#998 = DIRECTION ( 'NONE',  ( -0.000000000000000000, -1.000000000000000000, -0.000000000000000000 ) ) ;
#999 = APPLICATION_PROTOCOL_DEFINITION ( 'international standard', 'config_control_design', 1994, #583 ) ;
#1000 = ADVANCED_FACE ( 'NONE', ( #192 ), #731, .F. ) ;
#1001 = VERTEX_POINT ( 'NONE', #748 ) ;
#1002 = DIRECTION ( 'NONE',  ( -0.000000000000000000, -0.000000000000000000, -1.000000000000000000 ) ) ;
#1003 = DIRECTION ( 'NONE',  ( -0.000000000000000000, -0.000000000000000000, -1.000000000000000000 ) ) ;
#1004 = EDGE_CURVE ( 'NONE', #307, #888, #1264, .T. ) ;
#1005 = DIRECTION ( 'NONE',  ( 0.000000000000000000, 1.000000000000000000, 0.000000000000000000 ) ) ;
#1006 = CARTESIAN_POINT ( 'NONE',  ( -14.15252187363054404, 4.653657836759942730E-15, 51.48711305964233276 ) ) ;
#1007 = VERTEX_POINT ( 'NONE', #1055 ) ;
#1008 = CARTESIAN_POINT ( 'NONE',  ( 2.249999999999947597, 39.68626966596883676, -161.6705635901286939 ) ) ;
#1009 = VECTOR ( 'NONE', #257, 1000.000000000000114 ) ;
#1010 = DIRECTION ( 'NONE',  ( -2.775557561562891351E-16, 0.000000000000000000, -1.000000000000000000 ) ) ;
#1011 = PRODUCT_DEFINITION_SHAPE ( 'NONE', 'NONE',  #957 ) ;
#1012 = DIRECTION ( 'NONE',  ( -1.000000000000000000, 0.000000000000000000, 0.000000000000000000 ) ) ;
#1013 = CARTESIAN_POINT ( 'NONE',  ( 39.74999999999994316, 2.250000000000000000, -161.6705635901286939 ) ) ;
#1014 = VERTEX_POINT ( 'NONE', #722 ) ;
#1015 = DIRECTION ( 'NONE',  ( -2.775557561562891351E-16, 0.000000000000000000, -1.000000000000000000 ) ) ;
#1016 = CIRCLE ( 'NONE', #441, 5.000000000000004441 ) ;
#1017 = ADVANCED_FACE ( 'NONE', ( #425 ), #1048, .F. ) ;
#1018 = CIRCLE ( 'NONE', #906, 38.00000000000000000 ) ;
#1019 = DIRECTION ( 'NONE',  ( 1.000000000000000000, 0.000000000000000000, -0.000000000000000000 ) ) ;
#1020 = CARTESIAN_POINT ( 'NONE',  ( 2.249999999999946709, 39.68626966596882966, -187.6705635901287224 ) ) ;
#1021 = CARTESIAN_POINT ( 'NONE',  ( -2.250000000000051070, 38.18376618407353362, -187.6705635901287224 ) ) ;
#1022 = AXIS2_PLACEMENT_3D ( 'NONE', #584, #1327, #796 ) ;
#1023 = ORIENTED_EDGE ( 'NONE', *, *, #1380, .F. ) ;
#1024 = DIRECTION ( 'NONE',  ( -0.000000000000000000, -0.000000000000000000, -1.000000000000000000 ) ) ;
#1025 = EDGE_CURVE ( 'NONE', #712, #1045, #153, .T. ) ;
#1026 = ORIENTED_EDGE ( 'NONE', *, *, #345, .T. ) ;
#1027 = DIRECTION ( 'NONE',  ( -1.000000000000000000, 0.000000000000000000, 0.000000000000000000 ) ) ;
#1028 = EDGE_CURVE ( 'NONE', #903, #1208, #685, .T. ) ;
#1029 = DIRECTION ( 'NONE',  ( -2.775557561562891351E-16, 0.000000000000000000, -1.000000000000000000 ) ) ;
#1030 = APPROVAL_DATE_TIME ( #727, #1163 ) ;
#1031 = VERTEX_POINT ( 'NONE', #609 ) ;
#1032 = DIRECTION ( 'NONE',  ( -0.000000000000000000, -0.000000000000000000, -1.000000000000000000 ) ) ;
#1033 = VERTEX_POINT ( 'NONE', #1371 ) ;
#1034 = LINE ( 'NONE', #1247, #557 ) ;
#1035 = PLANE ( 'NONE',  #1191 ) ;
#1036 = ORIENTED_EDGE ( 'NONE', *, *, #677, .T. ) ;
#1037 = LINE ( 'NONE', #1261, #126 ) ;
#1038 = VERTEX_POINT ( 'NONE', #398 ) ;
#1039 = CARTESIAN_POINT ( 'NONE',  ( 51.66540881398703533, 0.000000000000000000, 13.48711305964273421 ) ) ;
#1040 = AXIS2_PLACEMENT_3D ( 'NONE', #636, #302, #1143 ) ;
#1041 = DIRECTION ( 'NONE',  ( 1.000000000000000000, 0.000000000000000000, 0.000000000000000000 ) ) ;
#1042 = EDGE_LOOP ( 'NONE', ( #683, #760, #426, #1196 ) ) ;
#1043 = DIRECTION ( 'NONE',  ( 0.000000000000000000, 0.000000000000000000, -1.000000000000000000 ) ) ;
#1044 = APPROVAL_PERSON_ORGANIZATION ( #1149, #29, #513 ) ;
#1045 = VERTEX_POINT ( 'NONE', #1135 ) ;
#1046 = DIRECTION ( 'NONE',  ( -2.775557561562891351E-16, 0.000000000000000000, -1.000000000000000000 ) ) ;
#1047 = EDGE_LOOP ( 'NONE', ( #108, #522, #256, #750 ) ) ;
#1048 = PLANE ( 'NONE',  #1289 ) ;
#1049 = AXIS2_PLACEMENT_3D ( 'NONE', #248, #471, #1346 ) ;
#1050 = ORIENTED_EDGE ( 'NONE', *, *, #604, .T. ) ;
#1051 = AXIS2_PLACEMENT_3D ( 'NONE', #878, #1307, #250 ) ;
#1052 = DIRECTION ( 'NONE',  ( 0.000000000000000000, -1.000000000000000000, 0.000000000000000000 ) ) ;
#1053 = PERSON_AND_ORGANIZATION ( #1357, #444 ) ;
#1054 = ORIENTED_EDGE ( 'NONE', *, *, #656, .F. ) ;
#1055 = CARTESIAN_POINT ( 'NONE',  ( -12.85348376795388070, 4.469960816887840007E-15, 50.73711305964233276 ) ) ;
#1056 = ORIENTED_EDGE ( 'NONE', *, *, #1273, .T. ) ;
#1057 = ADVANCED_FACE ( 'NONE', ( #950 ), #925, .T. ) ;
#1058 = DIRECTION ( 'NONE',  ( 1.000000000000000000, 0.000000000000000000, 0.000000000000000000 ) ) ;
#1059 = ORIENTED_EDGE ( 'NONE', *, *, #905, .T. ) ;
#1060 = DIRECTION ( 'NONE',  ( -2.775557561562891351E-16, 0.000000000000000000, -1.000000000000000000 ) ) ;
#1061 = EDGE_LOOP ( 'NONE', ( #93, #316, #1347, #1328 ) ) ;
#1062 = CARTESIAN_POINT ( 'NONE',  ( 38.30153689607046630, 4.760814431685333618E-15, -118.6909439191690865 ) ) ;
#1063 = CARTESIAN_POINT ( 'NONE',  ( 2.249999999999947597, -39.68626966596880834, -187.6705635901286939 ) ) ;
#1064 = ORIENTED_EDGE ( 'NONE', *, *, #364, .F. ) ;
#1065 = CARTESIAN_POINT ( 'NONE',  ( 18.75644347017824032, 0.000000000000000000, 32.48711305964252460 ) ) ;
#1066 = ORIENTED_EDGE ( 'NONE', *, *, #325, .T. ) ;
#1067 = DIRECTION ( 'NONE',  ( -0.8660254037844417052, 0.000000000000000000, 0.4999999999999947264 ) ) ;
#1068 = VECTOR ( 'NONE', #18, 1000.000000000000000 ) ;
#1069 = CARTESIAN_POINT ( 'NONE',  ( -38.18376618407353362, 2.250000000000000000, -161.6705635901286939 ) ) ;
#1070 = AXIS2_PLACEMENT_3D ( 'NONE', #935, #1365, #406 ) ;
#1071 = ORIENTED_EDGE ( 'NONE', *, *, #954, .F. ) ;
#1072 = CARTESIAN_POINT ( 'NONE',  ( 38.34046106882115623, 4.695352292576551896E-15, -123.1835938051171979 ) ) ;
#1073 = ORIENTED_EDGE ( 'NONE', *, *, #508, .T. ) ;
#1074 = CARTESIAN_POINT ( 'NONE',  ( 0.000000000000000000, 0.000000000000000000, -123.5521984936709146 ) ) ;
#1075 = DIRECTION ( 'NONE',  ( -1.000000000000000000, 0.000000000000000000, 0.000000000000000000 ) ) ;
#1076 = ORIENTED_EDGE ( 'NONE', *, *, #975, .T. ) ;
#1077 = DIRECTION ( 'NONE',  ( 1.224646799147353207E-16, 1.000000000000000000, -0.000000000000000000 ) ) ;
#1078 = CIRCLE ( 'NONE', #949, 39.74999999999995026 ) ;
#1079 = ORIENTED_EDGE ( 'NONE', *, *, #139, .F. ) ;
#1080 = DIRECTION ( 'NONE',  ( -0.4999999999999947264, 0.000000000000000000, -0.8660254037844417052 ) ) ;
#1081 = AXIS2_PLACEMENT_3D ( 'NONE', #292, #63, #598 ) ;
#1082 = EDGE_CURVE ( 'NONE', #953, #160, #1037, .T. ) ;
#1083 = AXIS2_PLACEMENT_3D ( 'NONE', #361, #1206, #1107 ) ;
#1084 = CARTESIAN_POINT ( 'NONE',  ( -5.208904518553510912E-14, 0.000000000000000000, -161.6705635901286939 ) ) ;
#1085 = ORIENTED_EDGE ( 'NONE', *, *, #149, .T. ) ;
#1086 = ORIENTED_EDGE ( 'NONE', *, *, #1028, .T. ) ;
#1087 = CARTESIAN_POINT ( 'NONE',  ( -39.74999999999997868, 0.000000000000000000, -123.5521984936709146 ) ) ;
#1088 = AXIS2_PLACEMENT_3D ( 'NONE', #20, #1391, #1174 ) ;
#1089 = DIRECTION ( 'NONE',  ( 1.000000000000000000, 0.000000000000000000, 0.000000000000000000 ) ) ;
#1090 = DIRECTION ( 'NONE',  ( -1.000000000000000000, 0.000000000000000000, 0.000000000000000000 ) ) ;
#1091 = VERTEX_POINT ( 'NONE', #411 ) ;
#1092 = CARTESIAN_POINT ( 'NONE',  ( 18.75644347017821190, 0.000000000000000000, 32.48711305964255303 ) ) ;
#1093 = DIRECTION ( 'NONE',  ( -1.000000000000000000, 0.000000000000000000, 0.000000000000000000 ) ) ;
#1094 = EDGE_CURVE ( 'NONE', #888, #1316, #1381, .T. ) ;
#1095 = DIRECTION ( 'NONE',  ( -0.8660254037844418162, 0.000000000000000000, 0.4999999999999945599 ) ) ;
#1096 =( NAMED_UNIT ( * ) SI_UNIT ( $, .STERADIAN. ) SOLID_ANGLE_UNIT ( ) );
#1097 = ORIENTED_EDGE ( 'NONE', *, *, #922, .T. ) ;
#1098 = CARTESIAN_POINT ( 'NONE',  ( 0.000000000000000000, 0.000000000000000000, -187.6705635901287224 ) ) ;
#1099 = CIRCLE ( 'NONE', #311, 38.30153689607045209 ) ;
#1100 = DIRECTION ( 'NONE',  ( 0.000000000000000000, 1.000000000000000000, 0.000000000000000000 ) ) ;
#1101 = VECTOR ( 'NONE', #1315, 1000.000000000000000 ) ;
#1102 = CARTESIAN_POINT ( 'NONE',  ( 0.000000000000000000, 0.000000000000000000, -187.6705635901286939 ) ) ;
#1103 = CARTESIAN_POINT ( 'NONE',  ( 0.000000000000000000, 0.000000000000000000, 0.000000000000000000 ) ) ;
#1104 = ORIENTED_EDGE ( 'NONE', *, *, #139, .T. ) ;
#1105 = DIRECTION ( 'NONE',  ( -1.000000000000000000, 0.000000000000000000, 3.652049423109067334E-16 ) ) ;
#1106 = EDGE_CURVE ( 'NONE', #1372, #1001, #776, .T. ) ;
#1107 = DIRECTION ( 'NONE',  ( 1.000000000000000000, 0.000000000000000000, 0.000000000000000000 ) ) ;
#1108 = CARTESIAN_POINT ( 'NONE',  ( 1.387778780781445676E-14, 0.000000000000000000, -118.6909439191690865 ) ) ;
#1109 = CARTESIAN_POINT ( 'NONE',  ( 2.249999999999947597, 39.75000000000000000, -187.6705635901286939 ) ) ;
#1110 = EDGE_LOOP ( 'NONE', ( #1154, #416, #979, #867 ) ) ;
#1111 = DIRECTION ( 'NONE',  ( -1.000000000000000000, 0.000000000000000000, 0.000000000000000000 ) ) ;
#1112 = AXIS2_PLACEMENT_3D ( 'NONE', #895, #1015, #1105 ) ;
#1113 = ADVANCED_FACE ( 'NONE', ( #308 ), #370, .F. ) ;
#1114 = FACE_OUTER_BOUND ( 'NONE', #1330, .T. ) ;
#1115 = DIRECTION ( 'NONE',  ( -1.000000000000000000, 0.000000000000000000, 0.000000000000000000 ) ) ;
#1116 = CARTESIAN_POINT ( 'NONE',  ( 0.000000000000000000, 0.000000000000000000, -161.6705635901286939 ) ) ;
#1117 = ADVANCED_FACE ( 'NONE', ( #741 ), #1363, .T. ) ;
#1118 = ORIENTED_EDGE ( 'NONE', *, *, #537, .T. ) ;
#1119 = DIRECTION ( 'NONE',  ( -0.000000000000000000, -0.000000000000000000, 1.000000000000000000 ) ) ;
#1120 = ORIENTED_EDGE ( 'NONE', *, *, #1366, .T. ) ;
#1121 = ADVANCED_FACE ( 'NONE', ( #827 ), #1253, .F. ) ;
#1122 = CARTESIAN_POINT ( 'NONE',  ( -38.30153689607043788, 0.000000000000000000, -118.6909439191690865 ) ) ;
#1123 = AXIS2_PLACEMENT_3D ( 'NONE', #203, #1046, #1115 ) ;
#1124 = DIRECTION ( 'NONE',  ( 0.000000000000000000, 1.000000000000000000, 0.000000000000000000 ) ) ;
#1125 = PERSON_AND_ORGANIZATION ( #1357, #444 ) ;
#1126 = ORIENTED_EDGE ( 'NONE', *, *, #515, .T. ) ;
#1127 = DIRECTION ( 'NONE',  ( -0.000000000000000000, -0.000000000000000000, 1.000000000000000000 ) ) ;
#1128 = ORIENTED_EDGE ( 'NONE', *, *, #815, .T. ) ;
#1129 = EDGE_CURVE ( 'NONE', #173, #465, #59, .T. ) ;
#1130 = DIRECTION ( 'NONE',  ( -0.000000000000000000, -0.000000000000000000, 1.000000000000000000 ) ) ;
#1131 = CARTESIAN_POINT ( 'NONE',  ( -14.15252187363055114, 4.653657836759942730E-15, 51.48711305964231855 ) ) ;
#1132 = COORDINATED_UNIVERSAL_TIME_OFFSET ( 1, 0, .AHEAD. ) ;
#1133 = ORIENTED_EDGE ( 'NONE', *, *, #290, .F. ) ;
#1134 = CIRCLE ( 'NONE', #298, 6.500000000000005329 ) ;
#1135 = CARTESIAN_POINT ( 'NONE',  ( 42.48110741805912483, 4.469960816887840007E-15, 146.5794364098712492 ) ) ;
#1136 = DESIGN_CONTEXT ( 'detailed design', #98, 'design' ) ;
#1137 = ORIENTED_EDGE ( 'NONE', *, *, #227, .T. ) ;
#1138 = CIRCLE ( 'NONE', #1112, 38.00000000000000000 ) ;
#1139 = DIRECTION ( 'NONE',  ( 0.000000000000000000, 0.000000000000000000, -1.000000000000000000 ) ) ;
#1140 = DIRECTION ( 'NONE',  ( 0.000000000000000000, 0.000000000000000000, 1.000000000000000000 ) ) ;
#1141 = CALENDAR_DATE ( 2026, 16, 9 ) ;
#1142 = EDGE_LOOP ( 'NONE', ( #990, #912, #1144, #1251 ) ) ;
#1143 = DIRECTION ( 'NONE',  ( 0.8660254037844418162, 0.000000000000000000, -0.4999999999999945599 ) ) ;
#1144 = ORIENTED_EDGE ( 'NONE', *, *, #232, .F. ) ;
#1145 = AXIS2_PLACEMENT_3D ( 'NONE', #46, #457, #378 ) ;
#1146 = AXIS2_PLACEMENT_3D ( 'NONE', #1232, #174, #814 ) ;
#1147 = DIRECTION ( 'NONE',  ( 0.4999999999999945044, 0.000000000000000000, 0.8660254037844418162 ) ) ;
#1148 = VECTOR ( 'NONE', #1147, 1000.000000000000114 ) ;
#1149 = PERSON_AND_ORGANIZATION ( #1357, #444 ) ;
#1150 = ORIENTED_EDGE ( 'NONE', *, *, #364, .T. ) ;
#1151 = CARTESIAN_POINT ( 'NONE',  ( 0.000000000000000000, 0.000000000000000000, -187.6705635901287224 ) ) ;
#1152 = CIRCLE ( 'NONE', #1271, 38.24999999999997868 ) ;
#1153 = APPROVAL_PERSON_ORGANIZATION ( #819, #1163, #619 ) ;
#1154 = ORIENTED_EDGE ( 'NONE', *, *, #880, .T. ) ;
#1155 = DIRECTION ( 'NONE',  ( 0.000000000000000000, 0.000000000000000000, 1.000000000000000000 ) ) ;
#1156 = DATE_AND_TIME ( #204, #534 ) ;
#1157 = ORIENTED_EDGE ( 'NONE', *, *, #90, .T. ) ;
#1158 = DIRECTION ( 'NONE',  ( -1.000000000000000000, 0.000000000000000000, 0.000000000000000000 ) ) ;
#1159 = TOROIDAL_SURFACE ( 'NONE', #1049, 34.74999999999997868, 3.500000000000000000 ) ;
#1160 = AXIS2_PLACEMENT_3D ( 'NONE', #851, #857, #1058 ) ;
#1161 = ORIENTED_EDGE ( 'NONE', *, *, #104, .F. ) ;
#1162 = EDGE_CURVE ( 'NONE', #1001, #1372, #600, .T. ) ;
#1163 = APPROVAL ( #196, 'UNSPECIFIED' ) ;
#1164 = CIRCLE ( 'NONE', #387, 4.999999999999997335 ) ;
#1165 = FACE_OUTER_BOUND ( 'NONE', #1286, .T. ) ;
#1166 = ORIENTED_EDGE ( 'NONE', *, *, #227, .F. ) ;
#1167 = CARTESIAN_POINT ( 'NONE',  ( -38.24999999999997868, 0.000000000000000000, -161.6705635901286939 ) ) ;
#1168 = ADVANCED_FACE ( 'NONE', ( #882 ), #668, .T. ) ;
#1169 = ORIENTED_EDGE ( 'NONE', *, *, #985, .F. ) ;
#1170 = CARTESIAN_POINT ( 'NONE',  ( 18.75644347017824032, 0.000000000000000000, 32.48711305964252460 ) ) ;
#1171 = FACE_OUTER_BOUND ( 'NONE', #613, .T. ) ;
#1172 = AXIS2_PLACEMENT_3D ( 'NONE', #517, #835, #732 ) ;
#1173 = ORIENTED_EDGE ( 'NONE', *, *, #1082, .T. ) ;
#1174 = DIRECTION ( 'NONE',  ( -1.000000000000000000, 0.000000000000000000, 0.000000000000000000 ) ) ;
#1175 = ORIENTED_EDGE ( 'NONE', *, *, #982, .F. ) ;
#1176 = PLANE ( 'NONE',  #236 ) ;
#1177 = AXIS2_PLACEMENT_3D ( 'NONE', #1103, #892, #159 ) ;
#1178 = ADVANCED_FACE ( 'NONE', ( #1309 ), #1217, .F. ) ;
#1179 = CARTESIAN_POINT ( 'NONE',  ( -2.250000000000051958, -38.18376618407354073, -161.6705635901286939 ) ) ;
#1180 = ORIENTED_EDGE ( 'NONE', *, *, #720, .T. ) ;
#1181 = FACE_OUTER_BOUND ( 'NONE', #1142, .T. ) ;
#1182 = ORIENTED_EDGE ( 'NONE', *, *, #220, .F. ) ;
#1183 = CARTESIAN_POINT ( 'NONE',  ( 74.09103465619125473, 0.000000000000000000, 128.3294364098714198 ) ) ;
#1184 = CARTESIAN_POINT ( 'NONE',  ( 38.00000000000001421, 0.000000000000000000, -37.51288694035671512 ) ) ;
#1185 = CIRCLE ( 'NONE', #876, 38.24999999999997868 ) ;
#1186 = ORIENTED_EDGE ( 'NONE', *, *, #525, .F. ) ;
#1187 = CARTESIAN_POINT ( 'NONE',  ( 39.74999999999997868, 4.867971026610726872E-15, -161.6705635901286939 ) ) ;
#1188 = VERTEX_POINT ( 'NONE', #1167 ) ;
#1189 = APPROVAL ( #70, 'UNSPECIFIED' ) ;
#1190 = CARTESIAN_POINT ( 'NONE',  ( 105.7009618943233704, 0.000000000000000000, 110.0794364098716329 ) ) ;
#1191 = AXIS2_PLACEMENT_3D ( 'NONE', #611, #718, #504 ) ;
#1192 = DIRECTION ( 'NONE',  ( 0.000000000000000000, 0.000000000000000000, -1.000000000000000000 ) ) ;
#1193 = VERTEX_POINT ( 'NONE', #128 ) ;
#1194 = FACE_OUTER_BOUND ( 'NONE', #834, .T. ) ;
#1195 = AXIS2_PLACEMENT_3D ( 'NONE', #1151, #404, #1158 ) ;
#1196 = ORIENTED_EDGE ( 'NONE', *, *, #1384, .F. ) ;
#1197 = DIRECTION ( 'NONE',  ( -0.000000000000000000, -0.000000000000000000, 1.000000000000000000 ) ) ;
#1198 = AXIS2_PLACEMENT_3D ( 'NONE', #306, #1345, #923 ) ;
#1199 = VECTOR ( 'NONE', #186, 1000.000000000000000 ) ;
#1200 = DIRECTION ( 'NONE',  ( 0.000000000000000000, 0.000000000000000000, 1.000000000000000000 ) ) ;
#1201 = VERTEX_POINT ( 'NONE', #1187 ) ;
#1202 = DIRECTION ( 'NONE',  ( 0.000000000000000000, 0.000000000000000000, 1.000000000000000000 ) ) ;
#1203 = ORIENTED_EDGE ( 'NONE', *, *, #905, .F. ) ;
#1204 = FACE_OUTER_BOUND ( 'NONE', #1061, .T. ) ;
#1205 = EDGE_CURVE ( 'NONE', #1031, #1372, #621, .T. ) ;
#1206 = DIRECTION ( 'NONE',  ( 0.000000000000000000, 0.000000000000000000, 1.000000000000000000 ) ) ;
#1207 = DIRECTION ( 'NONE',  ( 1.000000000000000000, 0.000000000000000000, 0.000000000000000000 ) ) ;
#1208 = VERTEX_POINT ( 'NONE', #352 ) ;
#1209 = FACE_OUTER_BOUND ( 'NONE', #494, .T. ) ;
#1210 = CARTESIAN_POINT ( 'NONE',  ( -39.68626966596880834, 2.250000000000000000, -187.6705635901286939 ) ) ;
#1211 = EDGE_CURVE ( 'NONE', #1031, #1188, #28, .T. ) ;
#1212 = CARTESIAN_POINT ( 'NONE',  ( 0.000000000000000000, 0.000000000000000000, -187.6705635901287224 ) ) ;
#1213 = FACE_OUTER_BOUND ( 'NONE', #654, .T. ) ;
#1214 = VERTEX_POINT ( 'NONE', #652 ) ;
#1215 = LINE ( 'NONE', #270, #397 ) ;
#1216 = CLOSED_SHELL ( 'NONE', ( #1301, #860, #1230, #492, #1000, #1121, #468, #1227, #474, #469, #764, #389, #115, #1117, #424, #498, #1246, #709, #97, #639, #596, #26, #778, #1168, #737, #164, #427, #287, #1269, #1178, #1113, #1318, #1300, #367, #1057, #428, #1389, #1017, #514, #380, #143, #631, #271, #742, #758 ) ) ;
#1217 = TOROIDAL_SURFACE ( 'NONE', #1356, 139.9999999999999716, 36.50000000000000000 ) ;
#1218 = DIRECTION ( 'NONE',  ( 0.000000000000000000, 0.000000000000000000, 1.000000000000000000 ) ) ;
#1219 = AXIS2_PLACEMENT_3D ( 'NONE', #1170, #83, #1234 ) ;
#1220 = DIRECTION ( 'NONE',  ( 0.000000000000000000, 0.000000000000000000, 1.000000000000000000 ) ) ;
#1221 = CARTESIAN_POINT ( 'NONE',  ( -38.03892417275063309, 0.000000000000000000, -122.3551279920310719 ) ) ;
#1222 = EDGE_CURVE ( 'NONE', #580, #348, #1284, .T. ) ;
#1223 = ORIENTED_EDGE ( 'NONE', *, *, #6, .F. ) ;
#1224 = DIRECTION ( 'NONE',  ( -0.000000000000000000, -0.000000000000000000, -1.000000000000000000 ) ) ;
#1225 = ORIENTED_EDGE ( 'NONE', *, *, #525, .T. ) ;
#1226 = DIRECTION ( 'NONE',  ( 1.000000000000000000, 0.000000000000000000, 0.000000000000000000 ) ) ;
#1227 = ADVANCED_FACE ( 'NONE', ( #1181 ), #91, .T. ) ;
#1228 = CIRCLE ( 'NONE', #22, 39.74999999999997868 ) ;
#1229 = DIRECTION ( 'NONE',  ( 0.000000000000000000, 0.000000000000000000, -1.000000000000000000 ) ) ;
#1230 = ADVANCED_FACE ( 'NONE', ( #642 ), #1278, .F. ) ;
#1231 = EDGE_LOOP ( 'NONE', ( #1290, #1245 ) ) ;
#1232 = CARTESIAN_POINT ( 'NONE',  ( 74.09103465619124051, 0.000000000000000000, 128.3294364098714198 ) ) ;
#1233 = CIRCLE ( 'NONE', #788, 36.50000000000000000 ) ;
#1234 = DIRECTION ( 'NONE',  ( 0.8660254037844418162, 0.000000000000000000, -0.4999999999999943934 ) ) ;
#1235 = APPROVAL_DATE_TIME ( #1156, #1189 ) ;
#1236 = EDGE_CURVE ( 'NONE', #844, #877, #319, .T. ) ;
#1237 = ORIENTED_EDGE ( 'NONE', *, *, #1254, .T. ) ;
#1238 = DIRECTION ( 'NONE',  ( 0.000000000000000000, 1.000000000000000000, 0.000000000000000000 ) ) ;
#1239 = ORIENTED_EDGE ( 'NONE', *, *, #902, .T. ) ;
#1240 = CYLINDRICAL_SURFACE ( 'NONE', #45, 38.00000000000000000 ) ;
#1241 = DIRECTION ( 'NONE',  ( -0.3420201433256669366, 0.000000000000000000, -0.9396926207859089830 ) ) ;
#1242 = DATE_AND_TIME ( #181, #669 ) ;
#1243 = ORIENTED_EDGE ( 'NONE', *, *, #533, .T. ) ;
#1244 = DIRECTION ( 'NONE',  ( 0.000000000000000000, -1.000000000000000000, 0.000000000000000000 ) ) ;
#1245 = ORIENTED_EDGE ( 'NONE', *, *, #916, .T. ) ;
#1246 = ADVANCED_FACE ( 'NONE', ( #2 ), #647, .T. ) ;
#1247 = CARTESIAN_POINT ( 'NONE',  ( -2.250000000000051958, 39.75000000000000000, -187.6705635901286939 ) ) ;
#1248 = CC_DESIGN_DATE_AND_TIME_ASSIGNMENT ( #812, #839, ( #957 ) ) ;
#1249 = CARTESIAN_POINT ( 'NONE',  ( 140.0000000000000000, 0.000000000000000000, -37.51288694035667959 ) ) ;
#1250 = CALENDAR_DATE ( 2026, 16, 9 ) ;
#1251 = ORIENTED_EDGE ( 'NONE', *, *, #13, .F. ) ;
#1252 = AXIS2_PLACEMENT_3D ( 'NONE', #540, #229, #640 ) ;
#1253 = CYLINDRICAL_SURFACE ( 'NONE', #1040, 36.50000000000000000 ) ;
#1254 = EDGE_CURVE ( 'NONE', #399, #173, #278, .T. ) ;
#1255 = ORIENTED_EDGE ( 'NONE', *, *, #880, .F. ) ;
#1256 = VECTOR ( 'NONE', #460, 1000.000000000000114 ) ;
#1257 = DIRECTION ( 'NONE',  ( 1.000000000000000000, 0.000000000000000000, 0.000000000000000000 ) ) ;
#1258 = DIRECTION ( 'NONE',  ( -0.000000000000000000, -0.000000000000000000, -1.000000000000000000 ) ) ;
#1259 = AXIS2_PLACEMENT_3D ( 'NONE', #39, #368, #34 ) ;
#1260 = ORIENTED_EDGE ( 'NONE', *, *, #177, .F. ) ;
#1261 = CARTESIAN_POINT ( 'NONE',  ( 38.18376618407353362, -2.249999999999999112, -187.6705635901287224 ) ) ;
#1262 = EDGE_LOOP ( 'NONE', ( #1023, #1086, #509, #1260 ) ) ;
#1263 = CIRCLE ( 'NONE', #664, 38.24999999999997868 ) ;
#1264 = CIRCLE ( 'NONE', #506, 38.00000000000000000 ) ;
#1265 = LINE ( 'NONE', #811, #908 ) ;
#1266 = VECTOR ( 'NONE', #7, 1000.000000000000114 ) ;
#1267 = COORDINATED_UNIVERSAL_TIME_OFFSET ( 1, 0, .AHEAD. ) ;
#1268 = ORIENTED_EDGE ( 'NONE', *, *, #90, .F. ) ;
#1269 = ADVANCED_FACE ( 'NONE', ( #223 ), #438, .F. ) ;
#1270 = DIRECTION ( 'NONE',  ( -1.000000000000000000, 0.000000000000000000, 0.000000000000000000 ) ) ;
#1271 = AXIS2_PLACEMENT_3D ( 'NONE', #703, #1139, #377 ) ;
#1272 = ORIENTED_EDGE ( 'NONE', *, *, #149, .F. ) ;
#1273 = EDGE_CURVE ( 'NONE', #560, #1001, #239, .T. ) ;
#1274 = DIRECTION ( 'NONE',  ( -0.000000000000000000, -0.000000000000000000, -1.000000000000000000 ) ) ;
#1275 = ORIENTED_EDGE ( 'NONE', *, *, #838, .F. ) ;
#1276 = DIRECTION ( 'NONE',  ( -2.775557561562891351E-16, 0.000000000000000000, -1.000000000000000000 ) ) ;
#1277 = AXIS2_PLACEMENT_3D ( 'NONE', #461, #897, #569 ) ;
#1278 = TOROIDAL_SURFACE ( 'NONE', #871, 34.74999999999997868, 3.500000000000000000 ) ;
#1279 = EDGE_CURVE ( 'NONE', #431, #973, #121, .T. ) ;
#1280 = AXIS2_PLACEMENT_3D ( 'NONE', #1084, #1192, #1093 ) ;
#1281 = ORIENTED_EDGE ( 'NONE', *, *, #1366, .F. ) ;
#1282 = DIRECTION ( 'NONE',  ( 0.000000000000000000, 0.000000000000000000, -1.000000000000000000 ) ) ;
#1283 = ORIENTED_EDGE ( 'NONE', *, *, #395, .F. ) ;
#1284 = LINE ( 'NONE', #565, #754 ) ;
#1285 = EDGE_CURVE ( 'NONE', #660, #543, #1297, .T. ) ;
#1286 = EDGE_LOOP ( 'NONE', ( #1306, #1173, #213, #608 ) ) ;
#1287 = CARTESIAN_POINT ( 'NONE',  ( 39.68626966596882966, -2.250000000000000000, -161.6705635901286939 ) ) ;
#1288 = CYLINDRICAL_SURFACE ( 'NONE', #43, 36.50000000000000000 ) ;
#1289 = AXIS2_PLACEMENT_3D ( 'NONE', #939, #523, #821 ) ;
#1290 = ORIENTED_EDGE ( 'NONE', *, *, #1025, .T. ) ;
#1291 = DIRECTION ( 'NONE',  ( 0.8660254037844418162, 0.000000000000000000, -0.4999999999999945599 ) ) ;
#1292 = ORIENTED_EDGE ( 'NONE', *, *, #637, .T. ) ;
#1293 = CARTESIAN_POINT ( 'NONE',  ( 1.387778780781445676E-14, 0.000000000000000000, -187.6705635901286939 ) ) ;
#1294 = AXIS2_PLACEMENT_3D ( 'NONE', #1116, #1329, #910 ) ;
#1295 = FACE_OUTER_BOUND ( 'NONE', #206, .T. ) ;
#1296 = ORIENTED_EDGE ( 'NONE', *, *, #570, .F. ) ;
#1297 = LINE ( 'NONE', #340, #209 ) ;
#1298 = VERTEX_POINT ( 'NONE', #1305 ) ;
#1299 = DIRECTION ( 'NONE',  ( -0.000000000000000000, -0.000000000000000000, -1.000000000000000000 ) ) ;
#1300 = ADVANCED_FACE ( 'NONE', ( #347 ), #1159, .F. ) ;
#1301 = ADVANCED_FACE ( 'NONE', ( #1194 ), #496, .F. ) ;
#1302 = DIRECTION ( 'NONE',  ( 1.000000000000000000, 0.000000000000000000, 0.000000000000000000 ) ) ;
#1303 = CIRCLE ( 'NONE', #942, 39.74999999999997868 ) ;
#1304 = ORIENTED_EDGE ( 'NONE', *, *, #838, .T. ) ;
#1305 = CARTESIAN_POINT ( 'NONE',  ( 39.68626966596882966, 2.250000000000000000, -161.6705635901286939 ) ) ;
#1306 = ORIENTED_EDGE ( 'NONE', *, *, #104, .T. ) ;
#1307 = DIRECTION ( 'NONE',  ( -0.4999999999999946709, 0.000000000000000000, -0.8660254037844417052 ) ) ;
#1308 = DIRECTION ( 'NONE',  ( -1.000000000000000000, 0.000000000000000000, 0.000000000000000000 ) ) ;
#1309 = FACE_OUTER_BOUND ( 'NONE', #197, .T. ) ;
#1310 = EDGE_CURVE ( 'NONE', #1201, #721, #1228, .T. ) ;
#1311 = ORIENTED_EDGE ( 'NONE', *, *, #541, .T. ) ;
#1312 = CARTESIAN_POINT ( 'NONE',  ( -5.208904518553510912E-14, 0.000000000000000000, -161.6705635901286939 ) ) ;
#1313 = DIRECTION ( 'NONE',  ( 0.000000000000000000, 0.000000000000000000, -1.000000000000000000 ) ) ;
#1314 = DIRECTION ( 'NONE',  ( -0.4999999999999947264, 0.000000000000000000, -0.8660254037844417052 ) ) ;
#1315 = DIRECTION ( 'NONE',  ( -0.000000000000000000, -0.000000000000000000, -1.000000000000000000 ) ) ;
#1316 = VERTEX_POINT ( 'NONE', #1006 ) ;
#1317 = LINE ( 'NONE', #802, #989 ) ;
#1318 = ADVANCED_FACE ( 'NONE', ( #1213 ), #984, .T. ) ;
#1319 = AXIS2_PLACEMENT_3D ( 'NONE', #125, #215, #765 ) ;
#1320 = FACE_OUTER_BOUND ( 'NONE', #822, .T. ) ;
#1321 = AXIS2_PLACEMENT_3D ( 'NONE', #218, #1019, #644 ) ;
#1322 = DIRECTION ( 'NONE',  ( 0.000000000000000000, 0.000000000000000000, -1.000000000000000000 ) ) ;
#1323 = LINE ( 'NONE', #1021, #800 ) ;
#1324 = ORIENTED_EDGE ( 'NONE', *, *, #272, .F. ) ;
#1325 = LINE ( 'NONE', #66, #96 ) ;
#1326 = AXIS2_PLACEMENT_3D ( 'NONE', #1212, #477, #151 ) ;
#1327 = DIRECTION ( 'NONE',  ( 0.000000000000000000, 0.000000000000000000, 1.000000000000000000 ) ) ;
#1328 = ORIENTED_EDGE ( 'NONE', *, *, #537, .F. ) ;
#1329 = DIRECTION ( 'NONE',  ( 0.000000000000000000, 0.000000000000000000, -1.000000000000000000 ) ) ;
#1330 = EDGE_LOOP ( 'NONE', ( #708, #1203, #1118, #828 ) ) ;
#1331 = CARTESIAN_POINT ( 'NONE',  ( -2.250000000000051958, 39.75000000000000000, -161.6705635901286939 ) ) ;
#1332 = AXIS2_PLACEMENT_3D ( 'NONE', #1108, #687, #1012 ) ;
#1333 = AXIS2_PLACEMENT_3D ( 'NONE', #94, #1386, #317 ) ;
#1334 = CIRCLE ( 'NONE', #1123, 38.24999999999997868 ) ;
#1335 = CARTESIAN_POINT ( 'NONE',  ( 1.387778780781445676E-14, 0.000000000000000000, -116.9808432025407399 ) ) ;
#1336 = TOROIDAL_SURFACE ( 'NONE', #1022, 43.00000000000000000, 6.500000000000000888 ) ;
#1337 = EDGE_CURVE ( 'NONE', #505, #87, #1344, .T. ) ;
#1338 = ORIENTED_EDGE ( 'NONE', *, *, #856, .T. ) ;
#1339 = DIRECTION ( 'NONE',  ( -0.000000000000000000, -1.000000000000000000, -0.000000000000000000 ) ) ;
#1340 = ORIENTED_EDGE ( 'NONE', *, *, #1162, .F. ) ;
#1341 = DIRECTION ( 'NONE',  ( -1.000000000000000000, 0.000000000000000000, 0.000000000000000000 ) ) ;
#1342 = DIRECTION ( 'NONE',  ( -1.000000000000000000, 0.000000000000000000, 0.000000000000000000 ) ) ;
#1343 = CIRCLE ( 'NONE', #138, 38.00000000000000000 ) ;
#1344 = CIRCLE ( 'NONE', #141, 36.50000000000000000 ) ;
#1345 = DIRECTION ( 'NONE',  ( -0.000000000000000000, -0.000000000000000000, 1.000000000000000000 ) ) ;
#1346 = DIRECTION ( 'NONE',  ( 1.000000000000000000, 0.000000000000000000, 0.000000000000000000 ) ) ;
#1347 = ORIENTED_EDGE ( 'NONE', *, *, #12, .T. ) ;
#1348 = CARTESIAN_POINT ( 'NONE',  ( 39.44846310392952660, 4.831043407150973505E-15, -121.8420977770425822 ) ) ;
#1349 = CIRCLE ( 'NONE', #717, 39.74999999999995026 ) ;
#1350 = PLANE ( 'NONE',  #1321 ) ;
#1351 = CARTESIAN_POINT ( 'NONE',  ( 38.00000000000001421, 0.000000000000000000, -116.9808432025407399 ) ) ;
#1352 = ORIENTED_EDGE ( 'NONE', *, *, #1354, .T. ) ;
#1353 = DIRECTION ( 'NONE',  ( 0.000000000000000000, 0.000000000000000000, 1.000000000000000000 ) ) ;
#1354 = EDGE_CURVE ( 'NONE', #447, #743, #917, .T. ) ;
#1355 = EDGE_LOOP ( 'NONE', ( #826, #641, #199, #41 ) ) ;
#1356 = AXIS2_PLACEMENT_3D ( 'NONE', #112, #432, #544 ) ;
#1357 = PERSON ( 'UNSPECIFIED', 'UNSPECIFIED', 'UNSPECIFIED', ('UNSPECIFIED'), ('UNSPECIFIED'), ('UNSPECIFIED') ) ;
#1358 = CARTESIAN_POINT ( 'NONE',  ( 39.74999999999994316, -2.250000000000000000, -161.6705635901286939 ) ) ;
#1359 = LINE ( 'NONE', #402, #305 ) ;
#1360 = COORDINATED_UNIVERSAL_TIME_OFFSET ( 1, 0, .AHEAD. ) ;
#1361 = EDGE_CURVE ( 'NONE', #211, #247, #156, .T. ) ;
#1362 = EDGE_LOOP ( 'NONE', ( #946, #453, #1243, #934, #56, #500 ) ) ;
#1363 = CYLINDRICAL_SURFACE ( 'NONE', #1195, 39.74999999999997868 ) ;
#1364 = EDGE_LOOP ( 'NONE', ( #558, #801, #602, #714 ) ) ;
#1365 = DIRECTION ( 'NONE',  ( 0.000000000000000000, 1.000000000000000000, 0.000000000000000000 ) ) ;
#1366 = EDGE_CURVE ( 'NONE', #580, #79, #376, .T. ) ;
#1367 = FACE_OUTER_BOUND ( 'NONE', #1355, .T. ) ;
#1368 = PERSON_AND_ORGANIZATION_ROLE ( 'creator' ) ;
#1369 = ORIENTED_EDGE ( 'NONE', *, *, #657, .F. ) ;
#1370 = VECTOR ( 'NONE', #845, 1000.000000000000000 ) ;
#1371 = CARTESIAN_POINT ( 'NONE',  ( 38.18376618407353362, 2.250000000000000000, -187.6705635901286939 ) ) ;
#1372 = VERTEX_POINT ( 'NONE', #1221 ) ;
#1373 = AXIS2_PLACEMENT_3D ( 'NONE', #284, #605, #1027 ) ;
#1374 = EDGE_CURVE ( 'NONE', #247, #1377, #1323, .T. ) ;
#1375 = DIRECTION ( 'NONE',  ( 0.000000000000000000, 0.000000000000000000, 1.000000000000000000 ) ) ;
#1376 = CIRCLE ( 'NONE', #723, 39.74999999999997868 ) ;
#1377 = VERTEX_POINT ( 'NONE', #152 ) ;
#1378 = CARTESIAN_POINT ( 'NONE',  ( 39.74999999999994316, 2.250000000000000000, -161.6705635901286939 ) ) ;
#1379 = ORIENTED_EDGE ( 'NONE', *, *, #680, .T. ) ;
#1380 = EDGE_CURVE ( 'NONE', #903, #106, #693, .T. ) ;
#1381 = CIRCLE ( 'NONE', #82, 177.9999999999999716 ) ;
#1382 = DIRECTION ( 'NONE',  ( -0.000000000000000000, -0.000000000000000000, 1.000000000000000000 ) ) ;
#1383 = AXIS2_PLACEMENT_3D ( 'NONE', #837, #394, #818 ) ;
#1384 = EDGE_CURVE ( 'NONE', #399, #752, #599, .T. ) ;
#1385 = ORIENTED_EDGE ( 'NONE', *, *, #773, .T. ) ;
#1386 = DIRECTION ( 'NONE',  ( -0.000000000000000000, -0.000000000000000000, -1.000000000000000000 ) ) ;
#1387 = VERTEX_POINT ( 'NONE', #379 ) ;
#1388 = CARTESIAN_POINT ( 'NONE',  ( -39.68626966596883676, -2.250000000000000000, -161.6705635901286939 ) ) ;
#1389 = ADVANCED_FACE ( 'NONE', ( #592 ), #363, .T. ) ;
#1390 = EDGE_LOOP ( 'NONE', ( #392, #1050, #1239, #931 ) ) ;
#1391 = DIRECTION ( 'NONE',  ( 0.000000000000000000, 0.000000000000000000, -1.000000000000000000 ) ) ;
#1392 = ORIENTED_EDGE ( 'NONE', *, *, #515, .F. ) ;
#1393 = DIRECTION ( 'NONE',  ( 0.000000000000000000, 0.000000000000000000, 1.000000000000000000 ) ) ;
#1394 = CONICAL_SURFACE ( 'NONE', #25, 39.75000000000000711, 0.3490658503988640637 ) ;
#1395 = DIRECTION ( 'NONE',  ( 1.000000000000000000, 0.000000000000000000, 0.000000000000000000 ) ) ;
ENDSEC;
END-ISO-10303-21;
