ISO-10303-21;
HEADER;
FILE_DESCRIPTION (( 'STEP AP203' ),
    '1' );
FILE_NAME ('79-8545 - 76mm 60deg.STEP',
    '2026-09-15T22:03:56',
    ( '' ),
    ( '' ),
    'SwSTEP 2.0',
    'SolidWorks 2026',
    '' );
FILE_SCHEMA (( 'CONFIG_CONTROL_DESIGN' ));
ENDSEC;

DATA;
#1 = FACE_OUTER_BOUND ( 'NONE', #993, .T. ) ;
#2 = CARTESIAN_POINT ( 'NONE',  ( 6.938893903907228378E-15, 0.000000000000000000, -175.2508899707126204 ) ) ;
#3 = EDGE_LOOP ( 'NONE', ( #748, #545, #1047, #131 ) ) ;
#4 = APPLICATION_PROTOCOL_DEFINITION ( 'international standard', 'config_control_design', 1994, #1056 ) ;
#5 = DIRECTION ( 'NONE',  ( -1.000000000000000000, 0.000000000000000000, 0.000000000000000000 ) ) ;
#6 = ORIENTED_EDGE ( 'NONE', *, *, #259, .T. ) ;
#7 = DIRECTION ( 'NONE',  ( -0.000000000000000000, -1.000000000000000000, -0.000000000000000000 ) ) ;
#8 = LINE ( 'NONE', #648, #1387 ) ;
#9 = ORIENTED_EDGE ( 'NONE', *, *, #1297, .F. ) ;
#10 = MECHANICAL_CONTEXT ( 'NONE', #694, 'mechanical' ) ;
#11 = LINE ( 'NONE', #555, #596 ) ;
#12 = DIRECTION ( 'NONE',  ( 0.000000000000000000, 0.000000000000000000, 1.000000000000000000 ) ) ;
#13 = AXIS2_PLACEMENT_3D ( 'NONE', #123, #676, #500 ) ;
#14 = CARTESIAN_POINT ( 'NONE',  ( 6.938893903907228378E-15, 0.000000000000000000, -175.2508899707126204 ) ) ;
#15 = AXIS2_PLACEMENT_3D ( 'NONE', #1122, #916, #1344 ) ;
#16 = EDGE_LOOP ( 'NONE', ( #548, #103, #741, #208 ) ) ;
#17 = DIRECTION ( 'NONE',  ( 0.000000000000000000, -1.000000000000000000, 0.000000000000000000 ) ) ;
#18 = VERTEX_POINT ( 'NONE', #1170 ) ;
#19 = DIRECTION ( 'NONE',  ( 1.000000000000000000, 0.000000000000000000, 0.000000000000000000 ) ) ;
#20 = LINE ( 'NONE', #229, #277 ) ;
#21 = AXIS2_PLACEMENT_3D ( 'NONE', #557, #115, #448 ) ;
#22 = ORIENTED_EDGE ( 'NONE', *, *, #952, .T. ) ;
#23 = DIRECTION ( 'NONE',  ( -0.5000000000000041078, 0.000000000000000000, 0.8660254037844361541 ) ) ;
#24 = VERTEX_POINT ( 'NONE', #1176 ) ;
#25 = DIRECTION ( 'NONE',  ( 0.000000000000000000, -1.000000000000000000, 0.000000000000000000 ) ) ;
#26 = ADVANCED_FACE ( 'NONE', ( #627 ), #1060, .T. ) ;
#27 = EDGE_CURVE ( 'NONE', #405, #1062, #419, .T. ) ;
#28 = DIRECTION ( 'NONE',  ( 0.000000000000000000, 0.000000000000000000, -1.000000000000000000 ) ) ;
#29 = ORIENTED_EDGE ( 'NONE', *, *, #177, .F. ) ;
#30 = DIRECTION ( 'NONE',  ( -1.000000000000000000, 0.000000000000000000, 0.000000000000000000 ) ) ;
#31 = VECTOR ( 'NONE', #1322, 1000.000000000000000 ) ;
#32 = EDGE_CURVE ( 'NONE', #405, #583, #313, .T. ) ;
#33 = ORIENTED_EDGE ( 'NONE', *, *, #1328, .T. ) ;
#34 = CARTESIAN_POINT ( 'NONE',  ( 38.30153689607042367, 4.760814431685335984E-15, -132.2712702997528424 ) ) ;
#35 = FACE_OUTER_BOUND ( 'NONE', #864, .T. ) ;
#36 = ORIENTED_EDGE ( 'NONE', *, *, #124, .T. ) ;
#37 = CARTESIAN_POINT ( 'NONE',  ( -2.775557561562891351E-14, 0.000000000000000000, -136.2508899707126488 ) ) ;
#38 = CC_DESIGN_PERSON_AND_ORGANIZATION_ASSIGNMENT ( #1225, #359, ( #717 ) ) ;
#39 = ORIENTED_EDGE ( 'NONE', *, *, #32, .T. ) ;
#40 = LINE ( 'NONE', #575, #719 ) ;
#41 = AXIS2_PLACEMENT_3D ( 'NONE', #406, #821, #513 ) ;
#42 = FACE_OUTER_BOUND ( 'NONE', #251, .T. ) ;
#43 = ORIENTED_EDGE ( 'NONE', *, *, #754, .F. ) ;
#44 = CARTESIAN_POINT ( 'NONE',  ( -2.250000000000021316, -39.68626966596882966, -201.2508899707127057 ) ) ;
#45 = ORIENTED_EDGE ( 'NONE', *, *, #1142, .F. ) ;
#46 = DIRECTION ( 'NONE',  ( -0.000000000000000000, -0.000000000000000000, 1.000000000000000000 ) ) ;
#47 = ADVANCED_FACE ( 'NONE', ( #1392 ), #755, .T. ) ;
#48 = VECTOR ( 'NONE', #225, 1000.000000000000000 ) ;
#49 = DIRECTION ( 'NONE',  ( 0.8660254037844363761, 0.000000000000000000, 0.5000000000000039968 ) ) ;
#50 = PERSON_AND_ORGANIZATION_ROLE ( 'classification_officer' ) ;
#51 = ORIENTED_EDGE ( 'NONE', *, *, #129, .F. ) ;
#52 = AXIS2_PLACEMENT_3D ( 'NONE', #499, #290, #958 ) ;
#53 = CARTESIAN_POINT ( 'NONE',  ( 147.7499999999998010, 4.469960816887838430E-15, 127.4500719236108210 ) ) ;
#54 = EDGE_LOOP ( 'NONE', ( #249, #98, #300, #1231 ) ) ;
#55 = DIRECTION ( 'NONE',  ( 1.000000000000000000, 0.000000000000000000, -0.000000000000000000 ) ) ;
#56 = DIRECTION ( 'NONE',  ( 0.000000000000000000, -0.000000000000000000, -1.000000000000000000 ) ) ;
#57 = DATE_AND_TIME ( #267, #107 ) ;
#58 = ORIENTED_EDGE ( 'NONE', *, *, #239, .F. ) ;
#59 = DIRECTION ( 'NONE',  ( -0.000000000000000000, -0.000000000000000000, -1.000000000000000000 ) ) ;
#60 = CIRCLE ( 'NONE', #15, 39.74999999999997868 ) ;
#61 = CARTESIAN_POINT ( 'NONE',  ( -2.250000000000021316, 38.18376618407353362, -201.2508899707127057 ) ) ;
#62 = DIRECTION ( 'NONE',  ( 0.8660254037844363761, 0.000000000000000000, 0.5000000000000039968 ) ) ;
#63 = VERTEX_POINT ( 'NONE', #558 ) ;
#64 = DIRECTION ( 'NONE',  ( -0.000000000000000000, -0.000000000000000000, -1.000000000000000000 ) ) ;
#65 = DIRECTION ( 'NONE',  ( -1.000000000000000000, 0.000000000000000000, 0.000000000000000000 ) ) ;
#66 = AXIS2_PLACEMENT_3D ( 'NONE', #875, #1213, #1107 ) ;
#67 = CARTESIAN_POINT ( 'NONE',  ( 140.0000000000000000, 0.000000000000000000, -80.82903768654719556 ) ) ;
#68 = EDGE_CURVE ( 'NONE', #691, #1340, #881, .T. ) ;
#69 = EDGE_LOOP ( 'NONE', ( #58, #921, #202, #932 ) ) ;
#70 = DIRECTION ( 'NONE',  ( -1.000000000000000000, 1.224646799147354193E-16, 0.000000000000000000 ) ) ;
#71 = PLANE ( 'NONE',  #1004 ) ;
#72 = CARTESIAN_POINT ( 'NONE',  ( 2.249999999999977351, 39.75000000000000000, -175.2508899707126204 ) ) ;
#73 = EDGE_CURVE ( 'NONE', #1306, #643, #860, .T. ) ;
#74 = AXIS2_PLACEMENT_3D ( 'NONE', #1380, #716, #1039 ) ;
#75 = ORIENTED_EDGE ( 'NONE', *, *, #82, .T. ) ;
#76 = ORIENTED_EDGE ( 'NONE', *, *, #1239, .T. ) ;
#77 = DIRECTION ( 'NONE',  ( 0.000000000000000000, -1.000000000000000000, 0.000000000000000000 ) ) ;
#78 = CIRCLE ( 'NONE', #621, 178.0000000000000853 ) ;
#79 = DIRECTION ( 'NONE',  ( -1.000000000000000000, 0.000000000000000000, 0.000000000000000000 ) ) ;
#80 = EDGE_CURVE ( 'NONE', #396, #288, #255, .T. ) ;
#81 = CARTESIAN_POINT ( 'NONE',  ( -2.250000000000022204, 39.68626966596880123, -201.2508899707126204 ) ) ;
#82 = EDGE_CURVE ( 'NONE', #1273, #813, #20, .T. ) ;
#83 = ORIENTED_EDGE ( 'NONE', *, *, #439, .F. ) ;
#84 = VERTEX_POINT ( 'NONE', #456 ) ;
#85 = DIRECTION ( 'NONE',  ( 0.000000000000000000, 0.000000000000000000, 1.000000000000000000 ) ) ;
#86 = EDGE_CURVE ( 'NONE', #1062, #747, #814, .T. ) ;
#87 = DIRECTION ( 'NONE',  ( -1.110223024625156540E-16, 0.000000000000000000, -1.000000000000000000 ) ) ;
#88 = AXIS2_PLACEMENT_3D ( 'NONE', #984, #1199, #132 ) ;
#89 = DIRECTION ( 'NONE',  ( -0.000000000000000000, -0.000000000000000000, -1.000000000000000000 ) ) ;
#90 = EDGE_CURVE ( 'NONE', #18, #1289, #385, .T. ) ;
#91 = ORIENTED_EDGE ( 'NONE', *, *, #1185, .F. ) ;
#92 = VECTOR ( 'NONE', #490, 1000.000000000000000 ) ;
#93 = ORIENTED_EDGE ( 'NONE', *, *, #1073, .F. ) ;
#94 = DIRECTION ( 'NONE',  ( 0.000000000000000000, 0.000000000000000000, 1.000000000000000000 ) ) ;
#95 = VERTEX_POINT ( 'NONE', #1291 ) ;
#96 = CARTESIAN_POINT ( 'NONE',  ( 2.249999999999977351, 38.18376618407354783, -201.2508899707126204 ) ) ;
#97 = ORIENTED_EDGE ( 'NONE', *, *, #381, .F. ) ;
#98 = ORIENTED_EDGE ( 'NONE', *, *, #449, .T. ) ;
#99 = DIRECTION ( 'NONE',  ( 1.000000000000000000, 0.000000000000000000, 0.000000000000000000 ) ) ;
#100 = EDGE_LOOP ( 'NONE', ( #947, #670, #51, #36 ) ) ;
#101 = DIRECTION ( 'NONE',  ( -0.5000000000000043299, 0.000000000000000000, 0.8660254037844361541 ) ) ;
#102 = DIRECTION ( 'NONE',  ( -0.8660254037844361541, 0.000000000000000000, -0.5000000000000043299 ) ) ;
#103 = ORIENTED_EDGE ( 'NONE', *, *, #679, .T. ) ;
#104 =( GEOMETRIC_REPRESENTATION_CONTEXT ( 3 ) GLOBAL_UNCERTAINTY_ASSIGNED_CONTEXT ( ( #440 ) ) GLOBAL_UNIT_ASSIGNED_CONTEXT ( ( #852, #749, #737 ) ) REPRESENTATION_CONTEXT ( 'NONE', 'WORKASPACE' ) );
#105 = DIRECTION ( 'NONE',  ( 1.000000000000000000, 0.000000000000000000, 0.000000000000000000 ) ) ;
#106 = FACE_OUTER_BOUND ( 'NONE', #319, .T. ) ;
#107 = LOCAL_TIME ( 0, 3, 56.00000000000000000, #603 ) ;
#108 = ORIENTED_EDGE ( 'NONE', *, *, #135, .T. ) ;
#109 = CARTESIAN_POINT ( 'NONE',  ( 165.9999999999999147, 0.000000000000000000, 95.84014468547889010 ) ) ;
#110 = AXIS2_PLACEMENT_3D ( 'NONE', #998, #1091, #551 ) ;
#111 = DIRECTION ( 'NONE',  ( 0.000000000000000000, 0.000000000000000000, -1.000000000000000000 ) ) ;
#112 = ADVANCED_FACE ( 'NONE', ( #669 ), #973, .F. ) ;
#113 = ORIENTED_EDGE ( 'NONE', *, *, #449, .F. ) ;
#114 = CARTESIAN_POINT ( 'NONE',  ( 6.938893903907228378E-15, 0.000000000000000000, -201.2508899707127057 ) ) ;
#115 = DIRECTION ( 'NONE',  ( 0.000000000000000000, 0.000000000000000000, -1.000000000000000000 ) ) ;
#116 = CONICAL_SURFACE ( 'NONE', #913, 38.34046106882119886, 0.3490658503988621209 ) ;
#117 = CARTESIAN_POINT ( 'NONE',  ( 2.249999999999977351, -38.18376618407354783, -175.2508899707126204 ) ) ;
#118 = ORIENTED_EDGE ( 'NONE', *, *, #573, .F. ) ;
#119 = AXIS2_PLACEMENT_3D ( 'NONE', #377, #349, #362 ) ;
#120 = PLANE ( 'NONE',  #841 ) ;
#121 = FACE_OUTER_BOUND ( 'NONE', #1182, .T. ) ;
#122 = EDGE_CURVE ( 'NONE', #63, #1338, #553, .T. ) ;
#123 = CARTESIAN_POINT ( 'NONE',  ( 6.938893903907228378E-15, 0.000000000000000000, -175.2508899707126204 ) ) ;
#124 = EDGE_CURVE ( 'NONE', #382, #214, #784, .T. ) ;
#125 = CIRCLE ( 'NONE', #497, 39.74999999999997868 ) ;
#126 = VERTEX_POINT ( 'NONE', #462 ) ;
#127 = DIRECTION ( 'NONE',  ( -0.000000000000000000, -0.000000000000000000, -1.000000000000000000 ) ) ;
#128 = CC_DESIGN_PERSON_AND_ORGANIZATION_ASSIGNMENT ( #445, #977, ( #1109 ) ) ;
#129 = EDGE_CURVE ( 'NONE', #382, #84, #986, .T. ) ;
#130 = EDGE_CURVE ( 'NONE', #979, #1312, #965, .T. ) ;
#131 = ORIENTED_EDGE ( 'NONE', *, *, #1204, .T. ) ;
#132 = DIRECTION ( 'NONE',  ( -1.000000000000000000, 0.000000000000000000, 0.000000000000000000 ) ) ;
#133 = DIRECTION ( 'NONE',  ( -0.000000000000000000, -0.000000000000000000, -1.000000000000000000 ) ) ;
#134 = ORIENTED_EDGE ( 'NONE', *, *, #839, .F. ) ;
#135 = EDGE_CURVE ( 'NONE', #222, #460, #8, .T. ) ;
#136 = CLOSED_SHELL ( 'NONE', ( #430, #577, #710, #631, #938, #777, #195, #1157, #594, #1141, #235, #883, #1298, #866, #1027, #47, #876, #904, #1147, #339, #582, #1242, #878, #175, #1188, #530, #708, #649, #112, #672, #889, #625, #991, #1283, #1049, #1037, #333, #585, #1240, #26, #1345, #825, #471, #652, #673 ) ) ;
#137 = DIRECTION ( 'NONE',  ( 0.000000000000000000, 0.000000000000000000, -1.000000000000000000 ) ) ;
#138 = VERTEX_POINT ( 'NONE', #760 ) ;
#139 = DIRECTION ( 'NONE',  ( 1.000000000000000000, 0.000000000000000000, 0.000000000000000000 ) ) ;
#140 = DIRECTION ( 'NONE',  ( -1.000000000000000000, 0.000000000000000000, 0.000000000000000000 ) ) ;
#141 = CARTESIAN_POINT ( 'NONE',  ( -39.74999999999997158, 0.000000000000000000, -201.2508899707127057 ) ) ;
#142 = ORIENTED_EDGE ( 'NONE', *, *, #432, .T. ) ;
#143 = PRODUCT_RELATED_PRODUCT_CATEGORY ( 'detail', '', ( #1109 ) ) ;
#144 = FACE_OUTER_BOUND ( 'NONE', #1016, .T. ) ;
#145 = VECTOR ( 'NONE', #891, 1000.000000000000000 ) ;
#146 = EDGE_LOOP ( 'NONE', ( #213, #1226, #1140, #1209 ) ) ;
#147 = CARTESIAN_POINT ( 'NONE',  ( 2.249999999999977351, -38.18376618407354783, -201.2508899707126204 ) ) ;
#148 = CARTESIAN_POINT ( 'NONE',  ( -2.775557561562891351E-14, 0.000000000000000000, -130.5611695831245243 ) ) ;
#149 = CIRCLE ( 'NONE', #200, 102.0000000000000568 ) ;
#150 = VERTEX_POINT ( 'NONE', #253 ) ;
#151 = EDGE_CURVE ( 'NONE', #1271, #1065, #656, .T. ) ;
#152 = EDGE_CURVE ( 'NONE', #687, #403, #242, .T. ) ;
#153 = LINE ( 'NONE', #680, #92 ) ;
#154 = VERTEX_POINT ( 'NONE', #117 ) ;
#155 = CARTESIAN_POINT ( 'NONE',  ( 6.938893903907228378E-15, 0.000000000000000000, -201.2508899707127057 ) ) ;
#156 = CARTESIAN_POINT ( 'NONE',  ( 39.74999999999997868, 2.250000000000000000, -175.2508899707126204 ) ) ;
#157 = APPROVAL_PERSON_ORGANIZATION ( #1281, #1279, #1301 ) ;
#158 = EDGE_LOOP ( 'NONE', ( #890, #1393, #778, #1186 ) ) ;
#159 = AXIS2_PLACEMENT_3D ( 'NONE', #1119, #803, #278 ) ;
#160 = CARTESIAN_POINT ( 'NONE',  ( -2.775557561562891351E-14, 0.000000000000000000, -132.7843005147413180 ) ) ;
#161 = ORIENTED_EDGE ( 'NONE', *, *, #1087, .T. ) ;
#162 = CARTESIAN_POINT ( 'NONE',  ( -2.234333717717891470E-14, 0.000000000000000000, -175.2508899707126204 ) ) ;
#163 = AXIS2_PLACEMENT_3D ( 'NONE', #1221, #1347, #995 ) ;
#164 = CARTESIAN_POINT ( 'NONE',  ( 39.74999999999997868, 2.250000000000000000, -175.2508899707126204 ) ) ;
#165 = ORIENTED_EDGE ( 'NONE', *, *, #589, .F. ) ;
#166 = AXIS2_PLACEMENT_3D ( 'NONE', #114, #654, #5 ) ;
#167 = DIRECTION ( 'NONE',  ( 1.224646799147353207E-16, 1.000000000000000000, -0.000000000000000000 ) ) ;
#168 = DIRECTION ( 'NONE',  ( -0.000000000000000000, 0.000000000000000000, -1.000000000000000000 ) ) ;
#169 = DIRECTION ( 'NONE',  ( 1.000000000000000000, 0.000000000000000000, 0.000000000000000000 ) ) ;
#170 = PERSON_AND_ORGANIZATION ( #1010, #1130 ) ;
#171 = VECTOR ( 'NONE', #999, 1000.000000000000000 ) ;
#172 = DESIGN_CONTEXT ( 'detailed design', #1056, 'design' ) ;
#173 = ORIENTED_EDGE ( 'NONE', *, *, #884, .T. ) ;
#174 = CARTESIAN_POINT ( 'NONE',  ( -43.00000000000002132, 5.265981236333618470E-15, -130.5611695831245243 ) ) ;
#175 = ADVANCED_FACE ( 'NONE', ( #539 ), #1200, .T. ) ;
#176 = CARTESIAN_POINT ( 'NONE',  ( 165.9999999999999147, 0.000000000000000000, 95.84014468547889010 ) ) ;
#177 = EDGE_CURVE ( 'NONE', #1129, #405, #944, .T. ) ;
#178 = AXIS2_PLACEMENT_3D ( 'NONE', #1143, #167, #70 ) ;
#179 = CARTESIAN_POINT ( 'NONE',  ( -38.18376618407352652, 2.250000000000000000, -175.2508899707126204 ) ) ;
#180 = ORIENTED_EDGE ( 'NONE', *, *, #27, .T. ) ;
#181 = EDGE_CURVE ( 'NONE', #512, #214, #804, .T. ) ;
#182 = DIRECTION ( 'NONE',  ( 0.000000000000000000, 0.000000000000000000, 1.000000000000000000 ) ) ;
#183 = AXIS2_PLACEMENT_3D ( 'NONE', #493, #272, #1020 ) ;
#184 = EDGE_CURVE ( 'NONE', #1321, #981, #1013, .T. ) ;
#185 = FACE_OUTER_BOUND ( 'NONE', #189, .T. ) ;
#186 = ADVANCED_BREP_SHAPE_REPRESENTATION ( '79-8545 - 76mm 60deg', ( #607, #1327 ), #104 ) ;
#187 = LINE ( 'NONE', #1174, #1103 ) ;
#188 = ORIENTED_EDGE ( 'NONE', *, *, #283, .T. ) ;
#189 = EDGE_LOOP ( 'NONE', ( #946, #1349, #510, #628 ) ) ;
#190 = EDGE_CURVE ( 'NONE', #1062, #691, #388, .T. ) ;
#191 = DIRECTION ( 'NONE',  ( -1.000000000000000000, 0.000000000000000000, 0.000000000000000000 ) ) ;
#192 = DIRECTION ( 'NONE',  ( -1.000000000000000000, 0.000000000000000000, 0.000000000000000000 ) ) ;
#193 = LINE ( 'NONE', #619, #1262 ) ;
#194 = ORIENTED_EDGE ( 'NONE', *, *, #678, .F. ) ;
#195 = ADVANCED_FACE ( 'NONE', ( #280 ), #1356, .F. ) ;
#196 = ORIENTED_EDGE ( 'NONE', *, *, #1324, .T. ) ;
#197 = LINE ( 'NONE', #611, #828 ) ;
#198 = EDGE_CURVE ( 'NONE', #425, #781, #1008, .T. ) ;
#199 = CYLINDRICAL_SURFACE ( 'NONE', #525, 39.74999999999997868 ) ;
#200 = AXIS2_PLACEMENT_3D ( 'NONE', #260, #1146, #690 ) ;
#201 = CARTESIAN_POINT ( 'NONE',  ( 39.44846310392954081, 4.831043407150980605E-15, -135.4224241576265229 ) ) ;
#202 = ORIENTED_EDGE ( 'NONE', *, *, #287, .T. ) ;
#203 = VERTEX_POINT ( 'NONE', #1251 ) ;
#204 = PLANE ( 'NONE',  #52 ) ;
#205 = TOROIDAL_SURFACE ( 'NONE', #1133, 43.00000000000000000, 5.000000000000000000 ) ;
#206 = DIRECTION ( 'NONE',  ( 0.000000000000000000, 0.000000000000000000, -1.000000000000000000 ) ) ;
#207 = DIRECTION ( 'NONE',  ( 0.000000000000000000, 0.000000000000000000, 1.000000000000000000 ) ) ;
#208 = ORIENTED_EDGE ( 'NONE', *, *, #798, .F. ) ;
#209 = APPROVAL_DATE_TIME ( #1179, #1279 ) ;
#210 = DIRECTION ( 'NONE',  ( -0.000000000000000000, -0.000000000000000000, -1.000000000000000000 ) ) ;
#211 = ORIENTED_EDGE ( 'NONE', *, *, #908, .F. ) ;
#212 = FACE_OUTER_BOUND ( 'NONE', #524, .T. ) ;
#213 = ORIENTED_EDGE ( 'NONE', *, *, #1319, .F. ) ;
#214 = VERTEX_POINT ( 'NONE', #928 ) ;
#215 = AXIS2_PLACEMENT_3D ( 'NONE', #14, #111, #352 ) ;
#216 = CARTESIAN_POINT ( 'NONE',  ( 6.938893903907228378E-15, 0.000000000000000000, -137.1325248742548695 ) ) ;
#217 = VECTOR ( 'NONE', #49, 999.9999999999998863 ) ;
#218 = EDGE_CURVE ( 'NONE', #84, #583, #1124, .T. ) ;
#219 = VERTEX_POINT ( 'NONE', #34 ) ;
#220 = CARTESIAN_POINT ( 'NONE',  ( -2.775557561562891351E-14, 0.000000000000000000, -130.5611695831245243 ) ) ;
#221 = DIRECTION ( 'NONE',  ( -0.5000000000000041078, 0.000000000000000000, 0.8660254037844361541 ) ) ;
#222 = VERTEX_POINT ( 'NONE', #569 ) ;
#223 = AXIS2_PLACEMENT_3D ( 'NONE', #174, #1259, #1031 ) ;
#224 = DIRECTION ( 'NONE',  ( -1.000000000000000000, 0.000000000000000000, 0.000000000000000000 ) ) ;
#225 = DIRECTION ( 'NONE',  ( 0.000000000000000000, 0.000000000000000000, 1.000000000000000000 ) ) ;
#226 = APPROVAL_PERSON_ORGANIZATION ( #1394, #527, #428 ) ;
#227 = DIRECTION ( 'NONE',  ( -1.000000000000000000, 0.000000000000000000, 0.000000000000000000 ) ) ;
#228 = TOROIDAL_SURFACE ( 'NONE', #587, 34.75000000000000000, 5.000000000000000000 ) ;
#229 = CARTESIAN_POINT ( 'NONE',  ( -38.34046106882122729, 0.000000000000000000, -136.7639201857011528 ) ) ;
#230 = ORIENTED_EDGE ( 'NONE', *, *, #86, .T. ) ;
#231 = CARTESIAN_POINT ( 'NONE',  ( 2.249999999999977351, 38.18376618407354783, -175.2508899707126204 ) ) ;
#232 = CIRCLE ( 'NONE', #163, 39.74999999999997868 ) ;
#233 = EDGE_CURVE ( 'NONE', #444, #1065, #447, .T. ) ;
#234 = DIRECTION ( 'NONE',  ( 0.000000000000000000, -0.000000000000000000, -1.000000000000000000 ) ) ;
#235 = ADVANCED_FACE ( 'NONE', ( #42 ), #1028, .T. ) ;
#236 = CARTESIAN_POINT ( 'NONE',  ( 39.74999999999997868, -2.250000000000000000, -175.2508899707126204 ) ) ;
#237 = AXIS2_PLACEMENT_3D ( 'NONE', #990, #964, #1389 ) ;
#238 = DIRECTION ( 'NONE',  ( -0.000000000000000000, -0.000000000000000000, -1.000000000000000000 ) ) ;
#239 = EDGE_CURVE ( 'NONE', #1289, #1217, #78, .T. ) ;
#240 = ORIENTED_EDGE ( 'NONE', *, *, #259, .F. ) ;
#241 = TOROIDAL_SURFACE ( 'NONE', #1029, 34.75000000000000000, 5.000000000000000000 ) ;
#242 = CIRCLE ( 'NONE', #873, 36.50000000000000711 ) ;
#243 = CARTESIAN_POINT ( 'NONE',  ( -2.775557561562891351E-14, 0.000000000000000000, -136.7639201857011528 ) ) ;
#244 = ORIENTED_EDGE ( 'NONE', *, *, #1232, .T. ) ;
#245 = DIRECTION ( 'NONE',  ( 0.000000000000000000, 0.000000000000000000, -1.000000000000000000 ) ) ;
#246 = EDGE_CURVE ( 'NONE', #1111, #1266, #586, .T. ) ;
#247 = DIRECTION ( 'NONE',  ( -0.3420201433256652157, 0.000000000000000000, -0.9396926207859096492 ) ) ;
#248 = CIRCLE ( 'NONE', #989, 39.74999999999994316 ) ;
#249 = ORIENTED_EDGE ( 'NONE', *, *, #985, .F. ) ;
#250 = DIRECTION ( 'NONE',  ( 0.000000000000000000, 0.000000000000000000, 1.000000000000000000 ) ) ;
#251 = EDGE_LOOP ( 'NONE', ( #925, #1184, #161, #240 ) ) ;
#252 = DIRECTION ( 'NONE',  ( -1.000000000000000000, 1.224646799147352961E-16, 0.000000000000000000 ) ) ;
#253 = CARTESIAN_POINT ( 'NONE',  ( -2.250000000000022204, -38.18376618407354073, -175.2508899707126204 ) ) ;
#254 = ORIENTED_EDGE ( 'NONE', *, *, #301, .T. ) ;
#255 = CIRCLE ( 'NONE', #564, 38.00000000000000000 ) ;
#256 = CARTESIAN_POINT ( 'NONE',  ( -2.775557561562891351E-14, 0.000000000000000000, -80.82903768654713872 ) ) ;
#257 = ORIENTED_EDGE ( 'NONE', *, *, #985, .T. ) ;
#258 = DIRECTION ( 'NONE',  ( 1.000000000000000000, 0.000000000000000000, 0.000000000000000000 ) ) ;
#259 = EDGE_CURVE ( 'NONE', #834, #396, #1137, .T. ) ;
#260 = CARTESIAN_POINT ( 'NONE',  ( 140.0000000000000000, -4.653657836759941941E-15, -80.82903768654719556 ) ) ;
#261 = EDGE_LOOP ( 'NONE', ( #954, #962, #695, #1053, #1292, #257 ) ) ;
#262 = CYLINDRICAL_SURFACE ( 'NONE', #552, 38.24999999999997868 ) ;
#263 = VECTOR ( 'NONE', #810, 1000.000000000000000 ) ;
#264 = ORIENTED_EDGE ( 'NONE', *, *, #1098, .F. ) ;
#265 = CARTESIAN_POINT ( 'NONE',  ( 2.249999999999976463, -39.68626966596882966, -201.2508899707127057 ) ) ;
#266 = CARTESIAN_POINT ( 'NONE',  ( -2.775557561562891351E-14, 0.000000000000000000, -135.4224241576265229 ) ) ;
#267 = CALENDAR_DATE ( 2026, 16, 9 ) ;
#268 = AXIS2_PLACEMENT_3D ( 'NONE', #1230, #1035, #169 ) ;
#269 = ORIENTED_EDGE ( 'NONE', *, *, #528, .T. ) ;
#270 = DIRECTION ( 'NONE',  ( -1.000000000000000000, 0.000000000000000000, 0.000000000000000000 ) ) ;
#271 = ORIENTED_EDGE ( 'NONE', *, *, #831, .T. ) ;
#272 = DIRECTION ( 'NONE',  ( 0.000000000000000000, 1.000000000000000000, 0.000000000000000000 ) ) ;
#273 = DIRECTION ( 'NONE',  ( 0.000000000000000000, 0.000000000000000000, 1.000000000000000000 ) ) ;
#274 = ORIENTED_EDGE ( 'NONE', *, *, #218, .F. ) ;
#275 = CIRCLE ( 'NONE', #88, 38.24999999999997868 ) ;
#276 = DIRECTION ( 'NONE',  ( -0.8660254037844364872, 0.000000000000000000, -0.5000000000000038858 ) ) ;
#277 = VECTOR ( 'NONE', #247, 1000.000000000000114 ) ;
#278 = DIRECTION ( 'NONE',  ( 0.000000000000000000, 0.000000000000000000, 1.000000000000000000 ) ) ;
#279 = AXIS2_PLACEMENT_3D ( 'NONE', #1097, #1302, #99 ) ;
#280 = FACE_OUTER_BOUND ( 'NONE', #1007, .T. ) ;
#281 = ORIENTED_EDGE ( 'NONE', *, *, #1120, .T. ) ;
#282 = CC_DESIGN_PERSON_AND_ORGANIZATION_ASSIGNMENT ( #170, #929, ( #717 ) ) ;
#283 = EDGE_CURVE ( 'NONE', #138, #95, #397, .T. ) ;
#284 = DIRECTION ( 'NONE',  ( -0.8660254037844364872, 0.000000000000000000, -0.5000000000000038858 ) ) ;
#285 = DIRECTION ( 'NONE',  ( 0.5000000000000038858, 0.000000000000000000, -0.8660254037844363761 ) ) ;
#286 = DIRECTION ( 'NONE',  ( -0.000000000000000000, -0.000000000000000000, -1.000000000000000000 ) ) ;
#287 = EDGE_CURVE ( 'NONE', #18, #834, #149, .T. ) ;
#288 = VERTEX_POINT ( 'NONE', #358 ) ;
#289 = CARTESIAN_POINT ( 'NONE',  ( 39.68626966596883676, 2.250000000000000000, -175.2508899707126204 ) ) ;
#290 = DIRECTION ( 'NONE',  ( -0.8660254037844364872, 0.000000000000000000, -0.5000000000000038858 ) ) ;
#291 = VECTOR ( 'NONE', #64, 1000.000000000000000 ) ;
#292 = CARTESIAN_POINT ( 'NONE',  ( 6.938893903907228378E-15, 0.000000000000000000, -175.2508899707126204 ) ) ;
#293 = ORIENTED_EDGE ( 'NONE', *, *, #376, .T. ) ;
#294 = CC_DESIGN_APPROVAL ( #527, ( #717 ) ) ;
#295 = ORIENTED_EDGE ( 'NONE', *, *, #1274, .F. ) ;
#296 = DIRECTION ( 'NONE',  ( 0.3420201433256652157, 4.188538737676948008E-17, -0.9396926207859096492 ) ) ;
#297 = AXIS2_PLACEMENT_3D ( 'NONE', #782, #46, #1333 ) ;
#298 = DIRECTION ( 'NONE',  ( 1.000000000000000000, 0.000000000000000000, -0.000000000000000000 ) ) ;
#299 = DIRECTION ( 'NONE',  ( -1.000000000000000000, 0.000000000000000000, 0.000000000000000000 ) ) ;
#300 = ORIENTED_EDGE ( 'NONE', *, *, #1388, .T. ) ;
#301 = EDGE_CURVE ( 'NONE', #640, #24, #1235, .T. ) ;
#302 = VERTEX_POINT ( 'NONE', #486 ) ;
#303 = DIRECTION ( 'NONE',  ( -1.000000000000000000, 0.000000000000000000, 0.000000000000000000 ) ) ;
#304 = CIRCLE ( 'NONE', #1093, 39.74999999999997868 ) ;
#305 = CARTESIAN_POINT ( 'NONE',  ( 39.74999999999997868, -2.250000000000000000, -175.2508899707126204 ) ) ;
#306 = CARTESIAN_POINT ( 'NONE',  ( 6.938893903907228378E-15, 0.000000000000000000, -175.2508899707126204 ) ) ;
#307 = AXIS2_PLACEMENT_3D ( 'NONE', #160, #623, #934 ) ;
#308 = ORIENTED_EDGE ( 'NONE', *, *, #322, .T. ) ;
#309 = ORIENTED_EDGE ( 'NONE', *, *, #246, .T. ) ;
#310 = DIRECTION ( 'NONE',  ( 0.000000000000000000, -1.000000000000000000, 0.000000000000000000 ) ) ;
#311 = AXIS2_PLACEMENT_3D ( 'NONE', #395, #1263, #299 ) ;
#312 = CARTESIAN_POINT ( 'NONE',  ( 6.938893903907228378E-15, 0.000000000000000000, -201.2508899707127057 ) ) ;
#313 = LINE ( 'NONE', #531, #745 ) ;
#314 = ORIENTED_EDGE ( 'NONE', *, *, #692, .T. ) ;
#315 = FACE_OUTER_BOUND ( 'NONE', #785, .T. ) ;
#316 = AXIS2_PLACEMENT_3D ( 'NONE', #454, #484, #379 ) ;
#317 = LINE ( 'NONE', #668, #787 ) ;
#318 = AXIS2_PLACEMENT_3D ( 'NONE', #892, #767, #1316 ) ;
#319 = EDGE_LOOP ( 'NONE', ( #1151, #1108, #896, #620 ) ) ;
#320 = ORIENTED_EDGE ( 'NONE', *, *, #819, .T. ) ;
#321 = CARTESIAN_POINT ( 'NONE',  ( 39.74999999999997868, -2.250000000000000000, -201.2508899707126204 ) ) ;
#322 = EDGE_CURVE ( 'NONE', #403, #1376, #494, .T. ) ;
#323 = CARTESIAN_POINT ( 'NONE',  ( 39.74999999999997868, 2.250000000000000000, -175.2508899707126204 ) ) ;
#324 = FACE_OUTER_BOUND ( 'NONE', #3, .T. ) ;
#325 = CARTESIAN_POINT ( 'NONE',  ( 69.99999999999940314, 0.000000000000000000, 40.41451884327391753 ) ) ;
#326 = CIRCLE ( 'NONE', #508, 6.500000000000005329 ) ;
#327 = EDGE_LOOP ( 'NONE', ( #91, #1054, #308, #800 ) ) ;
#328 = EDGE_CURVE ( 'NONE', #681, #1285, #60, .T. ) ;
#329 = FACE_OUTER_BOUND ( 'NONE', #1045, .T. ) ;
#330 = AXIS2_PLACEMENT_3D ( 'NONE', #870, #450, #340 ) ;
#331 = CARTESIAN_POINT ( 'NONE',  ( -2.250000000000022204, 38.18376618407354073, -201.2508899707126204 ) ) ;
#332 = DIRECTION ( 'NONE',  ( -0.000000000000000000, -0.000000000000000000, -1.000000000000000000 ) ) ;
#333 = ADVANCED_FACE ( 'NONE', ( #1238 ), #602, .T. ) ;
#334 = ORIENTED_EDGE ( 'NONE', *, *, #1077, .T. ) ;
#335 = CALENDAR_DATE ( 2026, 16, 9 ) ;
#336 = PLANE ( 'NONE',  #410 ) ;
#337 = DIRECTION ( 'NONE',  ( -1.000000000000000000, 0.000000000000000000, 0.000000000000000000 ) ) ;
#338 = AXIS2_PLACEMENT_3D ( 'NONE', #109, #661, #101 ) ;
#339 = ADVANCED_FACE ( 'NONE', ( #380 ), #811, .T. ) ;
#340 = DIRECTION ( 'NONE',  ( -1.000000000000000000, 0.000000000000000000, 1.110223024625156540E-16 ) ) ;
#341 = ORIENTED_EDGE ( 'NONE', *, *, #568, .T. ) ;
#342 = EDGE_CURVE ( 'NONE', #138, #979, #830, .T. ) ;
#343 = AXIS2_PLACEMENT_3D ( 'NONE', #590, #1320, #23 ) ;
#344 = DIRECTION ( 'NONE',  ( -1.110223024625156540E-16, 0.000000000000000000, -1.000000000000000000 ) ) ;
#345 = DIRECTION ( 'NONE',  ( 0.000000000000000000, 0.000000000000000000, 1.000000000000000000 ) ) ;
#346 = VECTOR ( 'NONE', #422, 1000.000000000000000 ) ;
#347 = DIRECTION ( 'NONE',  ( -1.000000000000000000, 0.000000000000000000, 0.000000000000000000 ) ) ;
#348 = ORIENTED_EDGE ( 'NONE', *, *, #1094, .F. ) ;
#349 = DIRECTION ( 'NONE',  ( -0.000000000000000000, -0.000000000000000000, -1.000000000000000000 ) ) ;
#350 = ORIENTED_EDGE ( 'NONE', *, *, #779, .F. ) ;
#351 = DIRECTION ( 'NONE',  ( 0.000000000000000000, 0.000000000000000000, 1.000000000000000000 ) ) ;
#352 = DIRECTION ( 'NONE',  ( -1.000000000000000000, 0.000000000000000000, 0.000000000000000000 ) ) ;
#353 = ORIENTED_EDGE ( 'NONE', *, *, #715, .T. ) ;
#354 = DIRECTION ( 'NONE',  ( 0.000000000000000000, 0.000000000000000000, 1.000000000000000000 ) ) ;
#355 = ORIENTED_EDGE ( 'NONE', *, *, #233, .T. ) ;
#356 = LINE ( 'NONE', #897, #31 ) ;
#357 = PRODUCT_DEFINITION_SHAPE ( 'NONE', 'NONE',  #1382 ) ;
#358 = CARTESIAN_POINT ( 'NONE',  ( 146.9999999999997442, 4.653657836759941941E-15, 128.7491100292874648 ) ) ;
#359 = PERSON_AND_ORGANIZATION_ROLE ( 'design_supplier' ) ;
#360 = CIRCLE ( 'NONE', #812, 39.44846310392956923 ) ;
#361 = ORIENTED_EDGE ( 'NONE', *, *, #122, .F. ) ;
#362 = DIRECTION ( 'NONE',  ( -1.000000000000000000, 0.000000000000000000, 0.000000000000000000 ) ) ;
#363 = EDGE_CURVE ( 'NONE', #565, #472, #248, .T. ) ;
#364 = EDGE_LOOP ( 'NONE', ( #264, #320, #1195, #792 ) ) ;
#365 = FACE_OUTER_BOUND ( 'NONE', #987, .T. ) ;
#366 = CARTESIAN_POINT ( 'NONE',  ( 34.74999999999998579, 0.000000000000000000, -137.1325248742548695 ) ) ;
#367 = VERTEX_POINT ( 'NONE', #96 ) ;
#368 = AXIS2_PLACEMENT_3D ( 'NONE', #1249, #284, #722 ) ;
#369 = DIRECTION ( 'NONE',  ( -0.000000000000000000, -0.000000000000000000, -1.000000000000000000 ) ) ;
#370 = ORIENTED_EDGE ( 'NONE', *, *, #283, .F. ) ;
#371 = DIRECTION ( 'NONE',  ( -1.000000000000000000, 0.000000000000000000, 0.000000000000000000 ) ) ;
#372 = CARTESIAN_POINT ( 'NONE',  ( 88.99999999999954525, 0.000000000000000000, 7.505553499465335676 ) ) ;
#373 = DATE_AND_TIME ( #1203, #902 ) ;
#374 = EDGE_LOOP ( 'NONE', ( #1332, #1369, #788, #664 ) ) ;
#375 = AXIS2_PLACEMENT_3D ( 'NONE', #164, #595, #56 ) ;
#376 = EDGE_CURVE ( 'NONE', #219, #1271, #1277, .T. ) ;
#377 = CARTESIAN_POINT ( 'NONE',  ( -2.775557561562891351E-14, 0.000000000000000000, -136.2508899707126488 ) ) ;
#378 = ORIENTED_EDGE ( 'NONE', *, *, #1090, .T. ) ;
#379 = DIRECTION ( 'NONE',  ( -0.5000000000000042188, 0.000000000000000000, 0.8660254037844361541 ) ) ;
#380 = FACE_OUTER_BOUND ( 'NONE', #1352, .T. ) ;
#381 = EDGE_CURVE ( 'NONE', #781, #1289, #187, .T. ) ;
#382 = VERTEX_POINT ( 'NONE', #179 ) ;
#383 = TOROIDAL_SURFACE ( 'NONE', #1305, 43.00000000000000000, 6.500000000000000888 ) ;
#384 = CARTESIAN_POINT ( 'NONE',  ( -2.234333717717891470E-14, 0.000000000000000000, -175.2508899707126204 ) ) ;
#385 = CIRCLE ( 'NONE', #1061, 38.00000000000000000 ) ;
#386 = DIRECTION ( 'NONE',  ( -0.000000000000000000, 0.000000000000000000, -1.000000000000000000 ) ) ;
#387 = EDGE_CURVE ( 'NONE', #154, #681, #424, .T. ) ;
#388 = LINE ( 'NONE', #1247, #1193 ) ;
#389 = APPROVAL_DATE_TIME ( #57, #393 ) ;
#390 = ORIENTED_EDGE ( 'NONE', *, *, #1319, .T. ) ;
#391 = DIRECTION ( 'NONE',  ( 0.000000000000000000, -1.000000000000000000, 0.000000000000000000 ) ) ;
#392 = CARTESIAN_POINT ( 'NONE',  ( 39.74999999999997868, 2.250000000000000000, -201.2508899707126204 ) ) ;
#393 = APPROVAL ( #1326, 'UNSPECIFIED' ) ;
#394 = CIRCLE ( 'NONE', #868, 36.49999999999999289 ) ;
#395 = CARTESIAN_POINT ( 'NONE',  ( -2.775557561562891351E-14, 0.000000000000000000, -132.2712702997528424 ) ) ;
#396 = VERTEX_POINT ( 'NONE', #1058 ) ;
#397 = CIRCLE ( 'NONE', #758, 3.500000000000003109 ) ;
#398 = LINE ( 'NONE', #827, #1015 ) ;
#399 = DIRECTION ( 'NONE',  ( -0.000000000000000000, -0.000000000000000000, -1.000000000000000000 ) ) ;
#400 = VECTOR ( 'NONE', #899, 1000.000000000000000 ) ;
#401 = CARTESIAN_POINT ( 'NONE',  ( 39.68626966596880834, 2.250000000000000000, -201.2508899707126204 ) ) ;
#402 = EDGE_CURVE ( 'NONE', #222, #512, #125, .T. ) ;
#403 = VERTEX_POINT ( 'NONE', #609 ) ;
#404 = APPROVAL_PERSON_ORGANIZATION ( #797, #393, #910 ) ;
#405 = VERTEX_POINT ( 'NONE', #81 ) ;
#406 = CARTESIAN_POINT ( 'NONE',  ( 6.938893903907228378E-15, 0.000000000000000000, -201.2508899707127057 ) ) ;
#407 = CIRCLE ( 'NONE', #1155, 38.24999999999997868 ) ;
#408 = LINE ( 'NONE', #392, #1068 ) ;
#409 = DIRECTION ( 'NONE',  ( 0.000000000000000000, 0.000000000000000000, 1.000000000000000000 ) ) ;
#410 = AXIS2_PLACEMENT_3D ( 'NONE', #744, #750, #1181 ) ;
#411 = ORIENTED_EDGE ( 'NONE', *, *, #1317, .F. ) ;
#412 = ORIENTED_EDGE ( 'NONE', *, *, #1136, .F. ) ;
#413 = CARTESIAN_POINT ( 'NONE',  ( 39.68626966596883676, -2.250000000000000000, -175.2508899707126204 ) ) ;
#414 = AXIS2_PLACEMENT_3D ( 'NONE', #1367, #399, #1355 ) ;
#415 = FACE_OUTER_BOUND ( 'NONE', #887, .T. ) ;
#416 = LINE ( 'NONE', #848, #1354 ) ;
#417 = AXIS2_PLACEMENT_3D ( 'NONE', #256, #137, #1117 ) ;
#418 = EDGE_CURVE ( 'NONE', #214, #1129, #739, .T. ) ;
#419 = LINE ( 'NONE', #1278, #1177 ) ;
#420 = ORIENTED_EDGE ( 'NONE', *, *, #534, .T. ) ;
#421 = DIRECTION ( 'NONE',  ( 0.000000000000000000, 0.000000000000000000, 1.000000000000000000 ) ) ;
#422 = DIRECTION ( 'NONE',  ( -1.000000000000000000, 0.000000000000000000, 0.000000000000000000 ) ) ;
#423 = TOROIDAL_SURFACE ( 'NONE', #667, 140.0000000000000568, 36.50000000000000000 ) ;
#424 = LINE ( 'NONE', #613, #1034 ) ;
#425 = VERTEX_POINT ( 'NONE', #521 ) ;
#426 = EDGE_CURVE ( 'NONE', #472, #1321, #711, .T. ) ;
#427 = ORIENTED_EDGE ( 'NONE', *, *, #839, .T. ) ;
#428 = APPROVAL_ROLE ( '' ) ;
#429 = CARTESIAN_POINT ( 'NONE',  ( 2.249999999999976463, 39.68626966596882966, -201.2508899707127057 ) ) ;
#430 = ADVANCED_FACE ( 'NONE', ( #1168 ), #423, .F. ) ;
#431 = DIRECTION ( 'NONE',  ( 1.000000000000000000, 0.000000000000000000, 0.000000000000000000 ) ) ;
#432 = EDGE_CURVE ( 'NONE', #1338, #1266, #850, .T. ) ;
#433 = CARTESIAN_POINT ( 'NONE',  ( 6.938893903907228378E-15, 0.000000000000000000, -201.2508899707126204 ) ) ;
#434 = ORIENTED_EDGE ( 'NONE', *, *, #931, .F. ) ;
#435 = DATE_AND_TIME ( #335, #540 ) ;
#436 = FACE_OUTER_BOUND ( 'NONE', #1286, .T. ) ;
#437 = CC_DESIGN_DATE_AND_TIME_ASSIGNMENT ( #1357, #917, ( #1260 ) ) ;
#438 = CARTESIAN_POINT ( 'NONE',  ( 69.99999999999940314, 0.000000000000000000, 40.41451884327391753 ) ) ;
#439 = EDGE_CURVE ( 'NONE', #425, #219, #605, .T. ) ;
#440 = UNCERTAINTY_MEASURE_WITH_UNIT (LENGTH_MEASURE( 1.000000000000000082E-05 ), #852, 'distance_accuracy_value', 'NONE');
#441 = DIRECTION ( 'NONE',  ( -0.5000000000000042188, 0.000000000000000000, 0.8660254037844361541 ) ) ;
#442 = EDGE_CURVE ( 'NONE', #1065, #444, #360, .T. ) ;
#443 = VECTOR ( 'NONE', #731, 1000.000000000000000 ) ;
#444 = VERTEX_POINT ( 'NONE', #201 ) ;
#445 = PERSON_AND_ORGANIZATION ( #1010, #1130 ) ;
#446 = CARTESIAN_POINT ( 'NONE',  ( 38.18376618407354073, 2.249999999999999112, -175.2508899707126204 ) ) ;
#447 = CIRCLE ( 'NONE', #511, 39.44846310392956923 ) ;
#448 = DIRECTION ( 'NONE',  ( 1.000000000000000000, 0.000000000000000000, 0.000000000000000000 ) ) ;
#449 = EDGE_CURVE ( 'NONE', #640, #1158, #1383, .T. ) ;
#450 = DIRECTION ( 'NONE',  ( -1.110223024625156540E-16, 0.000000000000000000, -1.000000000000000000 ) ) ;
#451 = ORIENTED_EDGE ( 'NONE', *, *, #1375, .F. ) ;
#452 = CARTESIAN_POINT ( 'NONE',  ( -36.50000000000002842, 4.469960816887838430E-15, -201.2508899707126204 ) ) ;
#453 = ORIENTED_EDGE ( 'NONE', *, *, #1337, .T. ) ;
#454 = CARTESIAN_POINT ( 'NONE',  ( 69.99999999999937472, 0.000000000000000000, 40.41451884327391753 ) ) ;
#455 = AXIS2_PLACEMENT_3D ( 'NONE', #1284, #641, #431 ) ;
#456 = CARTESIAN_POINT ( 'NONE',  ( -38.18376618407352652, 2.250000000000000000, -201.2508899707126204 ) ) ;
#457 = ORIENTED_EDGE ( 'NONE', *, *, #678, .T. ) ;
#458 = AXIS2_PLACEMENT_3D ( 'NONE', #323, #17, #234 ) ;
#459 = CARTESIAN_POINT ( 'NONE',  ( 6.938893903907228378E-15, 0.000000000000000000, -175.2508899707126204 ) ) ;
#460 = VERTEX_POINT ( 'NONE', #515 ) ;
#461 = DIRECTION ( 'NONE',  ( 0.000000000000000000, -0.000000000000000000, -1.000000000000000000 ) ) ;
#462 = CARTESIAN_POINT ( 'NONE',  ( 2.249999999999977351, -39.68626966596880834, -201.2508899707126204 ) ) ;
#463 = EDGE_CURVE ( 'NONE', #794, #95, #416, .T. ) ;
#464 = ORIENTED_EDGE ( 'NONE', *, *, #1087, .F. ) ;
#465 = AXIS2_PLACEMENT_3D ( 'NONE', #155, #1246, #702 ) ;
#466 = CARTESIAN_POINT ( 'NONE',  ( 51.74999999999925393, 4.469960816887838430E-15, 72.02444608140584137 ) ) ;
#467 = ORIENTED_EDGE ( 'NONE', *, *, #32, .F. ) ;
#468 = FACE_OUTER_BOUND ( 'NONE', #476, .T. ) ;
#469 = DIRECTION ( 'NONE',  ( 0.000000000000000000, 0.000000000000000000, 1.000000000000000000 ) ) ;
#470 = DIRECTION ( 'NONE',  ( -0.000000000000000000, 0.000000000000000000, -1.000000000000000000 ) ) ;
#471 = ADVANCED_FACE ( 'NONE', ( #724 ), #1162, .F. ) ;
#472 = VERTEX_POINT ( 'NONE', #401 ) ;
#473 = CIRCLE ( 'NONE', #223, 4.999999999999997335 ) ;
#474 = CARTESIAN_POINT ( 'NONE',  ( -39.74999999999997158, 0.000000000000000000, -137.1325248742548695 ) ) ;
#475 = CC_DESIGN_APPROVAL ( #1279, ( #1382 ) ) ;
#476 = EDGE_LOOP ( 'NONE', ( #180, #1096, #588, #467 ) ) ;
#477 = FACE_OUTER_BOUND ( 'NONE', #854, .T. ) ;
#478 = CARTESIAN_POINT ( 'NONE',  ( 69.99999999999940314, 0.000000000000000000, 40.41451884327391753 ) ) ;
#479 = AXIS2_PLACEMENT_3D ( 'NONE', #1237, #696, #252 ) ;
#480 = ORIENTED_EDGE ( 'NONE', *, *, #130, .T. ) ;
#481 = DIRECTION ( 'NONE',  ( -0.5000000000000039968, 0.000000000000000000, 0.8660254037844363761 ) ) ;
#482 = CIRCLE ( 'NONE', #1377, 37.99999999999999289 ) ;
#483 = ORIENTED_EDGE ( 'NONE', *, *, #568, .F. ) ;
#484 = DIRECTION ( 'NONE',  ( -0.8660254037844361541, 0.000000000000000000, -0.5000000000000043299 ) ) ;
#485 = EDGE_CURVE ( 'NONE', #472, #203, #193, .T. ) ;
#486 = CARTESIAN_POINT ( 'NONE',  ( 36.49999999999997158, 0.000000000000000000, -130.5611695831245243 ) ) ;
#487 = AXIS2_PLACEMENT_3D ( 'NONE', #927, #1043, #942 ) ;
#488 = VERTEX_POINT ( 'NONE', #655 ) ;
#489 = AXIS2_PLACEMENT_3D ( 'NONE', #1379, #729, #85 ) ;
#490 = DIRECTION ( 'NONE',  ( -0.000000000000000000, -0.000000000000000000, -1.000000000000000000 ) ) ;
#491 = ORIENTED_EDGE ( 'NONE', *, *, #485, .F. ) ;
#492 = EDGE_CURVE ( 'NONE', #24, #382, #407, .T. ) ;
#493 = CARTESIAN_POINT ( 'NONE',  ( 140.0000000000000000, 0.000000000000000000, -80.82903768654719556 ) ) ;
#494 = LINE ( 'NONE', #1351, #556 ) ;
#495 = APPROVAL_DATE_TIME ( #373, #527 ) ;
#496 = ORIENTED_EDGE ( 'NONE', *, *, #68, .F. ) ;
#497 = AXIS2_PLACEMENT_3D ( 'NONE', #292, #206, #626 ) ;
#498 = PLANE ( 'NONE',  #538 ) ;
#499 = CARTESIAN_POINT ( 'NONE',  ( 165.9999999999998863, 0.000000000000000000, 95.84014468547886167 ) ) ;
#500 = DIRECTION ( 'NONE',  ( -1.000000000000000000, 0.000000000000000000, 0.000000000000000000 ) ) ;
#501 = ORIENTED_EDGE ( 'NONE', *, *, #492, .T. ) ;
#502 = DIRECTION ( 'NONE',  ( -0.000000000000000000, -0.000000000000000000, 1.000000000000000000 ) ) ;
#503 = LINE ( 'NONE', #723, #639 ) ;
#504 = DIRECTION ( 'NONE',  ( -1.000000000000000000, 0.000000000000000000, 0.000000000000000000 ) ) ;
#505 = EDGE_LOOP ( 'NONE', ( #269, #271 ) ) ;
#506 = LINE ( 'NONE', #1166, #1258 ) ;
#507 = CARTESIAN_POINT ( 'NONE',  ( 88.99999999999953104, 0.000000000000000000, 7.505553499465328571 ) ) ;
#508 = AXIS2_PLACEMENT_3D ( 'NONE', #520, #310, #738 ) ;
#509 = CARTESIAN_POINT ( 'NONE',  ( -38.18376618407352652, -2.249999999999999112, -201.2508899707127057 ) ) ;
#510 = ORIENTED_EDGE ( 'NONE', *, *, #779, .T. ) ;
#511 = AXIS2_PLACEMENT_3D ( 'NONE', #266, #1114, #697 ) ;
#512 = VERTEX_POINT ( 'NONE', #972 ) ;
#513 = DIRECTION ( 'NONE',  ( -1.000000000000000000, 0.000000000000000000, 0.000000000000000000 ) ) ;
#514 = DIRECTION ( 'NONE',  ( -0.5000000000000043299, 0.000000000000000000, 0.8660254037844361541 ) ) ;
#515 = CARTESIAN_POINT ( 'NONE',  ( -39.68626966596880123, -2.250000000000000000, -201.2508899707126204 ) ) ;
#516 = ORIENTED_EDGE ( 'NONE', *, *, #1136, .T. ) ;
#517 = ORIENTED_EDGE ( 'NONE', *, *, #635, .F. ) ;
#518 = DIRECTION ( 'NONE',  ( 0.000000000000000000, 0.000000000000000000, -1.000000000000000000 ) ) ;
#519 = AXIS2_PLACEMENT_3D ( 'NONE', #951, #840, #1361 ) ;
#520 = CARTESIAN_POINT ( 'NONE',  ( 42.99999999999997158, 0.000000000000000000, -130.5611695831245243 ) ) ;
#521 = CARTESIAN_POINT ( 'NONE',  ( 37.99999999999997158, 0.000000000000000000, -130.5611695831245243 ) ) ;
#522 = CIRCLE ( 'NONE', #1308, 3.500000000000003109 ) ;
#523 = CARTESIAN_POINT ( 'NONE',  ( -2.234333717717891470E-14, 0.000000000000000000, -175.2508899707126204 ) ) ;
#524 = EDGE_LOOP ( 'NONE', ( #411, #1023, #677, #752 ) ) ;
#525 = AXIS2_PLACEMENT_3D ( 'NONE', #823, #837, #1167 ) ;
#526 = DIRECTION ( 'NONE',  ( 1.000000000000000000, 0.000000000000000000, 0.000000000000000000 ) ) ;
#527 = APPROVAL ( #763, 'UNSPECIFIED' ) ;
#528 = EDGE_CURVE ( 'NONE', #1376, #1134, #543, .T. ) ;
#529 = DIRECTION ( 'NONE',  ( -0.000000000000000000, -0.000000000000000000, 1.000000000000000000 ) ) ;
#530 = ADVANCED_FACE ( 'NONE', ( #212 ), #205, .F. ) ;
#531 = CARTESIAN_POINT ( 'NONE',  ( -2.250000000000022204, 39.75000000000000000, -201.2508899707126204 ) ) ;
#532 = ORIENTED_EDGE ( 'NONE', *, *, #1239, .F. ) ;
#533 = COORDINATED_UNIVERSAL_TIME_OFFSET ( 1, 0, .AHEAD. ) ;
#534 = EDGE_CURVE ( 'NONE', #565, #367, #317, .T. ) ;
#535 = CARTESIAN_POINT ( 'NONE',  ( -2.250000000000022204, 39.68626966596883676, -175.2508899707126204 ) ) ;
#536 = ORIENTED_EDGE ( 'NONE', *, *, #734, .T. ) ;
#537 = DIRECTION ( 'NONE',  ( 1.000000000000000000, 0.000000000000000000, 0.000000000000000000 ) ) ;
#538 = AXIS2_PLACEMENT_3D ( 'NONE', #1042, #77, #707 ) ;
#539 = FACE_OUTER_BOUND ( 'NONE', #146, .T. ) ;
#540 = LOCAL_TIME ( 0, 3, 56.00000000000000000, #533 ) ;
#541 = ORIENTED_EDGE ( 'NONE', *, *, #442, .F. ) ;
#542 = LINE ( 'NONE', #321, #580 ) ;
#543 = CIRCLE ( 'NONE', #338, 36.49999999999999289 ) ;
#544 = DIRECTION ( 'NONE',  ( -1.000000000000000000, 0.000000000000000000, 0.000000000000000000 ) ) ;
#545 = ORIENTED_EDGE ( 'NONE', *, *, #936, .T. ) ;
#546 = DIRECTION ( 'NONE',  ( 0.5000000000000041078, 0.000000000000000000, -0.8660254037844363761 ) ) ;
#547 = DIRECTION ( 'NONE',  ( 0.8660254037844363761, 0.000000000000000000, 0.5000000000000039968 ) ) ;
#548 = ORIENTED_EDGE ( 'NONE', *, *, #974, .T. ) ;
#549 = CARTESIAN_POINT ( 'NONE',  ( -2.775557561562891351E-14, 0.000000000000000000, -136.7639201857011528 ) ) ;
#550 = EDGE_CURVE ( 'NONE', #747, #1340, #1309, .T. ) ;
#551 = DIRECTION ( 'NONE',  ( 0.000000000000000000, 0.000000000000000000, 1.000000000000000000 ) ) ;
#552 = AXIS2_PLACEMENT_3D ( 'NONE', #780, #127, #808 ) ;
#553 = LINE ( 'NONE', #1304, #1212 ) ;
#554 = ORIENTED_EDGE ( 'NONE', *, *, #151, .F. ) ;
#555 = CARTESIAN_POINT ( 'NONE',  ( 2.249999999999976463, -38.18376618407354073, -201.2508899707127057 ) ) ;
#556 = VECTOR ( 'NONE', #62, 999.9999999999998863 ) ;
#557 = CARTESIAN_POINT ( 'NONE',  ( -2.775557561562891351E-14, 0.000000000000000000, -80.82903768654713872 ) ) ;
#558 = CARTESIAN_POINT ( 'NONE',  ( 39.74999999999998579, 4.867971026610726872E-15, -137.1325248742548695 ) ) ;
#559 = ORIENTED_EDGE ( 'NONE', *, *, #614, .T. ) ;
#560 = EDGE_LOOP ( 'NONE', ( #420, #1346, #740, #1025 ) ) ;
#561 = FACE_OUTER_BOUND ( 'NONE', #54, .T. ) ;
#562 = AXIS2_PLACEMENT_3D ( 'NONE', #438, #772, #546 ) ;
#563 = CARTESIAN_POINT ( 'NONE',  ( 39.74999999999997868, 2.250000000000000000, -175.2508899707126204 ) ) ;
#564 = AXIS2_PLACEMENT_3D ( 'NONE', #992, #863, #221 ) ;
#565 = VERTEX_POINT ( 'NONE', #1106 ) ;
#566 = DIRECTION ( 'NONE',  ( -1.000000000000000000, 0.000000000000000000, 0.000000000000000000 ) ) ;
#567 = ORIENTED_EDGE ( 'NONE', *, *, #27, .F. ) ;
#568 = EDGE_CURVE ( 'NONE', #981, #979, #275, .T. ) ;
#569 = CARTESIAN_POINT ( 'NONE',  ( -39.68626966596882966, -2.250000000000000000, -175.2508899707126204 ) ) ;
#570 = DIRECTION ( 'NONE',  ( -1.110223024625156540E-16, 0.000000000000000000, -1.000000000000000000 ) ) ;
#571 = ORIENTED_EDGE ( 'NONE', *, *, #1132, .T. ) ;
#572 = FACE_OUTER_BOUND ( 'NONE', #1220, .T. ) ;
#573 = EDGE_CURVE ( 'NONE', #1273, #794, #743, .T. ) ;
#574 = VERTEX_POINT ( 'NONE', #766 ) ;
#575 = CARTESIAN_POINT ( 'NONE',  ( 37.99999999999997158, 0.000000000000000000, -201.2508899707126204 ) ) ;
#576 = AXIS2_PLACEMENT_3D ( 'NONE', #1207, #238, #1101 ) ;
#577 = ADVANCED_FACE ( 'NONE', ( #121 ), #653, .T. ) ;
#578 = DIRECTION ( 'NONE',  ( 1.000000000000000000, 0.000000000000000000, 0.000000000000000000 ) ) ;
#579 = EDGE_LOOP ( 'NONE', ( #720, #118, #75, #134 ) ) ;
#580 = VECTOR ( 'NONE', #858, 1000.000000000000000 ) ;
#581 = CARTESIAN_POINT ( 'NONE',  ( 6.938893903907228378E-15, 0.000000000000000000, -201.2508899707126204 ) ) ;
#582 = ADVANCED_FACE ( 'NONE', ( #746 ), #1072, .T. ) ;
#583 = VERTEX_POINT ( 'NONE', #331 ) ;
#584 = LINE ( 'NONE', #61, #145 ) ;
#585 = ADVANCED_FACE ( 'NONE', ( #561 ), #753, .F. ) ;
#586 = LINE ( 'NONE', #683, #988 ) ;
#587 = AXIS2_PLACEMENT_3D ( 'NONE', #1012, #1127, #1218 ) ;
#588 = ORIENTED_EDGE ( 'NONE', *, *, #770, .F. ) ;
#589 = EDGE_CURVE ( 'NONE', #488, #726, #1244, .T. ) ;
#590 = CARTESIAN_POINT ( 'NONE',  ( 165.9999999999998863, 0.000000000000000000, 95.84014468547886167 ) ) ;
#591 = CIRCLE ( 'NONE', #343, 38.00000000000000000 ) ;
#592 = ORIENTED_EDGE ( 'NONE', *, *, #181, .F. ) ;
#593 = FACE_OUTER_BOUND ( 'NONE', #658, .T. ) ;
#594 = ADVANCED_FACE ( 'NONE', ( #1 ), #930, .F. ) ;
#595 = DIRECTION ( 'NONE',  ( 0.000000000000000000, -1.000000000000000000, 0.000000000000000000 ) ) ;
#596 = VECTOR ( 'NONE', #859, 1000.000000000000000 ) ;
#597 = ORIENTED_EDGE ( 'NONE', *, *, #974, .F. ) ;
#598 = CIRCLE ( 'NONE', #417, 36.50000000000000000 ) ;
#599 = LINE ( 'NONE', #941, #1099 ) ;
#600 = VECTOR ( 'NONE', #1219, 1000.000000000000000 ) ;
#601 = CARTESIAN_POINT ( 'NONE',  ( -2.250000000000022204, 38.18376618407354073, -175.2508899707126204 ) ) ;
#602 = PLANE ( 'NONE',  #375 ) ;
#603 = COORDINATED_UNIVERSAL_TIME_OFFSET ( 1, 0, .AHEAD. ) ;
#604 = ORIENTED_EDGE ( 'NONE', *, *, #342, .T. ) ;
#605 = CIRCLE ( 'NONE', #519, 5.000000000000004441 ) ;
#606 = DIRECTION ( 'NONE',  ( 0.000000000000000000, 0.000000000000000000, -1.000000000000000000 ) ) ;
#607 = MANIFOLD_SOLID_BREP ( 'Cut-Extrude-Thin1', #136 ) ;
#608 = CARTESIAN_POINT ( 'NONE',  ( -38.03892417275073257, 0.000000000000000000, -135.9354543726150268 ) ) ;
#609 = CARTESIAN_POINT ( 'NONE',  ( 88.24999999999951683, 0.000000000000000000, 8.804591605141984800 ) ) ;
#610 = ORIENTED_EDGE ( 'NONE', *, *, #728, .F. ) ;
#611 = CARTESIAN_POINT ( 'NONE',  ( 39.74999999999997868, -2.250000000000000000, -201.2508899707126204 ) ) ;
#612 = CYLINDRICAL_SURFACE ( 'NONE', #487, 38.00000000000000000 ) ;
#613 = CARTESIAN_POINT ( 'NONE',  ( 2.249999999999977351, 39.75000000000000000, -175.2508899707126204 ) ) ;
#614 = EDGE_CURVE ( 'NONE', #813, #95, #832, .T. ) ;
#615 = EDGE_LOOP ( 'NONE', ( #33, #196, #1386, #1378 ) ) ;
#616 = ORIENTED_EDGE ( 'NONE', *, *, #73, .T. ) ;
#617 = CARTESIAN_POINT ( 'NONE',  ( 50.99999999999923261, 4.653657836759941941E-15, 73.32348418708251359 ) ) ;
#618 = DIRECTION ( 'NONE',  ( -1.000000000000000000, 0.000000000000000000, 1.110223024625156540E-16 ) ) ;
#619 = CARTESIAN_POINT ( 'NONE',  ( 39.74999999999997868, 2.250000000000000000, -201.2508899707126204 ) ) ;
#620 = ORIENTED_EDGE ( 'NONE', *, *, #82, .F. ) ;
#621 = AXIS2_PLACEMENT_3D ( 'NONE', #1005, #790, #909 ) ;
#622 = ORIENTED_EDGE ( 'NONE', *, *, #1364, .T. ) ;
#623 = DIRECTION ( 'NONE',  ( -0.000000000000000000, -0.000000000000000000, -1.000000000000000000 ) ) ;
#624 = CARTESIAN_POINT ( 'NONE',  ( -2.775557561562891351E-14, 0.000000000000000000, -201.2508899707126204 ) ) ;
#625 = ADVANCED_FACE ( 'NONE', ( #324 ), #1373, .T. ) ;
#626 = DIRECTION ( 'NONE',  ( -1.000000000000000000, 0.000000000000000000, 0.000000000000000000 ) ) ;
#627 = FACE_OUTER_BOUND ( 'NONE', #699, .T. ) ;
#628 = ORIENTED_EDGE ( 'NONE', *, *, #692, .F. ) ;
#629 = CARTESIAN_POINT ( 'NONE',  ( 38.18376618407354073, 2.249999999999999112, -201.2508899707127057 ) ) ;
#630 = VECTOR ( 'NONE', #7, 1000.000000000000000 ) ;
#631 = ADVANCED_FACE ( 'NONE', ( #1081 ), #383, .T. ) ;
#632 = DIRECTION ( 'NONE',  ( -1.110223024625156540E-16, 0.000000000000000000, -1.000000000000000000 ) ) ;
#633 = DIRECTION ( 'NONE',  ( -0.000000000000000000, -0.000000000000000000, -1.000000000000000000 ) ) ;
#634 = ORIENTED_EDGE ( 'NONE', *, *, #1080, .F. ) ;
#635 = EDGE_CURVE ( 'NONE', #403, #687, #698, .T. ) ;
#636 = EDGE_LOOP ( 'NONE', ( #851, #861, #1159, #501, #651, #1148, #1071, #809, #434, #877, #1370, #341 ) ) ;
#637 = PERSON_AND_ORGANIZATION ( #1010, #1130 ) ;
#638 = FACE_OUTER_BOUND ( 'NONE', #893, .T. ) ;
#639 = VECTOR ( 'NONE', #1173, 999.9999999999998863 ) ;
#640 = VERTEX_POINT ( 'NONE', #1003 ) ;
#641 = DIRECTION ( 'NONE',  ( 0.000000000000000000, 0.000000000000000000, 1.000000000000000000 ) ) ;
#642 = ORIENTED_EDGE ( 'NONE', *, *, #1180, .F. ) ;
#643 = VERTEX_POINT ( 'NONE', #147 ) ;
#644 = CARTESIAN_POINT ( 'NONE',  ( 0.000000000000000000, 0.000000000000000000, 0.000000000000000000 ) ) ;
#645 = LINE ( 'NONE', #765, #346 ) ;
#646 = DIRECTION ( 'NONE',  ( 0.000000000000000000, 0.000000000000000000, 1.000000000000000000 ) ) ;
#647 = VECTOR ( 'NONE', #182, 1000.000000000000000 ) ;
#648 = CARTESIAN_POINT ( 'NONE',  ( -39.68626966596882255, -2.249999999999999112, -201.2508899707127057 ) ) ;
#649 = ADVANCED_FACE ( 'NONE', ( #907 ), #1145, .F. ) ;
#650 = CC_DESIGN_SECURITY_CLASSIFICATION ( #1260, ( #717 ) ) ;
#651 = ORIENTED_EDGE ( 'NONE', *, *, #129, .T. ) ;
#652 = ADVANCED_FACE ( 'NONE', ( #468 ), #675, .T. ) ;
#653 = TOROIDAL_SURFACE ( 'NONE', #110, 140.0000000000000568, 38.00000000000000000 ) ;
#654 = DIRECTION ( 'NONE',  ( -0.000000000000000000, -0.000000000000000000, -1.000000000000000000 ) ) ;
#655 = CARTESIAN_POINT ( 'NONE',  ( -36.50000000000002842, 4.469960816887838430E-15, -80.82903768654713872 ) ) ;
#656 = LINE ( 'NONE', #1074, #775 ) ;
#657 = CIRCLE ( 'NONE', #1089, 103.5000000000000711 ) ;
#658 = EDGE_LOOP ( 'NONE', ( #1318, #634, #244, #541 ) ) ;
#659 = VECTOR ( 'NONE', #94, 1000.000000000000000 ) ;
#660 = LINE ( 'NONE', #429, #48 ) ;
#661 = DIRECTION ( 'NONE',  ( -0.8660254037844364872, 0.000000000000000000, -0.5000000000000038858 ) ) ;
#662 = CIRCLE ( 'NONE', #1343, 5.000000000000004441 ) ;
#663 = DIRECTION ( 'NONE',  ( 0.5000000000000038858, 0.000000000000000000, -0.8660254037844363761 ) ) ;
#664 = ORIENTED_EDGE ( 'NONE', *, *, #322, .F. ) ;
#665 = DIRECTION ( 'NONE',  ( -0.000000000000000000, -0.000000000000000000, -1.000000000000000000 ) ) ;
#666 = ORIENTED_EDGE ( 'NONE', *, *, #287, .F. ) ;
#667 = AXIS2_PLACEMENT_3D ( 'NONE', #67, #937, #409 ) ;
#668 = CARTESIAN_POINT ( 'NONE',  ( 2.249999999999977351, 39.75000000000000000, -201.2508899707126204 ) ) ;
#669 = FACE_OUTER_BOUND ( 'NONE', #327, .T. ) ;
#670 = ORIENTED_EDGE ( 'NONE', *, *, #843, .F. ) ;
#671 = DIRECTION ( 'NONE',  ( 1.000000000000000000, 0.000000000000000000, 0.000000000000000000 ) ) ;
#672 = ADVANCED_FACE ( 'NONE', ( #477 ), #764, .F. ) ;
#673 = ADVANCED_FACE ( 'NONE', ( #922 ), #1113, .T. ) ;
#674 = EDGE_LOOP ( 'NONE', ( #996, #464 ) ) ;
#675 = PLANE ( 'NONE',  #1175 ) ;
#676 = DIRECTION ( 'NONE',  ( 0.000000000000000000, 0.000000000000000000, -1.000000000000000000 ) ) ;
#677 = ORIENTED_EDGE ( 'NONE', *, *, #439, .T. ) ;
#678 = EDGE_CURVE ( 'NONE', #488, #687, #1330, .T. ) ;
#679 = EDGE_CURVE ( 'NONE', #857, #1273, #1084, .T. ) ;
#680 = CARTESIAN_POINT ( 'NONE',  ( -38.24999999999997158, 0.000000000000000000, -201.2508899707127057 ) ) ;
#681 = VERTEX_POINT ( 'NONE', #1135 ) ;
#682 = DIRECTION ( 'NONE',  ( 0.000000000000000000, 0.000000000000000000, 1.000000000000000000 ) ) ;
#683 = CARTESIAN_POINT ( 'NONE',  ( 39.68626966596883676, -2.249999999999999112, -201.2508899707127057 ) ) ;
#684 = ORIENTED_EDGE ( 'NONE', *, *, #783, .T. ) ;
#685 = AXIS2_PLACEMENT_3D ( 'NONE', #1275, #632, #79 ) ;
#686 = DIRECTION ( 'NONE',  ( -0.000000000000000000, -0.000000000000000000, -1.000000000000000000 ) ) ;
#687 = VERTEX_POINT ( 'NONE', #1033 ) ;
#688 = CARTESIAN_POINT ( 'NONE',  ( 2.249999999999977351, 39.68626966596883676, -175.2508899707126204 ) ) ;
#689 = AXIS2_PLACEMENT_3D ( 'NONE', #478, #703, #924 ) ;
#690 = DIRECTION ( 'NONE',  ( 0.000000000000000000, 0.000000000000000000, 1.000000000000000000 ) ) ;
#691 = VERTEX_POINT ( 'NONE', #601 ) ;
#692 = EDGE_CURVE ( 'NONE', #425, #18, #40, .T. ) ;
#693 = DIRECTION ( 'NONE',  ( 0.8660254037844363761, 0.000000000000000000, 0.5000000000000039968 ) ) ;
#694 = APPLICATION_CONTEXT ( 'configuration controlled 3d designs of mechanical parts and assemblies' ) ;
#695 = ORIENTED_EDGE ( 'NONE', *, *, #124, .F. ) ;
#696 = DIRECTION ( 'NONE',  ( 1.224646799147353207E-16, 1.000000000000000000, -0.000000000000000000 ) ) ;
#697 = DIRECTION ( 'NONE',  ( 1.000000000000000000, 0.000000000000000000, 0.000000000000000000 ) ) ;
#698 = CIRCLE ( 'NONE', #316, 36.50000000000000711 ) ;
#699 = EDGE_LOOP ( 'NONE', ( #1314, #733, #1163, #1202 ) ) ;
#700 = CARTESIAN_POINT ( 'NONE',  ( 6.938893903907228378E-15, 0.000000000000000000, -137.1325248742548695 ) ) ;
#701 = VECTOR ( 'NONE', #686, 1000.000000000000000 ) ;
#702 = DIRECTION ( 'NONE',  ( -1.000000000000000000, 0.000000000000000000, 0.000000000000000000 ) ) ;
#703 = DIRECTION ( 'NONE',  ( 0.8660254037844363761, 0.000000000000000000, 0.5000000000000039968 ) ) ;
#704 = CIRCLE ( 'NONE', #166, 39.74999999999994316 ) ;
#705 = SHAPE_DEFINITION_REPRESENTATION ( #357, #186 ) ;
#706 = ORIENTED_EDGE ( 'NONE', *, *, #426, .F. ) ;
#707 = DIRECTION ( 'NONE',  ( 0.000000000000000000, -0.000000000000000000, -1.000000000000000000 ) ) ;
#708 = ADVANCED_FACE ( 'NONE', ( #593 ), #228, .T. ) ;
#709 = CARTESIAN_POINT ( 'NONE',  ( 36.89199796489155148, 4.588195697651157852E-15, -132.7843005147413180 ) ) ;
#710 = ADVANCED_FACE ( 'NONE', ( #365 ), #1018, .F. ) ;
#711 = LINE ( 'NONE', #1256, #805 ) ;
#712 = ORIENTED_EDGE ( 'NONE', *, *, #1073, .T. ) ;
#713 = LINE ( 'NONE', #1153, #647 ) ;
#714 = CIRCLE ( 'NONE', #1079, 38.24999999999997868 ) ;
#715 = EDGE_CURVE ( 'NONE', #150, #1285, #356, .T. ) ;
#716 = DIRECTION ( 'NONE',  ( 0.000000000000000000, 0.000000000000000000, 1.000000000000000000 ) ) ;
#717 = PRODUCT_DEFINITION_FORMATION_WITH_SPECIFIED_SOURCE ( 'ANY', '', #1109, .NOT_KNOWN. ) ;
#718 = DIRECTION ( 'NONE',  ( 0.000000000000000000, 0.000000000000000000, -1.000000000000000000 ) ) ;
#719 = VECTOR ( 'NONE', #1315, 1000.000000000000000 ) ;
#720 = ORIENTED_EDGE ( 'NONE', *, *, #463, .F. ) ;
#721 = ORIENTED_EDGE ( 'NONE', *, *, #239, .T. ) ;
#722 = DIRECTION ( 'NONE',  ( -0.5000000000000039968, 0.000000000000000000, 0.8660254037844363761 ) ) ;
#723 = CARTESIAN_POINT ( 'NONE',  ( 50.99999999999923972, 4.653657836759941941E-15, 73.32348418708251359 ) ) ;
#724 = FACE_OUTER_BOUND ( 'NONE', #560, .T. ) ;
#725 = CIRCLE ( 'NONE', #960, 36.50000000000000000 ) ;
#726 = VERTEX_POINT ( 'NONE', #795 ) ;
#727 = ORIENTED_EDGE ( 'NONE', *, *, #734, .F. ) ;
#728 = EDGE_CURVE ( 'NONE', #781, #425, #1121, .T. ) ;
#729 = DIRECTION ( 'NONE',  ( 0.000000000000000000, 1.000000000000000000, 0.000000000000000000 ) ) ;
#730 = AXIS2_PLACEMENT_3D ( 'NONE', #384, #518, #191 ) ;
#731 = DIRECTION ( 'NONE',  ( -0.000000000000000000, -1.000000000000000000, -0.000000000000000000 ) ) ;
#732 = DIRECTION ( 'NONE',  ( -0.000000000000000000, -1.000000000000000000, -0.000000000000000000 ) ) ;
#733 = ORIENTED_EDGE ( 'NONE', *, *, #715, .F. ) ;
#734 = EDGE_CURVE ( 'NONE', #681, #126, #1350, .T. ) ;
#735 = AXIS2_PLACEMENT_3D ( 'NONE', #1325, #806, #1128 ) ;
#736 = ORIENTED_EDGE ( 'NONE', *, *, #589, .T. ) ;
#737 =( NAMED_UNIT ( * ) SI_UNIT ( $, .STERADIAN. ) SOLID_ANGLE_UNIT ( ) );
#738 = DIRECTION ( 'NONE',  ( 0.000000000000000000, 0.000000000000000000, -1.000000000000000000 ) ) ;
#739 = LINE ( 'NONE', #855, #1169 ) ;
#740 = ORIENTED_EDGE ( 'NONE', *, *, #550, .F. ) ;
#741 = ORIENTED_EDGE ( 'NONE', *, *, #573, .T. ) ;
#742 = DIRECTION ( 'NONE',  ( 0.000000000000000000, 0.000000000000000000, 1.000000000000000000 ) ) ;
#743 = CIRCLE ( 'NONE', #1059, 36.89199796489157990 ) ;
#744 = CARTESIAN_POINT ( 'NONE',  ( -2.234333717717891470E-14, 0.000000000000000000, -175.2508899707126204 ) ) ;
#745 = VECTOR ( 'NONE', #967, 1000.000000000000000 ) ;
#746 = FACE_OUTER_BOUND ( 'NONE', #1123, .T. ) ;
#747 = VERTEX_POINT ( 'NONE', #688 ) ;
#748 = ORIENTED_EDGE ( 'NONE', *, *, #679, .F. ) ;
#749 =( NAMED_UNIT ( * ) PLANE_ANGLE_UNIT ( ) SI_UNIT ( $, .RADIAN. ) );
#750 = DIRECTION ( 'NONE',  ( 0.000000000000000000, 0.000000000000000000, -1.000000000000000000 ) ) ;
#751 = AXIS2_PLACEMENT_3D ( 'NONE', #1026, #351, #258 ) ;
#752 = ORIENTED_EDGE ( 'NONE', *, *, #1120, .F. ) ;
#753 = PLANE ( 'NONE',  #905 ) ;
#754 = EDGE_CURVE ( 'NONE', #574, #460, #1252, .T. ) ;
#755 = PLANE ( 'NONE',  #66 ) ;
#756 = ORIENTED_EDGE ( 'NONE', *, *, #1317, .T. ) ;
#757 = CARTESIAN_POINT ( 'NONE',  ( 184.2500000000000853, 0.000000000000000000, 64.23021744734697336 ) ) ;
#758 = AXIS2_PLACEMENT_3D ( 'NONE', #366, #1224, #898 ) ;
#759 = CARTESIAN_POINT ( 'NONE',  ( -39.44846310392959765, 0.000000000000000000, -135.4224241576265229 ) ) ;
#760 = CARTESIAN_POINT ( 'NONE',  ( 38.24999999999998579, 4.684274006738623361E-15, -137.1325248742548695 ) ) ;
#761 = LOCAL_TIME ( 0, 3, 56.00000000000000000, #1115 ) ;
#762 = EDGE_LOOP ( 'NONE', ( #1214, #802, #390, #727 ) ) ;
#763 = APPROVAL_STATUS ( 'not_yet_approved' ) ;
#764 = TOROIDAL_SURFACE ( 'NONE', #183, 140.0000000000000568, 36.50000000000000000 ) ;
#765 = CARTESIAN_POINT ( 'NONE',  ( 39.74999999999997868, -2.250000000000000000, -175.2508899707126204 ) ) ;
#766 = CARTESIAN_POINT ( 'NONE',  ( -2.250000000000022204, -39.68626966596880834, -201.2508899707126204 ) ) ;
#767 = DIRECTION ( 'NONE',  ( 0.000000000000000000, 0.000000000000000000, -1.000000000000000000 ) ) ;
#768 = AXIS2_PLACEMENT_3D ( 'NONE', #1339, #369, #903 ) ;
#769 = ORIENTED_EDGE ( 'NONE', *, *, #1274, .T. ) ;
#770 = EDGE_CURVE ( 'NONE', #583, #691, #584, .T. ) ;
#771 = DIRECTION ( 'NONE',  ( -1.000000000000000000, 0.000000000000000000, 1.110223024625156540E-16 ) ) ;
#772 = DIRECTION ( 'NONE',  ( 0.8660254037844363761, 0.000000000000000000, 0.5000000000000039968 ) ) ;
#773 = CONICAL_SURFACE ( 'NONE', #119, 39.75000000000006395, 0.3490658503988621209 ) ;
#774 = DIRECTION ( 'NONE',  ( -1.000000000000000000, 0.000000000000000000, 0.000000000000000000 ) ) ;
#775 = VECTOR ( 'NONE', #980, 1000.000000000000114 ) ;
#776 = CC_DESIGN_DATE_AND_TIME_ASSIGNMENT ( #435, #969, ( #1382 ) ) ;
#777 = ADVANCED_FACE ( 'NONE', ( #1372 ), #1268, .F. ) ;
#778 = ORIENTED_EDGE ( 'NONE', *, *, #233, .F. ) ;
#779 = EDGE_CURVE ( 'NONE', #1289, #18, #1046, .T. ) ;
#780 = CARTESIAN_POINT ( 'NONE',  ( 6.938893903907228378E-15, 0.000000000000000000, -201.2508899707127057 ) ) ;
#781 = VERTEX_POINT ( 'NONE', #1360 ) ;
#782 = CARTESIAN_POINT ( 'NONE',  ( -2.775557561562891351E-14, 0.000000000000000000, -201.2508899707126204 ) ) ;
#783 = EDGE_CURVE ( 'NONE', #1266, #1312, #1161, .T. ) ;
#784 = LINE ( 'NONE', #563, #171 ) ;
#785 = EDGE_LOOP ( 'NONE', ( #914, #173, #188, #427 ) ) ;
#786 = CARTESIAN_POINT ( 'NONE',  ( 39.68626966596880834, -2.250000000000000000, -201.2508899707126204 ) ) ;
#787 = VECTOR ( 'NONE', #1296, 1000.000000000000000 ) ;
#788 = ORIENTED_EDGE ( 'NONE', *, *, #528, .F. ) ;
#789 = CARTESIAN_POINT ( 'NONE',  ( -2.775557561562891351E-14, 0.000000000000000000, -130.5611695831245243 ) ) ;
#790 = DIRECTION ( 'NONE',  ( 0.000000000000000000, 1.000000000000000000, 0.000000000000000000 ) ) ;
#791 = PERSON_AND_ORGANIZATION ( #1010, #1130 ) ;
#792 = ORIENTED_EDGE ( 'NONE', *, *, #1388, .F. ) ;
#793 = FACE_OUTER_BOUND ( 'NONE', #158, .T. ) ;
#794 = VERTEX_POINT ( 'NONE', #709 ) ;
#795 = CARTESIAN_POINT ( 'NONE',  ( 36.49999999999997158, 0.000000000000000000, -80.82903768654713872 ) ) ;
#796 = CARTESIAN_POINT ( 'NONE',  ( 6.938893903907228378E-15, 0.000000000000000000, -201.2508899707126204 ) ) ;
#797 = PERSON_AND_ORGANIZATION ( #1010, #1130 ) ;
#798 = EDGE_CURVE ( 'NONE', #302, #794, #326, .T. ) ;
#799 = CIRCLE ( 'NONE', #368, 37.99999999999999289 ) ;
#800 = ORIENTED_EDGE ( 'NONE', *, *, #831, .F. ) ;
#801 = FACE_OUTER_BOUND ( 'NONE', #636, .T. ) ;
#802 = ORIENTED_EDGE ( 'NONE', *, *, #945, .T. ) ;
#803 = DIRECTION ( 'NONE',  ( 0.000000000000000000, 1.000000000000000000, 0.000000000000000000 ) ) ;
#804 = CIRCLE ( 'NONE', #13, 39.74999999999997868 ) ;
#805 = VECTOR ( 'NONE', #959, 1000.000000000000000 ) ;
#806 = DIRECTION ( 'NONE',  ( 0.000000000000000000, 0.000000000000000000, -1.000000000000000000 ) ) ;
#807 = ORIENTED_EDGE ( 'NONE', *, *, #1142, .T. ) ;
#808 = DIRECTION ( 'NONE',  ( -1.000000000000000000, 0.000000000000000000, 0.000000000000000000 ) ) ;
#809 = ORIENTED_EDGE ( 'NONE', *, *, #68, .T. ) ;
#810 = DIRECTION ( 'NONE',  ( -0.000000000000000000, -0.000000000000000000, -1.000000000000000000 ) ) ;
#811 = CYLINDRICAL_SURFACE ( 'NONE', #923, 38.00000000000000000 ) ;
#812 = AXIS2_PLACEMENT_3D ( 'NONE', #1156, #1270, #1044 ) ;
#813 = VERTEX_POINT ( 'NONE', #608 ) ;
#814 = CIRCLE ( 'NONE', #997, 39.74999999999997868 ) ;
#815 = FACE_OUTER_BOUND ( 'NONE', #615, .T. ) ;
#816 = CARTESIAN_POINT ( 'NONE',  ( 2.249999999999977351, 39.75000000000000000, -175.2508899707126204 ) ) ;
#817 = DIRECTION ( 'NONE',  ( -0.000000000000000000, -1.000000000000000000, -0.000000000000000000 ) ) ;
#818 = ORIENTED_EDGE ( 'NONE', *, *, #90, .T. ) ;
#819 = EDGE_CURVE ( 'NONE', #919, #574, #1154, .T. ) ;
#820 = AXIS2_PLACEMENT_3D ( 'NONE', #789, #682, #1229 ) ;
#821 = DIRECTION ( 'NONE',  ( -0.000000000000000000, -0.000000000000000000, -1.000000000000000000 ) ) ;
#822 = AXIS2_PLACEMENT_3D ( 'NONE', #325, #547, #663 ) ;
#823 = CARTESIAN_POINT ( 'NONE',  ( 6.938893903907228378E-15, 0.000000000000000000, -201.2508899707127057 ) ) ;
#824 = DIRECTION ( 'NONE',  ( 1.000000000000000000, 0.000000000000000000, 0.000000000000000000 ) ) ;
#825 = ADVANCED_FACE ( 'NONE', ( #1150 ), #71, .F. ) ;
#826 = ORIENTED_EDGE ( 'NONE', *, *, #1070, .T. ) ;
#827 = CARTESIAN_POINT ( 'NONE',  ( 39.75000000000003553, 4.867971026610736339E-15, -136.2508899707126488 ) ) ;
#828 = VECTOR ( 'NONE', #303, 1000.000000000000000 ) ;
#829 = FACE_OUTER_BOUND ( 'NONE', #579, .T. ) ;
#830 = LINE ( 'NONE', #1040, #1348 ) ;
#831 = EDGE_CURVE ( 'NONE', #1134, #1376, #394, .T. ) ;
#832 = CIRCLE ( 'NONE', #1201, 38.03892417275070414 ) ;
#833 = ORIENTED_EDGE ( 'NONE', *, *, #418, .F. ) ;
#834 = VERTEX_POINT ( 'NONE', #507 ) ;
#835 = CARTESIAN_POINT ( 'NONE',  ( -38.00000000000002842, 4.653657836759941941E-15, -80.82903768654713872 ) ) ;
#836 = AXIS2_PLACEMENT_3D ( 'NONE', #459, #888, #566 ) ;
#837 = DIRECTION ( 'NONE',  ( -0.000000000000000000, -0.000000000000000000, -1.000000000000000000 ) ) ;
#838 = EDGE_CURVE ( 'NONE', #1217, #288, #503, .T. ) ;
#839 = EDGE_CURVE ( 'NONE', #95, #813, #1189, .T. ) ;
#840 = DIRECTION ( 'NONE',  ( 0.000000000000000000, -1.000000000000000000, 0.000000000000000000 ) ) ;
#841 = AXIS2_PLACEMENT_3D ( 'NONE', #880, #344, #771 ) ;
#842 = ORIENTED_EDGE ( 'NONE', *, *, #1297, .T. ) ;
#843 = EDGE_CURVE ( 'NONE', #84, #1129, #408, .T. ) ;
#844 = ORIENTED_EDGE ( 'NONE', *, *, #184, .F. ) ;
#845 = CARTESIAN_POINT ( 'NONE',  ( -2.250000000000021316, -38.18376618407353362, -201.2508899707127057 ) ) ;
#846 = CIRCLE ( 'NONE', #307, 36.89199796489157990 ) ;
#847 = FACE_BOUND ( 'NONE', #505, .T. ) ;
#848 = CARTESIAN_POINT ( 'NONE',  ( 38.34046106882117044, 4.695352292576558995E-15, -136.7639201857011528 ) ) ;
#849 = ORIENTED_EDGE ( 'NONE', *, *, #363, .T. ) ;
#850 = CIRCLE ( 'NONE', #1215, 39.74999999999997868 ) ;
#851 = ORIENTED_EDGE ( 'NONE', *, *, #342, .F. ) ;
#852 =( LENGTH_UNIT ( ) NAMED_UNIT ( * ) SI_UNIT ( .MILLI., .METRE. ) );
#853 = CARTESIAN_POINT ( 'NONE',  ( -2.250000000000022204, -38.18376618407354073, -201.2508899707126204 ) ) ;
#854 = EDGE_LOOP ( 'NONE', ( #194, #736, #334, #1191 ) ) ;
#855 = CARTESIAN_POINT ( 'NONE',  ( -39.68626966596882255, 2.249999999999999112, -201.2508899707127057 ) ) ;
#856 = ORIENTED_EDGE ( 'NONE', *, *, #190, .F. ) ;
#857 = VERTEX_POINT ( 'NONE', #949 ) ;
#858 = DIRECTION ( 'NONE',  ( -1.000000000000000000, 0.000000000000000000, 0.000000000000000000 ) ) ;
#859 = DIRECTION ( 'NONE',  ( -0.000000000000000000, -0.000000000000000000, -1.000000000000000000 ) ) ;
#860 = CIRCLE ( 'NONE', #1112, 38.24999999999997868 ) ;
#861 = ORIENTED_EDGE ( 'NONE', *, *, #884, .F. ) ;
#862 = DIRECTION ( 'NONE',  ( -1.000000000000000000, 0.000000000000000000, 0.000000000000000000 ) ) ;
#863 = DIRECTION ( 'NONE',  ( -0.8660254037844364872, 0.000000000000000000, -0.5000000000000038858 ) ) ;
#864 = EDGE_LOOP ( 'NONE', ( #516, #1118, #9, #353 ) ) ;
#865 = CALENDAR_DATE ( 2026, 16, 9 ) ;
#866 = ADVANCED_FACE ( 'NONE', ( #415 ), #199, .T. ) ;
#867 = CARTESIAN_POINT ( 'NONE',  ( -38.24999999999997158, 0.000000000000000000, -137.1325248742548695 ) ) ;
#868 = AXIS2_PLACEMENT_3D ( 'NONE', #176, #1063, #514 ) ;
#869 = CARTESIAN_POINT ( 'NONE',  ( 6.938893903907228378E-15, 0.000000000000000000, -175.2508899707126204 ) ) ;
#870 = CARTESIAN_POINT ( 'NONE',  ( -2.775557561562891351E-14, 0.000000000000000000, -201.2508899707126204 ) ) ;
#871 = ORIENTED_EDGE ( 'NONE', *, *, #1222, .F. ) ;
#872 = APPROVAL_STATUS ( 'not_yet_approved' ) ;
#873 = AXIS2_PLACEMENT_3D ( 'NONE', #1092, #102, #441 ) ;
#874 = CARTESIAN_POINT ( 'NONE',  ( -2.775557561562891351E-14, 0.000000000000000000, -132.7843005147413180 ) ) ;
#875 = CARTESIAN_POINT ( 'NONE',  ( -2.775557561562891351E-14, 0.000000000000000000, -201.2508899707126204 ) ) ;
#876 = ADVANCED_FACE ( 'NONE', ( #1255 ), #1057, .T. ) ;
#877 = ORIENTED_EDGE ( 'NONE', *, *, #1375, .T. ) ;
#878 = ADVANCED_FACE ( 'NONE', ( #847, #1261 ), #204, .F. ) ;
#879 = AXIS2_PLACEMENT_3D ( 'NONE', #72, #943, #1368 ) ;
#880 = CARTESIAN_POINT ( 'NONE',  ( -2.775557561562891351E-14, 0.000000000000000000, -201.2508899707126204 ) ) ;
#881 = CIRCLE ( 'NONE', #318, 38.24999999999997868 ) ;
#882 = CARTESIAN_POINT ( 'NONE',  ( -2.775557561562891351E-14, 0.000000000000000000, -130.5611695831245243 ) ) ;
#883 = ADVANCED_FACE ( 'NONE', ( #185 ), #612, .T. ) ;
#884 = EDGE_CURVE ( 'NONE', #1030, #138, #1381, .T. ) ;
#885 = DIRECTION ( 'NONE',  ( -1.000000000000000000, 0.000000000000000000, 0.000000000000000000 ) ) ;
#886 = AXIS2_PLACEMENT_3D ( 'NONE', #581, #1017, #30 ) ;
#887 = EDGE_LOOP ( 'NONE', ( #22, #1223, #642, #706, #1105, #826, #1245, #567, #29, #833, #592, #1329 ) ) ;
#888 = DIRECTION ( 'NONE',  ( 0.000000000000000000, 0.000000000000000000, -1.000000000000000000 ) ) ;
#889 = ADVANCED_FACE ( 'NONE', ( #829 ), #1208, .F. ) ;
#890 = ORIENTED_EDGE ( 'NONE', *, *, #952, .F. ) ;
#891 = DIRECTION ( 'NONE',  ( 0.000000000000000000, 0.000000000000000000, 1.000000000000000000 ) ) ;
#892 = CARTESIAN_POINT ( 'NONE',  ( 6.938893903907228378E-15, 0.000000000000000000, -175.2508899707126204 ) ) ;
#893 = EDGE_LOOP ( 'NONE', ( #1280, #849, #1241, #451 ) ) ;
#894 = LINE ( 'NONE', #466, #1385 ) ;
#895 = CC_DESIGN_PERSON_AND_ORGANIZATION_ASSIGNMENT ( #791, #50, ( #1260 ) ) ;
#896 = ORIENTED_EDGE ( 'NONE', *, *, #614, .F. ) ;
#897 = CARTESIAN_POINT ( 'NONE',  ( -2.250000000000022204, 39.75000000000000000, -175.2508899707126204 ) ) ;
#898 = DIRECTION ( 'NONE',  ( 0.000000000000000000, 0.000000000000000000, -1.000000000000000000 ) ) ;
#899 = DIRECTION ( 'NONE',  ( -0.000000000000000000, -0.000000000000000000, -1.000000000000000000 ) ) ;
#900 = VECTOR ( 'NONE', #421, 1000.000000000000000 ) ;
#901 = ORIENTED_EDGE ( 'NONE', *, *, #184, .T. ) ;
#902 = LOCAL_TIME ( 0, 3, 56.00000000000000000, #1293 ) ;
#903 = DIRECTION ( 'NONE',  ( -1.000000000000000000, 0.000000000000000000, 0.000000000000000000 ) ) ;
#904 = ADVANCED_FACE ( 'NONE', ( #638 ), #120, .T. ) ;
#905 = AXIS2_PLACEMENT_3D ( 'NONE', #236, #25, #461 ) ;
#906 = EDGE_LOOP ( 'NONE', ( #93, #597, #76, #165 ) ) ;
#907 = FACE_OUTER_BOUND ( 'NONE', #906, .T. ) ;
#908 = EDGE_CURVE ( 'NONE', #1111, #126, #704, .T. ) ;
#909 = DIRECTION ( 'NONE',  ( 0.000000000000000000, 0.000000000000000000, 1.000000000000000000 ) ) ;
#910 = APPROVAL_ROLE ( '' ) ;
#911 = ORIENTED_EDGE ( 'NONE', *, *, #728, .T. ) ;
#912 = CARTESIAN_POINT ( 'NONE',  ( -34.75000000000001421, 4.255647627037052709E-15, -137.1325248742548695 ) ) ;
#913 = AXIS2_PLACEMENT_3D ( 'NONE', #549, #982, #1282 ) ;
#914 = ORIENTED_EDGE ( 'NONE', *, *, #1132, .F. ) ;
#915 = CARTESIAN_POINT ( 'NONE',  ( -2.250000000000022204, 39.75000000000000000, -175.2508899707126204 ) ) ;
#916 = DIRECTION ( 'NONE',  ( 0.000000000000000000, 0.000000000000000000, -1.000000000000000000 ) ) ;
#917 = DATE_TIME_ROLE ( 'classification_date' ) ;
#918 = AXIS2_PLACEMENT_3D ( 'NONE', #1001, #1216, #1234 ) ;
#919 = VERTEX_POINT ( 'NONE', #853 ) ;
#920 = LINE ( 'NONE', #44, #701 ) ;
#921 = ORIENTED_EDGE ( 'NONE', *, *, #90, .F. ) ;
#922 = FACE_OUTER_BOUND ( 'NONE', #1248, .T. ) ;
#923 = AXIS2_PLACEMENT_3D ( 'NONE', #1374, #529, #824 ) ;
#924 = DIRECTION ( 'NONE',  ( 0.5000000000000041078, 0.000000000000000000, -0.8660254037844363761 ) ) ;
#925 = ORIENTED_EDGE ( 'NONE', *, *, #1095, .F. ) ;
#926 = LINE ( 'NONE', #845, #291 ) ;
#927 = CARTESIAN_POINT ( 'NONE',  ( -2.775557561562891351E-14, 0.000000000000000000, -201.2508899707126204 ) ) ;
#928 = CARTESIAN_POINT ( 'NONE',  ( -39.68626966596882966, 2.250000000000000000, -175.2508899707126204 ) ) ;
#929 = PERSON_AND_ORGANIZATION_ROLE ( 'creator' ) ;
#930 = TOROIDAL_SURFACE ( 'NONE', #455, 43.00000000000000000, 5.000000000000000000 ) ;
#931 = EDGE_CURVE ( 'NONE', #367, #1340, #1088, .T. ) ;
#932 = ORIENTED_EDGE ( 'NONE', *, *, #1222, .T. ) ;
#933 = AXIS2_PLACEMENT_3D ( 'NONE', #523, #961, #1384 ) ;
#934 = DIRECTION ( 'NONE',  ( -1.000000000000000000, 0.000000000000000000, 0.000000000000000000 ) ) ;
#935 = CARTESIAN_POINT ( 'NONE',  ( -2.250000000000022204, 39.75000000000000000, -201.2508899707126204 ) ) ;
#936 = EDGE_CURVE ( 'NONE', #857, #302, #725, .T. ) ;
#937 = DIRECTION ( 'NONE',  ( 0.000000000000000000, 1.000000000000000000, 0.000000000000000000 ) ) ;
#938 = ADVANCED_FACE ( 'NONE', ( #106 ), #116, .F. ) ;
#939 = ORIENTED_EDGE ( 'NONE', *, *, #376, .F. ) ;
#940 = VECTOR ( 'NONE', #192, 1000.000000000000000 ) ;
#941 = CARTESIAN_POINT ( 'NONE',  ( 36.49999999999997158, 0.000000000000000000, -201.2508899707126204 ) ) ;
#942 = DIRECTION ( 'NONE',  ( 1.000000000000000000, 0.000000000000000000, 0.000000000000000000 ) ) ;
#943 = DIRECTION ( 'NONE',  ( 1.000000000000000000, 0.000000000000000000, -0.000000000000000000 ) ) ;
#944 = CIRCLE ( 'NONE', #576, 39.74999999999994316 ) ;
#945 = EDGE_CURVE ( 'NONE', #154, #643, #11, .T. ) ;
#946 = ORIENTED_EDGE ( 'NONE', *, *, #198, .T. ) ;
#947 = ORIENTED_EDGE ( 'NONE', *, *, #418, .T. ) ;
#948 = FACE_OUTER_BOUND ( 'NONE', #261, .T. ) ;
#949 = CARTESIAN_POINT ( 'NONE',  ( -36.50000000000002842, 4.469960816887838430E-15, -130.5611695831245243 ) ) ;
#950 = LOCAL_TIME ( 0, 3, 56.00000000000000000, #1138 ) ;
#951 = CARTESIAN_POINT ( 'NONE',  ( 42.99999999999997158, 0.000000000000000000, -130.5611695831245243 ) ) ;
#952 = EDGE_CURVE ( 'NONE', #1171, #63, #304, .T. ) ;
#953 = VECTOR ( 'NONE', #89, 1000.000000000000000 ) ;
#954 = ORIENTED_EDGE ( 'NONE', *, *, #402, .T. ) ;
#955 = ORIENTED_EDGE ( 'NONE', *, *, #177, .T. ) ;
#956 = DIRECTION ( 'NONE',  ( -1.000000000000000000, 0.000000000000000000, 0.000000000000000000 ) ) ;
#957 = AXIS2_PLACEMENT_3D ( 'NONE', #1395, #1078, #978 ) ;
#958 = DIRECTION ( 'NONE',  ( -0.5000000000000038858, 0.000000000000000000, 0.8660254037844364872 ) ) ;
#959 = DIRECTION ( 'NONE',  ( 0.000000000000000000, 0.000000000000000000, 1.000000000000000000 ) ) ;
#960 = AXIS2_PLACEMENT_3D ( 'NONE', #1307, #1197, #1210 ) ;
#961 = DIRECTION ( 'NONE',  ( 0.000000000000000000, 0.000000000000000000, -1.000000000000000000 ) ) ;
#962 = ORIENTED_EDGE ( 'NONE', *, *, #181, .T. ) ;
#963 = CARTESIAN_POINT ( 'NONE',  ( 6.938893903907228378E-15, 0.000000000000000000, -201.2508899707126204 ) ) ;
#964 = DIRECTION ( 'NONE',  ( -0.000000000000000000, -0.000000000000000000, 1.000000000000000000 ) ) ;
#965 = CIRCLE ( 'NONE', #215, 38.24999999999997868 ) ;
#966 = DIRECTION ( 'NONE',  ( -1.000000000000000000, 0.000000000000000000, 0.000000000000000000 ) ) ;
#967 = DIRECTION ( 'NONE',  ( -0.000000000000000000, -1.000000000000000000, -0.000000000000000000 ) ) ;
#968 = ORIENTED_EDGE ( 'NONE', *, *, #80, .T. ) ;
#969 = DATE_TIME_ROLE ( 'creation_date' ) ;
#970 = CARTESIAN_POINT ( 'NONE',  ( 2.249999999999976463, 38.18376618407354073, -201.2508899707127057 ) ) ;
#971 = CIRCLE ( 'NONE', #178, 4.999999999999997335 ) ;
#972 = CARTESIAN_POINT ( 'NONE',  ( -39.74999999999997158, 0.000000000000000000, -175.2508899707126204 ) ) ;
#973 = CYLINDRICAL_SURFACE ( 'NONE', #822, 36.50000000000000000 ) ;
#974 = EDGE_CURVE ( 'NONE', #302, #857, #1269, .T. ) ;
#975 = AXIS2_PLACEMENT_3D ( 'NONE', #162, #1342, #371 ) ;
#976 = ORIENTED_EDGE ( 'NONE', *, *, #936, .F. ) ;
#977 = PERSON_AND_ORGANIZATION_ROLE ( 'design_owner' ) ;
#978 = DIRECTION ( 'NONE',  ( -1.000000000000000000, 0.000000000000000000, 0.000000000000000000 ) ) ;
#979 = VERTEX_POINT ( 'NONE', #1069 ) ;
#980 = DIRECTION ( 'NONE',  ( -0.3420201433256652157, 0.000000000000000000, -0.9396926207859096492 ) ) ;
#981 = VERTEX_POINT ( 'NONE', #446 ) ;
#982 = DIRECTION ( 'NONE',  ( -0.000000000000000000, -0.000000000000000000, -1.000000000000000000 ) ) ;
#983 = CIRCLE ( 'NONE', #918, 39.74999999999997868 ) ;
#984 = CARTESIAN_POINT ( 'NONE',  ( 6.938893903907228378E-15, 0.000000000000000000, -175.2508899707126204 ) ) ;
#985 = EDGE_CURVE ( 'NONE', #640, #222, #645, .T. ) ;
#986 = LINE ( 'NONE', #1083, #600 ) ;
#987 = EDGE_LOOP ( 'NONE', ( #769, #571, #559, #370 ) ) ;
#988 = VECTOR ( 'NONE', #469, 1000.000000000000000 ) ;
#989 = AXIS2_PLACEMENT_3D ( 'NONE', #312, #1064, #966 ) ;
#990 = CARTESIAN_POINT ( 'NONE',  ( -2.775557561562891351E-14, 0.000000000000000000, -130.5611695831245243 ) ) ;
#991 = ADVANCED_FACE ( 'NONE', ( #315 ), #1362, .F. ) ;
#992 = CARTESIAN_POINT ( 'NONE',  ( 165.9999999999998863, 0.000000000000000000, 95.84014468547886167 ) ) ;
#993 = EDGE_LOOP ( 'NONE', ( #610, #756, #939, #83 ) ) ;
#994 = AXIS2_PLACEMENT_3D ( 'NONE', #220, #646, #19 ) ;
#995 = DIRECTION ( 'NONE',  ( 1.000000000000000000, 0.000000000000000000, 0.000000000000000000 ) ) ;
#996 = ORIENTED_EDGE ( 'NONE', *, *, #80, .F. ) ;
#997 = AXIS2_PLACEMENT_3D ( 'NONE', #2, #28, #774 ) ;
#998 = CARTESIAN_POINT ( 'NONE',  ( 140.0000000000000000, 0.000000000000000000, -80.82903768654719556 ) ) ;
#999 = DIRECTION ( 'NONE',  ( -1.000000000000000000, 0.000000000000000000, 0.000000000000000000 ) ) ;
#1000 = ORIENTED_EDGE ( 'NONE', *, *, #945, .F. ) ;
#1001 = CARTESIAN_POINT ( 'NONE',  ( 6.938893903907228378E-15, 0.000000000000000000, -175.2508899707126204 ) ) ;
#1002 = ORIENTED_EDGE ( 'NONE', *, *, #432, .F. ) ;
#1003 = CARTESIAN_POINT ( 'NONE',  ( -38.18376618407352652, -2.249999999999999112, -175.2508899707126204 ) ) ;
#1004 = AXIS2_PLACEMENT_3D ( 'NONE', #816, #298, #386 ) ;
#1005 = CARTESIAN_POINT ( 'NONE',  ( 140.0000000000000000, 0.000000000000000000, -80.82903768654719556 ) ) ;
#1006 = CARTESIAN_POINT ( 'NONE',  ( 39.74999999999998579, 4.867971026610726872E-15, -175.2508899707126204 ) ) ;
#1007 = EDGE_LOOP ( 'NONE', ( #976, #712, #45, #532 ) ) ;
#1008 = CIRCLE ( 'NONE', #1233, 38.00000000000000000 ) ;
#1009 = CARTESIAN_POINT ( 'NONE',  ( -38.18376618407352652, -2.250000000000000000, -201.2508899707126204 ) ) ;
#1010 = PERSON ( 'UNSPECIFIED', 'UNSPECIFIED', 'UNSPECIFIED', ('UNSPECIFIED'), ('UNSPECIFIED'), ('UNSPECIFIED') ) ;
#1011 = ORIENTED_EDGE ( 'NONE', *, *, #151, .T. ) ;
#1012 = CARTESIAN_POINT ( 'NONE',  ( -1.040834085586084257E-14, 0.000000000000000000, -137.1325248742548695 ) ) ;
#1013 = LINE ( 'NONE', #156, #1366 ) ;
#1014 = CALENDAR_DATE ( 2026, 16, 9 ) ;
#1015 = VECTOR ( 'NONE', #296, 1000.000000000000114 ) ;
#1016 = EDGE_LOOP ( 'NONE', ( #1126, #293, #1011, #1300 ) ) ;
#1017 = DIRECTION ( 'NONE',  ( -1.110223024625156540E-16, 0.000000000000000000, -1.000000000000000000 ) ) ;
#1018 = TOROIDAL_SURFACE ( 'NONE', #751, 34.75000000000000000, 3.500000000000000000 ) ;
#1019 = ORIENTED_EDGE ( 'NONE', *, *, #426, .T. ) ;
#1020 = DIRECTION ( 'NONE',  ( 0.000000000000000000, 0.000000000000000000, 1.000000000000000000 ) ) ;
#1021 = DIRECTION ( 'NONE',  ( -1.110223024625156540E-16, 0.000000000000000000, -1.000000000000000000 ) ) ;
#1022 = CIRCLE ( 'NONE', #886, 38.24999999999997868 ) ;
#1023 = ORIENTED_EDGE ( 'NONE', *, *, #198, .F. ) ;
#1024 = DIRECTION ( 'NONE',  ( -0.000000000000000000, -0.000000000000000000, 1.000000000000000000 ) ) ;
#1025 = ORIENTED_EDGE ( 'NONE', *, *, #1070, .F. ) ;
#1026 = CARTESIAN_POINT ( 'NONE',  ( -1.040834085586084257E-14, 0.000000000000000000, -137.1325248742548695 ) ) ;
#1027 = ADVANCED_FACE ( 'NONE', ( #1288 ), #1295, .T. ) ;
#1028 = CYLINDRICAL_SURFACE ( 'NONE', #689, 38.00000000000000000 ) ;
#1029 = AXIS2_PLACEMENT_3D ( 'NONE', #1227, #250, #671 ) ;
#1030 = VERTEX_POINT ( 'NONE', #867 ) ;
#1031 = DIRECTION ( 'NONE',  ( -1.000000000000000000, 1.224646799147354193E-16, 0.000000000000000000 ) ) ;
#1032 = CC_DESIGN_PERSON_AND_ORGANIZATION_ASSIGNMENT ( #637, #1067, ( #1382 ) ) ;
#1033 = CARTESIAN_POINT ( 'NONE',  ( 51.74999999999921840, 4.469960816887838430E-15, 72.02444608140581295 ) ) ;
#1034 = VECTOR ( 'NONE', #732, 1000.000000000000000 ) ;
#1035 = DIRECTION ( 'NONE',  ( -0.000000000000000000, -0.000000000000000000, 1.000000000000000000 ) ) ;
#1036 = ORIENTED_EDGE ( 'NONE', *, *, #1077, .F. ) ;
#1037 = ADVANCED_FACE ( 'NONE', ( #436 ), #336, .T. ) ;
#1038 = DIRECTION ( 'NONE',  ( -0.000000000000000000, -1.000000000000000000, -0.000000000000000000 ) ) ;
#1039 = DIRECTION ( 'NONE',  ( -1.000000000000000000, 0.000000000000000000, 0.000000000000000000 ) ) ;
#1040 = CARTESIAN_POINT ( 'NONE',  ( 38.24999999999998579, 4.684274006738623361E-15, -201.2508899707127057 ) ) ;
#1041 = EDGE_LOOP ( 'NONE', ( #955, #39, #274, #1253 ) ) ;
#1042 = CARTESIAN_POINT ( 'NONE',  ( 39.74999999999997868, -2.250000000000000000, -175.2508899707126204 ) ) ;
#1043 = DIRECTION ( 'NONE',  ( -0.000000000000000000, -0.000000000000000000, 1.000000000000000000 ) ) ;
#1044 = DIRECTION ( 'NONE',  ( 1.000000000000000000, 0.000000000000000000, 0.000000000000000000 ) ) ;
#1045 = EDGE_LOOP ( 'NONE', ( #1019, #901, #1102, #491 ) ) ;
#1046 = CIRCLE ( 'NONE', #685, 38.00000000000000000 ) ;
#1047 = ORIENTED_EDGE ( 'NONE', *, *, #798, .T. ) ;
#1048 = CARTESIAN_POINT ( 'NONE',  ( 34.74999999999998579, 0.000000000000000000, -137.1325248742548695 ) ) ;
#1049 = ADVANCED_FACE ( 'NONE', ( #329 ), #1205, .T. ) ;
#1050 = DIRECTION ( 'NONE',  ( 0.8660254037844363761, 0.000000000000000000, 0.5000000000000039968 ) ) ;
#1051 = DIRECTION ( 'NONE',  ( -1.000000000000000000, 0.000000000000000000, 0.000000000000000000 ) ) ;
#1052 = AXIS2_PLACEMENT_3D ( 'NONE', #796, #1021, #140 ) ;
#1053 = ORIENTED_EDGE ( 'NONE', *, *, #492, .F. ) ;
#1054 = ORIENTED_EDGE ( 'NONE', *, *, #152, .T. ) ;
#1055 = CARTESIAN_POINT ( 'NONE',  ( -38.30153689607048051, 0.000000000000000000, -132.2712702997528424 ) ) ;
#1056 = APPLICATION_CONTEXT ( 'configuration controlled 3d designs of mechanical parts and assemblies' ) ;
#1057 = PLANE ( 'NONE',  #1311 ) ;
#1058 = CARTESIAN_POINT ( 'NONE',  ( 185.0000000000000568, 0.000000000000000000, 62.93117934167027983 ) ) ;
#1059 = AXIS2_PLACEMENT_3D ( 'NONE', #874, #1303, #337 ) ;
#1060 = PLANE ( 'NONE',  #933 ) ;
#1061 = AXIS2_PLACEMENT_3D ( 'NONE', #1310, #1299, #885 ) ;
#1062 = VERTEX_POINT ( 'NONE', #535 ) ;
#1063 = DIRECTION ( 'NONE',  ( -0.8660254037844364872, 0.000000000000000000, -0.5000000000000038858 ) ) ;
#1064 = DIRECTION ( 'NONE',  ( -0.000000000000000000, -0.000000000000000000, -1.000000000000000000 ) ) ;
#1065 = VERTEX_POINT ( 'NONE', #759 ) ;
#1066 = EDGE_LOOP ( 'NONE', ( #807, #457, #517, #1036 ) ) ;
#1067 = PERSON_AND_ORGANIZATION_ROLE ( 'creator' ) ;
#1068 = VECTOR ( 'NONE', #65, 1000.000000000000000 ) ;
#1069 = CARTESIAN_POINT ( 'NONE',  ( 38.24999999999998579, 4.684274006738623361E-15, -175.2508899707126204 ) ) ;
#1070 = EDGE_CURVE ( 'NONE', #565, #747, #660, .T. ) ;
#1071 = ORIENTED_EDGE ( 'NONE', *, *, #770, .T. ) ;
#1072 = CYLINDRICAL_SURFACE ( 'NONE', #562, 38.00000000000000000 ) ;
#1073 = EDGE_CURVE ( 'NONE', #857, #488, #1190, .T. ) ;
#1074 = CARTESIAN_POINT ( 'NONE',  ( -39.75000000000009237, 0.000000000000000000, -136.2508899707126488 ) ) ;
#1075 = ORIENTED_EDGE ( 'NONE', *, *, #550, .T. ) ;
#1076 = APPLICATION_PROTOCOL_DEFINITION ( 'international standard', 'config_control_design', 1994, #694 ) ;
#1077 = EDGE_CURVE ( 'NONE', #726, #403, #657, .T. ) ;
#1078 = DIRECTION ( 'NONE',  ( -0.000000000000000000, -0.000000000000000000, -1.000000000000000000 ) ) ;
#1079 = AXIS2_PLACEMENT_3D ( 'NONE', #700, #59, #956 ) ;
#1080 = EDGE_CURVE ( 'NONE', #63, #1171, #232, .T. ) ;
#1081 = FACE_OUTER_BOUND ( 'NONE', #16, .T. ) ;
#1082 = CC_DESIGN_APPROVAL ( #393, ( #1260 ) ) ;
#1083 = CARTESIAN_POINT ( 'NONE',  ( -38.18376618407352652, 2.249999999999999112, -201.2508899707127057 ) ) ;
#1084 = CIRCLE ( 'NONE', #479, 6.499999999999999112 ) ;
#1085 = ORIENTED_EDGE ( 'NONE', *, *, #328, .F. ) ;
#1086 = LINE ( 'NONE', #141, #400 ) ;
#1087 = EDGE_CURVE ( 'NONE', #288, #396, #591, .T. ) ;
#1088 = LINE ( 'NONE', #970, #659 ) ;
#1089 = AXIS2_PLACEMENT_3D ( 'NONE', #1243, #1125, #354 ) ;
#1090 = EDGE_CURVE ( 'NONE', #154, #150, #1139, .T. ) ;
#1091 = DIRECTION ( 'NONE',  ( 0.000000000000000000, 1.000000000000000000, 0.000000000000000000 ) ) ;
#1092 = CARTESIAN_POINT ( 'NONE',  ( 69.99999999999937472, 0.000000000000000000, 40.41451884327391753 ) ) ;
#1093 = AXIS2_PLACEMENT_3D ( 'NONE', #216, #665, #526 ) ;
#1094 = EDGE_CURVE ( 'NONE', #1030, #24, #153, .T. ) ;
#1095 = EDGE_CURVE ( 'NONE', #1217, #834, #482, .T. ) ;
#1096 = ORIENTED_EDGE ( 'NONE', *, *, #190, .T. ) ;
#1097 = CARTESIAN_POINT ( 'NONE',  ( -1.040834085586084257E-14, 0.000000000000000000, -137.1325248742548695 ) ) ;
#1098 = EDGE_CURVE ( 'NONE', #919, #1158, #1022, .T. ) ;
#1099 = VECTOR ( 'NONE', #502, 1000.000000000000000 ) ;
#1100 = CARTESIAN_POINT ( 'NONE',  ( -2.775557561562891351E-14, 0.000000000000000000, -130.5611695831245243 ) ) ;
#1101 = DIRECTION ( 'NONE',  ( -1.000000000000000000, 0.000000000000000000, 0.000000000000000000 ) ) ;
#1102 = ORIENTED_EDGE ( 'NONE', *, *, #1341, .F. ) ;
#1103 = VECTOR ( 'NONE', #1391, 1000.000000000000000 ) ;
#1104 = DIRECTION ( 'NONE',  ( 1.224646799147353207E-16, 1.000000000000000000, -0.000000000000000000 ) ) ;
#1105 = ORIENTED_EDGE ( 'NONE', *, *, #363, .F. ) ;
#1106 = CARTESIAN_POINT ( 'NONE',  ( 2.249999999999977351, 39.68626966596880123, -201.2508899707126204 ) ) ;
#1107 = DIRECTION ( 'NONE',  ( -1.000000000000000000, 0.000000000000000000, 1.110223024625156540E-16 ) ) ;
#1108 = ORIENTED_EDGE ( 'NONE', *, *, #463, .T. ) ;
#1109 = PRODUCT ( '79-8545 - 76mm 60deg', '79-8545 - 76mm 60deg', '', ( #10 ) ) ;
#1110 = CARTESIAN_POINT ( 'NONE',  ( -39.68626966596880123, 2.250000000000000000, -201.2508899707126204 ) ) ;
#1111 = VERTEX_POINT ( 'NONE', #786 ) ;
#1112 = AXIS2_PLACEMENT_3D ( 'NONE', #433, #1194, #347 ) ;
#1113 = PLANE ( 'NONE',  #975 ) ;
#1114 = DIRECTION ( 'NONE',  ( 0.000000000000000000, 0.000000000000000000, 1.000000000000000000 ) ) ;
#1115 = COORDINATED_UNIVERSAL_TIME_OFFSET ( 1, 0, .AHEAD. ) ;
#1116 = ORIENTED_EDGE ( 'NONE', *, *, #1095, .T. ) ;
#1117 = DIRECTION ( 'NONE',  ( 1.000000000000000000, 0.000000000000000000, 0.000000000000000000 ) ) ;
#1118 = ORIENTED_EDGE ( 'NONE', *, *, #819, .F. ) ;
#1119 = CARTESIAN_POINT ( 'NONE',  ( 140.0000000000000000, 0.000000000000000000, -80.82903768654719556 ) ) ;
#1120 = EDGE_CURVE ( 'NONE', #1271, #219, #1206, .T. ) ;
#1121 = CIRCLE ( 'NONE', #820, 38.00000000000000000 ) ;
#1122 = CARTESIAN_POINT ( 'NONE',  ( 6.938893903907228378E-15, 0.000000000000000000, -175.2508899707126204 ) ) ;
#1123 = EDGE_LOOP ( 'NONE', ( #1257, #871, #6, #968 ) ) ;
#1124 = CIRCLE ( 'NONE', #1052, 38.24999999999997868 ) ;
#1125 = DIRECTION ( 'NONE',  ( 0.000000000000000000, 1.000000000000000000, 0.000000000000000000 ) ) ;
#1126 = ORIENTED_EDGE ( 'NONE', *, *, #1337, .F. ) ;
#1127 = DIRECTION ( 'NONE',  ( 0.000000000000000000, 0.000000000000000000, 1.000000000000000000 ) ) ;
#1128 = DIRECTION ( 'NONE',  ( -1.000000000000000000, 0.000000000000000000, 0.000000000000000000 ) ) ;
#1129 = VERTEX_POINT ( 'NONE', #1110 ) ;
#1130 = ORGANIZATION ( 'UNSPECIFIED', 'UNSPECIFIED', '' ) ;
#1131 = DIRECTION ( 'NONE',  ( -0.000000000000000000, -0.000000000000000000, -1.000000000000000000 ) ) ;
#1132 = EDGE_CURVE ( 'NONE', #1030, #813, #522, .T. ) ;
#1133 = AXIS2_PLACEMENT_3D ( 'NONE', #1100, #12, #537 ) ;
#1134 = VERTEX_POINT ( 'NONE', #53 ) ;
#1135 = CARTESIAN_POINT ( 'NONE',  ( 2.249999999999977351, -39.68626966596883676, -175.2508899707126204 ) ) ;
#1136 = EDGE_CURVE ( 'NONE', #1285, #574, #920, .T. ) ;
#1137 = LINE ( 'NONE', #372, #217 ) ;
#1138 = COORDINATED_UNIVERSAL_TIME_OFFSET ( 1, 0, .AHEAD. ) ;
#1139 = CIRCLE ( 'NONE', #836, 38.24999999999997868 ) ;
#1140 = ORIENTED_EDGE ( 'NONE', *, *, #1328, .F. ) ;
#1141 = ADVANCED_FACE ( 'NONE', ( #572 ), #773, .T. ) ;
#1142 = EDGE_CURVE ( 'NONE', #726, #488, #598, .T. ) ;
#1143 = CARTESIAN_POINT ( 'NONE',  ( -34.75000000000001421, 4.255647627037052709E-15, -137.1325248742548695 ) ) ;
#1144 = AXIS2_PLACEMENT_3D ( 'NONE', #243, #210, #544 ) ;
#1145 = CYLINDRICAL_SURFACE ( 'NONE', #297, 36.50000000000000000 ) ;
#1146 = DIRECTION ( 'NONE',  ( 0.000000000000000000, 1.000000000000000000, 0.000000000000000000 ) ) ;
#1147 = ADVANCED_FACE ( 'NONE', ( #801 ), #262, .F. ) ;
#1148 = ORIENTED_EDGE ( 'NONE', *, *, #218, .T. ) ;
#1149 = FACE_OUTER_BOUND ( 'NONE', #1236, .T. ) ;
#1150 = FACE_OUTER_BOUND ( 'NONE', #762, .T. ) ;
#1151 = ORIENTED_EDGE ( 'NONE', *, *, #1204, .F. ) ;
#1152 = AXIS2_PLACEMENT_3D ( 'NONE', #1172, #1196, #470 ) ;
#1153 = CARTESIAN_POINT ( 'NONE',  ( 38.18376618407354073, -2.249999999999999112, -201.2508899707127057 ) ) ;
#1154 = LINE ( 'NONE', #935, #443 ) ;
#1155 = AXIS2_PLACEMENT_3D ( 'NONE', #869, #245, #862 ) ;
#1156 = CARTESIAN_POINT ( 'NONE',  ( -2.775557561562891351E-14, 0.000000000000000000, -135.4224241576265229 ) ) ;
#1157 = ADVANCED_FACE ( 'NONE', ( #793 ), #241, .T. ) ;
#1158 = VERTEX_POINT ( 'NONE', #1009 ) ;
#1159 = ORIENTED_EDGE ( 'NONE', *, *, #1094, .T. ) ;
#1160 = FACE_OUTER_BOUND ( 'NONE', #69, .T. ) ;
#1161 = LINE ( 'NONE', #305, #940 ) ;
#1162 = PLANE ( 'NONE',  #879 ) ;
#1163 = ORIENTED_EDGE ( 'NONE', *, *, #1090, .F. ) ;
#1164 = CONICAL_SURFACE ( 'NONE', #1211, 39.75000000000006395, 0.3490658503988621209 ) ;
#1165 = ORIENTED_EDGE ( 'NONE', *, *, #1180, .T. ) ;
#1166 = CARTESIAN_POINT ( 'NONE',  ( 2.249999999999977351, 39.75000000000000000, -201.2508899707126204 ) ) ;
#1167 = DIRECTION ( 'NONE',  ( -1.000000000000000000, 0.000000000000000000, 0.000000000000000000 ) ) ;
#1168 = FACE_OUTER_BOUND ( 'NONE', #1066, .T. ) ;
#1169 = VECTOR ( 'NONE', #286, 1000.000000000000000 ) ;
#1170 = CARTESIAN_POINT ( 'NONE',  ( 37.99999999999997158, 0.000000000000000000, -80.82903768654713872 ) ) ;
#1171 = VERTEX_POINT ( 'NONE', #474 ) ;
#1172 = CARTESIAN_POINT ( 'NONE',  ( -2.250000000000022204, 39.75000000000000000, -175.2508899707126204 ) ) ;
#1173 = DIRECTION ( 'NONE',  ( 0.8660254037844363761, 0.000000000000000000, 0.5000000000000039968 ) ) ;
#1174 = CARTESIAN_POINT ( 'NONE',  ( -38.00000000000002842, 4.653657836759941941E-15, -201.2508899707126204 ) ) ;
#1175 = AXIS2_PLACEMENT_3D ( 'NONE', #915, #55, #168 ) ;
#1176 = CARTESIAN_POINT ( 'NONE',  ( -38.24999999999997158, 0.000000000000000000, -175.2508899707126204 ) ) ;
#1177 = VECTOR ( 'NONE', #207, 1000.000000000000000 ) ;
#1178 = ORIENTED_EDGE ( 'NONE', *, *, #1098, .T. ) ;
#1179 = DATE_AND_TIME ( #865, #761 ) ;
#1180 = EDGE_CURVE ( 'NONE', #1321, #1338, #983, .T. ) ;
#1181 = DIRECTION ( 'NONE',  ( -1.000000000000000000, 0.000000000000000000, 0.000000000000000000 ) ) ;
#1182 = EDGE_LOOP ( 'NONE', ( #350, #721, #1116, #666 ) ) ;
#1183 = CARTESIAN_POINT ( 'NONE',  ( 2.249999999999977351, 39.75000000000000000, -175.2508899707126204 ) ) ;
#1184 = ORIENTED_EDGE ( 'NONE', *, *, #838, .T. ) ;
#1185 = EDGE_CURVE ( 'NONE', #687, #1134, #894, .T. ) ;
#1186 = ORIENTED_EDGE ( 'NONE', *, *, #1232, .F. ) ;
#1187 = LINE ( 'NONE', #629, #900 ) ;
#1188 = ADVANCED_FACE ( 'NONE', ( #144 ), #1164, .T. ) ;
#1189 = CIRCLE ( 'NONE', #74, 38.03892417275070414 ) ;
#1190 = LINE ( 'NONE', #452, #1265 ) ;
#1191 = ORIENTED_EDGE ( 'NONE', *, *, #152, .F. ) ;
#1192 = DIRECTION ( 'NONE',  ( 0.000000000000000000, 0.000000000000000000, 1.000000000000000000 ) ) ;
#1193 = VECTOR ( 'NONE', #817, 1000.000000000000000 ) ;
#1194 = DIRECTION ( 'NONE',  ( -1.110223024625156540E-16, 0.000000000000000000, -1.000000000000000000 ) ) ;
#1195 = ORIENTED_EDGE ( 'NONE', *, *, #754, .T. ) ;
#1196 = DIRECTION ( 'NONE',  ( 1.000000000000000000, 0.000000000000000000, -0.000000000000000000 ) ) ;
#1197 = DIRECTION ( 'NONE',  ( -0.000000000000000000, -0.000000000000000000, 1.000000000000000000 ) ) ;
#1198 = CIRCLE ( 'NONE', #1323, 38.24999999999997868 ) ;
#1199 = DIRECTION ( 'NONE',  ( 0.000000000000000000, 0.000000000000000000, -1.000000000000000000 ) ) ;
#1200 = PLANE ( 'NONE',  #330 ) ;
#1201 = AXIS2_PLACEMENT_3D ( 'NONE', #1290, #1192, #227 ) ;
#1202 = ORIENTED_EDGE ( 'NONE', *, *, #387, .T. ) ;
#1203 = CALENDAR_DATE ( 2026, 16, 9 ) ;
#1204 = EDGE_CURVE ( 'NONE', #794, #1273, #846, .T. ) ;
#1205 = PLANE ( 'NONE',  #458 ) ;
#1206 = CIRCLE ( 'NONE', #768, 38.30153689607045209 ) ;
#1207 = CARTESIAN_POINT ( 'NONE',  ( 6.938893903907228378E-15, 0.000000000000000000, -201.2508899707127057 ) ) ;
#1208 = CONICAL_SURFACE ( 'NONE', #1144, 38.34046106882119886, 0.3490658503988621209 ) ;
#1209 = ORIENTED_EDGE ( 'NONE', *, *, #908, .T. ) ;
#1210 = DIRECTION ( 'NONE',  ( 1.000000000000000000, 0.000000000000000000, 0.000000000000000000 ) ) ;
#1211 = AXIS2_PLACEMENT_3D ( 'NONE', #37, #1131, #270 ) ;
#1212 = VECTOR ( 'NONE', #133, 1000.000000000000000 ) ;
#1213 = DIRECTION ( 'NONE',  ( -1.110223024625156540E-16, 0.000000000000000000, -1.000000000000000000 ) ) ;
#1214 = ORIENTED_EDGE ( 'NONE', *, *, #387, .F. ) ;
#1215 = AXIS2_PLACEMENT_3D ( 'NONE', #306, #718, #504 ) ;
#1216 = DIRECTION ( 'NONE',  ( 0.000000000000000000, 0.000000000000000000, -1.000000000000000000 ) ) ;
#1217 = VERTEX_POINT ( 'NONE', #617 ) ;
#1218 = DIRECTION ( 'NONE',  ( 1.000000000000000000, 0.000000000000000000, 0.000000000000000000 ) ) ;
#1219 = DIRECTION ( 'NONE',  ( -0.000000000000000000, -0.000000000000000000, -1.000000000000000000 ) ) ;
#1220 = EDGE_LOOP ( 'NONE', ( #281, #453, #355, #554 ) ) ;
#1221 = CARTESIAN_POINT ( 'NONE',  ( 6.938893903907228378E-15, 0.000000000000000000, -137.1325248742548695 ) ) ;
#1222 = EDGE_CURVE ( 'NONE', #834, #1217, #799, .T. ) ;
#1223 = ORIENTED_EDGE ( 'NONE', *, *, #122, .T. ) ;
#1224 = DIRECTION ( 'NONE',  ( 0.000000000000000000, -1.000000000000000000, 0.000000000000000000 ) ) ;
#1225 = PERSON_AND_ORGANIZATION ( #1010, #1130 ) ;
#1226 = ORIENTED_EDGE ( 'NONE', *, *, #73, .F. ) ;
#1227 = CARTESIAN_POINT ( 'NONE',  ( -1.040834085586084257E-14, 0.000000000000000000, -137.1325248742548695 ) ) ;
#1228 = ORIENTED_EDGE ( 'NONE', *, *, #1324, .F. ) ;
#1229 = DIRECTION ( 'NONE',  ( 1.000000000000000000, 0.000000000000000000, 0.000000000000000000 ) ) ;
#1230 = CARTESIAN_POINT ( 'NONE',  ( -2.775557561562891351E-14, 0.000000000000000000, -201.2508899707126204 ) ) ;
#1231 = ORIENTED_EDGE ( 'NONE', *, *, #135, .F. ) ;
#1232 = EDGE_CURVE ( 'NONE', #63, #444, #662, .T. ) ;
#1233 = AXIS2_PLACEMENT_3D ( 'NONE', #148, #273, #578 ) ;
#1234 = DIRECTION ( 'NONE',  ( -1.000000000000000000, 0.000000000000000000, 0.000000000000000000 ) ) ;
#1235 = CIRCLE ( 'NONE', #735, 38.24999999999997868 ) ;
#1236 = EDGE_LOOP ( 'NONE', ( #295, #604, #480, #1228, #616, #1000, #378, #842, #1178, #113, #254, #348 ) ) ;
#1237 = CARTESIAN_POINT ( 'NONE',  ( -43.00000000000002132, 5.265981236333618470E-15, -130.5611695831245243 ) ) ;
#1238 = FACE_OUTER_BOUND ( 'NONE', #100, .T. ) ;
#1239 = EDGE_CURVE ( 'NONE', #302, #726, #599, .T. ) ;
#1240 = ADVANCED_FACE ( 'NONE', ( #948 ), #1353, .T. ) ;
#1241 = ORIENTED_EDGE ( 'NONE', *, *, #485, .T. ) ;
#1242 = ADVANCED_FACE ( 'NONE', ( #1160 ), #1272, .T. ) ;
#1243 = CARTESIAN_POINT ( 'NONE',  ( 140.0000000000000000, -4.469960816887838430E-15, -80.82903768654719556 ) ) ;
#1244 = CIRCLE ( 'NONE', #21, 36.50000000000000000 ) ;
#1245 = ORIENTED_EDGE ( 'NONE', *, *, #86, .F. ) ;
#1246 = DIRECTION ( 'NONE',  ( -0.000000000000000000, -0.000000000000000000, -1.000000000000000000 ) ) ;
#1247 = CARTESIAN_POINT ( 'NONE',  ( -2.250000000000022204, 39.75000000000000000, -175.2508899707126204 ) ) ;
#1248 = EDGE_LOOP ( 'NONE', ( #230, #1075, #496, #856 ) ) ;
#1249 = CARTESIAN_POINT ( 'NONE',  ( 69.99999999999941735, 0.000000000000000000, 40.41451884327385358 ) ) ;
#1250 = CARTESIAN_POINT ( 'NONE',  ( 69.99999999999940314, 0.000000000000000000, 40.41451884327391753 ) ) ;
#1251 = CARTESIAN_POINT ( 'NONE',  ( 38.18376618407354073, 2.250000000000000000, -201.2508899707126204 ) ) ;
#1252 = CIRCLE ( 'NONE', #465, 39.74999999999994316 ) ;
#1253 = ORIENTED_EDGE ( 'NONE', *, *, #843, .T. ) ;
#1254 = CARTESIAN_POINT ( 'NONE',  ( 38.18376618407354073, -2.250000000000000000, -201.2508899707126204 ) ) ;
#1255 = FACE_OUTER_BOUND ( 'NONE', #364, .T. ) ;
#1256 = CARTESIAN_POINT ( 'NONE',  ( 39.68626966596883676, 2.249999999999999112, -201.2508899707127057 ) ) ;
#1257 = ORIENTED_EDGE ( 'NONE', *, *, #838, .F. ) ;
#1258 = VECTOR ( 'NONE', #1038, 1000.000000000000000 ) ;
#1259 = DIRECTION ( 'NONE',  ( 1.224646799147353207E-16, 1.000000000000000000, -0.000000000000000000 ) ) ;
#1260 = SECURITY_CLASSIFICATION ( '', '', #1336 ) ;
#1261 = FACE_OUTER_BOUND ( 'NONE', #674, .T. ) ;
#1262 = VECTOR ( 'NONE', #1051, 1000.000000000000000 ) ;
#1263 = DIRECTION ( 'NONE',  ( -0.000000000000000000, -0.000000000000000000, -1.000000000000000000 ) ) ;
#1264 = ORIENTED_EDGE ( 'NONE', *, *, #1080, .T. ) ;
#1265 = VECTOR ( 'NONE', #1024, 1000.000000000000000 ) ;
#1266 = VERTEX_POINT ( 'NONE', #413 ) ;
#1267 = CARTESIAN_POINT ( 'NONE',  ( 38.18376618407354073, -2.250000000000000000, -175.2508899707126204 ) ) ;
#1268 = CYLINDRICAL_SURFACE ( 'NONE', #1294, 36.50000000000000000 ) ;
#1269 = CIRCLE ( 'NONE', #237, 36.50000000000000000 ) ;
#1270 = DIRECTION ( 'NONE',  ( 0.000000000000000000, 0.000000000000000000, 1.000000000000000000 ) ) ;
#1271 = VERTEX_POINT ( 'NONE', #1055 ) ;
#1272 = TOROIDAL_SURFACE ( 'NONE', #489, 140.0000000000000568, 38.00000000000000000 ) ;
#1273 = VERTEX_POINT ( 'NONE', #1371 ) ;
#1274 = EDGE_CURVE ( 'NONE', #138, #1030, #714, .T. ) ;
#1275 = CARTESIAN_POINT ( 'NONE',  ( -2.775557561562891351E-14, 0.000000000000000000, -80.82903768654713872 ) ) ;
#1276 = DIRECTION ( 'NONE',  ( 0.3420201433256652157, 4.188538737676948008E-17, -0.9396926207859096492 ) ) ;
#1277 = CIRCLE ( 'NONE', #311, 38.30153689607045209 ) ;
#1278 = CARTESIAN_POINT ( 'NONE',  ( -2.250000000000021316, 39.68626966596882966, -201.2508899707127057 ) ) ;
#1279 = APPROVAL ( #872, 'UNSPECIFIED' ) ;
#1280 = ORIENTED_EDGE ( 'NONE', *, *, #534, .F. ) ;
#1281 = PERSON_AND_ORGANIZATION ( #1010, #1130 ) ;
#1282 = DIRECTION ( 'NONE',  ( -1.000000000000000000, 0.000000000000000000, 0.000000000000000000 ) ) ;
#1283 = ADVANCED_FACE ( 'NONE', ( #815 ), #498, .F. ) ;
#1284 = CARTESIAN_POINT ( 'NONE',  ( -2.775557561562891351E-14, 0.000000000000000000, -130.5611695831245243 ) ) ;
#1285 = VERTEX_POINT ( 'NONE', #1365 ) ;
#1286 = EDGE_LOOP ( 'NONE', ( #1165, #142, #684, #1390, #483, #844 ) ) ;
#1287 = PLANE ( 'NONE',  #1152 ) ;
#1288 = FACE_OUTER_BOUND ( 'NONE', #1358, .T. ) ;
#1289 = VERTEX_POINT ( 'NONE', #835 ) ;
#1290 = CARTESIAN_POINT ( 'NONE',  ( -2.775557561562891351E-14, 0.000000000000000000, -135.9354543726150268 ) ) ;
#1291 = CARTESIAN_POINT ( 'NONE',  ( 38.03892417275067572, 4.658424673116803262E-15, -135.9354543726150268 ) ) ;
#1292 = ORIENTED_EDGE ( 'NONE', *, *, #301, .F. ) ;
#1293 = COORDINATED_UNIVERSAL_TIME_OFFSET ( 1, 0, .AHEAD. ) ;
#1294 = AXIS2_PLACEMENT_3D ( 'NONE', #1250, #1050, #285 ) ;
#1295 = CYLINDRICAL_SURFACE ( 'NONE', #957, 39.74999999999997868 ) ;
#1296 = DIRECTION ( 'NONE',  ( -0.000000000000000000, -1.000000000000000000, -0.000000000000000000 ) ) ;
#1297 = EDGE_CURVE ( 'NONE', #150, #919, #926, .T. ) ;
#1298 = ADVANCED_FACE ( 'NONE', ( #1149 ), #1359, .F. ) ;
#1299 = DIRECTION ( 'NONE',  ( -1.110223024625156540E-16, 0.000000000000000000, -1.000000000000000000 ) ) ;
#1300 = ORIENTED_EDGE ( 'NONE', *, *, #442, .T. ) ;
#1301 = APPROVAL_ROLE ( '' ) ;
#1302 = DIRECTION ( 'NONE',  ( 0.000000000000000000, 0.000000000000000000, 1.000000000000000000 ) ) ;
#1303 = DIRECTION ( 'NONE',  ( -0.000000000000000000, -0.000000000000000000, -1.000000000000000000 ) ) ;
#1304 = CARTESIAN_POINT ( 'NONE',  ( 39.74999999999998579, 4.867971026610726872E-15, -201.2508899707127057 ) ) ;
#1305 = AXIS2_PLACEMENT_3D ( 'NONE', #882, #345, #139 ) ;
#1306 = VERTEX_POINT ( 'NONE', #1254 ) ;
#1307 = CARTESIAN_POINT ( 'NONE',  ( -2.775557561562891351E-14, 0.000000000000000000, -130.5611695831245243 ) ) ;
#1308 = AXIS2_PLACEMENT_3D ( 'NONE', #912, #1104, #1331 ) ;
#1309 = LINE ( 'NONE', #1183, #630 ) ;
#1310 = CARTESIAN_POINT ( 'NONE',  ( -2.775557561562891351E-14, 0.000000000000000000, -80.82903768654713872 ) ) ;
#1311 = AXIS2_PLACEMENT_3D ( 'NONE', #624, #87, #618 ) ;
#1312 = VERTEX_POINT ( 'NONE', #1267 ) ;
#1313 = CARTESIAN_POINT ( 'NONE',  ( 69.99999999999941735, 0.000000000000000000, 40.41451884327385358 ) ) ;
#1314 = ORIENTED_EDGE ( 'NONE', *, *, #328, .T. ) ;
#1315 = DIRECTION ( 'NONE',  ( -0.000000000000000000, -0.000000000000000000, 1.000000000000000000 ) ) ;
#1316 = DIRECTION ( 'NONE',  ( -1.000000000000000000, 0.000000000000000000, 0.000000000000000000 ) ) ;
#1317 = EDGE_CURVE ( 'NONE', #781, #1271, #473, .T. ) ;
#1318 = ORIENTED_EDGE ( 'NONE', *, *, #1334, .F. ) ;
#1319 = EDGE_CURVE ( 'NONE', #643, #126, #506, .T. ) ;
#1320 = DIRECTION ( 'NONE',  ( -0.8660254037844364872, 0.000000000000000000, -0.5000000000000038858 ) ) ;
#1321 = VERTEX_POINT ( 'NONE', #289 ) ;
#1322 = DIRECTION ( 'NONE',  ( -0.000000000000000000, -1.000000000000000000, -0.000000000000000000 ) ) ;
#1323 = AXIS2_PLACEMENT_3D ( 'NONE', #963, #570, #224 ) ;
#1324 = EDGE_CURVE ( 'NONE', #1306, #1312, #713, .T. ) ;
#1325 = CARTESIAN_POINT ( 'NONE',  ( 6.938893903907228378E-15, 0.000000000000000000, -175.2508899707126204 ) ) ;
#1326 = APPROVAL_STATUS ( 'not_yet_approved' ) ;
#1327 = AXIS2_PLACEMENT_3D ( 'NONE', #644, #742, #105 ) ;
#1328 = EDGE_CURVE ( 'NONE', #1111, #1306, #197, .T. ) ;
#1329 = ORIENTED_EDGE ( 'NONE', *, *, #1364, .F. ) ;
#1330 = CIRCLE ( 'NONE', #159, 176.5000000000000853 ) ;
#1331 = DIRECTION ( 'NONE',  ( -1.000000000000000000, 1.224646799147351728E-16, 0.000000000000000000 ) ) ;
#1332 = ORIENTED_EDGE ( 'NONE', *, *, #635, .T. ) ;
#1333 = DIRECTION ( 'NONE',  ( 1.000000000000000000, 0.000000000000000000, 0.000000000000000000 ) ) ;
#1334 = EDGE_CURVE ( 'NONE', #1171, #1065, #971, .T. ) ;
#1335 = DIRECTION ( 'NONE',  ( -1.000000000000000000, 0.000000000000000000, 0.000000000000000000 ) ) ;
#1336 = SECURITY_CLASSIFICATION_LEVEL ( 'unclassified' ) ;
#1337 = EDGE_CURVE ( 'NONE', #219, #444, #398, .T. ) ;
#1338 = VERTEX_POINT ( 'NONE', #1006 ) ;
#1339 = CARTESIAN_POINT ( 'NONE',  ( -2.775557561562891351E-14, 0.000000000000000000, -132.2712702997528424 ) ) ;
#1340 = VERTEX_POINT ( 'NONE', #231 ) ;
#1341 = EDGE_CURVE ( 'NONE', #203, #981, #1187, .T. ) ;
#1342 = DIRECTION ( 'NONE',  ( 0.000000000000000000, 0.000000000000000000, -1.000000000000000000 ) ) ;
#1343 = AXIS2_PLACEMENT_3D ( 'NONE', #1048, #391, #606 ) ;
#1344 = DIRECTION ( 'NONE',  ( -1.000000000000000000, 0.000000000000000000, 0.000000000000000000 ) ) ;
#1345 = ADVANCED_FACE ( 'NONE', ( #35 ), #1287, .T. ) ;
#1346 = ORIENTED_EDGE ( 'NONE', *, *, #931, .T. ) ;
#1347 = DIRECTION ( 'NONE',  ( -0.000000000000000000, -0.000000000000000000, -1.000000000000000000 ) ) ;
#1348 = VECTOR ( 'NONE', #633, 1000.000000000000000 ) ;
#1349 = ORIENTED_EDGE ( 'NONE', *, *, #381, .T. ) ;
#1350 = LINE ( 'NONE', #265, #263 ) ;
#1351 = CARTESIAN_POINT ( 'NONE',  ( 88.24999999999953104, 0.000000000000000000, 8.804591605141991906 ) ) ;
#1352 = EDGE_LOOP ( 'NONE', ( #97, #911, #314, #818 ) ) ;
#1353 = PLANE ( 'NONE',  #730 ) ;
#1354 = VECTOR ( 'NONE', #1276, 1000.000000000000114 ) ;
#1355 = DIRECTION ( 'NONE',  ( -1.000000000000000000, 0.000000000000000000, 0.000000000000000000 ) ) ;
#1356 = CYLINDRICAL_SURFACE ( 'NONE', #268, 36.50000000000000000 ) ;
#1357 = DATE_AND_TIME ( #1014, #950 ) ;
#1358 = EDGE_LOOP ( 'NONE', ( #361, #1264, #622, #1363, #108, #43, #412, #1085, #536, #211, #309, #1002 ) ) ;
#1359 = CYLINDRICAL_SURFACE ( 'NONE', #41, 38.24999999999997868 ) ;
#1360 = CARTESIAN_POINT ( 'NONE',  ( -38.00000000000002842, 4.653657836759941941E-15, -130.5611695831245243 ) ) ;
#1361 = DIRECTION ( 'NONE',  ( 0.000000000000000000, 0.000000000000000000, -1.000000000000000000 ) ) ;
#1362 = TOROIDAL_SURFACE ( 'NONE', #279, 34.75000000000000000, 3.500000000000000000 ) ;
#1363 = ORIENTED_EDGE ( 'NONE', *, *, #402, .F. ) ;
#1364 = EDGE_CURVE ( 'NONE', #1171, #512, #1086, .T. ) ;
#1365 = CARTESIAN_POINT ( 'NONE',  ( -2.250000000000022204, -39.68626966596883676, -175.2508899707126204 ) ) ;
#1366 = VECTOR ( 'NONE', #1335, 1000.000000000000000 ) ;
#1367 = CARTESIAN_POINT ( 'NONE',  ( 6.938893903907228378E-15, 0.000000000000000000, -137.1325248742548695 ) ) ;
#1368 = DIRECTION ( 'NONE',  ( -0.000000000000000000, 0.000000000000000000, -1.000000000000000000 ) ) ;
#1369 = ORIENTED_EDGE ( 'NONE', *, *, #1185, .T. ) ;
#1370 = ORIENTED_EDGE ( 'NONE', *, *, #1341, .T. ) ;
#1371 = CARTESIAN_POINT ( 'NONE',  ( -36.89199796489160832, 0.000000000000000000, -132.7843005147413180 ) ) ;
#1372 = FACE_OUTER_BOUND ( 'NONE', #374, .T. ) ;
#1373 = TOROIDAL_SURFACE ( 'NONE', #994, 43.00000000000000000, 6.500000000000000888 ) ;
#1374 = CARTESIAN_POINT ( 'NONE',  ( -2.775557561562891351E-14, 0.000000000000000000, -201.2508899707126204 ) ) ;
#1375 = EDGE_CURVE ( 'NONE', #367, #203, #1198, .T. ) ;
#1376 = VERTEX_POINT ( 'NONE', #757 ) ;
#1377 = AXIS2_PLACEMENT_3D ( 'NONE', #1313, #276, #481 ) ;
#1378 = ORIENTED_EDGE ( 'NONE', *, *, #246, .F. ) ;
#1379 = CARTESIAN_POINT ( 'NONE',  ( 140.0000000000000000, 0.000000000000000000, -80.82903768654719556 ) ) ;
#1380 = CARTESIAN_POINT ( 'NONE',  ( -2.775557561562891351E-14, 0.000000000000000000, -135.9354543726150268 ) ) ;
#1381 = CIRCLE ( 'NONE', #414, 38.24999999999997868 ) ;
#1382 = PRODUCT_DEFINITION ( 'UNKNOWN', '', #717, #172 ) ;
#1383 = LINE ( 'NONE', #509, #953 ) ;
#1384 = DIRECTION ( 'NONE',  ( -1.000000000000000000, 0.000000000000000000, 0.000000000000000000 ) ) ;
#1385 = VECTOR ( 'NONE', #693, 999.9999999999998863 ) ;
#1386 = ORIENTED_EDGE ( 'NONE', *, *, #783, .F. ) ;
#1387 = VECTOR ( 'NONE', #332, 1000.000000000000000 ) ;
#1388 = EDGE_CURVE ( 'NONE', #1158, #460, #542, .T. ) ;
#1389 = DIRECTION ( 'NONE',  ( 1.000000000000000000, 0.000000000000000000, 0.000000000000000000 ) ) ;
#1390 = ORIENTED_EDGE ( 'NONE', *, *, #130, .F. ) ;
#1391 = DIRECTION ( 'NONE',  ( -0.000000000000000000, -0.000000000000000000, 1.000000000000000000 ) ) ;
#1392 = FACE_OUTER_BOUND ( 'NONE', #1041, .T. ) ;
#1393 = ORIENTED_EDGE ( 'NONE', *, *, #1334, .T. ) ;
#1394 = PERSON_AND_ORGANIZATION ( #1010, #1130 ) ;
#1395 = CARTESIAN_POINT ( 'NONE',  ( 6.938893903907228378E-15, 0.000000000000000000, -201.2508899707127057 ) ) ;
ENDSEC;
END-ISO-10303-21;
