ISO-10303-21;
HEADER;
FILE_DESCRIPTION (( 'STEP AP203' ),
    '1' );
FILE_NAME ('79-8566 - 57mm Y-rör.STEP',
    '2026-09-15T22:03:39',
    ( '' ),
    ( '' ),
    'SwSTEP 2.0',
    'SolidWorks 2026',
    '' );
FILE_SCHEMA (( 'CONFIG_CONTROL_DESIGN' ));
ENDSEC;

DATA;
#1 = CARTESIAN_POINT ( 'NONE',  ( 23.56461661241050010, 16.04130813218661800, 9.911102414197314303 ) ) ;
#2 = ADVANCED_FACE ( 'NONE', ( #4130 ), #2072, .T. ) ;
#3 = DIRECTION ( 'NONE',  ( -0.9666727220510477059, -0.000000000000000000, -0.2560153285301841053 ) ) ;
#4 = CARTESIAN_POINT ( 'NONE',  ( 31.49999999999998579, 5.962675340558258874, -8.232708714141452333 ) ) ;
#5 = CARTESIAN_POINT ( 'NONE',  ( 30.00000000000000355, 5.293893106538827276, -8.346760881946400090 ) ) ;
#6 = CARTESIAN_POINT ( 'NONE',  ( 29.99999999999999289, 6.900808533012649626, 1.136834755483631110 ) ) ;
#7 = ADVANCED_FACE ( 'NONE', ( #6283 ), #1855, .T. ) ;
#8 = AXIS2_PLACEMENT_3D ( 'NONE', #1634, #1127, #4701 ) ;
#9 = CARTESIAN_POINT ( 'NONE',  ( -23.33673576965732721, 13.63065095329037213, 14.02485111578557486 ) ) ;
#10 = ORIENTED_EDGE ( 'NONE', *, *, #5181, .F. ) ;
#11 = CARTESIAN_POINT ( 'NONE',  ( -30.68835749205842234, 12.93000927712792780, -13.37509485633291639 ) ) ;
#12 = CARTESIAN_POINT ( 'NONE',  ( 8.064935064935044196, 25.76735963187499578, 10.66248444409500173 ) ) ;
#13 = CARTESIAN_POINT ( 'NONE',  ( 31.49999999999999289, 8.499999999999952038, -10.02838013942483464 ) ) ;
#14 = CARTESIAN_POINT ( 'NONE',  ( -31.49999999999999289, -8.500000000000012434, -10.02838013942483997 ) ) ;
#15 = CARTESIAN_POINT ( 'NONE',  ( 15.85769173267229526, 25.95838970870387641, 7.150642913486908725 ) ) ;
#16 = ORIENTED_EDGE ( 'NONE', *, *, #1003, .F. ) ;
#17 = CARTESIAN_POINT ( 'NONE',  ( 27.00041714941773563, -0.4821256557997009029, 12.14084538655400536 ) ) ;
#18 = B_SPLINE_CURVE_WITH_KNOTS ( 'NONE', 3,
 ( #1763, #4622, #4068, #1654, #3584, #253 ),
 .UNSPECIFIED., .F., .F.,
 ( 4, 2, 4 ),
 ( 0.000000000000000000, 0.001745130520856349055, 0.003490261041712698110 ),
 .UNSPECIFIED. ) ;
#19 = FACE_OUTER_BOUND ( 'NONE', #5902, .T. ) ;
#20 = CARTESIAN_POINT ( 'NONE',  ( -31.49999999999998579, -8.500000000000000000, 5.000000000000000000 ) ) ;
#21 = CARTESIAN_POINT ( 'NONE',  ( -15.47248232182215055, -24.96943484179945472, 6.100574959196401359 ) ) ;
#22 = VERTEX_POINT ( 'NONE', #3776 ) ;
#23 = CARTESIAN_POINT ( 'NONE',  ( -31.46756814691497439, 9.638517588052952334, -10.99999999999997158 ) ) ;
#24 = CARTESIAN_POINT ( 'NONE',  ( 24.13550538850487825, -12.11744192807835674, 13.91814034258576172 ) ) ;
#25 = CARTESIAN_POINT ( 'NONE',  ( -31.50000000000000000, -5.944065796034181837, -8.238632194785370899 ) ) ;
#26 = CARTESIAN_POINT ( 'NONE',  ( -1.302555334423892495E-14, 2.064893461462185886, -49.59172031060708008 ) ) ;
#27 = CARTESIAN_POINT ( 'NONE',  ( -17.54980529700937097, -25.29764450375833817, 7.011998119618264802 ) ) ;
#28 =( BOUNDED_SURFACE ( )  B_SPLINE_SURFACE ( 3, 2, ( 
 ( #3483, #6311, #5414 ),
 ( #5866, #4476, #1462 ),
 ( #3420, #2483, #1012 ),
 ( #980, #5448, #5387 ),
 ( #2930, #4938, #3393 ),
 ( #1043, #2033, #2428 ) ),
 .UNSPECIFIED., .F., .F., .F. ) 
 B_SPLINE_SURFACE_WITH_KNOTS ( ( 4, 2, 4 ),
 ( 3, 3 ),
 ( 0.03550884554978882279, 0.04202798609131315477, 0.04854712663283747981 ),
 ( 0.3082586755671022360, 1.000000000000000000 ),
 .UNSPECIFIED. ) 
 GEOMETRIC_REPRESENTATION_ITEM ( )  RATIONAL_B_SPLINE_SURFACE ( (
 ( 0.9766067942640204169, 0.9620558842456854443, 1.000000000000000000),
 ( 0.9844686364864843053, 0.9748079052682900869, 1.000000000000000000),
 ( 0.9902866615942651496, 0.9842448255708207139, 1.000000000000000000),
 ( 0.9980482329470230507, 0.9968342058023405006, 1.000000000000000000),
 ( 0.9999950968400672657, 0.9999920470041536724, 1.000000000000000000),
 ( 1.000000000000000000, 1.000000000000000000, 1.000000000000000000) ) ) 
 REPRESENTATION_ITEM ( '' )  SURFACE ( )  );
#29 = CARTESIAN_POINT ( 'NONE',  ( 30.31420018169854202, -15.41073557429705332, 4.175286081604172139 ) ) ;
#30 = CARTESIAN_POINT ( 'NONE',  ( -17.34266126904238448, -23.27692466540593230, -18.58658891120808576 ) ) ;
#31 = ORIENTED_EDGE ( 'NONE', *, *, #5978, .T. ) ;
#32 = APPROVAL ( #2618, 'UNSPECIFIED' ) ;
#33 = CARTESIAN_POINT ( 'NONE',  ( -11.30961128829842011, 26.16702201080655499, 12.04676412704591826 ) ) ;
#34 = EDGE_CURVE ( 'NONE', #4334, #951, #176, .T. ) ;
#35 = CARTESIAN_POINT ( 'NONE',  ( 20.14228449949008493, 20.19873756704576095, 9.901902490099022458 ) ) ;
#36 = CARTESIAN_POINT ( 'NONE',  ( 29.61742364183959708, 7.743518531212554734, 6.920550426026405688 ) ) ;
#37 = CARTESIAN_POINT ( 'NONE',  ( 26.87166568969878711, 16.12922046752636618, 7.046631642942913665 ) ) ;
#38 = CARTESIAN_POINT ( 'NONE',  ( 6.581317410888933850, 22.26789563755918877, -17.97287673721968915 ) ) ;
#39 = CARTESIAN_POINT ( 'NONE',  ( -11.49999999999999112, 28.49999999999999645, -11.00000000000000000 ) ) ;
#40 = ORIENTED_EDGE ( 'NONE', *, *, #5121, .T. ) ;
#41 = ADVANCED_FACE ( 'NONE', ( #370 ), #4540, .T. ) ;
#42 = CARTESIAN_POINT ( 'NONE',  ( 15.51493223726917314, -23.91487981669490992, 13.28544602713305345 ) ) ;
#43 = ADVANCED_FACE ( 'NONE', ( #1962 ), #1458, .F. ) ;
#44 = CARTESIAN_POINT ( 'NONE',  ( -20.18645078304504992, 17.94049411352022716, 14.03504198297665440 ) ) ;
#45 = EDGE_CURVE ( 'NONE', #3891, #2731, #3056, .T. ) ;
#46 = ORIENTED_EDGE ( 'NONE', *, *, #2020, .T. ) ;
#47 = CARTESIAN_POINT ( 'NONE',  ( 36.00000000000000711, 0.000000000000000000, -204.9999999999999147 ) ) ;
#48 = ORIENTED_EDGE ( 'NONE', *, *, #2445, .T. ) ;
#49 = CARTESIAN_POINT ( 'NONE',  ( 31.33260983085102325, 11.10310264749677778, 0.4937869522740420125 ) ) ;
#50 = CARTESIAN_POINT ( 'NONE',  ( -13.88037014824224258, -26.85597407244110713, 1.339644475168061177 ) ) ;
#51 = CARTESIAN_POINT ( 'NONE',  ( -25.47961711275581109, 12.78409932757550393, 13.91763288280478505 ) ) ;
#52 = CARTESIAN_POINT ( 'NONE',  ( -15.81793896728285098, 24.65824571452609959, 6.264269509881438047 ) ) ;
#53 = LINE ( 'NONE', #2723, #677 ) ;
#54 = AXIS2_PLACEMENT_3D ( 'NONE', #4889, #2893, #6274 ) ;
#55 = CARTESIAN_POINT ( 'NONE',  ( 31.49999999999999289, -6.900808533011558055, 1.136834755483784321 ) ) ;
#56 = ORIENTED_EDGE ( 'NONE', *, *, #3989, .T. ) ;
#57 = CARTESIAN_POINT ( 'NONE',  ( 19.72469012245379361, -23.90807139144352433, 7.106665396665026613 ) ) ;
#58 = CARTESIAN_POINT ( 'NONE',  ( -3.698121707679707271, -23.12470418790636018, -19.24348642171187151 ) ) ;
#59 = CARTESIAN_POINT ( 'NONE',  ( 10.29309592552063535, 26.25299711024275950, 6.105408687617765118 ) ) ;
#60 = CARTESIAN_POINT ( 'NONE',  ( -22.51534495329419627, -17.51462852231599499, 9.911777752819062925 ) ) ;
#61 = CARTESIAN_POINT ( 'NONE',  ( 10.24747947317937502, 28.49999999999701217, 4.855664898355987802 ) ) ;
#62 = FACE_OUTER_BOUND ( 'NONE', #5762, .T. ) ;
#63 = VERTEX_POINT ( 'NONE', #4442 ) ;
#64 = CARTESIAN_POINT ( 'NONE',  ( 29.99561404899397843, 8.902816274069262903, -10.99999999999158540 ) ) ;
#65 = CARTESIAN_POINT ( 'NONE',  ( -9.403400423531040886, 26.92018880105040068, 8.516608557188437345 ) ) ;
#66 = CARTESIAN_POINT ( 'NONE',  ( 29.61742364183961485, -7.743518531212526312, 6.920550426026407465 ) ) ;
#67 = CARTESIAN_POINT ( 'NONE',  ( -11.15935039953836494, 26.99999999999999645, 2.059152046360303689 ) ) ;
#68 = ORIENTED_EDGE ( 'NONE', *, *, #5222, .T. ) ;
#69 = CARTESIAN_POINT ( 'NONE',  ( 8.512987012987009550, -27.19887961142360311, 10.66248444409494489 ) ) ;
#70 = CARTESIAN_POINT ( 'NONE',  ( -19.12097745818707750, 19.09707469809339742, 9.296482112269321973 ) ) ;
#71 = B_SPLINE_CURVE_WITH_KNOTS ( 'NONE', 3,
 ( #1951, #4458, #88, #3032, #26, #2013, #1562, #4920, #2970, #4486, #3975, #5937, #3919, #4036, #589, #1450, #4005, #3404, #2044, #5879, #5491, #528, #1087, #2916, #4885, #497, #5008, #1533, #3945, #2560, #618, #1473 ),
 .UNSPECIFIED., .F., .F.,
 ( 4, 2, 2, 2, 2, 2, 2, 2, 2, 2, 2, 2, 2, 2, 2, 4 ),
 ( 0.03928430198812787183, 0.04051201577164476736, 0.04173972955516165595, 0.04296744333867855148, 0.04419515712219544701, 0.04665058468922923113, 0.04787829847274612666, 0.04910601225626301525, 0.05156143982329680631, 0.05401686739033059736, 0.05647229495736438842, 0.05892772252439817948, 0.06383857765846576160, 0.06874943279253337147, 0.07366028792660098135, 0.07857114306066859122 ),
 .UNSPECIFIED. ) ;
#72 = EDGE_LOOP ( 'NONE', ( #4473, #445 ) ) ;
#73 = CARTESIAN_POINT ( 'NONE',  ( -10.12333701031398370, -28.49999999999999645, 2.501600465319774536 ) ) ;
#74 = DIRECTION ( 'NONE',  ( -1.000000000000000000, 0.000000000000000000, -1.665334536937734071E-16 ) ) ;
#75 = ORIENTED_EDGE ( 'NONE', *, *, #2766, .T. ) ;
#76 = CARTESIAN_POINT ( 'NONE',  ( 31.23046340595418258, 11.87814475024188532, 4.295962170975231587 ) ) ;
#77 = CARTESIAN_POINT ( 'NONE',  ( -20.70558856132855041, -24.55860226827491388, 0.3216583714029710994 ) ) ;
#78 = CARTESIAN_POINT ( 'NONE',  ( 18.31518048631152951, -19.87152345350146021, 9.299041858039023722 ) ) ;
#79 = CARTESIAN_POINT ( 'NONE',  ( 12.00000000000000355, 2.939152317953647894E-15, -204.9999999999999147 ) ) ;
#80 = CARTESIAN_POINT ( 'NONE',  ( -10.85038602493553661, -26.22778032050077357, 6.023876568355695404 ) ) ;
#81 = PERSON_AND_ORGANIZATION ( #1993, #2984 ) ;
#82 = ORIENTED_EDGE ( 'NONE', *, *, #2297, .F. ) ;
#83 = CIRCLE ( 'NONE', #1406, 19.99999999999999645 ) ;
#84 = CARTESIAN_POINT ( 'NONE',  ( -19.10950136304585811, -22.96026161891879269, 6.119489130277433020 ) ) ;
#85 = EDGE_CURVE ( 'NONE', #595, #4534, #1624, .T. ) ;
#86 = CARTESIAN_POINT ( 'NONE',  ( -4.652287585142691029, -23.35706044775414725, -19.13409040099766401 ) ) ;
#87 = CIRCLE ( 'NONE', #2733, 9.999999999999998224 ) ;
#88 = CARTESIAN_POINT ( 'NONE',  ( 6.013753055690593086E-15, 0.8332057793713383287, -49.81588101647003697 ) ) ;
#89 = CARTESIAN_POINT ( 'NONE',  ( 1.244867854208259850, -28.47668039404000950, 5.856687459086970193 ) ) ;
#90 = CARTESIAN_POINT ( 'NONE',  ( 31.49999999999998579, -9.143369231204824032, 0.7169578939457815769 ) ) ;
#91 = CARTESIAN_POINT ( 'NONE',  ( -28.74096488755015244, -13.30221914291685437, -14.05324188218990145 ) ) ;
#92 = ORIENTED_EDGE ( 'NONE', *, *, #652, .F. ) ;
#93 = CARTESIAN_POINT ( 'NONE',  ( -7.843504876722017016, 26.99999999999999645, 3.149634727256535260 ) ) ;
#94 = CARTESIAN_POINT ( 'NONE',  ( -16.51093495679269907, 23.24157676822381191, 9.789138305406396512 ) ) ;
#95 = FACE_OUTER_BOUND ( 'NONE', #1600, .T. ) ;
#96 = CARTESIAN_POINT ( 'NONE',  ( 10.51348651151032243, 22.51602327600102882, -17.86699256417874437 ) ) ;
#97 = CARTESIAN_POINT ( 'NONE',  ( 28.42511229127229555, -2.133049885738567575, 12.23942257114942400 ) ) ;
#98 = CARTESIAN_POINT ( 'NONE',  ( -11.50000000000043876, 23.99146246942694916, -18.79915154909360453 ) ) ;
#99 = CARTESIAN_POINT ( 'NONE',  ( -31.50000000000007105, -9.474050321293271182, 4.407286531117232897 ) ) ;
#100 = VERTEX_POINT ( 'NONE', #3389 ) ;
#101 = CARTESIAN_POINT ( 'NONE',  ( -28.47452616822943838, 19.09682538198636337, 0.0007176807268243288584 ) ) ;
#102 = CARTESIAN_POINT ( 'NONE',  ( -10.81734303674495479, -26.99999999999999645, 2.217152134492528237 ) ) ;
#103 = CARTESIAN_POINT ( 'NONE',  ( 9.401036392209826786, 28.49999999999999645, 2.737135302395494296 ) ) ;
#104 = ORIENTED_EDGE ( 'NONE', *, *, #1240, .F. ) ;
#105 = CIRCLE ( 'NONE', #817, 10.00000000000000000 ) ;
#106 = CARTESIAN_POINT ( 'NONE',  ( 28.73424914844189715, -1.273818071564536192, 6.057809999247258048 ) ) ;
#107 = EDGE_CURVE ( 'NONE', #100, #3791, #5680, .T. ) ;
#108 = CARTESIAN_POINT ( 'NONE',  ( 9.401036392209826786, 28.49999999999999645, 2.737135302395494296 ) ) ;
#109 = DIRECTION ( 'NONE',  ( 1.000000000000000000, 0.000000000000000000, -1.224646799147353454E-16 ) ) ;
#110 = CARTESIAN_POINT ( 'NONE',  ( 8.064935064935037090, -25.76735963187499934, 10.66248444409493423 ) ) ;
#111 = CARTESIAN_POINT ( 'NONE',  ( 11.49999999999999289, 28.49999999999999645, 1.893709856737656017 ) ) ;
#112 = TOROIDAL_SURFACE ( 'NONE', #2424, 10.99999999999999822, 9.000000000000000000 ) ;
#113 = CARTESIAN_POINT ( 'NONE',  ( -11.03119398121912731, -24.66597102418011644, 8.732968861504687652 ) ) ;
#114 = APPROVAL_ROLE ( '' ) ;
#115 = CARTESIAN_POINT ( 'NONE',  ( -21.51353400949455263, -24.07453698441322487, 3.629444842835997775 ) ) ;
#116 = EDGE_CURVE ( 'NONE', #3891, #4339, #5369, .T. ) ;
#117 = AXIS2_PLACEMENT_3D ( 'NONE', #1488, #4843, #5412 ) ;
#118 = CARTESIAN_POINT ( 'NONE',  ( -31.49999999999999289, -1.943436854564496219, -6.777580070763865372 ) ) ;
#119 = CARTESIAN_POINT ( 'NONE',  ( -29.99561404899397843, -8.902816274070117331, -10.99999999999240430 ) ) ;
#120 = CARTESIAN_POINT ( 'NONE',  ( -21.71010553566896206, -18.50610273185983345, 14.06077902330259199 ) ) ;
#121 = CARTESIAN_POINT ( 'NONE',  ( 29.70799608053307139, -16.80141420410486575, 0.07231234483270096436 ) ) ;
#122 = CARTESIAN_POINT ( 'NONE',  ( -27.00463357368078832, -15.81394684747938406, -15.36675975340500777 ) ) ;
#123 = CARTESIAN_POINT ( 'NONE',  ( -17.12191820216129301, 24.09401558742995775, 6.206638388456108935 ) ) ;
#124 = ORIENTED_EDGE ( 'NONE', *, *, #5215, .F. ) ;
#125 = CARTESIAN_POINT ( 'NONE',  ( -3.141650063308151442, 26.99999999999999645, 4.277900440732251397 ) ) ;
#126 = CARTESIAN_POINT ( 'NONE',  ( -28.74044714787152799, -1.327401745936062527, 6.057880760966971145 ) ) ;
#127 = CARTESIAN_POINT ( 'NONE',  ( -26.20388353216615229, -6.534711254972457972, 13.10297729537064093 ) ) ;
#128 = CARTESIAN_POINT ( 'NONE',  ( -0.9109198154853892504, -20.83401948841608586, -18.39020091610332841 ) ) ;
#129 = CARTESIAN_POINT ( 'NONE',  ( 29.56774035445648607, 7.720445221297588922, 6.989311161842129749 ) ) ;
#130 = DIRECTION ( 'NONE',  ( 1.000000000000000000, -0.000000000000000000, 0.000000000000000000 ) ) ;
#131 = CARTESIAN_POINT ( 'NONE',  ( 9.401036392209762838, -28.49999999999999645, 2.737135302395515168 ) ) ;
#132 = CARTESIAN_POINT ( 'NONE',  ( 29.38252124977820401, 8.599133236392432877, 7.121374745820494567 ) ) ;
#133 = ORIENTED_EDGE ( 'NONE', *, *, #6273, .T. ) ;
#134 = EDGE_CURVE ( 'NONE', #2463, #2190, #1844, .T. ) ;
#135 = CARTESIAN_POINT ( 'NONE',  ( -8.512987012987007773, 27.19887961142360311, 10.66248444409494311 ) ) ;
#136 = CARTESIAN_POINT ( 'NONE',  ( -27.64407408765308105, 11.57274353225007779, 6.015041375654522682 ) ) ;
#137 = VERTEX_POINT ( 'NONE', #4471 ) ;
#138 = CARTESIAN_POINT ( 'NONE',  ( 16.93674647298679403, 21.72118096279474742, -17.76056340667699018 ) ) ;
#139 = CARTESIAN_POINT ( 'NONE',  ( -15.89675647844995510, -25.96286265831948725, 7.152433032685372893 ) ) ;
#140 = CARTESIAN_POINT ( 'NONE',  ( 4.491117397966622241E-16, 26.99999999999999645, 4.999999999999999112 ) ) ;
#141 =( BOUNDED_SURFACE ( )  B_SPLINE_SURFACE ( 3, 2, ( 
 ( #5076, #676, #1221 ),
 ( #1656, #2211, #2658 ),
 ( #749, #3174, #2858 ),
 ( #3753, #1322, #4342 ),
 ( #3788, #6227, #4763 ),
 ( #1356, #2314, #5727 ),
 ( #6192, #416, #813 ),
 ( #4825, #5217, #3250 ),
 ( #3723, #1287, #1829 ),
 ( #5692, #1865, #3373 ),
 ( #3278, #2761, #4727 ),
 ( #5311, #1797, #4277 ),
 ( #350, #5283, #1388 ),
 ( #3822, #4793, #465 ),
 ( #2281, #3344, #5759 ),
 ( #4245, #910, #5251 ),
 ( #3309, #848, #879 ),
 ( #5340, #2825, #1765 ),
 ( #2795, #378, #2349 ),
 ( #4313, #6261, #4852 ),
 ( #5791, #442, #934 ),
 ( #2886, #2384, #6293 ),
 ( #1893, #3851, #5820 ),
 ( #1417, #4214, #6157 ),
 ( #52, #5452, #1495 ),
 ( #962, #3027, #1526 ),
 ( #581, #1080, #1049 ),
 ( #2994, #1467, #2520 ),
 ( #5002, #3881, #4480 ),
 ( #4911, #3522, #2039 ) ),
 .UNSPECIFIED., .F., .F., .T. ) 
 B_SPLINE_SURFACE_WITH_KNOTS ( ( 4, 2, 2, 2, 2, 2, 2, 2, 2, 2, 2, 2, 2, 2, 4 ),
 ( 3, 3 ),
 ( 0.004836104388609136114, 0.005834263949860866300, 0.006832423511112597353, 0.008828742633616057725, 0.009826902194867787044, 0.01082506175611951810, 0.01182322131737124915, 0.01282138087862297847, 0.01481770000112643884, 0.01581585956237816989, 0.01681401912362990095, 0.01881033824613335959, 0.01930941802675922511, 0.01980849780738509064, 0.02080665736863682169 ),
 ( 0.000000000000000000, 1.000000000000000000 ),
 .UNSPECIFIED. ) 
 GEOMETRIC_REPRESENTATION_ITEM ( )  RATIONAL_B_SPLINE_SURFACE ( (
 ( 1.000000000000000000, 0.9368608944935489236, 1.000000000000000000),
 ( 1.000000000000000000, 0.9355760927554785944, 1.000000000000000000),
 ( 1.000000000000000000, 0.9343917297259755061, 1.000000000000000000),
 ( 1.000000000000000000, 0.9322187490511494312, 1.000000000000000000),
 ( 1.000000000000000000, 0.9312317528729089355, 1.000000000000000000),
 ( 1.000000000000000000, 0.9286137668603872131, 1.000000000000000000),
 ( 1.000000000000000000, 0.9272935959671677608, 1.000000000000000000),
 ( 1.000000000000000000, 0.9258822165809212912, 1.000000000000000000),
 ( 1.000000000000000000, 0.9255069616836546498, 1.000000000000000000),
 ( 1.000000000000000000, 0.9249605303932173506, 1.000000000000000000),
 ( 1.000000000000000000, 0.9247863623077582362, 1.000000000000000000),
 ( 1.000000000000000000, 0.9246276624846930803, 1.000000000000000000),
 ( 1.000000000000000000, 0.9246431438922378954, 1.000000000000000000),
 ( 1.000000000000000000, 0.9248659647188642863, 1.000000000000000000),
 ( 1.000000000000000000, 0.9250743460439532218, 1.000000000000000000),
 ( 1.000000000000000000, 0.9260000153956740032, 1.000000000000000000),
 ( 1.000000000000000000, 0.9269959678079736642, 1.000000000000000000),
 ( 1.000000000000000000, 0.9290972399950934157, 1.000000000000000000),
 ( 1.000000000000000000, 0.9299000698182784408, 1.000000000000000000),
 ( 1.000000000000000000, 0.9317312278814706694, 1.000000000000000000),
 ( 1.000000000000000000, 0.9327484514785553404, 1.000000000000000000),
 ( 1.000000000000000000, 0.9360922737124031112, 1.000000000000000000),
 ( 1.000000000000000000, 0.9387226998554192292, 1.000000000000000000),
 ( 1.000000000000000000, 0.9425400262010724672, 1.000000000000000000),
 ( 1.000000000000000000, 0.9433317506942201502, 1.000000000000000000),
 ( 1.000000000000000000, 0.9449475686180931477, 1.000000000000000000),
 ( 1.000000000000000000, 0.9457732497313120490, 1.000000000000000000),
 ( 1.000000000000000000, 0.9482947368507766983, 1.000000000000000000),
 ( 1.000000000000000000, 0.9500363576839772062, 1.000000000000000000),
 ( 1.000000000000000000, 0.9517961898714986102, 1.000000000000000000) ) ) 
 REPRESENTATION_ITEM ( '' )  SURFACE ( )  );
#142 = B_SPLINE_CURVE_WITH_KNOTS ( 'NONE', 3,
 ( #3728, #4221, #2117, #4631, #1296, #196, #2704, #6163, #327, #231, #6034, #1635, #3596, #655, #1770, #5595, #1195, #1229, #3144, #5190 ),
 .UNSPECIFIED., .F., .F.,
 ( 4, 2, 2, 2, 2, 2, 2, 2, 2, 4 ),
 ( 0.000000000000000000, 0.002900738501883410193, 0.005801477003766820385, 0.007251846254708533071, 0.008702215505650246624, 0.01160295400753367026, 0.01450369250941709216, 0.01595406176035880572, 0.01740443101130051753, 0.02320590801506735440 ),
 .UNSPECIFIED. ) ;
#143 = VERTEX_POINT ( 'NONE', #5409 ) ;
#144 = CARTESIAN_POINT ( 'NONE',  ( -3.083659580367928449E-15, 21.83402923631390280, -19.69208303711095098 ) ) ;
#145 = CARTESIAN_POINT ( 'NONE',  ( 14.83570438641184985, -26.52088072451787326, 6.964511533589455183 ) ) ;
#146 = CARTESIAN_POINT ( 'NONE',  ( -1.358904392106661474, -27.00000000000000000, 5.987541940215078462 ) ) ;
#147 = DIRECTION ( 'NONE',  ( -0.000000000000000000, -0.000000000000000000, 1.000000000000000000 ) ) ;
#148 = CARTESIAN_POINT ( 'NONE',  ( -8.064935064935067288, -25.76735963187498868, 10.66248444409493601 ) ) ;
#149 = CYLINDRICAL_SURFACE ( 'NONE', #1588, 23.99999999999999645 ) ;
#150 = AXIS2_PLACEMENT_3D ( 'NONE', #444, #4828, #4105 ) ;
#151 = CARTESIAN_POINT ( 'NONE',  ( 25.40020868626605832, 20.72185998803352902, 3.498088485257634161 ) ) ;
#152 = CARTESIAN_POINT ( 'NONE',  ( -29.52498335551860009, -7.700404266506254203, 7.049557377645788492 ) ) ;
#153 = CARTESIAN_POINT ( 'NONE',  ( -14.05293928364447353, -24.82505356421921761, 12.95068438809899369 ) ) ;
#154 = CARTESIAN_POINT ( 'NONE',  ( 28.43607520152525225, -19.15883716022677774, -0.0004163829743066625559 ) ) ;
#155 = CARTESIAN_POINT ( 'NONE',  ( -20.56679084939498026, -20.45332172835609441, -17.35014134701865984 ) ) ;
#156 = CARTESIAN_POINT ( 'NONE',  ( 29.52498335551858588, 7.700404266506390982, 7.049557377645790268 ) ) ;
#157 = EDGE_LOOP ( 'NONE', ( #797, #882, #3448, #4936 ) ) ;
#158 = CARTESIAN_POINT ( 'NONE',  ( -11.49999999999999289, -26.99999999999999645, 1.893709856737651576 ) ) ;
#159 = CARTESIAN_POINT ( 'NONE',  ( -26.98664060069192061, 0.9907479970963396498, 12.16027119255287658 ) ) ;
#160 = LOCAL_TIME ( 0, 3, 39.00000000000000000, #340 ) ;
#161 = CARTESIAN_POINT ( 'NONE',  ( -26.28944193822459852, 11.02310173484977618, 13.75402352938442263 ) ) ;
#162 = CARTESIAN_POINT ( 'NONE',  ( 11.31783731967449391, 26.16344141341424745, 12.04995993071098681 ) ) ;
#163 = CARTESIAN_POINT ( 'NONE',  ( 28.50052698892678649, -0.5589881985358196026, 9.279565684970840778 ) ) ;
#164 = CARTESIAN_POINT ( 'NONE',  ( 30.01133522119910069, -14.35157326540258005, -14.22546396184891826 ) ) ;
#165 = ORIENTED_EDGE ( 'NONE', *, *, #3710, .T. ) ;
#166 = CARTESIAN_POINT ( 'NONE',  ( 31.49999999999999289, 7.440008471749850472, 1.063917076179193844 ) ) ;
#167 = VERTEX_POINT ( 'NONE', #98 ) ;
#168 = CARTESIAN_POINT ( 'NONE',  ( -9.581311975857570218, 26.84754457243067804, 11.27336655997588544 ) ) ;
#169 = CARTESIAN_POINT ( 'NONE',  ( -26.11957592219824775, -22.16340948389636623, 4.119796780289640026 ) ) ;
#170 = ADVANCED_FACE ( 'NONE', ( #5834 ), #4822, .T. ) ;
#171 = CARTESIAN_POINT ( 'NONE',  ( 15.86795759327976363, 21.96546304478895806, -17.82360259478767617 ) ) ;
#172 = CARTESIAN_POINT ( 'NONE',  ( 12.26762732163153302, -27.00000000000000000, 4.421276682949596193 ) ) ;
#173 = CARTESIAN_POINT ( 'NONE',  ( 9.401036392209761061, -26.99999999999999645, 2.737135302395515168 ) ) ;
#174 = CARTESIAN_POINT ( 'NONE',  ( -31.28139010503494433, 11.57226397350994240, 4.308662623830445959 ) ) ;
#175 = B_SPLINE_CURVE_WITH_KNOTS ( 'NONE', 3,
 ( #1161, #6164, #5629, #656, #4632, #4703, #689, #2631, #1771, #2600, #2187, #1636, #4599, #3221, #4563, #2154, #6101, #6035, #265, #197 ),
 .UNSPECIFIED., .F., .F.,
 ( 4, 2, 2, 2, 2, 2, 2, 2, 2, 4 ),
 ( 0.000000000000000000, 0.002773399674607725761, 0.005546799349215455859, 0.008320199023823185089, 0.01109359869843091692, 0.01386699837303864875, 0.01525369821034251727, 0.01664039804764638752, 0.01941379772225412803, 0.02218719739686186854 ),
 .UNSPECIFIED. ) ;
#176 = B_SPLINE_CURVE_WITH_KNOTS ( 'NONE', 3,
 ( #1347, #839, #2876, #4358, #5683, #1279 ),
 .UNSPECIFIED., .F., .F.,
 ( 4, 2, 4 ),
 ( 0.000000000000000000, 0.005193024976293426388, 0.01038604995258685104 ),
 .UNSPECIFIED. ) ;
#177 = CARTESIAN_POINT ( 'NONE',  ( -9.401036392209753956, 28.49999999999999645, 2.737135302395517389 ) ) ;
#178 = CARTESIAN_POINT ( 'NONE',  ( 24.05683659637475813, -12.27337873193654083, 9.296400815478902402 ) ) ;
#179 = CARTESIAN_POINT ( 'NONE',  ( -1.559014483253407413, -26.99999999998173550, 5.594727780735712308 ) ) ;
#180 = LINE ( 'NONE', #5990, #1487 ) ;
#181 =( BOUNDED_SURFACE ( )  B_SPLINE_SURFACE ( 3, 2, ( 
 ( #2677, #5128, #203 ),
 ( #662, #5981, #1239 ),
 ( #1575, #4640, #2124 ),
 ( #1133, #767, #4607 ) ),
 .UNSPECIFIED., .F., .F., .F. ) 
 B_SPLINE_SURFACE_WITH_KNOTS ( ( 4, 4 ),
 ( 3, 3 ),
 ( -1.028691021254246607E-15, 0.001632214172123078698 ),
 ( 0.000000000000000000, 1.000000000000000000 ),
 .UNSPECIFIED. ) 
 GEOMETRIC_REPRESENTATION_ITEM ( )  RATIONAL_B_SPLINE_SURFACE ( (
 ( 1.000000000000000000, 0.9368608944935776783, 1.000000000000000000),
 ( 1.000000000000000000, 0.9413752332766344155, 1.000000000000000000),
 ( 1.000000000000000000, 0.9455832885137527288, 1.000000000000000000),
 ( 1.000000000000000000, 0.9493414389859585745, 1.000000000000000000) ) ) 
 REPRESENTATION_ITEM ( '' )  SURFACE ( )  );
#182 = CARTESIAN_POINT ( 'NONE',  ( -29.99999999999999289, -4.606712337400966639, 1.408785681045467308 ) ) ;
#183 = MECHANICAL_CONTEXT ( 'NONE', #4681, 'mechanical' ) ;
#184 = DIRECTION ( 'NONE',  ( -1.000000000000000000, 0.000000000000000000, -0.000000000000000000 ) ) ;
#185 = CARTESIAN_POINT ( 'NONE',  ( 21.07151167542131986, 24.34326483692700904, 0.2852210807018660810 ) ) ;
#186 = CARTESIAN_POINT ( 'NONE',  ( -20.27366383580403308, -22.17914544609958938, 6.071324199570298674 ) ) ;
#187 = CARTESIAN_POINT ( 'NONE',  ( -29.99999999999999289, -6.900808533012643409, 1.136834755483637327 ) ) ;
#188 = CARTESIAN_POINT ( 'NONE',  ( -1.722235129677489374, 28.49999999999999645, 5.296829263774558427 ) ) ;
#189 = ORIENTED_EDGE ( 'NONE', *, *, #4382, .F. ) ;
#190 = CARTESIAN_POINT ( 'NONE',  ( -26.86068791693569224, 2.810615577874719495, 8.902504295183168992 ) ) ;
#191 = CARTESIAN_POINT ( 'NONE',  ( 2.265596578422603396E-15, 27.00000000000000000, 4.999999999999999112 ) ) ;
#192 = CARTESIAN_POINT ( 'NONE',  ( 9.767049207610025263, 26.99999999999999645, 2.629160492532083726 ) ) ;
#193 = EDGE_CURVE ( 'NONE', #513, #2018, #5146, .T. ) ;
#194 = AXIS2_PLACEMENT_3D ( 'NONE', #4750, #1880, #368 ) ;
#195 = DIRECTION ( 'NONE',  ( 0.000000000000000000, 0.000000000000000000, 1.000000000000000000 ) ) ;
#196 = CARTESIAN_POINT ( 'NONE',  ( -19.72469012245379005, 23.90807139144352433, 7.106665396665027501 ) ) ;
#197 = CARTESIAN_POINT ( 'NONE',  ( 27.92104170573121991, -9.953384546751992801, 6.180520935986703712 ) ) ;
#198 = ORIENTED_EDGE ( 'NONE', *, *, #3336, .F. ) ;
#199 = CARTESIAN_POINT ( 'NONE',  ( 21.32986047381317007, 22.73929121407492104, 7.077775177998366196 ) ) ;
#200 = CARTESIAN_POINT ( 'NONE',  ( -29.40415919985992588, 13.31240076155361862, 0.2525532693983116306 ) ) ;
#201 = VERTEX_POINT ( 'NONE', #135 ) ;
#202 = ORIENTED_EDGE ( 'NONE', *, *, #4345, .F. ) ;
#203 = CARTESIAN_POINT ( 'NONE',  ( -27.92104170573220401, 9.953384546756481654, 6.180520935993340181 ) ) ;
#204 = ADVANCED_FACE ( 'NONE', ( #3541 ), #181, .F. ) ;
#205 = CARTESIAN_POINT ( 'NONE',  ( -14.56867330157330365, -28.26569822113129504, 1.251201492465802145 ) ) ;
#206 = CARTESIAN_POINT ( 'NONE',  ( 19.03883213580790468, 21.24555033514501545, 13.86014531363835189 ) ) ;
#207 = DIRECTION ( 'NONE',  ( 1.000000000000000000, -0.000000000000000000, 0.000000000000000000 ) ) ;
#208 = CARTESIAN_POINT ( 'NONE',  ( -11.49999999999999289, 8.500000000000000000, 5.000000000000000000 ) ) ;
#209 = CARTESIAN_POINT ( 'NONE',  ( -31.46862289949490687, 10.07133069821841076, 4.376330788786733983 ) ) ;
#210 = CARTESIAN_POINT ( 'NONE',  ( -14.43089501156347865, 25.35004577547043070, 6.113528124027926225 ) ) ;
#211 = CARTESIAN_POINT ( 'NONE',  ( -28.32123585219078521, -7.580464906482351495, 6.162648984321464241 ) ) ;
#212 = CARTESIAN_POINT ( 'NONE',  ( 26.07733472698827271, -7.093758716354882310, 13.24008774364763674 ) ) ;
#213 = CARTESIAN_POINT ( 'NONE',  ( -6.277528469029618918, -28.49999999999999645, 3.533043318036048319 ) ) ;
#214 = CARTESIAN_POINT ( 'NONE',  ( -12.60762979282012886, 22.42924394624812834, -17.90449346856151180 ) ) ;
#215 = CARTESIAN_POINT ( 'NONE',  ( -4.697633481114477760, 26.59683275768097488, 8.378422939669906810 ) ) ;
#216 = CARTESIAN_POINT ( 'NONE',  ( 10.51314307631404787, -28.50000000000031619, 4.874580704658812991 ) ) ;
#217 = CIRCLE ( 'NONE', #1930, 11.50000000000000000 ) ;
#218 = DIRECTION ( 'NONE',  ( 0.000000000000000000, 1.000000000000000000, 0.000000000000000000 ) ) ;
#219 = CARTESIAN_POINT ( 'NONE',  ( 20.26281377699061181, 22.16752512161810529, 6.072774019264945089 ) ) ;
#220 = CARTESIAN_POINT ( 'NONE',  ( 9.949894874900675035, -28.49999999999999289, 4.809536695428125341 ) ) ;
#221 = CARTESIAN_POINT ( 'NONE',  ( -25.24593089068574869, -16.79147511389802716, 5.982959188864952260 ) ) ;
#222 = CARTESIAN_POINT ( 'NONE',  ( 24.80714729926341278, -23.48568320570378987, 4.143072139117068176 ) ) ;
#223 = CARTESIAN_POINT ( 'NONE',  ( 13.87024720104969688, 23.86561899641252182, -18.79319384605048526 ) ) ;
#224 = ORIENTED_EDGE ( 'NONE', *, *, #446, .T. ) ;
#225 = CARTESIAN_POINT ( 'NONE',  ( 19.51407413361164700, 22.71419849094498389, 6.102111731076495182 ) ) ;
#226 = CARTESIAN_POINT ( 'NONE',  ( -27.00051681496095668, 0.5397166637798436195, 8.850373728444305144 ) ) ;
#227 = AXIS2_PLACEMENT_3D ( 'NONE', #3948, #3978, #5461 ) ;
#228 = B_SPLINE_CURVE_WITH_KNOTS ( 'NONE', 3,
 ( #4611, #664, #3083, #2061 ),
 .UNSPECIFIED., .F., .F.,
 ( 4, 4 ),
 ( 0.01244506718841512267, 0.01392709768999000029 ),
 .UNSPECIFIED. ) ;
#229 = CARTESIAN_POINT ( 'NONE',  ( -27.04388104564027984, 9.080019796676834787, 9.800672394452057290 ) ) ;
#230 = DIRECTION ( 'NONE',  ( 0.000000000000000000, 0.000000000000000000, -1.000000000000000000 ) ) ;
#231 = CARTESIAN_POINT ( 'NONE',  ( -22.42853175524931331, 21.82290402035883403, 7.058795878121307155 ) ) ;
#232 = DIRECTION ( 'NONE',  ( 0.000000000000000000, 0.000000000000000000, 1.000000000000000000 ) ) ;
#233 = ORIENTED_EDGE ( 'NONE', *, *, #657, .T. ) ;
#234 = CARTESIAN_POINT ( 'NONE',  ( 28.32123585219081008, 7.580464906482283993, 6.162648984321447365 ) ) ;
#235 = EDGE_LOOP ( 'NONE', ( #2110, #1009, #4968 ) ) ;
#236 = LINE ( 'NONE', #5022, #685 ) ;
#237 = VERTEX_POINT ( 'NONE', #6042 ) ;
#238 = CARTESIAN_POINT ( 'NONE',  ( -9.401036392209816128, -26.99999999999999645, 2.737135302395498737 ) ) ;
#239 = CARTESIAN_POINT ( 'NONE',  ( -25.32755076202737854, -18.56909850410655594, 7.032877485185025535 ) ) ;
#240 = CARTESIAN_POINT ( 'NONE',  ( 21.06980682454739906, -24.34429017222353053, 0.2853878929717518220 ) ) ;
#241 = CARTESIAN_POINT ( 'NONE',  ( -10.45051819610490540, -27.62117307087383367, 6.699809873245221148 ) ) ;
#242 = DIRECTION ( 'NONE',  ( 0.000000000000000000, -0.000000000000000000, 1.000000000000000000 ) ) ;
#243 = CARTESIAN_POINT ( 'NONE',  ( 28.19845343888655975, -8.436985888778000486, 6.213464204183019923 ) ) ;
#244 = B_SPLINE_CURVE_WITH_KNOTS ( 'NONE', 3,
 ( #6059, #646, #3173, #5075, #4659, #4177, #3527, #5143, #215, #5521, #4066, #641, #2138 ),
 .UNSPECIFIED., .F., .F.,
 ( 4, 2, 1, 2, 2, 2, 4 ),
 ( -3.297342003491587697E-05, 0.0005877531142623355909, 0.001208479648559587045, 0.002449932717154090171, 0.004932838854343098156, 0.007415744991532105708, 0.009898651128721114995 ),
 .UNSPECIFIED. ) ;
#245 = ADVANCED_FACE ( 'NONE', ( #6110 ), #1182, .F. ) ;
#246 = CARTESIAN_POINT ( 'NONE',  ( -31.11699628315682986, 12.47525383362509999, 4.272310689723996191 ) ) ;
#247 = CARTESIAN_POINT ( 'NONE',  ( -15.30790944367773498, 22.24905960207090416, 13.41543490991508136 ) ) ;
#248 = CARTESIAN_POINT ( 'NONE',  ( -28.55982657154444837, -5.059313897483632694, 6.123701848251269730 ) ) ;
#249 = CARTESIAN_POINT ( 'NONE',  ( 12.64815172621089090, -27.19470753011912834, 6.834698362730853738 ) ) ;
#250 = CARTESIAN_POINT ( 'NONE',  ( -10.37221858698880439, -26.30512081650040557, 5.967547107507405357 ) ) ;
#251 = CARTESIAN_POINT ( 'NONE',  ( -11.49999999999999289, -26.99999999999999645, -11.00000000000000000 ) ) ;
#252 = CARTESIAN_POINT ( 'NONE',  ( -29.99999999999999289, 6.900808533012896540, 1.136834755483592252 ) ) ;
#253 = CARTESIAN_POINT ( 'NONE',  ( -10.29309592552063535, -26.25299711024275950, 6.105408687617766006 ) ) ;
#254 = CARTESIAN_POINT ( 'NONE',  ( 24.89893267903264373, 21.27129606770509440, 0.01862897841999717682 ) ) ;
#255 = CARTESIAN_POINT ( 'NONE',  ( 7.842998944633923664, 26.99999999999999645, 3.149768719998452760 ) ) ;
#256 = CARTESIAN_POINT ( 'NONE',  ( 27.69132116439110902, -20.25936102819750673, -0.01095631430188951858 ) ) ;
#257 = CARTESIAN_POINT ( 'NONE',  ( 12.69246292131735920, 23.96332234059257971, -18.81535720066337092 ) ) ;
#258 = CARTESIAN_POINT ( 'NONE',  ( -25.71748559129290967, 15.99799034426791700, 5.993590490550995575 ) ) ;
#259 = EDGE_LOOP ( 'NONE', ( #2710, #1339, #2159, #3734, #2744, #544, #4797 ) ) ;
#260 = CARTESIAN_POINT ( 'NONE',  ( -28.42754218145997314, -7.630046310894431194, 6.014290989959170552 ) ) ;
#261 = CARTESIAN_POINT ( 'NONE',  ( 13.18513457847005910, 25.53840476889762101, 6.379689114265826078 ) ) ;
#262 = FACE_OUTER_BOUND ( 'NONE', #3860, .T. ) ;
#263 = CARTESIAN_POINT ( 'NONE',  ( 9.401036392209761061, -28.49999999999999645, 2.737135302395515168 ) ) ;
#264 = CARTESIAN_POINT ( 'NONE',  ( -31.49999999999999289, 4.551060488561528065E-19, -6.613185368461797609 ) ) ;
#265 = CARTESIAN_POINT ( 'NONE',  ( 27.74566386527319750, -10.86199180142629928, 6.144355500136689407 ) ) ;
#266 = DIRECTION ( 'NONE',  ( 0.000000000000000000, 0.000000000000000000, -1.000000000000000000 ) ) ;
#267 = CARTESIAN_POINT ( 'NONE',  ( -19.69912622384873302, 26.75377687407392102, 0.5045158293858821308 ) ) ;
#268 = ORIENTED_EDGE ( 'NONE', *, *, #5092, .F. ) ;
#269 = DIRECTION ( 'NONE',  ( 0.000000000000000000, 0.000000000000000000, 1.000000000000000000 ) ) ;
#270 = EDGE_LOOP ( 'NONE', ( #1748, #2966, #5393, #2574, #2119, #6265, #2877, #16 ) ) ;
#271 = ORIENTED_EDGE ( 'NONE', *, *, #5222, .F. ) ;
#272 = CARTESIAN_POINT ( 'NONE',  ( 29.99999999999999289, 4.610959820980891521, 1.446498065855030823 ) ) ;
#273 = CARTESIAN_POINT ( 'NONE',  ( -29.29125188259717660, -17.66089702711803966, 4.130647468599890182 ) ) ;
#274 = CARTESIAN_POINT ( 'NONE',  ( 27.83336098878572429, -10.40764567504221461, 6.162439909432003482 ) ) ;
#275 = CARTESIAN_POINT ( 'NONE',  ( -11.04547926214583597, -27.47858185343334014, 6.870451783837554949 ) ) ;
#276 = DIRECTION ( 'NONE',  ( 1.000000000000000000, 0.000000000000000000, -1.224646799147353454E-16 ) ) ;
#277 = VERTEX_POINT ( 'NONE', #3154 ) ;
#278 = CARTESIAN_POINT ( 'NONE',  ( -193.2911684466443489, 2.939152317953647894E-15, -123.3408453358350982 ) ) ;
#279 =( BOUNDED_SURFACE ( )  B_SPLINE_SURFACE ( 3, 2, ( 
 ( #2602, #3113, #4536 ),
 ( #5087, #5124, #4502 ),
 ( #132, #694, #166 ),
 ( #2058, #2635, #5599 ) ),
 .UNSPECIFIED., .F., .F., .F. ) 
 B_SPLINE_SURFACE_WITH_KNOTS ( ( 4, 4 ),
 ( 3, 3 ),
 ( -7.476658181460038577E-16, 0.001631974846458340064 ),
 ( 0.000000000000000000, 1.000000000000000000 ),
 .UNSPECIFIED. ) 
 GEOMETRIC_REPRESENTATION_ITEM ( )  RATIONAL_B_SPLINE_SURFACE ( (
 ( 1.000000000000000000, 0.9368608944935618021, 1.000000000000000000),
 ( 1.000000000000000000, 0.9413761907154832853, 1.000000000000000000),
 ( 1.000000000000000000, 0.9455842457058261097, 1.000000000000000000),
 ( 1.000000000000000000, 0.9493414389859587965, 1.000000000000000000) ) ) 
 REPRESENTATION_ITEM ( '' )  SURFACE ( )  );
#280 = CARTESIAN_POINT ( 'NONE',  ( -4.068287383675330730E-15, -3.084012788520753556, -53.60454170863093282 ) ) ;
#281 = CARTESIAN_POINT ( 'NONE',  ( 13.54522123884031082, -25.10987738855566320, 9.522003829776140904 ) ) ;
#282 = CARTESIAN_POINT ( 'NONE',  ( -7.660846889254870007, -25.95166692295256183, 7.783254569625574604 ) ) ;
#283 = DIRECTION ( 'NONE',  ( 0.000000000000000000, 0.000000000000000000, -1.000000000000000000 ) ) ;
#284 = EDGE_CURVE ( 'NONE', #525, #4334, #3473, .T. ) ;
#285 = CARTESIAN_POINT ( 'NONE',  ( 17.92153065387744704, 23.68037301914652204, 6.170573830358850209 ) ) ;
#286 = CARTESIAN_POINT ( 'NONE',  ( 1.635214899318272908, -27.00000000000278888, 4.918480218046817676 ) ) ;
#287 = CARTESIAN_POINT ( 'NONE',  ( 26.53298032444117283, -21.70623145837975443, 4.114568148449037288 ) ) ;
#288 = DIRECTION ( 'NONE',  ( -1.000000000000000000, 0.000000000000000000, -1.110223024625156294E-16 ) ) ;
#289 = ORIENTED_EDGE ( 'NONE', *, *, #1103, .T. ) ;
#290 = CARTESIAN_POINT ( 'NONE',  ( 13.66821526289450794, 25.40057177991623760, 6.358119300770625593 ) ) ;
#291 = EDGE_CURVE ( 'NONE', #3335, #5089, #5523, .T. ) ;
#292 = CARTESIAN_POINT ( 'NONE',  ( 17.90481007313446682, 22.18408258528099353, 9.853415153378174196 ) ) ;
#293 = CARTESIAN_POINT ( 'NONE',  ( -11.49999999999998934, 26.99999999999999645, -11.00000000000000000 ) ) ;
#294 = CARTESIAN_POINT ( 'NONE',  ( -31.49999999999998579, 4.188355151642758400, -7.408273649915702919 ) ) ;
#295 = CARTESIAN_POINT ( 'NONE',  ( 24.90802797041161298, 10.48842106597140855, 13.77114169984548653 ) ) ;
#296 = CARTESIAN_POINT ( 'NONE',  ( -1.746098772454980574, -28.50000000000000000, 5.300942145817268525 ) ) ;
#297 = CARTESIAN_POINT ( 'NONE',  ( -3.495119048334958123, 28.43030490261617160, 5.602489055889998681 ) ) ;
#298 = CARTESIAN_POINT ( 'NONE',  ( 17.68477737373911651, 27.56414717323178820, 0.7512309198587496795 ) ) ;
#299 = CYLINDRICAL_SURFACE ( 'NONE', #54, 19.99999999999999289 ) ;
#300 = VERTEX_POINT ( 'NONE', #2575 ) ;
#301 = CARTESIAN_POINT ( 'NONE',  ( 7.567290434640798757, -23.84136006187790358, -18.88415495793897492 ) ) ;
#302 = ORIENTED_EDGE ( 'NONE', *, *, #1968, .T. ) ;
#303 = CARTESIAN_POINT ( 'NONE',  ( -22.44389932370826202, -21.80852428361878736, 7.058554385064784498 ) ) ;
#304 = CARTESIAN_POINT ( 'NONE',  ( 29.27261281947449234, -13.78338670109743980, 3.614667193772772347 ) ) ;
#305 = VECTOR ( 'NONE', #702, 1000.000000000000000 ) ;
#306 = CARTESIAN_POINT ( 'NONE',  ( 29.05416671262663542, 10.20986417264852619, 7.129333836541686509 ) ) ;
#307 = CARTESIAN_POINT ( 'NONE',  ( 37.54996671103717887, -8.499999999999998224, 12.96227999980796142 ) ) ;
#308 = CARTESIAN_POINT ( 'NONE',  ( -31.49999999999999289, 9.143369231204443892, 0.7169578939421683561 ) ) ;
#309 = CARTESIAN_POINT ( 'NONE',  ( -12.28701163955273046, 24.06987548799553878, 12.64995412165116306 ) ) ;
#310 = CARTESIAN_POINT ( 'NONE',  ( 2.735031184884366299E-14, -0.4563209575144585584, -54.17198252244451595 ) ) ;
#311 = CARTESIAN_POINT ( 'NONE',  ( 21.77309349832106022, -18.39981345661385248, 9.910538352071494472 ) ) ;
#312 = DIRECTION ( 'NONE',  ( -0.8751999276928488225, 0.2739291369592714576, 0.3987328861420648130 ) ) ;
#313 = CARTESIAN_POINT ( 'NONE',  ( 29.99999999999998934, -4.851210900566661266, 3.983432743807685306 ) ) ;
#314 = EDGE_CURVE ( 'NONE', #201, #1910, #3678, .T. ) ;
#315 = CARTESIAN_POINT ( 'NONE',  ( 11.49999999999998224, 22.47514308404502970, -17.88465857028938188 ) ) ;
#316 = CARTESIAN_POINT ( 'NONE',  ( 20.62604046421875026, 17.45947529944486121, 9.291084196618278668 ) ) ;
#317 = CARTESIAN_POINT ( 'NONE',  ( 8.345684927326831482E-16, 28.49999999999999645, 4.999999999999999112 ) ) ;
#318 = CARTESIAN_POINT ( 'NONE',  ( -24.99684213652266251, 17.17880869567891011, 5.979483472168576341 ) ) ;
#319 = VERTEX_POINT ( 'NONE', #5959 ) ;
#320 = LINE ( 'NONE', #1293, #3955 ) ;
#321 = EDGE_CURVE ( 'NONE', #4848, #2601, #4688, .T. ) ;
#322 = EDGE_CURVE ( 'NONE', #2453, #4075, #2450, .T. ) ;
#323 = CIRCLE ( 'NONE', #3882, 10.00000000000000178 ) ;
#324 = EDGE_CURVE ( 'NONE', #5660, #4769, #6036, .T. ) ;
#325 = CARTESIAN_POINT ( 'NONE',  ( 6.123233995736767268E-16, -28.49999999999999645, 5.000000000000000000 ) ) ;
#326 = CARTESIAN_POINT ( 'NONE',  ( 1.407245650901341164E-15, 27.00000000000000000, 4.999999999999999112 ) ) ;
#327 = CARTESIAN_POINT ( 'NONE',  ( -21.30630549657004025, 22.75816835026880725, 7.078193904196340647 ) ) ;
#328 = CARTESIAN_POINT ( 'NONE',  ( -28.38025624127714153, 2.662800725256953438, 12.29727403865319246 ) ) ;
#329 = CARTESIAN_POINT ( 'NONE',  ( 18.01789212465624956, 20.14440144237604002, 13.85798934474078870 ) ) ;
#330 = CARTESIAN_POINT ( 'NONE',  ( -16.64407883511761810, 27.87096690970316004, 0.8980564535509673041 ) ) ;
#331 = CARTESIAN_POINT ( 'NONE',  ( -3.556657148894507792, 28.42661271425404834, 5.607301762712517679 ) ) ;
#332 = AXIS2_PLACEMENT_3D ( 'NONE', #4715, #1753, #4232 ) ;
#333 = EDGE_LOOP ( 'NONE', ( #1006, #1965, #4455, #1768, #948, #4023 ) ) ;
#334 = ORIENTED_EDGE ( 'NONE', *, *, #570, .T. ) ;
#335 = DIRECTION ( 'NONE',  ( -0.2177367560900099475, 0.9618832874057741122, -0.1654425775212066962 ) ) ;
#336 = CARTESIAN_POINT ( 'NONE',  ( -1.608411572879421048, -28.50000000000260769, 5.645963058406378465 ) ) ;
#337 = CARTESIAN_POINT ( 'NONE',  ( 28.34239637449313420, -16.17880813879689228, 0.07231234483270096436 ) ) ;
#338 = CARTESIAN_POINT ( 'NONE',  ( -21.49999999999998579, -8.499999999999225508, 0.8039144995325251397 ) ) ;
#339 = CARTESIAN_POINT ( 'NONE',  ( -4.675870621368513724, 23.36200928885736872, -19.13168554650370368 ) ) ;
#340 = COORDINATED_UNIVERSAL_TIME_OFFSET ( 1, 0, .AHEAD. ) ;
#341 = CARTESIAN_POINT ( 'NONE',  ( -29.39188276248696852, -8.540075667956045891, 7.116655464078176507 ) ) ;
#342 = DIRECTION ( 'NONE',  ( -1.000000000000000000, 0.000000000000000000, 0.000000000000000000 ) ) ;
#343 = CARTESIAN_POINT ( 'NONE',  ( 11.35218532079653642, 26.13918757046631924, 6.050987823074027716 ) ) ;
#344 = CARTESIAN_POINT ( 'NONE',  ( 20.29645494618671009, -26.47376249280677030, 0.4384868438345772002 ) ) ;
#345 = CARTESIAN_POINT ( 'NONE',  ( 26.52740771873407155, -10.43735852821047061, 13.68621312230779807 ) ) ;
#346 = CARTESIAN_POINT ( 'NONE',  ( 25.41639893569259456, -20.75106632328357747, -0.003596300222284474005 ) ) ;
#347 = LINE ( 'NONE', #2854, #2865 ) ;
#348 = ORIENTED_EDGE ( 'NONE', *, *, #5030, .T. ) ;
#349 = CARTESIAN_POINT ( 'NONE',  ( 11.49999999999976552, 27.00000000000000000, 1.893709856737647801 ) ) ;
#350 = CARTESIAN_POINT ( 'NONE',  ( -24.19369105259957209, 18.30713542303398356, 5.976605692141858661 ) ) ;
#351 = CARTESIAN_POINT ( 'NONE',  ( -21.31523778552682202, -16.61553978697708445, 14.08216914065660141 ) ) ;
#352 = ORIENTED_EDGE ( 'NONE', *, *, #45, .F. ) ;
#353 = CARTESIAN_POINT ( 'NONE',  ( -27.48695480277111258, -11.76318783842586235, 6.111192311165579483 ) ) ;
#354 =( BOUNDED_SURFACE ( )  B_SPLINE_SURFACE ( 3, 2, ( 
 ( #3766, #3292, #5265 ),
 ( #6240, #862, #2808 ),
 ( #4291, #5773, #3325 ),
 ( #426, #190, #2182 ),
 ( #4983, #1188, #2082 ),
 ( #159, #2567, #3105 ),
 ( #5113, #226, #682 ),
 ( #4077, #1632, #126 ),
 ( #5973, #4042, #2111 ),
 ( #1568, #3592, #4493 ),
 ( #2149, #5558, #4113 ),
 ( #2051, #3534, #260 ) ),
 .UNSPECIFIED., .F., .F., .T. ) 
 B_SPLINE_SURFACE_WITH_KNOTS ( ( 4, 2, 2, 2, 2, 4 ),
 ( 3, 3 ),
 ( 0.03446464521409491749, 0.03881135795752339857, 0.04098471432923763563, 0.04315807070095187270, 0.04750478344438034684, 0.05185149618780882791 ),
 ( 0.000000000000000000, 0.6985814464164636917 ),
 .UNSPECIFIED. ) 
 GEOMETRIC_REPRESENTATION_ITEM ( )  RATIONAL_B_SPLINE_SURFACE ( (
 ( 1.000000000000000000, 0.9243063917234314308, 0.9543690841555159121),
 ( 1.000000000000000000, 0.9312247323117607278, 0.9585397165821809562),
 ( 1.000000000000000000, 0.9365228872573666541, 0.9617336409829129185),
 ( 1.000000000000000000, 0.9418865422739325366, 0.9649670512569415992),
 ( 1.000000000000000000, 0.9432431589070430222, 0.9657848701035804950),
 ( 1.000000000000000000, 0.9450522283565608861, 0.9668754442971921881),
 ( 1.000000000000000000, 0.9454921402095297633, 0.9671406394860444511),
 ( 1.000000000000000000, 0.9454512673904350573, 0.9671159998340197461),
 ( 1.000000000000000000, 0.9436207790347912461, 0.9660125135290003051),
 ( 1.000000000000000000, 0.9365270508133810567, 0.9617361509289759081),
 ( 1.000000000000000000, 0.9312618220411225112, 0.9585620756473347548),
 ( 1.000000000000000000, 0.9243063917234313198, 0.9543690841555156901) ) ) 
 REPRESENTATION_ITEM ( '' )  SURFACE ( )  );
#355 = CARTESIAN_POINT ( 'NONE',  ( 16.61378075555843381, -21.29170856609885831, 13.65248251085892939 ) ) ;
#356 = CARTESIAN_POINT ( 'NONE',  ( -4.409892864166054740E-15, 20.45676209442673255, -18.43872343179043938 ) ) ;
#357 = CARTESIAN_POINT ( 'NONE',  ( 9.401036392209761061, -18.49999999999999645, 2.737135302395515168 ) ) ;
#358 = DIRECTION ( 'NONE',  ( 1.000000000000000000, 0.000000000000000000, 0.000000000000000000 ) ) ;
#359 = CARTESIAN_POINT ( 'NONE',  ( 29.98661640957774921, -9.315949696684523218, -11.37815085987448249 ) ) ;
#360 = CARTESIAN_POINT ( 'NONE',  ( -3.723013088219435218, 21.71422275027124371, -18.17138470726575505 ) ) ;
#361 = DIRECTION ( 'NONE',  ( 1.000000000000000000, 0.000000000000000000, 0.000000000000000000 ) ) ;
#362 = ORIENTED_EDGE ( 'NONE', *, *, #1436, .F. ) ;
#363 = ORIENTED_EDGE ( 'NONE', *, *, #5872, .F. ) ;
#364 = CARTESIAN_POINT ( 'NONE',  ( -1.722341832219258517, -28.49999999999999645, 5.296847523270183267 ) ) ;
#365 = CARTESIAN_POINT ( 'NONE',  ( -13.63289868852297637, -28.38835740961848231, 1.427329560308050249 ) ) ;
#366 = CARTESIAN_POINT ( 'NONE',  ( 22.91516082220887895, -23.10755240396746046, 3.564660378712329880 ) ) ;
#367 = DIRECTION ( 'NONE',  ( 0.000000000000000000, -0.2609504664687832820, 0.9653521917153989884 ) ) ;
#368 = DIRECTION ( 'NONE',  ( 1.000000000000000000, 0.000000000000000000, 0.000000000000000000 ) ) ;
#369 = CARTESIAN_POINT ( 'NONE',  ( -9.897807680524173835E-15, -13.64948732725518887, -37.73703768034668116 ) ) ;
#370 = FACE_OUTER_BOUND ( 'NONE', #1053, .T. ) ;
#371 = EDGE_CURVE ( 'NONE', #4122, #5275, #3283, .T. ) ;
#372 = EDGE_LOOP ( 'NONE', ( #4991, #1259, #5756, #3421, #1121, #5046, #4407, #1438 ) ) ;
#373 = CARTESIAN_POINT ( 'NONE',  ( -1.012924063743773992E-14, -5.478988377651615060, -52.33159694663811479 ) ) ;
#374 = CARTESIAN_POINT ( 'NONE',  ( 16.15834885721938363, -23.48511846884974830, 13.41543490991287690 ) ) ;
#375 = CARTESIAN_POINT ( 'NONE',  ( -12.12839756307417005, 27.19069667458882833, 7.032143743650943968 ) ) ;
#376 = ORIENTED_EDGE ( 'NONE', *, *, #1501, .F. ) ;
#377 = DIRECTION ( 'NONE',  ( -0.000000000000000000, -0.000000000000000000, 1.000000000000000000 ) ) ;
#378 = CARTESIAN_POINT ( 'NONE',  ( -21.02969271979996435, 24.37681023178295447, 3.654179352142797654 ) ) ;
#379 = CARTESIAN_POINT ( 'NONE',  ( 28.05339065317729563, 9.876327737338996826, 6.054447811467507989 ) ) ;
#380 = CARTESIAN_POINT ( 'NONE',  ( -20.54941614146561690, -22.09004899471461414, 5.977613801616800338 ) ) ;
#381 = ORIENTED_EDGE ( 'NONE', *, *, #4620, .T. ) ;
#382 = CARTESIAN_POINT ( 'NONE',  ( -27.92104170573168886, -9.953384546749839856, 6.180520935986721476 ) ) ;
#383 = CARTESIAN_POINT ( 'NONE',  ( 3.495119048334959899, -28.43030490261617160, 5.602489055889998681 ) ) ;
#384 = CARTESIAN_POINT ( 'NONE',  ( -31.49999999996423128, 6.117113035711109426, 4.428792350875563777 ) ) ;
#385 = CARTESIAN_POINT ( 'NONE',  ( -29.99999999999998934, -7.294422323029608357, -9.608766502979243285 ) ) ;
#386 = B_SPLINE_CURVE_WITH_KNOTS ( 'NONE', 3,
 ( #1367, #3322, #2892, #4804, #3833, #2806 ),
 .UNSPECIFIED., .F., .F.,
 ( 4, 2, 4 ),
 ( 0.000000000000000000, 0.001131040970656084846, 0.002262081941312169692 ),
 .UNSPECIFIED. ) ;
#387 = CARTESIAN_POINT ( 'NONE',  ( -7.388121353675052738, -25.97919579632303666, 10.22280020639549925 ) ) ;
#388 = CARTESIAN_POINT ( 'NONE',  ( -4.409892864166054740E-15, 20.45676209442673255, -18.43872343179043938 ) ) ;
#389 = CARTESIAN_POINT ( 'NONE',  ( -8.512987012987021984, 27.19887961142360311, 10.66248444409494311 ) ) ;
#390 =( BOUNDED_SURFACE ( )  B_SPLINE_SURFACE ( 3, 2, ( 
 ( #1072, #99, #481 ),
 ( #3015, #5982, #4444 ),
 ( #4021, #2985, #3542 ),
 ( #5509, #3902, #2028 ),
 ( #3991, #3416, #5384 ),
 ( #977, #2927, #4901 ),
 ( #512, #735, #1206 ),
 ( #1134, #2640, #699 ),
 ( #4125, #5131, #4093 ),
 ( #663, #3155, #2161 ),
 ( #4609, #273, #2093 ),
 ( #1605, #3196, #1241 ),
 ( #5168, #5605, #6079 ),
 ( #1678, #4641, #239 ),
 ( #5676, #2714, #1170 ),
 ( #2125, #3634, #2679 ),
 ( #3571, #169, #3709 ),
 ( #5064, #2196, #768 ),
 ( #4679, #3604, #303 ),
 ( #1273, #4158, #1643 ),
 ( #6111, #1716, #2606 ),
 ( #4054, #6010, #5541 ),
 ( #3672, #5640, #5571 ),
 ( #2233, #6144, #4198 ),
 ( #1751, #5025, #3082 ),
 ( #632, #2577, #4572 ),
 ( #205, #6043, #3117 ),
 ( #5091, #3232, #1779 ),
 ( #365, #4712, #4327 ),
 ( #921, #1810, #5324 ),
 ( #3863, #865, #6208 ),
 ( #2811, #5234, #833 ) ),
 .UNSPECIFIED., .F., .F., .F. ) 
 B_SPLINE_SURFACE_WITH_KNOTS ( ( 4, 2, 2, 2, 2, 2, 2, 2, 2, 2, 2, 2, 2, 2, 2, 4 ),
 ( 3, 3 ),
 ( 0.004952069022302372538, 0.005950389881812508802, 0.006449550311567577368, 0.006948710741322645934, 0.008945352460342920198, 0.009943673319853057330, 0.01094199417936319446, 0.01194031503887333159, 0.01293863589838346873, 0.01493527761740374299, 0.01593359847691388012, 0.01693191933642401725, 0.01892856105544429152, 0.01942772148519936182, 0.01992688191495442865, 0.02092520277446456578 ),
 ( 0.000000000000000000, 1.000000000000000000 ),
 .UNSPECIFIED. ) 
 GEOMETRIC_REPRESENTATION_ITEM ( )  RATIONAL_B_SPLINE_SURFACE ( (
 ( 1.000000000000000000, 0.9368608944935520322, 1.000000000000000000),
 ( 1.000000000000000000, 0.9355751214209119260, 1.000000000000000000),
 ( 1.000000000000000000, 0.9343889616034459777, 1.000000000000000000),
 ( 1.000000000000000000, 0.9327559237479799981, 1.000000000000000000),
 ( 1.000000000000000000, 0.9322358836262301107, 1.000000000000000000),
 ( 1.000000000000000000, 0.9312551299239779645, 1.000000000000000000),
 ( 1.000000000000000000, 0.9307927439965455463, 1.000000000000000000),
 ( 1.000000000000000000, 0.9286141613788454485, 1.000000000000000000),
 ( 1.000000000000000000, 0.9272925748643469079, 1.000000000000000000),
 ( 1.000000000000000000, 0.9258791832377367692, 1.000000000000000000),
 ( 1.000000000000000000, 0.9255048434601929053, 1.000000000000000000),
 ( 1.000000000000000000, 0.9249602359234050386, 1.000000000000000000),
 ( 1.000000000000000000, 0.9247864084120074324, 1.000000000000000000),
 ( 1.000000000000000000, 0.9246277931783561943, 1.000000000000000000),
 ( 1.000000000000000000, 0.9246430146513325843, 1.000000000000000000),
 ( 1.000000000000000000, 0.9248651760882754536, 1.000000000000000000),
 ( 1.000000000000000000, 0.9250731643856270336, 1.000000000000000000),
 ( 1.000000000000000000, 0.9259981250922075802, 1.000000000000000000),
 ( 1.000000000000000000, 0.9269937574822375570, 1.000000000000000000),
 ( 1.000000000000000000, 0.9290947231369161008, 1.000000000000000000),
 ( 1.000000000000000000, 0.9298974807320912195, 1.000000000000000000),
 ( 1.000000000000000000, 0.9317285560064541006, 1.000000000000000000),
 ( 1.000000000000000000, 0.9327458289332825059, 1.000000000000000000),
 ( 1.000000000000000000, 0.9360898329149043295, 1.000000000000000000),
 ( 1.000000000000000000, 0.9387205203337519732, 1.000000000000000000),
 ( 1.000000000000000000, 0.9425383774253184299, 1.000000000000000000),
 ( 1.000000000000000000, 0.9433302234149337773, 1.000000000000000000),
 ( 1.000000000000000000, 0.9449463102323637509, 1.000000000000000000),
 ( 1.000000000000000000, 0.9457721339832120266, 1.000000000000000000),
 ( 1.000000000000000000, 0.9482940703060609433, 1.000000000000000000),
 ( 1.000000000000000000, 0.9500360199382495985, 1.000000000000000000),
 ( 1.000000000000000000, 0.9517961898714960567, 1.000000000000000000) ) ) 
 REPRESENTATION_ITEM ( '' )  SURFACE ( )  );
#391 = CARTESIAN_POINT ( 'NONE',  ( 31.50000000000000711, -4.196056571356669984, -7.411212433252704734 ) ) ;
#392 = VERTEX_POINT ( 'NONE', #5547 ) ;
#393 = ADVANCED_FACE ( 'NONE', ( #1141 ), #3026, .F. ) ;
#394 = CARTESIAN_POINT ( 'NONE',  ( 31.49999999999999289, 2.310891679295917100, 1.605774675690123887 ) ) ;
#395 = EDGE_CURVE ( 'NONE', #4434, #4848, #4608, .T. ) ;
#396 = CARTESIAN_POINT ( 'NONE',  ( -10.12097761014047492, 26.99999999999999645, 2.506479285845474081 ) ) ;
#397 = CARTESIAN_POINT ( 'NONE',  ( -11.49999999999998224, 36.74234614174768154, 10.66248444409500706 ) ) ;
#398 = CARTESIAN_POINT ( 'NONE',  ( 12.84701825673633202, 26.98999507837574896, 7.111271668407133539 ) ) ;
#399 = CARTESIAN_POINT ( 'NONE',  ( 28.33004394010366767, 12.80708360487103725, 7.091763844827044139 ) ) ;
#400 = CARTESIAN_POINT ( 'NONE',  ( 25.87909422310728758, 17.77791065437986973, 7.034678416600916862 ) ) ;
#401 = PERSON_AND_ORGANIZATION_ROLE ( 'classification_officer' ) ;
#402 = CARTESIAN_POINT ( 'NONE',  ( -36.00000000000000711, 0.000000000000000000, -123.3408453358350982 ) ) ;
#403 = EDGE_CURVE ( 'NONE', #4604, #237, #4057, .T. ) ;
#404 = CARTESIAN_POINT ( 'NONE',  ( -19.74560397841955961, 23.89428175153334521, 7.106301866190641192 ) ) ;
#405 = CIRCLE ( 'NONE', #3355, 8.500000000000001776 ) ;
#406 = ORIENTED_EDGE ( 'NONE', *, *, #568, .T. ) ;
#407 = CARTESIAN_POINT ( 'NONE',  ( 17.88767111735096904, -27.49741618507317753, 0.7236737090173445131 ) ) ;
#408 = CARTESIAN_POINT ( 'NONE',  ( 27.67354718823269266, -6.836379330064295878, 9.636348804041471539 ) ) ;
#409 = CARTESIAN_POINT ( 'NONE',  ( -12.46174695128187082, 28.49999999999999645, 4.838410426871016412 ) ) ;
#410 = CIRCLE ( 'NONE', #5915, 18.49999999999999645 ) ;
#411 = CARTESIAN_POINT ( 'NONE',  ( -31.49999999999998579, -8.500000000000000000, 0.8039144995327114351 ) ) ;
#412 = ORIENTED_EDGE ( 'NONE', *, *, #5370, .T. ) ;
#413 = CARTESIAN_POINT ( 'NONE',  ( -31.46756814691547532, -9.638517588044267725, -10.99999999999242029 ) ) ;
#414 = EDGE_CURVE ( 'NONE', #5402, #1424, #3049, .T. ) ;
#415 = CARTESIAN_POINT ( 'NONE',  ( 8.662364447849663307, -27.93728954470131853, 6.445759678364180623 ) ) ;
#416 = CARTESIAN_POINT ( 'NONE',  ( -28.91528463045740338, 14.85831914933246267, 3.573866376216469742 ) ) ;
#417 = CARTESIAN_POINT ( 'NONE',  ( 26.19213466653244282, 6.586613550671047257, 9.138820119618463522 ) ) ;
#418 = CARTESIAN_POINT ( 'NONE',  ( -22.68056207815011760, -14.66112618696140757, 14.05733066844024570 ) ) ;
#419 = EDGE_LOOP ( 'NONE', ( #3871, #2226, #2500, #5587 ) ) ;
#420 = CARTESIAN_POINT ( 'NONE',  ( 28.50000000000000000, -2.432795517538322102E-16, 12.14142842854284510 ) ) ;
#421 = CARTESIAN_POINT ( 'NONE',  ( 2.706138322867226442, 26.89831397996174545, 6.966719255950431844 ) ) ;
#422 = CARTESIAN_POINT ( 'NONE',  ( -30.00000000000000355, -5.293893106538782867, -8.346760881946526212 ) ) ;
#423 = CARTESIAN_POINT ( 'NONE',  ( 6.123233995736767268E-16, 28.49999999999999645, 5.000000000000000000 ) ) ;
#424 = CARTESIAN_POINT ( 'NONE',  ( 29.99999999999999289, -6.900808533011558055, 1.136834755483775883 ) ) ;
#425 = DIRECTION ( 'NONE',  ( -0.000000000000000000, -1.000000000000000000, 0.000000000000000000 ) ) ;
#426 = CARTESIAN_POINT ( 'NONE',  ( -26.88740576888834255, 2.514022402173683002, 12.29614515990472157 ) ) ;
#427 = ORIENTED_EDGE ( 'NONE', *, *, #2768, .F. ) ;
#428 = VECTOR ( 'NONE', #5259, 1000.000000000000000 ) ;
#429 = CARTESIAN_POINT ( 'NONE',  ( 29.52498335551862496, -7.700404266506096995, 7.049557377645763623 ) ) ;
#430 = CARTESIAN_POINT ( 'NONE',  ( -6.356833076843475538, -27.83586824377238145, 7.487175564593254506 ) ) ;
#431 = CARTESIAN_POINT ( 'NONE',  ( 9.532444164878683068, -22.50674521001678130, -17.87123537556473352 ) ) ;
#432 = DIRECTION ( 'NONE',  ( 1.000000000000000000, 0.000000000000000000, 0.000000000000000000 ) ) ;
#433 = DIRECTION ( 'NONE',  ( 0.000000000000000000, 0.000000000000000000, 1.000000000000000000 ) ) ;
#434 = CARTESIAN_POINT ( 'NONE',  ( -14.02331596027649141, 28.39211920062247430, 4.692568264167187309 ) ) ;
#435 = EDGE_LOOP ( 'NONE', ( #3254, #1890, #1482 ) ) ;
#436 = CARTESIAN_POINT ( 'NONE',  ( 22.89749228314321527, -16.97983464321092839, 9.911897709764019737 ) ) ;
#437 = CARTESIAN_POINT ( 'NONE',  ( 29.76021208415974328, -11.53012938295364975, 0.4249437489037617421 ) ) ;
#438 = AXIS2_PLACEMENT_3D ( 'NONE', #2261, #1074, #3018 ) ;
#439 = CARTESIAN_POINT ( 'NONE',  ( 29.99999999999999289, 6.900808533012652290, 1.136834755483640214 ) ) ;
#440 = CARTESIAN_POINT ( 'NONE',  ( 58.50000000000000000, 0.000000000000000000, -204.9999999999999147 ) ) ;
#441 = CARTESIAN_POINT ( 'NONE',  ( 11.41685260664471713, -25.99658308585051714, 6.312617622613975854 ) ) ;
#442 = CARTESIAN_POINT ( 'NONE',  ( -19.52646760934584336, 25.19163269682685424, 3.741243233666800450 ) ) ;
#443 = CARTESIAN_POINT ( 'NONE',  ( -26.33137536545097745, -14.98351516232969516, 5.942849824537073999 ) ) ;
#444 = CARTESIAN_POINT ( 'NONE',  ( 0.000000000000000000, 0.000000000000000000, 0.000000000000000000 ) ) ;
#445 = ORIENTED_EDGE ( 'NONE', *, *, #1576, .T. ) ;
#446 = EDGE_CURVE ( 'NONE', #5751, #4769, #5101, .T. ) ;
#447 = CARTESIAN_POINT ( 'NONE',  ( 28.43974809257508340, 2.131292573465803031, 12.22352802419683115 ) ) ;
#448 = CARTESIAN_POINT ( 'NONE',  ( -31.33794346523549024, -11.12486521420525420, 0.4896757623485630262 ) ) ;
#449 = CARTESIAN_POINT ( 'NONE',  ( -20.50082158770896257, 17.58067459090472440, 14.05034445935172904 ) ) ;
#450 = CARTESIAN_POINT ( 'NONE',  ( -26.29865681056135784, -11.05429155716212897, 13.76920354057076601 ) ) ;
#451 = CARTESIAN_POINT ( 'NONE',  ( -27.00000000000000355, -1.012304484691677775, 12.14142842854282911 ) ) ;
#452 = CARTESIAN_POINT ( 'NONE',  ( 31.49999999999999289, -7.447571278638206671, 1.062894333148826531 ) ) ;
#453 = CARTESIAN_POINT ( 'NONE',  ( -1.434401753355323272, -28.49999999999999645, 5.987543385696212361 ) ) ;
#454 = CARTESIAN_POINT ( 'NONE',  ( 6.612379788132304981, -22.27211608491798600, -17.97116915634453704 ) ) ;
#455 = CARTESIAN_POINT ( 'NONE',  ( 31.49999999999999289, -5.685041485581678725E-16, -6.613185368461827807 ) ) ;
#456 = CARTESIAN_POINT ( 'NONE',  ( 29.99999999999998934, 8.500000000000001776, -10.63331683757129298 ) ) ;
#457 = CARTESIAN_POINT ( 'NONE',  ( -16.30921591591075881, 25.76566050536928998, 7.148909390432599764 ) ) ;
#458 = ORIENTED_EDGE ( 'NONE', *, *, #5803, .T. ) ;
#459 = FACE_OUTER_BOUND ( 'NONE', #2565, .T. ) ;
#460 = DIRECTION ( 'NONE',  ( -0.000000000000000000, -1.000000000000000000, 0.000000000000000000 ) ) ;
#461 = B_SPLINE_CURVE_WITH_KNOTS ( 'NONE', 3,
 ( #5427, #994, #4429, #556 ),
 .UNSPECIFIED., .F., .F.,
 ( 4, 4 ),
 ( 0.000000000000000000, 0.0005447354668323650499 ),
 .UNSPECIFIED. ) ;
#462 = CARTESIAN_POINT ( 'NONE',  ( 28.69245654985071070, 2.532433752884562850, 6.092913650714689489 ) ) ;
#463 = CARTESIAN_POINT ( 'NONE',  ( 10.12097761014047670, -26.99999999999999645, 2.506479285845468752 ) ) ;
#464 = CARTESIAN_POINT ( 'NONE',  ( -25.41907888070311117, -20.74805623338505356, -0.003671527565404615872 ) ) ;
#465 = CARTESIAN_POINT ( 'NONE',  ( -25.31823753118463571, 20.81610335264494083, 0.004869750906051814252 ) ) ;
#466 = CARTESIAN_POINT ( 'NONE',  ( -19.05501180643794257, -23.10951516804843209, 6.017883444971586115 ) ) ;
#467 = VERTEX_POINT ( 'NONE', #6050 ) ;
#468 = CARTESIAN_POINT ( 'NONE',  ( -22.60738717096068839, -23.34477874598700708, 0.1459961187855457754 ) ) ;
#469 = EDGE_CURVE ( 'NONE', #6319, #4754, #2034, .T. ) ;
#470 = CARTESIAN_POINT ( 'NONE',  ( -31.50000000000000000, -3.091024769184206544, -7.020461138220782438 ) ) ;
#471 = CARTESIAN_POINT ( 'NONE',  ( -31.49999999999999289, 4.615797270586211809, 1.407900385462963921 ) ) ;
#472 = CARTESIAN_POINT ( 'NONE',  ( -29.99999999999998934, -6.316880631693475578, -8.945266702755439781 ) ) ;
#473 = CARTESIAN_POINT ( 'NONE',  ( -6.612379788132312974, 22.27211608491798245, -17.97116915634454770 ) ) ;
#474 = CARTESIAN_POINT ( 'NONE',  ( -3.275972903447587736, -27.00000000002230749, 4.836650280782028410 ) ) ;
#475 = EDGE_CURVE ( 'NONE', #3924, #4676, #2063, .T. ) ;
#476 = CARTESIAN_POINT ( 'NONE',  ( -14.83570438640389888, 26.52088072452415446, 6.964511533592140147 ) ) ;
#477 = CARTESIAN_POINT ( 'NONE',  ( 26.33919684633040603, 17.17138349491670368, 6.980820809357196843 ) ) ;
#478 = DIRECTION ( 'NONE',  ( 0.000000000000000000, -0.2609504664687837261, -0.9653521917153989884 ) ) ;
#479 = CARTESIAN_POINT ( 'NONE',  ( -10.65050274227081850, 26.17388103079778361, 6.192859598951364397 ) ) ;
#480 = CARTESIAN_POINT ( 'NONE',  ( 24.59818391883644750, -14.44837995122340857, 14.02777439181649655 ) ) ;
#481 = CARTESIAN_POINT ( 'NONE',  ( -29.05416671262529249, -10.20986417264817980, 7.129333836537410818 ) ) ;
#482 = ORIENTED_EDGE ( 'NONE', *, *, #1240, .T. ) ;
#483 = CARTESIAN_POINT ( 'NONE',  ( 19.63467576562405625, -22.61036059924244057, -18.31727373701014017 ) ) ;
#484 = DIRECTION ( 'NONE',  ( 0.2177367560900095589, 0.9618832874057742233, 0.1654425775212066130 ) ) ;
#485 = CARTESIAN_POINT ( 'NONE',  ( -26.64942144803399060, -16.52849746787538621, 7.042824898693800684 ) ) ;
#486 = CARTESIAN_POINT ( 'NONE',  ( 15.16193062659173663, 28.20232786721062013, 4.605618273313138999 ) ) ;
#487 = ORIENTED_EDGE ( 'NONE', *, *, #5517, .F. ) ;
#488 = FACE_OUTER_BOUND ( 'NONE', #4123, .T. ) ;
#489 = CARTESIAN_POINT ( 'NONE',  ( 13.66821526289419353, -25.40057177991630866, 6.358119300770659343 ) ) ;
#490 = CARTESIAN_POINT ( 'NONE',  ( 15.25765514909129550, -22.28871226104604020, 9.226884130973274978 ) ) ;
#491 = CIRCLE ( 'NONE', #2621, 8.500000000000000000 ) ;
#492 = CARTESIAN_POINT ( 'NONE',  ( 26.33374288825983811, -5.961038961038963357, 12.96227999980796675 ) ) ;
#493 = ORIENTED_EDGE ( 'NONE', *, *, #2838, .T. ) ;
#494 = CARTESIAN_POINT ( 'NONE',  ( -13.73562204718447077, -26.90625876212314083, 4.230813109246524206 ) ) ;
#495 = EDGE_CURVE ( 'NONE', #764, #2195, #4908, .T. ) ;
#496 = CARTESIAN_POINT ( 'NONE',  ( 29.27254344905740524, 13.78332379970844812, 3.614679267567061594 ) ) ;
#497 = CARTESIAN_POINT ( 'NONE',  ( 1.894032782685034529E-14, 16.70308848019660175, -31.05085814220283780 ) ) ;
#498 = CARTESIAN_POINT ( 'NONE',  ( -17.14606839491031209, -22.77389095783831863, 13.59126482466476027 ) ) ;
#499 = CARTESIAN_POINT ( 'NONE',  ( 30.85917127958241934, -13.69203373475980889, 0.2532574338441838102 ) ) ;
#500 = CARTESIAN_POINT ( 'NONE',  ( -29.99999999999998934, -7.973464254590980183, 0.9462457124891663351 ) ) ;
#501 = EDGE_CURVE ( 'NONE', #2481, #1602, #1341, .T. ) ;
#502 = ORIENTED_EDGE ( 'NONE', *, *, #5302, .F. ) ;
#503 = EDGE_CURVE ( 'NONE', #5740, #1602, #2141, .T. ) ;
#504 = CARTESIAN_POINT ( 'NONE',  ( -21.37673428457679137, 18.85890178831257913, 9.909415611228507004 ) ) ;
#505 = EDGE_CURVE ( 'NONE', #1270, #392, #1666, .T. ) ;
#506 = CARTESIAN_POINT ( 'NONE',  ( 20.01106564422104128, 20.33130031440878938, 13.95305107525122601 ) ) ;
#507 = CARTESIAN_POINT ( 'NONE',  ( 27.93855782029788770, 5.759578693401222971, 9.514062370025570203 ) ) ;
#508 = CARTESIAN_POINT ( 'NONE',  ( -9.583971212715878707, 26.99999999999999645, 2.688686497692564625 ) ) ;
#509 = CARTESIAN_POINT ( 'NONE',  ( 29.99999999999999289, 0.7900292755351427942, -7.002475381042381208 ) ) ;
#510 = CARTESIAN_POINT ( 'NONE',  ( 22.84217997268740064, -17.05525183615904794, 14.07785300037107667 ) ) ;
#511 = VECTOR ( 'NONE', #3886, 1000.000000000000000 ) ;
#512 = CARTESIAN_POINT ( 'NONE',  ( -31.17987427343014772, -12.07920458101084904, 0.3978560588208945314 ) ) ;
#513 = VERTEX_POINT ( 'NONE', #2879 ) ;
#514 = CARTESIAN_POINT ( 'NONE',  ( 2.687433927066046113, 26.90008725477061091, 6.953210202167324105 ) ) ;
#515 = CARTESIAN_POINT ( 'NONE',  ( -26.14551110590221228, -17.36692358498066469, 7.036704476452740664 ) ) ;
#516 = AXIS2_PLACEMENT_3D ( 'NONE', #5305, #4817, #2374 ) ;
#517 = B_SPLINE_CURVE_WITH_KNOTS ( 'NONE', 3,
 ( #5893, #2929, #4937, #3960, #4903, #514, #4446, #2454 ),
 .UNSPECIFIED., .F., .F.,
 ( 4, 2, 2, 4 ),
 ( 0.000000000000000000, 0.002503214361664911260, 0.005006428723329822521, 0.01001285744665964331 ),
 .UNSPECIFIED. ) ;
#518 = ORIENTED_EDGE ( 'NONE', *, *, #3578, .T. ) ;
#519 = AXIS2_PLACEMENT_3D ( 'NONE', #2550, #2582, #1176 ) ;
#520 = CARTESIAN_POINT ( 'NONE',  ( -28.35191950512972170, -16.15732630561202754, 0.07338519854685374155 ) ) ;
#521 = CARTESIAN_POINT ( 'NONE',  ( -21.23415467798458423, 19.01999697428126623, 14.03124288211484050 ) ) ;
#522 = CARTESIAN_POINT ( 'NONE',  ( 9.118881317429195832, -25.41990874566284120, 11.29643042078333437 ) ) ;
#523 = CARTESIAN_POINT ( 'NONE',  ( 31.33794346523549024, 11.12486521420524888, 0.4896757623485623601 ) ) ;
#524 = CYLINDRICAL_SURFACE ( 'NONE', #2136, 22.49999999999999645 ) ;
#525 = VERTEX_POINT ( 'NONE', #12 ) ;
#526 = CARTESIAN_POINT ( 'NONE',  ( 18.49397972850080407, -24.68545964738630261, 7.127147465815729888 ) ) ;
#527 = CARTESIAN_POINT ( 'NONE',  ( -31.49999999999999289, -8.500000000000012434, -10.02838013942483997 ) ) ;
#528 = CARTESIAN_POINT ( 'NONE',  ( -6.379472186356729040E-16, 13.24272998963361836, -38.48985068782069163 ) ) ;
#529 = CARTESIAN_POINT ( 'NONE',  ( 3.547492679499258728, -28.28740494892999280, 7.430628576001667263 ) ) ;
#530 = CARTESIAN_POINT ( 'NONE',  ( 30.47671302109684888, -14.95466956104034750, 0.1658846772188911634 ) ) ;
#531 = CARTESIAN_POINT ( 'NONE',  ( -25.70870387574982630, -19.33175690931055613, -16.83244213488629626 ) ) ;
#532 = CARTESIAN_POINT ( 'NONE',  ( -7.843994539819898471, -26.99999999999999645, 3.149505043936617010 ) ) ;
#533 = ORIENTED_EDGE ( 'NONE', *, *, #1897, .T. ) ;
#534 = CARTESIAN_POINT ( 'NONE',  ( 10.45051819610490718, 27.62117307087383367, 6.699809873245216707 ) ) ;
#535 = CARTESIAN_POINT ( 'NONE',  ( 27.92104170573121991, -9.953384546751992801, 6.180520935986703712 ) ) ;
#536 = CARTESIAN_POINT ( 'NONE',  ( 29.50080332269381600, 8.314517509748498014, 7.001229031900702893 ) ) ;
#537 = CARTESIAN_POINT ( 'NONE',  ( 27.67174654725243954, 6.844333919342695083, 9.587731015735608153 ) ) ;
#538 = CARTESIAN_POINT ( 'NONE',  ( -10.89151200466626079, 26.99999999999966960, 4.536031457425614200 ) ) ;
#539 = CARTESIAN_POINT ( 'NONE',  ( 27.92104170572978106, 9.953384546750415396, 6.180520935988835340 ) ) ;
#540 = B_SPLINE_CURVE_WITH_KNOTS ( 'NONE', 3,
 ( #2303, #6246, #398, #1308, #4260, #6114 ),
 .UNSPECIFIED., .F., .F.,
 ( 4, 2, 4 ),
 ( 0.000000000000000000, 0.001881959696090738541, 0.003763919392181477083 ),
 .UNSPECIFIED. ) ;
#541 = CARTESIAN_POINT ( 'NONE',  ( 9.401036392209828563, 28.49999999999999645, 2.737135302395492076 ) ) ;
#542 =( BOUNDED_SURFACE ( )  B_SPLINE_SURFACE ( 3, 2, ( 
 ( #5115, #626, #2569 ),
 ( #4529, #4079, #5050 ),
 ( #4560, #6032, #192 ),
 ( #2628, #2114, #1633 ),
 ( #5560, #2151, #4114 ),
 ( #5591, #3140, #720 ),
 ( #261, #3217, #5662 ),
 ( #1739, #754, #2701 ) ),
 .UNSPECIFIED., .F., .F., .F. ) 
 B_SPLINE_SURFACE_WITH_KNOTS ( ( 4, 2, 2, 4 ),
 ( 3, 3 ),
 ( 0.000000000000000000, 0.0005637656028400023439, 0.001127531205680004688, 0.002255062411360009376 ),
 ( 0.000000000000000000, 1.000000000000000000 ),
 .UNSPECIFIED. ) 
 GEOMETRIC_REPRESENTATION_ITEM ( )  RATIONAL_B_SPLINE_SURFACE ( (
 ( 1.000000000000000000, 0.9777825185304204192, 1.000000000000000000),
 ( 1.000000000000000000, 0.9753694589242430935, 1.000000000000000000),
 ( 1.000000000000000000, 0.9731492780376881369, 1.000000000000000000),
 ( 1.000000000000000000, 0.9687865398912164361, 1.000000000000000000),
 ( 1.000000000000000000, 0.9666517755196469830, 1.000000000000000000),
 ( 1.000000000000000000, 0.9602710953473488908, 1.000000000000000000),
 ( 1.000000000000000000, 0.9560532404045357646, 1.000000000000000000),
 ( 1.000000000000000000, 0.9517961898714959457, 1.000000000000000000) ) ) 
 REPRESENTATION_ITEM ( '' )  SURFACE ( )  );
#543 = CARTESIAN_POINT ( 'NONE',  ( -24.05683659638037497, 12.27337873192502293, 9.296400815479762159 ) ) ;
#544 = ORIENTED_EDGE ( 'NONE', *, *, #2269, .F. ) ;
#545 = DIRECTION ( 'NONE',  ( 1.110223024625156540E-16, 0.000000000000000000, -1.000000000000000000 ) ) ;
#546 = EDGE_CURVE ( 'NONE', #4524, #3560, #1849, .T. ) ;
#547 = EDGE_LOOP ( 'NONE', ( #1800, #4503, #6097, #5942 ) ) ;
#548 = CARTESIAN_POINT ( 'NONE',  ( 26.98664060069192061, -0.9907479970963530835, 12.16027119255351607 ) ) ;
#549 = CARTESIAN_POINT ( 'NONE',  ( -19.62852778510073293, -25.12975055789931389, 0.4394365182806320713 ) ) ;
#550 = CARTESIAN_POINT ( 'NONE',  ( 18.10944409901199137, -20.06114270340787797, 13.86818711467093657 ) ) ;
#551 = CARTESIAN_POINT ( 'NONE',  ( -29.99561404899381145, 8.902816274078407588, -11.00000000000001066 ) ) ;
#552 = AXIS2_PLACEMENT_3D ( 'NONE', #5949, #5979, #269 ) ;
#553 = CARTESIAN_POINT ( 'NONE',  ( -8.590029030293335310, -25.60301028471234730, 11.00360569265287047 ) ) ;
#554 = ORIENTED_EDGE ( 'NONE', *, *, #790, .F. ) ;
#555 = CARTESIAN_POINT ( 'NONE',  ( -19.49942441629098155, -22.70541649650282068, 6.103168632808414706 ) ) ;
#556 = CARTESIAN_POINT ( 'NONE',  ( -29.99999999999998934, -8.500000000000000000, -10.63331683757133561 ) ) ;
#557 = CARTESIAN_POINT ( 'NONE',  ( -36.00000000000000000, 0.000000000000000000, -204.9999999999999432 ) ) ;
#558 = CARTESIAN_POINT ( 'NONE',  ( -10.75887221496777890, -26.39813717477722577, 11.82370166424000679 ) ) ;
#559 = CARTESIAN_POINT ( 'NONE',  ( 9.401036392209816128, 28.49999999999999645, 2.737135302395488967 ) ) ;
#560 = CARTESIAN_POINT ( 'NONE',  ( -27.79672860427427139, -6.292207792207810790, 12.96227999980796142 ) ) ;
#561 = ORIENTED_EDGE ( 'NONE', *, *, #2758, .F. ) ;
#562 = CARTESIAN_POINT ( 'NONE',  ( 8.720477995802539795, 27.92701601540652945, 6.454016103923608583 ) ) ;
#563 = CARTESIAN_POINT ( 'NONE',  ( -16.02316353156995277, 23.58106229118222430, 9.758232939237608150 ) ) ;
#564 = CARTESIAN_POINT ( 'NONE',  ( 29.17942143618841300, 10.12131784943462876, 7.015487656077451284 ) ) ;
#565 = DIRECTION ( 'NONE',  ( -0.4368693711347062525, 0.000000000000000000, 0.8995249593893246409 ) ) ;
#566 = CARTESIAN_POINT ( 'NONE',  ( 29.29125188259775570, 17.66089702711803966, 4.130647468599159211 ) ) ;
#567 = CARTESIAN_POINT ( 'NONE',  ( -4.962513462943308085, 28.07375007343970807, 8.381021231858115428 ) ) ;
#568 = EDGE_CURVE ( 'NONE', #4994, #63, #2363, .T. ) ;
#569 = CARTESIAN_POINT ( 'NONE',  ( 29.23413356743801117, -9.376523915588096614, 7.139672917899116733 ) ) ;
#570 = EDGE_CURVE ( 'NONE', #2601, #4434, #2380, .T. ) ;
#571 = CARTESIAN_POINT ( 'NONE',  ( -24.30627613305834345, 11.77248143523511281, 9.296185015646399208 ) ) ;
#572 = EDGE_LOOP ( 'NONE', ( #5557, #198, #376, #2386 ) ) ;
#573 = CARTESIAN_POINT ( 'NONE',  ( 6.123233995736767268E-16, 28.49999999999999645, 5.000000000000000000 ) ) ;
#574 = CARTESIAN_POINT ( 'NONE',  ( 3.440194540209382978, -26.94112212630849612, 5.401146319970250076 ) ) ;
#575 = CARTESIAN_POINT ( 'NONE',  ( -25.87909422310728402, -17.77791065437986262, 7.034678416600913309 ) ) ;
#576 = EDGE_CURVE ( 'NONE', #3215, #1868, #2719, .T. ) ;
#577 =( BOUNDED_SURFACE ( )  B_SPLINE_SURFACE ( 3, 2, ( 
 ( #2503, #3926, #129 ),
 ( #4409, #5886, #536 ),
 ( #4438, #598, #3386 ),
 ( #944, #3471, #564 ),
 ( #3952, #5917, #1428 ),
 ( #5438, #1034, #2977 ),
 ( #1542, #3895, #4955 ),
 ( #2535, #3503, #5467 ),
 ( #4497, #3411, #1065 ),
 ( #4015, #2895, #477 ),
 ( #4383, #1, #1932 ),
 ( #5857, #1454, #5378 ),
 ( #971, #2922, #4893 ),
 ( #506, #35, #1479 ),
 ( #1095, #5561, #3107 ),
 ( #627, #292, #1703 ),
 ( #1126, #2702, #2219 ),
 ( #4530, #3141, #5052 ),
 ( #2665, #5500, #3658 ),
 ( #5627, #3042, #1570 ),
 ( #2597, #2152, #4115 ),
 ( #162, #6068, #2570 ),
 ( #4045, #5155, #3536 ),
 ( #5592, #5117, #3564 ),
 ( #6003, #2184, #1596 ),
 ( #5082, #1667, #4148 ) ),
 .UNSPECIFIED., .F., .F., .F. ) 
 B_SPLINE_SURFACE_WITH_KNOTS ( ( 4, 2, 2, 2, 2, 2, 2, 2, 2, 2, 2, 2, 4 ),
 ( 3, 3 ),
 ( 0.01710051198309508330, 0.01966750212330892894, 0.02223449226352277458, 0.02736847254395046933, 0.02993546268416431844, 0.03250245282437816408, 0.03763643310480585535, 0.04277041338523354663, 0.04533740352544739227, 0.04790439366566124485, 0.05303837394608894307, 0.05560536408630278871, 0.05817235422651663435 ),
 ( 0.000000000000000000, 0.6893190075048660770 ),
 .UNSPECIFIED. ) 
 GEOMETRIC_REPRESENTATION_ITEM ( )  RATIONAL_B_SPLINE_SURFACE ( (
 ( 1.000000000000000000, 0.9253100075884914677, 0.9535904780562771688),
 ( 1.000000000000000000, 0.9220845829485885270, 0.9515863217995903511),
 ( 1.000000000000000000, 0.9190076690430412087, 0.9496744444675953023),
 ( 1.000000000000000000, 0.9132191912852670734, 0.9460777044379526934),
 ( 1.000000000000000000, 0.9105132254853898210, 0.9443963201572251887),
 ( 1.000000000000000000, 0.9031461665696565166, 0.9398187098058050637),
 ( 1.000000000000000000, 0.8991942299315388576, 0.9373631266117883332),
 ( 1.000000000000000000, 0.8949860486959833050, 0.9347483227660647875),
 ( 1.000000000000000000, 0.8938698746322006894, 0.9340547746341981705),
 ( 1.000000000000000000, 0.8922525397374206912, 0.9330498242135838449),
 ( 1.000000000000000000, 0.8917547913819356964, 0.9327405423073940050),
 ( 1.000000000000000000, 0.8912250112505979427, 0.9324113570733774115),
 ( 1.000000000000000000, 0.8921468875633480344, 0.9329841759689834202),
 ( 1.000000000000000000, 0.8963863997493433100, 0.9356184476762638980),
 ( 1.000000000000000000, 0.8997015055102330905, 0.9376783283723029161),
 ( 1.000000000000000000, 0.9062710188003237910, 0.9417603741906537262),
 ( 1.000000000000000000, 0.9087120031755320237, 0.9432771090873632858),
 ( 1.000000000000000000, 0.9139895214451365657, 0.9465563583151872518),
 ( 1.000000000000000000, 0.9168313652801041158, 0.9483221720415149214),
 ( 1.000000000000000000, 0.9258676451288130327, 0.9539369728252362624),
 ( 1.000000000000000000, 0.9325701990584848167, 0.9581016850394814544),
 ( 1.000000000000000000, 0.9433049321957340805, 0.9647718401299834046),
 ( 1.000000000000000000, 0.9469975318599751501, 0.9670662811871306719),
 ( 1.000000000000000000, 0.9545583885167051585, 0.9717643100875834605),
 ( 1.000000000000000000, 0.9583852576015826630, 0.9741421810584607321),
 ( 1.000000000000000000, 0.9621887556972880118, 0.9765055301851148783) ) ) 
 REPRESENTATION_ITEM ( '' )  SURFACE ( )  );
#578 = VERTEX_POINT ( 'NONE', #5193 ) ;
#579 = FACE_OUTER_BOUND ( 'NONE', #3705, .T. ) ;
#580 = CYLINDRICAL_SURFACE ( 'NONE', #2130, 22.50000000000000000 ) ;
#581 = CARTESIAN_POINT ( 'NONE',  ( -15.17145709815304144, 24.90979859260042417, 6.292532170607305630 ) ) ;
#582 = DIRECTION ( 'NONE',  ( 1.110223024625156540E-16, 0.000000000000000000, -1.000000000000000000 ) ) ;
#583 = CARTESIAN_POINT ( 'NONE',  ( 29.52498335551860009, 7.700404266506269302, 7.049557377645796485 ) ) ;
#584 = AXIS2_PLACEMENT_3D ( 'NONE', #6281, #4329, #432 ) ;
#585 = DIRECTION ( 'NONE',  ( -8.497386401370966564E-17, -0.000000000000000000, 1.000000000000000000 ) ) ;
#586 = EDGE_CURVE ( 'NONE', #4075, #3767, #2821, .T. ) ;
#587 = CARTESIAN_POINT ( 'NONE',  ( -0.9058507184983158878, -22.22072445127137286, -19.58824625444333023 ) ) ;
#588 = CIRCLE ( 'NONE', #1410, 22.49999999999999645 ) ;
#589 = CARTESIAN_POINT ( 'NONE',  ( 4.549756538593265201E-15, 8.247968726443883014, -45.55573428747156584 ) ) ;
#590 = CARTESIAN_POINT ( 'NONE',  ( -26.98999970716268493, -16.04511753935825880, 6.986399721685210729 ) ) ;
#591 = CARTESIAN_POINT ( 'NONE',  ( 31.23652180827570390, -11.75249323265784973, 0.4287970715007904943 ) ) ;
#592 = CARTESIAN_POINT ( 'NONE',  ( -8.512987012986993562, -27.19887961142360666, 10.66248444409499996 ) ) ;
#593 = EDGE_CURVE ( 'NONE', #691, #1424, #2547, .T. ) ;
#594 = CARTESIAN_POINT ( 'NONE',  ( -13.66821526289419353, 25.40057177991630866, 6.358119300770660232 ) ) ;
#595 = VERTEX_POINT ( 'NONE', #3223 ) ;
#596 = DIRECTION ( 'NONE',  ( -1.000000000000000000, 0.000000000000000000, 0.000000000000000000 ) ) ;
#597 = DIRECTION ( 'NONE',  ( -0.2560153285301847159, 0.000000000000000000, -0.9666727220510473728 ) ) ;
#598 = CARTESIAN_POINT ( 'NONE',  ( 27.37419899124394007, 7.967879667121811060, 9.729818278336837878 ) ) ;
#599 = PLANE ( 'NONE',  #5840 ) ;
#600 = DIRECTION ( 'NONE',  ( -0.000000000000000000, -1.000000000000000000, 0.000000000000000000 ) ) ;
#601 = ORIENTED_EDGE ( 'NONE', *, *, #2391, .T. ) ;
#602 = CARTESIAN_POINT ( 'NONE',  ( 23.93905904214789260, -15.51639960088509795, 14.06580182129099477 ) ) ;
#603 = UNCERTAINTY_MEASURE_WITH_UNIT (LENGTH_MEASURE( 1.000000000000000082E-05 ), #5366, 'distance_accuracy_value', 'NONE');
#604 = CARTESIAN_POINT ( 'NONE',  ( -22.67103024600519134, 14.70707284375576585, 9.290224768608451811 ) ) ;
#605 = ORIENTED_EDGE ( 'NONE', *, *, #1604, .T. ) ;
#606 = CARTESIAN_POINT ( 'NONE',  ( 24.89792217440405864, 13.88307394089033586, 13.99048489353015512 ) ) ;
#607 = CARTESIAN_POINT ( 'NONE',  ( -20.92001278202626580, -23.05894527129462190, 7.085199698916542665 ) ) ;
#608 = FACE_OUTER_BOUND ( 'NONE', #1022, .T. ) ;
#609 = ORIENTED_EDGE ( 'NONE', *, *, #4533, .T. ) ;
#610 = CIRCLE ( 'NONE', #5835, 18.49999999999999645 ) ;
#611 = CARTESIAN_POINT ( 'NONE',  ( -27.52217511116989712, 7.505087148262918006, 13.24409128611166153 ) ) ;
#612 = CARTESIAN_POINT ( 'NONE',  ( 25.74607997338499743, -8.218636546586745695, 13.44685257311092386 ) ) ;
#613 = CARTESIAN_POINT ( 'NONE',  ( 26.65150945007851746, -16.17427459743626272, -15.53649614385732036 ) ) ;
#614 = AXIS2_PLACEMENT_3D ( 'NONE', #47, #545, #1966 ) ;
#615 = CARTESIAN_POINT ( 'NONE',  ( -31.49999999999999289, 8.883058626313102835, -10.35066766468798427 ) ) ;
#616 = AXIS2_PLACEMENT_3D ( 'NONE', #3521, #5001, #109 ) ;
#617 = CARTESIAN_POINT ( 'NONE',  ( 24.19467046818038369, 18.30584700860549674, 5.976603144683887869 ) ) ;
#618 = CARTESIAN_POINT ( 'NONE',  ( 1.198918526270300777E-14, 20.10418756253708139, -20.05270324184182940 ) ) ;
#619 = CARTESIAN_POINT ( 'NONE',  ( -14.84115357844720684, -26.51904006644947387, 6.964292105266043365 ) ) ;
#620 = CARTESIAN_POINT ( 'NONE',  ( 28.33052022705828321, -12.80571429771432079, 7.091784934490376280 ) ) ;
#621 = CARTESIAN_POINT ( 'NONE',  ( -29.74316814286119737, -6.496056633906212241, 6.911661193789885971 ) ) ;
#622 = CARTESIAN_POINT ( 'NONE',  ( 29.68808755967237190, 6.417003555421985972, 7.001744075946238155 ) ) ;
#623 = ORIENTED_EDGE ( 'NONE', *, *, #193, .T. ) ;
#624 = LINE ( 'NONE', #1122, #1813 ) ;
#625 = EDGE_CURVE ( 'NONE', #5189, #137, #3383, .T. ) ;
#626 = CARTESIAN_POINT ( 'NONE',  ( 9.867566102497116631, 27.00000000000000000, 4.498676486473231151 ) ) ;
#627 = CARTESIAN_POINT ( 'NONE',  ( 17.64398982845534647, 22.39053394181480172, 13.66863190925763405 ) ) ;
#628 = CARTESIAN_POINT ( 'NONE',  ( -12.69040091422007777, 23.96337100050836710, -18.81532917784776515 ) ) ;
#629 = FACE_OUTER_BOUND ( 'NONE', #2264, .T. ) ;
#630 = ORIENTED_EDGE ( 'NONE', *, *, #501, .T. ) ;
#631 = CARTESIAN_POINT ( 'NONE',  ( -28.02958442788922255, -5.263533859829856887, 12.72326865657478834 ) ) ;
#632 = CARTESIAN_POINT ( 'NONE',  ( -14.88380369639939893, -28.21424536320885679, 1.195179817852322079 ) ) ;
#633 = CARTESIAN_POINT ( 'NONE',  ( 10.29309592552062647, -26.25299711024275595, 6.105408687617775776 ) ) ;
#634 = CARTESIAN_POINT ( 'NONE',  ( 29.99999999999999289, -7.447571278638206671, 1.062894333148826531 ) ) ;
#635 = B_SPLINE_CURVE_WITH_KNOTS ( 'NONE', 3,
 ( #1200, #3151, #730, #3800, #4153, #2292 ),
 .UNSPECIFIED., .F., .F.,
 ( 4, 2, 4 ),
 ( 0.000000000000000000, 0.001131040970656205409, 0.002262081941312410818 ),
 .UNSPECIFIED. ) ;
#636 = CARTESIAN_POINT ( 'NONE',  ( -26.43863516884807296, 21.81470632718393787, 0.004869750906051814252 ) ) ;
#637 = CARTESIAN_POINT ( 'NONE',  ( -27.79672860427427494, 6.292207792207794803, 12.96227999980796319 ) ) ;
#638 = CARTESIAN_POINT ( 'NONE',  ( 11.99919173659057314, -25.86800540593849362, 9.243245368643306037 ) ) ;
#639 = CARTESIAN_POINT ( 'NONE',  ( -29.52498335551884168, 7.700404266506492235, 7.049557377645427891 ) ) ;
#640 = CARTESIAN_POINT ( 'NONE',  ( -29.14004144925570827, 12.40425160126867787, -13.52014693227144448 ) ) ;
#641 = CARTESIAN_POINT ( 'NONE',  ( -7.388103062945091892, 25.97920152114511794, 10.22278832403322646 ) ) ;
#642 = CARTESIAN_POINT ( 'NONE',  ( 12.13111081773370437, -27.18994799116899586, 7.032469497187402219 ) ) ;
#643 = EDGE_CURVE ( 'NONE', #5751, #2010, #6143, .T. ) ;
#644 = CARTESIAN_POINT ( 'NONE',  ( 28.69322743580375246, 2.509076748037394555, 6.092701256603847426 ) ) ;
#645 = CARTESIAN_POINT ( 'NONE',  ( 27.16574437115496821, 18.35956883605882695, -0.0004133216571645285465 ) ) ;
#646 = CARTESIAN_POINT ( 'NONE',  ( -0.1673787466586946493, 27.00000000000000000, 5.121637297096619079 ) ) ;
#647 = CARTESIAN_POINT ( 'NONE',  ( -15.42934599867168366, -24.83299225371100505, 6.281504949852935837 ) ) ;
#648 = CARTESIAN_POINT ( 'NONE',  ( 12.90787971633736042, -28.49999999999999289, 4.792569397689698363 ) ) ;
#649 = CARTESIAN_POINT ( 'NONE',  ( -16.19533575809346360, -23.52231491261555973, -18.67893706205203586 ) ) ;
#650 = ORIENTED_EDGE ( 'NONE', *, *, #1691, .T. ) ;
#651 = CARTESIAN_POINT ( 'NONE',  ( -6.874040910896559886, 26.69795945107570034, 5.778521806855088983 ) ) ;
#652 = EDGE_CURVE ( 'NONE', #1886, #2837, #5019, .T. ) ;
#653 = CARTESIAN_POINT ( 'NONE',  ( -24.87930813476782888, 19.25696831477214843, 6.978518561723021207 ) ) ;
#654 = CARTESIAN_POINT ( 'NONE',  ( -29.99999999999998224, 4.216490584451865864, -7.838397912077469165 ) ) ;
#655 = CARTESIAN_POINT ( 'NONE',  ( -25.87979985292329843, 17.77691715374548309, 7.034679974236370370 ) ) ;
#656 = CARTESIAN_POINT ( 'NONE',  ( 17.12191820216128235, -24.09401558742994709, 6.206638388456106270 ) ) ;
#657 = EDGE_CURVE ( 'NONE', #1736, #1611, #1524, .T. ) ;
#658 = ORIENTED_EDGE ( 'NONE', *, *, #4569, .F. ) ;
#659 = CARTESIAN_POINT ( 'NONE',  ( 28.20742070446019056, 8.374430884947969389, 6.209752979387935135 ) ) ;
#660 = ORIENTED_EDGE ( 'NONE', *, *, #3901, .T. ) ;
#661 = ORIENTED_EDGE ( 'NONE', *, *, #3072, .T. ) ;
#662 = CARTESIAN_POINT ( 'NONE',  ( -29.99999999999999289, 7.972351477414398424, 0.9465465104994481571 ) ) ;
#663 = CARTESIAN_POINT ( 'NONE',  ( -29.70605703168119049, -16.80578056810495013, 0.07211118713429671978 ) ) ;
#664 = CARTESIAN_POINT ( 'NONE',  ( -31.48903787730415615, -9.261976804545158259, -10.67362950027722590 ) ) ;
#665 = CARTESIAN_POINT ( 'NONE',  ( 29.99999999999999289, -7.293457923420596956, -9.607790380788140183 ) ) ;
#666 = CARTESIAN_POINT ( 'NONE',  ( -27.92065769069051129, 13.95193712938733022, 7.074202412512861748 ) ) ;
#667 = CARTESIAN_POINT ( 'NONE',  ( 17.01493111854561491, 20.97496717290848878, 9.283057180155168453 ) ) ;
#668 = CARTESIAN_POINT ( 'NONE',  ( -28.69245654985071781, -2.532433752884573952, 6.092913650714681495 ) ) ;
#669 = CARTESIAN_POINT ( 'NONE',  ( 26.19214076779351785, -6.586586597476875582, 9.138984855300581245 ) ) ;
#670 = CARTESIAN_POINT ( 'NONE',  ( -9.092728969808645090, -25.44567005167105478, 8.185524718353503815 ) ) ;
#671 = CARTESIAN_POINT ( 'NONE',  ( -28.32123585219108719, 7.580464906482467846, 6.162648984321044132 ) ) ;
#672 = CARTESIAN_POINT ( 'NONE',  ( -29.99999999999999289, 7.277872056492664221, 3.925083781688186502 ) ) ;
#673 = CARTESIAN_POINT ( 'NONE',  ( 28.46165892043804391, -6.304499988044085512, 6.144613861188049420 ) ) ;
#674 = CARTESIAN_POINT ( 'NONE',  ( 19.49942441629085366, 22.70541649650344240, 6.103168632807945748 ) ) ;
#675 = CC_DESIGN_DATE_AND_TIME_ASSIGNMENT ( #1653, #6180, ( #4131 ) ) ;
#676 = CARTESIAN_POINT ( 'NONE',  ( -29.99999999999999289, 9.327942773100520668, 3.866780726379431155 ) ) ;
#677 = VECTOR ( 'NONE', #1727, 1000.000000000000000 ) ;
#678 = CARTESIAN_POINT ( 'NONE',  ( -29.99999999999999289, -2.310891679295917545, 1.605774675690116560 ) ) ;
#679 = CARTESIAN_POINT ( 'NONE',  ( -6.914266823657509775, 28.15064252765857589, 6.167913945510593798 ) ) ;
#680 = EDGE_LOOP ( 'NONE', ( #3079, #4194, #1238, #3517, #2818, #2674 ) ) ;
#681 = CARTESIAN_POINT ( 'NONE',  ( 25.71707980757811640, 15.99869001452410089, 5.993580210487611026 ) ) ;
#682 = CARTESIAN_POINT ( 'NONE',  ( -28.74107920915843550, 0.6196853768571404242, 6.057893735538797841 ) ) ;
#683 = CARTESIAN_POINT ( 'NONE',  ( -29.21028442396379532, 10.09796971910701835, 7.017594593010513471 ) ) ;
#684 = B_SPLINE_CURVE_WITH_KNOTS ( 'NONE', 3,
 ( #4014, #128, #2053, #3594, #5974, #3040, #3657, #1158, #1569, #1226 ),
 .UNSPECIFIED., .F., .F.,
 ( 4, 2, 2, 2, 4 ),
 ( 0.000000000000000000, 0.002931805374376505492, 0.005863610748753010984, 0.008795416123129515609, 0.01172722149750602544 ),
 .UNSPECIFIED. ) ;
#685 = VECTOR ( 'NONE', #732, 1000.000000000000000 ) ;
#686 = DIRECTION ( 'NONE',  ( 0.000000000000000000, 0.000000000000000000, 1.000000000000000000 ) ) ;
#687 = CYLINDRICAL_SURFACE ( 'NONE', #2024, 23.99999999999999645 ) ;
#688 = CARTESIAN_POINT ( 'NONE',  ( -31.50000000000000000, 7.283761100078151252, -9.066897829899058792 ) ) ;
#689 = CARTESIAN_POINT ( 'NONE',  ( 20.27296140909514222, -22.17965896938481762, 6.071351635690159121 ) ) ;
#690 = CARTESIAN_POINT ( 'NONE',  ( -31.50000000000000000, 9.157154059586460448, 0.7150947610665708831 ) ) ;
#691 = VERTEX_POINT ( 'NONE', #5477 ) ;
#692 = EDGE_CURVE ( 'NONE', #4699, #3791, #6255, .T. ) ;
#693 = CARTESIAN_POINT ( 'NONE',  ( 26.53488350821528030, 21.70404519633863671, 4.114548247922963142 ) ) ;
#694 = CARTESIAN_POINT ( 'NONE',  ( 31.49999999999999289, 8.089532943432198309, 4.450600630029465599 ) ) ;
#695 = VERTEX_POINT ( 'NONE', #4995 ) ;
#696 = AXIS2_PLACEMENT_3D ( 'NONE', #5226, #3763, #6270 ) ;
#697 = EDGE_LOOP ( 'NONE', ( #5023, #56 ) ) ;
#698 = CARTESIAN_POINT ( 'NONE',  ( -10.12333701031432476, -26.99999999999999645, 2.501600465320336752 ) ) ;
#699 = CARTESIAN_POINT ( 'NONE',  ( -27.92062429332448303, -13.95188079933130965, 7.074203618126709614 ) ) ;
#700 = CARTESIAN_POINT ( 'NONE',  ( 29.05345954451449231, -14.47056934396253425, 0.1658846772188911911 ) ) ;
#701 = CARTESIAN_POINT ( 'NONE',  ( -13.44900123557063054, -26.81021131013853420, 7.141646099024446137 ) ) ;
#702 = DIRECTION ( 'NONE',  ( -0.000000000000000000, -0.000000000000000000, 1.000000000000000000 ) ) ;
#703 = CARTESIAN_POINT ( 'NONE',  ( -25.98309085064654056, 22.30915085727748348, 0.01870742265579252578 ) ) ;
#704 = CARTESIAN_POINT ( 'NONE',  ( -14.81353170770671568, 22.58111033326574457, 13.31112823090138342 ) ) ;
#705 = CARTESIAN_POINT ( 'NONE',  ( 29.99853077344051044, 8.768892663919750419, -10.87741653042853507 ) ) ;
#706 = CARTESIAN_POINT ( 'NONE',  ( 11.56451819402045089, -27.45880399351826995, 6.733675054642014324 ) ) ;
#707 = CARTESIAN_POINT ( 'NONE',  ( 27.00000000000001066, 0.000000000000000000, 80.00000000000000000 ) ) ;
#708 = CARTESIAN_POINT ( 'NONE',  ( -29.99999999999999289, -6.900808533012642521, 1.136834755483636217 ) ) ;
#709 = VECTOR ( 'NONE', #2843, 1000.000000000000000 ) ;
#710 = CARTESIAN_POINT ( 'NONE',  ( 29.99999999998608757, -6.064376768754924818, 3.958024119127771190 ) ) ;
#711 = AXIS2_PLACEMENT_3D ( 'NONE', #1503, #3463, #3494 ) ;
#712 = CARTESIAN_POINT ( 'NONE',  ( 20.03499230976484924, 24.93602721461149940, 3.710143326573176470 ) ) ;
#713 = CARTESIAN_POINT ( 'NONE',  ( 3.275781220593598775, -27.00000000001667999, 4.836659840016377387 ) ) ;
#714 = CARTESIAN_POINT ( 'NONE',  ( 27.31462891832028461, -20.75861439685787602, 4.108941808545253593 ) ) ;
#715 = CARTESIAN_POINT ( 'NONE',  ( 23.82964737736844540, 20.65955064740787606, -17.45943776178791396 ) ) ;
#716 = EDGE_LOOP ( 'NONE', ( #4344, #660, #4776 ) ) ;
#717 = CARTESIAN_POINT ( 'NONE',  ( -19.03883213580790112, -21.24555033514501545, 13.86014531363835189 ) ) ;
#718 = VECTOR ( 'NONE', #742, 1000.000000000000000 ) ;
#719 = CARTESIAN_POINT ( 'NONE',  ( -26.05464542928291749, -7.106961706454601568, 13.22532023807246837 ) ) ;
#720 = CARTESIAN_POINT ( 'NONE',  ( 10.82061663285415065, 26.99999999999999645, 2.215675808538465130 ) ) ;
#721 = DIRECTION ( 'NONE',  ( -0.9666727220510439311, 0.000000000000000000, 0.2560153285301978721 ) ) ;
#722 = ORIENTED_EDGE ( 'NONE', *, *, #5723, .F. ) ;
#723 = CARTESIAN_POINT ( 'NONE',  ( 21.22672709758088416, 24.24823302988742668, 0.2702874600884443423 ) ) ;
#724 = CARTESIAN_POINT ( 'NONE',  ( -28.42511229127072170, 2.133049885758838915, 12.23942257115144727 ) ) ;
#725 = AXIS2_PLACEMENT_3D ( 'NONE', #5770, #941, #2835 ) ;
#726 = CARTESIAN_POINT ( 'NONE',  ( -29.52498335551858233, -7.700404266506382989, 7.049557377645788492 ) ) ;
#727 = CARTESIAN_POINT ( 'NONE',  ( -31.24067656311946095, 11.77634327880744358, 0.4248941191522709326 ) ) ;
#728 = ORIENTED_EDGE ( 'NONE', *, *, #4895, .T. ) ;
#729 = CARTESIAN_POINT ( 'NONE',  ( 17.65286770811296435, 25.14476448841219636, 7.139298205640735695 ) ) ;
#730 = CARTESIAN_POINT ( 'NONE',  ( 10.81734303674504716, -28.50000000000000000, 2.217152134492498039 ) ) ;
#731 = VERTEX_POINT ( 'NONE', #2632 ) ;
#732 = DIRECTION ( 'NONE',  ( -8.497386401370967797E-17, -0.000000000000000000, 1.000000000000000000 ) ) ;
#733 = ORIENTED_EDGE ( 'NONE', *, *, #1471, .T. ) ;
#734 = CARTESIAN_POINT ( 'NONE',  ( 29.99999999999999289, -6.900808533011558055, 1.136834755483775883 ) ) ;
#735 = CARTESIAN_POINT ( 'NONE',  ( -31.05285015097716084, -12.77530740580200153, 4.261004199204935894 ) ) ;
#736 = CARTESIAN_POINT ( 'NONE',  ( 29.40723343361381126, -13.30263120465245308, 0.2532574338441838102 ) ) ;
#737 = CARTESIAN_POINT ( 'NONE',  ( 13.94984867535624851, 24.86015778569684542, 12.90958958388545952 ) ) ;
#738 = CARTESIAN_POINT ( 'NONE',  ( 29.99999999999998224, -2.718514812738990649, -7.329800606301623667 ) ) ;
#739 = EDGE_CURVE ( 'NONE', #467, #4111, #4318, .T. ) ;
#740 = ORIENTED_EDGE ( 'NONE', *, *, #1253, .T. ) ;
#741 = CARTESIAN_POINT ( 'NONE',  ( 15.69251422689675302, 21.98384154899965282, 9.245812924177208458 ) ) ;
#742 = DIRECTION ( 'NONE',  ( -8.497386401370967797E-17, -0.000000000000000000, 1.000000000000000000 ) ) ;
#743 = CARTESIAN_POINT ( 'NONE',  ( 22.67103024600101335, -14.70707284375168911, 9.290224768607428629 ) ) ;
#744 = CARTESIAN_POINT ( 'NONE',  ( -9.401036392209753956, 28.49999999999999645, 2.737135302395517389 ) ) ;
#745 = EDGE_CURVE ( 'NONE', #1639, #5385, #386, .T. ) ;
#746 = CARTESIAN_POINT ( 'NONE',  ( -29.99999999999999289, -5.755210747062458054, 1.291757480585744133 ) ) ;
#747 = CARTESIAN_POINT ( 'NONE',  ( 28.69263669329111366, -2.524816172112925639, 6.092855610362514440 ) ) ;
#748 = CARTESIAN_POINT ( 'NONE',  ( 20.54308344369851014, 24.65082353879634880, 0.3384180240657642114 ) ) ;
#749 = CARTESIAN_POINT ( 'NONE',  ( -27.73031431426676718, 10.85947558336915719, 6.144822013161182817 ) ) ;
#750 = CARTESIAN_POINT ( 'NONE',  ( 20.09631720983106717, -26.57050501168746948, 0.4601802874317637015 ) ) ;
#751 = CARTESIAN_POINT ( 'NONE',  ( 28.84944178350515998, 16.19678861271050963, -15.25382357318281379 ) ) ;
#752 = ORIENTED_EDGE ( 'NONE', *, *, #5720, .F. ) ;
#753 = CARTESIAN_POINT ( 'NONE',  ( 17.12230994470776935, 24.09382874914988548, 6.206620923962038461 ) ) ;
#754 = CARTESIAN_POINT ( 'NONE',  ( 12.69669775888691277, 26.99999999999999289, 4.357740466547249447 ) ) ;
#755 = CARTESIAN_POINT ( 'NONE',  ( -26.33374288825983811, 5.961038961038960693, 12.96227999980796319 ) ) ;
#756 = CARTESIAN_POINT ( 'NONE',  ( -14.72832512572927044, -28.24847084653342577, 1.220328555793055658 ) ) ;
#757 = CARTESIAN_POINT ( 'NONE',  ( 20.70558856132855041, 24.55860226827492099, 0.3216583714029663255 ) ) ;
#758 = CARTESIAN_POINT ( 'NONE',  ( -28.49999999999943867, 0.5295712175432328861, 12.14142842854358229 ) ) ;
#759 = CARTESIAN_POINT ( 'NONE',  ( -2.687433927066059436, -26.90008725477060025, 6.953210202167313447 ) ) ;
#760 = CARTESIAN_POINT ( 'NONE',  ( -14.07994033839643855, 28.34348738248278465, 1.338393240453398692 ) ) ;
#761 = ORIENTED_EDGE ( 'NONE', *, *, #745, .T. ) ;
#762 = CARTESIAN_POINT ( 'NONE',  ( 19.74661932641682682, 23.89361019813844322, 7.106284167721903522 ) ) ;
#763 = CARTESIAN_POINT ( 'NONE',  ( 7.916133726819880145, -27.43597322404158234, 8.046948059454201996 ) ) ;
#764 = VERTEX_POINT ( 'NONE', #4377 ) ;
#765 = CARTESIAN_POINT ( 'NONE',  ( 31.49999999999999289, -6.944790045968382231, -8.852526757553075498 ) ) ;
#766 = ORIENTED_EDGE ( 'NONE', *, *, #3498, .T. ) ;
#767 = CARTESIAN_POINT ( 'NONE',  ( -29.99999999999999289, 7.277872056492390662, 3.925083781688184281 ) ) ;
#768 = CARTESIAN_POINT ( 'NONE',  ( -23.13918443651543910, -21.14572545601798126, 7.047932111560973212 ) ) ;
#769 = CARTESIAN_POINT ( 'NONE',  ( 27.96797963258088515, -16.95208426690050985, 3.518207289231135348 ) ) ;
#770 = CARTESIAN_POINT ( 'NONE',  ( 29.98662221680793749, 9.315683053344733011, -11.37790679487656753 ) ) ;
#771 = CARTESIAN_POINT ( 'NONE',  ( -11.50000000000043876, 23.99146246942694916, -18.79915154909360453 ) ) ;
#772 = CARTESIAN_POINT ( 'NONE',  ( 193.2911684466444626, 0.000000000000000000, -123.3408453358350982 ) ) ;
#773 = EDGE_CURVE ( 'NONE', #300, #6295, #5827, .T. ) ;
#774 = CARTESIAN_POINT ( 'NONE',  ( -28.78144467099349413, 18.58955984635504421, 0.01115095964521233170 ) ) ;
#775 = CARTESIAN_POINT ( 'NONE',  ( 17.01545846883491464, 24.25896585378368187, 6.070063010803899317 ) ) ;
#776 = EDGE_CURVE ( 'NONE', #4511, #1419, #2366, .T. ) ;
#777 = CARTESIAN_POINT ( 'NONE',  ( -3.983735471129395149E-15, -2.231513734321033837, -53.88494033574959019 ) ) ;
#778 = CARTESIAN_POINT ( 'NONE',  ( 27.17641774968412705, -8.675227465841611973, 13.44685257311236448 ) ) ;
#779 = DIRECTION ( 'NONE',  ( -0.4368693711347059749, 0.000000000000000000, -0.8995249593893248630 ) ) ;
#780 = EDGE_CURVE ( 'NONE', #1904, #4156, #4349, .T. ) ;
#781 = CARTESIAN_POINT ( 'NONE',  ( 28.32123585219094153, -7.580464906481006793, 6.162648984321453582 ) ) ;
#782 = CARTESIAN_POINT ( 'NONE',  ( 3.108371584428214654E-16, -28.49999999999999645, 4.999999999999999112 ) ) ;
#783 = CARTESIAN_POINT ( 'NONE',  ( -29.05416671262504025, 10.20986417264933444, 7.129333836537393054 ) ) ;
#784 = CARTESIAN_POINT ( 'NONE',  ( 22.44253190768682416, -21.80976212014205373, 7.058576500433003886 ) ) ;
#785 = CARTESIAN_POINT ( 'NONE',  ( 29.58734591662985736, 15.06084918539796291, -14.62536835875694230 ) ) ;
#786 = ORIENTED_EDGE ( 'NONE', *, *, #4747, .T. ) ;
#787 =( BOUNDED_SURFACE ( )  B_SPLINE_SURFACE ( 3, 2, ( 
 ( #1920, #3879, #3396 ),
 ( #274, #3674, #6146 ),
 ( #3233, #2747, #3636 ),
 ( #4126, #3520, #2270 ),
 ( #5642, #6175, #1242 ),
 ( #2234, #304, #736 ),
 ( #6112, #2782, #700 ),
 ( #5606, #5483, #337 ),
 ( #1208, #769, #1078 ),
 ( #5201, #2197, #4748 ),
 ( #3118, #4680, #2641 ),
 ( #1717, #4159, #4610 ),
 ( #2715, #4231, #4713 ),
 ( #4199, #3998, #5169 ),
 ( #1555, #801, #5132 ),
 ( #3156, #5093, #3740 ),
 ( #1679, #366, #1752 ),
 ( #5958, #1781, #240 ),
 ( #3197, #5677, #3711 ),
 ( #2680, #1275, #5708 ),
 ( #1306, #3265, #5235 ),
 ( #834, #4642, #2162 ),
 ( #6080, #3359, #2896 ),
 ( #1850, #1343, #1933 ),
 ( #6245, #2923, #6303 ),
 ( #4894, #3387, #3296 ),
 ( #1878, #3865, #5744 ),
 ( #3896, #4838, #5325 ),
 ( #922, #5832, #3412 ),
 ( #3836, #5807, #5858 ) ),
 .UNSPECIFIED., .F., .F., .F. ) 
 B_SPLINE_SURFACE_WITH_KNOTS ( ( 4, 2, 2, 2, 2, 2, 2, 2, 2, 2, 2, 2, 2, 2, 4 ),
 ( 3, 3 ),
 ( 0.004836104388609135246, 0.005834263949860864565, 0.006832423511112593884, 0.008828742633616052521, 0.009826902194867781840, 0.01082506175611951116, 0.01182322131737124048, 0.01282138087862296980, 0.01481770000112642843, 0.01581585956237815949, 0.01681401912362988707, 0.01881033824613334571, 0.01930941802675921123, 0.01980849780738507676, 0.02080665736863680434 ),
 ( 0.000000000000000000, 1.000000000000000000 ),
 .UNSPECIFIED. ) 
 GEOMETRIC_REPRESENTATION_ITEM ( )  RATIONAL_B_SPLINE_SURFACE ( (
 ( 1.000000000000000000, 0.9368608944935489236, 1.000000000000000000),
 ( 1.000000000000000000, 0.9355760927554644946, 1.000000000000000000),
 ( 1.000000000000000000, 0.9343917297259942689, 1.000000000000000000),
 ( 1.000000000000000000, 0.9322187490511308905, 1.000000000000000000),
 ( 1.000000000000000000, 0.9312317528729273652, 1.000000000000000000),
 ( 1.000000000000000000, 0.9286137668603500206, 1.000000000000000000),
 ( 1.000000000000000000, 0.9272935959671677608, 1.000000000000000000),
 ( 1.000000000000000000, 0.9258822165809212912, 1.000000000000000000),
 ( 1.000000000000000000, 0.9255069616836546498, 1.000000000000000000),
 ( 1.000000000000000000, 0.9249605303932173506, 1.000000000000000000),
 ( 1.000000000000000000, 0.9247863623077582362, 1.000000000000000000),
 ( 1.000000000000000000, 0.9246276624846930803, 1.000000000000000000),
 ( 1.000000000000000000, 0.9246431438922009249, 1.000000000000000000),
 ( 1.000000000000000000, 0.9248659647189012567, 1.000000000000000000),
 ( 1.000000000000000000, 0.9250743460439346810, 1.000000000000000000),
 ( 1.000000000000000000, 0.9260000153957115288, 1.000000000000000000),
 ( 1.000000000000000000, 0.9269959678079736642, 1.000000000000000000),
 ( 1.000000000000000000, 0.9290972399950934157, 1.000000000000000000),
 ( 1.000000000000000000, 0.9299000698182785518, 1.000000000000000000),
 ( 1.000000000000000000, 0.9317312278814707804, 1.000000000000000000),
 ( 1.000000000000000000, 0.9327484514785367997, 1.000000000000000000),
 ( 1.000000000000000000, 0.9360922737124400816, 1.000000000000000000),
 ( 1.000000000000000000, 0.9387226998554192292, 1.000000000000000000),
 ( 1.000000000000000000, 0.9425400262010724672, 1.000000000000000000),
 ( 1.000000000000000000, 0.9433317506942292541, 1.000000000000000000),
 ( 1.000000000000000000, 0.9449475686180835998, 1.000000000000000000),
 ( 1.000000000000000000, 0.9457732497313118269, 1.000000000000000000),
 ( 1.000000000000000000, 0.9482947368507764763, 1.000000000000000000),
 ( 1.000000000000000000, 0.9500363576839772062, 1.000000000000000000),
 ( 1.000000000000000000, 0.9517961898714986102, 1.000000000000000000) ) ) 
 REPRESENTATION_ITEM ( '' )  SURFACE ( )  );
#788 = CARTESIAN_POINT ( 'NONE',  ( 29.99561404899381145, -8.902816274078357850, -10.99999999999998224 ) ) ;
#789 = CARTESIAN_POINT ( 'NONE',  ( -29.99999999999999289, 7.911747004908643355, -10.10066876410843939 ) ) ;
#790 = EDGE_CURVE ( 'NONE', #2018, #3306, #5653, .T. ) ;
#791 = CARTESIAN_POINT ( 'NONE',  ( -31.50000000000000711, 3.822995787515761190, -7.273088082111414110 ) ) ;
#792 = CARTESIAN_POINT ( 'NONE',  ( -27.79672860427427494, 6.292207792207794803, 12.96227999980796319 ) ) ;
#793 = CARTESIAN_POINT ( 'NONE',  ( 0.000000000000000000, -26.99999999999999645, 5.000000000000000000 ) ) ;
#794 = DIRECTION ( 'NONE',  ( 0.4368693711346118835, 0.000000000000000000, 0.8995249593893703821 ) ) ;
#795 = CARTESIAN_POINT ( 'NONE',  ( 24.12570755711622184, 20.06990691219459677, 7.037880791684612447 ) ) ;
#796 = CARTESIAN_POINT ( 'NONE',  ( 7.101367036765150687, -27.64070305034946884, 9.793707176814802295 ) ) ;
#797 = ORIENTED_EDGE ( 'NONE', *, *, #4203, .F. ) ;
#798 = EDGE_LOOP ( 'NONE', ( #4906, #4926, #5855, #1660 ) ) ;
#799 = CIRCLE ( 'NONE', #5903, 206.7911684466444342 ) ;
#800 = DIRECTION ( 'NONE',  ( 0.000000000000000000, 0.000000000000000000, -1.000000000000000000 ) ) ;
#801 = CARTESIAN_POINT ( 'NONE',  ( 25.01114710152566190, -21.15142793980874814, 3.504657655236765201 ) ) ;
#802 = AXIS2_PLACEMENT_3D ( 'NONE', #772, #3300, #433 ) ;
#803 = CARTESIAN_POINT ( 'NONE',  ( -28.42574957447746797, -2.359658349985253256, 9.316756135055156207 ) ) ;
#804 = CARTESIAN_POINT ( 'NONE',  ( -11.99999999999999645, 0.000000000000000000, -204.9999999999999432 ) ) ;
#805 = CARTESIAN_POINT ( 'NONE',  ( 1.711420736706490471E-14, -0.4144971191991112525, -49.84859031491875214 ) ) ;
#806 = CARTESIAN_POINT ( 'NONE',  ( -24.80714729926572915, 23.48568320570381118, 4.143072139116486419 ) ) ;
#807 = CARTESIAN_POINT ( 'NONE',  ( 10.05657346067467728, 25.08227155229410954, 8.501933969200887731 ) ) ;
#808 = CARTESIAN_POINT ( 'NONE',  ( -8.864981599886398157E-15, -5.847913745066060542, -52.07122273539318513 ) ) ;
#809 = CARTESIAN_POINT ( 'NONE',  ( 24.87930813476749492, -19.25696831477436888, 6.978518561725393532 ) ) ;
#810 = FACE_OUTER_BOUND ( 'NONE', #572, .T. ) ;
#811 = CARTESIAN_POINT ( 'NONE',  ( 29.97014064528097776, -9.714244755526003416, 0.6350957148164049215 ) ) ;
#812 = CARTESIAN_POINT ( 'NONE',  ( 13.21209638737134817, 26.96412988606222072, 4.291097773662690074 ) ) ;
#813 = CARTESIAN_POINT ( 'NONE',  ( -29.05345954451369295, 14.47056934396446159, 0.1658846772194760011 ) ) ;
#814 = CARTESIAN_POINT ( 'NONE',  ( 21.49073190143294809, 21.31969589312864244, 5.953285361976774048 ) ) ;
#815 = CARTESIAN_POINT ( 'NONE',  ( -25.38527648233195677, -9.224468767140294290, 9.265745102023256408 ) ) ;
#816 = ORIENTED_EDGE ( 'NONE', *, *, #3474, .F. ) ;
#817 = AXIS2_PLACEMENT_3D ( 'NONE', #4597, #721, #2666 ) ;
#818 = CARTESIAN_POINT ( 'NONE',  ( 15.16795663428330521, -22.34477487037672105, 13.38668079394429355 ) ) ;
#819 = CARTESIAN_POINT ( 'NONE',  ( 1.358904392091570879, 27.00000000000000000, 5.987541940226967618 ) ) ;
#820 = CARTESIAN_POINT ( 'NONE',  ( -10.09552080198331225, 25.04762193507543344, 11.77900814062858004 ) ) ;
#821 = CARTESIAN_POINT ( 'NONE',  ( -6.277549575507733515, 27.00000000000000000, 3.533038185611666826 ) ) ;
#822 = CARTESIAN_POINT ( 'NONE',  ( -3.495097683548924916, -28.43030620236022799, 5.602485447439499389 ) ) ;
#823 = CARTESIAN_POINT ( 'NONE',  ( 11.49999999999999289, 26.99999999999999645, -11.00000000000000000 ) ) ;
#824 = CARTESIAN_POINT ( 'NONE',  ( 25.98533262598029481, 22.30680655968214054, 0.01862897842110909641 ) ) ;
#825 =( BOUNDED_SURFACE ( )  B_SPLINE_SURFACE ( 3, 2, ( 
 ( #3312, #5847, #1358 ),
 ( #4343, #1324, #6318 ),
 ( #2316, #5285, #2887 ),
 ( #3280, #4853, #4827 ),
 ( #1390, #815, #1867 ),
 ( #881, #1446, #3852 ),
 ( #4796, #6263, #3883 ),
 ( #4765, #3399, #443 ),
 ( #2763, #1894, #6194 ),
 ( #418, #2385, #5253 ),
 ( #4729, #4280, #850 ),
 ( #351, #2352, #2797 ),
 ( #2861, #6294, #4371 ),
 ( #4315, #1832, #1418 ),
 ( #6229, #5822, #380 ),
 ( #3790, #5761, #466 ),
 ( #2827, #3824, #3375 ),
 ( #3346, #2406, #5341 ),
 ( #935, #1922, #1529 ),
 ( #1052, #5962, #21 ),
 ( #4482, #4878, #2433 ),
 ( #2996, #5931, #1585 ),
 ( #4398, #113, #4945 ),
 ( #1947, #2041, #2939 ),
 ( #553, #3915, #80 ),
 ( #148, #2490, #2910 ) ),
 .UNSPECIFIED., .F., .F., .F. ) 
 B_SPLINE_SURFACE_WITH_KNOTS ( ( 4, 2, 2, 2, 2, 2, 2, 2, 2, 2, 2, 2, 4 ),
 ( 3, 3 ),
 ( 0.01710051198309512840, 0.01966750212330897751, 0.02223449226352282315, 0.02736847254395051443, 0.02993546268416436007, 0.03250245282437820571, 0.03763643310480590393, 0.04277041338523360214, 0.04533740352544744778, 0.04790439366566129342, 0.05303837394608898470, 0.05560536408630283034, 0.05817235422651668292 ),
 ( 0.000000000000000000, 0.6890415638488460726 ),
 .UNSPECIFIED. ) 
 GEOMETRIC_REPRESENTATION_ITEM ( )  RATIONAL_B_SPLINE_SURFACE ( (
 ( 1.000000000000000000, 0.9253400695254714314, 0.9535677295529734199),
 ( 1.000000000000000000, 0.9221159430850631722, 0.9515625909212475086),
 ( 1.000000000000000000, 0.9190402676050830610, 0.9496497764465212654),
 ( 1.000000000000000000, 0.9132541196487063972, 0.9460512734068133867),
 ( 1.000000000000000000, 0.9105492429716574021, 0.9443690649638596391),
 ( 1.000000000000000000, 0.9031851492197124909, 0.9397892108103089726),
 ( 1.000000000000000000, 0.8992348031943635522, 0.9373324239657121471),
 ( 1.000000000000000000, 0.8950283157078202656, 0.9347163384247021423),
 ( 1.000000000000000000, 0.8939125908922059827, 0.9340224503370253561),
 ( 1.000000000000000000, 0.8922959069578536573, 0.9330170073210715120),
 ( 1.000000000000000000, 0.8917983589407204592, 0.9327075738144359196),
 ( 1.000000000000000000, 0.8912687920405123476, 0.9323782272241836200),
 ( 1.000000000000000000, 0.8921902973075410692, 0.9329513268976643570),
 ( 1.000000000000000000, 0.8964281031345661122, 0.9355868898430321767),
 ( 1.000000000000000000, 0.8997418746001633050, 0.9376477802284408636),
 ( 1.000000000000000000, 0.9063087437301980964, 0.9417318269386107943),
 ( 1.000000000000000000, 0.9087487456348817272, 0.9432493052915833509),
 ( 1.000000000000000000, 0.9140241397587828276, 0.9465301619052817195),
 ( 1.000000000000000000, 0.9168648397815054585, 0.9482968411785626106),
 ( 1.000000000000000000, 0.9258974826225434551, 0.9539143941628849266),
 ( 1.000000000000000000, 0.9325973388446998635, 0.9580811477894435324),
 ( 1.000000000000000000, 0.9433277513646796120, 0.9647545723823827135),
 ( 1.000000000000000000, 0.9470188647963311279, 0.9670501381031084698),
 ( 1.000000000000000000, 0.9545766782877843637, 0.9717504698311572042),
 ( 1.000000000000000000, 0.9584020070980165951, 0.9741295063603447879),
 ( 1.000000000000000000, 0.9622039743257370104, 0.9764940139272046959) ) ) 
 REPRESENTATION_ITEM ( '' )  SURFACE ( )  );
#826 = AXIS2_PLACEMENT_3D ( 'NONE', #557, #1055, #3001 ) ;
#827 = B_SPLINE_CURVE_WITH_KNOTS ( 'NONE', 3,
 ( #909, #2857, #441, #6292, #2383, #489 ),
 .UNSPECIFIED., .F., .F.,
 ( 4, 2, 4 ),
 ( 0.000000000000000000, 0.001764314004251552569, 0.003528628008503105137 ),
 .UNSPECIFIED. ) ;
#828 = EDGE_CURVE ( 'NONE', #3293, #1469, #2412, .T. ) ;
#829 = DIRECTION ( 'NONE',  ( -0.8995249593893246409, -0.000000000000000000, -0.4368693711347061970 ) ) ;
#830 = ORIENTED_EDGE ( 'NONE', *, *, #3903, .T. ) ;
#831 = FACE_OUTER_BOUND ( 'NONE', #4880, .T. ) ;
#832 = CLOSED_SHELL ( 'NONE', ( #1825, #2181, #2942, #3246, #2090, #1818, #3237, #5604, #2695, #4171, #3972, #5513, #1493, #3149, #3021, #5559, #7, #3519, #6226, #2920, #2169, #3310, #5646, #1151, #1149, #1433, #2990, #1047, #3429, #1613, #2557, #170, #6106, #2556, #2085, #1148, #1117, #6177, #4646, #2950, #4824, #1044, #4494, #3104, #2639, #5480, #1035, #2, #1286, #1875, #2371, #41, #933, #3572, #6049, #3241, #4526, #954, #4939, #1715, #5037, #5328, #5772, #3708, #3616, #43, #5682, #3984, #5688, #5810, #3892, #5970, #393, #5796, #4053, #4668, #4708, #1427, #2300, #5582, #2549, #3552, #963, #1580, #3423, #1030, #4380, #3208, #4919, #6254, #3899, #245, #5898, #4146, #2519, #4556, #204, #1425, #3585, #4665, #1689, #1720, #3368, #3699, #1915, #5712, #2451 ) ) ;
#833 = CARTESIAN_POINT ( 'NONE',  ( -14.05084148575810943, -26.61831974107797194, 7.145956261482798944 ) ) ;
#834 = CARTESIAN_POINT ( 'NONE',  ( 17.92075075373560011, -23.68078921402841175, 6.170608728077740857 ) ) ;
#835 = CARTESIAN_POINT ( 'NONE',  ( -27.79672860427427494, 6.292207792207793027, 12.96227999980795609 ) ) ;
#836 = CARTESIAN_POINT ( 'NONE',  ( 24.43999429959470504, 19.72814255782623150, 7.034643885090304138 ) ) ;
#837 = PERSON_AND_ORGANIZATION ( #1993, #2984 ) ;
#838 = CARTESIAN_POINT ( 'NONE',  ( -29.99999999999999289, 8.500000000000000000, 0.8039144995323185272 ) ) ;
#839 = CARTESIAN_POINT ( 'NONE',  ( 8.587303140937933676, 26.51440348266427804, 5.955476043534036812 ) ) ;
#840 = ORIENTED_EDGE ( 'NONE', *, *, #475, .F. ) ;
#841 = CARTESIAN_POINT ( 'NONE',  ( 26.54960642227960932, -21.73877526556660911, -0.003702123377187287352 ) ) ;
#842 = CARTESIAN_POINT ( 'NONE',  ( 20.02535719383794444, -20.31780811837202805, 13.95441398864145555 ) ) ;
#843 = CARTESIAN_POINT ( 'NONE',  ( 12.09393945700089112, -26.99999999999999645, 1.737787342805936941 ) ) ;
#844 = CARTESIAN_POINT ( 'NONE',  ( 8.113850933161388996E-15, 8.557690288310711324, -49.65356099857666550 ) ) ;
#845 = ORIENTED_EDGE ( 'NONE', *, *, #4849, .F. ) ;
#846 = CARTESIAN_POINT ( 'NONE',  ( -23.58354594375826352, -13.15953318327241384, 13.99091852995316998 ) ) ;
#847 = CARTESIAN_POINT ( 'NONE',  ( 29.99999999999999289, 6.900808533012648738, 1.136834755483621784 ) ) ;
#848 = CARTESIAN_POINT ( 'NONE',  ( -22.91516082221000872, 23.10755240396863286, 3.564660378711030031 ) ) ;
#849 = CARTESIAN_POINT ( 'NONE',  ( 28.31935414028670195, 8.163548584543423914, 6.088442483517710002 ) ) ;
#850 = CARTESIAN_POINT ( 'NONE',  ( -25.10245944789279804, -17.13781539869820847, 5.917999945474966772 ) ) ;
#851 = ORIENTED_EDGE ( 'NONE', *, *, #475, .T. ) ;
#852 = CARTESIAN_POINT ( 'NONE',  ( -28.07137525719487670, -16.74746671749008797, 0.04727629840357054636 ) ) ;
#853 = B_SPLINE_CURVE_WITH_KNOTS ( 'NONE', 3,
 ( #4274, #1919, #1891, #463, #4821, #4243 ),
 .UNSPECIFIED., .F., .F.,
 ( 4, 2, 4 ),
 ( 0.000000000000000000, 0.001131040970656206927, 0.002262081941312413854 ),
 .UNSPECIFIED. ) ;
#854 = CARTESIAN_POINT ( 'NONE',  ( 31.49999999999999289, -6.900808533011558055, 1.136834755483775883 ) ) ;
#855 = CARTESIAN_POINT ( 'NONE',  ( -24.67420918145824871, -23.60619161661291443, 0.07291119290043965306 ) ) ;
#856 = DIRECTION ( 'NONE',  ( 0.2560153285301978721, 0.000000000000000000, 0.9666727220510440421 ) ) ;
#857 = CARTESIAN_POINT ( 'NONE',  ( -27.01909114114835120, -9.096434016807370071, 9.795825423127396903 ) ) ;
#858 = CARTESIAN_POINT ( 'NONE',  ( -6.712860001762254392, -26.16129566206319623, 9.769614393402747510 ) ) ;
#859 = CARTESIAN_POINT ( 'NONE',  ( 8.064935064935060183, -25.76735963187498868, 10.66248444409494489 ) ) ;
#860 = EDGE_CURVE ( 'NONE', #5956, #5056, #3492, .T. ) ;
#861 = CARTESIAN_POINT ( 'NONE',  ( -1.608411574262602395, 28.50000000000261124, 5.645963055671801456 ) ) ;
#862 = CARTESIAN_POINT ( 'NONE',  ( -26.44879680603285976, 5.560222170619326221, 9.032571881172996697 ) ) ;
#863 = ORIENTED_EDGE ( 'NONE', *, *, #5258, .F. ) ;
#864 = CARTESIAN_POINT ( 'NONE',  ( 11.49999999999999645, -26.99999999999999645, -11.00000000000000000 ) ) ;
#865 = CARTESIAN_POINT ( 'NONE',  ( -13.46134078775788367, -28.45779944823853924, 4.739855406445972363 ) ) ;
#866 = CARTESIAN_POINT ( 'NONE',  ( -29.52498335551884168, 7.700404266506492235, 7.049557377645427891 ) ) ;
#867 = AXIS2_PLACEMENT_3D ( 'NONE', #3226, #1301, #1711 ) ;
#868 = CARTESIAN_POINT ( 'NONE',  ( -4.409892864166054740E-15, 20.45676209442673255, -18.43872343179043938 ) ) ;
#869 = FACE_OUTER_BOUND ( 'NONE', #913, .T. ) ;
#870 = CARTESIAN_POINT ( 'NONE',  ( -11.49999999999999289, 8.500000000000000000, 5.000000000000000000 ) ) ;
#871 = ORIENTED_EDGE ( 'NONE', *, *, #6145, .F. ) ;
#872 = CARTESIAN_POINT ( 'NONE',  ( 29.72017640847285591, -16.77389797058184939, 0.07358645997213755785 ) ) ;
#873 = CARTESIAN_POINT ( 'NONE',  ( 24.56690956535780757, -14.49698845593621499, 9.909785654410502076 ) ) ;
#874 = ADVANCED_BREP_SHAPE_REPRESENTATION ( '79-8566 - 57mm Y-r\X2\00f6\X0\r', ( #3427, #150 ), #4857 ) ;
#875 = CARTESIAN_POINT ( 'NONE',  ( 28.55982657154445903, -5.059313897483632694, 6.123701848251275059 ) ) ;
#876 = ORIENTED_EDGE ( 'NONE', *, *, #3666, .T. ) ;
#877 = CARTESIAN_POINT ( 'NONE',  ( 26.71900664479501941, -4.013262313049387409, 12.51638904967334653 ) ) ;
#878 = CARTESIAN_POINT ( 'NONE',  ( 27.92104170573169597, 9.953384546749816764, 6.180520935986716147 ) ) ;
#879 = CARTESIAN_POINT ( 'NONE',  ( -22.60550193523813434, 23.34616993198978818, 0.1461425362560479502 ) ) ;
#880 = CARTESIAN_POINT ( 'NONE',  ( 24.03492790074998453, 18.66276515713506257, 5.913820393055474689 ) ) ;
#881 = CARTESIAN_POINT ( 'NONE',  ( -24.91451697843053026, -10.47248673835336596, 13.76920354057077134 ) ) ;
#882 = ORIENTED_EDGE ( 'NONE', *, *, #6277, .T. ) ;
#883 = CARTESIAN_POINT ( 'NONE',  ( -25.01305148855643523, -21.14939677509432769, 3.504620587168641332 ) ) ;
#884 = CC_DESIGN_PERSON_AND_ORGANIZATION_ASSIGNMENT ( #4330, #6055, ( #3409 ) ) ;
#885 = DIRECTION ( 'NONE',  ( 0.2177367560900095589, 0.9618832874057742233, 0.1654425775212066130 ) ) ;
#886 = CARTESIAN_POINT ( 'NONE',  ( 6.968561655827913981, 26.70024100204953754, 5.744735215913173043 ) ) ;
#887 = CARTESIAN_POINT ( 'NONE',  ( 29.40454665000735446, 13.31065087876877229, 0.2527144082860137697 ) ) ;
#888 = CARTESIAN_POINT ( 'NONE',  ( -29.99999999999998934, -1.969454128461009423, -7.159808681606008918 ) ) ;
#889 = CARTESIAN_POINT ( 'NONE',  ( 28.81250600384122862, 18.53538421327203167, 0.01253428125171236925 ) ) ;
#890 = CARTESIAN_POINT ( 'NONE',  ( 29.99999999999999289, -7.973464254590607148, 0.9462457124888594695 ) ) ;
#891 = EDGE_LOOP ( 'NONE', ( #1548, #3877, #2470, #2059, #6169 ) ) ;
#892 = CARTESIAN_POINT ( 'NONE',  ( 29.22159101056832498, -9.434602479232045980, 7.138952350718421158 ) ) ;
#893 = CARTESIAN_POINT ( 'NONE',  ( -10.81734303674504005, 27.00000000000000000, 2.217152134492496707 ) ) ;
#894 = EDGE_CURVE ( 'NONE', #974, #1581, #4737, .T. ) ;
#895 = DIRECTION ( 'NONE',  ( -0.2560153285301841608, 0.000000000000000000, 0.9666727220510475949 ) ) ;
#896 = CARTESIAN_POINT ( 'NONE',  ( -28.14642084434835212, 4.640745652895112983, 9.433839599994385594 ) ) ;
#897 = CARTESIAN_POINT ( 'NONE',  ( 30.70076307439533281, 14.25734640306859013, 4.207904991735001765 ) ) ;
#898 = CARTESIAN_POINT ( 'NONE',  ( 10.29309592551433816, -26.25299711024415572, 6.105408687616227681 ) ) ;
#899 = CARTESIAN_POINT ( 'NONE',  ( -29.99999999999999289, 7.441745900716687956, 1.063682125309190596 ) ) ;
#900 = CARTESIAN_POINT ( 'NONE',  ( -19.49683713915418792, 26.84321991452328149, 0.5278253321592101255 ) ) ;
#901 = ORIENTED_EDGE ( 'NONE', *, *, #1501, .T. ) ;
#902 = CARTESIAN_POINT ( 'NONE',  ( 22.51771804232976493, -17.48140312275399566, 14.07506427711779473 ) ) ;
#903 = CARTESIAN_POINT ( 'NONE',  ( -10.11819831488209509, 28.49999999999999289, 2.503542928501012454 ) ) ;
#904 = B_SPLINE_CURVE_WITH_KNOTS ( 'NONE', 3,
 ( #4081, #4702, #3697, #2630 ),
 .UNSPECIFIED., .F., .F.,
 ( 4, 4 ),
 ( 2.712499629615986077E-17, 0.002554490480536784815 ),
 .UNSPECIFIED. ) ;
#905 = EDGE_CURVE ( 'NONE', #300, #691, #2649, .T. ) ;
#906 = CARTESIAN_POINT ( 'NONE',  ( 5.377614424018758228E-15, 18.43481782025045490, -31.73245365653314209 ) ) ;
#907 = DIRECTION ( 'NONE',  ( -0.000000000000000000, -0.000000000000000000, 1.000000000000000000 ) ) ;
#908 = B_SPLINE_CURVE_WITH_KNOTS ( 'NONE', 3,
 ( #854, #1363, #915, #1331 ),
 .UNSPECIFIED., .F., .F.,
 ( 4, 4 ),
 ( 0.000000000000000000, 0.001633477653630875269 ),
 .UNSPECIFIED. ) ;
#909 = CARTESIAN_POINT ( 'NONE',  ( 10.29309592552062647, -26.25299711024275595, 6.105408687617775776 ) ) ;
#910 = CARTESIAN_POINT ( 'NONE',  ( -23.78927950273108394, 22.37944605542771015, 3.533627057525497328 ) ) ;
#911 = CARTESIAN_POINT ( 'NONE',  ( 25.90740251863798349, 7.643495154186213725, 9.207372985621525174 ) ) ;
#912 = CARTESIAN_POINT ( 'NONE',  ( 31.44169249092412244, 10.09233044940209467, -11.39334684800704522 ) ) ;
#913 = EDGE_LOOP ( 'NONE', ( #5539, #5884, #2940, #4088 ) ) ;
#914 = CARTESIAN_POINT ( 'NONE',  ( -29.75589677973696467, -11.51083312014761262, 0.4285619376484057774 ) ) ;
#915 = CARTESIAN_POINT ( 'NONE',  ( 31.49999999999999289, -7.973464254590607148, 0.9462457124888575821 ) ) ;
#916 = CARTESIAN_POINT ( 'NONE',  ( 6.727593351774820540, 26.18593469080048308, 9.793695791788708860 ) ) ;
#917 = CARTESIAN_POINT ( 'NONE',  ( -24.39745803260339585, 11.58111740946664447, 13.87240257064605409 ) ) ;
#918 = CARTESIAN_POINT ( 'NONE',  ( -9.532444164878688397, 22.50674521001677775, -17.87123537556473707 ) ) ;
#919 = AXIS2_PLACEMENT_3D ( 'NONE', #4630, #3183, #3219 ) ;
#920 = CARTESIAN_POINT ( 'NONE',  ( 31.49999999999999645, -7.344412678282820295, 4.417127727488987077 ) ) ;
#921 = CARTESIAN_POINT ( 'NONE',  ( -12.70717448558018070, -28.47315195041286273, 1.614524954363610432 ) ) ;
#922 = CARTESIAN_POINT ( 'NONE',  ( 14.09505738132338415, -25.27878482370081414, 6.339060573324543313 ) ) ;
#923 = CARTESIAN_POINT ( 'NONE',  ( -11.85318526683249019, 25.88709217349967062, 6.342529563079100541 ) ) ;
#924 = DIRECTION ( 'NONE',  ( 0.000000000000000000, -0.9909795437185130451, -0.1340132229723918766 ) ) ;
#925 = DIRECTION ( 'NONE',  ( 0.000000000000000000, 0.000000000000000000, -1.000000000000000000 ) ) ;
#926 = ORIENTED_EDGE ( 'NONE', *, *, #2907, .T. ) ;
#927 = CARTESIAN_POINT ( 'NONE',  ( -37.54996671103717887, 8.499999999999998224, 12.96227999980796142 ) ) ;
#928 = CARTESIAN_POINT ( 'NONE',  ( 29.99999999999999289, -8.500000000000000000, 0.8039144995323158627 ) ) ;
#929 = EDGE_CURVE ( 'NONE', #1868, #5189, #5353, .T. ) ;
#930 = CARTESIAN_POINT ( 'NONE',  ( 4.914162834475386638E-15, 19.56408272646847024, -28.32187512061905466 ) ) ;
#931 = ORIENTED_EDGE ( 'NONE', *, *, #4352, .F. ) ;
#932 = CARTESIAN_POINT ( 'NONE',  ( 9.768267957448069083, 26.99999999999999289, 2.639877039411058224 ) ) ;
#933 = ADVANCED_FACE ( 'NONE', ( #2972 ), #1623, .T. ) ;
#934 = CARTESIAN_POINT ( 'NONE',  ( -18.89707435371740374, 25.46747842093411762, 0.5278253321592101255 ) ) ;
#935 = CARTESIAN_POINT ( 'NONE',  ( -14.79847357259834695, -22.59083598779928792, 13.30770998482739564 ) ) ;
#936 = ORIENTED_EDGE ( 'NONE', *, *, #6165, .T. ) ;
#937 = CARTESIAN_POINT ( 'NONE',  ( -23.79108911312251706, -22.37786067968090364, 3.533568058423495195 ) ) ;
#938 = CARTESIAN_POINT ( 'NONE',  ( 1.559014483242295412, 26.99999999998173550, 5.594727780736186595 ) ) ;
#939 = DIRECTION ( 'NONE',  ( 1.000000000000000000, 0.000000000000000000, 0.000000000000000000 ) ) ;
#940 = CARTESIAN_POINT ( 'NONE',  ( -27.28830026891832716, -15.47196361962812539, 6.990101351475845881 ) ) ;
#941 = DIRECTION ( 'NONE',  ( 0.8995249593893248630, 0.000000000000000000, -0.4368693711347059749 ) ) ;
#942 = B_SPLINE_CURVE_WITH_KNOTS ( 'NONE', 3,
 ( #1934, #2956, #1513, #2418, #4932, #2898, #5859, #1988, #567, #4866, #2475, #4356, #2448 ),
 .UNSPECIFIED., .F., .F.,
 ( 4, 2, 1, 2, 2, 2, 4 ),
 ( -3.384249711811254262E-05, 0.0006103608681805192332, 0.001254564233479151057, 0.002542970964076414920, 0.005119784425270944815, 0.007696597886465473409, 0.01027341134766000287 ),
 .UNSPECIFIED. ) ;
#943 = CARTESIAN_POINT ( 'NONE',  ( -8.512987012987009550, 27.19887961142360311, 10.66248444409494134 ) ) ;
#944 = CARTESIAN_POINT ( 'NONE',  ( 27.14819882905775117, 8.695786145436393610, 13.43878103388253464 ) ) ;
#945 = DIRECTION ( 'NONE',  ( -7.502293610803556768E-14, -0.9653521917153989884, 0.2609504664687837261 ) ) ;
#946 = CARTESIAN_POINT ( 'NONE',  ( -29.85038176929143461, 10.92569056230171043, 0.4899388509688760718 ) ) ;
#947 = CARTESIAN_POINT ( 'NONE',  ( -11.49999999999998046, 18.49999999999998579, 1.893709856737225694 ) ) ;
#948 = ORIENTED_EDGE ( 'NONE', *, *, #2417, .F. ) ;
#949 = CARTESIAN_POINT ( 'NONE',  ( 10.67488232225103673, -26.43178155466361545, 11.78711898308629991 ) ) ;
#950 = APPROVAL_PERSON_ORGANIZATION ( #837, #1528, #3743 ) ;
#951 = VERTEX_POINT ( 'NONE', #4007 ) ;
#952 = CARTESIAN_POINT ( 'NONE',  ( -22.82789496410935115, 21.20057336700104145, -17.70283586254750929 ) ) ;
#953 = CARTESIAN_POINT ( 'NONE',  ( -13.50000000000000178, 0.000000000000000000, -204.9999999999999432 ) ) ;
#954 = ADVANCED_FACE ( 'NONE', ( #3406 ), #4091, .T. ) ;
#955 = CARTESIAN_POINT ( 'NONE',  ( -29.05416671262663897, -10.20986417264852264, 7.129333836541690061 ) ) ;
#956 = CARTESIAN_POINT ( 'NONE',  ( 13.94356245642995873, 28.35267197437532971, 1.367223678564201128 ) ) ;
#957 = ORIENTED_EDGE ( 'NONE', *, *, #3036, .F. ) ;
#958 = PLANE ( 'NONE',  #3131 ) ;
#959 = EDGE_CURVE ( 'NONE', #4019, #4049, #6267, .T. ) ;
#960 = CARTESIAN_POINT ( 'NONE',  ( -21.22672709758088772, -24.24823302988741247, 0.2702874600884521139 ) ) ;
#961 = EDGE_CURVE ( 'NONE', #2372, #5336, #3170, .T. ) ;
#962 = CARTESIAN_POINT ( 'NONE',  ( -15.38697490836389292, 24.82870750332146059, 6.283144436894284368 ) ) ;
#963 = ADVANCED_FACE ( 'NONE', ( #3789 ), #3146, .T. ) ;
#964 = EDGE_LOOP ( 'NONE', ( #5848, #5528, #5232, #5445, #2905, #1070, #4816 ) ) ;
#965 = FACE_OUTER_BOUND ( 'NONE', #4491, .T. ) ;
#966 = CARTESIAN_POINT ( 'NONE',  ( -31.49999999999998579, -4.606712337400966639, 1.408785681045467308 ) ) ;
#967 = CARTESIAN_POINT ( 'NONE',  ( -11.03391852261363049, -27.56925809415111317, 6.671908452832492564 ) ) ;
#968 = CARTESIAN_POINT ( 'NONE',  ( 11.16190459522877987, 28.49999999999999645, 2.057911558896525328 ) ) ;
#969 = ORIENTED_EDGE ( 'NONE', *, *, #5145, .T. ) ;
#970 = CARTESIAN_POINT ( 'NONE',  ( -22.23049399408002813, 22.10930175727164482, 6.994758730180675954 ) ) ;
#971 = CARTESIAN_POINT ( 'NONE',  ( 21.71010553566040713, 18.50610273186902432, 14.06077902329967344 ) ) ;
#972 = CARTESIAN_POINT ( 'NONE',  ( -26.99999999999999645, 0.5033666368484831510, 12.14142842854283266 ) ) ;
#973 = CARTESIAN_POINT ( 'NONE',  ( 31.49999999999998579, 2.707391203950034964, -6.939248404772383694 ) ) ;
#974 = VERTEX_POINT ( 'NONE', #4062 ) ;
#975 = CARTESIAN_POINT ( 'NONE',  ( 13.93247817807585243, -24.89326109037351742, 12.91901067895410726 ) ) ;
#976 =( BOUNDED_SURFACE ( )  B_SPLINE_SURFACE ( 3, 2, ( 
 ( #1400, #3327, #5775 ),
 ( #364, #1778, #2296 ),
 ( #3356, #1371, #2267 ),
 ( #5742, #4836, #6207 ),
 ( #4808, #4229, #5295 ),
 ( #6142, #3294, #2745 ) ),
 .UNSPECIFIED., .F., .F., .F. ) 
 B_SPLINE_SURFACE_WITH_KNOTS ( ( 4, 2, 4 ),
 ( 3, 3 ),
 ( -3.376389943990578969E-05, 0.004801843139215765735, 0.009637450177871436860 ),
 ( 0.000000000000000000, 1.000000000000000000 ),
 .UNSPECIFIED. ) 
 GEOMETRIC_REPRESENTATION_ITEM ( )  RATIONAL_B_SPLINE_SURFACE ( (
 ( 1.000000000000000000, 1.000000000000000000, 1.000000000000000000),
 ( 1.000000000000000000, 0.9999867911752029492, 1.000000000000000000),
 ( 1.000000000000000000, 0.9983244081090597577, 1.000000000000000000),
 ( 1.000000000000000000, 0.9912328020302422216, 1.000000000000000000),
 ( 1.000000000000000000, 0.9858291744965276271, 1.000000000000000000),
 ( 1.000000000000000000, 0.9777825185304200861, 1.000000000000000000) ) ) 
 REPRESENTATION_ITEM ( '' )  SURFACE ( )  );
#977 = CARTESIAN_POINT ( 'NONE',  ( -31.23610462674241006, -11.75495472448546685, 0.4285619376483226772 ) ) ;
#978 = ORIENTED_EDGE ( 'NONE', *, *, #4443, .T. ) ;
#979 = CYLINDRICAL_SURFACE ( 'NONE', #1219, 24.00000000000000000 ) ;
#980 = CARTESIAN_POINT ( 'NONE',  ( 3.510226728431411036, -26.93752340370498288, 5.402834179962305861 ) ) ;
#981 = CARTESIAN_POINT ( 'NONE',  ( 12.09833540660794071, 28.50000000000000355, 1.748414050480304960 ) ) ;
#982 = B_SPLINE_CURVE_WITH_KNOTS ( 'NONE', 3,
 ( #3862, #1931, #3982, #4353 ),
 .UNSPECIFIED., .F., .F.,
 ( 4, 4 ),
 ( 1.468933264970604471E-15, 0.001633477653628227213 ),
 .UNSPECIFIED. ) ;
#983 = ORIENTED_EDGE ( 'NONE', *, *, #371, .T. ) ;
#984 = CARTESIAN_POINT ( 'NONE',  ( 31.50000000000007105, 9.474050321293276511, 4.407286531117232009 ) ) ;
#985 = AXIS2_PLACEMENT_3D ( 'NONE', #4481, #582, #2040 ) ;
#986 = CARTESIAN_POINT ( 'NONE',  ( -27.51232911554472338, -17.78576262410544118, 0.01245065904376575772 ) ) ;
#987 = CARTESIAN_POINT ( 'NONE',  ( 8.585529320150849131, -25.60441865059184252, 11.00068250791603575 ) ) ;
#988 = CARTESIAN_POINT ( 'NONE',  ( 31.24064776355132267, 11.77638558220219167, 0.4248943696262948433 ) ) ;
#989 = AXIS2_PLACEMENT_3D ( 'NONE', #4183, #6029, #6127 ) ;
#990 = CARTESIAN_POINT ( 'NONE',  ( 29.80696866490307428, -5.117874391695593772, 6.955621471971332070 ) ) ;
#991 = ORIENTED_EDGE ( 'NONE', *, *, #414, .T. ) ;
#992 = CARTESIAN_POINT ( 'NONE',  ( -20.63144991695641295, -21.88798657278283244, 6.058892063390021399 ) ) ;
#993 = B_SPLINE_CURVE_WITH_KNOTS ( 'NONE', 3,
 ( #2344, #4308, #6222, #3876, #4338, #5214, #1861, #3818, #1284, #5722, #844, #4725, #5307, #5787, #4241, #6289, #1793, #3845, #1383, #3369, #1317, #3340, #906, #5335, #930, #4847, #2402, #5741, #1846, #1271 ),
 .UNSPECIFIED., .F., .F.,
 ( 4, 2, 2, 2, 2, 2, 2, 2, 2, 2, 2, 2, 2, 2, 4 ),
 ( 0.06232720787825689335, 0.06499762238865021413, 0.06766803689904352104, 0.06900324415424016755, 0.07033845140943682794, 0.07300886591983013485, 0.07434407317502678136, 0.07567928043022342788, 0.07834969494061674866, 0.08369052396140333472, 0.08903135298218993465, 0.09437218200297653459, 0.09704259651336982762, 0.09971301102376313452, 0.1050538400445497206 ),
 .UNSPECIFIED. ) ;
#994 = CARTESIAN_POINT ( 'NONE',  ( -29.99853077344052465, -8.768892663920324182, -10.87741653042909284 ) ) ;
#995 = CARTESIAN_POINT ( 'NONE',  ( 11.41599063675804260, 25.99679082615519476, 6.312524377650890806 ) ) ;
#996 = CARTESIAN_POINT ( 'NONE',  ( 0.3559797370431308505, -28.49833197328862866, 5.245081628414594910 ) ) ;
#997 = CARTESIAN_POINT ( 'NONE',  ( 29.57055067953317007, -17.09873445861838803, 4.140113311498208937 ) ) ;
#998 = CARTESIAN_POINT ( 'NONE',  ( -22.82701548013023185, -21.22736765428479799, -17.71658925421763087 ) ) ;
#999 = CARTESIAN_POINT ( 'NONE',  ( -8.540066716774846967, -26.52164228827883008, 5.951324142866347700 ) ) ;
#1000 = CARTESIAN_POINT ( 'NONE',  ( -24.04204538756447818, 20.25638671443078920, 6.981713746292789402 ) ) ;
#1001 = CARTESIAN_POINT ( 'NONE',  ( 3.556657143387265130, 28.42661271325532013, 5.607301773661088617 ) ) ;
#1002 = CARTESIAN_POINT ( 'NONE',  ( 30.01405950608799245, -0.6285267656468732644, 6.851322212419530544 ) ) ;
#1003 = EDGE_CURVE ( 'NONE', #4511, #392, #4815, .T. ) ;
#1004 = CARTESIAN_POINT ( 'NONE',  ( -11.56950476478001555, 25.95728721007127859, 6.319721873306482607 ) ) ;
#1005 = AXIS2_PLACEMENT_3D ( 'NONE', #2055, #5918, #5533 ) ;
#1006 = ORIENTED_EDGE ( 'NONE', *, *, #593, .F. ) ;
#1007 = CARTESIAN_POINT ( 'NONE',  ( 26.51086137268957899, -10.47959093325632018, 13.69142371420500837 ) ) ;
#1008 = CARTESIAN_POINT ( 'NONE',  ( -26.33374288825983456, 5.961038961038959805, 12.96227999980796319 ) ) ;
#1009 = ORIENTED_EDGE ( 'NONE', *, *, #3072, .F. ) ;
#1010 = CARTESIAN_POINT ( 'NONE',  ( -21.49999999999999289, -6.900808533012641632, 1.136834755483626003 ) ) ;
#1011 = CARTESIAN_POINT ( 'NONE',  ( -11.16190459522627521, -28.49999999999999645, 2.057911558891045711 ) ) ;
#1012 = CARTESIAN_POINT ( 'NONE',  ( 5.390210720657750088, -26.49128362261820868, 8.869201222230355341 ) ) ;
#1013 =( BOUNDED_SURFACE ( )  B_SPLINE_SURFACE ( 3, 2, ( 
 ( #5144, #2586, #781 ),
 ( #4694, #710, #673 ),
 ( #4585, #313, #2692 ),
 ( #4550, #1690, #747 ),
 ( #2140, #4657, #6056 ),
 ( #2245, #2655, #4212 ),
 ( #3063, #2174, #644 ),
 ( #4138, #6091, #3649 ),
 ( #5619, #5817, #6256 ),
 ( #439, #2757, #1415 ) ),
 .UNSPECIFIED., .F., .F., .F. ) 
 B_SPLINE_SURFACE_WITH_KNOTS ( ( 4, 2, 2, 2, 4 ),
 ( 3, 3 ),
 ( 0.004259907912295672443, 0.007711331434321096537, 0.01116275495634652150, 0.01461417847837194472, 0.01806560200039736969 ),
 ( 0.000000000000000000, 1.000000000000000000 ),
 .UNSPECIFIED. ) 
 GEOMETRIC_REPRESENTATION_ITEM ( )  RATIONAL_B_SPLINE_SURFACE ( (
 ( 1.000000000000000000, 0.9493414389859626823, 1.000000000000000000),
 ( 1.000000000000000000, 0.9536830385794909937, 1.000000000000000000),
 ( 1.000000000000000000, 0.9567405681513290183, 1.000000000000000000),
 ( 1.000000000000000000, 0.9607811184644450275, 1.000000000000000000),
 ( 1.000000000000000000, 0.9617646614223657187, 1.000000000000000000),
 ( 1.000000000000000000, 0.9617737137851148921, 1.000000000000000000),
 ( 1.000000000000000000, 0.9607991969575869762, 1.000000000000000000),
 ( 1.000000000000000000, 0.9567637398234657420, 1.000000000000000000),
 ( 1.000000000000000000, 0.9537024603495772856, 1.000000000000000000),
 ( 1.000000000000000000, 0.9493414389859584634, 1.000000000000000000) ) ) 
 REPRESENTATION_ITEM ( '' )  SURFACE ( )  );
#1014 = TOROIDAL_SURFACE ( 'NONE', #4603, 10.99999999999999822, 7.500000000000000000 ) ;
#1015 = ORIENTED_EDGE ( 'NONE', *, *, #2732, .T. ) ;
#1016 = CARTESIAN_POINT ( 'NONE',  ( 27.00051681495754607, -0.5397166637776760201, 8.850373728444530741 ) ) ;
#1017 = AXIS2_PLACEMENT_3D ( 'NONE', #1992, #1936, #5383 ) ;
#1018 = CARTESIAN_POINT ( 'NONE',  ( 11.49999999999999645, -26.99999999999999645, 1.893709856737193720 ) ) ;
#1019 = CARTESIAN_POINT ( 'NONE',  ( 21.50536731698562321, -21.30736553600898731, 5.953164450789891760 ) ) ;
#1020 = CARTESIAN_POINT ( 'NONE',  ( 1.426798373149638310, 28.50000000000000355, 5.982308636583919537 ) ) ;
#1021 = CARTESIAN_POINT ( 'NONE',  ( 29.69092653911341628, 6.394664780647480562, 7.000911841106461253 ) ) ;
#1022 = EDGE_LOOP ( 'NONE', ( #1943, #936, #1712, #2167, #4898 ) ) ;
#1023 = CARTESIAN_POINT ( 'NONE',  ( -20.26281377699049813, -22.16752512161872701, 6.072774019264472578 ) ) ;
#1024 = CARTESIAN_POINT ( 'NONE',  ( 29.75833772872233141, 11.56666859459293129, 3.725633314935413942 ) ) ;
#1025 = CARTESIAN_POINT ( 'NONE',  ( -29.80785565245901481, -5.107701385804793937, 6.955279009613974495 ) ) ;
#1026 = CARTESIAN_POINT ( 'NONE',  ( -17.43701643776475407, -22.55396295520744943, 9.835840302337805596 ) ) ;
#1027 = CARTESIAN_POINT ( 'NONE',  ( 28.63064953415675262, -11.87030024126181971, 7.106142340332815444 ) ) ;
#1028 = CARTESIAN_POINT ( 'NONE',  ( -27.64668474959400513, -15.01511853024347332, -14.97112452110757275 ) ) ;
#1029 = CARTESIAN_POINT ( 'NONE',  ( 5.172233959179177913E-16, -26.99999999999999645, 4.999999999999999112 ) ) ;
#1030 = ADVANCED_FACE ( 'NONE', ( #3717 ), #4500, .T. ) ;
#1031 = ORIENTED_EDGE ( 'NONE', *, *, #1700, .F. ) ;
#1032 = CARTESIAN_POINT ( 'NONE',  ( 8.679052567065341212E-16, 26.99999999999999645, 4.999999999999999112 ) ) ;
#1033 = CARTESIAN_POINT ( 'NONE',  ( -9.915574171847582718, 26.74005154445657340, 8.706572114300731968 ) ) ;
#1034 = CARTESIAN_POINT ( 'NONE',  ( 26.18112971068732620, 11.32720188665184935, 9.877317922181621412 ) ) ;
#1035 = ADVANCED_FACE ( 'NONE', ( #4472 ), #390, .T. ) ;
#1036 = CARTESIAN_POINT ( 'NONE',  ( 28.49890942308428166, 1.197406188734194465, 9.280332862512475245 ) ) ;
#1037 = CARTESIAN_POINT ( 'NONE',  ( 9.797174393178827630E-15, 0.000000000000000000, 80.00000000000000000 ) ) ;
#1038 = CARTESIAN_POINT ( 'NONE',  ( 28.02774567287934104, -5.271656823289928795, 12.72515601888322401 ) ) ;
#1039 = CARTESIAN_POINT ( 'NONE',  ( 25.47961711275580399, -12.78409932757550216, 13.91763288280479394 ) ) ;
#1040 = CARTESIAN_POINT ( 'NONE',  ( -21.69249890435583339, 16.08578694015009702, 9.288976906317310878 ) ) ;
#1041 = EDGE_LOOP ( 'NONE', ( #2307, #4591, #1641, #728, #1460, #3590 ) ) ;
#1042 = CARTESIAN_POINT ( 'NONE',  ( -29.43505799224392661, 17.37509029017513740, 0.04887607543887535766 ) ) ;
#1043 = CARTESIAN_POINT ( 'NONE',  ( -1.489648483358427920E-15, -27.00000000000000711, 4.999999999999999112 ) ) ;
#1044 = ADVANCED_FACE ( 'NONE', ( #3769 ), #4724, .F. ) ;
#1045 = ORIENTED_EDGE ( 'NONE', *, *, #568, .F. ) ;
#1046 = CARTESIAN_POINT ( 'NONE',  ( 28.70642033804482196, -2.582469973018394427, 6.056806976502604911 ) ) ;
#1047 = ADVANCED_FACE ( 'NONE', ( #4354 ), #1342, .T. ) ;
#1048 = CARTESIAN_POINT ( 'NONE',  ( -28.08776573748654926, -16.71377495759543663, 0.04870388208453140660 ) ) ;
#1049 = CARTESIAN_POINT ( 'NONE',  ( -13.47254714190175484, 26.89677091125217956, 1.427411456388568922 ) ) ;
#1050 = CARTESIAN_POINT ( 'NONE',  ( 20.56117989069619867, -20.45584059382342446, -17.35104183945556855 ) ) ;
#1051 = LOCAL_TIME ( 0, 3, 39.00000000000000000, #3489 ) ;
#1052 = CARTESIAN_POINT ( 'NONE',  ( -13.31331090032552744, -23.51847179766215135, 12.95068438810482903 ) ) ;
#1053 = EDGE_LOOP ( 'NONE', ( #487, #5434, #1303 ) ) ;
#1054 = CARTESIAN_POINT ( 'NONE',  ( -31.50000000000000000, -0.3871447628184603307, -6.613185368461848235 ) ) ;
#1055 = DIRECTION ( 'NONE',  ( 1.110223024625156540E-16, 0.000000000000000000, -1.000000000000000000 ) ) ;
#1056 = CARTESIAN_POINT ( 'NONE',  ( -16.13498097930536090, -23.50106720044658815, 13.41087533163586976 ) ) ;
#1057 = CARTESIAN_POINT ( 'NONE',  ( 31.33312271873787225, -11.09927846536517038, 0.4941808776245922297 ) ) ;
#1058 = CARTESIAN_POINT ( 'NONE',  ( -20.70621165983623868, -22.18730729745611541, -18.13677868389629211 ) ) ;
#1059 = B_SPLINE_CURVE_WITH_KNOTS ( 'NONE', 3,
 ( #4400, #5394, #4917, #1949, #526, #57, #2464, #4428, #1977, #3942, #5904, #3460, #3868, #5860, #1990, #5920, #2899, #2396, #2420, #1457 ),
 .UNSPECIFIED., .F., .F.,
 ( 4, 2, 2, 2, 2, 2, 2, 2, 2, 4 ),
 ( 0.000000000000000000, 0.002900738501883419300, 0.005801477003766838600, 0.007251846254708550418, 0.008702215505650262237, 0.01160295400753368934, 0.01450369250941711645, 0.01595406176035882653, 0.01740443101130053488, 0.02320590801506736481 ),
 .UNSPECIFIED. ) ;
#1060 = EDGE_LOOP ( 'NONE', ( #4226, #5449, #1385 ) ) ;
#1061 = CARTESIAN_POINT ( 'NONE',  ( -6.818817193934217258, 26.70304614851482583, 5.772668584543524162 ) ) ;
#1062 = CARTESIAN_POINT ( 'NONE',  ( -13.94984867535624673, -24.86015778569684898, 12.90958958388547018 ) ) ;
#1063 = CARTESIAN_POINT ( 'NONE',  ( -17.67051462471947332, 22.36947195140235323, 13.67252696048479343 ) ) ;
#1064 = B_SPLINE_CURVE_WITH_KNOTS ( 'NONE', 3,
 ( #792, #2737, #5158, #328, #724, #6072, #758, #4151 ),
 .UNSPECIFIED., .F., .F.,
 ( 4, 2, 2, 4 ),
 ( 0.000000000000000000, 0.003200494389288994178, 0.004800741583933490833, 0.006400988778577988356 ),
 .UNSPECIFIED. ) ;
#1065 = CARTESIAN_POINT ( 'NONE',  ( 26.98999970716336350, 16.04511753935735641, 6.986399721685288000 ) ) ;
#1066 = CARTESIAN_POINT ( 'NONE',  ( 28.14659708892093093, 4.636646264809552775, 9.433731379342871648 ) ) ;
#1067 = CARTESIAN_POINT ( 'NONE',  ( -11.50000000000043876, 23.99146246942694916, -18.79915154909360453 ) ) ;
#1068 = CARTESIAN_POINT ( 'NONE',  ( -22.73659560633077348, 23.24626916822516520, 0.1364174018088401830 ) ) ;
#1069 = ORIENTED_EDGE ( 'NONE', *, *, #6273, .F. ) ;
#1070 = ORIENTED_EDGE ( 'NONE', *, *, #959, .F. ) ;
#1071 = CARTESIAN_POINT ( 'NONE',  ( 21.23415467798458423, -19.01999697428126623, 14.03124288211483695 ) ) ;
#1072 = CARTESIAN_POINT ( 'NONE',  ( -31.49999999999999289, -8.499999999998445688, 0.8039144995325224752 ) ) ;
#1073 = ORIENTED_EDGE ( 'NONE', *, *, #314, .T. ) ;
#1074 = DIRECTION ( 'NONE',  ( 0.000000000000000000, -0.9909795437185130451, -0.1340132229723918766 ) ) ;
#1075 = CARTESIAN_POINT ( 'NONE',  ( 22.46440028291364754, 17.58399752015216677, 14.08172727265377944 ) ) ;
#1076 = CARTESIAN_POINT ( 'NONE',  ( 12.90787971633738529, 28.50000000000001776, 4.792569397690134458 ) ) ;
#1077 = VERTEX_POINT ( 'NONE', #5296 ) ;
#1078 = CARTESIAN_POINT ( 'NONE',  ( 28.07326548001861610, -16.74377367614943779, 0.04741685608820043335 ) ) ;
#1079 = CARTESIAN_POINT ( 'NONE',  ( 6.123233995736767268E-16, 28.49999999999999645, 5.000000000000000000 ) ) ;
#1080 = CARTESIAN_POINT ( 'NONE',  ( -14.52915039796500984, 26.78317025485945990, 4.146830757951643243 ) ) ;
#1081 = CARTESIAN_POINT ( 'NONE',  ( 19.70105731464229848, 26.75291538891827514, 0.5042945688590039222 ) ) ;
#1082 = EDGE_CURVE ( 'NONE', #5415, #1313, #1373, .T. ) ;
#1083 = PERSON_AND_ORGANIZATION_ROLE ( 'design_owner' ) ;
#1084 = CARTESIAN_POINT ( 'NONE',  ( -11.49999999999976197, -27.00000000000000000, 1.893709856737645136 ) ) ;
#1085 = LINE ( 'NONE', #4004, #511 ) ;
#1086 = AXIS2_PLACEMENT_3D ( 'NONE', #3502, #2952, #597 ) ;
#1087 = CARTESIAN_POINT ( 'NONE',  ( 2.289582424089828202E-14, 13.63480905670815879, -37.76464063147933814 ) ) ;
#1088 = CARTESIAN_POINT ( 'NONE',  ( -13.20124755996011245, -27.04042340584785364, 6.873386745016627053 ) ) ;
#1089 = CARTESIAN_POINT ( 'NONE',  ( 28.95101270141793037, -10.68752096395124518, 7.123407646582531783 ) ) ;
#1090 = CARTESIAN_POINT ( 'NONE',  ( -28.16017478245405670, -17.04508493129619850, -15.69583089167203305 ) ) ;
#1091 = EDGE_LOOP ( 'NONE', ( #3931, #2441, #1948, #2179 ) ) ;
#1092 = CARTESIAN_POINT ( 'NONE',  ( -9.401036392209794812, 26.99999999999999645, 2.737135302395443226 ) ) ;
#1093 = CARTESIAN_POINT ( 'NONE',  ( -25.78098745487865173, -12.21375325012862767, 13.87963899423561820 ) ) ;
#1094 = CARTESIAN_POINT ( 'NONE',  ( -28.71406683863034459, 11.90332685437222970, 7.013625548602604454 ) ) ;
#1095 = CARTESIAN_POINT ( 'NONE',  ( 19.10133375179505322, 21.18902069391880616, 13.86685210002291058 ) ) ;
#1096 = CARTESIAN_POINT ( 'NONE',  ( 37.54996671103717887, -8.499999999999998224, 12.96227999980796142 ) ) ;
#1097 = CARTESIAN_POINT ( 'NONE',  ( 30.31418555960791039, 15.41123691055380007, 4.175260963670136327 ) ) ;
#1098 = CARTESIAN_POINT ( 'NONE',  ( 0.000000000000000000, -26.99999999999999645, 5.000000000000000000 ) ) ;
#1099 = CARTESIAN_POINT ( 'NONE',  ( 28.50000000000000355, -0.5295712175153108880, 12.14142842854284154 ) ) ;
#1100 = ORIENTED_EDGE ( 'NONE', *, *, #2445, .F. ) ;
#1101 = CARTESIAN_POINT ( 'NONE',  ( -11.57797378769853403, -25.95522422109979388, 6.320561002957270524 ) ) ;
#1102 = CARTESIAN_POINT ( 'NONE',  ( -24.42216490396344497, 11.52870576681526416, 13.86753826793529676 ) ) ;
#1103 = EDGE_CURVE ( 'NONE', #2080, #4676, #4295, .T. ) ;
#1104 = CARTESIAN_POINT ( 'NONE',  ( 18.51722769682414338, 21.24134583154980405, -17.61508770939677859 ) ) ;
#1105 = CARTESIAN_POINT ( 'NONE',  ( 29.99999999999999289, -8.500000000000000000, 5.000000000000000000 ) ) ;
#1106 = FACE_OUTER_BOUND ( 'NONE', #4998, .T. ) ;
#1107 = CARTESIAN_POINT ( 'NONE',  ( -28.55909975362187581, 12.10661389227179185, 7.102541108586856389 ) ) ;
#1108 = AXIS2_PLACEMENT_3D ( 'NONE', #1429, #5354, #5297 ) ;
#1109 = EDGE_CURVE ( 'NONE', #2712, #1611, #6023, .T. ) ;
#1110 = CARTESIAN_POINT ( 'NONE',  ( -28.45985393307100964, 6.320901147463364289, 6.144845682731021164 ) ) ;
#1111 = CARTESIAN_POINT ( 'NONE',  ( 8.512987012986982904, -27.19887961142360666, 10.66248444409493246 ) ) ;
#1112 = CARTESIAN_POINT ( 'NONE',  ( -29.41188074011718356, 11.73225788449700424, -13.10639431717710757 ) ) ;
#1113 = AXIS2_PLACEMENT_3D ( 'NONE', #4643, #3515, #3637 ) ;
#1114 = B_SPLINE_CURVE_WITH_KNOTS ( 'NONE', 3,
 ( #3804, #1404, #431, #5777, #454, #4296, #2394, #2873, #4865, #5269 ),
 .UNSPECIFIED., .F., .F.,
 ( 4, 2, 2, 2, 4 ),
 ( 0.000000000000000000, 0.002930837344902060843, 0.005861674689804119084, 0.008792512034706176025, 0.01172334937960823470 ),
 .UNSPECIFIED. ) ;
#1115 = FACE_OUTER_BOUND ( 'NONE', #3178, .T. ) ;
#1116 = CARTESIAN_POINT ( 'NONE',  ( -13.21209638737327374, -26.96412988606595107, 4.291097773662823300 ) ) ;
#1117 = ADVANCED_FACE ( 'NONE', ( #4809 ), #6232, .F. ) ;
#1118 = CARTESIAN_POINT ( 'NONE',  ( 13.47293128688408359, 26.89673060389706194, 1.427329560308522094 ) ) ;
#1119 = CARTESIAN_POINT ( 'NONE',  ( -19.51407413361165055, -22.71419849094499099, 6.102111731076491630 ) ) ;
#1120 = CARTESIAN_POINT ( 'NONE',  ( 14.05084148575786962, -26.61831974107803234, 7.145956261482416139 ) ) ;
#1121 = ORIENTED_EDGE ( 'NONE', *, *, #4971, .T. ) ;
#1122 = CARTESIAN_POINT ( 'NONE',  ( 11.49999999999999289, -28.49999999999999645, 5.000000000000000000 ) ) ;
#1123 = CARTESIAN_POINT ( 'NONE',  ( -11.49999999999999289, -19.49999999999999645, -11.00000000000000000 ) ) ;
#1124 = CARTESIAN_POINT ( 'NONE',  ( -8.064935064935072617, 25.76735963187499223, 10.66248444409494489 ) ) ;
#1125 = CARTESIAN_POINT ( 'NONE',  ( -26.52740771873571646, 10.43735852820601728, 13.68621312230631304 ) ) ;
#1126 = CARTESIAN_POINT ( 'NONE',  ( 17.14606839490723900, 22.77389095784052842, 13.59126482466256114 ) ) ;
#1127 = DIRECTION ( 'NONE',  ( 0.8751999276928508209, 0.2739291369592717906, -0.3987328861420608717 ) ) ;
#1128 = DIRECTION ( 'NONE',  ( 0.8751999276928508209, 0.2739291369592717906, -0.3987328861420608717 ) ) ;
#1129 = CARTESIAN_POINT ( 'NONE',  ( -19.63467576562408468, 22.61036059924242281, -18.31727373701013306 ) ) ;
#1130 = CARTESIAN_POINT ( 'NONE',  ( -27.51231103498337660, 17.78587418660785247, 0.01243977553546619756 ) ) ;
#1131 = ORIENTED_EDGE ( 'NONE', *, *, #692, .T. ) ;
#1132 = ORIENTED_EDGE ( 'NONE', *, *, #5814, .T. ) ;
#1133 = CARTESIAN_POINT ( 'NONE',  ( -29.99999999999999289, 6.900808533012659396, 1.136834755483618675 ) ) ;
#1134 = CARTESIAN_POINT ( 'NONE',  ( -30.85907947687165986, -13.69196989784427032, 0.2532839023992319860 ) ) ;
#1135 = CARTESIAN_POINT ( 'NONE',  ( 17.08146408834119612, 22.84894139205057328, 13.59019350873151133 ) ) ;
#1136 = CARTESIAN_POINT ( 'NONE',  ( -60.00000000000000711, 2.939152317953648289E-15, -123.3408453358350982 ) ) ;
#1137 = CARTESIAN_POINT ( 'NONE',  ( 29.99999999999999289, -6.310945510157315752, -8.941400630818378659 ) ) ;
#1138 = CARTESIAN_POINT ( 'NONE',  ( -27.31462891832023843, 20.75861439685678533, 4.108941808546113350 ) ) ;
#1139 = CARTESIAN_POINT ( 'NONE',  ( -11.34755381521111417, 26.13992757959011115, 6.050944264870435241 ) ) ;
#1140 = EDGE_CURVE ( 'NONE', #2636, #1313, #1729, .T. ) ;
#1141 = FACE_OUTER_BOUND ( 'NONE', #4292, .T. ) ;
#1142 = CARTESIAN_POINT ( 'NONE',  ( 23.26087934270897506, -13.75533717537203415, 9.294445504591719143 ) ) ;
#1143 = CARTESIAN_POINT ( 'NONE',  ( -23.41750770985623120, 18.90641856735845749, -16.75530955763446173 ) ) ;
#1144 = CARTESIAN_POINT ( 'NONE',  ( -29.99999999999999289, 1.165306834276059522, 1.605591709942321810 ) ) ;
#1145 = CARTESIAN_POINT ( 'NONE',  ( 11.82832831838033627, -27.27255327770887661, 6.993565682845696685 ) ) ;
#1146 = CALENDAR_DATE ( 2026, 16, 9 ) ;
#1147 = DIRECTION ( 'NONE',  ( 0.9666727220510475949, 0.000000000000000000, -0.2560153285301848824 ) ) ;
#1148 = ADVANCED_FACE ( 'NONE', ( #5405 ), #577, .F. ) ;
#1149 = ADVANCED_FACE ( 'NONE', ( #4629, #2115 ), #1227, .T. ) ;
#1150 = CARTESIAN_POINT ( 'NONE',  ( 15.17174601140252932, 24.90969218188075729, 6.292519605373137814 ) ) ;
#1151 = ADVANCED_FACE ( 'NONE', ( #262 ), #6033, .T. ) ;
#1152 = CARTESIAN_POINT ( 'NONE',  ( 16.30921591591017261, -25.76566050536952091, 7.148909390432623745 ) ) ;
#1153 = CARTESIAN_POINT ( 'NONE',  ( -30.47357082238029591, -13.42899820901824270, -13.68050962873737042 ) ) ;
#1154 = ORIENTED_EDGE ( 'NONE', *, *, #3201, .F. ) ;
#1155 = CARTESIAN_POINT ( 'NONE',  ( -29.99999999999999289, 6.900808533011558055, 1.136834755483768111 ) ) ;
#1156 = DIRECTION ( 'NONE',  ( 0.000000000000000000, 0.000000000000000000, -1.000000000000000000 ) ) ;
#1157 = CARTESIAN_POINT ( 'NONE',  ( -25.71656466445186240, -8.246923972108108458, 13.44032330224557548 ) ) ;
#1158 = CARTESIAN_POINT ( 'NONE',  ( -9.528883059083684159, -22.50691220312295115, -17.87117125032267850 ) ) ;
#1159 = CARTESIAN_POINT ( 'NONE',  ( 0.000000000000000000, 0.000000000000000000, 0.000000000000000000 ) ) ;
#1160 = CARTESIAN_POINT ( 'NONE',  ( -31.50000000000000000, 2.697477940251443940, -6.936729190225341846 ) ) ;
#1161 = CARTESIAN_POINT ( 'NONE',  ( 13.66821526289419353, -25.40057177991630866, 6.358119300770659343 ) ) ;
#1162 = B_SPLINE_CURVE_WITH_KNOTS ( 'NONE', 3,
 ( #1573, #5566, #4989, #1165, #3010, #5021 ),
 .UNSPECIFIED., .F., .F.,
 ( 4, 2, 4 ),
 ( 0.000000000000000000, 0.006916723433682729974, 0.01383344686736545995 ),
 .UNSPECIFIED. ) ;
#1163 = ORIENTED_EDGE ( 'NONE', *, *, #3578, .F. ) ;
#1164 = CARTESIAN_POINT ( 'NONE',  ( 27.69228579883501595, 20.25797935519632276, -0.01094763371644760265 ) ) ;
#1165 = CARTESIAN_POINT ( 'NONE',  ( -31.49999999999999289, 2.310891679295921097, 1.605774675690114561 ) ) ;
#1166 = ORIENTED_EDGE ( 'NONE', *, *, #371, .F. ) ;
#1167 = DIRECTION ( 'NONE',  ( 0.000000000000000000, -0.2609504664687832820, 0.9653521917153989884 ) ) ;
#1168 = VERTEX_POINT ( 'NONE', #3182 ) ;
#1169 = CARTESIAN_POINT ( 'NONE',  ( -11.49999999999999289, 8.500000000000000000, -11.00000000000000000 ) ) ;
#1170 = CARTESIAN_POINT ( 'NONE',  ( -25.04137369648358913, -18.95199001263112137, 7.033051286616814224 ) ) ;
#1171 = CARTESIAN_POINT ( 'NONE',  ( 29.63697013575306727, 11.08169265004730342, -12.68706703822630466 ) ) ;
#1172 = FACE_OUTER_BOUND ( 'NONE', #1938, .T. ) ;
#1173 = CARTESIAN_POINT ( 'NONE',  ( 29.99999999999998579, -7.911747004908654901, -10.10066876410837189 ) ) ;
#1174 = CARTESIAN_POINT ( 'NONE',  ( -24.12416215246562601, 20.07166615851697600, 7.037893885881000955 ) ) ;
#1175 = CARTESIAN_POINT ( 'NONE',  ( 10.85038602493520798, 26.22778032049683716, 6.023876568355621686 ) ) ;
#1176 = DIRECTION ( 'NONE',  ( 0.000000000000000000, 0.000000000000000000, -1.000000000000000000 ) ) ;
#1177 = CARTESIAN_POINT ( 'NONE',  ( 11.02920872427525012, -27.56993643393640880, 6.671521683245507539 ) ) ;
#1178 = CARTESIAN_POINT ( 'NONE',  ( -13.70222788426307936, 22.31971941907034207, -17.89544485093934156 ) ) ;
#1179 = CARTESIAN_POINT ( 'NONE',  ( -29.99999999999797851, -1.204833498481424403, 4.026166683026558779 ) ) ;
#1180 = CARTESIAN_POINT ( 'NONE',  ( 11.16014782979836895, -28.49999999999999645, 2.058764761717338576 ) ) ;
#1181 = CARTESIAN_POINT ( 'NONE',  ( 11.04547926214577025, -27.47858185343334014, 6.870451783837533632 ) ) ;
#1182 =( BOUNDED_SURFACE ( )  B_SPLINE_SURFACE ( 3, 2, ( 
 ( #3633, #4052, #238 ),
 ( #2160, #5540, #5062 ),
 ( #4124, #3603, #5090 ),
 ( #1101, #4020, #698 ),
 ( #4157, #1603, #3116 ),
 ( #5570, #5167, #5024 ),
 ( #6078, #1677, #1714 ),
 ( #3671, #5603, #1204 ) ),
 .UNSPECIFIED., .F., .F., .F. ) 
 B_SPLINE_SURFACE_WITH_KNOTS ( ( 4, 2, 2, 4 ),
 ( 3, 3 ),
 ( 0.000000000000000000, 0.0005637656028400037534, 0.001127531205680007507, 0.002255062411360015014 ),
 ( 0.000000000000000000, 1.000000000000000000 ),
 .UNSPECIFIED. ) 
 GEOMETRIC_REPRESENTATION_ITEM ( )  RATIONAL_B_SPLINE_SURFACE ( (
 ( 1.000000000000000000, 0.9777825185304204192, 1.000000000000000000),
 ( 1.000000000000000000, 0.9753694589242352109, 1.000000000000000000),
 ( 1.000000000000000000, 0.9731492780376986840, 1.000000000000000000),
 ( 1.000000000000000000, 0.9687865398912058890, 1.000000000000000000),
 ( 1.000000000000000000, 0.9666517755196574191, 1.000000000000000000),
 ( 1.000000000000000000, 0.9602710953473280187, 1.000000000000000000),
 ( 1.000000000000000000, 0.9560532404045518629, 1.000000000000000000),
 ( 1.000000000000000000, 0.9517961898714958346, 1.000000000000000000) ) ) 
 REPRESENTATION_ITEM ( '' )  SURFACE ( )  );
#1183 = CARTESIAN_POINT ( 'NONE',  ( 16.94316442447666660, 26.23775372853374321, 3.922529192846054169 ) ) ;
#1184 = CARTESIAN_POINT ( 'NONE',  ( 1.699520047907109976, -26.99999999999999645, 5.198126337863109292 ) ) ;
#1185 = CARTESIAN_POINT ( 'NONE',  ( 20.78101118275999681, -26.24290792315258614, 4.283772757983493662 ) ) ;
#1186 = CARTESIAN_POINT ( 'NONE',  ( 21.24609255272250508, 21.96203303746178292, -18.03963611775268205 ) ) ;
#1187 = ORIENTED_EDGE ( 'NONE', *, *, #5030, .F. ) ;
#1188 = CARTESIAN_POINT ( 'NONE',  ( -26.91330131831799832, 2.247923736247729121, 8.883279543320638183 ) ) ;
#1189 = CARTESIAN_POINT ( 'NONE',  ( -9.092728973082913058, 25.44567005064624965, 8.185524710462567910 ) ) ;
#1190 = CARTESIAN_POINT ( 'NONE',  ( -23.98115323710912961, 15.45052135114923786, 14.06383687713664443 ) ) ;
#1191 = CIRCLE ( 'NONE', #5312, 10.00000000000000000 ) ;
#1192 = CARTESIAN_POINT ( 'NONE',  ( 9.797174393178827630E-15, 0.000000000000000000, 80.00000000000000000 ) ) ;
#1193 = DIRECTION ( 'NONE',  ( 1.224646799147353454E-16, 0.000000000000000000, 1.000000000000000000 ) ) ;
#1194 = EDGE_LOOP ( 'NONE', ( #4940, #1507, #5980 ) ) ;
#1195 = CARTESIAN_POINT ( 'NONE',  ( -26.88626136512679565, 16.10225947569132288, 7.046905786097995339 ) ) ;
#1196 = CARTESIAN_POINT ( 'NONE',  ( 26.20388353216614163, 6.534711254972465078, 13.10297729537064093 ) ) ;
#1197 = CARTESIAN_POINT ( 'NONE',  ( 12.16515202375768290, 24.11111041436626579, 12.58576089176439972 ) ) ;
#1198 = CARTESIAN_POINT ( 'NONE',  ( 26.98587537140363679, -1.010174523005123559, 12.16133770570265682 ) ) ;
#1199 = CARTESIAN_POINT ( 'NONE',  ( 18.50902629513521447, 24.67713174252169850, 7.126928461708483376 ) ) ;
#1200 = CARTESIAN_POINT ( 'NONE',  ( 11.49999999999999289, -28.49999999999999645, 1.893709856737193720 ) ) ;
#1201 = VERTEX_POINT ( 'NONE', #755 ) ;
#1202 = CIRCLE ( 'NONE', #5099, 22.50000000000000000 ) ;
#1203 = EDGE_LOOP ( 'NONE', ( #2676, #4237, #4464, #1809, #2030, #1348, #2413, #1794 ) ) ;
#1204 = CARTESIAN_POINT ( 'NONE',  ( -11.49999999999995026, -26.99999999999999645, 1.893709856737623376 ) ) ;
#1205 = B_SPLINE_CURVE_WITH_KNOTS ( 'NONE', 3,
 ( #420, #1393, #447, #3349, #5732, #4800 ),
 .UNSPECIFIED., .F., .F.,
 ( 4, 2, 4 ),
 ( 0.006400988778608531632, 0.009641223328523577246, 0.01288145787843862286 ),
 .UNSPECIFIED. ) ;
#1206 = CARTESIAN_POINT ( 'NONE',  ( -28.33004394010379201, -12.80708360487094133, 7.091763844826950880 ) ) ;
#1207 = EDGE_CURVE ( 'NONE', #1411, #3560, #6182, .T. ) ;
#1208 = CARTESIAN_POINT ( 'NONE',  ( 25.70844649329399090, -16.01400590069950525, 5.993332622836932799 ) ) ;
#1209 = CARTESIAN_POINT ( 'NONE',  ( 29.76126054472296545, 10.62947752192312656, -12.37889798868612701 ) ) ;
#1210 = CARTESIAN_POINT ( 'NONE',  ( 11.82646364167049136, -27.00000000000000000, 4.475932502734441876 ) ) ;
#1211 = CARTESIAN_POINT ( 'NONE',  ( 7.843994539819799883, 26.99999999999999645, 3.149505043938054083 ) ) ;
#1212 = CARTESIAN_POINT ( 'NONE',  ( -24.43955950479943340, 19.70352815793075152, 7.035555523958887392 ) ) ;
#1213 = CARTESIAN_POINT ( 'NONE',  ( 15.28577145408198312, 22.26416892673655212, 13.41087533163807777 ) ) ;
#1214 = CARTESIAN_POINT ( 'NONE',  ( 29.99999999999998934, 8.634599219245833623, -10.75519299531145023 ) ) ;
#1215 = CARTESIAN_POINT ( 'NONE',  ( 23.24471031784100461, -19.55287269967218222, 5.923301323532601081 ) ) ;
#1216 = CARTESIAN_POINT ( 'NONE',  ( -26.65150945007847838, 16.17427459743625207, -15.53649614385735767 ) ) ;
#1217 = CARTESIAN_POINT ( 'NONE',  ( -28.32123585219081008, -7.580464906482212939, 6.162648984321466905 ) ) ;
#1218 = CIRCLE ( 'NONE', #5745, 22.50000000000000000 ) ;
#1219 = AXIS2_PLACEMENT_3D ( 'NONE', #4475, #1440, #2880 ) ;
#1220 = CARTESIAN_POINT ( 'NONE',  ( 23.56590781614080043, 22.57883053798528650, 0.08000684873737154423 ) ) ;
#1221 = CARTESIAN_POINT ( 'NONE',  ( -29.99999999999999289, 8.500000000000015987, 0.8039144995323131981 ) ) ;
#1222 = CARTESIAN_POINT ( 'NONE',  ( 18.59098484072469049, -27.26329517284547421, 4.388728686677940694 ) ) ;
#1223 = ORIENTED_EDGE ( 'NONE', *, *, #5139, .T. ) ;
#1224 = CARTESIAN_POINT ( 'NONE',  ( 26.91665849532964572, 13.50473927400179264, 6.051643738539156381 ) ) ;
#1225 =( BOUNDED_SURFACE ( )  B_SPLINE_SURFACE ( 3, 2, ( 
 ( #5417, #2037, #2935 ),
 ( #5362, #1971, #1444 ),
 ( #4942, #4395, #3913 ),
 ( #4850, #5451, #4449 ) ),
 .UNSPECIFIED., .F., .F., .F. ) 
 B_SPLINE_SURFACE_WITH_KNOTS ( ( 4, 4 ),
 ( 3, 3 ),
 ( -1.028691021254246607E-15, 0.001632214172122799407 ),
 ( 0.000000000000000000, 1.000000000000000000 ),
 .UNSPECIFIED. ) 
 GEOMETRIC_REPRESENTATION_ITEM ( )  RATIONAL_B_SPLINE_SURFACE ( (
 ( 1.000000000000000000, 0.9368608944935776783, 1.000000000000000000),
 ( 1.000000000000000000, 0.9413752332766329722, 1.000000000000000000),
 ( 1.000000000000000000, 0.9455832885137517296, 1.000000000000000000),
 ( 1.000000000000000000, 0.9493414389859567981, 1.000000000000000000) ) ) 
 REPRESENTATION_ITEM ( '' )  SURFACE ( )  );
#1226 = CARTESIAN_POINT ( 'NONE',  ( -11.49999999999998224, -22.47514308404502259, -17.88465857028938188 ) ) ;
#1227 = PLANE ( 'NONE',  #6242 ) ;
#1228 = DIRECTION ( 'NONE',  ( -8.497386401370966564E-17, -0.000000000000000000, 1.000000000000000000 ) ) ;
#1229 = CARTESIAN_POINT ( 'NONE',  ( -27.99163218765281869, 13.94771604484267868, 7.071304339531117478 ) ) ;
#1230 = CARTESIAN_POINT ( 'NONE',  ( 6.277549575507725521, -28.50000000000000000, 3.533038185611684590 ) ) ;
#1231 = EDGE_CURVE ( 'NONE', #319, #5127, #4250, .T. ) ;
#1232 = CARTESIAN_POINT ( 'NONE',  ( -29.99999999999998934, -8.500000000000000000, -10.63331683757133561 ) ) ;
#1233 = CARTESIAN_POINT ( 'NONE',  ( -22.02273499677312074, 25.52055327049735922, 0.2696414386807119978 ) ) ;
#1234 = CARTESIAN_POINT ( 'NONE',  ( 25.87456316347321206, 17.78441400574687492, 7.034663479749994508 ) ) ;
#1235 = CARTESIAN_POINT ( 'NONE',  ( -7.916133726814273075, 27.43597322406069239, 8.046948059469432479 ) ) ;
#1236 = ORIENTED_EDGE ( 'NONE', *, *, #905, .F. ) ;
#1237 = CARTESIAN_POINT ( 'NONE',  ( 31.50000000000000000, -1.945424876370144496, -6.778023876085498500 ) ) ;
#1238 = ORIENTED_EDGE ( 'NONE', *, *, #2137, .T. ) ;
#1239 = CARTESIAN_POINT ( 'NONE',  ( -28.06494469677896220, 9.207843943932427777, 6.210195803573330231 ) ) ;
#1240 = EDGE_CURVE ( 'NONE', #1201, #5402, #4200, .T. ) ;
#1241 = CARTESIAN_POINT ( 'NONE',  ( -26.13539287223875007, -17.38263059659425025, 7.036623613750982997 ) ) ;
#1242 = CARTESIAN_POINT ( 'NONE',  ( 29.76360972763713519, -11.51025391786432372, 0.4269891170581590623 ) ) ;
#1243 = CARTESIAN_POINT ( 'NONE',  ( -28.49890942308427810, -1.197406188732365928, 9.280332862513317238 ) ) ;
#1244 = CARTESIAN_POINT ( 'NONE',  ( -17.65456281654251214, -25.14312794971235832, 7.139212416924696214 ) ) ;
#1245 = CARTESIAN_POINT ( 'NONE',  ( -1.554810114085521372E-15, -0.8275997013987266282, -49.81636939512240048 ) ) ;
#1246 = CARTESIAN_POINT ( 'NONE',  ( -25.87465731818565828, 17.78429957208341605, 7.034662964731184687 ) ) ;
#1247 = CARTESIAN_POINT ( 'NONE',  ( 9.569951316472065983, 25.27330493982475801, 8.364618001502938327 ) ) ;
#1248 = EDGE_CURVE ( 'NONE', #4699, #764, #908, .T. ) ;
#1249 = CARTESIAN_POINT ( 'NONE',  ( 1.247379759597673573E-14, -11.33495584391013544, -46.16356319999491831 ) ) ;
#1250 = CARTESIAN_POINT ( 'NONE',  ( 27.46978578677147809, -12.15110055244215381, 6.001255782333362099 ) ) ;
#1251 = CARTESIAN_POINT ( 'NONE',  ( -16.93159785888077096, 21.72239600658593162, -17.76088254513902598 ) ) ;
#1252 = CARTESIAN_POINT ( 'NONE',  ( -28.50000000000000000, 3.032787583470573445E-11, 12.14142842854283266 ) ) ;
#1253 = EDGE_CURVE ( 'NONE', #6295, #5411, #5416, .T. ) ;
#1254 = CARTESIAN_POINT ( 'NONE',  ( 26.07374690473219303, -7.109608434740898986, 13.24397500307832054 ) ) ;
#1255 = CARTESIAN_POINT ( 'NONE',  ( -10.45051819610490718, 27.62117307087386209, 6.699809873245230918 ) ) ;
#1256 = CARTESIAN_POINT ( 'NONE',  ( -22.37442946714769931, -20.38748208639893278, 6.002683211708465194 ) ) ;
#1257 = CARTESIAN_POINT ( 'NONE',  ( 26.11753326075829662, -22.16559224499262726, 4.119826548522275367 ) ) ;
#1258 = CARTESIAN_POINT ( 'NONE',  ( -31.46756814691547532, -9.638517588044267725, -10.99999999999242029 ) ) ;
#1259 = ORIENTED_EDGE ( 'NONE', *, *, #3837, .T. ) ;
#1260 = CARTESIAN_POINT ( 'NONE',  ( 13.50000000000000533, 2.755455298081544778E-15, -123.3408453358350698 ) ) ;
#1261 = DIRECTION ( 'NONE',  ( 1.000000000000000000, 0.000000000000000000, 0.000000000000000000 ) ) ;
#1262 = CARTESIAN_POINT ( 'NONE',  ( -36.00000000000000000, 0.000000000000000000, -204.9999999999999432 ) ) ;
#1263 = CARTESIAN_POINT ( 'NONE',  ( 28.08776573748654926, 16.71377495759543308, 0.04870388208452153950 ) ) ;
#1264 = CARTESIAN_POINT ( 'NONE',  ( 6.277549575507738844, -27.00000000000000000, 3.533038185611668602 ) ) ;
#1265 = CARTESIAN_POINT ( 'NONE',  ( -31.33816781727345813, 11.12300518834126706, 0.4898727340199250380 ) ) ;
#1266 = ORIENTED_EDGE ( 'NONE', *, *, #4184, .T. ) ;
#1267 = CARTESIAN_POINT ( 'NONE',  ( 9.797174393178827630E-15, 0.000000000000000000, 80.00000000000000000 ) ) ;
#1268 =( BOUNDED_SURFACE ( )  B_SPLINE_SURFACE ( 3, 2, ( 
 ( #5359, #3907, #3873 ),
 ( #2960, #5838, #4844 ),
 ( #1489, #4362, #2401 ),
 ( #4390, #4871, #73 ),
 ( #1998, #5333, #5953 ),
 ( #3482, #3932, #1461 ),
 ( #2988, #6310, #1011 ),
 ( #2903, #2482, #3392 ) ),
 .UNSPECIFIED., .F., .F., .F. ) 
 B_SPLINE_SURFACE_WITH_KNOTS ( ( 4, 2, 2, 4 ),
 ( 3, 3 ),
 ( 1.376936759056590631E-17, 0.0005637656028399939956, 0.001127531205679974330, 0.002255062411359934783 ),
 ( 0.000000000000000000, 1.000000000000000000 ),
 .UNSPECIFIED. ) 
 GEOMETRIC_REPRESENTATION_ITEM ( )  RATIONAL_B_SPLINE_SURFACE ( (
 ( 1.000000000000000000, 0.9777825185304204192, 1.000000000000000000),
 ( 1.000000000000000000, 0.9753694589242508650, 1.000000000000000000),
 ( 1.000000000000000000, 0.9731492780376777008, 1.000000000000000000),
 ( 1.000000000000000000, 0.9687865398912270942, 1.000000000000000000),
 ( 1.000000000000000000, 0.9666517755196368800, 1.000000000000000000),
 ( 1.000000000000000000, 0.9602710953473704292, 1.000000000000000000),
 ( 1.000000000000000000, 0.9560532404045214427, 1.000000000000000000),
 ( 1.000000000000000000, 0.9517961898714968338, 1.000000000000000000) ) ) 
 REPRESENTATION_ITEM ( '' )  SURFACE ( )  );
#1269 = ORIENTED_EDGE ( 'NONE', *, *, #1968, .F. ) ;
#1270 = VERTEX_POINT ( 'NONE', #3218 ) ;
#1271 = CARTESIAN_POINT ( 'NONE',  ( -3.083659580367928449E-15, 21.83402923631390280, -19.69208303711095098 ) ) ;
#1272 = CARTESIAN_POINT ( 'NONE',  ( 31.49999999999999289, 6.900808533012650514, 1.136834755483631110 ) ) ;
#1273 = CARTESIAN_POINT ( 'NONE',  ( -21.84758018964457449, -25.62785387775896595, 0.2852210807015015392 ) ) ;
#1274 = B_SPLINE_CURVE_WITH_KNOTS ( 'NONE', 3,
 ( #5572, #5065, #3019, #171, #138, #1104, #3053, #4024, #5983, #1606, #1550, #3573, #2608, #5608, #2126, #4574, #6044, #6081, #1644, #1171, #1209, #3297, #770, #5298 ),
 .UNSPECIFIED., .F., .F.,
 ( 4, 2, 2, 2, 2, 2, 2, 2, 2, 2, 2, 4 ),
 ( 0.000000000000000000, 0.003290688564669229290, 0.006581377129338458580, 0.008226721411673073442, 0.009872065694007687436, 0.01316275425867692583, 0.01480809854101154330, 0.01645344282334616423, 0.01974413138801539916, 0.02303481995268463756, 0.02468016423501925849, 0.02632550851735387942 ),
 .UNSPECIFIED. ) ;
#1275 = CARTESIAN_POINT ( 'NONE',  ( 20.03362671330495459, -24.93673716273924867, 3.710224926197790207 ) ) ;
#1276 = CARTESIAN_POINT ( 'NONE',  ( -28.49908881037741182, -1.090087589779155763, 12.14263495233278078 ) ) ;
#1277 = FACE_OUTER_BOUND ( 'NONE', #2317, .T. ) ;
#1278 = CARTESIAN_POINT ( 'NONE',  ( -11.49999999999999289, -28.49999999999999645, -11.00000000000000178 ) ) ;
#1279 = CARTESIAN_POINT ( 'NONE',  ( 2.265596578422603396E-15, 27.00000000000000000, 5.000000000000000000 ) ) ;
#1280 = CARTESIAN_POINT ( 'NONE',  ( 10.36238137026271744, 26.29852880997715303, 5.984610632855012824 ) ) ;
#1281 = DIRECTION ( 'NONE',  ( 0.4145910441407849589, 0.000000000000000000, 0.9100078384927536845 ) ) ;
#1282 = CARTESIAN_POINT ( 'NONE',  ( 24.63322109019554063, -14.38790933958107310, 14.02485111578410404 ) ) ;
#1283 = CARTESIAN_POINT ( 'NONE',  ( 22.73659560633076993, -23.24626916822516165, 0.1364174018088377960 ) ) ;
#1284 = CARTESIAN_POINT ( 'NONE',  ( -1.501933243190212725E-14, 6.930968352140172151, -51.20996399602277194 ) ) ;
#1285 = CARTESIAN_POINT ( 'NONE',  ( 10.45051819610477928, -27.62117307087383722, 6.699809873245183844 ) ) ;
#1286 = ADVANCED_FACE ( 'NONE', ( #2320 ), #4271, .T. ) ;
#1287 = CARTESIAN_POINT ( 'NONE',  ( -27.96797963258029540, 16.95208426690052406, 3.518207289232301527 ) ) ;
#1288 = CARTESIAN_POINT ( 'NONE',  ( 20.56746840220408146, 17.53209732492910788, 14.06077902329820972 ) ) ;
#1289 = CARTESIAN_POINT ( 'NONE',  ( -31.44169249092425389, -10.09233044940087609, -11.39334684800613928 ) ) ;
#1290 = CARTESIAN_POINT ( 'NONE',  ( -27.50862802417850972, 11.75926747628421865, 6.110155786707859527 ) ) ;
#1291 = CARTESIAN_POINT ( 'NONE',  ( -19.93782760873058635, 20.40420224869161459, 13.94698422735398502 ) ) ;
#1292 = ORIENTED_EDGE ( 'NONE', *, *, #2302, .T. ) ;
#1293 = CARTESIAN_POINT ( 'NONE',  ( 11.49999999999999289, 26.99999999999999645, 5.000000000000000000 ) ) ;
#1294 = CARTESIAN_POINT ( 'NONE',  ( 1.747521112286306577, -28.49999999999999645, 5.301187287760716238 ) ) ;
#1295 = DIRECTION ( 'NONE',  ( 1.000000000000000000, 0.000000000000000000, 0.000000000000000000 ) ) ;
#1296 = CARTESIAN_POINT ( 'NONE',  ( -18.49397972850080407, 24.68545964738630261, 7.127147465815729888 ) ) ;
#1297 = CARTESIAN_POINT ( 'NONE',  ( 15.61976376161738855, -23.60722170372752160, -18.70718406785272947 ) ) ;
#1298 = CARTESIAN_POINT ( 'NONE',  ( 21.27183992949168001, 16.67174727780198396, 14.08158576321350708 ) ) ;
#1299 = CARTESIAN_POINT ( 'NONE',  ( 4.697633481114475984, -26.59683275768097843, 8.378422939669906810 ) ) ;
#1300 = CARTESIAN_POINT ( 'NONE',  ( 22.44389932370953034, 21.80852428361892237, 7.058554385063795067 ) ) ;
#1301 = DIRECTION ( 'NONE',  ( 0.000000000000000000, -0.9909795437185320299, 0.1340132229722502677 ) ) ;
#1302 = CARTESIAN_POINT ( 'NONE',  ( 9.521663595928364643, -23.99032481749680912, -18.80027497086061317 ) ) ;
#1303 = ORIENTED_EDGE ( 'NONE', *, *, #3333, .F. ) ;
#1304 = AXIS2_PLACEMENT_3D ( 'NONE', #1687, #3686, #779 ) ;
#1305 = CARTESIAN_POINT ( 'NONE',  ( 31.49999999999999289, -8.500000000000000000, 0.8039144995323153076 ) ) ;
#1306 = CARTESIAN_POINT ( 'NONE',  ( 19.10852616710068830, -22.96088098238902475, 6.119530386121140531 ) ) ;
#1307 = CIRCLE ( 'NONE', #4891, 24.00000000000001066 ) ;
#1308 = CARTESIAN_POINT ( 'NONE',  ( 11.64538487193571825, 27.32425438518757943, 6.974811202864120929 ) ) ;
#1309 = CARTESIAN_POINT ( 'NONE',  ( 27.99265578197730520, 13.94577737840586096, 7.071325113930001294 ) ) ;
#1310 = FACE_OUTER_BOUND ( 'NONE', #4841, .T. ) ;
#1311 = CARTESIAN_POINT ( 'NONE',  ( -21.32862385489302071, 22.74027658394097529, 7.077797254109224667 ) ) ;
#1312 = CARTESIAN_POINT ( 'NONE',  ( -15.71292114616785263, 21.96931499602195004, 9.246838908461443296 ) ) ;
#1313 = VERTEX_POINT ( 'NONE', #1870 ) ;
#1314 = DIRECTION ( 'NONE',  ( -0.8751999276928488225, 0.2739291369592714576, 0.3987328861420648130 ) ) ;
#1315 = CARTESIAN_POINT ( 'NONE',  ( 19.11552432673091317, -21.17565063137825021, 13.86818711466801091 ) ) ;
#1316 = CARTESIAN_POINT ( 'NONE',  ( 23.67698700163981229, -22.48126506996897689, 0.07345191062255072845 ) ) ;
#1317 = CARTESIAN_POINT ( 'NONE',  ( 1.380093600501374482E-14, 16.47046276137763599, -36.71767980970423650 ) ) ;
#1318 = ORIENTED_EDGE ( 'NONE', *, *, #2817, .T. ) ;
#1319 = CARTESIAN_POINT ( 'NONE',  ( -12.16515202375767579, -24.11111041436626579, 12.58576089176440149 ) ) ;
#1320 = EDGE_CURVE ( 'NONE', #2932, #2712, #1205, .T. ) ;
#1321 = CARTESIAN_POINT ( 'NONE',  ( 1.722235129645405705, -28.49999999999999645, 5.296829263796161591 ) ) ;
#1322 = CARTESIAN_POINT ( 'NONE',  ( -29.76561152641453489, 11.56242515760579614, 3.725088113386476607 ) ) ;
#1323 = CARTESIAN_POINT ( 'NONE',  ( 25.38527648233137413, 9.224468767137285141, 9.265745102024707691 ) ) ;
#1324 = CARTESIAN_POINT ( 'NONE',  ( -26.05797828410808492, -7.116085391272410909, 9.178328234440254363 ) ) ;
#1325 = CARTESIAN_POINT ( 'NONE',  ( -7.088438402171942876, -27.61400821055894284, 9.771300426087012880 ) ) ;
#1326 = ORIENTED_EDGE ( 'NONE', *, *, #3163, .F. ) ;
#1327 = CARTESIAN_POINT ( 'NONE',  ( -30.00000000000011724, -9.327942773097946727, 3.866780726379617228 ) ) ;
#1328 = CARTESIAN_POINT ( 'NONE',  ( -8.512987012986993562, -27.19887961142360666, 10.66248444409499996 ) ) ;
#1329 = EDGE_CURVE ( 'NONE', #3408, #2731, #3810, .T. ) ;
#1330 = AXIS2_PLACEMENT_3D ( 'NONE', #278, #4132, #3609 ) ;
#1331 = CARTESIAN_POINT ( 'NONE',  ( 31.49999999999999289, -8.500000000000000000, 0.8039144995323158627 ) ) ;
#1332 = CARTESIAN_POINT ( 'NONE',  ( -29.43389786440693356, -17.37733675321876703, 0.04879860099673100776 ) ) ;
#1333 = CARTESIAN_POINT ( 'NONE',  ( -21.26545985361305213, 16.64764313819613406, 14.07403008493549734 ) ) ;
#1334 = CARTESIAN_POINT ( 'NONE',  ( -27.53276508371094167, -7.403338512087008105, 9.688718564326590510 ) ) ;
#1335 = CARTESIAN_POINT ( 'NONE',  ( 29.41188074011720488, -11.73225788449697404, -13.10639431717707559 ) ) ;
#1336 = CARTESIAN_POINT ( 'NONE',  ( 26.94329940594515449, 2.014719256519182267, 12.22301151736159319 ) ) ;
#1337 = CARTESIAN_POINT ( 'NONE',  ( -6.356833082267062451, 27.83586824274739158, 7.487175553330012612 ) ) ;
#1338 = CIRCLE ( 'NONE', #1113, 22.50000000000000000 ) ;
#1339 = ORIENTED_EDGE ( 'NONE', *, *, #3201, .T. ) ;
#1340 = DIRECTION ( 'NONE',  ( -0.9753238106762902593, -0.2207792207792212413, 0.000000000000000000 ) ) ;
#1341 = CIRCLE ( 'NONE', #5338, 8.500000000000001776 ) ;
#1342 = CYLINDRICAL_SURFACE ( 'NONE', #2756, 9.000000000000000000 ) ;
#1343 = CARTESIAN_POINT ( 'NONE',  ( 15.60054696022672793, -26.56879429585105612, 4.042805621042945496 ) ) ;
#1344 = DIRECTION ( 'NONE',  ( -1.000000000000000000, 0.000000000000000000, 0.000000000000000000 ) ) ;
#1345 = CYLINDRICAL_SURFACE ( 'NONE', #194, 22.49999999999999645 ) ;
#1346 = CARTESIAN_POINT ( 'NONE',  ( -29.99999999999999289, 7.973464254590605371, 0.9462457124888562499 ) ) ;
#1347 = CARTESIAN_POINT ( 'NONE',  ( 10.29309592552063535, 26.25299711024275950, 6.105408687617765118 ) ) ;
#1348 = ORIENTED_EDGE ( 'NONE', *, *, #3163, .T. ) ;
#1349 = CARTESIAN_POINT ( 'NONE',  ( -6.381861662100140435E-16, -17.48265755699532420, -34.23066891957359559 ) ) ;
#1350 = FACE_OUTER_BOUND ( 'NONE', #4538, .T. ) ;
#1351 = CARTESIAN_POINT ( 'NONE',  ( -4.347496136973103281E-15, -27.00000000000000000, 4.999999999999999112 ) ) ;
#1352 = CARTESIAN_POINT ( 'NONE',  ( 13.87977547706227632, -26.85604626211511459, 1.339767383367643339 ) ) ;
#1353 = ORIENTED_EDGE ( 'NONE', *, *, #5517, .T. ) ;
#1354 = CARTESIAN_POINT ( 'NONE',  ( -9.048060235512163985, -25.45965093472158713, 11.30116039583307241 ) ) ;
#1355 = CARTESIAN_POINT ( 'NONE',  ( 3.443738251293982255, -28.43278825898819306, 5.593704495226633711 ) ) ;
#1356 = CARTESIAN_POINT ( 'NONE',  ( -26.90949688310224985, 13.52354909010107953, 6.051060665743436928 ) ) ;
#1357 = CARTESIAN_POINT ( 'NONE',  ( 21.33360431073742802, 16.58787376745299014, 9.288384347164237553 ) ) ;
#1358 = CARTESIAN_POINT ( 'NONE',  ( -28.36870519029237414, -7.602717933432521669, 6.095743625426242041 ) ) ;
#1359 = CARTESIAN_POINT ( 'NONE',  ( -20.27296140909513866, 22.17965896938482828, 6.071351635690160009 ) ) ;
#1360 = VERTEX_POINT ( 'NONE', #2357 ) ;
#1361 = CARTESIAN_POINT ( 'NONE',  ( -26.90946161013236804, -13.52349642178352163, 6.051065660801850044 ) ) ;
#1362 = EDGE_CURVE ( 'NONE', #2195, #5197, #3461, .T. ) ;
#1363 = CARTESIAN_POINT ( 'NONE',  ( 31.49999999999999289, -7.441745900716687068, 1.063682125309192372 ) ) ;
#1364 = CARTESIAN_POINT ( 'NONE',  ( -16.61378075555843381, 21.29170856609885476, 13.65248251085892583 ) ) ;
#1365 = CARTESIAN_POINT ( 'NONE',  ( -29.99999999999999289, -4.938389654906286452, -8.165193732689553840 ) ) ;
#1366 = CARTESIAN_POINT ( 'NONE',  ( 20.29852394054235631, 26.47275538697779140, 0.4382637681826946907 ) ) ;
#1367 = CARTESIAN_POINT ( 'NONE',  ( -9.401036392209830339, -28.49999999999999645, 2.737135302395495629 ) ) ;
#1368 = CARTESIAN_POINT ( 'NONE',  ( 2.357445088358655546E-15, 28.49999999999999645, 4.999999999999999112 ) ) ;
#1369 = CARTESIAN_POINT ( 'NONE',  ( -1.151313379117069985E-14, -21.83402923631390280, -19.69208303711095098 ) ) ;
#1370 = EDGE_LOOP ( 'NONE', ( #3704, #5255, #3819, #3115 ) ) ;
#1371 = CARTESIAN_POINT ( 'NONE',  ( -3.298661665642476759, -28.50000000003061018, 4.935494080180687249 ) ) ;
#1372 = CARTESIAN_POINT ( 'NONE',  ( -1.425093015387749096E-15, -28.49999999999999645, 4.999999999999999112 ) ) ;
#1373 = B_SPLINE_CURVE_WITH_KNOTS ( 'NONE', 3,
 ( #5268, #3328, #893, #396, #2781, #2332 ),
 .UNSPECIFIED., .F., .F.,
 ( 4, 2, 4 ),
 ( 0.000000000000000000, 0.001131040970656206710, 0.002262081941312413420 ),
 .UNSPECIFIED. ) ;
#1374 = CARTESIAN_POINT ( 'NONE',  ( -26.55220511447340570, 4.995950805516784499, 12.72558512209214321 ) ) ;
#1375 = FACE_OUTER_BOUND ( 'NONE', #891, .T. ) ;
#1376 = CARTESIAN_POINT ( 'NONE',  ( 0.9109198154853730411, 20.83401948841608586, -18.39020091610332130 ) ) ;
#1377 = CARTESIAN_POINT ( 'NONE',  ( -29.23413356743814973, -9.376523915587252844, 7.139672917898993276 ) ) ;
#1378 = CARTESIAN_POINT ( 'NONE',  ( -13.94308574886170504, 28.35272962952991804, 1.367314974729852750 ) ) ;
#1379 = ORIENTED_EDGE ( 'NONE', *, *, #3336, .T. ) ;
#1380 = CARTESIAN_POINT ( 'NONE',  ( 16.64407883511762520, -27.87096690970315294, 0.8980564535509709678 ) ) ;
#1381 = CARTESIAN_POINT ( 'NONE',  ( 29.56747110059793826, -7.720319557376405406, 6.989687410596091333 ) ) ;
#1382 = CARTESIAN_POINT ( 'NONE',  ( -9.949894874900747865, 28.49999999999998934, 4.809536695428127118 ) ) ;
#1383 = CARTESIAN_POINT ( 'NONE',  ( 4.305185198733434243E-15, 14.15744336593273545, -41.53359040798587642 ) ) ;
#1384 = B_SPLINE_CURVE_WITH_KNOTS ( 'NONE', 3,
 ( #1617, #2171, #6089, #639 ),
 .UNSPECIFIED., .F., .F.,
 ( 4, 4 ),
 ( 0.000000000000000000, 0.002554490480537669524 ),
 .UNSPECIFIED. ) ;
#1385 = ORIENTED_EDGE ( 'NONE', *, *, #2004, .F. ) ;
#1386 = CARTESIAN_POINT ( 'NONE',  ( -13.18959127411644694, -23.56631602938075076, 12.90217386849388248 ) ) ;
#1387 = CARTESIAN_POINT ( 'NONE',  ( 29.99999999999999289, 7.972240374007380836, 0.9465765509444820092 ) ) ;
#1388 = CARTESIAN_POINT ( 'NONE',  ( -26.10754000275972331, 19.86881107807874258, -0.009927738631934548280 ) ) ;
#1389 = CARTESIAN_POINT ( 'NONE',  ( 22.68056207814847625, 14.66112618696407210, 14.05733066843951207 ) ) ;
#1390 = CARTESIAN_POINT ( 'NONE',  ( -25.53115024566389479, -8.804084326135754424, 13.53118552250245621 ) ) ;
#1391 = ORIENTED_EDGE ( 'NONE', *, *, #3710, .F. ) ;
#1392 = CARTESIAN_POINT ( 'NONE',  ( -28.22382868864039551, -16.43527654368588742, 3.529846132178398488 ) ) ;
#1393 = CARTESIAN_POINT ( 'NONE',  ( 28.50000000000000355, 1.072293681481314653, 12.14142842854284154 ) ) ;
#1394 = CARTESIAN_POINT ( 'NONE',  ( -26.55248397337706479, -21.73554075003629649, -0.003776557923939704957 ) ) ;
#1395 = CARTESIAN_POINT ( 'NONE',  ( -24.88669504554647105, 10.48859612219233739, 13.75935928730794977 ) ) ;
#1396 = CARTESIAN_POINT ( 'NONE',  ( -12.00000000000000711, 0.000000000000000000, -123.3408453358350982 ) ) ;
#1397 = CARTESIAN_POINT ( 'NONE',  ( 28.47569962961256707, -13.71577604944286755, -14.27457943319168265 ) ) ;
#1398 = CARTESIAN_POINT ( 'NONE',  ( 3.357403913515597971, -26.79901326587323496, 7.428211797963533591 ) ) ;
#1399 = CARTESIAN_POINT ( 'NONE',  ( -8.214054145425988551, -26.99999999999169020, 4.584865432356697745 ) ) ;
#1400 = CARTESIAN_POINT ( 'NONE',  ( 5.519424448716075677E-16, -28.49999999999999645, 4.999999999999999112 ) ) ;
#1401 = CARTESIAN_POINT ( 'NONE',  ( 7.101367036770973584, 27.64070305034764630, 9.793707176804471004 ) ) ;
#1402 = B_SPLINE_CURVE_WITH_KNOTS ( 'NONE', 3,
 ( #928, #2242, #811, #1762, #437, #6221, #3367, #4210, #5306, #6287, #3720, #1824, #346, #1316, #1283, #5212, #3783, #2755, #3305, #5754, #6187, #3749, #1352, #5246, #843, #2343 ),
 .UNSPECIFIED., .F., .F.,
 ( 4, 2, 2, 2, 2, 2, 2, 2, 2, 2, 2, 2, 4 ),
 ( 0.000000000000000000, 0.001837863148670046236, 0.003675726297340092472, 0.007351452594680184943, 0.009189315743350226842, 0.01102717889202027221, 0.01470290518936036642, 0.01837863148670046062, 0.02021649463537051813, 0.02205435778404057218, 0.02573008408138068026, 0.02756794723005073083, 0.02940581037872078488 ),
 .UNSPECIFIED. ) ;
#1403 = EDGE_CURVE ( 'NONE', #5056, #3215, #4418, .T. ) ;
#1404 = CARTESIAN_POINT ( 'NONE',  ( 10.51343137216283807, -22.51602556092378649, -17.86699157677000116 ) ) ;
#1405 = DIRECTION ( 'NONE',  ( 1.000000000000000000, 0.000000000000000000, 0.000000000000000000 ) ) ;
#1406 = AXIS2_PLACEMENT_3D ( 'NONE', #1551, #4363, #1967 ) ;
#1407 = CARTESIAN_POINT ( 'NONE',  ( 9.623594212991117468E-16, 26.99999999999999645, 4.999999999999999112 ) ) ;
#1408 = CARTESIAN_POINT ( 'NONE',  ( -17.46572009286161631, 27.65477708155941272, 4.451192766776183696 ) ) ;
#1409 = EDGE_CURVE ( 'NONE', #951, #2229, #244, .T. ) ;
#1410 = AXIS2_PLACEMENT_3D ( 'NONE', #6140, #4227, #1776 ) ;
#1411 = VERTEX_POINT ( 'NONE', #5105 ) ;
#1412 = CARTESIAN_POINT ( 'NONE',  ( -26.60815643916041751, 18.61577009940785032, -16.48829941747978012 ) ) ;
#1413 = CARTESIAN_POINT ( 'NONE',  ( 25.77895184307034171, -12.16918942053214359, 13.86753826793675159 ) ) ;
#1414 = CARTESIAN_POINT ( 'NONE',  ( -10.29364892130914733, 28.49999999999999289, 2.434715872806576531 ) ) ;
#1415 = CARTESIAN_POINT ( 'NONE',  ( 28.32123585219080653, 7.580464906482227150, 6.162648984321473122 ) ) ;
#1416 = CARTESIAN_POINT ( 'NONE',  ( 31.49999999999998579, 8.500000000000000000, 0.8039144995327114351 ) ) ;
#1417 = CARTESIAN_POINT ( 'NONE',  ( -16.03384741801760072, 24.56865472981701259, 6.254762775197547420 ) ) ;
#1418 = CARTESIAN_POINT ( 'NONE',  ( -21.49073190142984657, -21.31969589313419178, 5.953285361976377921 ) ) ;
#1419 = VERTEX_POINT ( 'NONE', #2690 ) ;
#1420 = CARTESIAN_POINT ( 'NONE',  ( 9.797174393178827630E-15, 0.000000000000000000, 80.00000000000000000 ) ) ;
#1421 = CARTESIAN_POINT ( 'NONE',  ( -9.066417541953835979, 25.43821884135564915, 11.26750666372435283 ) ) ;
#1422 = CARTESIAN_POINT ( 'NONE',  ( -28.10218120353174243, -13.73044522087660724, 7.002129113880300793 ) ) ;
#1423 = CARTESIAN_POINT ( 'NONE',  ( 10.12097761014045894, 28.50000000000000000, 2.506479285845480298 ) ) ;
#1424 = VERTEX_POINT ( 'NONE', #2173 ) ;
#1425 = ADVANCED_FACE ( 'NONE', ( #1115 ), #5617, .F. ) ;
#1426 = CARTESIAN_POINT ( 'NONE',  ( -19.18240876020641750, 24.36258434047879007, 7.015919416653424001 ) ) ;
#1427 = ADVANCED_FACE ( 'NONE', ( #3168 ), #3553, .F. ) ;
#1428 = CARTESIAN_POINT ( 'NONE',  ( 29.03802992922034321, 10.72917651945882866, 7.015871842173520001 ) ) ;
#1429 = CARTESIAN_POINT ( 'NONE',  ( -11.49999999999999289, -8.500000000000000000, -11.00000000000000000 ) ) ;
#1430 = AXIS2_PLACEMENT_3D ( 'NONE', #3220, #5628, #2186 ) ;
#1431 = CARTESIAN_POINT ( 'NONE',  ( 7.563680148750067112, 22.38331468918622491, -17.92394481142604334 ) ) ;
#1432 = B_SPLINE_CURVE_WITH_KNOTS ( 'NONE', 3,
 ( #3918, #587, #3493, #58, #86, #4402, #2527, #2465, #2944, #5878 ),
 .UNSPECIFIED., .F., .F.,
 ( 4, 2, 2, 2, 4 ),
 ( -0.005709965517414993669, -0.002759417995745450623, 0.0001911295259240924221, 0.003141677047593634600, 0.006092224569263181982 ),
 .UNSPECIFIED. ) ;
#1433 = ADVANCED_FACE ( 'NONE', ( #3695 ), #5593, .T. ) ;
#1434 = CARTESIAN_POINT ( 'NONE',  ( 16.03870835133913886, -23.56704163425701282, 13.39219789872587718 ) ) ;
#1435 =( BOUNDED_SURFACE ( )  B_SPLINE_SURFACE ( 3, 2, ( 
 ( #835, #4888, #3330 ),
 ( #6178, #3266, #3234 ),
 ( #1782, #896, #4201 ),
 ( #2440, #5237, #6147 ),
 ( #3713, #2783, #3772 ),
 ( #5678, #4781, #1718 ),
 ( #3741, #3676, #5643 ),
 ( #1276, #1243, #3198 ),
 ( #5202, #803, #2748 ),
 ( #5709, #4008, #1565 ),
 ( #4489, #4433, #621 ),
 ( #560, #5527, #4039 ) ),
 .UNSPECIFIED., .F., .F., .F. ) 
 B_SPLINE_SURFACE_WITH_KNOTS ( ( 4, 2, 2, 2, 2, 4 ),
 ( 3, 3 ),
 ( 0.03446464521409491749, 0.03881135795752338469, 0.04098471432923762175, 0.04315807070095185882, 0.04750478344438033296, 0.05185149618780880709 ),
 ( 0.000000000000000000, 0.6985814464164635806 ),
 .UNSPECIFIED. ) 
 GEOMETRIC_REPRESENTATION_ITEM ( )  RATIONAL_B_SPLINE_SURFACE ( (
 ( 1.000000000000000000, 0.9243063917234314308, 0.9543690841555159121),
 ( 1.000000000000000000, 0.9312247323117607278, 0.9585397165821808452),
 ( 1.000000000000000000, 0.9365228872573666541, 0.9617336409829129185),
 ( 1.000000000000000000, 0.9418865422739324256, 0.9649670512569414882),
 ( 1.000000000000000000, 0.9432431589070430222, 0.9657848701035804950),
 ( 1.000000000000000000, 0.9450522283565608861, 0.9668754442971921881),
 ( 1.000000000000000000, 0.9454921402095576299, 0.9671406394860612155),
 ( 1.000000000000000000, 0.9454512673903791020, 0.9671159998339859953),
 ( 1.000000000000000000, 0.9436207790347356239, 0.9660125135289669984),
 ( 1.000000000000000000, 0.9365270508134362348, 0.9617361509290094368),
 ( 1.000000000000000000, 0.9312618220410813219, 0.9585620756473101078),
 ( 1.000000000000000000, 0.9243063917234313198, 0.9543690841555156901) ) ) 
 REPRESENTATION_ITEM ( '' )  SURFACE ( )  );
#1436 = EDGE_CURVE ( 'NONE', #201, #4434, #3973, .T. ) ;
#1437 = EDGE_CURVE ( 'NONE', #2765, #1961, #4956, .T. ) ;
#1438 = ORIENTED_EDGE ( 'NONE', *, *, #5395, .F. ) ;
#1439 = CARTESIAN_POINT ( 'NONE',  ( 25.74122679651429024, -19.33883466033228871, -16.83815479143784088 ) ) ;
#1440 = DIRECTION ( 'NONE',  ( -0.000000000000000000, -0.000000000000000000, 1.000000000000000000 ) ) ;
#1441 = FACE_OUTER_BOUND ( 'NONE', #5624, .T. ) ;
#1442 = ORIENTED_EDGE ( 'NONE', *, *, #1511, .T. ) ;
#1443 = CARTESIAN_POINT ( 'NONE',  ( 26.86068791693500302, -2.810615577871439896, 8.902504295183186755 ) ) ;
#1444 = CARTESIAN_POINT ( 'NONE',  ( -29.22347692798707541, 9.425869708904929922, 7.139060693983170225 ) ) ;
#1445 = CARTESIAN_POINT ( 'NONE',  ( 12.87903646558834581, -25.79590633656979648, 6.099070203440210669 ) ) ;
#1446 = CARTESIAN_POINT ( 'NONE',  ( -24.77989898565218141, -10.78490060621377999, 9.295400208686318777 ) ) ;
#1447 = ORIENTED_EDGE ( 'NONE', *, *, #4779, .T. ) ;
#1448 = CARTESIAN_POINT ( 'NONE',  ( -28.91527321188308264, -14.85878644279839378, 3.573834859638203465 ) ) ;
#1449 = CARTESIAN_POINT ( 'NONE',  ( -31.50000000000000711, -4.900839470418288712, -7.708400986746667627 ) ) ;
#1450 = CARTESIAN_POINT ( 'NONE',  ( 4.549756538593265990E-15, 9.084251941729101887, -44.64148091883873803 ) ) ;
#1451 = CARTESIAN_POINT ( 'NONE',  ( -7.843007003530988897, 26.99999999999999289, 3.149766585665778162 ) ) ;
#1452 = CARTESIAN_POINT ( 'NONE',  ( 31.46902249981479471, -9.791632970549249748, 0.6376073519744889229 ) ) ;
#1453 = ORIENTED_EDGE ( 'NONE', *, *, #5589, .F. ) ;
#1454 = CARTESIAN_POINT ( 'NONE',  ( 22.51534495328725782, 17.51462852231957257, 9.911777752821015142 ) ) ;
#1455 = CARTESIAN_POINT ( 'NONE',  ( -29.99999999999999289, 8.500000000000000000, -10.63331683757133561 ) ) ;
#1456 = CARTESIAN_POINT ( 'NONE',  ( -10.96771670534927701, 26.10077372036757382, 6.244019074966813854 ) ) ;
#1457 = CARTESIAN_POINT ( 'NONE',  ( 29.05416671262506512, -10.20986417264933621, 7.129333836537488089 ) ) ;
#1458 = PLANE ( 'NONE',  #2870 ) ;
#1459 = CARTESIAN_POINT ( 'NONE',  ( -24.77444687036383186, 10.75413865725921703, 9.290651688686191179 ) ) ;
#1460 = ORIENTED_EDGE ( 'NONE', *, *, #2726, .F. ) ;
#1461 = CARTESIAN_POINT ( 'NONE',  ( -10.82061663285442954, -28.49999999999999289, 2.215675808538480229 ) ) ;
#1462 = CARTESIAN_POINT ( 'NONE',  ( 6.727593351774673103, -26.18593469080052927, 9.793695791790016258 ) ) ;
#1463 = ORIENTED_EDGE ( 'NONE', *, *, #469, .F. ) ;
#1464 = CARTESIAN_POINT ( 'NONE',  ( 26.45014805818878401, 5.554814071116760843, 9.032315142131103869 ) ) ;
#1465 = CARTESIAN_POINT ( 'NONE',  ( -27.19987661504233500, -18.30454787208223166, 0.0006718190840625934065 ) ) ;
#1466 = B_SPLINE_CURVE_WITH_KNOTS ( 'NONE', 3,
 ( #4009, #5556, #5045, #2499, #1629, #4074, #1659, #622, #156 ),
 .UNSPECIFIED., .F., .F.,
 ( 4, 2, 1, 2, 4 ),
 ( 2.498001805406602216E-16, 0.003850202133253312516, 0.007700404266506376966, 0.01155060639975943881, 0.01540080853301250066 ),
 .UNSPECIFIED. ) ;
#1467 = CARTESIAN_POINT ( 'NONE',  ( -13.73542119659932936, 26.90628097520448492, 4.230836288271263790 ) ) ;
#1468 = DIRECTION ( 'NONE',  ( -8.497386401370966564E-17, -0.000000000000000000, 1.000000000000000000 ) ) ;
#1469 = VERTEX_POINT ( 'NONE', #293 ) ;
#1470 = CARTESIAN_POINT ( 'NONE',  ( -16.07880326422520767, -26.46316879432843194, 0.9277632023724332599 ) ) ;
#1471 = EDGE_CURVE ( 'NONE', #4829, #4122, #1218, .T. ) ;
#1472 = CARTESIAN_POINT ( 'NONE',  ( 29.99999999999999289, 8.499999999997262634, 0.8039144995327129894 ) ) ;
#1473 = CARTESIAN_POINT ( 'NONE',  ( -4.409892864166054740E-15, 20.45676209442673255, -18.43872343179043938 ) ) ;
#1474 = CARTESIAN_POINT ( 'NONE',  ( -10.51164537771394336, -27.66135359197707189, 6.593242567330126924 ) ) ;
#1475 = CARTESIAN_POINT ( 'NONE',  ( 9.586423664715260529, 28.49999999999999645, 2.688036984738761070 ) ) ;
#1476 = CARTESIAN_POINT ( 'NONE',  ( -25.53420858100469815, -17.28016376470634086, -16.05261135186360733 ) ) ;
#1477 = ORIENTED_EDGE ( 'NONE', *, *, #780, .F. ) ;
#1478 = CARTESIAN_POINT ( 'NONE',  ( -15.93334284806210199, 26.08740519459425400, 6.992622537108712066 ) ) ;
#1479 = CARTESIAN_POINT ( 'NONE',  ( 22.21537964875435023, 22.12252597102099827, 6.994500320680242744 ) ) ;
#1480 = CARTESIAN_POINT ( 'NONE',  ( 28.48307026478380521, -1.149300714244428256, 9.287975352077166846 ) ) ;
#1481 = CARTESIAN_POINT ( 'NONE',  ( 31.49999999999999289, 1.561524067563248908, -6.696787569934422812 ) ) ;
#1482 = ORIENTED_EDGE ( 'NONE', *, *, #1786, .T. ) ;
#1483 = ORIENTED_EDGE ( 'NONE', *, *, #1320, .T. ) ;
#1484 = CARTESIAN_POINT ( 'NONE',  ( 9.039819103606014039, -27.03398624781679160, 10.98672166900421310 ) ) ;
#1485 = CARTESIAN_POINT ( 'NONE',  ( -24.99367420441750554, 10.23545657385798791, 9.285307914435676935 ) ) ;
#1486 = ORIENTED_EDGE ( 'NONE', *, *, #2607, .T. ) ;
#1487 = VECTOR ( 'NONE', #3580, 1000.000000000000000 ) ;
#1488 = CARTESIAN_POINT ( 'NONE',  ( 11.49999999999999289, -8.500000000000000000, -11.00000000000000000 ) ) ;
#1489 = CARTESIAN_POINT ( 'NONE',  ( -11.18732328368855278, -27.44029518450062355, 6.883166574965921214 ) ) ;
#1490 = VERTEX_POINT ( 'NONE', #3108 ) ;
#1491 = CARTESIAN_POINT ( 'NONE',  ( 29.99561404899381145, -8.902816274078357850, -10.99999999999998224 ) ) ;
#1492 = VECTOR ( 'NONE', #1156, 1000.000000000000000 ) ;
#1493 = ADVANCED_FACE ( 'NONE', ( #5083 ), #687, .T. ) ;
#1494 = CARTESIAN_POINT ( 'NONE',  ( -17.39973313300398772, -26.07559084851773079, 0.7249608854518535539 ) ) ;
#1495 = CARTESIAN_POINT ( 'NONE',  ( -14.33796707787911906, 26.78335618120007311, 1.251310186544741132 ) ) ;
#1496 = CARTESIAN_POINT ( 'NONE',  ( 23.65855061955709360, 24.43358788606344589, 0.1356745621881187136 ) ) ;
#1497 = AXIS2_PLACEMENT_3D ( 'NONE', #2833, #5853, #358 ) ;
#1498 = CARTESIAN_POINT ( 'NONE',  ( 29.96262051270729287, 2.545288754842617074, 6.891524386381345124 ) ) ;
#1499 = ORIENTED_EDGE ( 'NONE', *, *, #5092, .T. ) ;
#1500 = CARTESIAN_POINT ( 'NONE',  ( -20.03499230976543899, -24.93602721461091321, 3.710143326574926625 ) ) ;
#1501 = EDGE_CURVE ( 'NONE', #1519, #2731, #105, .T. ) ;
#1502 = CARTESIAN_POINT ( 'NONE',  ( 29.88248815167105477, 10.60394326284416344, 0.5284174222315732861 ) ) ;
#1503 = CARTESIAN_POINT ( 'NONE',  ( 11.49999999999999289, -8.500000000000000000, -11.00000000000000000 ) ) ;
#1504 = CARTESIAN_POINT ( 'NONE',  ( -23.94059330471344182, -15.47563319734907417, 14.05733066844024570 ) ) ;
#1505 = CARTESIAN_POINT ( 'NONE',  ( 10.84380930334262949, 27.52691507625026901, 6.812610360290867639 ) ) ;
#1506 = CARTESIAN_POINT ( 'NONE',  ( -28.84944178350465904, -16.19678861271112424, -15.25382357318316906 ) ) ;
#1507 = ORIENTED_EDGE ( 'NONE', *, *, #2079, .T. ) ;
#1508 = CARTESIAN_POINT ( 'NONE',  ( -1.570798470359745069, 26.99999999999999645, 4.638864252848670766 ) ) ;
#1509 = CARTESIAN_POINT ( 'NONE',  ( -3.083659580367928449E-15, 21.83402923631390280, -19.69208303711095098 ) ) ;
#1510 = CARTESIAN_POINT ( 'NONE',  ( -9.401036392209807246, 18.49999999999999645, 2.737135302395491188 ) ) ;
#1511 = EDGE_CURVE ( 'NONE', #4019, #1424, #3675, .T. ) ;
#1512 = DIRECTION ( 'NONE',  ( -0.2177367560900095589, -0.9618832874057743343, 0.1654425775212065575 ) ) ;
#1513 = CARTESIAN_POINT ( 'NONE',  ( -0.3559797370431030950, 28.49833197328862866, 5.245081628414633101 ) ) ;
#1514 = CIRCLE ( 'NONE', #2350, 8.500000000000000000 ) ;
#1515 = CARTESIAN_POINT ( 'NONE',  ( 29.99999999999999289, 4.938389654906290893, -8.165193732689489892 ) ) ;
#1516 = CARTESIAN_POINT ( 'NONE',  ( 17.56175657757725617, -22.45503536298446789, 13.65626316780787342 ) ) ;
#1517 = CIRCLE ( 'NONE', #826, 22.50000000000000000 ) ;
#1518 = CARTESIAN_POINT ( 'NONE',  ( -25.13122836511773528, 9.888023868827568563, 13.68621312230856191 ) ) ;
#1519 = VERTEX_POINT ( 'NONE', #263 ) ;
#1520 = CARTESIAN_POINT ( 'NONE',  ( -11.16003344532265018, -26.99999999999999645, 2.058820311315239682 ) ) ;
#1521 = CARTESIAN_POINT ( 'NONE',  ( 3.141431759197326645, 28.50000000000000000, 4.277950638296424302 ) ) ;
#1522 = ORIENTED_EDGE ( 'NONE', *, *, #780, .T. ) ;
#1523 = CARTESIAN_POINT ( 'NONE',  ( 26.33374288825982745, 5.961038961038984674, 12.96227999980797563 ) ) ;
#1524 = CIRCLE ( 'NONE', #5136, 9.999999999999998224 ) ;
#1525 = CARTESIAN_POINT ( 'NONE',  ( -26.18975270439440095, -19.81027428039481109, -0.01638732744374588740 ) ) ;
#1526 = CARTESIAN_POINT ( 'NONE',  ( -13.75985431769717948, 26.86377490731516460, 1.367314974729852750 ) ) ;
#1527 = CARTESIAN_POINT ( 'NONE',  ( 27.93796952360180796, -14.56075404013632912, -14.72790674871621697 ) ) ;
#1528 = APPROVAL ( #1784, 'UNSPECIFIED' ) ;
#1529 = CARTESIAN_POINT ( 'NONE',  ( -17.01545846882781277, -24.25896585379070558, 6.070063010800803127 ) ) ;
#1530 = ORIENTED_EDGE ( 'NONE', *, *, #6304, .T. ) ;
#1531 = CARTESIAN_POINT ( 'NONE',  ( -31.48899338439269968, 9.262757130867621314, -10.67430585594149051 ) ) ;
#1532 = CARTESIAN_POINT ( 'NONE',  ( 29.59591094631132080, 12.40246296286120398, 3.681529947862893337 ) ) ;
#1533 = CARTESIAN_POINT ( 'NONE',  ( 6.870844573754573425E-15, 18.34113031264864091, -26.40960565133683247 ) ) ;
#1534 = CARTESIAN_POINT ( 'NONE',  ( -20.01106564421250411, -20.33130031441795893, 13.95305107524829502 ) ) ;
#1535 = CARTESIAN_POINT ( 'NONE',  ( 11.83467439551117195, 27.27085202505141481, 6.994495215592832160 ) ) ;
#1536 = DIRECTION ( 'NONE',  ( 1.000000000000000000, 0.000000000000000000, 0.000000000000000000 ) ) ;
#1537 = ORIENTED_EDGE ( 'NONE', *, *, #546, .F. ) ;
#1538 = CARTESIAN_POINT ( 'NONE',  ( -28.07315892592086470, -9.165287205239710744, 6.211889697023172729 ) ) ;
#1539 = CARTESIAN_POINT ( 'NONE',  ( -19.95570362721213797, -20.38605484568393678, 13.94837850967641124 ) ) ;
#1540 = CARTESIAN_POINT ( 'NONE',  ( -1.358904392088903013, 27.00000000000000000, 5.987541940222050663 ) ) ;
#1541 = CARTESIAN_POINT ( 'NONE',  ( -11.56451819401917902, 27.45880399351860035, 6.733675054642510815 ) ) ;
#1542 = CARTESIAN_POINT ( 'NONE',  ( 25.78932695731293023, 12.19545095683288061, 13.87794295557012525 ) ) ;
#1543 = CARTESIAN_POINT ( 'NONE',  ( 29.74251410277824448, -6.502530978279287943, 6.911706938324502225 ) ) ;
#1544 = CARTESIAN_POINT ( 'NONE',  ( -11.49999999999999289, 19.49999999999999645, -11.00000000000000000 ) ) ;
#1545 = CARTESIAN_POINT ( 'NONE',  ( 8.662920445208898812, 27.93719125344364684, 6.445838671088853111 ) ) ;
#1546 = CARTESIAN_POINT ( 'NONE',  ( -25.48273964711800232, 16.58833278175324111, 5.920046890710590759 ) ) ;
#1547 = EDGE_CURVE ( 'NONE', #5385, #3401, #2201, .T. ) ;
#1548 = ORIENTED_EDGE ( 'NONE', *, *, #2726, .T. ) ;
#1549 = CARTESIAN_POINT ( 'NONE',  ( -12.78974334262389867, 28.46889195119739213, 1.596597372111964397 ) ) ;
#1550 = CARTESIAN_POINT ( 'NONE',  ( 22.97209495162145387, 19.21753418598397900, -16.88556903597942593 ) ) ;
#1551 = CARTESIAN_POINT ( 'NONE',  ( -11.49999999999999289, 8.500000000000000000, -11.00000000000000000 ) ) ;
#1552 = CARTESIAN_POINT ( 'NONE',  ( 16.53589976914549808, 25.66458354344381831, 7.147606876579532198 ) ) ;
#1553 = ORIENTED_EDGE ( 'NONE', *, *, #1231, .F. ) ;
#1554 = CARTESIAN_POINT ( 'NONE',  ( 26.19001352268473326, 6.595984007244092062, 9.081548668124762358 ) ) ;
#1555 = CARTESIAN_POINT ( 'NONE',  ( 23.31676964337702174, -19.37160254901395362, 5.985015916417942172 ) ) ;
#1556 = DIRECTION ( 'NONE',  ( 1.110223024625156540E-16, 0.000000000000000000, -1.000000000000000000 ) ) ;
#1557 = CARTESIAN_POINT ( 'NONE',  ( 11.34755381521414996, -26.13992757959034918, 6.050944264869526634 ) ) ;
#1558 = CARTESIAN_POINT ( 'NONE',  ( 12.79006376499076936, 28.46887652483102826, 1.596527440622741878 ) ) ;
#1559 = CARTESIAN_POINT ( 'NONE',  ( 31.49999999999999289, -7.344412678281767803, 4.417127727489019051 ) ) ;
#1560 = CARTESIAN_POINT ( 'NONE',  ( -14.09513919550820127, -25.27876148040829563, 6.339056920277656992 ) ) ;
#1561 = CARTESIAN_POINT ( 'NONE',  ( 27.83329462930214504, 10.40798947405399666, 6.162426225120189116 ) ) ;
#1562 = CARTESIAN_POINT ( 'NONE',  ( 1.524103290452764522E-14, 3.246917026940435047, -49.19770107166210948 ) ) ;
#1563 = CARTESIAN_POINT ( 'NONE',  ( 58.50000000000000000, 0.000000000000000000, -123.3408453358350698 ) ) ;
#1564 = CARTESIAN_POINT ( 'NONE',  ( 9.949894874900760300, 28.50000000000000000, 4.809536695428129782 ) ) ;
#1565 = CARTESIAN_POINT ( 'NONE',  ( -29.84284363604994539, -5.223372281352542501, 6.892720771685452164 ) ) ;
#1566 = ORIENTED_EDGE ( 'NONE', *, *, #1608, .F. ) ;
#1567 = DIRECTION ( 'NONE',  ( 0.000000000000000000, 1.000000000000000000, 0.000000000000000000 ) ) ;
#1568 = CARTESIAN_POINT ( 'NONE',  ( -26.71913619516475791, -4.009805006159851359, 12.51617552471340389 ) ) ;
#1569 = CARTESIAN_POINT ( 'NONE',  ( -10.51348651151031888, -22.51602327600102882, -17.86699256417874437 ) ) ;
#1570 = CARTESIAN_POINT ( 'NONE',  ( 15.93228228100763211, 26.08751815634675353, 6.992122563094181231 ) ) ;
#1571 = FACE_OUTER_BOUND ( 'NONE', #1983, .T. ) ;
#1572 = CARTESIAN_POINT ( 'NONE',  ( 31.16934509979657975, -11.49973895541403124, -12.43839309181429265 ) ) ;
#1573 = CARTESIAN_POINT ( 'NONE',  ( -31.49999999999999289, -6.900808533012643409, 1.136834755483637327 ) ) ;
#1574 = ORIENTED_EDGE ( 'NONE', *, *, #3014, .F. ) ;
#1575 = CARTESIAN_POINT ( 'NONE',  ( -29.99999999999999289, 7.440143151204337002, 1.063898863031058850 ) ) ;
#1576 = EDGE_CURVE ( 'NONE', #4365, #2353, #4484, .T. ) ;
#1577 = CARTESIAN_POINT ( 'NONE',  ( -23.26087934269767743, 13.75533717539522804, 9.294445504589976537 ) ) ;
#1578 = CARTESIAN_POINT ( 'NONE',  ( 23.91791710525852110, 15.51082235273437249, 14.05832823751670269 ) ) ;
#1579 = CARTESIAN_POINT ( 'NONE',  ( 29.99999999999999645, -3.850630039644949765, -7.692963659851074887 ) ) ;
#1580 = ADVANCED_FACE ( 'NONE', ( #6198 ), #4463, .T. ) ;
#1581 = VERTEX_POINT ( 'NONE', #356 ) ;
#1582 = CARTESIAN_POINT ( 'NONE',  ( -36.00000000000000711, 0.000000000000000000, -123.3408453358350982 ) ) ;
#1583 = CARTESIAN_POINT ( 'NONE',  ( 24.42389304907296932, -18.10940586356213799, 5.915460531646258069 ) ) ;
#1584 = CARTESIAN_POINT ( 'NONE',  ( -24.74534362115024777, 17.97804384064025029, -16.36649002711618195 ) ) ;
#1585 = CARTESIAN_POINT ( 'NONE',  ( -12.88674437058930877, -25.79400149343308613, 6.098977800395062765 ) ) ;
#1586 = CARTESIAN_POINT ( 'NONE',  ( -19.52773395049915095, -25.19102329698909770, 3.741163261606540669 ) ) ;
#1587 = CARTESIAN_POINT ( 'NONE',  ( 19.52773395050084915, 25.19102329698911191, 3.741163261607773460 ) ) ;
#1588 = AXIS2_PLACEMENT_3D ( 'NONE', #3432, #585, #3030 ) ;
#1589 = CARTESIAN_POINT ( 'NONE',  ( 6.277935958842120634, -26.99999999999999645, 3.532944872338260378 ) ) ;
#1590 = CARTESIAN_POINT ( 'NONE',  ( 25.98309085064744650, -22.30915085727658820, 0.01870742265515966049 ) ) ;
#1591 = CARTESIAN_POINT ( 'NONE',  ( -29.99561404899397843, -8.902816274070117331, -10.99999999999240430 ) ) ;
#1592 = VERTEX_POINT ( 'NONE', #2287 ) ;
#1593 = CARTESIAN_POINT ( 'NONE',  ( 11.49999999999999289, -8.500000000000000000, 5.000000000000000000 ) ) ;
#1594 = CARTESIAN_POINT ( 'NONE',  ( -21.66848106663581319, -18.55527600692604651, 14.05923810570965671 ) ) ;
#1595 = CARTESIAN_POINT ( 'NONE',  ( -27.02818195897981113, 16.03058589803215739, 6.986641077799188082 ) ) ;
#1596 = CARTESIAN_POINT ( 'NONE',  ( 11.03391852261680484, 27.56925809415755069, 6.671908452831821990 ) ) ;
#1597 = CARTESIAN_POINT ( 'NONE',  ( -23.65855061955709715, -24.43358788606344234, 0.1356745621881226826 ) ) ;
#1598 = CARTESIAN_POINT ( 'NONE',  ( 29.97081005189082958, -2.619458113061104321, 6.863080904145968830 ) ) ;
#1599 = CARTESIAN_POINT ( 'NONE',  ( -29.16691868542969246, 15.71011223531707302, -14.98484675140221611 ) ) ;
#1600 = EDGE_LOOP ( 'NONE', ( #1236, #4445, #740, #502, #6076, #4916, #4639, #5441, #5506 ) ) ;
#1601 = CARTESIAN_POINT ( 'NONE',  ( -23.67698700163980163, 22.48126506996897689, 0.07345191062254831371 ) ) ;
#1602 = VERTEX_POINT ( 'NONE', #4251 ) ;
#1603 = CARTESIAN_POINT ( 'NONE',  ( -11.13534516572111954, -26.99999999999967315, 4.524833635896397865 ) ) ;
#1604 = EDGE_CURVE ( 'NONE', #3335, #4365, #1085, .T. ) ;
#1605 = CARTESIAN_POINT ( 'NONE',  ( -28.78067988792107101, -18.59076843252791988, 0.01113139006626722230 ) ) ;
#1606 = CARTESIAN_POINT ( 'NONE',  ( 22.03668677386037800, 19.75516721391724317, -17.09493679166729052 ) ) ;
#1607 = FACE_OUTER_BOUND ( 'NONE', #5112, .T. ) ;
#1608 = EDGE_CURVE ( 'NONE', #2372, #5127, #461, .T. ) ;
#1609 = CARTESIAN_POINT ( 'NONE',  ( 31.49999999999999289, -8.500000000000012434, -10.02838013942478490 ) ) ;
#1610 = EDGE_CURVE ( 'NONE', #5564, #3696, #4026, .T. ) ;
#1611 = VERTEX_POINT ( 'NONE', #2436 ) ;
#1612 = CIRCLE ( 'NONE', #5236, 10.00000000000000000 ) ;
#1613 = ADVANCED_FACE ( 'NONE', ( #965 ), #5116, .T. ) ;
#1614 = CARTESIAN_POINT ( 'NONE',  ( -8.064935064935044196, 25.76735963187499223, 10.66248444409493246 ) ) ;
#1615 = CARTESIAN_POINT ( 'NONE',  ( -28.72499999999998366, -1.267133138419340055, 6.083427520652541887 ) ) ;
#1616 = CARTESIAN_POINT ( 'NONE',  ( 21.69178997465195025, -16.08779801089745831, 14.07792724689388031 ) ) ;
#1617 = CARTESIAN_POINT ( 'NONE',  ( -29.05416671262504025, 10.20986417264933444, 7.129333836537393054 ) ) ;
#1618 = CARTESIAN_POINT ( 'NONE',  ( -22.02324989263631139, 19.73827371452548718, -17.08553997910747313 ) ) ;
#1619 = CIRCLE ( 'NONE', #614, 24.00000000000001066 ) ;
#1620 = CARTESIAN_POINT ( 'NONE',  ( 11.49999999999999289, 19.49999999999999645, -11.00000000000000178 ) ) ;
#1621 = CARTESIAN_POINT ( 'NONE',  ( 10.11973469029516970, -28.49999999999999645, 2.502963237583345268 ) ) ;
#1622 = CARTESIAN_POINT ( 'NONE',  ( 11.49999999999999289, 8.500000000000000000, 5.000000000000000000 ) ) ;
#1623 =( BOUNDED_SURFACE ( )  B_SPLINE_SURFACE ( 3, 2, ( 
 ( #5910, #1564, #559 ),
 ( #1505, #61, #1475 ),
 ( #3921, #4405, #3034 ),
 ( #1535, #5881, #3465 ),
 ( #4488, #3530, #4522 ),
 ( #3947, #4978, #2497 ),
 ( #3003, #2918, #968 ),
 ( #3889, #5493, #4887 ) ),
 .UNSPECIFIED., .F., .F., .F. ) 
 B_SPLINE_SURFACE_WITH_KNOTS ( ( 4, 2, 2, 4 ),
 ( 3, 3 ),
 ( 8.673617379884035472E-18, 0.0005637656028399888998, 0.001127531205679969126, 0.002255062411359929578 ),
 ( 0.000000000000000000, 1.000000000000000000 ),
 .UNSPECIFIED. ) 
 GEOMETRIC_REPRESENTATION_ITEM ( )  RATIONAL_B_SPLINE_SURFACE ( (
 ( 1.000000000000000000, 0.9777825185304204192, 1.000000000000000000),
 ( 1.000000000000000000, 0.9753694589242425383, 1.000000000000000000),
 ( 1.000000000000000000, 0.9731492780376883589, 1.000000000000000000),
 ( 1.000000000000000000, 0.9687865398912166581, 1.000000000000000000),
 ( 1.000000000000000000, 0.9666517755196264439, 1.000000000000000000),
 ( 1.000000000000000000, 0.9602710953473914124, 1.000000000000000000),
 ( 1.000000000000000000, 0.9560532404045057886, 1.000000000000000000),
 ( 1.000000000000000000, 0.9517961898714968338, 1.000000000000000000) ) ) 
 REPRESENTATION_ITEM ( '' )  SURFACE ( )  );
#1624 = CIRCLE ( 'NONE', #4501, 10.00000000000000000 ) ;
#1625 = CARTESIAN_POINT ( 'NONE',  ( 15.38730515699194790, 24.82858165047638010, 6.283130028216477925 ) ) ;
#1626 = CARTESIAN_POINT ( 'NONE',  ( -24.99707368674287267, -17.17844622878080330, 5.979486864330861629 ) ) ;
#1627 = CARTESIAN_POINT ( 'NONE',  ( -29.99999999999999289, -4.610959820980885304, 1.446498065855009285 ) ) ;
#1628 = CARTESIAN_POINT ( 'NONE',  ( -8.662364447823733826, 27.93728954470862291, 6.445759678354249012 ) ) ;
#1629 = CARTESIAN_POINT ( 'NONE',  ( 30.03818961451662517, 2.584737979205443580E-13, 6.855303675454106127 ) ) ;
#1630 = ORIENTED_EDGE ( 'NONE', *, *, #2769, .F. ) ;
#1631 = CARTESIAN_POINT ( 'NONE',  ( 25.24593089068574869, 16.79147511389802361, 5.982959188864953148 ) ) ;
#1632 = CARTESIAN_POINT ( 'NONE',  ( -26.99893047759034204, -1.156124722130051241, 8.850987543881167596 ) ) ;
#1633 = CARTESIAN_POINT ( 'NONE',  ( 10.12333701031449351, 26.99999999999999645, 2.501600465321040190 ) ) ;
#1634 = CARTESIAN_POINT ( 'NONE',  ( -11.49999999999998224, 36.74234614174768154, 10.66248444409500706 ) ) ;
#1635 = CARTESIAN_POINT ( 'NONE',  ( -24.43636344538589356, 19.73248936430492861, 7.034667019682831146 ) ) ;
#1636 = CARTESIAN_POINT ( 'NONE',  ( 24.99684213652267317, -17.17880869567891722, 5.979483472168578118 ) ) ;
#1637 = CARTESIAN_POINT ( 'NONE',  ( 20.15244654130318835, 23.61786574844957798, 7.099021454634708128 ) ) ;
#1638 = DIRECTION ( 'NONE',  ( 0.000000000000000000, 0.000000000000000000, -1.000000000000000000 ) ) ;
#1639 = VERTEX_POINT ( 'NONE', #4918 ) ;
#1640 = CARTESIAN_POINT ( 'NONE',  ( 10.29309592552063535, 26.25299711024275950, 6.105408687617765118 ) ) ;
#1641 = ORIENTED_EDGE ( 'NONE', *, *, #2262, .T. ) ;
#1642 = DIRECTION ( 'NONE',  ( 1.000000000000000000, 0.000000000000000000, 0.000000000000000000 ) ) ;
#1643 = CARTESIAN_POINT ( 'NONE',  ( -21.32986047381380601, -22.73929121407498855, 7.077775177997868816 ) ) ;
#1644 = CARTESIAN_POINT ( 'NONE',  ( 29.17269131831839246, 12.42091236999917925, -13.54978218451873673 ) ) ;
#1645 = PLANE ( 'NONE',  #4055 ) ;
#1646 = CARTESIAN_POINT ( 'NONE',  ( 11.49999999999974598, 28.49999999999999645, 1.893709856737647801 ) ) ;
#1647 = EDGE_LOOP ( 'NONE', ( #2980, #5280, #1537, #3011, #6161 ) ) ;
#1648 = CARTESIAN_POINT ( 'NONE',  ( 15.24379445383727116, 22.29809425962664093, 9.225960557303123366 ) ) ;
#1649 = CARTESIAN_POINT ( 'NONE',  ( 36.00000000000000711, 0.000000000000000000, -204.9999999999999147 ) ) ;
#1650 = CARTESIAN_POINT ( 'NONE',  ( 9.625485835065477502, -26.83212589819916261, 11.29643042078259185 ) ) ;
#1651 = CARTESIAN_POINT ( 'NONE',  ( -25.55539661679611640, 17.29529325393638928, -16.06492589892588896 ) ) ;
#1652 = CARTESIAN_POINT ( 'NONE',  ( -30.00000000000199663, 1.221440939219628374, 4.026088177829274528 ) ) ;
#1653 = DATE_AND_TIME ( #4234, #160 ) ;
#1654 = CARTESIAN_POINT ( 'NONE',  ( -11.41599063675804437, -25.99679082615519476, 6.312524377650894358 ) ) ;
#1655 = CARTESIAN_POINT ( 'NONE',  ( 27.96618212237810397, 16.95548895027874181, 3.518140995474553279 ) ) ;
#1656 = CARTESIAN_POINT ( 'NONE',  ( -27.83336098878709564, 10.40764567504275817, 6.162439909430220908 ) ) ;
#1657 = CARTESIAN_POINT ( 'NONE',  ( 24.54208375825225730, -23.72216552239714105, 0.08013221867421939371 ) ) ;
#1658 = FACE_OUTER_BOUND ( 'NONE', #697, .T. ) ;
#1659 = CARTESIAN_POINT ( 'NONE',  ( 29.80579293653179107, 5.133602844337679549, 6.956086652876683374 ) ) ;
#1660 = ORIENTED_EDGE ( 'NONE', *, *, #3864, .T. ) ;
#1661 = CARTESIAN_POINT ( 'NONE',  ( 11.49999999999999289, -19.49999999999999645, -11.00000000000000178 ) ) ;
#1662 = CARTESIAN_POINT ( 'NONE',  ( -10.45051819610490718, 27.62117307087386209, 6.699809873245230918 ) ) ;
#1663 =( BOUNDED_SURFACE ( )  B_SPLINE_SURFACE ( 3, 2, ( 
 ( #6276, #1189, #1124 ),
 ( #2113, #5016, #4078 ),
 ( #4559, #6031, #4495 ),
 ( #3593, #4528, #3073 ),
 ( #5049, #2150, #1540 ),
 ( #4984, #5114, #191 ) ),
 .UNSPECIFIED., .F., .F., .F. ) 
 B_SPLINE_SURFACE_WITH_KNOTS ( ( 4, 2, 4 ),
 ( 3, 3 ),
 ( 0.03550884554978883667, 0.04202798609131316865, 0.04854712663283750756 ),
 ( 0.3082586754213044178, 1.000000000000000000 ),
 .UNSPECIFIED. ) 
 GEOMETRIC_REPRESENTATION_ITEM ( )  RATIONAL_B_SPLINE_SURFACE ( (
 ( 0.9766067942701541771, 0.9620558842376880637, 1.000000000000000000),
 ( 0.9844686364904802200, 0.9748079052628564334, 1.000000000000000000),
 ( 0.9902866615969140307, 0.9842448255676656821, 1.000000000000000000),
 ( 0.9980482329474326120, 0.9968342058015076113, 1.000000000000000000),
 ( 0.9999950968401452034, 0.9999920470042762410, 1.000000000000000000),
 ( 1.000000000000000000, 1.000000000000000000, 1.000000000000000000) ) ) 
 REPRESENTATION_ITEM ( '' )  SURFACE ( )  );
#1664 = EDGE_CURVE ( 'NONE', #1270, #1955, #1432, .T. ) ;
#1665 = CARTESIAN_POINT ( 'NONE',  ( -24.56690956535758019, 14.49698845593665908, 9.909785654413138190 ) ) ;
#1666 = B_SPLINE_CURVE_WITH_KNOTS ( 'NONE', 3,
 ( #2686, #2341, #5209, #5784, #3272, #2819, #1349, #2790, #6219, #5276, #5648, #1724, #1249, #4652, #4303, #3204, #4787, #6252, #4755, #808, #373, #5174, #2308, #1857, #280, #777, #2240, #4689, #2276, #310, #1759, #4208 ),
 .UNSPECIFIED., .F., .F.,
 ( 4, 2, 2, 2, 2, 2, 2, 2, 2, 2, 2, 2, 2, 2, 2, 4 ),
 ( 0.01974034827331798067, 0.03038706317455274267, 0.03304874189986143490, 0.03571042062517012367, 0.04103377807578748732, 0.04635713552640485097, 0.04901881425171353279, 0.05168049297702220768, 0.05434217170233089644, 0.05567301106498522001, 0.05700385042763955745, 0.05833468979029388102, 0.05966552915294821846, 0.06099636851560255590, 0.06166178819692973156, 0.06232720787825689335 ),
 .UNSPECIFIED. ) ;
#1667 = CARTESIAN_POINT ( 'NONE',  ( 9.403468212209256549, 26.92016758384787778, 8.516445188029514668 ) ) ;
#1668 = CARTESIAN_POINT ( 'NONE',  ( -29.99999999999998579, 3.102753241678508633, -7.438854171796960735 ) ) ;
#1669 = B_SPLINE_CURVE_WITH_KNOTS ( 'NONE', 3,
 ( #4145, #5625, #3138, #1224, #1699, #4732, #681, #1631, #4076, #3656, #2626, #2662, #4592, #3179, #225, #5153, #753, #2700, #4218, #290 ),
 .UNSPECIFIED., .F., .F.,
 ( 4, 2, 2, 2, 2, 2, 2, 2, 2, 4 ),
 ( 0.000000000000000000, 0.002776316240751745823, 0.005552632481503491646, 0.006940790601879364558, 0.008328948722255237469, 0.01110526496300698329, 0.01388158120375872912, 0.01665789744451047494, 0.01943421368526222076, 0.02221052992601396658 ),
 .UNSPECIFIED. ) ;
#1670 = EDGE_LOOP ( 'NONE', ( #165, #5286, #3602, #5303, #3736 ) ) ;
#1671 = CARTESIAN_POINT ( 'NONE',  ( 19.07574260417903034, 25.38853709395867142, 0.5055576651644608788 ) ) ;
#1672 = CARTESIAN_POINT ( 'NONE',  ( 1.570637145525423772, -28.50000000000000000, 4.638901415428722252 ) ) ;
#1673 = CARTESIAN_POINT ( 'NONE',  ( -6.983424986305296400, 28.14326681070924963, 6.179062974878105408 ) ) ;
#1674 = CARTESIAN_POINT ( 'NONE',  ( 21.84758018964471304, 25.62785387775887358, 0.2852210807013837446 ) ) ;
#1675 = ORIENTED_EDGE ( 'NONE', *, *, #2375, .T. ) ;
#1676 = ORIENTED_EDGE ( 'NONE', *, *, #107, .T. ) ;
#1677 = CARTESIAN_POINT ( 'NONE',  ( -12.26982695515981447, -26.99999999999739941, 4.420950963759153751 ) ) ;
#1678 = CARTESIAN_POINT ( 'NONE',  ( -27.69228579883456831, -20.25797935519698711, -0.01094763371837012035 ) ) ;
#1679 = CARTESIAN_POINT ( 'NONE',  ( 21.70159822441044639, -21.01704131014129473, 6.021711405835501019 ) ) ;
#1680 = CARTESIAN_POINT ( 'NONE',  ( 19.95570362721212021, 20.38605484568393322, 13.94837850967640414 ) ) ;
#1681 = CARTESIAN_POINT ( 'NONE',  ( 10.40088671139349863, -27.00000000000031619, 4.537879091156431066 ) ) ;
#1682 = CARTESIAN_POINT ( 'NONE',  ( 29.99999999999999289, -7.978328701261741429, 0.9449307769857250294 ) ) ;
#1683 = CARTESIAN_POINT ( 'NONE',  ( -31.23108647847021402, 11.87462703439770095, 4.296105196367696166 ) ) ;
#1684 = CARTESIAN_POINT ( 'NONE',  ( 13.31331090030613318, 23.51847179767425899, 12.95068438810191580 ) ) ;
#1685 = DIRECTION ( 'NONE',  ( -0.9666727220510439311, 5.864594280954755322E-15, -0.2560153285301983717 ) ) ;
#1686 = CARTESIAN_POINT ( 'NONE',  ( 25.59419734650065337, -8.682675386677292551, 9.255311213060664954 ) ) ;
#1687 = CARTESIAN_POINT ( 'NONE',  ( 11.49999999999987566, 18.49999999999999645, 1.893709856737655794 ) ) ;
#1688 = CARTESIAN_POINT ( 'NONE',  ( -29.99999999999999289, 4.615797270586211809, 1.407900385462963921 ) ) ;
#1689 = ADVANCED_FACE ( 'NONE', ( #1925 ), #3598, .F. ) ;
#1690 = CARTESIAN_POINT ( 'NONE',  ( 29.99999999999998579, -2.432443576014019282, 4.017386618086169925 ) ) ;
#1691 = EDGE_CURVE ( 'NONE', #764, #100, #4085, .T. ) ;
#1692 = B_SPLINE_CURVE_WITH_KNOTS ( 'NONE', 3,
 ( #306, #3774, #1309, #4782, #5299, #4233, #400, #6179, #836, #3807, #2368, #1783, #4298, #6148, #4261, #3714, #3838, #6247, #2784, #1852 ),
 .UNSPECIFIED., .F., .F.,
 ( 4, 2, 2, 2, 2, 2, 2, 2, 2, 4 ),
 ( 0.000000000000000000, 0.005794500563595480352, 0.007243125704494358247, 0.008691750845393236141, 0.01158900112719098673, 0.01448625140898873558, 0.01593487654988761867, 0.01738350169078650004, 0.02028075197258425583, 0.02317800225438201508 ),
 .UNSPECIFIED. ) ;
#1693 = CARTESIAN_POINT ( 'NONE',  ( 19.45308655980746337, 25.21451086102259609, 0.4600026425370667971 ) ) ;
#1694 = CARTESIAN_POINT ( 'NONE',  ( -13.66821526289450794, -25.40057177991624116, 6.358119300770622928 ) ) ;
#1695 = AXIS2_PLACEMENT_3D ( 'NONE', #1105, #207, #3054 ) ;
#1696 = CARTESIAN_POINT ( 'NONE',  ( 15.63120099222225079, -26.05078649259789003, 7.151082884840646692 ) ) ;
#1697 = CARTESIAN_POINT ( 'NONE',  ( -9.949894874900735431, 28.50000000000000000, 4.809536695428103137 ) ) ;
#1698 = ORIENTED_EDGE ( 'NONE', *, *, #2248, .T. ) ;
#1699 = CARTESIAN_POINT ( 'NONE',  ( 26.56206496527144623, 14.35393333933741822, 6.027284378109587060 ) ) ;
#1700 = EDGE_CURVE ( 'NONE', #4434, #4874, #5199, .T. ) ;
#1701 = CARTESIAN_POINT ( 'NONE',  ( -22.89688941769181696, 16.98156456705328310, 14.07792724689460684 ) ) ;
#1702 = AXIS2_PLACEMENT_3D ( 'NONE', #5914, #2566, #3533 ) ;
#1703 = CARTESIAN_POINT ( 'NONE',  ( 19.67996940685481988, 24.04181021604335911, 7.013619459068862305 ) ) ;
#1704 = DIRECTION ( 'NONE',  ( 1.000000000000000000, 0.000000000000000000, 0.000000000000000000 ) ) ;
#1705 = CARTESIAN_POINT ( 'NONE',  ( 14.47854190650032535, 26.76856050412968102, 1.221806701260047090 ) ) ;
#1706 = CARTESIAN_POINT ( 'NONE',  ( 12.69040091422007954, -23.96337100050838842, -18.81532917784776870 ) ) ;
#1707 = CARTESIAN_POINT ( 'NONE',  ( 11.64458529098364004, 24.36653273070902159, 12.40661472565605727 ) ) ;
#1708 = DIRECTION ( 'NONE',  ( -0.2177367560900099475, 0.9618832874057741122, -0.1654425775212066962 ) ) ;
#1709 = ORIENTED_EDGE ( 'NONE', *, *, #1610, .T. ) ;
#1710 = CARTESIAN_POINT ( 'NONE',  ( 28.69352816529621464, 18.73657191831818025, 4.116950023117123436 ) ) ;
#1711 = DIRECTION ( 'NONE',  ( 0.000000000000000000, -0.1340132229722502677, -0.9909795437185321410 ) ) ;
#1712 = ORIENTED_EDGE ( 'NONE', *, *, #1786, .F. ) ;
#1713 = ORIENTED_EDGE ( 'NONE', *, *, #3799, .F. ) ;
#1714 = CARTESIAN_POINT ( 'NONE',  ( -11.16190459522652567, -26.99999999999999645, 2.057911558891621695 ) ) ;
#1715 = ADVANCED_FACE ( 'NONE', ( #1796 ), #4311, .T. ) ;
#1716 = CARTESIAN_POINT ( 'NONE',  ( -21.85049728641385158, -25.63694975680438759, 4.239230835340146442 ) ) ;
#1717 = CARTESIAN_POINT ( 'NONE',  ( 24.46716870304090108, -17.94152683912390245, 5.976301160903473075 ) ) ;
#1718 = CARTESIAN_POINT ( 'NONE',  ( -30.00555504475591562, 1.291990881864870877, 6.853786065311588516 ) ) ;
#1719 = FACE_OUTER_BOUND ( 'NONE', #3961, .T. ) ;
#1720 = ADVANCED_FACE ( 'NONE', ( #5282 ), #2525, .F. ) ;
#1721 = CARTESIAN_POINT ( 'NONE',  ( 30.00000000000000355, -5.973117700649622108, -8.730927683151907814 ) ) ;
#1722 = CARTESIAN_POINT ( 'NONE',  ( -29.29318633726834165, 17.65724370737623872, 4.130700663251329452 ) ) ;
#1723 = CARTESIAN_POINT ( 'NONE',  ( 16.24364374254337662, 21.57526511795441593, 13.59126482466256469 ) ) ;
#1724 = CARTESIAN_POINT ( 'NONE',  ( 3.076060171704923169E-16, -11.84011747798357739, -45.41308023897579460 ) ) ;
#1725 = CARTESIAN_POINT ( 'NONE',  ( 16.02316353157258888, -23.58106229118118691, 9.758232939237799997 ) ) ;
#1726 = CARTESIAN_POINT ( 'NONE',  ( -7.842998944633925440, -28.50000000000000000, 3.149768719998454536 ) ) ;
#1727 = DIRECTION ( 'NONE',  ( 1.224646799147353454E-16, 0.000000000000000000, 1.000000000000000000 ) ) ;
#1728 = CARTESIAN_POINT ( 'NONE',  ( 9.764370029796458184, -28.49999999999999645, 2.630045352944919479 ) ) ;
#1729 = CIRCLE ( 'NONE', #3275, 8.500000000000001776 ) ;
#1730 = CARTESIAN_POINT ( 'NONE',  ( -31.49999999999999289, 7.441745900716687956, 1.063682125309190374 ) ) ;
#1731 = CIRCLE ( 'NONE', #4092, 9.000000000000000000 ) ;
#1732 = CARTESIAN_POINT ( 'NONE',  ( 28.22382868864097816, 16.43527654368588742, 3.529846132180282758 ) ) ;
#1733 = CARTESIAN_POINT ( 'NONE',  ( -25.71707980757811285, -15.99869001452410089, 5.993580210487611026 ) ) ;
#1734 = CARTESIAN_POINT ( 'NONE',  ( 14.87552185918194425, -28.25475536960762923, 4.626738065921522036 ) ) ;
#1735 = CARTESIAN_POINT ( 'NONE',  ( -31.02352970094256790, -12.00061133527821688, -12.77671279384903258 ) ) ;
#1736 = VERTEX_POINT ( 'NONE', #5310 ) ;
#1737 = CARTESIAN_POINT ( 'NONE',  ( 11.49999999999999289, 19.49999999999999645, -11.00000000000000178 ) ) ;
#1738 = AXIS2_PLACEMENT_3D ( 'NONE', #1649, #3999, #3643 ) ;
#1739 = CARTESIAN_POINT ( 'NONE',  ( 13.66821526289449196, 25.40057177991624116, 6.358119300771033267 ) ) ;
#1740 = CARTESIAN_POINT ( 'NONE',  ( 10.09552080198331048, -25.04762193507542989, 11.77900814062857648 ) ) ;
#1741 = CARTESIAN_POINT ( 'NONE',  ( 27.19987661504232790, 18.30454787208223877, 0.0006718190840680522561 ) ) ;
#1742 = LINE ( 'NONE', #4222, #2831 ) ;
#1743 = CARTESIAN_POINT ( 'NONE',  ( -30.03818961451662872, -3.179994502586050066E-13, 6.855303675454104351 ) ) ;
#1744 = CARTESIAN_POINT ( 'NONE',  ( -37.54996671103717176, -8.500000000000010658, 12.96227999980796497 ) ) ;
#1745 = ORIENTED_EDGE ( 'NONE', *, *, #116, .F. ) ;
#1746 = CARTESIAN_POINT ( 'NONE',  ( 24.80908738821454662, 23.48397758212336583, 4.143024845157285974 ) ) ;
#1747 = CARTESIAN_POINT ( 'NONE',  ( 10.51932031899639419, -27.66649790425176647, 6.579930570205577034 ) ) ;
#1748 = ORIENTED_EDGE ( 'NONE', *, *, #3943, .F. ) ;
#1749 = ORIENTED_EDGE ( 'NONE', *, *, #495, .F. ) ;
#1750 = CARTESIAN_POINT ( 'NONE',  ( 31.49999999999999289, -6.900808533011558055, 1.136834755483775883 ) ) ;
#1751 = CARTESIAN_POINT ( 'NONE',  ( -16.45005758294716003, -27.91964193981435471, 0.9277632023712283349 ) ) ;
#1752 = CARTESIAN_POINT ( 'NONE',  ( 22.60550193523734563, -23.34616993199029622, 0.1461425362583286813 ) ) ;
#1753 = DIRECTION ( 'NONE',  ( 0.000000000000000000, 0.000000000000000000, -1.000000000000000000 ) ) ;
#1754 = DIRECTION ( 'NONE',  ( -0.4368693711346129938, 0.000000000000000000, 0.8995249593893699380 ) ) ;
#1755 = CARTESIAN_POINT ( 'NONE',  ( -1.059488722789209048E-14, -9.090413247539062880, -44.63450666575280934 ) ) ;
#1756 = CARTESIAN_POINT ( 'NONE',  ( -29.70799608053334850, 16.80141420410419428, 0.07231234483240081556 ) ) ;
#1757 = EDGE_CURVE ( 'NONE', #6319, #4122, #2794, .T. ) ;
#1758 = CARTESIAN_POINT ( 'NONE',  ( -13.88479525248445512, 23.19093241837907726, 9.142072527730682907 ) ) ;
#1759 = CARTESIAN_POINT ( 'NONE',  ( 1.261748182464095838E-14, -0.2269450046327482484, -54.18169523464091952 ) ) ;
#1760 = CARTESIAN_POINT ( 'NONE',  ( 16.51093495679923606, -23.24157676822455443, 9.789138305405192142 ) ) ;
#1761 = CARTESIAN_POINT ( 'NONE',  ( -1.489648491514964310E-15, -27.00000000000000000, 4.999999999999999112 ) ) ;
#1762 = CARTESIAN_POINT ( 'NONE',  ( 29.85038176929143106, -10.92569056230171221, 0.4899388509688799576 ) ) ;
#1763 = CARTESIAN_POINT ( 'NONE',  ( -13.66821526289450794, -25.40057177991624116, 6.358119300770622928 ) ) ;
#1764 = CARTESIAN_POINT ( 'NONE',  ( 6.607056352965621215, -28.50000000000558487, 4.871293815466863464 ) ) ;
#1765 = CARTESIAN_POINT ( 'NONE',  ( -21.06980682454696208, 24.34429017222381120, 0.2853878929728992375 ) ) ;
#1766 = CARTESIAN_POINT ( 'NONE',  ( 22.63506201438709553, 14.73031603873413964, 9.290630274006481670 ) ) ;
#1767 = CARTESIAN_POINT ( 'NONE',  ( 19.03800485948866594, 22.78488640590708414, -18.38786877410371190 ) ) ;
#1768 = ORIENTED_EDGE ( 'NONE', *, *, #3248, .F. ) ;
#1769 = CARTESIAN_POINT ( 'NONE',  ( -31.49999999999243272, -8.794066356389652839, 4.439341022923574798 ) ) ;
#1770 = CARTESIAN_POINT ( 'NONE',  ( -26.14740412377660306, 17.36388851362488239, 7.036723202917150921 ) ) ;
#1771 = CARTESIAN_POINT ( 'NONE',  ( 22.37357349978584509, -20.38831429812195140, 6.002705250206786580 ) ) ;
#1772 = CARTESIAN_POINT ( 'NONE',  ( -29.80579293653183726, 5.133602844337049831, 6.956086652876653176 ) ) ;
#1773 = CARTESIAN_POINT ( 'NONE',  ( -28.81249112380751853, 18.53549619759779077, 0.01252366122417857344 ) ) ;
#1774 = CARTESIAN_POINT ( 'NONE',  ( -1.425092989693752466E-15, -28.49999999999999645, 4.999999999999999112 ) ) ;
#1775 = ORIENTED_EDGE ( 'NONE', *, *, #5249, .T. ) ;
#1776 = DIRECTION ( 'NONE',  ( 1.000000000000000000, 0.000000000000000000, 0.000000000000000000 ) ) ;
#1777 = ORIENTED_EDGE ( 'NONE', *, *, #929, .T. ) ;
#1778 = CARTESIAN_POINT ( 'NONE',  ( -1.646684428710590842, -28.50000000000558842, 4.967826738725938718 ) ) ;
#1779 = CARTESIAN_POINT ( 'NONE',  ( -15.85769173267200394, -25.95838970870417128, 7.150642913486692009 ) ) ;
#1780 = B_SPLINE_CURVE_WITH_KNOTS ( 'NONE', 3,
 ( #4655, #6090, #4169, #3061, #3646, #1112, #3092, #640, #2101, #5651, #4065, #3128, #4102, #5616, #1216, #1651, #1584, #1143, #2584, #1618, #6018, #5579, #4692, #3167, #5549, #1251, #5520, #1178, #214, #2135 ),
 .UNSPECIFIED., .F., .F.,
 ( 4, 2, 2, 2, 2, 2, 2, 2, 2, 2, 2, 2, 2, 2, 4 ),
 ( 0.000000000000000000, 0.001650069532079683800, 0.003300139064159367600, 0.004125173830199207331, 0.004950208596239046195, 0.006600278128318716117, 0.008250347660398385172, 0.009900417192478054226, 0.01320055625663738713, 0.01485062578871705966, 0.01650069532079672871, 0.01815076485287639776, 0.01980083438495606682, 0.02310097344911540840, 0.02640111251327474651 ),
 .UNSPECIFIED. ) ;
#1781 = CARTESIAN_POINT ( 'NONE',  ( 21.51197741092178362, -24.07553838929338141, 3.629522261468831612 ) ) ;
#1782 = CARTESIAN_POINT ( 'NONE',  ( -28.20339590284014264, 4.236221330432483612, 12.51638904967208532 ) ) ;
#1783 = CARTESIAN_POINT ( 'NONE',  ( 21.30723205595976211, 22.75746818370451763, 7.078176791756710884 ) ) ;
#1784 = APPROVAL_STATUS ( 'not_yet_approved' ) ;
#1785 = PLANE ( 'NONE',  #3445 ) ;
#1786 = EDGE_CURVE ( 'NONE', #1469, #5221, #610, .T. ) ;
#1787 = CARTESIAN_POINT ( 'NONE',  ( 3.994386259514839787E-16, 28.49999999999999645, 4.999999999999999112 ) ) ;
#1788 = ORIENTED_EDGE ( 'NONE', *, *, #4174, .F. ) ;
#1789 = CARTESIAN_POINT ( 'NONE',  ( 14.72752346860570860, -28.24859662809686967, 1.220472342392996623 ) ) ;
#1790 = CARTESIAN_POINT ( 'NONE',  ( 28.71406683862991116, -11.90332685437081395, 7.013625548603654281 ) ) ;
#1791 = CARTESIAN_POINT ( 'NONE',  ( -11.18025758778002654, 27.44208672962532347, 6.881718155996260577 ) ) ;
#1792 = EDGE_CURVE ( 'NONE', #1592, #2837, #827, .T. ) ;
#1793 = CARTESIAN_POINT ( 'NONE',  ( -8.360958474268202493E-15, 11.86771814609777564, -45.37095620743999547 ) ) ;
#1794 = ORIENTED_EDGE ( 'NONE', *, *, #5841, .T. ) ;
#1795 = CARTESIAN_POINT ( 'NONE',  ( -10.08798809597417367, -25.07049325079799829, 11.79926837188521915 ) ) ;
#1796 = FACE_OUTER_BOUND ( 'NONE', #4964, .T. ) ;
#1797 = CARTESIAN_POINT ( 'NONE',  ( -26.46916214568884484, 19.38565948212831813, 3.490624001663934717 ) ) ;
#1798 = CARTESIAN_POINT ( 'NONE',  ( 18.09600039643613201, 20.07380907845046281, 13.86685210002439028 ) ) ;
#1799 = CARTESIAN_POINT ( 'NONE',  ( 31.46756814691552862, 9.638517588043319151, -10.99999999999159428 ) ) ;
#1800 = ORIENTED_EDGE ( 'NONE', *, *, #2166, .F. ) ;
#1801 = CARTESIAN_POINT ( 'NONE',  ( -26.47786436392232901, -19.37613090355673862, -0.01094763371755559656 ) ) ;
#1802 = CARTESIAN_POINT ( 'NONE',  ( -29.38252124977565316, -8.599133236391546475, 7.121374745824069485 ) ) ;
#1803 = CARTESIAN_POINT ( 'NONE',  ( 7.660846889250293223, 25.95166692290166210, 7.783254569607267470 ) ) ;
#1804 = CARTESIAN_POINT ( 'NONE',  ( 29.99999999999999645, 9.107682633113590498, 0.7151217739976639676 ) ) ;
#1805 = CARTESIAN_POINT ( 'NONE',  ( -27.79672860427428205, -6.292207792207761052, 12.96227999980795076 ) ) ;
#1806 = CARTESIAN_POINT ( 'NONE',  ( -27.00000000000000000, 3.029124838993126064E-15, 12.14142842854283799 ) ) ;
#1807 = CARTESIAN_POINT ( 'NONE',  ( -9.406720762172678718, 26.91914956707683260, 8.508606617254637072 ) ) ;
#1808 = FACE_OUTER_BOUND ( 'NONE', #3384, .T. ) ;
#1809 = ORIENTED_EDGE ( 'NONE', *, *, #3419, .T. ) ;
#1810 = CARTESIAN_POINT ( 'NONE',  ( -14.02353164352408577, -28.39209397958458680, 4.692550064888500572 ) ) ;
#1811 = CARTESIAN_POINT ( 'NONE',  ( -9.401036392209830339, -18.49999999999999645, 2.737135302395495629 ) ) ;
#1812 = CC_DESIGN_PERSON_AND_ORGANIZATION_ASSIGNMENT ( #5522, #3583, ( #1995 ) ) ;
#1813 = VECTOR ( 'NONE', #5047, 1000.000000000000000 ) ;
#1814 = DIRECTION ( 'NONE',  ( 0.000000000000000000, 0.000000000000000000, 1.000000000000000000 ) ) ;
#1815 = DIRECTION ( 'NONE',  ( -1.000000000000000000, 0.000000000000000000, 0.000000000000000000 ) ) ;
#1816 = SHAPE_DEFINITION_REPRESENTATION ( #2881, #874 ) ;
#1817 = CARTESIAN_POINT ( 'NONE',  ( -11.49999999999999112, 28.49999999999999645, 1.893709856737191943 ) ) ;
#1818 = ADVANCED_FACE ( 'NONE', ( #3453 ), #580, .F. ) ;
#1819 = CARTESIAN_POINT ( 'NONE',  ( -18.50821265098261748, 24.67758929149180247, 7.126940508592411128 ) ) ;
#1820 = CARTESIAN_POINT ( 'NONE',  ( -18.10944409900912433, 20.06114270341025474, 13.86818711466946397 ) ) ;
#1821 = ORIENTED_EDGE ( 'NONE', *, *, #2907, .F. ) ;
#1822 = CARTESIAN_POINT ( 'NONE',  ( 31.49999999999998579, -9.157154059586455119, 0.7150947610665681076 ) ) ;
#1823 = CARTESIAN_POINT ( 'NONE',  ( 21.37673428457995684, -18.85890178830547015, 9.909415611225606213 ) ) ;
#1824 = CARTESIAN_POINT ( 'NONE',  ( 26.18778959211059032, -19.81298460227096569, -0.01639395328043346742 ) ) ;
#1825 = ADVANCED_FACE ( 'NONE', ( #19 ), #4397, .F. ) ;
#1826 = CARTESIAN_POINT ( 'NONE',  ( -21.27183992949168712, -16.67174727780197685, 14.08158576321349464 ) ) ;
#1827 = CARTESIAN_POINT ( 'NONE',  ( -11.64538487193560279, 27.32425438518762206, 6.974811202864111159 ) ) ;
#1828 = B_SPLINE_CURVE_WITH_KNOTS ( 'NONE', 3,
 ( #2289, #1451, #821, #1872, #4253, #5735 ),
 .UNSPECIFIED., .F., .F.,
 ( 4, 2, 4 ),
 ( 0.000000000000000000, 0.004834835992683967146, 0.009669671985367934292 ),
 .UNSPECIFIED. ) ;
#1829 = CARTESIAN_POINT ( 'NONE',  ( -28.07326548001884348, 16.74377367614901146, 0.04741685608873714292 ) ) ;
#1830 = AXIS2_PLACEMENT_3D ( 'NONE', #5697, #2770, #6268 ) ;
#1831 = CARTESIAN_POINT ( 'NONE',  ( 26.05135866044468429, 15.53213456551186411, 5.934380262892031688 ) ) ;
#1832 = CARTESIAN_POINT ( 'NONE',  ( -19.10827870344861878, -19.10929026679674081, 9.296302880045180572 ) ) ;
#1833 = CARTESIAN_POINT ( 'NONE',  ( -22.37357349978584509, 20.38831429812194784, 6.002705250206788357 ) ) ;
#1834 = ORIENTED_EDGE ( 'NONE', *, *, #2769, .T. ) ;
#1835 = CIRCLE ( 'NONE', #2955, 8.500000000000001776 ) ;
#1836 = CARTESIAN_POINT ( 'NONE',  ( -30.47681003008278111, -14.95107607272811023, 0.1662979709502131198 ) ) ;
#1837 = B_SPLINE_CURVE_WITH_KNOTS ( 'NONE', 3,
 ( #4704, #359, #4223, #6201, #6166, #1335, #3288, #2805, #4772, #2326, #1397, #1527, #5453, #4912, #613, #5486, #2361, #3487, #4001, #4452, #3353, #1050, #2995, #1873, #1974, #4944, #5900, #5930, #4970, #3456 ),
 .UNSPECIFIED., .F., .F.,
 ( 4, 2, 2, 2, 2, 2, 2, 2, 2, 2, 2, 2, 2, 2, 4 ),
 ( 0.000000000000000000, 0.001650069532079659297, 0.003300139064159318594, 0.004125173830199149218, 0.004950208596238981143, 0.006600278128318647596, 0.008250347660398314048, 0.009900417192477984837, 0.01320055625663733856, 0.01485062578871702149, 0.01650069532079670442, 0.01815076485287638736, 0.01980083438495607029, 0.02310097344911544309, 0.02640111251327481937 ),
 .UNSPECIFIED. ) ;
#1838 = ORIENTED_EDGE ( 'NONE', *, *, #5207, .T. ) ;
#1839 = CARTESIAN_POINT ( 'NONE',  ( -7.842998944633932545, -26.99999999999999645, 3.149768719998454536 ) ) ;
#1840 = CARTESIAN_POINT ( 'NONE',  ( -27.50363442649535983, -7.496098297308985359, 13.22418173540375008 ) ) ;
#1841 = CARTESIAN_POINT ( 'NONE',  ( -10.45051819610490540, -27.62117307087383367, 6.699809873245221148 ) ) ;
#1842 = CARTESIAN_POINT ( 'NONE',  ( 0.000000000000000000, -26.99999999999999645, 5.000000000000000000 ) ) ;
#1843 = CARTESIAN_POINT ( 'NONE',  ( -3.024067328237506000E-15, -28.49999999999999645, 4.999999999999999112 ) ) ;
#1844 = CIRCLE ( 'NONE', #5535, 19.99999999999999289 ) ;
#1845 = ORIENTED_EDGE ( 'NONE', *, *, #193, .F. ) ;
#1846 = CARTESIAN_POINT ( 'NONE',  ( 2.198475215908385810E-15, 21.45905233644742438, -21.43087253441247952 ) ) ;
#1847 = CARTESIAN_POINT ( 'NONE',  ( -29.99999999999998934, -8.671178768606999654, 3.915331161923503611 ) ) ;
#1848 =( BOUNDED_SURFACE ( )  B_SPLINE_SURFACE ( 3, 2, ( 
 ( #55, #1559, #4516 ),
 ( #4002, #5392, #3524 ),
 ( #4914, #5004, #990 ),
 ( #2462, #5488, #4972 ),
 ( #3029, #3457, #4426 ),
 ( #1975, #5454, #3939 ),
 ( #4453, #5901, #1498 ),
 ( #5991, #3967, #5365 ),
 ( #5422, #2008, #1021 ),
 ( #2965, #4032, #583 ) ),
 .UNSPECIFIED., .F., .F., .F. ) 
 B_SPLINE_SURFACE_WITH_KNOTS ( ( 4, 2, 2, 2, 4 ),
 ( 3, 3 ),
 ( 0.004259907912295675912, 0.007711331434321100006, 0.01116275495634652323, 0.01461417847837194646, 0.01806560200039736969 ),
 ( 0.000000000000000000, 1.000000000000000000 ),
 .UNSPECIFIED. ) 
 GEOMETRIC_REPRESENTATION_ITEM ( )  RATIONAL_B_SPLINE_SURFACE ( (
 ( 1.000000000000000000, 0.9493414389859626823, 1.000000000000000000),
 ( 1.000000000000000000, 0.9536830385795387333, 1.000000000000000000),
 ( 1.000000000000000000, 0.9567405681512650695, 1.000000000000000000),
 ( 1.000000000000000000, 0.9607811184645089764, 1.000000000000000000),
 ( 1.000000000000000000, 0.9617646614223657187, 1.000000000000000000),
 ( 1.000000000000000000, 0.9617737137851148921, 1.000000000000000000),
 ( 1.000000000000000000, 0.9607991969576509250, 1.000000000000000000),
 ( 1.000000000000000000, 0.9567637398234015711, 1.000000000000000000),
 ( 1.000000000000000000, 0.9537024603496250252, 1.000000000000000000),
 ( 1.000000000000000000, 0.9493414389859584634, 1.000000000000000000) ) ) 
 REPRESENTATION_ITEM ( '' )  SURFACE ( )  );
#1849 = CIRCLE ( 'NONE', #117, 18.49999999999999645 ) ;
#1850 = CARTESIAN_POINT ( 'NONE',  ( 16.03384741801694702, -24.56865472981770182, 6.254762775197087343 ) ) ;
#1851 = CYLINDRICAL_SURFACE ( 'NONE', #332, 19.99999999999999645 ) ;
#1852 = CARTESIAN_POINT ( 'NONE',  ( 14.05084148575820358, 26.61831974107792220, 7.145956261482421468 ) ) ;
#1853 = PERSON_AND_ORGANIZATION_ROLE ( 'design_supplier' ) ;
#1854 = DIRECTION ( 'NONE',  ( 0.9753238106762902593, -0.2207792207792206862, 0.000000000000000000 ) ) ;
#1855 = CYLINDRICAL_SURFACE ( 'NONE', #5130, 19.99999999999999289 ) ;
#1856 = ORIENTED_EDGE ( 'NONE', *, *, #5039, .T. ) ;
#1857 = CARTESIAN_POINT ( 'NONE',  ( 2.762172485080834914E-14, -3.503862347342088235, -53.43247063299335053 ) ) ;
#1858 = CARTESIAN_POINT ( 'NONE',  ( 25.50575767971944785, -12.73168112599616286, 13.91358314720104161 ) ) ;
#1859 = CARTESIAN_POINT ( 'NONE',  ( -36.00000000000000711, 0.000000000000000000, -123.3408453358350982 ) ) ;
#1860 = CARTESIAN_POINT ( 'NONE',  ( -10.24359538939395442, 28.50000000000195755, 4.855062833523818178 ) ) ;
#1861 = CARTESIAN_POINT ( 'NONE',  ( 4.761939499504347174E-15, 5.866385284855336835, -52.05783530238262102 ) ) ;
#1862 = ORIENTED_EDGE ( 'NONE', *, *, #860, .T. ) ;
#1863 = CARTESIAN_POINT ( 'NONE',  ( 9.401036392209826786, 26.99999999999999645, 2.737135302395494296 ) ) ;
#1864 = DIRECTION ( 'NONE',  ( -1.000000000000000000, 8.439195288535819736E-16, 0.000000000000000000 ) ) ;
#1865 = CARTESIAN_POINT ( 'NONE',  ( -27.41120450040780554, 17.95687441515275751, 3.501085700998380901 ) ) ;
#1866 = CARTESIAN_POINT ( 'NONE',  ( 23.23396695320522554, 13.76674372898178156, 9.293295362238040980 ) ) ;
#1867 = CARTESIAN_POINT ( 'NONE',  ( -27.93099910540891528, -10.45430999257425064, 6.041059062838411542 ) ) ;
#1868 = VERTEX_POINT ( 'NONE', #3485 ) ;
#1869 = CARTESIAN_POINT ( 'NONE',  ( -29.99999999999999289, -8.499999999997255529, 0.8039144995327155430 ) ) ;
#1870 = CARTESIAN_POINT ( 'NONE',  ( -9.401036392209755732, 26.99999999999999645, 2.737135302395517389 ) ) ;
#1871 = CARTESIAN_POINT ( 'NONE',  ( -11.49999999999999289, 8.500000000000000000, -11.00000000000000000 ) ) ;
#1872 = CARTESIAN_POINT ( 'NONE',  ( -3.141455665092664606, 26.99999999999999645, 4.277945079069682244 ) ) ;
#1873 = CARTESIAN_POINT ( 'NONE',  ( 19.03374425297333161, -21.06454852047574278, -17.55866871637728011 ) ) ;
#1874 = DIRECTION ( 'NONE',  ( -1.000000000000000000, 0.000000000000000000, 0.000000000000000000 ) ) ;
#1875 = ADVANCED_FACE ( 'NONE', ( #1945 ), #1225, .T. ) ;
#1876 = CARTESIAN_POINT ( 'NONE',  ( -29.99999999999998934, -9.327942773098630624, 3.866780726379572375 ) ) ;
#1877 = CARTESIAN_POINT ( 'NONE',  ( 9.406720754717040833, 26.91914956941037929, 8.508606635222543346 ) ) ;
#1878 = CARTESIAN_POINT ( 'NONE',  ( 15.17145709815250854, -24.90979859260076168, 6.292532170607131548 ) ) ;
#1879 = AXIS2_PLACEMENT_3D ( 'NONE', #2741, #361, #3703 ) ;
#1880 = DIRECTION ( 'NONE',  ( -8.497386401370966564E-17, -0.000000000000000000, 1.000000000000000000 ) ) ;
#1881 = PERSON_AND_ORGANIZATION ( #1993, #2984 ) ;
#1882 = LINE ( 'NONE', #5781, #1912 ) ;
#1883 = CARTESIAN_POINT ( 'NONE',  ( -21.84573710761864618, 25.62896234834986942, 0.2853878929728992375 ) ) ;
#1884 =( BOUNDED_SURFACE ( )  B_SPLINE_SURFACE ( 3, 2, ( 
 ( #3935, #984, #4907 ),
 ( #3912, #3422, #5927 ),
 ( #3997, #5450, #4421 ),
 ( #2516, #3452, #4941 ),
 ( #49, #76, #3962 ),
 ( #4478, #5957, #3518 ),
 ( #3866, #3773, #399 ),
 ( #5779, #897, #4811 ),
 ( #4959, #1097, #4535 ),
 ( #5057, #2505, #37 ),
 ( #1959, #566, #5702 ),
 ( #3260, #1710, #5565 ),
 ( #5086, #3667, #1234 ),
 ( #1164, #5162, #2740 ),
 ( #2191, #3225, #5632 ),
 ( #3112, #693, #3732 ),
 ( #824, #5229, #795 ),
 ( #4192, #1746, #5670 ),
 ( #4674, #4601, #1300 ),
 ( #1674, #4566, #199 ),
 ( #2120, #3599, #2227 ),
 ( #4083, #6037, #1637 ),
 ( #3189, #2634, #762 ),
 ( #298, #4120, #1199 ),
 ( #3629, #3150, #729 ),
 ( #2672, #5955, #1552 ),
 ( #4364, #3875, #2456 ),
 ( #956, #486, #15 ),
 ( #2429, #4392, #1941 ),
 ( #3910, #5868, #5388 ),
 ( #981, #2931, #4905 ),
 ( #1646, #1076, #2128 ) ),
 .UNSPECIFIED., .F., .F., .F. ) 
 B_SPLINE_SURFACE_WITH_KNOTS ( ( 4, 2, 2, 2, 2, 2, 2, 2, 2, 2, 2, 2, 2, 2, 2, 4 ),
 ( 3, 3 ),
 ( 0.004952069022302369068, 0.005950389881812505333, 0.006449550311567573899, 0.006948710741322642465, 0.008945352460342916728, 0.009943673319853053860, 0.01094199417936319099, 0.01194031503887332812, 0.01293863589838346526, 0.01493527761740373952, 0.01593359847691387665, 0.01693191933642401378, 0.01892856105544428805, 0.01942772148519935488, 0.01992688191495442518, 0.02092520277446456231 ),
 ( 0.000000000000000000, 1.000000000000000000 ),
 .UNSPECIFIED. ) 
 GEOMETRIC_REPRESENTATION_ITEM ( )  RATIONAL_B_SPLINE_SURFACE ( (
 ( 1.000000000000000000, 0.9368608944935520322, 1.000000000000000000),
 ( 1.000000000000000000, 0.9355751214208979372, 1.000000000000000000),
 ( 1.000000000000000000, 0.9343889616034646295, 1.000000000000000000),
 ( 1.000000000000000000, 0.9327559237479705612, 1.000000000000000000),
 ( 1.000000000000000000, 0.9322358836262394366, 1.000000000000000000),
 ( 1.000000000000000000, 0.9312551299239686386, 1.000000000000000000),
 ( 1.000000000000000000, 0.9307927439965362204, 1.000000000000000000),
 ( 1.000000000000000000, 0.9286141613788825300, 1.000000000000000000),
 ( 1.000000000000000000, 0.9272925748643470190, 1.000000000000000000),
 ( 1.000000000000000000, 0.9258791832377368802, 1.000000000000000000),
 ( 1.000000000000000000, 0.9255048434601927942, 1.000000000000000000),
 ( 1.000000000000000000, 0.9249602359234049276, 1.000000000000000000),
 ( 1.000000000000000000, 0.9247864084119888917, 1.000000000000000000),
 ( 1.000000000000000000, 0.9246277931783745130, 1.000000000000000000),
 ( 1.000000000000000000, 0.9246430146513325843, 1.000000000000000000),
 ( 1.000000000000000000, 0.9248651760882754536, 1.000000000000000000),
 ( 1.000000000000000000, 0.9250731643856083819, 1.000000000000000000),
 ( 1.000000000000000000, 0.9259981250922449947, 1.000000000000000000),
 ( 1.000000000000000000, 0.9269937574822375570, 1.000000000000000000),
 ( 1.000000000000000000, 0.9290947231369161008, 1.000000000000000000),
 ( 1.000000000000000000, 0.9298974807321099822, 1.000000000000000000),
 ( 1.000000000000000000, 0.9317285560064355598, 1.000000000000000000),
 ( 1.000000000000000000, 0.9327458289332639652, 1.000000000000000000),
 ( 1.000000000000000000, 0.9360898329149414110, 1.000000000000000000),
 ( 1.000000000000000000, 0.9387205203337892767, 1.000000000000000000),
 ( 1.000000000000000000, 0.9425383774253091040, 1.000000000000000000),
 ( 1.000000000000000000, 0.9433302234149244514, 1.000000000000000000),
 ( 1.000000000000000000, 0.9449463102323730768, 1.000000000000000000),
 ( 1.000000000000000000, 0.9457721339832028118, 1.000000000000000000),
 ( 1.000000000000000000, 0.9482940703060794840, 1.000000000000000000),
 ( 1.000000000000000000, 0.9500360199382354986, 1.000000000000000000),
 ( 1.000000000000000000, 0.9517961898714960567, 1.000000000000000000) ) ) 
 REPRESENTATION_ITEM ( '' )  SURFACE ( )  );
#1885 = CARTESIAN_POINT ( 'NONE',  ( -16.74048753920349952, 21.19213132238483155, 13.67252696048551286 ) ) ;
#1886 = VERTEX_POINT ( 'NONE', #1018 ) ;
#1887 = CARTESIAN_POINT ( 'NONE',  ( 29.16691868542967825, -15.71011223531715650, -14.98484675140220013 ) ) ;
#1888 = CARTESIAN_POINT ( 'NONE',  ( 20.15584177756683459, -20.18574032707751087, 9.902386406929217344 ) ) ;
#1889 = CARTESIAN_POINT ( 'NONE',  ( 28.55982657154445192, 5.059313897483590949, 6.123701848251277724 ) ) ;
#1890 = ORIENTED_EDGE ( 'NONE', *, *, #5978, .F. ) ;
#1891 = CARTESIAN_POINT ( 'NONE',  ( 10.81734303674504538, -27.00000000000000000, 2.217152134492490045 ) ) ;
#1892 = CARTESIAN_POINT ( 'NONE',  ( 13.73562204718679958, 26.90625876212256173, 4.230813109247684167 ) ) ;
#1893 = CARTESIAN_POINT ( 'NONE',  ( -17.10055051934400083, 24.10482792235596960, 6.207596545583990988 ) ) ;
#1894 = CARTESIAN_POINT ( 'NONE',  ( -23.23396695320368366, -13.76674372898368937, 9.293295362236099422 ) ) ;
#1895 = ORIENTED_EDGE ( 'NONE', *, *, #5867, .T. ) ;
#1896 = CARTESIAN_POINT ( 'NONE',  ( -24.98857417850350870, -17.19117640510351919, 5.979401959537939071 ) ) ;
#1897 = EDGE_CURVE ( 'NONE', #3996, #319, #4873, .T. ) ;
#1898 = CARTESIAN_POINT ( 'NONE',  ( 5.390210720658676458, 26.49128362261807013, 8.869201222230355341 ) ) ;
#1899 = CARTESIAN_POINT ( 'NONE',  ( -13.17173240670663859, 23.59840632048550546, 12.91123016375025756 ) ) ;
#1900 = CARTESIAN_POINT ( 'NONE',  ( -28.53763782094615920, -12.53987837466421595, 7.011696108339415368 ) ) ;
#1901 = CARTESIAN_POINT ( 'NONE',  ( 27.00000000000000000, -3.128875846627433094E-16, 12.14142842854284687 ) ) ;
#1902 = EDGE_CURVE ( 'NONE', #2080, #513, #2029, .T. ) ;
#1903 = CARTESIAN_POINT ( 'NONE',  ( -9.401036392209830339, -26.99999999999999645, 2.737135302395498293 ) ) ;
#1904 = VERTEX_POINT ( 'NONE', #108 ) ;
#1905 = CARTESIAN_POINT ( 'NONE',  ( -17.56611756120047829, 25.28896183822650912, 7.012534745567682748 ) ) ;
#1906 = CARTESIAN_POINT ( 'NONE',  ( -8.809932402396167817, -27.93338777746811274, 6.397361834526197555 ) ) ;
#1907 = LINE ( 'NONE', #2301, #709 ) ;
#1908 = CARTESIAN_POINT ( 'NONE',  ( -29.99999999999999289, 8.500000000000000000, 0.8039144995323185272 ) ) ;
#1909 = AXIS2_PLACEMENT_3D ( 'NONE', #6211, #2749, #1815 ) ;
#1910 = VERTEX_POINT ( 'NONE', #4969 ) ;
#1911 = CARTESIAN_POINT ( 'NONE',  ( 3.141833219292778701, 28.49999999999999645, 4.277858461225862108 ) ) ;
#1912 = VECTOR ( 'NONE', #6248, 1000.000000000000000 ) ;
#1913 = ORIENTED_EDGE ( 'NONE', *, *, #4747, .F. ) ;
#1914 = CARTESIAN_POINT ( 'NONE',  ( 28.16126396345606508, -17.00252813936012686, -15.67025458109907987 ) ) ;
#1915 = ADVANCED_FACE ( 'NONE', ( #2518 ), #787, .F. ) ;
#1916 = CARTESIAN_POINT ( 'NONE',  ( -9.768267957448074412, -26.99999999999999289, 2.639877039411058668 ) ) ;
#1917 = CARTESIAN_POINT ( 'NONE',  ( 6.123233995736767268E-16, -28.49999999999999645, 5.000000000000000000 ) ) ;
#1918 = ORIENTED_EDGE ( 'NONE', *, *, #2913, .T. ) ;
#1919 = CARTESIAN_POINT ( 'NONE',  ( 11.16003344532262176, -26.99999999999999289, 2.058820311314825791 ) ) ;
#1920 = CARTESIAN_POINT ( 'NONE',  ( 27.92104170573128741, -9.953384546751930628, 6.180520935986633546 ) ) ;
#1921 = CARTESIAN_POINT ( 'NONE',  ( 10.36228128517242730, -26.29846190438350106, 5.984784350836797273 ) ) ;
#1922 = CARTESIAN_POINT ( 'NONE',  ( -15.24379445382865050, -22.29809425963451375, 9.225960557299792697 ) ) ;
#1923 = ORIENTED_EDGE ( 'NONE', *, *, #2848, .T. ) ;
#1924 = CARTESIAN_POINT ( 'NONE',  ( -27.11129551546387262, -18.44332245522297598, 3.495613967265288835 ) ) ;
#1925 = FACE_OUTER_BOUND ( 'NONE', #5455, .T. ) ;
#1926 = CARTESIAN_POINT ( 'NONE',  ( -26.33374288825983811, 5.961038961038960693, 12.96227999980796319 ) ) ;
#1927 = CARTESIAN_POINT ( 'NONE',  ( -29.99999999999998934, -8.500000000000000000, -10.63331683757133561 ) ) ;
#1928 = CARTESIAN_POINT ( 'NONE',  ( 31.05324751598143607, -12.77354031182092342, 4.261069261562450805 ) ) ;
#1929 = ORIENTED_EDGE ( 'NONE', *, *, #3752, .T. ) ;
#1930 = AXIS2_PLACEMENT_3D ( 'NONE', #397, #1128, #5501 ) ;
#1931 = CARTESIAN_POINT ( 'NONE',  ( 31.49999999999999289, 7.973464254590423295, 0.9462457124888508098 ) ) ;
#1932 = CARTESIAN_POINT ( 'NONE',  ( 25.98685357339163815, 17.72356804751427362, 6.978961188460397480 ) ) ;
#1933 = CARTESIAN_POINT ( 'NONE',  ( 14.62940637869261096, -26.73578108317884627, 1.195296164821802343 ) ) ;
#1934 = CARTESIAN_POINT ( 'NONE',  ( 6.123233995736767268E-16, 28.49999999999999645, 5.000000000000000000 ) ) ;
#1935 = CARTESIAN_POINT ( 'NONE',  ( 30.00000000000000000, 3.858706456239792804, -7.676234614479173324 ) ) ;
#1936 = DIRECTION ( 'NONE',  ( -0.8751999276928508209, -0.2739291369592715686, -0.3987328861420605386 ) ) ;
#1937 = CARTESIAN_POINT ( 'NONE',  ( -26.08916197779317159, 15.51806488153039787, 5.933263843561522144 ) ) ;
#1938 = EDGE_LOOP ( 'NONE', ( #1353, #1522, #2048, #2742, #1187, #5568, #4416 ) ) ;
#1939 = CARTESIAN_POINT ( 'NONE',  ( -16.20019047247139810, 23.50220564771856147, -18.66945708630001022 ) ) ;
#1940 = CARTESIAN_POINT ( 'NONE',  ( 10.45051819610490718, -27.62117307087386209, 6.699809873245234471 ) ) ;
#1941 = CARTESIAN_POINT ( 'NONE',  ( 15.63150424676452666, 26.05066514841282910, 7.151082554462690588 ) ) ;
#1942 = EDGE_CURVE ( 'NONE', #2850, #4961, #1114, .T. ) ;
#1943 = ORIENTED_EDGE ( 'NONE', *, *, #3397, .T. ) ;
#1944 = CARTESIAN_POINT ( 'NONE',  ( 28.60439678332311431, 5.148755027284666497, 6.049154002933765817 ) ) ;
#1945 = FACE_OUTER_BOUND ( 'NONE', #1091, .T. ) ;
#1946 = CARTESIAN_POINT ( 'NONE',  ( 15.30790944367438122, -22.24905960207332356, 13.41543490991582210 ) ) ;
#1947 = CARTESIAN_POINT ( 'NONE',  ( -9.123680878170643993, -25.41822214848008343, 11.29905313808527190 ) ) ;
#1948 = ORIENTED_EDGE ( 'NONE', *, *, #4457, .F. ) ;
#1949 = CARTESIAN_POINT ( 'NONE',  ( 17.64475270847243493, -25.14811566261859710, 7.139321805427921497 ) ) ;
#1950 = DIRECTION ( 'NONE',  ( 1.000000000000000000, 0.000000000000000000, 0.000000000000000000 ) ) ;
#1951 = CARTESIAN_POINT ( 'NONE',  ( 6.574467392677776898E-16, -7.669514254547673745E-13, -49.84859031491884451 ) ) ;
#1952 = CARTESIAN_POINT ( 'NONE',  ( -9.067262975354594801, -27.02539658062758221, 11.00361191484895684 ) ) ;
#1953 = CARTESIAN_POINT ( 'NONE',  ( 26.87329888949365042, -16.12616540215065086, 7.046663545560125641 ) ) ;
#1954 = CARTESIAN_POINT ( 'NONE',  ( -29.93553761520572110, -9.747138641884134813, -11.72431031460076056 ) ) ;
#1955 = VERTEX_POINT ( 'NONE', #4355 ) ;
#1956 = CARTESIAN_POINT ( 'NONE',  ( -11.99919173659482041, 25.86800540593374720, 9.243245368640337745 ) ) ;
#1957 = CARTESIAN_POINT ( 'NONE',  ( 1.608411572866134343, 28.50000000001304201, 5.645963058409279256 ) ) ;
#1958 = CARTESIAN_POINT ( 'NONE',  ( 28.42604630177340397, -2.121314631846284104, 12.23821841703595403 ) ) ;
#1959 = CARTESIAN_POINT ( 'NONE',  ( 29.41500027804812589, 17.41618023512520352, 0.04727629840352679663 ) ) ;
#1960 = CARTESIAN_POINT ( 'NONE',  ( -11.50000000000030020, 26.99999999999999645, 1.893709856737824992 ) ) ;
#1961 = VERTEX_POINT ( 'NONE', #1455 ) ;
#1962 = FACE_OUTER_BOUND ( 'NONE', #964, .T. ) ;
#1963 = CIRCLE ( 'NONE', #2069, 251.7911684466443489 ) ;
#1964 = CARTESIAN_POINT ( 'NONE',  ( -22.82106919102005804, 20.01038835578872366, 5.929237906819003534 ) ) ;
#1965 = ORIENTED_EDGE ( 'NONE', *, *, #3425, .T. ) ;
#1966 = DIRECTION ( 'NONE',  ( -1.000000000000000000, 0.000000000000000000, 0.000000000000000000 ) ) ;
#1967 = DIRECTION ( 'NONE',  ( 1.000000000000000000, 0.000000000000000000, 0.000000000000000000 ) ) ;
#1968 = EDGE_CURVE ( 'NONE', #3547, #1168, #1907, .T. ) ;
#1969 = ORIENTED_EDGE ( 'NONE', *, *, #45, .T. ) ;
#1970 = B_SPLINE_CURVE_WITH_KNOTS ( 'NONE', 3,
 ( #5279, #6312, #875, #4272, #2377, #2278, #462, #1889, #4758, #4789 ),
 .UNSPECIFIED., .F., .F.,
 ( 4, 2, 2, 2, 4 ),
 ( 0.000000000000000000, 0.003795811827717874339, 0.007591623655435748678, 0.01138743548315362258, 0.01518324731087149736 ),
 .UNSPECIFIED. ) ;
#1971 = CARTESIAN_POINT ( 'NONE',  ( -31.49999999999999289, 8.794207126074727654, 4.439334381147873820 ) ) ;
#1972 = CARTESIAN_POINT ( 'NONE',  ( -22.84217997268740419, 17.05525183615904439, 14.07785300037106602 ) ) ;
#1973 = CARTESIAN_POINT ( 'NONE',  ( 17.03823449022405612, -20.95589499753624452, 9.283635376447083587 ) ) ;
#1974 = CARTESIAN_POINT ( 'NONE',  ( 18.50960302323613504, -21.24383304484256740, -17.61586615939238953 ) ) ;
#1975 = CARTESIAN_POINT ( 'NONE',  ( 31.49999999999999289, 1.149473445660745385, 1.605956394190855674 ) ) ;
#1976 = EDGE_LOOP ( 'NONE', ( #1132, #6070, #2484, #31, #4564 ) ) ;
#1977 = CARTESIAN_POINT ( 'NONE',  ( 21.30630549657004025, -22.75816835026881790, 7.078193904196337982 ) ) ;
#1978 = CARTESIAN_POINT ( 'NONE',  ( 13.10533974544182811, 25.56117190070912670, 6.383251992577361200 ) ) ;
#1979 = CARTESIAN_POINT ( 'NONE',  ( -14.55027561422901705, -24.53955928549262211, 9.637207644766148107 ) ) ;
#1980 = CARTESIAN_POINT ( 'NONE',  ( 28.69423904758880894, -18.73546398255050960, 4.116957482907229959 ) ) ;
#1981 = CARTESIAN_POINT ( 'NONE',  ( -18.51722769682383785, -21.24134583154989286, -17.61508770939681057 ) ) ;
#1982 = CARTESIAN_POINT ( 'NONE',  ( -10.29309592552064778, -26.25299711024274885, 6.105408687617786434 ) ) ;
#1983 = EDGE_LOOP ( 'NONE', ( #6241, #4867, #3481, #1566, #1574, #6047, #2065, #3726 ) ) ;
#1984 = CYLINDRICAL_SURFACE ( 'NONE', #5213, 18.49999999999999645 ) ;
#1985 = CARTESIAN_POINT ( 'NONE',  ( -18.11121448843199033, 24.99595592181920978, 7.015248205213384658 ) ) ;
#1986 = CARTESIAN_POINT ( 'NONE',  ( 3.213182268898675975, 28.36422376873852969, 6.290343556676840642 ) ) ;
#1987 = CARTESIAN_POINT ( 'NONE',  ( 28.48589841184146110, -1.045789552490663077, 12.16027119255414846 ) ) ;
#1988 = CARTESIAN_POINT ( 'NONE',  ( -3.547492679499254731, 28.28740494892999280, 7.430628576001667263 ) ) ;
#1989 = ORIENTED_EDGE ( 'NONE', *, *, #501, .F. ) ;
#1990 = CARTESIAN_POINT ( 'NONE',  ( 26.14740412377660306, -17.36388851362488239, 7.036723202917152697 ) ) ;
#1991 = VERTEX_POINT ( 'NONE', #4259 ) ;
#1992 = CARTESIAN_POINT ( 'NONE',  ( 11.49999999999998046, -36.74234614174768154, 10.66248444409500884 ) ) ;
#1993 = PERSON ( 'UNSPECIFIED', 'UNSPECIFIED', 'UNSPECIFIED', ('UNSPECIFIED'), ('UNSPECIFIED'), ('UNSPECIFIED') ) ;
#1994 = CARTESIAN_POINT ( 'NONE',  ( -20.63721778736466561, 17.41936881950250537, 9.291041590290548768 ) ) ;
#1995 = PRODUCT_DEFINITION ( 'UNKNOWN', '', #3409, #2576 ) ;
#1996 = VERTEX_POINT ( 'NONE', #866 ) ;
#1997 = TOROIDAL_SURFACE ( 'NONE', #5602, 229.2911684466443489, 24.00000000000000000 ) ;
#1998 = CARTESIAN_POINT ( 'NONE',  ( -12.13735989035186336, -27.18822263110671145, 7.033216551287790885 ) ) ;
#1999 = CARTESIAN_POINT ( 'NONE',  ( 6.123233995736767268E-16, 28.49999999999999645, 5.000000000000000000 ) ) ;
#2000 = ORIENTED_EDGE ( 'NONE', *, *, #4022, .T. ) ;
#2001 = CARTESIAN_POINT ( 'NONE',  ( 26.65375050645517874, 4.473689222808459931, 8.971282044008862755 ) ) ;
#2002 = AXIS2_PLACEMENT_3D ( 'NONE', #1123, #2663, #6066 ) ;
#2003 = CARTESIAN_POINT ( 'NONE',  ( 29.99999999999999289, 6.900808533012649626, 1.136834755483631110 ) ) ;
#2004 = EDGE_CURVE ( 'NONE', #1639, #2295, #323, .T. ) ;
#2005 = CARTESIAN_POINT ( 'NONE',  ( 12.28701163955373765, -24.06987548799507692, 12.64995412165850297 ) ) ;
#2006 = CARTESIAN_POINT ( 'NONE',  ( 31.46766887734212048, 9.813818072431393702, 0.6349578328992175891 ) ) ;
#2007 = CIRCLE ( 'NONE', #696, 7.500000000000001776 ) ;
#2008 = CARTESIAN_POINT ( 'NONE',  ( 31.50000000001196554, 6.111601062669095086, 4.428844736739149468 ) ) ;
#2009 = CALENDAR_DATE ( 2026, 16, 9 ) ;
#2010 = VERTEX_POINT ( 'NONE', #3771 ) ;
#2011 = CARTESIAN_POINT ( 'NONE',  ( -17.99232416990549055, -25.87819041569236944, 3.843001011987423166 ) ) ;
#2012 = CARTESIAN_POINT ( 'NONE',  ( 29.97130445119086417, 9.696120173642123419, 0.6374215710341969432 ) ) ;
#2013 = CARTESIAN_POINT ( 'NONE',  ( -1.302555334423893442E-14, 2.858201164230329105, -49.34714020513690258 ) ) ;
#2014 = CARTESIAN_POINT ( 'NONE',  ( 2.840046138548507848, -28.36704587891216534, 6.949419264334770752 ) ) ;
#2015 = CARTESIAN_POINT ( 'NONE',  ( 31.28139010503554118, -11.57226397350949121, 4.308662623830299410 ) ) ;
#2016 = CARTESIAN_POINT ( 'NONE',  ( -29.17269131831803008, -12.42091236999993420, -13.54978218451925542 ) ) ;
#2017 = CARTESIAN_POINT ( 'NONE',  ( -10.29309592552062114, 26.25299711024275595, 6.105408687617774000 ) ) ;
#2018 = VERTEX_POINT ( 'NONE', #6209 ) ;
#2019 = CARTESIAN_POINT ( 'NONE',  ( -8.539520505319934784, 26.52172599312691403, 5.951276133013374547 ) ) ;
#2020 = EDGE_CURVE ( 'NONE', #3509, #3114, #2642, .T. ) ;
#2021 = CARTESIAN_POINT ( 'NONE',  ( -17.46457944984113198, 22.53270206445685986, 9.837324963256136812 ) ) ;
#2022 = CARTESIAN_POINT ( 'NONE',  ( 28.20353265045096691, 4.232571950952904061, 12.51617552470722572 ) ) ;
#2023 = CARTESIAN_POINT ( 'NONE',  ( 9.528883059083678830, 22.50691220312296181, -17.87117125032267850 ) ) ;
#2024 = AXIS2_PLACEMENT_3D ( 'NONE', #1262, #1228, #1704 ) ;
#2025 = ORIENTED_EDGE ( 'NONE', *, *, #3014, .T. ) ;
#2026 = CARTESIAN_POINT ( 'NONE',  ( 10.45051819610490185, 27.62117307087382301, 6.699809873245244241 ) ) ;
#2027 = CIRCLE ( 'NONE', #3981, 10.00000000000000178 ) ;
#2028 = CARTESIAN_POINT ( 'NONE',  ( -28.62985423101472549, -11.87300111600934116, 7.106101631360995263 ) ) ;
#2029 = B_SPLINE_CURVE_WITH_KNOTS ( 'NONE', 3,
 ( #4422, #2963, #2993, #2003 ),
 .UNSPECIFIED., .F., .F.,
 ( 4, 4 ),
 ( 0.000000000000000000, 0.001633477653629699993 ),
 .UNSPECIFIED. ) ;
#2030 = ORIENTED_EDGE ( 'NONE', *, *, #403, .T. ) ;
#2031 = DIRECTION ( 'NONE',  ( 0.9753238106762900372, 0.2207792207792213246, 0.000000000000000000 ) ) ;
#2032 = CARTESIAN_POINT ( 'NONE',  ( 31.48903787730417747, 9.261976804544497455, -10.67362950027668234 ) ) ;
#2033 = CARTESIAN_POINT ( 'NONE',  ( -2.918572310165765699E-15, -27.00000000000000355, 4.999999999999999112 ) ) ;
#2034 = CIRCLE ( 'NONE', #1738, 22.50000000000000000 ) ;
#2035 = ORIENTED_EDGE ( 'NONE', *, *, #5515, .F. ) ;
#2036 = CARTESIAN_POINT ( 'NONE',  ( 28.74044714787618204, 1.327401745934206678, 6.057880760966102507 ) ) ;
#2037 = CARTESIAN_POINT ( 'NONE',  ( -31.49999999999999289, 9.474050321298447486, 4.407286531124207762 ) ) ;
#2038 = CARTESIAN_POINT ( 'NONE',  ( 3.707591386417465884, 23.12732606956723558, -19.24236433048279693 ) ) ;
#2039 = CARTESIAN_POINT ( 'NONE',  ( -11.49999999999995381, 27.00000000000000000, 1.893709856737207708 ) ) ;
#2040 = DIRECTION ( 'NONE',  ( -1.000000000000000000, 0.000000000000000000, 0.000000000000000000 ) ) ;
#2041 = CARTESIAN_POINT ( 'NONE',  ( -10.05657346067835789, -25.08227155229346295, 8.501933969200106134 ) ) ;
#2042 = CARTESIAN_POINT ( 'NONE',  ( -21.03118918206109456, -24.37591102688286071, 3.654099935618674522 ) ) ;
#2043 = CARTESIAN_POINT ( 'NONE',  ( 30.00000000000007816, 9.095566091227755834, 0.7168922067056534564 ) ) ;
#2044 = CARTESIAN_POINT ( 'NONE',  ( 2.872280404670489772E-14, 11.07927363346965066, -42.01799746277932712 ) ) ;
#2045 = CARTESIAN_POINT ( 'NONE',  ( -25.98685357338898072, -17.72356804751505521, 6.978961188461205722 ) ) ;
#2046 = CARTESIAN_POINT ( 'NONE',  ( 26.63490377782699525, -16.55363743395459508, 7.042611875788092668 ) ) ;
#2047 = CARTESIAN_POINT ( 'NONE',  ( -23.82964737736797645, -20.65955064740814962, -17.45943776178806317 ) ) ;
#2048 = ORIENTED_EDGE ( 'NONE', *, *, #5436, .T. ) ;
#2049 = CARTESIAN_POINT ( 'NONE',  ( 3.495097683548617606, 28.43030620236024220, 5.602485447439439881 ) ) ;
#2050 = EDGE_CURVE ( 'NONE', #3547, #1490, #5926, .T. ) ;
#2051 = CARTESIAN_POINT ( 'NONE',  ( -26.33374288825983811, -5.961038961038977568, 12.96227999980796142 ) ) ;
#2052 = CARTESIAN_POINT ( 'NONE',  ( -25.52778998050882464, -8.813974538709151929, 13.53276134980105816 ) ) ;
#2053 = CARTESIAN_POINT ( 'NONE',  ( -1.833279105478989424, -21.16090020868333710, -18.31928738632127107 ) ) ;
#2054 = DIRECTION ( 'NONE',  ( -0.2560153285301984827, 0.000000000000000000, 0.9666727220510438201 ) ) ;
#2055 = CARTESIAN_POINT ( 'NONE',  ( 0.000000000000000000, 0.000000000000000000, 0.000000000000000000 ) ) ;
#2056 = CARTESIAN_POINT ( 'NONE',  ( -29.74784009135571949, 14.81160247276832820, -14.48718068030722428 ) ) ;
#2057 = EDGE_CURVE ( 'NONE', #1201, #300, #5641, .T. ) ;
#2058 = CARTESIAN_POINT ( 'NONE',  ( 29.52498335551860720, 7.700404266506214235, 7.049557377645776057 ) ) ;
#2059 = ORIENTED_EDGE ( 'NONE', *, *, #291, .F. ) ;
#2060 = VERTEX_POINT ( 'NONE', #4810 ) ;
#2061 = CARTESIAN_POINT ( 'NONE',  ( -31.49999999999999289, -8.500000000000012434, -10.02838013942483997 ) ) ;
#2062 = CARTESIAN_POINT ( 'NONE',  ( -19.73105269291962571, -23.90382818893812100, 7.106553491027256975 ) ) ;
#2063 = B_SPLINE_CURVE_WITH_KNOTS ( 'NONE', 3,
 ( #5613, #705, #1214, #5140 ),
 .UNSPECIFIED., .F., .F.,
 ( 4, 4 ),
 ( 0.000000000000000000, 0.0005447354668312087483 ),
 .UNSPECIFIED. ) ;
#2064 = CARTESIAN_POINT ( 'NONE',  ( 3.887943872703743265E-16, 26.99999999999999645, 4.999999999999999112 ) ) ;
#2065 = ORIENTED_EDGE ( 'NONE', *, *, #3870, .T. ) ;
#2066 = CARTESIAN_POINT ( 'NONE',  ( 4.668322069765421745, 23.36046025233996559, -19.13244253539184925 ) ) ;
#2067 = CARTESIAN_POINT ( 'NONE',  ( 20.26545157021855204, -17.85061238073691925, 9.292527554656423661 ) ) ;
#2068 = CARTESIAN_POINT ( 'NONE',  ( 14.08058099573935174, 28.34340938211271421, 1.338270837615480824 ) ) ;
#2069 = AXIS2_PLACEMENT_3D ( 'NONE', #2156, #600, #3045 ) ;
#2070 = FACE_OUTER_BOUND ( 'NONE', #2539, .T. ) ;
#2071 = CARTESIAN_POINT ( 'NONE',  ( -17.92153065387874733, -23.68037301914612414, 6.170573830358415890 ) ) ;
#2072 =( BOUNDED_SURFACE ( )  B_SPLINE_SURFACE ( 3, 2, ( 
 ( #2097, #3086, #2580 ),
 ( #5172, #209, #308 ),
 ( #5645, #2202, #6084 ),
 ( #4163, #174, #4544 ),
 ( #1107, #1683, #5029 ),
 ( #5067, #246, #3608 ),
 ( #4205, #4060, #6013 ),
 ( #666, #3576, #2611 ),
 ( #6117, #2645, #4577 ),
 ( #2129, #6150, #1756 ),
 ( #5545, #1722, #4097 ),
 ( #4615, #3640, #774 ),
 ( #1246, #5516, #5611 ),
 ( #3680, #3202, #2720 ),
 ( #4685, #1138, #3057 ),
 ( #1212, #5575, #636 ),
 ( #1174, #5098, #703 ),
 ( #3161, #806, #2751 ),
 ( #6306, #3716, #3334 ),
 ( #1311, #3811, #1883 ),
 ( #4265, #3841, #3238 ),
 ( #4718, #3301, #6216 ),
 ( #404, #5301, #900 ),
 ( #1819, #3270, #5329 ),
 ( #4814, #1408, #2849 ),
 ( #4752, #3362, #4840 ),
 ( #457, #5811, #6249 ),
 ( #5240, #4332, #1378 ),
 ( #2338, #2786, #5205 ),
 ( #2274, #434, #5274 ),
 ( #2816, #4785, #2397 ),
 ( #4300, #5782, #2370 ) ),
 .UNSPECIFIED., .F., .F., .F. ) 
 B_SPLINE_SURFACE_WITH_KNOTS ( ( 4, 2, 2, 2, 2, 2, 2, 2, 2, 2, 2, 2, 2, 2, 2, 4 ),
 ( 3, 3 ),
 ( 0.004836104388609136114, 0.005834263949860866300, 0.006333343730486731826, 0.006832423511112597353, 0.008828742633616057725, 0.009826902194867787044, 0.01082506175611951810, 0.01182322131737124915, 0.01282138087862297847, 0.01481770000112643884, 0.01581585956237816989, 0.01681401912362990095, 0.01881033824613335959, 0.01930941802675922511, 0.01980849780738509064, 0.02080665736863682169 ),
 ( 0.000000000000000000, 1.000000000000000000 ),
 .UNSPECIFIED. ) 
 GEOMETRIC_REPRESENTATION_ITEM ( )  RATIONAL_B_SPLINE_SURFACE ( (
 ( 1.000000000000000000, 0.9368608944935489236, 1.000000000000000000),
 ( 1.000000000000000000, 0.9355760927554785944, 1.000000000000000000),
 ( 1.000000000000000000, 0.9343917297259755061, 1.000000000000000000),
 ( 1.000000000000000000, 0.9327619942198559500, 1.000000000000000000),
 ( 1.000000000000000000, 0.9322418023576442003, 1.000000000000000000),
 ( 1.000000000000000000, 0.9312586699765590392, 1.000000000000000000),
 ( 1.000000000000000000, 0.9307954218708219818, 1.000000000000000000),
 ( 1.000000000000000000, 0.9286137668603872131, 1.000000000000000000),
 ( 1.000000000000000000, 0.9272935959672049533, 1.000000000000000000),
 ( 1.000000000000000000, 0.9258822165809027505, 1.000000000000000000),
 ( 1.000000000000000000, 0.9255069616836733015, 1.000000000000000000),
 ( 1.000000000000000000, 0.9249605303931986988, 1.000000000000000000),
 ( 1.000000000000000000, 0.9247863623077582362, 1.000000000000000000),
 ( 1.000000000000000000, 0.9246276624846930803, 1.000000000000000000),
 ( 1.000000000000000000, 0.9246431438922380064, 1.000000000000000000),
 ( 1.000000000000000000, 0.9248659647188643973, 1.000000000000000000),
 ( 1.000000000000000000, 0.9250743460439533328, 1.000000000000000000),
 ( 1.000000000000000000, 0.9260000153956741142, 1.000000000000000000),
 ( 1.000000000000000000, 0.9269959678079366938, 1.000000000000000000),
 ( 1.000000000000000000, 0.9290972399951118454, 1.000000000000000000),
 ( 1.000000000000000000, 0.9299000698182784408, 1.000000000000000000),
 ( 1.000000000000000000, 0.9317312278814706694, 1.000000000000000000),
 ( 1.000000000000000000, 0.9327484514785367997, 1.000000000000000000),
 ( 1.000000000000000000, 0.9360922737124400816, 1.000000000000000000),
 ( 1.000000000000000000, 0.9387226998554565327, 1.000000000000000000),
 ( 1.000000000000000000, 0.9425400262010631414, 1.000000000000000000),
 ( 1.000000000000000000, 0.9433317506942201502, 1.000000000000000000),
 ( 1.000000000000000000, 0.9449475686180931477, 1.000000000000000000),
 ( 1.000000000000000000, 0.9457732497313119380, 1.000000000000000000),
 ( 1.000000000000000000, 0.9482947368507765873, 1.000000000000000000),
 ( 1.000000000000000000, 0.9500363576839772062, 1.000000000000000000),
 ( 1.000000000000000000, 0.9517961898714986102, 1.000000000000000000) ) ) 
 REPRESENTATION_ITEM ( '' )  SURFACE ( )  );
#2073 = CARTESIAN_POINT ( 'NONE',  ( 26.12806316437404774, 19.84000966606463834, 3.491107173992339163 ) ) ;
#2074 = EDGE_CURVE ( 'NONE', #5471, #5402, #3009, .T. ) ;
#2075 = CARTESIAN_POINT ( 'NONE',  ( -31.50000000001196554, -6.111601062669378415, 4.428844736776536450 ) ) ;
#2076 = CARTESIAN_POINT ( 'NONE',  ( -12.97485589008770823, -25.40432143125602948, 12.65143783279881262 ) ) ;
#2077 = CARTESIAN_POINT ( 'NONE',  ( 19.74560397841909420, -23.89428175153371470, 7.106301866190578131 ) ) ;
#2078 = CARTESIAN_POINT ( 'NONE',  ( -24.29902324627408916, -18.29024441416364866, -16.49726553977925647 ) ) ;
#2079 = EDGE_CURVE ( 'NONE', #2229, #2636, #217, .T. ) ;
#2080 = VERTEX_POINT ( 'NONE', #4410 ) ;
#2081 = CARTESIAN_POINT ( 'NONE',  ( 1.746098772455019876, 28.49999999999999645, 5.300942145817960416 ) ) ;
#2082 = CARTESIAN_POINT ( 'NONE',  ( -28.70642033804580961, 2.582469973016539466, 6.056806976501664330 ) ) ;
#2083 = CARTESIAN_POINT ( 'NONE',  ( -26.38611013895776480, 17.14824213667446884, 6.980211430975417741 ) ) ;
#2084 = CARTESIAN_POINT ( 'NONE',  ( -29.99999999999999289, 8.500000000000000000, -10.63331683757133561 ) ) ;
#2085 = ADVANCED_FACE ( 'NONE', ( #3953 ), #5828, .F. ) ;
#2086 = CYLINDRICAL_SURFACE ( 'NONE', #1005, 27.00000000000000000 ) ;
#2087 = CARTESIAN_POINT ( 'NONE',  ( -28.84946749384104692, 16.14860416989312952, -15.22074575097702542 ) ) ;
#2088 = EDGE_CURVE ( 'NONE', #5385, #5315, #1612, .T. ) ;
#2089 = CARTESIAN_POINT ( 'NONE',  ( -14.47779741179656376, 26.76867699539009848, 1.221951169624595046 ) ) ;
#2090 = ADVANCED_FACE ( 'NONE', ( #95 ), #2086, .F. ) ;
#2091 = ORIENTED_EDGE ( 'NONE', *, *, #5207, .F. ) ;
#2092 = CARTESIAN_POINT ( 'NONE',  ( -27.79672860427426784, -6.292207792207793915, 12.96227999980796142 ) ) ;
#2093 = CARTESIAN_POINT ( 'NONE',  ( -26.63327087782034752, -16.55643949411533100, 7.042588866356759958 ) ) ;
#2094 = CARTESIAN_POINT ( 'NONE',  ( 21.66848106663581319, 18.55527600692604651, 14.05923810570965493 ) ) ;
#2095 = CARTESIAN_POINT ( 'NONE',  ( 11.16014782979786979, -26.99999999999999645, 2.058764761717580605 ) ) ;
#2096 = CARTESIAN_POINT ( 'NONE',  ( 29.99999999999998934, -7.277872056492284081, 3.925083781688185169 ) ) ;
#2097 = CARTESIAN_POINT ( 'NONE',  ( -29.05416671262504025, 10.20986417264934865, 7.129333836537397495 ) ) ;
#2098 = CARTESIAN_POINT ( 'NONE',  ( -7.843007003530976462, 28.49999999999999645, 3.149766585665779939 ) ) ;
#2099 = CARTESIAN_POINT ( 'NONE',  ( 20.57973351574876375, -17.48802308280980000, 14.05364924013606931 ) ) ;
#2100 = CARTESIAN_POINT ( 'NONE',  ( -6.968561655830926682, -26.70024100205855078, 5.744735215931899397 ) ) ;
#2101 = CARTESIAN_POINT ( 'NONE',  ( -29.03974680154276200, 12.62577606123990925, -13.65187413593001153 ) ) ;
#2102 = CARTESIAN_POINT ( 'NONE',  ( -29.99999999999999289, -7.277872056492394215, 3.925083781688203377 ) ) ;
#2103 = AXIS2_PLACEMENT_3D ( 'NONE', #5096, #5984, #3545 ) ;
#2104 = DIRECTION ( 'NONE',  ( 0.000000000000000000, 0.000000000000000000, 1.000000000000000000 ) ) ;
#2105 = CARTESIAN_POINT ( 'NONE',  ( 18.89845753885818169, 25.46687972291213597, 0.5276505845181510557 ) ) ;
#2106 = CARTESIAN_POINT ( 'NONE',  ( 3.749029846831281752E-16, -26.99999999999999645, 4.999999999999999112 ) ) ;
#2107 = CARTESIAN_POINT ( 'NONE',  ( 15.16149175908058311, -28.20241071112103981, 4.605650317886266443 ) ) ;
#2108 = CARTESIAN_POINT ( 'NONE',  ( -3.443738251261521111, 28.43278825899592022, 5.593704495196035076 ) ) ;
#2109 = CARTESIAN_POINT ( 'NONE',  ( -13.66821526289419353, 25.40057177991630866, 6.358119300770660232 ) ) ;
#2110 = ORIENTED_EDGE ( 'NONE', *, *, #5215, .T. ) ;
#2111 = CARTESIAN_POINT ( 'NONE',  ( -28.71173722218364333, -2.613975629023939984, 6.058050566354683752 ) ) ;
#2112 =( BOUNDED_SURFACE ( )  B_SPLINE_SURFACE ( 3, 2, ( 
 ( #1869, #1327, #382 ),
 ( #2285, #3792, #2912 ),
 ( #2387, #2889, #5731 ),
 ( #3759, #5763, #6296 ),
 ( #2799, #2829, #353 ),
 ( #914, #5795, #2863 ),
 ( #2354, #4317, #5849 ),
 ( #3827, #3402, #1361 ),
 ( #6266, #1448, #3282 ),
 ( #5368, #1392, #5256 ),
 ( #852, #3348, #4767 ),
 ( #4249, #5287, #2318 ),
 ( #4283, #1924, #1896 ),
 ( #1801, #5316, #6196 ),
 ( #5824, #3854, #3314 ),
 ( #3377, #6231, #4798 ),
 ( #3885, #883, #4856 ),
 ( #5344, #937, #6320 ),
 ( #468, #2408, #3491 ),
 ( #4483, #115, #992 ),
 ( #4881, #2042, #1023 ),
 ( #2999, #1500, #555 ),
 ( #4034, #1586, #84 ),
 ( #5005, #2011, #2071 ),
 ( #1470, #5489, #2967 ),
 ( #4947, #3554, #5424 ),
 ( #4003, #5877, #5992 ),
 ( #5963, #4456, #4973 ),
 ( #2941, #2555, #2524 ),
 ( #5456, #494, #5933 ),
 ( #2492, #1116, #1560 ),
 ( #1084, #2435, #3971 ) ),
 .UNSPECIFIED., .F., .F., .F. ) 
 B_SPLINE_SURFACE_WITH_KNOTS ( ( 4, 2, 2, 2, 2, 2, 2, 2, 2, 2, 2, 2, 2, 2, 2, 4 ),
 ( 3, 3 ),
 ( 0.004952069022301640484, 0.005950389881811823586, 0.006449550311566914704, 0.006948710741322005821, 0.008945352460342372025, 0.009943673319852554260, 0.01094199417936273649, 0.01194031503887291873, 0.01293863589838310270, 0.01493527761740346890, 0.01593359847691365114, 0.01693191933642383337, 0.01892856105544420131, 0.01942772148519929243, 0.01992688191495438355, 0.02092520277446456578 ),
 ( 0.000000000000000000, 1.000000000000000000 ),
 .UNSPECIFIED. ) 
 GEOMETRIC_REPRESENTATION_ITEM ( )  RATIONAL_B_SPLINE_SURFACE ( (
 ( 1.000000000000000000, 0.9368608944935548077, 1.000000000000000000),
 ( 1.000000000000000000, 0.9355751214209275801, 1.000000000000000000),
 ( 1.000000000000000000, 0.9343889616034296575, 1.000000000000000000),
 ( 1.000000000000000000, 0.9327559237479915444, 1.000000000000000000),
 ( 1.000000000000000000, 0.9322358836262321091, 1.000000000000000000),
 ( 1.000000000000000000, 0.9312551299239799629, 1.000000000000000000),
 ( 1.000000000000000000, 0.9307927439965472116, 1.000000000000000000),
 ( 1.000000000000000000, 0.9286141613788471139, 1.000000000000000000),
 ( 1.000000000000000000, 0.9272925748643104926, 1.000000000000000000),
 ( 1.000000000000000000, 0.9258791832377561981, 1.000000000000000000),
 ( 1.000000000000000000, 0.9255048434602117791, 1.000000000000000000),
 ( 1.000000000000000000, 0.9249602359233868309, 1.000000000000000000),
 ( 1.000000000000000000, 0.9247864084120258621, 1.000000000000000000),
 ( 1.000000000000000000, 0.9246277931783377646, 1.000000000000000000),
 ( 1.000000000000000000, 0.9246430146513693327, 1.000000000000000000),
 ( 1.000000000000000000, 0.9248651760882382611, 1.000000000000000000),
 ( 1.000000000000000000, 0.9250731643855891750, 1.000000000000000000),
 ( 1.000000000000000000, 0.9259981250922819651, 1.000000000000000000),
 ( 1.000000000000000000, 0.9269937574821999204, 1.000000000000000000),
 ( 1.000000000000000000, 0.9290947231369340864, 1.000000000000000000),
 ( 1.000000000000000000, 0.9298974807321093161, 1.000000000000000000),
 ( 1.000000000000000000, 0.9317285560064348937, 1.000000000000000000),
 ( 1.000000000000000000, 0.9327458289332448693, 1.000000000000000000),
 ( 1.000000000000000000, 0.9360898329149780484, 1.000000000000000000),
 ( 1.000000000000000000, 0.9387205203337514181, 1.000000000000000000),
 ( 1.000000000000000000, 0.9425383774253179858, 1.000000000000000000),
 ( 1.000000000000000000, 0.9433302234149332222, 1.000000000000000000),
 ( 1.000000000000000000, 0.9449463102323634178, 1.000000000000000000),
 ( 1.000000000000000000, 0.9457721339832119156, 1.000000000000000000),
 ( 1.000000000000000000, 0.9482940703060608323, 1.000000000000000000),
 ( 1.000000000000000000, 0.9500360199382495985, 1.000000000000000000),
 ( 1.000000000000000000, 0.9517961898714960567, 1.000000000000000000) ) ) 
 REPRESENTATION_ITEM ( '' )  SURFACE ( )  );
#2113 = CARTESIAN_POINT ( 'NONE',  ( -8.690165432681839164, 26.52323801688472926, 5.886880787753034028 ) ) ;
#2114 = CARTESIAN_POINT ( 'NONE',  ( 10.89852702769511161, 26.99999999999999645, 4.535831383497507474 ) ) ;
#2115 = FACE_OUTER_BOUND ( 'NONE', #72, .T. ) ;
#2116 = CARTESIAN_POINT ( 'NONE',  ( -20.29852394054235987, -26.47275538697780206, 0.4382637681826945797 ) ) ;
#2117 = CARTESIAN_POINT ( 'NONE',  ( -15.89037370312918540, 25.96542249938284641, 7.152445102196915094 ) ) ;
#2118 = CARTESIAN_POINT ( 'NONE',  ( 16.20019047247138033, -23.50220564771857212, -18.66945708629999956 ) ) ;
#2119 = ORIENTED_EDGE ( 'NONE', *, *, #5000, .T. ) ;
#2120 = CARTESIAN_POINT ( 'NONE',  ( 21.27630642561979357, 25.96034977167186497, 0.3384180240659189765 ) ) ;
#2121 = CARTESIAN_POINT ( 'NONE',  ( -11.49999999999998934, 26.99999999999999645, 1.893709856737191943 ) ) ;
#2122 = ORIENTED_EDGE ( 'NONE', *, *, #4096, .T. ) ;
#2123 = ORIENTED_EDGE ( 'NONE', *, *, #2262, .F. ) ;
#2124 = CARTESIAN_POINT ( 'NONE',  ( -28.20010478842058887, 8.425466194416324939, 6.212780770455396784 ) ) ;
#2125 = CARTESIAN_POINT ( 'NONE',  ( -26.44071818681555186, -21.81234908565584618, 0.004817382819282553519 ) ) ;
#2126 = CARTESIAN_POINT ( 'NONE',  ( 25.91757839810783892, 16.92446668067905691, -15.89006550994472100 ) ) ;
#2127 = CARTESIAN_POINT ( 'NONE',  ( 10.81751561652689020, -26.99999999999999645, 2.217075045109113685 ) ) ;
#2128 = CARTESIAN_POINT ( 'NONE',  ( 14.05084148575811120, 26.61831974107797194, 7.145956261482798944 ) ) ;
#2129 = CARTESIAN_POINT ( 'NONE',  ( -26.87329888949379963, 16.12616540214989769, 7.046663545560345021 ) ) ;
#2130 = AXIS2_PLACEMENT_3D ( 'NONE', #2405, #5339, #4479 ) ;
#2131 = CARTESIAN_POINT ( 'NONE',  ( -15.47352827148730015, 24.96945861561829716, 6.100846985521694243 ) ) ;
#2132 = B_SPLINE_CURVE_WITH_KNOTS ( 'NONE', 3,
 ( #4738, #5736, #1264, #2260, #3222, #793 ),
 .UNSPECIFIED., .F., .F.,
 ( 4, 2, 4 ),
 ( 0.000000000000000000, 0.004834835992683968880, 0.009669671985367937761 ),
 .UNSPECIFIED. ) ;
#2133 = CARTESIAN_POINT ( 'NONE',  ( -12.00000000000000000, 0.000000000000000000, -204.9999999999999432 ) ) ;
#2134 = CARTESIAN_POINT ( 'NONE',  ( 28.36853677600717560, -7.602639310203455736, 6.095979093166690177 ) ) ;
#2135 = CARTESIAN_POINT ( 'NONE',  ( -11.49999999999998224, 22.47514308404502259, -17.88465857028938188 ) ) ;
#2136 = AXIS2_PLACEMENT_3D ( 'NONE', #5875, #1468, #3428 ) ;
#2137 = EDGE_CURVE ( 'NONE', #3215, #2425, #3777, .T. ) ;
#2138 = CARTESIAN_POINT ( 'NONE',  ( -8.064935064935060183, 25.76735963187498868, 10.66248444409494311 ) ) ;
#2139 = COORDINATED_UNIVERSAL_TIME_OFFSET ( 1, 0, .AHEAD. ) ;
#2140 = CARTESIAN_POINT ( 'NONE',  ( 29.99999999999999289, -1.165306834275265047, 1.605591709942329581 ) ) ;
#2141 = CIRCLE ( 'NONE', #5755, 11.49999999999999822 ) ;
#2142 = CARTESIAN_POINT ( 'NONE',  ( 16.07880326422464279, 26.46316879432853852, 0.9277632023682713669 ) ) ;
#2143 = CARTESIAN_POINT ( 'NONE',  ( -24.21092753771667105, -18.31128984033686891, 5.974707806769720797 ) ) ;
#2144 = CARTESIAN_POINT ( 'NONE',  ( 22.36590098590954767, -25.31280770575528649, 4.219669795541382662 ) ) ;
#2145 = DIRECTION ( 'NONE',  ( 1.110223024625156294E-16, 0.000000000000000000, -1.000000000000000000 ) ) ;
#2146 = ORIENTED_EDGE ( 'NONE', *, *, #4370, .F. ) ;
#2147 = B_SPLINE_CURVE_WITH_KNOTS ( 'NONE', 3,
 ( #5355, #3413, #4839, #4, #5407, #5440, #4469, #5381, #973, #1481, #2395, #455 ),
 .UNSPECIFIED., .F., .F.,
 ( 4, 2, 2, 2, 2, 4 ),
 ( 0.04344618269115848447, 0.04576011354352856747, 0.04807404439589864353, 0.04923100982208368503, 0.05038797524826872654, 0.05270190610063880954 ),
 .UNSPECIFIED. ) ;
#2148 = DIRECTION ( 'NONE',  ( 0.000000000000000000, 0.000000000000000000, 1.000000000000000000 ) ) ;
#2149 = CARTESIAN_POINT ( 'NONE',  ( -26.55371665633497003, -4.989273352977491527, 12.72394742715505700 ) ) ;
#2150 = CARTESIAN_POINT ( 'NONE',  ( -1.559014483858661260, 26.99999999998173195, 5.594727779535753953 ) ) ;
#2151 = CARTESIAN_POINT ( 'NONE',  ( 11.13534516572209121, 26.99999999999999289, 4.524833635897614670 ) ) ;
#2152 = CARTESIAN_POINT ( 'NONE',  ( 13.55009744166139285, 25.10714990845637828, 9.522335031517421555 ) ) ;
#2153 = CARTESIAN_POINT ( 'NONE',  ( -31.49999999999999289, 4.906302696098608251, -7.710834230117590060 ) ) ;
#2154 = CARTESIAN_POINT ( 'NONE',  ( 26.56184276262390398, -14.35433281378349868, 6.027277620217262211 ) ) ;
#2155 = CARTESIAN_POINT ( 'NONE',  ( 26.99999999999999645, -0.5033666368484810416, 12.14142842854284865 ) ) ;
#2156 = CARTESIAN_POINT ( 'NONE',  ( -193.2911684466443489, 0.000000000000000000, -123.3408453358350982 ) ) ;
#2157 = ORIENTED_EDGE ( 'NONE', *, *, #2166, .T. ) ;
#2158 = CARTESIAN_POINT ( 'NONE',  ( 31.49999999999999289, -5.685041485581678725E-16, -6.613185368461827807 ) ) ;
#2159 = ORIENTED_EDGE ( 'NONE', *, *, #5987, .T. ) ;
#2160 = CARTESIAN_POINT ( 'NONE',  ( -10.65519161634018985, -26.17284309583556023, 6.194006878731439514 ) ) ;
#2161 = CARTESIAN_POINT ( 'NONE',  ( -26.87166568969818670, -16.12922046752635552, 7.046631642943476770 ) ) ;
#2162 = CARTESIAN_POINT ( 'NONE',  ( 17.21983000512299711, -26.13467256712328179, 0.7513953056325947122 ) ) ;
#2163 = CARTESIAN_POINT ( 'NONE',  ( 14.48363470419529442, 24.55314171573492743, 13.04702821019011871 ) ) ;
#2164 = CARTESIAN_POINT ( 'NONE',  ( 11.13043133197321843, -26.99999999999999645, 4.525099397910428145 ) ) ;
#2165 = CARTESIAN_POINT ( 'NONE',  ( 29.99999999999999289, -8.002423970293401467, 3.942806214951408261 ) ) ;
#2166 = EDGE_CURVE ( 'NONE', #3306, #5696, #1514, .T. ) ;
#2167 = ORIENTED_EDGE ( 'NONE', *, *, #3291, .F. ) ;
#2168 = CARTESIAN_POINT ( 'NONE',  ( 15.47248232180799299, 24.96943484181344530, 6.100574959190257829 ) ) ;
#2169 = ADVANCED_FACE ( 'NONE', ( #3008 ), #599, .T. ) ;
#2170 = CARTESIAN_POINT ( 'NONE',  ( 25.92495508183712971, -7.641086602718130116, 9.217675065891519637 ) ) ;
#2171 = CARTESIAN_POINT ( 'NONE',  ( -29.23413356743797920, 9.376523915588121483, 7.139672917899008375 ) ) ;
#2172 = FACE_OUTER_BOUND ( 'NONE', #3540, .T. ) ;
#2173 = CARTESIAN_POINT ( 'NONE',  ( -28.32123585219078521, -7.580464906482351495, 6.162648984321464241 ) ) ;
#2174 = CARTESIAN_POINT ( 'NONE',  ( 30.00000000000198241, 2.417310649022039737, 4.017542291721851733 ) ) ;
#2175 = CARTESIAN_POINT ( 'NONE',  ( 21.70291338497803935, 21.01587635023376066, 6.021670645150774881 ) ) ;
#2176 = CARTESIAN_POINT ( 'NONE',  ( 10.29309592552052521, -26.25299711024275950, 6.105408687617723373 ) ) ;
#2177 = CARTESIAN_POINT ( 'NONE',  ( 24.43955950480017236, -19.70352815793024703, 7.035555523958624491 ) ) ;
#2178 = CARTESIAN_POINT ( 'NONE',  ( 26.57879263872332487, 18.60545076651093410, -16.47913292464387780 ) ) ;
#2179 = ORIENTED_EDGE ( 'NONE', *, *, #4895, .F. ) ;
#2180 = CYLINDRICAL_SURFACE ( 'NONE', #5505, 7.500000000000001776 ) ;
#2181 = ADVANCED_FACE ( 'NONE', ( #1571 ), #3681, .F. ) ;
#2182 = CARTESIAN_POINT ( 'NONE',  ( -28.68558668217136898, 3.230076097500703458, 6.055875491711809389 ) ) ;
#2183 = CARTESIAN_POINT ( 'NONE',  ( -25.77895184307060816, 12.16918942053155206, 13.86753826793600552 ) ) ;
#2184 = CARTESIAN_POINT ( 'NONE',  ( 9.920115915877637747, 26.73845460252572082, 8.708053409295768432 ) ) ;
#2185 = CARTESIAN_POINT ( 'NONE',  ( -29.99999999999998579, 3.850630039644927560, -7.692963659851135283 ) ) ;
#2186 = DIRECTION ( 'NONE',  ( 0.000000000000000000, 0.000000000000000000, 1.000000000000000000 ) ) ;
#2187 = CARTESIAN_POINT ( 'NONE',  ( 24.21019428435171861, -18.31228879729001946, 5.974707322876433579 ) ) ;
#2188 = CARTESIAN_POINT ( 'NONE',  ( 20.51575920655577789, 17.59315462453985646, 14.05875187219485234 ) ) ;
#2189 = CARTESIAN_POINT ( 'NONE',  ( -12.14447959041739900, 28.50000000000000000, 1.737208699967808023 ) ) ;
#2190 = VERTEX_POINT ( 'NONE', #4047 ) ;
#2191 = CARTESIAN_POINT ( 'NONE',  ( 27.29337101541363353, 20.78873997144127017, -0.009936326239870863289 ) ) ;
#2192 = DIRECTION ( 'NONE',  ( 0.000000000000000000, -1.000000000000000000, -0.000000000000000000 ) ) ;
#2193 = ORIENTED_EDGE ( 'NONE', *, *, #4930, .F. ) ;
#2194 = CARTESIAN_POINT ( 'NONE',  ( 31.49999999999999289, -0.3919370997245434918, -6.613185368461674152 ) ) ;
#2195 = VERTEX_POINT ( 'NONE', #4562 ) ;
#2196 = CARTESIAN_POINT ( 'NONE',  ( -24.80908738821334580, -23.48397758212339070, 4.143024845159915870 ) ) ;
#2197 = CARTESIAN_POINT ( 'NONE',  ( 27.41120450040725132, -17.95687441515273974, 3.501085700999539085 ) ) ;
#2198 = CARTESIAN_POINT ( 'NONE',  ( -14.05084148575820535, -26.61831974107792220, 7.145956261482420580 ) ) ;
#2199 = CARTESIAN_POINT ( 'NONE',  ( 11.85572970902517476, -25.88645579259495477, 6.342711143767078674 ) ) ;
#2200 = CARTESIAN_POINT ( 'NONE',  ( 6.278329278868938879, 26.99999999999999645, 3.532849922440392199 ) ) ;
#2201 = B_SPLINE_CURVE_WITH_KNOTS ( 'NONE', 3,
 ( #4149, #5156, #4046, #2598, #756, #2703, #4667, #2220, #2116, #6130, #6004, #1597, #855, #1394, #2802, #5346, #2321, #1332, #6234, #1836, #4220, #5733, #448, #5318, #3794, #2358 ),
 .UNSPECIFIED., .F., .F.,
 ( 4, 2, 2, 2, 2, 2, 2, 2, 2, 2, 2, 2, 4 ),
 ( 1.227081223793883385E-16, 0.001982800953865457814, 0.003965601907730792464, 0.007931203815461468701, 0.009914004769326804217, 0.01189680572319214320, 0.01586240763092282985, 0.01982800953865352170, 0.02181081049251886936, 0.02379361144638421702, 0.02775921335411493315, 0.02974201430798029122, 0.03172481526184565276 ),
 .UNSPECIFIED. ) ;
#2202 = CARTESIAN_POINT ( 'NONE',  ( -31.41053553059796499, 10.67028765098722332, 4.347911703962875407 ) ) ;
#2203 = CARTESIAN_POINT ( 'NONE',  ( -9.088517669192759385, 25.44698814815014032, 8.195673856200079044 ) ) ;
#2204 = CARTESIAN_POINT ( 'NONE',  ( 31.33816781727345813, -11.12300518834126883, 0.4898727340199275360 ) ) ;
#2205 = CARTESIAN_POINT ( 'NONE',  ( 14.55152731867332605, -24.53933567512954994, 9.637822355383331541 ) ) ;
#2206 = CARTESIAN_POINT ( 'NONE',  ( -8.690165426444231400, -26.52323801343790777, 5.886880799264976538 ) ) ;
#2207 = CARTESIAN_POINT ( 'NONE',  ( -14.05084148575820535, -26.61831974107792220, 7.145956261482420580 ) ) ;
#2208 = LINE ( 'NONE', #6155, #3162 ) ;
#2209 = CARTESIAN_POINT ( 'NONE',  ( 17.10119187066170099, 24.10452296072314837, 6.207567955233560753 ) ) ;
#2210 = B_SPLINE_CURVE_WITH_KNOTS ( 'NONE', 3,
 ( #5596, #1196, #3185, #3145, #4670, #295, #2223, #4189, #3698, #5666, #5192, #1298, #2188, #2669, #329, #5262, #6102, #4288, #6237, #1197, #1707, #3663, #6133, #5630 ),
 .UNSPECIFIED., .F., .F.,
 ( 4, 2, 2, 2, 2, 2, 2, 2, 2, 2, 2, 4 ),
 ( 0.000000000000000000, 0.001811634064878568564, 0.003623268129757139730, 0.007246536259514277725, 0.009058170324392850192, 0.01086980438927142092, 0.01449307251902856759, 0.01811634064878571773, 0.02173960877854285920, 0.02355124284342143340, 0.02536287690830000413, 0.02898614503805715600 ),
 .UNSPECIFIED. ) ;
#2211 = CARTESIAN_POINT ( 'NONE',  ( -29.97332949828232174, 9.883949920255103549, 3.827406837430312070 ) ) ;
#2212 = AXIS2_PLACEMENT_3D ( 'NONE', #2814, #4202, #1754 ) ;
#2213 = CARTESIAN_POINT ( 'NONE',  ( 23.13774048902476466, -21.14715167376720473, 7.047952144459186385 ) ) ;
#2214 = CARTESIAN_POINT ( 'NONE',  ( 17.34266126904262961, 23.27692466540589322, -18.58658891120806089 ) ) ;
#2215 = ORIENTED_EDGE ( 'NONE', *, *, #3333, .T. ) ;
#2216 = CARTESIAN_POINT ( 'NONE',  ( -31.49999999999999289, 8.500000000000000000, 0.8039144995323185272 ) ) ;
#2217 = CARTESIAN_POINT ( 'NONE',  ( 29.99999999999998934, 8.500000000000001776, -10.63331683757129298 ) ) ;
#2218 = CIRCLE ( 'NONE', #2330, 24.00000000000000711 ) ;
#2219 = CARTESIAN_POINT ( 'NONE',  ( 19.15157322333348588, 24.38219348681284870, 7.015582241338533365 ) ) ;
#2220 = CARTESIAN_POINT ( 'NONE',  ( -19.70105731464229493, -26.75291538891827159, 0.5042945688590062536 ) ) ;
#2221 = ORIENTED_EDGE ( 'NONE', *, *, #1792, .T. ) ;
#2222 = CARTESIAN_POINT ( 'NONE',  ( 23.67951787750898518, 22.47909090945605826, 0.07329645182575131312 ) ) ;
#2223 = CARTESIAN_POINT ( 'NONE',  ( 24.42207398730222678, 11.57540987139363153, 13.88008686620455912 ) ) ;
#2224 = CARTESIAN_POINT ( 'NONE',  ( -29.96181038548337838, 2.566801422168364599, 6.891899428778836878 ) ) ;
#2225 = CARTESIAN_POINT ( 'NONE',  ( 26.71801544515705018, -4.018736348372017098, 12.51762119896230274 ) ) ;
#2226 = ORIENTED_EDGE ( 'NONE', *, *, #1902, .T. ) ;
#2227 = CARTESIAN_POINT ( 'NONE',  ( 20.94657740594258044, 23.03882222201317020, 7.084719194874082859 ) ) ;
#2228 = DIRECTION ( 'NONE',  ( 0.000000000000000000, 0.000000000000000000, -1.000000000000000000 ) ) ;
#2229 = VERTEX_POINT ( 'NONE', #3626 ) ;
#2230 = EDGE_CURVE ( 'NONE', #5336, #4524, #2667, .T. ) ;
#2231 = ORIENTED_EDGE ( 'NONE', *, *, #4022, .F. ) ;
#2232 = CARTESIAN_POINT ( 'NONE',  ( -12.85450719478724224, 25.46448453874321771, 12.61342798821561395 ) ) ;
#2233 = CARTESIAN_POINT ( 'NONE',  ( -17.68477737373772030, -27.56414717323234598, 0.7512309198581282876 ) ) ;
#2234 = CARTESIAN_POINT ( 'NONE',  ( 26.90949688310228538, -13.52354909010165152, 6.051060665743176692 ) ) ;
#2235 = CARTESIAN_POINT ( 'NONE',  ( -193.2911684466443489, 0.000000000000000000, -123.3408453358350982 ) ) ;
#2236 = FACE_OUTER_BOUND ( 'NONE', #3746, .T. ) ;
#2237 = CARTESIAN_POINT ( 'NONE',  ( 29.52498335551856101, -7.700404266506361672, 7.049557377645821354 ) ) ;
#2238 = ORIENTED_EDGE ( 'NONE', *, *, #5129, .T. ) ;
#2239 = CARTESIAN_POINT ( 'NONE',  ( -12.94696378049675545, 23.72900429614262308, 9.053771414278710239 ) ) ;
#2240 = CARTESIAN_POINT ( 'NONE',  ( 1.446604578473506109E-14, -1.797294370581401290, -53.99405775637983140 ) ) ;
#2241 = CARTESIAN_POINT ( 'NONE',  ( 23.98115323711519409, -15.45052135114067760, 14.06383687713371522 ) ) ;
#2242 = CARTESIAN_POINT ( 'NONE',  ( 29.99999999999999289, -9.107531662072206657, 0.7151438334239407224 ) ) ;
#2243 = CARTESIAN_POINT ( 'NONE',  ( 12.00424084308477468, -28.50000000000065725, 4.874667609280290748 ) ) ;
#2244 = AXIS2_PLACEMENT_3D ( 'NONE', #5765, #885, #5187 ) ;
#2245 = CARTESIAN_POINT ( 'NONE',  ( 29.99999999999999289, 1.149473445660309290, 1.605956394194620218 ) ) ;
#2246 = AXIS2_PLACEMENT_3D ( 'NONE', #1622, #5551, #5035 ) ;
#2247 = CARTESIAN_POINT ( 'NONE',  ( 3.862087187255352561E-16, -28.49999999999999645, 4.999999999999999112 ) ) ;
#2248 = EDGE_CURVE ( 'NONE', #1611, #1490, #904, .T. ) ;
#2249 = CARTESIAN_POINT ( 'NONE',  ( 23.23519468848721559, 19.60491171003087274, 5.921348842806321677 ) ) ;
#2250 = CARTESIAN_POINT ( 'NONE',  ( 19.60120814832574965, 22.59920311724272679, -18.31109919164084943 ) ) ;
#2251 = CARTESIAN_POINT ( 'NONE',  ( -25.24589953042609025, 16.79154474207076930, 5.982957350258102380 ) ) ;
#2252 = ORIENTED_EDGE ( 'NONE', *, *, #107, .F. ) ;
#2253 = DIRECTION ( 'NONE',  ( -0.000000000000000000, 0.000000000000000000, -1.000000000000000000 ) ) ;
#2254 = CARTESIAN_POINT ( 'NONE',  ( -3.440179961412718868, -26.94112288862195825, 5.401144668003294846 ) ) ;
#2255 = AXIS2_PLACEMENT_3D ( 'NONE', #3187, #2707, #794 ) ;
#2256 = CARTESIAN_POINT ( 'NONE',  ( 10.61094974827107507, -24.83395895975111145, 12.00328086148553197 ) ) ;
#2257 = CARTESIAN_POINT ( 'NONE',  ( 5.488947233800786359E-16, 27.00000000000000000, 4.999999999999999112 ) ) ;
#2258 = CARTESIAN_POINT ( 'NONE',  ( 16.24966541107780671, 26.42034423804725662, 0.8994706521236386365 ) ) ;
#2259 = DIRECTION ( 'NONE',  ( 0.000000000000000000, 1.000000000000000000, 0.000000000000000000 ) ) ;
#2260 = CARTESIAN_POINT ( 'NONE',  ( 3.141455665092668159, -26.99999999999999645, 4.277945079069685796 ) ) ;
#2261 = CARTESIAN_POINT ( 'NONE',  ( 21.49999999999999289, -6.900808533011558055, 1.136834755483775883 ) ) ;
#2262 = EDGE_CURVE ( 'NONE', #4874, #2453, #142, .T. ) ;
#2263 = CARTESIAN_POINT ( 'NONE',  ( -2.856479340798190325, 28.39266475662721589, 6.966719255952294354 ) ) ;
#2264 = EDGE_LOOP ( 'NONE', ( #3780, #3934, #5876, #658 ) ) ;
#2265 = CARTESIAN_POINT ( 'NONE',  ( -28.49999999999998934, 3.490243377569956456E-15, 80.00000000000000000 ) ) ;
#2266 = ORIENTED_EDGE ( 'NONE', *, *, #3316, .F. ) ;
#2267 = CARTESIAN_POINT ( 'NONE',  ( -3.141833219289977830, -28.49999999999999645, 4.277858461212904473 ) ) ;
#2268 = CARTESIAN_POINT ( 'NONE',  ( 29.99999999999998934, 8.500000000000001776, 5.000000000000000000 ) ) ;
#2269 = EDGE_CURVE ( 'NONE', #3696, #1360, #4649, .T. ) ;
#2270 = CARTESIAN_POINT ( 'NONE',  ( 29.85338143355189189, -10.90238604728467742, 0.4925603762169980526 ) ) ;
#2271 = CARTESIAN_POINT ( 'NONE',  ( -29.99999999999999289, -6.900808533012643409, 1.136834755483637327 ) ) ;
#2272 = CARTESIAN_POINT ( 'NONE',  ( -3.721127963934391936, 23.13105409698406589, -19.24076271835203045 ) ) ;
#2273 = CARTESIAN_POINT ( 'NONE',  ( 3.611584784088932839E-15, -4.005430514054416413, -48.87627166892349351 ) ) ;
#2274 = CARTESIAN_POINT ( 'NONE',  ( -14.95272330357520119, 26.31519863948428650, 7.151061588925394119 ) ) ;
#2275 = ORIENTED_EDGE ( 'NONE', *, *, #739, .F. ) ;
#2276 = CARTESIAN_POINT ( 'NONE',  ( 2.736392665458302422E-14, -0.9087266425091649058, -54.13379068229644275 ) ) ;
#2277 = CARTESIAN_POINT ( 'NONE',  ( 21.25170241342759070, -22.93031983313499111, 7.004708465257682981 ) ) ;
#2278 = CARTESIAN_POINT ( 'NONE',  ( 28.72499999999998721, 1.267133138419327398, 6.083427520652548104 ) ) ;
#2279 = ORIENTED_EDGE ( 'NONE', *, *, #134, .T. ) ;
#2280 = CARTESIAN_POINT ( 'NONE',  ( 29.99999999999999645, 7.992421398759073092, 3.942561554684077763 ) ) ;
#2281 = CARTESIAN_POINT ( 'NONE',  ( -23.31676964337622238, 19.37160254901437284, 5.985015916418265469 ) ) ;
#2282 = CARTESIAN_POINT ( 'NONE',  ( 27.93099910540580311, 10.45430999257166782, 6.041059062841047655 ) ) ;
#2283 = CARTESIAN_POINT ( 'NONE',  ( -31.49999999999998579, -8.500000000000000000, 0.8039144995327114351 ) ) ;
#2284 = ORIENTED_EDGE ( 'NONE', *, *, #2230, .T. ) ;
#2285 = CARTESIAN_POINT ( 'NONE',  ( -30.00000000000007816, -9.095566091227215821, 0.7168922066995262465 ) ) ;
#2286 = CARTESIAN_POINT ( 'NONE',  ( 17.99755728211170691, -20.16199867341807561, 13.85538875239804568 ) ) ;
#2287 = CARTESIAN_POINT ( 'NONE',  ( 10.29309592552062647, -26.25299711024275595, 6.105408687617775776 ) ) ;
#2288 = CARTESIAN_POINT ( 'NONE',  ( 0.000000000000000000, -26.99999999999999645, 5.000000000000000000 ) ) ;
#2289 = CARTESIAN_POINT ( 'NONE',  ( -9.401036392209755732, 26.99999999999999645, 2.737135302395517389 ) ) ;
#2290 = EDGE_CURVE ( 'NONE', #467, #2080, #5934, .T. ) ;
#2291 = DIRECTION ( 'NONE',  ( -1.000000000000000000, -0.000000000000000000, 0.000000000000000000 ) ) ;
#2292 = CARTESIAN_POINT ( 'NONE',  ( 9.401036392209761061, -28.49999999999999645, 2.737135302395515168 ) ) ;
#2293 = EDGE_LOOP ( 'NONE', ( #2862, #5376, #2661, #5126, #5812, #3826, #1834, #1709 ) ) ;
#2294 = CARTESIAN_POINT ( 'NONE',  ( -11.49999999999987388, -18.49999999999999645, 1.893709856737651798 ) ) ;
#2295 = VERTEX_POINT ( 'NONE', #3762 ) ;
#2296 = CARTESIAN_POINT ( 'NONE',  ( -1.570895695053619256, -28.49999999999999645, 4.638841900424411691 ) ) ;
#2297 = EDGE_CURVE ( 'NONE', #5956, #2481, #2647, .T. ) ;
#2298 =( BOUNDED_SURFACE ( )  B_SPLINE_SURFACE ( 3, 2, ( 
 ( #1111, #2687, #5578 ),
 ( #5141, #4100, #1177 ),
 ( #1650, #3611, #706 ),
 ( #3644, #4513, #249 ),
 ( #2551, #638, #6088 ),
 ( #4653, #281, #145 ),
 ( #3060, #2205, #4167 ),
 ( #2583, #1725, #2754 ),
 ( #374, #1760, #6220 ),
 ( #6286, #2309, #2722 ),
 ( #4209, #4690, #2791 ),
 ( #1315, #4269, #2277 ),
 ( #842, #1888, #3719 ),
 ( #3844, #1823, #6153 ),
 ( #5277, #311, #2851 ),
 ( #902, #3748, #809 ),
 ( #5687, #436, #4788 ),
 ( #2241, #3782, #3304 ),
 ( #1282, #873, #6186 ),
 ( #1858, #4239, #3814 ),
 ( #1413, #3243, #3338 ),
 ( #5210, #4722, #2820 ),
 ( #345, #5785, #1790 ),
 ( #778, #5175, #5718 ),
 ( #5753, #3273, #5815 ),
 ( #5245, #408, #1381 ) ),
 .UNSPECIFIED., .F., .F., .T. ) 
 B_SPLINE_SURFACE_WITH_KNOTS ( ( 4, 2, 2, 2, 2, 2, 2, 2, 2, 2, 2, 2, 4 ),
 ( 3, 3 ),
 ( 0.008344040693241742274, 0.01091060809116993491, 0.01347717548909812928, 0.01861031028495451628, 0.02117687768288270891, 0.02374344508081090155, 0.02887657987666728682, 0.03144314727459547598, 0.03400971467252367209, 0.03914284946838005735, 0.04170941686630824652, 0.04427598426423644262, 0.04940911906009282789 ),
 ( 0.000000000000000000, 0.6892685164792344832 ),
 .UNSPECIFIED. ) 
 GEOMETRIC_REPRESENTATION_ITEM ( )  RATIONAL_B_SPLINE_SURFACE ( (
 ( 1.000000000000000000, 0.9621915252836253929, 0.9765034331234472287),
 ( 1.000000000000000000, 0.9584211595715367293, 0.9741602904611808000),
 ( 1.000000000000000000, 0.9545960783202132038, 0.9717831441175583951),
 ( 1.000000000000000000, 0.9470551856024963522, 0.9670967585550640511),
 ( 1.000000000000000000, 0.9433630025328564317, 0.9648022035097452154),
 ( 1.000000000000000000, 0.9326077849813307896, 0.9581182340989968793),
 ( 1.000000000000000000, 0.9258621439989329627, 0.9539260680394792136),
 ( 1.000000000000000000, 0.9167476163566611325, 0.9482617266477306739),
 ( 1.000000000000000000, 0.9138684853556677812, 0.9464724533533522832),
 ( 1.000000000000000000, 0.9085710973506556654, 0.9431803228861872501),
 ( 1.000000000000000000, 0.9061524830410794262, 0.9416772436612288466),
 ( 1.000000000000000000, 0.8996569839561581183, 0.9376405315274980445),
 ( 1.000000000000000000, 0.8963421900622632332, 0.9355805098790670460),
 ( 1.000000000000000000, 0.8931666168473623157, 0.9336070087268770745),
 ( 1.000000000000000000, 0.8924062337173377379, 0.9331344587708036986),
 ( 1.000000000000000000, 0.8915280468568351768, 0.9325886981588589197),
 ( 1.000000000000000000, 0.8914081789476129281, 0.9325142046923406980),
 ( 1.000000000000000000, 0.8919898009422549956, 0.9328756612228275014),
 ( 1.000000000000000000, 0.8936363885139548824, 0.9338989544206297566),
 ( 1.000000000000000000, 0.8978496636438260126, 0.9365173488838016702),
 ( 1.000000000000000000, 0.8995435996377543209, 0.9375700673725668732),
 ( 1.000000000000000000, 0.9034772391890734111, 0.9400146786794016940),
 ( 1.000000000000000000, 0.9057269858115660766, 0.9414128128905074888),
 ( 1.000000000000000000, 0.9131189833823931679, 0.9460066656332374313),
 ( 1.000000000000000000, 0.9189155821768381083, 0.9496090371187826396),
 ( 1.000000000000000000, 0.9253154784579745717, 0.9535863356504157284) ) ) 
 REPRESENTATION_ITEM ( '' )  SURFACE ( )  );
#2299 = CARTESIAN_POINT ( 'NONE',  ( -7.063123979738836766, -28.14457527641599910, 6.152760744252590897 ) ) ;
#2300 = ADVANCED_FACE ( 'NONE', ( #5347 ), #1014, .F. ) ;
#2301 = CARTESIAN_POINT ( 'NONE',  ( 31.49999999999998579, 8.500000000000000000, 5.000000000000000000 ) ) ;
#2302 = EDGE_CURVE ( 'NONE', #2229, #1201, #2882, .T. ) ;
#2303 = CARTESIAN_POINT ( 'NONE',  ( 14.05084148575820358, 26.61831974107792220, 7.145956261482421468 ) ) ;
#2304 = CARTESIAN_POINT ( 'NONE',  ( -1.017636000423012891E-14, -7.969260130104438566, -45.86066522741557350 ) ) ;
#2305 = CARTESIAN_POINT ( 'NONE',  ( 1.570895695030940509, 28.49999999999999645, 4.638841900325131107 ) ) ;
#2306 = CARTESIAN_POINT ( 'NONE',  ( -16.27146095640766177, 21.55440333334334113, 13.59609217541686910 ) ) ;
#2307 = ORIENTED_EDGE ( 'NONE', *, *, #1436, .T. ) ;
#2308 = CARTESIAN_POINT ( 'NONE',  ( 2.762172485080842171E-14, -4.322277435069080909, -53.03580897790826754 ) ) ;
#2309 = CARTESIAN_POINT ( 'NONE',  ( 17.46457944983457722, -22.53270206445610668, 9.837324963257355392 ) ) ;
#2310 = LINE ( 'NONE', #3245, #4791 ) ;
#2311 = ORIENTED_EDGE ( 'NONE', *, *, #1942, .F. ) ;
#2312 = DIRECTION ( 'NONE',  ( 1.000000000000000000, 0.000000000000000000, 0.000000000000000000 ) ) ;
#2313 = CARTESIAN_POINT ( 'NONE',  ( -13.44900123557036942, 26.81021131013861947, 7.141646099024389294 ) ) ;
#2314 = CARTESIAN_POINT ( 'NONE',  ( -29.27261281947449589, 13.78338670109626030, 3.614667193772634235 ) ) ;
#2315 = CARTESIAN_POINT ( 'NONE',  ( -11.49999999999999289, -8.500000000000000000, -10.99999999999241851 ) ) ;
#2316 = CARTESIAN_POINT ( 'NONE',  ( -26.05607471983761059, -7.101566807977255813, 13.22418173540227571 ) ) ;
#2317 = EDGE_LOOP ( 'NONE', ( #3467, #3508, #851, #5481, #6257 ) ) ;
#2318 = CARTESIAN_POINT ( 'NONE',  ( -25.23613493301771626, -16.80704363955555181, 5.982799780195977135 ) ) ;
#2319 = B_SPLINE_CURVE_WITH_KNOTS ( 'NONE', 3,
 ( #955, #2989, #2904, #4872, #485, #515, #575, #2514, #3995, #5954, #4904, #2455, #607, #6045, #2062, #2609, #1244, #139, #2644, #4161 ),
 .UNSPECIFIED., .F., .F.,
 ( 4, 2, 2, 2, 2, 2, 2, 2, 2, 4 ),
 ( 0.000000000000000000, 0.005794500563595528925, 0.007243125704494404217, 0.008691750845393277775, 0.01158900112719102142, 0.01448625140898876680, 0.01593487654988764296, 0.01738350169078651739, 0.02028075197258426970, 0.02317800225438201855 ),
 .UNSPECIFIED. ) ;
#2320 = FACE_OUTER_BOUND ( 'NONE', #3884, .T. ) ;
#2321 = CARTESIAN_POINT ( 'NONE',  ( -28.81250600384122151, -18.53538421327203523, 0.01253428125171321753 ) ) ;
#2322 = VECTOR ( 'NONE', #3597, 1000.000000000000000 ) ;
#2323 = ORIENTED_EDGE ( 'NONE', *, *, #1691, .F. ) ;
#2324 = CARTESIAN_POINT ( 'NONE',  ( -31.49999999999999289, 4.892326411152225774, 4.437967783528860011 ) ) ;
#2325 = CARTESIAN_POINT ( 'NONE',  ( -26.82254153032086919, -9.659192435288295187, 9.820494559909631604 ) ) ;
#2326 = CARTESIAN_POINT ( 'NONE',  ( 28.71797922822391413, -13.28447849571728590, -14.03504529070943185 ) ) ;
#2327 = CARTESIAN_POINT ( 'NONE',  ( 10.81734303674494768, 28.49999999999999645, 2.217152134492534898 ) ) ;
#2328 = CARTESIAN_POINT ( 'NONE',  ( 1.542074068052340967E-15, 28.49999999999999645, 4.999999999999999112 ) ) ;
#2329 = ORIENTED_EDGE ( 'NONE', *, *, #5814, .F. ) ;
#2330 = AXIS2_PLACEMENT_3D ( 'NONE', #402, #2718, #2337 ) ;
#2331 = CARTESIAN_POINT ( 'NONE',  ( -1.719364400948588223, -26.99999999999999645, 5.200439712359314015 ) ) ;
#2332 = CARTESIAN_POINT ( 'NONE',  ( -9.401036392209755732, 26.99999999999999645, 2.737135302395517389 ) ) ;
#2333 = CARTESIAN_POINT ( 'NONE',  ( -28.07315892592064088, 9.165287205240513657, 6.211889697023299739 ) ) ;
#2334 = CIRCLE ( 'NONE', #4799, 251.7911684466444626 ) ;
#2335 = CARTESIAN_POINT ( 'NONE',  ( 11.49999999999998046, -36.74234614174768154, 10.66248444409500884 ) ) ;
#2336 = CARTESIAN_POINT ( 'NONE',  ( -1.833243000936238376, 22.55961163720577645, -19.46956319209441233 ) ) ;
#2337 = DIRECTION ( 'NONE',  ( -1.000000000000000000, 0.000000000000000000, 0.000000000000000000 ) ) ;
#2338 = CARTESIAN_POINT ( 'NONE',  ( -15.63120099222336989, 26.05078649259699830, 7.151082884841273746 ) ) ;
#2339 =( BOUNDED_SURFACE ( )  B_SPLINE_SURFACE ( 3, 2, ( 
 ( #1805, #2773, #2360 ),
 ( #3796, #1334, #4322 ),
 ( #1840, #3831, #5261 ),
 ( #3287, #857, #4771 ),
 ( #5800, #2325, #4287 ),
 ( #450, #4802, #1900 ),
 ( #3858, #5826, #1422 ),
 ( #3381, #5348, #940 ),
 ( #4860, #2411, #590 ),
 ( #1504, #4006, #2561 ),
 ( #4487, #5880, #2045 ),
 ( #5492, #60, #2529 ),
 ( #120, #5938, #3529 ),
 ( #1534, #3033, #3464 ),
 ( #3495, #4950, #2971 ),
 ( #5459, #5966, #3405 ),
 ( #498, #1026, #4037 ),
 ( #1056, #4521, #5009 ),
 ( #4404, #2438, #27 ),
 ( #153, #1979, #5909 ),
 ( #2076, #5995, #619 ),
 ( #3946, #3002, #1088 ),
 ( #558, #2496, #4977 ),
 ( #4886, #4459, #5373 ),
 ( #1952, #2917, #967 ),
 ( #3920, #5429, #1474 ) ),
 .UNSPECIFIED., .F., .F., .F. ) 
 B_SPLINE_SURFACE_WITH_KNOTS ( ( 4, 2, 2, 2, 2, 2, 2, 2, 2, 2, 2, 2, 4 ),
 ( 3, 3 ),
 ( 0.01710051198309509024, 0.01966750212330893935, 0.02223449226352278846, 0.02736847254395048668, 0.02993546268416433578, 0.03250245282437818489, 0.03763643310480588311, 0.04277041338523358133, 0.04533740352544743391, 0.04790439366566127954, 0.05303837394608898470, 0.05560536408630283034, 0.05817235422651668292 ),
 ( 0.000000000000000000, 0.6893190075048655219 ),
 .UNSPECIFIED. ) 
 GEOMETRIC_REPRESENTATION_ITEM ( )  RATIONAL_B_SPLINE_SURFACE ( (
 ( 1.000000000000000000, 0.9253100075884916897, 0.9535904780562771688),
 ( 1.000000000000000000, 0.9220845829485639911, 0.9515863217995750301),
 ( 1.000000000000000000, 0.9190076690430739603, 0.9496744444676157304),
 ( 1.000000000000000000, 0.9132191912852346549, 0.9460777044379324874),
 ( 1.000000000000000000, 0.9105132254854226836, 0.9443963201572456168),
 ( 1.000000000000000000, 0.9031461665695917906, 0.9398187098057647626),
 ( 1.000000000000000000, 0.8991942299314092946, 0.9373631266117077310),
 ( 1.000000000000000000, 0.8949860486960481420, 0.9347483227661048666),
 ( 1.000000000000000000, 0.8938698746321682709, 0.9340547746341780755),
 ( 1.000000000000000000, 0.8922525397374534428, 0.9330498242136040510),
 ( 1.000000000000000000, 0.8917547913819358074, 0.9327405423073940050),
 ( 1.000000000000000000, 0.8912250112505980537, 0.9324113570733774115),
 ( 1.000000000000000000, 0.8921468875633481455, 0.9329841759689831981),
 ( 1.000000000000000000, 0.8963863997493434210, 0.9356184476762636759),
 ( 1.000000000000000000, 0.8997015055101679204, 0.9376783283722622819),
 ( 1.000000000000000000, 0.9062710188003565426, 0.9417603741906739323),
 ( 1.000000000000000000, 0.9087120031754998273, 0.9432771090873433018),
 ( 1.000000000000000000, 0.9139895214451689842, 0.9465563583152072358),
 ( 1.000000000000000000, 0.9168313652800719193, 0.9483221720414949374),
 ( 1.000000000000000000, 0.9258676451288773146, 0.9539369728252760083),
 ( 1.000000000000000000, 0.9325701990584847056, 0.9581016850394814544),
 ( 1.000000000000000000, 0.9433049321957340805, 0.9647718401299835156),
 ( 1.000000000000000000, 0.9469975318599095360, 0.9670662811870898157),
 ( 1.000000000000000000, 0.9545583885167708837, 0.9717643100876240947),
 ( 1.000000000000000000, 0.9583852576015329250, 0.9741421810584298679),
 ( 1.000000000000000000, 0.9621887556972881228, 0.9765055301851148783) ) ) 
 REPRESENTATION_ITEM ( '' )  SURFACE ( )  );
#2340 = ORIENTED_EDGE ( 'NONE', *, *, #4203, .T. ) ;
#2341 = CARTESIAN_POINT ( 'NONE',  ( 1.191051985057049410E-14, -21.08527733673683002, -23.16408875141697621 ) ) ;
#2342 = CYLINDRICAL_SURFACE ( 'NONE', #2447, 9.000000000000000000 ) ;
#2343 = CARTESIAN_POINT ( 'NONE',  ( 11.49999999999999645, -26.99999999999999645, 1.893709856737193720 ) ) ;
#2344 = CARTESIAN_POINT ( 'NONE',  ( -1.509040670747314876E-14, -1.234392413802907908E-11, -54.18169523464123927 ) ) ;
#2345 = ORIENTED_EDGE ( 'NONE', *, *, #1664, .F. ) ;
#2346 = CARTESIAN_POINT ( 'NONE',  ( 26.65357701034969651, -4.477649041230323590, 8.971373090469368705 ) ) ;
#2347 = CARTESIAN_POINT ( 'NONE',  ( 9.949894874900669706, -28.50000000000001066, 4.809536695428103137 ) ) ;
#2348 = EDGE_CURVE ( 'NONE', #3632, #1592, #5531, .T. ) ;
#2349 = CARTESIAN_POINT ( 'NONE',  ( -20.54144513487390356, 24.65173649094569441, 0.3385897111611774202 ) ) ;
#2350 = AXIS2_PLACEMENT_3D ( 'NONE', #2978, #3537, #4439 ) ;
#2351 = CARTESIAN_POINT ( 'NONE',  ( 26.05797828410658212, 7.116085391271624871, 9.178328234447768352 ) ) ;
#2352 = CARTESIAN_POINT ( 'NONE',  ( -21.33360431074621033, -16.58787376744567155, 9.288384347164420518 ) ) ;
#2353 = VERTEX_POINT ( 'NONE', #3857 ) ;
#2354 = CARTESIAN_POINT ( 'NONE',  ( -29.70388370292311109, -11.81076423743378889, 0.3978560588210187099 ) ) ;
#2355 = AXIS2_PLACEMENT_3D ( 'NONE', #3101, #2592, #3691 ) ;
#2356 = B_SPLINE_CURVE_WITH_KNOTS ( 'NONE', 3,
 ( #5447, #4966, #574, #2513, #4996, #633 ),
 .UNSPECIFIED., .F., .F.,
 ( 4, 2, 4 ),
 ( -3.892731316397157683E-05, 0.005157009306126645459, 0.01035294592541726247 ),
 .UNSPECIFIED. ) ;
#2357 = CARTESIAN_POINT ( 'NONE',  ( -31.49999999999999289, 8.500000000000008882, -10.02838013942480089 ) ) ;
#2358 = CARTESIAN_POINT ( 'NONE',  ( -31.49999999999998579, -8.500000000000000000, 0.8039144995327114351 ) ) ;
#2359 = CARTESIAN_POINT ( 'NONE',  ( 29.85017306416250094, 10.92742138005671215, 0.4897406860004132612 ) ) ;
#2360 = CARTESIAN_POINT ( 'NONE',  ( -29.56774035445648963, -7.720445221297579153, 6.989311161842130637 ) ) ;
#2361 = CARTESIAN_POINT ( 'NONE',  ( 24.74534362115026553, -17.97804384064022543, -16.36649002711616419 ) ) ;
#2362 = CARTESIAN_POINT ( 'NONE',  ( 0.1673787466586886541, -26.99999999999999645, 5.121637297096629737 ) ) ;
#2363 = CIRCLE ( 'NONE', #3890, 9.999999999999998224 ) ;
#2364 = ORIENTED_EDGE ( 'NONE', *, *, #2758, .T. ) ;
#2365 = CARTESIAN_POINT ( 'NONE',  ( 31.50000000000000000, -8.099956873288268966, 4.451068901186287619 ) ) ;
#2366 = CIRCLE ( 'NONE', #5941, 24.00000000000001066 ) ;
#2367 = CARTESIAN_POINT ( 'NONE',  ( -26.33374288825983811, 5.961038961038960693, 12.96227999980796319 ) ) ;
#2368 = CARTESIAN_POINT ( 'NONE',  ( 22.43244849127297869, 21.81949519611212551, 7.058730377737696848 ) ) ;
#2369 = CARTESIAN_POINT ( 'NONE',  ( 2.118680152263011903E-15, -13.25694634961850937, -38.46416656845216409 ) ) ;
#2370 = CARTESIAN_POINT ( 'NONE',  ( -11.49999999999995204, 28.49999999999999645, 1.893709856737207708 ) ) ;
#2371 = ADVANCED_FACE ( 'NONE', ( #2772 ), #4924, .T. ) ;
#2372 = VERTEX_POINT ( 'NONE', #119 ) ;
#2373 = CARTESIAN_POINT ( 'NONE',  ( -31.37436402842651972, 10.55826086381228635, -11.75486341951043201 ) ) ;
#2374 = DIRECTION ( 'NONE',  ( 0.000000000000000000, -0.1340132229723687285, -0.9909795437185160427 ) ) ;
#2375 = EDGE_CURVE ( 'NONE', #5714, #2708, #1517, .T. ) ;
#2376 = CARTESIAN_POINT ( 'NONE',  ( -13.00230676365166005, 26.94417353699723350, 7.120757298330507190 ) ) ;
#2377 = CARTESIAN_POINT ( 'NONE',  ( 28.72499999999998366, -1.267133138419358263, 6.083427520652552545 ) ) ;
#2378 = ORIENTED_EDGE ( 'NONE', *, *, #4345, .T. ) ;
#2379 = CARTESIAN_POINT ( 'NONE',  ( -11.64458529098363648, -24.36653273070900738, 12.40661472565605372 ) ) ;
#2380 = B_SPLINE_CURVE_WITH_KNOTS ( 'NONE', 3,
 ( #573, #4119, #297, #1673, #4224, #6073 ),
 .UNSPECIFIED., .F., .F.,
 ( 4, 2, 4 ),
 ( -3.982142086042890136E-05, 0.005280036836877254232, 0.01059989509461493722 ),
 .UNSPECIFIED. ) ;
#2381 = B_SPLINE_CURVE_WITH_KNOTS ( 'NONE', 3,
 ( #1863, #932, #3342, #3820, #6224, #4875 ),
 .UNSPECIFIED., .F., .F.,
 ( 4, 2, 4 ),
 ( 0.000000000000000000, 0.001131040970656084629, 0.002262081941312169258 ),
 .UNSPECIFIED. ) ;
#2382 = EDGE_CURVE ( 'NONE', #5275, #1581, #71, .T. ) ;
#2383 = CARTESIAN_POINT ( 'NONE',  ( 13.10589694847183218, -25.56101291906734119, 6.383227113165091282 ) ) ;
#2384 = CARTESIAN_POINT ( 'NONE',  ( -17.99132301766190167, 25.87855332895298233, 3.843075438457348891 ) ) ;
#2385 = CARTESIAN_POINT ( 'NONE',  ( -22.63506201438862675, -14.73031603873225137, 9.290630274008421452 ) ) ;
#2386 = ORIENTED_EDGE ( 'NONE', *, *, #6065, .F. ) ;
#2387 = CARTESIAN_POINT ( 'NONE',  ( -29.97130445119091746, -9.696120173641535445, 0.6374215710336391671 ) ) ;
#2388 = CARTESIAN_POINT ( 'NONE',  ( -24.13550538850488536, 12.11744192807835496, 13.91814034258575994 ) ) ;
#2389 = CARTESIAN_POINT ( 'NONE',  ( -29.99999999999999289, 7.830548889585851585E-23, -6.979998821817708254 ) ) ;
#2390 = CARTESIAN_POINT ( 'NONE',  ( -26.94329940594515804, -2.014719256519178270, 12.22301151736157543 ) ) ;
#2391 = EDGE_CURVE ( 'NONE', #4111, #4334, #3192, .T. ) ;
#2392 = CARTESIAN_POINT ( 'NONE',  ( 31.49999999999999289, -4.610959820979807056, 1.446498065855257309 ) ) ;
#2393 = EDGE_CURVE ( 'NONE', #22, #4952, #2759, .T. ) ;
#2394 = CARTESIAN_POINT ( 'NONE',  ( 3.723013088219421896, -21.71422275027124726, -18.17138470726575505 ) ) ;
#2395 = CARTESIAN_POINT ( 'NONE',  ( 31.50000000000000711, 0.7866396808498635762, -6.613185368461679481 ) ) ;
#2396 = CARTESIAN_POINT ( 'NONE',  ( 27.99163218765282224, -13.94771604484266092, 7.071304339531113925 ) ) ;
#2397 = CARTESIAN_POINT ( 'NONE',  ( -12.09822080013660539, 28.49999999999999645, 1.748441880744228794 ) ) ;
#2398 = ORIENTED_EDGE ( 'NONE', *, *, #4382, .T. ) ;
#2399 = CARTESIAN_POINT ( 'NONE',  ( 30.68835749205841168, -12.93000927712800419, -13.37509485633292172 ) ) ;
#2400 = DIRECTION ( 'NONE',  ( 0.000000000000000000, 0.9909795437185320299, 0.1340132229722506008 ) ) ;
#2401 = CARTESIAN_POINT ( 'NONE',  ( -9.767049207610513761, -28.49999999999999645, 2.629160492533357818 ) ) ;
#2402 = CARTESIAN_POINT ( 'NONE',  ( -2.875338846420539410E-15, 20.33157720313494110, -25.74698622048778063 ) ) ;
#2403 = ORIENTED_EDGE ( 'NONE', *, *, #5987, .F. ) ;
#2404 = CARTESIAN_POINT ( 'NONE',  ( -22.65262873122749809, -14.70445753652200693, 14.05862400415473346 ) ) ;
#2405 = CARTESIAN_POINT ( 'NONE',  ( 36.00000000000000711, 0.000000000000000000, -204.9999999999999147 ) ) ;
#2406 = CARTESIAN_POINT ( 'NONE',  ( -15.69251422690831177, -21.98384154899414611, 9.245812924177286618 ) ) ;
#2407 = ORIENTED_EDGE ( 'NONE', *, *, #134, .F. ) ;
#2408 = CARTESIAN_POINT ( 'NONE',  ( -22.91688196333286953, -23.10621954158274249, 3.564591802770741502 ) ) ;
#2409 = DIRECTION ( 'NONE',  ( 0.000000000000000000, -0.000000000000000000, 1.000000000000000000 ) ) ;
#2410 = CARTESIAN_POINT ( 'NONE',  ( -29.80696866490449182, 5.117874391693736591, 6.955621471969236858 ) ) ;
#2411 = CARTESIAN_POINT ( 'NONE',  ( -24.53815563435179925, -14.50889447651768727, 9.907596816149617069 ) ) ;
#2412 = LINE ( 'NONE', #823, #5433 ) ;
#2413 = ORIENTED_EDGE ( 'NONE', *, *, #2650, .T. ) ;
#2414 = CARTESIAN_POINT ( 'NONE',  ( -19.70792357527993133, 24.02261227646388875, 7.013888425913879843 ) ) ;
#2415 = DIRECTION ( 'NONE',  ( -0.9666727220510439311, 5.864594280954755322E-15, -0.2560153285301983717 ) ) ;
#2416 = CARTESIAN_POINT ( 'NONE',  ( -26.71801544515705018, 4.018736348372018874, 12.51762119896229031 ) ) ;
#2417 = EDGE_CURVE ( 'NONE', #5389, #3376, #4346, .T. ) ;
#2418 = CARTESIAN_POINT ( 'NONE',  ( -0.7117084494435689246, 28.49166751729250890, 5.489898574158696753 ) ) ;
#2419 = AXIS2_PLACEMENT_3D ( 'NONE', #3110, #2259, #232 ) ;
#2420 = CARTESIAN_POINT ( 'NONE',  ( 28.64011531289598977, -12.12713777419903494, 7.105546616862203457 ) ) ;
#2421 =( BOUNDED_SURFACE ( )  B_SPLINE_SURFACE ( 3, 2, ( 
 ( #1747, #4225, #5163 ),
 ( #5703, #763, #796 ),
 ( #4193, #4805, #2836 ),
 ( #3261, #5292, #2776 ),
 ( #4675, #3324, #4741 ),
 ( #1774, #1843, #6137 ) ),
 .UNSPECIFIED., .F., .F., .F. ) 
 B_SPLINE_SURFACE_WITH_KNOTS ( ( 4, 2, 4 ),
 ( 3, 3 ),
 ( 0.03550884554978882279, 0.04202798609131315477, 0.04854712663283747981 ),
 ( 0.3082587379503238245, 1.000000000000000000 ),
 .UNSPECIFIED. ) 
 GEOMETRIC_REPRESENTATION_ITEM ( )  RATIONAL_B_SPLINE_SURFACE ( (
 ( 0.9766067916395347881, 0.9620558876675946447, 1.000000000000000000),
 ( 0.9844686347440194663, 0.9748079075401858695, 1.000000000000000000),
 ( 0.9902866605045246295, 0.9842448269916674874, 1.000000000000000000),
 ( 0.9980482327280539856, 0.9968342060878407906, 1.000000000000000000),
 ( 0.9999950968395170392, 0.9999920470048706544, 1.000000000000000000),
 ( 1.000000000000000000, 1.000000000000000000, 1.000000000000000000) ) ) 
 REPRESENTATION_ITEM ( '' )  SURFACE ( )  );
#2422 = CARTESIAN_POINT ( 'NONE',  ( 27.79672860427426784, -6.292207792207793915, 12.96227999980796675 ) ) ;
#2423 = CARTESIAN_POINT ( 'NONE',  ( -21.35117402472563342, 16.53632837355587526, 9.289265487197704729 ) ) ;
#2424 = AXIS2_PLACEMENT_3D ( 'NONE', #2793, #4760, #2312 ) ;
#2425 = VERTEX_POINT ( 'NONE', #5149 ) ;
#2426 = CARTESIAN_POINT ( 'NONE',  ( -17.35462376846782817, 23.25235694018738286, -18.57498157124822669 ) ) ;
#2427 = DIRECTION ( 'NONE',  ( -0.9753238106762902593, 0.2207792207792208805, 0.000000000000000000 ) ) ;
#2428 = CARTESIAN_POINT ( 'NONE',  ( -4.347496136973103281E-15, -27.00000000000000000, 4.999999999999999112 ) ) ;
#2429 = CARTESIAN_POINT ( 'NONE',  ( 13.63289868852470477, 28.38835740961832244, 1.427329560309481105 ) ) ;
#2430 = ORIENTED_EDGE ( 'NONE', *, *, #6092, .F. ) ;
#2431 = CARTESIAN_POINT ( 'NONE',  ( 28.71173722218376412, 2.613975629020605318, 6.058050566355261068 ) ) ;
#2432 = CARTESIAN_POINT ( 'NONE',  ( 13.88479525249188562, -23.19093241837165209, 9.142072527727259867 ) ) ;
#2433 = CARTESIAN_POINT ( 'NONE',  ( -14.43600840704438504, -25.34838257848292997, 6.113246113881770860 ) ) ;
#2434 = VERTEX_POINT ( 'NONE', #315 ) ;
#2435 = CARTESIAN_POINT ( 'NONE',  ( -12.69669775888675112, -27.00000000000001421, 4.357740466547255664 ) ) ;
#2436 = CARTESIAN_POINT ( 'NONE',  ( 29.52498335551858588, 7.700404266506390982, 7.049557377645790268 ) ) ;
#2437 = CARTESIAN_POINT ( 'NONE',  ( -31.49999999999998579, -5.755210747062458054, 1.291757480585744133 ) ) ;
#2438 = CARTESIAN_POINT ( 'NONE',  ( -16.00831910500507860, -23.59102367021618107, 9.756854861341150098 ) ) ;
#2439 = CARTESIAN_POINT ( 'NONE',  ( 27.53810311322860471, -14.83432481688362614, 7.061209555174880137 ) ) ;
#2440 = CARTESIAN_POINT ( 'NONE',  ( -28.38115053382662012, 2.653690313405250745, 12.29614515990471979 ) ) ;
#2441 = ORIENTED_EDGE ( 'NONE', *, *, #3323, .F. ) ;
#2442 = CARTESIAN_POINT ( 'NONE',  ( -23.60051628894735387, 20.73836631960200094, 6.984453038436291727 ) ) ;
#2443 = B_SPLINE_CURVE_WITH_KNOTS ( 'NONE', 3,
 ( #1272, #4326, #394, #3768, #2392, #1750 ),
 .UNSPECIFIED., .F., .F.,
 ( 4, 2, 4 ),
 ( 8.673617379884035472E-19, 0.006916723433682734311, 0.01383344686736546689 ),
 .UNSPECIFIED. ) ;
#2444 = CARTESIAN_POINT ( 'NONE',  ( 1.782535616577738624, 28.50000000000803624, 5.304406064322654935 ) ) ;
#2445 = EDGE_CURVE ( 'NONE', #951, #143, #5487, .T. ) ;
#2446 = CARTESIAN_POINT ( 'NONE',  ( 28.50044032438538366, -0.5089104144552180076, 12.14084538655400358 ) ) ;
#2447 = AXIS2_PLACEMENT_3D ( 'NONE', #4304, #4756, #6253 ) ;
#2448 = CARTESIAN_POINT ( 'NONE',  ( -8.512987012987007773, 27.19887961142360311, 10.66248444409494311 ) ) ;
#2449 = CARTESIAN_POINT ( 'NONE',  ( 26.27081329413334032, -11.06761677775199004, 13.75894594631031609 ) ) ;
#2450 = CIRCLE ( 'NONE', #4925, 10.00000000000000000 ) ;
#2451 = ADVANCED_FACE ( 'NONE', ( #5656 ), #2787, .F. ) ;
#2452 = CARTESIAN_POINT ( 'NONE',  ( -21.50536731698651849, 21.30736553600524630, 5.953164450789982354 ) ) ;
#2453 = VERTEX_POINT ( 'NONE', #783 ) ;
#2454 = CARTESIAN_POINT ( 'NONE',  ( 2.265596578422603396E-15, 27.00000000000000000, 5.000000000000000000 ) ) ;
#2455 = CARTESIAN_POINT ( 'NONE',  ( -21.30723205595977632, -22.75746818370451408, 7.078176791756712660 ) ) ;
#2456 = CARTESIAN_POINT ( 'NONE',  ( 16.30964848351745644, 25.76547095681644706, 7.148907239812267278 ) ) ;
#2457 = ORIENTED_EDGE ( 'NONE', *, *, #5302, .T. ) ;
#2458 = CARTESIAN_POINT ( 'NONE',  ( 26.94185561375683591, 2.031548988008146761, 12.22497571307865094 ) ) ;
#2459 = CARTESIAN_POINT ( 'NONE',  ( -29.99999999999998934, -8.500000000000000000, 0.8039144995327114351 ) ) ;
#2460 = CARTESIAN_POINT ( 'NONE',  ( 17.55221394399356427, -23.98521405521885796, 6.057470754707656724 ) ) ;
#2461 = CARTESIAN_POINT ( 'NONE',  ( 31.50000000000004974, 9.157316599986049965, 0.7150727924040000127 ) ) ;
#2462 = CARTESIAN_POINT ( 'NONE',  ( 31.49999999999999289, -2.318287782555060073, 1.565314918633978314 ) ) ;
#2463 = VERTEX_POINT ( 'NONE', #4696 ) ;
#2464 = CARTESIAN_POINT ( 'NONE',  ( 20.12771184468338603, -23.63498963408005693, 7.099464392556010139 ) ) ;
#2465 = CARTESIAN_POINT ( 'NONE',  ( -9.524832197351072338, -23.99054663631341100, -18.80014952455488952 ) ) ;
#2466 = CARTESIAN_POINT ( 'NONE',  ( 12.54201402664514653, 25.71275163993731994, 6.383970519912975483 ) ) ;
#2467 = CARTESIAN_POINT ( 'NONE',  ( 4.962513462943310749, -28.07375007343970807, 8.381021231858115428 ) ) ;
#2468 = CARTESIAN_POINT ( 'NONE',  ( 29.41704376218239503, -17.41218775799920238, 0.04741685608820043335 ) ) ;
#2469 = CARTESIAN_POINT ( 'NONE',  ( -26.99118472893112752, -18.22674837429989481, -16.29188522553311458 ) ) ;
#2470 = ORIENTED_EDGE ( 'NONE', *, *, #4462, .F. ) ;
#2471 = CARTESIAN_POINT ( 'NONE',  ( 2.265596578422603396E-15, 27.00000000000000000, 5.000000000000000000 ) ) ;
#2472 = CARTESIAN_POINT ( 'NONE',  ( -12.64815172621220007, 27.19470753011880504, 6.834698362730354582 ) ) ;
#2473 = CARTESIAN_POINT ( 'NONE',  ( 7.267030608336870352E-16, 28.49999999999999645, 4.999999999999999112 ) ) ;
#2474 = CARTESIAN_POINT ( 'NONE',  ( 28.02770833241712367, -5.271821780126818346, 12.72519434517161230 ) ) ;
#2475 = CARTESIAN_POINT ( 'NONE',  ( -7.088399548969612773, 27.61401869642035223, 9.771275730731725062 ) ) ;
#2476 = CARTESIAN_POINT ( 'NONE',  ( 30.00000000000000000, 7.911569146580936795, -10.10050771793204838 ) ) ;
#2477 = ORIENTED_EDGE ( 'NONE', *, *, #5504, .T. ) ;
#2478 = CARTESIAN_POINT ( 'NONE',  ( 29.39188276248738418, -8.540075667956209315, 7.116655464077897619 ) ) ;
#2479 = EDGE_CURVE ( 'NONE', #3631, #4952, #5726, .T. ) ;
#2480 = CARTESIAN_POINT ( 'NONE',  ( -28.36853677600718271, 7.602639310203463729, 6.095979093166684848 ) ) ;
#2481 = VERTEX_POINT ( 'NONE', #3586 ) ;
#2482 = CARTESIAN_POINT ( 'NONE',  ( -12.90787971633746523, -28.49999999999999289, 4.792569397690135347 ) ) ;
#2483 = CARTESIAN_POINT ( 'NONE',  ( 6.155616140157099458, -26.34533563815277901, 7.278959015020707746 ) ) ;
#2484 = ORIENTED_EDGE ( 'NONE', *, *, #828, .T. ) ;
#2485 = CARTESIAN_POINT ( 'NONE',  ( 26.91330131831627170, -2.247923736248564008, 8.883279543322210259 ) ) ;
#2486 =( BOUNDED_SURFACE ( )  B_SPLINE_SURFACE ( 3, 2, ( 
 ( #140, #2064, #3022 ),
 ( #6012, #3575, #3607 ),
 ( #5610, #5574, #4576 ),
 ( #3085, #5066, #2200 ),
 ( #2610, #4162, #1211 ),
 ( #4645, #3679, #4027 ) ),
 .UNSPECIFIED., .F., .F., .T. ) 
 B_SPLINE_SURFACE_WITH_KNOTS ( ( 4, 2, 4 ),
 ( 3, 3 ),
 ( -3.376389944004674952E-05, 0.004801843139215616549, 0.009637450177871279000 ),
 ( 0.000000000000000000, 1.000000000000000000 ),
 .UNSPECIFIED. ) 
 GEOMETRIC_REPRESENTATION_ITEM ( )  RATIONAL_B_SPLINE_SURFACE ( (
 ( 1.000000000000000000, 1.000000000000000000, 1.000000000000000000),
 ( 1.000000000000000000, 0.9999867911752029492, 1.000000000000000000),
 ( 1.000000000000000000, 0.9983244081090597577, 1.000000000000000000),
 ( 1.000000000000000000, 0.9912328020302422216, 1.000000000000000000),
 ( 1.000000000000000000, 0.9858291744965276271, 1.000000000000000000),
 ( 1.000000000000000000, 0.9777825185304200861, 1.000000000000000000) ) ) 
 REPRESENTATION_ITEM ( '' )  SURFACE ( )  );
#2487 = CARTESIAN_POINT ( 'NONE',  ( -22.73900986831041493, -23.24445358627531633, 0.1362345674696232578 ) ) ;
#2488 = CARTESIAN_POINT ( 'NONE',  ( 9.088517669192761161, -25.44698814815015098, 8.195673856200079044 ) ) ;
#2489 = CARTESIAN_POINT ( 'NONE',  ( 30.47681003008277045, 14.95107607272809602, 0.1662979709502114822 ) ) ;
#2490 = CARTESIAN_POINT ( 'NONE',  ( -9.088560082972051646, -25.44697487304626904, 8.195571639965322674 ) ) ;
#2491 = ORIENTED_EDGE ( 'NONE', *, *, #2088, .T. ) ;
#2492 = CARTESIAN_POINT ( 'NONE',  ( -12.05345879163028044, -27.00000000000000711, 1.748414433625669284 ) ) ;
#2493 = CARTESIAN_POINT ( 'NONE',  ( 23.29842978356242966, -13.69683345069249469, 14.02824409741605471 ) ) ;
#2494 = CARTESIAN_POINT ( 'NONE',  ( -31.49999999999999289, -7.903536252544772545, -9.526543574805977244 ) ) ;
#2495 = CARTESIAN_POINT ( 'NONE',  ( -31.49999999999597833, -1.214603880761848664, 4.453262616498617099 ) ) ;
#2496 = CARTESIAN_POINT ( 'NONE',  ( -11.48877752400850483, -26.09977972384941936, 9.135101782967458561 ) ) ;
#2497 = CARTESIAN_POINT ( 'NONE',  ( 10.82061663285345610, 28.49999999999999645, 2.215675808536042179 ) ) ;
#2498 = CARTESIAN_POINT ( 'NONE',  ( -29.98662221680786288, -9.315683053345589215, -11.37790679487734202 ) ) ;
#2499 = CARTESIAN_POINT ( 'NONE',  ( 29.96181038548336417, -2.566801422168447644, 6.891899428778850201 ) ) ;
#2500 = ORIENTED_EDGE ( 'NONE', *, *, #6092, .T. ) ;
#2501 = CARTESIAN_POINT ( 'NONE',  ( -8.587306759782796561, 26.51440292808981525, 5.955476361616633518 ) ) ;
#2502 = CARTESIAN_POINT ( 'NONE',  ( 28.20742070446013727, -8.374430884948438347, 6.209752979388143856 ) ) ;
#2503 = CARTESIAN_POINT ( 'NONE',  ( 27.79672860427427139, 6.292207792207781480, 12.96227999980796142 ) ) ;
#2504 = DIRECTION ( 'NONE',  ( -0.8995249593893246409, -0.000000000000000000, -0.4368693711347061970 ) ) ;
#2505 = CARTESIAN_POINT ( 'NONE',  ( 29.56868731193683075, 17.10272877615242493, 4.140037456712354569 ) ) ;
#2506 = CARTESIAN_POINT ( 'NONE',  ( -10.81612272634730587, 26.99999999999999645, 2.217702156610245723 ) ) ;
#2507 = CARTESIAN_POINT ( 'NONE',  ( 28.20285199752806093, -4.238743598927877443, 12.51702091188115240 ) ) ;
#2508 = DIRECTION ( 'NONE',  ( 1.000000000000000000, 0.000000000000000000, 0.000000000000000000 ) ) ;
#2509 = CARTESIAN_POINT ( 'NONE',  ( -22.71898727726368605, 14.63733601687483343, 14.06383687713664798 ) ) ;
#2510 = ORIENTED_EDGE ( 'NONE', *, *, #5723, .T. ) ;
#2511 = AXIS2_PLACEMENT_3D ( 'NONE', #3084, #3606, #276 ) ;
#2512 = CARTESIAN_POINT ( 'NONE',  ( 26.33374288825983811, -5.961038961038963357, 12.96227999980796675 ) ) ;
#2513 = CARTESIAN_POINT ( 'NONE',  ( 6.874040910896561662, -26.69795945107570034, 5.778521806855091647 ) ) ;
#2514 = CARTESIAN_POINT ( 'NONE',  ( -25.04513904344249298, -18.97422281166559443, 7.031955125545353624 ) ) ;
#2515 = EDGE_LOOP ( 'NONE', ( #412, #969, #6170 ) ) ;
#2516 = CARTESIAN_POINT ( 'NONE',  ( 31.37296016396850362, 10.77453325713074150, 0.5284174222319928393 ) ) ;
#2517 = AXIS2_PLACEMENT_3D ( 'NONE', #5999, #1567, #3561 ) ;
#2518 = FACE_OUTER_BOUND ( 'NONE', #547, .T. ) ;
#2519 = ADVANCED_FACE ( 'NONE', ( #5553 ), #141, .F. ) ;
#2520 = CARTESIAN_POINT ( 'NONE',  ( -12.61642070134405458, 26.97517506196047776, 1.614576276245382802 ) ) ;
#2521 = CARTESIAN_POINT ( 'NONE',  ( 8.512987012986991786, 27.19887961142360666, 10.66248444409500173 ) ) ;
#2522 = FACE_OUTER_BOUND ( 'NONE', #372, .T. ) ;
#2523 = PERSON_AND_ORGANIZATION ( #1993, #2984 ) ;
#2524 = CARTESIAN_POINT ( 'NONE',  ( -15.17174601140364842, -24.90969218188002543, 6.292519605373531277 ) ) ;
#2525 =( BOUNDED_SURFACE ( )  B_SPLINE_SURFACE ( 3, 2, ( 
 ( #878, #5725, #5691 ),
 ( #6190, #3343, #1387 ),
 ( #3787, #2280, #4276 ),
 ( #4244, #6260, #847 ) ),
 .UNSPECIFIED., .F., .F., .F. ) 
 B_SPLINE_SURFACE_WITH_KNOTS ( ( 4, 4 ),
 ( 3, 3 ),
 ( -7.476658181460038577E-16, 0.001631974846458340714 ),
 ( 0.000000000000000000, 1.000000000000000000 ),
 .UNSPECIFIED. ) 
 GEOMETRIC_REPRESENTATION_ITEM ( )  RATIONAL_B_SPLINE_SURFACE ( (
 ( 1.000000000000000000, 0.9368608944935618021, 1.000000000000000000),
 ( 1.000000000000000000, 0.9413761907154842845, 1.000000000000000000),
 ( 1.000000000000000000, 0.9455842457058247774, 1.000000000000000000),
 ( 1.000000000000000000, 0.9493414389859587965, 1.000000000000000000) ) ) 
 REPRESENTATION_ITEM ( '' )  SURFACE ( )  );
#2526 = EDGE_CURVE ( 'NONE', #3401, #5564, #5846, .T. ) ;
#2527 = CARTESIAN_POINT ( 'NONE',  ( -7.565258379786223841, -23.84122486063546731, -18.88423163077543876 ) ) ;
#2528 = CARTESIAN_POINT ( 'NONE',  ( -31.49999999999999289, 1.165306834276059522, 1.605591709942321810 ) ) ;
#2529 = CARTESIAN_POINT ( 'NONE',  ( -24.86614389520466517, -19.32025285957366378, 6.976998961005528521 ) ) ;
#2530 = CARTESIAN_POINT ( 'NONE',  ( 27.92065769069074577, -13.95193712938754693, 7.074202412512537563 ) ) ;
#2531 = CARTESIAN_POINT ( 'NONE',  ( -25.91757839810735931, -16.92446668067952587, -15.89006550994493594 ) ) ;
#2532 = ORIENTED_EDGE ( 'NONE', *, *, #5257, .F. ) ;
#2533 = CARTESIAN_POINT ( 'NONE',  ( -6.558529606726983374, 26.99999999998312461, 4.670341638717268928 ) ) ;
#2534 = CARTESIAN_POINT ( 'NONE',  ( -28.52061152491119245, 12.50945372595432303, 7.010465829956951112 ) ) ;
#2535 = CARTESIAN_POINT ( 'NONE',  ( 24.91247553373663237, 13.85679129592777947, 13.98897243738082352 ) ) ;
#2536 = CARTESIAN_POINT ( 'NONE',  ( 31.49999999999999289, -8.500000000000000000, 5.000000000000000000 ) ) ;
#2537 = CARTESIAN_POINT ( 'NONE',  ( -27.19932237766490601, 18.30548177350215155, 0.0006492254435140508081 ) ) ;
#2538 = AXIS2_PLACEMENT_3D ( 'NONE', #4319, #3829, #2866 ) ;
#2539 = EDGE_LOOP ( 'NONE', ( #68, #3625, #2822, #5462 ) ) ;
#2540 = CARTESIAN_POINT ( 'NONE',  ( 27.52217511116990067, -7.505087148262919783, 13.24409128611165976 ) ) ;
#2541 = TOROIDAL_SURFACE ( 'NONE', #5015, 10.99999999999999822, 9.000000000000000000 ) ;
#2542 = CARTESIAN_POINT ( 'NONE',  ( -20.57973351574961995, 17.48802308280874129, 14.05364924013754191 ) ) ;
#2543 = ORIENTED_EDGE ( 'NONE', *, *, #1897, .F. ) ;
#2544 = CARTESIAN_POINT ( 'NONE',  ( 23.56528428643841977, 16.04139765463909129, 14.07004390075853628 ) ) ;
#2545 = DIRECTION ( 'NONE',  ( 0.000000000000000000, 1.000000000000000000, 0.000000000000000000 ) ) ;
#2546 = CARTESIAN_POINT ( 'NONE',  ( 29.99999999999999289, -7.828340079051232752E-23, -6.979998821817671839 ) ) ;
#2547 = CIRCLE ( 'NONE', #5425, 11.50000000000000000 ) ;
#2548 = ORIENTED_EDGE ( 'NONE', *, *, #4462, .T. ) ;
#2549 = ADVANCED_FACE ( 'NONE', ( #3965 ), #3816, .T. ) ;
#2550 = CARTESIAN_POINT ( 'NONE',  ( -193.2911684466443489, 2.755455298081544778E-15, -123.3408453358350982 ) ) ;
#2551 = CARTESIAN_POINT ( 'NONE',  ( 11.30961128829305373, -26.16702201080902057, 12.04676412704884747 ) ) ;
#2552 = CARTESIAN_POINT ( 'NONE',  ( -3.114534121470161843, -26.86588171650216594, 6.187986109858329975 ) ) ;
#2553 = CARTESIAN_POINT ( 'NONE',  ( 7.088438402171941988, 27.61400821055894284, 9.771300426087012880 ) ) ;
#2554 = CARTESIAN_POINT ( 'NONE',  ( 193.2911684466444626, 0.000000000000000000, -123.3408453358350982 ) ) ;
#2555 = CARTESIAN_POINT ( 'NONE',  ( -14.52950677699459980, -26.78311049335643190, 4.146794004280939028 ) ) ;
#2556 = ADVANCED_FACE ( 'NONE', ( #5548 ), #2298, .F. ) ;
#2557 = ADVANCED_FACE ( 'NONE', ( #1350 ), #2342, .T. ) ;
#2558 = CARTESIAN_POINT ( 'NONE',  ( 15.33144939334837176, 26.62879796854904413, 4.067851946133429486 ) ) ;
#2559 = EDGE_CURVE ( 'NONE', #5402, #4049, #4307, .T. ) ;
#2560 = CARTESIAN_POINT ( 'NONE',  ( 2.374578410623289170E-15, 19.70729480540439482, -21.65799663649338314 ) ) ;
#2561 = CARTESIAN_POINT ( 'NONE',  ( -26.33919684633110592, -17.17138349491574800, 6.980820809357282108 ) ) ;
#2562 = CARTESIAN_POINT ( 'NONE',  ( 28.40902663680052598, -12.57429369566875188, 7.095362539228173837 ) ) ;
#2563 = CARTESIAN_POINT ( 'NONE',  ( -11.49999999999999289, -8.500000000000000000, -11.00000000000000000 ) ) ;
#2564 = CARTESIAN_POINT ( 'NONE',  ( -10.85308431877817981, 26.12903723518044430, 6.242427722480010210 ) ) ;
#2565 = EDGE_LOOP ( 'NONE', ( #4427, #518, #4028, #2532 ) ) ;
#2566 = DIRECTION ( 'NONE',  ( 1.110223024625156540E-16, 0.000000000000000000, -1.000000000000000000 ) ) ;
#2567 = CARTESIAN_POINT ( 'NONE',  ( -26.98339403556242644, 1.109681537244546767, 8.857125380603918074 ) ) ;
#2568 =( BOUNDED_SURFACE ( )  B_SPLINE_SURFACE ( 3, 2, ( 
 ( #3395, #3307, #5337 ),
 ( #2884, #5757, #5281 ),
 ( #877, #2346, #2823 ),
 ( #5842, #1443, #5361 ),
 ( #6258, #2485, #1046 ),
 ( #548, #4394, #106 ),
 ( #17, #1016, #2962 ),
 ( #5870, #3024, #2036 ),
 ( #2458, #4999, #2431 ),
 ( #2933, #2001, #1944 ),
 ( #2992, #1464, #5482 ),
 ( #1523, #1554, #5896 ) ),
 .UNSPECIFIED., .F., .F., .F. ) 
 B_SPLINE_SURFACE_WITH_KNOTS ( ( 4, 2, 2, 2, 2, 4 ),
 ( 3, 3 ),
 ( 0.03446464521409489667, 0.03881135795752337775, 0.04098471432923761482, 0.04315807070095185882, 0.04750478344438033296, 0.05185149618780881403 ),
 ( 0.000000000000000000, 0.6985814464164628035 ),
 .UNSPECIFIED. ) 
 GEOMETRIC_REPRESENTATION_ITEM ( )  RATIONAL_B_SPLINE_SURFACE ( (
 ( 1.000000000000000000, 0.9243063917234312088, 0.9543690841555154680),
 ( 1.000000000000000000, 0.9312247323117609499, 0.9585397165821809562),
 ( 1.000000000000000000, 0.9365228872573665431, 0.9617336409829124744),
 ( 1.000000000000000000, 0.9418865422739324256, 0.9649670512569412661),
 ( 1.000000000000000000, 0.9432431589070148226, 0.9657848701035636196),
 ( 1.000000000000000000, 0.9450522283565890858, 0.9668754442972091745),
 ( 1.000000000000000000, 0.9454921402095296523, 0.9671406394860444511),
 ( 1.000000000000000000, 0.9454512673904349462, 0.9671159998340195241),
 ( 1.000000000000000000, 0.9436207790347355129, 0.9660125135289665543),
 ( 1.000000000000000000, 0.9365270508134361238, 0.9617361509290089927),
 ( 1.000000000000000000, 0.9312618220410812109, 0.9585620756473098858),
 ( 1.000000000000000000, 0.9243063917234310978, 0.9543690841555154680) ) ) 
 REPRESENTATION_ITEM ( '' )  SURFACE ( )  );
#2569 = CARTESIAN_POINT ( 'NONE',  ( 9.401036392209816128, 26.99999999999999645, 2.737135302395488967 ) ) ;
#2570 = CARTESIAN_POINT ( 'NONE',  ( 13.20124755995860788, 27.04042340584695481, 6.873386745016885513 ) ) ;
#2571 = CARTESIAN_POINT ( 'NONE',  ( -15.61976376161741165, 23.60722170372752515, -18.70718406785273658 ) ) ;
#2572 = ORIENTED_EDGE ( 'NONE', *, *, #4419, .T. ) ;
#2573 = CARTESIAN_POINT ( 'NONE',  ( -21.22453682458645119, 24.24957991019925885, 0.2704972507169158824 ) ) ;
#2574 = ORIENTED_EDGE ( 'NONE', *, *, #2479, .T. ) ;
#2575 = CARTESIAN_POINT ( 'NONE',  ( -27.00000000000000000, 3.029124838993126064E-15, 12.14142842854283799 ) ) ;
#2576 = DESIGN_CONTEXT ( 'detailed design', #6307, 'design' ) ;
#2577 = CARTESIAN_POINT ( 'NONE',  ( -16.02624560345822147, -28.01776418736205798, 4.545274113210004963 ) ) ;
#2578 = CARTESIAN_POINT ( 'NONE',  ( 16.06076359037339429, 23.57608199689400053, 13.41103271087108340 ) ) ;
#2579 = CARTESIAN_POINT ( 'NONE',  ( 29.99999999999998934, -3.102753241678534391, -7.438854171796898562 ) ) ;
#2580 = CARTESIAN_POINT ( 'NONE',  ( -31.49999999999999289, 8.500000000000017764, 0.8039144995323131981 ) ) ;
#2581 = APPROVAL_PERSON_ORGANIZATION ( #2523, #32, #114 ) ;
#2582 = DIRECTION ( 'NONE',  ( -0.000000000000000000, -1.000000000000000000, 0.000000000000000000 ) ) ;
#2583 = CARTESIAN_POINT ( 'NONE',  ( 15.63650569147319302, -23.83561646288849545, 13.31112823090286845 ) ) ;
#2584 = CARTESIAN_POINT ( 'NONE',  ( -22.95982030720417555, 19.19703138528233310, -16.87301288465102900 ) ) ;
#2585 = CARTESIAN_POINT ( 'NONE',  ( -29.99999999999999289, -1.149473445659738191, 1.605956394194612669 ) ) ;
#2586 = CARTESIAN_POINT ( 'NONE',  ( 29.99999999999999645, -7.277872056491237807, 3.925083781688242457 ) ) ;
#2587 = B_SPLINE_CURVE_WITH_KNOTS ( 'NONE', 3,
 ( #5465, #127, #719, #1157, #2052, #4013, #3878, #846, #6291, #2404, #2855, #1826, #3371, #3750, #4366, #4310, #5789, #6314, #1386, #1319, #2379, #1795, #1354, #3276 ),
 .UNSPECIFIED., .F., .F.,
 ( 4, 2, 2, 2, 2, 2, 2, 2, 2, 2, 2, 4 ),
 ( 0.000000000000000000, 0.001811634064878572033, 0.003623268129757141898, 0.007246536259514286399, 0.009058170324392864070, 0.01086980438927144001, 0.01449307251902859014, 0.01811634064878573508, 0.02173960877854288348, 0.02355124284342145768, 0.02536287690830002842, 0.02898614503805717335 ),
 .UNSPECIFIED. ) ;
#2588 = CARTESIAN_POINT ( 'NONE',  ( 26.47786436392250664, 19.37613090355647216, -0.01094763371702744091 ) ) ;
#2589 = CARTESIAN_POINT ( 'NONE',  ( 2.265596578422603396E-15, 27.00000000000000000, 5.000000000000000000 ) ) ;
#2590 = CARTESIAN_POINT ( 'NONE',  ( 7.800210253312480191, -27.42197186319855362, 10.22380813213166029 ) ) ;
#2591 = CARTESIAN_POINT ( 'NONE',  ( 13.94308574886235164, -28.35272962952983278, 1.367314974730057031 ) ) ;
#2592 = DIRECTION ( 'NONE',  ( 1.000000000000000000, -1.836970198721029688E-16, -0.000000000000000000 ) ) ;
#2593 = ORIENTED_EDGE ( 'NONE', *, *, #2088, .F. ) ;
#2594 = CARTESIAN_POINT ( 'NONE',  ( -8.213540445556795078, 26.99999999999168665, 4.584892208893943000 ) ) ;
#2595 = CARTESIAN_POINT ( 'NONE',  ( -23.56528428643841977, -16.04139765463909129, 14.07004390075853095 ) ) ;
#2596 = CARTESIAN_POINT ( 'NONE',  ( -25.67803929689072362, 12.38147604855691242, 9.890832916388072604 ) ) ;
#2597 = CARTESIAN_POINT ( 'NONE',  ( 12.97485589008294582, 25.40432143125821440, 12.65143783279587275 ) ) ;
#2598 = CARTESIAN_POINT ( 'NONE',  ( -14.08058099573935351, -28.34340938211270711, 1.338270837615483266 ) ) ;
#2599 = CARTESIAN_POINT ( 'NONE',  ( -31.49999999999999289, 5.258888926231401584, -7.878214157934850803 ) ) ;
#2600 = CARTESIAN_POINT ( 'NONE',  ( 23.63229229295782119, -19.03137329769201003, 5.979105920103538807 ) ) ;
#2601 = VERTEX_POINT ( 'NONE', #4336 ) ;
#2602 = CARTESIAN_POINT ( 'NONE',  ( 29.05416671262552342, 10.20986417264710688, 7.129333836537421476 ) ) ;
#2603 = ORIENTED_EDGE ( 'NONE', *, *, #2004, .T. ) ;
#2604 = ORIENTED_EDGE ( 'NONE', *, *, #116, .T. ) ;
#2605 = CARTESIAN_POINT ( 'NONE',  ( -28.20452731134774638, -4.226856840051119946, 12.51499998578866801 ) ) ;
#2606 = CARTESIAN_POINT ( 'NONE',  ( -20.94657740594132278, -23.03882222201325547, 7.084719194874833370 ) ) ;
#2607 = EDGE_CURVE ( 'NONE', #2481, #3996, #3093, .T. ) ;
#2608 = CARTESIAN_POINT ( 'NONE',  ( 24.72607457672467390, 17.96227767543971154, -16.35589703123615379 ) ) ;
#2609 = CARTESIAN_POINT ( 'NONE',  ( -18.50343844318880571, -24.67992741625719688, 7.127001921022991127 ) ) ;
#2610 = CARTESIAN_POINT ( 'NONE',  ( 8.540066716790569501, 26.52164228828544168, 5.951324142846949883 ) ) ;
#2611 = CARTESIAN_POINT ( 'NONE',  ( -30.85917127958241224, 13.69203373475983021, 0.2532574338442209472 ) ) ;
#2612 = CARTESIAN_POINT ( 'NONE',  ( 12.95149400517782112, 23.72643872803153897, 9.054061263489343148 ) ) ;
#2613 = TOROIDAL_SURFACE ( 'NONE', #2419, 229.2911684466444342, 22.49999999999999645 ) ;
#2614 = CARTESIAN_POINT ( 'NONE',  ( -28.45985393307071476, -6.320901147463255043, 6.144845682731449266 ) ) ;
#2615 = CARTESIAN_POINT ( 'NONE',  ( 23.33673576966767271, -13.63065095327073095, 14.02485111578557841 ) ) ;
#2616 = DIRECTION ( 'NONE',  ( 0.000000000000000000, 1.000000000000000000, 0.000000000000000000 ) ) ;
#2617 = CARTESIAN_POINT ( 'NONE',  ( -28.32123585219077810, 7.580464906482496268, 6.162648984321462464 ) ) ;
#2618 = APPROVAL_STATUS ( 'not_yet_approved' ) ;
#2619 = CARTESIAN_POINT ( 'NONE',  ( 29.99999999999999289, -8.500000000000000000, 0.8039144995323158627 ) ) ;
#2620 = CARTESIAN_POINT ( 'NONE',  ( 17.22091907070534589, 26.13433613524076193, 0.7512309198559986578 ) ) ;
#2621 = AXIS2_PLACEMENT_3D ( 'NONE', #947, #4897, #4933 ) ;
#2622 = CARTESIAN_POINT ( 'NONE',  ( 1.570686887410563726, 26.99999999999999289, 4.638889872593044750 ) ) ;
#2623 = CARTESIAN_POINT ( 'NONE',  ( 27.29193513811822669, -20.79060657089641140, -0.009927738632519451933 ) ) ;
#2624 = CARTESIAN_POINT ( 'NONE',  ( -36.00000000000000000, 0.000000000000000000, -204.9999999999999432 ) ) ;
#2625 = ORIENTED_EDGE ( 'NONE', *, *, #5436, .F. ) ;
#2626 = CARTESIAN_POINT ( 'NONE',  ( 23.63321511024872379, 19.03028779196511522, 5.979094617187861616 ) ) ;
#2627 = CARTESIAN_POINT ( 'NONE',  ( -27.79672860427426784, -6.292207792207793915, 12.96227999980796142 ) ) ;
#2628 = CARTESIAN_POINT ( 'NONE',  ( 11.57797378769897634, 25.95522422109976191, 6.320561002957184371 ) ) ;
#2629 = CARTESIAN_POINT ( 'NONE',  ( 11.49999999999999289, -28.49999999999999645, 5.000000000000000000 ) ) ;
#2630 = CARTESIAN_POINT ( 'NONE',  ( 29.05416671262663542, 10.20986417264852619, 7.129333836541686509 ) ) ;
#2631 = CARTESIAN_POINT ( 'NONE',  ( 21.70120818742882207, -21.01738086154690777, 6.021723804115922896 ) ) ;
#2632 = CARTESIAN_POINT ( 'NONE',  ( -29.99999999999999289, 8.500000000000000000, 0.8039144995323185272 ) ) ;
#2633 = ORIENTED_EDGE ( 'NONE', *, *, #5716, .F. ) ;
#2634 = CARTESIAN_POINT ( 'NONE',  ( 20.23859392139604907, 26.51806106384749384, 4.308269450934484546 ) ) ;
#2635 = CARTESIAN_POINT ( 'NONE',  ( 31.50000000000000355, 7.344412678282918883, 4.417127727488996847 ) ) ;
#2636 = VERTEX_POINT ( 'NONE', #5865 ) ;
#2637 = ORIENTED_EDGE ( 'NONE', *, *, #284, .F. ) ;
#2638 = CARTESIAN_POINT ( 'NONE',  ( 29.99999999999999289, 2.310891679295916656, 1.605774675690123887 ) ) ;
#2639 = ADVANCED_FACE ( 'NONE', ( #5413 ), #1268, .T. ) ;
#2640 = CARTESIAN_POINT ( 'NONE',  ( -30.70076307439648389, -14.25734640306921897, 4.207904991735288647 ) ) ;
#2641 = CARTESIAN_POINT ( 'NONE',  ( 27.16586956141129150, -18.35942437320913356, -0.0004163829743066634233 ) ) ;
#2642 = CIRCLE ( 'NONE', #1108, 19.99999999999999645 ) ;
#2643 = CARTESIAN_POINT ( 'NONE',  ( 12.31806061177515588, 25.70758500267487889, 12.41570360291028763 ) ) ;
#2644 = CARTESIAN_POINT ( 'NONE',  ( -14.98415618223404344, -26.32074040590013198, 7.152640324179863285 ) ) ;
#2645 = CARTESIAN_POINT ( 'NONE',  ( -30.31420018169850294, 15.41073557429828611, 4.175286081607068489 ) ) ;
#2646 = AXIS2_PLACEMENT_3D ( 'NONE', #2624, #2145, #288 ) ;
#2647 = B_SPLINE_CURVE_WITH_KNOTS ( 'NONE', 3,
 ( #2288, #4252, #5225, #6322, #1839, #5767 ),
 .UNSPECIFIED., .F., .F.,
 ( 4, 2, 4 ),
 ( -3.376389943290171490E-05, 0.004801225283760195139, 0.009636214466953289121 ),
 .UNSPECIFIED. ) ;
#2648 = CARTESIAN_POINT ( 'NONE',  ( -15.25765514909521769, 22.28871226104218195, 9.226884130971550135 ) ) ;
#2649 = B_SPLINE_CURVE_WITH_KNOTS ( 'NONE', 3,
 ( #1806, #451, #2390, #3764, #4350, #6300 ),
 .UNSPECIFIED., .F., .F.,
 ( 4, 2, 4 ),
 ( 0.006068689041355456761, 0.009119825471069119283, 0.01217096190078278094 ),
 .UNSPECIFIED. ) ;
#2650 = EDGE_CURVE ( 'NONE', #2463, #1168, #3805, .T. ) ;
#2651 = CARTESIAN_POINT ( 'NONE',  ( 27.07023089126565196, -13.29087049076508009, 5.975645512292052430 ) ) ;
#2652 = FACE_OUTER_BOUND ( 'NONE', #3431, .T. ) ;
#2653 = FACE_OUTER_BOUND ( 'NONE', #5196, .T. ) ;
#2654 = CARTESIAN_POINT ( 'NONE',  ( -28.46165892042835921, 6.304499988046583958, 6.144613861200885374 ) ) ;
#2655 = CARTESIAN_POINT ( 'NONE',  ( 29.99999999999597478, 1.204833498482257959, 4.026166683026566773 ) ) ;
#2656 = AXIS2_PLACEMENT_3D ( 'NONE', #2315, #3311, #2826 ) ;
#2657 = CARTESIAN_POINT ( 'NONE',  ( 24.46783958263867831, 17.94058218013126904, 5.976303717350668343 ) ) ;
#2658 = CARTESIAN_POINT ( 'NONE',  ( -29.99999999999999289, 9.095116217246712154, 0.7169579409358773914 ) ) ;
#2659 = CARTESIAN_POINT ( 'NONE',  ( 16.02563797795151146, -28.01790709334893492, 4.545314933895280518 ) ) ;
#2660 = CARTESIAN_POINT ( 'NONE',  ( 25.24852477107677373, 19.68083492155819414, -16.99916595455304602 ) ) ;
#2661 = ORIENTED_EDGE ( 'NONE', *, *, #5395, .T. ) ;
#2662 = CARTESIAN_POINT ( 'NONE',  ( 22.37442946714769931, 20.38748208639893278, 6.002683211708462530 ) ) ;
#2663 = DIRECTION ( 'NONE',  ( 1.000000000000000000, 0.000000000000000000, 0.000000000000000000 ) ) ;
#2664 = CARTESIAN_POINT ( 'NONE',  ( -25.41301961386385955, 12.91607084114284199, 9.896998334571424749 ) ) ;
#2665 = CARTESIAN_POINT ( 'NONE',  ( 15.62061099330859371, 23.84588243155945619, 13.30770998482884870 ) ) ;
#2666 = DIRECTION ( 'NONE',  ( 0.2560153285301979276, 0.000000000000000000, 0.9666727220510440421 ) ) ;
#2667 = LINE ( 'NONE', #5562, #5421 ) ;
#2668 = FACE_OUTER_BOUND ( 'NONE', #3227, .T. ) ;
#2669 = CARTESIAN_POINT ( 'NONE',  ( 18.88879270308659741, 19.32948462024192082, 13.94688489665978004 ) ) ;
#2670 = CARTESIAN_POINT ( 'NONE',  ( -24.67149108722917816, 23.60852893357720461, 0.07306535044421164082 ) ) ;
#2671 = ORIENTED_EDGE ( 'NONE', *, *, #1547, .T. ) ;
#2672 = CARTESIAN_POINT ( 'NONE',  ( 14.88380369639963696, 28.21424536320881415, 1.195179817852002335 ) ) ;
#2673 = CARTESIAN_POINT ( 'NONE',  ( -19.07394621281098068, 25.38933717492830056, 0.5057804228385689438 ) ) ;
#2674 = ORIENTED_EDGE ( 'NONE', *, *, #1792, .F. ) ;
#2675 = CC_DESIGN_PERSON_AND_ORGANIZATION_ASSIGNMENT ( #2997, #1083, ( #5044 ) ) ;
#2676 = ORIENTED_EDGE ( 'NONE', *, *, #6172, .F. ) ;
#2677 = CARTESIAN_POINT ( 'NONE',  ( -29.99999999999999289, 8.500000000002273737, 0.8039144995407265792 ) ) ;
#2678 = B_SPLINE_CURVE_WITH_KNOTS ( 'NONE', 3,
 ( #5997, #5400, #4951, #4523, #3004, #1981, #3531, #3922, #155, #4461, #5940, #2078, #3497, #1476, #2531, #122, #1028, #91, #2016, #3559, #3068, #1954, #2498, #1591 ),
 .UNSPECIFIED., .F., .F.,
 ( 4, 2, 2, 2, 2, 2, 2, 2, 2, 2, 2, 4 ),
 ( 0.000000000000000000, 0.003290688564669073165, 0.006581377129338151534, 0.008226721411672695272, 0.009872065694007236408, 0.01316275425867631868, 0.01480809854101086329, 0.01645344282334540789, 0.01974413138801450751, 0.02303481995268361060, 0.02468016423501815867, 0.02632550851735270675 ),
 .UNSPECIFIED. ) ;
#2679 = CARTESIAN_POINT ( 'NONE',  ( -24.44101157850229811, -19.70178520292996538, 7.035546695719263610 ) ) ;
#2680 = CARTESIAN_POINT ( 'NONE',  ( 19.49837586571956294, -22.70611723057738018, 6.103211899555555320 ) ) ;
#2681 = CARTESIAN_POINT ( 'NONE',  ( 8.512987012986991786, 27.19887961142360666, 10.66248444409500173 ) ) ;
#2682 = CARTESIAN_POINT ( 'NONE',  ( 11.49999999999999289, -26.99999999999999645, 1.893709856737193720 ) ) ;
#2683 = LINE ( 'NONE', #3121, #4990 ) ;
#2684 = EDGE_LOOP ( 'NONE', ( #381, #2122, #1923 ) ) ;
#2685 = CARTESIAN_POINT ( 'NONE',  ( 8.064935064935067288, 25.76735963187498868, 10.66248444409494134 ) ) ;
#2686 = CARTESIAN_POINT ( 'NONE',  ( -1.151313379117069985E-14, -21.83402923631390280, -19.69208303711095098 ) ) ;
#2687 = CARTESIAN_POINT ( 'NONE',  ( 9.403400423531017793, -26.92018880105040068, 8.516608557188432016 ) ) ;
#2688 = CARTESIAN_POINT ( 'NONE',  ( -8.064935064935086828, -25.76735963187497802, 10.66248444409495555 ) ) ;
#2689 = CARTESIAN_POINT ( 'NONE',  ( -193.2911684466443489, 0.000000000000000000, -123.3408453358350982 ) ) ;
#2690 = CARTESIAN_POINT ( 'NONE',  ( 60.00000000000000711, 0.000000000000000000, -123.3408453358350698 ) ) ;
#2691 = CARTESIAN_POINT ( 'NONE',  ( 12.46278160321625528, -28.50000000000390799, 4.838304114962216573 ) ) ;
#2692 = CARTESIAN_POINT ( 'NONE',  ( 28.56092336516419294, -5.042562823528995430, 6.123463308992555199 ) ) ;
#2693 = CIRCLE ( 'NONE', #867, 8.500000000000000000 ) ;
#2694 = CARTESIAN_POINT ( 'NONE',  ( 17.99232416990191297, 25.87819041569242273, 3.843001011984974014 ) ) ;
#2695 = ADVANCED_FACE ( 'NONE', ( #459 ), #979, .T. ) ;
#2696 = CARTESIAN_POINT ( 'NONE',  ( 6.558529606708008330, -26.99999999998313882, 4.670341638680089780 ) ) ;
#2697 = CARTESIAN_POINT ( 'NONE',  ( 19.49683713915423411, -26.84321991452326372, 0.5278253321595155478 ) ) ;
#2698 = CARTESIAN_POINT ( 'NONE',  ( 29.72870341179599762, 14.82969517538604265, -14.49567685150892338 ) ) ;
#2699 = ORIENTED_EDGE ( 'NONE', *, *, #905, .T. ) ;
#2700 = CARTESIAN_POINT ( 'NONE',  ( 15.42934599867169077, 24.83299225371098373, 6.281504949852926956 ) ) ;
#2701 = CARTESIAN_POINT ( 'NONE',  ( 11.49999999999994849, 26.99999999999999645, 1.893709856737624264 ) ) ;
#2702 = CARTESIAN_POINT ( 'NONE',  ( 17.43701643776174492, 22.55396295521209282, 9.835840302336009700 ) ) ;
#2703 = CARTESIAN_POINT ( 'NONE',  ( -16.64533082171619327, -27.87065580485803906, 0.8978637087154164309 ) ) ;
#2704 = CARTESIAN_POINT ( 'NONE',  ( -20.12771184468338248, 23.63498963408006048, 7.099464392556005699 ) ) ;
#2705 = CARTESIAN_POINT ( 'NONE',  ( 8.064935064935060183, -25.76735963187498868, 10.66248444409494489 ) ) ;
#2706 = CARTESIAN_POINT ( 'NONE',  ( -5.368149614822669058, -26.46996127375378194, 8.847799000630891086 ) ) ;
#2707 = DIRECTION ( 'NONE',  ( -0.8995249593893704931, 0.000000000000000000, 0.4368693711346119390 ) ) ;
#2708 = VERTEX_POINT ( 'NONE', #953 ) ;
#2709 = CARTESIAN_POINT ( 'NONE',  ( 7.267030477460266838E-16, 28.49999999999999645, 4.999999999999999112 ) ) ;
#2710 = ORIENTED_EDGE ( 'NONE', *, *, #2526, .F. ) ;
#2711 = CARTESIAN_POINT ( 'NONE',  ( 31.50000000000000000, -7.265311055191209455, -9.071866014478993989 ) ) ;
#2712 = VERTEX_POINT ( 'NONE', #3994 ) ;
#2713 = DIRECTION ( 'NONE',  ( 0.4145910441407847924, 0.000000000000000000, -0.9100078384927539066 ) ) ;
#2714 = CARTESIAN_POINT ( 'NONE',  ( -27.31594881998833912, -20.75689268183874248, 4.108938536305070777 ) ) ;
#2715 = CARTESIAN_POINT ( 'NONE',  ( 24.19369105259954367, -18.30713542303390540, 5.976605692141931492 ) ) ;
#2716 = DIRECTION ( 'NONE',  ( -0.8751999276928508209, -0.2739291369592715686, -0.3987328861420605386 ) ) ;
#2717 = CARTESIAN_POINT ( 'NONE',  ( -10.50690199865347729, 24.01489791987452804, -18.78565528023964148 ) ) ;
#2718 = DIRECTION ( 'NONE',  ( 1.110223024625156540E-16, 0.000000000000000000, -1.000000000000000000 ) ) ;
#2719 = B_SPLINE_CURVE_WITH_KNOTS ( 'NONE', 3,
 ( #2512, #3628, #2225, #5597, #6167, #1198, #2155, #3148 ),
 .UNSPECIFIED., .F., .F.,
 ( 4, 2, 2, 4 ),
 ( 0.000000000000000000, 0.003034344520677729681, 0.004551516781016594522, 0.006068689041355459363 ),
 .UNSPECIFIED. ) ;
#2720 = CARTESIAN_POINT ( 'NONE',  ( -27.69132116439045888, 20.25936102819846951, -0.01095631430154540842 ) ) ;
#2721 = CARTESIAN_POINT ( 'NONE',  ( -12.36567924201397162, 25.92335610564319381, 6.088688425487038813 ) ) ;
#2722 = CARTESIAN_POINT ( 'NONE',  ( 19.18240876020144370, -24.36258434047855204, 7.015919416653866314 ) ) ;
#2723 = CARTESIAN_POINT ( 'NONE',  ( 27.00000000000000000, 0.000000000000000000, -3.306546357697854522E-15 ) ) ;
#2724 = CARTESIAN_POINT ( 'NONE',  ( 13.53953942291118118, -26.78134398819981854, 7.142294504485859008 ) ) ;
#2725 = FACE_OUTER_BOUND ( 'NONE', #2798, .T. ) ;
#2726 = EDGE_CURVE ( 'NONE', #1910, #1996, #5334, .T. ) ;
#2727 = CARTESIAN_POINT ( 'NONE',  ( 14.09513919550622951, 25.27876148040812510, 6.339056920278880014 ) ) ;
#2728 = CARTESIAN_POINT ( 'NONE',  ( 8.213540445574452065, -26.99999999998060218, 4.584892208991688811 ) ) ;
#2729 = CARTESIAN_POINT ( 'NONE',  ( 28.37200874693940023, -19.25737840616542940, 4.112558875831068939 ) ) ;
#2730 = CARTESIAN_POINT ( 'NONE',  ( 30.47357082238068671, 13.42899820901742025, -13.68050962873690501 ) ) ;
#2731 = VERTEX_POINT ( 'NONE', #1940 ) ;
#2732 = EDGE_CURVE ( 'NONE', #525, #951, #517, .T. ) ;
#2733 = AXIS2_PLACEMENT_3D ( 'NONE', #3802, #5322, #5805 ) ;
#2734 = CARTESIAN_POINT ( 'NONE',  ( -31.49999999999999289, -6.900808533012640744, 1.136834755483622450 ) ) ;
#2735 = CARTESIAN_POINT ( 'NONE',  ( -29.99999999999999645, 4.933460339745603385, -8.162830066500832871 ) ) ;
#2736 = CARTESIAN_POINT ( 'NONE',  ( 12.68938012975263874, 26.97141903313663747, 1.597446831436535764 ) ) ;
#2737 = CARTESIAN_POINT ( 'NONE',  ( -28.02774567287824325, 5.271656823294800454, 12.72515601888435199 ) ) ;
#2738 = CARTESIAN_POINT ( 'NONE',  ( -8.720477995802513149, -27.92701601540653655, 6.454016103923614800 ) ) ;
#2739 = CARTESIAN_POINT ( 'NONE',  ( 21.49999999999999289, 6.900808533012650514, 1.136834755483631110 ) ) ;
#2740 = CARTESIAN_POINT ( 'NONE',  ( 25.32755076202735367, 18.56909850410630369, 7.032877485185186295 ) ) ;
#2741 = CARTESIAN_POINT ( 'NONE',  ( 11.49999999999999289, -19.49999999999999645, -11.00000000000000178 ) ) ;
#2742 = ORIENTED_EDGE ( 'NONE', *, *, #3316, .T. ) ;
#2743 = DIRECTION ( 'NONE',  ( -0.4368693711347061970, 0.000000000000000000, 0.8995249593893247519 ) ) ;
#2744 = ORIENTED_EDGE ( 'NONE', *, *, #3504, .T. ) ;
#2745 = CARTESIAN_POINT ( 'NONE',  ( -9.401036392209830339, -28.49999999999999645, 2.737135302395497849 ) ) ;
#2746 = CARTESIAN_POINT ( 'NONE',  ( -3.213182268883269188, -28.36422376874728712, 6.290343556677132852 ) ) ;
#2747 = CARTESIAN_POINT ( 'NONE',  ( 29.92162632774818576, -10.44167390319058519, 3.791353401856748739 ) ) ;
#2748 = CARTESIAN_POINT ( 'NONE',  ( -29.97760701188017407, -2.651277966463833291, 6.862474142724042991 ) ) ;
#2749 = DIRECTION ( 'NONE',  ( 0.000000000000000000, 0.000000000000000000, -1.000000000000000000 ) ) ;
#2750 = CARTESIAN_POINT ( 'NONE',  ( 6.574467392677776898E-16, -7.669514254547673745E-13, -49.84859031491884451 ) ) ;
#2751 = CARTESIAN_POINT ( 'NONE',  ( -24.54208375825399457, 23.72216552239543574, 0.08013221867296842216 ) ) ;
#2752 = CARTESIAN_POINT ( 'NONE',  ( 12.29196873797458167, 24.06725188224403666, 12.65143783279588519 ) ) ;
#2753 = CARTESIAN_POINT ( 'NONE',  ( 29.43505799224392661, -17.37509029017513740, 0.04887607543887557970 ) ) ;
#2754 = CARTESIAN_POINT ( 'NONE',  ( 17.56611756119993473, -25.28896183822669386, 7.012534745567666761 ) ) ;
#2755 = CARTESIAN_POINT ( 'NONE',  ( 19.62660233762250783, -25.13068633530077278, 0.4396612026595410061 ) ) ;
#2756 = AXIS2_PLACEMENT_3D ( 'NONE', #4258, #3295, #4778 ) ;
#2757 = CARTESIAN_POINT ( 'NONE',  ( 29.99999999999998224, 7.277872056492405761, 3.925083781688209150 ) ) ;
#2758 = EDGE_CURVE ( 'NONE', #4731, #5243, #1619, .T. ) ;
#2759 = CIRCLE ( 'NONE', #711, 19.99999999999999289 ) ;
#2760 = CARTESIAN_POINT ( 'NONE',  ( 6.914266823624988234, -28.15064252766631014, 6.167913945480002269 ) ) ;
#2761 = CARTESIAN_POINT ( 'NONE',  ( -27.11141067866498489, 18.44318797333410132, 3.495612519182797584 ) ) ;
#2762 = CARTESIAN_POINT ( 'NONE',  ( -29.99999999999999289, 4.610959820979818602, 1.446498065855388315 ) ) ;
#2763 = CARTESIAN_POINT ( 'NONE',  ( -23.30651814206742856, -13.64414633988907433, 14.01710753282129396 ) ) ;
#2764 = CARTESIAN_POINT ( 'NONE',  ( -21.70120818742881141, 21.01738086154691842, 6.021723804115922896 ) ) ;
#2765 = VERTEX_POINT ( 'NONE', #5924 ) ;
#2766 = EDGE_CURVE ( 'NONE', #5956, #1592, #2356, .T. ) ;
#2767 = AXIS2_PLACEMENT_3D ( 'NONE', #5638, #3194, #2713 ) ;
#2768 = EDGE_CURVE ( 'NONE', #2712, #595, #3635, .T. ) ;
#2769 = EDGE_CURVE ( 'NONE', #3509, #5564, #228, .T. ) ;
#2770 = DIRECTION ( 'NONE',  ( 0.000000000000000000, 0.000000000000000000, 1.000000000000000000 ) ) ;
#2771 = CARTESIAN_POINT ( 'NONE',  ( 6.155616137950208788, 26.34533563857496574, 7.278959019610907077 ) ) ;
#2772 = FACE_OUTER_BOUND ( 'NONE', #3263, .T. ) ;
#2773 = CARTESIAN_POINT ( 'NONE',  ( -27.67353743645738007, -6.836422409927615185, 9.636085503500009253 ) ) ;
#2774 = CARTESIAN_POINT ( 'NONE',  ( -29.80579293653178041, -5.133602844337690208, 6.956086652876677157 ) ) ;
#2775 = CARTESIAN_POINT ( 'NONE',  ( -11.49999999999998224, 22.47514308404502259, -17.88465857028938188 ) ) ;
#2776 = CARTESIAN_POINT ( 'NONE',  ( 2.856479340804573663, -28.39266475662624600, 6.966719255950426515 ) ) ;
#2777 = EDGE_LOOP ( 'NONE', ( #830, #2986, #1447 ) ) ;
#2778 = CARTESIAN_POINT ( 'NONE',  ( 3.721127963934388383, -23.13105409698404813, -19.24076271835203045 ) ) ;
#2779 = ORIENTED_EDGE ( 'NONE', *, *, #961, .T. ) ;
#2780 = CARTESIAN_POINT ( 'NONE',  ( 0.000000000000000000, -26.99999999999999645, 5.000000000000000000 ) ) ;
#2781 = CARTESIAN_POINT ( 'NONE',  ( -9.768267957448060201, 26.99999999999999645, 2.639877039411109294 ) ) ;
#2782 = CARTESIAN_POINT ( 'NONE',  ( 28.91528463046089215, -14.85831914933128317, 3.573866376215461216 ) ) ;
#2783 = CARTESIAN_POINT ( 'NONE',  ( -28.41157404223497096, 2.328585709082677369, 9.320885140877729569 ) ) ;
#2784 = CARTESIAN_POINT ( 'NONE',  ( 14.98415618223405055, 26.32074040590012132, 7.152640324179859732 ) ) ;
#2785 = CARTESIAN_POINT ( 'NONE',  ( 1.744895925885453923E-15, -15.45765309141886057, -34.04381384276877753 ) ) ;
#2786 = CARTESIAN_POINT ( 'NONE',  ( -14.87552185918308112, 28.25475536960706791, 4.626738065921960796 ) ) ;
#2787 =( BOUNDED_SURFACE ( )  B_SPLINE_SURFACE ( 3, 2, ( 
 ( #4108, #2106, #3212 ),
 ( #5182, #286, #1184 ),
 ( #5994, #713, #5584 ),
 ( #1589, #2696, #3557 ),
 ( #5108, #2728, #4071 ),
 ( #3066, #3651, #2176 ) ),
 .UNSPECIFIED., .F., .F., .F. ) 
 B_SPLINE_SURFACE_WITH_KNOTS ( ( 4, 2, 4 ),
 ( 3, 3 ),
 ( -3.376388253641642571E-05, 0.004801573323969346961, 0.009636910530475110287 ),
 ( 0.000000000000000000, 1.000000000000000000 ),
 .UNSPECIFIED. ) 
 GEOMETRIC_REPRESENTATION_ITEM ( )  RATIONAL_B_SPLINE_SURFACE ( (
 ( 1.000000000000000000, 1.000000000000000000, 1.000000000000000000),
 ( 1.000000000000000000, 0.9999868034366011793, 1.000000000000000000),
 ( 1.000000000000000000, 0.9983245876636008820, 1.000000000000000000),
 ( 1.000000000000000000, 0.9912339258427125266, 1.000000000000000000),
 ( 1.000000000000000000, 0.9858314174699719379, 1.000000000000000000),
 ( 1.000000000000000000, 0.9777825185304204192, 1.000000000000000000) ) ) 
 REPRESENTATION_ITEM ( '' )  SURFACE ( )  );
#2788 = CARTESIAN_POINT ( 'NONE',  ( -18.57790070392733739, 23.40535804289114452, 6.031177571060212017 ) ) ;
#2789 = ORIENTED_EDGE ( 'NONE', *, *, #2766, .F. ) ;
#2790 = CARTESIAN_POINT ( 'NONE',  ( 5.016479991193560571E-16, -16.46942865242269605, -36.72048468269603205 ) ) ;
#2791 = CARTESIAN_POINT ( 'NONE',  ( 19.70792357527548333, -24.02261227646589958, 7.013888425914720059 ) ) ;
#2792 = CARTESIAN_POINT ( 'NONE',  ( -11.15935039953841823, 28.49999999999999645, 2.059152046360277044 ) ) ;
#2793 = CARTESIAN_POINT ( 'NONE',  ( 11.49999999999999289, -8.500000000000000000, -11.00000000000000000 ) ) ;
#2794 = LINE ( 'NONE', #2824, #6129 ) ;
#2795 = CARTESIAN_POINT ( 'NONE',  ( -20.26166917995009698, 22.16836959085438608, 6.072818077809805537 ) ) ;
#2796 = CARTESIAN_POINT ( 'NONE',  ( 25.53115024566510627, 8.804084326132464611, 13.53118552250245443 ) ) ;
#2797 = CARTESIAN_POINT ( 'NONE',  ( -24.03492790076193586, -18.66276515712943862, 5.913820393053287106 ) ) ;
#2798 = EDGE_LOOP ( 'NONE', ( #2625, #5766, #302, #3111, #2279 ) ) ;
#2799 = CARTESIAN_POINT ( 'NONE',  ( -29.84516409353736321, -10.90786994893323758, 0.4937869522746251016 ) ) ;
#2800 = CIRCLE ( 'NONE', #5684, 253.2911684466443489 ) ;
#2801 = CARTESIAN_POINT ( 'NONE',  ( -29.05416671262552342, -10.20986417264710688, 7.129333836537422364 ) ) ;
#2802 = CARTESIAN_POINT ( 'NONE',  ( -27.38442604925060664, -20.72251052786481651, -0.01639584744070137629 ) ) ;
#2803 = CARTESIAN_POINT ( 'NONE',  ( -31.49999999999999289, 7.344412678283210205, 4.417127727488995959 ) ) ;
#2804 = CARTESIAN_POINT ( 'NONE',  ( 36.00000000000000711, 0.000000000000000000, -204.9999999999999147 ) ) ;
#2805 = CARTESIAN_POINT ( 'NONE',  ( 29.14004144925573314, -12.40425160126867254, -13.52014693227137343 ) ) ;
#2806 = CARTESIAN_POINT ( 'NONE',  ( -11.49999999999999289, -28.49999999999999645, 1.893709856737651576 ) ) ;
#2807 = CARTESIAN_POINT ( 'NONE',  ( -193.2911684466443489, 0.000000000000000000, -123.3408453358350982 ) ) ;
#2808 = CARTESIAN_POINT ( 'NONE',  ( -28.52479536081868972, 6.408777586629271106, 6.039530827677850766 ) ) ;
#2809 = ORIENTED_EDGE ( 'NONE', *, *, #4306, .F. ) ;
#2810 = CARTESIAN_POINT ( 'NONE',  ( 31.49999999999998934, -8.801773186461288034, 4.438977722748624011 ) ) ;
#2811 = CARTESIAN_POINT ( 'NONE',  ( -11.49999999999974243, -28.49999999999999645, 1.893709856737645136 ) ) ;
#2812 = CARTESIAN_POINT ( 'NONE',  ( 21.49999999999998579, 8.499999999999225508, 0.8039144995325198106 ) ) ;
#2813 = DIRECTION ( 'NONE',  ( 0.000000000000000000, 0.000000000000000000, -1.000000000000000000 ) ) ;
#2814 = CARTESIAN_POINT ( 'NONE',  ( -11.49999999999998046, 18.49999999999998579, 1.893709856737225694 ) ) ;
#2815 = DIRECTION ( 'NONE',  ( 1.000000000000000000, 0.000000000000000000, 0.000000000000000000 ) ) ;
#2816 = CARTESIAN_POINT ( 'NONE',  ( -14.50022523683986542, 26.47503761061277316, 7.149174585931015180 ) ) ;
#2817 = EDGE_CURVE ( 'NONE', #2080, #4228, #1835, .T. ) ;
#2818 = ORIENTED_EDGE ( 'NONE', *, *, #5006, .F. ) ;
#2819 = CARTESIAN_POINT ( 'NONE',  ( 1.839903757740849937E-14, -17.80666802417094985, -33.39416964109580022 ) ) ;
#2820 = CARTESIAN_POINT ( 'NONE',  ( 28.52061152491118179, -12.50945372595299432, 7.010465829956409323 ) ) ;
#2821 = B_SPLINE_CURVE_WITH_KNOTS ( 'NONE', 3,
 ( #4474, #690, #5123, #1265, #727, #4152, #4600, #4191, #1042, #1773, #101, #3701, #6103, #2670, #4634, #1233, #5668, #4672, #267, #4965, #330, #5160, #760, #1549, #2189, #6134 ),
 .UNSPECIFIED., .F., .F.,
 ( 4, 2, 2, 2, 2, 2, 2, 2, 2, 2, 2, 2, 4 ),
 ( 0.000000000000000000, 0.001985006422250072244, 0.003970012844500144487, 0.007940025689000295914, 0.009925032111250372061, 0.01191003853350044647, 0.01588005137800061264, 0.01985006422250077882, 0.02183507064475086537, 0.02382007706700094846, 0.02779008991150111463, 0.02977509633375119424, 0.03176010275600127386 ),
 .UNSPECIFIED. ) ;
#2822 = ORIENTED_EDGE ( 'NONE', *, *, #4373, .F. ) ;
#2823 = CARTESIAN_POINT ( 'NONE',  ( 28.60432632501084882, -5.153256312360596780, 6.049163400366908583 ) ) ;
#2824 = CARTESIAN_POINT ( 'NONE',  ( 13.50000000000000533, 2.755455298081544778E-15, -204.9999999999999147 ) ) ;
#2825 = CARTESIAN_POINT ( 'NONE',  ( -21.51197741092117965, 24.07553838929282364, 3.629522261469484867 ) ) ;
#2826 = DIRECTION ( 'NONE',  ( -1.000000000000000000, 0.000000000000000000, 0.000000000000000000 ) ) ;
#2827 = CARTESIAN_POINT ( 'NONE',  ( -16.24364374254046695, -21.57526511795651558, 13.59126482466255403 ) ) ;
#2828 = EDGE_LOOP ( 'NONE', ( #2961, #5794, #3665 ) ) ;
#2829 = CARTESIAN_POINT ( 'NONE',  ( -29.75833772872232785, -11.56666859459263108, 3.725633314935087537 ) ) ;
#2830 = CARTESIAN_POINT ( 'NONE',  ( -31.49999999999999289, -7.972240374008723762, 0.9465765509482869655 ) ) ;
#2831 = VECTOR ( 'NONE', #6132, 1000.000000000000000 ) ;
#2832 = CARTESIAN_POINT ( 'NONE',  ( 29.97012593293189653, 9.714773255677082275, 0.6350231828207445473 ) ) ;
#2833 = CARTESIAN_POINT ( 'NONE',  ( 11.49999999999999289, 8.500000000000000000, -11.00000000000000000 ) ) ;
#2834 = CARTESIAN_POINT ( 'NONE',  ( 60.00000000000000711, 0.000000000000000000, -204.9999999999999147 ) ) ;
#2835 = DIRECTION ( 'NONE',  ( -0.4368693711347059749, 0.000000000000000000, -0.8995249593893249740 ) ) ;
#2836 = CARTESIAN_POINT ( 'NONE',  ( 5.689666871806076109, -27.96302160165245354, 8.869201222230350012 ) ) ;
#2837 = VERTEX_POINT ( 'NONE', #3544 ) ;
#2838 = EDGE_CURVE ( 'NONE', #5315, #2295, #5020, .T. ) ;
#2839 = AXIS2_PLACEMENT_3D ( 'NONE', #1737, #3591, #2148 ) ;
#2840 = CARTESIAN_POINT ( 'NONE',  ( -27.92104170573169597, -9.953384546749816764, 6.180520935986717035 ) ) ;
#2841 = EDGE_CURVE ( 'NONE', #4122, #4829, #1338, .T. ) ;
#2842 = DIRECTION ( 'NONE',  ( 0.9753238106762902593, 0.2207792207792212413, 0.000000000000000000 ) ) ;
#2843 = DIRECTION ( 'NONE',  ( 0.000000000000000000, 0.000000000000000000, -1.000000000000000000 ) ) ;
#2844 = CARTESIAN_POINT ( 'NONE',  ( 11.49999999999998224, -22.47514308404502970, -17.88465857028938188 ) ) ;
#2845 = CARTESIAN_POINT ( 'NONE',  ( -3.083659580367928449E-15, 21.83402923631390280, -19.69208303711095098 ) ) ;
#2846 = DATE_AND_TIME ( #3268, #3210 ) ;
#2847 = CARTESIAN_POINT ( 'NONE',  ( -1.459403048940388555E-14, -18.87705128792748965, -24.83722144540091747 ) ) ;
#2848 = EDGE_CURVE ( 'NONE', #2434, #3924, #1274, .T. ) ;
#2849 = CARTESIAN_POINT ( 'NONE',  ( -16.44910458980349688, 27.91986868786349163, 0.9279124260967024362 ) ) ;
#2850 = VERTEX_POINT ( 'NONE', #2844 ) ;
#2851 = CARTESIAN_POINT ( 'NONE',  ( 24.04204538756465936, -20.25638671442872862, 6.981713746290420630 ) ) ;
#2852 = CARTESIAN_POINT ( 'NONE',  ( -11.27552174431129473, 28.50000000000032330, 4.894153269376055881 ) ) ;
#2853 = B_SPLINE_CURVE_WITH_KNOTS ( 'NONE', 3,
 ( #1908, #3867, #5833, #946, #3507, #200, #4050, #3539, #6006, #1130, #2537, #4567, #5503, #1601, #1068, #2573, #3600, #3630, #2673, #3568, #5537, #2089, #4602, #3078, #4121, #2121 ),
 .UNSPECIFIED., .F., .F.,
 ( 4, 2, 2, 2, 2, 2, 2, 2, 2, 2, 2, 2, 4 ),
 ( 0.000000000000000000, 0.001837863148670050356, 0.003675726297340100712, 0.007351452594680205760, 0.009189315743350258067, 0.01102717889202030691, 0.01470290518936039938, 0.01837863148670048838, 0.02021649463537054589, 0.02205435778404059646, 0.02573008408138069067, 0.02756794723005074124, 0.02940581037872079181 ),
 .UNSPECIFIED. ) ;
#2854 = CARTESIAN_POINT ( 'NONE',  ( -29.99999999999999289, 8.500000000000000000, 5.000000000000000000 ) ) ;
#2855 = CARTESIAN_POINT ( 'NONE',  ( -22.31762757425806498, -15.20799402541045886, 14.07025229543396705 ) ) ;
#2856 = EDGE_CURVE ( 'NONE', #319, #5389, #3051, .T. ) ;
#2857 = CARTESIAN_POINT ( 'NONE',  ( 10.85163441763214287, -26.12935818748425021, 6.242072957884766460 ) ) ;
#2858 = CARTESIAN_POINT ( 'NONE',  ( -29.97134581232871042, 9.694760497757801687, 0.6376073519744623885 ) ) ;
#2859 = AXIS2_PLACEMENT_3D ( 'NONE', #2629, #4596, #230 ) ;
#2860 = CARTESIAN_POINT ( 'NONE',  ( 22.31905005527580954, 15.20467716023860838, 9.289524969720355685 ) ) ;
#2861 = CARTESIAN_POINT ( 'NONE',  ( -20.56746840220698758, -17.53209732492597794, 14.06077902330259199 ) ) ;
#2862 = ORIENTED_EDGE ( 'NONE', *, *, #3837, .F. ) ;
#2863 = CARTESIAN_POINT ( 'NONE',  ( -27.35237851999337622, -12.20876313712304118, 6.095319407007301571 ) ) ;
#2864 = EDGE_CURVE ( 'NONE', #319, #4019, #3555, .T. ) ;
#2865 = VECTOR ( 'NONE', #3247, 1000.000000000000000 ) ;
#2866 = DIRECTION ( 'NONE',  ( 0.4368693711346121056, 0.000000000000000000, 0.8995249593893704931 ) ) ;
#2867 = CARTESIAN_POINT ( 'NONE',  ( -20.10197336659763323, 18.03526319110770970, 14.03043359080647257 ) ) ;
#2868 = CARTESIAN_POINT ( 'NONE',  ( -29.99999999999998934, -7.911569146580933243, -10.10050771793208746 ) ) ;
#2869 = CARTESIAN_POINT ( 'NONE',  ( -0.9114012521283885171, 20.83421887537664929, -18.39017527112703476 ) ) ;
#2870 = AXIS2_PLACEMENT_3D ( 'NONE', #3990, #3415, #5950 ) ;
#2871 = CARTESIAN_POINT ( 'NONE',  ( 31.49999999999999289, -9.474050321294710031, 4.407286531117159178 ) ) ;
#2872 = CARTESIAN_POINT ( 'NONE',  ( -10.51932030138436325, -27.66649789242151058, 6.579930600735806934 ) ) ;
#2873 = CARTESIAN_POINT ( 'NONE',  ( 1.837275567435381118, -21.16251853253771031, -18.31898716602185573 ) ) ;
#2874 = CARTESIAN_POINT ( 'NONE',  ( 11.49999999999998224, 22.47514308404502970, -17.88465857028938188 ) ) ;
#2875 = CARTESIAN_POINT ( 'NONE',  ( -1.699520047932587596, 26.99999999999999645, 5.198126337837802424 ) ) ;
#2876 = CARTESIAN_POINT ( 'NONE',  ( 6.874033634898450984, 26.69796023637501037, 5.778521057006689610 ) ) ;
#2877 = ORIENTED_EDGE ( 'NONE', *, *, #505, .T. ) ;
#2878 = CARTESIAN_POINT ( 'NONE',  ( -25.74122679651431866, 19.33883466033225318, -16.83815479143783733 ) ) ;
#2879 = CARTESIAN_POINT ( 'NONE',  ( 29.99999999999999289, 6.900808533012649626, 1.136834755483631110 ) ) ;
#2880 = DIRECTION ( 'NONE',  ( 1.000000000000000000, 0.000000000000000000, 0.000000000000000000 ) ) ;
#2881 = PRODUCT_DEFINITION_SHAPE ( 'NONE', 'NONE',  #1995 ) ;
#2882 = B_SPLINE_CURVE_WITH_KNOTS ( 'NONE', 3,
 ( #3351, #3286, #1421, #820, #4770, #3256, #1899, #5319, #3380, #4832, #1364, #5734, #4321, #2867, #449, #1333, #3319, #5288, #5799, #2388, #917, #1395, #6235, #4801, #3830, #1926 ),
 .UNSPECIFIED., .F., .F.,
 ( 4, 2, 2, 2, 2, 2, 2, 2, 2, 2, 2, 2, 4 ),
 ( 0.000000000000000000, 0.001820670938781843422, 0.003641341877563686845, 0.007282683755127367618, 0.009103354693909205403, 0.01092402563269104405, 0.01456536751025471962, 0.01638603844903654960, 0.01820670938781838652, 0.02184805126538205342, 0.02366872220416388339, 0.02548939314294571337, 0.02913073502050936639 ),
 .UNSPECIFIED. ) ;
#2883 = ORIENTED_EDGE ( 'NONE', *, *, #2864, .T. ) ;
#2884 = CARTESIAN_POINT ( 'NONE',  ( 26.55256617887379988, -4.994355751844361535, 12.72519392231430579 ) ) ;
#2885 = CARTESIAN_POINT ( 'NONE',  ( -12.09408774302713496, -27.00000000000000355, 1.737748414377360273 ) ) ;
#2886 = CARTESIAN_POINT ( 'NONE',  ( -17.92075075373494286, 23.68078921402919690, 6.170608728077388250 ) ) ;
#2887 = CARTESIAN_POINT ( 'NONE',  ( -28.24744592787983066, -8.730461272921690608, 6.078140804744212922 ) ) ;
#2888 = ORIENTED_EDGE ( 'NONE', *, *, #34, .F. ) ;
#2889 = CARTESIAN_POINT ( 'NONE',  ( -29.92152910766478868, -10.44294264042001608, 3.791268916620004870 ) ) ;
#2890 = EDGE_CURVE ( 'NONE', #1077, #4534, #540, .T. ) ;
#2891 = CARTESIAN_POINT ( 'NONE',  ( 2.265596578422603396E-15, 27.00000000000000000, 4.999999999999999112 ) ) ;
#2892 = CARTESIAN_POINT ( 'NONE',  ( -10.12097761014046249, -28.50000000000000000, 2.506479285845474969 ) ) ;
#2893 = DIRECTION ( 'NONE',  ( 0.000000000000000000, 0.000000000000000000, -1.000000000000000000 ) ) ;
#2894 = CARTESIAN_POINT ( 'NONE',  ( -17.92973331418281191, 22.16379781065963783, 9.854564625038749526 ) ) ;
#2895 = CARTESIAN_POINT ( 'NONE',  ( 23.90095741927561690, 15.53591115148345381, 9.910505664471189746 ) ) ;
#2896 = CARTESIAN_POINT ( 'NONE',  ( 16.07792174556868403, -26.46337853627364467, 0.9279124260999813689 ) ) ;
#2897 = APPROVAL_PERSON_ORGANIZATION ( #81, #4087, #4517 ) ;
#2898 = CARTESIAN_POINT ( 'NONE',  ( -1.776918613047455464, 28.44677220237743143, 6.221889528157696247 ) ) ;
#2899 = CARTESIAN_POINT ( 'NONE',  ( 26.88626136512679210, -16.10225947569130511, 7.046905786097990010 ) ) ;
#2900 = CARTESIAN_POINT ( 'NONE',  ( 19.01899825969066882, -21.26272170183599641, 13.85774379176338478 ) ) ;
#2901 = EDGE_LOOP ( 'NONE', ( #4282, #4869, #6195 ) ) ;
#2902 = CARTESIAN_POINT ( 'NONE',  ( 20.73118935155626730, -22.20207673084513900, -18.14524544172222420 ) ) ;
#2903 = CARTESIAN_POINT ( 'NONE',  ( -14.05084148575812897, -26.61831974107796484, 7.145956261482809602 ) ) ;
#2904 = CARTESIAN_POINT ( 'NONE',  ( -27.99265578197730164, -13.94577737840585208, 7.071325113930003958 ) ) ;
#2905 = ORIENTED_EDGE ( 'NONE', *, *, #3864, .F. ) ;
#2906 = CARTESIAN_POINT ( 'NONE',  ( -31.49999999999999289, -8.500000000000000000, 5.000000000000000000 ) ) ;
#2907 = EDGE_CURVE ( 'NONE', #2190, #237, #1731, .T. ) ;
#2908 = CARTESIAN_POINT ( 'NONE',  ( -29.85017306416249738, -10.92742138005670327, 0.4897406860004198670 ) ) ;
#2909 = CARTESIAN_POINT ( 'NONE',  ( 10.05214754496396168, -25.08402869707783722, 8.500835342404547745 ) ) ;
#2910 = CARTESIAN_POINT ( 'NONE',  ( -10.36238137026272099, -26.29852880997715303, 5.984610632855011048 ) ) ;
#2911 = ORIENTED_EDGE ( 'NONE', *, *, #3673, .F. ) ;
#2912 = CARTESIAN_POINT ( 'NONE',  ( -27.83329462930138831, -10.40798947405397890, 6.162426225121105716 ) ) ;
#2913 = EDGE_CURVE ( 'NONE', #5056, #1592, #4719, .T. ) ;
#2914 = CARTESIAN_POINT ( 'NONE',  ( 21.26545985361304858, -16.64764313819612696, 14.07403008493550089 ) ) ;
#2915 = CARTESIAN_POINT ( 'NONE',  ( 27.55084810865291089, 11.53764094289537212, 6.119449000011578654 ) ) ;
#2916 = CARTESIAN_POINT ( 'NONE',  ( 2.289582424089829464E-14, 14.76013583473939228, -35.56834563859019482 ) ) ;
#2917 = CARTESIAN_POINT ( 'NONE',  ( -9.920115915871125623, -26.73845460251440898, 8.708053409296669045 ) ) ;
#2918 = CARTESIAN_POINT ( 'NONE',  ( 12.46506201671911107, 28.49999999999739586, 4.838069797757683865 ) ) ;
#2919 = ORIENTED_EDGE ( 'NONE', *, *, #5841, .F. ) ;
#2920 = ADVANCED_FACE ( 'NONE', ( #4682 ), #1851, .T. ) ;
#2921 = CARTESIAN_POINT ( 'NONE',  ( -21.30792027099742469, 18.93718823093216841, 14.03504198297739691 ) ) ;
#2922 = CARTESIAN_POINT ( 'NONE',  ( 21.76141640852529591, 18.44254257699325805, 9.911363084252787559 ) ) ;
#2923 = CARTESIAN_POINT ( 'NONE',  ( 15.33093495561066888, -26.62890791407744473, 4.067900658668121672 ) ) ;
#2924 = CIRCLE ( 'NONE', #4884, 205.2911684466444342 ) ;
#2925 = ORIENTED_EDGE ( 'NONE', *, *, #4447, .F. ) ;
#2926 = CARTESIAN_POINT ( 'NONE',  ( 8.277140743021819347, 28.49999999998614442, 4.838787714520988992 ) ) ;
#2927 = CARTESIAN_POINT ( 'NONE',  ( -31.11652129271379863, -12.47751430587300447, 4.272224845124831916 ) ) ;
#2928 = ORIENTED_EDGE ( 'NONE', *, *, #6259, .F. ) ;
#2929 = CARTESIAN_POINT ( 'NONE',  ( 7.388121353675051850, 25.97919579632303666, 10.22280020639550280 ) ) ;
#2930 = CARTESIAN_POINT ( 'NONE',  ( 1.759255233681794151, -26.99999999998873434, 5.201935006542075968 ) ) ;
#2931 = CARTESIAN_POINT ( 'NONE',  ( 13.46134078776163179, 28.45779944824504426, 4.739855406451222386 ) ) ;
#2932 = VERTEX_POINT ( 'NONE', #5270 ) ;
#2933 = CARTESIAN_POINT ( 'NONE',  ( 26.71913619516419658, 4.009805006164750552, 12.51617552471218353 ) ) ;
#2934 =( BOUNDED_SURFACE ( )  B_SPLINE_SURFACE ( 3, 2, ( 
 ( #2840, #1876, #4777 ),
 ( #6243, #1847, #3835 ),
 ( #3706, #5675, #3230 ),
 ( #4711, #4954, #5437 ) ),
 .UNSPECIFIED., .F., .F., .F. ) 
 B_SPLINE_SURFACE_WITH_KNOTS ( ( 4, 4 ),
 ( 3, 3 ),
 ( -7.459310946700270506E-16, 0.001631974846458346352 ),
 ( 0.000000000000000000, 1.000000000000000000 ),
 .UNSPECIFIED. ) 
 GEOMETRIC_REPRESENTATION_ITEM ( )  RATIONAL_B_SPLINE_SURFACE ( (
 ( 1.000000000000000000, 0.9368608944935618021, 1.000000000000000000),
 ( 1.000000000000000000, 0.9413761907154832853, 1.000000000000000000),
 ( 1.000000000000000000, 0.9455842457058261097, 1.000000000000000000),
 ( 1.000000000000000000, 0.9493414389859587965, 1.000000000000000000) ) ) 
 REPRESENTATION_ITEM ( '' )  SURFACE ( )  );
#2935 = CARTESIAN_POINT ( 'NONE',  ( -29.05416671262612027, 10.20986417265428159, 7.129333836543801262 ) ) ;
#2936 = CARTESIAN_POINT ( 'NONE',  ( 10.84603325892897985, -26.22831730324288912, 6.023724092199684854 ) ) ;
#2937 = CARTESIAN_POINT ( 'NONE',  ( 12.14463961670002767, 28.50000000000000000, 1.737169840245209151 ) ) ;
#2938 = PRODUCT_RELATED_PRODUCT_CATEGORY ( 'detail', '', ( #5044 ) ) ;
#2939 = CARTESIAN_POINT ( 'NONE',  ( -11.35218532079827725, -26.13918757046618779, 6.050987823073574745 ) ) ;
#2940 = ORIENTED_EDGE ( 'NONE', *, *, #3516, .T. ) ;
#2941 = CARTESIAN_POINT ( 'NONE',  ( -13.47293128688536257, -26.89673060389694470, 1.427329560309517076 ) ) ;
#2942 = ADVANCED_FACE ( 'NONE', ( #5778 ), #6030, .T. ) ;
#2943 = AXIS2_PLACEMENT_3D ( 'NONE', #1620, #3581, #195 ) ;
#2944 = CARTESIAN_POINT ( 'NONE',  ( -10.50988613308955166, -24.01482749929706273, -18.78569583482800098 ) ) ;
#2945 = CARTESIAN_POINT ( 'NONE',  ( -31.49999999999998579, -6.900808533012642521, 1.136834755483636217 ) ) ;
#2946 = CARTESIAN_POINT ( 'NONE',  ( 0.7117084494435840236, -28.49166751729250890, 5.489898574158677214 ) ) ;
#2947 = CARTESIAN_POINT ( 'NONE',  ( 28.83251485502111322, -11.16188601245412393, 7.116683424004644820 ) ) ;
#2948 = CARTESIAN_POINT ( 'NONE',  ( -19.60120814832541214, -22.59920311724283692, -18.31109919164090627 ) ) ;
#2949 = ORIENTED_EDGE ( 'NONE', *, *, #1082, .F. ) ;
#2950 = ADVANCED_FACE ( 'NONE', ( #1375 ), #1435, .F. ) ;
#2951 = AXIS2_PLACEMENT_3D ( 'NONE', #1159, #1193, #4116 ) ;
#2952 = DIRECTION ( 'NONE',  ( 0.9666727220510475949, 0.000000000000000000, -0.2560153285301848824 ) ) ;
#2953 = CARTESIAN_POINT ( 'NONE',  ( 2.357445088358655546E-15, 28.49999999999999645, 4.999999999999999112 ) ) ;
#2954 = CARTESIAN_POINT ( 'NONE',  ( 28.42574957447571649, 2.359658349986273329, 9.316756135057755017 ) ) ;
#2955 = AXIS2_PLACEMENT_3D ( 'NONE', #6011, #3158, #5133 ) ;
#2956 = CARTESIAN_POINT ( 'NONE',  ( -0.1768700320102997714, 28.50000000000000000, 5.121769805227209815 ) ) ;
#2957 = DIRECTION ( 'NONE',  ( 0.4145910441407846814, 0.000000000000000000, -0.9100078384927539066 ) ) ;
#2958 = CARTESIAN_POINT ( 'NONE',  ( -24.42389304907079506, 18.10940586356433712, 5.915460531645252651 ) ) ;
#2959 = ORIENTED_EDGE ( 'NONE', *, *, #4443, .F. ) ;
#2960 = CARTESIAN_POINT ( 'NONE',  ( -10.84380930334170934, -27.52691507624937017, 6.812610360293191114 ) ) ;
#2961 = ORIENTED_EDGE ( 'NONE', *, *, #5000, .F. ) ;
#2962 = CARTESIAN_POINT ( 'NONE',  ( 28.74107920915610848, -0.6196853768562076148, 6.057893735539248148 ) ) ;
#2963 = CARTESIAN_POINT ( 'NONE',  ( 29.99999999999998934, 7.973464254590982847, 0.9462457124891657800 ) ) ;
#2964 = CARTESIAN_POINT ( 'NONE',  ( 26.55248397337707189, 21.73554075003629293, -0.003776557923943909927 ) ) ;
#2965 = CARTESIAN_POINT ( 'NONE',  ( 31.49999999999998579, 6.900808533012652290, 1.136834755483640214 ) ) ;
#2966 = ORIENTED_EDGE ( 'NONE', *, *, #6172, .T. ) ;
#2967 = CARTESIAN_POINT ( 'NONE',  ( -17.10119187066305102, -24.10452296072105582, 6.207567955235323787 ) ) ;
#2968 = B_SPLINE_CURVE_WITH_KNOTS ( 'NONE', 3,
 ( #5300, #4684, #2847, #3236, #3744, #2785, #4204, #369, #2369, #4331, #4751, #3200, #6282, #6149, #1755, #2304, #5644, #3715, #5748, #2273, #6214, #5204, #4263, #1245, #805, #2750 ),
 .UNSPECIFIED., .F., .F.,
 ( 4, 2, 2, 2, 2, 2, 2, 2, 2, 2, 2, 2, 4 ),
 ( 0.000000000000000000, 0.009821075497031978366, 0.01473161324554796321, 0.01964215099406394979, 0.02209741986832194222, 0.02455268874257992770, 0.02700795761683792012, 0.02946322649109590908, 0.03191849536535389803, 0.03437376423961189392, 0.03682903311386988288, 0.03805666755099888082, 0.03928430198812787183 ),
 .UNSPECIFIED. ) ;
#2969 = CARTESIAN_POINT ( 'NONE',  ( 29.75589677973700375, 11.51083312014733551, 0.4285619376480307441 ) ) ;
#2970 = CARTESIAN_POINT ( 'NONE',  ( 1.921775713532276385E-14, 4.377827544168134466, -48.65527158365183169 ) ) ;
#2971 = CARTESIAN_POINT ( 'NONE',  ( -21.23674548377569948, -22.94334609318646301, 7.004463522454264179 ) ) ;
#2972 = FACE_OUTER_BOUND ( 'NONE', #4051, .T. ) ;
#2973 = CARTESIAN_POINT ( 'NONE',  ( -26.57879263872281683, -18.60545076651139240, -16.47913292464409452 ) ) ;
#2974 = ORIENTED_EDGE ( 'NONE', *, *, #4779, .F. ) ;
#2975 = CARTESIAN_POINT ( 'NONE',  ( 6.123233995736767268E-16, 28.49999999999999645, 5.000000000000000000 ) ) ;
#2976 = CARTESIAN_POINT ( 'NONE',  ( -13.54522123883184470, 25.10987738856517026, 9.522003829782176965 ) ) ;
#2977 = CARTESIAN_POINT ( 'NONE',  ( 28.53763782094883084, 12.53987837466381805, 7.011696108337853950 ) ) ;
#2978 = CARTESIAN_POINT ( 'NONE',  ( 21.49999999999999289, -8.500000000000000000, 0.8039144995323158627 ) ) ;
#2979 = CARTESIAN_POINT ( 'NONE',  ( -13.18151011733567124, 25.53943890339670020, 6.379850948125628918 ) ) ;
#2980 = ORIENTED_EDGE ( 'NONE', *, *, #5716, .T. ) ;
#2981 = CARTESIAN_POINT ( 'NONE',  ( 29.99999999999998934, 0.3933071991643788956, -6.979998821817669175 ) ) ;
#2982 = ORIENTED_EDGE ( 'NONE', *, *, #692, .F. ) ;
#2983 = CARTESIAN_POINT ( 'NONE',  ( 11.22171978744820464, -26.20458141285939391, 12.01180614708930605 ) ) ;
#2984 = ORGANIZATION ( 'UNSPECIFIED', 'UNSPECIFIED', '' ) ;
#2985 = CARTESIAN_POINT ( 'NONE',  ( -31.41042513813187398, -10.67165029241454199, 4.347845154647263399 ) ) ;
#2986 = ORIENTED_EDGE ( 'NONE', *, *, #1140, .T. ) ;
#2987 = CARTESIAN_POINT ( 'NONE',  ( -36.00000000000000000, 0.000000000000000000, -204.9999999999999432 ) ) ;
#2988 = CARTESIAN_POINT ( 'NONE',  ( -13.54216283859481429, -26.78050753481297619, 7.142313292348691611 ) ) ;
#2989 = CARTESIAN_POINT ( 'NONE',  ( -28.64060123260620827, -12.12488771290088607, 7.105574532914589625 ) ) ;
#2990 = ADVANCED_FACE ( 'NONE', ( #62 ), #2541, .T. ) ;
#2991 = ORIENTED_EDGE ( 'NONE', *, *, #2348, .F. ) ;
#2992 = CARTESIAN_POINT ( 'NONE',  ( 26.55371665633530753, 4.989273352975965636, 12.72394742714724813 ) ) ;
#2993 = CARTESIAN_POINT ( 'NONE',  ( 29.99999999999999289, 7.441745900717370077, 1.063682125309039828 ) ) ;
#2994 = CARTESIAN_POINT ( 'NONE',  ( -14.52533540541642232, 25.14090601073230502, 6.320588791955517038 ) ) ;
#2995 = CARTESIAN_POINT ( 'NONE',  ( 20.05909703691583701, -20.67059686553503539, -17.42625847095271752 ) ) ;
#2996 = CARTESIAN_POINT ( 'NONE',  ( -10.72216167126887854, -24.78641818113005613, 12.04995993071100813 ) ) ;
#2997 = PERSON_AND_ORGANIZATION ( #1993, #2984 ) ;
#2998 = ORIENTED_EDGE ( 'NONE', *, *, #5872, .T. ) ;
#2999 = CARTESIAN_POINT ( 'NONE',  ( -19.45308655980817036, -25.21451086102222661, 0.4600026425380809303 ) ) ;
#3000 = CARTESIAN_POINT ( 'NONE',  ( -31.50000000000000711, -0.7749993634123540920, -6.633495505678739690 ) ) ;
#3001 = DIRECTION ( 'NONE',  ( -1.000000000000000000, 0.000000000000000000, 0.000000000000000000 ) ) ;
#3002 = CARTESIAN_POINT ( 'NONE',  ( -12.00686675440833362, -25.86440886215495638, 9.244545683458232688 ) ) ;
#3003 = CARTESIAN_POINT ( 'NONE',  ( 13.54216283859679670, 26.78050753481121760, 7.142313292350441323 ) ) ;
#3004 = CARTESIAN_POINT ( 'NONE',  ( -16.93674647298656311, -21.72118096279480426, -17.76056340667700795 ) ) ;
#3005 = VERTEX_POINT ( 'NONE', #592 ) ;
#3006 = DIRECTION ( 'NONE',  ( 0.000000000000000000, 0.000000000000000000, -1.000000000000000000 ) ) ;
#3007 = CARTESIAN_POINT ( 'NONE',  ( -12.96962339729453184, 25.40709079288926375, 12.64995412166146060 ) ) ;
#3008 = FACE_OUTER_BOUND ( 'NONE', #4627, .T. ) ;
#3009 = B_SPLINE_CURVE_WITH_KNOTS ( 'NONE', 3,
 ( #4328, #2333, #6279, #5947 ),
 .UNSPECIFIED., .F., .F.,
 ( 4, 4 ),
 ( 0.000000000000000000, 0.002406495871738400464 ),
 .UNSPECIFIED. ) ;
#3010 = CARTESIAN_POINT ( 'NONE',  ( -31.49999999999999289, 4.610959820979807944, 1.446498065855255755 ) ) ;
#3011 = ORIENTED_EDGE ( 'NONE', *, *, #5129, .F. ) ;
#3012 = EDGE_LOOP ( 'NONE', ( #2146, #533, #4744, #4635 ) ) ;
#3013 = CARTESIAN_POINT ( 'NONE',  ( 7.843994539833580859, 28.49999999999999645, 3.149505043990042275 ) ) ;
#3014 = EDGE_CURVE ( 'NONE', #277, #2372, #2678, .T. ) ;
#3015 = CARTESIAN_POINT ( 'NONE',  ( -31.50000000000004263, -9.143855579245474985, 0.7168921600136162198 ) ) ;
#3016 = ORIENTED_EDGE ( 'NONE', *, *, #1362, .F. ) ;
#3017 = CIRCLE ( 'NONE', #3124, 10.00000000000000000 ) ;
#3018 = DIRECTION ( 'NONE',  ( 0.000000000000000000, 0.1340132229723918489, -0.9909795437185129341 ) ) ;
#3019 = CARTESIAN_POINT ( 'NONE',  ( 13.70371936901227627, 22.31958847012884206, -17.89544093315848272 ) ) ;
#3020 = CARTESIAN_POINT ( 'NONE',  ( 36.00000000000000711, 0.000000000000000000, -204.9999999999999147 ) ) ;
#3021 = ADVANCED_FACE ( 'NONE', ( #4406 ), #5494, .T. ) ;
#3022 = CARTESIAN_POINT ( 'NONE',  ( 3.284770347440864288E-16, 26.99999999999999645, 4.999999999999999112 ) ) ;
#3023 = ORIENTED_EDGE ( 'NONE', *, *, #5370, .F. ) ;
#3024 = CARTESIAN_POINT ( 'NONE',  ( 26.99893047759715614, 1.156124722125736026, 8.850987543880755481 ) ) ;
#3025 = AXIS2_PLACEMENT_3D ( 'NONE', #4745, #335, #1340 ) ;
#3026 = CYLINDRICAL_SURFACE ( 'NONE', #616, 27.00000000000000000 ) ;
#3027 = CARTESIAN_POINT ( 'NONE',  ( -14.79551946450074240, 26.73600103929496896, 4.119892577801232747 ) ) ;
#3028 = CARTESIAN_POINT ( 'NONE',  ( 24.67420918145825581, 23.60619161661291443, 0.07291119290043396317 ) ) ;
#3029 = CARTESIAN_POINT ( 'NONE',  ( 31.49999999999999289, -1.165306834275693593, 1.605591709946094126 ) ) ;
#3030 = DIRECTION ( 'NONE',  ( 1.000000000000000000, 0.000000000000000000, 0.000000000000000000 ) ) ;
#3031 = CARTESIAN_POINT ( 'NONE',  ( 25.93137011359981159, 15.60777093999862331, 6.000453574595037587 ) ) ;
#3032 = CARTESIAN_POINT ( 'NONE',  ( 6.013753055690593874E-15, 1.660305345405094668, -49.68687401922966274 ) ) ;
#3033 = CARTESIAN_POINT ( 'NONE',  ( -20.14228449948902977, -20.19873756705845480, 9.901902490096574638 ) ) ;
#3034 = CARTESIAN_POINT ( 'NONE',  ( 9.767049207610671857, 28.49999999999999645, 2.629160492533310300 ) ) ;
#3035 = CARTESIAN_POINT ( 'NONE',  ( -29.58734591662939906, -15.06084918539867168, -14.62536835875737040 ) ) ;
#3036 = EDGE_CURVE ( 'NONE', #1955, #3509, #5134, .T. ) ;
#3037 = ORIENTED_EDGE ( 'NONE', *, *, #5257, .T. ) ;
#3038 = DIRECTION ( 'NONE',  ( 0.000000000000000000, 0.1340132229723918766, -0.9909795437185129341 ) ) ;
#3039 = CARTESIAN_POINT ( 'NONE',  ( -12.86808573343680351, -25.43694346323869837, 12.59428880901670667 ) ) ;
#3040 = CARTESIAN_POINT ( 'NONE',  ( -6.581317410888938291, -22.26789563755919588, -17.97287673721968915 ) ) ;
#3041 = B_SPLINE_CURVE_WITH_KNOTS ( 'NONE', 3,
 ( #1927, #2868, #385, #472, #6200, #422, #1365, #5289, #3352, #888, #3888, #5768, #6236, #2389 ),
 .UNSPECIFIED., .F., .F.,
 ( 4, 2, 2, 2, 2, 2, 4 ),
 ( 0.000000000000000000, 0.002362668269487652305, 0.003544002404231479109, 0.004725336538975305478, 0.007088004808462958217, 0.008269338943206784587, 0.009450673077950609222 ),
 .UNSPECIFIED. ) ;
#3042 = CARTESIAN_POINT ( 'NONE',  ( 14.55027561423671045, 24.53955928548637289, 9.637207644769151926 ) ) ;
#3043 = CARTESIAN_POINT ( 'NONE',  ( 28.49908881037740471, 1.090087589781593147, 12.14263495233279144 ) ) ;
#3044 = CARTESIAN_POINT ( 'NONE',  ( 23.83719360637751095, -20.62520216833463138, -17.44091596517754184 ) ) ;
#3045 = DIRECTION ( 'NONE',  ( 0.000000000000000000, 0.000000000000000000, -1.000000000000000000 ) ) ;
#3046 = AXIS2_PLACEMENT_3D ( 'NONE', #6244, #3803, #2842 ) ;
#3047 = CARTESIAN_POINT ( 'NONE',  ( 28.50000000000000000, -2.432795517538322102E-16, 12.14142842854284510 ) ) ;
#3048 = EDGE_LOOP ( 'NONE', ( #5367, #3670, #2157, #4248 ) ) ;
#3049 = B_SPLINE_CURVE_WITH_KNOTS ( 'NONE', 3,
 ( #4063, #1110, #5031, #4545, #6015, #1615, #668, #248, #2614, #211 ),
 .UNSPECIFIED., .F., .F.,
 ( 4, 2, 2, 2, 4 ),
 ( 0.000000000000000000, 0.003795811827717928549, 0.007591623655435857099, 0.01138743548315378565, 0.01518324731087171420 ),
 .UNSPECIFIED. ) ;
#3050 = CARTESIAN_POINT ( 'NONE',  ( -28.43974809257675673, -2.131292573445940253, 12.22352802419466222 ) ) ;
#3051 = CIRCLE ( 'NONE', #5125, 8.500000000000001776 ) ;
#3052 = CARTESIAN_POINT ( 'NONE',  ( -24.04647676029707881, 18.60179971509043284, 5.916417258842897375 ) ) ;
#3053 = CARTESIAN_POINT ( 'NONE',  ( 19.04174740347262329, 21.06167865067507705, -17.55773263776934101 ) ) ;
#3054 = DIRECTION ( 'NONE',  ( 0.000000000000000000, 0.000000000000000000, -1.000000000000000000 ) ) ;
#3055 = DIRECTION ( 'NONE',  ( 1.224646799147353454E-16, 0.000000000000000000, 1.000000000000000000 ) ) ;
#3056 = CIRCLE ( 'NONE', #1017, 10.00000000000000000 ) ;
#3057 = CARTESIAN_POINT ( 'NONE',  ( -27.29193513811880933, 20.79060657089571862, -0.009927738631934548280 ) ) ;
#3058 = B_SPLINE_CURVE_WITH_KNOTS ( 'NONE', 3,
 ( #594, #3589, #4490, #123, #4181, #4281, #1359, #2764, #1833, #3757, #5111, #318, #2251, #258, #5659, #4143, #5695, #1290, #3654, #3177 ),
 .UNSPECIFIED., .F., .F.,
 ( 4, 2, 2, 2, 2, 2, 2, 2, 2, 4 ),
 ( 0.000000000000000000, 0.002773399674607723592, 0.005546799349215452389, 0.008320199023823181619, 0.01109359869843090998, 0.01386699837303863661, 0.01525369821034250860, 0.01664039804764637712, 0.01941379772225411762, 0.02218719739686185813 ),
 .UNSPECIFIED. ) ;
#3059 = CARTESIAN_POINT ( 'NONE',  ( 9.524512587589066825, 23.99046735792875751, -18.80019265269859829 ) ) ;
#3060 = CARTESIAN_POINT ( 'NONE',  ( 14.05423057973085044, -24.82491273767819351, 12.95137551842523216 ) ) ;
#3061 = CARTESIAN_POINT ( 'NONE',  ( -29.76400966272961313, 10.61741699098705283, -12.37024252382673772 ) ) ;
#3062 = CARTESIAN_POINT ( 'NONE',  ( -29.99999999999999645, 2.432443576016711795, 4.017386618085657446 ) ) ;
#3063 = CARTESIAN_POINT ( 'NONE',  ( 29.99999999999999289, 2.303875376149728815, 1.566036854507273368 ) ) ;
#3064 =( BOUNDED_SURFACE ( )  B_SPLINE_SURFACE ( 3, 2, ( 
 ( #5889, #5919, #1960 ),
 ( #2979, #3898, #67 ),
 ( #3475, #3928, #2506 ),
 ( #923, #5326, #4440 ),
 ( #1004, #538, #4896 ),
 ( #1456, #3443, #3388 ),
 ( #479, #4960, #508 ),
 ( #4411, #3954, #6305 ) ),
 .UNSPECIFIED., .F., .F., .F. ) 
 B_SPLINE_SURFACE_WITH_KNOTS ( ( 4, 2, 2, 4 ),
 ( 3, 3 ),
 ( 0.000000000000000000, 0.001130555754986650339, 0.001695833632479975400, 0.002261111509973300678 ),
 ( 0.000000000000000000, 1.000000000000000000 ),
 .UNSPECIFIED. ) 
 GEOMETRIC_REPRESENTATION_ITEM ( )  RATIONAL_B_SPLINE_SURFACE ( (
 ( 1.000000000000000000, 0.9517961898714960567, 1.000000000000000000),
 ( 1.000000000000000000, 0.9560853998107926577, 1.000000000000000000),
 ( 1.000000000000000000, 0.9603264137717175686, 1.000000000000000000),
 ( 1.000000000000000000, 0.9667157646357956713, 1.000000000000000000),
 ( 1.000000000000000000, 0.9688491502831627633, 1.000000000000000000),
 ( 1.000000000000000000, 0.9731952827954498675, 1.000000000000000000),
 ( 1.000000000000000000, 0.9754008831407700031, 1.000000000000000000),
 ( 1.000000000000000000, 0.9777825185304211963, 1.000000000000000000) ) ) 
 REPRESENTATION_ITEM ( '' )  SURFACE ( )  );
#3065 = CARTESIAN_POINT ( 'NONE',  ( 20.63144991695640229, 21.88798657278339377, 6.058892063389571980 ) ) ;
#3066 = CARTESIAN_POINT ( 'NONE',  ( 9.401036392209745074, -26.99999999999999645, 2.737135302395451220 ) ) ;
#3067 = CARTESIAN_POINT ( 'NONE',  ( 20.94538709865930670, -23.03972862917691344, 7.084740730733778413 ) ) ;
#3068 = CARTESIAN_POINT ( 'NONE',  ( -29.76126054472273452, -10.62947752192397743, -12.37889798868677182 ) ) ;
#3069 = EDGE_LOOP ( 'NONE', ( #3285, #4890, #978, #1530, #5308, #2604, #3281, #4902, #3153 ) ) ;
#3070 = CARTESIAN_POINT ( 'NONE',  ( -10.29309592552058916, 26.25299711024275240, 6.105408687617733143 ) ) ;
#3071 = CARTESIAN_POINT ( 'NONE',  ( -10.66836413764552205, -26.45551326750403121, 11.80804192838420974 ) ) ;
#3072 = EDGE_CURVE ( 'NONE', #4524, #2850, #6138, .T. ) ;
#3073 = CARTESIAN_POINT ( 'NONE',  ( -2.706138322856448397, 26.89831397996337969, 6.966719255976618008 ) ) ;
#3074 = CARTESIAN_POINT ( 'NONE',  ( -27.39318262673236148, 7.965466671135745358, 9.741185990707547759 ) ) ;
#3075 = CARTESIAN_POINT ( 'NONE',  ( 29.84284363605107515, 5.223372281352353319, 6.892720771683867653 ) ) ;
#3076 = CARTESIAN_POINT ( 'NONE',  ( -30.48152545843353067, 13.41155420550317245, -13.66996476470869482 ) ) ;
#3077 = ORIENTED_EDGE ( 'NONE', *, *, #2890, .F. ) ;
#3078 = CARTESIAN_POINT ( 'NONE',  ( -12.68908297732031265, 26.97143327874651675, 1.597516972224659382 ) ) ;
#3079 = ORIENTED_EDGE ( 'NONE', *, *, #2913, .F. ) ;
#3080 = ORIENTED_EDGE ( 'NONE', *, *, #4184, .F. ) ;
#3081 = CARTESIAN_POINT ( 'NONE',  ( -28.50000000000115108, -1.072293681456288672, 12.14142842854132276 ) ) ;
#3082 = CARTESIAN_POINT ( 'NONE',  ( -17.65286770811426820, -25.14476448841016420, 7.139298205642434780 ) ) ;
#3083 = CARTESIAN_POINT ( 'NONE',  ( -31.50000000000000000, -8.882266790987047855, -10.35000145165926178 ) ) ;
#3084 = CARTESIAN_POINT ( 'NONE',  ( 0.000000000000000000, 0.000000000000000000, 0.000000000000000000 ) ) ;
#3085 = CARTESIAN_POINT ( 'NONE',  ( 6.819247945327721716, 26.70300821695260041, 5.772714566857321650 ) ) ;
#3086 = CARTESIAN_POINT ( 'NONE',  ( -31.49999999999999289, 9.474050321294729571, 4.407286531117159178 ) ) ;
#3087 = LOCAL_TIME ( 0, 3, 39.00000000000000000, #4584 ) ;
#3088 = CARTESIAN_POINT ( 'NONE',  ( -12.87903646558820192, 25.79590633656741971, 6.099070203442083837 ) ) ;
#3089 = CARTESIAN_POINT ( 'NONE',  ( 1.828496456667518144, 22.55780194935128335, -19.47017776731520655 ) ) ;
#3090 = CARTESIAN_POINT ( 'NONE',  ( 21.35117402472307191, -16.53632837355355178, 9.289265487197207349 ) ) ;
#3091 = CARTESIAN_POINT ( 'NONE',  ( -1.570686887425327916, -28.49999999999999645, 4.638889872657251168 ) ) ;
#3092 = CARTESIAN_POINT ( 'NONE',  ( -29.32610784521754965, 11.95759133498330939, -13.24748572479649944 ) ) ;
#3093 = B_SPLINE_CURVE_WITH_KNOTS ( 'NONE', 3,
 ( #3366, #1916, #4417, #102, #1520, #3449 ),
 .UNSPECIFIED., .F., .F.,
 ( 4, 2, 4 ),
 ( 0.000000000000000000, 0.001131040970656083762, 0.002262081941312167523 ),
 .UNSPECIFIED. ) ;
#3094 = CARTESIAN_POINT ( 'NONE',  ( -29.99999999999999289, 5.760361348109785062, 1.291060950840776433 ) ) ;
#3095 = CARTESIAN_POINT ( 'NONE',  ( 11.18225275145609032, -27.44158149535146407, 6.882129844565336718 ) ) ;
#3096 = DATE_AND_TIME ( #1146, #1051 ) ;
#3097 = CARTESIAN_POINT ( 'NONE',  ( 10.45051819610490718, -27.62117307087386209, 6.699809873245234471 ) ) ;
#3098 = CARTESIAN_POINT ( 'NONE',  ( 23.62041370572541510, 19.01994360390294503, 5.980937298788729706 ) ) ;
#3099 = CARTESIAN_POINT ( 'NONE',  ( 3.141431759197336859, 27.00000000000000000, 4.277950638296469599 ) ) ;
#3100 = CARTESIAN_POINT ( 'NONE',  ( 21.32862385489291412, -22.74027658394022566, 7.077797254109900571 ) ) ;
#3101 = CARTESIAN_POINT ( 'NONE',  ( 11.49999999999999112, -19.49999999999999645, -11.00000000000000000 ) ) ;
#3102 = CARTESIAN_POINT ( 'NONE',  ( -13.10533974544156877, 25.56117190070920486, 6.383251992577338996 ) ) ;
#3103 = ORIENTED_EDGE ( 'NONE', *, *, #6277, .F. ) ;
#3104 = ADVANCED_FACE ( 'NONE', ( #4698 ), #5375, .T. ) ;
#3105 = CARTESIAN_POINT ( 'NONE',  ( -28.73424914844091660, 1.273818071566351184, 6.057809999248182642 ) ) ;
#3106 = CARTESIAN_POINT ( 'NONE',  ( -26.40764293911585270, 10.73987865306856548, 9.857807153062362104 ) ) ;
#3107 = CARTESIAN_POINT ( 'NONE',  ( 21.23674548377103832, 22.94334609318955387, 7.004463522454110525 ) ) ;
#3108 = CARTESIAN_POINT ( 'NONE',  ( 29.05416671262663542, 10.20986417264852619, 7.129333836541686509 ) ) ;
#3109 = CARTESIAN_POINT ( 'NONE',  ( -31.50000000000000000, 5.952102370797335062, -8.243116409085615715 ) ) ;
#3110 = CARTESIAN_POINT ( 'NONE',  ( 193.2911684466444626, 0.000000000000000000, -123.3408453358350982 ) ) ;
#3111 = ORIENTED_EDGE ( 'NONE', *, *, #2650, .F. ) ;
#3112 = CARTESIAN_POINT ( 'NONE',  ( 26.44071818681422670, 21.81234908565743780, 0.004817382819579332613 ) ) ;
#3113 = CARTESIAN_POINT ( 'NONE',  ( 31.49999999999999289, 9.474050321292768473, 4.407286531117247996 ) ) ;
#3114 = VERTEX_POINT ( 'NONE', #4662 ) ;
#3115 = ORIENTED_EDGE ( 'NONE', *, *, #446, .F. ) ;
#3116 = CARTESIAN_POINT ( 'NONE',  ( -10.29889597362859099, -26.99999999999999645, 2.432614641204505990 ) ) ;
#3117 = CARTESIAN_POINT ( 'NONE',  ( -16.30964848351774421, -25.76547095681615218, 7.148907239812484882 ) ) ;
#3118 = CARTESIAN_POINT ( 'NONE',  ( 24.98866436056786000, -17.19106742328556336, 5.979401062575377956 ) ) ;
#3119 = CARTESIAN_POINT ( 'NONE',  ( 27.50204266647886442, 7.502066990867034768, 13.22536801500305259 ) ) ;
#3120 = CARTESIAN_POINT ( 'NONE',  ( 11.57203927413374522, -25.95667028586360203, 6.319975315965016271 ) ) ;
#3121 = CARTESIAN_POINT ( 'NONE',  ( 28.50000000000000000, 0.000000000000000000, -3.490243377569957244E-15 ) ) ;
#3122 = B_SPLINE_CURVE_WITH_KNOTS ( 'NONE', 3,
 ( #535, #4892, #2502, #4928 ),
 .UNSPECIFIED., .F., .F.,
 ( 4, 4 ),
 ( 0.000000000000000000, 0.002406495871738483731 ),
 .UNSPECIFIED. ) ;
#3123 = CARTESIAN_POINT ( 'NONE',  ( -8.585529320152033961, 25.60441865059146593, 11.00068250791763980 ) ) ;
#3124 = AXIS2_PLACEMENT_3D ( 'NONE', #3613, #312, #4582 ) ;
#3125 = CARTESIAN_POINT ( 'NONE',  ( 10.50903854699674511, 24.01484750091006504, -18.78568431607580536 ) ) ;
#3126 = CARTESIAN_POINT ( 'NONE',  ( 26.84458019915284055, -13.85391973727027448, 5.963783484512851452 ) ) ;
#3127 = CARTESIAN_POINT ( 'NONE',  ( -14.05084148575788205, 26.61831974107802523, 7.145956261482449001 ) ) ;
#3128 = CARTESIAN_POINT ( 'NONE',  ( -27.93796952360178310, 14.56075404013634866, -14.72790674871623651 ) ) ;
#3129 = CARTESIAN_POINT ( 'NONE',  ( -29.99999999999998934, -6.058925980109052034, 3.958172079259605347 ) ) ;
#3130 = CALENDAR_DATE ( 2026, 16, 9 ) ;
#3131 = AXIS2_PLACEMENT_3D ( 'NONE', #2906, #3785, #3847 ) ;
#3132 = LINE ( 'NONE', #5581, #4206 ) ;
#3133 = CARTESIAN_POINT ( 'NONE',  ( 23.31825137047941254, 19.36993136732083798, 5.984993019715854956 ) ) ;
#3134 = AXIS2_PLACEMENT_3D ( 'NONE', #6128, #3693, #1261 ) ;
#3135 = CARTESIAN_POINT ( 'NONE',  ( 31.49999999999999289, -8.500000000000012434, -10.02838013942478490 ) ) ;
#3136 = CARTESIAN_POINT ( 'NONE',  ( 20.23723606444404055, -26.51872088390849314, 4.308332696266210071 ) ) ;
#3137 = CARTESIAN_POINT ( 'NONE',  ( 22.82701548013066173, 21.22736765428454930, -17.71658925421752429 ) ) ;
#3138 = CARTESIAN_POINT ( 'NONE',  ( 27.50853860920406646, 11.75950260570579964, 6.110148490689514489 ) ) ;
#3139 = CARTESIAN_POINT ( 'NONE',  ( -26.29301600379512749, -11.06807627078584844, 13.77077756090158367 ) ) ;
#3140 = CARTESIAN_POINT ( 'NONE',  ( 11.83048260437519872, 27.00000000000000000, 4.475482356993590649 ) ) ;
#3141 = CARTESIAN_POINT ( 'NONE',  ( 16.48908333598895126, 23.25701191539702251, 9.787520343765651276 ) ) ;
#3142 = CARTESIAN_POINT ( 'NONE',  ( 36.00000000000000711, 0.000000000000000000, -123.3408453358350698 ) ) ;
#3143 = ORIENTED_EDGE ( 'NONE', *, *, #2607, .F. ) ;
#3144 = CARTESIAN_POINT ( 'NONE',  ( -28.64011531289597201, 12.12713777419903316, 7.105546616862201681 ) ) ;
#3145 = CARTESIAN_POINT ( 'NONE',  ( 25.71656466445185885, 8.246923972108117340, 13.44032330224558081 ) ) ;
#3146 =( BOUNDED_SURFACE ( )  B_SPLINE_SURFACE ( 3, 2, ( 
 ( #4279, #417, #3345 ),
 ( #4795, #2351, #849 ),
 ( #4764, #911, #4314 ),
 ( #5252, #3823, #379 ),
 ( #2796, #1323, #2282 ),
 ( #4246, #3251, #5313 ),
 ( #5284, #6193, #6228 ),
 ( #6262, #5792, #4826 ),
 ( #3279, #1866, #1831 ),
 ( #1389, #1766, #6158 ),
 ( #4697, #2860, #5693 ),
 ( #5760, #1357, #880 ),
 ( #1288, #316, #2249 ),
 ( #4215, #5218, #814 ),
 ( #1798, #3755, #5728 ),
 ( #5206, #667, #3577 ),
 ( #1723, #4098, #6086 ),
 ( #1213, #741, #5685 ),
 ( #6048, #1648, #775 ),
 ( #1684, #5138, #2168 ),
 ( #2752, #2612, #3164 ),
 ( #5546, #3641, #5612 ),
 ( #5068, #4720, #6151 ),
 ( #5576, #807, #343 ),
 ( #4578, #1247, #1175 ),
 ( #2685, #4650, #1280 ) ),
 .UNSPECIFIED., .F., .F., .T. ) 
 B_SPLINE_SURFACE_WITH_KNOTS ( ( 4, 2, 2, 2, 2, 2, 2, 2, 2, 2, 2, 2, 4 ),
 ( 3, 3 ),
 ( 0.01710051198309502085, 0.01966750212330887343, 0.02223449226352272254, 0.02736847254395042423, 0.02993546268416427333, 0.03250245282437812244, 0.03763643310480582760, 0.04277041338523352582, 0.04533740352544737839, 0.04790439366566122403, 0.05303837394608892919, 0.05560536408630277483, 0.05817235422651662741 ),
 ( 0.000000000000000000, 0.6890415638488462946 ),
 .UNSPECIFIED. ) 
 GEOMETRIC_REPRESENTATION_ITEM ( )  RATIONAL_B_SPLINE_SURFACE ( (
 ( 1.000000000000000000, 0.9253400695254715425, 0.9535677295529734199),
 ( 1.000000000000000000, 0.9221159430851376682, 0.9515625909212939160),
 ( 1.000000000000000000, 0.9190402676049852504, 0.9496497764464606473),
 ( 1.000000000000000000, 0.9132541196488040969, 0.9460512734068740048),
 ( 1.000000000000000000, 0.9105492429717549907, 0.9443690649639201462),
 ( 1.000000000000000000, 0.9031851492195176467, 0.9397892108101877362),
 ( 1.000000000000000000, 0.8992348031946875153, 0.9373324239659135415),
 ( 1.000000000000000000, 0.8950283157076585061, 0.9347163384246017781),
 ( 1.000000000000000000, 0.8939125908922056496, 0.9340224503370251341),
 ( 1.000000000000000000, 0.8922959069578534352, 0.9330170073210715120),
 ( 1.000000000000000000, 0.8917983589406879297, 0.9327075738144157135),
 ( 1.000000000000000000, 0.8912687920405771846, 0.9323782272242240321),
 ( 1.000000000000000000, 0.8921902973077342480, 0.9329513268977844831),
 ( 1.000000000000000000, 0.8964281031343727113, 0.9355868898429118286),
 ( 1.000000000000000000, 0.8997418746001633050, 0.9376477802284410856),
 ( 1.000000000000000000, 0.9063087437301979854, 0.9417318269386107943),
 ( 1.000000000000000000, 0.9087487456348489756, 0.9432493052915629228),
 ( 1.000000000000000000, 0.9140241397588148020, 0.9465301619053019255),
 ( 1.000000000000000000, 0.9168648397815376550, 0.9482968411785825946),
 ( 1.000000000000000000, 0.9258974826224791732, 0.9539143941628447365),
 ( 1.000000000000000000, 0.9325973388446999746, 0.9580811477894435324),
 ( 1.000000000000000000, 0.9433277513646798340, 0.9647545723823830466),
 ( 1.000000000000000000, 0.9470188647963639905, 0.9670501381031291199),
 ( 1.000000000000000000, 0.9545766782877516121, 0.9717504698311369982),
 ( 1.000000000000000000, 0.9584020070980416861, 0.9741295063603605531),
 ( 1.000000000000000000, 0.9622039743257370104, 0.9764940139272046959) ) ) 
 REPRESENTATION_ITEM ( '' )  SURFACE ( )  );
#3147 = CARTESIAN_POINT ( 'NONE',  ( 0.000000000000000000, -26.99999999999999645, 5.000000000000000000 ) ) ;
#3148 = CARTESIAN_POINT ( 'NONE',  ( 27.00000000000000000, -3.128875846627433094E-16, 12.14142842854284687 ) ) ;
#3149 = ADVANCED_FACE ( 'NONE', ( #5555, #1658 ), #4142, .T. ) ;
#3150 = CARTESIAN_POINT ( 'NONE',  ( 17.46659334291099697, 27.65451540656601992, 4.451140144358616269 ) ) ;
#3151 = CARTESIAN_POINT ( 'NONE',  ( 11.16003344532261998, -28.49999999999999645, 2.058820311314825346 ) ) ;
#3152 = EDGE_LOOP ( 'NONE', ( #2603, #5598, #2593, #3846 ) ) ;
#3153 = ORIENTED_EDGE ( 'NONE', *, *, #1576, .F. ) ;
#3154 = CARTESIAN_POINT ( 'NONE',  ( -11.49999999999998224, -22.47514308404502259, -17.88465857028938188 ) ) ;
#3155 = CARTESIAN_POINT ( 'NONE',  ( -29.56868731193624100, -17.10272877615183873, 4.140037456712795105 ) ) ;
#3156 = CARTESIAN_POINT ( 'NONE',  ( 22.37023569757543839, -20.39174133692405633, 6.002779155549374579 ) ) ;
#3157 = VECTOR ( 'NONE', #800, 1000.000000000000000 ) ;
#3158 = DIRECTION ( 'NONE',  ( -7.502293610803556768E-14, -0.9653521917153989884, 0.2609504664687837261 ) ) ;
#3159 = CARTESIAN_POINT ( 'NONE',  ( 10.14547842737257710, -27.00000000000131095, 4.530215569322925795 ) ) ;
#3160 = CARTESIAN_POINT ( 'NONE',  ( 28.32123585219083139, -7.580464906482069054, 6.162648984321443812 ) ) ;
#3161 = CARTESIAN_POINT ( 'NONE',  ( -23.13774048902569191, 21.14715167376690985, 7.047952144458690782 ) ) ;
#3162 = VECTOR ( 'NONE', #184, 1000.000000000000000 ) ;
#3163 = EDGE_CURVE ( 'NONE', #237, #2463, #5063, .T. ) ;
#3164 = CARTESIAN_POINT ( 'NONE',  ( 14.43600840704617383, 25.34838257848437948, 6.113246113880688171 ) ) ;
#3165 = CARTESIAN_POINT ( 'NONE',  ( -1.570637145528149814, 28.50000000000000000, 4.638901415440591869 ) ) ;
#3166 = CARTESIAN_POINT ( 'NONE',  ( 22.82106919102045239, -20.01038835578687980, 5.929237906819055048 ) ) ;
#3167 = CARTESIAN_POINT ( 'NONE',  ( -19.03374425297331385, 21.06454852047573212, -17.55866871637729432 ) ) ;
#3168 = FACE_OUTER_BOUND ( 'NONE', #1976, .T. ) ;
#3169 = CARTESIAN_POINT ( 'NONE',  ( -31.49999999999999289, 7.973464254590605371, 0.9462457124888615789 ) ) ;
#3170 = CIRCLE ( 'NONE', #2656, 18.49999999999999645 ) ;
#3171 = CARTESIAN_POINT ( 'NONE',  ( 22.91688196333749516, 23.10621954158390068, 3.564591802770162854 ) ) ;
#3172 = CARTESIAN_POINT ( 'NONE',  ( 9.584465285662549405, -28.49999999999999645, 2.688555647646577285 ) ) ;
#3173 = CARTESIAN_POINT ( 'NONE',  ( -0.3368058911230980002, 26.99842391495037930, 5.244763275796687552 ) ) ;
#3174 = CARTESIAN_POINT ( 'NONE',  ( -29.92162632774993014, 10.44167390319029387, 3.791353401856091487 ) ) ;
#3175 = CARTESIAN_POINT ( 'NONE',  ( 17.68360000553793654, -27.56451088337670186, 0.7513953056302459244 ) ) ;
#3176 = CARTESIAN_POINT ( 'NONE',  ( -8.276621625587290865, 28.49999999997784172, 4.838796792279180359 ) ) ;
#3177 = CARTESIAN_POINT ( 'NONE',  ( -27.92104170573126609, 9.953384546752007012, 6.180520935986654862 ) ) ;
#3178 = EDGE_LOOP ( 'NONE', ( #4086, #4388, #3949, #991 ) ) ;
#3179 = CARTESIAN_POINT ( 'NONE',  ( 20.27366383580402953, 22.17914544609958227, 6.071324199570296898 ) ) ;
#3180 = CARTESIAN_POINT ( 'NONE',  ( -6.874033634898450984, -26.69796023637501392, 5.778521057006681616 ) ) ;
#3181 = CARTESIAN_POINT ( 'NONE',  ( -23.93937884153878670, 15.51126535359010461, 9.911151978648124583 ) ) ;
#3182 = CARTESIAN_POINT ( 'NONE',  ( 31.49999999999999289, 8.499999999999952038, -10.02838013942483464 ) ) ;
#3183 = DIRECTION ( 'NONE',  ( 0.000000000000000000, 0.9909795437185320299, 0.1340132229722506008 ) ) ;
#3184 = CARTESIAN_POINT ( 'NONE',  ( 19.62852778510072937, 25.12975055789932100, 0.4394365182806268533 ) ) ;
#3185 = CARTESIAN_POINT ( 'NONE',  ( 26.05464542928291749, 7.106961706454610450, 13.22532023807247370 ) ) ;
#3186 = CARTESIAN_POINT ( 'NONE',  ( 11.49999999999999645, -26.99999999999999645, 5.000000000000000000 ) ) ;
#3187 = CARTESIAN_POINT ( 'NONE',  ( 11.49999999999999289, -18.49999999999999645, 1.893709856737193720 ) ) ;
#3188 = EDGE_LOOP ( 'NONE', ( #3499, #133, #2340, #5137 ) ) ;
#3189 = CARTESIAN_POINT ( 'NONE',  ( 19.49833247443895701, 26.84257267341945408, 0.5276505845168415476 ) ) ;
#3190 = DIRECTION ( 'NONE',  ( 0.000000000000000000, 0.000000000000000000, 1.000000000000000000 ) ) ;
#3191 = ORIENTED_EDGE ( 'NONE', *, *, #2050, .F. ) ;
#3192 = B_SPLINE_CURVE_WITH_KNOTS ( 'NONE', 3,
 ( #3435, #1978, #2466, #995, #4430, #59 ),
 .UNSPECIFIED., .F., .F.,
 ( 4, 2, 4 ),
 ( 0.000000000000000000, 0.001745130520856349923, 0.003490261041712699845 ),
 .UNSPECIFIED. ) ;
#3193 = EDGE_LOOP ( 'NONE', ( #2548, #1929, #5332, #493, #3023, #2959 ) ) ;
#3194 = DIRECTION ( 'NONE',  ( 0.8751999276928491556, -0.2739291369592714021, 0.3987328861420647019 ) ) ;
#3195 =( BOUNDED_SURFACE ( )  B_SPLINE_SURFACE ( 3, 2, ( 
 ( #5034, #3648, #3582 ),
 ( #2724, #2691, #1180 ),
 ( #6021, #2243, #4656 ),
 ( #642, #4170, #4549 ),
 ( #1145, #4067, #1621 ),
 ( #3095, #216, #1728 ),
 ( #4104, #4070, #3172 ),
 ( #4176, #220, #131 ) ),
 .UNSPECIFIED., .F., .F., .F. ) 
 B_SPLINE_SURFACE_WITH_KNOTS ( ( 4, 2, 2, 4 ),
 ( 3, 3 ),
 ( 0.000000000000000000, 0.001131112667320085781, 0.001696669000980128780, 0.002262225334640171562 ),
 ( 0.000000000000000000, 1.000000000000000000 ),
 .UNSPECIFIED. ) 
 GEOMETRIC_REPRESENTATION_ITEM ( )  RATIONAL_B_SPLINE_SURFACE ( (
 ( 1.000000000000000000, 0.9517961898714984992, 1.000000000000000000),
 ( 1.000000000000000000, 0.9560753611358010495, 1.000000000000000000),
 ( 1.000000000000000000, 0.9603092705775028159, 1.000000000000000000),
 ( 1.000000000000000000, 0.9666964012923530136, 1.000000000000000000),
 ( 1.000000000000000000, 0.9688304283259774330, 1.000000000000000000),
 ( 1.000000000000000000, 0.9731823103825087973, 1.000000000000000000),
 ( 1.000000000000000000, 0.9753944991098107975, 1.000000000000000000),
 ( 1.000000000000000000, 0.9777825185304211963, 1.000000000000000000) ) ) 
 REPRESENTATION_ITEM ( '' )  SURFACE ( )  );
#3196 = CARTESIAN_POINT ( 'NONE',  ( -28.69352816529678307, -18.73657191831817670, 4.116950023116404012 ) ) ;
#3197 = CARTESIAN_POINT ( 'NONE',  ( 20.26166917995023198, -22.16836959085375369, 6.072818077810275383 ) ) ;
#3198 = CARTESIAN_POINT ( 'NONE',  ( -30.01327174695092381, -1.346340508069165498, 6.851544353787534014 ) ) ;
#3199 = CARTESIAN_POINT ( 'NONE',  ( -8.064935064935044196, -25.76735963187499578, 10.66248444409499996 ) ) ;
#3200 = CARTESIAN_POINT ( 'NONE',  ( 6.995030052748495112E-15, -11.09092583183248593, -42.00102816729120292 ) ) ;
#3201 = EDGE_CURVE ( 'NONE', #3401, #4994, #4974, .T. ) ;
#3202 = CARTESIAN_POINT ( 'NONE',  ( -27.68213582954231455, 20.26906336861499724, 4.108550019586425961 ) ) ;
#3203 = CARTESIAN_POINT ( 'NONE',  ( -11.02416447492324458, 24.66910318808530533, 8.731615711335534158 ) ) ;
#3204 = CARTESIAN_POINT ( 'NONE',  ( -1.414395561252790278E-14, -8.541736832891377418, -49.67041719319209392 ) ) ;
#3205 = CARTESIAN_POINT ( 'NONE',  ( 24.99367420441702947, -10.23545657385684926, 9.285307914434710597 ) ) ;
#3206 = CARTESIAN_POINT ( 'NONE',  ( -6.155616137963217938, -26.34533563859820759, 7.278959019614394066 ) ) ;
#3207 = CARTESIAN_POINT ( 'NONE',  ( -12.90787971633793063, 28.50000000000000355, 4.792569397690313870 ) ) ;
#3208 = ADVANCED_FACE ( 'NONE', ( #4247 ), #825, .T. ) ;
#3209 = FACE_OUTER_BOUND ( 'NONE', #3979, .T. ) ;
#3210 = LOCAL_TIME ( 0, 3, 39.00000000000000000, #3808 ) ;
#3211 = CARTESIAN_POINT ( 'NONE',  ( 13.66821526289437472, 25.40057177991627313, 6.358119300771027049 ) ) ;
#3212 = CARTESIAN_POINT ( 'NONE',  ( 4.389688109234348357E-16, -26.99999999999999645, 4.999999999999999112 ) ) ;
#3213 = CARTESIAN_POINT ( 'NONE',  ( 12.70694129875273681, -28.47316222914623651, 1.614576276246565412 ) ) ;
#3214 = CARTESIAN_POINT ( 'NONE',  ( 30.67822755908765231, 12.95488515528695750, -13.39057517924205776 ) ) ;
#3215 = VERTEX_POINT ( 'NONE', #492 ) ;
#3216 = B_SPLINE_CURVE_WITH_KNOTS ( 'NONE', 3,
 ( #3269, #341, #1377, #4813 ),
 .UNSPECIFIED., .F., .F.,
 ( 4, 4 ),
 ( 2.626545496675403165E-17, 0.002554490480536786984 ),
 .UNSPECIFIED. ) ;
#3217 = CARTESIAN_POINT ( 'NONE',  ( 12.26982695516213973, 27.00000000000194333, 4.420950963766721031 ) ) ;
#3218 = CARTESIAN_POINT ( 'NONE',  ( -1.151313379117069985E-14, -21.83402923631390280, -19.69208303711095098 ) ) ;
#3219 = DIRECTION ( 'NONE',  ( 0.000000000000000000, -0.1340132229722506563, 0.9909795437185319189 ) ) ;
#3220 = CARTESIAN_POINT ( 'NONE',  ( 193.2911684466444626, 0.000000000000000000, -123.3408453358350982 ) ) ;
#3221 = CARTESIAN_POINT ( 'NONE',  ( 25.71748559129292033, -15.99799034426790989, 5.993590490550995575 ) ) ;
#3222 = CARTESIAN_POINT ( 'NONE',  ( 1.570637145525414669, -26.99999999999999645, 4.638901415428725805 ) ) ;
#3223 = CARTESIAN_POINT ( 'NONE',  ( 8.512987012986991786, 27.19887961142360666, 10.66248444409500173 ) ) ;
#3224 = EDGE_LOOP ( 'NONE', ( #2345, #5971, #3842, #4196, #2572 ) ) ;
#3225 = CARTESIAN_POINT ( 'NONE',  ( 27.31594881998948665, 20.75689268183758784, 4.108938536304779454 ) ) ;
#3226 = CARTESIAN_POINT ( 'NONE',  ( 21.49999999999999289, 6.900808533012650514, 1.136834755483631110 ) ) ;
#3227 = EDGE_LOOP ( 'NONE', ( #5594, #5423, #3959, #4606, #5088, #4637, #5266, #3853 ) ) ;
#3228 = CARTESIAN_POINT ( 'NONE',  ( 31.49999999999998579, -7.892830606775175006, -9.533506239785568326 ) ) ;
#3229 = ORIENTED_EDGE ( 'NONE', *, *, #5975, .F. ) ;
#3230 = CARTESIAN_POINT ( 'NONE',  ( -29.99999999999999289, -7.440008471748887686, 1.063917076182512966 ) ) ;
#3231 = CARTESIAN_POINT ( 'NONE',  ( -16.03870835133914241, 23.56704163425701282, 13.39219789872588429 ) ) ;
#3232 = CARTESIAN_POINT ( 'NONE',  ( -15.16193062659158386, -28.20232786721033946, 4.605618273312772182 ) ) ;
#3233 = CARTESIAN_POINT ( 'NONE',  ( 27.73031431426658600, -10.85947558336956043, 6.144822013161254759 ) ) ;
#3234 = CARTESIAN_POINT ( 'NONE',  ( -29.74251410277506835, 6.502530978280761431, 6.911706938323382232 ) ) ;
#3235 = CARTESIAN_POINT ( 'NONE',  ( 9.867566102492256519, -26.99999999999998934, 4.498676486472700020 ) ) ;
#3236 = CARTESIAN_POINT ( 'NONE',  ( -1.221318156166927613E-14, -17.29068221578720355, -29.48646891103376433 ) ) ;
#3237 = ADVANCED_FACE ( 'NONE', ( #2070 ), #524, .F. ) ;
#3238 = CARTESIAN_POINT ( 'NONE',  ( -21.27453528094533652, 25.96133674696801563, 0.3385897111611774202 ) ) ;
#3239 =( BOUNDED_SURFACE ( )  B_SPLINE_SURFACE ( 3, 2, ( 
 ( #3160, #2096, #4613 ),
 ( #243, #2165, #634 ),
 ( #4058, #6083, #1682 ),
 ( #3639, #5135, #5273 ) ),
 .UNSPECIFIED., .F., .F., .T. ) 
 B_SPLINE_SURFACE_WITH_KNOTS ( ( 4, 4 ),
 ( 3, 3 ),
 ( -1.006139616066548115E-15, 0.001614108479246921827 ),
 ( 0.000000000000000000, 1.000000000000000000 ),
 .UNSPECIFIED. ) 
 GEOMETRIC_REPRESENTATION_ITEM ( )  RATIONAL_B_SPLINE_SURFACE ( (
 ( 1.000000000000000000, 0.9493414389859592406, 1.000000000000000000),
 ( 1.000000000000000000, 0.9455304194165644605, 1.000000000000000000),
 ( 1.000000000000000000, 0.9413236844569863315, 1.000000000000000000),
 ( 1.000000000000000000, 0.9368608944935490346, 1.000000000000000000) ) ) 
 REPRESENTATION_ITEM ( '' )  SURFACE ( )  );
#3240 = CARTESIAN_POINT ( 'NONE',  ( -10.36228128517242197, 26.29846190438350106, 5.984784350836797273 ) ) ;
#3241 = ADVANCED_FACE ( 'NONE', ( #3488 ), #1848, .T. ) ;
#3242 = CARTESIAN_POINT ( 'NONE',  ( 31.46768474246922764, -9.813249629633093107, 0.6350299859557847482 ) ) ;
#3243 = CARTESIAN_POINT ( 'NONE',  ( 25.67803929689061349, -12.38147604855812567, 9.890832916389374674 ) ) ;
#3244 = DIRECTION ( 'NONE',  ( 8.497386401370966564E-17, 0.000000000000000000, -1.000000000000000000 ) ) ;
#3245 = CARTESIAN_POINT ( 'NONE',  ( -13.50000000000000178, 0.000000000000000000, -204.9999999999999432 ) ) ;
#3246 = ADVANCED_FACE ( 'NONE', ( #2522 ), #3378, .T. ) ;
#3247 = DIRECTION ( 'NONE',  ( -0.000000000000000000, -0.000000000000000000, -1.000000000000000000 ) ) ;
#3248 = EDGE_CURVE ( 'NONE', #3376, #1602, #18, .T. ) ;
#3249 = CARTESIAN_POINT ( 'NONE',  ( 12.61663639916121582, 26.97516555413193728, 1.614524954362624776 ) ) ;
#3250 = CARTESIAN_POINT ( 'NONE',  ( -28.34239637449351434, 16.17880813879597568, 0.07231234483240081556 ) ) ;
#3251 = CARTESIAN_POINT ( 'NONE',  ( 24.77989898565324367, 10.78490060622004876, 9.295400208683403775 ) ) ;
#3252 = CARTESIAN_POINT ( 'NONE',  ( -30.67822755908730059, -12.95488515528778350, -13.39057517924259599 ) ) ;
#3253 = CARTESIAN_POINT ( 'NONE',  ( -8.512987012986993562, -27.19887961142360666, 10.66248444409499996 ) ) ;
#3254 = ORIENTED_EDGE ( 'NONE', *, *, #5345, .T. ) ;
#3255 = CARTESIAN_POINT ( 'NONE',  ( 8.064935064935060183, -25.76735963187498868, 10.66248444409494489 ) ) ;
#3256 = CARTESIAN_POINT ( 'NONE',  ( -12.15187115364643056, 24.13717291160922684, 12.60461406082483471 ) ) ;
#3257 = CARTESIAN_POINT ( 'NONE',  ( 13.86938882152827901, -23.86590022324257987, -18.79330985445219682 ) ) ;
#3258 = LINE ( 'NONE', #3186, #3543 ) ;
#3259 = CARTESIAN_POINT ( 'NONE',  ( 9.768267957448063754, 28.49999999999999645, 2.639877039411056892 ) ) ;
#3260 = CARTESIAN_POINT ( 'NONE',  ( 28.78067988792107101, 18.59076843252791988, 0.01113139006680225959 ) ) ;
#3261 = CARTESIAN_POINT ( 'NONE',  ( 3.556657148903177301, -28.42661271425872727, 5.607301762692903147 ) ) ;
#3262 = CARTESIAN_POINT ( 'NONE',  ( 6.598168881914136641, -23.71688084209487002, -18.95344840544094822 ) ) ;
#3263 = EDGE_LOOP ( 'NONE', ( #406, #10, #6041, #2403 ) ) ;
#3264 = CARTESIAN_POINT ( 'NONE',  ( 31.49999999999999289, -6.900808533012581236, 1.136834755483630888 ) ) ;
#3265 = CARTESIAN_POINT ( 'NONE',  ( 19.52646760934586467, -25.19163269682684003, 3.741243233666581514 ) ) ;
#3266 = CARTESIAN_POINT ( 'NONE',  ( -27.93717274095227054, 5.765209767784849504, 9.514445765016679601 ) ) ;
#3267 = LINE ( 'NONE', #5710, #6109 ) ;
#3268 = CALENDAR_DATE ( 2026, 16, 9 ) ;
#3269 = CARTESIAN_POINT ( 'NONE',  ( -29.52498335551858233, -7.700404266506382989, 7.049557377645788492 ) ) ;
#3270 = CARTESIAN_POINT ( 'NONE',  ( -18.59098484072469049, 27.26329517284316850, 4.388728686680539504 ) ) ;
#3271 = ORIENTED_EDGE ( 'NONE', *, *, #403, .F. ) ;
#3272 = CARTESIAN_POINT ( 'NONE',  ( 1.834684793397456829E-14, -18.42908890053958970, -31.70894067804461969 ) ) ;
#3273 = CARTESIAN_POINT ( 'NONE',  ( 27.39318262669861781, -7.965466671127224174, 9.741185990719392507 ) ) ;
#3274 = CARTESIAN_POINT ( 'NONE',  ( -12.00236071782140890, 28.49999999999932498, 4.874792592987911455 ) ) ;
#3275 = AXIS2_PLACEMENT_3D ( 'NONE', #1510, #2415, #2054 ) ;
#3276 = CARTESIAN_POINT ( 'NONE',  ( -8.064935064935044196, -25.76735963187499578, 10.66248444409499996 ) ) ;
#3277 = DIRECTION ( 'NONE',  ( 0.000000000000000000, 0.2609504664688587217, -0.9653521917153785603 ) ) ;
#3278 = CARTESIAN_POINT ( 'NONE',  ( -24.98866436056834672, 17.19106742328552428, 5.979401062575002257 ) ) ;
#3279 = CARTESIAN_POINT ( 'NONE',  ( 23.30651814206908412, 13.64414633988637959, 14.01710753282203825 ) ) ;
#3280 = CARTESIAN_POINT ( 'NONE',  ( -25.71934625910677497, -8.238113190415342402, 13.43878103388180101 ) ) ;
#3281 = ORIENTED_EDGE ( 'NONE', *, *, #4264, .T. ) ;
#3282 = CARTESIAN_POINT ( 'NONE',  ( -26.55557963800053045, -14.36863966345930699, 6.026892823420714862 ) ) ;
#3283 = CIRCLE ( 'NONE', #519, 206.7911684466443489 ) ;
#3284 = CARTESIAN_POINT ( 'NONE',  ( 29.99999999999999289, -8.500000000000000000, -10.63331683757129298 ) ) ;
#3285 = ORIENTED_EDGE ( 'NONE', *, *, #1604, .F. ) ;
#3286 = CARTESIAN_POINT ( 'NONE',  ( -8.558158165821025065, 25.61298555793027276, 10.98290115481008122 ) ) ;
#3287 = CARTESIAN_POINT ( 'NONE',  ( -27.14819882905706550, -8.695786145438713532, 13.43878103388031953 ) ) ;
#3288 = CARTESIAN_POINT ( 'NONE',  ( 29.32610784521757452, -11.95759133498330584, -13.24748572479642839 ) ) ;
#3289 = CARTESIAN_POINT ( 'NONE',  ( 26.72037757953444981, 4.002736385037931832, 12.51462800679000154 ) ) ;
#3290 = CARTESIAN_POINT ( 'NONE',  ( -29.99853077344047136, 8.768892663925880626, -10.87741653043413237 ) ) ;
#3291 = EDGE_CURVE ( 'NONE', #5415, #1469, #3132, .T. ) ;
#3292 = CARTESIAN_POINT ( 'NONE',  ( -26.19001352268474037, 6.595984007244069858, 9.081548668124744594 ) ) ;
#3293 = VERTEX_POINT ( 'NONE', #3615 ) ;
#3294 = CARTESIAN_POINT ( 'NONE',  ( -9.949894874900778063, -28.49999999999998934, 4.809536695428154651 ) ) ;
#3295 = DIRECTION ( 'NONE',  ( 1.000000000000000000, 0.000000000000000000, 0.000000000000000000 ) ) ;
#3296 = CARTESIAN_POINT ( 'NONE',  ( 13.75985431769726475, -26.86377490731515749, 1.367314974730310606 ) ) ;
#3297 = CARTESIAN_POINT ( 'NONE',  ( 29.93553761520586676, 9.747138641883278609, -11.72431031460003759 ) ) ;
#3298 = CARTESIAN_POINT ( 'NONE',  ( 1.833279105478977655, 21.16090020868333355, -18.31928738632127462 ) ) ;
#3299 = B_SPLINE_CURVE_WITH_KNOTS ( 'NONE', 3,
 ( #2521, #5961, #2553, #4323, #5290, #4515, #1020, #423 ),
 .UNSPECIFIED., .F., .F.,
 ( 4, 2, 2, 4 ),
 ( 0.000000000000000000, 0.002598372101644399763, 0.005196744203288799525, 0.01039348840657759732 ),
 .UNSPECIFIED. ) ;
#3300 = DIRECTION ( 'NONE',  ( 0.000000000000000000, 1.000000000000000000, 0.000000000000000000 ) ) ;
#3301 = CARTESIAN_POINT ( 'NONE',  ( -20.78101118275996484, 26.24290792315318654, 4.283772757985829571 ) ) ;
#3302 = ORIENTED_EDGE ( 'NONE', *, *, #3799, .T. ) ;
#3303 = CARTESIAN_POINT ( 'NONE',  ( 11.49999999999999289, -28.49999999999999645, 1.893709856737193720 ) ) ;
#3304 = CARTESIAN_POINT ( 'NONE',  ( 26.38611013896523261, -17.14824213666525665, 6.980211430974814668 ) ) ;
#3305 = CARTESIAN_POINT ( 'NONE',  ( 19.07394621281097358, -25.38933717492829700, 0.5057804228385678336 ) ) ;
#3306 = VERTEX_POINT ( 'NONE', #2619 ) ;
#3307 = CARTESIAN_POINT ( 'NONE',  ( 26.19001352268474037, -6.595984007244066305, 9.081548668124751700 ) ) ;
#3308 = CARTESIAN_POINT ( 'NONE',  ( 7.843504876740492016, -28.49999999999999645, 3.149634727329077233 ) ) ;
#3309 = CARTESIAN_POINT ( 'NONE',  ( -21.70159822441071285, 21.01704131014163934, 6.021711405835042719 ) ) ;
#3310 = ADVANCED_FACE ( 'NONE', ( #2725 ), #6022, .T. ) ;
#3311 = DIRECTION ( 'NONE',  ( -0.000000000000000000, -0.000000000000000000, 1.000000000000000000 ) ) ;
#3312 = CARTESIAN_POINT ( 'NONE',  ( -26.33374288825983456, -5.961038961038964246, 12.96227999980796319 ) ) ;
#3313 = ORIENTED_EDGE ( 'NONE', *, *, #284, .T. ) ;
#3314 = CARTESIAN_POINT ( 'NONE',  ( -24.19467046818124345, -18.30584700860525160, 5.976603144683364732 ) ) ;
#3315 = CARTESIAN_POINT ( 'NONE',  ( -8.587303140937933676, -26.51440348266427449, 5.955476043534039476 ) ) ;
#3316 = EDGE_CURVE ( 'NONE', #2190, #4242, #2208, .T. ) ;
#3317 = CARTESIAN_POINT ( 'NONE',  ( 10.45051819610490718, -27.62117307087386209, 6.699809873245234471 ) ) ;
#3318 = CARTESIAN_POINT ( 'NONE',  ( 8.064935064935067288, 25.76735963187499223, 10.66248444409494667 ) ) ;
#3319 = CARTESIAN_POINT ( 'NONE',  ( -21.63009854548038291, 16.17085376613859182, 14.07783071208557146 ) ) ;
#3320 = CARTESIAN_POINT ( 'NONE',  ( -13.50000000000000888, 0.000000000000000000, -123.3408453358350982 ) ) ;
#3321 = CARTESIAN_POINT ( 'NONE',  ( 22.02508803387579306, 25.51910443889379465, 0.2694332227693114756 ) ) ;
#3322 = CARTESIAN_POINT ( 'NONE',  ( -9.768267957448069083, -28.49999999999999645, 2.639877039411057780 ) ) ;
#3323 = EDGE_CURVE ( 'NONE', #578, #4075, #3909, .T. ) ;
#3324 = CARTESIAN_POINT ( 'NONE',  ( 1.608411574262030852, -28.50000000001304912, 5.645963055669091624 ) ) ;
#3325 = CARTESIAN_POINT ( 'NONE',  ( -28.60432632500955208, 5.153256312357203939, 6.049163400367375765 ) ) ;
#3326 = EDGE_LOOP ( 'NONE', ( #4568, #2035, #6108 ) ) ;
#3327 = CARTESIAN_POINT ( 'NONE',  ( 5.217519675205730867E-16, -28.49999999999999645, 4.999999999999999112 ) ) ;
#3328 = CARTESIAN_POINT ( 'NONE',  ( -11.16003344532261643, 26.99999999999999289, 2.058820311314824014 ) ) ;
#3329 = CARTESIAN_POINT ( 'NONE',  ( -26.88621852460278205, 2.526242513823835800, 12.29772954440622179 ) ) ;
#3330 = CARTESIAN_POINT ( 'NONE',  ( -29.61742364183959708, 7.743518531212527201, 6.920550426026399471 ) ) ;
#3331 = DIRECTION ( 'NONE',  ( 0.000000000000000000, 0.000000000000000000, -1.000000000000000000 ) ) ;
#3332 = DIRECTION ( 'NONE',  ( 0.000000000000000000, 0.000000000000000000, -1.000000000000000000 ) ) ;
#3333 = EDGE_CURVE ( 'NONE', #1904, #4534, #2027, .T. ) ;
#3334 = CARTESIAN_POINT ( 'NONE',  ( -23.50594803809467237, 24.54991343998935349, 0.1461425362560479502 ) ) ;
#3335 = VERTEX_POINT ( 'NONE', #1252 ) ;
#3336 = EDGE_CURVE ( 'NONE', #2731, #5197, #6203, .T. ) ;
#3337 = CARTESIAN_POINT ( 'NONE',  ( 27.38232218705674015, -20.72541734238111033, -0.01640266166712864987 ) ) ;
#3338 = CARTESIAN_POINT ( 'NONE',  ( 28.08326263749917118, -13.70257391114240342, 7.002986715455827849 ) ) ;
#3339 = CARTESIAN_POINT ( 'NONE',  ( -11.82561766774237277, 27.27327907089093628, 6.993165216615272683 ) ) ;
#3340 = CARTESIAN_POINT ( 'NONE',  ( 1.238837217783431746E-14, 17.81604929452469577, -33.41168574603103991 ) ) ;
#3341 = ORIENTED_EDGE ( 'NONE', *, *, #2841, .T. ) ;
#3342 = CARTESIAN_POINT ( 'NONE',  ( 10.12097761014046249, 27.00000000000000000, 2.506479285845479854 ) ) ;
#3343 = CARTESIAN_POINT ( 'NONE',  ( 29.99999999999999289, 8.671178768606759846, 3.915331161923707448 ) ) ;
#3344 = CARTESIAN_POINT ( 'NONE',  ( -25.01114710152387488, 21.15142793980877300, 3.504657655237650271 ) ) ;
#3345 = CARTESIAN_POINT ( 'NONE',  ( 28.36870519029238480, 7.602717933432475483, 6.095743625426237600 ) ) ;
#3346 = CARTESIAN_POINT ( 'NONE',  ( -15.28577145408487503, -22.26416892673447379, 13.41087533163806889 ) ) ;
#3347 = ORIENTED_EDGE ( 'NONE', *, *, #2137, .F. ) ;
#3348 = CARTESIAN_POINT ( 'NONE',  ( -27.96618212237750711, -16.95548895027874536, 3.518140995473537647 ) ) ;
#3349 = CARTESIAN_POINT ( 'NONE',  ( 28.20452731134610147, 4.226856840060897902, 12.51499998579063266 ) ) ;
#3350 = CARTESIAN_POINT ( 'NONE',  ( 8.690165426452727715, 26.52323801341976051, 5.886880799232657502 ) ) ;
#3351 = CARTESIAN_POINT ( 'NONE',  ( -8.064935064935060183, 25.76735963187498868, 10.66248444409494311 ) ) ;
#3352 = CARTESIAN_POINT ( 'NONE',  ( -29.99999999999999645, -3.117516680745159974, -7.421416857805160916 ) ) ;
#3353 = CARTESIAN_POINT ( 'NONE',  ( 21.54325470373131779, -19.98967680789649037, -17.18067988771080934 ) ) ;
#3354 = CARTESIAN_POINT ( 'NONE',  ( 1.681390275079809538, -26.94969499662104440, 6.220436881295859699 ) ) ;
#3355 = AXIS2_PLACEMENT_3D ( 'NONE', #5943, #924, #3038 ) ;
#3356 = CARTESIAN_POINT ( 'NONE',  ( -3.443938807352372677, -28.43278102188615009, 5.593739186835556154 ) ) ;
#3357 = CARTESIAN_POINT ( 'NONE',  ( -11.22171978744819931, 26.20458141285939035, 12.01180614708931316 ) ) ;
#3358 = CARTESIAN_POINT ( 'NONE',  ( 7.916133720112485506, 27.43597322575365283, 8.046948073854165884 ) ) ;
#3359 = CARTESIAN_POINT ( 'NONE',  ( 16.94235058736978061, -26.23799318879782660, 3.922596333054447104 ) ) ;
#3360 = FACE_OUTER_BOUND ( 'NONE', #3188, .T. ) ;
#3361 = CARTESIAN_POINT ( 'NONE',  ( -3.440194540209382534, 26.94112212630849612, 5.401146319970248300 ) ) ;
#3362 = CARTESIAN_POINT ( 'NONE',  ( -16.02563797795205147, 28.01790709334835583, 4.545314933895641119 ) ) ;
#3363 = EDGE_LOOP ( 'NONE', ( #4742, #5669, #348, #5164, #1788 ) ) ;
#3364 = CARTESIAN_POINT ( 'NONE',  ( -27.78824737393228617, 17.42009923359101720, -15.88490103517804819 ) ) ;
#3365 = B_SPLINE_CURVE_WITH_KNOTS ( 'NONE', 3,
 ( #3917, #615, #1531, #23 ),
 .UNSPECIFIED., .F., .F.,
 ( 4, 4 ),
 ( 2.584002017121089357E-07, 0.001484997060669014136 ),
 .UNSPECIFIED. ) ;
#3366 = CARTESIAN_POINT ( 'NONE',  ( -9.401036392209832115, -26.99999999999999645, 2.737135302395495629 ) ) ;
#3367 = CARTESIAN_POINT ( 'NONE',  ( 29.05287198936188275, -14.46893083214671627, 0.1662013034101761100 ) ) ;
#3368 = ADVANCED_FACE ( 'NONE', ( #3209 ), #1013, .F. ) ;
#3369 = CARTESIAN_POINT ( 'NONE',  ( 3.118253438460217180E-15, 15.74396327400744511, -38.34459646101034735 ) ) ;
#3370 = B_SPLINE_CURVE_WITH_KNOTS ( 'NONE', 3,
 ( #5227, #387, #858, #2706, #5159, #759, #4671, #3147 ),
 .UNSPECIFIED., .F., .F.,
 ( 4, 2, 2, 4 ),
 ( 0.000000000000000000, 0.002503214361664912561, 0.005006428723329825123, 0.01001285744665965198 ),
 .UNSPECIFIED. ) ;
#3371 = CARTESIAN_POINT ( 'NONE',  ( -20.51575920655577789, -17.59315462453984580, 14.05875187219485589 ) ) ;
#3372 = CARTESIAN_POINT ( 'NONE',  ( -29.76018516205290254, -11.53016930260746342, 0.4249439499246530638 ) ) ;
#3373 = CARTESIAN_POINT ( 'NONE',  ( -27.48533632066870780, 17.83284285787891221, 0.01115095964521233170 ) ) ;
#3374 = AXIS2_PLACEMENT_3D ( 'NONE', #3849, #4823, #3277 ) ;
#3375 = CARTESIAN_POINT ( 'NONE',  ( -18.54826726671520376, -23.42331102281348976, 6.031721802431246893 ) ) ;
#3376 = VERTEX_POINT ( 'NONE', #4820 ) ;
#3377 = CARTESIAN_POINT ( 'NONE',  ( -25.32016432280428120, -20.81392290423182700, 0.004817382818457001219 ) ) ;
#3378 = TOROIDAL_SURFACE ( 'NONE', #5750, 229.2911684466444342, 23.99999999999999645 ) ;
#3379 = CARTESIAN_POINT ( 'NONE',  ( 3.510226726175877054, 26.93752340329754347, 5.402834184434399667 ) ) ;
#3380 = CARTESIAN_POINT ( 'NONE',  ( -15.16795663428330343, 22.34477487037673171, 13.38668079394429000 ) ) ;
#3381 = CARTESIAN_POINT ( 'NONE',  ( -24.91247553373601420, -13.85679129592893943, 13.98897243738008633 ) ) ;
#3382 = CARTESIAN_POINT ( 'NONE',  ( 11.16003344532254182, 28.50000000000000000, 2.058820311315284979 ) ) ;
#3383 = CIRCLE ( 'NONE', #5639, 11.50000000000000178 ) ;
#3384 = EDGE_LOOP ( 'NONE', ( #104, #4372, #2699, #6308, #5294 ) ) ;
#3385 = CARTESIAN_POINT ( 'NONE',  ( -10.75078596755120763, 26.40139312342750344, 11.82020562731659119 ) ) ;
#3386 = CARTESIAN_POINT ( 'NONE',  ( 29.41070141041147679, 8.913465079416083015, 7.008139208363854955 ) ) ;
#3387 = CARTESIAN_POINT ( 'NONE',  ( 14.79551946450076194, -26.73600103929583938, 4.119892577801007150 ) ) ;
#3388 = CARTESIAN_POINT ( 'NONE',  ( -9.763318371354078096, 26.99999999999999645, 2.630390948522943972 ) ) ;
#3389 = CARTESIAN_POINT ( 'NONE',  ( 29.05416671262506512, -10.20986417264933621, 7.129333836537488089 ) ) ;
#3390 = CARTESIAN_POINT ( 'NONE',  ( 24.88669504554647105, -10.48859612219234272, 13.75935928730795510 ) ) ;
#3391 = ORIENTED_EDGE ( 'NONE', *, *, #5036, .T. ) ;
#3392 = CARTESIAN_POINT ( 'NONE',  ( -11.49999999999987743, -28.49999999999999645, 1.893709856737658459 ) ) ;
#3393 = CARTESIAN_POINT ( 'NONE',  ( 1.358904392077137091, -27.00000000000000000, 5.987541940245852068 ) ) ;
#3394 = EDGE_CURVE ( 'NONE', #2425, #137, #1970, .T. ) ;
#3395 = CARTESIAN_POINT ( 'NONE',  ( 26.33374288825983456, -5.961038961038963357, 12.96227999980797030 ) ) ;
#3396 = CARTESIAN_POINT ( 'NONE',  ( 29.99999999999999289, -8.499999999999996447, 0.8039144995323138643 ) ) ;
#3397 = EDGE_CURVE ( 'NONE', #731, #1961, #347, .T. ) ;
#3398 = CARTESIAN_POINT ( 'NONE',  ( 14.43089501156322108, -25.35004577546564875, 6.113528124031721411 ) ) ;
#3399 = CARTESIAN_POINT ( 'NONE',  ( -23.51648544903986249, -13.27856298202159913, 9.294843436174156537 ) ) ;
#3400 = CARTESIAN_POINT ( 'NONE',  ( 13.50000000000000533, 2.755455298081544778E-15, -204.9999999999999147 ) ) ;
#3401 = VERTEX_POINT ( 'NONE', #411 ) ;
#3402 = CARTESIAN_POINT ( 'NONE',  ( -29.27254344905740879, -13.78332379970902188, 3.614679267567783238 ) ) ;
#3403 = CARTESIAN_POINT ( 'NONE',  ( -31.49999999999999289, -3.828954935451972741, -7.257077550851626313 ) ) ;
#3404 = CARTESIAN_POINT ( 'NONE',  ( -6.095203524229243727E-16, 10.60591867536848021, -42.69391001783480988 ) ) ;
#3405 = CARTESIAN_POINT ( 'NONE',  ( -19.67996940685248219, -24.04181021604490098, 7.013619459068792139 ) ) ;
#3406 = FACE_OUTER_BOUND ( 'NONE', #5788, .T. ) ;
#3407 = CARTESIAN_POINT ( 'NONE',  ( -1.570895695053621255, -26.99999999999999645, 4.638841900424410802 ) ) ;
#3408 = VERTEX_POINT ( 'NONE', #1917 ) ;
#3409 = PRODUCT_DEFINITION_FORMATION_WITH_SPECIFIED_SOURCE ( 'ANY', '', #5044, .NOT_KNOWN. ) ;
#3410 = CARTESIAN_POINT ( 'NONE',  ( -20.02535719384510671, 20.31780811836430800, 13.95441398863997762 ) ) ;
#3411 = CARTESIAN_POINT ( 'NONE',  ( 24.53815563435312086, 14.50889447651712061, 9.907596816149279562 ) ) ;
#3412 = CARTESIAN_POINT ( 'NONE',  ( 12.05335278169813051, -27.00000000000000000, 1.748442263622573600 ) ) ;
#3413 = CARTESIAN_POINT ( 'NONE',  ( 31.50000000000000711, 7.899631671300668678, -9.523258443653883631 ) ) ;
#3414 = CARTESIAN_POINT ( 'NONE',  ( 29.99999999999999645, 3.117516680745171520, -7.421416857805028577 ) ) ;
#3415 = DIRECTION ( 'NONE',  ( -1.000000000000000000, 0.000000000000000000, 0.000000000000000000 ) ) ;
#3416 = CARTESIAN_POINT ( 'NONE',  ( -31.23046340595416837, -11.87814475024158867, 4.295962170975822225 ) ) ;
#3417 = ORIENTED_EDGE ( 'NONE', *, *, #1109, .T. ) ;
#3418 = CARTESIAN_POINT ( 'NONE',  ( 31.46756814691552862, 9.638517588043319151, -10.99999999999159428 ) ) ;
#3419 = EDGE_CURVE ( 'NONE', #392, #4604, #993, .T. ) ;
#3420 = CARTESIAN_POINT ( 'NONE',  ( 6.968561660424348325, -26.70024100405837331, 5.744735207235579288 ) ) ;
#3421 = ORIENTED_EDGE ( 'NONE', *, *, #4174, .T. ) ;
#3422 = CARTESIAN_POINT ( 'NONE',  ( 31.46859914119478319, 10.07178295213556041, 4.376307349442861927 ) ) ;
#3423 = ADVANCED_FACE ( 'NONE', ( #4807 ), #1663, .T. ) ;
#3424 = CARTESIAN_POINT ( 'NONE',  ( -29.99999999999999645, -9.107682633113590498, 0.7151217739976667431 ) ) ;
#3425 = EDGE_CURVE ( 'NONE', #691, #5740, #2587, .T. ) ;
#3426 = CARTESIAN_POINT ( 'NONE',  ( 16.60354629368283597, -21.30267887075173405, 9.275226451691745311 ) ) ;
#3427 = MANIFOLD_SOLID_BREP ( 'Shell2', #832 ) ;
#3428 = DIRECTION ( 'NONE',  ( 1.000000000000000000, 0.000000000000000000, 0.000000000000000000 ) ) ;
#3429 = ADVANCED_FACE ( 'NONE', ( #4790 ), #112, .T. ) ;
#3430 = CARTESIAN_POINT ( 'NONE',  ( -1.426798373144950949, -28.50000000000000711, 5.982308636590725648 ) ) ;
#3431 = EDGE_LOOP ( 'NONE', ( #6313, #1223, #2925 ) ) ;
#3432 = CARTESIAN_POINT ( 'NONE',  ( -36.00000000000000000, 0.000000000000000000, -204.9999999999999432 ) ) ;
#3433 =( BOUNDED_SURFACE ( )  B_SPLINE_SURFACE ( 3, 2, ( 
 ( #429, #920, #3264 ),
 ( #6171, #2365, #452 ),
 ( #892, #2810, #4293 ),
 ( #3737, #2871, #1305 ) ),
 .UNSPECIFIED., .F., .F., .F. ) 
 B_SPLINE_SURFACE_WITH_KNOTS ( ( 4, 4 ),
 ( 3, 3 ),
 ( -1.006139616066548115E-15, 0.001614108479246921827 ),
 ( 0.000000000000000000, 1.000000000000000000 ),
 .UNSPECIFIED. ) 
 GEOMETRIC_REPRESENTATION_ITEM ( )  RATIONAL_B_SPLINE_SURFACE ( (
 ( 1.000000000000000000, 0.9493414389859592406, 1.000000000000000000),
 ( 1.000000000000000000, 0.9455304194165644605, 1.000000000000000000),
 ( 1.000000000000000000, 0.9413236844569863315, 1.000000000000000000),
 ( 1.000000000000000000, 0.9368608944935490346, 1.000000000000000000) ) ) 
 REPRESENTATION_ITEM ( '' )  SURFACE ( )  );
#3434 = CARTESIAN_POINT ( 'NONE',  ( 26.90946161013209803, 13.52349642178342926, 6.051065660802171564 ) ) ;
#3435 = CARTESIAN_POINT ( 'NONE',  ( 13.66821526289450794, 25.40057177991623760, 6.358119300770625593 ) ) ;
#3436 = CARTESIAN_POINT ( 'NONE',  ( 6.123233995736767268E-16, -28.49999999999999645, 5.000000000000000000 ) ) ;
#3437 = CARTESIAN_POINT ( 'NONE',  ( -21.24609255272211072, -21.96203303746195346, -18.03963611775274600 ) ) ;
#3438 = EDGE_LOOP ( 'NONE', ( #2809, #1675, #2477, #2193 ) ) ;
#3439 = CARTESIAN_POINT ( 'NONE',  ( -21.72305204440206694, 18.45957992074293585, 14.05364924013681005 ) ) ;
#3440 = TOROIDAL_SURFACE ( 'NONE', #4573, 229.2911684466443489, 22.50000000000000000 ) ;
#3441 = CARTESIAN_POINT ( 'NONE',  ( 6.356833076823757978, 27.83586824378189206, 7.487175564602394751 ) ) ;
#3442 = CARTESIAN_POINT ( 'NONE',  ( 28.14642084434974123, -4.640745652901509644, 9.433839599995652136 ) ) ;
#3443 = CARTESIAN_POINT ( 'NONE',  ( -10.39939396348201406, 27.00000000000031619, 4.537834753963157830 ) ) ;
#3444 = ORIENTED_EDGE ( 'NONE', *, *, #2382, .F. ) ;
#3445 = AXIS2_PLACEMENT_3D ( 'NONE', #5711, #5972, #4953 ) ;
#3446 = CARTESIAN_POINT ( 'NONE',  ( 27.16718102001236446, -8.705438692408757007, 13.45195906851075129 ) ) ;
#3447 = CARTESIAN_POINT ( 'NONE',  ( -26.19214076779352141, 6.586586597476877358, 9.138984855300574139 ) ) ;
#3448 = ORIENTED_EDGE ( 'NONE', *, *, #6174, .T. ) ;
#3449 = CARTESIAN_POINT ( 'NONE',  ( -11.49999999999999289, -26.99999999999999645, 1.893709856737651576 ) ) ;
#3450 = PLANE ( 'NONE',  #3642 ) ;
#3451 = ORIENTED_EDGE ( 'NONE', *, *, #4569, .T. ) ;
#3452 = CARTESIAN_POINT ( 'NONE',  ( 31.28085345946702844, 11.57571363768304096, 4.308516171889092305 ) ) ;
#3453 = FACE_OUTER_BOUND ( 'NONE', #5951, .T. ) ;
#3454 = B_SPLINE_CURVE_WITH_KNOTS ( 'NONE', 3,
 ( #771, #2717, #4683, #5238, #5679, #339, #2272, #2336, #5780, #2845 ),
 .UNSPECIFIED., .F., .F.,
 ( 4, 2, 2, 2, 4 ),
 ( 0.000000000000000000, 0.002938489004799667466, 0.005876978009599334932, 0.008815467014399003265, 0.01175395601919866986 ),
 .UNSPECIFIED. ) ;
#3455 = CARTESIAN_POINT ( 'NONE',  ( 16.27146095641100132, -21.55440333334093950, 13.59609217541613191 ) ) ;
#3456 = CARTESIAN_POINT ( 'NONE',  ( 11.49999999999998224, -22.47514308404502970, -17.88465857028938188 ) ) ;
#3457 = CARTESIAN_POINT ( 'NONE',  ( 31.49999999999999289, -1.231345996536657550, 4.453234613494338134 ) ) ;
#3458 = APPLICATION_PROTOCOL_DEFINITION ( 'international standard', 'config_control_design', 1994, #6307 ) ;
#3459 = ORIENTED_EDGE ( 'NONE', *, *, #1253, .F. ) ;
#3460 = CARTESIAN_POINT ( 'NONE',  ( 24.43636344538590066, -19.73248936430493217, 7.034667019682835587 ) ) ;
#3461 = CIRCLE ( 'NONE', #2538, 10.00000000000000000 ) ;
#3462 = CARTESIAN_POINT ( 'NONE',  ( 27.48695480277097758, 11.76318783842597071, 6.111192311165678070 ) ) ;
#3463 = DIRECTION ( 'NONE',  ( 0.000000000000000000, -0.000000000000000000, 1.000000000000000000 ) ) ;
#3464 = CARTESIAN_POINT ( 'NONE',  ( -22.21537964875616566, -22.12252597102767737, 6.994500320678555205 ) ) ;
#3465 = CARTESIAN_POINT ( 'NONE',  ( 10.12333701031381494, 28.49999999999999645, 2.501600465319809175 ) ) ;
#3466 = CARTESIAN_POINT ( 'NONE',  ( -29.72870341179554998, -14.82969517538677628, -14.49567685150933904 ) ) ;
#3467 = ORIENTED_EDGE ( 'NONE', *, *, #4044, .T. ) ;
#3468 = FACE_OUTER_BOUND ( 'NONE', #2293, .T. ) ;
#3469 = AXIS2_PLACEMENT_3D ( 'NONE', #357, #4347, #856 ) ;
#3470 = DIRECTION ( 'NONE',  ( -0.000000000000000000, -0.000000000000000000, 1.000000000000000000 ) ) ;
#3471 = CARTESIAN_POINT ( 'NONE',  ( 27.01909114114565114, 9.096434016804119338, 9.795825423130040122 ) ) ;
#3472 = CARTESIAN_POINT ( 'NONE',  ( 29.84275751959615519, -5.227937123345394177, 6.892757498069787658 ) ) ;
#3473 = CIRCLE ( 'NONE', #2767, 11.49999999999999822 ) ;
#3474 = EDGE_CURVE ( 'NONE', #1886, #3632, #853, .T. ) ;
#3475 = CARTESIAN_POINT ( 'NONE',  ( -12.67437915800975645, 25.67754750624934701, 6.385299026962869107 ) ) ;
#3476 = EDGE_LOOP ( 'NONE', ( #92, #4678, #5863, #2221 ) ) ;
#3477 = CARTESIAN_POINT ( 'NONE',  ( 27.79672860427426784, -6.292207792207793915, 12.96227999980796675 ) ) ;
#3478 = CARTESIAN_POINT ( 'NONE',  ( 29.52498335551856101, -7.700404266506361672, 7.049557377645821354 ) ) ;
#3479 = VECTOR ( 'NONE', #6324, 1000.000000000000000 ) ;
#3480 = CARTESIAN_POINT ( 'NONE',  ( -28.08353559463379412, 9.853185018440392184, 6.055409286526697521 ) ) ;
#3481 = ORIENTED_EDGE ( 'NONE', *, *, #4818, .F. ) ;
#3482 = CARTESIAN_POINT ( 'NONE',  ( -13.00944348293622888, -26.94204963253051943, 7.121145705545023574 ) ) ;
#3483 = CARTESIAN_POINT ( 'NONE',  ( 10.37221859418351499, -26.30512082133320817, 5.967547095035457438 ) ) ;
#3484 = ORIENTED_EDGE ( 'NONE', *, *, #773, .F. ) ;
#3485 = CARTESIAN_POINT ( 'NONE',  ( 27.00000000000000000, -3.128875846627433094E-16, 12.14142842854284687 ) ) ;
#3486 = CARTESIAN_POINT ( 'NONE',  ( 12.36567924201093582, -25.92335610564294868, 6.088688425487950973 ) ) ;
#3487 = CARTESIAN_POINT ( 'NONE',  ( 23.41750770985624897, -18.90641856735844684, -16.75530955763446173 ) ) ;
#3488 = FACE_OUTER_BOUND ( 'NONE', #6223, .T. ) ;
#3489 = COORDINATED_UNIVERSAL_TIME_OFFSET ( 1, 0, .AHEAD. ) ;
#3490 = ORIENTED_EDGE ( 'NONE', *, *, #586, .F. ) ;
#3491 = CARTESIAN_POINT ( 'NONE',  ( -21.70291338497801448, -21.01587635023489398, 6.021670645149873380 ) ) ;
#3492 = B_SPLINE_CURVE_WITH_KNOTS ( 'NONE', 3,
 ( #1842, #2362, #5701, #4254, #4324, #3354, #6272, #1398, #1299, #5349, #6238, #5321, #859 ),
 .UNSPECIFIED., .F., .F.,
 ( 4, 2, 1, 2, 2, 2, 4 ),
 ( -3.297342003491318002E-05, 0.0005877531142623384098, 0.001208479648559589864, 0.002449932717154094507, 0.004932838854343101626, 0.007415744991532109177, 0.009898651128721116729 ),
 .UNSPECIFIED. ) ;
#3493 = CARTESIAN_POINT ( 'NONE',  ( -1.825657295507460809, -22.55669157813160197, -19.47054811868471447 ) ) ;
#3494 = DIRECTION ( 'NONE',  ( 1.000000000000000000, 0.000000000000000000, 0.000000000000000000 ) ) ;
#3495 = CARTESIAN_POINT ( 'NONE',  ( -19.10133375178185489, -21.18902069392968812, 13.86685210002142732 ) ) ;
#3496 = CARTESIAN_POINT ( 'NONE',  ( 31.49999999999998579, -9.474050321294704702, 4.407286531117161843 ) ) ;
#3497 = CARTESIAN_POINT ( 'NONE',  ( -24.72607457672418718, -17.96227767544009524, -16.35589703123632788 ) ) ;
#3498 = EDGE_CURVE ( 'NONE', #143, #467, #2381, .T. ) ;
#3499 = ORIENTED_EDGE ( 'NONE', *, *, #1140, .F. ) ;
#3500 = CARTESIAN_POINT ( 'NONE',  ( 1.056813585891689570E-15, 26.99999999999999645, 4.999999999999999112 ) ) ;
#3501 = CARTESIAN_POINT ( 'NONE',  ( -17.08146408834119256, -22.84894139205057684, 13.59019350873151133 ) ) ;
#3502 = CARTESIAN_POINT ( 'NONE',  ( 9.401036392209826786, 18.49999999999999645, 2.737135302395494296 ) ) ;
#3503 = CARTESIAN_POINT ( 'NONE',  ( 24.83861627966893337, 13.98837419497054668, 9.905292285277900177 ) ) ;
#3504 = EDGE_CURVE ( 'NONE', #4075, #1360, #5309, .T. ) ;
#3505 = CARTESIAN_POINT ( 'NONE',  ( 28.43862537007680302, 2.144412820674002074, 12.22497571308359454 ) ) ;
#3506 = CARTESIAN_POINT ( 'NONE',  ( -31.16934509979659040, 11.49973895541397795, -12.43839309181425179 ) ) ;
#3507 = CARTESIAN_POINT ( 'NONE',  ( -29.76021208415974328, 11.53012938295365153, 0.4249437489037631854 ) ) ;
#3508 = ORIENTED_EDGE ( 'NONE', *, *, #4620, .F. ) ;
#3509 = VERTEX_POINT ( 'NONE', #413 ) ;
#3510 = DIRECTION ( 'NONE',  ( 0.8751999276928491556, -0.2739291369592714021, 0.3987328861420647019 ) ) ;
#3511 = CIRCLE ( 'NONE', #5464, 7.500000000000000000 ) ;
#3512 = CARTESIAN_POINT ( 'NONE',  ( -21.33257498747006409, 16.56132927418829226, 14.07506427711705221 ) ) ;
#3513 = ORIENTED_EDGE ( 'NONE', *, *, #2479, .F. ) ;
#3514 = DIRECTION ( 'NONE',  ( 0.000000000000000000, -0.9909795437185320299, 0.1340132229722502677 ) ) ;
#3515 = DIRECTION ( 'NONE',  ( 0.000000000000000000, 0.000000000000000000, -1.000000000000000000 ) ) ;
#3516 = EDGE_CURVE ( 'NONE', #4754, #4829, #6189, .T. ) ;
#3517 = ORIENTED_EDGE ( 'NONE', *, *, #4561, .F. ) ;
#3518 = CARTESIAN_POINT ( 'NONE',  ( 28.40843608584858870, 12.57604886209841411, 7.095335431002584237 ) ) ;
#3519 = ADVANCED_FACE ( 'NONE', ( #5248 ), #958, .T. ) ;
#3520 = CARTESIAN_POINT ( 'NONE',  ( 29.76561152641630059, -11.56242515760550482, 3.725088113385823352 ) ) ;
#3521 = CARTESIAN_POINT ( 'NONE',  ( 0.000000000000000000, 0.000000000000000000, 0.000000000000000000 ) ) ;
#3522 = CARTESIAN_POINT ( 'NONE',  ( -12.69669775888672802, 27.00000000000000000, 4.357740466546833780 ) ) ;
#3523 = CARTESIAN_POINT ( 'NONE',  ( 14.72832512572927044, 28.24847084653342577, 1.220328555793047665 ) ) ;
#3524 = CARTESIAN_POINT ( 'NONE',  ( 29.69018148252336431, -6.400527324474459157, 7.001130251775263602 ) ) ;
#3525 = FACE_OUTER_BOUND ( 'NONE', #1370, .T. ) ;
#3526 = CARTESIAN_POINT ( 'NONE',  ( 29.92152910766420959, 10.44294264042032161, 3.791268916619704665 ) ) ;
#3527 = CARTESIAN_POINT ( 'NONE',  ( -2.687631741214199010, 26.87432176438604969, 6.947303556943771774 ) ) ;
#3528 = CARTESIAN_POINT ( 'NONE',  ( -29.69092653911275903, -6.394664780647621782, 7.000911841107319233 ) ) ;
#3529 = CARTESIAN_POINT ( 'NONE',  ( -24.03182635100034403, -20.30975995943656542, 6.980767361772872270 ) ) ;
#3530 = CARTESIAN_POINT ( 'NONE',  ( 11.28288632165143568, 28.50000000000032330, 4.894076830472164907 ) ) ;
#3531 = CARTESIAN_POINT ( 'NONE',  ( -19.04174740347230355, -21.06167865067518719, -17.55773263776938364 ) ) ;
#3532 = ORIENTED_EDGE ( 'NONE', *, *, #4533, .F. ) ;
#3533 = DIRECTION ( 'NONE',  ( -1.000000000000000000, 0.000000000000000000, 0.000000000000000000 ) ) ;
#3534 = CARTESIAN_POINT ( 'NONE',  ( -26.19001352268473326, -6.595984007244086733, 9.081548668124746371 ) ) ;
#3535 = CARTESIAN_POINT ( 'NONE',  ( -29.43431868357414771, 8.901732025592728803, 7.013401681971444646 ) ) ;
#3536 = CARTESIAN_POINT ( 'NONE',  ( 12.65616614228935255, 27.19280067298390335, 6.835002254940402366 ) ) ;
#3537 = DIRECTION ( 'NONE',  ( 0.000000000000000000, -0.9653521917153786713, -0.2609504664688587217 ) ) ;
#3538 = CARTESIAN_POINT ( 'NONE',  ( 31.46756814691497439, -9.638517588053012730, -11.00000000000000888 ) ) ;
#3539 = CARTESIAN_POINT ( 'NONE',  ( -28.35287380340023233, 16.15512946690877882, 0.07349841117986914696 ) ) ;
#3540 = EDGE_LOOP ( 'NONE', ( #4267, #845, #3941, #1031 ) ) ;
#3541 = FACE_OUTER_BOUND ( 'NONE', #798, .T. ) ;
#3542 = CARTESIAN_POINT ( 'NONE',  ( -28.83225817546434655, -11.16296579045150494, 7.116668390819766543 ) ) ;
#3543 = VECTOR ( 'NONE', #266, 1000.000000000000000 ) ;
#3544 = CARTESIAN_POINT ( 'NONE',  ( 13.66821526289419353, -25.40057177991630866, 6.358119300770659343 ) ) ;
#3545 = DIRECTION ( 'NONE',  ( -1.000000000000000000, 0.000000000000000000, 0.000000000000000000 ) ) ;
#3546 = CARTESIAN_POINT ( 'NONE',  ( 29.99999999999999289, -4.216490584451829449, -7.838397912077535779 ) ) ;
#3547 = VERTEX_POINT ( 'NONE', #1416 ) ;
#3548 = VECTOR ( 'NONE', #4340, 1000.000000000000000 ) ;
#3549 = DIRECTION ( 'NONE',  ( 9.052110898147586683E-16, -0.9653521917153777832, 0.2609504664688617748 ) ) ;
#3550 = CARTESIAN_POINT ( 'NONE',  ( 20.63721778736728396, -17.41936881950476490, 9.291041590291056806 ) ) ;
#3551 = CARTESIAN_POINT ( 'NONE',  ( -11.49999999999998934, 26.99999999999999645, 1.893709856737191943 ) ) ;
#3552 = ADVANCED_FACE ( 'NONE', ( #488 ), #2568, .T. ) ;
#3553 = CYLINDRICAL_SURFACE ( 'NONE', #2943, 7.500000000000000000 ) ;
#3554 = CARTESIAN_POINT ( 'NONE',  ( -15.60111307302995698, -26.56866438153014442, 4.042753469700362423 ) ) ;
#3555 = B_SPLINE_CURVE_WITH_KNOTS ( 'NONE', 3,
 ( #4749, #500, #3806, #2271 ),
 .UNSPECIFIED., .F., .F.,
 ( 4, 4 ),
 ( 0.000000000000000000, 0.001633477653629705414 ),
 .UNSPECIFIED. ) ;
#3556 = CARTESIAN_POINT ( 'NONE',  ( 15.81835170861975826, 24.65807767987882215, 6.264251377742291460 ) ) ;
#3557 = CARTESIAN_POINT ( 'NONE',  ( 6.818817193907995566, -26.70304614852267378, 5.772668584510857848 ) ) ;
#3558 = CARTESIAN_POINT ( 'NONE',  ( 28.78144467099338044, -18.58955984635525382, 0.01115095964573913426 ) ) ;
#3559 = CARTESIAN_POINT ( 'NONE',  ( -29.63697013575278660, -11.08169265004812587, -12.68706703822693349 ) ) ;
#3560 = VERTEX_POINT ( 'NONE', #1491 ) ;
#3561 = DIRECTION ( 'NONE',  ( 0.000000000000000000, 0.000000000000000000, 1.000000000000000000 ) ) ;
#3562 = CARTESIAN_POINT ( 'NONE',  ( -22.46440028291364044, -17.58399752015216322, 14.08172727265377766 ) ) ;
#3563 = CARTESIAN_POINT ( 'NONE',  ( -28.08326263749921381, 13.70257391114095569, 7.002986715455281619 ) ) ;
#3564 = CARTESIAN_POINT ( 'NONE',  ( 11.56951353698528884, 27.45790722812360940, 6.733914921940939102 ) ) ;
#3565 = CARTESIAN_POINT ( 'NONE',  ( 27.79672860427426073, 6.292207792207818784, 12.96227999980797385 ) ) ;
#3566 = CARTESIAN_POINT ( 'NONE',  ( 22.82789496410931918, -21.20057336700106987, -17.70283586254749508 ) ) ;
#3567 = ORIENTED_EDGE ( 'NONE', *, *, #3712, .F. ) ;
#3568 = CARTESIAN_POINT ( 'NONE',  ( -17.39830579993496684, 26.07604831759202568, 0.7251725997677451740 ) ) ;
#3569 = ORIENTED_EDGE ( 'NONE', *, *, #2391, .F. ) ;
#3570 = CARTESIAN_POINT ( 'NONE',  ( -8.512987012987007773, 27.19887961142360311, 10.66248444409494311 ) ) ;
#3571 = CARTESIAN_POINT ( 'NONE',  ( -25.98533262598001059, -22.30680655968242121, 0.01862897842004596766 ) ) ;
#3572 = ADVANCED_FACE ( 'NONE', ( #579 ), #1884, .T. ) ;
#3573 = CARTESIAN_POINT ( 'NONE',  ( 24.29902324627459009, 18.29024441416332536, -16.49726553977907528 ) ) ;
#3574 = CARTESIAN_POINT ( 'NONE',  ( 12.67647023761895575, -25.67698798141041650, 6.385309166087310473 ) ) ;
#3575 = CARTESIAN_POINT ( 'NONE',  ( 1.635316176085905182, 26.99999999999999645, 4.918475076824626591 ) ) ;
#3576 = CARTESIAN_POINT ( 'NONE',  ( -30.70083668150489231, 14.25741420673375082, 4.207895566427357181 ) ) ;
#3577 = CARTESIAN_POINT ( 'NONE',  ( 19.05501180644239767, 23.10951516804989936, 6.017883444968551210 ) ) ;
#3578 = EDGE_CURVE ( 'NONE', #5243, #4511, #5985, .T. ) ;
#3579 = CARTESIAN_POINT ( 'NONE',  ( 26.33374288825983101, -5.961038961038962469, 12.96227999980796675 ) ) ;
#3580 = DIRECTION ( 'NONE',  ( 0.000000000000000000, 0.000000000000000000, -1.000000000000000000 ) ) ;
#3581 = DIRECTION ( 'NONE',  ( -1.000000000000000000, 0.000000000000000000, 0.000000000000000000 ) ) ;
#3582 = CARTESIAN_POINT ( 'NONE',  ( 11.49999999999999289, -28.49999999999999645, 1.893709856737193720 ) ) ;
#3583 = PERSON_AND_ORGANIZATION_ROLE ( 'creator' ) ;
#3584 = CARTESIAN_POINT ( 'NONE',  ( -10.85308431877826152, -26.12903723518045496, 6.242427722480123009 ) ) ;
#3585 = ADVANCED_FACE ( 'NONE', ( #1106 ), #2486, .F. ) ;
#3586 = CARTESIAN_POINT ( 'NONE',  ( -9.401036392209832115, -26.99999999999999645, 2.737135302395495629 ) ) ;
#3587 = CARTESIAN_POINT ( 'NONE',  ( 20.15135538235439583, -23.61862277027240964, 7.099041007591814889 ) ) ;
#3588 = CARTESIAN_POINT ( 'NONE',  ( 1.056813585891689570E-15, 28.49999999999999645, 4.999999999999999112 ) ) ;
#3589 = CARTESIAN_POINT ( 'NONE',  ( -14.55786783756547820, 25.14673535156619266, 6.318395839221938814 ) ) ;
#3590 = ORIENTED_EDGE ( 'NONE', *, *, #314, .F. ) ;
#3591 = DIRECTION ( 'NONE',  ( -1.000000000000000000, 0.000000000000000000, 0.000000000000000000 ) ) ;
#3592 = CARTESIAN_POINT ( 'NONE',  ( -26.65375050645535282, -4.473689222804190457, 8.971282044010193246 ) ) ;
#3593 = CARTESIAN_POINT ( 'NONE',  ( -3.510226728581184563, 26.93752340372173038, 5.402834179644152357 ) ) ;
#3594 = CARTESIAN_POINT ( 'NONE',  ( -3.704781072964366651, -21.70933245704064163, -18.17282423045712036 ) ) ;
#3595 = CARTESIAN_POINT ( 'NONE',  ( -29.99999999999999289, 6.310945510157326410, -8.941400630818399975 ) ) ;
#3596 = CARTESIAN_POINT ( 'NONE',  ( -25.04291228359628718, 18.97737962397810918, 7.031949348339336048 ) ) ;
#3597 = DIRECTION ( 'NONE',  ( 0.000000000000000000, 0.000000000000000000, -1.000000000000000000 ) ) ;
#3598 =( BOUNDED_SURFACE ( )  B_SPLINE_SURFACE ( 3, 2, ( 
 ( #1472, #3944, #5906 ),
 ( #2043, #4858, #1561 ),
 ( #2012, #3526, #5490 ),
 ( #1502, #3974, #2915 ),
 ( #4374, #1024, #3462 ),
 ( #2969, #5936, #6321 ),
 ( #4948, #1532, #4883 ),
 ( #5457, #496, #3434 ),
 ( #3688, #5148, #4623 ),
 ( #6123, #1732, #3031 ),
 ( #5620, #1655, #4586 ),
 ( #6058, #4658, #4035 ),
 ( #645, #6093, #3650 ),
 ( #2588, #4519, #2657 ),
 ( #5655, #2073, #617 ),
 ( #5993, #151, #3098 ),
 ( #254, #4551, #3133 ),
 ( #1220, #3617, #5552 ),
 ( #5107, #3171, #2175 ),
 ( #185, #4139, #3065 ),
 ( #748, #5074, #219 ),
 ( #1693, #712, #674 ),
 ( #2105, #1587, #4069 ),
 ( #2620, #2694, #285 ),
 ( #2142, #1183, #2209 ),
 ( #5007, #5583, #4175 ),
 ( #6024, #2558, #3556 ),
 ( #5524, #4107, #1625 ),
 ( #1118, #5038, #1150 ),
 ( #3249, #1892, #3751 ),
 ( #4762, #812, #2727 ),
 ( #349, #4312, #3211 ) ),
 .UNSPECIFIED., .F., .F., .T. ) 
 B_SPLINE_SURFACE_WITH_KNOTS ( ( 4, 2, 2, 2, 2, 2, 2, 2, 2, 2, 2, 2, 2, 2, 2, 4 ),
 ( 3, 3 ),
 ( 0.004952069022301640484, 0.005950389881811823586, 0.006449550311566914704, 0.006948710741322005821, 0.008945352460342370290, 0.009943673319852554260, 0.01094199417936273649, 0.01194031503887291873, 0.01293863589838310096, 0.01493527761740346543, 0.01593359847691364767, 0.01693191933642382990, 0.01892856105544419437, 0.01942772148519928549, 0.01992688191495437661, 0.02092520277446456231 ),
 ( 0.000000000000000000, 1.000000000000000000 ),
 .UNSPECIFIED. ) 
 GEOMETRIC_REPRESENTATION_ITEM ( )  RATIONAL_B_SPLINE_SURFACE ( (
 ( 1.000000000000000000, 0.9368608944935548077, 1.000000000000000000),
 ( 1.000000000000000000, 0.9355751214209135913, 1.000000000000000000),
 ( 1.000000000000000000, 0.9343889616034481982, 1.000000000000000000),
 ( 1.000000000000000000, 0.9327559237479821075, 1.000000000000000000),
 ( 1.000000000000000000, 0.9322358836262319981, 1.000000000000000000),
 ( 1.000000000000000000, 0.9312551299239798519, 1.000000000000000000),
 ( 1.000000000000000000, 0.9307927439965472116, 1.000000000000000000),
 ( 1.000000000000000000, 0.9286141613788471139, 1.000000000000000000),
 ( 1.000000000000000000, 0.9272925748643106036, 1.000000000000000000),
 ( 1.000000000000000000, 0.9258791832377563091, 1.000000000000000000),
 ( 1.000000000000000000, 0.9255048434601932383, 1.000000000000000000),
 ( 1.000000000000000000, 0.9249602359234053717, 1.000000000000000000),
 ( 1.000000000000000000, 0.9247864084120258621, 1.000000000000000000),
 ( 1.000000000000000000, 0.9246277931783377646, 1.000000000000000000),
 ( 1.000000000000000000, 0.9246430146513139325, 1.000000000000000000),
 ( 1.000000000000000000, 0.9248651760882938833, 1.000000000000000000),
 ( 1.000000000000000000, 0.9250731643856078268, 1.000000000000000000),
 ( 1.000000000000000000, 0.9259981250922445506, 1.000000000000000000),
 ( 1.000000000000000000, 0.9269937574821998094, 1.000000000000000000),
 ( 1.000000000000000000, 0.9290947231369339754, 1.000000000000000000),
 ( 1.000000000000000000, 0.9298974807321092051, 1.000000000000000000),
 ( 1.000000000000000000, 0.9317285560064347827, 1.000000000000000000),
 ( 1.000000000000000000, 0.9327458289333003805, 1.000000000000000000),
 ( 1.000000000000000000, 0.9360898329148669150, 1.000000000000000000),
 ( 1.000000000000000000, 0.9387205203337886106, 1.000000000000000000),
 ( 1.000000000000000000, 0.9425383774253085489, 1.000000000000000000),
 ( 1.000000000000000000, 0.9433302234149331111, 1.000000000000000000),
 ( 1.000000000000000000, 0.9449463102323633068, 1.000000000000000000),
 ( 1.000000000000000000, 0.9457721339832118046, 1.000000000000000000),
 ( 1.000000000000000000, 0.9482940703060607213, 1.000000000000000000),
 ( 1.000000000000000000, 0.9500360199382490434, 1.000000000000000000),
 ( 1.000000000000000000, 0.9517961898714960567, 1.000000000000000000) ) ) 
 REPRESENTATION_ITEM ( '' )  SURFACE ( )  );
#3599 = CARTESIAN_POINT ( 'NONE',  ( 21.85049728641383027, 25.63694975680263966, 4.239230835341029291 ) ) ;
#3600 = CARTESIAN_POINT ( 'NONE',  ( -20.70348128341542804, 24.55980466266116835, 0.3218747241828144867 ) ) ;
#3601 = ORIENTED_EDGE ( 'NONE', *, *, #6065, .T. ) ;
#3602 = ORIENTED_EDGE ( 'NONE', *, *, #1109, .F. ) ;
#3603 = CARTESIAN_POINT ( 'NONE',  ( -10.40468372531629271, -26.99999999999966960, 4.537984684789301504 ) ) ;
#3604 = CARTESIAN_POINT ( 'NONE',  ( -23.87195007503671818, -24.26784750814730529, 4.167898142573119635 ) ) ;
#3605 = CARTESIAN_POINT ( 'NONE',  ( 27.14538987207274445, 8.704663615410467514, 13.44024895185745549 ) ) ;
#3606 = DIRECTION ( 'NONE',  ( 1.224646799147353454E-16, 0.000000000000000000, 1.000000000000000000 ) ) ;
#3607 = CARTESIAN_POINT ( 'NONE',  ( 1.570895695030939843, 26.99999999999999645, 4.638841900325131107 ) ) ;
#3608 = CARTESIAN_POINT ( 'NONE',  ( -31.23652180827569680, 11.75249323265788703, 0.4287970715012465184 ) ) ;
#3609 = DIRECTION ( 'NONE',  ( 0.000000000000000000, 0.000000000000000000, -1.000000000000000000 ) ) ;
#3610 = CARTESIAN_POINT ( 'NONE',  ( 31.49999999999999289, -8.500000000000000000, 0.8039144995323158627 ) ) ;
#3611 = CARTESIAN_POINT ( 'NONE',  ( 10.43772718458712134, -26.53979342628935711, 8.864672756554732302 ) ) ;
#3612 = DIRECTION ( 'NONE',  ( 0.000000000000000000, 1.000000000000000000, 0.000000000000000000 ) ) ;
#3613 = CARTESIAN_POINT ( 'NONE',  ( -11.49999999999999289, -36.74234614174767444, 10.66248444409494134 ) ) ;
#3614 = CARTESIAN_POINT ( 'NONE',  ( -28.72485148697612445, 1.269144356419744657, 6.083467887160433740 ) ) ;
#3615 = CARTESIAN_POINT ( 'NONE',  ( 11.49999999999999289, 26.99999999999999645, -11.00000000000000000 ) ) ;
#3616 = ADVANCED_FACE ( 'NONE', ( #608 ), #5544, .F. ) ;
#3617 = CARTESIAN_POINT ( 'NONE',  ( 23.79108911312247088, 22.37786067968211157, 3.533568058423792291 ) ) ;
#3618 = CARTESIAN_POINT ( 'NONE',  ( 9.401036392209826786, 26.99999999999999645, 2.737135302395494296 ) ) ;
#3619 = CARTESIAN_POINT ( 'NONE',  ( 23.50594803809470079, -24.54991343998932862, 0.1461425362551302398 ) ) ;
#3620 = CARTESIAN_POINT ( 'NONE',  ( 16.19533575809366255, 23.52231491261553131, -18.67893706205202875 ) ) ;
#3621 = ORIENTED_EDGE ( 'NONE', *, *, #4370, .T. ) ;
#3622 = CARTESIAN_POINT ( 'NONE',  ( -27.14538987207274090, -8.704663615410465738, 13.44024895185745194 ) ) ;
#3623 = CARTESIAN_POINT ( 'NONE',  ( -25.27430008763386127, 18.74073857343199734, 6.978059429546450865 ) ) ;
#3624 = CARTESIAN_POINT ( 'NONE',  ( -29.99999999999999289, 7.830548889585851585E-23, -6.979998821817708254 ) ) ;
#3625 = ORIENTED_EDGE ( 'NONE', *, *, #4306, .T. ) ;
#3626 = CARTESIAN_POINT ( 'NONE',  ( -8.064935064935060183, 25.76735963187498868, 10.66248444409494311 ) ) ;
#3627 = CARTESIAN_POINT ( 'NONE',  ( 6.123233995736767268E-16, -28.49999999999999645, 5.000000000000000000 ) ) ;
#3628 = CARTESIAN_POINT ( 'NONE',  ( 26.55220511447340570, -4.995950805516785387, 12.72558512209214499 ) ) ;
#3629 = CARTESIAN_POINT ( 'NONE',  ( 16.45005758294625053, 27.91964193981451814, 0.9277632023725491672 ) ) ;
#3630 = CARTESIAN_POINT ( 'NONE',  ( -19.62660233762251494, 25.13068633530078699, 0.4396612026595436706 ) ) ;
#3631 = VERTEX_POINT ( 'NONE', #1609 ) ;
#3632 = VERTEX_POINT ( 'NONE', #173 ) ;
#3633 = CARTESIAN_POINT ( 'NONE',  ( -10.29309592552063712, -26.25299711024275950, 6.105408687617759789 ) ) ;
#3634 = CARTESIAN_POINT ( 'NONE',  ( -26.53488350821643849, -21.70404519633748208, 4.114548247922676261 ) ) ;
#3635 = B_SPLINE_CURVE_WITH_KNOTS ( 'NONE', 3,
 ( #4056, #4094, #3119, #3605, #5542, #5478, #5026, #606, #5510, #1578, #2544, #1075, #2094, #1680, #206, #1135, #2578, #2163, #737, #4541, #2643, #5095, #4508, #2681 ),
 .UNSPECIFIED., .F., .F.,
 ( 4, 2, 2, 2, 2, 2, 2, 2, 2, 2, 2, 4 ),
 ( 0.000000000000000000, 0.001908102737830323593, 0.003816205475660647186, 0.007632410951321290035, 0.009540513689151612978, 0.01144861642698193245, 0.01526482190264256619, 0.01908102737830320514, 0.02289723285396383368, 0.02480533559179415315, 0.02671343832962446915, 0.03052964380528510463 ),
 .UNSPECIFIED. ) ;
#3636 = CARTESIAN_POINT ( 'NONE',  ( 29.97134581232866779, -9.694760497758190709, 0.6376073519744889229 ) ) ;
#3637 = DIRECTION ( 'NONE',  ( 1.000000000000000000, 0.000000000000000000, 0.000000000000000000 ) ) ;
#3638 = CARTESIAN_POINT ( 'NONE',  ( 9.764370029793086658, -26.99999999999999645, 2.630045352943991777 ) ) ;
#3639 = CARTESIAN_POINT ( 'NONE',  ( 27.92104170573128741, -9.953384546751932405, 6.180520935986633546 ) ) ;
#3640 = CARTESIAN_POINT ( 'NONE',  ( -28.69423904758936317, 18.73546398254996603, 4.116957482906359544 ) ) ;
#3641 = CARTESIAN_POINT ( 'NONE',  ( 11.51378306383065464, 24.44287188815804868, 8.824996049016743171 ) ) ;
#3642 = AXIS2_PLACEMENT_3D ( 'NONE', #3020, #5839, #74 ) ;
#3643 = DIRECTION ( 'NONE',  ( -1.000000000000000000, 0.000000000000000000, 0.000000000000000000 ) ) ;
#3644 = CARTESIAN_POINT ( 'NONE',  ( 10.75078596754761584, -26.40139312342887834, 11.82020562731657698 ) ) ;
#3645 = CARTESIAN_POINT ( 'NONE',  ( -11.16003344532261821, 28.49999999999999645, 2.058820311314824902 ) ) ;
#3646 = CARTESIAN_POINT ( 'NONE',  ( -29.64308579401992461, 11.06129291199151687, -12.67341694687012854 ) ) ;
#3647 = CARTESIAN_POINT ( 'NONE',  ( -29.99999999999602451, 6.064376768758528158, 3.958024119164066601 ) ) ;
#3648 = CARTESIAN_POINT ( 'NONE',  ( 12.90787971633737286, -28.49999999999998579, 4.792569397689700139 ) ) ;
#3649 = CARTESIAN_POINT ( 'NONE',  ( 28.56167730458542309, 5.032553028545875051, 6.123305010328446762 ) ) ;
#3650 = CARTESIAN_POINT ( 'NONE',  ( 24.98857417850318541, 17.19117640510370393, 5.979401959538101607 ) ) ;
#3651 = CARTESIAN_POINT ( 'NONE',  ( 9.867566102497027813, -27.00000000000000355, 4.498676486473204506 ) ) ;
#3652 = CARTESIAN_POINT ( 'NONE',  ( 25.32684660671412757, -18.57008795530171597, 7.032876009469550382 ) ) ;
#3653 = CARTESIAN_POINT ( 'NONE',  ( -3.298468674932238720, 28.49999999997217159, 4.935497870407062670 ) ) ;
#3654 = CARTESIAN_POINT ( 'NONE',  ( -27.74566386527319395, 10.86199180142630283, 6.144355500136686743 ) ) ;
#3655 = ORIENTED_EDGE ( 'NONE', *, *, #495, .T. ) ;
#3656 = CARTESIAN_POINT ( 'NONE',  ( 24.21092753771667105, 18.31128984033687601, 5.974707806769719909 ) ) ;
#3657 = CARTESIAN_POINT ( 'NONE',  ( -7.563680148750074217, -22.38331468918622136, -17.92394481142604334 ) ) ;
#3658 = CARTESIAN_POINT ( 'NONE',  ( 17.54980529700626590, 25.29764450376033480, 7.011998119617544489 ) ) ;
#3659 = CARTESIAN_POINT ( 'NONE',  ( -29.99999999999999645, 5.973117700649615003, -8.730927683151978869 ) ) ;
#3660 = B_SPLINE_CURVE_WITH_KNOTS ( 'NONE', 3,
 ( #456, #2476, #4357, #4386, #5442, #5, #1515, #1935, #3414, #4441, #5382, #509, #2981, #4412 ),
 .UNSPECIFIED., .F., .F.,
 ( 4, 2, 2, 2, 2, 2, 4 ),
 ( 0.000000000000000000, 0.002362668269487660979, 0.003544002404231490384, 0.004725336538975319356, 0.007088004808462979034, 0.008269338943206808873, 0.009450673077950640447 ),
 .UNSPECIFIED. ) ;
#3661 = CARTESIAN_POINT ( 'NONE',  ( 17.39973313300398061, 26.07559084851773079, 0.7249608854518494461 ) ) ;
#3662 = CARTESIAN_POINT ( 'NONE',  ( 11.50000000000043876, -23.99146246942695626, -18.79915154909359742 ) ) ;
#3663 = CARTESIAN_POINT ( 'NONE',  ( 10.08798809597416835, 25.07049325079799829, 11.79926837188521027 ) ) ;
#3664 = CARTESIAN_POINT ( 'NONE',  ( 37.54996671103717176, 8.500000000000019540, 12.96227999980797030 ) ) ;
#3665 = ORIENTED_EDGE ( 'NONE', *, *, #6136, .T. ) ;
#3666 = EDGE_CURVE ( 'NONE', #1991, #1411, #5894, .T. ) ;
#3667 = CARTESIAN_POINT ( 'NONE',  ( 28.37188519698919009, 19.25752284794899438, 4.112560039139790291 ) ) ;
#3668 = FACE_OUTER_BOUND ( 'NONE', #5869, .T. ) ;
#3669 = ORIENTED_EDGE ( 'NONE', *, *, #3498, .F. ) ;
#3670 = ORIENTED_EDGE ( 'NONE', *, *, #790, .T. ) ;
#3671 = CARTESIAN_POINT ( 'NONE',  ( -13.66821526289449729, -25.40057177991624116, 6.358119300771033267 ) ) ;
#3672 = CARTESIAN_POINT ( 'NONE',  ( -19.49833247443966044, -26.84257267341917697, 0.5276505845171429732 ) ) ;
#3673 = EDGE_CURVE ( 'NONE', #2932, #2353, #2683, .T. ) ;
#3674 = CARTESIAN_POINT ( 'NONE',  ( 29.97332949828471627, -9.883949920255229671, 3.827406837434042863 ) ) ;
#3675 = CIRCLE ( 'NONE', #919, 8.500000000000000000 ) ;
#3676 = CARTESIAN_POINT ( 'NONE',  ( -28.50052698892677938, 0.5589881985349151039, 9.279565684970409123 ) ) ;
#3677 = CARTESIAN_POINT ( 'NONE',  ( 13.18264119765541764, -25.53911618236208980, 6.379800445152014277 ) ) ;
#3678 = B_SPLINE_CURVE_WITH_KNOTS ( 'NONE', 3,
 ( #3570, #4539, #168, #4294, #3357, #2232, #4197, #3707, #3231, #5198, #4730, #6160, #1291, #521, #4910, #4423, #1972, #4450, #5418, #51, #3880, #3850, #5845, #4099, #611, #637 ),
 .UNSPECIFIED., .F., .F.,
 ( 4, 2, 2, 2, 2, 2, 2, 2, 2, 2, 2, 2, 4 ),
 ( 0.000000000000000000, 0.001917024641348071250, 0.003834049282696142501, 0.007668098565392282399, 0.009585123206740358420, 0.01150214784808843357, 0.01533619713078459082, 0.01725322177213266250, 0.01917024641348074113, 0.02300429569617688796, 0.02492132033752495965, 0.02683834497887303133, 0.03067239426156917470 ),
 .UNSPECIFIED. ) ;
#3679 = CARTESIAN_POINT ( 'NONE',  ( 9.867566102497130842, 26.99999999999999289, 4.498676486473255132 ) ) ;
#3680 = CARTESIAN_POINT ( 'NONE',  ( -25.32684660671435495, 18.57008795530208189, 7.032876009469153367 ) ) ;
#3681 = TOROIDAL_SURFACE ( 'NONE', #1430, 229.2911684466444342, 22.49999999999999645 ) ;
#3682 = CARTESIAN_POINT ( 'NONE',  ( -9.118881317424669675, 25.41990874566457848, 11.29643042078629911 ) ) ;
#3683 = CARTESIAN_POINT ( 'NONE',  ( 19.69912622384873302, -26.75377687407391392, 0.5045158293858752474 ) ) ;
#3684 = CARTESIAN_POINT ( 'NONE',  ( 20.18645078305286233, -17.94049411351181433, 14.03504198297665795 ) ) ;
#3685 = CARTESIAN_POINT ( 'NONE',  ( -6.727593351759909801, -26.18593469080514424, 9.793695791800869799 ) ) ;
#3686 = DIRECTION ( 'NONE',  ( 0.8995249593893248630, 0.000000000000000000, -0.4368693711347059749 ) ) ;
#3687 = DIRECTION ( 'NONE',  ( -0.2560153285301848269, 0.000000000000000000, -0.9666727220510473728 ) ) ;
#3688 = CARTESIAN_POINT ( 'NONE',  ( 29.05347391460889028, 14.47107291122296147, 0.1658170824509763996 ) ) ;
#3689 = CARTESIAN_POINT ( 'NONE',  ( -26.56206496527145688, -14.35393333933741822, 6.027284378109592389 ) ) ;
#3690 = CARTESIAN_POINT ( 'NONE',  ( 14.02331596027882910, -28.39211920062131256, 4.692568264168050618 ) ) ;
#3691 = DIRECTION ( 'NONE',  ( -2.312964634635742957E-16, -1.000000000000000000, 0.000000000000000000 ) ) ;
#3692 = ORIENTED_EDGE ( 'NONE', *, *, #4740, .F. ) ;
#3693 = DIRECTION ( 'NONE',  ( 0.000000000000000000, -0.000000000000000000, 1.000000000000000000 ) ) ;
#3694 = CARTESIAN_POINT ( 'NONE',  ( 12.15187115364643589, -24.13717291160923040, 12.60461406082483471 ) ) ;
#3695 = FACE_OUTER_BOUND ( 'NONE', #3069, .T. ) ;
#3696 = VERTEX_POINT ( 'NONE', #4510 ) ;
#3697 = CARTESIAN_POINT ( 'NONE',  ( 29.23413356743814973, 9.376523915587259950, 7.139672917898991500 ) ) ;
#3698 = CARTESIAN_POINT ( 'NONE',  ( 23.28571684270319508, 13.67984104438576232, 14.01890857740965579 ) ) ;
#3699 = ADVANCED_FACE ( 'NONE', ( #5028 ), #3239, .F. ) ;
#3700 = CARTESIAN_POINT ( 'NONE',  ( 26.33374288825983811, 5.961038961038963357, 12.96227999980796142 ) ) ;
#3701 = CARTESIAN_POINT ( 'NONE',  ( -27.38232218705674370, 20.72541734238110678, -0.01640266166712959703 ) ) ;
#3702 = EDGE_LOOP ( 'NONE', ( #271, #4855 ) ) ;
#3703 = DIRECTION ( 'NONE',  ( 0.000000000000000000, 0.000000000000000000, -1.000000000000000000 ) ) ;
#3704 = ORIENTED_EDGE ( 'NONE', *, *, #3989, .F. ) ;
#3705 = EDGE_LOOP ( 'NONE', ( #6139, #722, #3191, #863 ) ) ;
#3706 = CARTESIAN_POINT ( 'NONE',  ( -28.20013474620752092, -8.425257211032089799, 6.212768372018379281 ) ) ;
#3707 = CARTESIAN_POINT ( 'NONE',  ( -15.51493223726917137, 23.91487981669491703, 13.28544602713305345 ) ) ;
#3708 = ADVANCED_FACE ( 'NONE', ( #869 ), #6181, .F. ) ;
#3709 = CARTESIAN_POINT ( 'NONE',  ( -24.12570755711682580, -20.06990691219518652, 7.037880791683751802 ) ) ;
#3710 = EDGE_CURVE ( 'NONE', #4339, #3791, #5821, .T. ) ;
#3711 = CARTESIAN_POINT ( 'NONE',  ( 20.54144513487461410, -24.65173649094532138, 0.3385897111623734079 ) ) ;
#3712 = EDGE_CURVE ( 'NONE', #2010, #5660, #1882, .T. ) ;
#3713 = CARTESIAN_POINT ( 'NONE',  ( -28.42604630177340042, 2.121314631846359156, 12.23821841703594693 ) ) ;
#3714 = CARTESIAN_POINT ( 'NONE',  ( 18.50343844318879150, 24.67992741625720043, 7.127001921022992015 ) ) ;
#3715 = CARTESIAN_POINT ( 'NONE',  ( 3.936125589166876435E-15, -6.111336706803078833, -47.52710051256133994 ) ) ;
#3716 = CARTESIAN_POINT ( 'NONE',  ( -23.87010503098426284, 24.26928285560444110, 4.167952988949835458 ) ) ;
#3717 = FACE_OUTER_BOUND ( 'NONE', #4707, .T. ) ;
#3718 = CARTESIAN_POINT ( 'NONE',  ( 28.47452616822944904, -19.09682538198636692, 0.0007176807268248849457 ) ) ;
#3719 = CARTESIAN_POINT ( 'NONE',  ( 22.23049399406919235, -22.10930175728327640, 6.994758730185365536 ) ) ;
#3720 = CARTESIAN_POINT ( 'NONE',  ( 27.19932237766490601, -18.30548177350215155, 0.0006492254435148283979 ) ) ;
#3721 = CIRCLE ( 'NONE', #5567, 28.50000000000000000 ) ;
#3722 = CARTESIAN_POINT ( 'NONE',  ( -31.49999999999999289, 6.900808533011558055, 1.136834755483767889 ) ) ;
#3723 = CARTESIAN_POINT ( 'NONE',  ( -25.70844649329346865, 16.01400590070037566, 5.993332622836930135 ) ) ;
#3724 = CARTESIAN_POINT ( 'NONE',  ( -29.99999999999998934, 2.310891679295921985, 1.605774675690114561 ) ) ;
#3725 = CARTESIAN_POINT ( 'NONE',  ( 31.37406997217074434, 10.56220846449861206, -11.75812628527114079 ) ) ;
#3726 = ORIENTED_EDGE ( 'NONE', *, *, #5474, .F. ) ;
#3727 = CARTESIAN_POINT ( 'NONE',  ( -31.50000000000756728, -8.089532943431427370, 4.450600630034942995 ) ) ;
#3728 = CARTESIAN_POINT ( 'NONE',  ( -14.05084148575788205, 26.61831974107802523, 7.145956261482449001 ) ) ;
#3729 = CARTESIAN_POINT ( 'NONE',  ( -11.49999999999999112, 28.49999999999999645, 5.000000000000000000 ) ) ;
#3730 = CARTESIAN_POINT ( 'NONE',  ( -29.68808755967238255, -6.417003555421993077, 7.001744075946227497 ) ) ;
#3731 = DIRECTION ( 'NONE',  ( 1.110223024625156540E-16, 0.000000000000000000, -1.000000000000000000 ) ) ;
#3732 = CARTESIAN_POINT ( 'NONE',  ( 24.44101157850158401, 19.70178520293043434, 7.035546695719527399 ) ) ;
#3733 = CARTESIAN_POINT ( 'NONE',  ( -29.99561404899381145, 8.902816274078407588, -11.00000000000001066 ) ) ;
#3734 = ORIENTED_EDGE ( 'NONE', *, *, #3323, .T. ) ;
#3735 = CARTESIAN_POINT ( 'NONE',  ( 11.50000000000043876, -23.99146246942695626, -18.79915154909359742 ) ) ;
#3736 = ORIENTED_EDGE ( 'NONE', *, *, #4264, .F. ) ;
#3737 = CARTESIAN_POINT ( 'NONE',  ( 29.05416671262504380, -10.20986417264933088, 7.129333836537395719 ) ) ;
#3738 =( BOUNDED_SURFACE ( )  B_SPLINE_SURFACE ( 3, 2, ( 
 ( #5432, #1029, #5804 ),
 ( #5401, #4862, #3407 ),
 ( #4835, #474, #3923 ),
 ( #4379, #5912, #5883 ),
 ( #999, #1399, #532 ),
 ( #1982, #4351, #1903 ) ),
 .UNSPECIFIED., .F., .F., .T. ) 
 B_SPLINE_SURFACE_WITH_KNOTS ( ( 4, 2, 4 ),
 ( 3, 3 ),
 ( -3.376389943990578969E-05, 0.004801843139215766602, 0.009637450177871438595 ),
 ( 0.000000000000000000, 1.000000000000000000 ),
 .UNSPECIFIED. ) 
 GEOMETRIC_REPRESENTATION_ITEM ( )  RATIONAL_B_SPLINE_SURFACE ( (
 ( 1.000000000000000000, 1.000000000000000000, 1.000000000000000000),
 ( 1.000000000000000000, 0.9999867911752029492, 1.000000000000000000),
 ( 1.000000000000000000, 0.9983244081090597577, 1.000000000000000000),
 ( 1.000000000000000000, 0.9912328020302422216, 1.000000000000000000),
 ( 1.000000000000000000, 0.9858291744965276271, 1.000000000000000000),
 ( 1.000000000000000000, 0.9777825185304200861, 1.000000000000000000) ) ) 
 REPRESENTATION_ITEM ( '' )  SURFACE ( )  );
#3739 = CARTESIAN_POINT ( 'NONE',  ( -5.689666871831349226, -27.96302160164862372, 8.869201222228483061 ) ) ;
#3740 = CARTESIAN_POINT ( 'NONE',  ( 23.56392747638363261, -22.58050310821707285, 0.08013221867421943534 ) ) ;
#3741 = CARTESIAN_POINT ( 'NONE',  ( -28.50044032438538721, 0.5089104144540125274, 12.14084538655399292 ) ) ;
#3742 = CARTESIAN_POINT ( 'NONE',  ( 9.584465285658868794, -26.99999999999999645, 2.688555647643471325 ) ) ;
#3743 = APPROVAL_ROLE ( '' ) ;
#3744 = CARTESIAN_POINT ( 'NONE',  ( -1.131425097861457271E-15, -16.71547983387612746, -31.01892526229225666 ) ) ;
#3745 = CARTESIAN_POINT ( 'NONE',  ( 3.284770347440864288E-16, 28.49999999999999645, 4.999999999999999112 ) ) ;
#3746 = EDGE_LOOP ( 'NONE', ( #2779, #5925, #2025 ) ) ;
#3747 = CARTESIAN_POINT ( 'NONE',  ( 12.14447959041739900, -28.49999999999998934, 1.737208699967801806 ) ) ;
#3748 = CARTESIAN_POINT ( 'NONE',  ( 22.53393229833731937, -17.45961176058580477, 9.911777140446796253 ) ) ;
#3749 = CARTESIAN_POINT ( 'NONE',  ( 14.47779741179656909, -26.76867699539009493, 1.221951169624598155 ) ) ;
#3750 = CARTESIAN_POINT ( 'NONE',  ( -18.88879270308660452, -19.32948462024191016, 13.94688489665978715 ) ) ;
#3751 = CARTESIAN_POINT ( 'NONE',  ( 14.52550019629622824, 25.14085320449618166, 6.320581675624399765 ) ) ;
#3752 = EDGE_CURVE ( 'NONE', #63, #695, #3216, .T. ) ;
#3753 = CARTESIAN_POINT ( 'NONE',  ( -27.49196893790145424, 11.76026062779741110, 6.111118405380686625 ) ) ;
#3754 = CIRCLE ( 'NONE', #552, 9.000000000000000000 ) ;
#3755 = CARTESIAN_POINT ( 'NONE',  ( 18.30266995012762621, 19.88354340977008050, 9.298890752249103997 ) ) ;
#3756 = CARTESIAN_POINT ( 'NONE',  ( -31.49999999999999289, -6.900808533012643409, 1.136834755483637327 ) ) ;
#3757 = CARTESIAN_POINT ( 'NONE',  ( -23.63229229295781408, 19.03137329769200292, 5.979105920103540583 ) ) ;
#3758 = ORIENTED_EDGE ( 'NONE', *, *, #322, .F. ) ;
#3759 = CARTESIAN_POINT ( 'NONE',  ( -29.88248815167102990, -10.60394326284444588, 0.5284174222318640535 ) ) ;
#3760 = AXIS2_PLACEMENT_3D ( 'NONE', #2294, #829, #2743 ) ;
#3761 = CARTESIAN_POINT ( 'NONE',  ( -29.99999999999998934, -8.500000000000000000, 5.000000000000000000 ) ) ;
#3762 = CARTESIAN_POINT ( 'NONE',  ( -10.45051819610490540, -27.62117307087383367, 6.699809873245221148 ) ) ;
#3763 = DIRECTION ( 'NONE',  ( 1.000000000000000000, 0.000000000000000000, 0.000000000000000000 ) ) ;
#3764 = CARTESIAN_POINT ( 'NONE',  ( -26.72037757953444981, -4.002736385037925615, 12.51462800678998732 ) ) ;
#3765 = CARTESIAN_POINT ( 'NONE',  ( -8.809932416593651894, 27.93338778534922540, 6.397361808318896337 ) ) ;
#3766 = CARTESIAN_POINT ( 'NONE',  ( -26.33374288825984166, 5.961038961038962469, 12.96227999980795786 ) ) ;
#3767 = VERTEX_POINT ( 'NONE', #1817 ) ;
#3768 = CARTESIAN_POINT ( 'NONE',  ( 31.49999999999999289, -2.310891679295922430, 1.605774675690121889 ) ) ;
#3769 = FACE_OUTER_BOUND ( 'NONE', #2515, .T. ) ;
#3770 = B_SPLINE_CURVE_WITH_KNOTS ( 'NONE', 3,
 ( #2017, #2564, #4980, #5969, #3102, #2109 ),
 .UNSPECIFIED., .F., .F.,
 ( 4, 2, 4 ),
 ( 0.000000000000000000, 0.001745130520856196833, 0.003490261041712393666 ),
 .UNSPECIFIED. ) ;
#3771 = CARTESIAN_POINT ( 'NONE',  ( -60.00000000000000000, 2.939152317953647106E-15, -204.9999999999999432 ) ) ;
#3772 = CARTESIAN_POINT ( 'NONE',  ( -29.97081005189056313, 2.619458113062046678, 6.863080904145685501 ) ) ;
#3773 = CARTESIAN_POINT ( 'NONE',  ( 31.05285015097746282, 12.77530740580214008, 4.261004199205010501 ) ) ;
#3774 = CARTESIAN_POINT ( 'NONE',  ( 28.64060123260618695, 12.12488771290088074, 7.105574532914586072 ) ) ;
#3775 = CARTESIAN_POINT ( 'NONE',  ( -29.99999999999999289, 6.900808533011558055, 1.136834755483768111 ) ) ;
#3776 = CARTESIAN_POINT ( 'NONE',  ( 11.49999999999999289, -28.49999999999999645, -11.00000000000000000 ) ) ;
#3777 = CIRCLE ( 'NONE', #4301, 11.50000000000000000 ) ;
#3778 = CARTESIAN_POINT ( 'NONE',  ( -20.56389490882249760, 22.07791135914505887, 5.977483981708646255 ) ) ;
#3779 = EDGE_CURVE ( 'NONE', #4769, #5660, #2218, .T. ) ;
#3780 = ORIENTED_EDGE ( 'NONE', *, *, #2050, .T. ) ;
#3781 = CARTESIAN_POINT ( 'NONE',  ( 14.07994033839644743, -28.34348738248278821, 1.338393240453403576 ) ) ;
#3782 = CARTESIAN_POINT ( 'NONE',  ( 23.93937884154665241, -15.51126535357754932, 9.911151978647746219 ) ) ;
#3783 = CARTESIAN_POINT ( 'NONE',  ( 20.70348128341543159, -24.55980466266117190, 0.3218747241828127659 ) ) ;
#3784 = ORIENTED_EDGE ( 'NONE', *, *, #2848, .F. ) ;
#3785 = DIRECTION ( 'NONE',  ( -1.000000000000000000, 0.000000000000000000, 0.000000000000000000 ) ) ;
#3786 = EDGE_CURVE ( 'NONE', #3114, #22, #3809, .T. ) ;
#3787 = CARTESIAN_POINT ( 'NONE',  ( 28.20013474620790461, 8.425257211032219473, 6.212768372017841045 ) ) ;
#3788 = CARTESIAN_POINT ( 'NONE',  ( -27.35645204531857289, 12.20907391365439665, 6.095054590596202360 ) ) ;
#3789 = FACE_OUTER_BOUND ( 'NONE', #4477, .T. ) ;
#3790 = CARTESIAN_POINT ( 'NONE',  ( -16.71535878484380788, -21.21208478698954991, 13.66863190925614902 ) ) ;
#3791 = VERTEX_POINT ( 'NONE', #2237 ) ;
#3792 = CARTESIAN_POINT ( 'NONE',  ( -29.97330930422369377, -9.884370912909020035, 3.827377024634983638 ) ) ;
#3793 = CARTESIAN_POINT ( 'NONE',  ( 8.720483290069703131, -27.92701507946628325, 6.454016856101443267 ) ) ;
#3794 = CARTESIAN_POINT ( 'NONE',  ( -31.50000000000004974, -9.157316599986049965, 0.7150727924039935735 ) ) ;
#3795 = CARTESIAN_POINT ( 'NONE',  ( -29.96192552151337907, 2.561262358509436510, 6.891833379490258871 ) ) ;
#3796 = CARTESIAN_POINT ( 'NONE',  ( -27.66036025355422723, -6.894634501616827116, 13.10225323335872183 ) ) ;
#3797 = CARTESIAN_POINT ( 'NONE',  ( -6.983414326233176261, -28.14326814615249006, 6.179061290014172592 ) ) ;
#3798 = CARTESIAN_POINT ( 'NONE',  ( 26.33374288825983811, 5.961038961038963357, 12.96227999980796142 ) ) ;
#3799 = EDGE_CURVE ( 'NONE', #764, #3631, #4717, .T. ) ;
#3800 = CARTESIAN_POINT ( 'NONE',  ( 10.12097761014047848, -28.49999999999999645, 2.506479285845476745 ) ) ;
#3801 = EDGE_LOOP ( 'NONE', ( #4182, #766, #5166, #601 ) ) ;
#3802 = CARTESIAN_POINT ( 'NONE',  ( -21.50000000000053646, 6.900808533012815715, 1.136834755482857506 ) ) ;
#3803 = DIRECTION ( 'NONE',  ( 0.2177367560900101418, -0.9618832874057743343, -0.1654425775212065297 ) ) ;
#3804 = CARTESIAN_POINT ( 'NONE',  ( 11.49999999999998224, -22.47514308404502970, -17.88465857028938188 ) ) ;
#3805 = B_SPLINE_CURVE_WITH_KNOTS ( 'NONE', 3,
 ( #3418, #2032, #5386, #13 ),
 .UNSPECIFIED., .F., .F.,
 ( 4, 4 ),
 ( 0.01244506718841638555, 0.01392709768999006621 ),
 .UNSPECIFIED. ) ;
#3806 = CARTESIAN_POINT ( 'NONE',  ( -29.99999999999999289, -7.441745900717363860, 1.063682125309042048 ) ) ;
#3807 = CARTESIAN_POINT ( 'NONE',  ( 23.13364797107863069, 21.15077787189409975, 7.048023814574748691 ) ) ;
#3808 = COORDINATED_UNIVERSAL_TIME_OFFSET ( 1, 0, .AHEAD. ) ;
#3809 = LINE ( 'NONE', #1278, #6113 ) ;
#3810 = B_SPLINE_CURVE_WITH_KNOTS ( 'NONE', 3,
 ( #325, #1294, #383, #6233, #3793, #3317 ),
 .UNSPECIFIED., .F., .F.,
 ( 4, 2, 4 ),
 ( -3.982142086031770288E-05, 0.005280036836877366122, 0.01059989509461504997 ),
 .UNSPECIFIED. ) ;
#3811 = CARTESIAN_POINT ( 'NONE',  ( -22.36590098591010189, 25.31280770575588335, 4.219669795541099333 ) ) ;
#3812 = ORIENTED_EDGE ( 'NONE', *, *, #1207, .F. ) ;
#3813 = CARTESIAN_POINT ( 'NONE',  ( 31.24067656311946450, -11.77634327880744358, 0.4248941191522834782 ) ) ;
#3814 = CARTESIAN_POINT ( 'NONE',  ( 27.83893168232474125, -14.29129035009763982, 6.998666745381683540 ) ) ;
#3815 = CARTESIAN_POINT ( 'NONE',  ( -10.51157267813582052, 28.49999999999932854, 4.874467476218645956 ) ) ;
#3816 =( BOUNDED_SURFACE ( )  B_SPLINE_SURFACE ( 3, 2, ( 
 ( #110, #2488, #1921 ),
 ( #987, #5960, #2936 ),
 ( #522, #2909, #1557 ),
 ( #4877, #4369, #3486 ),
 ( #5485, #6316, #1445 ),
 ( #2005, #5929, #3398 ),
 ( #4451, #2432, #5363 ),
 ( #3914, #490, #4396 ),
 ( #1946, #5873, #2460 ),
 ( #3455, #3426, #5391 ),
 ( #4424, #1973, #4943 ),
 ( #550, #78, #3937 ),
 ( #5899, #5419, #1019 ),
 ( #3684, #2067, #3166 ),
 ( #2099, #3550, #1215 ),
 ( #5032, #3090, #5649 ),
 ( #1616, #4134, #1583 ),
 ( #4064, #743, #5614 ),
 ( #2615, #1142, #6016 ),
 ( #5070, #178, #3126 ),
 ( #5102, #5519, #2651 ),
 ( #4580, #6051, #1250 ),
 ( #4546, #3205, #4618 ),
 ( #612, #1686, #5989 ),
 ( #212, #2170, #4030 ),
 ( #3579, #669, #2134 ) ),
 .UNSPECIFIED., .F., .F., .F. ) 
 B_SPLINE_SURFACE_WITH_KNOTS ( ( 4, 2, 2, 2, 2, 2, 2, 2, 2, 2, 2, 2, 4 ),
 ( 3, 3 ),
 ( 0.008344040693241747478, 0.01091060809116991756, 0.01347717548909808591, 0.01861031028495442260, 0.02117687768288259095, 0.02374344508081075930, 0.02887657987666709600, 0.03144314727459526781, 0.03400971467252343616, 0.03914284946837977286, 0.04170941686630794121, 0.04427598426423610956, 0.04940911906009244625 ),
 ( 0.000000000000000000, 0.6890140925415786377 ),
 .UNSPECIFIED. ) 
 GEOMETRIC_REPRESENTATION_ITEM ( )  RATIONAL_B_SPLINE_SURFACE ( (
 ( 1.000000000000000000, 0.9622054812105015342, 0.9764928745545868871),
 ( 1.000000000000000000, 0.9584365072221056048, 0.9741486789626498943),
 ( 1.000000000000000000, 0.9546128378910010426, 0.9717704644091409438),
 ( 1.000000000000000000, 0.9470747286802382314, 0.9670819729422814870),
 ( 1.000000000000000000, 0.9433839084752695392, 0.9647863868008652588),
 ( 1.000000000000000000, 0.9326326609074795382, 0.9580994138385066083),
 ( 1.000000000000000000, 0.9258895098871360307, 0.9539053639601253742),
 ( 1.000000000000000000, 0.9167783466146148807, 0.9482384772035117315),
 ( 1.000000000000000000, 0.9139002783631002824, 0.9464483998696624489),
 ( 1.000000000000000000, 0.9086048457388623545, 0.9431547900295953468),
 ( 1.000000000000000000, 0.9061871241921772846, 0.9416510353712401749),
 ( 1.000000000000000000, 0.8996940227365510800, 0.9376125092744449496),
 ( 1.000000000000000000, 0.8963804524048092359, 0.9355515619213570222),
 ( 1.000000000000000000, 0.8932060513629535015, 0.9335771739440801298),
 ( 1.000000000000000000, 0.8924459489068758966, 0.9331044116399508370),
 ( 1.000000000000000000, 0.8915680862039028209, 0.9325584057813348648),
 ( 1.000000000000000000, 0.8914482625407489369, 0.9324838788400930945),
 ( 1.000000000000000000, 0.8920296698458253237, 0.9328454977968372308),
 ( 1.000000000000000000, 0.8936756496265841898, 0.9338692508283923388),
 ( 1.000000000000000000, 0.8978873695453534198, 0.9364888219101905609),
 ( 1.000000000000000000, 0.8995806802709487293, 0.9375420134554071083),
 ( 1.000000000000000000, 0.9035128678304543692, 0.9399877232883864231),
 ( 1.000000000000000000, 0.9057617840227758510, 0.9413864857741205405),
 ( 1.000000000000000000, 0.9131510530474954423, 0.9459824028403340801),
 ( 1.000000000000000000, 0.9189455121914401614, 0.9495863931105548161),
 ( 1.000000000000000000, 0.9253430461323963740, 0.9535654789068035431) ) ) 
 REPRESENTATION_ITEM ( '' )  SURFACE ( )  );
#3817 = CC_DESIGN_PERSON_AND_ORGANIZATION_ASSIGNMENT ( #1881, #401, ( #4131 ) ) ;
#3818 = CARTESIAN_POINT ( 'NONE',  ( 4.597657527997044591E-15, 6.585376653558860482, -51.50158707799204194 ) ) ;
#3819 = ORIENTED_EDGE ( 'NONE', *, *, #324, .T. ) ;
#3820 = CARTESIAN_POINT ( 'NONE',  ( 10.81734303674494946, 26.99999999999999645, 2.217152134492535343 ) ) ;
#3821 = CARTESIAN_POINT ( 'NONE',  ( 6.277935958842120634, -28.49999999999999645, 3.532944872338260378 ) ) ;
#3822 = CARTESIAN_POINT ( 'NONE',  ( -23.61902321673103700, 19.02160190876952939, 5.980952658005088907 ) ) ;
#3823 = CARTESIAN_POINT ( 'NONE',  ( 25.57105193249339337, 8.698270136262788554, 9.251177447277431298 ) ) ;
#3824 = CARTESIAN_POINT ( 'NONE',  ( -16.57778846446623078, -21.32267377768258143, 9.274400145995773670 ) ) ;
#3825 = APPLICATION_PROTOCOL_DEFINITION ( 'international standard', 'config_control_design', 1994, #4681 ) ;
#3826 = ORIENTED_EDGE ( 'NONE', *, *, #3036, .T. ) ;
#3827 = CARTESIAN_POINT ( 'NONE',  ( -29.40714851610652403, -13.30257215550515681, 0.2532839023992590755 ) ) ;
#3828 = LOCAL_TIME ( 0, 3, 39.00000000000000000, #2139 ) ;
#3829 = DIRECTION ( 'NONE',  ( -0.8995249593893704931, 0.000000000000000000, 0.4368693711346119390 ) ) ;
#3830 = CARTESIAN_POINT ( 'NONE',  ( -26.07374690473218948, 7.109608434740896321, 13.24397500307831521 ) ) ;
#3831 = CARTESIAN_POINT ( 'NONE',  ( -27.37419899124124001, -7.967879667118625164, 9.729818278339473991 ) ) ;
#3832 = CARTESIAN_POINT ( 'NONE',  ( 21.46213691825901293, 25.85482030314048885, 0.3207005555202129266 ) ) ;
#3833 = CARTESIAN_POINT ( 'NONE',  ( -11.16003344532254005, -28.50000000000000000, 2.058820311315294305 ) ) ;
#3834 = FACE_OUTER_BOUND ( 'NONE', #4663, .T. ) ;
#3835 = CARTESIAN_POINT ( 'NONE',  ( -29.99999999999999289, -7.972240374008723762, 0.9465765509482869655 ) ) ;
#3836 = CARTESIAN_POINT ( 'NONE',  ( 13.66821526289418820, -25.40057177991632997, 6.358119300770635363 ) ) ;
#3837 = EDGE_CURVE ( 'NONE', #5660, #3696, #6217, .T. ) ;
#3838 = CARTESIAN_POINT ( 'NONE',  ( 17.65456281654250148, 25.14312794971235476, 7.139212416924694438 ) ) ;
#3839 = PERSON_AND_ORGANIZATION ( #1993, #2984 ) ;
#3840 = CARTESIAN_POINT ( 'NONE',  ( -28.32123585219078521, -7.580464906482351495, 6.162648984321464241 ) ) ;
#3841 = CARTESIAN_POINT ( 'NONE',  ( -21.84889302469395744, 25.63792055028391914, 4.239293969786897875 ) ) ;
#3842 = ORIENTED_EDGE ( 'NONE', *, *, #6136, .F. ) ;
#3843 = CARTESIAN_POINT ( 'NONE',  ( -30.01133522119913266, 14.35157326540253386, -14.22546396184889339 ) ) ;
#3844 = CARTESIAN_POINT ( 'NONE',  ( 21.30792027100095254, -18.93718823092837411, 14.03504198297666505 ) ) ;
#3845 = CARTESIAN_POINT ( 'NONE',  ( -1.006108460939295314E-14, 13.29839257735308244, -43.09613856856466896 ) ) ;
#3846 = ORIENTED_EDGE ( 'NONE', *, *, #745, .F. ) ;
#3847 = DIRECTION ( 'NONE',  ( 0.000000000000000000, 0.000000000000000000, 1.000000000000000000 ) ) ;
#3848 =( BOUNDED_SURFACE ( )  B_SPLINE_SURFACE ( 3, 2, ( 
 ( #6121, #3207, #4240 ),
 ( #6154, #409, #2792 ),
 ( #2376, #3274, #5786 ),
 ( #375, #2852, #1414 ),
 ( #3339, #4723, #903 ),
 ( #1791, #3815, #5719 ),
 ( #4846, #1860, #4757 ),
 ( #5816, #1382, #4337 ) ),
 .UNSPECIFIED., .F., .F., .F. ) 
 B_SPLINE_SURFACE_WITH_KNOTS ( ( 4, 2, 2, 4 ),
 ( 3, 3 ),
 ( 0.000000000000000000, 0.001130555754986621716, 0.001695833632479932466, 0.002261111509973243432 ),
 ( 0.000000000000000000, 1.000000000000000000 ),
 .UNSPECIFIED. ) 
 GEOMETRIC_REPRESENTATION_ITEM ( )  RATIONAL_B_SPLINE_SURFACE ( (
 ( 1.000000000000000000, 0.9517961898714960567, 1.000000000000000000),
 ( 1.000000000000000000, 0.9560853998107926577, 1.000000000000000000),
 ( 1.000000000000000000, 0.9603264137717173465, 1.000000000000000000),
 ( 1.000000000000000000, 0.9667157646357952272, 1.000000000000000000),
 ( 1.000000000000000000, 0.9688491502831728663, 1.000000000000000000),
 ( 1.000000000000000000, 0.9731952827954388763, 1.000000000000000000),
 ( 1.000000000000000000, 0.9754008831407772195, 1.000000000000000000),
 ( 1.000000000000000000, 0.9777825185304205302, 1.000000000000000000) ) ) 
 REPRESENTATION_ITEM ( '' )  SURFACE ( )  );
#3849 = CARTESIAN_POINT ( 'NONE',  ( 21.49999999999999289, -8.500000000000000000, 0.8039144995323158627 ) ) ;
#3850 = CARTESIAN_POINT ( 'NONE',  ( -26.27081329413334032, 11.06761677775198294, 13.75894594631030365 ) ) ;
#3851 = CARTESIAN_POINT ( 'NONE',  ( -16.94235058736624211, 26.23799318879783371, 3.922596333052110751 ) ) ;
#3852 = CARTESIAN_POINT ( 'NONE',  ( -27.48753478026799257, -12.17905997562883513, 6.000542324824420071 ) ) ;
#3853 = ORIENTED_EDGE ( 'NONE', *, *, #1437, .F. ) ;
#3854 = CARTESIAN_POINT ( 'NONE',  ( -26.12806316437518461, -19.84000966606408056, 3.491107173991613966 ) ) ;
#3855 = CARTESIAN_POINT ( 'NONE',  ( 3.114534121491361773, 26.86588171652384816, 6.187986109846127292 ) ) ;
#3856 = CIRCLE ( 'NONE', #4275, 22.49999999999999645 ) ;
#3857 = CARTESIAN_POINT ( 'NONE',  ( 28.50000000000001066, 0.000000000000000000, 80.00000000000000000 ) ) ;
#3858 = CARTESIAN_POINT ( 'NONE',  ( -25.78932695731418434, -12.19545095683049674, 13.87794295557158897 ) ) ;
#3859 = CARTESIAN_POINT ( 'NONE',  ( 27.00000000000000000, 1.012304484691681550, 12.14142842854284332 ) ) ;
#3860 = EDGE_LOOP ( 'NONE', ( #4570, #761, #1856, #5923, #2231, #3601, #1499 ) ) ;
#3861 = CIRCLE ( 'NONE', #1086, 8.500000000000003553 ) ;
#3862 = CARTESIAN_POINT ( 'NONE',  ( 31.49999999999998579, 8.500000000000000000, 0.8039144995327114351 ) ) ;
#3863 = CARTESIAN_POINT ( 'NONE',  ( -12.09833540660563322, -28.50000000000000355, 1.748414050479367932 ) ) ;
#3864 = EDGE_CURVE ( 'NONE', #4049, #731, #5588, .T. ) ;
#3865 = CARTESIAN_POINT ( 'NONE',  ( 14.52915039796431351, -26.78317025485944924, 4.146830757951281754 ) ) ;
#3866 = CARTESIAN_POINT ( 'NONE',  ( 31.17987427343015838, 12.07920458101079220, 0.3978560588207256110 ) ) ;
#3867 = CARTESIAN_POINT ( 'NONE',  ( -29.99999999999999289, 9.107531662072208434, 0.7151438334239428318 ) ) ;
#3868 = CARTESIAN_POINT ( 'NONE',  ( 25.04291228359629784, -18.97737962397811273, 7.031949348339340489 ) ) ;
#3869 = CARTESIAN_POINT ( 'NONE',  ( 22.45846306921389157, -17.55764507045800826, 14.07420724148244773 ) ) ;
#3870 = EDGE_CURVE ( 'NONE', #4961, #5275, #2968, .T. ) ;
#3871 = ORIENTED_EDGE ( 'NONE', *, *, #2817, .F. ) ;
#3872 = CARTESIAN_POINT ( 'NONE',  ( -28.16126396345610061, 17.00252813936007001, -15.67025458109908342 ) ) ;
#3873 = CARTESIAN_POINT ( 'NONE',  ( -9.401036392209816128, -28.49999999999999645, 2.737135302395498737 ) ) ;
#3874 = CARTESIAN_POINT ( 'NONE',  ( 1.570686887417996669, 28.49999999999999645, 4.638889872625370003 ) ) ;
#3875 = CARTESIAN_POINT ( 'NONE',  ( 15.73679860699062694, 28.08396870091044306, 4.564916677630443509 ) ) ;
#3876 = CARTESIAN_POINT ( 'NONE',  ( -3.857909705910579048E-16, 3.539600259552698525, -53.45335241442140983 ) ) ;
#3877 = ORIENTED_EDGE ( 'NONE', *, *, #5181, .T. ) ;
#3878 = CARTESIAN_POINT ( 'NONE',  ( -24.42207398730223034, -11.57540987139362620, 13.88008686620456267 ) ) ;
#3879 = CARTESIAN_POINT ( 'NONE',  ( 29.99999999999999289, -9.327942773100497575, 3.866780726379430266 ) ) ;
#3880 = CARTESIAN_POINT ( 'NONE',  ( -25.75549260550506148, 12.21893501587453379, 13.87190808514281315 ) ) ;
#3881 = CARTESIAN_POINT ( 'NONE',  ( -13.21199746550541931, 26.96413677071241466, 4.291110564565722818 ) ) ;
#3882 = AXIS2_PLACEMENT_3D ( 'NONE', #1811, #3, #895 ) ;
#3883 = CARTESIAN_POINT ( 'NONE',  ( -27.08985161422072707, -13.31723622066388124, 5.973303665366096915 ) ) ;
#3884 = EDGE_LOOP ( 'NONE', ( #2378, #6290, #1045, #1154 ) ) ;
#3885 = CARTESIAN_POINT ( 'NONE',  ( -24.89893267903294216, -21.27129606770479953, 0.01862897841946486652 ) ) ;
#3886 = DIRECTION ( 'NONE',  ( 1.224646799147353454E-16, 0.000000000000000000, 1.000000000000000000 ) ) ;
#3887 = CARTESIAN_POINT ( 'NONE',  ( 29.99999999999998934, 8.500000000000001776, 0.8039144995327114351 ) ) ;
#3888 = CARTESIAN_POINT ( 'NONE',  ( -29.99999999999998579, -1.580699543207430224, -7.092778033191578402 ) ) ;
#3889 = CARTESIAN_POINT ( 'NONE',  ( 14.05084148575812364, 26.61831974107796484, 7.145956261482806049 ) ) ;
#3890 = AXIS2_PLACEMENT_3D ( 'NONE', #1010, #2400, #4361 ) ;
#3891 = VERTEX_POINT ( 'NONE', #4235 ) ;
#3892 = ADVANCED_FACE ( 'NONE', ( #1310 ), #1785, .F. ) ;
#3893 = CARTESIAN_POINT ( 'NONE',  ( -9.062507888017384161, 27.02688487710616272, 11.00068541083070883 ) ) ;
#3894 = EDGE_CURVE ( 'NONE', #1424, #5389, #4899, .T. ) ;
#3895 = CARTESIAN_POINT ( 'NONE',  ( 25.68620561702756788, 12.40746461383220556, 9.892647186043500795 ) ) ;
#3896 = CARTESIAN_POINT ( 'NONE',  ( 14.52533540541756452, -25.14090601073160158, 6.320588791955868757 ) ) ;
#3897 = B_SPLINE_CURVE_WITH_KNOTS ( 'NONE', 3,
 ( #5103, #3091, #4581, #213, #1726, #5650 ),
 .UNSPECIFIED., .F., .F.,
 ( 4, 2, 4 ),
 ( -3.376389943290171490E-05, 0.004801225283760192537, 0.009636214466953285651 ),
 .UNSPECIFIED. ) ;
#3898 = CARTESIAN_POINT ( 'NONE',  ( -12.26662925929021597, 26.99999999999999289, 4.421424474118237136 ) ) ;
#3899 = ADVANCED_FACE ( 'NONE', ( #5809 ), #5178, .F. ) ;
#3900 = CARTESIAN_POINT ( 'NONE',  ( 3.443938807370528821, 28.43278102188289935, 5.593739186847358269 ) ) ;
#3901 = EDGE_CURVE ( 'NONE', #4534, #2601, #4367, .T. ) ;
#3902 = CARTESIAN_POINT ( 'NONE',  ( -31.28085345946702844, -11.57571363768244765, 4.308516171888147284 ) ) ;
#3903 = EDGE_CURVE ( 'NONE', #951, #2636, #5512, .T. ) ;
#3904 = ORIENTED_EDGE ( 'NONE', *, *, #3870, .F. ) ;
#3905 = CARTESIAN_POINT ( 'NONE',  ( 31.44168833605672475, -10.09240331837786186, -11.39341000792319214 ) ) ;
#3906 = B_SPLINE_CURVE_WITH_KNOTS ( 'NONE', 3,
 ( #2627, #5530, #4593, #3622, #5497, #3139, #1093, #6000, #5590, #5945, #2595, #3562, #1594, #1539, #717, #3501, #5463, #4527, #1062, #3039, #5014, #3071, #5048, #1328 ),
 .UNSPECIFIED., .F., .F.,
 ( 4, 2, 2, 2, 2, 2, 2, 2, 2, 2, 2, 4 ),
 ( 0.000000000000000000, 0.001908102737830319256, 0.003816205475660638512, 0.007632410951321282229, 0.009540513689151602569, 0.01144861642698192551, 0.01526482190264256099, 0.01908102737830319820, 0.02289723285396383021, 0.02480533559179414621, 0.02671343832962446221, 0.03052964380528508728 ),
 .UNSPECIFIED. ) ;
#3907 = CARTESIAN_POINT ( 'NONE',  ( -9.949894874900767405, -28.50000000000001066, 4.809536695428143105 ) ) ;
#3908 = FACE_BOUND ( 'NONE', #5836, .T. ) ;
#3909 = B_SPLINE_CURVE_WITH_KNOTS ( 'NONE', 3,
 ( #3722, #1730, #3169, #5652 ),
 .UNSPECIFIED., .F., .F.,
 ( 4, 4 ),
 ( 0.000000000000000000, 0.001633477653630874835 ),
 .UNSPECIFIED. ) ;
#3910 = CARTESIAN_POINT ( 'NONE',  ( 12.70717448557673634, 28.47315195041317892, 1.614524954360750053 ) ) ;
#3911 = ORIENTED_EDGE ( 'NONE', *, *, #2297, .T. ) ;
#3912 = CARTESIAN_POINT ( 'NONE',  ( 31.50000000000004263, 9.143855579245437681, 0.7168921600108802972 ) ) ;
#3913 = CARTESIAN_POINT ( 'NONE',  ( -29.38248603706921358, 8.599355377472134521, 7.121392497091859397 ) ) ;
#3914 = CARTESIAN_POINT ( 'NONE',  ( 14.81353170770246663, -22.58111033326840911, 13.31112823089917185 ) ) ;
#3915 = CARTESIAN_POINT ( 'NONE',  ( -9.569951316473337855, -25.27330493983016524, 8.364618001502449829 ) ) ;
#3916 = ORIENTED_EDGE ( 'NONE', *, *, #1329, .F. ) ;
#3917 = CARTESIAN_POINT ( 'NONE',  ( -31.49999999999999289, 8.500000000000008882, -10.02838013942480089 ) ) ;
#3918 = CARTESIAN_POINT ( 'NONE',  ( -1.151313379117069985E-14, -21.83402923631390280, -19.69208303711095098 ) ) ;
#3919 = CARTESIAN_POINT ( 'NONE',  ( -5.162682242137872314E-15, 7.366485666157528200, -46.43432368953845213 ) ) ;
#3920 = CARTESIAN_POINT ( 'NONE',  ( -8.512987012987016655, -27.19887961142360666, 10.66248444409493601 ) ) ;
#3921 = CARTESIAN_POINT ( 'NONE',  ( 11.18732328368853679, 27.44029518450063065, 6.883166574965908779 ) ) ;
#3922 = CARTESIAN_POINT ( 'NONE',  ( -20.06562273890250481, -20.66788166291429363, -17.42531695556127502 ) ) ;
#3923 = CARTESIAN_POINT ( 'NONE',  ( -3.141833219289977830, -26.99999999999999645, 4.277858461212905361 ) ) ;
#3924 = VERTEX_POINT ( 'NONE', #64 ) ;
#3925 = CARTESIAN_POINT ( 'NONE',  ( -19.11552432672284496, 21.17565063138492576, 13.86818711467094722 ) ) ;
#3926 = CARTESIAN_POINT ( 'NONE',  ( 27.67353743645736941, 6.836422409927631172, 9.636085503500012805 ) ) ;
#3927 = CARTESIAN_POINT ( 'NONE',  ( 28.35789780153304562, -2.911773856290305940, 9.345171280406720626 ) ) ;
#3928 = CARTESIAN_POINT ( 'NONE',  ( -11.82465676450112468, 26.99999999999999289, 4.476132770205695444 ) ) ;
#3929 = CARTESIAN_POINT ( 'NONE',  ( 19.93782760873058635, -20.40420224869161814, 13.94698422735398502 ) ) ;
#3930 = CARTESIAN_POINT ( 'NONE',  ( -24.90578709936862012, 10.44293848565178173, 13.75402352938518824 ) ) ;
#3931 = ORIENTED_EDGE ( 'NONE', *, *, #322, .T. ) ;
#3932 = CARTESIAN_POINT ( 'NONE',  ( -12.00842235156586035, -28.49999999999998934, 4.874384805620677774 ) ) ;
#3933 = CARTESIAN_POINT ( 'NONE',  ( 7.842998944633921887, 28.50000000000000000, 3.149768719998453204 ) ) ;
#3934 = ORIENTED_EDGE ( 'NONE', *, *, #2248, .F. ) ;
#3935 = CARTESIAN_POINT ( 'NONE',  ( 31.49999999999999289, 8.499999999998452793, 0.8039144995325222531 ) ) ;
#3936 = CARTESIAN_POINT ( 'NONE',  ( -29.40454665000735446, -13.31065087876876696, 0.2527144082860116603 ) ) ;
#3937 = CARTESIAN_POINT ( 'NONE',  ( 20.56389490882969540, -22.07791135914245118, 5.977483981706104288 ) ) ;
#3938 = CARTESIAN_POINT ( 'NONE',  ( 16.64533082171619682, 27.87065580485804617, 0.8978637087154095475 ) ) ;
#3939 = CARTESIAN_POINT ( 'NONE',  ( 30.00017353016206911, 1.269975386366187342, 6.873522317863625553 ) ) ;
#3940 =( NAMED_UNIT ( * ) SI_UNIT ( $, .STERADIAN. ) SOLID_ANGLE_UNIT ( ) );
#3941 = ORIENTED_EDGE ( 'NONE', *, *, #5803, .F. ) ;
#3942 = CARTESIAN_POINT ( 'NONE',  ( 22.42853175524930620, -21.82290402035882693, 7.058795878121304490 ) ) ;
#3943 = EDGE_CURVE ( 'NONE', #1419, #4511, #1307, .T. ) ;
#3944 = CARTESIAN_POINT ( 'NONE',  ( 30.00000000000011724, 9.327942773097953832, 3.866780726379615452 ) ) ;
#3945 = CARTESIAN_POINT ( 'NONE',  ( 2.262230463535264761E-15, 18.82539275454394812, -24.83745620957543565 ) ) ;
#3946 = CARTESIAN_POINT ( 'NONE',  ( -11.31783731967214024, -26.16344141341532037, 12.04995993070952842 ) ) ;
#3947 = CARTESIAN_POINT ( 'NONE',  ( 13.00944348293331032, 26.94204963253200091, 7.121145705543554527 ) ) ;
#3948 = CARTESIAN_POINT ( 'NONE',  ( 36.00000000000000711, 0.000000000000000000, -204.9999999999999147 ) ) ;
#3949 = ORIENTED_EDGE ( 'NONE', *, *, #2559, .F. ) ;
#3950 = CARTESIAN_POINT ( 'NONE',  ( -1.635214899329065386, 27.00000000000278888, 4.918480218006734184 ) ) ;
#3951 = DIRECTION ( 'NONE',  ( -1.000000000000000000, 0.000000000000000000, 0.000000000000000000 ) ) ;
#3952 = CARTESIAN_POINT ( 'NONE',  ( 26.94954748153579516, 9.293200122027615251, 13.53118552250393059 ) ) ;
#3953 = FACE_OUTER_BOUND ( 'NONE', #1670, .T. ) ;
#3954 = CARTESIAN_POINT ( 'NONE',  ( -9.867566102497033143, 26.99999999999999289, 4.498676486473243585 ) ) ;
#3955 = VECTOR ( 'NONE', #2253, 1000.000000000000000 ) ;
#3956 = CARTESIAN_POINT ( 'NONE',  ( 12.85450719478724757, -25.46448453874322126, 12.61342798821561395 ) ) ;
#3957 = CARTESIAN_POINT ( 'NONE',  ( -26.84458019915638971, 13.85391973725995207, 5.963783484513923483 ) ) ;
#3958 = TOROIDAL_SURFACE ( 'NONE', #3134, 10.99999999999999822, 7.500000000000000000 ) ;
#3959 = ORIENTED_EDGE ( 'NONE', *, *, #5474, .T. ) ;
#3960 = CARTESIAN_POINT ( 'NONE',  ( 5.368149614822669946, 26.46996127375378549, 8.847799000630894639 ) ) ;
#3961 = EDGE_LOOP ( 'NONE', ( #3391, #605, #871, #2911, #1483, #5705, #1775, #1895, #1073 ) ) ;
#3962 = CARTESIAN_POINT ( 'NONE',  ( 28.55824595938016230, 12.10935898808045685, 7.102499139214351942 ) ) ;
#3963 = EDGE_CURVE ( 'NONE', #2018, #2425, #405, .T. ) ;
#3964 = CARTESIAN_POINT ( 'NONE',  ( -12.68938012975264229, -26.97141903313664102, 1.597446831436536208 ) ) ;
#3965 = FACE_OUTER_BOUND ( 'NONE', #680, .T. ) ;
#3966 = CARTESIAN_POINT ( 'NONE',  ( 6.574467392677776898E-16, -7.669514254547673745E-13, -49.84859031491884451 ) ) ;
#3967 = CARTESIAN_POINT ( 'NONE',  ( 31.50000000000400036, 4.882636309712996336, 4.438036387127525906 ) ) ;
#3968 = B_SPLINE_CURVE_WITH_KNOTS ( 'NONE', 3,
 ( #5176, #3645, #5033, #5615, #4101, #4135 ),
 .UNSPECIFIED., .F., .F.,
 ( 4, 2, 4 ),
 ( 1.852685484479510593E-18, 0.001131040970656209963, 0.002262081941312417757 ),
 .UNSPECIFIED. ) ;
#3969 = APPROVAL_DATE_TIME ( #4033, #4087 ) ;
#3970 = VERTEX_POINT ( 'NONE', #5013 ) ;
#3971 = CARTESIAN_POINT ( 'NONE',  ( -13.66821526289437294, -25.40057177991627313, 6.358119300771025273 ) ) ;
#3972 = ADVANCED_FACE ( 'NONE', ( #3468 ), #5403, .T. ) ;
#3973 = CIRCLE ( 'NONE', #8, 10.00000000000000000 ) ;
#3974 = CARTESIAN_POINT ( 'NONE',  ( 29.80419605194459010, 11.28496090510600958, 3.741498178759532500 ) ) ;
#3975 = CARTESIAN_POINT ( 'NONE',  ( 2.196331139681524119E-14, 6.110443765011485340, -47.52789421562030725 ) ) ;
#3976 = CARTESIAN_POINT ( 'NONE',  ( 7.088399548969610997, -27.61401869642034868, 9.771275730731726838 ) ) ;
#3977 = CARTESIAN_POINT ( 'NONE',  ( 28.55909975362173725, -12.10661389227171725, 7.102541108587014484 ) ) ;
#3978 = DIRECTION ( 'NONE',  ( -0.000000000000000000, -0.000000000000000000, 1.000000000000000000 ) ) ;
#3979 = EDGE_LOOP ( 'NONE', ( #2430, #623, #4359, #6206 ) ) ;
#3980 = CARTESIAN_POINT ( 'NONE',  ( -10.29309592552062114, 26.25299711024275595, 6.105408687617774000 ) ) ;
#3981 = AXIS2_PLACEMENT_3D ( 'NONE', #4173, #1147, #3687 ) ;
#3982 = CARTESIAN_POINT ( 'NONE',  ( 31.49999999999999289, 7.441745900716401962, 1.063682125309169058 ) ) ;
#3983 = CARTESIAN_POINT ( 'NONE',  ( 7.063123979725530077, 28.14457527641857126, 6.152760744265440174 ) ) ;
#3984 = ADVANCED_FACE ( 'NONE', ( #5529 ), #1984, .F. ) ;
#3985 = CARTESIAN_POINT ( 'NONE',  ( 27.79672860427427494, -6.292207792207794803, 12.96227999980796675 ) ) ;
#3986 = AXIS2_PLACEMENT_3D ( 'NONE', #1582, #1556, #5577 ) ;
#3987 = DIRECTION ( 'NONE',  ( 0.000000000000000000, 0.000000000000000000, 1.000000000000000000 ) ) ;
#3988 = CARTESIAN_POINT ( 'NONE',  ( 28.48518867769487883, -1.063455021433340919, 12.16120740682761792 ) ) ;
#3989 = EDGE_CURVE ( 'NONE', #2010, #5751, #6007, .T. ) ;
#3990 = CARTESIAN_POINT ( 'NONE',  ( -29.99999999999999289, -8.500000000000000000, 5.000000000000000000 ) ) ;
#3991 = CARTESIAN_POINT ( 'NONE',  ( -31.33260983085106588, -11.10310264749643139, 0.4937869522744480766 ) ) ;
#3992 = ORIENTED_EDGE ( 'NONE', *, *, #2057, .F. ) ;
#3993 = DIRECTION ( 'NONE',  ( 1.110223024625156540E-16, 0.000000000000000000, -1.000000000000000000 ) ) ;
#3994 = CARTESIAN_POINT ( 'NONE',  ( 27.79672860427426784, 6.292207792207793915, 12.96227999980796142 ) ) ;
#3995 = CARTESIAN_POINT ( 'NONE',  ( -24.43999429959471570, -19.72814255782623150, 7.034643885090305915 ) ) ;
#3996 = VERTEX_POINT ( 'NONE', #158 ) ;
#3997 = CARTESIAN_POINT ( 'NONE',  ( 31.46897778507123178, 9.793102890424087548, 0.6374215710329143025 ) ) ;
#3998 = CARTESIAN_POINT ( 'NONE',  ( 25.39843476802835553, -20.72389508799080460, 3.498113255127919263 ) ) ;
#3999 = DIRECTION ( 'NONE',  ( 1.110223024625156540E-16, 0.000000000000000000, -1.000000000000000000 ) ) ;
#4000 = DIRECTION ( 'NONE',  ( 0.000000000000000000, 0.000000000000000000, -1.000000000000000000 ) ) ;
#4001 = CARTESIAN_POINT ( 'NONE',  ( 22.95982030720419331, -19.19703138528235442, -16.87301288465098992 ) ) ;
#4002 = CARTESIAN_POINT ( 'NONE',  ( 31.49999999999999289, -5.760361348106710189, 1.291060950831528054 ) ) ;
#4003 = CARTESIAN_POINT ( 'NONE',  ( -14.33852280395518797, -26.78327085454646195, 1.251201492465503717 ) ) ;
#4004 = CARTESIAN_POINT ( 'NONE',  ( -28.50000000000000000, 3.490243377569956456E-15, 3.490243377569957244E-15 ) ) ;
#4005 = CARTESIAN_POINT ( 'NONE',  ( -1.186435511603751387E-16, 9.608339116274887459, -44.00559752917200029 ) ) ;
#4006 = CARTESIAN_POINT ( 'NONE',  ( -23.90095741927697404, -15.53591115148282142, 9.910505664470857567 ) ) ;
#4007 = CARTESIAN_POINT ( 'NONE',  ( 2.265596578422603396E-15, 27.00000000000000000, 5.000000000000000000 ) ) ;
#4008 = CARTESIAN_POINT ( 'NONE',  ( -28.14659708891916878, -4.636646264810711848, 9.433731379345484669 ) ) ;
#4009 = CARTESIAN_POINT ( 'NONE',  ( 29.52498335551856101, -7.700404266506361672, 7.049557377645821354 ) ) ;
#4010 = ORIENTED_EDGE ( 'NONE', *, *, #4059, .F. ) ;
#4011 = CARTESIAN_POINT ( 'NONE',  ( -3.398425023070970497, 26.94287002014150190, 5.396333887023769371 ) ) ;
#4012 = LINE ( 'NONE', #5080, #1492 ) ;
#4013 = CARTESIAN_POINT ( 'NONE',  ( -24.90802797041162009, -10.48842106597139967, 13.77114169984548830 ) ) ;
#4014 = CARTESIAN_POINT ( 'NONE',  ( -1.283936707496882417E-14, -20.45676209442673255, -18.43872343179043938 ) ) ;
#4015 = CARTESIAN_POINT ( 'NONE',  ( 23.94059330471236891, 15.47563319735081855, 14.05733066844098644 ) ) ;
#4016 = DIRECTION ( 'NONE',  ( 0.000000000000000000, 0.000000000000000000, -1.000000000000000000 ) ) ;
#4017 = CARTESIAN_POINT ( 'NONE',  ( -13.86938882152829500, 23.86590022324256566, -18.79330985445218971 ) ) ;
#4018 = DIRECTION ( 'NONE',  ( -1.000000000000000000, 6.123233995736766036E-17, 0.000000000000000000 ) ) ;
#4019 = VERTEX_POINT ( 'NONE', #5496 ) ;
#4020 = CARTESIAN_POINT ( 'NONE',  ( -10.89852702769477766, -27.00000000000032330, 4.535831383496923941 ) ) ;
#4021 = CARTESIAN_POINT ( 'NONE',  ( -31.46897778507117849, -9.793102890424663087, 0.6374215710341205599 ) ) ;
#4022 = EDGE_CURVE ( 'NONE', #2195, #22, #624, .T. ) ;
#4023 = ORIENTED_EDGE ( 'NONE', *, *, #3894, .F. ) ;
#4024 = CARTESIAN_POINT ( 'NONE',  ( 20.06562273890286718, 20.66788166291415152, -17.42531695556121463 ) ) ;
#4025 = CYLINDRICAL_SURFACE ( 'NONE', #2511, 28.50000000000000000 ) ;
#4026 = B_SPLINE_CURVE_WITH_KNOTS ( 'NONE', 3,
 ( #527, #2494, #5964, #4485, #25, #5851, #1449, #3403, #470, #118, #5371, #3000, #1054, #5396 ),
 .UNSPECIFIED., .F., .F.,
 ( 4, 2, 2, 2, 2, 2, 4 ),
 ( 0.03942856136995832178, 0.04172337486953613811, 0.04287078161932504627, 0.04401818836911395444, 0.04631300186869176383, 0.04746040861848066506, 0.04860781536826957322 ),
 .UNSPECIFIED. ) ;
#4027 = CARTESIAN_POINT ( 'NONE',  ( 9.401036392209828563, 26.99999999999999645, 2.737135302395492076 ) ) ;
#4028 = ORIENTED_EDGE ( 'NONE', *, *, #776, .T. ) ;
#4029 = CARTESIAN_POINT ( 'NONE',  ( 7.568751988276612330, 23.84154591230474907, -18.88405235923676884 ) ) ;
#4030 = CARTESIAN_POINT ( 'NONE',  ( 28.27036240854117821, -8.717912949627322661, 6.081470122173998405 ) ) ;
#4031 = CARTESIAN_POINT ( 'NONE',  ( -27.92104170573126609, 9.953384546752007012, 6.180520935986654862 ) ) ;
#4032 = CARTESIAN_POINT ( 'NONE',  ( 31.49999999999998579, 7.344412678282951745, 4.417127727489022604 ) ) ;
#4033 = DATE_AND_TIME ( #2009, #3828 ) ;
#4034 = CARTESIAN_POINT ( 'NONE',  ( -18.89845753885647994, -25.46687972291281454, 0.5276505845162896557 ) ) ;
#4035 = CARTESIAN_POINT ( 'NONE',  ( 25.23613493301833088, 16.80704363955557312, 5.982799780195437123 ) ) ;
#4036 = CARTESIAN_POINT ( 'NONE',  ( -5.365838265021074375E-15, 7.960789829276411211, -45.85384350607227333 ) ) ;
#4037 = CARTESIAN_POINT ( 'NONE',  ( -19.15157322333720558, -24.38219348680805965, 7.015582241339992642 ) ) ;
#4038 = CARTESIAN_POINT ( 'NONE',  ( 14.50022523683706410, -26.47503761061063088, 7.149174585935671011 ) ) ;
#4039 = CARTESIAN_POINT ( 'NONE',  ( -29.61742364183960419, -7.743518531212553846, 6.920550426026403024 ) ) ;
#4040 = ORIENTED_EDGE ( 'NONE', *, *, #3516, .F. ) ;
#4041 = CARTESIAN_POINT ( 'NONE',  ( -6.277935958851935894, 26.99999999999999645, 3.532944872378791068 ) ) ;
#4042 = CARTESIAN_POINT ( 'NONE',  ( -26.92713797775087770, -2.278286125835426112, 8.880441106618102154 ) ) ;
#4043 = CARTESIAN_POINT ( 'NONE',  ( -22.53393229833461220, 17.45961176058268904, 9.911777140443987832 ) ) ;
#4044 = EDGE_CURVE ( 'NONE', #467, #3293, #320, .T. ) ;
#4045 = CARTESIAN_POINT ( 'NONE',  ( 10.75887221497279356, 26.39813717477530730, 11.82370166424074398 ) ) ;
#4046 = CARTESIAN_POINT ( 'NONE',  ( -12.79006376499076936, -28.46887652483103182, 1.596527440622743210 ) ) ;
#4047 = CARTESIAN_POINT ( 'NONE',  ( 11.49999999999999289, 28.49999999999999645, -11.00000000000000000 ) ) ;
#4048 = CARTESIAN_POINT ( 'NONE',  ( -17.93038728574382645, 23.10700401261744474, -18.51801554880061929 ) ) ;
#4049 = VERTEX_POINT ( 'NONE', #1155 ) ;
#4050 = CARTESIAN_POINT ( 'NONE',  ( -29.05287198936188275, 14.46893083214671982, 0.1662013034101704478 ) ) ;
#4051 = EDGE_LOOP ( 'NONE', ( #2215, #3077, #5783, #1477 ) ) ;
#4052 = CARTESIAN_POINT ( 'NONE',  ( -9.867566102497123737, -27.00000000000000000, 4.498676486473247138 ) ) ;
#4053 = ADVANCED_FACE ( 'NONE', ( #6064 ), #2180, .F. ) ;
#4054 = CARTESIAN_POINT ( 'NONE',  ( -20.09793141600817634, -26.56974147137571052, 0.4600026425370550287 ) ) ;
#4055 = AXIS2_PLACEMENT_3D ( 'NONE', #5511, #2545, #242 ) ;
#4056 = CARTESIAN_POINT ( 'NONE',  ( 27.79672860427426784, 6.292207792207793915, 12.96227999980796142 ) ) ;
#4057 = B_SPLINE_CURVE_WITH_KNOTS ( 'NONE', 3,
 ( #144, #4617, #3089, #2038, #2066, #5069, #4029, #3059, #3125, #5988 ),
 .UNSPECIFIED., .F., .F.,
 ( 4, 2, 2, 2, 4 ),
 ( -0.004445900893220456826, -0.001502316948688952117, 0.001441266995842552592, 0.004384850940374057301, 0.007328434884905562011 ),
 .UNSPECIFIED. ) ;
#4058 = CARTESIAN_POINT ( 'NONE',  ( 28.06333915578392535, -9.216162007818295976, 6.209864721153135037 ) ) ;
#4059 = EDGE_CURVE ( 'NONE', #4228, #4111, #1669, .T. ) ;
#4060 = CARTESIAN_POINT ( 'NONE',  ( -31.05324751598171318, 12.77354031182122895, 4.261069261562666632 ) ) ;
#4061 = CIRCLE ( 'NONE', #3760, 8.500000000000000000 ) ;
#4062 = CARTESIAN_POINT ( 'NONE',  ( -11.49999999999998224, 22.47514308404502259, -17.88465857028938188 ) ) ;
#4063 = CARTESIAN_POINT ( 'NONE',  ( -28.32123585219108719, 7.580464906482467846, 6.162648984321044132 ) ) ;
#4064 = CARTESIAN_POINT ( 'NONE',  ( 22.71898727726783207, -14.63733601686898389, 14.06383687713811348 ) ) ;
#4065 = CARTESIAN_POINT ( 'NONE',  ( -28.47569962961255285, 13.71577604944289064, -14.27457943319171108 ) ) ;
#4066 = CARTESIAN_POINT ( 'NONE',  ( -6.712823555459860536, 26.16130549405901107, 9.769589939079242669 ) ) ;
#4067 = CARTESIAN_POINT ( 'NONE',  ( 11.03010663233727406, -28.49999999999966960, 4.894765048356259030 ) ) ;
#4068 = CARTESIAN_POINT ( 'NONE',  ( -12.54201402664514653, -25.71275163993732349, 6.383970519912979924 ) ) ;
#4069 = CARTESIAN_POINT ( 'NONE',  ( 19.10950136304651181, 22.96026161891859374, 6.119489130277212752 ) ) ;
#4070 = CARTESIAN_POINT ( 'NONE',  ( 10.24438838630095461, -28.50000000000361311, 4.855185757454878903 ) ) ;
#4071 = CARTESIAN_POINT ( 'NONE',  ( 8.539520505335229217, -26.52172599310515011, 5.951276133059395512 ) ) ;
#4072 = CARTESIAN_POINT ( 'NONE',  ( 27.68213582954233942, -20.26906336861380709, 4.108550019585702096 ) ) ;
#4073 = CARTESIAN_POINT ( 'NONE',  ( -6.607056352988804449, 28.50000000002808420, 4.871293815511048564 ) ) ;
#4074 = CARTESIAN_POINT ( 'NONE',  ( 29.96181038548334641, 2.566801422168970337, 6.891899428778859082 ) ) ;
#4075 = VERTEX_POINT ( 'NONE', #2216 ) ;
#4076 = CARTESIAN_POINT ( 'NONE',  ( 24.99707368674286201, 17.17844622878079974, 5.979486864330856299 ) ) ;
#4077 = CARTESIAN_POINT ( 'NONE',  ( -26.99913676772595394, -1.032714558746818945, 12.14263495233278256 ) ) ;
#4078 = CARTESIAN_POINT ( 'NONE',  ( -6.727593351769498575, 26.18593469080215286, 9.793695791804333695 ) ) ;
#4079 = CARTESIAN_POINT ( 'NONE',  ( 10.14840145221874756, 27.00000000000231992, 4.530547286618438640 ) ) ;
#4080 = DIRECTION ( 'NONE',  ( 1.000000000000000000, 0.000000000000000000, 0.000000000000000000 ) ) ;
#4081 = CARTESIAN_POINT ( 'NONE',  ( 29.52498335551858588, 7.700404266506390982, 7.049557377645790268 ) ) ;
#4082 = CARTESIAN_POINT ( 'NONE',  ( 11.50000000000043876, -23.99146246942695626, -18.79915154909359742 ) ) ;
#4083 = CARTESIAN_POINT ( 'NONE',  ( 20.09793141600747290, 26.56974147137606934, 0.4600026425369966865 ) ) ;
#4084 = FACE_OUTER_BOUND ( 'NONE', #6008, .T. ) ;
#4085 = CIRCLE ( 'NONE', #3374, 10.00000000000000178 ) ;
#4086 = ORIENTED_EDGE ( 'NONE', *, *, #1511, .F. ) ;
#4087 = APPROVAL ( #4454, 'UNSPECIFIED' ) ;
#4088 = ORIENTED_EDGE ( 'NONE', *, *, #2841, .F. ) ;
#4089 = CARTESIAN_POINT ( 'NONE',  ( 29.99999999999998934, -2.310891679295922874, 1.605774675690122111 ) ) ;
#4090 = EDGE_CURVE ( 'NONE', #5243, #4731, #6317, .T. ) ;
#4091 =( BOUNDED_SURFACE ( )  B_SPLINE_SURFACE ( 3, 2, ( 
 ( #5430, #3496, #5374 ),
 ( #1089, #4460, #90 ),
 ( #2947, #5460, #1452 ),
 ( #1027, #2015, #5010 ),
 ( #3977, #5939, #1057 ),
 ( #2562, #5967, #591 ),
 ( #620, #1928, #5854 ),
 ( #2530, #5399, #499 ),
 ( #2439, #29, #530 ),
 ( #1953, #997, #121 ),
 ( #2046, #4922, #2468 ),
 ( #4432, #1980, #3558 ),
 ( #5657, #2729, #154 ),
 ( #3652, #4072, #256 ),
 ( #4661, #714, #2623 ),
 ( #2177, #287, #5622 ),
 ( #5996, #1257, #1590 ),
 ( #2213, #222, #1657 ),
 ( #784, #4625, #3619 ),
 ( #3100, #2144, #4109 ),
 ( #3067, #6061, #6026 ),
 ( #3587, #1185, #750 ),
 ( #2077, #3136, #2697 ),
 ( #5554, #1222, #3175 ),
 ( #4179, #5585, #5183 ),
 ( #5109, #2659, #6125 ),
 ( #1152, #4141, #4589 ),
 ( #6095, #2107, #2591 ),
 ( #1696, #1734, #4554 ),
 ( #5150, #3690, #3213 ),
 ( #4038, #5077, #5526 ),
 ( #1120, #648, #5042 ) ),
 .UNSPECIFIED., .F., .F., .F. ) 
 B_SPLINE_SURFACE_WITH_KNOTS ( ( 4, 2, 2, 2, 2, 2, 2, 2, 2, 2, 2, 2, 2, 2, 2, 4 ),
 ( 3, 3 ),
 ( 0.004836104388609135246, 0.005834263949860864565, 0.006333343730486729224, 0.006832423511112593884, 0.008828742633616052521, 0.009826902194867781840, 0.01082506175611951116, 0.01182322131737123874, 0.01282138087862296806, 0.01481770000112642496, 0.01581585956237815255, 0.01681401912362988360, 0.01881033824613334224, 0.01930941802675920776, 0.01980849780738506982, 0.02080665736863680088 ),
 ( 0.000000000000000000, 1.000000000000000000 ),
 .UNSPECIFIED. ) 
 GEOMETRIC_REPRESENTATION_ITEM ( )  RATIONAL_B_SPLINE_SURFACE ( (
 ( 1.000000000000000000, 0.9368608944935489236, 1.000000000000000000),
 ( 1.000000000000000000, 0.9355760927554639395, 1.000000000000000000),
 ( 1.000000000000000000, 0.9343917297259943799, 1.000000000000000000),
 ( 1.000000000000000000, 0.9327619942198468461, 1.000000000000000000),
 ( 1.000000000000000000, 0.9322418023576535262, 1.000000000000000000),
 ( 1.000000000000000000, 0.9312586699765497134, 1.000000000000000000),
 ( 1.000000000000000000, 0.9307954218708310856, 1.000000000000000000),
 ( 1.000000000000000000, 0.9286137668603500206, 1.000000000000000000),
 ( 1.000000000000000000, 0.9272935959671677608, 1.000000000000000000),
 ( 1.000000000000000000, 0.9258822165809212912, 1.000000000000000000),
 ( 1.000000000000000000, 0.9255069616836546498, 1.000000000000000000),
 ( 1.000000000000000000, 0.9249605303932173506, 1.000000000000000000),
 ( 1.000000000000000000, 0.9247863623077581252, 1.000000000000000000),
 ( 1.000000000000000000, 0.9246276624846929693, 1.000000000000000000),
 ( 1.000000000000000000, 0.9246431438922009249, 1.000000000000000000),
 ( 1.000000000000000000, 0.9248659647189012567, 1.000000000000000000),
 ( 1.000000000000000000, 0.9250743460439533328, 1.000000000000000000),
 ( 1.000000000000000000, 0.9260000153956741142, 1.000000000000000000),
 ( 1.000000000000000000, 0.9269959678079736642, 1.000000000000000000),
 ( 1.000000000000000000, 0.9290972399950934157, 1.000000000000000000),
 ( 1.000000000000000000, 0.9299000698182972036, 1.000000000000000000),
 ( 1.000000000000000000, 0.9317312278814519066, 1.000000000000000000),
 ( 1.000000000000000000, 0.9327484514785552294, 1.000000000000000000),
 ( 1.000000000000000000, 0.9360922737124030002, 1.000000000000000000),
 ( 1.000000000000000000, 0.9387226998554191182, 1.000000000000000000),
 ( 1.000000000000000000, 0.9425400262010723562, 1.000000000000000000),
 ( 1.000000000000000000, 0.9433317506942200392, 1.000000000000000000),
 ( 1.000000000000000000, 0.9449475686180930367, 1.000000000000000000),
 ( 1.000000000000000000, 0.9457732497313211528, 1.000000000000000000),
 ( 1.000000000000000000, 0.9482947368507579355, 1.000000000000000000),
 ( 1.000000000000000000, 0.9500363576839905289, 1.000000000000000000),
 ( 1.000000000000000000, 0.9517961898714984992, 1.000000000000000000) ) ) 
 REPRESENTATION_ITEM ( '' )  SURFACE ( )  );
#4092 = AXIS2_PLACEMENT_3D ( 'NONE', #6210, #1344, #1814 ) ;
#4093 = CARTESIAN_POINT ( 'NONE',  ( -27.53802940733838867, -14.83470425481497657, 7.061200307171033863 ) ) ;
#4094 = CARTESIAN_POINT ( 'NONE',  ( 27.65958122017658738, 6.898075993075313939, 13.10305286082220100 ) ) ;
#4095 = DIRECTION ( 'NONE',  ( -1.000000000000000000, 0.000000000000000000, 0.000000000000000000 ) ) ;
#4096 = EDGE_CURVE ( 'NONE', #3293, #2434, #5094, .T. ) ;
#4097 = CARTESIAN_POINT ( 'NONE',  ( -29.41704376218224581, 17.41218775799947238, 0.04741685608873714292 ) ) ;
#4098 = CARTESIAN_POINT ( 'NONE',  ( 16.57778846447791210, 21.32267377767699301, 9.274400145995851830 ) ) ;
#4099 = CARTESIAN_POINT ( 'NONE',  ( -27.16718102001236801, 8.705438692408762336, 13.45195906851075662 ) ) ;
#4100 = CARTESIAN_POINT ( 'NONE',  ( 9.915574171850808582, -26.74005154446222221, 8.706572114291143194 ) ) ;
#4101 = CARTESIAN_POINT ( 'NONE',  ( -9.768267957448058425, 28.50000000000000000, 2.639877039411101745 ) ) ;
#4102 = CARTESIAN_POINT ( 'NONE',  ( -27.64249394290996520, 14.97444829113049991, -14.94164768696386503 ) ) ;
#4103 = CARTESIAN_POINT ( 'NONE',  ( -28.56092336516503138, 5.042562823527179994, 6.123463308991354381 ) ) ;
#4104 = CARTESIAN_POINT ( 'NONE',  ( 10.83976883029214910, -27.52788343305562435, 6.811451509876024879 ) ) ;
#4105 = DIRECTION ( 'NONE',  ( 1.000000000000000000, 0.000000000000000000, 0.000000000000000000 ) ) ;
#4106 = CARTESIAN_POINT ( 'NONE',  ( 13.44900123557037297, -26.81021131013862302, 7.141646099024385741 ) ) ;
#4107 = CARTESIAN_POINT ( 'NONE',  ( 14.79592826229296776, 26.73592629625768424, 4.119851643124695428 ) ) ;
#4108 = CARTESIAN_POINT ( 'NONE',  ( 3.108371584428214654E-16, -26.99999999999999645, 4.999999999999999112 ) ) ;
#4109 = CARTESIAN_POINT ( 'NONE',  ( 21.84573710761867815, -25.62896234834984455, 0.2853878929733497105 ) ) ;
#4110 = CARTESIAN_POINT ( 'NONE',  ( -1.570798470359745291, 28.49999999999999645, 4.638864252848670766 ) ) ;
#4111 = VERTEX_POINT ( 'NONE', #5661 ) ;
#4112 = DIRECTION ( 'NONE',  ( 0.000000000000000000, 0.000000000000000000, -1.000000000000000000 ) ) ;
#4113 = CARTESIAN_POINT ( 'NONE',  ( -28.52530474121099502, -6.402404397399514835, 6.039663049419129237 ) ) ;
#4114 = CARTESIAN_POINT ( 'NONE',  ( 10.29889597362908127, 26.99999999999999645, 2.432614641205030903 ) ) ;
#4115 = CARTESIAN_POINT ( 'NONE',  ( 14.84115357845020888, 26.51904006645131773, 6.964292105265503352 ) ) ;
#4116 = DIRECTION ( 'NONE',  ( 1.000000000000000000, 0.000000000000000000, -1.224646799147353454E-16 ) ) ;
#4117 = CARTESIAN_POINT ( 'NONE',  ( 11.49999999999999289, 26.99999999999999645, 1.893709856737656017 ) ) ;
#4118 = CARTESIAN_POINT ( 'NONE',  ( 3.141455665092634852, -28.49999999999999645, 4.277945079069717771 ) ) ;
#4119 = CARTESIAN_POINT ( 'NONE',  ( -1.747521112280671307, 28.49999999999999289, 5.301187287793402980 ) ) ;
#4120 = CARTESIAN_POINT ( 'NONE',  ( 18.59205872245416558, 27.26290035361451203, 4.388670141852045958 ) ) ;
#4121 = CARTESIAN_POINT ( 'NONE',  ( -12.09393945700088757, 26.99999999999999645, 1.737787342805944935 ) ) ;
#4122 = VERTEX_POINT ( 'NONE', #1260 ) ;
#4123 = EDGE_LOOP ( 'NONE', ( #3347, #4154, #1777, #4273, #6251 ) ) ;
#4124 = CARTESIAN_POINT ( 'NONE',  ( -10.97428217230992864, -26.09925090701943162, 6.245065662695633790 ) ) ;
#4125 = CARTESIAN_POINT ( 'NONE',  ( -30.47672855633303968, -14.95521395808122378, 0.1658170824563367507 ) ) ;
#4126 = CARTESIAN_POINT ( 'NONE',  ( 27.49196893790163898, -11.76026062779699188, 6.111118405380621788 ) ) ;
#4127 = CARTESIAN_POINT ( 'NONE',  ( -11.64538487193571470, -27.32425438518758298, 6.974811202864112936 ) ) ;
#4128 = CARTESIAN_POINT ( 'NONE',  ( 10.11973469029394579, -26.99999999999999645, 2.502963237585918321 ) ) ;
#4129 = CARTESIAN_POINT ( 'NONE',  ( 12.00000000000000355, 2.939152317953647894E-15, -204.9999999999999147 ) ) ;
#4130 = FACE_OUTER_BOUND ( 'NONE', #5152, .T. ) ;
#4131 = SECURITY_CLASSIFICATION ( '', '', #4783 ) ;
#4132 = DIRECTION ( 'NONE',  ( -0.000000000000000000, -1.000000000000000000, 0.000000000000000000 ) ) ;
#4133 = CARTESIAN_POINT ( 'NONE',  ( -3.141455665092630412, 28.49999999999999645, 4.277945079069714218 ) ) ;
#4134 = CARTESIAN_POINT ( 'NONE',  ( 21.69249890435799344, -16.08578694015203681, 9.288976906317822468 ) ) ;
#4135 = CARTESIAN_POINT ( 'NONE',  ( -9.401036392209753956, 28.49999999999999645, 2.737135302395517389 ) ) ;
#4136 = DIRECTION ( 'NONE',  ( -0.000000000000000000, -1.000000000000000000, 0.000000000000000000 ) ) ;
#4137 = CARTESIAN_POINT ( 'NONE',  ( -29.99999999999999289, -2.303875376149786103, 1.566036854507295795 ) ) ;
#4138 = CARTESIAN_POINT ( 'NONE',  ( 29.99999999999999289, 4.606712337401686952, 1.408785681045460203 ) ) ;
#4139 = CARTESIAN_POINT ( 'NONE',  ( 21.51353400949224692, 24.07453698441264223, 3.629444842836288654 ) ) ;
#4140 = CARTESIAN_POINT ( 'NONE',  ( -17.12230994470776579, -24.09382874914988903, 6.206620923962045566 ) ) ;
#4141 = CARTESIAN_POINT ( 'NONE',  ( 15.73624640521647322, -28.08408990746538336, 4.564954802399554090 ) ) ;
#4142 = PLANE ( 'NONE',  #2646 ) ;
#4143 = CARTESIAN_POINT ( 'NONE',  ( -26.56184276262389332, 14.35433281378350578, 6.027277620217265763 ) ) ;
#4144 = ORIENTED_EDGE ( 'NONE', *, *, #3291, .T. ) ;
#4145 = CARTESIAN_POINT ( 'NONE',  ( 27.92104170572978106, 9.953384546750415396, 6.180520935988835340 ) ) ;
#4146 = ADVANCED_FACE ( 'NONE', ( #5186 ), #2112, .F. ) ;
#4147 = CARTESIAN_POINT ( 'NONE',  ( -26.17508845834931819, 11.29404098810286072, 9.871260467841207031 ) ) ;
#4148 = CARTESIAN_POINT ( 'NONE',  ( 10.51164537771393981, 27.66135359197707544, 6.593242567330124260 ) ) ;
#4149 = CARTESIAN_POINT ( 'NONE',  ( -11.49999999999999289, -28.49999999999999645, 1.893709856737651576 ) ) ;
#4150 = CARTESIAN_POINT ( 'NONE',  ( -31.49999999999999289, 0.7739387921724214525, -6.613185368461848235 ) ) ;
#4151 = CARTESIAN_POINT ( 'NONE',  ( -28.50000000000000000, 3.032787583470573445E-11, 12.14142842854283266 ) ) ;
#4152 = CARTESIAN_POINT ( 'NONE',  ( -30.85582000283085335, 13.70261259552722422, 0.2525565612616147426 ) ) ;
#4153 = CARTESIAN_POINT ( 'NONE',  ( 9.768267957448061978, -28.50000000000000000, 2.639877039411100856 ) ) ;
#4154 = ORIENTED_EDGE ( 'NONE', *, *, #576, .T. ) ;
#4155 = CARTESIAN_POINT ( 'NONE',  ( 31.49999999999998579, -0.7861224176425505306, -6.634308503142613667 ) ) ;
#4156 = VERTEX_POINT ( 'NONE', #4518 ) ;
#4157 = CARTESIAN_POINT ( 'NONE',  ( -11.86159030286557758, -25.88498923654378814, 6.343126264830345029 ) ) ;
#4158 = CARTESIAN_POINT ( 'NONE',  ( -22.36756965440836709, -25.31172739393943161, 4.219608150466709340 ) ) ;
#4159 = CARTESIAN_POINT ( 'NONE',  ( 26.46916214568944881, -19.38565948212771417, 3.490624001664504927 ) ) ;
#4160 = CARTESIAN_POINT ( 'NONE',  ( -12.84701825673632847, -26.98999507837574896, 7.111271668407127322 ) ) ;
#4161 = CARTESIAN_POINT ( 'NONE',  ( -14.05084148575820535, -26.61831974107792220, 7.145956261482420580 ) ) ;
#4162 = CARTESIAN_POINT ( 'NONE',  ( 8.214054145431813225, 27.00000000001384137, 4.584865432347386971 ) ) ;
#4163 = CARTESIAN_POINT ( 'NONE',  ( -28.63064953415677749, 11.87030024126227623, 7.106142340332623597 ) ) ;
#4164 = CARTESIAN_POINT ( 'NONE',  ( -9.565738825994706929, 25.27482445160030267, 8.363267838384434327 ) ) ;
#4165 = VECTOR ( 'NONE', #147, 1000.000000000000000 ) ;
#4166 = CARTESIAN_POINT ( 'NONE',  ( 30.85582000283086401, -13.70261259552722066, 0.2525565612616271771 ) ) ;
#4167 = CARTESIAN_POINT ( 'NONE',  ( 15.93334284806297774, -26.08740519459396623, 6.992622537108731606 ) ) ;
#4168 = CARTESIAN_POINT ( 'NONE',  ( -5.390210720682247825, -26.49128362261449610, 8.869201222209779800 ) ) ;
#4169 = CARTESIAN_POINT ( 'NONE',  ( -29.93560705482821405, 9.744898538353535145, -11.72235163303233740 ) ) ;
#4170 = CARTESIAN_POINT ( 'NONE',  ( 11.27775094697407532, -28.49999999999968026, 4.894130850998769766 ) ) ;
#4171 = ADVANCED_FACE ( 'NONE', ( #3525 ), #149, .T. ) ;
#4172 = CIRCLE ( 'NONE', #3025, 10.00000000000000000 ) ;
#4173 = CARTESIAN_POINT ( 'NONE',  ( 9.401036392209826786, 18.49999999999999645, 2.737135302395494296 ) ) ;
#4174 = EDGE_CURVE ( 'NONE', #1360, #5774, #3365, .T. ) ;
#4175 = CARTESIAN_POINT ( 'NONE',  ( 16.03430008099262594, 24.56846441414616677, 6.254742817749624706 ) ) ;
#4176 = CARTESIAN_POINT ( 'NONE',  ( 10.45051819610478461, -27.62117307087386564, 6.699809873245185621 ) ) ;
#4177 = CARTESIAN_POINT ( 'NONE',  ( -1.681390275079832408, 26.94969499662104440, 6.220436881295827725 ) ) ;
#4178 = CARTESIAN_POINT ( 'NONE',  ( -27.74564434439583493, -10.86209293626296812, 6.144351474653068301 ) ) ;
#4179 = CARTESIAN_POINT ( 'NONE',  ( 17.65219726478384388, -25.14510325962304194, 7.139305507746532165 ) ) ;
#4180 = CARTESIAN_POINT ( 'NONE',  ( 29.99499969718104708, 14.36595832754102098, -14.23117401912300828 ) ) ;
#4181 = CARTESIAN_POINT ( 'NONE',  ( -17.93889802653745136, 23.67062135435006454, 6.169808260730074601 ) ) ;
#4182 = ORIENTED_EDGE ( 'NONE', *, *, #4565, .F. ) ;
#4183 = CARTESIAN_POINT ( 'NONE',  ( 36.00000000000000711, 0.000000000000000000, -204.9999999999999147 ) ) ;
#4184 = EDGE_CURVE ( 'NONE', #5197, #100, #1059, .T. ) ;
#4185 = CARTESIAN_POINT ( 'NONE',  ( 31.49999999999999289, -6.900808533011558055, 1.136834755483775883 ) ) ;
#4186 = CARTESIAN_POINT ( 'NONE',  ( 9.066417541953839532, -25.43821884135563849, 11.26750666372435283 ) ) ;
#4187 = CARTESIAN_POINT ( 'NONE',  ( -29.99999999999999289, 5.284566400163960509, -8.341835136035566478 ) ) ;
#4188 = CARTESIAN_POINT ( 'NONE',  ( 25.41907888070310051, 20.74805623338506066, -0.003671527565407656409 ) ) ;
#4189 = CARTESIAN_POINT ( 'NONE',  ( 23.58354594375827418, 13.15953318327242805, 13.99091852995316998 ) ) ;
#4190 = CARTESIAN_POINT ( 'NONE',  ( -29.68808755967214452, 6.417003555421771033, 7.001744075945920187 ) ) ;
#4191 = CARTESIAN_POINT ( 'NONE',  ( -29.72017640847284525, 16.77389797058184584, 0.07358645997214025014 ) ) ;
#4192 = CARTESIAN_POINT ( 'NONE',  ( 24.54422466609845088, 23.72035733836212046, 0.08000684873520196028 ) ) ;
#4193 = CARTESIAN_POINT ( 'NONE',  ( 7.063123991011123870, -28.14457528134991904, 6.152760722942392846 ) ) ;
#4194 = ORIENTED_EDGE ( 'NONE', *, *, #1403, .T. ) ;
#4195 = CARTESIAN_POINT ( 'NONE',  ( 31.50000000000000000, -2.705191740449591986, -6.938778555404086390 ) ) ;
#4196 = ORIENTED_EDGE ( 'NONE', *, *, #3786, .F. ) ;
#4197 = CARTESIAN_POINT ( 'NONE',  ( -13.93247817807584710, 24.89326109037351031, 12.91901067895410549 ) ) ;
#4198 = CARTESIAN_POINT ( 'NONE',  ( -18.50902629513321429, -24.67713174252218877, 7.126928461709270302 ) ) ;
#4199 = CARTESIAN_POINT ( 'NONE',  ( 23.61902321673111871, -19.02160190876954005, 5.980952658005017852 ) ) ;
#4200 = CIRCLE ( 'NONE', #2244, 11.50000000000000533 ) ;
#4201 = CARTESIAN_POINT ( 'NONE',  ( -29.84275751959507517, 5.227937123341815706, 6.892757498069304489 ) ) ;
#4202 = DIRECTION ( 'NONE',  ( -0.8995249593893699380, -2.560628580953096832E-15, -0.4368693711346131048 ) ) ;
#4203 = EDGE_CURVE ( 'NONE', #4325, #5415, #491, .T. ) ;
#4204 = CARTESIAN_POINT ( 'NONE',  ( -9.897807680524170680E-15, -14.77540764603861057, -35.53638725116665853 ) ) ;
#4205 = CARTESIAN_POINT ( 'NONE',  ( -28.33052022705833295, 12.80571429771439540, 7.091784934490295456 ) ) ;
#4206 = VECTOR ( 'NONE', #5179, 1000.000000000000000 ) ;
#4207 = CARTESIAN_POINT ( 'NONE',  ( -13.31453423343854503, 23.51833838305772062, 12.95137551842816670 ) ) ;
#4208 = CARTESIAN_POINT ( 'NONE',  ( -1.509040670747314876E-14, -1.234392413802907908E-11, -54.18169523464123927 ) ) ;
#4209 = CARTESIAN_POINT ( 'NONE',  ( 17.67051462471536993, -22.36947195140574252, 13.67252696048626071 ) ) ;
#4210 = CARTESIAN_POINT ( 'NONE',  ( 28.35287380340023233, -16.15512946690877527, 0.07349841117987490624 ) ) ;
#4211 = AXIS2_PLACEMENT_3D ( 'NONE', #2987, #3993, #5952 ) ;
#4212 = CARTESIAN_POINT ( 'NONE',  ( 28.72514750063866629, 1.251900095258362544, 6.083387429315421535 ) ) ;
#4213 = CARTESIAN_POINT ( 'NONE',  ( 1.570798470369559441, -28.49999999999999645, 4.638864252892928697 ) ) ;
#4214 = CARTESIAN_POINT ( 'NONE',  ( -15.60054696022756815, 26.56879429585105612, 4.042805621043531694 ) ) ;
#4215 = CARTESIAN_POINT ( 'NONE',  ( 18.95785166294678348, 19.26123187680776638, 13.95305107525268440 ) ) ;
#4216 = CARTESIAN_POINT ( 'NONE',  ( 31.02352970094284501, 12.00061133527734114, -12.77671279384842506 ) ) ;
#4217 = ORIENTED_EDGE ( 'NONE', *, *, #6019, .F. ) ;
#4218 = CARTESIAN_POINT ( 'NONE',  ( 14.55797261020647859, 25.14670545774725596, 6.318391161067679285 ) ) ;
#4219 = CARTESIAN_POINT ( 'NONE',  ( 13.17173240670664214, -23.59840632048549480, 12.91123016375024868 ) ) ;
#4220 = CARTESIAN_POINT ( 'NONE',  ( -30.85623598953790747, -13.70073405864822469, 0.2527165635150334100 ) ) ;
#4221 = CARTESIAN_POINT ( 'NONE',  ( -14.98536137705513305, 26.32035613993388878, 7.152648955350053406 ) ) ;
#4222 = CARTESIAN_POINT ( 'NONE',  ( -11.49999999999999289, -28.49999999999999645, 5.000000000000000000 ) ) ;
#4223 = CARTESIAN_POINT ( 'NONE',  ( 29.93560705482821405, -9.744898538353504946, -11.72235163303228234 ) ) ;
#4224 = CARTESIAN_POINT ( 'NONE',  ( -8.720483290069703131, 27.92701507946628325, 6.454016856101435273 ) ) ;
#4225 = CARTESIAN_POINT ( 'NONE',  ( 9.406720762184866302, -26.91914956707303830, 8.508606617225259683 ) ) ;
#4226 = ORIENTED_EDGE ( 'NONE', *, *, #4851, .F. ) ;
#4227 = DIRECTION ( 'NONE',  ( 8.497386401370966564E-17, 0.000000000000000000, -1.000000000000000000 ) ) ;
#4228 = VERTEX_POINT ( 'NONE', #539 ) ;
#4229 = CARTESIAN_POINT ( 'NONE',  ( -8.277140743015648283, -28.49999999997229594, 4.838787714497717829 ) ) ;
#4230 = CARTESIAN_POINT ( 'NONE',  ( -8.512987012987037971, -27.19887961142358890, 10.66248444409495200 ) ) ;
#4231 = CARTESIAN_POINT ( 'NONE',  ( 26.12683357148215890, -19.84161310288511260, 3.491111242747745980 ) ) ;
#4232 = DIRECTION ( 'NONE',  ( -1.000000000000000000, 0.000000000000000000, 0.000000000000000000 ) ) ;
#4233 = CARTESIAN_POINT ( 'NONE',  ( 26.14551110590223004, 17.36692358498067534, 7.036704476452742441 ) ) ;
#4234 = CALENDAR_DATE ( 2026, 16, 9 ) ;
#4235 = CARTESIAN_POINT ( 'NONE',  ( 8.512987012987009550, -27.19887961142360311, 10.66248444409494489 ) ) ;
#4236 = EDGE_CURVE ( 'NONE', #4676, #1991, #3660, .T. ) ;
#4237 = ORIENTED_EDGE ( 'NONE', *, *, #776, .F. ) ;
#4238 = CARTESIAN_POINT ( 'NONE',  ( 28.81249112380751853, -18.53549619759778722, 0.01252366122417866191 ) ) ;
#4239 = CARTESIAN_POINT ( 'NONE',  ( 25.41301961386372099, -12.91607084114307646, 9.896998334572737477 ) ) ;
#4240 = CARTESIAN_POINT ( 'NONE',  ( -11.50000000000030020, 28.49999999999999645, 1.893709856737824992 ) ) ;
#4241 = CARTESIAN_POINT ( 'NONE',  ( -1.664814575189795647E-14, 10.56883865500592456, -47.21484667512547162 ) ) ;
#4242 = VERTEX_POINT ( 'NONE', #39 ) ;
#4243 = CARTESIAN_POINT ( 'NONE',  ( 9.401036392209761061, -26.99999999999999645, 2.737135302395515168 ) ) ;
#4244 = CARTESIAN_POINT ( 'NONE',  ( 28.32123585219081718, 7.580464906482174747, 6.162648984321450030 ) ) ;
#4245 = CARTESIAN_POINT ( 'NONE',  ( -22.37023569757699093, 20.39174133692327118, 6.002779155548741308 ) ) ;
#4246 = CARTESIAN_POINT ( 'NONE',  ( 24.91451697842814994, 10.47248673835980171, 13.76920354057076956 ) ) ;
#4247 = FACE_OUTER_BOUND ( 'NONE', #333, .T. ) ;
#4248 = ORIENTED_EDGE ( 'NONE', *, *, #4561, .T. ) ;
#4249 = CARTESIAN_POINT ( 'NONE',  ( -27.48462889632752493, -17.83396080008740014, 0.01113139006681608187 ) ) ;
#4250 = LINE ( 'NONE', #3761, #428 ) ;
#4251 = CARTESIAN_POINT ( 'NONE',  ( -10.29309592552063535, -26.25299711024275950, 6.105408687617766006 ) ) ;
#4252 = CARTESIAN_POINT ( 'NONE',  ( -1.570686887425328360, -26.99999999999999645, 4.638889872657254720 ) ) ;
#4253 = CARTESIAN_POINT ( 'NONE',  ( -1.570637145528141154, 26.99999999999999645, 4.638901415440592757 ) ) ;
#4254 = CARTESIAN_POINT ( 'NONE',  ( 0.6733898149327151028, -26.99212622704638420, 5.489273733323198456 ) ) ;
#4255 = CARTESIAN_POINT ( 'NONE',  ( -29.99999999999999289, 8.500000000000000000, -10.63331683757133561 ) ) ;
#4256 = ORIENTED_EDGE ( 'NONE', *, *, #1471, .F. ) ;
#4257 = FACE_OUTER_BOUND ( 'NONE', #1060, .T. ) ;
#4258 = CARTESIAN_POINT ( 'NONE',  ( 11.49999999999999289, -19.49999999999999645, -11.00000000000000178 ) ) ;
#4259 = CARTESIAN_POINT ( 'NONE',  ( 29.99999999999999289, -7.828340079051232752E-23, -6.979998821817671839 ) ) ;
#4260 = CARTESIAN_POINT ( 'NONE',  ( 11.04547926214583597, 27.47858185343333659, 6.870451783837548732 ) ) ;
#4261 = CARTESIAN_POINT ( 'NONE',  ( 19.73105269291961861, 23.90382818893812100, 7.106553491027258751 ) ) ;
#4262 = APPROVAL_DATE_TIME ( #5272, #32 ) ;
#4263 = CARTESIAN_POINT ( 'NONE',  ( -1.554810114085564365E-15, -1.651068084182101270, -49.68869393675464607 ) ) ;
#4264 = EDGE_CURVE ( 'NONE', #4339, #2932, #4506, .T. ) ;
#4265 = CARTESIAN_POINT ( 'NONE',  ( -20.94538709865955184, 23.03972862917691700, 7.084740730733607883 ) ) ;
#4266 = CARTESIAN_POINT ( 'NONE',  ( -19.08191576270886358, 23.09183965255465765, 6.017399672234078345 ) ) ;
#4267 = ORIENTED_EDGE ( 'NONE', *, *, #395, .T. ) ;
#4268 = DIRECTION ( 'NONE',  ( -0.2560153285301839388, 0.000000000000000000, 0.9666727220510475949 ) ) ;
#4269 = CARTESIAN_POINT ( 'NONE',  ( 19.29531598261563019, -21.01002165394386623, 9.893468459750689448 ) ) ;
#4270 = CARTESIAN_POINT ( 'NONE',  ( -1.759255232552833226, -26.99999999998874145, 5.201935008780119496 ) ) ;
#4271 =( BOUNDED_SURFACE ( )  B_SPLINE_SURFACE ( 3, 2, ( 
 ( #2801, #4768, #5798 ),
 ( #6162, #1769, #2830 ),
 ( #1802, #3727, #5663 ),
 ( #4700, #4285, #2734 ) ),
 .UNSPECIFIED., .F., .F., .F. ) 
 B_SPLINE_SURFACE_WITH_KNOTS ( ( 4, 4 ),
 ( 3, 3 ),
 ( -7.459310946700270506E-16, 0.001631974846458346352 ),
 ( 0.000000000000000000, 1.000000000000000000 ),
 .UNSPECIFIED. ) 
 GEOMETRIC_REPRESENTATION_ITEM ( )  RATIONAL_B_SPLINE_SURFACE ( (
 ( 1.000000000000000000, 0.9368608944935618021, 1.000000000000000000),
 ( 1.000000000000000000, 0.9413761907154829522, 1.000000000000000000),
 ( 1.000000000000000000, 0.9455842457058267758, 1.000000000000000000),
 ( 1.000000000000000000, 0.9493414389859586855, 1.000000000000000000) ) ) 
 REPRESENTATION_ITEM ( '' )  SURFACE ( )  );
#4272 = CARTESIAN_POINT ( 'NONE',  ( 28.69245654985071425, -2.532433752884602818, 6.092913650714688600 ) ) ;
#4273 = ORIENTED_EDGE ( 'NONE', *, *, #625, .T. ) ;
#4274 = CARTESIAN_POINT ( 'NONE',  ( 11.49999999999999645, -26.99999999999999645, 1.893709856737193720 ) ) ;
#4275 = AXIS2_PLACEMENT_3D ( 'NONE', #1859, #3244, #5211 ) ;
#4276 = CARTESIAN_POINT ( 'NONE',  ( 29.99999999999999289, 7.440008471749738561, 1.063917076184104360 ) ) ;
#4277 = CARTESIAN_POINT ( 'NONE',  ( -26.47697207706132616, 19.37740895108335692, -0.01095631430154540668 ) ) ;
#4278 = VECTOR ( 'NONE', #3332, 1000.000000000000000 ) ;
#4279 = CARTESIAN_POINT ( 'NONE',  ( 26.33374288825984877, 5.961038961038910955, 12.96227999980795254 ) ) ;
#4280 = CARTESIAN_POINT ( 'NONE',  ( -22.31905005527136865, -15.20467716024234406, 9.289524969720261538 ) ) ;
#4281 = CARTESIAN_POINT ( 'NONE',  ( -19.51343920149673750, 22.71461841646464919, 6.102138184211105987 ) ) ;
#4282 = ORIENTED_EDGE ( 'NONE', *, *, #570, .F. ) ;
#4283 = CARTESIAN_POINT ( 'NONE',  ( -27.16574437115514939, -18.35956883605856049, -0.0004133216566306826298 ) ) ;
#4284 = TOROIDAL_SURFACE ( 'NONE', #1497, 10.99999999999999822, 7.500000000000000000 ) ;
#4285 = CARTESIAN_POINT ( 'NONE',  ( -31.49999999999999645, -7.344412678282904672, 4.417127727488993294 ) ) ;
#4286 = CARTESIAN_POINT ( 'NONE',  ( -31.49999999999999289, 2.452162445110270816, 4.450134359357171832 ) ) ;
#4287 = CARTESIAN_POINT ( 'NONE',  ( -29.03802992922166126, -10.72917651945863859, 7.015871842172746398 ) ) ;
#4288 = CARTESIAN_POINT ( 'NONE',  ( 13.69540568931866709, 23.27614909012753586, 13.04020495057342366 ) ) ;
#4289 = CARTESIAN_POINT ( 'NONE',  ( 26.55312768505035947, 4.991875217934037323, 12.72458555464434404 ) ) ;
#4290 = DIRECTION ( 'NONE',  ( 9.052110898147586683E-16, -0.9653521917153777832, 0.2609504664688617748 ) ) ;
#4291 = CARTESIAN_POINT ( 'NONE',  ( -26.71900664479598575, 4.013262313040727669, 12.51638904967208887 ) ) ;
#4292 = EDGE_LOOP ( 'NONE', ( #3484, #3992, #6141, #6284, #6039, #4766, #6077, #2457, #2998 ) ) ;
#4293 = CARTESIAN_POINT ( 'NONE',  ( 31.49999999999999289, -7.978328701261741429, 0.9449307769857250294 ) ) ;
#4294 = CARTESIAN_POINT ( 'NONE',  ( -10.67488232225103495, 26.43178155466360479, 11.78711898308629813 ) ) ;
#4295 = LINE ( 'NONE', #2268, #3157 ) ;
#4296 = CARTESIAN_POINT ( 'NONE',  ( 4.684763128241435481, -21.93752438290044182, -18.09508998374201383 ) ) ;
#4297 = DIRECTION ( 'NONE',  ( 7.502293610803558030E-14, 0.9653521917153989884, 0.2609504664687832820 ) ) ;
#4298 = CARTESIAN_POINT ( 'NONE',  ( 20.92001278202625869, 23.05894527129462190, 7.085199698916544442 ) ) ;
#4299 = CARTESIAN_POINT ( 'NONE',  ( 31.49999999999999289, -8.500000000000000000, 5.000000000000000000 ) ) ;
#4300 = CARTESIAN_POINT ( 'NONE',  ( -14.05084148575784830, 26.61831974107803944, 7.145956261482424132 ) ) ;
#4301 = AXIS2_PLACEMENT_3D ( 'NONE', #1096, #1512, #5976 ) ;
#4302 = ORIENTED_EDGE ( 'NONE', *, *, #2020, .F. ) ;
#4303 = CARTESIAN_POINT ( 'NONE',  ( -1.505700213905037982E-14, -9.720080371614489678, -48.32007626138443612 ) ) ;
#4304 = CARTESIAN_POINT ( 'NONE',  ( 11.49999999999999289, 19.49999999999999645, -11.00000000000000178 ) ) ;
#4305 = FACE_OUTER_BOUND ( 'NONE', #1203, .T. ) ;
#4306 = EDGE_CURVE ( 'NONE', #5714, #3970, #236, .T. ) ;
#4307 = CIRCLE ( 'NONE', #516, 8.500000000000000000 ) ;
#4308 = CARTESIAN_POINT ( 'NONE',  ( 1.261748182464143485E-14, 0.9107594055268384281, -54.18169523464265325 ) ) ;
#4309 = EDGE_LOOP ( 'NONE', ( #2491, #1453, #202, #5185 ) ) ;
#4310 = CARTESIAN_POINT ( 'NONE',  ( -16.15886918236587988, -21.66407839799647661, 13.58615353004163318 ) ) ;
#4311 =( BOUNDED_SURFACE ( )  B_SPLINE_SURFACE ( 3, 2, ( 
 ( #782, #2247, #4695 ),
 ( #4213, #6156, #1321 ),
 ( #4792, #5216, #1355 ),
 ( #3821, #1764, #2760 ),
 ( #3308, #5790, #415 ),
 ( #4726, #2347, #1285 ) ),
 .UNSPECIFIED., .F., .F., .F. ) 
 B_SPLINE_SURFACE_WITH_KNOTS ( ( 4, 2, 4 ),
 ( 3, 3 ),
 ( -3.376388253641642571E-05, 0.004801573323969346961, 0.009636910530475110287 ),
 ( 0.000000000000000000, 1.000000000000000000 ),
 .UNSPECIFIED. ) 
 GEOMETRIC_REPRESENTATION_ITEM ( )  RATIONAL_B_SPLINE_SURFACE ( (
 ( 1.000000000000000000, 1.000000000000000000, 1.000000000000000000),
 ( 1.000000000000000000, 0.9999868034366011793, 1.000000000000000000),
 ( 1.000000000000000000, 0.9983245876636008820, 1.000000000000000000),
 ( 1.000000000000000000, 0.9912339258427125266, 1.000000000000000000),
 ( 1.000000000000000000, 0.9858314174699719379, 1.000000000000000000),
 ( 1.000000000000000000, 0.9777825185304204192, 1.000000000000000000) ) ) 
 REPRESENTATION_ITEM ( '' )  SURFACE ( )  );
#4312 = CARTESIAN_POINT ( 'NONE',  ( 12.69669775888675467, 27.00000000000001776, 4.357740466547256553 ) ) ;
#4313 = CARTESIAN_POINT ( 'NONE',  ( -19.49837586571966597, 22.70611723057676912, 6.103211899556026943 ) ) ;
#4314 = CARTESIAN_POINT ( 'NONE',  ( 28.24744592788394115, 8.730461272922838134, 6.078140804740384873 ) ) ;
#4315 = CARTESIAN_POINT ( 'NONE',  ( -18.95785166294385604, -19.26123187681089988, 13.95305107524829502 ) ) ;
#4316 = ORIENTED_EDGE ( 'NONE', *, *, #3248, .T. ) ;
#4317 = CARTESIAN_POINT ( 'NONE',  ( -29.59591094631132435, -12.40246296286104943, 3.681529947862708596 ) ) ;
#4318 = CIRCLE ( 'NONE', #725, 8.500000000000000000 ) ;
#4319 = CARTESIAN_POINT ( 'NONE',  ( 11.49999999999999289, -18.49999999999999645, 1.893709856737193720 ) ) ;
#4320 = CARTESIAN_POINT ( 'NONE',  ( 9.092728969815746964, 25.44567005166884144, 8.185524718336349537 ) ) ;
#4321 = CARTESIAN_POINT ( 'NONE',  ( -18.87035963656180826, 19.34811963996810391, 13.94534652714643030 ) ) ;
#4322 = CARTESIAN_POINT ( 'NONE',  ( -29.50080332268852601, -8.314517509748741375, 7.001229031904036226 ) ) ;
#4323 = CARTESIAN_POINT ( 'NONE',  ( 5.670152148177287188, 27.93973484216919445, 8.850278121767775730 ) ) ;
#4324 = CARTESIAN_POINT ( 'NONE',  ( 1.177876557603641849, -26.97796333021354442, 5.855619155681063503 ) ) ;
#4325 = VERTEX_POINT ( 'NONE', #6040 ) ;
#4326 = CARTESIAN_POINT ( 'NONE',  ( 31.49999999999999289, 4.610959820980892410, 1.446498065855016613 ) ) ;
#4327 = CARTESIAN_POINT ( 'NONE',  ( -15.63150424676287109, -26.05066514841400505, 7.151082554461970275 ) ) ;
#4328 = CARTESIAN_POINT ( 'NONE',  ( -27.92104170573126609, 9.953384546752007012, 6.180520935986654862 ) ) ;
#4329 = DIRECTION ( 'NONE',  ( 0.000000000000000000, -0.000000000000000000, 1.000000000000000000 ) ) ;
#4330 = PERSON_AND_ORGANIZATION ( #1993, #2984 ) ;
#4331 = CARTESIAN_POINT ( 'NONE',  ( 2.629842664213080941E-15, -12.43073675089983254, -39.90310068519033138 ) ) ;
#4332 = CARTESIAN_POINT ( 'NONE',  ( -15.16149175908011060, 28.20241071112219799, 4.605650317886344602 ) ) ;
#4333 = CARTESIAN_POINT ( 'NONE',  ( -16.60354629368270452, 21.30267887075253697, 9.275226451689221108 ) ) ;
#4334 = VERTEX_POINT ( 'NONE', #1640 ) ;
#4335 = CARTESIAN_POINT ( 'NONE',  ( -24.32896164614450996, 20.31616379259509131, -17.29803339321822975 ) ) ;
#4336 = CARTESIAN_POINT ( 'NONE',  ( 6.123233995736767268E-16, 28.49999999999999645, 5.000000000000000000 ) ) ;
#4337 = CARTESIAN_POINT ( 'NONE',  ( -9.401036392209807246, 28.49999999999999645, 2.737135302395493852 ) ) ;
#4338 = CARTESIAN_POINT ( 'NONE',  ( -4.618680423854039576E-16, 4.346682450045190826, -53.04874790354654124 ) ) ;
#4339 = VERTEX_POINT ( 'NONE', #4638 ) ;
#4340 = DIRECTION ( 'NONE',  ( 0.000000000000000000, 0.000000000000000000, -1.000000000000000000 ) ) ;
#4341 = CARTESIAN_POINT ( 'NONE',  ( -11.04547926214576847, 27.47858185343334014, 6.870451783837528303 ) ) ;
#4342 = CARTESIAN_POINT ( 'NONE',  ( -29.85338143355184926, 10.90238604728509308, 0.4925603762170079336 ) ) ;
#4343 = CARTESIAN_POINT ( 'NONE',  ( -26.20455200847006338, -6.531758165212553813, 13.10225302823214655 ) ) ;
#4344 = ORIENTED_EDGE ( 'NONE', *, *, #85, .T. ) ;
#4345 = EDGE_CURVE ( 'NONE', #3401, #695, #1191, .T. ) ;
#4346 = B_SPLINE_CURVE_WITH_KNOTS ( 'NONE', 3,
 ( #5458, #4178, #6094, #5525, #3689, #4588, #1733, #221, #1626, #2143, #4553, #1256, #5621, #186, #1119, #4624, #4140, #647, #5041, #1694 ),
 .UNSPECIFIED., .F., .F.,
 ( 4, 2, 2, 2, 2, 2, 2, 2, 2, 4 ),
 ( 0.000000000000000000, 0.002776316240751745823, 0.005552632481503491646, 0.006940790601879364558, 0.008328948722255235734, 0.01110526496300698329, 0.01388158120375872912, 0.01665789744451047147, 0.01943421368526221729, 0.02221052992601397005 ),
 .UNSPECIFIED. ) ;
#4347 = DIRECTION ( 'NONE',  ( -0.9666727220510439311, 0.000000000000000000, 0.2560153285301978721 ) ) ;
#4348 = DIRECTION ( 'NONE',  ( 1.110223024625156540E-16, 0.000000000000000000, -1.000000000000000000 ) ) ;
#4349 = B_SPLINE_CURVE_WITH_KNOTS ( 'NONE', 3,
 ( #4834, #3259, #1423, #2327, #3382, #5228 ),
 .UNSPECIFIED., .F., .F.,
 ( 4, 2, 4 ),
 ( 0.000000000000000000, 0.001131040970656084195, 0.002262081941312168391 ),
 .UNSPECIFIED. ) ;
#4350 = CARTESIAN_POINT ( 'NONE',  ( -26.55312768505035947, -4.991875217934030218, 12.72458555464433694 ) ) ;
#4351 = CARTESIAN_POINT ( 'NONE',  ( -9.867566102497136171, -26.99999999999999289, 4.498676486473258684 ) ) ;
#4352 = EDGE_CURVE ( 'NONE', #2060, #3631, #5051, .T. ) ;
#4353 = CARTESIAN_POINT ( 'NONE',  ( 31.49999999999999289, 6.900808533012650514, 1.136834755483631110 ) ) ;
#4354 = FACE_OUTER_BOUND ( 'NONE', #3224, .T. ) ;
#4355 = CARTESIAN_POINT ( 'NONE',  ( -11.49999999999999289, -23.99146246942695981, -18.79915154909359742 ) ) ;
#4356 = CARTESIAN_POINT ( 'NONE',  ( -7.800210253312481967, 27.42197186319855717, 10.22380813213166206 ) ) ;
#4357 = CARTESIAN_POINT ( 'NONE',  ( 29.99999999999998934, 7.294422323029582600, -9.608766502979229074 ) ) ;
#4358 = CARTESIAN_POINT ( 'NONE',  ( 3.440179961412719756, 26.94112288862195115, 5.401144668003308169 ) ) ;
#4359 = ORIENTED_EDGE ( 'NONE', *, *, #3963, .T. ) ;
#4360 = CARTESIAN_POINT ( 'NONE',  ( 29.74784009135569818, -14.81160247276841169, -14.48718068030720119 ) ) ;
#4361 = DIRECTION ( 'NONE',  ( 0.000000000000000000, -0.1340132229722506840, 0.9909795437185320299 ) ) ;
#4362 = CARTESIAN_POINT ( 'NONE',  ( -10.51713699556801984, -28.49999999999933920, 4.874861242217430224 ) ) ;
#4363 = DIRECTION ( 'NONE',  ( 0.000000000000000000, -0.000000000000000000, 1.000000000000000000 ) ) ;
#4364 = CARTESIAN_POINT ( 'NONE',  ( 14.56867330157330720, 28.26569822113129504, 1.251201492465621179 ) ) ;
#4365 = VERTEX_POINT ( 'NONE', #2265 ) ;
#4366 = CARTESIAN_POINT ( 'NONE',  ( -18.01789212465624601, -20.14440144237604358, 13.85798934474079047 ) ) ;
#4367 = B_SPLINE_CURVE_WITH_KNOTS ( 'NONE', 3,
 ( #534, #562, #4492, #2049, #2081, #2975 ),
 .UNSPECIFIED., .F., .F.,
 ( 4, 2, 4 ),
 ( 0.000000000000000000, 0.005315528326461600728, 0.01063105665292320146 ),
 .UNSPECIFIED. ) ;
#4368 = CARTESIAN_POINT ( 'NONE',  ( -29.05341798075565052, -14.46781918499903696, 0.1662473130580879588 ) ) ;
#4369 = CARTESIAN_POINT ( 'NONE',  ( 11.02416447491874862, -24.66910318808486835, 8.731615711337815000 ) ) ;
#4370 = EDGE_CURVE ( 'NONE', #3996, #3376, #4061, .T. ) ;
#4371 = CARTESIAN_POINT ( 'NONE',  ( -23.23519468849052672, -19.60491171002506761, 5.921348842806714252 ) ) ;
#4372 = ORIENTED_EDGE ( 'NONE', *, *, #2057, .T. ) ;
#4373 = EDGE_CURVE ( 'NONE', #4710, #3970, #588, .T. ) ;
#4374 = CARTESIAN_POINT ( 'NONE',  ( 29.84516409353732058, 10.90786994893353068, 0.4937869522749966933 ) ) ;
#4375 = CARTESIAN_POINT ( 'NONE',  ( -31.49999999999999289, 2.318287782556712529, 1.565314918633783359 ) ) ;
#4376 = CARTESIAN_POINT ( 'NONE',  ( 58.50000000000000000, 0.000000000000000000, -204.9999999999999147 ) ) ;
#4377 = CARTESIAN_POINT ( 'NONE',  ( 31.49999999999999289, -8.500000000000000000, 0.8039144995323158627 ) ) ;
#4378 = EDGE_CURVE ( 'NONE', #5060, #1270, #6191, .T. ) ;
#4379 = CARTESIAN_POINT ( 'NONE',  ( -6.819247945343667183, -26.70300821694969429, 5.772714566867907848 ) ) ;
#4380 = ADVANCED_FACE ( 'NONE', ( #1808 ), #354, .T. ) ;
#4381 = CARTESIAN_POINT ( 'NONE',  ( -15.63650569146820146, 23.83561646289162539, 13.31112823090066577 ) ) ;
#4382 = EDGE_CURVE ( 'NONE', #3996, #5336, #4012, .T. ) ;
#4383 = CARTESIAN_POINT ( 'NONE',  ( 23.59102848918253059, 16.00336427858664123, 14.06933930536981414 ) ) ;
#4384 = CARTESIAN_POINT ( 'NONE',  ( -26.92879817439044743, 2.024290248655970181, 12.23977108130172908 ) ) ;
#4385 = CARTESIAN_POINT ( 'NONE',  ( 4.653910926695355776, 21.93095959198091549, -18.09737216968609630 ) ) ;
#4386 = CARTESIAN_POINT ( 'NONE',  ( 29.99999999999998579, 6.316880631693448933, -8.945266702755429122 ) ) ;
#4387 = CARTESIAN_POINT ( 'NONE',  ( -25.74607997338225829, 8.218636546594169090, 13.44685257311091853 ) ) ;
#4388 = ORIENTED_EDGE ( 'NONE', *, *, #959, .T. ) ;
#4389 = CARTESIAN_POINT ( 'NONE',  ( 17.93038728574379803, -23.10700401261745540, -18.51801554880062994 ) ) ;
#4390 = CARTESIAN_POINT ( 'NONE',  ( -11.83467439551118794, -27.27085202505140771, 6.994495215592842818 ) ) ;
#4391 = CARTESIAN_POINT ( 'NONE',  ( 6.277528469029611813, 28.49999999999999645, 3.533043318036032332 ) ) ;
#4392 = CARTESIAN_POINT ( 'NONE',  ( 14.87590447613037803, 28.25468890812367917, 4.626709281912201988 ) ) ;
#4393 = EDGE_LOOP ( 'NONE', ( #1989, #1486, #3621, #4316 ) ) ;
#4394 = CARTESIAN_POINT ( 'NONE',  ( 26.98339403556414950, -1.109681537243771166, 8.857125380602358433 ) ) ;
#4395 = CARTESIAN_POINT ( 'NONE',  ( -31.49999999999999289, 8.089718622881106214, 4.450608971256208690 ) ) ;
#4396 = CARTESIAN_POINT ( 'NONE',  ( 17.03110617352451328, -24.25118908555703356, 6.069963727746015003 ) ) ;
#4397 = TOROIDAL_SURFACE ( 'NONE', #4913, 229.2911684466443489, 22.50000000000000000 ) ;
#4398 = CARTESIAN_POINT ( 'NONE',  ( -10.19261578260131884, -25.00876153399937252, 11.82370166424000857 ) ) ;
#4399 = ORIENTED_EDGE ( 'NONE', *, *, #643, .F. ) ;
#4400 = CARTESIAN_POINT ( 'NONE',  ( 14.05084148575788205, -26.61831974107802523, 7.145956261482449001 ) ) ;
#4401 = VECTOR ( 'NONE', #4000, 1000.000000000000000 ) ;
#4402 = CARTESIAN_POINT ( 'NONE',  ( -6.590748219433322674, -23.71609671013018783, -18.95392170442110924 ) ) ;
#4403 = CARTESIAN_POINT ( 'NONE',  ( -31.49999999999999289, -1.149473445659738191, 1.605956394194612669 ) ) ;
#4404 = CARTESIAN_POINT ( 'NONE',  ( -15.62061099331451786, -23.84588243155575071, 13.30770998483031242 ) ) ;
#4405 = CARTESIAN_POINT ( 'NONE',  ( 10.51713699556801274, 28.49999999999934275, 4.874861242217503055 ) ) ;
#4406 = FACE_OUTER_BOUND ( 'NONE', #4673, .T. ) ;
#4407 = ORIENTED_EDGE ( 'NONE', *, *, #3419, .F. ) ;
#4408 = CARTESIAN_POINT ( 'NONE',  ( -9.625485835061912354, 26.83212589820053040, 11.29643042078260251 ) ) ;
#4409 = CARTESIAN_POINT ( 'NONE',  ( 27.66036025355379380, 6.894634501618723377, 13.10225323334391412 ) ) ;
#4410 = CARTESIAN_POINT ( 'NONE',  ( 29.99999999999998934, 8.500000000000001776, 0.8039144995327114351 ) ) ;
#4411 = CARTESIAN_POINT ( 'NONE',  ( -10.29309592552053054, 26.25299711024278437, 6.105408687617743801 ) ) ;
#4412 = CARTESIAN_POINT ( 'NONE',  ( 29.99999999999999289, -7.828340079051232752E-23, -6.979998821817671839 ) ) ;
#4413 = ORIENTED_EDGE ( 'NONE', *, *, #4651, .T. ) ;
#4414 = CARTESIAN_POINT ( 'NONE',  ( 25.75549260550506148, -12.21893501587453734, 13.87190808514282381 ) ) ;
#4415 = CARTESIAN_POINT ( 'NONE',  ( -25.59419734649972256, 8.682675386674986839, 9.255311213058732278 ) ) ;
#4416 = ORIENTED_EDGE ( 'NONE', *, *, #321, .T. ) ;
#4417 = CARTESIAN_POINT ( 'NONE',  ( -10.12097761014045894, -27.00000000000000000, 2.506479285845473637 ) ) ;
#4418 = B_SPLINE_CURVE_WITH_KNOTS ( 'NONE', 3,
 ( #3255, #4831, #4186, #1740, #2256, #3694, #4219, #5223, #818, #4733, #355, #2286, #5905, #5935, #5850, #2914, #4882, #5426, #2493, #24, #5690, #3390, #5147, #5654, #1254, #5040 ),
 .UNSPECIFIED., .F., .F.,
 ( 4, 2, 2, 2, 2, 2, 2, 2, 2, 2, 2, 2, 4 ),
 ( 0.000000000000000000, 0.001820670938781839953, 0.003641341877563679906, 0.007282683755127353740, 0.009103354693909189790, 0.01092402563269102497, 0.01456536751025469360, 0.01638603844903652185, 0.01820670938781835529, 0.02184805126538202566, 0.02366872220416385564, 0.02548939314294569256, 0.02913073502050936292 ),
 .UNSPECIFIED. ) ;
#4419 = EDGE_CURVE ( 'NONE', #3114, #1955, #4794, .T. ) ;
#4420 = EDGE_LOOP ( 'NONE', ( #4413, #3692, #2284, #661, #4647 ) ) ;
#4421 = CARTESIAN_POINT ( 'NONE',  ( 28.83225817546524183, 11.16296579045089743, 7.116668390818970735 ) ) ;
#4422 = CARTESIAN_POINT ( 'NONE',  ( 29.99999999999998934, 8.500000000000001776, 0.8039144995327114351 ) ) ;
#4423 = CARTESIAN_POINT ( 'NONE',  ( -22.45846306921388091, 17.55764507045800826, 14.07420724148244240 ) ) ;
#4424 = CARTESIAN_POINT ( 'NONE',  ( 16.74048753920204646, -21.19213132238602881, 13.67252696048478455 ) ) ;
#4425 = CARTESIAN_POINT ( 'NONE',  ( 31.49999999999998579, 8.500000000000000000, 0.8039144995327114351 ) ) ;
#4426 = CARTESIAN_POINT ( 'NONE',  ( 29.99982527879626204, -1.287468625035250058, 6.873681330201888429 ) ) ;
#4427 = ORIENTED_EDGE ( 'NONE', *, *, #4090, .F. ) ;
#4428 = CARTESIAN_POINT ( 'NONE',  ( 20.91881465423983499, -23.05991847186175647, 7.085221575167695462 ) ) ;
#4429 = CARTESIAN_POINT ( 'NONE',  ( -29.99999999999998934, -8.634599219246069879, -10.75519299531180017 ) ) ;
#4430 = CARTESIAN_POINT ( 'NONE',  ( 10.85308431877825974, 26.12903723518045496, 6.242427722480131003 ) ) ;
#4431 = CARTESIAN_POINT ( 'NONE',  ( 5.670074708568405342, -27.93975106423351917, 8.850227297576191532 ) ) ;
#4432 = CARTESIAN_POINT ( 'NONE',  ( 26.13596430854999753, -17.38177431920538396, 7.036627030438521224 ) ) ;
#4433 = CARTESIAN_POINT ( 'NONE',  ( -27.93855782029618950, -5.759578693398065496, 9.514062370041513006 ) ) ;
#4434 = VERTEX_POINT ( 'NONE', #1662 ) ;
#4435 = CARTESIAN_POINT ( 'NONE',  ( -1.720328420049135110, 26.99999999999999645, 5.200552095666158614 ) ) ;
#4436 = CARTESIAN_POINT ( 'NONE',  ( -13.19301814905111847, 27.04263270361196092, 6.873206044803248815 ) ) ;
#4437 = B_SPLINE_CURVE_WITH_KNOTS ( 'NONE', 3,
 ( #5700, #4190, #1772, #2224, #1743, #5122, #2774, #3730, #726 ),
 .UNSPECIFIED., .F., .F.,
 ( 4, 2, 1, 2, 4 ),
 ( 3.799044412389207537E-16, 0.003850202133253406624, 0.007700404266506435079, 0.01155060639975946483, 0.01540080853301249372 ),
 .UNSPECIFIED. ) ;
#4438 = CARTESIAN_POINT ( 'NONE',  ( 27.50363442649467061, 7.496098297311294623, 13.22418173540153141 ) ) ;
#4439 = DIRECTION ( 'NONE',  ( 0.000000000000000000, 0.2609504664688587217, -0.9653521917153786713 ) ) ;
#4440 = CARTESIAN_POINT ( 'NONE',  ( -10.29364892130912068, 26.99999999999999645, 2.434715872806672454 ) ) ;
#4441 = CARTESIAN_POINT ( 'NONE',  ( 29.99999999999999289, 1.969454128461008091, -7.159808681605873026 ) ) ;
#4442 = CARTESIAN_POINT ( 'NONE',  ( -29.52498335551858233, -7.700404266506382989, 7.049557377645788492 ) ) ;
#4443 = EDGE_CURVE ( 'NONE', #5089, #3005, #3906, .T. ) ;
#4444 = CARTESIAN_POINT ( 'NONE',  ( -28.95093462128290440, -10.68788251571437442, 7.123403160864243411 ) ) ;
#4445 = ORIENTED_EDGE ( 'NONE', *, *, #773, .T. ) ;
#4446 = CARTESIAN_POINT ( 'NONE',  ( 1.349982188043340470, 27.00000000000000355, 5.981057558143518804 ) ) ;
#4447 = EDGE_CURVE ( 'NONE', #1602, #5956, #5888, .T. ) ;
#4448 = ORIENTED_EDGE ( 'NONE', *, *, #85, .F. ) ;
#4449 = CARTESIAN_POINT ( 'NONE',  ( -29.52498335551853259, 7.700404266506692075, 7.049557377645813361 ) ) ;
#4450 = CARTESIAN_POINT ( 'NONE',  ( -23.93905904214790681, 15.51639960088509618, 14.06580182129098411 ) ) ;
#4451 = CARTESIAN_POINT ( 'NONE',  ( 13.31453423344700937, -23.51833838305243773, 12.95137551843258272 ) ) ;
#4452 = CARTESIAN_POINT ( 'NONE',  ( 22.02324989263634336, -19.73827371452550850, -17.08553997910744826 ) ) ;
#4453 = CARTESIAN_POINT ( 'NONE',  ( 31.49999999999999289, 2.303875376149729703, 1.566036854507266929 ) ) ;
#4454 = APPROVAL_STATUS ( 'not_yet_approved' ) ;
#4455 = ORIENTED_EDGE ( 'NONE', *, *, #503, .T. ) ;
#4456 = CARTESIAN_POINT ( 'NONE',  ( -14.79592826229339586, -26.73592629625769490, 4.119851643124924578 ) ) ;
#4457 = EDGE_CURVE ( 'NONE', #1996, #578, #87, .T. ) ;
#4458 = CARTESIAN_POINT ( 'NONE',  ( 1.711420736706489209E-14, 0.4145239096233053200, -49.84859031491882320 ) ) ;
#4459 = CARTESIAN_POINT ( 'NONE',  ( -10.44249885032339797, -26.53794061800699922, 8.865885126994090371 ) ) ;
#4460 = CARTESIAN_POINT ( 'NONE',  ( 31.46862289949841340, -10.07133069821795601, 4.376330788787932136 ) ) ;
#4461 = CARTESIAN_POINT ( 'NONE',  ( -22.03668677385994101, -19.75516721391745278, -17.09493679166736868 ) ) ;
#4462 = EDGE_CURVE ( 'NONE', #5089, #63, #4172, .T. ) ;
#4463 =( BOUNDED_SURFACE ( )  B_SPLINE_SURFACE ( 3, 2, ( 
 ( #3318, #4320, #6297 ),
 ( #916, #1803, #3350 ),
 ( #1898, #2771, #886 ),
 ( #421, #3855, #3379 ),
 ( #819, #938, #4734 ),
 ( #2891, #326, #2257 ) ),
 .UNSPECIFIED., .F., .F., .T. ) 
 B_SPLINE_SURFACE_WITH_KNOTS ( ( 4, 2, 4 ),
 ( 3, 3 ),
 ( 0.03550884554978882279, 0.04202798609131315477, 0.04854712663283747981 ),
 ( 0.000000000000000000, 0.6917413224632185109 ),
 .UNSPECIFIED. ) 
 GEOMETRIC_REPRESENTATION_ITEM ( )  RATIONAL_B_SPLINE_SURFACE ( (
 ( 1.000000000000000000, 0.9620558843537282412, 0.9766067941811551467),
 ( 1.000000000000000000, 0.9748079053400228178, 0.9844686364314680915),
 ( 1.000000000000000000, 0.9842448256156822728, 0.9902866615598577837),
 ( 1.000000000000000000, 0.9968342058113549564, 0.9980482329401092478),
 ( 1.000000000000000000, 0.9999920470041762099, 0.9999950968400499463),
 ( 1.000000000000000000, 1.000000000000000000, 1.000000000000000000) ) ) 
 REPRESENTATION_ITEM ( '' )  SURFACE ( )  );
#4464 = ORIENTED_EDGE ( 'NONE', *, *, #1003, .T. ) ;
#4465 = CARTESIAN_POINT ( 'NONE',  ( -27.92104170572978461, -9.953384546750411843, 6.180520935988838005 ) ) ;
#4466 = CARTESIAN_POINT ( 'NONE',  ( -10.51148541541503434, 27.66124660863707874, 6.593520179592082364 ) ) ;
#4467 = CIRCLE ( 'NONE', #1304, 10.00000000000000000 ) ;
#4468 = CARTESIAN_POINT ( 'NONE',  ( 29.94477444957584211, -3.276449517372203690, 6.869834404842372066 ) ) ;
#4469 = CARTESIAN_POINT ( 'NONE',  ( 31.50000000000000000, 3.839189452744290243, -7.278657492133241647 ) ) ;
#4470 = CARTESIAN_POINT ( 'NONE',  ( 28.38025624127883617, -2.662800725239320432, 12.29727403865105195 ) ) ;
#4471 = CARTESIAN_POINT ( 'NONE',  ( 28.32123585219081008, 7.580464906482283993, 6.162648984321447365 ) ) ;
#4472 = FACE_OUTER_BOUND ( 'NONE', #4309, .T. ) ;
#4473 = ORIENTED_EDGE ( 'NONE', *, *, #6145, .T. ) ;
#4474 = CARTESIAN_POINT ( 'NONE',  ( -31.49999999999999289, 8.500000000000000000, 0.8039144995323185272 ) ) ;
#4475 = CARTESIAN_POINT ( 'NONE',  ( 36.00000000000000711, 0.000000000000000000, -204.9999999999999147 ) ) ;
#4476 = CARTESIAN_POINT ( 'NONE',  ( 7.660846891986399676, -25.95166692223251559, 7.783254563733537523 ) ) ;
#4477 = EDGE_LOOP ( 'NONE', ( #4946, #40, #3313, #3569, #4010, #3229 ) ) ;
#4478 = CARTESIAN_POINT ( 'NONE',  ( 31.23610462674246335, 11.75495472448512579, 0.4285619376487177501 ) ) ;
#4479 = DIRECTION ( 'NONE',  ( 1.000000000000000000, 0.000000000000000000, 0.000000000000000000 ) ) ;
#4480 = CARTESIAN_POINT ( 'NONE',  ( -12.05335278169656199, 27.00000000000000000, 1.748442263614759851 ) ) ;
#4481 = CARTESIAN_POINT ( 'NONE',  ( -36.00000000000000000, 0.000000000000000000, -204.9999999999999432 ) ) ;
#4482 = CARTESIAN_POINT ( 'NONE',  ( -12.29196873797681988, -24.06725188224300993, 12.65143783279589407 ) ) ;
#4483 = CARTESIAN_POINT ( 'NONE',  ( -21.07151167542280135, -24.34326483692604626, 0.2852210807021612338 ) ) ;
#4484 = CIRCLE ( 'NONE', #5330, 28.50000000000000000 ) ;
#4485 = CARTESIAN_POINT ( 'NONE',  ( -31.49999999999999289, -6.285224116353917090, -8.436312926793663181 ) ) ;
#4486 = CARTESIAN_POINT ( 'NONE',  ( 1.942477735139021012E-14, 5.445214669161334342, -48.01952427956805991 ) ) ;
#4487 = CARTESIAN_POINT ( 'NONE',  ( -23.59102848918085726, -16.00336427858899313, 14.06933930537054600 ) ) ;
#4488 = CARTESIAN_POINT ( 'NONE',  ( 12.13735989035334306, 27.18822263110597603, 7.033216551288543172 ) ) ;
#4489 = CARTESIAN_POINT ( 'NONE',  ( -28.02892214448413455, -5.266459591572746568, 12.72394844617559961 ) ) ;
#4490 = CARTESIAN_POINT ( 'NONE',  ( -15.42913967804783582, 24.83306652968430939, 6.281513939139304448 ) ) ;
#4491 = EDGE_LOOP ( 'NONE', ( #2407, #1326, #1821 ) ) ;
#4492 = CARTESIAN_POINT ( 'NONE',  ( 6.983414326232600722, 28.14326814615254335, 6.179061290014074004 ) ) ;
#4493 = CARTESIAN_POINT ( 'NONE',  ( -28.60439678332322444, -5.148755027281387342, 6.049154002934327146 ) ) ;
#4494 = ADVANCED_FACE ( 'NONE', ( #4257 ), #976, .T. ) ;
#4495 = CARTESIAN_POINT ( 'NONE',  ( -5.390210720669454503, 26.49128362261643588, 8.869201222204166513 ) ) ;
#4496 = CARTESIAN_POINT ( 'NONE',  ( -27.67354718823270332, 6.836379330064245252, 9.636348804041464433 ) ) ;
#4497 = CARTESIAN_POINT ( 'NONE',  ( 24.60132470551724282, 14.40215446988027459, 14.01710753282055677 ) ) ;
#4498 = CARTESIAN_POINT ( 'NONE',  ( 28.41157404223410765, -2.328585709082134247, 9.320885140879500597 ) ) ;
#4499 = CARTESIAN_POINT ( 'NONE',  ( -31.46756814691497439, 9.638517588052952334, -10.99999999999997158 ) ) ;
#4500 =( BOUNDED_SURFACE ( )  B_SPLINE_SURFACE ( 3, 2, ( 
 ( #1614, #2203, #3240 ),
 ( #3123, #4164, #6118 ),
 ( #3682, #5647, #1139 ),
 ( #6014, #3203, #2721 ),
 ( #5100, #4686, #3088 ),
 ( #309, #2239, #210 ),
 ( #4207, #1758, #2131 ),
 ( #704, #2648, #4616 ),
 ( #247, #1312, #5242 ),
 ( #2306, #4333, #2788 ),
 ( #1885, #4753, #4266 ),
 ( #1820, #5331, #3778 ),
 ( #4963, #70, #2452 ),
 ( #44, #5862, #1964 ),
 ( #2542, #1994, #5444 ),
 ( #3512, #2423, #3052 ),
 ( #4993, #1040, #2958 ),
 ( #2509, #604, #1546 ),
 ( #9, #1577, #1937 ),
 ( #4505, #543, #3957 ),
 ( #1102, #571, #5922 ),
 ( #3930, #1459, #5891 ),
 ( #1518, #1485, #136 ),
 ( #4387, #4415, #3480 ),
 ( #5410, #5475, #4935 ),
 ( #1008, #3447, #2480 ) ),
 .UNSPECIFIED., .F., .F., .F. ) 
 B_SPLINE_SURFACE_WITH_KNOTS ( ( 4, 2, 2, 2, 2, 2, 2, 2, 2, 2, 2, 2, 4 ),
 ( 3, 3 ),
 ( 0.008344040693241764825, 0.01091060809116994185, 0.01347717548909811713, 0.01861031028495446771, 0.02117687768288264299, 0.02374344508081081828, 0.02887657987666717233, 0.03144314727459535108, 0.03400971467252352637, 0.03914284946837987694, 0.04170941686630805223, 0.04427598426423622752, 0.04940911906009257809 ),
 ( 0.000000000000000000, 0.6890140925415790818 ),
 .UNSPECIFIED. ) 
 GEOMETRIC_REPRESENTATION_ITEM ( )  RATIONAL_B_SPLINE_SURFACE ( (
 ( 1.000000000000000000, 0.9622054812105016453, 0.9764928745545868871),
 ( 1.000000000000000000, 0.9584365072221296966, 0.9741486789626648823),
 ( 1.000000000000000000, 0.9546128378909684020, 0.9717704644091207378),
 ( 1.000000000000000000, 0.9470747286802709830, 0.9670819729423019151),
 ( 1.000000000000000000, 0.9433839084752371207, 0.9647863868008452748),
 ( 1.000000000000000000, 0.9326326609075441532, 0.9580994138385467984),
 ( 1.000000000000000000, 0.9258895098873307639, 0.9539053639602463885),
 ( 1.000000000000000000, 0.9167783466145172921, 0.9482384772034511133),
 ( 1.000000000000000000, 0.9139002783631652305, 0.9464483998697028611),
 ( 1.000000000000000000, 0.9086048457387969624, 0.9431547900295547127),
 ( 1.000000000000000000, 0.9061871241921127806, 0.9416510353711999848),
 ( 1.000000000000000000, 0.8996940227366807541, 0.9376125092745259959),
 ( 1.000000000000000000, 0.8963804524048741840, 0.9355515619213976564),
 ( 1.000000000000000000, 0.8932060513629210829, 0.9335771739440599237),
 ( 1.000000000000000000, 0.8924459489068106155, 0.9331044116399103139),
 ( 1.000000000000000000, 0.8915680862039678800, 0.9325584057813753880),
 ( 1.000000000000000000, 0.8914482625406843219, 0.9324838788400529044),
 ( 1.000000000000000000, 0.8920296698459545537, 0.9328454977969176110),
 ( 1.000000000000000000, 0.8936756496265195748, 0.9338692508283521487),
 ( 1.000000000000000000, 0.8978873695453857273, 0.9364888219102107669),
 ( 1.000000000000000000, 0.8995806802708187222, 0.9375420134553265061),
 ( 1.000000000000000000, 0.9035128678305843763, 0.9399877232884674694),
 ( 1.000000000000000000, 0.9057617840227758510, 0.9413864857741205405),
 ( 1.000000000000000000, 0.9131510530474955534, 0.9459824028403343021),
 ( 1.000000000000000000, 0.9189455121914404945, 0.9495863931105552602),
 ( 1.000000000000000000, 0.9253430461323963740, 0.9535654789068035431) ) ) 
 REPRESENTATION_ITEM ( '' )  SURFACE ( )  );
#4501 = AXIS2_PLACEMENT_3D ( 'NONE', #5890, #3510, #2957 ) ;
#4502 = CARTESIAN_POINT ( 'NONE',  ( 31.49999999999999289, 7.972240374006376307, 0.9465765509447534587 ) ) ;
#4503 = ORIENTED_EDGE ( 'NONE', *, *, #5508, .T. ) ;
#4504 = DIRECTION ( 'NONE',  ( 0.000000000000000000, -0.000000000000000000, 1.000000000000000000 ) ) ;
#4505 = CARTESIAN_POINT ( 'NONE',  ( -24.16334938078752259, 12.06159264567930656, 13.91358314720031863 ) ) ;
#4506 = B_SPLINE_CURVE_WITH_KNOTS ( 'NONE', 3,
 ( #3477, #1038, #2507, #4470, #97, #3988, #1099, #3047 ),
 .UNSPECIFIED., .F., .F.,
 ( 4, 2, 2, 4 ),
 ( 0.000000000000000000, 0.003200494389304266683, 0.004800741583956400459, 0.006400988778608531632 ),
 .UNSPECIFIED. ) ;
#4507 = ORIENTED_EDGE ( 'NONE', *, *, #4236, .T. ) ;
#4508 = CARTESIAN_POINT ( 'NONE',  ( 9.563429018424821848, 26.87010139416085508, 11.30897581551291431 ) ) ;
#4509 = FACE_OUTER_BOUND ( 'NONE', #5194, .T. ) ;
#4510 = CARTESIAN_POINT ( 'NONE',  ( -31.49999999999999289, 4.551060488561528065E-19, -6.613185368461797609 ) ) ;
#4511 = VERTEX_POINT ( 'NONE', #5706 ) ;
#4512 = CARTESIAN_POINT ( 'NONE',  ( -9.401036392209807246, 18.49999999999999645, 2.737135302395491188 ) ) ;
#4513 = CARTESIAN_POINT ( 'NONE',  ( 11.48121245400756330, -26.10308850967274452, 9.133564091997341094 ) ) ;
#4514 = CARTESIAN_POINT ( 'NONE',  ( -3.510226726156595589, -26.93752340328299155, 5.402834184446390076 ) ) ;
#4515 = CARTESIAN_POINT ( 'NONE',  ( 2.840136967742314500, 28.39421498962940049, 6.955537470056448512 ) ) ;
#4516 = CARTESIAN_POINT ( 'NONE',  ( 29.52498335551875286, -7.700404266505024964, 7.049557377645745859 ) ) ;
#4517 = APPROVAL_ROLE ( '' ) ;
#4518 = CARTESIAN_POINT ( 'NONE',  ( 11.49999999999999289, 28.49999999999999645, 1.893709856737656017 ) ) ;
#4519 = CARTESIAN_POINT ( 'NONE',  ( 26.46999257340099376, 19.38447534843835030, 3.490628111443723203 ) ) ;
#4520 = CARTESIAN_POINT ( 'NONE',  ( -31.49999999999998579, -7.344412678282937534, 4.417127727489011946 ) ) ;
#4521 = CARTESIAN_POINT ( 'NONE',  ( -16.48908333598602027, -23.25701191540159840, 9.787520343763876696 ) ) ;
#4522 = CARTESIAN_POINT ( 'NONE',  ( 10.29889597362938680, 28.49999999999999645, 2.432614641206275241 ) ) ;
#4523 = CARTESIAN_POINT ( 'NONE',  ( -15.86795759327958066, -21.96546304478899359, -17.82360259478768327 ) ) ;
#4524 = VERTEX_POINT ( 'NONE', #864 ) ;
#4525 = CARTESIAN_POINT ( 'NONE',  ( -3.275781220574812025, 27.00000000001667644, 4.836659839979462028 ) ) ;
#4526 = ADVANCED_FACE ( 'NONE', ( #5267 ), #3433, .T. ) ;
#4527 = CARTESIAN_POINT ( 'NONE',  ( -14.48363470419529087, -24.55314171573493098, 13.04702821019012760 ) ) ;
#4528 = CARTESIAN_POINT ( 'NONE',  ( -3.114534122730411525, 26.86588171640186218, 6.187986107474106490 ) ) ;
#4529 = CARTESIAN_POINT ( 'NONE',  ( 10.65519161633978129, 26.17284309583468271, 6.194006878733550714 ) ) ;
#4530 = CARTESIAN_POINT ( 'NONE',  ( 16.13498097930839492, 23.50106720044440323, 13.41087533163807421 ) ) ;
#4531 = CARTESIAN_POINT ( 'NONE',  ( 29.74316814286445876, 6.496056633907191902, 6.911661193781208468 ) ) ;
#4532 = CARTESIAN_POINT ( 'NONE',  ( 24.32896164614447443, -20.31616379259511973, -17.29803339321822264 ) ) ;
#4533 = EDGE_CURVE ( 'NONE', #1736, #4699, #2443, .T. ) ;
#4534 = VERTEX_POINT ( 'NONE', #5233 ) ;
#4535 = CARTESIAN_POINT ( 'NONE',  ( 27.53802940733717719, 14.83470425481495525, 7.061200307172145862 ) ) ;
#4536 = CARTESIAN_POINT ( 'NONE',  ( 31.49999999999999289, 8.499999999998502531, 0.8039144995327168752 ) ) ;
#4537 = AXIS2_PLACEMENT_3D ( 'NONE', #5230, #4290, #6204 ) ;
#4538 = EDGE_LOOP ( 'NONE', ( #3271, #752, #5913, #2266, #926 ) ) ;
#4539 = CARTESIAN_POINT ( 'NONE',  ( -9.039819103606014039, 27.03398624781679160, 10.98672166900421310 ) ) ;
#4540 =( BOUNDED_SURFACE ( )  B_SPLINE_SURFACE ( 3, 2, ( 
 ( #6183, #1787, #3745 ),
 ( #5713, #5749, #2305 ),
 ( #3900, #4934, #1911 ),
 ( #4868, #5861, #5356 ),
 ( #1545, #2926, #3013 ),
 ( #2026, #4962, #541 ) ),
 .UNSPECIFIED., .F., .F., .F. ) 
 B_SPLINE_SURFACE_WITH_KNOTS ( ( 4, 2, 4 ),
 ( 3, 3 ),
 ( -3.376389944004674952E-05, 0.004801843139215615681, 0.009637450177871277265 ),
 ( 0.000000000000000000, 1.000000000000000000 ),
 .UNSPECIFIED. ) 
 GEOMETRIC_REPRESENTATION_ITEM ( )  RATIONAL_B_SPLINE_SURFACE ( (
 ( 1.000000000000000000, 1.000000000000000000, 1.000000000000000000),
 ( 1.000000000000000000, 0.9999867911752029492, 1.000000000000000000),
 ( 1.000000000000000000, 0.9983244081090597577, 1.000000000000000000),
 ( 1.000000000000000000, 0.9912328020302422216, 1.000000000000000000),
 ( 1.000000000000000000, 0.9858291744965276271, 1.000000000000000000),
 ( 1.000000000000000000, 0.9777825185304200861, 1.000000000000000000) ) ) 
 REPRESENTATION_ITEM ( '' )  SURFACE ( )  );
#4541 = CARTESIAN_POINT ( 'NONE',  ( 12.86808573343681239, 25.43694346323869482, 12.59428880901669245 ) ) ;
#4542 = CARTESIAN_POINT ( 'NONE',  ( 13.66821526289419708, -25.40057177991632287, 6.358119300770637139 ) ) ;
#4543 = DIRECTION ( 'NONE',  ( 0.000000000000000000, 0.000000000000000000, -1.000000000000000000 ) ) ;
#4544 = CARTESIAN_POINT ( 'NONE',  ( -31.37337570621195937, 10.77078882151695893, 0.5288221201563715335 ) ) ;
#4545 = CARTESIAN_POINT ( 'NONE',  ( -28.69245654985071425, 2.532433752884651668, 6.092913650714684159 ) ) ;
#4546 = CARTESIAN_POINT ( 'NONE',  ( 25.13122836511636748, -9.888023868831304242, 13.68621312230856546 ) ) ;
#4547 = CARTESIAN_POINT ( 'NONE',  ( 193.2911684466444626, -2.939152317953647500E-15, -123.3408453358350982 ) ) ;
#4548 = CARTESIAN_POINT ( 'NONE',  ( -29.99999999999799272, -2.417310649022242686, 4.017542291724349290 ) ) ;
#4549 = CARTESIAN_POINT ( 'NONE',  ( 10.29523675954784068, -28.49999999999999645, 2.434080474021799834 ) ) ;
#4550 = CARTESIAN_POINT ( 'NONE',  ( 29.99999999999999289, -2.318287782555062293, 1.565314918633978536 ) ) ;
#4551 = CARTESIAN_POINT ( 'NONE',  ( 25.01305148855641391, 21.14939677509376637, 3.504620587168499668 ) ) ;
#4552 = CC_DESIGN_DATE_AND_TIME_ASSIGNMENT ( #3096, #5073, ( #1995 ) ) ;
#4553 = CARTESIAN_POINT ( 'NONE',  ( -23.63321511024872379, -19.03028779196511877, 5.979094617187866056 ) ) ;
#4554 = CARTESIAN_POINT ( 'NONE',  ( 13.63248339664938769, -28.38840098513759003, 1.427411456387958966 ) ) ;
#4555 = CARTESIAN_POINT ( 'NONE',  ( 9.456910393121864574E-16, 28.49999999999999645, 4.999999999999999112 ) ) ;
#4556 = ADVANCED_FACE ( 'NONE', ( #831 ), #2934, .F. ) ;
#4557 = ORIENTED_EDGE ( 'NONE', *, *, #1902, .F. ) ;
#4558 = DIRECTION ( 'NONE',  ( -1.000000000000000000, 0.000000000000000000, 0.000000000000000000 ) ) ;
#4559 = CARTESIAN_POINT ( 'NONE',  ( -6.968561660781563916, 26.70024100422063285, 5.744735206580242171 ) ) ;
#4560 = CARTESIAN_POINT ( 'NONE',  ( 10.97428217230951475, 26.09925090701945649, 6.245065662695736819 ) ) ;
#4561 = EDGE_CURVE ( 'NONE', #5696, #2425, #3122, .T. ) ;
#4562 = CARTESIAN_POINT ( 'NONE',  ( 11.49999999999999289, -28.49999999999999645, 1.893709856737193720 ) ) ;
#4563 = CARTESIAN_POINT ( 'NONE',  ( 25.94028042816193391, -15.59099284354602766, 6.000772944994528402 ) ) ;
#4564 = ORIENTED_EDGE ( 'NONE', *, *, #894, .T. ) ;
#4565 = EDGE_CURVE ( 'NONE', #143, #4334, #3861, .T. ) ;
#4566 = CARTESIAN_POINT ( 'NONE',  ( 22.36756965440836353, 25.31172739394058624, 4.219608150465845142 ) ) ;
#4567 = CARTESIAN_POINT ( 'NONE',  ( -26.18778959211058677, 19.81298460227096214, -0.01639395328043422723 ) ) ;
#4568 = ORIENTED_EDGE ( 'NONE', *, *, #4971, .F. ) ;
#4569 = EDGE_CURVE ( 'NONE', #3547, #1736, #982, .T. ) ;
#4570 = ORIENTED_EDGE ( 'NONE', *, *, #4851, .T. ) ;
#4571 = DIRECTION ( 'NONE',  ( 0.000000000000000000, -0.000000000000000000, 1.000000000000000000 ) ) ;
#4572 = CARTESIAN_POINT ( 'NONE',  ( -16.53589976914516768, -25.66458354344432991, 7.147606876579096991 ) ) ;
#4573 = AXIS2_PLACEMENT_3D ( 'NONE', #2689, #4136, #283 ) ;
#4574 = CARTESIAN_POINT ( 'NONE',  ( 27.00463357368125727, 15.81394684747882273, -15.36675975340473599 ) ) ;
#4575 = CYLINDRICAL_SURFACE ( 'NONE', #2103, 18.49999999999999645 ) ;
#4576 = CARTESIAN_POINT ( 'NONE',  ( 3.141833219292780033, 26.99999999999999645, 4.277858461225861220 ) ) ;
#4577 = CARTESIAN_POINT ( 'NONE',  ( -30.47671302109625202, 14.95466956104178102, 0.1658846772194759456 ) ) ;
#4578 = CARTESIAN_POINT ( 'NONE',  ( 8.590029030290036616, 25.60301028471338114, 11.00360569266440258 ) ) ;
#4579 = DIRECTION ( 'NONE',  ( 0.000000000000000000, -0.2609504664688617748, -0.9653521917153777832 ) ) ;
#4580 = CARTESIAN_POINT ( 'NONE',  ( 24.90578709937102175, -10.44293848564639227, 13.75402352938518824 ) ) ;
#4581 = CARTESIAN_POINT ( 'NONE',  ( -3.141431759197336415, -28.50000000000000000, 4.277950638296458052 ) ) ;
#4582 = DIRECTION ( 'NONE',  ( 0.4145910441407848479, 0.000000000000000000, 0.9100078384927539066 ) ) ;
#4583 = CARTESIAN_POINT ( 'NONE',  ( -29.99999999999999289, 4.851210900566091944, 3.983432743808168919 ) ) ;
#4584 = COORDINATED_UNIVERSAL_TIME_OFFSET ( 1, 0, .AHEAD. ) ;
#4585 = CARTESIAN_POINT ( 'NONE',  ( 29.99999999999999289, -4.615797270585837886, 1.407900385462924620 ) ) ;
#4586 = CARTESIAN_POINT ( 'NONE',  ( 25.70690526698030709, 16.01668708762035109, 5.993291981166705362 ) ) ;
#4587 = B_SPLINE_CURVE_WITH_KNOTS ( 'NONE', 3,
 ( #3436, #5398, #996, #2946, #89, #4921, #2014, #529, #2467, #4431, #3976, #2590, #6017 ),
 .UNSPECIFIED., .F., .F.,
 ( 4, 2, 1, 2, 2, 2, 4 ),
 ( -3.384249711811337610E-05, 0.0006103608681805190164, 0.001254564233479151273, 0.002542970964076416221, 0.005119784425270947417, 0.007696597886465476011, 0.01027341134766000287 ),
 .UNSPECIFIED. ) ;
#4588 = CARTESIAN_POINT ( 'NONE',  ( -25.93989370559028984, -15.59174094246621856, 6.000757813902394489 ) ) ;
#4589 = CARTESIAN_POINT ( 'NONE',  ( 14.56807251662560709, -28.26579046616230073, 1.251310186544508651 ) ) ;
#4590 = CARTESIAN_POINT ( 'NONE',  ( 11.49999999999999289, 23.99146246942696692, -18.79915154909359032 ) ) ;
#4591 = ORIENTED_EDGE ( 'NONE', *, *, #1700, .T. ) ;
#4592 = CARTESIAN_POINT ( 'NONE',  ( 21.70201954573525427, 21.01666243584453397, 6.021698643379237659 ) ) ;
#4593 = CARTESIAN_POINT ( 'NONE',  ( -27.50204266647886087, -7.502066990867032992, 13.22536801500305081 ) ) ;
#4594 = FACE_OUTER_BOUND ( 'NONE', #3801, .T. ) ;
#4595 = AXIS2_PLACEMENT_3D ( 'NONE', #4975, #2409, #1950 ) ;
#4596 = DIRECTION ( 'NONE',  ( 0.000000000000000000, -1.000000000000000000, -0.000000000000000000 ) ) ;
#4597 = CARTESIAN_POINT ( 'NONE',  ( 9.401036392209761061, -18.49999999999999645, 2.737135302395515168 ) ) ;
#4598 = CARTESIAN_POINT ( 'NONE',  ( -31.49999999999999289, 8.500000000000008882, -10.02838013942480089 ) ) ;
#4599 = CARTESIAN_POINT ( 'NONE',  ( 25.24589953042610091, -16.79154474207076930, 5.982957350258101492 ) ) ;
#4600 = CARTESIAN_POINT ( 'NONE',  ( -30.47622457242496097, 14.95226819891837167, 0.1662523215370420859 ) ) ;
#4601 = CARTESIAN_POINT ( 'NONE',  ( 23.87195007503671462, 24.26784750814499247, 4.167898142574860465 ) ) ;
#4602 = CARTESIAN_POINT ( 'NONE',  ( -13.87977547706226567, 26.85604626211511814, 1.339767383367643339 ) ) ;
#4603 = AXIS2_PLACEMENT_3D ( 'NONE', #1871, #5852, #939 ) ;
#4604 = VERTEX_POINT ( 'NONE', #1509 ) ;
#4605 = CARTESIAN_POINT ( 'NONE',  ( -21.49999999999998579, -8.499999999999225508, 0.8039144995325251397 ) ) ;
#4606 = ORIENTED_EDGE ( 'NONE', *, *, #2382, .T. ) ;
#4607 = CARTESIAN_POINT ( 'NONE',  ( -28.32123585219081008, 7.580464906482192511, 6.162648984321450030 ) ) ;
#4608 = CIRCLE ( 'NONE', #4614, 10.00000000000000178 ) ;
#4609 = CARTESIAN_POINT ( 'NONE',  ( -29.41500027804812589, -17.41618023512520352, 0.04727629840408110323 ) ) ;
#4610 = CARTESIAN_POINT ( 'NONE',  ( 26.47697207706134748, -19.37740895108333206, -0.01095631430188952551 ) ) ;
#4611 = CARTESIAN_POINT ( 'NONE',  ( -31.46756814691547532, -9.638517588044267725, -10.99999999999242029 ) ) ;
#4612 = CARTESIAN_POINT ( 'NONE',  ( 10.29523675954576056, -26.99999999999999645, 2.434080474021870000 ) ) ;
#4613 = CARTESIAN_POINT ( 'NONE',  ( 29.99999999999999289, -6.900808533012581236, 1.136834755483630888 ) ) ;
#4614 = AXIS2_PLACEMENT_3D ( 'NONE', #4512, #1685, #5518 ) ;
#4615 = CARTESIAN_POINT ( 'NONE',  ( -26.13596430855037411, 17.38177431920447802, 7.036627030438679320 ) ) ;
#4616 = CARTESIAN_POINT ( 'NONE',  ( -17.03110617352736611, 24.25118908555604236, 6.069963727743737714 ) ) ;
#4617 = CARTESIAN_POINT ( 'NONE',  ( 0.9067135127654606386, 22.22109276627933738, -19.58814735317960398 ) ) ;
#4618 = CARTESIAN_POINT ( 'NONE',  ( 27.64407408765578822, -11.57274353224602770, 6.015041375652625533 ) ) ;
#4619 = CARTESIAN_POINT ( 'NONE',  ( -11.49999999999999289, -28.49999999999999645, 1.893709856737651576 ) ) ;
#4620 = EDGE_CURVE ( 'NONE', #3924, #3293, #410, .T. ) ;
#4621 = CARTESIAN_POINT ( 'NONE',  ( -28.56167730458616205, -5.032553028544415774, 6.123305010327407594 ) ) ;
#4622 = CARTESIAN_POINT ( 'NONE',  ( -13.10533974544182811, -25.56117190070912670, 6.383251992577357647 ) ) ;
#4623 = CARTESIAN_POINT ( 'NONE',  ( 26.55557963800309906, 14.36863966346007970, 6.026892823417987266 ) ) ;
#4624 = CARTESIAN_POINT ( 'NONE',  ( -17.93937566825801966, -23.67036574203849497, 6.169786898647212858 ) ) ;
#4625 = CARTESIAN_POINT ( 'NONE',  ( 23.87010503098539971, -24.26928285560561349, 4.167952988949251036 ) ) ;
#4626 = CARTESIAN_POINT ( 'NONE',  ( 25.70870387575033078, 19.33175690931016177, -16.83244213488610797 ) ) ;
#4627 = EDGE_LOOP ( 'NONE', ( #609, #6126, #3302, #931, #2919, #1269, #3451 ) ) ;
#4628 = CARTESIAN_POINT ( 'NONE',  ( -27.83893168232501125, 14.29129035009761850, 6.998666745381036058 ) ) ;
#4629 = FACE_BOUND ( 'NONE', #6135, .T. ) ;
#4630 = CARTESIAN_POINT ( 'NONE',  ( -21.49999999999999289, -6.900808533012641632, 1.136834755483626003 ) ) ;
#4631 = CARTESIAN_POINT ( 'NONE',  ( -17.64475270847243848, 25.14811566261859355, 7.139321805427921497 ) ) ;
#4632 = CARTESIAN_POINT ( 'NONE',  ( 17.93889802653745846, -23.67062135435006454, 6.169808260730076377 ) ) ;
#4633 = CARTESIAN_POINT ( 'NONE',  ( 6.123233995736767268E-16, -28.49999999999999645, 5.000000000000000000 ) ) ;
#4634 = CARTESIAN_POINT ( 'NONE',  ( -23.65595744762071462, 24.43554016393060024, 0.1358559445560350576 ) ) ;
#4635 = ORIENTED_EDGE ( 'NONE', *, *, #2417, .T. ) ;
#4636 = PLANE ( 'NONE',  #5364 ) ;
#4637 = ORIENTED_EDGE ( 'NONE', *, *, #5345, .F. ) ;
#4638 = CARTESIAN_POINT ( 'NONE',  ( 27.79672860427426784, -6.292207792207793915, 12.96227999980796675 ) ) ;
#4639 = ORIENTED_EDGE ( 'NONE', *, *, #860, .F. ) ;
#4640 = CARTESIAN_POINT ( 'NONE',  ( -30.00000000000378009, 7.992599567412167261, 3.942565912641219583 ) ) ;
#4641 = CARTESIAN_POINT ( 'NONE',  ( -27.68302768285418125, -20.26779219052340864, 4.108553322665795093 ) ) ;
#4642 = CARTESIAN_POINT ( 'NONE',  ( 17.99132301766195141, -25.87855332895295035, 3.843075438457779214 ) ) ;
#4643 = CARTESIAN_POINT ( 'NONE',  ( 36.00000000000000711, 0.000000000000000000, -123.3408453358350698 ) ) ;
#4644 = CARTESIAN_POINT ( 'NONE',  ( 27.92104170573121991, -9.953384546751992801, 6.180520935986703712 ) ) ;
#4645 = CARTESIAN_POINT ( 'NONE',  ( 10.29309592552064068, 26.25299711024274885, 6.105408687617781993 ) ) ;
#4646 = ADVANCED_FACE ( 'NONE', ( #5856 ), #4761, .F. ) ;
#4647 = ORIENTED_EDGE ( 'NONE', *, *, #1942, .T. ) ;
#4648 = CC_DESIGN_APPROVAL ( #1528, ( #4131 ) ) ;
#4649 = B_SPLINE_CURVE_WITH_KNOTS ( 'NONE', 3,
 ( #264, #4150, #5157, #1160, #5054, #791, #294, #2153, #2599, #3109, #5084, #688, #6100, #4598 ),
 .UNSPECIFIED., .F., .F.,
 ( 4, 2, 2, 2, 2, 2, 4 ),
 ( 0.04860781536826957322, 0.05090158937569047581, 0.05204847637940093058, 0.05319536338311138535, 0.05434225038682183317, 0.05548913739053228794, 0.05778291139795319054 ),
 .UNSPECIFIED. ) ;
#4650 = CARTESIAN_POINT ( 'NONE',  ( 9.088560082972048093, 25.44697487304626193, 8.195571639965324451 ) ) ;
#4651 = EDGE_CURVE ( 'NONE', #4961, #277, #684, .T. ) ;
#4652 = CARTESIAN_POINT ( 'NONE',  ( 1.301296957422298679E-14, -10.27550681222206741, -47.61594419325350458 ) ) ;
#4653 = CARTESIAN_POINT ( 'NONE',  ( 12.96962339730523794, -25.40709079288437522, 12.64995412165557553 ) ) ;
#4654 = DIRECTION ( 'NONE',  ( 0.000000000000000000, 0.000000000000000000, 1.000000000000000000 ) ) ;
#4655 = CARTESIAN_POINT ( 'NONE',  ( -29.99561404899381145, 8.902816274078407588, -11.00000000000001066 ) ) ;
#4656 = CARTESIAN_POINT ( 'NONE',  ( 10.81751561652723836, -28.49999999999999645, 2.217075045107393727 ) ) ;
#4657 = CARTESIAN_POINT ( 'NONE',  ( 30.00000000000400391, -1.221440939219031518, 4.026088177829281634 ) ) ;
#4658 = CARTESIAN_POINT ( 'NONE',  ( 27.41054292933958436, 17.95790673026044715, 3.501076430091854874 ) ) ;
#4659 = CARTESIAN_POINT ( 'NONE',  ( -1.177876557603634522, 26.97796333021354442, 5.855619155681071497 ) ) ;
#4660 = CARTESIAN_POINT ( 'NONE',  ( 31.46756814691497439, -9.638517588053012730, -11.00000000000000888 ) ) ;
#4661 = CARTESIAN_POINT ( 'NONE',  ( 25.04034813791528435, -18.95334109436090841, 7.033052768165885205 ) ) ;
#4662 = CARTESIAN_POINT ( 'NONE',  ( -11.49999999999999289, -28.49999999999999645, -11.00000000000000000 ) ) ;
#4663 = EDGE_LOOP ( 'NONE', ( #3911, #630, #5635 ) ) ;
#4664 = DIRECTION ( 'NONE',  ( 1.000000000000000000, 0.000000000000000000, 0.000000000000000000 ) ) ;
#4665 = ADVANCED_FACE ( 'NONE', ( #4594 ), #542, .F. ) ;
#4666 = FACE_OUTER_BOUND ( 'NONE', #235, .T. ) ;
#4667 = CARTESIAN_POINT ( 'NONE',  ( -17.88920633456706710, -27.49692310629692571, 0.7234632840043251356 ) ) ;
#4668 = ADVANCED_FACE ( 'NONE', ( #4666 ), #3958, .F. ) ;
#4669 = CARTESIAN_POINT ( 'NONE',  ( 22.73900986831041138, 23.24445358627531988, 0.1362345674696155695 ) ) ;
#4670 = CARTESIAN_POINT ( 'NONE',  ( 25.52778998050882464, 8.813974538709162587, 13.53276134980105994 ) ) ;
#4671 = CARTESIAN_POINT ( 'NONE',  ( -1.349982188062357924, -26.99999999999999645, 5.981057558117344186 ) ) ;
#4672 = CARTESIAN_POINT ( 'NONE',  ( -20.29645494618671009, 26.47376249280676674, 0.4384868438345722597 ) ) ;
#4673 = EDGE_LOOP ( 'NONE', ( #1163, #561, #3037, #5892 ) ) ;
#4674 = CARTESIAN_POINT ( 'NONE',  ( 23.50798613077003907, 24.54840945512000516, 0.1459961187872275967 ) ) ;
#4675 = CARTESIAN_POINT ( 'NONE',  ( 1.782535619375719360, -28.50000000000802913, 5.304406058833852633 ) ) ;
#4676 = VERTEX_POINT ( 'NONE', #2217 ) ;
#4677 = CARTESIAN_POINT ( 'NONE',  ( 31.49999999999999289, -8.500000000000012434, -10.02838013942478490 ) ) ;
#4678 = ORIENTED_EDGE ( 'NONE', *, *, #3474, .T. ) ;
#4679 = CARTESIAN_POINT ( 'NONE',  ( -23.50798613077032684, -24.54840945511982042, 0.1459961187869794619 ) ) ;
#4680 = CARTESIAN_POINT ( 'NONE',  ( 27.11141067866443066, -18.44318797333465554, 3.495612519182214495 ) ) ;
#4681 = APPLICATION_CONTEXT ( 'configuration controlled 3d designs of mechanical parts and assemblies' ) ;
#4682 = FACE_OUTER_BOUND ( 'NONE', #5059, .T. ) ;
#4683 = CARTESIAN_POINT ( 'NONE',  ( -9.521663595928368196, 23.99032481749681267, -18.80027497086061317 ) ) ;
#4684 = CARTESIAN_POINT ( 'NONE',  ( -1.270462183403918380E-14, -19.75103731886464331, -21.66931848670140326 ) ) ;
#4685 = CARTESIAN_POINT ( 'NONE',  ( -25.04034813791597003, 18.95334109436046788, 7.033052768165619639 ) ) ;
#4686 = CARTESIAN_POINT ( 'NONE',  ( -11.50664987937161499, 24.44627076611795147, 8.823864470071567823 ) ) ;
#4687 = TOROIDAL_SURFACE ( 'NONE', #584, 10.99999999999999822, 7.500000000000000000 ) ;
#4688 = B_SPLINE_CURVE_WITH_KNOTS ( 'NONE', 3,
 ( #177, #2098, #5484, #4133, #3165, #1079 ),
 .UNSPECIFIED., .F., .F.,
 ( 4, 2, 4 ),
 ( 0.000000000000000000, 0.004834835992683995769, 0.009669671985367991537 ),
 .UNSPECIFIED. ) ;
#4689 = CARTESIAN_POINT ( 'NONE',  ( 1.443326324671371194E-14, -1.132547983555984628, -54.10540704699792514 ) ) ;
#4690 = CARTESIAN_POINT ( 'NONE',  ( 17.92973331417851313, -22.16379781066368793, 9.854564625039182957 ) ) ;
#4691 = CARTESIAN_POINT ( 'NONE',  ( -2.918572314244034190E-15, -27.00000000000000000, 4.999999999999999112 ) ) ;
#4692 = CARTESIAN_POINT ( 'NONE',  ( -20.05909703691581214, 20.67059686553502118, -17.42625847095272462 ) ) ;
#4693 = AXIS2_PLACEMENT_3D ( 'NONE', #307, #5681, #1854 ) ;
#4694 = CARTESIAN_POINT ( 'NONE',  ( 29.99999999999999289, -5.760361348104918733, 1.291060950818237352 ) ) ;
#4695 = CARTESIAN_POINT ( 'NONE',  ( 4.615802790082489482E-16, -28.49999999999999645, 4.999999999999999112 ) ) ;
#4696 = CARTESIAN_POINT ( 'NONE',  ( 31.46756814691552862, 9.638517588043319151, -10.99999999999159428 ) ) ;
#4697 = CARTESIAN_POINT ( 'NONE',  ( 22.34939541080462533, 15.16108194813453203, 14.06933930537128674 ) ) ;
#4698 = FACE_OUTER_BOUND ( 'NONE', #2901, .T. ) ;
#4699 = VERTEX_POINT ( 'NONE', #4185 ) ;
#4700 = CARTESIAN_POINT ( 'NONE',  ( -29.52498335551860720, -7.700404266506197359, 7.049557377645773393 ) ) ;
#4701 = DIRECTION ( 'NONE',  ( 0.4145910441407807956, 0.000000000000000000, 0.9100078384927556829 ) ) ;
#4702 = CARTESIAN_POINT ( 'NONE',  ( 29.39188276248696852, 8.540075667956051220, 7.116655464078175619 ) ) ;
#4703 = CARTESIAN_POINT ( 'NONE',  ( 19.51343920149673750, -22.71461841646464208, 6.102138184211108651 ) ) ;
#4704 = CARTESIAN_POINT ( 'NONE',  ( 29.99561404899381145, -8.902816274078357850, -10.99999999999998224 ) ) ;
#4705 = DIRECTION ( 'NONE',  ( 0.000000000000000000, -0.1340132229722503232, -0.9909795437185320299 ) ) ;
#4706 = FACE_OUTER_BOUND ( 'NONE', #5161, .T. ) ;
#4707 = EDGE_LOOP ( 'NONE', ( #4981, #1292, #482, #5600, #3103, #1069 ) ) ;
#4708 = ADVANCED_FACE ( 'NONE', ( #6299 ), #4284, .F. ) ;
#4709 = CARTESIAN_POINT ( 'NONE',  ( 31.49999999999999289, -5.276451365394323467, -7.867448919673931229 ) ) ;
#4710 = VERTEX_POINT ( 'NONE', #3320 ) ;
#4711 = CARTESIAN_POINT ( 'NONE',  ( -28.32123585219081718, -7.580464906482164089, 6.162648984321450918 ) ) ;
#4712 = CARTESIAN_POINT ( 'NONE',  ( -14.87590447612848799, -28.25468890812367562, 4.626709281911476346 ) ) ;
#4713 = CARTESIAN_POINT ( 'NONE',  ( 26.10754000275971265, -19.86881107807875679, -0.009927738632519464076 ) ) ;
#4714 = AXIS2_PLACEMENT_3D ( 'NONE', #2812, #945, #478 ) ;
#4715 = CARTESIAN_POINT ( 'NONE',  ( 11.49999999999999289, -8.500000000000000000, 5.000000000000000000 ) ) ;
#4716 = CARTESIAN_POINT ( 'NONE',  ( -58.50000000000000000, 2.755455298081543594E-15, -204.9999999999999432 ) ) ;
#4717 = LINE ( 'NONE', #4299, #4278 ) ;
#4718 = CARTESIAN_POINT ( 'NONE',  ( -20.15135538235408674, 23.61862277027245227, 7.099041007591977426 ) ) ;
#4719 = CIRCLE ( 'NONE', #5241, 11.50000000000000000 ) ;
#4720 = CARTESIAN_POINT ( 'NONE',  ( 11.03119398122277595, 24.66597102417948761, 8.732968861503884739 ) ) ;
#4721 = CARTESIAN_POINT ( 'NONE',  ( 21.45987288305266816, -25.85611390610099036, 0.3209153106715152970 ) ) ;
#4722 = CARTESIAN_POINT ( 'NONE',  ( 26.17508845834936793, -11.29404098810177537, 9.871260467839919173 ) ) ;
#4723 = CARTESIAN_POINT ( 'NONE',  ( -11.02790889349388159, 28.50000000000063949, 4.894731007702000980 ) ) ;
#4724 =( BOUNDED_SURFACE ( )  B_SPLINE_SURFACE ( 3, 2, ( 
 ( #4230, #5831, #2872 ),
 ( #4746, #6302, #1906 ),
 ( #3739, #430, #2299 ),
 ( #6278, #2746, #4837 ),
 ( #453, #336, #5200 ),
 ( #5743, #5776, #1372 ) ),
 .UNSPECIFIED., .F., .F., .F. ) 
 B_SPLINE_SURFACE_WITH_KNOTS ( ( 4, 2, 4 ),
 ( 3, 3 ),
 ( 0.03550884554978882279, 0.04202798609131315477, 0.04854712663283749369 ),
 ( 0.000000000000000000, 0.6917412564918641316 ),
 .UNSPECIFIED. ) 
 GEOMETRIC_REPRESENTATION_ITEM ( )  RATIONAL_B_SPLINE_SURFACE ( (
 ( 1.000000000000000000, 0.9620558879724577794, 0.9766067914057157129),
 ( 1.000000000000000000, 0.9748079077425302330, 0.9844686345887425638),
 ( 1.000000000000000000, 0.9842448271183357189, 0.9902866604074893608),
 ( 1.000000000000000000, 0.9968342061131938436, 0.9980482327084948535),
 ( 1.000000000000000000, 0.9999920470049967758, 0.9999950968395063811),
 ( 1.000000000000000000, 1.000000000000000000, 1.000000000000000000) ) ) 
 REPRESENTATION_ITEM ( '' )  SURFACE ( )  );
#4725 = CARTESIAN_POINT ( 'NONE',  ( 7.425625374306050867E-15, 9.445463652072431771, -48.63403036495578391 ) ) ;
#4726 = CARTESIAN_POINT ( 'NONE',  ( 9.401036392209745074, -28.49999999999999645, 2.737135302395451220 ) ) ;
#4727 = CARTESIAN_POINT ( 'NONE',  ( -27.16586956141127018, 18.35942437320915843, -0.0004163829746379515886 ) ) ;
#4728 = CARTESIAN_POINT ( 'NONE',  ( -29.99999999999999289, 6.900808533011558055, 1.136834755483768111 ) ) ;
#4730 = CARTESIAN_POINT ( 'NONE',  ( -17.56175657757725617, 22.45503536298446434, 13.65626316780786986 ) ) ;
#4729 = CARTESIAN_POINT ( 'NONE',  ( -22.34939541080292358, -15.16108194813692300, 14.06933930537128319 ) ) ;
#4731 = VERTEX_POINT ( 'NONE', #6323 ) ;
#4732 = CARTESIAN_POINT ( 'NONE',  ( 25.93989370559030050, 15.59174094246621856, 6.000757813902394489 ) ) ;
#4733 = CARTESIAN_POINT ( 'NONE',  ( 16.14006470377407965, -21.65304098331927563, 13.57335592316122863 ) ) ;
#4734 = CARTESIAN_POINT ( 'NONE',  ( 1.759255232545647640, 26.99999999998873079, 5.201935008776089830 ) ) ;
#4735 = CARTESIAN_POINT ( 'NONE',  ( -31.49999999999999289, 6.900808533012896540, 1.136834755483592252 ) ) ;
#4736 = DIRECTION ( 'NONE',  ( -1.000000000000000000, 0.000000000000000000, 0.000000000000000000 ) ) ;
#4737 = B_SPLINE_CURVE_WITH_KNOTS ( 'NONE', 3,
 ( #2775, #4861, #918, #5263, #473, #4739, #360, #6202, #2869, #388 ),
 .UNSPECIFIED., .F., .F.,
 ( 4, 2, 2, 2, 4 ),
 ( 0.000000000000000000, 0.002930837344902056073, 0.005861674689804109543, 0.008792512034706162147, 0.01172334937960821562 ),
 .UNSPECIFIED. ) ;
#4738 = CARTESIAN_POINT ( 'NONE',  ( 9.401036392209761061, -26.99999999999999645, 2.737135302395515168 ) ) ;
#4739 = CARTESIAN_POINT ( 'NONE',  ( -4.684763128241446140, 21.93752438290044182, -18.09508998374201028 ) ) ;
#4740 = EDGE_CURVE ( 'NONE', #5336, #277, #2007, .T. ) ;
#4741 = CARTESIAN_POINT ( 'NONE',  ( 1.434401753327579465, -28.49999999999999645, 5.987543385710390353 ) ) ;
#4742 = ORIENTED_EDGE ( 'NONE', *, *, #3504, .F. ) ;
#4743 = CARTESIAN_POINT ( 'NONE',  ( 0.9084883426005295748, -22.22185041672941708, -19.58794390616997561 ) ) ;
#4744 = ORIENTED_EDGE ( 'NONE', *, *, #2856, .T. ) ;
#4745 = CARTESIAN_POINT ( 'NONE',  ( -37.54996671103717176, -8.500000000000010658, 12.96227999980796497 ) ) ;
#4746 = CARTESIAN_POINT ( 'NONE',  ( -7.101367036744012928, -27.64070305035607333, 9.793707176821724758 ) ) ;
#4747 = EDGE_CURVE ( 'NONE', #4754, #6319, #1202, .T. ) ;
#4748 = CARTESIAN_POINT ( 'NONE',  ( 27.48533632066897070, -17.83284285787843615, 0.01115095964573913079 ) ) ;
#4749 = CARTESIAN_POINT ( 'NONE',  ( -29.99999999999998934, -8.500000000000000000, 0.8039144995327114351 ) ) ;
#4750 = CARTESIAN_POINT ( 'NONE',  ( -36.00000000000000000, 0.000000000000000000, -204.9999999999999432 ) ) ;
#4751 = CARTESIAN_POINT ( 'NONE',  ( 7.042510270367636079E-15, -11.99742660593706667, -40.61404357235068119 ) ) ;
#4752 = CARTESIAN_POINT ( 'NONE',  ( -16.53542560670832273, 25.66479751206636806, 7.147609824112286958 ) ) ;
#4753 = CARTESIAN_POINT ( 'NONE',  ( -17.03823449022644709, 20.95589499753395657, 9.283635376446298437 ) ) ;
#4754 = VERTEX_POINT ( 'NONE', #4376 ) ;
#4755 = CARTESIAN_POINT ( 'NONE',  ( -9.045129447619106968E-15, -6.564876538949811824, -51.51830230411297862 ) ) ;
#4756 = DIRECTION ( 'NONE',  ( -1.000000000000000000, 0.000000000000000000, 0.000000000000000000 ) ) ;
#4757 = CARTESIAN_POINT ( 'NONE',  ( -9.583971212717887767, 28.49999999999999645, 2.688686497699561695 ) ) ;
#4758 = CARTESIAN_POINT ( 'NONE',  ( 28.45985393307072187, 6.320901147463201752, 6.144845682731456371 ) ) ;
#4759 = EDGE_LOOP ( 'NONE', ( #3417, #1698, #2510, #4786, #4448, #427 ) ) ;
#4760 = DIRECTION ( 'NONE',  ( 0.000000000000000000, -0.000000000000000000, 1.000000000000000000 ) ) ;
#4761 =( BOUNDED_SURFACE ( )  B_SPLINE_SURFACE ( 3, 2, ( 
 ( #943, #65, #4466 ),
 ( #3893, #1033, #5830 ),
 ( #4408, #5885, #1541 ),
 ( #3385, #5916, #2472 ),
 ( #33, #1956, #4436 ),
 ( #3007, #2976, #476 ),
 ( #5466, #6301, #1478 ),
 ( #4381, #563, #1905 ),
 ( #4985, #94, #1985 ),
 ( #5351, #2021, #1426 ),
 ( #1063, #2894, #2414 ),
 ( #3925, #4863, #6325 ),
 ( #3410, #5377, #970 ),
 ( #2921, #504, #2442 ),
 ( #3439, #5404, #1000 ),
 ( #6067, #4043, #653 ),
 ( #1701, #6001, #3623 ),
 ( #1190, #3181, #2083 ),
 ( #5532, #1665, #1595 ),
 ( #5081, #2664, #4628 ),
 ( #2183, #2596, #3563 ),
 ( #161, #4147, #2534 ),
 ( #1125, #3106, #1094 ),
 ( #5154, #229, #683 ),
 ( #6098, #3074, #3535 ),
 ( #5498, #4496, #5626 ) ),
 .UNSPECIFIED., .F., .F., .F. ) 
 B_SPLINE_SURFACE_WITH_KNOTS ( ( 4, 2, 2, 2, 2, 2, 2, 2, 2, 2, 2, 2, 4 ),
 ( 3, 3 ),
 ( 0.008344040693241789111, 0.01091060809116999389, 0.01347717548909819693, 0.01861031028495460302, 0.02117687768288280606, 0.02374344508081100910, 0.02887657987666741519, 0.03144314727459562170, 0.03400971467252382474, 0.03914284946838023083, 0.04170941686630843387, 0.04427598426423663691, 0.04940911906009304300 ),
 ( 0.000000000000000000, 0.6892685164792345942 ),
 .UNSPECIFIED. ) 
 GEOMETRIC_REPRESENTATION_ITEM ( )  RATIONAL_B_SPLINE_SURFACE ( (
 ( 1.000000000000000000, 0.9621915252836252819, 0.9765034331234470066),
 ( 1.000000000000000000, 0.9584211595715610432, 0.9741602904611958991),
 ( 1.000000000000000000, 0.9545960783201803412, 0.9717831441175379670),
 ( 1.000000000000000000, 0.9470551856025287707, 0.9670967585550842571),
 ( 1.000000000000000000, 0.9433630025328886282, 0.9648022035097651994),
 ( 1.000000000000000000, 0.9326077849812658416, 0.9581182340989565782),
 ( 1.000000000000000000, 0.9258621439989979107, 0.9539260680395194036),
 ( 1.000000000000000000, 0.9167476163566286029, 0.9482617266477104678),
 ( 1.000000000000000000, 0.9138684853555697485, 0.9464724533532913320),
 ( 1.000000000000000000, 0.9085710973507530319, 0.9431803228862476463),
 ( 1.000000000000000000, 0.9061524830410470077, 0.9416772436612086405),
 ( 1.000000000000000000, 0.8996569839562227333, 0.9376405315275382346),
 ( 1.000000000000000000, 0.8963421900620682781, 0.9355805098789460317),
 ( 1.000000000000000000, 0.8931666168474596823, 0.9336070087269376927),
 ( 1.000000000000000000, 0.8924062337174678561, 0.9331344587708845228),
 ( 1.000000000000000000, 0.8915280468567046146, 0.9325886981587776514),
 ( 1.000000000000000000, 0.8914081789475803985, 0.9325142046923204919),
 ( 1.000000000000000000, 0.8919898009423196106, 0.9328756612228674694),
 ( 1.000000000000000000, 0.8936363885138906005, 0.9338989544205897886),
 ( 1.000000000000000000, 0.8978496636438585421, 0.9365173488838220983),
 ( 1.000000000000000000, 0.8995435996377870724, 0.9375700673725873013),
 ( 1.000000000000000000, 0.9034772391890412147, 0.9400146786793814879),
 ( 1.000000000000000000, 0.9057269858115664096, 0.9414128128905077109),
 ( 1.000000000000000000, 0.9131189833823935009, 0.9460066656332377644),
 ( 1.000000000000000000, 0.9189155821768383303, 0.9496090371187828616),
 ( 1.000000000000000000, 0.9253154784579747938, 0.9535863356504159505) ) ) 
 REPRESENTATION_ITEM ( '' )  SURFACE ( )  );
#4762 = CARTESIAN_POINT ( 'NONE',  ( 12.05345879162893397, 27.00000000000000711, 1.748414433626393816 ) ) ;
#4763 = CARTESIAN_POINT ( 'NONE',  ( -29.76360972763712809, 11.51025391786434326, 0.4269891170581420758 ) ) ;
#4764 = CARTESIAN_POINT ( 'NONE',  ( 26.05607471983709900, 7.101566807978965556, 13.22418173540227215 ) ) ;
#4765 = CARTESIAN_POINT ( 'NONE',  ( -23.60129261090609276, -13.12748649088328001, 13.98897243737788720 ) ) ;
#4766 = ORIENTED_EDGE ( 'NONE', *, *, #5121, .F. ) ;
#4767 = CARTESIAN_POINT ( 'NONE',  ( -25.70690526698092171, -16.01668708762036886, 5.993291981166160909 ) ) ;
#4768 = CARTESIAN_POINT ( 'NONE',  ( -31.49999999999999289, -9.474050321292768473, 4.407286531117248884 ) ) ;
#4769 = VERTEX_POINT ( 'NONE', #1396 ) ;
#4770 = CARTESIAN_POINT ( 'NONE',  ( -10.61094974827106974, 24.83395895975111500, 12.00328086148553375 ) ) ;
#4771 = CARTESIAN_POINT ( 'NONE',  ( -29.17942143619028172, -10.12131784943748869, 7.015487656075872103 ) ) ;
#4772 = CARTESIAN_POINT ( 'NONE',  ( 29.03974680154276200, -12.62577606123986129, -13.65187413593000088 ) ) ;
#4773 = B_SPLINE_CURVE_WITH_KNOTS ( 'NONE', 3,
 ( #868, #1376, #3298, #5271, #4385, #38, #1431, #2023, #96, #2874 ),
 .UNSPECIFIED., .F., .F.,
 ( 4, 2, 2, 2, 4 ),
 ( 0.000000000000000000, 0.002931805374376510263, 0.005863610748753020525, 0.008795416123129531222, 0.01172722149750604452 ),
 .UNSPECIFIED. ) ;
#4774 = CARTESIAN_POINT ( 'NONE',  ( 36.00000000000000711, 0.000000000000000000, -123.3408453358350698 ) ) ;
#4775 = CARTESIAN_POINT ( 'NONE',  ( -1.434401753336419949, 28.49999999999999645, 5.987543385703075316 ) ) ;
#4776 = ORIENTED_EDGE ( 'NONE', *, *, #5249, .F. ) ;
#4777 = CARTESIAN_POINT ( 'NONE',  ( -29.99999999999999289, -8.499999999998500755, 0.8039144995327169863 ) ) ;
#4778 = DIRECTION ( 'NONE',  ( 0.000000000000000000, 0.000000000000000000, -1.000000000000000000 ) ) ;
#4779 = EDGE_CURVE ( 'NONE', #1313, #951, #1828, .T. ) ;
#4780 = CARTESIAN_POINT ( 'NONE',  ( -27.00000000000000000, 3.029124838993126064E-15, 12.14142842854283799 ) ) ;
#4781 = CARTESIAN_POINT ( 'NONE',  ( -28.48307026478294546, 1.149300714243839616, 9.287975352078923663 ) ) ;
#4782 = CARTESIAN_POINT ( 'NONE',  ( 26.88583994004698852, 16.10306677447694668, 7.046896939046344954 ) ) ;
#4783 = SECURITY_CLASSIFICATION_LEVEL ( 'unclassified' ) ;
#4784 = DIRECTION ( 'NONE',  ( -0.000000000000000000, -0.000000000000000000, 1.000000000000000000 ) ) ;
#4785 = CARTESIAN_POINT ( 'NONE',  ( -13.46123455766818999, 28.45780754812038538, 4.739865524249585071 ) ) ;
#4786 = ORIENTED_EDGE ( 'NONE', *, *, #2890, .T. ) ;
#4787 = CARTESIAN_POINT ( 'NONE',  ( 1.384975404084451735E-14, -7.919150982280812379, -50.31691034683814223 ) ) ;
#4788 = CARTESIAN_POINT ( 'NONE',  ( 25.27430008763008473, -18.74073857343665139, 6.978059429546756398 ) ) ;
#4789 = CARTESIAN_POINT ( 'NONE',  ( 28.32123585219081008, 7.580464906482283993, 6.162648984321447365 ) ) ;
#4790 = FACE_OUTER_BOUND ( 'NONE', #2828, .T. ) ;
#4791 = VECTOR ( 'NONE', #5278, 1000.000000000000000 ) ;
#4792 = CARTESIAN_POINT ( 'NONE',  ( 3.141650063317924957, -28.49999999999999645, 4.277900440772799406 ) ) ;
#4793 = CARTESIAN_POINT ( 'NONE',  ( -25.39843476802946398, 20.72389508799144053, 3.498113255127842880 ) ) ;
#4794 = CIRCLE ( 'NONE', #2002, 8.999999999999998224 ) ;
#4795 = CARTESIAN_POINT ( 'NONE',  ( 26.20455200847033694, 6.531758165211358325, 13.10225302823128324 ) ) ;
#4796 = CARTESIAN_POINT ( 'NONE',  ( -24.43199395956418485, -11.55358511699090229, 13.87794295557600144 ) ) ;
#4797 = ORIENTED_EDGE ( 'NONE', *, *, #1610, .F. ) ;
#4798 = CARTESIAN_POINT ( 'NONE',  ( -23.62041370572456245, -19.01994360390317951, 5.980937298789255507 ) ) ;
#4799 = AXIS2_PLACEMENT_3D ( 'NONE', #6052, #3612, #4654 ) ;
#4800 = CARTESIAN_POINT ( 'NONE',  ( 27.79672860427426784, 6.292207792207793915, 12.96227999980796142 ) ) ;
#4801 = CARTESIAN_POINT ( 'NONE',  ( -25.73731277721962840, 8.247545736351760581, 13.45205033490189095 ) ) ;
#4802 = CARTESIAN_POINT ( 'NONE',  ( -26.18112971068312689, -11.32720188665170191, 9.877317922184726484 ) ) ;
#4803 = CARTESIAN_POINT ( 'NONE',  ( 29.43389786440693001, 17.37733675321875992, 0.04879860099672987672 ) ) ;
#4804 = CARTESIAN_POINT ( 'NONE',  ( -10.81734303674495301, -28.49999999999999645, 2.217152134492530013 ) ) ;
#4805 = CARTESIAN_POINT ( 'NONE',  ( 6.356833082272751234, -27.83586824274079419, 7.487175553314860288 ) ) ;
#4806 = ORIENTED_EDGE ( 'NONE', *, *, #4044, .F. ) ;
#4807 = FACE_OUTER_BOUND ( 'NONE', #1194, .T. ) ;
#4808 = CARTESIAN_POINT ( 'NONE',  ( -8.662920445201020669, -27.93719125345902299, 6.445838671055555302 ) ) ;
#4809 = FACE_OUTER_BOUND ( 'NONE', #716, .T. ) ;
#4810 = CARTESIAN_POINT ( 'NONE',  ( 31.49999999999999289, -5.685041485581678725E-16, -6.613185368461827807 ) ) ;
#4811 = CARTESIAN_POINT ( 'NONE',  ( 27.92062429332499462, 13.95188079933091885, 7.074203618126333915 ) ) ;
#4812 = FACE_OUTER_BOUND ( 'NONE', #3438, .T. ) ;
#4813 = CARTESIAN_POINT ( 'NONE',  ( -29.05416671262663897, -10.20986417264852264, 7.129333836541690061 ) ) ;
#4814 = CARTESIAN_POINT ( 'NONE',  ( -17.65219726478249740, 25.14510325962389814, 7.139305507746260382 ) ) ;
#4815 = CIRCLE ( 'NONE', #1330, 205.2911684466443489 ) ;
#4816 = ORIENTED_EDGE ( 'NONE', *, *, #2864, .F. ) ;
#4817 = DIRECTION ( 'NONE',  ( 1.368350501663293359E-13, -0.9909795437185160427, 0.1340132229723687562 ) ) ;
#4818 = EDGE_CURVE ( 'NONE', #5127, #2765, #3041, .T. ) ;
#4819 = AXIS2_PLACEMENT_3D ( 'NONE', #927, #484, #2427 ) ;
#4820 = CARTESIAN_POINT ( 'NONE',  ( -13.66821526289450794, -25.40057177991624116, 6.358119300770622928 ) ) ;
#4821 = CARTESIAN_POINT ( 'NONE',  ( 9.768267957448061978, -26.99999999999999645, 2.639877039411100412 ) ) ;
#4822 = TOROIDAL_SURFACE ( 'NONE', #6250, 10.99999999999999822, 9.000000000000000000 ) ;
#4823 = DIRECTION ( 'NONE',  ( 0.000000000000000000, -0.9653521917153786713, -0.2609504664688587217 ) ) ;
#4824 = ADVANCED_FACE ( 'NONE', ( #4833 ), #2339, .F. ) ;
#4825 = CARTESIAN_POINT ( 'NONE',  ( -25.93290376209293768, 15.60484665713042318, 6.000510865472098665 ) ) ;
#4826 = CARTESIAN_POINT ( 'NONE',  ( 26.33137536545367041, 14.98351516232371949, 5.942849824535875847 ) ) ;
#4827 = CARTESIAN_POINT ( 'NONE',  ( -28.05339065318138125, -9.876327737340327317, 6.054447811463672835 ) ) ;
#4828 = DIRECTION ( 'NONE',  ( 0.000000000000000000, 0.000000000000000000, 1.000000000000000000 ) ) ;
#4829 = VERTEX_POINT ( 'NONE', #1563 ) ;
#4830 = B_SPLINE_CURVE_WITH_KNOTS ( 'NONE', 3,
 ( #5120, #5191, #1230, #4118, #1672, #3627 ),
 .UNSPECIFIED., .F., .F.,
 ( 4, 2, 4 ),
 ( 0.000000000000000000, 0.004834835992683998371, 0.009669671985367996742 ),
 .UNSPECIFIED. ) ;
#4831 = CARTESIAN_POINT ( 'NONE',  ( 8.558158165821025065, -25.61298555793026566, 10.98290115481008122 ) ) ;
#4832 = CARTESIAN_POINT ( 'NONE',  ( -16.14006470377407254, 21.65304098331928273, 13.57335592316123396 ) ) ;
#4833 = FACE_OUTER_BOUND ( 'NONE', #3193, .T. ) ;
#4834 = CARTESIAN_POINT ( 'NONE',  ( 9.401036392209826786, 28.49999999999999645, 2.737135302395494296 ) ) ;
#4835 = CARTESIAN_POINT ( 'NONE',  ( -3.398622969142063077, -26.94286386859719684, 5.396357077992107953 ) ) ;
#4836 = CARTESIAN_POINT ( 'NONE',  ( -6.607473879689377938, -28.49999999996909494, 4.871285758810621758 ) ) ;
#4837 = CARTESIAN_POINT ( 'NONE',  ( -3.556657143382595532, -28.42661271326094763, 5.607301773657097144 ) ) ;
#4838 = CARTESIAN_POINT ( 'NONE',  ( 13.73542119660080019, -26.90628097520447426, 4.230836288271985879 ) ) ;
#4839 = CARTESIAN_POINT ( 'NONE',  ( 31.49999999999999289, 7.271692222863213040, -9.058847659037535749 ) ) ;
#4840 = CARTESIAN_POINT ( 'NONE',  ( -14.88314203101911026, 28.21435792776089713, 1.195296164822623464 ) ) ;
#4841 = EDGE_LOOP ( 'NONE', ( #1100, #2974, #2949, #4144, #5357, #4806, #3669 ) ) ;
#4842 = CARTESIAN_POINT ( 'NONE',  ( 31.03139703781642211, -11.97558265792325827, -12.76006268608722749 ) ) ;
#4843 = DIRECTION ( 'NONE',  ( -0.000000000000000000, -0.000000000000000000, 1.000000000000000000 ) ) ;
#4844 = CARTESIAN_POINT ( 'NONE',  ( -9.586423664715576720, -28.49999999999999645, 2.688036984739463175 ) ) ;
#4845 = EDGE_CURVE ( 'NONE', #3408, #3891, #4587, .T. ) ;
#4846 = CARTESIAN_POINT ( 'NONE',  ( -10.83872462076958776, 27.52813369430997525, 6.811152015860224118 ) ) ;
#4847 = CARTESIAN_POINT ( 'NONE',  ( 4.001050186478823668E-15, 20.08418757494192519, -26.60665342224935159 ) ) ;
#4848 = VERTEX_POINT ( 'NONE', #744 ) ;
#4849 = EDGE_CURVE ( 'NONE', #3767, #4848, #3968, .T. ) ;
#4850 = CARTESIAN_POINT ( 'NONE',  ( -31.49999999999999289, 6.900808533012937396, 1.136834755483585591 ) ) ;
#4851 = EDGE_CURVE ( 'NONE', #3408, #1639, #3897, .T. ) ;
#4852 = CARTESIAN_POINT ( 'NONE',  ( -19.45159341909357664, 25.21521713581099178, 0.4601802874326960668 ) ) ;
#4853 = CARTESIAN_POINT ( 'NONE',  ( -25.57105193249417496, -8.698270136263952068, 9.251177447275216181 ) ) ;
#4854 = EDGE_CURVE ( 'NONE', #3970, #2765, #2334, .T. ) ;
#4855 = ORIENTED_EDGE ( 'NONE', *, *, #2375, .F. ) ;
#4856 = CARTESIAN_POINT ( 'NONE',  ( -23.31825137047949070, -19.36993136732147391, 5.984993019715355800 ) ) ;
#4857 =( GEOMETRIC_REPRESENTATION_CONTEXT ( 3 ) GLOBAL_UNCERTAINTY_ASSIGNED_CONTEXT ( ( #603 ) ) GLOBAL_UNIT_ASSIGNED_CONTEXT ( ( #5366, #6264, #3940 ) ) REPRESENTATION_CONTEXT ( 'NONE', 'WORKASPACE' ) );
#4858 = CARTESIAN_POINT ( 'NONE',  ( 29.97330930422610251, 9.884370912909213658, 3.827377024639455616 ) ) ;
#4859 = CARTESIAN_POINT ( 'NONE',  ( -31.49999999999999289, 5.760361348109785062, 1.291060950840776433 ) ) ;
#4860 = CARTESIAN_POINT ( 'NONE',  ( -24.60132470551618411, -14.40215446988199055, 14.01710753282129396 ) ) ;
#4861 = CARTESIAN_POINT ( 'NONE',  ( -10.51343137216284163, 22.51602556092378649, -17.86699157676999761 ) ) ;
#4862 = CARTESIAN_POINT ( 'NONE',  ( -1.635316176096767826, -26.99999999999999645, 4.918475076914961441 ) ) ;
#4863 = CARTESIAN_POINT ( 'NONE',  ( -19.29531598260700420, 21.01002165395200549, 9.893468459751554533 ) ) ;
#4864 = CARTESIAN_POINT ( 'NONE',  ( 1.434401753334654694, 28.49999999999999645, 5.987543385700099918 ) ) ;
#4865 = CARTESIAN_POINT ( 'NONE',  ( 0.9114012521283766377, -20.83421887537663153, -18.39017527112704187 ) ) ;
#4866 = CARTESIAN_POINT ( 'NONE',  ( -5.670074708568407118, 27.93975106423352273, 8.850227297576187979 ) ) ;
#4867 = ORIENTED_EDGE ( 'NONE', *, *, #4854, .T. ) ;
#4868 = CARTESIAN_POINT ( 'NONE',  ( 6.914704180584145377, 28.15059790228992043, 6.167984798223351106 ) ) ;
#4869 = ORIENTED_EDGE ( 'NONE', *, *, #321, .F. ) ;
#4870 = CARTESIAN_POINT ( 'NONE',  ( -22.31177533720690320, 21.46641430882387525, -17.82167361017177853 ) ) ;
#4871 = CARTESIAN_POINT ( 'NONE',  ( -11.03525448054815961, -28.50000000000064659, 4.894838653232399750 ) ) ;
#4872 = CARTESIAN_POINT ( 'NONE',  ( -26.88583994004698852, -16.10306677447693957, 7.046896939046346731 ) ) ;
#4873 = B_SPLINE_CURVE_WITH_KNOTS ( 'NONE', 3,
 ( #5819, #2885, #3964, #50, #5871, #5390, #1494, #5928, #549, #77, #960, #2487, #5843, #464, #1525, #1465, #986, #1048, #520, #4368, #3936, #3372, #2908, #6315, #3424, #2459 ),
 .UNSPECIFIED., .F., .F.,
 ( 4, 2, 2, 2, 2, 2, 2, 2, 2, 2, 2, 2, 4 ),
 ( 0.000000000000000000, 0.001835762985960302449, 0.003671525971920604897, 0.007343051943841209794, 0.009178814929801515712, 0.01101457791576182163, 0.01468610388768243347, 0.01835762985960304530, 0.02019339284556334602, 0.02202915583152365020, 0.02570068180344426204, 0.02753644478940456275, 0.02937220777536486693 ),
 .UNSPECIFIED. ) ;
#4874 = VERTEX_POINT ( 'NONE', #3127 ) ;
#4875 = CARTESIAN_POINT ( 'NONE',  ( 11.49999999999999289, 26.99999999999999645, 1.893709856737656017 ) ) ;
#4876 = DIRECTION ( 'NONE',  ( 0.000000000000000000, 0.000000000000000000, -1.000000000000000000 ) ) ;
#4877 = CARTESIAN_POINT ( 'NONE',  ( 10.18495512715158391, -25.01184611693215487, 11.82020562731583091 ) ) ;
#4878 = CARTESIAN_POINT ( 'NONE',  ( -12.95149400517957083, -23.72643872803119081, 9.054061263488364375 ) ) ;
#4879 = CARTESIAN_POINT ( 'NONE',  ( -2.840136967742314056, -28.39421498962940049, 6.955537470056445848 ) ) ;
#4880 = EDGE_LOOP ( 'NONE', ( #6184, #2883, #1442, #5730 ) ) ;
#4881 = CARTESIAN_POINT ( 'NONE',  ( -20.54308344369781381, -24.65082353879671118, 0.3384180240647494675 ) ) ;
#4882 = CARTESIAN_POINT ( 'NONE',  ( 21.63009854548037225, -16.17085376613859538, 14.07783071208556969 ) ) ;
#4883 = CARTESIAN_POINT ( 'NONE',  ( 27.28152791958561707, 12.42946140771168828, 6.087677676917429004 ) ) ;
#4884 = AXIS2_PLACEMENT_3D ( 'NONE', #4547, #5104, #6053 ) ;
#4885 = CARTESIAN_POINT ( 'NONE',  ( 1.745539963247054400E-14, 15.44302236900115233, -34.07681882038477283 ) ) ;
#4886 = CARTESIAN_POINT ( 'NONE',  ( -9.630552038069296827, -26.83034560117331324, 11.29905313808527012 ) ) ;
#4887 = CARTESIAN_POINT ( 'NONE',  ( 11.49999999999987566, 28.49999999999999645, 1.893709856737654906 ) ) ;
#4888 = CARTESIAN_POINT ( 'NONE',  ( -27.67174654725245020, 6.844333919342669326, 9.587731015735601048 ) ) ;
#4889 = CARTESIAN_POINT ( 'NONE',  ( -11.49999999999999289, -8.500000000000000000, 5.000000000000000000 ) ) ;
#4890 = ORIENTED_EDGE ( 'NONE', *, *, #291, .T. ) ;
#4891 = AXIS2_PLACEMENT_3D ( 'NONE', #5327, #5435, #4558 ) ;
#4892 = CARTESIAN_POINT ( 'NONE',  ( 28.07315892592068352, -9.165287205240487012, 6.211889697023245560 ) ) ;
#4893 = CARTESIAN_POINT ( 'NONE',  ( 24.03182635100214171, 20.30975995944327295, 6.980767361771175850 ) ) ;
#4894 = CARTESIAN_POINT ( 'NONE',  ( 15.38697490836408832, -24.82870750332118703, 6.283144436894512630 ) ) ;
#4895 = EDGE_CURVE ( 'NONE', #2453, #1996, #1384, .T. ) ;
#4896 = CARTESIAN_POINT ( 'NONE',  ( -10.11819831488173271, 26.99999999999999645, 2.503542928500377407 ) ) ;
#4897 = DIRECTION ( 'NONE',  ( -0.8995249593893699380, -2.560628580953096832E-15, -0.4368693711346131048 ) ) ;
#4898 = ORIENTED_EDGE ( 'NONE', *, *, #5944, .F. ) ;
#4899 = B_SPLINE_CURVE_WITH_KNOTS ( 'NONE', 3,
 ( #3840, #4982, #1538, #4465 ),
 .UNSPECIFIED., .F., .F.,
 ( 4, 4 ),
 ( 0.000000000000000000, 0.002406495871737151463 ),
 .UNSPECIFIED. ) ;
#4900 = CARTESIAN_POINT ( 'NONE',  ( 17.06281171925152407, -22.83650746509833951, 13.57767047170858987 ) ) ;
#4901 = CARTESIAN_POINT ( 'NONE',  ( -28.40843608584898661, -12.57604886209850115, 7.095335431002126825 ) ) ;
#4902 = ORIENTED_EDGE ( 'NONE', *, *, #3673, .T. ) ;
#4903 = CARTESIAN_POINT ( 'NONE',  ( 4.697724065277128602, 26.59681630314370793, 8.378486505480005064 ) ) ;
#4904 = CARTESIAN_POINT ( 'NONE',  ( -22.43244849127298579, -21.81949519611212196, 7.058730377737695072 ) ) ;
#4905 = CARTESIAN_POINT ( 'NONE',  ( 14.50031137692298522, 26.47501014558726240, 7.149175202840969412 ) ) ;
#4906 = ORIENTED_EDGE ( 'NONE', *, *, #6174, .F. ) ;
#4907 = CARTESIAN_POINT ( 'NONE',  ( 29.05416671262529249, 10.20986417264818513, 7.129333836537410818 ) ) ;
#4908 = B_SPLINE_CURVE_WITH_KNOTS ( 'NONE', 3,
 ( #3610, #1822, #3242, #2204, #3813, #4166, #6119, #872, #2753, #4238, #3718, #3337, #841, #6185, #5244, #5686, #4721, #344, #3683, #407, #1380, #1789, #3781, #6152, #3747, #3303 ),
 .UNSPECIFIED., .F., .F.,
 ( 4, 2, 2, 2, 2, 2, 2, 2, 2, 2, 2, 2, 4 ),
 ( 0.000000000000000000, 0.001985006422250077882, 0.003970012844500155763, 0.007940025689000311526, 0.009925032111250391142, 0.01191003853350046902, 0.01588005137800063346, 0.01985006422250079616, 0.02183507064475087578, 0.02382007706700094846, 0.02779008991150110769, 0.02977509633375118731, 0.03176010275600126692 ),
 .UNSPECIFIED. ) ;
#4909 = CARTESIAN_POINT ( 'NONE',  ( -193.2911684466443489, 0.000000000000000000, -123.3408453358350982 ) ) ;
#4910 = CARTESIAN_POINT ( 'NONE',  ( -21.65392639974251665, 18.54079111920406930, 14.05091809348659382 ) ) ;
#4911 = CARTESIAN_POINT ( 'NONE',  ( -13.66821526289416688, 25.40057177991633708, 6.358119300770641580 ) ) ;
#4912 = CARTESIAN_POINT ( 'NONE',  ( 26.99843050438106573, -15.78247585357073923, -15.34661295123506974 ) ) ;
#4913 = AXIS2_PLACEMENT_3D ( 'NONE', #4909, #5897, #4876 ) ;
#4914 = CARTESIAN_POINT ( 'NONE',  ( 31.49999999999999289, -4.615797270585836110, 1.407900385462924620 ) ) ;
#4915 = CARTESIAN_POINT ( 'NONE',  ( 6.123233995736767268E-16, -28.49999999999999645, 5.000000000000000000 ) ) ;
#4916 = ORIENTED_EDGE ( 'NONE', *, *, #1403, .F. ) ;
#4917 = CARTESIAN_POINT ( 'NONE',  ( 15.89037370312918540, -25.96542249938284996, 7.152445102196915094 ) ) ;
#4918 = CARTESIAN_POINT ( 'NONE',  ( -9.401036392209830339, -28.49999999999999645, 2.737135302395495629 ) ) ;
#4919 = ADVANCED_FACE ( 'NONE', ( #2652 ), #4958, .T. ) ;
#4920 = CARTESIAN_POINT ( 'NONE',  ( 1.524103290452764522E-14, 4.010127478085281361, -48.85018396943807062 ) ) ;
#4921 = CARTESIAN_POINT ( 'NONE',  ( 1.776918613047449025, -28.44677220237742787, 6.221889528157702465 ) ) ;
#4922 = CARTESIAN_POINT ( 'NONE',  ( 29.29318633726894205, -17.65724370737562055, 4.130700663250455484 ) ) ;
#4923 = CARTESIAN_POINT ( 'NONE',  ( -25.24852477107626214, -19.68083492155854941, -16.99916595455324497 ) ) ;
#4924 =( BOUNDED_SURFACE ( )  B_SPLINE_SURFACE ( 3, 2, ( 
 ( #4735, #2803, #6199 ),
 ( #4859, #384, #5260 ),
 ( #471, #2324, #2410 ),
 ( #4375, #4286, #3795 ),
 ( #2528, #5397, #5908 ),
 ( #4403, #2495, #4976 ),
 ( #4949, #5372, #5965 ),
 ( #966, #5428, #1025 ),
 ( #2437, #2075, #3528 ),
 ( #2945, #4520, #152 ) ),
 .UNSPECIFIED., .F., .F., .F. ) 
 B_SPLINE_SURFACE_WITH_KNOTS ( ( 4, 2, 2, 2, 4 ),
 ( 3, 3 ),
 ( 0.004259907912294353186, 0.007711331434320112081, 0.01116275495634587098, 0.01461417847837162901, 0.01806560200039738703 ),
 ( 0.000000000000000000, 1.000000000000000000 ),
 .UNSPECIFIED. ) 
 GEOMETRIC_REPRESENTATION_ITEM ( )  RATIONAL_B_SPLINE_SURFACE ( (
 ( 1.000000000000000000, 0.9493414389859575753, 1.000000000000000000),
 ( 1.000000000000000000, 0.9536830385794869969, 1.000000000000000000),
 ( 1.000000000000000000, 0.9567405681513270199, 1.000000000000000000),
 ( 1.000000000000000000, 0.9607811184644434732, 1.000000000000000000),
 ( 1.000000000000000000, 0.9617646614223657187, 1.000000000000000000),
 ( 1.000000000000000000, 0.9617737137851148921, 1.000000000000000000),
 ( 1.000000000000000000, 0.9607991969575235824, 1.000000000000000000),
 ( 1.000000000000000000, 0.9567637398235302459, 1.000000000000000000),
 ( 1.000000000000000000, 0.9537024603495297681, 1.000000000000000000),
 ( 1.000000000000000000, 0.9493414389859585745, 1.000000000000000000) ) ) 
 REPRESENTATION_ITEM ( '' )  SURFACE ( )  );
#4925 = AXIS2_PLACEMENT_3D ( 'NONE', #6087, #3549, #4579 ) ;
#4926 = ORIENTED_EDGE ( 'NONE', *, *, #2074, .T. ) ;
#4927 = CARTESIAN_POINT ( 'NONE',  ( -9.867566102497088210, 27.00000000000000000, 4.498676486473209835 ) ) ;
#4928 = CARTESIAN_POINT ( 'NONE',  ( 28.32123585219076745, -7.580464906482319520, 6.162648984321497103 ) ) ;
#4929 = CARTESIAN_POINT ( 'NONE',  ( 2.856479340804585654, 28.39266475662624600, 6.966719255950426515 ) ) ;
#4930 = EDGE_CURVE ( 'NONE', #3970, #4710, #3856, .T. ) ;
#4931 = CARTESIAN_POINT ( 'NONE',  ( 28.02892214448256070, 5.266459591579651267, 12.72394844615139320 ) ) ;
#4932 = CARTESIAN_POINT ( 'NONE',  ( -1.244867854208273394, 28.47668039404000595, 5.856687459086947989 ) ) ;
#4933 = DIRECTION ( 'NONE',  ( -0.4368693711346130493, 0.000000000000000000, 0.8995249593893699380 ) ) ;
#4934 = CARTESIAN_POINT ( 'NONE',  ( 3.298661665650140851, 28.50000000001395151, 4.935494080177208254 ) ) ;
#4935 = CARTESIAN_POINT ( 'NONE',  ( -28.27036240854734572, 8.717912949634746056, 6.081470122170193449 ) ) ;
#4936 = ORIENTED_EDGE ( 'NONE', *, *, #5944, .T. ) ;
#4937 = CARTESIAN_POINT ( 'NONE',  ( 6.712860001762255280, 26.16129566206319268, 9.769614393402751062 ) ) ;
#4938 = CARTESIAN_POINT ( 'NONE',  ( 1.559014483803660145, -26.99999999998173550, 5.594727779625941366 ) ) ;
#4939 = ADVANCED_FACE ( 'NONE', ( #810 ), #3195, .T. ) ;
#4940 = ORIENTED_EDGE ( 'NONE', *, *, #1409, .T. ) ;
#4941 = CARTESIAN_POINT ( 'NONE',  ( 28.62985423101427429, 11.87300111600964492, 7.106101631361391391 ) ) ;
#4942 = CARTESIAN_POINT ( 'NONE',  ( -31.49999999999999289, 7.440143151204143379, 1.063898863043836851 ) ) ;
#4943 = CARTESIAN_POINT ( 'NONE',  ( 19.08191576270533218, -23.09183965255591531, 6.017399672235343999 ) ) ;
#4944 = CARTESIAN_POINT ( 'NONE',  ( 16.93159785888077451, -21.72239600658593517, -17.76088254513902953 ) ) ;
#4945 = CARTESIAN_POINT ( 'NONE',  ( -12.37316776939971774, -25.92174036545300808, 6.088686948158787082 ) ) ;
#4946 = ORIENTED_EDGE ( 'NONE', *, *, #625, .F. ) ;
#4947 = CARTESIAN_POINT ( 'NONE',  ( -14.63001841916989854, -26.73567696096810664, 1.195179817851990123 ) ) ;
#4948 = CARTESIAN_POINT ( 'NONE',  ( 29.70388370292308622, 11.81076423743393988, 0.3978560588209626991 ) ) ;
#4949 = CARTESIAN_POINT ( 'NONE',  ( -31.49999999999998579, -2.303875376149786103, 1.566036854507295795 ) ) ;
#4950 = CARTESIAN_POINT ( 'NONE',  ( -19.28196017819153596, -21.02281118901140289, 9.893018015824120326 ) ) ;
#4951 = CARTESIAN_POINT ( 'NONE',  ( -13.70371936901218213, -22.31958847012884917, -17.89544093315847917 ) ) ;
#4952 = VERTEX_POINT ( 'NONE', #3538 ) ;
#4953 = DIRECTION ( 'NONE',  ( 0.000000000000000000, -0.000000000000000000, 1.000000000000000000 ) ) ;
#4954 = CARTESIAN_POINT ( 'NONE',  ( -29.99999999999999645, -7.277872056492366681, 3.925083781688190054 ) ) ;
#4955 = CARTESIAN_POINT ( 'NONE',  ( 28.10218120352686100, 13.73044522087832497, 7.002129113880873668 ) ) ;
#4956 = B_SPLINE_CURVE_WITH_KNOTS ( 'NONE', 3,
 ( #3624, #5664, #5053, #6069, #1668, #2185, #654, #2735, #4187, #3659, #3595, #5188, #789, #2084 ),
 .UNSPECIFIED., .F., .F.,
 ( 4, 2, 2, 2, 2, 2, 4 ),
 ( 0.009450673077950609222, 0.01180904576498966949, 0.01298823210850919875, 0.01416741845202872802, 0.01534660479554825901, 0.01652579113906779001, 0.01888416382610685201 ),
 .UNSPECIFIED. ) ;
#4957 = CARTESIAN_POINT ( 'NONE',  ( 27.67174654725245375, -6.844333919342670214, 9.587731015735608153 ) ) ;
#4958 =( BOUNDED_SURFACE ( )  B_SPLINE_SURFACE ( 3, 2, ( 
 ( #2688, #670, #250 ),
 ( #3685, #282, #2206 ),
 ( #4168, #3206, #2100 ),
 ( #6120, #2552, #4514 ),
 ( #146, #179, #4270 ),
 ( #1351, #4691, #1761 ) ),
 .UNSPECIFIED., .F., .F., .F. ) 
 B_SPLINE_SURFACE_WITH_KNOTS ( ( 4, 2, 4 ),
 ( 3, 3 ),
 ( 0.03550884554978882279, 0.04202798609131315477, 0.04854712663283749369 ),
 ( 0.000000000000000000, 0.6917413224586100862 ),
 .UNSPECIFIED. ) 
 GEOMETRIC_REPRESENTATION_ITEM ( )  RATIONAL_B_SPLINE_SURFACE ( (
 ( 1.000000000000000000, 0.9620558843539810390, 0.9766067941809613018),
 ( 1.000000000000000000, 0.9748079053400664495, 0.9844686364312628113),
 ( 1.000000000000000000, 0.9842448256159528341, 0.9902866615598793221),
 ( 1.000000000000000000, 0.9968342058112102944, 0.9980482329399908981),
 ( 1.000000000000000000, 0.9999920470043004439, 0.9999950968401263296),
 ( 1.000000000000000000, 1.000000000000000000, 1.000000000000000000) ) ) 
 REPRESENTATION_ITEM ( '' )  SURFACE ( )  );
#4959 = CARTESIAN_POINT ( 'NONE',  ( 30.47672855633303612, 14.95521395808122911, 0.1658170824564156876 ) ) ;
#4960 = CARTESIAN_POINT ( 'NONE',  ( -10.14472979933166563, 27.00000000000064304, 4.530130608334371090 ) ) ;
#4961 = VERTEX_POINT ( 'NONE', #5977 ) ;
#4962 = CARTESIAN_POINT ( 'NONE',  ( 9.949894874900770958, 28.49999999999999645, 4.809536695428149322 ) ) ;
#4963 = CARTESIAN_POINT ( 'NONE',  ( -18.97139102575793146, 19.24844979633443032, 13.95441398864144489 ) ) ;
#4964 = EDGE_LOOP ( 'NONE', ( #901, #3916, #268 ) ) ;
#4965 = CARTESIAN_POINT ( 'NONE',  ( -17.88767111735095483, 27.49741618507317753, 0.7236737090173513964 ) ) ;
#4966 = CARTESIAN_POINT ( 'NONE',  ( 1.720328420037868788, -26.99999999999999645, 5.200552095762811966 ) ) ;
#4967 = FACE_OUTER_BOUND ( 'NONE', #5724, .T. ) ;
#4968 = ORIENTED_EDGE ( 'NONE', *, *, #546, .T. ) ;
#4969 = CARTESIAN_POINT ( 'NONE',  ( -27.79672860427427494, 6.292207792207794803, 12.96227999980796319 ) ) ;
#4970 = CARTESIAN_POINT ( 'NONE',  ( 12.60762979282013951, -22.42924394624813900, -17.90449346856152246 ) ) ;
#4971 = EDGE_CURVE ( 'NONE', #5774, #167, #6280, .T. ) ;
#4972 = CARTESIAN_POINT ( 'NONE',  ( 29.96192552151493516, -2.561262358505327796, 6.891833379488120137 ) ) ;
#4973 = CARTESIAN_POINT ( 'NONE',  ( -15.38730515699215751, -24.82858165047622023, 6.283130028216569407 ) ) ;
#4974 = B_SPLINE_CURVE_WITH_KNOTS ( 'NONE', 3,
 ( #2283, #5793, #5314, #3756 ),
 .UNSPECIFIED., .F., .F.,
 ( 4, 4 ),
 ( 1.470697867402828118E-15, 0.001633477653628233935 ),
 .UNSPECIFIED. ) ;
#4975 = CARTESIAN_POINT ( 'NONE',  ( 11.49999999999999289, 8.500000000000000000, -11.00000000000000000 ) ) ;
#4976 = CARTESIAN_POINT ( 'NONE',  ( -30.00017353016095001, -1.269975386362756975, 6.873522317865437437 ) ) ;
#4977 = CARTESIAN_POINT ( 'NONE',  ( -12.65616614228878234, -27.19280067298407744, 6.835002254939636757 ) ) ;
#4978 = CARTESIAN_POINT ( 'NONE',  ( 12.00842235156356175, 28.49999999999933920, 4.874384805617570926 ) ) ;
#4979 = DIRECTION ( 'NONE',  ( 0.000000000000000000, -0.000000000000000000, 1.000000000000000000 ) ) ;
#4980 = CARTESIAN_POINT ( 'NONE',  ( -11.41599063675792536, 25.99679082615521608, 6.312524377650940544 ) ) ;
#4981 = ORIENTED_EDGE ( 'NONE', *, *, #2079, .F. ) ;
#4982 = CARTESIAN_POINT ( 'NONE',  ( -28.20742070446017280, -8.374430884948012022, 6.209752979387959115 ) ) ;
#4983 = CARTESIAN_POINT ( 'NONE',  ( -26.92993860168006748, 2.009666493328104320, 12.23821841703721169 ) ) ;
#4984 = CARTESIAN_POINT ( 'NONE',  ( 5.488947181300764872E-16, 27.00000000000000355, 4.999999999999999112 ) ) ;
#4985 = CARTESIAN_POINT ( 'NONE',  ( -16.15834885721456615, 23.48511846885321930, 13.41543490991583809 ) ) ;
#4986 = CARTESIAN_POINT ( 'NONE',  ( 5.689666871806088544, 27.96302160165245354, 8.869201222230350012 ) ) ;
#4987 = CARTESIAN_POINT ( 'NONE',  ( 27.93717274095623182, -5.765209767782711658, 9.514445765017002898 ) ) ;
#4988 = CARTESIAN_POINT ( 'NONE',  ( -20.73118935155630993, 22.20207673084510702, -18.14524544172224552 ) ) ;
#4989 = CARTESIAN_POINT ( 'NONE',  ( -31.49999999999999289, -2.310891679295916212, 1.605774675690116560 ) ) ;
#4990 = VECTOR ( 'NONE', #3055, 1000.000000000000000 ) ;
#4991 = ORIENTED_EDGE ( 'NONE', *, *, #324, .F. ) ;
#4992 = CARTESIAN_POINT ( 'NONE',  ( 21.65392639974251665, -18.54079111920406930, 14.05091809348659737 ) ) ;
#4993 = CARTESIAN_POINT ( 'NONE',  ( -21.69178997465402148, 16.08779801089452377, 14.07792724689461039 ) ) ;
#4994 = VERTEX_POINT ( 'NONE', #5055 ) ;
#4995 = CARTESIAN_POINT ( 'NONE',  ( -29.05416671262663897, -10.20986417264852264, 7.129333836541690061 ) ) ;
#4996 = CARTESIAN_POINT ( 'NONE',  ( 8.587306759782803667, -26.51440292808981525, 5.955476361616637071 ) ) ;
#4997 = CARTESIAN_POINT ( 'NONE',  ( 29.99999999999999289, -5.284566400163972943, -8.341835136035493647 ) ) ;
#4998 = EDGE_LOOP ( 'NONE', ( #48, #5476, #5601 ) ) ;
#4999 = CARTESIAN_POINT ( 'NONE',  ( 26.92713797775106244, 2.278286125831078479, 8.880441106619441527 ) ) ;
#5000 = EDGE_CURVE ( 'NONE', #4952, #5060, #5673, .T. ) ;
#5001 = DIRECTION ( 'NONE',  ( 1.224646799147353454E-16, 0.000000000000000000, 1.000000000000000000 ) ) ;
#5002 = CARTESIAN_POINT ( 'NONE',  ( -14.09505738132458674, 25.27878482370214286, 6.339060573321916081 ) ) ;
#5003 = CARTESIAN_POINT ( 'NONE',  ( 28.47511673081417882, 19.09582939673441615, 0.0007400493404641282462 ) ) ;
#5004 = CARTESIAN_POINT ( 'NONE',  ( 31.50000000000399680, -4.892326411152612131, 4.437967783525367693 ) ) ;
#5005 = CARTESIAN_POINT ( 'NONE',  ( -17.22091907070873873, -26.13433613523941190, 0.7512309198597278970 ) ) ;
#5006 = EDGE_CURVE ( 'NONE', #2837, #5696, #175, .T. ) ;
#5007 = CARTESIAN_POINT ( 'NONE',  ( 14.63001841917003887, 26.73567696096808177, 1.195179817853022408 ) ) ;
#5008 = CARTESIAN_POINT ( 'NONE',  ( 6.870844573754587625E-15, 17.27990880809668539, -29.51627846104598518 ) ) ;
#5009 = CARTESIAN_POINT ( 'NONE',  ( -18.08697115607165529, -25.00964750422354754, 7.014756316212764631 ) ) ;
#5010 = CARTESIAN_POINT ( 'NONE',  ( 31.37337570621197358, -10.77078882151688966, 0.5288221201563708673 ) ) ;
#5011 = CARTESIAN_POINT ( 'NONE',  ( -30.12043321605316137, -14.13264925258098614, -14.09596741779519746 ) ) ;
#5012 = EDGE_LOOP ( 'NONE', ( #1131, #2252, #2323, #5986 ) ) ;
#5013 = CARTESIAN_POINT ( 'NONE',  ( -58.50000000000000000, 2.755455298081544778E-15, -123.3408453358350982 ) ) ;
#5014 = CARTESIAN_POINT ( 'NONE',  ( -12.31806061177515765, -25.70758500267487179, 12.41570360291028585 ) ) ;
#5015 = AXIS2_PLACEMENT_3D ( 'NONE', #2563, #4979, #1536 ) ;
#5016 = CARTESIAN_POINT ( 'NONE',  ( -7.660846892175127820, 25.95166692216923110, 7.783254563316315711 ) ) ;
#5017 = CARTESIAN_POINT ( 'NONE',  ( 30.01327174695092381, 1.346340508070014597, 6.851544353787035746 ) ) ;
#5018 = CARTESIAN_POINT ( 'NONE',  ( -31.44168833605674607, 10.09240331837776949, -11.39341000792319569 ) ) ;
#5019 = CIRCLE ( 'NONE', #2255, 8.500000000000000000 ) ;
#5020 = B_SPLINE_CURVE_WITH_KNOTS ( 'NONE', 3,
 ( #2198, #701, #4160, #4127, #275, #241 ),
 .UNSPECIFIED., .F., .F.,
 ( 4, 2, 4 ),
 ( 0.000000000000000000, 0.001881959696090740059, 0.003763919392181480118 ),
 .UNSPECIFIED. ) ;
#5021 = CARTESIAN_POINT ( 'NONE',  ( -31.49999999999999289, 6.900808533011558055, 1.136834755483767889 ) ) ;
#5022 = CARTESIAN_POINT ( 'NONE',  ( -58.50000000000000000, 2.755455298081543989E-15, -204.9999999999999432 ) ) ;
#5023 = ORIENTED_EDGE ( 'NONE', *, *, #643, .T. ) ;
#5024 = CARTESIAN_POINT ( 'NONE',  ( -10.82061663285513298, -26.99999999999999645, 2.215675808539532277 ) ) ;
#5025 = CARTESIAN_POINT ( 'NONE',  ( -17.46659334291220489, -27.65451540656601637, 4.451140144357140116 ) ) ;
#5026 = CARTESIAN_POINT ( 'NONE',  ( 25.78098745487865529, 12.21375325012863300, 13.87963899423562353 ) ) ;
#5027 = FACE_OUTER_BOUND ( 'NONE', #3476, .T. ) ;
#5028 = FACE_OUTER_BOUND ( 'NONE', #3048, .T. ) ;
#5029 = CARTESIAN_POINT ( 'NONE',  ( -31.33312271873786514, 11.09927846536520413, 0.4941808776241360945 ) ) ;
#5030 = EDGE_CURVE ( 'NONE', #3767, #4242, #5563, .T. ) ;
#5031 = CARTESIAN_POINT ( 'NONE',  ( -28.55982657154444482, 5.059313897483717071, 6.123701848251273283 ) ) ;
#5032 = CARTESIAN_POINT ( 'NONE',  ( 21.33257498747092029, -16.56132927418724066, 14.07506427711853192 ) ) ;
#5033 = CARTESIAN_POINT ( 'NONE',  ( -10.81734303674504183, 28.50000000000000000, 2.217152134492497595 ) ) ;
#5034 = CARTESIAN_POINT ( 'NONE',  ( 14.05084148575788205, -26.61831974107802878, 7.145956261482421468 ) ) ;
#5035 = DIRECTION ( 'NONE',  ( -1.000000000000000000, 0.000000000000000000, 0.000000000000000000 ) ) ;
#5036 = EDGE_CURVE ( 'NONE', #1910, #3335, #1064, .T. ) ;
#5037 = ADVANCED_FACE ( 'NONE', ( #2668 ), #2613, .F. ) ;
#5038 = CARTESIAN_POINT ( 'NONE',  ( 14.52950677699345050, 26.78311049335670901, 4.146794004280360824 ) ) ;
#5039 = EDGE_CURVE ( 'NONE', #5385, #3114, #1742, .T. ) ;
#5040 = CARTESIAN_POINT ( 'NONE',  ( 26.33374288825983811, -5.961038961038963357, 12.96227999980796675 ) ) ;
#5041 = CARTESIAN_POINT ( 'NONE',  ( -14.55797261020647682, -25.14670545774724886, 6.318391161067675732 ) ) ;
#5042 = CARTESIAN_POINT ( 'NONE',  ( 11.49999999999998224, -28.49999999999999645, 1.893709856737183728 ) ) ;
#5043 = CARTESIAN_POINT ( 'NONE',  ( -11.49999999999999289, -23.99146246942695981, -18.79915154909359742 ) ) ;
#5044 = PRODUCT ( '79-8566 - 57mm Y-r\X2\00f6\X0\r', '79-8566 - 57mm Y-r\X2\00f6\X0\r', '', ( #183 ) ) ;
#5045 = CARTESIAN_POINT ( 'NONE',  ( 29.80579293653183015, -5.133602844337153748, 6.956086652876668275 ) ) ;
#5046 = ORIENTED_EDGE ( 'NONE', *, *, #5720, .T. ) ;
#5047 = DIRECTION ( 'NONE',  ( 0.000000000000000000, 0.000000000000000000, -1.000000000000000000 ) ) ;
#5048 = CARTESIAN_POINT ( 'NONE',  ( -9.563429018424812966, -26.87010139416085508, 11.30897581551291253 ) ) ;
#5049 = CARTESIAN_POINT ( 'NONE',  ( -1.759255233776610305, 26.99999999998873079, 5.201935006374912795 ) ) ;
#5050 = CARTESIAN_POINT ( 'NONE',  ( 9.586423664716491544, 26.99999999999999645, 2.688036984742539381 ) ) ;
#5051 = B_SPLINE_CURVE_WITH_KNOTS ( 'NONE', 3,
 ( #2158, #2194, #4155, #5636, #1237, #4195, #5165, #5293, #391, #4709, #6275, #765, #2711, #3228, #6205, #4677 ),
 .UNSPECIFIED., .F., .F.,
 ( 4, 2, 2, 2, 2, 2, 2, 4 ),
 ( 0.05270190610063880954, 0.05385480414191400056, 0.05500770218318919852, 0.05616060022446438954, 0.05731349826573958750, 0.05961929434828996954, 0.06077219238956516056, 0.06192509043084035852 ),
 .UNSPECIFIED. ) ;
#5052 = CARTESIAN_POINT ( 'NONE',  ( 18.08697115607532524, 25.00964750421881888, 7.014756316214207921 ) ) ;
#5053 = CARTESIAN_POINT ( 'NONE',  ( -29.99999999999999289, 1.562863219963421813, -7.068603434728201407 ) ) ;
#5054 = CARTESIAN_POINT ( 'NONE',  ( -31.49999999999999289, 3.078476707161983406, -7.037500383677139482 ) ) ;
#5055 = CARTESIAN_POINT ( 'NONE',  ( -31.49999999999999289, -6.900808533012643409, 1.136834755483637327 ) ) ;
#5056 = VERTEX_POINT ( 'NONE', #2705 ) ;
#5057 = CARTESIAN_POINT ( 'NONE',  ( 29.70605703168118694, 16.80578056810495369, 0.07211118713425289373 ) ) ;
#5058 = CARTESIAN_POINT ( 'NONE',  ( 11.49999999999999289, -26.99999999999999645, 5.000000000000000000 ) ) ;
#5059 = EDGE_LOOP ( 'NONE', ( #1713, #3655, #2000, #6230, #3513 ) ) ;
#5060 = VERTEX_POINT ( 'NONE', #3662 ) ;
#5061 = B_SPLINE_CURVE_WITH_KNOTS ( 'NONE', 3,
 ( #1841, #2738, #3797, #822, #296, #4633 ),
 .UNSPECIFIED., .F., .F.,
 ( 4, 2, 4 ),
 ( 3.576224061345498009E-18, 0.005315528326461147098, 0.01063105665292229073 ),
 .UNSPECIFIED. ) ;
#5062 = CARTESIAN_POINT ( 'NONE',  ( -9.586423664714864401, -26.99999999999999645, 2.688036984736287494 ) ) ;
#5063 = B_SPLINE_CURVE_WITH_KNOTS ( 'NONE', 3,
 ( #4590, #257, #223, #3620, #2214, #1767, #2250, #5586, #1186, #3137, #715, #2660, #4626, #2178, #5623, #5151, #751, #785, #2698, #4180, #5658, #2730, #3214, #4216, #6159, #3725, #912, #1799 ),
 .UNSPECIFIED., .F., .F.,
 ( 4, 2, 2, 2, 2, 2, 2, 2, 2, 2, 2, 2, 2, 4 ),
 ( 0.000000000000000000, 0.003527921478692432316, 0.007055842957384860295, 0.008819803696731074935, 0.01058376443607728958, 0.01411168591476972406, 0.01587564665411594564, 0.01763960739346216722, 0.02116752887215460344, 0.02204950924182771249, 0.02293148961150082155, 0.02469545035084704313, 0.02645941109019326817, 0.02822337182953948975 ),
 .UNSPECIFIED. ) ;
#5064 = CARTESIAN_POINT ( 'NONE',  ( -24.54422466609904063, -23.72035733836154137, 0.08000684873732845370 ) ) ;
#5065 = CARTESIAN_POINT ( 'NONE',  ( 12.60824209306137078, 22.42921857310150813, -17.90450443333790176 ) ) ;
#5066 = CARTESIAN_POINT ( 'NONE',  ( 6.558943671795161023, 26.99999999997191225, 4.670320506979588338 ) ) ;
#5067 = CARTESIAN_POINT ( 'NONE',  ( -28.40902663680038387, 12.57429369566873234, 7.095362539228340815 ) ) ;
#5068 = CARTESIAN_POINT ( 'NONE',  ( 10.19261578260634593, 25.00876153399745050, 11.82370166423926428 ) ) ;
#5069 = CARTESIAN_POINT ( 'NONE',  ( 6.597528875333845910, 23.71691754695363841, -18.95345090847625258 ) ) ;
#5070 = CARTESIAN_POINT ( 'NONE',  ( 24.16334938078232852, -12.06159264568916356, 13.91358314720032219 ) ) ;
#5071 = CARTESIAN_POINT ( 'NONE',  ( -27.92104170572978461, -9.953384546750411843, 6.180520935988838005 ) ) ;
#5072 = CARTESIAN_POINT ( 'NONE',  ( -30.00000000000200018, -4.841611949548577876, 3.983623909070536762 ) ) ;
#5073 = DATE_TIME_ROLE ( 'creation_date' ) ;
#5074 = CARTESIAN_POINT ( 'NONE',  ( 21.03118918206167365, 24.37591102688227096, 3.654099935620432671 ) ) ;
#5075 = CARTESIAN_POINT ( 'NONE',  ( -0.6733898149327302018, 26.99212622704636999, 5.489273733323174476 ) ) ;
#5076 = CARTESIAN_POINT ( 'NONE',  ( -27.92104170573128386, 9.953384546751946615, 6.180520935986634434 ) ) ;
#5077 = CARTESIAN_POINT ( 'NONE',  ( 13.46123455766741195, -28.45780754812166435, 4.739865524258106255 ) ) ;
#5078 = CARTESIAN_POINT ( 'NONE',  ( -3.141650063308153218, 28.49999999999999645, 4.277900440732250509 ) ) ;
#5079 = ORIENTED_EDGE ( 'NONE', *, *, #4845, .F. ) ;
#5080 = CARTESIAN_POINT ( 'NONE',  ( -11.49999999999999289, -26.99999999999999645, 5.000000000000000000 ) ) ;
#5081 = CARTESIAN_POINT ( 'NONE',  ( -25.50575767971979246, 12.73168112599550739, 13.91358314719883893 ) ) ;
#5082 = CARTESIAN_POINT ( 'NONE',  ( 8.512987012987011326, 27.19887961142360666, 10.66248444409493601 ) ) ;
#5083 = FACE_OUTER_BOUND ( 'NONE', #5672, .T. ) ;
#5084 = CARTESIAN_POINT ( 'NONE',  ( -31.49999999999999289, 6.293137748234062023, -8.441054533918920910 ) ) ;
#5085 = CARTESIAN_POINT ( 'NONE',  ( -27.79672860427426784, -6.292207792207793915, 12.96227999980796142 ) ) ;
#5086 = CARTESIAN_POINT ( 'NONE',  ( 28.43593986070717250, 19.15899333628119905, -0.0004133216577491812069 ) ) ;
#5087 = CARTESIAN_POINT ( 'NONE',  ( 29.22351202774017409, 9.425707169719402145, 7.139062712898141427 ) ) ;
#5088 = ORIENTED_EDGE ( 'NONE', *, *, #894, .F. ) ;
#5089 = VERTEX_POINT ( 'NONE', #5085 ) ;
#5090 = CARTESIAN_POINT ( 'NONE',  ( -9.767049207610181583, -26.99999999999999645, 2.629160492532776061 ) ) ;
#5091 = CARTESIAN_POINT ( 'NONE',  ( -13.94356245642995518, -28.35267197437532971, 1.367223678564017719 ) ) ;
#5092 = EDGE_CURVE ( 'NONE', #1519, #3408, #4830, .T. ) ;
#5093 = CARTESIAN_POINT ( 'NONE',  ( 23.78927950272763781, -22.37944605542765686, 3.533627057527242155 ) ) ;
#5094 = CIRCLE ( 'NONE', #2839, 7.500000000000000000 ) ;
#5095 = CARTESIAN_POINT ( 'NONE',  ( 10.66836413764551672, 26.45551326750404542, 11.80804192838420796 ) ) ;
#5096 = CARTESIAN_POINT ( 'NONE',  ( -11.49999999999999289, -8.500000000000000000, 5.000000000000000000 ) ) ;
#5097 = CARTESIAN_POINT ( 'NONE',  ( 29.99999999999999289, -0.7851842496079639577, -6.979998821817670063 ) ) ;
#5098 = CARTESIAN_POINT ( 'NONE',  ( -26.11753326075711001, 22.16559224499265213, 4.119826548522568466 ) ) ;
#5099 = AXIS2_PLACEMENT_3D ( 'NONE', #2804, #4348, #4736 ) ;
#5100 = CARTESIAN_POINT ( 'NONE',  ( -10.71436858890894506, 24.78981032602971624, 12.04676412705104305 ) ) ;
#5101 = LINE ( 'NONE', #2133, #718 ) ;
#5102 = CARTESIAN_POINT ( 'NONE',  ( 24.42216490396104334, -11.52870576682066783, 13.86753826793529853 ) ) ;
#5103 = CARTESIAN_POINT ( 'NONE',  ( 6.123233995736767268E-16, -28.49999999999999645, 5.000000000000000000 ) ) ;
#5104 = DIRECTION ( 'NONE',  ( 0.000000000000000000, 1.000000000000000000, 0.000000000000000000 ) ) ;
#5105 = CARTESIAN_POINT ( 'NONE',  ( 29.99999999999999289, -8.500000000000000000, -10.63331683757129298 ) ) ;
#5106 = CARTESIAN_POINT ( 'NONE',  ( 12.84701825673611175, -26.98999507837580936, 7.111271668407121105 ) ) ;
#5107 = CARTESIAN_POINT ( 'NONE',  ( 22.60738717096365491, 23.34477874598507796, 0.1459961187861451848 ) ) ;
#5108 = CARTESIAN_POINT ( 'NONE',  ( 7.843504876740492016, -26.99999999999999645, 3.149634727329077233 ) ) ;
#5109 = CARTESIAN_POINT ( 'NONE',  ( 16.53542560670802430, -25.66479751206656701, 7.147609824112224786 ) ) ;
#5110 = CARTESIAN_POINT ( 'NONE',  ( -9.401036392209800141, 28.49999999999999645, 2.737135302395441894 ) ) ;
#5111 = CARTESIAN_POINT ( 'NONE',  ( -24.21019428435171505, 18.31228879729002301, 5.974707322876431803 ) ) ;
#5112 = EDGE_LOOP ( 'NONE', ( #2398, #5674, #6105, #1553, #2543 ) ) ;
#5113 = CARTESIAN_POINT ( 'NONE',  ( -27.00041714941773563, 0.4821256558028199080, 12.14084538655399470 ) ) ;
#5114 = CARTESIAN_POINT ( 'NONE',  ( 1.407245648276340238E-15, 27.00000000000000355, 4.999999999999999112 ) ) ;
#5115 = CARTESIAN_POINT ( 'NONE',  ( 10.29309592552063002, 26.25299711024275950, 6.105408687617750907 ) ) ;
#5116 = TOROIDAL_SURFACE ( 'NONE', #4595, 10.99999999999999822, 9.000000000000000000 ) ;
#5117 = CARTESIAN_POINT ( 'NONE',  ( 10.44249885031969249, 26.53794061800765292, 8.865885126992923304 ) ) ;
#5118 = DIRECTION ( 'NONE',  ( 0.000000000000000000, 0.000000000000000000, -1.000000000000000000 ) ) ;
#5119 = CARTESIAN_POINT ( 'NONE',  ( 13.88037014824223725, 26.85597407244109647, 1.339644475168059845 ) ) ;
#5120 = CARTESIAN_POINT ( 'NONE',  ( 9.401036392209761061, -28.49999999999999645, 2.737135302395515168 ) ) ;
#5121 = EDGE_CURVE ( 'NONE', #5189, #525, #2210, .T. ) ;
#5122 = CARTESIAN_POINT ( 'NONE',  ( -29.96181038548336062, -2.566801422169006752, 6.891899428778851089 ) ) ;
#5123 = CARTESIAN_POINT ( 'NONE',  ( -31.46768474246922054, 9.813249629633096660, 0.6350299859557823057 ) ) ;
#5124 = CARTESIAN_POINT ( 'NONE',  ( 31.49999999999243627, 8.794066356388940520, 4.439341022924361724 ) ) ;
#5125 = AXIS2_PLACEMENT_3D ( 'NONE', #338, #4297, #367 ) ;
#5126 = ORIENTED_EDGE ( 'NONE', *, *, #505, .F. ) ;
#5127 = VERTEX_POINT ( 'NONE', #1232 ) ;
#5128 = CARTESIAN_POINT ( 'NONE',  ( -29.99999999999999289, 9.327942773104021867, 3.866780726386688904 ) ) ;
#5129 = EDGE_CURVE ( 'NONE', #1886, #4524, #3258, .T. ) ;
#5130 = AXIS2_PLACEMENT_3D ( 'NONE', #870, #925, #342 ) ;
#5131 = CARTESIAN_POINT ( 'NONE',  ( -30.31418555960908634, -15.41123691055496359, 4.175260963669267689 ) ) ;
#5132 = CARTESIAN_POINT ( 'NONE',  ( 24.89685903684874191, -21.27346454298099232, 0.01870742265515966049 ) ) ;
#5133 = DIRECTION ( 'NONE',  ( 0.000000000000000000, -0.2609504664687836706, -0.9653521917153989884 ) ) ;
#5134 = B_SPLINE_CURVE_WITH_KNOTS ( 'NONE', 3,
 ( #5043, #5968, #5911, #649, #30, #5882, #2948, #1058, #3437, #998, #2047, #4923, #531, #2973, #2469, #1090, #1506, #3035, #3466, #5431, #5011, #1153, #3252, #1735, #5219, #5184, #1289, #1258 ),
 .UNSPECIFIED., .F., .F.,
 ( 4, 2, 2, 2, 2, 2, 2, 2, 2, 2, 2, 2, 2, 4 ),
 ( 0.000000000000000000, 0.003527921478692281395, 0.007055842957384562790, 0.008819803696730708908, 0.01058376443607685763, 0.01411168591476915160, 0.01587564665411529338, 0.01763960739346143169, 0.02116752887215371873, 0.02204950924182678962, 0.02293148961149986051, 0.02469545035084599188, 0.02645941109019212673, 0.02822337182953826504 ),
 .UNSPECIFIED. ) ;
#5135 = CARTESIAN_POINT ( 'NONE',  ( 29.99999999999999289, -9.327942773100502905, 3.866780726379431155 ) ) ;
#5136 = AXIS2_PLACEMENT_3D ( 'NONE', #2739, #3514, #4705 ) ;
#5137 = ORIENTED_EDGE ( 'NONE', *, *, #1082, .T. ) ;
#5138 = CARTESIAN_POINT ( 'NONE',  ( 13.88362174851651076, 23.19115636853893037, 9.141610365661042792 ) ) ;
#5139 = EDGE_CURVE ( 'NONE', #5740, #5956, #3370, .T. ) ;
#5140 = CARTESIAN_POINT ( 'NONE',  ( 29.99999999999998934, 8.500000000000001776, -10.63331683757129298 ) ) ;
#5141 = CARTESIAN_POINT ( 'NONE',  ( 9.062507888020535418, -27.02688487710517506, 11.00068541082017326 ) ) ;
#5142 = CARTESIAN_POINT ( 'NONE',  ( 193.2911684466444626, -2.755455298081543989E-15, -123.3408453358350982 ) ) ;
#5143 = CARTESIAN_POINT ( 'NONE',  ( -3.357403913515599303, 26.79901326587323496, 7.428211797963529150 ) ) ;
#5144 = CARTESIAN_POINT ( 'NONE',  ( 29.99999999999999289, -6.900808533011561607, 1.136834755483783654 ) ) ;
#5145 = EDGE_CURVE ( 'NONE', #2295, #3408, #5061, .T. ) ;
#5146 = B_SPLINE_CURVE_WITH_KNOTS ( 'NONE', 3,
 ( #6, #272, #2638, #4089, #6009, #734 ),
 .UNSPECIFIED., .F., .F.,
 ( 4, 2, 4 ),
 ( 0.000000000000000000, 0.006916723433682731709, 0.01383344686736546342 ),
 .UNSPECIFIED. ) ;
#5147 = CARTESIAN_POINT ( 'NONE',  ( 25.11456953199061459, -9.930569829532458925, 13.69175989445243147 ) ) ;
#5148 = CARTESIAN_POINT ( 'NONE',  ( 28.91527321188193156, 14.85878644279840088, 3.573834859634415828 ) ) ;
#5149 = CARTESIAN_POINT ( 'NONE',  ( 28.32123585219076745, -7.580464906482319520, 6.162648984321497103 ) ) ;
#5150 = CARTESIAN_POINT ( 'NONE',  ( 14.95272330357751578, -26.31519863948246041, 7.151061588926640233 ) ) ;
#5151 = CARTESIAN_POINT ( 'NONE',  ( 28.16017478245455408, 17.04508493129563007, -15.69583089167174350 ) ) ;
#5152 = EDGE_LOOP ( 'NONE', ( #458, #3490, #3758, #2123 ) ) ;
#5153 = CARTESIAN_POINT ( 'NONE',  ( 17.93937566825801611, 23.67036574203848787, 6.169786898647218187 ) ) ;
#5154 = CARTESIAN_POINT ( 'NONE',  ( -27.17641774968094737, 8.675227465850261055, 13.44685257311529902 ) ) ;
#5155 = CARTESIAN_POINT ( 'NONE',  ( 11.48877752401214103, 26.09977972384879763, 9.135101782968604311 ) ) ;
#5156 = CARTESIAN_POINT ( 'NONE',  ( -12.14463961670002767, -28.50000000000000000, 1.737169840245210706 ) ) ;
#5157 = CARTESIAN_POINT ( 'NONE',  ( -31.50000000000000000, 1.545047365411283513, -6.694164624404439046 ) ) ;
#5158 = CARTESIAN_POINT ( 'NONE',  ( -28.20285199752638050, 4.238743598937736223, 12.51702091188312060 ) ) ;
#5159 = CARTESIAN_POINT ( 'NONE',  ( -4.697724065277133043, -26.59681630314369727, 8.378486505479997959 ) ) ;
#5160 = CARTESIAN_POINT ( 'NONE',  ( -14.72752346860569972, 28.24859662809687322, 1.220472342392994181 ) ) ;
#5161 = EDGE_LOOP ( 'NONE', ( #5998, #334, #362 ) ) ;
#5162 = CARTESIAN_POINT ( 'NONE',  ( 27.68302768285361282, 20.26779219052340153, 4.108553322667662933 ) ) ;
#5163 = CARTESIAN_POINT ( 'NONE',  ( 8.512987012987009550, -27.19887961142360666, 10.66248444409494489 ) ) ;
#5164 = ORIENTED_EDGE ( 'NONE', *, *, #5515, .T. ) ;
#5165 = CARTESIAN_POINT ( 'NONE',  ( 31.50000000000000000, -3.081219145905509826, -7.038270390719688407 ) ) ;
#5166 = ORIENTED_EDGE ( 'NONE', *, *, #739, .T. ) ;
#5167 = CARTESIAN_POINT ( 'NONE',  ( -11.83048260437718469, -27.00000000000065725, 4.475482356996057121 ) ) ;
#5168 = CARTESIAN_POINT ( 'NONE',  ( -28.43593986070762014, -19.15899333628054180, -0.0004133216558179697770 ) ) ;
#5169 = CARTESIAN_POINT ( 'NONE',  ( 25.31823753118471743, -20.81610335264483425, 0.004869750906637058778 ) ) ;
#5170 = DIRECTION ( 'NONE',  ( 0.4145910441407809621, -1.810146235801885715E-15, -0.9100078384927555719 ) ) ;
#5171 = CARTESIAN_POINT ( 'NONE',  ( 36.00000000000000711, 0.000000000000000000, -204.9999999999999147 ) ) ;
#5172 = CARTESIAN_POINT ( 'NONE',  ( -28.95101270141849170, 10.68752096395204454, 7.123407646581649821 ) ) ;
#5173 = CC_DESIGN_APPROVAL ( #32, ( #3409 ) ) ;
#5174 = CARTESIAN_POINT ( 'NONE',  ( -9.957540275460252646E-15, -4.716157869387401114, -52.81387104115794529 ) ) ;
#5175 = CARTESIAN_POINT ( 'NONE',  ( 27.04388104564326412, -9.080019796673944654, 9.800672394448161739 ) ) ;
#5176 = CARTESIAN_POINT ( 'NONE',  ( -11.49999999999999112, 28.49999999999999645, 1.893709856737191943 ) ) ;
#5177 = DIRECTION ( 'NONE',  ( 0.000000000000000000, 0.000000000000000000, 1.000000000000000000 ) ) ;
#5178 =( BOUNDED_SURFACE ( )  B_SPLINE_SURFACE ( 3, 2, ( 
 ( #3500, #1407, #1032 ),
 ( #1508, #3950, #2875 ),
 ( #125, #4525, #4011 ),
 ( #4041, #2533, #1061 ),
 ( #93, #2594, #2019 ),
 ( #1092, #4927, #3070 ) ),
 .UNSPECIFIED., .F., .F., .F. ) 
 B_SPLINE_SURFACE_WITH_KNOTS ( ( 4, 2, 4 ),
 ( 3, 3 ),
 ( -3.376388253654243711E-05, 0.004801573323969245480, 0.009636910530475033959 ),
 ( 0.000000000000000000, 1.000000000000000000 ),
 .UNSPECIFIED. ) 
 GEOMETRIC_REPRESENTATION_ITEM ( )  RATIONAL_B_SPLINE_SURFACE ( (
 ( 1.000000000000000000, 1.000000000000000000, 1.000000000000000000),
 ( 1.000000000000000000, 0.9999868034366011793, 1.000000000000000000),
 ( 1.000000000000000000, 0.9983245876636007710, 1.000000000000000000),
 ( 1.000000000000000000, 0.9912339258427124156, 1.000000000000000000),
 ( 1.000000000000000000, 0.9858314174699717158, 1.000000000000000000),
 ( 1.000000000000000000, 0.9777825185304201971, 1.000000000000000000) ) ) 
 REPRESENTATION_ITEM ( '' )  SURFACE ( )  );
#5179 = DIRECTION ( 'NONE',  ( 0.000000000000000000, 0.000000000000000000, -1.000000000000000000 ) ) ;
#5180 = CARTESIAN_POINT ( 'NONE',  ( -12.84701825673610642, 26.98999507837580936, 7.111271668407121105 ) ) ;
#5181 = EDGE_CURVE ( 'NONE', #1996, #63, #4437, .T. ) ;
#5182 = CARTESIAN_POINT ( 'NONE',  ( 1.570798470369559441, -26.99999999999999645, 4.638864252892928697 ) ) ;
#5183 = CARTESIAN_POINT ( 'NONE',  ( 16.44910458980431756, -27.91986868786334242, 0.9279124260956779224 ) ) ;
#5184 = CARTESIAN_POINT ( 'NONE',  ( -31.37406997217057736, -10.56220846449955886, -11.75812628527184245 ) ) ;
#5185 = ORIENTED_EDGE ( 'NONE', *, *, #1547, .F. ) ;
#5186 = FACE_OUTER_BOUND ( 'NONE', #3012, .T. ) ;
#5187 = DIRECTION ( 'NONE',  ( -0.9753238106762903703, 0.2207792207792206307, 0.000000000000000000 ) ) ;
#5188 = CARTESIAN_POINT ( 'NONE',  ( -29.99999999999999645, 7.293457923420610278, -9.607790380788170381 ) ) ;
#5189 = VERTEX_POINT ( 'NONE', #3700 ) ;
#5190 = CARTESIAN_POINT ( 'NONE',  ( -29.05416671262504025, 10.20986417264933444, 7.129333836537393054 ) ) ;
#5191 = CARTESIAN_POINT ( 'NONE',  ( 7.843007003530983567, -28.49999999999999645, 3.149766585665768837 ) ) ;
#5192 = CARTESIAN_POINT ( 'NONE',  ( 22.31762757425804367, 15.20799402541046064, 14.07025229543397238 ) ) ;
#5193 = CARTESIAN_POINT ( 'NONE',  ( -31.49999999999999289, 6.900808533011558055, 1.136834755483767889 ) ) ;
#5194 = EDGE_LOOP ( 'NONE', ( #1845, #4557, #289, #4507, #876, #2633, #554 ) ) ;
#5195 = CARTESIAN_POINT ( 'NONE',  ( -29.99999999999999289, 8.634599219248876523, -10.75519299531428885 ) ) ;
#5196 = EDGE_LOOP ( 'NONE', ( #4217, #733, #983, #3904, #2311, #124, #3812, #5408 ) ) ;
#5197 = VERTEX_POINT ( 'NONE', #5667 ) ;
#5198 = CARTESIAN_POINT ( 'NONE',  ( -17.06281171925152762, 22.83650746509833951, 13.57767047170859698 ) ) ;
#5199 = B_SPLINE_CURVE_WITH_KNOTS ( 'NONE', 3,
 ( #1255, #4341, #1827, #5180, #2313, #5250 ),
 .UNSPECIFIED., .F., .F.,
 ( 4, 2, 4 ),
 ( 1.100558666808491869E-17, 0.001881959696090585886, 0.003763919392181160496 ),
 .UNSPECIFIED. ) ;
#5200 = CARTESIAN_POINT ( 'NONE',  ( -1.782535616584616900, -28.50000000000159872, 5.304406064319272751 ) ) ;
#5201 = CARTESIAN_POINT ( 'NONE',  ( 25.23667801261463595, -16.80622515981306719, 5.982805619815779963 ) ) ;
#5202 = CARTESIAN_POINT ( 'NONE',  ( -28.43862537007704816, -2.144412820671888653, 12.22497571308358566 ) ) ;
#5203 = CARTESIAN_POINT ( 'NONE',  ( 9.401036392206606251, -26.99999999999999645, 2.737135302396356717 ) ) ;
#5204 = CARTESIAN_POINT ( 'NONE',  ( 1.524501636054259040E-14, -2.062153989898174888, -49.59244239075155747 ) ) ;
#5205 = CARTESIAN_POINT ( 'NONE',  ( -13.63248339665050679, 28.38840098513749055, 1.427411456388568922 ) ) ;
#5206 = CARTESIAN_POINT ( 'NONE',  ( 16.71535878485304849, 21.21208478698193289, 13.66863190925689331 ) ) ;
#5207 = EDGE_CURVE ( 'NONE', #3632, #5956, #2132, .T. ) ;
#5208 = CIRCLE ( 'NONE', #2212, 9.999999999999998224 ) ;
#5209 = CARTESIAN_POINT ( 'NONE',  ( -6.507617474480308579E-16, -20.15303952289326617, -26.60424703045783090 ) ) ;
#5210 = CARTESIAN_POINT ( 'NONE',  ( 26.28944193822481878, -11.02310173484928058, 13.75402352938369432 ) ) ;
#5211 = DIRECTION ( 'NONE',  ( 1.000000000000000000, 0.000000000000000000, 0.000000000000000000 ) ) ;
#5212 = CARTESIAN_POINT ( 'NONE',  ( 21.22453682458644408, -24.24957991019924464, 0.2704972507169129403 ) ) ;
#5213 = AXIS2_PLACEMENT_3D ( 'NONE', #1593, #3006, #596 ) ;
#5214 = CARTESIAN_POINT ( 'NONE',  ( -6.942091221235387673E-16, 5.493438313928740158, -52.32179990845090600 ) ) ;
#5215 = EDGE_CURVE ( 'NONE', #3560, #2850, #1837, .T. ) ;
#5216 = CARTESIAN_POINT ( 'NONE',  ( 3.298468674955205682, -28.49999999999439737, 4.935497870450952007 ) ) ;
#5217 = CARTESIAN_POINT ( 'NONE',  ( -28.22555801858646518, 16.43155381434063145, 3.529940789196067463 ) ) ;
#5218 = CARTESIAN_POINT ( 'NONE',  ( 19.10827870344946078, 19.10929026679203702, 9.296302880046768635 ) ) ;
#5219 = CARTESIAN_POINT ( 'NONE',  ( -31.16460640395235160, -11.51883916787446793, -12.45185365940190714 ) ) ;
#5220 = CARTESIAN_POINT ( 'NONE',  ( -7.800229734230061496, -27.42196576585921974, 10.22382012160376696 ) ) ;
#5221 = VERTEX_POINT ( 'NONE', #551 ) ;
#5222 = EDGE_CURVE ( 'NONE', #2708, #5714, #6212, .T. ) ;
#5223 = CARTESIAN_POINT ( 'NONE',  ( 14.67123337239074665, -22.67376766657896781, 13.27932940158506270 ) ) ;
#5224 = DIRECTION ( 'NONE',  ( 0.000000000000000000, 0.000000000000000000, 1.000000000000000000 ) ) ;
#5225 = CARTESIAN_POINT ( 'NONE',  ( -3.141431759197326645, -27.00000000000000000, 4.277950638296412755 ) ) ;
#5226 = CARTESIAN_POINT ( 'NONE',  ( -11.49999999999999289, -19.49999999999999645, -11.00000000000000178 ) ) ;
#5227 = CARTESIAN_POINT ( 'NONE',  ( -8.064935064935044196, -25.76735963187499578, 10.66248444409499996 ) ) ;
#5228 = CARTESIAN_POINT ( 'NONE',  ( 11.49999999999999289, 28.49999999999999645, 1.893709856737656017 ) ) ;
#5229 = CARTESIAN_POINT ( 'NONE',  ( 26.11957592219766511, 22.16340948389636267, 4.119796780290955418 ) ) ;
#5230 = CARTESIAN_POINT ( 'NONE',  ( -21.49999999999998579, 8.500000000000008882, 0.8039144995323158627 ) ) ;
#5231 = CARTESIAN_POINT ( 'NONE',  ( 4.675870621368503066, -23.36200928885736872, -19.13168554650370012 ) ) ;
#5232 = ORIENTED_EDGE ( 'NONE', *, *, #1437, .T. ) ;
#5233 = CARTESIAN_POINT ( 'NONE',  ( 10.45051819610490718, 27.62117307087383367, 6.699809873245216707 ) ) ;
#5234 = CARTESIAN_POINT ( 'NONE',  ( -12.90787971633738529, -28.50000000000002132, 4.792569397690135347 ) ) ;
#5235 = CARTESIAN_POINT ( 'NONE',  ( 18.89707435371742150, -25.46747842093411052, 0.5278253321583376012 ) ) ;
#5236 = AXIS2_PLACEMENT_3D ( 'NONE', #5439, #2504, #565 ) ;
#5237 = CARTESIAN_POINT ( 'NONE',  ( -28.35789780153373840, 2.911773856293468299, 9.345171280407333469 ) ) ;
#5238 = CARTESIAN_POINT ( 'NONE',  ( -7.567290434640800534, 23.84136006187791068, -18.88415495793896426 ) ) ;
#5239 = DIRECTION ( 'NONE',  ( 1.000000000000000000, -0.000000000000000000, -0.000000000000000000 ) ) ;
#5240 = CARTESIAN_POINT ( 'NONE',  ( -15.85734526730706762, 25.95853268365497968, 7.150643753784498458 ) ) ;
#5241 = AXIS2_PLACEMENT_3D ( 'NONE', #2335, #2716, #5170 ) ;
#5242 = CARTESIAN_POINT ( 'NONE',  ( -17.55221394398948931, 23.98521405521831085, 6.057470754710494454 ) ) ;
#5243 = VERTEX_POINT ( 'NONE', #79 ) ;
#5244 = CARTESIAN_POINT ( 'NONE',  ( 23.65595744762070751, -24.43554016393059314, 0.1358559445560292289 ) ) ;
#5245 = CARTESIAN_POINT ( 'NONE',  ( 27.79672860427433889, -6.292207792207524797, 12.96227999980789569 ) ) ;
#5246 = CARTESIAN_POINT ( 'NONE',  ( 12.68908297732031976, -26.97143327874651675, 1.597516972224659160 ) ) ;
#5247 = B_SPLINE_CURVE_WITH_KNOTS ( 'NONE', 3,
 ( #4255, #5195, #3290, #3733 ),
 .UNSPECIFIED., .F., .F.,
 ( 4, 4 ),
 ( 0.000000000000000000, 0.0005447354668436167916 ),
 .UNSPECIFIED. ) ;
#5248 = FACE_OUTER_BOUND ( 'NONE', #259, .T. ) ;
#5249 = EDGE_CURVE ( 'NONE', #595, #2601, #3299, .T. ) ;
#5250 = CARTESIAN_POINT ( 'NONE',  ( -14.05084148575788205, 26.61831974107802523, 7.145956261482449001 ) ) ;
#5251 = CARTESIAN_POINT ( 'NONE',  ( -23.56392747638479435, 22.58050310821592888, 0.08013221867296843604 ) ) ;
#5252 = CARTESIAN_POINT ( 'NONE',  ( 25.71934625910730787, 8.238113190413534070, 13.43878103388179746 ) ) ;
#5253 = CARTESIAN_POINT ( 'NONE',  ( -25.43683408594687023, -16.60973282102790449, 5.921936665302451885 ) ) ;
#5254 = CARTESIAN_POINT ( 'NONE',  ( -5.670152148177287188, -27.93973484216920511, 8.850278121767775730 ) ) ;
#5255 = ORIENTED_EDGE ( 'NONE', *, *, #3712, .T. ) ;
#5256 = CARTESIAN_POINT ( 'NONE',  ( -25.93137011360109767, -15.60777093999900877, 6.000453574593678674 ) ) ;
#5257 = EDGE_CURVE ( 'NONE', #4731, #1419, #6271, .T. ) ;
#5258 = EDGE_CURVE ( 'NONE', #4156, #3547, #6057, .T. ) ;
#5259 = DIRECTION ( 'NONE',  ( 0.000000000000000000, 0.000000000000000000, -1.000000000000000000 ) ) ;
#5260 = CARTESIAN_POINT ( 'NONE',  ( -29.69018148251490175, 6.400527324476910529, 7.001130251786456427 ) ) ;
#5261 = CARTESIAN_POINT ( 'NONE',  ( -29.41070141040959385, -8.913465079413258607, 7.008139208365435913 ) ) ;
#5262 = CARTESIAN_POINT ( 'NONE',  ( 16.15886918236588343, 21.66407839799647661, 13.58615353004163318 ) ) ;
#5263 = CARTESIAN_POINT ( 'NONE',  ( -7.581911911811816118, 22.38484795719295306, -17.92329723529553931 ) ) ;
#5264 = CARTESIAN_POINT ( 'NONE',  ( -1.782535619370702928, 28.50000000000159872, 5.304406058842432437 ) ) ;
#5265 = CARTESIAN_POINT ( 'NONE',  ( -28.42754218145996248, 7.630046310894407213, 6.014290989959167000 ) ) ;
#5266 = ORIENTED_EDGE ( 'NONE', *, *, #6165, .F. ) ;
#5267 = FACE_OUTER_BOUND ( 'NONE', #5012, .T. ) ;
#5268 = CARTESIAN_POINT ( 'NONE',  ( -11.49999999999998934, 26.99999999999999645, 1.893709856737191943 ) ) ;
#5269 = CARTESIAN_POINT ( 'NONE',  ( -1.283936707496882417E-14, -20.45676209442673255, -18.43872343179043938 ) ) ;
#5270 = CARTESIAN_POINT ( 'NONE',  ( 28.50000000000000000, -2.432795517538322102E-16, 12.14142842854284510 ) ) ;
#5271 = CARTESIAN_POINT ( 'NONE',  ( 3.704781072964357325, 21.70933245704064163, -18.17282423045712036 ) ) ;
#5272 = DATE_AND_TIME ( #3130, #3087 ) ;
#5273 = CARTESIAN_POINT ( 'NONE',  ( 29.99999999999999289, -8.500000000000000000, 0.8039144995323153076 ) ) ;
#5274 = CARTESIAN_POINT ( 'NONE',  ( -12.70694129875040801, 28.47316222914645323, 1.614576276245382802 ) ) ;
#5275 = VERTEX_POINT ( 'NONE', #3966 ) ;
#5276 = CARTESIAN_POINT ( 'NONE',  ( 1.412122817699936918E-14, -14.14485171969161925, -41.55769004924980692 ) ) ;
#5277 = CARTESIAN_POINT ( 'NONE',  ( 21.72305204440231563, -18.45957992074264453, 14.05364924013680650 ) ) ;
#5278 = DIRECTION ( 'NONE',  ( -8.497386401370967797E-17, -0.000000000000000000, 1.000000000000000000 ) ) ;
#5279 = CARTESIAN_POINT ( 'NONE',  ( 28.32123585219076745, -7.580464906482319520, 6.162648984321497103 ) ) ;
#5280 = ORIENTED_EDGE ( 'NONE', *, *, #1207, .T. ) ;
#5281 = CARTESIAN_POINT ( 'NONE',  ( 28.52479536083335176, -6.408777586633913614, 6.039530827688319725 ) ) ;
#5282 = FACE_OUTER_BOUND ( 'NONE', #419, .T. ) ;
#5283 = CARTESIAN_POINT ( 'NONE',  ( -26.12683357148095453, 19.84161310288460101, 3.491111242747813481 ) ) ;
#5284 = CARTESIAN_POINT ( 'NONE',  ( 24.43199395955938513, 11.55358511700000257, 13.87794295557012703 ) ) ;
#5285 = CARTESIAN_POINT ( 'NONE',  ( -25.90740251863715926, -7.643495154185265150, 9.207372985623738515 ) ) ;
#5286 = ORIENTED_EDGE ( 'NONE', *, *, #6259, .T. ) ;
#5287 = CARTESIAN_POINT ( 'NONE',  ( -27.41054292934015990, -17.95790673026045425, 3.501076430092869174 ) ) ;
#5288 = CARTESIAN_POINT ( 'NONE',  ( -22.67231906388021656, 14.71042646280994326, 14.06614871511853870 ) ) ;
#5289 = CARTESIAN_POINT ( 'NONE',  ( -29.99999999999999645, -3.858706456239794580, -7.676234614479236384 ) ) ;
#5290 = CARTESIAN_POINT ( 'NONE',  ( 4.962610155802981815, 28.07373249426818163, 8.381085509198676675 ) ) ;
#5291 = CARTESIAN_POINT ( 'NONE',  ( 29.99999999999999289, -7.441745900716688844, 1.063682125309198589 ) ) ;
#5292 = CARTESIAN_POINT ( 'NONE',  ( 3.213182271775203436, -28.36422376851174221, 6.290343551222391305 ) ) ;
#5293 = CARTESIAN_POINT ( 'NONE',  ( 31.50000000000000000, -3.825843398951088048, -7.274087667907285670 ) ) ;
#5294 = ORIENTED_EDGE ( 'NONE', *, *, #414, .F. ) ;
#5295 = CARTESIAN_POINT ( 'NONE',  ( -7.843994539821521172, -28.49999999999999645, 3.149505043942781413 ) ) ;
#5296 = CARTESIAN_POINT ( 'NONE',  ( 14.05084148575820358, 26.61831974107792220, 7.145956261482421468 ) ) ;
#5297 = DIRECTION ( 'NONE',  ( 1.000000000000000000, 0.000000000000000000, 0.000000000000000000 ) ) ;
#5298 = CARTESIAN_POINT ( 'NONE',  ( 29.99561404899397843, 8.902816274069262903, -10.99999999999158540 ) ) ;
#5299 = CARTESIAN_POINT ( 'NONE',  ( 26.64942144803398705, 16.52849746787539686, 7.042824898693801572 ) ) ;
#5300 = CARTESIAN_POINT ( 'NONE',  ( -1.283936707496882417E-14, -20.45676209442673255, -18.43872343179043938 ) ) ;
#5301 = CARTESIAN_POINT ( 'NONE',  ( -20.23723606444401923, 26.51872088390967264, 4.308332696264908002 ) ) ;
#5302 = EDGE_CURVE ( 'NONE', #1868, #5411, #53, .T. ) ;
#5303 = ORIENTED_EDGE ( 'NONE', *, *, #1320, .F. ) ;
#5304 = CARTESIAN_POINT ( 'NONE',  ( -11.49999999999999289, -36.74234614174767444, 10.66248444409494134 ) ) ;
#5305 = CARTESIAN_POINT ( 'NONE',  ( -21.50000000000053646, 6.900808533012815715, 1.136834755482857506 ) ) ;
#5306 = CARTESIAN_POINT ( 'NONE',  ( 28.08884218161300339, -16.71169161404016279, 0.04878146171766867267 ) ) ;
#5307 = CARTESIAN_POINT ( 'NONE',  ( -4.457444750331730252E-15, 9.733266589437825189, -48.28630187883784686 ) ) ;
#5308 = ORIENTED_EDGE ( 'NONE', *, *, #4845, .T. ) ;
#5309 = LINE ( 'NONE', #5818, #3548 ) ;
#5310 = CARTESIAN_POINT ( 'NONE',  ( 31.49999999999999289, 6.900808533012650514, 1.136834755483631110 ) ) ;
#5311 = CARTESIAN_POINT ( 'NONE',  ( -24.46716870304038594, 17.94152683912397350, 5.976301160903858545 ) ) ;
#5312 = AXIS2_PLACEMENT_3D ( 'NONE', #4605, #6107, #1167 ) ;
#5313 = CARTESIAN_POINT ( 'NONE',  ( 27.48753478027423114, 12.17905997563412335, 6.000542324819122086 ) ) ;
#5314 = CARTESIAN_POINT ( 'NONE',  ( -31.49999999999999289, -7.441745900716398410, 1.063682125309176385 ) ) ;
#5315 = VERTEX_POINT ( 'NONE', #2207 ) ;
#5316 = CARTESIAN_POINT ( 'NONE',  ( -26.46999257340042178, -19.38447534843835030, 3.490628111443435877 ) ) ;
#5317 = CARTESIAN_POINT ( 'NONE',  ( 29.99853077344047492, -8.768892663925894837, -10.87741653043404533 ) ) ;
#5318 = CARTESIAN_POINT ( 'NONE',  ( -31.46766887734212759, -9.813818072431400807, 0.6349578328992184773 ) ) ;
#5319 = CARTESIAN_POINT ( 'NONE',  ( -14.67123337239074665, 22.67376766657897846, 13.27932940158507336 ) ) ;
#5320 = CARTESIAN_POINT ( 'NONE',  ( 30.85623598953790747, 13.70073405864821936, 0.2527165635150350198 ) ) ;
#5321 = CARTESIAN_POINT ( 'NONE',  ( 7.388103062945090116, -25.97920152114511438, 10.22278832403322824 ) ) ;
#5322 = DIRECTION ( 'NONE',  ( 1.368350501663293359E-13, -0.9909795437185160427, 0.1340132229723687562 ) ) ;
#5323 = EDGE_CURVE ( 'NONE', #4156, #1077, #4467, .T. ) ;
#5324 = CARTESIAN_POINT ( 'NONE',  ( -14.95289659989092002, -26.31513742144729306, 7.151062273574558148 ) ) ;
#5325 = CARTESIAN_POINT ( 'NONE',  ( 12.61642070134505111, -26.97517506196038539, 1.614576276246319164 ) ) ;
#5326 = CARTESIAN_POINT ( 'NONE',  ( -11.12829837429087121, 26.99999999999999645, 4.525213754609004546 ) ) ;
#5327 = CARTESIAN_POINT ( 'NONE',  ( 36.00000000000000711, 0.000000000000000000, -123.3408453358350698 ) ) ;
#5328 = ADVANCED_FACE ( 'NONE', ( #2653 ), #3440, .F. ) ;
#5329 = CARTESIAN_POINT ( 'NONE',  ( -17.68360000553789035, 27.56451088337671607, 0.7513953056308628753 ) ) ;
#5330 = AXIS2_PLACEMENT_3D ( 'NONE', #1420, #5224, #1295 ) ;
#5331 = CARTESIAN_POINT ( 'NONE',  ( -18.31518048630657347, 19.87152345350624927, 9.299041858040597575 ) ) ;
#5332 = ORIENTED_EDGE ( 'NONE', *, *, #5589, .T. ) ;
#5333 = CARTESIAN_POINT ( 'NONE',  ( -11.28288632165028993, -28.49999999999998934, 4.894076830470604378 ) ) ;
#5334 = CIRCLE ( 'NONE', #4819, 10.00000000000000000 ) ;
#5335 = CARTESIAN_POINT ( 'NONE',  ( 3.994095402626689876E-15, 19.29095801001109933, -29.17863534653086077 ) ) ;
#5336 = VERTEX_POINT ( 'NONE', #251 ) ;
#5337 = CARTESIAN_POINT ( 'NONE',  ( 28.42754218145997314, -7.630046310894401884, 6.014290989959174105 ) ) ;
#5338 = AXIS2_PLACEMENT_3D ( 'NONE', #5752, #5717, #4268 ) ;
#5339 = DIRECTION ( 'NONE',  ( -0.000000000000000000, -0.000000000000000000, 1.000000000000000000 ) ) ;
#5340 = CARTESIAN_POINT ( 'NONE',  ( -20.63026055972044404, 21.88890727246461410, 6.058935849925066286 ) ) ;
#5341 = CARTESIAN_POINT ( 'NONE',  ( -17.52895445858298729, -23.99759761295146632, 6.057793852675867008 ) ) ;
#5342 = CARTESIAN_POINT ( 'NONE',  ( -4.962610155802981815, -28.07373249426817452, 8.381085509198676675 ) ) ;
#5343 = ORIENTED_EDGE ( 'NONE', *, *, #1757, .T. ) ;
#5344 = CARTESIAN_POINT ( 'NONE',  ( -23.56590781614022490, -22.57883053798585493, 0.08000684873842554834 ) ) ;
#5345 = EDGE_CURVE ( 'NONE', #5221, #974, #1780, .T. ) ;
#5346 = CARTESIAN_POINT ( 'NONE',  ( -28.47511673081420724, -19.09582939673441260, 0.0007400493404652926793 ) ) ;
#5347 = FACE_OUTER_BOUND ( 'NONE', #435, .T. ) ;
#5348 = CARTESIAN_POINT ( 'NONE',  ( -24.83861627966681596, -13.98837419497186474, 9.905292285277253583 ) ) ;
#5349 = CARTESIAN_POINT ( 'NONE',  ( 5.368077039696038888, -26.46997646648192415, 8.847748719390398975 ) ) ;
#5350 = ORIENTED_EDGE ( 'NONE', *, *, #4059, .T. ) ;
#5351 = CARTESIAN_POINT ( 'NONE',  ( -17.17543100954243585, 22.75187018519502047, 13.59609217541615145 ) ) ;
#5352 = CARTESIAN_POINT ( 'NONE',  ( 1.542074074596171340E-15, 28.49999999999999645, 4.999999999999999112 ) ) ;
#5353 = B_SPLINE_CURVE_WITH_KNOTS ( 'NONE', 3,
 ( #1901, #3859, #1336, #3289, #4289, #3798 ),
 .UNSPECIFIED., .F., .F.,
 ( 4, 2, 4 ),
 ( 0.006068689041355459363, 0.009119825471069124487, 0.01217096190078278961 ),
 .UNSPECIFIED. ) ;
#5354 = DIRECTION ( 'NONE',  ( 0.000000000000000000, -0.000000000000000000, 1.000000000000000000 ) ) ;
#5355 = CARTESIAN_POINT ( 'NONE',  ( 31.49999999999999289, 8.499999999999952038, -10.02838013942483464 ) ) ;
#5356 = CARTESIAN_POINT ( 'NONE',  ( 6.278329278868937102, 28.49999999999999645, 3.532849922440393087 ) ) ;
#5357 = ORIENTED_EDGE ( 'NONE', *, *, #828, .F. ) ;
#5358 = CARTESIAN_POINT ( 'NONE',  ( 22.31177533720687123, -21.46641430882391077, -17.82167361017176788 ) ) ;
#5359 = CARTESIAN_POINT ( 'NONE',  ( -10.45051819610490007, -27.62117307087383722, 6.699809873245218483 ) ) ;
#5360 = DIRECTION ( 'NONE',  ( 0.000000000000000000, 0.000000000000000000, -1.000000000000000000 ) ) ;
#5361 = CARTESIAN_POINT ( 'NONE',  ( 28.68558668217074370, -3.230076097499021692, 6.055875491712055414 ) ) ;
#5362 = CARTESIAN_POINT ( 'NONE',  ( -31.49999999999999289, 7.972351477417177534, 0.9465465104986967582 ) ) ;
#5363 = CARTESIAN_POINT ( 'NONE',  ( 15.47352827149273047, -24.96945861561642843, 6.100846985517191179 ) ) ;
#5364 = AXIS2_PLACEMENT_3D ( 'NONE', #5058, #2192, #1638 ) ;
#5365 = CARTESIAN_POINT ( 'NONE',  ( 29.80785565245643909, 5.107701385805104799, 6.955279009617922448 ) ) ;
#5366 =( LENGTH_UNIT ( ) NAMED_UNIT ( * ) SI_UNIT ( .MILLI., .METRE. ) );
#5367 = ORIENTED_EDGE ( 'NONE', *, *, #3963, .F. ) ;
#5368 = CARTESIAN_POINT ( 'NONE',  ( -28.34060275430547549, -16.18284702549625820, 0.07211118713407199676 ) ) ;
#5369 = B_SPLINE_CURVE_WITH_KNOTS ( 'NONE', 3,
 ( #69, #1484, #5443, #949, #2983, #3956, #975, #42, #1434, #4900, #1516, #2900, #3929, #1071, #4992, #3869, #510, #602, #480, #1039, #4414, #2449, #1007, #3446, #2540, #2422 ),
 .UNSPECIFIED., .F., .F.,
 ( 4, 2, 2, 2, 2, 2, 2, 2, 2, 2, 2, 2, 4 ),
 ( 0.000000000000000000, 0.001917024641348071034, 0.003834049282696142067, 0.007668098565392287604, 0.009585123206740361890, 0.01150214784808843531, 0.01533619713078459255, 0.01725322177213266597, 0.01917024641348074113, 0.02300429569617689143, 0.02492132033752496659, 0.02683834497887303480, 0.03067239426156917123 ),
 .UNSPECIFIED. ) ;
#5370 = EDGE_CURVE ( 'NONE', #3005, #2295, #3017, .T. ) ;
#5371 = CARTESIAN_POINT ( 'NONE',  ( -31.50000000000000711, -1.552150904683452071, -6.715384540411664105 ) ) ;
#5372 = CARTESIAN_POINT ( 'NONE',  ( -31.49999999999598543, -2.436901925582241724, 4.450190036731908272 ) ) ;
#5373 = CARTESIAN_POINT ( 'NONE',  ( -11.56951353698591234, -27.45790722812341755, 6.733914921941715370 ) ) ;
#5374 = CARTESIAN_POINT ( 'NONE',  ( 31.49999999999998579, -8.499999999999996447, 0.8039144995323138643 ) ) ;
#5375 =( BOUNDED_SURFACE ( )  B_SPLINE_SURFACE ( 3, 2, ( 
 ( #3588, #4555, #317 ),
 ( #4110, #5694, #188 ),
 ( #5078, #3653, #2108 ),
 ( #6096, #4073, #679 ),
 ( #6027, #3176, #1628 ),
 ( #5110, #1697, #6062 ) ),
 .UNSPECIFIED., .F., .F., .T. ) 
 B_SPLINE_SURFACE_WITH_KNOTS ( ( 4, 2, 4 ),
 ( 3, 3 ),
 ( -3.376388253654243711E-05, 0.004801573323969248082, 0.009636910530475039163 ),
 ( 0.000000000000000000, 1.000000000000000000 ),
 .UNSPECIFIED. ) 
 GEOMETRIC_REPRESENTATION_ITEM ( )  RATIONAL_B_SPLINE_SURFACE ( (
 ( 1.000000000000000000, 1.000000000000000000, 1.000000000000000000),
 ( 1.000000000000000000, 0.9999868034366011793, 1.000000000000000000),
 ( 1.000000000000000000, 0.9983245876636007710, 1.000000000000000000),
 ( 1.000000000000000000, 0.9912339258427124156, 1.000000000000000000),
 ( 1.000000000000000000, 0.9858314174699717158, 1.000000000000000000),
 ( 1.000000000000000000, 0.9777825185304201971, 1.000000000000000000) ) ) 
 REPRESENTATION_ITEM ( '' )  SURFACE ( )  );
#5376 = ORIENTED_EDGE ( 'NONE', *, *, #3779, .F. ) ;
#5377 = CARTESIAN_POINT ( 'NONE',  ( -20.15584177757299500, 20.18574032706350607, 9.902386406923424644 ) ) ;
#5378 = CARTESIAN_POINT ( 'NONE',  ( 24.86614389519932899, 19.32025285957527672, 6.976998961007135236 ) ) ;
#5379 = B_SPLINE_CURVE_WITH_KNOTS ( 'NONE', 3,
 ( #3253, #5220, #1325, #5254, #5342, #4879, #3430, #4915 ),
 .UNSPECIFIED., .F., .F.,
 ( 4, 2, 2, 4 ),
 ( 0.000000000000000000, 0.002598372101644399763, 0.005196744203288799525, 0.01039348840657759732 ),
 .UNSPECIFIED. ) ;
#5380 = CARTESIAN_POINT ( 'NONE',  ( -26.98587537140363679, 1.010174523005123781, 12.16133770570264261 ) ) ;
#5381 = CARTESIAN_POINT ( 'NONE',  ( 31.49999999999999289, 3.086978411356626761, -7.039759694886288166 ) ) ;
#5382 = CARTESIAN_POINT ( 'NONE',  ( 29.99999999999999289, 1.580699543207394253, -7.092778033191547316 ) ) ;
#5383 = DIRECTION ( 'NONE',  ( 0.4145910441407799629, 1.387778780781445676E-15, -0.9100078384927560160 ) ) ;
#5384 = CARTESIAN_POINT ( 'NONE',  ( -28.55824595937975729, -12.10935898808037336, 7.102499139214815571 ) ) ;
#5385 = VERTEX_POINT ( 'NONE', #4619 ) ;
#5386 = CARTESIAN_POINT ( 'NONE',  ( 31.50000000000000000, 8.882266790986722782, -10.35000145165894914 ) ) ;
#5387 = CARTESIAN_POINT ( 'NONE',  ( 2.706138322868128387, -26.89831397996160689, 6.966719255950432732 ) ) ;
#5388 = CARTESIAN_POINT ( 'NONE',  ( 14.95289659988762132, 26.31513742144964141, 7.151062273573117523 ) ) ;
#5389 = VERTEX_POINT ( 'NONE', #5071 ) ;
#5390 = CARTESIAN_POINT ( 'NONE',  ( -16.24966541107780671, -26.42034423804726728, 0.8994706521236282004 ) ) ;
#5391 = CARTESIAN_POINT ( 'NONE',  ( 18.57790070392316650, -23.40535804289062938, 6.031177571063082610 ) ) ;
#5392 = CARTESIAN_POINT ( 'NONE',  ( 31.50000000000396128, -6.117113035708586111, 4.428792350862612359 ) ) ;
#5393 = ORIENTED_EDGE ( 'NONE', *, *, #4352, .T. ) ;
#5394 = CARTESIAN_POINT ( 'NONE',  ( 14.98536137705513127, -26.32035613993388523, 7.152648955350048965 ) ) ;
#5395 = EDGE_CURVE ( 'NONE', #4769, #392, #2924, .T. ) ;
#5396 = CARTESIAN_POINT ( 'NONE',  ( -31.49999999999999289, 4.551060488561528065E-19, -6.613185368461797609 ) ) ;
#5397 = CARTESIAN_POINT ( 'NONE',  ( -31.50000000000401101, 1.231345996535790688, 4.453234613492826455 ) ) ;
#5398 = CARTESIAN_POINT ( 'NONE',  ( 0.1768700320102500612, -28.50000000000000355, 5.121769805227284422 ) ) ;
#5399 = CARTESIAN_POINT ( 'NONE',  ( 30.70083668150605405, -14.25741420673494098, 4.207895566428228484 ) ) ;
#5400 = CARTESIAN_POINT ( 'NONE',  ( -12.60824209306132104, -22.42921857310150102, -17.90450443333790886 ) ) ;
#5401 = CARTESIAN_POINT ( 'NONE',  ( -1.699625325306430179, -26.99999999999999645, 5.198138481274044764 ) ) ;
#5402 = VERTEX_POINT ( 'NONE', #671 ) ;
#5403 = TOROIDAL_SURFACE ( 'NONE', #2517, 229.2911684466444342, 23.99999999999999645 ) ;
#5404 = CARTESIAN_POINT ( 'NONE',  ( -21.77309349832393437, 18.39981345661674794, 9.910538352074294011 ) ) ;
#5405 = FACE_OUTER_BOUND ( 'NONE', #4759, .T. ) ;
#5406 = CARTESIAN_POINT ( 'NONE',  ( 30.00555504475565272, -1.291990881865849206, 6.853786065311310516 ) ) ;
#5407 = CARTESIAN_POINT ( 'NONE',  ( 31.50000000000000000, 5.280164364034832580, -7.869558573253646827 ) ) ;
#5408 = ORIENTED_EDGE ( 'NONE', *, *, #3666, .F. ) ;
#5409 = CARTESIAN_POINT ( 'NONE',  ( 9.401036392209826786, 26.99999999999999645, 2.737135302395494296 ) ) ;
#5410 = CARTESIAN_POINT ( 'NONE',  ( -26.07733472698958366, 7.093758716349093163, 13.24008774364767937 ) ) ;
#5411 = VERTEX_POINT ( 'NONE', #707 ) ;
#5412 = DIRECTION ( 'NONE',  ( -1.000000000000000000, 0.000000000000000000, 0.000000000000000000 ) ) ;
#5413 = FACE_OUTER_BOUND ( 'NONE', #3152, .T. ) ;
#5414 = CARTESIAN_POINT ( 'NONE',  ( 8.064935064935061959, -25.76735963187499223, 10.66248444409494667 ) ) ;
#5415 = VERTEX_POINT ( 'NONE', #3551 ) ;
#5416 = CIRCLE ( 'NONE', #1830, 27.00000000000000000 ) ;
#5417 = CARTESIAN_POINT ( 'NONE',  ( -31.49999999999999289, 8.500000000002273737, 0.8039144995407265792 ) ) ;
#5418 = CARTESIAN_POINT ( 'NONE',  ( -24.59818391883646882, 14.44837995122341034, 14.02777439181648944 ) ) ;
#5419 = CARTESIAN_POINT ( 'NONE',  ( 19.12097745817584382, -19.09707469810313540, 9.296482112271426956 ) ) ;
#5420 = CARTESIAN_POINT ( 'NONE',  ( 27.38442604925061019, 20.72251052786482006, -0.01639584744070255243 ) ) ;
#5421 = VECTOR ( 'NONE', #5698, 1000.000000000000000 ) ;
#5422 = CARTESIAN_POINT ( 'NONE',  ( 31.49999999999998579, 5.755210747060507614, 1.291757480573128225 ) ) ;
#5423 = ORIENTED_EDGE ( 'NONE', *, *, #4930, .T. ) ;
#5424 = CARTESIAN_POINT ( 'NONE',  ( -16.03430008099229553, -24.56846441414668902, 6.254742817749187722 ) ) ;
#5425 = AXIS2_PLACEMENT_3D ( 'NONE', #1744, #1708, #5446 ) ;
#5426 = CARTESIAN_POINT ( 'NONE',  ( 22.67231906388021301, -14.71042646280994859, 14.06614871511853870 ) ) ;
#5427 = CARTESIAN_POINT ( 'NONE',  ( -29.99561404899397843, -8.902816274070117331, -10.99999999999240430 ) ) ;
#5428 = CARTESIAN_POINT ( 'NONE',  ( -31.50000000000398970, -4.882636309712345302, 4.438036387128030391 ) ) ;
#5429 = CARTESIAN_POINT ( 'NONE',  ( -9.403468212209260102, -26.92016758384787423, 8.516445188029512892 ) ) ;
#5430 = CARTESIAN_POINT ( 'NONE',  ( 29.05416671262504025, -10.20986417264932911, 7.129333836537394831 ) ) ;
#5431 = CARTESIAN_POINT ( 'NONE',  ( -29.99499969718063141, -14.36595832754177771, -14.23117401912345059 ) ) ;
#5432 = CARTESIAN_POINT ( 'NONE',  ( 5.428853016662971741E-16, -26.99999999999999645, 4.999999999999999112 ) ) ;
#5433 = VECTOR ( 'NONE', #2291, 1000.000000000000000 ) ;
#5434 = ORIENTED_EDGE ( 'NONE', *, *, #3901, .F. ) ;
#5435 = DIRECTION ( 'NONE',  ( 1.110223024625156540E-16, 0.000000000000000000, -1.000000000000000000 ) ) ;
#5436 = EDGE_CURVE ( 'NONE', #4156, #2190, #180, .T. ) ;
#5437 = CARTESIAN_POINT ( 'NONE',  ( -29.99999999999999289, -6.900808533012640744, 1.136834755483622450 ) ) ;
#5438 = CARTESIAN_POINT ( 'NONE',  ( 26.29865681056218207, 11.05429155715989076, 13.76920354056782614 ) ) ;
#5439 = CARTESIAN_POINT ( 'NONE',  ( -11.49999999999987388, -18.49999999999999645, 1.893709856737651798 ) ) ;
#5440 = CARTESIAN_POINT ( 'NONE',  ( 31.49999999999999289, 4.205787460682852696, -7.415055166117815233 ) ) ;
#5441 = ORIENTED_EDGE ( 'NONE', *, *, #5139, .F. ) ;
#5442 = CARTESIAN_POINT ( 'NONE',  ( 29.99999999999999289, 5.982359899831337202, -8.736504438241809112 ) ) ;
#5443 = CARTESIAN_POINT ( 'NONE',  ( 9.581311975857573771, -26.84754457243067804, 11.27336655997588544 ) ) ;
#5444 = CARTESIAN_POINT ( 'NONE',  ( -23.24471031783881614, 19.55287269967337949, 5.923301323531520168 ) ) ;
#5445 = ORIENTED_EDGE ( 'NONE', *, *, #3397, .F. ) ;
#5446 = DIRECTION ( 'NONE',  ( -0.9753238106762901483, -0.2207792207792211858, 0.000000000000000000 ) ) ;
#5447 = CARTESIAN_POINT ( 'NONE',  ( 0.000000000000000000, -26.99999999999999645, 5.000000000000000000 ) ) ;
#5448 = CARTESIAN_POINT ( 'NONE',  ( 3.114534122665247651, -26.86588171643116496, 6.187986107611461506 ) ) ;
#5449 = ORIENTED_EDGE ( 'NONE', *, *, #5145, .F. ) ;
#5450 = CARTESIAN_POINT ( 'NONE',  ( 31.41042513813187398, 10.67165029241338914, 4.347845154645363586 ) ) ;
#5451 = CARTESIAN_POINT ( 'NONE',  ( -31.49999999999999645, 7.344412678283313234, 4.417127727489012834 ) ) ;
#5452 = CARTESIAN_POINT ( 'NONE',  ( -15.33093495561064934, 26.62890791407832580, 4.067900658667911173 ) ) ;
#5453 = CARTESIAN_POINT ( 'NONE',  ( 27.64249394290998652, -14.97444829113047149, -14.94164768696385259 ) ) ;
#5454 = CARTESIAN_POINT ( 'NONE',  ( 31.49999999999999289, 1.214603880764165922, 4.453262616497117854 ) ) ;
#5455 = EDGE_LOOP ( 'NONE', ( #2275, #6218, #1318, #5350 ) ) ;
#5456 = CARTESIAN_POINT ( 'NONE',  ( -12.61663639915861879, -26.97516555413217532, 1.614524954360631259 ) ) ;
#5457 = CARTESIAN_POINT ( 'NONE',  ( 29.40714851610663416, 13.30257215550460792, 0.2532839023994973293 ) ) ;
#5458 = CARTESIAN_POINT ( 'NONE',  ( -27.92104170572978461, -9.953384546750411843, 6.180520935988838005 ) ) ;
#5459 = CARTESIAN_POINT ( 'NONE',  ( -17.64398982846189057, -22.39053394180939094, 13.66863190925836946 ) ) ;
#5460 = CARTESIAN_POINT ( 'NONE',  ( 31.41053553059681391, -10.67028765098809551, 4.347911703963161401 ) ) ;
#5461 = DIRECTION ( 'NONE',  ( 1.000000000000000000, 0.000000000000000000, 0.000000000000000000 ) ) ;
#5462 = ORIENTED_EDGE ( 'NONE', *, *, #5504, .F. ) ;
#5463 = CARTESIAN_POINT ( 'NONE',  ( -16.06076359037339785, -23.57608199689400408, 13.41103271087109050 ) ) ;
#5464 = AXIS2_PLACEMENT_3D ( 'NONE', #1544, #4018, #5470 ) ;
#5465 = CARTESIAN_POINT ( 'NONE',  ( -26.33374288825984166, -5.961038961038954476, 12.96227999980796142 ) ) ;
#5466 = CARTESIAN_POINT ( 'NONE',  ( -14.05423057974094014, 24.82491273767189455, 12.95137551842965529 ) ) ;
#5467 = CARTESIAN_POINT ( 'NONE',  ( 27.28830026892073235, 15.47196361962737043, 6.990101351475551006 ) ) ;
#5468 = CARTESIAN_POINT ( 'NONE',  ( 29.97760701187907273, 2.651277966463931435, 6.862474142725632831 ) ) ;
#5469 = CARTESIAN_POINT ( 'NONE',  ( 30.48152545843350225, -13.41155420550322397, -13.66996476470872857 ) ) ;
#5470 = DIRECTION ( 'NONE',  ( 0.000000000000000000, 1.000000000000000000, 0.000000000000000000 ) ) ;
#5471 = VERTEX_POINT ( 'NONE', #4031 ) ;
#5472 = ORIENTED_EDGE ( 'NONE', *, *, #6019, .T. ) ;
#5473 = CARTESIAN_POINT ( 'NONE',  ( 29.05416671262506512, -10.20986417264933621, 7.129333836537488089 ) ) ;
#5474 = EDGE_CURVE ( 'NONE', #4710, #5275, #799, .T. ) ;
#5475 = CARTESIAN_POINT ( 'NONE',  ( -25.92495508184863340, 7.641086602722458210, 9.217675065884433749 ) ) ;
#5476 = ORIENTED_EDGE ( 'NONE', *, *, #4565, .T. ) ;
#5477 = CARTESIAN_POINT ( 'NONE',  ( -26.33374288825984166, -5.961038961038954476, 12.96227999980796142 ) ) ;
#5478 = CARTESIAN_POINT ( 'NONE',  ( 26.29301600379513104, 11.06807627078585199, 13.77077756090158900 ) ) ;
#5479 = CARTESIAN_POINT ( 'NONE',  ( -193.2911684466443489, 0.000000000000000000, -123.3408453358350982 ) ) ;
#5480 = ADVANCED_FACE ( 'NONE', ( #2172 ), #3848, .T. ) ;
#5481 = ORIENTED_EDGE ( 'NONE', *, *, #1103, .F. ) ;
#5482 = CARTESIAN_POINT ( 'NONE',  ( 28.52530474122485771, 6.402404397398296254, 6.039663049409051965 ) ) ;
#5483 = CARTESIAN_POINT ( 'NONE',  ( 28.22555801858473501, -16.43155381434118567, 3.529940789196582163 ) ) ;
#5484 = CARTESIAN_POINT ( 'NONE',  ( -6.277549575507716639, 28.50000000000000000, 3.533038185611682369 ) ) ;
#5485 = CARTESIAN_POINT ( 'NONE',  ( 10.71436858890844057, -24.78981032602994716, 12.04676412704737487 ) ) ;
#5486 = CARTESIAN_POINT ( 'NONE',  ( 25.55539661679614838, -17.29529325393639994, -16.06492589892584988 ) ) ;
#5487 = B_SPLINE_CURVE_WITH_KNOTS ( 'NONE', 3,
 ( #2589, #2622, #3099, #6124, #255, #3618 ),
 .UNSPECIFIED., .F., .F.,
 ( 4, 2, 4 ),
 ( -3.376389943304929515E-05, 0.004801225283760039014, 0.009636214466953126057 ),
 .UNSPECIFIED. ) ;
#5488 = CARTESIAN_POINT ( 'NONE',  ( 31.49999999999600320, -2.452162445107898936, 4.450134359360670366 ) ) ;
#5489 = CARTESIAN_POINT ( 'NONE',  ( -16.94316442447788518, -26.23775372853256727, 3.922529192849562918 ) ) ;
#5490 = CARTESIAN_POINT ( 'NONE',  ( 27.73009278304025926, 10.86050363865756729, 6.144781367811965822 ) ) ;
#5491 = CARTESIAN_POINT ( 'NONE',  ( 1.073604609736365769E-17, 12.41824467017092637, -39.92390177174219446 ) ) ;
#5492 = CARTESIAN_POINT ( 'NONE',  ( -22.49941766250058350, -17.53862533069797891, 14.08216914065807046 ) ) ;
#5493 = CARTESIAN_POINT ( 'NONE',  ( 12.90787971633745812, 28.49999999999999289, 4.792569397690130906 ) ) ;
#5494 = CYLINDRICAL_SURFACE ( 'NONE', #227, 24.00000000000000000 ) ;
#5495 = EDGE_LOOP ( 'NONE', ( #5079, #5829, #352 ) ) ;
#5496 = CARTESIAN_POINT ( 'NONE',  ( -29.99999999999999289, -6.900808533012643409, 1.136834755483637327 ) ) ;
#5497 = CARTESIAN_POINT ( 'NONE',  ( -26.94634392577222926, -9.302596398959687818, 13.53259799026165489 ) ) ;
#5498 = CARTESIAN_POINT ( 'NONE',  ( -27.79672860427434600, 6.292207792207470618, 12.96227999980788503 ) ) ;
#5499 = CIRCLE ( 'NONE', #6002, 27.00000000000000000 ) ;
#5500 = CARTESIAN_POINT ( 'NONE',  ( 16.00831910500110666, 23.59102367021938917, 9.756854861339613549 ) ) ;
#5501 = DIRECTION ( 'NONE',  ( 0.4145910441407805735, 6.033820786006285717E-16, 0.9100078384927556829 ) ) ;
#5502 = CARTESIAN_POINT ( 'NONE',  ( 26.60815643916038198, -18.61577009940788230, -16.48829941747979078 ) ) ;
#5503 = CARTESIAN_POINT ( 'NONE',  ( -25.41639893569258390, 20.75106632328358458, -0.003596300222286609883 ) ) ;
#5504 = EDGE_CURVE ( 'NONE', #2708, #4710, #2310, .T. ) ;
#5505 = AXIS2_PLACEMENT_3D ( 'NONE', #1661, #4664, #4112 ) ;
#5506 = ORIENTED_EDGE ( 'NONE', *, *, #3425, .F. ) ;
#5507 = CARTESIAN_POINT ( 'NONE',  ( -28.50000000000000000, 3.032787583470573445E-11, 12.14142842854283266 ) ) ;
#5508 = EDGE_CURVE ( 'NONE', #3306, #1886, #1402, .T. ) ;
#5509 = CARTESIAN_POINT ( 'NONE',  ( -31.37296016396853204, -10.77453325713044840, 0.5284174222313924307 ) ) ;
#5510 = CARTESIAN_POINT ( 'NONE',  ( 24.58434000264512065, 14.43130608595234143, 14.01850223102973025 ) ) ;
#5511 = CARTESIAN_POINT ( 'NONE',  ( 11.49999999999999289, 28.49999999999999645, 5.000000000000000000 ) ) ;
#5512 = B_SPLINE_CURVE_WITH_KNOTS ( 'NONE', 3,
 ( #2471, #4435, #3361, #651, #2501, #3980 ),
 .UNSPECIFIED., .F., .F.,
 ( 4, 2, 4 ),
 ( -3.892731316433525890E-05, 0.005157009306126282035, 0.01035294592541689818 ),
 .UNSPECIFIED. ) ;
#5513 = ADVANCED_FACE ( 'NONE', ( #4305 ), #1997, .T. ) ;
#5514 = CARTESIAN_POINT ( 'NONE',  ( 29.99999999999999645, -4.933460339745561640, -8.162830066500896820 ) ) ;
#5515 = EDGE_CURVE ( 'NONE', #4242, #5774, #83, .T. ) ;
#5516 = CARTESIAN_POINT ( 'NONE',  ( -28.37200874693937891, 19.25737840616430319, 4.112558875830351290 ) ) ;
#5517 = EDGE_CURVE ( 'NONE', #2601, #1904, #6215, .T. ) ;
#5518 = DIRECTION ( 'NONE',  ( -0.2560153285301983717, 0.000000000000000000, 0.9666727220510438201 ) ) ;
#5519 = CARTESIAN_POINT ( 'NONE',  ( 24.30627613305656709, -11.77248143524080071, 9.296185015649925276 ) ) ;
#5520 = CARTESIAN_POINT ( 'NONE',  ( -15.86419822281752801, 21.96619099739812597, -17.82377285994030913 ) ) ;
#5521 = CARTESIAN_POINT ( 'NONE',  ( -5.368077039696041552, 26.46997646648192770, 8.847748719390393646 ) ) ;
#5522 = PERSON_AND_ORGANIZATION ( #1993, #2984 ) ;
#5523 = B_SPLINE_CURVE_WITH_KNOTS ( 'NONE', 3,
 ( #5507, #3081, #3050, #2605, #631, #2092 ),
 .UNSPECIFIED., .F., .F.,
 ( 4, 2, 4 ),
 ( 0.006400988778577988356, 0.009641223328508308210, 0.01288145787843862980 ),
 .UNSPECIFIED. ) ;
#5524 = CARTESIAN_POINT ( 'NONE',  ( 13.76029527219776227, 26.86372157629717705, 1.367223678563995737 ) ) ;
#5525 = CARTESIAN_POINT ( 'NONE',  ( -26.91665849532964216, -13.50473927400179441, 6.051643738539153716 ) ) ;
#5526 = CARTESIAN_POINT ( 'NONE',  ( 12.09822080013809220, -28.49999999999999645, 1.748441880756155031 ) ) ;
#5527 = CARTESIAN_POINT ( 'NONE',  ( -27.67174654725243954, -6.844333919342687089, 9.587731015735601048 ) ) ;
#5528 = ORIENTED_EDGE ( 'NONE', *, *, #4818, .T. ) ;
#5529 = FACE_OUTER_BOUND ( 'NONE', #1647, .T. ) ;
#5530 = CARTESIAN_POINT ( 'NONE',  ( -27.65958122017658383, -6.898075993075312162, 13.10305286082219389 ) ) ;
#5531 = CIRCLE ( 'NONE', #3469, 8.500000000000000000 ) ;
#5532 = CARTESIAN_POINT ( 'NONE',  ( -24.63322109019493311, 14.38790933958223661, 14.02485111578848809 ) ) ;
#5533 = DIRECTION ( 'NONE',  ( 1.000000000000000000, 0.000000000000000000, -1.224646799147353454E-16 ) ) ;
#5534 = CARTESIAN_POINT ( 'NONE',  ( -23.83719360637755003, 20.62520216833459230, -17.44091596517754894 ) ) ;
#5535 = AXIS2_PLACEMENT_3D ( 'NONE', #5921, #4504, #2508 ) ;
#5536 = ORIENTED_EDGE ( 'NONE', *, *, #4236, .F. ) ;
#5537 = CARTESIAN_POINT ( 'NONE',  ( -16.24850191777252917, 26.42063268657948427, 0.8996644747738197223 ) ) ;
#5538 = ORIENTED_EDGE ( 'NONE', *, *, #2526, .T. ) ;
#5539 = ORIENTED_EDGE ( 'NONE', *, *, #1757, .F. ) ;
#5540 = CARTESIAN_POINT ( 'NONE',  ( -10.14840145221917922, -26.99999999999966249, 4.530547286612259583 ) ) ;
#5541 = CARTESIAN_POINT ( 'NONE',  ( -20.15244654130443536, -23.61786574844949271, 7.099021454633946959 ) ) ;
#5542 = CARTESIAN_POINT ( 'NONE',  ( 26.94634392577223281, 9.302596398959689594, 13.53259799026166199 ) ) ;
#5543 = CARTESIAN_POINT ( 'NONE',  ( 10.89361070077322502, -26.99999999999967315, 4.535973370271920935 ) ) ;
#5544 = CYLINDRICAL_SURFACE ( 'NONE', #5907, 18.49999999999999645 ) ;
#5545 = CARTESIAN_POINT ( 'NONE',  ( -26.63490377782660090, 16.55363743395554010, 7.042611875787940789 ) ) ;
#5546 = CARTESIAN_POINT ( 'NONE',  ( 10.72216167126996389, 24.78641818112955875, 12.04995993071100102 ) ) ;
#5547 = CARTESIAN_POINT ( 'NONE',  ( -1.509040670747314876E-14, -1.234392413802907908E-11, -54.18169523464123927 ) ) ;
#5548 = FACE_OUTER_BOUND ( 'NONE', #5569, .T. ) ;
#5549 = CARTESIAN_POINT ( 'NONE',  ( -18.50960302323612083, 21.24383304484257096, -17.61586615939239664 ) ) ;
#5550 = CARTESIAN_POINT ( 'NONE',  ( -28.46229234992314616, -6.298744287658196050, 6.144532506517188075 ) ) ;
#5551 = DIRECTION ( 'NONE',  ( 0.000000000000000000, 0.000000000000000000, -1.000000000000000000 ) ) ;
#5552 = CARTESIAN_POINT ( 'NONE',  ( 22.37162362103335767, 20.39039343803379012, 6.002743322094104883 ) ) ;
#5553 = FACE_OUTER_BOUND ( 'NONE', #157, .T. ) ;
#5554 = CARTESIAN_POINT ( 'NONE',  ( 18.50821265098364776, -24.67758929149100311, 7.126940508592538137 ) ) ;
#5555 = FACE_BOUND ( 'NONE', #3702, .T. ) ;
#5556 = CARTESIAN_POINT ( 'NONE',  ( 29.68808755967213031, -6.417003555421757710, 7.001744075945923740 ) ) ;
#5557 = ORIENTED_EDGE ( 'NONE', *, *, #1362, .T. ) ;
#5558 = CARTESIAN_POINT ( 'NONE',  ( -26.45014805817762138, -5.554814071116861207, 9.032315142139955455 ) ) ;
#5559 = ADVANCED_FACE ( 'NONE', ( #3908, #4967 ), #3450, .T. ) ;
#5560 = CARTESIAN_POINT ( 'NONE',  ( 11.86159030286648175, 25.88498923654314154, 6.343126264831147054 ) ) ;
#5561 = CARTESIAN_POINT ( 'NONE',  ( 19.28196017819605146, 21.02281118900963008, 9.893018015823505706 ) ) ;
#5562 = CARTESIAN_POINT ( 'NONE',  ( 11.49999999999999289, -26.99999999999999645, -11.00000000000000000 ) ) ;
#5563 = LINE ( 'NONE', #3729, #2322 ) ;
#5564 = VERTEX_POINT ( 'NONE', #14 ) ;
#5565 = CARTESIAN_POINT ( 'NONE',  ( 26.13539287223838059, 17.38263059659402288, 7.036623613751419093 ) ) ;
#5566 = CARTESIAN_POINT ( 'NONE',  ( -31.49999999999999289, -4.610959820980885304, 1.446498065855010173 ) ) ;
#5567 = AXIS2_PLACEMENT_3D ( 'NONE', #1267, #3190, #5671 ) ;
#5568 = ORIENTED_EDGE ( 'NONE', *, *, #4849, .T. ) ;
#5569 = EDGE_LOOP ( 'NONE', ( #1969, #1379, #1266, #1676, #1391, #1745 ) ) ;
#5570 = CARTESIAN_POINT ( 'NONE',  ( -12.68111945537982344, -25.67574218744472603, 6.385325220884146447 ) ) ;
#5571 = CARTESIAN_POINT ( 'NONE',  ( -19.74661932641782514, -23.89361019813819453, 7.106284167721504730 ) ) ;
#5572 = CARTESIAN_POINT ( 'NONE',  ( 11.49999999999998224, 22.47514308404502970, -17.88465857028938188 ) ) ;
#5573 = CARTESIAN_POINT ( 'NONE',  ( 12.69669775888676355, -27.00000000000000000, 4.357740466546826674 ) ) ;
#5574 = CARTESIAN_POINT ( 'NONE',  ( 3.275972903456645824, 27.00000000002783906, 4.836650280793884704 ) ) ;
#5575 = CARTESIAN_POINT ( 'NONE',  ( -26.53298032444112309, 21.70623145838097301, 4.114568148448162432 ) ) ;
#5576 = CARTESIAN_POINT ( 'NONE',  ( 9.123680878165600916, 25.41822214848201966, 11.29905313808601619 ) ) ;
#5577 = DIRECTION ( 'NONE',  ( -1.000000000000000000, 0.000000000000000000, 0.000000000000000000 ) ) ;
#5578 = CARTESIAN_POINT ( 'NONE',  ( 10.51148541541501302, -27.66124660863707163, 6.593520179592078811 ) ) ;
#5579 = CARTESIAN_POINT ( 'NONE',  ( -20.56117989069618801, 20.45584059382341380, -17.35104183945557921 ) ) ;
#5580 = CARTESIAN_POINT ( 'NONE',  ( -28.69263669329016153, 2.524816172116956192, 6.092855610363729468 ) ) ;
#5581 = CARTESIAN_POINT ( 'NONE',  ( -11.49999999999998934, 26.99999999999999645, 5.000000000000000000 ) ) ;
#5582 = ADVANCED_FACE ( 'NONE', ( #1441 ), #28, .T. ) ;
#5583 = CARTESIAN_POINT ( 'NONE',  ( 15.60111307303024475, 26.56866438152985666, 4.042753469701233726 ) ) ;
#5584 = CARTESIAN_POINT ( 'NONE',  ( 3.398425023097137565, -26.94287002013365395, 5.396333887056441903 ) ) ;
#5585 = CARTESIAN_POINT ( 'NONE',  ( 17.46572009286404281, -27.65477708155705017, 4.451192766777642973 ) ) ;
#5586 = CARTESIAN_POINT ( 'NONE',  ( 20.70621165983662237, 22.18730729745597685, -18.13677868389621395 ) ) ;
#5587 = ORIENTED_EDGE ( 'NONE', *, *, #5975, .T. ) ;
#5588 = B_SPLINE_CURVE_WITH_KNOTS ( 'NONE', 3,
 ( #3775, #899, #1346, #838 ),
 .UNSPECIFIED., .F., .F.,
 ( 4, 4 ),
 ( 0.000000000000000000, 0.001633477653630874184 ),
 .UNSPECIFIED. ) ;
#5589 = EDGE_CURVE ( 'NONE', #695, #5315, #2319, .T. ) ;
#5590 = CARTESIAN_POINT ( 'NONE',  ( -24.58434000264512065, -14.43130608595234321, 14.01850223102972315 ) ) ;
#5591 = CARTESIAN_POINT ( 'NONE',  ( 12.68111945537800267, 25.67574218744602277, 6.385325220882530850 ) ) ;
#5592 = CARTESIAN_POINT ( 'NONE',  ( 9.630552038064244869, 26.83034560117525302, 11.29905313808452227 ) ) ;
#5593 = CYLINDRICAL_SURFACE ( 'NONE', #2951, 28.50000000000000000 ) ;
#5594 = ORIENTED_EDGE ( 'NONE', *, *, #4854, .F. ) ;
#5595 = CARTESIAN_POINT ( 'NONE',  ( -26.65023927900397283, 16.52702150137758963, 7.042839120866736913 ) ) ;
#5596 = CARTESIAN_POINT ( 'NONE',  ( 26.33374288825983811, 5.961038961038963357, 12.96227999980796142 ) ) ;
#5597 = CARTESIAN_POINT ( 'NONE',  ( 26.88621852460278205, -2.526242513823836244, 12.29772954440623067 ) ) ;
#5598 = ORIENTED_EDGE ( 'NONE', *, *, #2838, .F. ) ;
#5599 = CARTESIAN_POINT ( 'NONE',  ( 31.49999999999999289, 6.900808533012650514, 1.136834755483627557 ) ) ;
#5600 = ORIENTED_EDGE ( 'NONE', *, *, #2074, .F. ) ;
#5601 = ORIENTED_EDGE ( 'NONE', *, *, #34, .T. ) ;
#5602 = AXIS2_PLACEMENT_3D ( 'NONE', #5479, #460, #5360 ) ;
#5603 = CARTESIAN_POINT ( 'NONE',  ( -12.69669775888691809, -26.99999999999999645, 4.357740466547253888 ) ) ;
#5604 = ADVANCED_FACE ( 'NONE', ( #1719 ), #4025, .T. ) ;
#5605 = CARTESIAN_POINT ( 'NONE',  ( -28.37188519698860389, -19.25752284794900504, 4.112560039141663459 ) ) ;
#5606 = CARTESIAN_POINT ( 'NONE',  ( 25.93290376209256465, -15.60484665713078556, 6.000510865472270083 ) ) ;
#5607 = VECTOR ( 'NONE', #907, 1000.000000000000000 ) ;
#5608 = CARTESIAN_POINT ( 'NONE',  ( 25.53420858100518132, 17.28016376470591098, -16.05261135186340482 ) ) ;
#5609 = CARTESIAN_POINT ( 'NONE',  ( 10.65146448132091450, -26.17366813780923707, 6.193094921369572958 ) ) ;
#5610 = CARTESIAN_POINT ( 'NONE',  ( 3.398622969158001883, 26.94286386859429783, 5.396357078002719909 ) ) ;
#5611 = CARTESIAN_POINT ( 'NONE',  ( -28.43607520152586332, 19.15883716022587180, -0.0004163829746379498539 ) ) ;
#5612 = CARTESIAN_POINT ( 'NONE',  ( 12.88674437058837263, 25.79400149343236848, 6.098977800395586790 ) ) ;
#5613 = CARTESIAN_POINT ( 'NONE',  ( 29.99561404899397843, 8.902816274069262903, -10.99999999999158540 ) ) ;
#5614 = CARTESIAN_POINT ( 'NONE',  ( 25.48273964711376038, -16.58833278175749371, 5.920046890708581699 ) ) ;
#5615 = CARTESIAN_POINT ( 'NONE',  ( -10.12097761014047492, 28.49999999999999645, 2.506479285845476745 ) ) ;
#5616 = CARTESIAN_POINT ( 'NONE',  ( -26.99843050438104441, 15.78247585357076765, -15.34661295123508040 ) ) ;
#5617 =( BOUNDED_SURFACE ( )  B_SPLINE_SURFACE ( 3, 2, ( 
 ( #252, #672, #2617 ),
 ( #3094, #3647, #2654 ),
 ( #1688, #4583, #4103 ),
 ( #6054, #3062, #5580 ),
 ( #1144, #1652, #3614 ),
 ( #2585, #1179, #6020 ),
 ( #4137, #4548, #5618 ),
 ( #182, #5072, #4621 ),
 ( #746, #3129, #5550 ),
 ( #708, #2102, #1217 ) ),
 .UNSPECIFIED., .F., .F., .T. ) 
 B_SPLINE_SURFACE_WITH_KNOTS ( ( 4, 2, 2, 2, 4 ),
 ( 3, 3 ),
 ( 0.004259907912294353186, 0.007711331434320112081, 0.01116275495634587098, 0.01461417847837162901, 0.01806560200039738703 ),
 ( 0.000000000000000000, 1.000000000000000000 ),
 .UNSPECIFIED. ) 
 GEOMETRIC_REPRESENTATION_ITEM ( )  RATIONAL_B_SPLINE_SURFACE ( (
 ( 1.000000000000000000, 0.9493414389859575753, 1.000000000000000000),
 ( 1.000000000000000000, 0.9536830385794869969, 1.000000000000000000),
 ( 1.000000000000000000, 0.9567405681513270199, 1.000000000000000000),
 ( 1.000000000000000000, 0.9607811184644434732, 1.000000000000000000),
 ( 1.000000000000000000, 0.9617646614223657187, 1.000000000000000000),
 ( 1.000000000000000000, 0.9617737137851148921, 1.000000000000000000),
 ( 1.000000000000000000, 0.9607991969575235824, 1.000000000000000000),
 ( 1.000000000000000000, 0.9567637398235302459, 1.000000000000000000),
 ( 1.000000000000000000, 0.9537024603495297681, 1.000000000000000000),
 ( 1.000000000000000000, 0.9493414389859585745, 1.000000000000000000) ) ) 
 REPRESENTATION_ITEM ( '' )  SURFACE ( )  );
#5618 = CARTESIAN_POINT ( 'NONE',  ( -28.69322743580304902, -2.509076748038129523, 6.092701256604865279 ) ) ;
#5619 = CARTESIAN_POINT ( 'NONE',  ( 29.99999999999999289, 5.755210747058644216, 1.291757480559365456 ) ) ;
#5620 = CARTESIAN_POINT ( 'NONE',  ( 28.07137525719487670, 16.74746671749009153, 0.04727629840355890289 ) ) ;
#5621 = CARTESIAN_POINT ( 'NONE',  ( -21.70201954573525427, -21.01666243584454108, 6.021698643379239435 ) ) ;
#5622 = CARTESIAN_POINT ( 'NONE',  ( 26.43863516884873022, -21.81470632718315272, 0.004869750906637060513 ) ) ;
#5623 = CARTESIAN_POINT ( 'NONE',  ( 26.99118472893163556, 18.22674837429941519, -16.29188522553288365 ) ) ;
#5624 = EDGE_LOOP ( 'NONE', ( #1862, #1918, #2789 ) ) ;
#5625 = CARTESIAN_POINT ( 'NONE',  ( 27.74564434439582428, 10.86209293626296812, 6.144351474653063860 ) ) ;
#5626 = CARTESIAN_POINT ( 'NONE',  ( -29.56747110059793826, 7.720319557376351227, 6.989687410596089556 ) ) ;
#5627 = CARTESIAN_POINT ( 'NONE',  ( 14.05293928365625256, 24.82505356421186349, 12.95068438810190514 ) ) ;
#5628 = DIRECTION ( 'NONE',  ( 0.000000000000000000, 1.000000000000000000, 0.000000000000000000 ) ) ;
#5629 = CARTESIAN_POINT ( 'NONE',  ( 15.42913967804783582, -24.83306652968430939, 6.281513939139307112 ) ) ;
#5630 = CARTESIAN_POINT ( 'NONE',  ( 8.064935064935044196, 25.76735963187499578, 10.66248444409500173 ) ) ;
#5631 = DIRECTION ( 'NONE',  ( 0.2177367560900101418, -0.9618832874057743343, -0.1654425775212065297 ) ) ;
#5632 = CARTESIAN_POINT ( 'NONE',  ( 25.04137369648429967, 18.95199001263064886, 7.033051286616548659 ) ) ;
#5633 = CARTESIAN_POINT ( 'NONE',  ( -7.063123990992207446, 28.14457528134494169, 6.152760722975441077 ) ) ;
#5634 = AXIS2_PLACEMENT_3D ( 'NONE', #2235, #5746, #2813 ) ;
#5635 = ORIENTED_EDGE ( 'NONE', *, *, #4447, .T. ) ;
#5636 = CARTESIAN_POINT ( 'NONE',  ( 31.49999999999999289, -1.561686028776312796, -6.716758003181070080 ) ) ;
#5637 = ORIENTED_EDGE ( 'NONE', *, *, #5039, .F. ) ;
#5638 = CARTESIAN_POINT ( 'NONE',  ( 11.49999999999999289, 36.74234614174767444, 10.66248444409494134 ) ) ;
#5639 = AXIS2_PLACEMENT_3D ( 'NONE', #3664, #5631, #2031 ) ;
#5640 = CARTESIAN_POINT ( 'NONE',  ( -20.23859392139720725, -26.51806106384634631, 4.308269450935206635 ) ) ;
#5641 = B_SPLINE_CURVE_WITH_KNOTS ( 'NONE', 3,
 ( #2367, #1374, #2416, #3329, #4384, #5380, #972, #4780 ),
 .UNSPECIFIED., .F., .F.,
 ( 4, 2, 2, 4 ),
 ( 0.000000000000000000, 0.003034344520677728380, 0.004551516781016592787, 0.006068689041355456761 ),
 .UNSPECIFIED. ) ;
#5642 = CARTESIAN_POINT ( 'NONE',  ( 27.35645204531855867, -12.20907391365408401, 6.095054590596331145 ) ) ;
#5643 = CARTESIAN_POINT ( 'NONE',  ( -30.01405950608798534, 0.6285267656464544883, 6.851322212419276525 ) ) ;
#5644 = CARTESIAN_POINT ( 'NONE',  ( 3.570277328623434361E-15, -7.372734395897546200, -46.44874637711091481 ) ) ;
#5645 = CARTESIAN_POINT ( 'NONE',  ( -28.83251485502103506, 11.16188601245323575, 7.116683424005014302 ) ) ;
#5646 = ADVANCED_FACE ( 'NONE', ( #1172 ), #1645, .T. ) ;
#5647 = CARTESIAN_POINT ( 'NONE',  ( -10.05214754495947815, 25.08402869707743221, 8.500835342406803719 ) ) ;
#5648 = CARTESIAN_POINT ( 'NONE',  ( -5.475026683080937631E-16, -13.28081199369447418, -43.12748581080875709 ) ) ;
#5649 = CARTESIAN_POINT ( 'NONE',  ( 24.04647676029492942, -18.60179971509158392, 5.916417258841825344 ) ) ;
#5650 = CARTESIAN_POINT ( 'NONE',  ( -9.401036392209830339, -28.49999999999999645, 2.737135302395495629 ) ) ;
#5651 = CARTESIAN_POINT ( 'NONE',  ( -28.71797922822390703, 13.28447849571732675, -14.03504529070943541 ) ) ;
#5652 = CARTESIAN_POINT ( 'NONE',  ( -31.49999999999999289, 8.500000000000000000, 0.8039144995323185272 ) ) ;
#5653 = B_SPLINE_CURVE_WITH_KNOTS ( 'NONE', 3,
 ( #424, #5291, #890, #5802 ),
 .UNSPECIFIED., .F., .F.,
 ( 4, 4 ),
 ( 0.000000000000000000, 0.001633477653630876787 ),
 .UNSPECIFIED. ) ;
#5654 = CARTESIAN_POINT ( 'NONE',  ( 25.73731277721963551, -8.247545736351764134, 13.45205033490190338 ) ) ;
#5655 = CARTESIAN_POINT ( 'NONE',  ( 26.10886818925695252, 19.86708447358392959, -0.009936326239297941371 ) ) ;
#5656 = FACE_OUTER_BOUND ( 'NONE', #6028, .T. ) ;
#5657 = CARTESIAN_POINT ( 'NONE',  ( 25.87465731818591408, -17.78429957208374290, 7.034662964730778789 ) ) ;
#5658 = CARTESIAN_POINT ( 'NONE',  ( 30.12043321605356994, 14.13264925258019211, -14.09596741779476581 ) ) ;
#5659 = CARTESIAN_POINT ( 'NONE',  ( -25.94028042816193036, 15.59099284354603121, 6.000772944994531066 ) ) ;
#5660 = VERTEX_POINT ( 'NONE', #1136 ) ;
#5661 = CARTESIAN_POINT ( 'NONE',  ( 13.66821526289450794, 25.40057177991623760, 6.358119300770625593 ) ) ;
#5662 = CARTESIAN_POINT ( 'NONE',  ( 11.16190459522904987, 26.99999999999999645, 2.057911558896112769 ) ) ;
#5663 = CARTESIAN_POINT ( 'NONE',  ( -31.49999999999999289, -7.440008471748887686, 1.063917076182512966 ) ) ;
#5664 = CARTESIAN_POINT ( 'NONE',  ( -29.99999999999999289, 0.7851842496079542988, -6.979998821817743782 ) ) ;
#5665 = CARTESIAN_POINT ( 'NONE',  ( 27.51232911554472693, 17.78576262410544118, 0.01245065904375598602 ) ) ;
#5666 = CARTESIAN_POINT ( 'NONE',  ( 22.65262873122749809, 14.70445753652201404, 14.05862400415473523 ) ) ;
#5667 = CARTESIAN_POINT ( 'NONE',  ( 14.05084148575788205, -26.61831974107802523, 7.145956261482449001 ) ) ;
#5668 = CARTESIAN_POINT ( 'NONE',  ( -21.45987288305266105, 25.85611390610099036, 0.3209153106715101900 ) ) ;
#5669 = ORIENTED_EDGE ( 'NONE', *, *, #586, .T. ) ;
#5670 = CARTESIAN_POINT ( 'NONE',  ( 23.13918443651662926, 21.14572545601918208, 7.047932111559252810 ) ) ;
#5671 = DIRECTION ( 'NONE',  ( 1.000000000000000000, 0.000000000000000000, 0.000000000000000000 ) ) ;
#5672 = EDGE_LOOP ( 'NONE', ( #3567, #4399, #224, #5823 ) ) ;
#5673 = B_SPLINE_CURVE_WITH_KNOTS ( 'NONE', 3,
 ( #6285, #3905, #5864, #1572, #4842, #2399, #5469, #164, #4360, #1887, #6309, #1914, #5837, #5502, #1439, #4532, #3044, #3566, #5358, #2902, #483, #4389, #5699, #2118, #1297, #3257, #1706, #4082 ),
 .UNSPECIFIED., .F., .F.,
 ( 4, 2, 2, 2, 2, 2, 2, 2, 2, 2, 2, 2, 2, 4 ),
 ( 2.453269466693398698E-18, 0.001770970103323994075, 0.003541940206647984247, 0.005312910309971974852, 0.007083880413295964157, 0.008854850516619956063, 0.01062582061994395144, 0.01416776082659193178, 0.01593873092991592369, 0.01770970103323990866, 0.02125164123988788206, 0.02302261134321187050, 0.02479358144653585547, 0.02833552165318383234 ),
 .UNSPECIFIED. ) ;
#5674 = ORIENTED_EDGE ( 'NONE', *, *, #961, .F. ) ;
#5675 = CARTESIAN_POINT ( 'NONE',  ( -29.99999999999998934, -7.992421398758837725, 3.942561554685718672 ) ) ;
#5676 = CARTESIAN_POINT ( 'NONE',  ( -27.29337101541230126, -20.78873997144286534, -0.009936326239570270405 ) ) ;
#5677 = CARTESIAN_POINT ( 'NONE',  ( 21.02969271980057897, -24.37681023178352646, 3.654179352143602788 ) ) ;
#5678 = CARTESIAN_POINT ( 'NONE',  ( -28.48589841184146465, 1.045789552490579366, 12.16027119255414135 ) ) ;
#5679 = CARTESIAN_POINT ( 'NONE',  ( -6.598168881914141970, 23.71688084209486647, -18.95344840544094822 ) ) ;
#5680 = B_SPLINE_CURVE_WITH_KNOTS ( 'NONE', 3,
 ( #5473, #569, #2478, #3478 ),
 .UNSPECIFIED., .F., .F.,
 ( 4, 4 ),
 ( 0.000000000000000000, 0.002554490480537733275 ),
 .UNSPECIFIED. ) ;
#5681 = DIRECTION ( 'NONE',  ( -0.2177367560900095589, -0.9618832874057743343, 0.1654425775212065575 ) ) ;
#5682 = ADVANCED_FACE ( 'NONE', ( #1607 ), #4575, .F. ) ;
#5683 = CARTESIAN_POINT ( 'NONE',  ( 1.719364400949365379, 26.99999999999999645, 5.200439712352643795 ) ) ;
#5684 = AXIS2_PLACEMENT_3D ( 'NONE', #2807, #425, #2228 ) ;
#5685 = CARTESIAN_POINT ( 'NONE',  ( 17.52895445856821866, 23.99759761295967309, 6.057793852675176893 ) ) ;
#5686 = CARTESIAN_POINT ( 'NONE',  ( 22.02273499677314561, -25.52055327049736988, 0.2696414386807058361 ) ) ;
#5687 = CARTESIAN_POINT ( 'NONE',  ( 22.89688941768872610, -16.98156456705764938, 14.07792724689607766 ) ) ;
#5688 = ADVANCED_FACE ( 'NONE', ( #4509 ), #6115, .F. ) ;
#5689 = CARTESIAN_POINT ( 'NONE',  ( 11.64538487193560812, -27.32425438518761851, 6.974811202864111159 ) ) ;
#5690 = CARTESIAN_POINT ( 'NONE',  ( 24.39745803260338874, -11.58111740946664270, 13.87240257064605231 ) ) ;
#5691 = CARTESIAN_POINT ( 'NONE',  ( 29.99999999999999289, 8.499999999998502531, 0.8039144995327168752 ) ) ;
#5692 = CARTESIAN_POINT ( 'NONE',  ( -25.23667801261513333, 16.80622515981223231, 5.982805619815791509 ) ) ;
#5693 = CARTESIAN_POINT ( 'NONE',  ( 25.10245944789881278, 17.13781539869533077, 5.917999945473871648 ) ) ;
#5694 = CARTESIAN_POINT ( 'NONE',  ( -1.646582434703308451, 28.50000000000559197, 4.967828834080506795 ) ) ;
#5695 = CARTESIAN_POINT ( 'NONE',  ( -26.91644071912107350, 13.50535288728706718, 6.051623754909523534 ) ) ;
#5696 = VERTEX_POINT ( 'NONE', #4644 ) ;
#5697 = CARTESIAN_POINT ( 'NONE',  ( 9.797174393178827630E-15, 0.000000000000000000, 80.00000000000000000 ) ) ;
#5698 = DIRECTION ( 'NONE',  ( 1.000000000000000000, -0.000000000000000000, 0.000000000000000000 ) ) ;
#5699 = CARTESIAN_POINT ( 'NONE',  ( 17.35462376846781396, -23.25235694018739707, -18.57498157124822669 ) ) ;
#5700 = CARTESIAN_POINT ( 'NONE',  ( -29.52498335551884168, 7.700404266506492235, 7.049557377645427891 ) ) ;
#5701 = CARTESIAN_POINT ( 'NONE',  ( 0.3368058911230658592, -26.99842391495038640, 5.244763275796736401 ) ) ;
#5702 = CARTESIAN_POINT ( 'NONE',  ( 26.63327087782072056, 16.55643949411555838, 7.042588866356311428 ) ) ;
#5703 = CARTESIAN_POINT ( 'NONE',  ( 8.809932416611397699, -27.93338778535025924, 6.397361808285059404 ) ) ;
#5704 = CARTESIAN_POINT ( 'NONE',  ( 10.50690199865347729, -24.01489791987453160, -18.78565528023963083 ) ) ;
#5705 = ORIENTED_EDGE ( 'NONE', *, *, #2768, .T. ) ;
#5706 = CARTESIAN_POINT ( 'NONE',  ( 12.00000000000000355, 2.939152317953647894E-15, -123.3408453358350698 ) ) ;
#5707 = CARTESIAN_POINT ( 'NONE',  ( 8.809932402388580996, 27.93338777744778412, 6.397361834541889891 ) ) ;
#5708 = CARTESIAN_POINT ( 'NONE',  ( 19.45159341909291939, -25.21521713581132929, 0.4601802874314978031 ) ) ;
#5709 = CARTESIAN_POINT ( 'NONE',  ( -28.20353265045073243, -4.232571950955008155, 12.51617552470721861 ) ) ;
#5710 = CARTESIAN_POINT ( 'NONE',  ( 29.99999999999999289, -8.500000000000000000, 5.000000000000000000 ) ) ;
#5711 = CARTESIAN_POINT ( 'NONE',  ( 11.49999999999999289, 26.99999999999999645, 5.000000000000000000 ) ) ;
#5712 = ADVANCED_FACE ( 'NONE', ( #5027 ), #5715, .F. ) ;
#5713 = CARTESIAN_POINT ( 'NONE',  ( 1.722341832216301771, 28.49999999999999645, 5.296847523199583740 ) ) ;
#5714 = VERTEX_POINT ( 'NONE', #4716 ) ;
#5715 =( BOUNDED_SURFACE ( )  B_SPLINE_SURFACE ( 3, 2, ( 
 ( #4542, #5573, #2682 ),
 ( #3677, #172, #2095 ),
 ( #3574, #1210, #2127 ),
 ( #2199, #2164, #4612 ),
 ( #3120, #5543, #4128 ),
 ( #6082, #1681, #3638 ),
 ( #5609, #3159, #3742 ),
 ( #898, #3235, #5203 ) ),
 .UNSPECIFIED., .F., .F., .F. ) 
 B_SPLINE_SURFACE_WITH_KNOTS ( ( 4, 2, 2, 4 ),
 ( 3, 3 ),
 ( 0.000000000000000000, 0.001131112667321711434, 0.001696669000982567151, 0.002262225334643422868 ),
 ( 0.000000000000000000, 1.000000000000000000 ),
 .UNSPECIFIED. ) 
 GEOMETRIC_REPRESENTATION_ITEM ( )  RATIONAL_B_SPLINE_SURFACE ( (
 ( 1.000000000000000000, 0.9517961898714984992, 1.000000000000000000),
 ( 1.000000000000000000, 0.9560753611358067117, 1.000000000000000000),
 ( 1.000000000000000000, 0.9603092705775152504, 1.000000000000000000),
 ( 1.000000000000000000, 0.9666964012923746630, 1.000000000000000000),
 ( 1.000000000000000000, 0.9688304283259815408, 1.000000000000000000),
 ( 1.000000000000000000, 0.9731823103825610888, 1.000000000000000000),
 ( 1.000000000000000000, 0.9753944991098305595, 1.000000000000000000),
 ( 1.000000000000000000, 0.9777825185304623856, 1.000000000000000000) ) ) 
 REPRESENTATION_ITEM ( '' )  SURFACE ( )  );
#5716 = EDGE_CURVE ( 'NONE', #3306, #1411, #3267, .T. ) ;
#5717 = DIRECTION ( 'NONE',  ( -0.9666727220510477059, -0.000000000000000000, -0.2560153285301841053 ) ) ;
#5718 = CARTESIAN_POINT ( 'NONE',  ( 29.21028442396461244, -10.09796971911007368, 7.017594593008420922 ) ) ;
#5719 = CARTESIAN_POINT ( 'NONE',  ( -9.763318371353795655, 28.49999999999999289, 2.630390948522268069 ) ) ;
#5720 = EDGE_CURVE ( 'NONE', #167, #4604, #3454, .T. ) ;
#5721 = AXIS2_PLACEMENT_3D ( 'NONE', #5171, #4784, #2815 ) ;
#5722 = CARTESIAN_POINT ( 'NONE',  ( -1.560219674389430335E-14, 7.933862191230329763, -50.30220043714432165 ) ) ;
#5723 = EDGE_CURVE ( 'NONE', #1490, #1077, #1692, .T. ) ;
#5724 = EDGE_LOOP ( 'NONE', ( #2364, #5895 ) ) ;
#5725 = CARTESIAN_POINT ( 'NONE',  ( 29.99999999999998934, 9.327942773098630624, 3.866780726379570599 ) ) ;
#5726 = B_SPLINE_CURVE_WITH_KNOTS ( 'NONE', 3,
 ( #3135, #6060, #6025, #4660 ),
 .UNSPECIFIED., .F., .F.,
 ( 4, 4 ),
 ( 2.584002018051412642E-07, 0.001484997060669184790 ),
 .UNSPECIFIED. ) ;
#5727 = CARTESIAN_POINT ( 'NONE',  ( -29.40723343361380770, 13.30263120465247439, 0.2532574338442210027 ) ) ;
#5728 = CARTESIAN_POINT ( 'NONE',  ( 20.54941614145671380, 22.09004899471162986, 5.977613801622881695 ) ) ;
#5729 = CARTESIAN_POINT ( 'NONE',  ( -26.99999999999998934, 3.306546357697853733E-15, 80.00000000000000000 ) ) ;
#5730 = ORIENTED_EDGE ( 'NONE', *, *, #3894, .T. ) ;
#5731 = CARTESIAN_POINT ( 'NONE',  ( -27.73009278304009584, -10.86050363865739676, 6.144781367812207407 ) ) ;
#5732 = CARTESIAN_POINT ( 'NONE',  ( 28.02958442788812476, 5.263533859834710782, 12.72326865657593231 ) ) ;
#5733 = CARTESIAN_POINT ( 'NONE',  ( -31.24064776355132977, -11.77638558220219878, 0.4248943696262934555 ) ) ;
#5734 = CARTESIAN_POINT ( 'NONE',  ( -17.99755728211170336, 20.16199867341807206, 13.85538875239804391 ) ) ;
#5735 = CARTESIAN_POINT ( 'NONE',  ( 2.265596578422603396E-15, 27.00000000000000000, 5.000000000000000000 ) ) ;
#5736 = CARTESIAN_POINT ( 'NONE',  ( 7.843007003530994226, -26.99999999999999289, 3.149766585665775498 ) ) ;
#5737 = CARTESIAN_POINT ( 'NONE',  ( -27.00000000000000000, 3.306546357697853733E-15, 3.306546357697854522E-15 ) ) ;
#5738 = CARTESIAN_POINT ( 'NONE',  ( -7.101367036756808027, 27.64070305035208008, 9.793707176822971761 ) ) ;
#5739 = CARTESIAN_POINT ( 'NONE',  ( 1.833243000936234379, -22.55961163720576934, -19.46956319209442299 ) ) ;
#5740 = VERTEX_POINT ( 'NONE', #3199 ) ;
#5741 = CARTESIAN_POINT ( 'NONE',  ( -2.784188015176457090E-15, 21.03720644596346645, -23.16205082410296257 ) ) ;
#5742 = CARTESIAN_POINT ( 'NONE',  ( -6.914704180602303296, -28.15059790228666969, 6.167984798235133681 ) ) ;
#5743 = CARTESIAN_POINT ( 'NONE',  ( -4.623041666781259731E-15, -28.49999999999999645, 4.999999999999999112 ) ) ;
#5744 = CARTESIAN_POINT ( 'NONE',  ( 13.47254714190130009, -26.89677091125221864, 1.427411456388093303 ) ) ;
#5745 = AXIS2_PLACEMENT_3D ( 'NONE', #3142, #5118, #6099 ) ;
#5746 = DIRECTION ( 'NONE',  ( -0.000000000000000000, -1.000000000000000000, 0.000000000000000000 ) ) ;
#5747 = CYLINDRICAL_SURFACE ( 'NONE', #1909, 18.49999999999999645 ) ;
#5748 = CARTESIAN_POINT ( 'NONE',  ( 3.332528253342689674E-15, -5.444405018996858026, -48.02080046033896110 ) ) ;
#5749 = CARTESIAN_POINT ( 'NONE',  ( 1.646684428703009129, 28.50000000000558842, 4.967826738635017669 ) ) ;
#5750 = AXIS2_PLACEMENT_3D ( 'NONE', #2554, #218, #2104 ) ;
#5751 = VERTEX_POINT ( 'NONE', #804 ) ;
#5752 = CARTESIAN_POINT ( 'NONE',  ( -9.401036392209830339, -18.49999999999999645, 2.737135302395495629 ) ) ;
#5753 = CARTESIAN_POINT ( 'NONE',  ( 27.52607282952881818, -7.487868419483371341, 13.24009053107655909 ) ) ;
#5754 = CARTESIAN_POINT ( 'NONE',  ( 17.39830579993497039, -26.07604831759202213, 0.7251725997677433977 ) ) ;
#5755 = AXIS2_PLACEMENT_3D ( 'NONE', #5304, #1314, #1281 ) ;
#5756 = ORIENTED_EDGE ( 'NONE', *, *, #2269, .T. ) ;
#5757 = CARTESIAN_POINT ( 'NONE',  ( 26.44879680606796057, -5.560222170627416638, 9.032571881177485551 ) ) ;
#5758 = DIRECTION ( 'NONE',  ( -0.000000000000000000, -0.000000000000000000, 1.000000000000000000 ) ) ;
#5759 = CARTESIAN_POINT ( 'NONE',  ( -24.89685903684812018, 21.27346454298160339, 0.01870742265579251884 ) ) ;
#5760 = CARTESIAN_POINT ( 'NONE',  ( 21.31523778552347181, 16.61553978698179890, 14.08216914065660497 ) ) ;
#5761 = CARTESIAN_POINT ( 'NONE',  ( -17.01493111853662299, -20.97496717291110713, 9.283057180158309052 ) ) ;
#5762 = EDGE_LOOP ( 'NONE', ( #4302, #957, #6063 ) ) ;
#5763 = CARTESIAN_POINT ( 'NONE',  ( -29.80419605194429167, -11.28496090510614813, 3.741498178759393944 ) ) ;
#5764 = CARTESIAN_POINT ( 'NONE',  ( -10.29309592552063535, -26.25299711024275950, 6.105408687617766006 ) ) ;
#5765 = CARTESIAN_POINT ( 'NONE',  ( -37.54996671103717887, 8.499999999999998224, 12.96227999980796142 ) ) ;
#5766 = ORIENTED_EDGE ( 'NONE', *, *, #5258, .T. ) ;
#5767 = CARTESIAN_POINT ( 'NONE',  ( -9.401036392209832115, -26.99999999999999645, 2.737135302395495629 ) ) ;
#5768 = CARTESIAN_POINT ( 'NONE',  ( -30.00000000000000355, -0.7900292755351904228, -7.002475381042411406 ) ) ;
#5769 = CARTESIAN_POINT ( 'NONE',  ( 17.88920633456707421, 27.49692310629692926, 0.7234632840043230262 ) ) ;
#5770 = CARTESIAN_POINT ( 'NONE',  ( 11.49999999999987566, 18.49999999999999645, 1.893709856737655794 ) ) ;
#5771 = CARTESIAN_POINT ( 'NONE',  ( -3.213182271767115239, 28.36422376850731197, 6.290343551234418129 ) ) ;
#5772 = ADVANCED_FACE ( 'NONE', ( #4812 ), #1345, .F. ) ;
#5773 = CARTESIAN_POINT ( 'NONE',  ( -26.65357701034829674, 4.477649041223693338, 8.971373090469384692 ) ) ;
#5774 = VERTEX_POINT ( 'NONE', #5808 ) ;
#5775 = CARTESIAN_POINT ( 'NONE',  ( 4.915614901695385071E-16, -28.49999999999999645, 4.999999999999999112 ) ) ;
#5776 = CARTESIAN_POINT ( 'NONE',  ( -3.024067341084504216E-15, -28.49999999999999645, 4.999999999999999112 ) ) ;
#5777 = CARTESIAN_POINT ( 'NONE',  ( 7.581911911811808125, -22.38484795719295306, -17.92329723529554286 ) ) ;
#5778 = FACE_OUTER_BOUND ( 'NONE', #270, .T. ) ;
#5779 = CARTESIAN_POINT ( 'NONE',  ( 30.85907947687161723, 13.69196989784449237, 0.2532839023999002848 ) ) ;
#5780 = CARTESIAN_POINT ( 'NONE',  ( -0.9084883426005403440, 22.22185041672942774, -19.58794390616996850 ) ) ;
#5781 = CARTESIAN_POINT ( 'NONE',  ( -60.00000000000000000, 2.939152317953647500E-15, -204.9999999999999432 ) ) ;
#5782 = CARTESIAN_POINT ( 'NONE',  ( -12.90787971633733022, 28.49999999999999645, 4.792569397689709021 ) ) ;
#5783 = ORIENTED_EDGE ( 'NONE', *, *, #5323, .F. ) ;
#5784 = CARTESIAN_POINT ( 'NONE',  ( -7.864009701094703677E-16, -18.72776127864038642, -30.85932028554476148 ) ) ;
#5785 = CARTESIAN_POINT ( 'NONE',  ( 26.40764293911430727, -10.73987865307014289, 9.857807153064328531 ) ) ;
#5786 = CARTESIAN_POINT ( 'NONE',  ( -10.81612272634732008, 28.49999999999999289, 2.217702156610401154 ) ) ;
#5787 = CARTESIAN_POINT ( 'NONE',  ( -4.457444750331733407E-15, 10.29469787344137899, -47.57708321445524291 ) ) ;
#5788 = EDGE_LOOP ( 'NONE', ( #650, #3080, #3016, #1749 ) ) ;
#5789 = CARTESIAN_POINT ( 'NONE',  ( -15.19057737737776570, -22.35216707134606651, 13.40594367699464229 ) ) ;
#5790 = CARTESIAN_POINT ( 'NONE',  ( 8.276621625603702626, -28.49999999999169731, 4.838796792270250613 ) ) ;
#5791 = CARTESIAN_POINT ( 'NONE',  ( -19.10852616710100449, 22.96088098238863040, 6.119530386121321719 ) ) ;
#5792 = CARTESIAN_POINT ( 'NONE',  ( 23.51648544904067251, 13.27856298201430540, 9.294843436174186735 ) ) ;
#5793 = CARTESIAN_POINT ( 'NONE',  ( -31.49999999999999289, -7.973464254590419742, 0.9462457124888513649 ) ) ;
#5794 = ORIENTED_EDGE ( 'NONE', *, *, #2393, .F. ) ;
#5795 = CARTESIAN_POINT ( 'NONE',  ( -29.65424904016894203, -12.12502163619697093, 3.695672833057293438 ) ) ;
#5796 = ADVANCED_FACE ( 'NONE', ( #2236 ), #4687, .F. ) ;
#5797 =( BOUNDED_SURFACE ( )  B_SPLINE_SURFACE ( 3, 2, ( 
 ( #6239, #1807, #389 ),
 ( #3765, #1235, #5738 ),
 ( #5633, #1337, #6104 ),
 ( #331, #5771, #2263 ),
 ( #5264, #861, #4775 ),
 ( #2709, #2328, #1368 ) ),
 .UNSPECIFIED., .F., .F., .F. ) 
 B_SPLINE_SURFACE_WITH_KNOTS ( ( 4, 2, 4 ),
 ( 3, 3 ),
 ( 0.03550884554978883667, 0.04202798609131316865, 0.04854712663283750756 ),
 ( 0.3082587379594005639, 1.000000000000000000 ),
 .UNSPECIFIED. ) 
 GEOMETRIC_REPRESENTATION_ITEM ( )  RATIONAL_B_SPLINE_SURFACE ( (
 ( 0.9766067916391529824, 0.9620558876680926907, 1.000000000000000000),
 ( 0.9844686347437276996, 0.9748079075404543214, 1.000000000000000000),
 ( 0.9902866605044172710, 0.9842448269919570336, 1.000000000000000000),
 ( 0.9980482327279711630, 0.9968342060877997124, 1.000000000000000000),
 ( 0.9999950968395552309, 0.9999920470049328269, 1.000000000000000000),
 ( 1.000000000000000000, 1.000000000000000000, 1.000000000000000000) ) ) 
 REPRESENTATION_ITEM ( '' )  SURFACE ( )  );
#5798 = CARTESIAN_POINT ( 'NONE',  ( -31.49999999999999289, -8.499999999998500755, 0.8039144995327169863 ) ) ;
#5799 = CARTESIAN_POINT ( 'NONE',  ( -23.29842978356243322, 13.69683345069250002, 14.02824409741605471 ) ) ;
#5800 = CARTESIAN_POINT ( 'NONE',  ( -26.94954748153621793, -9.293200122026471277, 13.53118552250245088 ) ) ;
#5801 = CARTESIAN_POINT ( 'NONE',  ( 29.71915220997652796, 16.77625628549531456, 0.07347400080874587347 ) ) ;
#5802 = CARTESIAN_POINT ( 'NONE',  ( 29.99999999999999289, -8.500000000000000000, 0.8039144995323158627 ) ) ;
#5803 = EDGE_CURVE ( 'NONE', #4874, #3767, #5208, .T. ) ;
#5804 = CARTESIAN_POINT ( 'NONE',  ( 4.915614901695385071E-16, -26.99999999999999645, 4.999999999999999112 ) ) ;
#5805 = DIRECTION ( 'NONE',  ( 0.000000000000000000, -0.1340132229723687285, -0.9909795437185160427 ) ) ;
#5806 = CARTESIAN_POINT ( 'NONE',  ( 10.51932030137518659, 27.66649789241535728, 6.579930600751697334 ) ) ;
#5807 = CARTESIAN_POINT ( 'NONE',  ( 12.69669775888675289, -27.00000000000000000, 4.357740466546823122 ) ) ;
#5808 = CARTESIAN_POINT ( 'NONE',  ( -31.46756814691497439, 9.638517588052952334, -10.99999999999997158 ) ) ;
#5809 = FACE_OUTER_BOUND ( 'NONE', #2777, .T. ) ;
#5810 = ADVANCED_FACE ( 'NONE', ( #1277 ), #5747, .F. ) ;
#5811 = CARTESIAN_POINT ( 'NONE',  ( -15.73624640521688001, 28.08408990746421807, 4.564954802399484812 ) ) ;
#5812 = ORIENTED_EDGE ( 'NONE', *, *, #1664, .T. ) ;
#5813 = CARTESIAN_POINT ( 'NONE',  ( -31.03139703781643632, 11.97558265792317655, -12.76006268608722038 ) ) ;
#5814 = EDGE_CURVE ( 'NONE', #1581, #2434, #4773, .T. ) ;
#5815 = CARTESIAN_POINT ( 'NONE',  ( 29.43431868355138548, -8.901732025584788488, 7.013401681976873192 ) ) ;
#5816 = CARTESIAN_POINT ( 'NONE',  ( -10.45051819610487343, 27.62117307087384077, 6.699809873245204273 ) ) ;
#5817 = CARTESIAN_POINT ( 'NONE',  ( 30.00000000000397904, 6.058925980108130993, 3.958172079237046947 ) ) ;
#5818 = CARTESIAN_POINT ( 'NONE',  ( -31.49999999999999289, 8.500000000000000000, 5.000000000000000000 ) ) ;
#5819 = CARTESIAN_POINT ( 'NONE',  ( -11.49999999999999289, -26.99999999999999645, 1.893709856737651576 ) ) ;
#5820 = CARTESIAN_POINT ( 'NONE',  ( -16.07792174556752229, 26.46337853627386849, 0.9279124260967025473 ) ) ;
#5821 = CIRCLE ( 'NONE', #4693, 10.00000000000000000 ) ;
#5822 = CARTESIAN_POINT ( 'NONE',  ( -18.30266995014569886, -19.88354340976484025, 9.298890752242787272 ) ) ;
#5823 = ORIENTED_EDGE ( 'NONE', *, *, #3779, .T. ) ;
#5824 = CARTESIAN_POINT ( 'NONE',  ( -26.10886818925747832, -19.86708447358329721, -0.009936326238764111446 ) ) ;
#5825 = CARTESIAN_POINT ( 'NONE',  ( 28.35191950512971104, 16.15732630561202399, 0.07338519854685800203 ) ) ;
#5826 = CARTESIAN_POINT ( 'NONE',  ( -25.68620561703193061, -12.40746461382929411, 9.892647186044799312 ) ) ;
#5827 = LINE ( 'NONE', #5737, #3479 ) ;
#5828 =( BOUNDED_SURFACE ( )  B_SPLINE_SURFACE ( 3, 2, ( 
 ( #3985, #4957, #66 ),
 ( #2474, #4987, #1543 ),
 ( #5887, #3442, #3472 ),
 ( #6005, #3927, #4468 ),
 ( #1958, #4498, #1598 ),
 ( #1987, #1480, #5406 ),
 ( #2446, #163, #1002 ),
 ( #3043, #1036, #5017 ),
 ( #3505, #2954, #5468 ),
 ( #2022, #1066, #3075 ),
 ( #4931, #507, #4531 ),
 ( #3565, #537, #36 ) ),
 .UNSPECIFIED., .F., .F., .F. ) 
 B_SPLINE_SURFACE_WITH_KNOTS ( ( 4, 2, 2, 2, 2, 4 ),
 ( 3, 3 ),
 ( 0.03446464521409489667, 0.03881135795752336387, 0.04098471432923760094, 0.04315807070095183107, 0.04750478344438030520, 0.05185149618780877240 ),
 ( 0.000000000000000000, 0.6985814464164636917 ),
 .UNSPECIFIED. ) 
 GEOMETRIC_REPRESENTATION_ITEM ( )  RATIONAL_B_SPLINE_SURFACE ( (
 ( 1.000000000000000000, 0.9243063917234313198, 0.9543690841555156901),
 ( 1.000000000000000000, 0.9312247323117610609, 0.9585397165821809562),
 ( 1.000000000000000000, 0.9365228872573665431, 0.9617336409829128074),
 ( 1.000000000000000000, 0.9418865422739323146, 0.9649670512569412661),
 ( 1.000000000000000000, 0.9432431589070147115, 0.9657848701035633976),
 ( 1.000000000000000000, 0.9450522283565889747, 0.9668754442972091745),
 ( 1.000000000000000000, 0.9454921402095575189, 0.9671406394860611044),
 ( 1.000000000000000000, 0.9454512673903789910, 0.9671159998339859953),
 ( 1.000000000000000000, 0.9436207790346803348, 0.9660125135289334697),
 ( 1.000000000000000000, 0.9365270508134915239, 0.9617361509290425214),
 ( 1.000000000000000000, 0.9312618220410399106, 0.9585620756472850168),
 ( 1.000000000000000000, 0.9243063917234310978, 0.9543690841555156901) ) ) 
 REPRESENTATION_ITEM ( '' )  SURFACE ( )  );
#5829 = ORIENTED_EDGE ( 'NONE', *, *, #1329, .T. ) ;
#5830 = CARTESIAN_POINT ( 'NONE',  ( -11.02920872427360877, 27.56993643393352755, 6.671521683249384438 ) ) ;
#5831 = CARTESIAN_POINT ( 'NONE',  ( -9.406720754720943489, -26.91914956940915005, 8.508606635213187275 ) ) ;
#5832 = CARTESIAN_POINT ( 'NONE',  ( 13.21199746550513332, -26.96413677071130266, 4.291110564571641639 ) ) ;
#5833 = CARTESIAN_POINT ( 'NONE',  ( -29.97014064528097776, 9.714244755525999864, 0.6350957148164010357 ) ) ;
#5834 = FACE_OUTER_BOUND ( 'NONE', #3326, .T. ) ;
#5835 = AXIS2_PLACEMENT_3D ( 'NONE', #6225, #5758, #1864 ) ;
#5836 = EDGE_LOOP ( 'NONE', ( #1913, #1463 ) ) ;
#5837 = CARTESIAN_POINT ( 'NONE',  ( 27.78824737393225064, -17.42009923359106338, -15.88490103517806240 ) ) ;
#5838 = CARTESIAN_POINT ( 'NONE',  ( -10.24747947317936791, -28.49999999999768363, 4.855664898355942505 ) ) ;
#5839 = DIRECTION ( 'NONE',  ( 1.665334536937734071E-16, 0.000000000000000000, -1.000000000000000000 ) ) ;
#5840 = AXIS2_PLACEMENT_3D ( 'NONE', #2536, #130, #4016 ) ;
#5841 = EDGE_CURVE ( 'NONE', #1168, #2060, #2147, .T. ) ;
#5842 = CARTESIAN_POINT ( 'NONE',  ( 26.88740576888882572, -2.514022402169376669, 12.29614515990410162 ) ) ;
#5843 = CARTESIAN_POINT ( 'NONE',  ( -23.67951787750898873, -22.47909090945605826, 0.07329645182575471318 ) ) ;
#5844 = B_SPLINE_CURVE_WITH_KNOTS ( 'NONE', 3,
 ( #234, #659, #6074, #6038 ),
 .UNSPECIFIED., .F., .F.,
 ( 4, 4 ),
 ( 0.000000000000000000, 0.002406495871737226056 ),
 .UNSPECIFIED. ) ;
#5845 = CARTESIAN_POINT ( 'NONE',  ( -26.51086137268956833, 10.47959093325631486, 13.69142371420499948 ) ) ;
#5846 = LINE ( 'NONE', #20, #4401 ) ;
#5847 = CARTESIAN_POINT ( 'NONE',  ( -26.19213466653243216, -6.586613550671092554, 9.138820119618470628 ) ) ;
#5848 = ORIENTED_EDGE ( 'NONE', *, *, #1231, .T. ) ;
#5849 = CARTESIAN_POINT ( 'NONE',  ( -27.28152791958554957, -12.42946140771165453, 6.087677676917505387 ) ) ;
#5850 = CARTESIAN_POINT ( 'NONE',  ( 20.50082158770896612, -17.58067459090472795, 14.05034445935173615 ) ) ;
#5851 = CARTESIAN_POINT ( 'NONE',  ( -31.50000000000000000, -5.252269916841883379, -7.874989219955565112 ) ) ;
#5852 = DIRECTION ( 'NONE',  ( 0.000000000000000000, -0.000000000000000000, 1.000000000000000000 ) ) ;
#5853 = DIRECTION ( 'NONE',  ( 0.000000000000000000, -0.000000000000000000, 1.000000000000000000 ) ) ;
#5854 = CARTESIAN_POINT ( 'NONE',  ( 31.18023100392785452, -12.07727942233757013, 0.3980338365224965202 ) ) ;
#5855 = ORIENTED_EDGE ( 'NONE', *, *, #2559, .T. ) ;
#5856 = FACE_OUTER_BOUND ( 'NONE', #1041, .T. ) ;
#5857 = CARTESIAN_POINT ( 'NONE',  ( 22.49941766249720843, 17.53862533070272534, 14.08216914065954484 ) ) ;
#5858 = CARTESIAN_POINT ( 'NONE',  ( 11.49999999999998224, -27.00000000000000000, 1.893709856737191721 ) ) ;
#5859 = CARTESIAN_POINT ( 'NONE',  ( -2.840046138548510068, 28.36704587891215823, 6.949419264334768087 ) ) ;
#5860 = CARTESIAN_POINT ( 'NONE',  ( 25.87979985292331264, -17.77691715374548309, 7.034679974236377475 ) ) ;
#5861 = CARTESIAN_POINT ( 'NONE',  ( 6.607473879681656115, 28.49999999998598810, 4.871285758814138056 ) ) ;
#5862 = CARTESIAN_POINT ( 'NONE',  ( -20.26545157021297072, 17.85061238074175094, 9.292527554657473488 ) ) ;
#5863 = ORIENTED_EDGE ( 'NONE', *, *, #2348, .T. ) ;
#5864 = CARTESIAN_POINT ( 'NONE',  ( 31.37436402842650551, -10.55826086381234319, -11.75486341951047464 ) ) ;
#5865 = CARTESIAN_POINT ( 'NONE',  ( -10.29309592552062114, 26.25299711024275595, 6.105408687617774000 ) ) ;
#5866 = CARTESIAN_POINT ( 'NONE',  ( 8.690165432263484036, -26.52323801665226455, 5.886880788537942166 ) ) ;
#5867 = EDGE_CURVE ( 'NONE', #2601, #201, #942, .T. ) ;
#5868 = CARTESIAN_POINT ( 'NONE',  ( 14.02353164352033765, 28.39209397958459036, 4.692550064887053729 ) ) ;
#5869 = EDGE_LOOP ( 'NONE', ( #5637, #2671, #5538, #1630, #46 ) ) ;
#5870 = CARTESIAN_POINT ( 'NONE',  ( 26.99913676772596105, 1.032714558740608357, 12.14263495233279322 ) ) ;
#5871 = CARTESIAN_POINT ( 'NONE',  ( -14.47854190650032713, -26.76856050412968102, 1.221806701260037098 ) ) ;
#5872 = EDGE_CURVE ( 'NONE', #5411, #6295, #5499, .T. ) ;
#5873 = CARTESIAN_POINT ( 'NONE',  ( 15.71292114616763058, -21.96931499602280979, 9.246838908458949291 ) ) ;
#5874 = CIRCLE ( 'NONE', #4537, 8.500000000000000000 ) ;
#5875 = CARTESIAN_POINT ( 'NONE',  ( -36.00000000000000000, 0.000000000000000000, -204.9999999999999432 ) ) ;
#5876 = ORIENTED_EDGE ( 'NONE', *, *, #657, .F. ) ;
#5877 = CARTESIAN_POINT ( 'NONE',  ( -15.33144939334792767, -26.62879796854905123, 4.067851946133218100 ) ) ;
#5878 = CARTESIAN_POINT ( 'NONE',  ( -11.49999999999999289, -23.99146246942695981, -18.79915154909359742 ) ) ;
#5879 = CARTESIAN_POINT ( 'NONE',  ( 2.981330491336360923E-14, 11.98502509057387044, -40.63385496052170254 ) ) ;
#5880 = CARTESIAN_POINT ( 'NONE',  ( -23.56461661240705041, -16.04130813218839435, 9.911102414198296628 ) ) ;
#5881 = CARTESIAN_POINT ( 'NONE',  ( 11.03525448054815072, 28.50000000000065015, 4.894838653232309156 ) ) ;
#5882 = CARTESIAN_POINT ( 'NONE',  ( -19.03800485948834265, -22.78488640590715875, -18.38786877410375808 ) ) ;
#5883 = CARTESIAN_POINT ( 'NONE',  ( -6.278329278871733088, -26.99999999999999645, 3.532849922453299651 ) ) ;
#5884 = ORIENTED_EDGE ( 'NONE', *, *, #469, .T. ) ;
#5885 = CARTESIAN_POINT ( 'NONE',  ( -10.43772718458445325, 26.53979342629080307, 8.864672756554773159 ) ) ;
#5886 = CARTESIAN_POINT ( 'NONE',  ( 27.53276508371823539, 7.403338512088319057, 9.688718564319600546 ) ) ;
#5887 = CARTESIAN_POINT ( 'NONE',  ( 28.20339590283917275, -4.236221330441081179, 12.51638904967334653 ) ) ;
#5888 = B_SPLINE_CURVE_WITH_KNOTS ( 'NONE', 3,
 ( #5764, #3315, #3180, #2254, #2331, #2780 ),
 .UNSPECIFIED., .F., .F.,
 ( 4, 2, 4 ),
 ( 0.000000000000000000, 0.005193024976293428123, 0.01038604995258685451 ),
 .UNSPECIFIED. ) ;
#5889 = CARTESIAN_POINT ( 'NONE',  ( -13.66821526289487920, 25.40057177991624471, 6.358119300771212679 ) ) ;
#5890 = CARTESIAN_POINT ( 'NONE',  ( 11.49999999999999289, 36.74234614174767444, 10.66248444409494134 ) ) ;
#5891 = CARTESIAN_POINT ( 'NONE',  ( -27.46978578676663219, 12.15110055244604759, 6.001255782337504563 ) ) ;
#5892 = ORIENTED_EDGE ( 'NONE', *, *, #3943, .T. ) ;
#5893 = CARTESIAN_POINT ( 'NONE',  ( 8.064935064935044196, 25.76735963187499578, 10.66248444409500173 ) ) ;
#5894 = B_SPLINE_CURVE_WITH_KNOTS ( 'NONE', 3,
 ( #2546, #5097, #6116, #738, #2579, #1579, #3546, #5514, #4997, #1721, #1137, #665, #1173, #6046 ),
 .UNSPECIFIED., .F., .F.,
 ( 4, 2, 2, 2, 2, 2, 4 ),
 ( 0.009450673077950640447, 0.01180904576498970765, 0.01298823210850923865, 0.01416741845202877312, 0.01534660479554830759, 0.01652579113906783859, 0.01888416382610690752 ),
 .UNSPECIFIED. ) ;
#5895 = ORIENTED_EDGE ( 'NONE', *, *, #4090, .T. ) ;
#5896 = CARTESIAN_POINT ( 'NONE',  ( 28.42754218145996248, 7.630046310894429418, 6.014290989959180322 ) ) ;
#5897 = DIRECTION ( 'NONE',  ( -0.000000000000000000, -1.000000000000000000, 0.000000000000000000 ) ) ;
#5898 = ADVANCED_FACE ( 'NONE', ( #3360 ), #3064, .F. ) ;
#5899 = CARTESIAN_POINT ( 'NONE',  ( 18.97139102574229952, -19.24844979635125952, 13.95441398864144844 ) ) ;
#5900 = CARTESIAN_POINT ( 'NONE',  ( 15.86419822281754222, -21.96619099739811887, -17.82377285994030203 ) ) ;
#5901 = CARTESIAN_POINT ( 'NONE',  ( 31.49999999999599254, 2.436901925582625861, 4.450190036732402987 ) ) ;
#5902 = EDGE_LOOP ( 'NONE', ( #3341, #5472, #5536, #840, #3784, #2329, #3444, #1166 ) ) ;
#5903 = AXIS2_PLACEMENT_3D ( 'NONE', #5142, #2616, #5177 ) ;
#5904 = CARTESIAN_POINT ( 'NONE',  ( 23.12917526184878270, -21.15525355325753765, 7.048083766143514950 ) ) ;
#5905 = CARTESIAN_POINT ( 'NONE',  ( 18.87035963656180826, -19.34811963996810746, 13.94534652714643386 ) ) ;
#5906 = CARTESIAN_POINT ( 'NONE',  ( 27.92104170573168886, 9.953384546749843409, 6.180520935986717923 ) ) ;
#5907 = AXIS2_PLACEMENT_3D ( 'NONE', #208, #4543, #4095 ) ;
#5908 = CARTESIAN_POINT ( 'NONE',  ( -29.99982527879737759, 1.287468625033336478, 6.873681330200064998 ) ) ;
#5909 = CARTESIAN_POINT ( 'NONE',  ( -15.93228228100157828, -26.08751815635065796, 6.992122563092770804 ) ) ;
#5910 = CARTESIAN_POINT ( 'NONE',  ( 10.45051819610489119, 27.62117307087383722, 6.699809873245207825 ) ) ;
#5911 = CARTESIAN_POINT ( 'NONE',  ( -13.87024720104959385, -23.86561899641252538, -18.79319384605048882 ) ) ;
#5912 = CARTESIAN_POINT ( 'NONE',  ( -6.558943671804281728, -26.99999999997756106, 4.670320506991497922 ) ) ;
#5913 = ORIENTED_EDGE ( 'NONE', *, *, #5948, .F. ) ;
#5914 = CARTESIAN_POINT ( 'NONE',  ( -36.00000000000000000, 0.000000000000000000, -204.9999999999999432 ) ) ;
#5915 = AXIS2_PLACEMENT_3D ( 'NONE', #5946, #3470, #3951 ) ;
#5916 = CARTESIAN_POINT ( 'NONE',  ( -11.48121245401025625, 26.10308850967128791, 9.133564091997298462 ) ) ;
#5917 = CARTESIAN_POINT ( 'NONE',  ( 26.82254153031880861, 9.659192435288190381, 9.820494559911171706 ) ) ;
#5918 = DIRECTION ( 'NONE',  ( 1.224646799147353454E-16, 0.000000000000000000, 1.000000000000000000 ) ) ;
#5919 = CARTESIAN_POINT ( 'NONE',  ( -12.69669775888728935, 27.00000000000000000, 4.357740466547443070 ) ) ;
#5920 = CARTESIAN_POINT ( 'NONE',  ( 26.65023927900396572, -16.52702150137758608, 7.042839120866738689 ) ) ;
#5921 = CARTESIAN_POINT ( 'NONE',  ( 11.49999999999999289, 8.500000000000000000, -11.00000000000000000 ) ) ;
#5922 = CARTESIAN_POINT ( 'NONE',  ( -27.07023089127048365, 13.29087049076126981, 5.975645512287888650 ) ) ;
#5923 = ORIENTED_EDGE ( 'NONE', *, *, #3786, .T. ) ;
#5924 = CARTESIAN_POINT ( 'NONE',  ( -29.99999999999999289, 7.830548889585851585E-23, -6.979998821817708254 ) ) ;
#5925 = ORIENTED_EDGE ( 'NONE', *, *, #4740, .T. ) ;
#5926 = CIRCLE ( 'NONE', #4714, 10.00000000000000000 ) ;
#5927 = CARTESIAN_POINT ( 'NONE',  ( 28.95093462128279782, 10.68788251571494996, 7.123403160864216765 ) ) ;
#5928 = CARTESIAN_POINT ( 'NONE',  ( -19.07574260417903744, -25.38853709395866431, 0.5055576651644647646 ) ) ;
#5929 = CARTESIAN_POINT ( 'NONE',  ( 12.94696378049514784, -23.72900429613651951, 9.053771414284755181 ) ) ;
#5930 = CARTESIAN_POINT ( 'NONE',  ( 13.70222788426308291, -22.31971941907034562, -17.89544485093934156 ) ) ;
#5931 = CARTESIAN_POINT ( 'NONE',  ( -11.51378306382982686, -24.44287188815820500, 8.824996049017240551 ) ) ;
#5932 = ORIENTED_EDGE ( 'NONE', *, *, #2230, .F. ) ;
#5933 = CARTESIAN_POINT ( 'NONE',  ( -14.52550019629395450, -25.14085320449764893, 6.320581675623602180 ) ) ;
#5934 = B_SPLINE_CURVE_WITH_KNOTS ( 'NONE', 3,
 ( #4117, #6071, #2736, #5119, #1705, #2258, #3661, #1671, #3184, #757, #723, #4669, #2222, #4188, #6131, #1741, #5665, #1263, #5825, #6269, #887, #6298, #2359, #2832, #1804, #3887 ),
 .UNSPECIFIED., .F., .F.,
 ( 4, 2, 2, 2, 2, 2, 2, 2, 2, 2, 2, 2, 4 ),
 ( 0.000000000000000000, 0.001835762985960306135, 0.003671525971920612270, 0.007343051943841234080, 0.009178814929801541733, 0.01101457791576184765, 0.01468610388768244214, 0.01835762985960304183, 0.02019339284556334602, 0.02202915583152364673, 0.02570068180344424469, 0.02753644478940454887, 0.02937220777536485306 ),
 .UNSPECIFIED. ) ;
#5935 = CARTESIAN_POINT ( 'NONE',  ( 20.10197336659763323, -18.03526319110771325, 14.03043359080647967 ) ) ;
#5936 = CARTESIAN_POINT ( 'NONE',  ( 29.65424904016893848, 12.12502163619668849, 3.695672833056963480 ) ) ;
#5937 = CARTESIAN_POINT ( 'NONE',  ( 2.251318386472103711E-14, 7.058381167390802347, -46.71746809459041572 ) ) ;
#5938 = CARTESIAN_POINT ( 'NONE',  ( -21.76141640852637593, -18.44254257698048960, 9.911363084255238931 ) ) ;
#5939 = CARTESIAN_POINT ( 'NONE',  ( 31.23108647847023178, -11.87462703439767076, 4.296105196367761003 ) ) ;
#5940 = CARTESIAN_POINT ( 'NONE',  ( -22.97209495162099557, -19.21753418598422058, -16.88556903597956804 ) ) ;
#5941 = AXIS2_PLACEMENT_3D ( 'NONE', #4774, #3731, #1874 ) ;
#5942 = ORIENTED_EDGE ( 'NONE', *, *, #5006, .T. ) ;
#5943 = CARTESIAN_POINT ( 'NONE',  ( 21.49999999999999289, -6.900808533011558055, 1.136834755483775883 ) ) ;
#5944 = EDGE_CURVE ( 'NONE', #731, #5415, #2853, .T. ) ;
#5945 = CARTESIAN_POINT ( 'NONE',  ( -23.91791710525851400, -15.51082235273437249, 14.05832823751669736 ) ) ;
#5946 = CARTESIAN_POINT ( 'NONE',  ( 11.49999999999999289, 8.500000000000000000, -10.99999999999159250 ) ) ;
#5947 = CARTESIAN_POINT ( 'NONE',  ( -28.32123585219108719, 7.580464906482467846, 6.162648984321044132 ) ) ;
#5948 = EDGE_CURVE ( 'NONE', #4242, #167, #3754, .T. ) ;
#5949 = CARTESIAN_POINT ( 'NONE',  ( -11.49999999999999112, 19.49999999999999645, -11.00000000000000178 ) ) ;
#5950 = DIRECTION ( 'NONE',  ( 0.000000000000000000, 0.000000000000000000, 1.000000000000000000 ) ) ;
#5951 = EDGE_LOOP ( 'NONE', ( #786, #5343, #4256, #4040 ) ) ;
#5952 = DIRECTION ( 'NONE',  ( -1.000000000000000000, 0.000000000000000000, 0.000000000000000000 ) ) ;
#5953 = CARTESIAN_POINT ( 'NONE',  ( -10.29889597362888942, -28.49999999999999289, 2.432614641205038009 ) ) ;
#5954 = CARTESIAN_POINT ( 'NONE',  ( -23.13364797107863424, -21.15077787189409619, 7.048023814574744250 ) ) ;
#5955 = CARTESIAN_POINT ( 'NONE',  ( 16.02624560345851634, 28.01776418736205088, 4.545274113209651468 ) ) ;
#5956 = VERTEX_POINT ( 'NONE', #1098 ) ;
#5957 = CARTESIAN_POINT ( 'NONE',  ( 31.11652129271380218, 12.47751430587271315, 4.272224845125406567 ) ) ;
#5958 = CARTESIAN_POINT ( 'NONE',  ( 20.63026055972060391, -21.88890727246476686, 6.058935849924832695 ) ) ;
#5959 = CARTESIAN_POINT ( 'NONE',  ( -29.99999999999998934, -8.500000000000000000, 0.8039144995327114351 ) ) ;
#5960 = CARTESIAN_POINT ( 'NONE',  ( 9.565738825991292771, -25.27482445160614333, 8.363267838403896093 ) ) ;
#5961 = CARTESIAN_POINT ( 'NONE',  ( 7.800229734230061496, 27.42196576585921974, 10.22382012160376696 ) ) ;
#5962 = CARTESIAN_POINT ( 'NONE',  ( -13.88362174853365971, -23.19115636852331264, 9.141610365667633076 ) ) ;
#5963 = CARTESIAN_POINT ( 'NONE',  ( -13.76029527219803938, -26.86372157629713797, 1.367223678564271516 ) ) ;
#5964 = CARTESIAN_POINT ( 'NONE',  ( -31.49999999999999289, -7.277758986112318418, -9.062598378607310323 ) ) ;
#5965 = CARTESIAN_POINT ( 'NONE',  ( -29.96262051270475979, -2.545288754842184531, 6.891524386385267320 ) ) ;
#5966 = CARTESIAN_POINT ( 'NONE',  ( -17.90481007313671213, -22.18408258528010890, 9.853415153377875768 ) ) ;
#5967 = CARTESIAN_POINT ( 'NONE',  ( 31.11699628315684407, -12.47525383362506624, 4.272310689723913590 ) ) ;
#5968 = CARTESIAN_POINT ( 'NONE',  ( -12.69246292131730769, -23.96332234059256550, -18.81535720066338158 ) ) ;
#5969 = CARTESIAN_POINT ( 'NONE',  ( -12.54201402664492626, 25.71275163993737323, 6.383970519913018116 ) ) ;
#5970 = ADVANCED_FACE ( 'NONE', ( #4084 ), #4636, .F. ) ;
#5971 = ORIENTED_EDGE ( 'NONE', *, *, #4378, .F. ) ;
#5972 = DIRECTION ( 'NONE',  ( 0.000000000000000000, 1.000000000000000000, 0.000000000000000000 ) ) ;
#5973 = CARTESIAN_POINT ( 'NONE',  ( -26.94185561375628879, -2.031548988013024193, 12.22497571307739683 ) ) ;
#5974 = CARTESIAN_POINT ( 'NONE',  ( -4.653910926695363770, -21.93095959198092260, -18.09737216968609630 ) ) ;
#5975 = EDGE_CURVE ( 'NONE', #137, #4228, #5844, .T. ) ;
#5976 = DIRECTION ( 'NONE',  ( 0.9753238106762901483, -0.2207792207792207417, 0.000000000000000000 ) ) ;
#5977 = CARTESIAN_POINT ( 'NONE',  ( -1.283936707496882417E-14, -20.45676209442673255, -18.43872343179043938 ) ) ;
#5978 = EDGE_CURVE ( 'NONE', #1469, #974, #3511, .T. ) ;
#5979 = DIRECTION ( 'NONE',  ( -1.000000000000000000, 0.000000000000000000, 0.000000000000000000 ) ) ;
#5980 = ORIENTED_EDGE ( 'NONE', *, *, #3903, .F. ) ;
#5981 = CARTESIAN_POINT ( 'NONE',  ( -29.99999999999716138, 8.671314940912141722, 3.915321089444782299 ) ) ;
#5982 = CARTESIAN_POINT ( 'NONE',  ( -31.46859914119481516, -10.07178295213486408, 4.376307349445200501 ) ) ;
#5983 = CARTESIAN_POINT ( 'NONE',  ( 20.56679084939536040, 20.45332172835593454, -17.35014134701858879 ) ) ;
#5984 = DIRECTION ( 'NONE',  ( 0.000000000000000000, 0.000000000000000000, -1.000000000000000000 ) ) ;
#5985 = LINE ( 'NONE', #4129, #305 ) ;
#5986 = ORIENTED_EDGE ( 'NONE', *, *, #1248, .F. ) ;
#5987 = EDGE_CURVE ( 'NONE', #4994, #578, #1162, .T. ) ;
#5988 = CARTESIAN_POINT ( 'NONE',  ( 11.49999999999999289, 23.99146246942696692, -18.79915154909359032 ) ) ;
#5989 = CARTESIAN_POINT ( 'NONE',  ( 28.08353559462839755, -9.853185018448510135, 6.055409286530480273 ) ) ;
#5990 = CARTESIAN_POINT ( 'NONE',  ( 11.49999999999999289, 28.49999999999999645, 5.000000000000000000 ) ) ;
#5991 = CARTESIAN_POINT ( 'NONE',  ( 31.49999999999999289, 4.606712337401687840, 1.408785681045453542 ) ) ;
#5992 = CARTESIAN_POINT ( 'NONE',  ( -15.81835170861952555, -24.65807767987899624, 6.264251377742204419 ) ) ;
#5993 = CARTESIAN_POINT ( 'NONE',  ( 25.32016432280479634, 20.81392290423120883, 0.004817382818987945431 ) ) ;
#5994 = CARTESIAN_POINT ( 'NONE',  ( 3.141650063317924957, -26.99999999999999645, 4.277900440772799406 ) ) ;
#5995 = CARTESIAN_POINT ( 'NONE',  ( -13.55009744166101093, -25.10714990845168870, 9.522335031519396864 ) ) ;
#5996 = CARTESIAN_POINT ( 'NONE',  ( 24.12416215246611628, -20.07166615851680191, 7.037893885880744271 ) ) ;
#5997 = CARTESIAN_POINT ( 'NONE',  ( -11.49999999999998224, -22.47514308404502259, -17.88465857028938188 ) ) ;
#5998 = ORIENTED_EDGE ( 'NONE', *, *, #5867, .F. ) ;
#5999 = CARTESIAN_POINT ( 'NONE',  ( 193.2911684466444626, 0.000000000000000000, -123.3408453358350982 ) ) ;
#6000 = CARTESIAN_POINT ( 'NONE',  ( -24.89792217440405508, -13.88307394089033409, 13.99048489353015334 ) ) ;
#6001 = CARTESIAN_POINT ( 'NONE',  ( -22.89749228314718010, 16.97983464320461522, 9.911897709763824338 ) ) ;
#6002 = AXIS2_PLACEMENT_3D ( 'NONE', #1037, #3987, #1405 ) ;
#6003 = CARTESIAN_POINT ( 'NONE',  ( 9.067262975354077881, 27.02539658062774208, 11.00361191485732348 ) ) ;
#6004 = CARTESIAN_POINT ( 'NONE',  ( -22.02508803387578951, -25.51910443889379110, 0.2694332227693161386 ) ) ;
#6005 = CARTESIAN_POINT ( 'NONE',  ( 28.38115053382709618, -2.653690313400976386, 12.29614515990410339 ) ) ;
#6006 = CARTESIAN_POINT ( 'NONE',  ( -28.08884218161299628, 16.71169161404016279, 0.04878146171766817307 ) ) ;
#6007 = CIRCLE ( 'NONE', #1702, 24.00000000000000000 ) ;
#6008 = EDGE_LOOP ( 'NONE', ( #82, #2091, #816, #2238, #5932, #189, #3143 ) ) ;
#6009 = CARTESIAN_POINT ( 'NONE',  ( 29.99999999999999289, -4.610959820979794621, 1.446498065855081672 ) ) ;
#6010 = CARTESIAN_POINT ( 'NONE',  ( -20.78247533223231613, -26.24214006983248382, 4.283708106563730134 ) ) ;
#6011 = CARTESIAN_POINT ( 'NONE',  ( 21.49999999999998579, 8.499999999999225508, 0.8039144995325198106 ) ) ;
#6012 = CARTESIAN_POINT ( 'NONE',  ( 1.699625325302567047, 26.99999999999999645, 5.198138481196830085 ) ) ;
#6013 = CARTESIAN_POINT ( 'NONE',  ( -31.18023100392784741, 12.07727942233759144, 0.3980338365224885266 ) ) ;
#6014 = CARTESIAN_POINT ( 'NONE',  ( -10.18495512715611540, 25.01184611693042470, 11.82020562731286617 ) ) ;
#6015 = CARTESIAN_POINT ( 'NONE',  ( -28.72499999999998366, 1.267133138419374472, 6.083427520652548104 ) ) ;
#6016 = CARTESIAN_POINT ( 'NONE',  ( 26.08916197780029478, -15.51806488150966779, 5.933263843563679529 ) ) ;
#6017 = CARTESIAN_POINT ( 'NONE',  ( 8.512987012987009550, -27.19887961142360311, 10.66248444409494489 ) ) ;
#6018 = CARTESIAN_POINT ( 'NONE',  ( -21.54325470373130713, 19.98967680789650103, -17.18067988771082710 ) ) ;
#6019 = EDGE_CURVE ( 'NONE', #4829, #1991, #1963, .T. ) ;
#6020 = CARTESIAN_POINT ( 'NONE',  ( -28.72514750063844957, -1.251900095257303613, 6.083387429315783024 ) ) ;
#6021 = CARTESIAN_POINT ( 'NONE',  ( 13.00452105315961937, -26.94351527248377565, 7.120879893447799702 ) ) ;
#6022 = CYLINDRICAL_SURFACE ( 'NONE', #2246, 19.99999999999999645 ) ;
#6023 = CIRCLE ( 'NONE', #3046, 10.00000000000000000 ) ;
#6024 = CARTESIAN_POINT ( 'NONE',  ( 14.33852280395548462, 26.78327085454642287, 1.251201492465774612 ) ) ;
#6025 = CARTESIAN_POINT ( 'NONE',  ( 31.48899338439270679, -9.262757130867662170, -10.67430585594151005 ) ) ;
#6026 = CARTESIAN_POINT ( 'NONE',  ( 21.27453528094468993, -25.96133674696834959, 0.3385897111621093414 ) ) ;
#6027 = CARTESIAN_POINT ( 'NONE',  ( -7.843504876735916120, 28.49999999999999645, 3.149634727308920912 ) ) ;
#6028 = EDGE_LOOP ( 'NONE', ( #2991, #1838, #75 ) ) ;
#6029 = DIRECTION ( 'NONE',  ( 1.110223024625156540E-16, 0.000000000000000000, -1.000000000000000000 ) ) ;
#6030 = TOROIDAL_SURFACE ( 'NONE', #5634, 229.2911684466443489, 24.00000000000000000 ) ;
#6031 = CARTESIAN_POINT ( 'NONE',  ( -6.155616140341971132, 26.34533563814435198, 7.278959014652332193 ) ) ;
#6032 = CARTESIAN_POINT ( 'NONE',  ( 10.40468372531597296, 26.99999999999999645, 4.537984684788733958 ) ) ;
#6033 = PLANE ( 'NONE',  #2859 ) ;
#6034 = CARTESIAN_POINT ( 'NONE',  ( -23.12917526184878980, 21.15525355325755186, 7.048083766143514062 ) ) ;
#6035 = CARTESIAN_POINT ( 'NONE',  ( 27.50862802417851327, -11.75926747628421687, 6.110155786707860415 ) ) ;
#6036 = CIRCLE ( 'NONE', #3986, 24.00000000000000711 ) ;
#6037 = CARTESIAN_POINT ( 'NONE',  ( 20.78247533223231258, 26.24214006983424241, 4.283708106562859719 ) ) ;
#6038 = CARTESIAN_POINT ( 'NONE',  ( 27.92104170572978106, 9.953384546750415396, 6.180520935988835340 ) ) ;
#6039 = ORIENTED_EDGE ( 'NONE', *, *, #2732, .F. ) ;
#6040 = CARTESIAN_POINT ( 'NONE',  ( -13.66821526289419353, 25.40057177991630866, 6.358119300770660232 ) ) ;
#6041 = ORIENTED_EDGE ( 'NONE', *, *, #4457, .T. ) ;
#6042 = CARTESIAN_POINT ( 'NONE',  ( 11.49999999999999289, 23.99146246942696692, -18.79915154909359032 ) ) ;
#6043 = CARTESIAN_POINT ( 'NONE',  ( -15.73679860699076549, -28.08396870091073794, 4.564916677630809438 ) ) ;
#6044 = CARTESIAN_POINT ( 'NONE',  ( 27.64668474959448119, 15.01511853024283916, -14.97112452110724057 ) ) ;
#6045 = CARTESIAN_POINT ( 'NONE',  ( -20.13261267877172145, -23.63152856748791564, 7.099376462259241904 ) ) ;
#6046 = CARTESIAN_POINT ( 'NONE',  ( 29.99999999999999289, -8.500000000000000000, -10.63331683757129298 ) ) ;
#6047 = ORIENTED_EDGE ( 'NONE', *, *, #4651, .F. ) ;
#6048 = CARTESIAN_POINT ( 'NONE',  ( 14.79847357260806184, 22.59083598779321278, 13.30770998482885936 ) ) ;
#6049 = ADVANCED_FACE ( 'NONE', ( #629 ), #279, .T. ) ;
#6050 = CARTESIAN_POINT ( 'NONE',  ( 11.49999999999999289, 26.99999999999999645, 1.893709856737656017 ) ) ;
#6051 = CARTESIAN_POINT ( 'NONE',  ( 24.77444687036567217, -10.75413865725342255, 9.290651688682684650 ) ) ;
#6052 = CARTESIAN_POINT ( 'NONE',  ( 193.2911684466444626, 0.000000000000000000, -123.3408453358350982 ) ) ;
#6053 = DIRECTION ( 'NONE',  ( 0.000000000000000000, 0.000000000000000000, 1.000000000000000000 ) ) ;
#6054 = CARTESIAN_POINT ( 'NONE',  ( -29.99999999999999289, 2.318287782556712529, 1.565314918633783359 ) ) ;
#6055 = PERSON_AND_ORGANIZATION_ROLE ( 'creator' ) ;
#6056 = CARTESIAN_POINT ( 'NONE',  ( 28.72485148697591129, -1.269144356419318997, 6.083467887160805887 ) ) ;
#6057 = B_SPLINE_CURVE_WITH_KNOTS ( 'NONE', 3,
 ( #111, #2937, #1558, #2068, #3523, #3938, #5769, #1081, #1366, #3832, #3321, #1496, #3028, #2964, #5420, #5003, #889, #4803, #5801, #2489, #5320, #988, #523, #2006, #2461, #4425 ),
 .UNSPECIFIED., .F., .F.,
 ( 4, 2, 2, 2, 2, 2, 2, 2, 2, 2, 2, 2, 4 ),
 ( 1.209720893053476890E-16, 0.001982800953865462151, 0.003965601907730802872, 0.007931203815461491252, 0.009914004769326833708, 0.01189680572319217790, 0.01586240763092287842, 0.01982800953865358068, 0.02181081049251892834, 0.02379361144638427947, 0.02775921335411497479, 0.02974201430798031551, 0.03172481526184565970 ),
 .UNSPECIFIED. ) ;
#6058 = CARTESIAN_POINT ( 'NONE',  ( 27.48462889632752493, 17.83396080008740370, 0.01113139006683156254 ) ) ;
#6059 = CARTESIAN_POINT ( 'NONE',  ( 2.265596578422603396E-15, 27.00000000000000000, 5.000000000000000000 ) ) ;
#6060 = CARTESIAN_POINT ( 'NONE',  ( 31.49999999999999289, -8.883058626313118822, -10.35066766468798960 ) ) ;
#6061 = CARTESIAN_POINT ( 'NONE',  ( 21.84889302469399652, -25.63792055028448047, 4.239293969789240002 ) ) ;
#6062 = CARTESIAN_POINT ( 'NONE',  ( -10.45051819610485389, 27.62117307087382656, 6.699809873245195391 ) ) ;
#6063 = ORIENTED_EDGE ( 'NONE', *, *, #4419, .F. ) ;
#6064 = FACE_OUTER_BOUND ( 'NONE', #4420, .T. ) ;
#6065 = EDGE_CURVE ( 'NONE', #2195, #1519, #635, .T. ) ;
#6066 = DIRECTION ( 'NONE',  ( 0.000000000000000000, 0.000000000000000000, -1.000000000000000000 ) ) ;
#6067 = CARTESIAN_POINT ( 'NONE',  ( -22.51771804233006691, 17.48140312275361197, 14.07506427711779828 ) ) ;
#6068 = CARTESIAN_POINT ( 'NONE',  ( 12.00686675440812579, 25.86440886215265422, 9.244545683459197249 ) ) ;
#6069 = CARTESIAN_POINT ( 'NONE',  ( -29.99999999999998579, 2.718514812738990205, -7.329800606301589916 ) ) ;
#6070 = ORIENTED_EDGE ( 'NONE', *, *, #4096, .F. ) ;
#6071 = CARTESIAN_POINT ( 'NONE',  ( 12.09408774302713319, 26.99999999999999289, 1.737748414377364048 ) ) ;
#6072 = CARTESIAN_POINT ( 'NONE',  ( -28.48518867769386986, 1.063455021459004612, 12.16120740682894485 ) ) ;
#6073 = CARTESIAN_POINT ( 'NONE',  ( -10.45051819610490718, 27.62117307087386209, 6.699809873245230918 ) ) ;
#6074 = CARTESIAN_POINT ( 'NONE',  ( 28.07315892592086826, 9.165287205239691204, 6.211889697023168289 ) ) ;
#6075 = CC_DESIGN_SECURITY_CLASSIFICATION ( #4131, ( #3409 ) ) ;
#6076 = ORIENTED_EDGE ( 'NONE', *, *, #576, .F. ) ;
#6077 = ORIENTED_EDGE ( 'NONE', *, *, #929, .F. ) ;
#6078 = CARTESIAN_POINT ( 'NONE',  ( -13.18513457846862558, -25.53840476889819655, 6.379689114265634231 ) ) ;
#6079 = CARTESIAN_POINT ( 'NONE',  ( -25.87456316347318719, -17.78441400574662978, 7.034663479750156156 ) ) ;
#6080 = CARTESIAN_POINT ( 'NONE',  ( 17.10055051934674708, -24.10482792235314164, 6.207596545585833070 ) ) ;
#6081 = CARTESIAN_POINT ( 'NONE',  ( 28.74096488755053613, 13.30221914291611185, -14.05324188218948045 ) ) ;
#6082 = CARTESIAN_POINT ( 'NONE',  ( 10.96957034323316371, -26.10034427123955325, 6.244317170912613513 ) ) ;
#6083 = CARTESIAN_POINT ( 'NONE',  ( 29.99999999999998934, -8.678634806449053940, 3.914779984255789991 ) ) ;
#6084 = CARTESIAN_POINT ( 'NONE',  ( -31.46902249981479471, 9.791632970549152049, 0.6376073519744623885 ) ) ;
#6085 = CC_DESIGN_PERSON_AND_ORGANIZATION_ASSIGNMENT ( #3839, #1853, ( #3409 ) ) ;
#6086 = CARTESIAN_POINT ( 'NONE',  ( 18.54826726673008253, 23.42331102280521549, 6.031721802431930790 ) ) ;
#6087 = CARTESIAN_POINT ( 'NONE',  ( -21.49999999999998579, 8.500000000000008882, 0.8039144995323158627 ) ) ;
#6088 = CARTESIAN_POINT ( 'NONE',  ( 13.19301814904711989, -27.04263270361510152, 6.873206044804581083 ) ) ;
#6089 = CARTESIAN_POINT ( 'NONE',  ( -29.39188276248695786, 8.540075667956145367, 7.116655464077979332 ) ) ;
#6090 = CARTESIAN_POINT ( 'NONE',  ( -29.98661640957774566, 9.315949696684574732, -11.37815085987450736 ) ) ;
#6091 = CARTESIAN_POINT ( 'NONE',  ( 29.99999999999798206, 4.841611949549644578, 3.983623909073046310 ) ) ;
#6092 = EDGE_CURVE ( 'NONE', #513, #137, #2693, .T. ) ;
#6093 = CARTESIAN_POINT ( 'NONE',  ( 27.11129551546329708, 18.44332245522297598, 3.495613967264999289 ) ) ;
#6094 = CARTESIAN_POINT ( 'NONE',  ( -27.50853860920407001, -11.75950260570580141, 6.110148490689510936 ) ) ;
#6095 = CARTESIAN_POINT ( 'NONE',  ( 15.85734526730769822, -25.95853268365473809, 7.150643753784462042 ) ) ;
#6096 = CARTESIAN_POINT ( 'NONE',  ( -6.277935958851938558, 28.49999999999999645, 3.532944872378790180 ) ) ;
#6097 = ORIENTED_EDGE ( 'NONE', *, *, #652, .T. ) ;
#6098 = CARTESIAN_POINT ( 'NONE',  ( -27.52607282952871870, 7.487868419483803883, 13.24009053104154354 ) ) ;
#6099 = DIRECTION ( 'NONE',  ( 1.000000000000000000, 0.000000000000000000, 0.000000000000000000 ) ) ;
#6100 = CARTESIAN_POINT ( 'NONE',  ( -31.49999999999999289, 7.906911953818486438, -9.529383731207065722 ) ) ;
#6101 = CARTESIAN_POINT ( 'NONE',  ( 26.91644071912108416, -13.50535288728706540, 6.051623754909526198 ) ) ;
#6102 = CARTESIAN_POINT ( 'NONE',  ( 15.19057737737776570, 22.35216707134606651, 13.40594367699464762 ) ) ;
#6103 = CARTESIAN_POINT ( 'NONE',  ( -26.54960642227959511, 21.73877526556660555, -0.003702123377189835661 ) ) ;
#6104 = CARTESIAN_POINT ( 'NONE',  ( -5.689666871812496751, 27.96302160165148365, 8.869201222228481285 ) ) ;
#6105 = ORIENTED_EDGE ( 'NONE', *, *, #1608, .T. ) ;
#6106 = ADVANCED_FACE ( 'NONE', ( #6168 ), #2421, .F. ) ;
#6107 = DIRECTION ( 'NONE',  ( 7.502293610803558030E-14, 0.9653521917153989884, 0.2609504664687832820 ) ) ;
#6108 = ORIENTED_EDGE ( 'NONE', *, *, #5948, .T. ) ;
#6109 = VECTOR ( 'NONE', #3331, 1000.000000000000000 ) ;
#6110 = FACE_OUTER_BOUND ( 'NONE', #4393, .T. ) ;
#6111 = CARTESIAN_POINT ( 'NONE',  ( -21.27630642561909369, -25.96034977167222735, 0.3384180240658493655 ) ) ;
#6112 = CARTESIAN_POINT ( 'NONE',  ( 26.55564112286061018, -14.36827631143937900, 6.026910823438965004 ) ) ;
#6113 = VECTOR ( 'NONE', #5239, 1000.000000000000000 ) ;
#6114 = CARTESIAN_POINT ( 'NONE',  ( 10.45051819610490718, 27.62117307087383367, 6.699809873245216707 ) ) ;
#6115 = PLANE ( 'NONE',  #1695 ) ;
#6116 = CARTESIAN_POINT ( 'NONE',  ( 29.99999999999999289, -1.562863219963425365, -7.068603434728233381 ) ) ;
#6117 = CARTESIAN_POINT ( 'NONE',  ( -27.53810311322827786, 14.83432481688518756, 7.061209555174418284 ) ) ;
#6118 = CARTESIAN_POINT ( 'NONE',  ( -10.84603325893155024, 26.22831730323915522, 6.023724092187918266 ) ) ;
#6119 = CARTESIAN_POINT ( 'NONE',  ( 30.47622457242496097, -14.95226819891837167, 0.1662523215370393381 ) ) ;
#6120 = CARTESIAN_POINT ( 'NONE',  ( -2.706138322843643085, -26.89831397996532303, 6.966719255971008273 ) ) ;
#6121 = CARTESIAN_POINT ( 'NONE',  ( -14.05084148575862812, 26.61831974107793641, 7.145956261482986349 ) ) ;
#6122 = CARTESIAN_POINT ( 'NONE',  ( 14.05084148575788205, -26.61831974107802523, 7.145956261482449001 ) ) ;
#6123 = CARTESIAN_POINT ( 'NONE',  ( 28.34060275430526943, 16.18284702549676268, 0.07211118713704976757 ) ) ;
#6124 = CARTESIAN_POINT ( 'NONE',  ( 6.277528469029618918, 26.99999999999999645, 3.533043318036054981 ) ) ;
#6125 = CARTESIAN_POINT ( 'NONE',  ( 14.88314203101896283, -28.21435792776093265, 1.195296164822874374 ) ) ;
#6126 = ORIENTED_EDGE ( 'NONE', *, *, #1248, .T. ) ;
#6127 = DIRECTION ( 'NONE',  ( -1.000000000000000000, 0.000000000000000000, 0.000000000000000000 ) ) ;
#6128 = CARTESIAN_POINT ( 'NONE',  ( 11.49999999999999289, -8.500000000000000000, -11.00000000000000000 ) ) ;
#6129 = VECTOR ( 'NONE', #377, 1000.000000000000000 ) ;
#6130 = CARTESIAN_POINT ( 'NONE',  ( -21.46213691825901293, -25.85482030314049950, 0.3207005555202128710 ) ) ;
#6131 = CARTESIAN_POINT ( 'NONE',  ( 26.18975270439440450, 19.81027428039481109, -0.01638732744374070405 ) ) ;
#6132 = DIRECTION ( 'NONE',  ( 0.000000000000000000, 0.000000000000000000, -1.000000000000000000 ) ) ;
#6133 = CARTESIAN_POINT ( 'NONE',  ( 9.048060235512167537, 25.45965093472158713, 11.30116039583307241 ) ) ;
#6134 = CARTESIAN_POINT ( 'NONE',  ( -11.49999999999999112, 28.49999999999999645, 1.893709856737191943 ) ) ;
#6135 = EDGE_LOOP ( 'NONE', ( #363, #3459 ) ) ;
#6136 = EDGE_CURVE ( 'NONE', #22, #5060, #6176, .T. ) ;
#6137 = CARTESIAN_POINT ( 'NONE',  ( -4.623041666781259731E-15, -28.49999999999999645, 4.999999999999999112 ) ) ;
#6138 = CIRCLE ( 'NONE', #2355, 7.500000000000000000 ) ;
#6139 = ORIENTED_EDGE ( 'NONE', *, *, #5323, .T. ) ;
#6140 = CARTESIAN_POINT ( 'NONE',  ( -36.00000000000000711, 0.000000000000000000, -123.3408453358350982 ) ) ;
#6141 = ORIENTED_EDGE ( 'NONE', *, *, #2302, .F. ) ;
#6142 = CARTESIAN_POINT ( 'NONE',  ( -10.45051819610491251, -27.62117307087381946, 6.699809873245253122 ) ) ;
#6143 = CIRCLE ( 'NONE', #4211, 24.00000000000000000 ) ;
#6144 = CARTESIAN_POINT ( 'NONE',  ( -18.59205872245181013, -27.26290035361683906, 4.388670141850599116 ) ) ;
#6145 = EDGE_CURVE ( 'NONE', #2353, #4365, #3721, .T. ) ;
#6146 = CARTESIAN_POINT ( 'NONE',  ( 29.99999999999999289, -9.095116217246921764, 0.7169579409395724356 ) ) ;
#6147 = CARTESIAN_POINT ( 'NONE',  ( -29.94477444957636081, 3.276449517373976050, 6.869834404842598552 ) ) ;
#6148 = CARTESIAN_POINT ( 'NONE',  ( 20.13261267877171434, 23.63152856748791919, 7.099376462259241904 ) ) ;
#6149 = CARTESIAN_POINT ( 'NONE',  ( -4.183305577210978756E-16, -9.616481810426423138, -43.99557262834345295 ) ) ;
#6150 = CARTESIAN_POINT ( 'NONE',  ( -29.57055067953314875, 17.09873445861785157, 4.140113311496752324 ) ) ;
#6151 = CARTESIAN_POINT ( 'NONE',  ( 12.37316776940140883, 25.92174036545288729, 6.088686948158320789 ) ) ;
#6152 = CARTESIAN_POINT ( 'NONE',  ( 12.78974334262391110, -28.46889195119738503, 1.596597372111969282 ) ) ;
#6153 = CARTESIAN_POINT ( 'NONE',  ( 23.60051628895281794, -20.73836631959614252, 6.984453038433948713 ) ) ;
#6154 = CARTESIAN_POINT ( 'NONE',  ( -13.53834945078855156, 26.78172340075426661, 7.142285982005056155 ) ) ;
#6155 = CARTESIAN_POINT ( 'NONE',  ( 11.49999999999999289, 28.49999999999999645, -11.00000000000000178 ) ) ;
#6156 = CARTESIAN_POINT ( 'NONE',  ( 1.646582434687402063, -28.50000000000559197, 4.967828834120433967 ) ) ;
#6157 = CARTESIAN_POINT ( 'NONE',  ( -14.62940637869285609, 26.73578108317880009, 1.195296164822623242 ) ) ;
#6158 = CARTESIAN_POINT ( 'NONE',  ( 25.43683408594645812, 16.60973282102967374, 5.921936665301025471 ) ) ;
#6159 = CARTESIAN_POINT ( 'NONE',  ( 31.16460640395258963, 11.51883916787353535, -12.45185365940127831 ) ) ;
#6160 = CARTESIAN_POINT ( 'NONE',  ( -19.01899825969066882, 21.26272170183599997, 13.85774379176338833 ) ) ;
#6161 = ORIENTED_EDGE ( 'NONE', *, *, #5508, .F. ) ;
#6162 = CARTESIAN_POINT ( 'NONE',  ( -29.22351202774048318, -9.425707169719732548, 7.139062712897683127 ) ) ;
#6163 = CARTESIAN_POINT ( 'NONE',  ( -20.91881465423983855, 23.05991847186174937, 7.085221575167691022 ) ) ;
#6164 = CARTESIAN_POINT ( 'NONE',  ( 14.55786783756546576, -25.14673535156617490, 6.318395839221820687 ) ) ;
#6165 = EDGE_CURVE ( 'NONE', #1961, #5221, #5247, .T. ) ;
#6166 = CARTESIAN_POINT ( 'NONE',  ( 29.64308579401993171, -11.06129291199148312, -12.67341694687009301 ) ) ;
#6167 = CARTESIAN_POINT ( 'NONE',  ( 26.92879817439044743, -2.024290248655970625, 12.23977108130173974 ) ) ;
#6168 = FACE_OUTER_BOUND ( 'NONE', #5495, .T. ) ;
#6169 = ORIENTED_EDGE ( 'NONE', *, *, #5036, .F. ) ;
#6170 = ORIENTED_EDGE ( 'NONE', *, *, #6304, .F. ) ;
#6171 = CARTESIAN_POINT ( 'NONE',  ( 29.38054511987016681, -8.611599748250593933, 7.122370943393663723 ) ) ;
#6172 = EDGE_CURVE ( 'NONE', #1419, #2060, #2800, .T. ) ;
#6173 = CARTESIAN_POINT ( 'NONE',  ( 8.512987012987013102, 27.19887961142360311, 10.66248444409494667 ) ) ;
#6174 = EDGE_CURVE ( 'NONE', #5471, #731, #5874, .T. ) ;
#6175 = CARTESIAN_POINT ( 'NONE',  ( 29.66082600014518178, -12.12507991907246208, 3.694963214855299327 ) ) ;
#6176 = CIRCLE ( 'NONE', #1879, 9.000000000000000000 ) ;
#6177 = ADVANCED_FACE ( 'NONE', ( #4706 ), #5797, .F. ) ;
#6178 = CARTESIAN_POINT ( 'NONE',  ( -28.02770833241650550, 5.271821780129538837, 12.72519434518872572 ) ) ;
#6179 = CARTESIAN_POINT ( 'NONE',  ( 25.04513904344249653, 18.97422281166560154, 7.031955125545358065 ) ) ;
#6180 = DATE_TIME_ROLE ( 'classification_date' ) ;
#6181 = CYLINDRICAL_SURFACE ( 'NONE', #5721, 22.50000000000000000 ) ;
#6182 = B_SPLINE_CURVE_WITH_KNOTS ( 'NONE', 3,
 ( #3284, #6197, #5317, #788 ),
 .UNSPECIFIED., .F., .F.,
 ( 4, 4 ),
 ( 0.000000000000000000, 0.0005447354668435881687 ),
 .UNSPECIFIED. ) ;
#6183 = CARTESIAN_POINT ( 'NONE',  ( 4.704002171588814299E-16, 28.49999999999999645, 4.999999999999999112 ) ) ;
#6184 = ORIENTED_EDGE ( 'NONE', *, *, #2856, .F. ) ;
#6185 = CARTESIAN_POINT ( 'NONE',  ( 24.67149108722917816, -23.60852893357720106, 0.07306535044421388903 ) ) ;
#6186 = CARTESIAN_POINT ( 'NONE',  ( 27.02818195898030851, -16.03058589803220002, 6.986641077797901112 ) ) ;
#6187 = CARTESIAN_POINT ( 'NONE',  ( 16.24850191777253983, -26.42063268657948427, 0.8996644747738220538 ) ) ;
#6188 = EDGE_LOOP ( 'NONE', ( #2637, #1015, #2888 ) ) ;
#6189 = LINE ( 'NONE', #440, #5607 ) ;
#6190 = CARTESIAN_POINT ( 'NONE',  ( 28.06497457404125129, 9.207689142625282486, 6.210201967801660672 ) ) ;
#6191 = B_SPLINE_CURVE_WITH_KNOTS ( 'NONE', 3,
 ( #3735, #5704, #1302, #301, #3262, #5231, #2778, #5739, #4743, #1369 ),
 .UNSPECIFIED., .F., .F.,
 ( 4, 2, 2, 2, 4 ),
 ( 0.000000000000000000, 0.002938489004799673971, 0.005876978009599345340, 0.008815467014399015408, 0.01175395601919868721 ),
 .UNSPECIFIED. ) ;
#6192 = CARTESIAN_POINT ( 'NONE',  ( -26.55564112285984280, 14.36827631144015527, 6.026910823439290077 ) ) ;
#6193 = CARTESIAN_POINT ( 'NONE',  ( 24.31382689804601682, 11.79659180292652643, 9.296869545649212085 ) ) ;
#6194 = CARTESIAN_POINT ( 'NONE',  ( -26.05135866044424731, -15.53213456551365468, 5.934380262890607938 ) ) ;
#6195 = ORIENTED_EDGE ( 'NONE', *, *, #395, .F. ) ;
#6196 = CARTESIAN_POINT ( 'NONE',  ( -24.46783958263835856, -17.94058218013144312, 5.976303717350833544 ) ) ;
#6197 = CARTESIAN_POINT ( 'NONE',  ( 29.99999999999999289, -8.634599219248869417, -10.75519299531424267 ) ) ;
#6198 = FACE_OUTER_BOUND ( 'NONE', #6188, .T. ) ;
#6199 = CARTESIAN_POINT ( 'NONE',  ( -29.52498335551856457, 7.700404266506543749, 7.049557377645792045 ) ) ;
#6200 = CARTESIAN_POINT ( 'NONE',  ( -29.99999999999999289, -5.982359899831289241, -8.736504438241935233 ) ) ;
#6201 = CARTESIAN_POINT ( 'NONE',  ( 29.76400966272962378, -10.61741699098702263, -12.37024252382668621 ) ) ;
#6202 = CARTESIAN_POINT ( 'NONE',  ( -1.837275567435397550, 21.16251853253771031, -18.31898716602186283 ) ) ;
#6203 = B_SPLINE_CURVE_WITH_KNOTS ( 'NONE', 3,
 ( #3097, #1181, #5689, #5106, #4106, #6122 ),
 .UNSPECIFIED., .F., .F.,
 ( 4, 2, 4 ),
 ( 9.381951662078253431E-18, 0.001881959696090584151, 0.003763919392181159194 ),
 .UNSPECIFIED. ) ;
#6204 = DIRECTION ( 'NONE',  ( 0.000000000000000000, -0.2609504664688617748, -0.9653521917153778942 ) ) ;
#6205 = CARTESIAN_POINT ( 'NONE',  ( 31.50000000000000711, -8.200752514348438993, -9.776607368974069345 ) ) ;
#6206 = ORIENTED_EDGE ( 'NONE', *, *, #3394, .T. ) ;
#6207 = CARTESIAN_POINT ( 'NONE',  ( -6.278329278871733088, -28.49999999999999645, 3.532849922453299207 ) ) ;
#6208 = CARTESIAN_POINT ( 'NONE',  ( -14.50031137692090510, -26.47501014559026089, 7.149175202837339427 ) ) ;
#6209 = CARTESIAN_POINT ( 'NONE',  ( 29.99999999999999289, -6.900808533011558055, 1.136834755483775883 ) ) ;
#6210 = CARTESIAN_POINT ( 'NONE',  ( 11.49999999999999289, 19.49999999999999645, -11.00000000000000000 ) ) ;
#6211 = CARTESIAN_POINT ( 'NONE',  ( 11.49999999999999289, 8.500000000000000000, 5.000000000000000000 ) ) ;
#6212 = CIRCLE ( 'NONE', #985, 22.50000000000000000 ) ;
#6213 = APPROVAL_DATE_TIME ( #2846, #1528 ) ;
#6214 = CARTESIAN_POINT ( 'NONE',  ( 1.524501636054257777E-14, -3.252987259759287930, -49.22566988011193700 ) ) ;
#6215 = B_SPLINE_CURVE_WITH_KNOTS ( 'NONE', 3,
 ( #1999, #3874, #1521, #4391, #3933, #103 ),
 .UNSPECIFIED., .F., .F.,
 ( 4, 2, 4 ),
 ( -3.376389943305620016E-05, 0.004801225283760034677, 0.009636214466953124322 ),
 .UNSPECIFIED. ) ;
#6216 = CARTESIAN_POINT ( 'NONE',  ( -20.09631720983031045, 26.57050501168785317, 0.4601802874326960668 ) ) ;
#6217 = CIRCLE ( 'NONE', #802, 253.2911684466444626 ) ;
#6218 = ORIENTED_EDGE ( 'NONE', *, *, #2290, .T. ) ;
#6219 = CARTESIAN_POINT ( 'NONE',  ( 1.422059899693538677E-14, -15.73966621809194955, -38.35443130702331160 ) ) ;
#6220 = CARTESIAN_POINT ( 'NONE',  ( 18.11121448843692505, -24.99595592181946202, 7.015248205212944121 ) ) ;
#6221 = CARTESIAN_POINT ( 'NONE',  ( 29.40415919985993298, -13.31240076155361507, 0.2525532693983100763 ) ) ;
#6222 = CARTESIAN_POINT ( 'NONE',  ( -3.857909705910582992E-16, 1.800630564394153588, -54.02798513988602025 ) ) ;
#6223 = EDGE_LOOP ( 'NONE', ( #233, #2928, #2982, #3532 ) ) ;
#6224 = CARTESIAN_POINT ( 'NONE',  ( 11.16003344532265018, 26.99999999999999645, 2.058820311315246343 ) ) ;
#6225 = CARTESIAN_POINT ( 'NONE',  ( -11.49999999999999289, 8.500000000000000000, -11.00000000000000000 ) ) ;
#6226 = ADVANCED_FACE ( 'NONE', ( #3668 ), #299, .T. ) ;
#6227 = CARTESIAN_POINT ( 'NONE',  ( -29.66082600014517112, 12.12507991907304472, 3.694963214855376599 ) ) ;
#6228 = CARTESIAN_POINT ( 'NONE',  ( 27.08985161421522392, 13.31723622067608481, 5.973303665368488780 ) ) ;
#6229 = CARTESIAN_POINT ( 'NONE',  ( -18.09600039645457059, -20.07380907843526074, 13.86685210002586466 ) ) ;
#6230 = ORIENTED_EDGE ( 'NONE', *, *, #2393, .T. ) ;
#6231 = CARTESIAN_POINT ( 'NONE',  ( -25.40020868626488948, -20.72185998803413653, 3.498088485258355806 ) ) ;
#6232 =( BOUNDED_SURFACE ( )  B_SPLINE_SURFACE ( 3, 2, ( 
 ( #6173, #1877, #5806 ),
 ( #1401, #3358, #5707 ),
 ( #4986, #3441, #3983 ),
 ( #4929, #1986, #1001 ),
 ( #4864, #1957, #2444 ),
 ( #2953, #5352, #2473 ) ),
 .UNSPECIFIED., .F., .F., .F. ) 
 B_SPLINE_SURFACE_WITH_KNOTS ( ( 4, 2, 4 ),
 ( 3, 3 ),
 ( 0.03550884554978882279, 0.04202798609131315477, 0.04854712663283747981 ),
 ( 0.000000000000000000, 0.6917412564889705573 ),
 .UNSPECIFIED. ) 
 GEOMETRIC_REPRESENTATION_ITEM ( )  RATIONAL_B_SPLINE_SURFACE ( (
 ( 1.000000000000000000, 0.9620558879726164303, 0.9766067914055940324),
 ( 1.000000000000000000, 0.9748079077426977657, 0.9844686345887001533),
 ( 1.000000000000000000, 0.9842448271183188435, 0.9902866604073877754),
 ( 1.000000000000000000, 0.9968342061132898779, 0.9980482327085355987),
 ( 1.000000000000000000, 0.9999920470049347143, 0.9999950968394681894),
 ( 1.000000000000000000, 1.000000000000000000, 1.000000000000000000) ) ) 
 REPRESENTATION_ITEM ( '' )  SURFACE ( )  );
#6233 = CARTESIAN_POINT ( 'NONE',  ( 6.983424986305296400, -28.14326681070924963, 6.179062974878115178 ) ) ;
#6234 = CARTESIAN_POINT ( 'NONE',  ( -29.71915220997653506, -16.77625628549531811, 0.07347400080874742778 ) ) ;
#6235 = CARTESIAN_POINT ( 'NONE',  ( -25.11456953199061459, 9.930569829532458925, 13.69175989445242791 ) ) ;
#6236 = CARTESIAN_POINT ( 'NONE',  ( -29.99999999999999289, -0.3933071991643802834, -6.979998821817745558 ) ) ;
#6237 = CARTESIAN_POINT ( 'NONE',  ( 13.18959127411644872, 23.56631602938075787, 12.90217386849388070 ) ) ;
#6238 = CARTESIAN_POINT ( 'NONE',  ( 6.712823555459858760, -26.16130549405900751, 9.769589939079240892 ) ) ;
#6239 = CARTESIAN_POINT ( 'NONE',  ( -10.51932031896763142, 27.66649790423245037, 6.579930570255439370 ) ) ;
#6240 = CARTESIAN_POINT ( 'NONE',  ( -26.55256617887418358, 4.994355751842708635, 12.72519392234945279 ) ) ;
#6241 = ORIENTED_EDGE ( 'NONE', *, *, #4373, .T. ) ;
#6242 = AXIS2_PLACEMENT_3D ( 'NONE', #1192, #686, #4080 ) ;
#6243 = CARTESIAN_POINT ( 'NONE',  ( -28.06497457404138629, -9.207689142625348211, 6.210201967801481260 ) ) ;
#6244 = CARTESIAN_POINT ( 'NONE',  ( 37.54996671103717176, 8.500000000000019540, 12.96227999980797030 ) ) ;
#6245 = CARTESIAN_POINT ( 'NONE',  ( 15.81793896728268400, -24.65824571452635183, 6.264269509881197351 ) ) ;
#6246 = CARTESIAN_POINT ( 'NONE',  ( 13.44900123557062521, 26.81021131013853775, 7.141646099024448802 ) ) ;
#6247 = CARTESIAN_POINT ( 'NONE',  ( 15.89675647844994444, 25.96286265831948370, 7.152433032685373782 ) ) ;
#6248 = DIRECTION ( 'NONE',  ( -8.497386401370967797E-17, -0.000000000000000000, 1.000000000000000000 ) ) ;
#6249 = CARTESIAN_POINT ( 'NONE',  ( -14.56807251662618619, 28.26579046616222257, 1.251310186544741132 ) ) ;
#6250 = AXIS2_PLACEMENT_3D ( 'NONE', #1169, #4571, #1642 ) ;
#6251 = ORIENTED_EDGE ( 'NONE', *, *, #3394, .F. ) ;
#6252 = CARTESIAN_POINT ( 'NONE',  ( 1.384975404084454733E-14, -6.913499939460703736, -51.22505222297385075 ) ) ;
#6253 = DIRECTION ( 'NONE',  ( 0.000000000000000000, 0.000000000000000000, 1.000000000000000000 ) ) ;
#6254 = ADVANCED_FACE ( 'NONE', ( #3834 ), #3738, .F. ) ;
#6255 = CIRCLE ( 'NONE', #438, 10.00000000000000178 ) ;
#6256 = CARTESIAN_POINT ( 'NONE',  ( 28.46229234993300494, 6.298744287658635699, 6.144532506503751712 ) ) ;
#6257 = ORIENTED_EDGE ( 'NONE', *, *, #2290, .F. ) ;
#6258 = CARTESIAN_POINT ( 'NONE',  ( 26.92993860168006748, -2.009666493328119863, 12.23821841703658997 ) ) ;
#6259 = EDGE_CURVE ( 'NONE', #3791, #1611, #1466, .T. ) ;
#6260 = CARTESIAN_POINT ( 'NONE',  ( 29.99999999999999645, 7.277872056492373787, 3.925083781688189166 ) ) ;
#6261 = CARTESIAN_POINT ( 'NONE',  ( -20.03362671330551237, 24.93673716273984553, 3.710224926198594453 ) ) ;
#6262 = CARTESIAN_POINT ( 'NONE',  ( 23.60129261090851926, 13.12748649087869524, 13.98897243738082530 ) ) ;
#6263 = CARTESIAN_POINT ( 'NONE',  ( -24.31382689804787489, -11.79659180291153220, 9.296869545649261823 ) ) ;
#6264 =( NAMED_UNIT ( * ) PLANE_ANGLE_UNIT ( ) SI_UNIT ( $, .RADIAN. ) );
#6265 = ORIENTED_EDGE ( 'NONE', *, *, #4378, .T. ) ;
#6266 = CARTESIAN_POINT ( 'NONE',  ( -29.05347391460847817, -14.47107291122394734, 0.1658170824569416835 ) ) ;
#6267 = B_SPLINE_CURVE_WITH_KNOTS ( 'NONE', 3,
 ( #187, #1627, #678, #3724, #2762, #4728 ),
 .UNSPECIFIED., .F., .F.,
 ( 4, 2, 4 ),
 ( 0.000000000000000000, 0.006916723433682728239, 0.01383344686736545648 ),
 .UNSPECIFIED. ) ;
#6268 = DIRECTION ( 'NONE',  ( 1.000000000000000000, 0.000000000000000000, 0.000000000000000000 ) ) ;
#6269 = CARTESIAN_POINT ( 'NONE',  ( 29.05341798075564697, 14.46781918499904585, 0.1662473130580924552 ) ) ;
#6270 = DIRECTION ( 'NONE',  ( 0.000000000000000000, 0.000000000000000000, -1.000000000000000000 ) ) ;
#6271 = LINE ( 'NONE', #2834, #4165 ) ;
#6272 = CARTESIAN_POINT ( 'NONE',  ( 2.687631741214186576, -26.87432176438605325, 6.947303556943790426 ) ) ;
#6273 = EDGE_CURVE ( 'NONE', #2636, #4325, #3770, .T. ) ;
#6274 = DIRECTION ( 'NONE',  ( -1.000000000000000000, 0.000000000000000000, 0.000000000000000000 ) ) ;
#6275 = CARTESIAN_POINT ( 'NONE',  ( 31.50000000000000000, -5.961250436889979021, -8.231826136542146344 ) ) ;
#6276 = CARTESIAN_POINT ( 'NONE',  ( -10.37221859471483931, 26.30512082169009602, 5.967547094114422634 ) ) ;
#6277 = EDGE_CURVE ( 'NONE', #4325, #5471, #3058, .T. ) ;
#6278 = CARTESIAN_POINT ( 'NONE',  ( -2.856479340779364051, -28.39266475663006872, 6.966719255952297019 ) ) ;
#6279 = CARTESIAN_POINT ( 'NONE',  ( -28.20742070446012306, 8.374430884948512954, 6.209752979388142968 ) ) ;
#6280 = B_SPLINE_CURVE_WITH_KNOTS ( 'NONE', 3,
 ( #4499, #5018, #2373, #3506, #5813, #11, #3076, #3843, #2056, #1599, #2087, #3872, #3364, #1412, #2878, #4335, #5534, #952, #4870, #4988, #1129, #4048, #2426, #1939, #2571, #4017, #628, #1067 ),
 .UNSPECIFIED., .F., .F.,
 ( 4, 2, 2, 2, 2, 2, 2, 2, 2, 2, 2, 2, 2, 4 ),
 ( 4.906538933386797396E-18, 0.001770970103323996460, 0.003541940206647987716, 0.005312910309971980057, 0.007083880413295971096, 0.008854850516619964737, 0.01062582061994395664, 0.01416776082659193872, 0.01593873092991593410, 0.01770970103323992600, 0.02125164123988790982, 0.02302261134321190519, 0.02479358144653589710, 0.02833552165318388438 ),
 .UNSPECIFIED. ) ;
#6281 = CARTESIAN_POINT ( 'NONE',  ( -11.49999999999999289, -8.500000000000000000, -11.00000000000000000 ) ) ;
#6282 = CARTESIAN_POINT ( 'NONE',  ( -9.107416795795465813E-16, -10.61681354263866162, -42.67888990179624642 ) ) ;
#6283 = FACE_OUTER_BOUND ( 'NONE', #3363, .T. ) ;
#6284 = ORIENTED_EDGE ( 'NONE', *, *, #1409, .F. ) ;
#6285 = CARTESIAN_POINT ( 'NONE',  ( 31.46756814691497439, -9.638517588053012730, -11.00000000000000888 ) ) ;
#6286 = CARTESIAN_POINT ( 'NONE',  ( 17.17543100953753310, -22.75187018519855897, 13.59609217541909842 ) ) ;
#6287 = CARTESIAN_POINT ( 'NONE',  ( 27.51231103498337660, -17.78587418660784181, 0.01243977553546690186 ) ) ;
#6288 = CC_DESIGN_APPROVAL ( #4087, ( #1995 ) ) ;
#6289 = CARTESIAN_POINT ( 'NONE',  ( -1.774579662641587158E-14, 11.36686119196811617, -46.11759083261860326 ) ) ;
#6290 = ORIENTED_EDGE ( 'NONE', *, *, #3752, .F. ) ;
#6291 = CARTESIAN_POINT ( 'NONE',  ( -23.28571684270319864, -13.67984104438575521, 14.01890857740965401 ) ) ;
#6292 = CARTESIAN_POINT ( 'NONE',  ( 12.54289885631805568, -25.71251873533924126, 6.383988049462202774 ) ) ;
#6293 = CARTESIAN_POINT ( 'NONE',  ( -17.21983000512297934, 26.13467256712328535, 0.7513953056308628753 ) ) ;
#6294 = CARTESIAN_POINT ( 'NONE',  ( -20.62604046421991200, -17.45947529943978083, 9.291084196619875613 ) ) ;
#6295 = VERTEX_POINT ( 'NONE', #5729 ) ;
#6296 = CARTESIAN_POINT ( 'NONE',  ( -27.55084810865299261, -11.53764094289545206, 6.119449000011467632 ) ) ;
#6297 = CARTESIAN_POINT ( 'NONE',  ( 10.37221858700559451, 26.30512081651169964, 5.967547107478295310 ) ) ;
#6298 = CARTESIAN_POINT ( 'NONE',  ( 29.76018516205290254, 11.53016930260746165, 0.4249439499246558394 ) ) ;
#6299 = FACE_OUTER_BOUND ( 'NONE', #2684, .T. ) ;
#6300 = CARTESIAN_POINT ( 'NONE',  ( -26.33374288825984166, -5.961038961038954476, 12.96227999980796142 ) ) ;
#6301 = CARTESIAN_POINT ( 'NONE',  ( -14.55152731867876170, 24.53933567512737568, 9.637822355383734774 ) ) ;
#6302 = CARTESIAN_POINT ( 'NONE',  ( -7.916133720111393046, -27.43597322578449038, 8.046948073840562543 ) ) ;
#6303 = CARTESIAN_POINT ( 'NONE',  ( 14.33796707787907998, -26.78335618120008021, 1.251310186544251524 ) ) ;
#6304 = EDGE_CURVE ( 'NONE', #3005, #3408, #5379, .T. ) ;
#6305 = CARTESIAN_POINT ( 'NONE',  ( -9.401036392209757508, 26.99999999999999645, 2.737135302395524494 ) ) ;
#6306 = CARTESIAN_POINT ( 'NONE',  ( -22.44253190768655060, 21.80976212014061133, 7.058576500434372569 ) ) ;
#6307 = APPLICATION_CONTEXT ( 'configuration controlled 3d designs of mechanical parts and assemblies' ) ;
#6308 = ORIENTED_EDGE ( 'NONE', *, *, #593, .T. ) ;
#6309 = CARTESIAN_POINT ( 'NONE',  ( 28.84946749384101494, -16.14860416989319347, -15.22074575097702898 ) ) ;
#6310 = CARTESIAN_POINT ( 'NONE',  ( -12.46506201671666680, -28.50000000000000000, 4.838069797748247858 ) ) ;
#6311 = CARTESIAN_POINT ( 'NONE',  ( 9.092728972857731407, -25.44567005071672838, 8.185524711005228937 ) ) ;
#6312 = CARTESIAN_POINT ( 'NONE',  ( 28.45985393307068279, -6.320901147463237280, 6.144845682731491898 ) ) ;
#6313 = ORIENTED_EDGE ( 'NONE', *, *, #503, .F. ) ;
#6314 = CARTESIAN_POINT ( 'NONE',  ( -13.69540568931866886, -23.27614909012753941, 13.04020495057341655 ) ) ;
#6315 = CARTESIAN_POINT ( 'NONE',  ( -29.97012593293189653, -9.714773255677078723, 0.6350231828207518747 ) ) ;
#6316 = CARTESIAN_POINT ( 'NONE',  ( 11.50664987937245520, -24.44627076612095706, 8.823864470068597754 ) ) ;
#6317 = CIRCLE ( 'NONE', #989, 24.00000000000001066 ) ;
#6318 = CARTESIAN_POINT ( 'NONE',  ( -28.31935414029414133, -8.163548584544090048, 6.088442483508082148 ) ) ;
#6319 = VERTEX_POINT ( 'NONE', #3400 ) ;
#6320 = CARTESIAN_POINT ( 'NONE',  ( -22.37162362103322977, -20.39039343803249338, 6.002743322095088097 ) ) ;
#6321 = CARTESIAN_POINT ( 'NONE',  ( 27.35237851999350056, 12.20876313712294348, 6.095319407007202095 ) ) ;
#6322 = CARTESIAN_POINT ( 'NONE',  ( -6.277528469029616254, -26.99999999999999645, 3.533043318036026115 ) ) ;
#6323 = CARTESIAN_POINT ( 'NONE',  ( 60.00000000000000711, 0.000000000000000000, -204.9999999999999147 ) ) ;
#6324 = DIRECTION ( 'NONE',  ( 1.224646799147353454E-16, 0.000000000000000000, 1.000000000000000000 ) ) ;
#6325 = CARTESIAN_POINT ( 'NONE',  ( -21.25170241341870536, 22.93031983313899502, 7.004708465259362526 ) ) ;
ENDSEC;
END-ISO-10303-21;
