ISO-10303-21;
HEADER;
FILE_DESCRIPTION (( 'STEP AP203' ),
    '1' );
FILE_NAME ('79-8467 - 51mm 30deg.STEP',
    '2026-09-15T22:03:33',
    ( '' ),
    ( '' ),
    'SwSTEP 2.0',
    'SolidWorks 2026',
    '' );
FILE_SCHEMA (( 'CONFIG_CONTROL_DESIGN' ));
ENDSEC;

DATA;
#1 = VERTEX_POINT ( 'NONE', #25 ) ;
#2 = CARTESIAN_POINT ( 'NONE',  ( 17.41669750802264716, 0.000000000000000000, 30.16660498395382106 ) ) ;
#3 = VECTOR ( 'NONE', #396, 1000.000000000000000 ) ;
#4 = ORIENTED_EDGE ( 'NONE', *, *, #312, .T. ) ;
#5 = VECTOR ( 'NONE', #491, 1000.000000000000000 ) ;
#6 = CARTESIAN_POINT ( 'NONE',  ( -2.249999999999950706, 27.24999999999999645, -169.5006906090505368 ) ) ;
#7 = DIRECTION ( 'NONE',  ( -0.000000000000000000, -0.000000000000000000, -1.000000000000000000 ) ) ;
#8 = ADVANCED_FACE ( 'NONE', ( #166 ), #1199, .T. ) ;
#9 = ORIENTED_EDGE ( 'NONE', *, *, #736, .T. ) ;
#10 = LINE ( 'NONE', #966, #1216 ) ;
#11 = ADVANCED_FACE ( 'NONE', ( #259 ), #1015, .T. ) ;
#12 = ADVANCED_FACE ( 'NONE', ( #487 ), #976, .F. ) ;
#13 = ORIENTED_EDGE ( 'NONE', *, *, #1131, .F. ) ;
#14 = CARTESIAN_POINT ( 'NONE',  ( 24.00000000000000355, 0.000000000000000000, -98.81097022146268216 ) ) ;
#15 = VECTOR ( 'NONE', #566, 1000.000000000000000 ) ;
#16 = DIRECTION ( 'NONE',  ( 1.000000000000000000, 0.000000000000000000, -0.000000000000000000 ) ) ;
#17 = APPROVAL_DATE_TIME ( #1375, #241 ) ;
#18 = PRODUCT_DEFINITION_SHAPE ( 'NONE', 'NONE',  #1122 ) ;
#19 = ORIENTED_EDGE ( 'NONE', *, *, #272, .F. ) ;
#20 = DIRECTION ( 'NONE',  ( -0.000000000000000000, -0.000000000000000000, -1.000000000000000000 ) ) ;
#21 = DIRECTION ( 'NONE',  ( -0.000000000000000000, -0.000000000000000000, 1.000000000000000000 ) ) ;
#22 = EDGE_CURVE ( 'NONE', #473, #548, #30, .T. ) ;
#23 = VECTOR ( 'NONE', #567, 1000.000000000000000 ) ;
#24 = FACE_OUTER_BOUND ( 'NONE', #958, .T. ) ;
#25 = CARTESIAN_POINT ( 'NONE',  ( -4.666950288480613551, 3.122849337825751800E-15, 42.91660498395370382 ) ) ;
#26 = CARTESIAN_POINT ( 'NONE',  ( -2.249999999999950706, 27.15695122800055472, -143.5006906090505368 ) ) ;
#27 = ORIENTED_EDGE ( 'NONE', *, *, #373, .F. ) ;
#28 = DIRECTION ( 'NONE',  ( -0.000000000000000000, -0.000000000000000000, 1.000000000000000000 ) ) ;
#29 = CARTESIAN_POINT ( 'NONE',  ( 25.75000000000000355, 3.153465507804435587E-15, -105.3823255125929279 ) ) ;
#30 = LINE ( 'NONE', #909, #237 ) ;
#31 = CARTESIAN_POINT ( 'NONE',  ( 0.000000000000000000, 0.000000000000000000, -169.5006906090505368 ) ) ;
#32 = EDGE_LOOP ( 'NONE', ( #1095, #1200, #690, #1120 ) ) ;
#33 = LINE ( 'NONE', #693, #577 ) ;
#34 = ADVANCED_FACE ( 'NONE', ( #1307, #462 ), #46, .F. ) ;
#35 = CIRCLE ( 'NONE', #62, 155.5000000000000000 ) ;
#36 = CARTESIAN_POINT ( 'NONE',  ( 27.15695122800054051, -2.249999999999999112, -169.5006906090504799 ) ) ;
#37 = CARTESIAN_POINT ( 'NONE',  ( 0.000000000000000000, 0.000000000000000000, -105.0137208240390407 ) ) ;
#38 = EDGE_CURVE ( 'NONE', #528, #1077, #1149, .T. ) ;
#39 = CARTESIAN_POINT ( 'NONE',  ( 27.15695122800054051, -2.250000000000000000, -143.5006906090505368 ) ) ;
#40 = VERTEX_POINT ( 'NONE', #479 ) ;
#41 = CARTESIAN_POINT ( 'NONE',  ( 0.000000000000000000, 0.000000000000000000, -103.6722247959645813 ) ) ;
#42 = APPROVAL_PERSON_ORGANIZATION ( #923, #241, #412 ) ;
#43 = AXIS2_PLACEMENT_3D ( 'NONE', #1293, #963, #1286 ) ;
#44 = FACE_OUTER_BOUND ( 'NONE', #938, .T. ) ;
#45 = APPROVAL_PERSON_ORGANIZATION ( #183, #985, #178 ) ;
#46 = PLANE ( 'NONE',  #376 ) ;
#47 = CARTESIAN_POINT ( 'NONE',  ( -5.878220060690882293E-15, 0.000000000000000000, -169.5006906090505368 ) ) ;
#48 = CIRCLE ( 'NONE', #1256, 25.75000000000001066 ) ;
#49 = ORIENTED_EDGE ( 'NONE', *, *, #960, .T. ) ;
#50 = LINE ( 'NONE', #160, #264 ) ;
#51 = AXIS2_PLACEMENT_3D ( 'NONE', #390, #177, #1368 ) ;
#52 = DIRECTION ( 'NONE',  ( -1.000000000000000000, 0.000000000000000000, 0.000000000000000000 ) ) ;
#53 = CIRCLE ( 'NONE', #660, 27.25000000000001066 ) ;
#54 = ORIENTED_EDGE ( 'NONE', *, *, #1386, .F. ) ;
#55 = DIRECTION ( 'NONE',  ( -1.000000000000000000, 0.000000000000000000, 0.000000000000000000 ) ) ;
#56 = ADVANCED_FACE ( 'NONE', ( #899 ), #1325, .F. ) ;
#57 = ORIENTED_EDGE ( 'NONE', *, *, #1193, .T. ) ;
#58 = DIRECTION ( 'NONE',  ( 1.000000000000000000, 0.000000000000000000, 0.000000000000000000 ) ) ;
#59 = EDGE_CURVE ( 'NONE', #548, #273, #374, .T. ) ;
#60 = CIRCLE ( 'NONE', #127, 25.50000000000000355 ) ;
#61 = DIRECTION ( 'NONE',  ( 1.000000000000000000, 0.000000000000000000, 0.000000000000000000 ) ) ;
#62 = AXIS2_PLACEMENT_3D ( 'NONE', #226, #1074, #1191 ) ;
#63 = CARTESIAN_POINT ( 'NONE',  ( 17.41669750802263295, 0.000000000000000000, 30.16660498395388856 ) ) ;
#64 = DIRECTION ( 'NONE',  ( 3.330669073875469621E-16, 0.000000000000000000, -1.000000000000000000 ) ) ;
#65 = ORIENTED_EDGE ( 'NONE', *, *, #467, .T. ) ;
#66 = CARTESIAN_POINT ( 'NONE',  ( -5.878220060690882293E-15, 0.000000000000000000, -105.3823255125929279 ) ) ;
#67 = DIRECTION ( 'NONE',  ( 0.000000000000000000, 1.000000000000000000, 0.000000000000000000 ) ) ;
#68 = LOCAL_TIME ( 0, 3, 33.00000000000000000, #1042 ) ;
#69 = CARTESIAN_POINT ( 'NONE',  ( -27.15695122800055472, -2.250000000000000000, -143.5006906090505368 ) ) ;
#70 = APPROVAL_STATUS ( 'not_yet_approved' ) ;
#71 = AXIS2_PLACEMENT_3D ( 'NONE', #646, #1303, #1057 ) ;
#72 = ORIENTED_EDGE ( 'NONE', *, *, #903, .T. ) ;
#73 = CARTESIAN_POINT ( 'NONE',  ( 27.25000000000001776, -2.250000000000000000, -169.5006906090505368 ) ) ;
#74 = ORIENTED_EDGE ( 'NONE', *, *, #102, .F. ) ;
#75 = ADVANCED_FACE ( 'NONE', ( #377 ), #188, .F. ) ;
#76 = FACE_OUTER_BOUND ( 'NONE', #207, .T. ) ;
#77 = VECTOR ( 'NONE', #20, 1000.000000000000000 ) ;
#78 = DIRECTION ( 'NONE',  ( 0.000000000000000000, 0.000000000000000000, 1.000000000000000000 ) ) ;
#79 = CALENDAR_DATE ( 2026, 16, 9 ) ;
#80 = ORIENTED_EDGE ( 'NONE', *, *, #604, .T. ) ;
#81 = CARTESIAN_POINT ( 'NONE',  ( -25.53892417275068638, 0.000000000000000000, -104.1852550109530711 ) ) ;
#82 = ORIENTED_EDGE ( 'NONE', *, *, #962, .T. ) ;
#83 = CARTESIAN_POINT ( 'NONE',  ( -25.65151067676133323, -2.249999999999999112, -169.5006906090504799 ) ) ;
#84 = CARTESIAN_POINT ( 'NONE',  ( 27.25000000000001776, 2.250000000000000000, -143.5006906090505368 ) ) ;
#85 = PERSON_AND_ORGANIZATION_ROLE ( 'design_owner' ) ;
#86 = EDGE_CURVE ( 'NONE', #749, #1108, #302, .T. ) ;
#87 = VECTOR ( 'NONE', #1059, 1000.000000000000000 ) ;
#88 = EDGE_LOOP ( 'NONE', ( #444, #680, #242, #300 ) ) ;
#89 = CARTESIAN_POINT ( 'NONE',  ( -2.249999999999950706, -25.65151067676133323, -143.5006906090505368 ) ) ;
#90 = ORIENTED_EDGE ( 'NONE', *, *, #503, .T. ) ;
#91 = CARTESIAN_POINT ( 'NONE',  ( -5.878220060690882293E-15, 0.000000000000000000, -169.5006906090504799 ) ) ;
#92 = COORDINATED_UNIVERSAL_TIME_OFFSET ( 1, 0, .AHEAD. ) ;
#93 = ORIENTED_EDGE ( 'NONE', *, *, #22, .T. ) ;
#94 = DIRECTION ( 'NONE',  ( 0.000000000000000000, 0.000000000000000000, 1.000000000000000000 ) ) ;
#95 = EDGE_LOOP ( 'NONE', ( #450, #940, #532, #571, #1050, #297, #1066, #1001, #380, #168, #280, #185 ) ) ;
#96 = DIRECTION ( 'NONE',  ( -0.8660254037844418162, 0.000000000000000000, 0.4999999999999944489 ) ) ;
#97 = MECHANICAL_CONTEXT ( 'NONE', #1147, 'mechanical' ) ;
#98 = ORIENTED_EDGE ( 'NONE', *, *, #165, .T. ) ;
#99 = ADVANCED_FACE ( 'NONE', ( #1140 ), #805, .T. ) ;
#100 = CARTESIAN_POINT ( 'NONE',  ( 25.65151067676131902, -2.250000000000000000, -169.5006906090505368 ) ) ;
#101 = VERTEX_POINT ( 'NONE', #313 ) ;
#102 = EDGE_CURVE ( 'NONE', #722, #340, #411, .T. ) ;
#103 = ADVANCED_FACE ( 'NONE', ( #702 ), #172, .F. ) ;
#104 = DIRECTION ( 'NONE',  ( 0.000000000000000000, 0.000000000000000000, 1.000000000000000000 ) ) ;
#105 = ORIENTED_EDGE ( 'NONE', *, *, #838, .T. ) ;
#106 = LINE ( 'NONE', #1064, #164 ) ;
#107 = AXIS2_PLACEMENT_3D ( 'NONE', #1090, #1285, #139 ) ;
#108 = ORIENTED_EDGE ( 'NONE', *, *, #1299, .F. ) ;
#109 = DIRECTION ( 'NONE',  ( 1.000000000000000000, 0.000000000000000000, 0.000000000000000000 ) ) ;
#110 = ORIENTED_EDGE ( 'NONE', *, *, #38, .F. ) ;
#111 = LINE ( 'NONE', #541, #1032 ) ;
#112 = AXIS2_PLACEMENT_3D ( 'NONE', #429, #1157, #849 ) ;
#113 = ORIENTED_EDGE ( 'NONE', *, *, #768, .F. ) ;
#114 = DIRECTION ( 'NONE',  ( 0.000000000000000000, -1.000000000000000000, 0.000000000000000000 ) ) ;
#115 = CIRCLE ( 'NONE', #1208, 27.25000000000000355 ) ;
#116 = ADVANCED_FACE ( 'NONE', ( #1242 ), #1259, .T. ) ;
#117 = AXIS2_PLACEMENT_3D ( 'NONE', #134, #477, #684 ) ;
#118 = ADVANCED_FACE ( 'NONE', ( #511 ), #658, .F. ) ;
#119 = PLANE ( 'NONE',  #908 ) ;
#120 = ORIENTED_EDGE ( 'NONE', *, *, #370, .T. ) ;
#121 = CARTESIAN_POINT ( 'NONE',  ( 5.645507082120987990E-14, 0.000000000000000000, -143.5006906090505368 ) ) ;
#122 = AXIS2_PLACEMENT_3D ( 'NONE', #421, #404, #612 ) ;
#123 = ORIENTED_EDGE ( 'NONE', *, *, #1296, .F. ) ;
#124 = VECTOR ( 'NONE', #416, 1000.000000000000114 ) ;
#125 = CARTESIAN_POINT ( 'NONE',  ( 2.250000000000048850, 27.15695122800054406, -143.5006906090505368 ) ) ;
#126 = CARTESIAN_POINT ( 'NONE',  ( 2.250000000000048850, 25.65151067676132257, -143.5006906090505368 ) ) ;
#127 = AXIS2_PLACEMENT_3D ( 'NONE', #1385, #425, #437 ) ;
#128 = ORIENTED_EDGE ( 'NONE', *, *, #338, .T. ) ;
#129 = ADVANCED_FACE ( 'NONE', ( #915 ), #1041, .F. ) ;
#130 = CARTESIAN_POINT ( 'NONE',  ( -27.15695122800055472, -2.250000000000000000, -169.5006906090505368 ) ) ;
#131 = VERTEX_POINT ( 'NONE', #1359 ) ;
#132 = FACE_OUTER_BOUND ( 'NONE', #239, .T. ) ;
#133 = CIRCLE ( 'NONE', #1155, 27.25000000000001066 ) ;
#134 = CARTESIAN_POINT ( 'NONE',  ( -5.878220060690882293E-15, 0.000000000000000000, -143.5006906090505368 ) ) ;
#135 = VERTEX_POINT ( 'NONE', #190 ) ;
#136 = LINE ( 'NONE', #957, #1284 ) ;
#137 = ORIENTED_EDGE ( 'NONE', *, *, #326, .F. ) ;
#138 = VECTOR ( 'NONE', #468, 1000.000000000000000 ) ;
#139 = DIRECTION ( 'NONE',  ( -0.8660254037844412611, 0.000000000000000000, 0.4999999999999955036 ) ) ;
#140 = CIRCLE ( 'NONE', #430, 3.500000000000003109 ) ;
#141 = CIRCLE ( 'NONE', #1068, 25.75000000000001066 ) ;
#142 = CARTESIAN_POINT ( 'NONE',  ( 5.645507082120987990E-14, 0.000000000000000000, -143.5006906090505368 ) ) ;
#143 = CARTESIAN_POINT ( 'NONE',  ( 0.000000000000000000, 0.000000000000000000, -169.5006906090505368 ) ) ;
#144 = DIRECTION ( 'NONE',  ( -1.000000000000000000, 0.000000000000000000, 0.000000000000000000 ) ) ;
#145 = VERTEX_POINT ( 'NONE', #69 ) ;
#146 = FACE_OUTER_BOUND ( 'NONE', #652, .T. ) ;
#147 = AXIS2_PLACEMENT_3D ( 'NONE', #270, #592, #1102 ) ;
#148 = EDGE_CURVE ( 'NONE', #1289, #987, #621, .T. ) ;
#149 = DIRECTION ( 'NONE',  ( 0.000000000000000000, 0.000000000000000000, -1.000000000000000000 ) ) ;
#150 = DIRECTION ( 'NONE',  ( -1.000000000000000000, 0.000000000000000000, -3.330669073875469621E-16 ) ) ;
#151 = DIRECTION ( 'NONE',  ( -0.000000000000000000, -0.000000000000000000, -1.000000000000000000 ) ) ;
#152 = ORIENTED_EDGE ( 'NONE', *, *, #628, .T. ) ;
#153 = CARTESIAN_POINT ( 'NONE',  ( 27.25000000000000355, 3.337162527676538704E-15, -169.5006906090504799 ) ) ;
#154 = PERSON ( 'UNSPECIFIED', 'UNSPECIFIED', 'UNSPECIFIED', ('UNSPECIFIED'), ('UNSPECIFIED'), ('UNSPECIFIED') ) ;
#155 = AXIS2_PLACEMENT_3D ( 'NONE', #792, #807, #1220 ) ;
#156 = DIRECTION ( 'NONE',  ( -1.000000000000000000, 0.000000000000000000, 0.000000000000000000 ) ) ;
#157 = CARTESIAN_POINT ( 'NONE',  ( 0.000000000000000000, 0.000000000000000000, -105.0137208240390407 ) ) ;
#158 = DIRECTION ( 'NONE',  ( 3.330669073875469621E-16, 0.000000000000000000, -1.000000000000000000 ) ) ;
#159 = ORIENTED_EDGE ( 'NONE', *, *, #820, .T. ) ;
#160 = CARTESIAN_POINT ( 'NONE',  ( 25.65151067676131902, -2.249999999999999112, -169.5006906090504799 ) ) ;
#161 = EDGE_CURVE ( 'NONE', #965, #1039, #1352, .T. ) ;
#162 = DIRECTION ( 'NONE',  ( 0.000000000000000000, 1.000000000000000000, 0.000000000000000000 ) ) ;
#163 = EDGE_CURVE ( 'NONE', #441, #40, #1142, .T. ) ;
#164 = VECTOR ( 'NONE', #451, 1000.000000000000000 ) ;
#165 = EDGE_CURVE ( 'NONE', #1249, #739, #1202, .T. ) ;
#166 = FACE_OUTER_BOUND ( 'NONE', #406, .T. ) ;
#167 = CARTESIAN_POINT ( 'NONE',  ( -5.878220060690882293E-15, 0.000000000000000000, -169.5006906090505368 ) ) ;
#168 = ORIENTED_EDGE ( 'NONE', *, *, #903, .F. ) ;
#169 = LINE ( 'NONE', #689, #625 ) ;
#170 = DIRECTION ( 'NONE',  ( -0.000000000000000000, -0.000000000000000000, 1.000000000000000000 ) ) ;
#171 = AXIS2_PLACEMENT_3D ( 'NONE', #1268, #1031, #521 ) ;
#172 = CYLINDRICAL_SURFACE ( 'NONE', #484, 25.75000000000001066 ) ;
#173 = CARTESIAN_POINT ( 'NONE',  ( -25.50000000000000355, 3.122849337825751406E-15, -34.83339501604546484 ) ) ;
#174 = ORIENTED_EDGE ( 'NONE', *, *, #856, .T. ) ;
#175 = DIRECTION ( 'NONE',  ( -1.000000000000000000, 0.000000000000000000, 0.000000000000000000 ) ) ;
#176 = DIRECTION ( 'NONE',  ( 1.224646799147353207E-16, 1.000000000000000000, -0.000000000000000000 ) ) ;
#177 = DIRECTION ( 'NONE',  ( 0.000000000000000000, 0.000000000000000000, 1.000000000000000000 ) ) ;
#178 = APPROVAL_ROLE ( '' ) ;
#179 = ORIENTED_EDGE ( 'NONE', *, *, #768, .T. ) ;
#180 = CARTESIAN_POINT ( 'NONE',  ( -24.39199796489159766, 0.000000000000000000, -101.0341011530795043 ) ) ;
#181 = VECTOR ( 'NONE', #748, 1000.000000000000114 ) ;
#182 = DIRECTION ( 'NONE',  ( 0.000000000000000000, 0.000000000000000000, 1.000000000000000000 ) ) ;
#183 = PERSON_AND_ORGANIZATION ( #154, #611 ) ;
#184 = LOCAL_TIME ( 0, 3, 33.00000000000000000, #295 ) ;
#185 = ORIENTED_EDGE ( 'NONE', *, *, #974, .F. ) ;
#186 = PLANE ( 'NONE',  #485 ) ;
#187 = DIRECTION ( 'NONE',  ( 0.3420201433256677137, 4.188538737676980055E-17, -0.9396926207859087610 ) ) ;
#188 = TOROIDAL_SURFACE ( 'NONE', #122, 30.50000000000000711, 5.000000000000000000 ) ;
#189 = AXIS2_PLACEMENT_3D ( 'NONE', #764, #334, #445 ) ;
#190 = CARTESIAN_POINT ( 'NONE',  ( -25.65151067676133678, 2.250000000000000000, -143.5006906090505368 ) ) ;
#191 = PERSON_AND_ORGANIZATION ( #154, #611 ) ;
#192 = ORIENTED_EDGE ( 'NONE', *, *, #310, .F. ) ;
#193 = ORIENTED_EDGE ( 'NONE', *, *, #1173, .T. ) ;
#194 = FACE_OUTER_BOUND ( 'NONE', #95, .T. ) ;
#195 = PERSON_AND_ORGANIZATION_ROLE ( 'design_supplier' ) ;
#196 = EDGE_CURVE ( 'NONE', #1249, #540, #1333, .T. ) ;
#197 = VERTEX_POINT ( 'NONE', #597 ) ;
#198 = CARTESIAN_POINT ( 'NONE',  ( 27.25000000000001776, 2.250000000000000000, -169.5006906090505368 ) ) ;
#199 = EDGE_CURVE ( 'NONE', #1390, #1112, #379, .T. ) ;
#200 = CARTESIAN_POINT ( 'NONE',  ( 25.65151067676131902, -2.250000000000000000, -143.5006906090505368 ) ) ;
#201 = PERSON_AND_ORGANIZATION ( #154, #611 ) ;
#202 = ADVANCED_FACE ( 'NONE', ( #194 ), #1048, .T. ) ;
#203 = ORIENTED_EDGE ( 'NONE', *, *, #926, .F. ) ;
#204 = CARTESIAN_POINT ( 'NONE',  ( -25.80153689607045919, 0.000000000000000000, -100.5210709380910146 ) ) ;
#205 = DIRECTION ( 'NONE',  ( -0.000000000000000000, 0.000000000000000000, -1.000000000000000000 ) ) ;
#206 = AXIS2_PLACEMENT_3D ( 'NONE', #851, #1189, #867 ) ;
#207 = EDGE_LOOP ( 'NONE', ( #821, #911, #482, #542 ) ) ;
#208 = DIRECTION ( 'NONE',  ( -1.000000000000000000, 0.000000000000000000, 0.000000000000000000 ) ) ;
#209 = ORIENTED_EDGE ( 'NONE', *, *, #59, .T. ) ;
#210 = CARTESIAN_POINT ( 'NONE',  ( 27.24999999999998224, 3.337162527676535548E-15, -104.5006906090505368 ) ) ;
#211 = CARTESIAN_POINT ( 'NONE',  ( -5.878220060690882293E-15, 0.000000000000000000, -143.5006906090505368 ) ) ;
#212 = VERTEX_POINT ( 'NONE', #832 ) ;
#213 = LINE ( 'NONE', #432, #1171 ) ;
#214 = CIRCLE ( 'NONE', #688, 27.25000000000001066 ) ;
#215 = ADVANCED_FACE ( 'NONE', ( #1271 ), #119, .T. ) ;
#216 = EDGE_LOOP ( 'NONE', ( #1086, #1106 ) ) ;
#217 = FACE_OUTER_BOUND ( 'NONE', #536, .T. ) ;
#218 = EDGE_CURVE ( 'NONE', #711, #255, #60, .T. ) ;
#219 = ADVANCED_FACE ( 'NONE', ( #633 ), #311, .T. ) ;
#220 = CARTESIAN_POINT ( 'NONE',  ( 0.000000000000000000, 0.000000000000000000, -34.83339501604545774 ) ) ;
#221 = ORIENTED_EDGE ( 'NONE', *, *, #949, .F. ) ;
#222 = CARTESIAN_POINT ( 'NONE',  ( -27.25000000000001776, 0.000000000000000000, -105.3823255125929279 ) ) ;
#223 = EDGE_CURVE ( 'NONE', #818, #1184, #546, .T. ) ;
#224 = AXIS2_PLACEMENT_3D ( 'NONE', #1301, #644, #96 ) ;
#225 = ORIENTED_EDGE ( 'NONE', *, *, #1180, .F. ) ;
#226 = CARTESIAN_POINT ( 'NONE',  ( 130.0000000000000000, 0.000000000000000000, -34.83339501604551458 ) ) ;
#227 = LOCAL_TIME ( 0, 3, 33.00000000000000000, #607 ) ;
#228 = AXIS2_PLACEMENT_3D ( 'NONE', #708, #1132, #914 ) ;
#229 = ADVANCED_FACE ( 'NONE', ( #638 ), #238, .T. ) ;
#230 = DIRECTION ( 'NONE',  ( 0.000000000000000000, -1.000000000000000000, 0.000000000000000000 ) ) ;
#231 = ORIENTED_EDGE ( 'NONE', *, *, #196, .F. ) ;
#232 = LINE ( 'NONE', #240, #350 ) ;
#233 = ORIENTED_EDGE ( 'NONE', *, *, #1237, .F. ) ;
#234 = CIRCLE ( 'NONE', #420, 25.50000000000000355 ) ;
#235 = CARTESIAN_POINT ( 'NONE',  ( 27.25000000000001776, -2.250000000000000000, -143.5006906090505368 ) ) ;
#236 = CARTESIAN_POINT ( 'NONE',  ( -5.878220060690882293E-15, 0.000000000000000000, -169.5006906090505368 ) ) ;
#237 = VECTOR ( 'NONE', #457, 1000.000000000000000 ) ;
#238 = TOROIDAL_SURFACE ( 'NONE', #1151, 22.25000000000000711, 5.000000000000000000 ) ;
#239 = EDGE_LOOP ( 'NONE', ( #233, #1099, #1283, #1246 ) ) ;
#240 = CARTESIAN_POINT ( 'NONE',  ( -2.249999999999949818, 25.65151067676132968, -169.5006906090504799 ) ) ;
#241 = APPROVAL ( #1369, 'UNSPECIFIED' ) ;
#242 = ORIENTED_EDGE ( 'NONE', *, *, #481, .F. ) ;
#243 = CARTESIAN_POINT ( 'NONE',  ( 5.645507082120987990E-14, 0.000000000000000000, -143.5006906090505368 ) ) ;
#244 = DIRECTION ( 'NONE',  ( 0.000000000000000000, 0.000000000000000000, 1.000000000000000000 ) ) ;
#245 = EDGE_CURVE ( 'NONE', #523, #1046, #424, .T. ) ;
#246 = ORIENTED_EDGE ( 'NONE', *, *, #452, .T. ) ;
#247 = DIRECTION ( 'NONE',  ( -1.000000000000000000, 0.000000000000000000, 0.000000000000000000 ) ) ;
#248 = EDGE_CURVE ( 'NONE', #1077, #528, #1380, .T. ) ;
#249 = ORIENTED_EDGE ( 'NONE', *, *, #960, .F. ) ;
#250 = CARTESIAN_POINT ( 'NONE',  ( -25.84046106882112070, 0.000000000000000000, -105.0137208240390407 ) ) ;
#251 = VECTOR ( 'NONE', #1176, 1000.000000000000000 ) ;
#252 = DIRECTION ( 'NONE',  ( -0.8660254037844418162, 0.000000000000000000, 0.4999999999999945044 ) ) ;
#253 = EDGE_LOOP ( 'NONE', ( #852, #496, #1146, #834 ) ) ;
#254 = CARTESIAN_POINT ( 'NONE',  ( 30.50000000000000711, 0.000000000000000000, -98.81097022146268216 ) ) ;
#255 = VERTEX_POINT ( 'NONE', #531 ) ;
#256 = DIRECTION ( 'NONE',  ( 0.000000000000000000, 0.000000000000000000, 1.000000000000000000 ) ) ;
#257 = CIRCLE ( 'NONE', #726, 25.75000000000001066 ) ;
#258 = CARTESIAN_POINT ( 'NONE',  ( -22.25000000000001066, 2.724839128102861780E-15, -105.3823255125929279 ) ) ;
#259 = FACE_OUTER_BOUND ( 'NONE', #526, .T. ) ;
#260 = FACE_OUTER_BOUND ( 'NONE', #1294, .T. ) ;
#261 = ORIENTED_EDGE ( 'NONE', *, *, #579, .F. ) ;
#262 = CARTESIAN_POINT ( 'NONE',  ( -3.367912182803956878, 2.939152317953649078E-15, 42.16660498395369672 ) ) ;
#263 = EDGE_CURVE ( 'NONE', #617, #576, #822, .T. ) ;
#264 = VECTOR ( 'NONE', #572, 1000.000000000000000 ) ;
#265 = EDGE_CURVE ( 'NONE', #399, #473, #586, .T. ) ;
#266 = CARTESIAN_POINT ( 'NONE',  ( 26.94846310392954791, 3.300234908216786914E-15, -103.6722247959645813 ) ) ;
#267 = DIRECTION ( 'NONE',  ( -0.8660254037844418162, 0.000000000000000000, 0.4999999999999944489 ) ) ;
#268 = PLANE ( 'NONE',  #565 ) ;
#269 = ORIENTED_EDGE ( 'NONE', *, *, #655, .T. ) ;
#270 = CARTESIAN_POINT ( 'NONE',  ( -5.878220060690882293E-15, 0.000000000000000000, -169.5006906090505368 ) ) ;
#271 = CARTESIAN_POINT ( 'NONE',  ( 2.250000000000048850, 27.24999999999999645, -143.5006906090505368 ) ) ;
#272 = EDGE_CURVE ( 'NONE', #663, #562, #1279, .T. ) ;
#273 = VERTEX_POINT ( 'NONE', #200 ) ;
#274 = FACE_OUTER_BOUND ( 'NONE', #637, .T. ) ;
#275 = ORIENTED_EDGE ( 'NONE', *, *, #163, .F. ) ;
#276 = LINE ( 'NONE', #888, #315 ) ;
#277 = CARTESIAN_POINT ( 'NONE',  ( 27.25000000000000355, 3.337162527676538704E-15, -143.5006906090505368 ) ) ;
#278 = DIRECTION ( 'NONE',  ( 0.000000000000000000, -1.000000000000000000, 0.000000000000000000 ) ) ;
#279 = PERSON_AND_ORGANIZATION_ROLE ( 'classification_officer' ) ;
#280 = ORIENTED_EDGE ( 'NONE', *, *, #373, .T. ) ;
#281 = DIRECTION ( 'NONE',  ( 0.000000000000000000, 0.000000000000000000, 1.000000000000000000 ) ) ;
#282 = CC_DESIGN_PERSON_AND_ORGANIZATION_ASSIGNMENT ( #1126, #719, ( #1122 ) ) ;
#283 = DIRECTION ( 'NONE',  ( 1.000000000000000000, 0.000000000000000000, 0.000000000000000000 ) ) ;
#284 = VECTOR ( 'NONE', #28, 1000.000000000000000 ) ;
#285 = EDGE_CURVE ( 'NONE', #1058, #197, #892, .T. ) ;
#286 = DIRECTION ( 'NONE',  ( 1.000000000000000000, 0.000000000000000000, 0.000000000000000000 ) ) ;
#287 = CARTESIAN_POINT ( 'NONE',  ( 27.25000000000000355, 3.337162527676538704E-15, -105.3823255125929279 ) ) ;
#288 = ORIENTED_EDGE ( 'NONE', *, *, #1018, .F. ) ;
#289 = DIRECTION ( 'NONE',  ( 0.000000000000000000, 0.000000000000000000, -1.000000000000000000 ) ) ;
#290 = ADVANCED_FACE ( 'NONE', ( #553 ), #1069, .F. ) ;
#291 = DIRECTION ( 'NONE',  ( 1.224646799147353207E-16, 1.000000000000000000, -0.000000000000000000 ) ) ;
#292 = CC_DESIGN_SECURITY_CLASSIFICATION ( #587, ( #1137 ) ) ;
#293 = AXIS2_PLACEMENT_3D ( 'NONE', #1062, #951, #109 ) ;
#294 = DIRECTION ( 'NONE',  ( -1.000000000000000000, 1.224646799147352961E-16, 0.000000000000000000 ) ) ;
#295 = COORDINATED_UNIVERSAL_TIME_OFFSET ( 1, 0, .AHEAD. ) ;
#296 = CONICAL_SURFACE ( 'NONE', #741, 27.24999999999998224, 0.3490658503988648409 ) ;
#297 = ORIENTED_EDGE ( 'NONE', *, *, #1254, .F. ) ;
#298 = CARTESIAN_POINT ( 'NONE',  ( 61.63174251267022896, 2.939152317953649078E-15, 154.7493093909494632 ) ) ;
#299 = CIRCLE ( 'NONE', #544, 4.999999999999997335 ) ;
#300 = ORIENTED_EDGE ( 'NONE', *, *, #539, .F. ) ;
#301 = DIRECTION ( 'NONE',  ( -0.000000000000000000, -0.000000000000000000, 1.000000000000000000 ) ) ;
#302 = CIRCLE ( 'NONE', #830, 24.00000000000000355 ) ;
#303 = ADVANCED_FACE ( 'NONE', ( #538 ), #855, .T. ) ;
#304 = AXIS2_PLACEMENT_3D ( 'NONE', #400, #1037, #322 ) ;
#305 = DIRECTION ( 'NONE',  ( -0.000000000000000000, -0.000000000000000000, -1.000000000000000000 ) ) ;
#306 =( NAMED_UNIT ( * ) SI_UNIT ( $, .STERADIAN. ) SOLID_ANGLE_UNIT ( ) );
#307 = ORIENTED_EDGE ( 'NONE', *, *, #870, .F. ) ;
#308 = DIRECTION ( 'NONE',  ( -0.8660254037844418162, 0.000000000000000000, 0.4999999999999945044 ) ) ;
#309 = ORIENTED_EDGE ( 'NONE', *, *, #436, .F. ) ;
#310 = EDGE_CURVE ( 'NONE', #924, #981, #762, .T. ) ;
#311 = TOROIDAL_SURFACE ( 'NONE', #1082, 30.50000000000000711, 6.500000000000000888 ) ;
#312 = EDGE_CURVE ( 'NONE', #965, #101, #871, .T. ) ;
#313 = CARTESIAN_POINT ( 'NONE',  ( -2.249999999999950706, -25.65151067676133323, -169.5006906090505368 ) ) ;
#314 = CARTESIAN_POINT ( 'NONE',  ( 0.000000000000000000, 0.000000000000000000, 0.000000000000000000 ) ) ;
#315 = VECTOR ( 'NONE', #895, 1000.000000000000000 ) ;
#316 = ORIENTED_EDGE ( 'NONE', *, *, #263, .F. ) ;
#317 = DIRECTION ( 'NONE',  ( -0.000000000000000000, -0.000000000000000000, -1.000000000000000000 ) ) ;
#318 = VECTOR ( 'NONE', #456, 1000.000000000000114 ) ;
#319 = DIRECTION ( 'NONE',  ( -1.000000000000000000, 0.000000000000000000, 0.000000000000000000 ) ) ;
#320 = CIRCLE ( 'NONE', #918, 25.75000000000001066 ) ;
#321 = EDGE_LOOP ( 'NONE', ( #559, #977, #120, #1226 ) ) ;
#322 = DIRECTION ( 'NONE',  ( 0.000000000000000000, 0.000000000000000000, 1.000000000000000000 ) ) ;
#323 = AXIS2_PLACEMENT_3D ( 'NONE', #801, #472, #480 ) ;
#324 = ORIENTED_EDGE ( 'NONE', *, *, #500, .F. ) ;
#325 = CARTESIAN_POINT ( 'NONE',  ( 39.50034530452590786, 0.000000000000000000, 17.41660498395394896 ) ) ;
#326 = EDGE_CURVE ( 'NONE', #845, #1260, #715, .T. ) ;
#327 = CIRCLE ( 'NONE', #1351, 25.80153689607045919 ) ;
#328 = ORIENTED_EDGE ( 'NONE', *, *, #161, .T. ) ;
#329 = PLANE ( 'NONE',  #1098 ) ;
#330 = ORIENTED_EDGE ( 'NONE', *, *, #263, .T. ) ;
#331 = CARTESIAN_POINT ( 'NONE',  ( 27.15695122800053696, 2.250000000000000000, -169.5006906090505368 ) ) ;
#332 = DIRECTION ( 'NONE',  ( -0.000000000000000000, -0.000000000000000000, -1.000000000000000000 ) ) ;
#333 = ORIENTED_EDGE ( 'NONE', *, *, #1103, .F. ) ;
#334 = DIRECTION ( 'NONE',  ( -0.000000000000000000, -0.000000000000000000, -1.000000000000000000 ) ) ;
#335 = AXIS2_PLACEMENT_3D ( 'NONE', #363, #1340, #1214 ) ;
#336 = ORIENTED_EDGE ( 'NONE', *, *, #799, .T. ) ;
#337 = LINE ( 'NONE', #1185, #884 ) ;
#338 = EDGE_CURVE ( 'NONE', #473, #523, #140, .T. ) ;
#339 = CARTESIAN_POINT ( 'NONE',  ( 0.000000000000000000, 0.000000000000000000, -104.1852550109530711 ) ) ;
#340 = VERTEX_POINT ( 'NONE', #126 ) ;
#341 = CARTESIAN_POINT ( 'NONE',  ( 25.50000000000000355, 0.000000000000000000, -169.5006906090505368 ) ) ;
#342 = VERTEX_POINT ( 'NONE', #999 ) ;
#343 = CARTESIAN_POINT ( 'NONE',  ( 17.41669750802264716, 0.000000000000000000, 30.16660498395382106 ) ) ;
#344 = AXIS2_PLACEMENT_3D ( 'NONE', #697, #64, #891 ) ;
#345 = CARTESIAN_POINT ( 'NONE',  ( 0.000000000000000000, 0.000000000000000000, -34.83339501604545774 ) ) ;
#346 = EDGE_LOOP ( 'NONE', ( #357, #931, #948, #828, #667, #1101, #1127, #725, #74, #1314, #812, #1297 ) ) ;
#347 = CARTESIAN_POINT ( 'NONE',  ( 17.41669750802264716, 0.000000000000000000, 30.16660498395382106 ) ) ;
#348 = PRODUCT ( '79-8467 - 51mm 30deg', '79-8467 - 51mm 30deg', '', ( #97 ) ) ;
#349 = ORIENTED_EDGE ( 'NONE', *, *, #59, .F. ) ;
#350 = VECTOR ( 'NONE', #458, 1000.000000000000000 ) ;
#351 = CARTESIAN_POINT ( 'NONE',  ( 30.50000000000000711, 0.000000000000000000, -98.81097022146268216 ) ) ;
#352 = EDGE_CURVE ( 'NONE', #987, #1053, #787, .T. ) ;
#353 = PLANE ( 'NONE',  #675 ) ;
#354 = EDGE_CURVE ( 'NONE', #1056, #1053, #359, .T. ) ;
#355 = ORIENTED_EDGE ( 'NONE', *, *, #1300, .T. ) ;
#356 = DIRECTION ( 'NONE',  ( 0.8660254037844415942, 0.000000000000000000, -0.4999999999999948930 ) ) ;
#357 = ORIENTED_EDGE ( 'NONE', *, *, #22, .F. ) ;
#358 = CARTESIAN_POINT ( 'NONE',  ( -25.65151067676133323, 2.249999999999999112, -169.5006906090504799 ) ) ;
#359 = LINE ( 'NONE', #897, #847 ) ;
#360 = CARTESIAN_POINT ( 'NONE',  ( 82.41635220349681390, 0.000000000000000000, 142.7493093909496054 ) ) ;
#361 = DIRECTION ( 'NONE',  ( 3.330669073875469621E-16, 0.000000000000000000, -1.000000000000000000 ) ) ;
#362 = ORIENTED_EDGE ( 'NONE', *, *, #949, .T. ) ;
#363 = CARTESIAN_POINT ( 'NONE',  ( 0.000000000000000000, 0.000000000000000000, -98.81097022146268216 ) ) ;
#364 = LOCAL_TIME ( 0, 3, 33.00000000000000000, #1029 ) ;
#365 = DIRECTION ( 'NONE',  ( 0.000000000000000000, 0.000000000000000000, -1.000000000000000000 ) ) ;
#366 = AXIS2_PLACEMENT_3D ( 'NONE', #461, #1207, #882 ) ;
#367 = DIRECTION ( 'NONE',  ( -1.000000000000000000, 0.000000000000000000, 0.000000000000000000 ) ) ;
#368 = PLANE ( 'NONE',  #894 ) ;
#369 = ADVANCED_FACE ( 'NONE', ( #24 ), #353, .T. ) ;
#370 = EDGE_CURVE ( 'NONE', #1390, #441, #1162, .T. ) ;
#371 = ORIENTED_EDGE ( 'NONE', *, *, #860, .T. ) ;
#372 = PLANE ( 'NONE',  #155 ) ;
#373 = EDGE_CURVE ( 'NONE', #815, #1304, #1223, .T. ) ;
#374 = CIRCLE ( 'NONE', #419, 25.75000000000001066 ) ;
#375 = VECTOR ( 'NONE', #1355, 1000.000000000000000 ) ;
#376 = AXIS2_PLACEMENT_3D ( 'NONE', #360, #878, #1008 ) ;
#377 = FACE_OUTER_BOUND ( 'NONE', #763, .T. ) ;
#378 = FACE_OUTER_BOUND ( 'NONE', #1267, .T. ) ;
#379 = CIRCLE ( 'NONE', #489, 27.25000000000001066 ) ;
#380 = ORIENTED_EDGE ( 'NONE', *, *, #352, .T. ) ;
#381 = LINE ( 'NONE', #153, #1045 ) ;
#382 = EDGE_CURVE ( 'NONE', #490, #385, #320, .T. ) ;
#383 = VECTOR ( 'NONE', #187, 1000.000000000000114 ) ;
#384 = PLANE ( 'NONE',  #228 ) ;
#385 = VERTEX_POINT ( 'NONE', #1006 ) ;
#386 = ORIENTED_EDGE ( 'NONE', *, *, #503, .F. ) ;
#387 = CARTESIAN_POINT ( 'NONE',  ( -27.15695122800055472, 2.250000000000000000, -169.5006906090505368 ) ) ;
#388 = CARTESIAN_POINT ( 'NONE',  ( -27.15695122800055472, 2.250000000000000000, -143.5006906090505368 ) ) ;
#389 = VECTOR ( 'NONE', #900, 1000.000000000000000 ) ;
#390 = CARTESIAN_POINT ( 'NONE',  ( -2.939110030345441147E-15, 0.000000000000000000, -105.3823255125929279 ) ) ;
#391 = CALENDAR_DATE ( 2026, 16, 9 ) ;
#392 = ORIENTED_EDGE ( 'NONE', *, *, #338, .F. ) ;
#393 = FACE_OUTER_BOUND ( 'NONE', #453, .T. ) ;
#394 = AXIS2_PLACEMENT_3D ( 'NONE', #1227, #1116, #256 ) ;
#395 = CARTESIAN_POINT ( 'NONE',  ( 0.000000000000000000, 0.000000000000000000, -169.5006906090505368 ) ) ;
#396 = DIRECTION ( 'NONE',  ( -0.000000000000000000, -1.000000000000000000, -0.000000000000000000 ) ) ;
#397 = PERSON_AND_ORGANIZATION ( #154, #611 ) ;
#398 = EDGE_CURVE ( 'NONE', #1025, #40, #678, .T. ) ;
#399 = VERTEX_POINT ( 'NONE', #775 ) ;
#400 = CARTESIAN_POINT ( 'NONE',  ( 130.0000000000000000, 0.000000000000000000, -34.83339501604551458 ) ) ;
#401 = ORIENTED_EDGE ( 'NONE', *, *, #148, .F. ) ;
#402 = CARTESIAN_POINT ( 'NONE',  ( 27.25000000000001776, 2.250000000000000000, -143.5006906090505368 ) ) ;
#403 = AXIS2_PLACEMENT_3D ( 'NONE', #343, #1178, #1290 ) ;
#404 = DIRECTION ( 'NONE',  ( 0.000000000000000000, 0.000000000000000000, 1.000000000000000000 ) ) ;
#405 = DATE_TIME_ROLE ( 'creation_date' ) ;
#406 = EDGE_LOOP ( 'NONE', ( #699, #791, #568, #954 ) ) ;
#407 = DIRECTION ( 'NONE',  ( 0.000000000000000000, -1.000000000000000000, 0.000000000000000000 ) ) ;
#408 = UNCERTAINTY_MEASURE_WITH_UNIT (LENGTH_MEASURE( 1.000000000000000082E-05 ), #710, 'distance_accuracy_value', 'NONE');
#409 = ORIENTED_EDGE ( 'NONE', *, *, #452, .F. ) ;
#410 = DIRECTION ( 'NONE',  ( -0.4999999999999946154, 0.000000000000000000, -0.8660254037844419273 ) ) ;
#411 = LINE ( 'NONE', #518, #1192 ) ;
#412 = APPROVAL_ROLE ( '' ) ;
#413 = CIRCLE ( 'NONE', #1253, 6.500000000000005329 ) ;
#414 = VERTEX_POINT ( 'NONE', #1306 ) ;
#415 = EDGE_CURVE ( 'NONE', #758, #135, #499, .T. ) ;
#416 = DIRECTION ( 'NONE',  ( 0.3420201433256677137, 4.188538737676980055E-17, -0.9396926207859087610 ) ) ;
#417 = CIRCLE ( 'NONE', #1138, 24.00000000000000355 ) ;
#418 = EDGE_CURVE ( 'NONE', #981, #385, #1312, .T. ) ;
#419 = AXIS2_PLACEMENT_3D ( 'NONE', #1229, #1328, #696 ) ;
#420 = AXIS2_PLACEMENT_3D ( 'NONE', #624, #615, #630 ) ;
#421 = CARTESIAN_POINT ( 'NONE',  ( 0.000000000000000000, 0.000000000000000000, -98.81097022146268216 ) ) ;
#422 = ORIENTED_EDGE ( 'NONE', *, *, #1264, .T. ) ;
#423 = LINE ( 'NONE', #844, #1038 ) ;
#424 = CIRCLE ( 'NONE', #836, 25.53892417275068638 ) ;
#425 = DIRECTION ( 'NONE',  ( 0.000000000000000000, 0.000000000000000000, 1.000000000000000000 ) ) ;
#426 = ORIENTED_EDGE ( 'NONE', *, *, #842, .T. ) ;
#427 = CARTESIAN_POINT ( 'NONE',  ( 2.250000000000048850, -27.15695122800053340, -169.5006906090505368 ) ) ;
#428 = EDGE_LOOP ( 'NONE', ( #927, #1130, #275, #744 ) ) ;
#429 = CARTESIAN_POINT ( 'NONE',  ( -5.878220060690882293E-15, 0.000000000000000000, -105.3823255125929279 ) ) ;
#430 = AXIS2_PLACEMENT_3D ( 'NONE', #1187, #230, #1076 ) ;
#431 = ORIENTED_EDGE ( 'NONE', *, *, #970, .T. ) ;
#432 = CARTESIAN_POINT ( 'NONE',  ( 2.250000000000048850, 27.24999999999999645, -143.5006906090505368 ) ) ;
#433 = ORIENTED_EDGE ( 'NONE', *, *, #481, .T. ) ;
#434 = LINE ( 'NONE', #6, #1083 ) ;
#435 = TOROIDAL_SURFACE ( 'NONE', #827, 130.0000000000000000, 25.50000000000000355 ) ;
#436 = EDGE_CURVE ( 'NONE', #663, #1, #1091, .T. ) ;
#437 = DIRECTION ( 'NONE',  ( 1.000000000000000000, 0.000000000000000000, 0.000000000000000000 ) ) ;
#438 = VECTOR ( 'NONE', #556, 1000.000000000000000 ) ;
#439 = ORIENTED_EDGE ( 'NONE', *, *, #1211, .F. ) ;
#440 = CARTESIAN_POINT ( 'NONE',  ( -24.00000000000000355, 2.939152317953648289E-15, -98.81097022146268216 ) ) ;
#441 = VERTEX_POINT ( 'NONE', #266 ) ;
#442 = CARTESIAN_POINT ( 'NONE',  ( 0.000000000000000000, 0.000000000000000000, -169.5006906090505368 ) ) ;
#443 = DIRECTION ( 'NONE',  ( -1.000000000000000000, 0.000000000000000000, 0.000000000000000000 ) ) ;
#444 = ORIENTED_EDGE ( 'NONE', *, *, #165, .F. ) ;
#445 = DIRECTION ( 'NONE',  ( -1.000000000000000000, 0.000000000000000000, 0.000000000000000000 ) ) ;
#446 = VECTOR ( 'NONE', #1240, 1000.000000000000114 ) ;
#447 = ORIENTED_EDGE ( 'NONE', *, *, #272, .T. ) ;
#448 = LINE ( 'NONE', #875, #797 ) ;
#449 = CARTESIAN_POINT ( 'NONE',  ( 0.000000000000000000, 0.000000000000000000, -98.81097022146268216 ) ) ;
#450 = ORIENTED_EDGE ( 'NONE', *, *, #840, .F. ) ;
#451 = DIRECTION ( 'NONE',  ( -0.000000000000000000, -0.000000000000000000, 1.000000000000000000 ) ) ;
#452 = EDGE_CURVE ( 'NONE', #893, #591, #1221, .T. ) ;
#453 = EDGE_LOOP ( 'NONE', ( #1313, #673, #333, #1383 ) ) ;
#454 = FACE_OUTER_BOUND ( 'NONE', #887, .T. ) ;
#455 = ADVANCED_FACE ( 'NONE', ( #889 ), #435, .T. ) ;
#456 = DIRECTION ( 'NONE',  ( -0.3420201433256677137, 0.000000000000000000, -0.9396926207859087610 ) ) ;
#457 = DIRECTION ( 'NONE',  ( -0.000000000000000000, -0.000000000000000000, -1.000000000000000000 ) ) ;
#458 = DIRECTION ( 'NONE',  ( 0.000000000000000000, 0.000000000000000000, 1.000000000000000000 ) ) ;
#459 = VERTEX_POINT ( 'NONE', #580 ) ;
#460 = CARTESIAN_POINT ( 'NONE',  ( 39.50034530452592207, 0.000000000000000000, 17.41660498395398093 ) ) ;
#461 = CARTESIAN_POINT ( 'NONE',  ( -5.878220060690882293E-15, 0.000000000000000000, -143.5006906090505368 ) ) ;
#462 = FACE_OUTER_BOUND ( 'NONE', #866, .T. ) ;
#463 = CYLINDRICAL_SURFACE ( 'NONE', #1278, 25.50000000000000355 ) ;
#464 = ORIENTED_EDGE ( 'NONE', *, *, #618, .F. ) ;
#465 = CIRCLE ( 'NONE', #979, 106.0000000000000000 ) ;
#466 = CARTESIAN_POINT ( 'NONE',  ( 25.50000000000000355, 0.000000000000000000, -34.83339501604545063 ) ) ;
#467 = EDGE_CURVE ( 'NONE', #399, #1046, #1394, .T. ) ;
#468 = DIRECTION ( 'NONE',  ( -0.000000000000000000, -1.000000000000000000, -0.000000000000000000 ) ) ;
#469 = ADVANCED_FACE ( 'NONE', ( #44 ), #1212, .T. ) ;
#470 = EDGE_CURVE ( 'NONE', #1370, #540, #1033, .T. ) ;
#471 = DIRECTION ( 'NONE',  ( -0.000000000000000000, -0.000000000000000000, -1.000000000000000000 ) ) ;
#472 = DIRECTION ( 'NONE',  ( 0.000000000000000000, 0.000000000000000000, 1.000000000000000000 ) ) ;
#473 = VERTEX_POINT ( 'NONE', #29 ) ;
#474 = DIRECTION ( 'NONE',  ( 3.330669073875469621E-16, 0.000000000000000000, -1.000000000000000000 ) ) ;
#475 = AXIS2_PLACEMENT_3D ( 'NONE', #997, #590, #1218 ) ;
#476 = EDGE_CURVE ( 'NONE', #1289, #965, #964, .T. ) ;
#477 = DIRECTION ( 'NONE',  ( 0.000000000000000000, 0.000000000000000000, -1.000000000000000000 ) ) ;
#478 = VECTOR ( 'NONE', #1022, 1000.000000000000000 ) ;
#479 = CARTESIAN_POINT ( 'NONE',  ( -26.94846310392954791, 0.000000000000000000, -103.6722247959645813 ) ) ;
#480 = DIRECTION ( 'NONE',  ( 1.000000000000000000, 0.000000000000000000, 0.000000000000000000 ) ) ;
#481 = EDGE_CURVE ( 'NONE', #197, #1058, #417, .T. ) ;
#482 = ORIENTED_EDGE ( 'NONE', *, *, #539, .T. ) ;
#483 = DIRECTION ( 'NONE',  ( -0.4999999999999946154, 0.000000000000000000, -0.8660254037844419273 ) ) ;
#484 = AXIS2_PLACEMENT_3D ( 'NONE', #1345, #504, #1125 ) ;
#485 = AXIS2_PLACEMENT_3D ( 'NONE', #529, #407, #609 ) ;
#486 = DIRECTION ( 'NONE',  ( 0.000000000000000000, 1.000000000000000000, 0.000000000000000000 ) ) ;
#487 = FACE_OUTER_BOUND ( 'NONE', #32, .T. ) ;
#488 = CARTESIAN_POINT ( 'NONE',  ( -5.878220060690882293E-15, 0.000000000000000000, -169.5006906090505368 ) ) ;
#489 = AXIS2_PLACEMENT_3D ( 'NONE', #1258, #305, #1150 ) ;
#490 = VERTEX_POINT ( 'NONE', #610 ) ;
#491 = DIRECTION ( 'NONE',  ( -0.000000000000000000, -0.000000000000000000, -1.000000000000000000 ) ) ;
#492 = AXIS2_PLACEMENT_3D ( 'NONE', #585, #1324, #578 ) ;
#493 = ADVANCED_FACE ( 'NONE', ( #76 ), #605, .F. ) ;
#494 = DIRECTION ( 'NONE',  ( 0.000000000000000000, 0.000000000000000000, -1.000000000000000000 ) ) ;
#495 = CARTESIAN_POINT ( 'NONE',  ( 5.645507082120987990E-14, 0.000000000000000000, -143.5006906090505368 ) ) ;
#496 = ORIENTED_EDGE ( 'NONE', *, *, #86, .T. ) ;
#497 = DIRECTION ( 'NONE',  ( -0.000000000000000000, -0.000000000000000000, -1.000000000000000000 ) ) ;
#498 = EDGE_CURVE ( 'NONE', #255, #1025, #299, .T. ) ;
#499 = CIRCLE ( 'NONE', #1344, 25.75000000000001066 ) ;
#500 = EDGE_CURVE ( 'NONE', #1156, #562, #1322, .T. ) ;
#501 = DIRECTION ( 'NONE',  ( -0.000000000000000000, -0.000000000000000000, -1.000000000000000000 ) ) ;
#502 = AXIS2_PLACEMENT_3D ( 'NONE', #167, #598, #247 ) ;
#503 = EDGE_CURVE ( 'NONE', #135, #576, #596, .T. ) ;
#504 = DIRECTION ( 'NONE',  ( -0.000000000000000000, -0.000000000000000000, -1.000000000000000000 ) ) ;
#505 = DATE_TIME_ROLE ( 'classification_date' ) ;
#506 = ORIENTED_EDGE ( 'NONE', *, *, #883, .F. ) ;
#507 = DIRECTION ( 'NONE',  ( -1.000000000000000000, 0.000000000000000000, 0.000000000000000000 ) ) ;
#508 = ORIENTED_EDGE ( 'NONE', *, *, #265, .T. ) ;
#509 = VECTOR ( 'NONE', #1281, 1000.000000000000000 ) ;
#510 = CARTESIAN_POINT ( 'NONE',  ( -5.878220060690882293E-15, 0.000000000000000000, -105.3823255125929279 ) ) ;
#511 = FACE_OUTER_BOUND ( 'NONE', #564, .T. ) ;
#512 = APPLICATION_PROTOCOL_DEFINITION ( 'international standard', 'config_control_design', 1994, #535 ) ;
#513 = EDGE_LOOP ( 'NONE', ( #1320, #152, #362, #1190 ) ) ;
#514 = CYLINDRICAL_SURFACE ( 'NONE', #808, 27.25000000000001066 ) ;
#515 = CARTESIAN_POINT ( 'NONE',  ( 2.250000000000047962, -25.65151067676131902, -169.5006906090504799 ) ) ;
#516 = AXIS2_PLACEMENT_3D ( 'NONE', #705, #474, #1109 ) ;
#517 = EDGE_CURVE ( 'NONE', #131, #548, #48, .T. ) ;
#518 = CARTESIAN_POINT ( 'NONE',  ( 2.250000000000047962, 25.65151067676131902, -169.5006906090504799 ) ) ;
#519 = ADVANCED_FACE ( 'NONE', ( #1123 ), #1241, .F. ) ;
#520 = ORIENTED_EDGE ( 'NONE', *, *, #1299, .T. ) ;
#521 = DIRECTION ( 'NONE',  ( -1.000000000000000000, 0.000000000000000000, 0.000000000000000000 ) ) ;
#522 = DIRECTION ( 'NONE',  ( -0.000000000000000000, -0.000000000000000000, -1.000000000000000000 ) ) ;
#523 = VERTEX_POINT ( 'NONE', #1117 ) ;
#524 = CARTESIAN_POINT ( 'NONE',  ( -5.878220060690882293E-15, 0.000000000000000000, -143.5006906090505368 ) ) ;
#525 = ADVANCED_FACE ( 'NONE', ( #1027 ), #384, .T. ) ;
#526 = EDGE_LOOP ( 'NONE', ( #1055, #355, #1273, #203 ) ) ;
#527 = DIRECTION ( 'NONE',  ( 1.000000000000000000, 0.000000000000000000, 0.000000000000000000 ) ) ;
#528 = VERTEX_POINT ( 'NONE', #1257 ) ;
#529 = CARTESIAN_POINT ( 'NONE',  ( 27.25000000000001776, -2.250000000000000000, -143.5006906090505368 ) ) ;
#530 = APPROVAL ( #70, 'UNSPECIFIED' ) ;
#531 = CARTESIAN_POINT ( 'NONE',  ( -25.50000000000000355, 3.122849337825751406E-15, -98.81097022146268216 ) ) ;
#532 = ORIENTED_EDGE ( 'NONE', *, *, #581, .T. ) ;
#533 = LINE ( 'NONE', #975, #509 ) ;
#534 = EDGE_CURVE ( 'NONE', #1289, #1056, #1350, .T. ) ;
#535 = APPLICATION_CONTEXT ( 'configuration controlled 3d designs of mechanical parts and assemblies' ) ;
#536 = EDGE_LOOP ( 'NONE', ( #82, #179, #934, #27 ) ) ;
#537 = DIRECTION ( 'NONE',  ( -0.8660254037844418162, 0.000000000000000000, 0.4999999999999947264 ) ) ;
#538 = FACE_OUTER_BOUND ( 'NONE', #1114, .T. ) ;
#539 = EDGE_CURVE ( 'NONE', #739, #197, #800, .T. ) ;
#540 = VERTEX_POINT ( 'NONE', #180 ) ;
#541 = CARTESIAN_POINT ( 'NONE',  ( -4.666950288480620657, 3.122849337825751800E-15, 42.91660498395369672 ) ) ;
#542 = ORIENTED_EDGE ( 'NONE', *, *, #285, .F. ) ;
#543 = DIRECTION ( 'NONE',  ( 0.000000000000000000, 0.000000000000000000, -1.000000000000000000 ) ) ;
#544 = AXIS2_PLACEMENT_3D ( 'NONE', #695, #176, #1366 ) ;
#545 = AXIS2_PLACEMENT_3D ( 'NONE', #810, #936, #943 ) ;
#546 = LINE ( 'NONE', #1379, #1266 ) ;
#547 = CIRCLE ( 'NONE', #189, 25.80153689607045919 ) ;
#548 = VERTEX_POINT ( 'NONE', #728 ) ;
#549 = DIRECTION ( 'NONE',  ( -0.000000000000000000, -1.000000000000000000, -0.000000000000000000 ) ) ;
#550 = ORIENTED_EDGE ( 'NONE', *, *, #864, .T. ) ;
#551 = DIRECTION ( 'NONE',  ( -0.000000000000000000, -1.000000000000000000, -0.000000000000000000 ) ) ;
#552 = CLOSED_SHELL ( 'NONE', ( #993, #455, #118, #1342, #56, #694, #290, #116, #1384, #8, #1088, #1358, #103, #1047, #202, #757, #525, #11, #129, #721, #1129, #469, #34, #1341, #1316, #75, #229, #493, #1250, #992, #12, #219, #989, #656, #99, #698, #303, #1005, #1282, #369, #215, #1362, #519, #859, #1148 ) ) ;
#553 = FACE_OUTER_BOUND ( 'NONE', #88, .T. ) ;
#554 = EDGE_CURVE ( 'NONE', #197, #1108, #465, .T. ) ;
#555 = ORIENTED_EDGE ( 'NONE', *, *, #554, .F. ) ;
#556 = DIRECTION ( 'NONE',  ( -0.000000000000000000, -1.000000000000000000, -0.000000000000000000 ) ) ;
#557 = CIRCLE ( 'NONE', #107, 24.00000000000000355 ) ;
#558 = EDGE_CURVE ( 'NONE', #1112, #1390, #214, .T. ) ;
#559 = ORIENTED_EDGE ( 'NONE', *, *, #599, .F. ) ;
#560 = DIRECTION ( 'NONE',  ( -0.000000000000000000, -0.000000000000000000, -1.000000000000000000 ) ) ;
#561 = CARTESIAN_POINT ( 'NONE',  ( -27.24999999999998224, 0.000000000000000000, -104.5006906090505368 ) ) ;
#562 = VERTEX_POINT ( 'NONE', #928 ) ;
#563 = CARTESIAN_POINT ( 'NONE',  ( -2.249999999999949818, -27.15695122800055117, -169.5006906090504799 ) ) ;
#564 = EDGE_LOOP ( 'NONE', ( #806, #65, #747, #392 ) ) ;
#565 = AXIS2_PLACEMENT_3D ( 'NONE', #31, #158, #1119 ) ;
#566 = DIRECTION ( 'NONE',  ( -1.000000000000000000, 0.000000000000000000, 0.000000000000000000 ) ) ;
#567 = DIRECTION ( 'NONE',  ( 0.000000000000000000, 0.000000000000000000, 1.000000000000000000 ) ) ;
#568 = ORIENTED_EDGE ( 'NONE', *, *, #163, .T. ) ;
#569 = PLANE ( 'NONE',  #475 ) ;
#570 = AXIS2_PLACEMENT_3D ( 'NONE', #1274, #1135, #731 ) ;
#571 = ORIENTED_EDGE ( 'NONE', *, *, #740, .F. ) ;
#572 = DIRECTION ( 'NONE',  ( 0.000000000000000000, 0.000000000000000000, 1.000000000000000000 ) ) ;
#573 = CARTESIAN_POINT ( 'NONE',  ( 17.41669750802264716, 0.000000000000000000, 30.16660498395384948 ) ) ;
#574 = ORIENTED_EDGE ( 'NONE', *, *, #740, .T. ) ;
#575 = DIRECTION ( 'NONE',  ( 0.4999999999999948930, 0.000000000000000000, 0.8660254037844417052 ) ) ;
#576 = VERTEX_POINT ( 'NONE', #388 ) ;
#577 = VECTOR ( 'NONE', #1004, 1000.000000000000000 ) ;
#578 = DIRECTION ( 'NONE',  ( 0.000000000000000000, 0.000000000000000000, 1.000000000000000000 ) ) ;
#579 = EDGE_CURVE ( 'NONE', #1071, #1056, #1291, .T. ) ;
#580 = CARTESIAN_POINT ( 'NONE',  ( 25.80153689607045919, 3.230005932751144660E-15, -100.5210709380910146 ) ) ;
#581 = EDGE_CURVE ( 'NONE', #1112, #617, #1357, .T. ) ;
#582 = ORIENTED_EDGE ( 'NONE', *, *, #161, .F. ) ;
#583 = DIRECTION ( 'NONE',  ( 0.000000000000000000, -1.000000000000000000, 0.000000000000000000 ) ) ;
#584 = ORIENTED_EDGE ( 'NONE', *, *, #856, .F. ) ;
#585 = CARTESIAN_POINT ( 'NONE',  ( 130.0000000000000000, 0.000000000000000000, -34.83339501604551458 ) ) ;
#586 = CIRCLE ( 'NONE', #112, 25.75000000000001066 ) ;
#587 = SECURITY_CLASSIFICATION ( '', '', #627 ) ;
#588 = DIRECTION ( 'NONE',  ( -0.000000000000000000, -0.000000000000000000, -1.000000000000000000 ) ) ;
#589 = DIRECTION ( 'NONE',  ( -1.000000000000000000, 0.000000000000000000, 0.000000000000000000 ) ) ;
#590 = DIRECTION ( 'NONE',  ( 1.000000000000000000, 0.000000000000000000, -0.000000000000000000 ) ) ;
#591 = VERTEX_POINT ( 'NONE', #277 ) ;
#592 = DIRECTION ( 'NONE',  ( -0.000000000000000000, -0.000000000000000000, -1.000000000000000000 ) ) ;
#593 = AXIS2_PLACEMENT_3D ( 'NONE', #729, #182, #606 ) ;
#594 = CC_DESIGN_PERSON_AND_ORGANIZATION_ASSIGNMENT ( #397, #85, ( #348 ) ) ;
#595 = CIRCLE ( 'NONE', #1017, 25.50000000000001066 ) ;
#596 = LINE ( 'NONE', #402, #478 ) ;
#597 = CARTESIAN_POINT ( 'NONE',  ( 24.00000000000000355, 0.000000000000000000, -34.83339501604545774 ) ) ;
#598 = DIRECTION ( 'NONE',  ( -0.000000000000000000, -0.000000000000000000, -1.000000000000000000 ) ) ;
#599 = EDGE_CURVE ( 'NONE', #1112, #40, #1105, .T. ) ;
#600 = AXIS2_PLACEMENT_3D ( 'NONE', #91, #522, #1374 ) ;
#601 = ORIENTED_EDGE ( 'NONE', *, *, #1065, .F. ) ;
#602 = CARTESIAN_POINT ( 'NONE',  ( -25.65151067676133678, -2.250000000000000000, -169.5006906090505368 ) ) ;
#603 = EDGE_CURVE ( 'NONE', #459, #441, #1139, .T. ) ;
#604 = EDGE_CURVE ( 'NONE', #1163, #818, #620, .T. ) ;
#605 = CYLINDRICAL_SURFACE ( 'NONE', #896, 24.00000000000000355 ) ;
#606 = DIRECTION ( 'NONE',  ( 1.000000000000000000, 0.000000000000000000, 0.000000000000000000 ) ) ;
#607 = COORDINATED_UNIVERSAL_TIME_OFFSET ( 1, 0, .AHEAD. ) ;
#608 = EDGE_LOOP ( 'NONE', ( #687, #105, #307, #439 ) ) ;
#609 = DIRECTION ( 'NONE',  ( 0.000000000000000000, -0.000000000000000000, -1.000000000000000000 ) ) ;
#610 = CARTESIAN_POINT ( 'NONE',  ( -25.65151067676133678, 2.250000000000000000, -169.5006906090505368 ) ) ;
#611 = ORGANIZATION ( 'UNSPECIFIED', 'UNSPECIFIED', '' ) ;
#612 = DIRECTION ( 'NONE',  ( 1.000000000000000000, 0.000000000000000000, 0.000000000000000000 ) ) ;
#613 = AXIS2_PLACEMENT_3D ( 'NONE', #1110, #588, #907 ) ;
#614 = ORIENTED_EDGE ( 'NONE', *, *, #517, .F. ) ;
#615 = DIRECTION ( 'NONE',  ( 0.000000000000000000, 0.000000000000000000, 1.000000000000000000 ) ) ;
#616 = VECTOR ( 'NONE', #922, 1000.000000000000000 ) ;
#617 = VERTEX_POINT ( 'NONE', #1310 ) ;
#618 = EDGE_CURVE ( 'NONE', #135, #490, #869, .T. ) ;
#619 = AXIS2_PLACEMENT_3D ( 'NONE', #803, #700, #175 ) ;
#620 = LINE ( 'NONE', #83, #87 ) ;
#621 = LINE ( 'NONE', #929, #616 ) ;
#622 = CALENDAR_DATE ( 2026, 16, 9 ) ;
#623 = ORIENTED_EDGE ( 'NONE', *, *, #223, .F. ) ;
#624 = CARTESIAN_POINT ( 'NONE',  ( 0.000000000000000000, 0.000000000000000000, -98.81097022146268216 ) ) ;
#625 = VECTOR ( 'NONE', #281, 1000.000000000000000 ) ;
#626 = CARTESIAN_POINT ( 'NONE',  ( -2.249999999999950706, 27.24999999999999645, -143.5006906090505368 ) ) ;
#627 = SECURITY_CLASSIFICATION_LEVEL ( 'unclassified' ) ;
#628 = EDGE_CURVE ( 'NONE', #1260, #1, #35, .T. ) ;
#629 = ORIENTED_EDGE ( 'NONE', *, *, #1237, .T. ) ;
#630 = DIRECTION ( 'NONE',  ( 1.000000000000000000, 0.000000000000000000, 0.000000000000000000 ) ) ;
#631 = ORIENTED_EDGE ( 'NONE', *, *, #467, .F. ) ;
#632 = AXIS2_PLACEMENT_3D ( 'NONE', #1104, #1215, #1014 ) ;
#633 = FACE_OUTER_BOUND ( 'NONE', #1381, .T. ) ;
#634 = DIRECTION ( 'NONE',  ( 0.000000000000000000, 0.000000000000000000, 1.000000000000000000 ) ) ;
#635 = ORIENTED_EDGE ( 'NONE', *, *, #354, .T. ) ;
#636 = CARTESIAN_POINT ( 'NONE',  ( 130.0000000000000000, 0.000000000000000000, -34.83339501604551458 ) ) ;
#637 = EDGE_LOOP ( 'NONE', ( #550, #751, #796, #1354 ) ) ;
#638 = FACE_OUTER_BOUND ( 'NONE', #321, .T. ) ;
#639 = ORIENTED_EDGE ( 'NONE', *, *, #743, .F. ) ;
#640 = FACE_OUTER_BOUND ( 'NONE', #1376, .T. ) ;
#641 = ORIENTED_EDGE ( 'NONE', *, *, #603, .F. ) ;
#642 = CARTESIAN_POINT ( 'NONE',  ( 130.0000000000000000, -2.939152317953648289E-15, -34.83339501604551458 ) ) ;
#643 = VECTOR ( 'NONE', #804, 1000.000000000000000 ) ;
#644 = DIRECTION ( 'NONE',  ( -0.4999999999999946154, 0.000000000000000000, -0.8660254037844419273 ) ) ;
#645 = ORIENTED_EDGE ( 'NONE', *, *, #842, .F. ) ;
#646 = CARTESIAN_POINT ( 'NONE',  ( 0.000000000000000000, 0.000000000000000000, -101.0341011530795043 ) ) ;
#647 = ORIENTED_EDGE ( 'NONE', *, *, #604, .F. ) ;
#648 = DIRECTION ( 'NONE',  ( -0.3420201433256677137, 0.000000000000000000, -0.9396926207859087610 ) ) ;
#649 = DIRECTION ( 'NONE',  ( 3.330669073875469621E-16, 0.000000000000000000, -1.000000000000000000 ) ) ;
#650 = ORIENTED_EDGE ( 'NONE', *, *, #1300, .F. ) ;
#651 = DIRECTION ( 'NONE',  ( 0.8660254037844415942, 0.000000000000000000, -0.4999999999999948930 ) ) ;
#652 = EDGE_LOOP ( 'NONE', ( #704, #904, #1160, #49 ) ) ;
#653 = DIRECTION ( 'NONE',  ( -0.000000000000000000, -0.000000000000000000, -1.000000000000000000 ) ) ;
#654 = AXIS2_PLACEMENT_3D ( 'NONE', #271, #823, #935 ) ;
#655 = EDGE_CURVE ( 'NONE', #1304, #273, #1391, .T. ) ;
#656 = ADVANCED_FACE ( 'NONE', ( #217 ), #862, .F. ) ;
#657 = EDGE_CURVE ( 'NONE', #540, #1046, #767, .T. ) ;
#658 = TOROIDAL_SURFACE ( 'NONE', #593, 22.25000000000000711, 3.500000000000000000 ) ;
#659 = DIRECTION ( 'NONE',  ( 0.000000000000000000, 0.000000000000000000, -1.000000000000000000 ) ) ;
#660 = AXIS2_PLACEMENT_3D ( 'NONE', #524, #289, #507 ) ;
#661 = ORIENTED_EDGE ( 'NONE', *, *, #1085, .T. ) ;
#662 = CARTESIAN_POINT ( 'NONE',  ( 60.33270440699356385, 3.122849337825751800E-15, 155.4993093909494632 ) ) ;
#663 = VERTEX_POINT ( 'NONE', #460 ) ;
#664 = FACE_OUTER_BOUND ( 'NONE', #843, .T. ) ;
#665 = AXIS2_PLACEMENT_3D ( 'NONE', #996, #1217, #589 ) ;
#666 = DIRECTION ( 'NONE',  ( -0.4999999999999946154, 0.000000000000000000, -0.8660254037844419273 ) ) ;
#667 = ORIENTED_EDGE ( 'NONE', *, *, #618, .T. ) ;
#668 = DIRECTION ( 'NONE',  ( 0.4999999999999948930, 0.000000000000000000, 0.8660254037844417052 ) ) ;
#669 = AXIS2_PLACEMENT_3D ( 'NONE', #243, #543, #959 ) ;
#670 = VERTEX_POINT ( 'NONE', #677 ) ;
#671 = DIRECTION ( 'NONE',  ( 0.000000000000000000, -1.000000000000000000, 0.000000000000000000 ) ) ;
#672 = DIRECTION ( 'NONE',  ( -1.000000000000000000, 1.224646799147352961E-16, 0.000000000000000000 ) ) ;
#673 = ORIENTED_EDGE ( 'NONE', *, *, #1196, .T. ) ;
#674 = DIRECTION ( 'NONE',  ( -0.000000000000000000, -0.000000000000000000, 1.000000000000000000 ) ) ;
#675 = AXIS2_PLACEMENT_3D ( 'NONE', #142, #365, #52 ) ;
#676 = CIRCLE ( 'NONE', #717, 27.25000000000001066 ) ;
#677 = CARTESIAN_POINT ( 'NONE',  ( 25.65151067676131902, 2.250000000000000000, -169.5006906090505368 ) ) ;
#678 = LINE ( 'NONE', #561, #318 ) ;
#679 = EDGE_CURVE ( 'NONE', #981, #1205, #448, .T. ) ;
#680 = ORIENTED_EDGE ( 'NONE', *, *, #746, .T. ) ;
#681 = DIRECTION ( 'NONE',  ( -1.000000000000000000, 0.000000000000000000, 0.000000000000000000 ) ) ;
#682 = EDGE_LOOP ( 'NONE', ( #1188, #309, #447, #1356 ) ) ;
#683 = DIRECTION ( 'NONE',  ( 0.000000000000000000, 0.000000000000000000, -1.000000000000000000 ) ) ;
#684 = DIRECTION ( 'NONE',  ( -1.000000000000000000, 0.000000000000000000, 0.000000000000000000 ) ) ;
#685 = DIRECTION ( 'NONE',  ( -1.000000000000000000, 0.000000000000000000, 0.000000000000000000 ) ) ;
#686 = DIRECTION ( 'NONE',  ( 0.000000000000000000, 0.000000000000000000, -1.000000000000000000 ) ) ;
#687 = ORIENTED_EDGE ( 'NONE', *, *, #1180, .T. ) ;
#688 = AXIS2_PLACEMENT_3D ( 'NONE', #510, #501, #1343 ) ;
#689 = CARTESIAN_POINT ( 'NONE',  ( 25.65151067676131902, 2.249999999999999112, -169.5006906090504799 ) ) ;
#690 = ORIENTED_EDGE ( 'NONE', *, *, #657, .T. ) ;
#691 = FACE_OUTER_BOUND ( 'NONE', #773, .T. ) ;
#692 = VERTEX_POINT ( 'NONE', #125 ) ;
#693 = CARTESIAN_POINT ( 'NONE',  ( 2.250000000000048850, 27.24999999999999645, -169.5006906090505368 ) ) ;
#694 = ADVANCED_FACE ( 'NONE', ( #454 ), #1067, .F. ) ;
#695 = CARTESIAN_POINT ( 'NONE',  ( -30.50000000000000711, 3.735172737399428330E-15, -98.81097022146268216 ) ) ;
#696 = DIRECTION ( 'NONE',  ( -1.000000000000000000, 0.000000000000000000, 0.000000000000000000 ) ) ;
#697 = CARTESIAN_POINT ( 'NONE',  ( 0.000000000000000000, 0.000000000000000000, -34.83339501604545774 ) ) ;
#698 = ADVANCED_FACE ( 'NONE', ( #664 ), #1081, .T. ) ;
#699 = ORIENTED_EDGE ( 'NONE', *, *, #1111, .T. ) ;
#700 = DIRECTION ( 'NONE',  ( 3.330669073875469621E-16, 0.000000000000000000, -1.000000000000000000 ) ) ;
#701 = CARTESIAN_POINT ( 'NONE',  ( -5.878220060690882293E-15, 0.000000000000000000, -143.5006906090505368 ) ) ;
#702 = FACE_OUTER_BOUND ( 'NONE', #1063, .T. ) ;
#703 = CALENDAR_DATE ( 2026, 16, 9 ) ;
#704 = ORIENTED_EDGE ( 'NONE', *, *, #310, .T. ) ;
#705 = CARTESIAN_POINT ( 'NONE',  ( 0.000000000000000000, 0.000000000000000000, -169.5006906090505368 ) ) ;
#706 = CIRCLE ( 'NONE', #1179, 5.000000000000004441 ) ;
#707 = VERTEX_POINT ( 'NONE', #331 ) ;
#708 = CARTESIAN_POINT ( 'NONE',  ( 0.000000000000000000, 0.000000000000000000, -169.5006906090505368 ) ) ;
#709 = CARTESIAN_POINT ( 'NONE',  ( -30.50000000000000711, 3.735172737399428330E-15, -98.81097022146268216 ) ) ;
#710 =( LENGTH_UNIT ( ) NAMED_UNIT ( * ) SI_UNIT ( .MILLI., .METRE. ) );
#711 = VERTEX_POINT ( 'NONE', #968 ) ;
#712 = EDGE_CURVE ( 'NONE', #101, #414, #434, .T. ) ;
#713 = CARTESIAN_POINT ( 'NONE',  ( 25.84046106882112070, 3.164543793642357811E-15, -105.0137208240390407 ) ) ;
#714 = ORIENTED_EDGE ( 'NONE', *, *, #534, .F. ) ;
#715 = CIRCLE ( 'NONE', #941, 25.50000000000000355 ) ;
#716 = DIRECTION ( 'NONE',  ( -1.000000000000000000, 1.224646799147353454E-16, 0.000000000000000000 ) ) ;
#717 = AXIS2_PLACEMENT_3D ( 'NONE', #782, #1329, #1231 ) ;
#718 = DIRECTION ( 'NONE',  ( -1.000000000000000000, 0.000000000000000000, 0.000000000000000000 ) ) ;
#719 = PERSON_AND_ORGANIZATION_ROLE ( 'creator' ) ;
#720 = AXIS2_PLACEMENT_3D ( 'NONE', #1092, #162, #994 ) ;
#721 = ADVANCED_FACE ( 'NONE', ( #132 ), #1206, .T. ) ;
#722 = VERTEX_POINT ( 'NONE', #1305 ) ;
#723 = CARTESIAN_POINT ( 'NONE',  ( 0.000000000000000000, 0.000000000000000000, -100.5210709380910146 ) ) ;
#724 = AXIS2_PLACEMENT_3D ( 'NONE', #1028, #1118, #718 ) ;
#725 = ORIENTED_EDGE ( 'NONE', *, *, #1065, .T. ) ;
#726 = AXIS2_PLACEMENT_3D ( 'NONE', #66, #497, #745 ) ;
#727 = EDGE_CURVE ( 'NONE', #399, #758, #337, .T. ) ;
#728 = CARTESIAN_POINT ( 'NONE',  ( 25.75000000000000355, 3.153465507804435587E-15, -143.5006906090505368 ) ) ;
#729 = CARTESIAN_POINT ( 'NONE',  ( -2.939110030345441147E-15, 0.000000000000000000, -105.3823255125929279 ) ) ;
#730 = ORIENTED_EDGE ( 'NONE', *, *, #906, .F. ) ;
#731 = DIRECTION ( 'NONE',  ( 1.000000000000000000, 0.000000000000000000, 0.000000000000000000 ) ) ;
#732 = AXIS2_PLACEMENT_3D ( 'NONE', #709, #825, #294 ) ;
#733 = EDGE_LOOP ( 'NONE', ( #57, #1168, #1365, #328 ) ) ;
#734 = AXIS2_PLACEMENT_3D ( 'NONE', #905, #683, #1331 ) ;
#735 = APPROVAL_STATUS ( 'not_yet_approved' ) ;
#736 = EDGE_CURVE ( 'NONE', #711, #459, #706, .T. ) ;
#737 = ORIENTED_EDGE ( 'NONE', *, *, #760, .T. ) ;
#738 = DIRECTION ( 'NONE',  ( -0.4999999999999946154, 0.000000000000000000, -0.8660254037844419273 ) ) ;
#739 = VERTEX_POINT ( 'NONE', #14 ) ;
#740 = EDGE_CURVE ( 'NONE', #145, #617, #133, .T. ) ;
#741 = AXIS2_PLACEMENT_3D ( 'NONE', #1225, #151, #916 ) ;
#742 = DIRECTION ( 'NONE',  ( 0.000000000000000000, 0.000000000000000000, 1.000000000000000000 ) ) ;
#743 = EDGE_CURVE ( 'NONE', #1108, #749, #557, .T. ) ;
#744 = ORIENTED_EDGE ( 'NONE', *, *, #370, .F. ) ;
#745 = DIRECTION ( 'NONE',  ( -1.000000000000000000, 0.000000000000000000, 0.000000000000000000 ) ) ;
#746 = EDGE_CURVE ( 'NONE', #1249, #1058, #752, .T. ) ;
#747 = ORIENTED_EDGE ( 'NONE', *, *, #1131, .T. ) ;
#748 = DIRECTION ( 'NONE',  ( 0.4999999999999948375, 0.000000000000000000, 0.8660254037844415942 ) ) ;
#749 = VERTEX_POINT ( 'NONE', #881 ) ;
#750 = DIRECTION ( 'NONE',  ( 0.000000000000000000, 0.000000000000000000, 1.000000000000000000 ) ) ;
#751 = ORIENTED_EDGE ( 'NONE', *, *, #196, .T. ) ;
#752 = LINE ( 'NONE', #991, #284 ) ;
#753 = CIRCLE ( 'NONE', #492, 154.0000000000000000 ) ;
#754 = CARTESIAN_POINT ( 'NONE',  ( -2.249999999999950706, 27.24999999999999645, -143.5006906090505368 ) ) ;
#755 = ORIENTED_EDGE ( 'NONE', *, *, #148, .T. ) ;
#756 = DIRECTION ( 'NONE',  ( 0.4999999999999948930, 0.000000000000000000, 0.8660254037844417052 ) ) ;
#757 = ADVANCED_FACE ( 'NONE', ( #146 ), #1096, .T. ) ;
#758 = VERTEX_POINT ( 'NONE', #1121 ) ;
#759 = DIRECTION ( 'NONE',  ( 0.000000000000000000, 0.000000000000000000, 1.000000000000000000 ) ) ;
#760 = EDGE_CURVE ( 'NONE', #987, #1039, #1336, .T. ) ;
#761 = CARTESIAN_POINT ( 'NONE',  ( -5.878220060690882293E-15, 0.000000000000000000, -169.5006906090505368 ) ) ;
#762 = CIRCLE ( 'NONE', #1371, 27.25000000000000355 ) ;
#763 = EDGE_LOOP ( 'NONE', ( #1003, #874, #9, #1244 ) ) ;
#764 = CARTESIAN_POINT ( 'NONE',  ( 0.000000000000000000, 0.000000000000000000, -100.5210709380910146 ) ) ;
#765 = TOROIDAL_SURFACE ( 'NONE', #920, 30.50000000000000711, 6.500000000000000888 ) ;
#766 = ORIENTED_EDGE ( 'NONE', *, *, #436, .T. ) ;
#767 = LINE ( 'NONE', #250, #1269 ) ;
#768 = EDGE_CURVE ( 'NONE', #1071, #273, #50, .T. ) ;
#769 = DIRECTION ( 'NONE',  ( 0.000000000000000000, 0.000000000000000000, -1.000000000000000000 ) ) ;
#770 = CIRCLE ( 'NONE', #1262, 25.50000000000001421 ) ;
#771 = ORIENTED_EDGE ( 'NONE', *, *, #838, .F. ) ;
#772 = CARTESIAN_POINT ( 'NONE',  ( 17.41669750802264716, 0.000000000000000000, 30.16660498395382106 ) ) ;
#773 = EDGE_LOOP ( 'NONE', ( #1203, #261, #837, #72 ) ) ;
#774 = DIRECTION ( 'NONE',  ( 0.000000000000000000, 0.000000000000000000, -1.000000000000000000 ) ) ;
#775 = CARTESIAN_POINT ( 'NONE',  ( -25.75000000000001421, 0.000000000000000000, -105.3823255125929279 ) ) ;
#776 = EDGE_LOOP ( 'NONE', ( #631, #508, #128, #1270 ) ) ;
#777 = DIRECTION ( 'NONE',  ( 1.000000000000000000, 0.000000000000000000, 0.000000000000000000 ) ) ;
#778 = ORIENTED_EDGE ( 'NONE', *, *, #223, .T. ) ;
#779 = CARTESIAN_POINT ( 'NONE',  ( 27.25000000000001776, -2.250000000000000000, -143.5006906090505368 ) ) ;
#780 = DIRECTION ( 'NONE',  ( -0.000000000000000000, -1.000000000000000000, -0.000000000000000000 ) ) ;
#781 = DIRECTION ( 'NONE',  ( 3.330669073875469621E-16, 0.000000000000000000, -1.000000000000000000 ) ) ;
#782 = CARTESIAN_POINT ( 'NONE',  ( -5.878220060690882293E-15, 0.000000000000000000, -143.5006906090505368 ) ) ;
#783 = ORIENTED_EDGE ( 'NONE', *, *, #1386, .T. ) ;
#784 = APPROVAL_PERSON_ORGANIZATION ( #1360, #530, #952 ) ;
#785 = DIRECTION ( 'NONE',  ( -0.8660254037844418162, 0.000000000000000000, 0.4999999999999947264 ) ) ;
#786 = AXIS2_PLACEMENT_3D ( 'NONE', #258, #986, #672 ) ;
#787 = LINE ( 'NONE', #793, #1276 ) ;
#788 = ORIENTED_EDGE ( 'NONE', *, *, #476, .T. ) ;
#789 = DIRECTION ( 'NONE',  ( 0.000000000000000000, 0.000000000000000000, -1.000000000000000000 ) ) ;
#790 = TOROIDAL_SURFACE ( 'NONE', #304, 130.0000000000000000, 24.00000000000000355 ) ;
#791 = ORIENTED_EDGE ( 'NONE', *, *, #603, .T. ) ;
#792 = CARTESIAN_POINT ( 'NONE',  ( -2.249999999999950706, 27.24999999999999645, -143.5006906090505368 ) ) ;
#793 = CARTESIAN_POINT ( 'NONE',  ( 2.250000000000047962, -27.15695122800054051, -169.5006906090504799 ) ) ;
#794 = ORIENTED_EDGE ( 'NONE', *, *, #840, .T. ) ;
#795 = LINE ( 'NONE', #1094, #389 ) ;
#796 = ORIENTED_EDGE ( 'NONE', *, *, #1234, .T. ) ;
#797 = VECTOR ( 'NONE', #759, 1000.000000000000000 ) ;
#798 = DIRECTION ( 'NONE',  ( -0.000000000000000000, -0.000000000000000000, -1.000000000000000000 ) ) ;
#799 = EDGE_CURVE ( 'NONE', #212, #722, #33, .T. ) ;
#800 = LINE ( 'NONE', #1034, #1243 ) ;
#801 = CARTESIAN_POINT ( 'NONE',  ( 0.000000000000000000, 0.000000000000000000, -98.81097022146268216 ) ) ;
#802 = ORIENTED_EDGE ( 'NONE', *, *, #727, .F. ) ;
#803 = CARTESIAN_POINT ( 'NONE',  ( -5.878220060690882293E-15, 0.000000000000000000, -169.5006906090505368 ) ) ;
#804 = DIRECTION ( 'NONE',  ( -0.000000000000000000, -0.000000000000000000, -1.000000000000000000 ) ) ;
#805 = PLANE ( 'NONE',  #898 ) ;
#806 = ORIENTED_EDGE ( 'NONE', *, *, #946, .T. ) ;
#807 = DIRECTION ( 'NONE',  ( 1.000000000000000000, 0.000000000000000000, -0.000000000000000000 ) ) ;
#808 = AXIS2_PLACEMENT_3D ( 'NONE', #1051, #932, #947 ) ;
#809 = DIRECTION ( 'NONE',  ( -0.000000000000000000, -0.000000000000000000, -1.000000000000000000 ) ) ;
#810 = CARTESIAN_POINT ( 'NONE',  ( 0.000000000000000000, 0.000000000000000000, -103.6722247959645813 ) ) ;
#811 = DATE_AND_TIME ( #79, #227 ) ;
#812 = ORIENTED_EDGE ( 'NONE', *, *, #870, .T. ) ;
#813 = FACE_OUTER_BOUND ( 'NONE', #967, .T. ) ;
#814 = CIRCLE ( 'NONE', #1361, 26.94846310392954791 ) ;
#815 = VERTEX_POINT ( 'NONE', #913 ) ;
#816 = CARTESIAN_POINT ( 'NONE',  ( -27.25000000000001776, 0.000000000000000000, -169.5006906090504799 ) ) ;
#817 = CARTESIAN_POINT ( 'NONE',  ( 0.000000000000000000, 0.000000000000000000, -98.81097022146268216 ) ) ;
#818 = VERTEX_POINT ( 'NONE', #602 ) ;
#819 = LINE ( 'NONE', #713, #124 ) ;
#820 = EDGE_CURVE ( 'NONE', #40, #441, #814, .T. ) ;
#821 = ORIENTED_EDGE ( 'NONE', *, *, #746, .F. ) ;
#822 = CIRCLE ( 'NONE', #1251, 27.25000000000001066 ) ;
#823 = DIRECTION ( 'NONE',  ( 1.000000000000000000, 0.000000000000000000, -0.000000000000000000 ) ) ;
#824 = AXIS2_PLACEMENT_3D ( 'NONE', #314, #634, #1049 ) ;
#825 = DIRECTION ( 'NONE',  ( 1.224646799147353207E-16, 1.000000000000000000, -0.000000000000000000 ) ) ;
#826 = APPLICATION_PROTOCOL_DEFINITION ( 'international standard', 'config_control_design', 1994, #1147 ) ;
#827 = AXIS2_PLACEMENT_3D ( 'NONE', #1318, #486, #244 ) ;
#828 = ORIENTED_EDGE ( 'NONE', *, *, #415, .T. ) ;
#829 = FACE_OUTER_BOUND ( 'NONE', #776, .T. ) ;
#830 = AXIS2_PLACEMENT_3D ( 'NONE', #63, #1035, #1265 ) ;
#831 = VECTOR ( 'NONE', #925, 1000.000000000000000 ) ;
#832 = CARTESIAN_POINT ( 'NONE',  ( 2.250000000000048850, 27.15695122800053696, -169.5006906090505368 ) ) ;
#833 = APPROVAL_DATE_TIME ( #930, #530 ) ;
#834 = ORIENTED_EDGE ( 'NONE', *, *, #248, .F. ) ;
#835 = CARTESIAN_POINT ( 'NONE',  ( 2.250000000000048850, -25.65151067676132257, -169.5006906090505368 ) ) ;
#836 = AXIS2_PLACEMENT_3D ( 'NONE', #339, #104, #1395 ) ;
#837 = ORIENTED_EDGE ( 'NONE', *, *, #962, .F. ) ;
#838 = EDGE_CURVE ( 'NONE', #893, #131, #276, .T. ) ;
#839 = VECTOR ( 'NONE', #919, 1000.000000000000000 ) ;
#840 = EDGE_CURVE ( 'NONE', #1390, #591, #381, .T. ) ;
#841 = DIRECTION ( 'NONE',  ( 1.000000000000000000, 0.000000000000000000, 0.000000000000000000 ) ) ;
#842 = EDGE_CURVE ( 'NONE', #1058, #749, #753, .T. ) ;
#843 = EDGE_LOOP ( 'NONE', ( #246, #857, #269, #349, #614, #771 ) ) ;
#844 = CARTESIAN_POINT ( 'NONE',  ( 38.20130719884924986, 0.000000000000000000, 18.16660498395394185 ) ) ;
#845 = VERTEX_POINT ( 'NONE', #466 ) ;
#846 = CC_DESIGN_APPROVAL ( #241, ( #587 ) ) ;
#847 = VECTOR ( 'NONE', #780, 1000.000000000000000 ) ;
#848 =( GEOMETRIC_REPRESENTATION_CONTEXT ( 3 ) GLOBAL_UNCERTAINTY_ASSIGNED_CONTEXT ( ( #408 ) ) GLOBAL_UNIT_ASSIGNED_CONTEXT ( ( #710, #1353, #306 ) ) REPRESENTATION_CONTEXT ( 'NONE', 'WORKASPACE' ) );
#849 = DIRECTION ( 'NONE',  ( -1.000000000000000000, 0.000000000000000000, 0.000000000000000000 ) ) ;
#850 = ORIENTED_EDGE ( 'NONE', *, *, #1159, .T. ) ;
#851 = CARTESIAN_POINT ( 'NONE',  ( 0.000000000000000000, 0.000000000000000000, -104.1852550109530711 ) ) ;
#852 = ORIENTED_EDGE ( 'NONE', *, *, #860, .F. ) ;
#853 = DIRECTION ( 'NONE',  ( 1.000000000000000000, 0.000000000000000000, 0.000000000000000000 ) ) ;
#854 = CIRCLE ( 'NONE', #147, 27.25000000000000355 ) ;
#855 = PLANE ( 'NONE',  #43 ) ;
#856 = EDGE_CURVE ( 'NONE', #1163, #145, #1026, .T. ) ;
#857 = ORIENTED_EDGE ( 'NONE', *, *, #974, .T. ) ;
#858 = FACE_OUTER_BOUND ( 'NONE', #253, .T. ) ;
#859 = ADVANCED_FACE ( 'NONE', ( #393 ), #372, .T. ) ;
#860 = EDGE_CURVE ( 'NONE', #749, #1077, #1315, .T. ) ;
#861 = EDGE_LOOP ( 'NONE', ( #1010, #629, #422, #1339 ) ) ;
#862 = PLANE ( 'NONE',  #1311 ) ;
#863 = AXIS2_PLACEMENT_3D ( 'NONE', #442, #21, #853 ) ;
#864 = EDGE_CURVE ( 'NONE', #739, #1249, #933, .T. ) ;
#865 = DIRECTION ( 'NONE',  ( -1.000000000000000000, 0.000000000000000000, -2.721134864277344162E-16 ) ) ;
#866 = EDGE_LOOP ( 'NONE', ( #506, #324 ) ) ;
#867 = DIRECTION ( 'NONE',  ( -1.000000000000000000, 0.000000000000000000, 0.000000000000000000 ) ) ;
#868 = EDGE_LOOP ( 'NONE', ( #783, #850, #601, #1019 ) ) ;
#869 = LINE ( 'NONE', #358, #912 ) ;
#870 = EDGE_CURVE ( 'NONE', #670, #131, #169, .T. ) ;
#871 = LINE ( 'NONE', #980, #1317 ) ;
#872 = ORIENTED_EDGE ( 'NONE', *, *, #679, .F. ) ;
#873 = CYLINDRICAL_SURFACE ( 'NONE', #942, 24.00000000000000000 ) ;
#874 = ORIENTED_EDGE ( 'NONE', *, *, #218, .F. ) ;
#875 = CARTESIAN_POINT ( 'NONE',  ( -2.249999999999949818, 27.15695122800055117, -169.5006906090504799 ) ) ;
#876 = CARTESIAN_POINT ( 'NONE',  ( -2.249999999999950706, 27.24999999999999645, -169.5006906090505368 ) ) ;
#877 = CC_DESIGN_PERSON_AND_ORGANIZATION_ASSIGNMENT ( #201, #195, ( #1137 ) ) ;
#878 = DIRECTION ( 'NONE',  ( -0.4999999999999945599, 0.000000000000000000, -0.8660254037844418162 ) ) ;
#879 = FACE_OUTER_BOUND ( 'NONE', #682, .T. ) ;
#880 = ORIENTED_EDGE ( 'NONE', *, *, #946, .F. ) ;
#881 = CARTESIAN_POINT ( 'NONE',  ( -3.367912182803921795, 2.939152317953649078E-15, 42.16660498395376067 ) ) ;
#882 = DIRECTION ( 'NONE',  ( -1.000000000000000000, 0.000000000000000000, 0.000000000000000000 ) ) ;
#883 = EDGE_CURVE ( 'NONE', #562, #1156, #770, .T. ) ;
#884 = VECTOR ( 'NONE', #653, 1000.000000000000000 ) ;
#885 = ORIENTED_EDGE ( 'NONE', *, *, #470, .T. ) ;
#886 = CARTESIAN_POINT ( 'NONE',  ( 0.000000000000000000, 0.000000000000000000, -169.5006906090505368 ) ) ;
#887 = EDGE_LOOP ( 'NONE', ( #1263, #371, #110, #890 ) ) ;
#888 = CARTESIAN_POINT ( 'NONE',  ( 27.25000000000001776, 2.250000000000000000, -143.5006906090505368 ) ) ;
#889 = FACE_OUTER_BOUND ( 'NONE', #513, .T. ) ;
#890 = ORIENTED_EDGE ( 'NONE', *, *, #1007, .F. ) ;
#891 = DIRECTION ( 'NONE',  ( -1.000000000000000000, 0.000000000000000000, -2.721134864277344162E-16 ) ) ;
#892 = CIRCLE ( 'NONE', #1134, 24.00000000000000355 ) ;
#893 = VERTEX_POINT ( 'NONE', #1349 ) ;
#894 = AXIS2_PLACEMENT_3D ( 'NONE', #495, #789, #681 ) ;
#895 = DIRECTION ( 'NONE',  ( -1.000000000000000000, 0.000000000000000000, 0.000000000000000000 ) ) ;
#896 = AXIS2_PLACEMENT_3D ( 'NONE', #395, #170, #283 ) ;
#897 = CARTESIAN_POINT ( 'NONE',  ( 2.250000000000048850, 27.24999999999999645, -169.5006906090505368 ) ) ;
#898 = AXIS2_PLACEMENT_3D ( 'NONE', #84, #278, #1023 ) ;
#899 = FACE_OUTER_BOUND ( 'NONE', #1277, .T. ) ;
#900 = DIRECTION ( 'NONE',  ( 0.000000000000000000, 0.000000000000000000, 1.000000000000000000 ) ) ;
#901 = EDGE_CURVE ( 'NONE', #845, #663, #1327, .T. ) ;
#902 = TOROIDAL_SURFACE ( 'NONE', #570, 22.25000000000000711, 3.500000000000000000 ) ;
#903 = EDGE_CURVE ( 'NONE', #815, #1053, #854, .T. ) ;
#904 = ORIENTED_EDGE ( 'NONE', *, *, #418, .T. ) ;
#905 = CARTESIAN_POINT ( 'NONE',  ( -5.878220060690882293E-15, 0.000000000000000000, -143.5006906090505368 ) ) ;
#906 = EDGE_CURVE ( 'NONE', #145, #1184, #1128, .T. ) ;
#907 = DIRECTION ( 'NONE',  ( -1.000000000000000000, 0.000000000000000000, 0.000000000000000000 ) ) ;
#908 = AXIS2_PLACEMENT_3D ( 'NONE', #754, #16, #205 ) ;
#909 = CARTESIAN_POINT ( 'NONE',  ( 25.75000000000000355, 3.153465507804435587E-15, -169.5006906090504799 ) ) ;
#910 = DIRECTION ( 'NONE',  ( -1.000000000000000000, 0.000000000000000000, 0.000000000000000000 ) ) ;
#911 = ORIENTED_EDGE ( 'NONE', *, *, #864, .F. ) ;
#912 = VECTOR ( 'NONE', #560, 1000.000000000000000 ) ;
#913 = CARTESIAN_POINT ( 'NONE',  ( 27.15695122800053696, -2.250000000000000000, -169.5006906090505368 ) ) ;
#914 = DIRECTION ( 'NONE',  ( -1.000000000000000000, 0.000000000000000000, -3.330669073875469621E-16 ) ) ;
#915 = FACE_OUTER_BOUND ( 'NONE', #346, .T. ) ;
#916 = DIRECTION ( 'NONE',  ( -1.000000000000000000, 0.000000000000000000, 0.000000000000000000 ) ) ;
#917 = EDGE_LOOP ( 'NONE', ( #584, #80, #778, #730 ) ) ;
#918 = AXIS2_PLACEMENT_3D ( 'NONE', #236, #1084, #156 ) ;
#919 = DIRECTION ( 'NONE',  ( -1.000000000000000000, 0.000000000000000000, 0.000000000000000000 ) ) ;
#920 = AXIS2_PLACEMENT_3D ( 'NONE', #1024, #1210, #777 ) ;
#921 = DIRECTION ( 'NONE',  ( -1.000000000000000000, 0.000000000000000000, 0.000000000000000000 ) ) ;
#922 = DIRECTION ( 'NONE',  ( -0.000000000000000000, -1.000000000000000000, -0.000000000000000000 ) ) ;
#923 = PERSON_AND_ORGANIZATION ( #154, #611 ) ;
#924 = VERTEX_POINT ( 'NONE', #387 ) ;
#925 = DIRECTION ( 'NONE',  ( -1.000000000000000000, 0.000000000000000000, 0.000000000000000000 ) ) ;
#926 = EDGE_CURVE ( 'NONE', #722, #670, #950, .T. ) ;
#927 = ORIENTED_EDGE ( 'NONE', *, *, #558, .F. ) ;
#928 = CARTESIAN_POINT ( 'NONE',  ( 104.5000000000000995, 0.000000000000000000, 129.9993093909497190 ) ) ;
#929 = CARTESIAN_POINT ( 'NONE',  ( 2.250000000000048850, 27.24999999999999645, -143.5006906090505368 ) ) ;
#930 = DATE_AND_TIME ( #703, #184 ) ;
#931 = ORIENTED_EDGE ( 'NONE', *, *, #265, .F. ) ;
#932 = DIRECTION ( 'NONE',  ( -0.000000000000000000, -0.000000000000000000, -1.000000000000000000 ) ) ;
#933 = CIRCLE ( 'NONE', #335, 24.00000000000000355 ) ;
#934 = ORIENTED_EDGE ( 'NONE', *, *, #655, .F. ) ;
#935 = DIRECTION ( 'NONE',  ( -0.000000000000000000, 0.000000000000000000, -1.000000000000000000 ) ) ;
#936 = DIRECTION ( 'NONE',  ( 0.000000000000000000, 0.000000000000000000, 1.000000000000000000 ) ) ;
#937 = DATE_AND_TIME ( #622, #68 ) ;
#938 = EDGE_LOOP ( 'NONE', ( #1093, #137, #1302, #766 ) ) ;
#939 = LINE ( 'NONE', #198, #375 ) ;
#940 = ORIENTED_EDGE ( 'NONE', *, *, #199, .T. ) ;
#941 = AXIS2_PLACEMENT_3D ( 'NONE', #220, #649, #865 ) ;
#942 = AXIS2_PLACEMENT_3D ( 'NONE', #347, #575, #1107 ) ;
#943 = DIRECTION ( 'NONE',  ( 1.000000000000000000, 0.000000000000000000, 0.000000000000000000 ) ) ;
#944 = CALENDAR_DATE ( 2026, 16, 9 ) ;
#945 = ORIENTED_EDGE ( 'NONE', *, *, #1296, .T. ) ;
#946 = EDGE_CURVE ( 'NONE', #473, #399, #257, .T. ) ;
#947 = DIRECTION ( 'NONE',  ( -1.000000000000000000, 0.000000000000000000, 0.000000000000000000 ) ) ;
#948 = ORIENTED_EDGE ( 'NONE', *, *, #727, .T. ) ;
#949 = EDGE_CURVE ( 'NONE', #1, #663, #595, .T. ) ;
#950 = CIRCLE ( 'NONE', #619, 25.75000000000001066 ) ;
#951 = DIRECTION ( 'NONE',  ( -0.000000000000000000, -0.000000000000000000, 1.000000000000000000 ) ) ;
#952 = APPROVAL_ROLE ( '' ) ;
#953 = ORIENTED_EDGE ( 'NONE', *, *, #352, .F. ) ;
#954 = ORIENTED_EDGE ( 'NONE', *, *, #398, .F. ) ;
#955 = DIRECTION ( 'NONE',  ( -1.000000000000000000, 0.000000000000000000, 0.000000000000000000 ) ) ;
#956 = ORIENTED_EDGE ( 'NONE', *, *, #712, .T. ) ;
#957 = CARTESIAN_POINT ( 'NONE',  ( 27.15695122800054051, 2.249999999999999112, -169.5006906090504799 ) ) ;
#958 = EDGE_LOOP ( 'NONE', ( #737, #582, #1153, #755 ) ) ;
#959 = DIRECTION ( 'NONE',  ( -1.000000000000000000, 0.000000000000000000, 0.000000000000000000 ) ) ;
#960 = EDGE_CURVE ( 'NONE', #490, #924, #939, .T. ) ;
#961 = CC_DESIGN_APPROVAL ( #530, ( #1122 ) ) ;
#962 = EDGE_CURVE ( 'NONE', #815, #1071, #1372, .T. ) ;
#963 = DIRECTION ( 'NONE',  ( 0.000000000000000000, -1.000000000000000000, 0.000000000000000000 ) ) ;
#964 = CIRCLE ( 'NONE', #366, 25.75000000000001066 ) ;
#965 = VERTEX_POINT ( 'NONE', #89 ) ;
#966 = CARTESIAN_POINT ( 'NONE',  ( 27.25000000000001776, 2.250000000000000000, -169.5006906090505368 ) ) ;
#967 = EDGE_LOOP ( 'NONE', ( #645, #1280, #973, #1287 ) ) ;
#968 = CARTESIAN_POINT ( 'NONE',  ( 25.50000000000000355, 0.000000000000000000, -98.81097022146268216 ) ) ;
#969 = AXIS2_PLACEMENT_3D ( 'NONE', #37, #471, #367 ) ;
#970 = EDGE_CURVE ( 'NONE', #1370, #523, #819, .T. ) ;
#971 = CIRCLE ( 'NONE', #206, 25.53892417275068638 ) ;
#972 = CARTESIAN_POINT ( 'NONE',  ( -2.939110030345441147E-15, 0.000000000000000000, -105.3823255125929279 ) ) ;
#973 = ORIENTED_EDGE ( 'NONE', *, *, #554, .T. ) ;
#974 = EDGE_CURVE ( 'NONE', #591, #1304, #53, .T. ) ;
#975 = CARTESIAN_POINT ( 'NONE',  ( -27.15695122800055472, 2.249999999999999112, -169.5006906090504799 ) ) ;
#976 = CONICAL_SURFACE ( 'NONE', #1332, 25.84046106882112070, 0.3490658503988648409 ) ;
#977 = ORIENTED_EDGE ( 'NONE', *, *, #199, .F. ) ;
#978 = DIRECTION ( 'NONE',  ( 0.000000000000000000, 0.000000000000000000, -1.000000000000000000 ) ) ;
#979 = AXIS2_PLACEMENT_3D ( 'NONE', #642, #67, #1040 ) ;
#980 = CARTESIAN_POINT ( 'NONE',  ( -2.249999999999949818, -25.65151067676132968, -169.5006906090504799 ) ) ;
#981 = VERTEX_POINT ( 'NONE', #1261 ) ;
#982 = DIRECTION ( 'NONE',  ( 0.4999999999999948375, 0.000000000000000000, 0.8660254037844415942 ) ) ;
#983 = ORIENTED_EDGE ( 'NONE', *, *, #500, .T. ) ;
#984 = DIRECTION ( 'NONE',  ( 0.000000000000000000, -0.000000000000000000, -1.000000000000000000 ) ) ;
#985 = APPROVAL ( #735, 'UNSPECIFIED' ) ;
#986 = DIRECTION ( 'NONE',  ( 1.224646799147353207E-16, 1.000000000000000000, -0.000000000000000000 ) ) ;
#987 = VERTEX_POINT ( 'NONE', #1161 ) ;
#988 = LINE ( 'NONE', #1169, #438 ) ;
#989 = ADVANCED_FACE ( 'NONE', ( #829 ), #902, .F. ) ;
#990 = ORIENTED_EDGE ( 'NONE', *, *, #415, .F. ) ;
#991 = CARTESIAN_POINT ( 'NONE',  ( -24.00000000000000355, 2.939152317953648289E-15, -169.5006906090505368 ) ) ;
#992 = ADVANCED_FACE ( 'NONE', ( #813 ), #790, .F. ) ;
#993 = ADVANCED_FACE ( 'NONE', ( #1364 ), #1194, .F. ) ;
#994 = DIRECTION ( 'NONE',  ( 0.000000000000000000, 0.000000000000000000, 1.000000000000000000 ) ) ;
#995 = AXIS2_PLACEMENT_3D ( 'NONE', #2, #756, #356 ) ;
#996 = CARTESIAN_POINT ( 'NONE',  ( 0.000000000000000000, 0.000000000000000000, -104.5006906090505368 ) ) ;
#997 = CARTESIAN_POINT ( 'NONE',  ( 2.250000000000048850, 27.24999999999999645, -143.5006906090505368 ) ) ;
#998 = CARTESIAN_POINT ( 'NONE',  ( 27.25000000000001776, -2.250000000000000000, -143.5006906090505368 ) ) ;
#999 = CARTESIAN_POINT ( 'NONE',  ( -2.249999999999950706, 25.65151067676133323, -143.5006906090505368 ) ) ;
#1000 = AXIS2_PLACEMENT_3D ( 'NONE', #1228, #1235, #921 ) ;
#1001 = ORIENTED_EDGE ( 'NONE', *, *, #760, .F. ) ;
#1002 = FACE_OUTER_BOUND ( 'NONE', #1330, .T. ) ;
#1003 = ORIENTED_EDGE ( 'NONE', *, *, #498, .F. ) ;
#1004 = DIRECTION ( 'NONE',  ( -0.000000000000000000, -1.000000000000000000, -0.000000000000000000 ) ) ;
#1005 = ADVANCED_FACE ( 'NONE', ( #1245 ), #186, .F. ) ;
#1006 = CARTESIAN_POINT ( 'NONE',  ( -2.249999999999950706, 25.65151067676133323, -169.5006906090505368 ) ) ;
#1007 = EDGE_CURVE ( 'NONE', #1108, #528, #423, .T. ) ;
#1008 = DIRECTION ( 'NONE',  ( -0.8660254037844418162, 0.000000000000000000, 0.4999999999999945599 ) ) ;
#1009 = CARTESIAN_POINT ( 'NONE',  ( 24.39199796489159766, 3.057387198716966923E-15, -101.0341011530795043 ) ) ;
#1010 = ORIENTED_EDGE ( 'NONE', *, *, #218, .T. ) ;
#1011 = CC_DESIGN_APPROVAL ( #985, ( #1137 ) ) ;
#1012 = DIRECTION ( 'NONE',  ( 0.000000000000000000, 0.000000000000000000, 1.000000000000000000 ) ) ;
#1013 = VECTOR ( 'NONE', #809, 1000.000000000000000 ) ;
#1014 = DIRECTION ( 'NONE',  ( 0.000000000000000000, 0.000000000000000000, -1.000000000000000000 ) ) ;
#1015 = PLANE ( 'NONE',  #1079 ) ;
#1016 = DIRECTION ( 'NONE',  ( 0.000000000000000000, 0.000000000000000000, -1.000000000000000000 ) ) ;
#1017 = AXIS2_PLACEMENT_3D ( 'NONE', #1377, #738, #308 ) ;
#1018 = EDGE_CURVE ( 'NONE', #255, #711, #234, .T. ) ;
#1019 = ORIENTED_EDGE ( 'NONE', *, *, #1196, .F. ) ;
#1020 = CARTESIAN_POINT ( 'NONE',  ( -27.15695122800055472, -2.249999999999999112, -169.5006906090504799 ) ) ;
#1021 = AXIS2_PLACEMENT_3D ( 'NONE', #1209, #1337, #267 ) ;
#1022 = DIRECTION ( 'NONE',  ( -1.000000000000000000, 0.000000000000000000, 0.000000000000000000 ) ) ;
#1023 = DIRECTION ( 'NONE',  ( 0.000000000000000000, -0.000000000000000000, -1.000000000000000000 ) ) ;
#1024 = CARTESIAN_POINT ( 'NONE',  ( 0.000000000000000000, 0.000000000000000000, -98.81097022146268216 ) ) ;
#1025 = VERTEX_POINT ( 'NONE', #204 ) ;
#1026 = LINE ( 'NONE', #998, #839 ) ;
#1027 = FACE_OUTER_BOUND ( 'NONE', #1043, .T. ) ;
#1028 = CARTESIAN_POINT ( 'NONE',  ( -5.878220060690882293E-15, 0.000000000000000000, -169.5006906090504799 ) ) ;
#1029 = COORDINATED_UNIVERSAL_TIME_OFFSET ( 1, 0, .AHEAD. ) ;
#1030 = ORIENTED_EDGE ( 'NONE', *, *, #1085, .F. ) ;
#1031 = DIRECTION ( 'NONE',  ( 0.000000000000000000, 0.000000000000000000, -1.000000000000000000 ) ) ;
#1032 = VECTOR ( 'NONE', #982, 1000.000000000000114 ) ;
#1033 = CIRCLE ( 'NONE', #613, 24.39199796489159766 ) ;
#1034 = CARTESIAN_POINT ( 'NONE',  ( 24.00000000000000355, 0.000000000000000000, -169.5006906090505368 ) ) ;
#1035 = DIRECTION ( 'NONE',  ( -0.4999999999999954481, 0.000000000000000000, -0.8660254037844412611 ) ) ;
#1036 = EDGE_LOOP ( 'NONE', ( #288, #1239, #1030, #1197 ) ) ;
#1037 = DIRECTION ( 'NONE',  ( 0.000000000000000000, 1.000000000000000000, 0.000000000000000000 ) ) ;
#1038 = VECTOR ( 'NONE', #1154, 1000.000000000000114 ) ;
#1039 = VERTEX_POINT ( 'NONE', #1144 ) ;
#1040 = DIRECTION ( 'NONE',  ( 0.000000000000000000, 0.000000000000000000, 1.000000000000000000 ) ) ;
#1041 = CYLINDRICAL_SURFACE ( 'NONE', #724, 25.75000000000001066 ) ;
#1042 = COORDINATED_UNIVERSAL_TIME_OFFSET ( 1, 0, .AHEAD. ) ;
#1043 = EDGE_LOOP ( 'NONE', ( #1080, #956, #1348, #623 ) ) ;
#1044 = DIRECTION ( 'NONE',  ( 0.000000000000000000, 1.000000000000000000, 0.000000000000000000 ) ) ;
#1045 = VECTOR ( 'NONE', #798, 1000.000000000000000 ) ;
#1046 = VERTEX_POINT ( 'NONE', #81 ) ;
#1047 = ADVANCED_FACE ( 'NONE', ( #1054 ), #514, .T. ) ;
#1048 = CYLINDRICAL_SURFACE ( 'NONE', #600, 27.25000000000001066 ) ;
#1049 = DIRECTION ( 'NONE',  ( 1.000000000000000000, 0.000000000000000000, 0.000000000000000000 ) ) ;
#1050 = ORIENTED_EDGE ( 'NONE', *, *, #906, .T. ) ;
#1051 = CARTESIAN_POINT ( 'NONE',  ( -5.878220060690882293E-15, 0.000000000000000000, -169.5006906090504799 ) ) ;
#1052 = DIRECTION ( 'NONE',  ( 0.000000000000000000, 0.000000000000000000, 1.000000000000000000 ) ) ;
#1053 = VERTEX_POINT ( 'NONE', #427 ) ;
#1054 = FACE_OUTER_BOUND ( 'NONE', #1175, .T. ) ;
#1055 = ORIENTED_EDGE ( 'NONE', *, *, #799, .F. ) ;
#1056 = VERTEX_POINT ( 'NONE', #835 ) ;
#1057 = DIRECTION ( 'NONE',  ( -1.000000000000000000, 0.000000000000000000, 0.000000000000000000 ) ) ;
#1058 = VERTEX_POINT ( 'NONE', #1252 ) ;
#1059 = DIRECTION ( 'NONE',  ( -0.000000000000000000, -0.000000000000000000, -1.000000000000000000 ) ) ;
#1060 = AXIS2_PLACEMENT_3D ( 'NONE', #1247, #291, #716 ) ;
#1061 = PRODUCT_RELATED_PRODUCT_CATEGORY ( 'detail', '', ( #348 ) ) ;
#1062 = CARTESIAN_POINT ( 'NONE',  ( 0.000000000000000000, 0.000000000000000000, -169.5006906090505368 ) ) ;
#1063 = EDGE_LOOP ( 'NONE', ( #880, #93, #209, #113, #1219, #714, #788, #4, #1309, #647, #520, #802 ) ) ;
#1064 = CARTESIAN_POINT ( 'NONE',  ( -25.50000000000000355, 3.122849337825751406E-15, -169.5006906090505368 ) ) ;
#1065 = EDGE_CURVE ( 'NONE', #342, #340, #1378, .T. ) ;
#1066 = ORIENTED_EDGE ( 'NONE', *, *, #1193, .F. ) ;
#1067 = CYLINDRICAL_SURFACE ( 'NONE', #403, 24.00000000000000000 ) ;
#1068 = AXIS2_PLACEMENT_3D ( 'NONE', #1346, #686, #144 ) ;
#1069 = CYLINDRICAL_SURFACE ( 'NONE', #293, 24.00000000000000355 ) ;
#1070 = AXIS2_PLACEMENT_3D ( 'NONE', #1172, #410, #537 ) ;
#1071 = VERTEX_POINT ( 'NONE', #100 ) ;
#1072 = CARTESIAN_POINT ( 'NONE',  ( 38.20130719884925696, 0.000000000000000000, 18.16660498395397738 ) ) ;
#1073 = ORIENTED_EDGE ( 'NONE', *, *, #398, .T. ) ;
#1074 = DIRECTION ( 'NONE',  ( 0.000000000000000000, 1.000000000000000000, 0.000000000000000000 ) ) ;
#1075 = AXIS2_PLACEMENT_3D ( 'NONE', #636, #1044, #94 ) ;
#1076 = DIRECTION ( 'NONE',  ( 0.000000000000000000, 0.000000000000000000, -1.000000000000000000 ) ) ;
#1077 = VERTEX_POINT ( 'NONE', #298 ) ;
#1078 = CARTESIAN_POINT ( 'NONE',  ( -25.65151067676133323, -2.249999999999999112, -143.5006906090505368 ) ) ;
#1079 = AXIS2_PLACEMENT_3D ( 'NONE', #143, #781, #150 ) ;
#1080 = ORIENTED_EDGE ( 'NONE', *, *, #1373, .F. ) ;
#1081 = PLANE ( 'NONE',  #669 ) ;
#1082 = AXIS2_PLACEMENT_3D ( 'NONE', #449, #1052, #841 ) ;
#1083 = VECTOR ( 'NONE', #551, 1000.000000000000000 ) ;
#1084 = DIRECTION ( 'NONE',  ( 3.330669073875469621E-16, 0.000000000000000000, -1.000000000000000000 ) ) ;
#1085 = EDGE_CURVE ( 'NONE', #459, #1025, #327, .T. ) ;
#1086 = ORIENTED_EDGE ( 'NONE', *, *, #38, .T. ) ;
#1087 = DIRECTION ( 'NONE',  ( 0.000000000000000000, 0.000000000000000000, -1.000000000000000000 ) ) ;
#1088 = ADVANCED_FACE ( 'NONE', ( #640 ), #1198, .T. ) ;
#1089 = ORIENTED_EDGE ( 'NONE', *, *, #1173, .F. ) ;
#1090 = CARTESIAN_POINT ( 'NONE',  ( 17.41669750802263295, 0.000000000000000000, 30.16660498395388856 ) ) ;
#1091 = CIRCLE ( 'NONE', #1275, 25.50000000000001066 ) ;
#1092 = CARTESIAN_POINT ( 'NONE',  ( 130.0000000000000000, 0.000000000000000000, -34.83339501604551458 ) ) ;
#1093 = ORIENTED_EDGE ( 'NONE', *, *, #628, .F. ) ;
#1094 = CARTESIAN_POINT ( 'NONE',  ( 2.250000000000047962, 27.15695122800054051, -169.5006906090504799 ) ) ;
#1095 = ORIENTED_EDGE ( 'NONE', *, *, #970, .F. ) ;
#1096 = PLANE ( 'NONE',  #516 ) ;
#1097 = DIRECTION ( 'NONE',  ( -0.000000000000000000, -0.000000000000000000, -1.000000000000000000 ) ) ;
#1098 = AXIS2_PLACEMENT_3D ( 'NONE', #121, #1087, #1288 ) ;
#1099 = ORIENTED_EDGE ( 'NONE', *, *, #1018, .T. ) ;
#1100 = CARTESIAN_POINT ( 'NONE',  ( 2.250000000000048850, -25.65151067676132257, -143.5006906090505368 ) ) ;
#1101 = ORIENTED_EDGE ( 'NONE', *, *, #382, .T. ) ;
#1102 = DIRECTION ( 'NONE',  ( -1.000000000000000000, 0.000000000000000000, 0.000000000000000000 ) ) ;
#1103 = EDGE_CURVE ( 'NONE', #385, #342, #232, .T. ) ;
#1104 = CARTESIAN_POINT ( 'NONE',  ( 22.25000000000000355, 0.000000000000000000, -105.3823255125929279 ) ) ;
#1105 = CIRCLE ( 'NONE', #1060, 5.000000000000000888 ) ;
#1106 = ORIENTED_EDGE ( 'NONE', *, *, #248, .T. ) ;
#1107 = DIRECTION ( 'NONE',  ( 0.8660254037844415942, 0.000000000000000000, -0.4999999999999949485 ) ) ;
#1108 = VERTEX_POINT ( 'NONE', #1072 ) ;
#1109 = DIRECTION ( 'NONE',  ( -1.000000000000000000, 0.000000000000000000, -3.330669073875469621E-16 ) ) ;
#1110 = CARTESIAN_POINT ( 'NONE',  ( 0.000000000000000000, 0.000000000000000000, -101.0341011530795043 ) ) ;
#1111 = EDGE_CURVE ( 'NONE', #1025, #459, #547, .T. ) ;
#1112 = VERTEX_POINT ( 'NONE', #222 ) ;
#1113 = DIRECTION ( 'NONE',  ( -0.000000000000000000, -0.000000000000000000, -1.000000000000000000 ) ) ;
#1114 = EDGE_LOOP ( 'NONE', ( #193, #249, #464, #90 ) ) ;
#1115 = AXIS2_PLACEMENT_3D ( 'NONE', #488, #361, #910 ) ;
#1116 = DIRECTION ( 'NONE',  ( 0.000000000000000000, 1.000000000000000000, 0.000000000000000000 ) ) ;
#1117 = CARTESIAN_POINT ( 'NONE',  ( 25.53892417275068638, 3.127616174182609177E-15, -104.1852550109530711 ) ) ;
#1118 = DIRECTION ( 'NONE',  ( -0.000000000000000000, -0.000000000000000000, -1.000000000000000000 ) ) ;
#1119 = DIRECTION ( 'NONE',  ( -1.000000000000000000, 0.000000000000000000, -3.330669073875469621E-16 ) ) ;
#1120 = ORIENTED_EDGE ( 'NONE', *, *, #245, .F. ) ;
#1121 = CARTESIAN_POINT ( 'NONE',  ( -25.75000000000001421, 0.000000000000000000, -143.5006906090505368 ) ) ;
#1122 = PRODUCT_DEFINITION ( 'UNKNOWN', '', #1137, #1136 ) ;
#1123 = FACE_OUTER_BOUND ( 'NONE', #1133, .T. ) ;
#1124 = AXIS2_PLACEMENT_3D ( 'NONE', #817, #1248, #286 ) ;
#1125 = DIRECTION ( 'NONE',  ( -1.000000000000000000, 0.000000000000000000, 0.000000000000000000 ) ) ;
#1126 = PERSON_AND_ORGANIZATION ( #154, #611 ) ;
#1127 = ORIENTED_EDGE ( 'NONE', *, *, #1103, .T. ) ;
#1128 = LINE ( 'NONE', #1020, #5 ) ;
#1129 = ADVANCED_FACE ( 'NONE', ( #879 ), #1308, .T. ) ;
#1130 = ORIENTED_EDGE ( 'NONE', *, *, #599, .T. ) ;
#1131 = EDGE_CURVE ( 'NONE', #1046, #523, #971, .T. ) ;
#1132 = DIRECTION ( 'NONE',  ( 3.330669073875469621E-16, 0.000000000000000000, -1.000000000000000000 ) ) ;
#1133 = EDGE_LOOP ( 'NONE', ( #336, #1213, #1255, #123 ) ) ;
#1134 = AXIS2_PLACEMENT_3D ( 'NONE', #1174, #659, #527 ) ;
#1135 = DIRECTION ( 'NONE',  ( 0.000000000000000000, 0.000000000000000000, 1.000000000000000000 ) ) ;
#1136 = DESIGN_CONTEXT ( 'detailed design', #535, 'design' ) ;
#1137 = PRODUCT_DEFINITION_FORMATION_WITH_SPECIFIED_SOURCE ( 'ANY', '', #348, .NOT_KNOWN. ) ;
#1138 = AXIS2_PLACEMENT_3D ( 'NONE', #345, #769, #61 ) ;
#1139 = LINE ( 'NONE', #210, #383 ) ;
#1140 = FACE_OUTER_BOUND ( 'NONE', #608, .T. ) ;
#1141 = DATE_AND_TIME ( #391, #364 ) ;
#1142 = CIRCLE ( 'NONE', #545, 26.94846310392954791 ) ;
#1143 = ORIENTED_EDGE ( 'NONE', *, *, #534, .T. ) ;
#1144 = CARTESIAN_POINT ( 'NONE',  ( -2.249999999999950706, -27.15695122800055472, -143.5006906090505368 ) ) ;
#1145 = AXIS2_PLACEMENT_3D ( 'NONE', #772, #668, #651 ) ;
#1146 = ORIENTED_EDGE ( 'NONE', *, *, #1007, .T. ) ;
#1147 = APPLICATION_CONTEXT ( 'configuration controlled 3d designs of mechanical parts and assemblies' ) ;
#1148 = ADVANCED_FACE ( 'NONE', ( #1388 ), #329, .T. ) ;
#1149 = CIRCLE ( 'NONE', #1021, 24.00000000000001066 ) ;
#1150 = DIRECTION ( 'NONE',  ( 1.000000000000000000, 0.000000000000000000, 0.000000000000000000 ) ) ;
#1151 = AXIS2_PLACEMENT_3D ( 'NONE', #972, #742, #1181 ) ;
#1152 = PERSON_AND_ORGANIZATION_ROLE ( 'creator' ) ;
#1153 = ORIENTED_EDGE ( 'NONE', *, *, #476, .F. ) ;
#1154 = DIRECTION ( 'NONE',  ( 0.4999999999999948375, 0.000000000000000000, 0.8660254037844415942 ) ) ;
#1155 = AXIS2_PLACEMENT_3D ( 'NONE', #1298, #774, #1201 ) ;
#1156 = VERTEX_POINT ( 'NONE', #662 ) ;
#1157 = DIRECTION ( 'NONE',  ( -0.000000000000000000, -0.000000000000000000, -1.000000000000000000 ) ) ;
#1158 = APPROVAL_DATE_TIME ( #811, #985 ) ;
#1159 = EDGE_CURVE ( 'NONE', #692, #340, #213, .T. ) ;
#1160 = ORIENTED_EDGE ( 'NONE', *, *, #382, .F. ) ;
#1161 = CARTESIAN_POINT ( 'NONE',  ( 2.250000000000048850, -27.15695122800054406, -143.5006906090505368 ) ) ;
#1162 = CIRCLE ( 'NONE', #632, 5.000000000000004441 ) ;
#1163 = VERTEX_POINT ( 'NONE', #1078 ) ;
#1164 = CIRCLE ( 'NONE', #502, 27.25000000000000355 ) ;
#1165 = DIRECTION ( 'NONE',  ( 0.000000000000000000, 0.000000000000000000, -1.000000000000000000 ) ) ;
#1166 = ADVANCED_BREP_SHAPE_REPRESENTATION ( '79-8467 - 51mm 30deg', ( #1392, #824 ), #848 ) ;
#1167 = SHAPE_DEFINITION_REPRESENTATION ( #18, #1166 ) ;
#1168 = ORIENTED_EDGE ( 'NONE', *, *, #712, .F. ) ;
#1169 = CARTESIAN_POINT ( 'NONE',  ( -2.249999999999950706, 27.24999999999999645, -143.5006906090505368 ) ) ;
#1170 = ORIENTED_EDGE ( 'NONE', *, *, #1367, .T. ) ;
#1171 = VECTOR ( 'NONE', #549, 1000.000000000000000 ) ;
#1172 = CARTESIAN_POINT ( 'NONE',  ( 82.41635220349681390, 0.000000000000000000, 142.7493093909496054 ) ) ;
#1173 = EDGE_CURVE ( 'NONE', #576, #924, #533, .T. ) ;
#1174 = CARTESIAN_POINT ( 'NONE',  ( 0.000000000000000000, 0.000000000000000000, -34.83339501604545774 ) ) ;
#1175 = EDGE_LOOP ( 'NONE', ( #1363, #794, #409, #225, #650, #945, #54, #872, #192, #1089, #316, #1182 ) ) ;
#1176 = DIRECTION ( 'NONE',  ( -0.000000000000000000, -0.000000000000000000, 1.000000000000000000 ) ) ;
#1177 = EDGE_LOOP ( 'NONE', ( #433, #426, #639, #555 ) ) ;
#1178 = DIRECTION ( 'NONE',  ( 0.4999999999999948930, 0.000000000000000000, 0.8660254037844417052 ) ) ;
#1179 = AXIS2_PLACEMENT_3D ( 'NONE', #351, #671, #978 ) ;
#1180 = EDGE_CURVE ( 'NONE', #707, #893, #136, .T. ) ;
#1181 = DIRECTION ( 'NONE',  ( 1.000000000000000000, 0.000000000000000000, 0.000000000000000000 ) ) ;
#1182 = ORIENTED_EDGE ( 'NONE', *, *, #581, .F. ) ;
#1183 = LINE ( 'NONE', #563, #77 ) ;
#1184 = VERTEX_POINT ( 'NONE', #130 ) ;
#1185 = CARTESIAN_POINT ( 'NONE',  ( -25.75000000000001421, 0.000000000000000000, -169.5006906090504799 ) ) ;
#1186 = TOROIDAL_SURFACE ( 'NONE', #323, 30.50000000000000711, 5.000000000000000000 ) ;
#1187 = CARTESIAN_POINT ( 'NONE',  ( 22.25000000000000355, 0.000000000000000000, -105.3823255125929279 ) ) ;
#1188 = ORIENTED_EDGE ( 'NONE', *, *, #1238, .F. ) ;
#1189 = DIRECTION ( 'NONE',  ( 0.000000000000000000, 0.000000000000000000, 1.000000000000000000 ) ) ;
#1190 = ORIENTED_EDGE ( 'NONE', *, *, #901, .F. ) ;
#1191 = DIRECTION ( 'NONE',  ( 0.000000000000000000, 0.000000000000000000, 1.000000000000000000 ) ) ;
#1192 = VECTOR ( 'NONE', #78, 1000.000000000000000 ) ;
#1193 = EDGE_CURVE ( 'NONE', #1039, #414, #1183, .T. ) ;
#1194 = TOROIDAL_SURFACE ( 'NONE', #1075, 130.0000000000000000, 24.00000000000000355 ) ;
#1195 = DIRECTION ( 'NONE',  ( -1.000000000000000000, 0.000000000000000000, 0.000000000000000000 ) ) ;
#1196 = EDGE_CURVE ( 'NONE', #1205, #342, #988, .T. ) ;
#1197 = ORIENTED_EDGE ( 'NONE', *, *, #736, .F. ) ;
#1198 = CYLINDRICAL_SURFACE ( 'NONE', #1145, 25.50000000000000355 ) ;
#1199 = CONICAL_SURFACE ( 'NONE', #665, 27.24999999999998224, 0.3490658503988648409 ) ;
#1200 = ORIENTED_EDGE ( 'NONE', *, *, #1234, .F. ) ;
#1201 = DIRECTION ( 'NONE',  ( -1.000000000000000000, 0.000000000000000000, 0.000000000000000000 ) ) ;
#1202 = CIRCLE ( 'NONE', #1124, 24.00000000000000355 ) ;
#1203 = ORIENTED_EDGE ( 'NONE', *, *, #354, .F. ) ;
#1204 = FACE_OUTER_BOUND ( 'NONE', #861, .T. ) ;
#1205 = VERTEX_POINT ( 'NONE', #26 ) ;
#1206 = CYLINDRICAL_SURFACE ( 'NONE', #863, 25.50000000000000355 ) ;
#1207 = DIRECTION ( 'NONE',  ( 0.000000000000000000, 0.000000000000000000, -1.000000000000000000 ) ) ;
#1208 = AXIS2_PLACEMENT_3D ( 'NONE', #47, #1113, #55 ) ;
#1209 = CARTESIAN_POINT ( 'NONE',  ( 82.41635220349682811, 0.000000000000000000, 142.7493093909496054 ) ) ;
#1210 = DIRECTION ( 'NONE',  ( 0.000000000000000000, 0.000000000000000000, 1.000000000000000000 ) ) ;
#1211 = EDGE_CURVE ( 'NONE', #707, #670, #10, .T. ) ;
#1212 = TOROIDAL_SURFACE ( 'NONE', #720, 130.0000000000000000, 25.50000000000000355 ) ;
#1213 = ORIENTED_EDGE ( 'NONE', *, *, #102, .T. ) ;
#1214 = DIRECTION ( 'NONE',  ( 1.000000000000000000, 0.000000000000000000, 0.000000000000000000 ) ) ;
#1215 = DIRECTION ( 'NONE',  ( 0.000000000000000000, -1.000000000000000000, 0.000000000000000000 ) ) ;
#1216 = VECTOR ( 'NONE', #208, 1000.000000000000000 ) ;
#1217 = DIRECTION ( 'NONE',  ( -0.000000000000000000, -0.000000000000000000, -1.000000000000000000 ) ) ;
#1218 = DIRECTION ( 'NONE',  ( -0.000000000000000000, 0.000000000000000000, -1.000000000000000000 ) ) ;
#1219 = ORIENTED_EDGE ( 'NONE', *, *, #579, .T. ) ;
#1220 = DIRECTION ( 'NONE',  ( -0.000000000000000000, 0.000000000000000000, -1.000000000000000000 ) ) ;
#1221 = CIRCLE ( 'NONE', #117, 27.25000000000001066 ) ;
#1222 = EDGE_CURVE ( 'NONE', #711, #845, #1295, .T. ) ;
#1223 = LINE ( 'NONE', #36, #23 ) ;
#1224 = DIRECTION ( 'NONE',  ( -0.000000000000000000, -0.000000000000000000, -1.000000000000000000 ) ) ;
#1225 = CARTESIAN_POINT ( 'NONE',  ( 0.000000000000000000, 0.000000000000000000, -104.5006906090505368 ) ) ;
#1226 = ORIENTED_EDGE ( 'NONE', *, *, #820, .F. ) ;
#1227 = CARTESIAN_POINT ( 'NONE',  ( 130.0000000000000000, -3.122849337825751406E-15, -34.83339501604551458 ) ) ;
#1228 = CARTESIAN_POINT ( 'NONE',  ( -5.878220060690882293E-15, 0.000000000000000000, -169.5006906090505368 ) ) ;
#1229 = CARTESIAN_POINT ( 'NONE',  ( -5.878220060690882293E-15, 0.000000000000000000, -143.5006906090505368 ) ) ;
#1230 = CC_DESIGN_DATE_AND_TIME_ASSIGNMENT ( #1141, #405, ( #1122 ) ) ;
#1231 = DIRECTION ( 'NONE',  ( -1.000000000000000000, 0.000000000000000000, 0.000000000000000000 ) ) ;
#1232 = ORIENTED_EDGE ( 'NONE', *, *, #1238, .T. ) ;
#1233 = CARTESIAN_POINT ( 'NONE',  ( 82.41635220349681390, 0.000000000000000000, 142.7493093909496054 ) ) ;
#1234 = EDGE_CURVE ( 'NONE', #540, #1370, #1347, .T. ) ;
#1235 = DIRECTION ( 'NONE',  ( 3.330669073875469621E-16, 0.000000000000000000, -1.000000000000000000 ) ) ;
#1236 = PERSON_AND_ORGANIZATION ( #154, #611 ) ;
#1237 = EDGE_CURVE ( 'NONE', #255, #1260, #106, .T. ) ;
#1238 = EDGE_CURVE ( 'NONE', #1, #1156, #111, .T. ) ;
#1239 = ORIENTED_EDGE ( 'NONE', *, *, #498, .T. ) ;
#1240 = DIRECTION ( 'NONE',  ( 0.4999999999999948375, 0.000000000000000000, 0.8660254037844415942 ) ) ;
#1241 = PLANE ( 'NONE',  #654 ) ;
#1242 = FACE_OUTER_BOUND ( 'NONE', #428, .T. ) ;
#1243 = VECTOR ( 'NONE', #301, 1000.000000000000000 ) ;
#1244 = ORIENTED_EDGE ( 'NONE', *, *, #1111, .F. ) ;
#1245 = FACE_OUTER_BOUND ( 'NONE', #917, .T. ) ;
#1246 = ORIENTED_EDGE ( 'NONE', *, *, #326, .T. ) ;
#1247 = CARTESIAN_POINT ( 'NONE',  ( -22.25000000000001066, 2.724839128102861780E-15, -105.3823255125929279 ) ) ;
#1248 = DIRECTION ( 'NONE',  ( -0.000000000000000000, -0.000000000000000000, 1.000000000000000000 ) ) ;
#1249 = VERTEX_POINT ( 'NONE', #440 ) ;
#1250 = ADVANCED_FACE ( 'NONE', ( #858 ), #873, .F. ) ;
#1251 = AXIS2_PLACEMENT_3D ( 'NONE', #211, #1165, #955 ) ;
#1252 = CARTESIAN_POINT ( 'NONE',  ( -24.00000000000000355, 2.939152317953648289E-15, -34.83339501604545774 ) ) ;
#1253 = AXIS2_PLACEMENT_3D ( 'NONE', #254, #583, #1016 ) ;
#1254 = EDGE_CURVE ( 'NONE', #414, #1184, #115, .T. ) ;
#1255 = ORIENTED_EDGE ( 'NONE', *, *, #1159, .F. ) ;
#1256 = AXIS2_PLACEMENT_3D ( 'NONE', #701, #494, #1335 ) ;
#1257 = CARTESIAN_POINT ( 'NONE',  ( 103.2009618943234273, 0.000000000000000000, 130.7493093909497190 ) ) ;
#1258 = CARTESIAN_POINT ( 'NONE',  ( -5.878220060690882293E-15, 0.000000000000000000, -105.3823255125929279 ) ) ;
#1259 = TOROIDAL_SURFACE ( 'NONE', #51, 22.25000000000000711, 5.000000000000000000 ) ;
#1260 = VERTEX_POINT ( 'NONE', #173 ) ;
#1261 = CARTESIAN_POINT ( 'NONE',  ( -2.249999999999950706, 27.15695122800054762, -169.5006906090505368 ) ) ;
#1262 = AXIS2_PLACEMENT_3D ( 'NONE', #1233, #483, #785 ) ;
#1263 = ORIENTED_EDGE ( 'NONE', *, *, #743, .T. ) ;
#1264 = EDGE_CURVE ( 'NONE', #1260, #845, #1393, .T. ) ;
#1265 = DIRECTION ( 'NONE',  ( -0.8660254037844412611, 0.000000000000000000, 0.4999999999999955036 ) ) ;
#1266 = VECTOR ( 'NONE', #319, 1000.000000000000000 ) ;
#1267 = EDGE_LOOP ( 'NONE', ( #574, #330, #386, #990, #108, #174 ) ) ;
#1268 = CARTESIAN_POINT ( 'NONE',  ( -5.878220060690882293E-15, 0.000000000000000000, -143.5006906090505368 ) ) ;
#1269 = VECTOR ( 'NONE', #648, 1000.000000000000114 ) ;
#1270 = ORIENTED_EDGE ( 'NONE', *, *, #245, .T. ) ;
#1271 = FACE_OUTER_BOUND ( 'NONE', #733, .T. ) ;
#1272 = CC_DESIGN_DATE_AND_TIME_ASSIGNMENT ( #937, #505, ( #587 ) ) ;
#1273 = ORIENTED_EDGE ( 'NONE', *, *, #1211, .T. ) ;
#1274 = CARTESIAN_POINT ( 'NONE',  ( -2.939110030345441147E-15, 0.000000000000000000, -105.3823255125929279 ) ) ;
#1275 = AXIS2_PLACEMENT_3D ( 'NONE', #573, #666, #252 ) ;
#1276 = VECTOR ( 'NONE', #1097, 1000.000000000000000 ) ;
#1277 = EDGE_LOOP ( 'NONE', ( #1387, #431, #13, #1323 ) ) ;
#1278 = AXIS2_PLACEMENT_3D ( 'NONE', #886, #674, #1321 ) ;
#1279 = LINE ( 'NONE', #325, #181 ) ;
#1280 = ORIENTED_EDGE ( 'NONE', *, *, #285, .T. ) ;
#1281 = DIRECTION ( 'NONE',  ( -0.000000000000000000, -0.000000000000000000, -1.000000000000000000 ) ) ;
#1282 = ADVANCED_FACE ( 'NONE', ( #378 ), #368, .T. ) ;
#1283 = ORIENTED_EDGE ( 'NONE', *, *, #1222, .T. ) ;
#1284 = VECTOR ( 'NONE', #750, 1000.000000000000000 ) ;
#1285 = DIRECTION ( 'NONE',  ( -0.4999999999999954481, 0.000000000000000000, -0.8660254037844412611 ) ) ;
#1286 = DIRECTION ( 'NONE',  ( 0.000000000000000000, -0.000000000000000000, -1.000000000000000000 ) ) ;
#1287 = ORIENTED_EDGE ( 'NONE', *, *, #86, .F. ) ;
#1288 = DIRECTION ( 'NONE',  ( -1.000000000000000000, 0.000000000000000000, 0.000000000000000000 ) ) ;
#1289 = VERTEX_POINT ( 'NONE', #1100 ) ;
#1290 = DIRECTION ( 'NONE',  ( 0.8660254037844415942, 0.000000000000000000, -0.4999999999999949485 ) ) ;
#1291 = CIRCLE ( 'NONE', #1000, 25.75000000000001066 ) ;
#1292 = CC_DESIGN_PERSON_AND_ORGANIZATION_ASSIGNMENT ( #191, #279, ( #587 ) ) ;
#1293 = CARTESIAN_POINT ( 'NONE',  ( 27.25000000000001776, 2.250000000000000000, -143.5006906090505368 ) ) ;
#1294 = EDGE_LOOP ( 'NONE', ( #641, #661, #1073, #159 ) ) ;
#1295 = LINE ( 'NONE', #341, #251 ) ;
#1296 = EDGE_CURVE ( 'NONE', #212, #692, #795, .T. ) ;
#1297 = ORIENTED_EDGE ( 'NONE', *, *, #517, .T. ) ;
#1298 = CARTESIAN_POINT ( 'NONE',  ( -5.878220060690882293E-15, 0.000000000000000000, -143.5006906090505368 ) ) ;
#1299 = EDGE_CURVE ( 'NONE', #1163, #758, #141, .T. ) ;
#1300 = EDGE_CURVE ( 'NONE', #212, #707, #1164, .T. ) ;
#1301 = CARTESIAN_POINT ( 'NONE',  ( 82.41635220349682811, 0.000000000000000000, 142.7493093909496054 ) ) ;
#1302 = ORIENTED_EDGE ( 'NONE', *, *, #901, .T. ) ;
#1303 = DIRECTION ( 'NONE',  ( -0.000000000000000000, -0.000000000000000000, -1.000000000000000000 ) ) ;
#1304 = VERTEX_POINT ( 'NONE', #39 ) ;
#1305 = CARTESIAN_POINT ( 'NONE',  ( 2.250000000000048850, 25.65151067676132257, -169.5006906090505368 ) ) ;
#1306 = CARTESIAN_POINT ( 'NONE',  ( -2.249999999999950706, -27.15695122800054762, -169.5006906090505368 ) ) ;
#1307 = FACE_BOUND ( 'NONE', #216, .T. ) ;
#1308 = CYLINDRICAL_SURFACE ( 'NONE', #995, 25.50000000000000355 ) ;
#1309 = ORIENTED_EDGE ( 'NONE', *, *, #1373, .T. ) ;
#1310 = CARTESIAN_POINT ( 'NONE',  ( -27.25000000000001776, 0.000000000000000000, -143.5006906090505368 ) ) ;
#1311 = AXIS2_PLACEMENT_3D ( 'NONE', #235, #114, #984 ) ;
#1312 = LINE ( 'NONE', #876, #138 ) ;
#1313 = ORIENTED_EDGE ( 'NONE', *, *, #679, .T. ) ;
#1314 = ORIENTED_EDGE ( 'NONE', *, *, #926, .T. ) ;
#1315 = LINE ( 'NONE', #262, #446 ) ;
#1316 = ADVANCED_FACE ( 'NONE', ( #260 ), #296, .T. ) ;
#1317 = VECTOR ( 'NONE', #332, 1000.000000000000000 ) ;
#1318 = CARTESIAN_POINT ( 'NONE',  ( 130.0000000000000000, 0.000000000000000000, -34.83339501604551458 ) ) ;
#1319 = CIRCLE ( 'NONE', #1115, 25.75000000000001066 ) ;
#1320 = ORIENTED_EDGE ( 'NONE', *, *, #1264, .F. ) ;
#1321 = DIRECTION ( 'NONE',  ( 1.000000000000000000, 0.000000000000000000, 0.000000000000000000 ) ) ;
#1322 = CIRCLE ( 'NONE', #1070, 25.50000000000001421 ) ;
#1323 = ORIENTED_EDGE ( 'NONE', *, *, #657, .F. ) ;
#1324 = DIRECTION ( 'NONE',  ( 0.000000000000000000, 1.000000000000000000, 0.000000000000000000 ) ) ;
#1325 = CONICAL_SURFACE ( 'NONE', #969, 25.84046106882112070, 0.3490658503988648409 ) ;
#1326 = CARTESIAN_POINT ( 'NONE',  ( -5.878220060690882293E-15, 0.000000000000000000, -143.5006906090505368 ) ) ;
#1327 = CIRCLE ( 'NONE', #394, 104.5000000000000000 ) ;
#1328 = DIRECTION ( 'NONE',  ( 0.000000000000000000, 0.000000000000000000, -1.000000000000000000 ) ) ;
#1329 = DIRECTION ( 'NONE',  ( 0.000000000000000000, 0.000000000000000000, -1.000000000000000000 ) ) ;
#1330 = EDGE_LOOP ( 'NONE', ( #401, #1143, #635, #953 ) ) ;
#1331 = DIRECTION ( 'NONE',  ( -1.000000000000000000, 0.000000000000000000, 0.000000000000000000 ) ) ;
#1332 = AXIS2_PLACEMENT_3D ( 'NONE', #157, #1224, #685 ) ;
#1333 = CIRCLE ( 'NONE', #732, 6.499999999999999112 ) ;
#1334 = CC_DESIGN_PERSON_AND_ORGANIZATION_ASSIGNMENT ( #1236, #1152, ( #1137 ) ) ;
#1335 = DIRECTION ( 'NONE',  ( -1.000000000000000000, 0.000000000000000000, 0.000000000000000000 ) ) ;
#1336 = CIRCLE ( 'NONE', #734, 27.25000000000001066 ) ;
#1337 = DIRECTION ( 'NONE',  ( -0.4999999999999946154, 0.000000000000000000, -0.8660254037844419273 ) ) ;
#1338 = FACE_OUTER_BOUND ( 'NONE', #1036, .T. ) ;
#1339 = ORIENTED_EDGE ( 'NONE', *, *, #1222, .F. ) ;
#1340 = DIRECTION ( 'NONE',  ( -0.000000000000000000, -0.000000000000000000, 1.000000000000000000 ) ) ;
#1341 = ADVANCED_FACE ( 'NONE', ( #691 ), #268, .T. ) ;
#1342 = ADVANCED_FACE ( 'NONE', ( #274 ), #765, .T. ) ;
#1343 = DIRECTION ( 'NONE',  ( 1.000000000000000000, 0.000000000000000000, 0.000000000000000000 ) ) ;
#1344 = AXIS2_PLACEMENT_3D ( 'NONE', #1326, #149, #1195 ) ;
#1345 = CARTESIAN_POINT ( 'NONE',  ( -5.878220060690882293E-15, 0.000000000000000000, -169.5006906090504799 ) ) ;
#1346 = CARTESIAN_POINT ( 'NONE',  ( -5.878220060690882293E-15, 0.000000000000000000, -143.5006906090505368 ) ) ;
#1347 = CIRCLE ( 'NONE', #71, 24.39199796489159766 ) ;
#1348 = ORIENTED_EDGE ( 'NONE', *, *, #1254, .T. ) ;
#1349 = CARTESIAN_POINT ( 'NONE',  ( 27.15695122800054051, 2.250000000000000000, -143.5006906090505368 ) ) ;
#1350 = LINE ( 'NONE', #515, #1013 ) ;
#1351 = AXIS2_PLACEMENT_3D ( 'NONE', #723, #317, #1382 ) ;
#1352 = LINE ( 'NONE', #626, #3 ) ;
#1353 =( NAMED_UNIT ( * ) PLANE_ANGLE_UNIT ( ) SI_UNIT ( $, .RADIAN. ) );
#1354 = ORIENTED_EDGE ( 'NONE', *, *, #1367, .F. ) ;
#1355 = DIRECTION ( 'NONE',  ( -1.000000000000000000, 0.000000000000000000, 0.000000000000000000 ) ) ;
#1356 = ORIENTED_EDGE ( 'NONE', *, *, #883, .T. ) ;
#1357 = LINE ( 'NONE', #816, #643 ) ;
#1358 = ADVANCED_FACE ( 'NONE', ( #1204 ), #463, .T. ) ;
#1359 = CARTESIAN_POINT ( 'NONE',  ( 25.65151067676131902, 2.249999999999999112, -143.5006906090505368 ) ) ;
#1360 = PERSON_AND_ORGANIZATION ( #154, #611 ) ;
#1361 = AXIS2_PLACEMENT_3D ( 'NONE', #41, #1012, #58 ) ;
#1362 = ADVANCED_FACE ( 'NONE', ( #1002 ), #569, .F. ) ;
#1363 = ORIENTED_EDGE ( 'NONE', *, *, #558, .T. ) ;
#1364 = FACE_OUTER_BOUND ( 'NONE', #1177, .T. ) ;
#1365 = ORIENTED_EDGE ( 'NONE', *, *, #312, .F. ) ;
#1366 = DIRECTION ( 'NONE',  ( -1.000000000000000000, 1.224646799147354193E-16, 0.000000000000000000 ) ) ;
#1367 = EDGE_CURVE ( 'NONE', #739, #1370, #413, .T. ) ;
#1368 = DIRECTION ( 'NONE',  ( 1.000000000000000000, 0.000000000000000000, 0.000000000000000000 ) ) ;
#1369 = APPROVAL_STATUS ( 'not_yet_approved' ) ;
#1370 = VERTEX_POINT ( 'NONE', #1009 ) ;
#1371 = AXIS2_PLACEMENT_3D ( 'NONE', #761, #7, #443 ) ;
#1372 = LINE ( 'NONE', #73, #831 ) ;
#1373 = EDGE_CURVE ( 'NONE', #101, #818, #1319, .T. ) ;
#1374 = DIRECTION ( 'NONE',  ( -1.000000000000000000, 0.000000000000000000, 0.000000000000000000 ) ) ;
#1375 = DATE_AND_TIME ( #944, #1389 ) ;
#1376 = EDGE_LOOP ( 'NONE', ( #221, #1232, #983, #19 ) ) ;
#1377 = CARTESIAN_POINT ( 'NONE',  ( 17.41669750802264716, 0.000000000000000000, 30.16660498395384948 ) ) ;
#1378 = CIRCLE ( 'NONE', #171, 25.75000000000001066 ) ;
#1379 = CARTESIAN_POINT ( 'NONE',  ( 27.25000000000001776, -2.250000000000000000, -169.5006906090505368 ) ) ;
#1380 = CIRCLE ( 'NONE', #224, 24.00000000000001066 ) ;
#1381 = EDGE_LOOP ( 'NONE', ( #231, #98, #1170, #885 ) ) ;
#1382 = DIRECTION ( 'NONE',  ( -1.000000000000000000, 0.000000000000000000, 0.000000000000000000 ) ) ;
#1383 = ORIENTED_EDGE ( 'NONE', *, *, #418, .F. ) ;
#1384 = ADVANCED_FACE ( 'NONE', ( #1338 ), #1186, .F. ) ;
#1385 = CARTESIAN_POINT ( 'NONE',  ( 0.000000000000000000, 0.000000000000000000, -98.81097022146268216 ) ) ;
#1386 = EDGE_CURVE ( 'NONE', #1205, #692, #676, .T. ) ;
#1387 = ORIENTED_EDGE ( 'NONE', *, *, #470, .F. ) ;
#1388 = FACE_OUTER_BOUND ( 'NONE', #868, .T. ) ;
#1389 = LOCAL_TIME ( 0, 3, 33.00000000000000000, #92 ) ;
#1390 = VERTEX_POINT ( 'NONE', #287 ) ;
#1391 = LINE ( 'NONE', #779, #15 ) ;
#1392 = MANIFOLD_SOLID_BREP ( 'Cut-Extrude-Thin1', #552 ) ;
#1393 = CIRCLE ( 'NONE', #344, 25.50000000000000355 ) ;
#1394 = CIRCLE ( 'NONE', #786, 3.499999999999999556 ) ;
#1395 = DIRECTION ( 'NONE',  ( -1.000000000000000000, 0.000000000000000000, 0.000000000000000000 ) ) ;
ENDSEC;
END-ISO-10303-21;
