ISO-10303-21;
HEADER;
FILE_DESCRIPTION (( 'STEP AP203' ),
    '1' );
FILE_NAME ('79-8468 - 51mm 60deg.STEP',
    '2026-09-15T22:03:35',
    ( '' ),
    ( '' ),
    'SwSTEP 2.0',
    'SolidWorks 2026',
    '' );
FILE_SCHEMA (( 'CONFIG_CONTROL_DESIGN' ));
ENDSEC;

DATA;
#1 = CIRCLE ( 'NONE', #451, 25.75000000000000355 ) ;
#2 = ORIENTED_EDGE ( 'NONE', *, *, #1367, .T. ) ;
#3 = AXIS2_PLACEMENT_3D ( 'NONE', #609, #810, #277 ) ;
#4 = VERTEX_POINT ( 'NONE', #143 ) ;
#5 = CARTESIAN_POINT ( 'NONE',  ( 0.000000000000000000, 0.000000000000000000, -171.9637028918148474 ) ) ;
#6 = APPROVAL ( #309, 'UNSPECIFIED' ) ;
#7 = FACE_OUTER_BOUND ( 'NONE', #1162, .T. ) ;
#8 = TOROIDAL_SURFACE ( 'NONE', #978, 130.0000000000000000, 23.99999999999999289 ) ;
#9 = ORIENTED_EDGE ( 'NONE', *, *, #460, .T. ) ;
#10 = DIRECTION ( 'NONE',  ( -0.3420201433256666035, 0.000000000000000000, -0.9396926207859090940 ) ) ;
#11 = EDGE_CURVE ( 'NONE', #647, #102, #307, .T. ) ;
#12 = ADVANCED_FACE ( 'NONE', ( #1001 ), #581, .T. ) ;
#13 = EDGE_CURVE ( 'NONE', #704, #493, #417, .T. ) ;
#14 = VERTEX_POINT ( 'NONE', #697 ) ;
#15 = DIRECTION ( 'NONE',  ( 0.000000000000000000, -0.000000000000000000, -1.000000000000000000 ) ) ;
#16 = VECTOR ( 'NONE', #1329, 999.9999999999998863 ) ;
#17 = APPROVAL_PERSON_ORGANIZATION ( #711, #6, #406 ) ;
#18 = CARTESIAN_POINT ( 'NONE',  ( -8.110406794710987958E-15, 0.000000000000000000, -171.9637028918148474 ) ) ;
#19 = AXIS2_PLACEMENT_3D ( 'NONE', #663, #985, #349 ) ;
#20 = EDGE_LOOP ( 'NONE', ( #422, #303, #876, #268, #739, #507, #612, #851, #288, #1393, #931, #780 ) ) ;
#21 = CARTESIAN_POINT ( 'NONE',  ( 130.0000000000000000, -2.939152317953647106E-15, -75.05553499465096934 ) ) ;
#22 = CARTESIAN_POINT ( 'NONE',  ( 52.99999999999932498, 2.939152317953647106E-15, 58.31237718815221172 ) ) ;
#23 = VECTOR ( 'NONE', #463, 1000.000000000000000 ) ;
#24 = FACE_OUTER_BOUND ( 'NONE', #247, .T. ) ;
#25 = DIRECTION ( 'NONE',  ( 0.5000000000000039968, 0.000000000000000000, -0.8660254037844362651 ) ) ;
#26 = DIRECTION ( 'NONE',  ( -1.000000000000000000, 0.000000000000000000, 0.000000000000000000 ) ) ;
#27 = ORIENTED_EDGE ( 'NONE', *, *, #1258, .T. ) ;
#28 = DIRECTION ( 'NONE',  ( -0.000000000000000000, -0.000000000000000000, 1.000000000000000000 ) ) ;
#29 = AXIS2_PLACEMENT_3D ( 'NONE', #526, #204, #635 ) ;
#30 = EDGE_CURVE ( 'NONE', #706, #298, #1267, .T. ) ;
#31 = DIRECTION ( 'NONE',  ( -0.000000000000000000, -0.000000000000000000, -1.000000000000000000 ) ) ;
#32 = VERTEX_POINT ( 'NONE', #348 ) ;
#33 = VERTEX_POINT ( 'NONE', #1111 ) ;
#34 = DIRECTION ( 'NONE',  ( -1.000000000000000000, 0.000000000000000000, 0.000000000000000000 ) ) ;
#35 = ADVANCED_FACE ( 'NONE', ( #1220 ), #1202, .T. ) ;
#36 = VERTEX_POINT ( 'NONE', #250 ) ;
#37 = AXIS2_PLACEMENT_3D ( 'NONE', #381, #501, #933 ) ;
#38 = DIRECTION ( 'NONE',  ( -1.000000000000000000, 1.224646799147352714E-16, 0.000000000000000000 ) ) ;
#39 = ORIENTED_EDGE ( 'NONE', *, *, #1383, .T. ) ;
#40 = EDGE_CURVE ( 'NONE', #1060, #331, #473, .T. ) ;
#41 = DIRECTION ( 'NONE',  ( 0.000000000000000000, 0.000000000000000000, 1.000000000000000000 ) ) ;
#42 = VERTEX_POINT ( 'NONE', #785 ) ;
#43 = PLANE ( 'NONE',  #756 ) ;
#44 = CIRCLE ( 'NONE', #764, 5.000000000000004441 ) ;
#45 = DIRECTION ( 'NONE',  ( -0.000000000000000000, -0.000000000000000000, -1.000000000000000000 ) ) ;
#46 = DIRECTION ( 'NONE',  ( -0.000000000000000000, -0.000000000000000000, -1.000000000000000000 ) ) ;
#47 = LINE ( 'NONE', #698, #1230 ) ;
#48 = ORIENTED_EDGE ( 'NONE', *, *, #968, .T. ) ;
#49 = DIRECTION ( 'NONE',  ( -1.000000000000000000, 0.000000000000000000, 0.000000000000000000 ) ) ;
#50 = AXIS2_PLACEMENT_3D ( 'NONE', #713, #1146, #820 ) ;
#51 = CIRCLE ( 'NONE', #1013, 25.49999999999999645 ) ;
#52 = DIRECTION ( 'NONE',  ( -0.5000000000000037748, 0.000000000000000000, 0.8660254037844363761 ) ) ;
#53 = DIRECTION ( 'NONE',  ( 0.000000000000000000, 0.000000000000000000, -1.000000000000000000 ) ) ;
#54 = EDGE_CURVE ( 'NONE', #946, #198, #170, .T. ) ;
#55 = DIRECTION ( 'NONE',  ( 0.000000000000000000, 0.000000000000000000, 1.000000000000000000 ) ) ;
#56 = ORIENTED_EDGE ( 'NONE', *, *, #262, .F. ) ;
#57 = CARTESIAN_POINT ( 'NONE',  ( 25.74999999999999645, 3.153465507804434798E-15, -107.8453377953571390 ) ) ;
#58 = AXIS2_PLACEMENT_3D ( 'NONE', #166, #308, #593 ) ;
#59 = AXIS2_PLACEMENT_3D ( 'NONE', #686, #1014, #465 ) ;
#60 = CARTESIAN_POINT ( 'NONE',  ( 27.24999999999999645, 3.337162527676537915E-15, -145.9637028918148474 ) ) ;
#61 = AXIS2_PLACEMENT_3D ( 'NONE', #768, #650, #351 ) ;
#62 = DIRECTION ( 'NONE',  ( 0.000000000000000000, 0.000000000000000000, 1.000000000000000000 ) ) ;
#63 = DIRECTION ( 'NONE',  ( -0.000000000000000000, -1.000000000000000000, -0.000000000000000000 ) ) ;
#64 = VERTEX_POINT ( 'NONE', #452 ) ;
#65 = LINE ( 'NONE', #1351, #1124 ) ;
#66 = AXIS2_PLACEMENT_3D ( 'NONE', #815, #1063, #376 ) ;
#67 = CARTESIAN_POINT ( 'NONE',  ( 25.65151067676131191, -2.250000000000000000, -145.9637028918148474 ) ) ;
#68 = CARTESIAN_POINT ( 'NONE',  ( 130.0000000000000000, 0.000000000000000000, -75.05553499465096934 ) ) ;
#69 = COORDINATED_UNIVERSAL_TIME_OFFSET ( 1, 0, .AHEAD. ) ;
#70 = ORIENTED_EDGE ( 'NONE', *, *, #1370, .F. ) ;
#71 = PLANE ( 'NONE',  #1309 ) ;
#72 = ORIENTED_EDGE ( 'NONE', *, *, #200, .F. ) ;
#73 = EDGE_CURVE ( 'NONE', #36, #415, #660, .T. ) ;
#74 = EDGE_CURVE ( 'NONE', #312, #84, #477, .T. ) ;
#75 = CARTESIAN_POINT ( 'NONE',  ( -2.250000000000015987, -27.15695122800053696, -171.9637028918148474 ) ) ;
#76 = DATE_AND_TIME ( #633, #1324 ) ;
#77 = ORIENTED_EDGE ( 'NONE', *, *, #226, .T. ) ;
#78 = CARTESIAN_POINT ( 'NONE',  ( 2.249999999999983125, -25.65151067676132257, -171.9637028918148474 ) ) ;
#79 = ORIENTED_EDGE ( 'NONE', *, *, #1237, .T. ) ;
#80 = DIRECTION ( 'NONE',  ( -0.000000000000000000, -0.000000000000000000, -1.000000000000000000 ) ) ;
#81 = CARTESIAN_POINT ( 'NONE',  ( 25.74999999999999645, 3.153465507804434798E-15, -145.9637028918148474 ) ) ;
#82 = DATE_AND_TIME ( #1253, #1118 ) ;
#83 = CIRCLE ( 'NONE', #333, 25.49999999999999645 ) ;
#84 = VERTEX_POINT ( 'NONE', #776 ) ;
#85 = CARTESIAN_POINT ( 'NONE',  ( 64.99999999999941735, 0.000000000000000000, 37.52776749732575468 ) ) ;
#86 = ORIENTED_EDGE ( 'NONE', *, *, #802, .T. ) ;
#87 = VECTOR ( 'NONE', #1021, 1000.000000000000000 ) ;
#88 = DIRECTION ( 'NONE',  ( 0.000000000000000000, 0.000000000000000000, 1.000000000000000000 ) ) ;
#89 = PERSON_AND_ORGANIZATION_ROLE ( 'creator' ) ;
#90 = ORIENTED_EDGE ( 'NONE', *, *, #1009, .T. ) ;
#91 = CARTESIAN_POINT ( 'NONE',  ( 148.7500000000000284, 0.000000000000000000, 58.16803962085567292 ) ) ;
#92 = ORIENTED_EDGE ( 'NONE', *, *, #695, .F. ) ;
#93 = EDGE_CURVE ( 'NONE', #1305, #312, #1205, .T. ) ;
#94 = CARTESIAN_POINT ( 'NONE',  ( 0.000000000000000000, 0.000000000000000000, -103.4971134358437155 ) ) ;
#95 = VECTOR ( 'NONE', #1166, 1000.000000000000000 ) ;
#96 = ADVANCED_FACE ( 'NONE', ( #674 ), #1333, .F. ) ;
#97 = VERTEX_POINT ( 'NONE', #457 ) ;
#98 = CYLINDRICAL_SURFACE ( 'NONE', #1378, 25.49999999999998934 ) ;
#99 = ORIENTED_EDGE ( 'NONE', *, *, #1367, .F. ) ;
#100 = EDGE_CURVE ( 'NONE', #1276, #4, #837, .T. ) ;
#101 = DIRECTION ( 'NONE',  ( -5.551115123125782702E-17, 0.000000000000000000, -1.000000000000000000 ) ) ;
#102 = VERTEX_POINT ( 'NONE', #354 ) ;
#103 = CARTESIAN_POINT ( 'NONE',  ( 0.000000000000000000, 0.000000000000000000, -171.9637028918148474 ) ) ;
#104 = AXIS2_PLACEMENT_3D ( 'NONE', #241, #671, #437 ) ;
#105 = EDGE_LOOP ( 'NONE', ( #873, #279, #1082, #1320 ) ) ;
#106 = DIRECTION ( 'NONE',  ( -1.000000000000000000, 0.000000000000000000, 0.000000000000000000 ) ) ;
#107 = CIRCLE ( 'NONE', #468, 25.75000000000000355 ) ;
#108 = VERTEX_POINT ( 'NONE', #586 ) ;
#109 = DIRECTION ( 'NONE',  ( 0.000000000000000000, 0.000000000000000000, -1.000000000000000000 ) ) ;
#110 = EDGE_CURVE ( 'NONE', #807, #296, #51, .T. ) ;
#111 = ORIENTED_EDGE ( 'NONE', *, *, #761, .F. ) ;
#112 = FACE_OUTER_BOUND ( 'NONE', #1283, .T. ) ;
#113 = EDGE_CURVE ( 'NONE', #865, #153, #412, .T. ) ;
#114 = CARTESIAN_POINT ( 'NONE',  ( 26.94846310392954791, 3.300234908216786520E-15, -106.1352370787288208 ) ) ;
#115 = ADVANCED_FACE ( 'NONE', ( #948 ), #1195, .F. ) ;
#116 = CIRCLE ( 'NONE', #903, 27.25000000000000000 ) ;
#117 = VERTEX_POINT ( 'NONE', #173 ) ;
#118 = DIRECTION ( 'NONE',  ( -1.000000000000000000, 0.000000000000000000, 0.000000000000000000 ) ) ;
#119 = AXIS2_PLACEMENT_3D ( 'NONE', #934, #398, #832 ) ;
#120 = ORIENTED_EDGE ( 'NONE', *, *, #1338, .F. ) ;
#121 = CARTESIAN_POINT ( 'NONE',  ( 27.24999999999999645, 3.337162527676537915E-15, -171.9637028918148474 ) ) ;
#122 = ORIENTED_EDGE ( 'NONE', *, *, #1216, .T. ) ;
#123 = DIRECTION ( 'NONE',  ( 0.000000000000000000, -1.000000000000000000, 0.000000000000000000 ) ) ;
#124 = MANIFOLD_SOLID_BREP ( 'Cut-Extrude-Thin1', #911 ) ;
#125 = ORIENTED_EDGE ( 'NONE', *, *, #988, .F. ) ;
#126 = CARTESIAN_POINT ( 'NONE',  ( 136.7499999999999147, 0.000000000000000000, 78.95264931168215128 ) ) ;
#127 = CIRCLE ( 'NONE', #1364, 25.80153689607045209 ) ;
#128 = AXIS2_PLACEMENT_3D ( 'NONE', #428, #542, #549 ) ;
#129 = DIRECTION ( 'NONE',  ( 1.000000000000000000, 0.000000000000000000, 0.000000000000000000 ) ) ;
#130 = DIRECTION ( 'NONE',  ( -0.8660254037844363761, 0.000000000000000000, -0.5000000000000038858 ) ) ;
#131 = DIRECTION ( 'NONE',  ( -0.000000000000000000, -0.000000000000000000, -1.000000000000000000 ) ) ;
#132 = ORIENTED_EDGE ( 'NONE', *, *, #467, .T. ) ;
#133 = CARTESIAN_POINT ( 'NONE',  ( -25.49999999999999645, 3.122849337825749828E-15, -171.9637028918148474 ) ) ;
#134 = ADVANCED_FACE ( 'NONE', ( #502 ), #284, .T. ) ;
#135 = VECTOR ( 'NONE', #1098, 1000.000000000000000 ) ;
#136 = EDGE_CURVE ( 'NONE', #174, #33, #390, .T. ) ;
#137 = DIRECTION ( 'NONE',  ( 0.000000000000000000, 0.000000000000000000, 1.000000000000000000 ) ) ;
#138 = DIRECTION ( 'NONE',  ( 0.3420201433256666035, 4.188538737676965880E-17, -0.9396926207859090940 ) ) ;
#139 = EDGE_LOOP ( 'NONE', ( #712, #1033, #1381, #420 ) ) ;
#140 = CARTESIAN_POINT ( 'NONE',  ( 27.15695122800053340, 2.250000000000000000, -171.9637028918148474 ) ) ;
#141 = EDGE_CURVE ( 'NONE', #387, #357, #301, .T. ) ;
#142 = DIRECTION ( 'NONE',  ( -0.000000000000000000, -1.000000000000000000, -0.000000000000000000 ) ) ;
#143 = CARTESIAN_POINT ( 'NONE',  ( -2.250000000000016875, -25.65151067676132257, -145.9637028918148474 ) ) ;
#144 = FACE_OUTER_BOUND ( 'NONE', #915, .T. ) ;
#145 = ORIENTED_EDGE ( 'NONE', *, *, #818, .T. ) ;
#146 = DIRECTION ( 'NONE',  ( -0.000000000000000000, -0.000000000000000000, -1.000000000000000000 ) ) ;
#147 = APPLICATION_CONTEXT ( 'configuration controlled 3d designs of mechanical parts and assemblies' ) ;
#148 = CIRCLE ( 'NONE', #938, 106.0000000000000142 ) ;
#149 = CARTESIAN_POINT ( 'NONE',  ( 23.99999999999999289, 0.000000000000000000, -101.2739825042268791 ) ) ;
#150 = VERTEX_POINT ( 'NONE', #1133 ) ;
#151 =( LENGTH_UNIT ( ) NAMED_UNIT ( * ) SI_UNIT ( .MILLI., .METRE. ) );
#152 = TOROIDAL_SURFACE ( 'NONE', #941, 130.0000000000000000, 25.49999999999999645 ) ;
#153 = VERTEX_POINT ( 'NONE', #1377 ) ;
#154 = CC_DESIGN_PERSON_AND_ORGANIZATION_ASSIGNMENT ( #497, #1054, ( #801 ) ) ;
#155 = DIRECTION ( 'NONE',  ( -0.5000000000000037748, 0.000000000000000000, 0.8660254037844363761 ) ) ;
#156 = APPROVAL_PERSON_ORGANIZATION ( #604, #654, #949 ) ;
#157 = ADVANCED_FACE ( 'NONE', ( #487 ), #725, .T. ) ;
#158 = CYLINDRICAL_SURFACE ( 'NONE', #1029, 25.49999999999998934 ) ;
#159 = EDGE_CURVE ( 'NONE', #1296, #1187, #1142, .T. ) ;
#160 = ADVANCED_FACE ( 'NONE', ( #603 ), #8, .F. ) ;
#161 = CARTESIAN_POINT ( 'NONE',  ( 0.000000000000000000, 0.000000000000000000, -75.05553499465095513 ) ) ;
#162 = DIRECTION ( 'NONE',  ( 1.000000000000000000, 0.000000000000000000, 0.000000000000000000 ) ) ;
#163 = ORIENTED_EDGE ( 'NONE', *, *, #778, .F. ) ;
#164 = DIRECTION ( 'NONE',  ( 0.000000000000000000, -1.000000000000000000, 0.000000000000000000 ) ) ;
#165 = TOROIDAL_SURFACE ( 'NONE', #638, 22.25000000000000000, 3.500000000000000000 ) ;
#166 = CARTESIAN_POINT ( 'NONE',  ( 0.000000000000000000, 0.000000000000000000, -101.2739825042268791 ) ) ;
#167 = CARTESIAN_POINT ( 'NONE',  ( 27.24999999999995026, 2.250000000000000000, -145.9637028918148474 ) ) ;
#168 = ORIENTED_EDGE ( 'NONE', *, *, #11, .T. ) ;
#169 = CARTESIAN_POINT ( 'NONE',  ( 0.000000000000000000, 0.000000000000000000, -75.05553499465095513 ) ) ;
#170 = CIRCLE ( 'NONE', #1132, 25.75000000000000355 ) ;
#171 = DIRECTION ( 'NONE',  ( 0.000000000000000000, 0.000000000000000000, 1.000000000000000000 ) ) ;
#172 = CONICAL_SURFACE ( 'NONE', #1134, 27.24999999999999645, 0.3490658503988636197 ) ;
#173 = CARTESIAN_POINT ( 'NONE',  ( -2.250000000000016875, -25.65151067676132257, -171.9637028918148474 ) ) ;
#174 = VERTEX_POINT ( 'NONE', #719 ) ;
#175 = DIRECTION ( 'NONE',  ( 0.8660254037844363761, 0.000000000000000000, 0.5000000000000039968 ) ) ;
#176 = EDGE_CURVE ( 'NONE', #32, #1121, #1042, .T. ) ;
#177 = VECTOR ( 'NONE', #608, 999.9999999999998863 ) ;
#178 = DIRECTION ( 'NONE',  ( 0.000000000000000000, 0.000000000000000000, 1.000000000000000000 ) ) ;
#179 = CIRCLE ( 'NONE', #1074, 23.99999999999998934 ) ;
#180 = PERSON_AND_ORGANIZATION_ROLE ( 'classification_officer' ) ;
#181 = EDGE_CURVE ( 'NONE', #812, #14, #1049, .T. ) ;
#182 = ORIENTED_EDGE ( 'NONE', *, *, #346, .F. ) ;
#183 = DIRECTION ( 'NONE',  ( -0.000000000000000000, -0.000000000000000000, -1.000000000000000000 ) ) ;
#184 = AXIS2_PLACEMENT_3D ( 'NONE', #358, #1375, #849 ) ;
#185 = DIRECTION ( 'NONE',  ( 1.000000000000000000, 0.000000000000000000, 0.000000000000000000 ) ) ;
#186 = AXIS2_PLACEMENT_3D ( 'NONE', #1227, #130, #681 ) ;
#187 = PRODUCT_DEFINITION_SHAPE ( 'NONE', 'NONE',  #859 ) ;
#188 = CARTESIAN_POINT ( 'NONE',  ( 27.15695122800053340, 2.249999999999999112, -171.9637028918148474 ) ) ;
#189 = DATE_AND_TIME ( #414, #872 ) ;
#190 = ORIENTED_EDGE ( 'NONE', *, *, #1065, .T. ) ;
#191 = DIRECTION ( 'NONE',  ( -1.000000000000000000, 0.000000000000000000, 0.000000000000000000 ) ) ;
#192 = ORIENTED_EDGE ( 'NONE', *, *, #1302, .F. ) ;
#193 = VECTOR ( 'NONE', #1035, 1000.000000000000000 ) ;
#194 = DIRECTION ( 'NONE',  ( 0.000000000000000000, 0.000000000000000000, -1.000000000000000000 ) ) ;
#195 = APPROVAL_STATUS ( 'not_yet_approved' ) ;
#196 = AXIS2_PLACEMENT_3D ( 'NONE', #403, #987, #218 ) ;
#197 = CIRCLE ( 'NONE', #736, 25.75000000000000355 ) ;
#198 = VERTEX_POINT ( 'NONE', #620 ) ;
#199 = VERTEX_POINT ( 'NONE', #81 ) ;
#200 = EDGE_CURVE ( 'NONE', #500, #564, #510, .T. ) ;
#201 = DIRECTION ( 'NONE',  ( -0.000000000000000000, 0.000000000000000000, -1.000000000000000000 ) ) ;
#202 = APPROVAL_STATUS ( 'not_yet_approved' ) ;
#203 = VERTEX_POINT ( 'NONE', #302 ) ;
#204 = DIRECTION ( 'NONE',  ( -0.000000000000000000, -0.000000000000000000, -1.000000000000000000 ) ) ;
#205 = ORIENTED_EDGE ( 'NONE', *, *, #601, .T. ) ;
#206 = PLANE ( 'NONE',  #292 ) ;
#207 = AXIS2_PLACEMENT_3D ( 'NONE', #772, #1083, #225 ) ;
#208 = ORIENTED_EDGE ( 'NONE', *, *, #1234, .T. ) ;
#209 = DIRECTION ( 'NONE',  ( 0.000000000000000000, 0.000000000000000000, 1.000000000000000000 ) ) ;
#210 = VERTEX_POINT ( 'NONE', #496 ) ;
#211 = CARTESIAN_POINT ( 'NONE',  ( 136.7499999999999147, 0.000000000000000000, 78.95264931168213707 ) ) ;
#212 = CC_DESIGN_DATE_AND_TIME_ASSIGNMENT ( #76, #1164, ( #1091 ) ) ;
#213 = CARTESIAN_POINT ( 'NONE',  ( 149.5000000000000284, 0.000000000000000000, 56.86900151517902202 ) ) ;
#214 = ORIENTED_EDGE ( 'NONE', *, *, #974, .F. ) ;
#215 = DIRECTION ( 'NONE',  ( 0.000000000000000000, 0.000000000000000000, -1.000000000000000000 ) ) ;
#216 = AXIS2_PLACEMENT_3D ( 'NONE', #276, #171, #602 ) ;
#217 = ORIENTED_EDGE ( 'NONE', *, *, #1175, .F. ) ;
#218 = DIRECTION ( 'NONE',  ( -1.000000000000000000, 0.000000000000000000, 0.000000000000000000 ) ) ;
#219 = EDGE_CURVE ( 'NONE', #108, #751, #479, .T. ) ;
#220 = EDGE_CURVE ( 'NONE', #865, #693, #1224, .T. ) ;
#221 = APPLICATION_CONTEXT ( 'configuration controlled 3d designs of mechanical parts and assemblies' ) ;
#222 = EDGE_CURVE ( 'NONE', #564, #1076, #1200, .T. ) ;
#223 = DIRECTION ( 'NONE',  ( -0.3420201433256666035, 0.000000000000000000, -0.9396926207859090940 ) ) ;
#224 = ORIENTED_EDGE ( 'NONE', *, *, #863, .F. ) ;
#225 = DIRECTION ( 'NONE',  ( -1.000000000000000000, 1.224646799147353947E-16, 0.000000000000000000 ) ) ;
#226 = EDGE_CURVE ( 'NONE', #493, #704, #438, .T. ) ;
#227 = CIRCLE ( 'NONE', #898, 24.39199796489158700 ) ;
#228 = ORIENTED_EDGE ( 'NONE', *, *, #113, .F. ) ;
#229 = LINE ( 'NONE', #338, #777 ) ;
#230 = DIRECTION ( 'NONE',  ( -0.000000000000000000, -0.000000000000000000, -1.000000000000000000 ) ) ;
#231 = ORIENTED_EDGE ( 'NONE', *, *, #988, .T. ) ;
#232 = DIRECTION ( 'NONE',  ( 0.000000000000000000, 1.000000000000000000, 0.000000000000000000 ) ) ;
#233 = ORIENTED_EDGE ( 'NONE', *, *, #530, .T. ) ;
#234 = DIRECTION ( 'NONE',  ( 1.000000000000000000, 0.000000000000000000, -0.000000000000000000 ) ) ;
#235 = CARTESIAN_POINT ( 'NONE',  ( 0.000000000000000000, 0.000000000000000000, -101.2739825042268791 ) ) ;
#236 = CIRCLE ( 'NONE', #622, 5.000000000000000888 ) ;
#237 = AXIS2_PLACEMENT_3D ( 'NONE', #257, #46, #805 ) ;
#238 = ORIENTED_EDGE ( 'NONE', *, *, #950, .F. ) ;
#239 = CARTESIAN_POINT ( 'NONE',  ( -25.65151067676132612, -2.250000000000000000, -171.9637028918148474 ) ) ;
#240 = ORIENTED_EDGE ( 'NONE', *, *, #516, .T. ) ;
#241 = CARTESIAN_POINT ( 'NONE',  ( 0.000000000000000000, 0.000000000000000000, -101.2739825042268791 ) ) ;
#242 = EDGE_CURVE ( 'NONE', #564, #525, #1348, .T. ) ;
#243 = CIRCLE ( 'NONE', #196, 25.75000000000000355 ) ;
#244 = DIRECTION ( 'NONE',  ( 0.8660254037844363761, 0.000000000000000000, 0.5000000000000039968 ) ) ;
#245 = DIRECTION ( 'NONE',  ( -1.000000000000000000, 0.000000000000000000, 0.000000000000000000 ) ) ;
#246 = CARTESIAN_POINT ( 'NONE',  ( 27.15695122800053340, -2.250000000000000000, -145.9637028918148474 ) ) ;
#247 = EDGE_LOOP ( 'NONE', ( #92, #324, #655, #1153, #90, #521, #843, #344, #944, #792, #145, #224 ) ) ;
#248 = FACE_OUTER_BOUND ( 'NONE', #1095, .T. ) ;
#249 = FACE_OUTER_BOUND ( 'NONE', #961, .T. ) ;
#250 = CARTESIAN_POINT ( 'NONE',  ( 25.49999999999999645, 0.000000000000000000, -75.05553499465095513 ) ) ;
#251 = LINE ( 'NONE', #458, #558 ) ;
#252 = CIRCLE ( 'NONE', #50, 25.49999999999999645 ) ;
#253 = ORIENTED_EDGE ( 'NONE', *, *, #346, .T. ) ;
#254 = CARTESIAN_POINT ( 'NONE',  ( 76.99999999999951683, 0.000000000000000000, 16.74315780649928698 ) ) ;
#255 = CARTESIAN_POINT ( 'NONE',  ( -2.250000000000015987, -25.65151067676131902, -171.9637028918148474 ) ) ;
#256 = APPROVAL ( #195, 'UNSPECIFIED' ) ;
#257 = CARTESIAN_POINT ( 'NONE',  ( 0.000000000000000000, 0.000000000000000000, -106.9637028918148189 ) ) ;
#258 = CARTESIAN_POINT ( 'NONE',  ( 2.249999999999982236, 27.15695122800054051, -171.9637028918148474 ) ) ;
#259 = ORIENTED_EDGE ( 'NONE', *, *, #1215, .F. ) ;
#260 = CARTESIAN_POINT ( 'NONE',  ( 0.000000000000000000, 0.000000000000000000, -171.9637028918148474 ) ) ;
#261 = ADVANCED_FACE ( 'NONE', ( #927 ), #1354, .T. ) ;
#262 = EDGE_CURVE ( 'NONE', #807, #482, #236, .T. ) ;
#263 = AXIS2_PLACEMENT_3D ( 'NONE', #913, #361, #370 ) ;
#264 = EDGE_CURVE ( 'NONE', #102, #331, #44, .T. ) ;
#265 = DIRECTION ( 'NONE',  ( -0.000000000000000000, -1.000000000000000000, -0.000000000000000000 ) ) ;
#266 = DIRECTION ( 'NONE',  ( -1.000000000000000000, 0.000000000000000000, 0.000000000000000000 ) ) ;
#267 = AXIS2_PLACEMENT_3D ( 'NONE', #1392, #557, #118 ) ;
#268 = ORIENTED_EDGE ( 'NONE', *, *, #141, .T. ) ;
#269 = CARTESIAN_POINT ( 'NONE',  ( -8.110406794710987958E-15, 0.000000000000000000, -145.9637028918148474 ) ) ;
#270 = DIRECTION ( 'NONE',  ( -0.000000000000000000, -0.000000000000000000, -1.000000000000000000 ) ) ;
#271 = DIRECTION ( 'NONE',  ( -5.551115123125782702E-17, 0.000000000000000000, -1.000000000000000000 ) ) ;
#272 = LINE ( 'NONE', #167, #1000 ) ;
#273 = ORIENTED_EDGE ( 'NONE', *, *, #1130, .T. ) ;
#274 = DIRECTION ( 'NONE',  ( 0.3420201433256666035, 4.188538737676965880E-17, -0.9396926207859090940 ) ) ;
#275 = AXIS2_PLACEMENT_3D ( 'NONE', #1214, #813, #155 ) ;
#276 = CARTESIAN_POINT ( 'NONE',  ( 0.000000000000000000, 0.000000000000000000, -101.2739825042268791 ) ) ;
#277 = DIRECTION ( 'NONE',  ( -1.000000000000000000, 0.000000000000000000, 0.000000000000000000 ) ) ;
#278 = EDGE_CURVE ( 'NONE', #296, #36, #661, .T. ) ;
#279 = ORIENTED_EDGE ( 'NONE', *, *, #761, .T. ) ;
#280 = CARTESIAN_POINT ( 'NONE',  ( 25.84046106882113136, 3.164543793642359388E-15, -107.4767331068033229 ) ) ;
#281 = ADVANCED_FACE ( 'NONE', ( #1304 ), #1325, .T. ) ;
#282 = LINE ( 'NONE', #918, #672 ) ;
#283 = EDGE_CURVE ( 'NONE', #751, #108, #540, .T. ) ;
#284 = PLANE ( 'NONE',  #1152 ) ;
#285 = DATE_AND_TIME ( #1372, #627 ) ;
#286 = ORIENTED_EDGE ( 'NONE', *, *, #323, .T. ) ;
#287 = DIRECTION ( 'NONE',  ( -1.000000000000000000, 0.000000000000000000, 0.000000000000000000 ) ) ;
#288 = ORIENTED_EDGE ( 'NONE', *, *, #1130, .F. ) ;
#289 = ADVANCED_FACE ( 'NONE', ( #424 ), #875, .T. ) ;
#290 = CIRCLE ( 'NONE', #894, 25.75000000000000355 ) ;
#291 = CARTESIAN_POINT ( 'NONE',  ( 0.000000000000000000, 0.000000000000000000, -106.1352370787288208 ) ) ;
#292 = AXIS2_PLACEMENT_3D ( 'NONE', #1059, #101, #1189 ) ;
#293 = ADVANCED_BREP_SHAPE_REPRESENTATION ( '79-8468 - 51mm 60deg', ( #124, #514 ), #689 ) ;
#294 = DIRECTION ( 'NONE',  ( 0.000000000000000000, 0.000000000000000000, 1.000000000000000000 ) ) ;
#295 = APPROVAL_DATE_TIME ( #82, #654 ) ;
#296 = VERTEX_POINT ( 'NONE', #418 ) ;
#297 = DIRECTION ( 'NONE',  ( 1.000000000000000000, 0.000000000000000000, 0.000000000000000000 ) ) ;
#298 = VERTEX_POINT ( 'NONE', #853 ) ;
#299 = AXIS2_PLACEMENT_3D ( 'NONE', #1357, #606, #515 ) ;
#300 = CARTESIAN_POINT ( 'NONE',  ( 25.65151067676131191, -2.250000000000000000, -171.9637028918148474 ) ) ;
#301 = CIRCLE ( 'NONE', #1331, 25.75000000000000355 ) ;
#302 = CARTESIAN_POINT ( 'NONE',  ( -27.15695122800055117, -2.250000000000000000, -171.9637028918148474 ) ) ;
#303 = ORIENTED_EDGE ( 'NONE', *, *, #1183, .F. ) ;
#304 = CYLINDRICAL_SURFACE ( 'NONE', #973, 25.75000000000000355 ) ;
#305 = ORIENTED_EDGE ( 'NONE', *, *, #110, .F. ) ;
#306 = ADVANCED_FACE ( 'NONE', ( #1163 ), #1294, .T. ) ;
#307 = CIRCLE ( 'NONE', #59, 27.25000000000000355 ) ;
#308 = DIRECTION ( 'NONE',  ( -0.000000000000000000, -0.000000000000000000, 1.000000000000000000 ) ) ;
#309 = APPROVAL_STATUS ( 'not_yet_approved' ) ;
#310 = CIRCLE ( 'NONE', #61, 25.75000000000000355 ) ;
#311 = CC_DESIGN_APPROVAL ( #6, ( #801 ) ) ;
#312 = VERTEX_POINT ( 'NONE', #213 ) ;
#313 = FACE_OUTER_BOUND ( 'NONE', #20, .T. ) ;
#314 = VECTOR ( 'NONE', #1090, 1000.000000000000000 ) ;
#315 = DIRECTION ( 'NONE',  ( 0.000000000000000000, -1.000000000000000000, 0.000000000000000000 ) ) ;
#316 = AXIS2_PLACEMENT_3D ( 'NONE', #359, #1204, #784 ) ;
#317 = ORIENTED_EDGE ( 'NONE', *, *, #847, .F. ) ;
#318 = ORIENTED_EDGE ( 'NONE', *, *, #176, .F. ) ;
#319 = DIRECTION ( 'NONE',  ( 0.000000000000000000, 0.000000000000000000, -1.000000000000000000 ) ) ;
#320 = ORIENTED_EDGE ( 'NONE', *, *, #821, .F. ) ;
#321 = DIRECTION ( 'NONE',  ( 0.000000000000000000, -0.000000000000000000, -1.000000000000000000 ) ) ;
#322 = EDGE_CURVE ( 'NONE', #1121, #203, #645, .T. ) ;
#323 = EDGE_CURVE ( 'NONE', #541, #1376, #227, .T. ) ;
#324 = ORIENTED_EDGE ( 'NONE', *, *, #512, .T. ) ;
#325 = CARTESIAN_POINT ( 'NONE',  ( -2.250000000000016875, 27.24999999999999645, -145.9637028918148474 ) ) ;
#326 = ADVANCED_FACE ( 'NONE', ( #651 ), #1067, .T. ) ;
#327 = DIRECTION ( 'NONE',  ( -0.5000000000000041078, 0.000000000000000000, 0.8660254037844362651 ) ) ;
#328 = VERTEX_POINT ( 'NONE', #860 ) ;
#329 = DIRECTION ( 'NONE',  ( -0.000000000000000000, -0.000000000000000000, -1.000000000000000000 ) ) ;
#330 = VECTOR ( 'NONE', #1094, 1000.000000000000000 ) ;
#331 = VERTEX_POINT ( 'NONE', #114 ) ;
#332 = FACE_OUTER_BOUND ( 'NONE', #475, .T. ) ;
#333 = AXIS2_PLACEMENT_3D ( 'NONE', #355, #41, #779 ) ;
#334 = CARTESIAN_POINT ( 'NONE',  ( -4.055203397355493979E-15, 0.000000000000000000, -107.8453377953571390 ) ) ;
#335 = EDGE_LOOP ( 'NONE', ( #39, #1038, #231, #996 ) ) ;
#336 = CARTESIAN_POINT ( 'NONE',  ( -8.110406794710987958E-15, 0.000000000000000000, -107.8453377953571390 ) ) ;
#337 = ORIENTED_EDGE ( 'NONE', *, *, #1318, .F. ) ;
#338 = CARTESIAN_POINT ( 'NONE',  ( 27.24999999999995026, 2.250000000000000000, -171.9637028918148474 ) ) ;
#339 = CARTESIAN_POINT ( 'NONE',  ( -25.49999999999999645, 3.122849337825749828E-15, -75.05553499465095513 ) ) ;
#340 = CONICAL_SURFACE ( 'NONE', #1330, 25.84046106882113136, 0.3490658503988636197 ) ;
#341 = ADVANCED_FACE ( 'NONE', ( #547 ), #206, .T. ) ;
#342 = ORIENTED_EDGE ( 'NONE', *, *, #926, .T. ) ;
#343 = CARTESIAN_POINT ( 'NONE',  ( -25.65151067676132612, 2.249999999999999112, -171.9637028918148474 ) ) ;
#344 = ORIENTED_EDGE ( 'NONE', *, *, #1172, .F. ) ;
#345 = DIRECTION ( 'NONE',  ( -0.000000000000000000, 0.000000000000000000, -1.000000000000000000 ) ) ;
#346 = EDGE_CURVE ( 'NONE', #1373, #1004, #179, .T. ) ;
#347 = CARTESIAN_POINT ( 'NONE',  ( 0.000000000000000000, 0.000000000000000000, -103.4971134358437155 ) ) ;
#348 = CARTESIAN_POINT ( 'NONE',  ( -25.65151067676132612, -2.249999999999999112, -145.9637028918148474 ) ) ;
#349 = DIRECTION ( 'NONE',  ( 1.000000000000000000, 0.000000000000000000, 0.000000000000000000 ) ) ;
#350 = ORIENTED_EDGE ( 'NONE', *, *, #963, .T. ) ;
#351 = DIRECTION ( 'NONE',  ( -1.000000000000000000, 0.000000000000000000, 0.000000000000000000 ) ) ;
#352 = CIRCLE ( 'NONE', #37, 25.49999999999999645 ) ;
#353 = DIRECTION ( 'NONE',  ( -0.8660254037844363761, 0.000000000000000000, -0.5000000000000038858 ) ) ;
#354 = CARTESIAN_POINT ( 'NONE',  ( 27.24999999999999645, 3.337162527676537915E-15, -107.8453377953571390 ) ) ;
#355 = CARTESIAN_POINT ( 'NONE',  ( 0.000000000000000000, 0.000000000000000000, -101.2739825042268791 ) ) ;
#356 = AXIS2_PLACEMENT_3D ( 'NONE', #1012, #353, #52 ) ;
#357 = VERTEX_POINT ( 'NONE', #868 ) ;
#358 = CARTESIAN_POINT ( 'NONE',  ( -8.110406794710987958E-15, 0.000000000000000000, -145.9637028918148474 ) ) ;
#359 = CARTESIAN_POINT ( 'NONE',  ( 22.24999999999999645, 0.000000000000000000, -107.8453377953571390 ) ) ;
#360 = ORIENTED_EDGE ( 'NONE', *, *, #11, .F. ) ;
#361 = DIRECTION ( 'NONE',  ( 0.000000000000000000, 0.000000000000000000, -1.000000000000000000 ) ) ;
#362 = CIRCLE ( 'NONE', #299, 6.500000000000002665 ) ;
#363 = EDGE_CURVE ( 'NONE', #482, #427, #754, .T. ) ;
#364 = ORIENTED_EDGE ( 'NONE', *, *, #283, .F. ) ;
#365 = CYLINDRICAL_SURFACE ( 'NONE', #724, 23.99999999999999289 ) ;
#366 = VECTOR ( 'NONE', #990, 999.9999999999998863 ) ;
#367 = ADVANCED_FACE ( 'NONE', ( #7 ), #426, .F. ) ;
#368 = AXIS2_PLACEMENT_3D ( 'NONE', #728, #838, #816 ) ;
#369 = CARTESIAN_POINT ( 'NONE',  ( 64.99999999999941735, 0.000000000000000000, 37.52776749732575468 ) ) ;
#370 = DIRECTION ( 'NONE',  ( -1.000000000000000000, 0.000000000000000000, 0.000000000000000000 ) ) ;
#371 = AXIS2_PLACEMENT_3D ( 'NONE', #480, #1008, #904 ) ;
#372 = ORIENTED_EDGE ( 'NONE', *, *, #100, .T. ) ;
#373 = DIRECTION ( 'NONE',  ( -0.000000000000000000, -0.000000000000000000, -1.000000000000000000 ) ) ;
#374 = AXIS2_PLACEMENT_3D ( 'NONE', #551, #234, #442 ) ;
#375 = CIRCLE ( 'NONE', #19, 26.94846310392954436 ) ;
#376 = DIRECTION ( 'NONE',  ( 0.000000000000000000, 0.000000000000000000, 1.000000000000000000 ) ) ;
#377 = DIRECTION ( 'NONE',  ( -1.000000000000000000, 0.000000000000000000, 0.000000000000000000 ) ) ;
#378 = PLANE ( 'NONE',  #578 ) ;
#379 = ORIENTED_EDGE ( 'NONE', *, *, #159, .F. ) ;
#380 = LINE ( 'NONE', #1335, #1089 ) ;
#381 = CARTESIAN_POINT ( 'NONE',  ( 64.99999999999948841, 0.000000000000000000, 37.52776749732568362 ) ) ;
#382 = EDGE_CURVE ( 'NONE', #4, #117, #954, .T. ) ;
#383 = DIRECTION ( 'NONE',  ( 1.000000000000000000, 0.000000000000000000, 0.000000000000000000 ) ) ;
#384 = EDGE_CURVE ( 'NONE', #117, #33, #910, .T. ) ;
#385 = ORIENTED_EDGE ( 'NONE', *, *, #1370, .T. ) ;
#386 = DIRECTION ( 'NONE',  ( 1.000000000000000000, 0.000000000000000000, 0.000000000000000000 ) ) ;
#387 = VERTEX_POINT ( 'NONE', #999 ) ;
#388 = AXIS2_PLACEMENT_3D ( 'NONE', #169, #1024, #386 ) ;
#389 = DIRECTION ( 'NONE',  ( -1.000000000000000000, 0.000000000000000000, 0.000000000000000000 ) ) ;
#390 = LINE ( 'NONE', #75, #546 ) ;
#391 = EDGE_CURVE ( 'NONE', #647, #427, #922, .T. ) ;
#392 = ORIENTED_EDGE ( 'NONE', *, *, #74, .T. ) ;
#393 = CARTESIAN_POINT ( 'NONE',  ( -8.110406794710987958E-15, 0.000000000000000000, -145.9637028918148474 ) ) ;
#394 = UNCERTAINTY_MEASURE_WITH_UNIT (LENGTH_MEASURE( 1.000000000000000082E-05 ), #151, 'distance_accuracy_value', 'NONE');
#395 = EDGE_LOOP ( 'NONE', ( #217, #1350, #588, #827 ) ) ;
#396 = CARTESIAN_POINT ( 'NONE',  ( -8.110406794710987958E-15, 0.000000000000000000, -107.8453377953571390 ) ) ;
#397 = ORGANIZATION ( 'UNSPECIFIED', 'UNSPECIFIED', '' ) ;
#398 = DIRECTION ( 'NONE',  ( 0.000000000000000000, 1.000000000000000000, 0.000000000000000000 ) ) ;
#399 = COORDINATED_UNIVERSAL_TIME_OFFSET ( 1, 0, .AHEAD. ) ;
#400 = ORIENTED_EDGE ( 'NONE', *, *, #220, .T. ) ;
#401 = DIRECTION ( 'NONE',  ( 0.000000000000000000, 0.000000000000000000, 1.000000000000000000 ) ) ;
#402 = ORIENTED_EDGE ( 'NONE', *, *, #1303, .T. ) ;
#403 = CARTESIAN_POINT ( 'NONE',  ( -8.110406794710987958E-15, 0.000000000000000000, -171.9637028918148474 ) ) ;
#404 = PRODUCT_RELATED_PRODUCT_CATEGORY ( 'detail', '', ( #617 ) ) ;
#405 = DIRECTION ( 'NONE',  ( -1.000000000000000000, 0.000000000000000000, 0.000000000000000000 ) ) ;
#406 = APPROVAL_ROLE ( '' ) ;
#407 = EDGE_CURVE ( 'NONE', #946, #108, #852, .T. ) ;
#408 = ORIENTED_EDGE ( 'NONE', *, *, #54, .T. ) ;
#409 = DIRECTION ( 'NONE',  ( 0.5000000000000038858, 0.000000000000000000, -0.8660254037844364872 ) ) ;
#410 = EDGE_CURVE ( 'NONE', #704, #865, #690, .T. ) ;
#411 = AXIS2_PLACEMENT_3D ( 'NONE', #808, #373, #795 ) ;
#412 = CIRCLE ( 'NONE', #615, 23.99999999999999289 ) ;
#413 = DIRECTION ( 'NONE',  ( -1.000000000000000000, 0.000000000000000000, 0.000000000000000000 ) ) ;
#414 = CALENDAR_DATE ( 2026, 16, 9 ) ;
#415 = VERTEX_POINT ( 'NONE', #339 ) ;
#416 = CARTESIAN_POINT ( 'NONE',  ( 0.000000000000000000, 0.000000000000000000, -107.4767331068033229 ) ) ;
#417 = CIRCLE ( 'NONE', #733, 23.99999999999999289 ) ;
#418 = CARTESIAN_POINT ( 'NONE',  ( 25.49999999999999645, 0.000000000000000000, -101.2739825042268791 ) ) ;
#419 = AXIS2_PLACEMENT_3D ( 'NONE', #126, #1073, #781 ) ;
#420 = ORIENTED_EDGE ( 'NONE', *, *, #881, .F. ) ;
#421 = CARTESIAN_POINT ( 'NONE',  ( -4.055203397355493979E-15, 0.000000000000000000, -107.8453377953571390 ) ) ;
#422 = ORIENTED_EDGE ( 'NONE', *, *, #968, .F. ) ;
#423 = CIRCLE ( 'NONE', #356, 25.49999999999999645 ) ;
#424 = FACE_OUTER_BOUND ( 'NONE', #623, .T. ) ;
#425 = ADVANCED_FACE ( 'NONE', ( #24 ), #1210, .T. ) ;
#426 = TOROIDAL_SURFACE ( 'NONE', #1280, 22.25000000000000000, 3.500000000000000000 ) ;
#427 = VERTEX_POINT ( 'NONE', #895 ) ;
#428 = CARTESIAN_POINT ( 'NONE',  ( 130.0000000000000000, 0.000000000000000000, -75.05553499465096934 ) ) ;
#429 = ORIENTED_EDGE ( 'NONE', *, *, #863, .T. ) ;
#430 = PLANE ( 'NONE',  #600 ) ;
#431 = EDGE_CURVE ( 'NONE', #36, #1305, #1097, .T. ) ;
#432 = AXIS2_PLACEMENT_3D ( 'NONE', #336, #131, #871 ) ;
#433 = CARTESIAN_POINT ( 'NONE',  ( -2.250000000000016875, 27.24999999999999645, -145.9637028918148474 ) ) ;
#434 = ORIENTED_EDGE ( 'NONE', *, *, #1088, .F. ) ;
#435 = DIRECTION ( 'NONE',  ( -1.000000000000000000, 0.000000000000000000, 0.000000000000000000 ) ) ;
#436 = ORIENTED_EDGE ( 'NONE', *, *, #657, .T. ) ;
#437 = DIRECTION ( 'NONE',  ( 1.000000000000000000, 0.000000000000000000, 0.000000000000000000 ) ) ;
#438 = CIRCLE ( 'NONE', #58, 23.99999999999999289 ) ;
#439 = ORIENTED_EDGE ( 'NONE', *, *, #1303, .F. ) ;
#440 = CARTESIAN_POINT ( 'NONE',  ( 27.24999999999995026, -2.250000000000000000, -145.9637028918148474 ) ) ;
#441 = VERTEX_POINT ( 'NONE', #1310 ) ;
#442 = DIRECTION ( 'NONE',  ( -0.000000000000000000, 0.000000000000000000, -1.000000000000000000 ) ) ;
#443 = VECTOR ( 'NONE', #10, 1000.000000000000114 ) ;
#444 = CARTESIAN_POINT ( 'NONE',  ( -27.24999999999999645, 0.000000000000000000, -106.9637028918148189 ) ) ;
#445 = VERTEX_POINT ( 'NONE', #888 ) ;
#446 = DIRECTION ( 'NONE',  ( 0.000000000000000000, 1.000000000000000000, 0.000000000000000000 ) ) ;
#447 = EDGE_CURVE ( 'NONE', #198, #387, #995, .T. ) ;
#448 = ORIENTED_EDGE ( 'NONE', *, *, #907, .T. ) ;
#449 = DIRECTION ( 'NONE',  ( -0.000000000000000000, -0.000000000000000000, -1.000000000000000000 ) ) ;
#450 = CARTESIAN_POINT ( 'NONE',  ( -8.110406794710987958E-15, 0.000000000000000000, -171.9637028918148474 ) ) ;
#451 = AXIS2_PLACEMENT_3D ( 'NONE', #393, #1277, #1154 ) ;
#452 = CARTESIAN_POINT ( 'NONE',  ( -27.15695122800055117, 2.250000000000000000, -171.9637028918148474 ) ) ;
#453 = CARTESIAN_POINT ( 'NONE',  ( 76.99999999999953104, 0.000000000000000000, 16.74315780649929408 ) ) ;
#454 = ORIENTED_EDGE ( 'NONE', *, *, #384, .F. ) ;
#455 = DIRECTION ( 'NONE',  ( -0.000000000000000000, -0.000000000000000000, -1.000000000000000000 ) ) ;
#456 = DIRECTION ( 'NONE',  ( -1.000000000000000000, 0.000000000000000000, 0.000000000000000000 ) ) ;
#457 = CARTESIAN_POINT ( 'NONE',  ( 2.249999999999983125, 25.65151067676132257, -145.9637028918148474 ) ) ;
#458 = CARTESIAN_POINT ( 'NONE',  ( 27.24999999999995026, -2.250000000000000000, -145.9637028918148474 ) ) ;
#459 = EDGE_LOOP ( 'NONE', ( #77, #575, #132, #548 ) ) ;
#460 = EDGE_CURVE ( 'NONE', #4, #174, #1326, .T. ) ;
#461 = CARTESIAN_POINT ( 'NONE',  ( -27.15695122800055117, -2.250000000000000000, -145.9637028918148474 ) ) ;
#462 = VECTOR ( 'NONE', #1136, 1000.000000000000000 ) ;
#463 = DIRECTION ( 'NONE',  ( -0.000000000000000000, -0.000000000000000000, 1.000000000000000000 ) ) ;
#464 = ADVANCED_FACE ( 'NONE', ( #249 ), #673, .F. ) ;
#465 = DIRECTION ( 'NONE',  ( 1.000000000000000000, 0.000000000000000000, 0.000000000000000000 ) ) ;
#466 = DIRECTION ( 'NONE',  ( 0.000000000000000000, -0.000000000000000000, -1.000000000000000000 ) ) ;
#467 = EDGE_CURVE ( 'NONE', #1376, #541, #1071, .T. ) ;
#468 = AXIS2_PLACEMENT_3D ( 'NONE', #809, #804, #485 ) ;
#469 = EDGE_LOOP ( 'NONE', ( #238, #700, #726, #899 ) ) ;
#470 = DIRECTION ( 'NONE',  ( -0.000000000000000000, -0.000000000000000000, -1.000000000000000000 ) ) ;
#471 = EDGE_CURVE ( 'NONE', #1187, #97, #290, .T. ) ;
#472 = DIRECTION ( 'NONE',  ( 0.000000000000000000, 1.000000000000000000, 0.000000000000000000 ) ) ;
#473 = LINE ( 'NONE', #1099, #596 ) ;
#474 = CIRCLE ( 'NONE', #545, 27.25000000000000000 ) ;
#475 = EDGE_LOOP ( 'NONE', ( #434, #742, #27, #286 ) ) ;
#476 = CARTESIAN_POINT ( 'NONE',  ( 23.99999999999999289, 0.000000000000000000, -171.9637028918148474 ) ) ;
#477 = CIRCLE ( 'NONE', #186, 25.49999999999999645 ) ;
#478 = CARTESIAN_POINT ( 'NONE',  ( 27.15695122800053340, -2.250000000000000000, -171.9637028918148474 ) ) ;
#479 = CIRCLE ( 'NONE', #368, 25.53892417275068283 ) ;
#480 = CARTESIAN_POINT ( 'NONE',  ( -9.545903117514622913E-15, 0.000000000000000000, -145.9637028918148474 ) ) ;
#481 = DIRECTION ( 'NONE',  ( 1.000000000000000000, 0.000000000000000000, 0.000000000000000000 ) ) ;
#482 = VERTEX_POINT ( 'NONE', #796 ) ;
#483 = LINE ( 'NONE', #280, #1261 ) ;
#484 = TOROIDAL_SURFACE ( 'NONE', #1002, 22.25000000000000000, 5.000000000000000000 ) ;
#485 = DIRECTION ( 'NONE',  ( -1.000000000000000000, 0.000000000000000000, 0.000000000000000000 ) ) ;
#486 = ADVANCED_FACE ( 'NONE', ( #775 ), #850, .F. ) ;
#487 = FACE_OUTER_BOUND ( 'NONE', #829, .T. ) ;
#488 = CYLINDRICAL_SURFACE ( 'NONE', #1293, 23.99999999999999289 ) ;
#489 = ORIENTED_EDGE ( 'NONE', *, *, #323, .F. ) ;
#490 = DIRECTION ( 'NONE',  ( -0.000000000000000000, -0.000000000000000000, 1.000000000000000000 ) ) ;
#491 = AXIS2_PLACEMENT_3D ( 'NONE', #291, #1019, #702 ) ;
#492 = AXIS2_PLACEMENT_3D ( 'NONE', #450, #45, #456 ) ;
#493 = VERTEX_POINT ( 'NONE', #149 ) ;
#494 = DIRECTION ( 'NONE',  ( -0.5000000000000041078, 0.000000000000000000, 0.8660254037844362651 ) ) ;
#495 = EDGE_CURVE ( 'NONE', #1356, #97, #580, .T. ) ;
#496 = CARTESIAN_POINT ( 'NONE',  ( -2.250000000000016875, 27.15695122800053696, -171.9637028918148474 ) ) ;
#497 = PERSON_AND_ORGANIZATION ( #932, #397 ) ;
#498 = ORIENTED_EDGE ( 'NONE', *, *, #382, .F. ) ;
#499 = FACE_OUTER_BOUND ( 'NONE', #1254, .T. ) ;
#500 = VERTEX_POINT ( 'NONE', #478 ) ;
#501 = DIRECTION ( 'NONE',  ( -0.8660254037844363761, 0.000000000000000000, -0.5000000000000038858 ) ) ;
#502 = FACE_OUTER_BOUND ( 'NONE', #1135, .T. ) ;
#503 = PERSON_AND_ORGANIZATION_ROLE ( 'design_owner' ) ;
#504 = ORIENTED_EDGE ( 'NONE', *, *, #554, .T. ) ;
#505 = LINE ( 'NONE', #1256, #95 ) ;
#506 = ADVANCED_FACE ( 'NONE', ( #1006 ), #158, .T. ) ;
#507 = ORIENTED_EDGE ( 'NONE', *, *, #717, .T. ) ;
#508 = DIRECTION ( 'NONE',  ( 0.5000000000000039968, 0.000000000000000000, -0.8660254037844362651 ) ) ;
#509 = AXIS2_PLACEMENT_3D ( 'NONE', #1178, #885, #215 ) ;
#510 = LINE ( 'NONE', #1371, #552 ) ;
#511 = EDGE_CURVE ( 'NONE', #84, #312, #423, .T. ) ;
#512 = EDGE_CURVE ( 'NONE', #102, #647, #964, .T. ) ;
#513 = ORIENTED_EDGE ( 'NONE', *, *, #283, .T. ) ;
#514 = AXIS2_PLACEMENT_3D ( 'NONE', #1015, #55, #481 ) ;
#515 = DIRECTION ( 'NONE',  ( -1.000000000000000000, 1.224646799147352468E-16, 0.000000000000000000 ) ) ;
#516 = EDGE_CURVE ( 'NONE', #427, #331, #607, .T. ) ;
#517 = ORIENTED_EDGE ( 'NONE', *, *, #40, .T. ) ;
#518 = CC_DESIGN_APPROVAL ( #654, ( #1091 ) ) ;
#519 = DIRECTION ( 'NONE',  ( -5.551115123125782702E-17, 0.000000000000000000, -1.000000000000000000 ) ) ;
#520 = PERSON_AND_ORGANIZATION ( #932, #397 ) ;
#521 = ORIENTED_EDGE ( 'NONE', *, *, #994, .F. ) ;
#522 = FACE_OUTER_BOUND ( 'NONE', #1179, .T. ) ;
#523 = VERTEX_POINT ( 'NONE', #60 ) ;
#524 = DIRECTION ( 'NONE',  ( 1.000000000000000000, 0.000000000000000000, -0.000000000000000000 ) ) ;
#525 = VERTEX_POINT ( 'NONE', #67 ) ;
#526 = CARTESIAN_POINT ( 'NONE',  ( -8.110406794710987958E-15, 0.000000000000000000, -171.9637028918148474 ) ) ;
#527 = ORIENTED_EDGE ( 'NONE', *, *, #141, .F. ) ;
#528 = EDGE_CURVE ( 'NONE', #693, #1373, #644, .T. ) ;
#529 = CARTESIAN_POINT ( 'NONE',  ( -30.49999999999999645, 3.735172737399426752E-15, -101.2739825042268791 ) ) ;
#530 = EDGE_CURVE ( 'NONE', #415, #150, #714, .T. ) ;
#531 = AXIS2_PLACEMENT_3D ( 'NONE', #1229, #1108, #909 ) ;
#532 = ORIENTED_EDGE ( 'NONE', *, *, #200, .T. ) ;
#533 = CARTESIAN_POINT ( 'NONE',  ( -8.110406794710987958E-15, 0.000000000000000000, -145.9637028918148474 ) ) ;
#534 = EDGE_CURVE ( 'NONE', #1016, #976, #107, .T. ) ;
#535 = ORIENTED_EDGE ( 'NONE', *, *, #363, .F. ) ;
#536 = CARTESIAN_POINT ( 'NONE',  ( 52.99999999999932498, 2.939152317953647106E-15, 58.31237718815221882 ) ) ;
#537 = AXIS2_PLACEMENT_3D ( 'NONE', #1243, #1259, #1353 ) ;
#538 = CARTESIAN_POINT ( 'NONE',  ( 27.24999999999995026, -2.250000000000000000, -171.9637028918148474 ) ) ;
#539 = EDGE_CURVE ( 'NONE', #693, #1248, #1275, .T. ) ;
#540 = CIRCLE ( 'NONE', #584, 25.53892417275068283 ) ;
#541 = VERTEX_POINT ( 'NONE', #1027 ) ;
#542 = DIRECTION ( 'NONE',  ( 0.000000000000000000, 1.000000000000000000, 0.000000000000000000 ) ) ;
#543 = ORIENTED_EDGE ( 'NONE', *, *, #181, .T. ) ;
#544 = LINE ( 'NONE', #1193, #1339 ) ;
#545 = AXIS2_PLACEMENT_3D ( 'NONE', #598, #583, #49 ) ;
#546 = VECTOR ( 'NONE', #1244, 1000.000000000000000 ) ;
#547 = FACE_OUTER_BOUND ( 'NONE', #1235, .T. ) ;
#548 = ORIENTED_EDGE ( 'NONE', *, *, #1258, .F. ) ;
#549 = DIRECTION ( 'NONE',  ( 0.000000000000000000, 0.000000000000000000, 1.000000000000000000 ) ) ;
#550 = ORIENTED_EDGE ( 'NONE', *, *, #1345, .T. ) ;
#551 = CARTESIAN_POINT ( 'NONE',  ( 2.249999999999983125, 27.24999999999999645, -145.9637028918148474 ) ) ;
#552 = VECTOR ( 'NONE', #405, 1000.000000000000000 ) ;
#553 = DIRECTION ( 'NONE',  ( 0.000000000000000000, 0.000000000000000000, 1.000000000000000000 ) ) ;
#554 = EDGE_CURVE ( 'NONE', #210, #1296, #282, .T. ) ;
#555 = ORIENTED_EDGE ( 'NONE', *, *, #883, .T. ) ;
#556 = CIRCLE ( 'NONE', #981, 23.99999999999998934 ) ;
#557 = DIRECTION ( 'NONE',  ( 0.000000000000000000, 0.000000000000000000, -1.000000000000000000 ) ) ;
#558 = VECTOR ( 'NONE', #682, 1000.000000000000000 ) ;
#559 = ORIENTED_EDGE ( 'NONE', *, *, #867, .T. ) ;
#560 = PLANE ( 'NONE',  #707 ) ;
#561 = DIRECTION ( 'NONE',  ( 1.224646799147353207E-16, 1.000000000000000000, -0.000000000000000000 ) ) ;
#562 = DIRECTION ( 'NONE',  ( -1.000000000000000000, 0.000000000000000000, 0.000000000000000000 ) ) ;
#563 = CARTESIAN_POINT ( 'NONE',  ( -2.250000000000016875, 25.65151067676132257, -145.9637028918148474 ) ) ;
#564 = VERTEX_POINT ( 'NONE', #300 ) ;
#565 = CARTESIAN_POINT ( 'NONE',  ( 27.24999999999995026, 2.250000000000000000, -145.9637028918148474 ) ) ;
#566 = DIRECTION ( 'NONE',  ( -1.000000000000000000, 0.000000000000000000, 0.000000000000000000 ) ) ;
#567 = DIRECTION ( 'NONE',  ( 0.8660254037844363761, 0.000000000000000000, 0.5000000000000039968 ) ) ;
#568 = EDGE_LOOP ( 'NONE', ( #168, #1328, #214, #822, #1113, #856, #670, #616, #908, #259, #834, #317 ) ) ;
#569 = FACE_OUTER_BOUND ( 'NONE', #1246, .T. ) ;
#570 = ADVANCED_FACE ( 'NONE', ( #1123 ), #708, .T. ) ;
#571 = ADVANCED_FACE ( 'NONE', ( #1346 ), #484, .T. ) ;
#572 = DIRECTION ( 'NONE',  ( -0.000000000000000000, -1.000000000000000000, -0.000000000000000000 ) ) ;
#573 = CARTESIAN_POINT ( 'NONE',  ( 77.74999999999951683, 0.000000000000000000, 15.44411970082263252 ) ) ;
#574 = DIRECTION ( 'NONE',  ( -0.000000000000000000, -1.000000000000000000, -0.000000000000000000 ) ) ;
#575 = ORIENTED_EDGE ( 'NONE', *, *, #1088, .T. ) ;
#576 = LINE ( 'NONE', #701, #1315 ) ;
#577 = EDGE_CURVE ( 'NONE', #1248, #693, #798, .T. ) ;
#578 = AXIS2_PLACEMENT_3D ( 'NONE', #1112, #1100, #466 ) ;
#579 = VECTOR ( 'NONE', #28, 1000.000000000000000 ) ;
#580 = LINE ( 'NONE', #1117, #1251 ) ;
#581 = PLANE ( 'NONE',  #371 ) ;
#582 = ORIENTED_EDGE ( 'NONE', *, *, #659, .T. ) ;
#583 = DIRECTION ( 'NONE',  ( -0.000000000000000000, -0.000000000000000000, -1.000000000000000000 ) ) ;
#584 = AXIS2_PLACEMENT_3D ( 'NONE', #640, #975, #1053 ) ;
#585 = CARTESIAN_POINT ( 'NONE',  ( 64.99999999999941735, 0.000000000000000000, 37.52776749732575468 ) ) ;
#586 = CARTESIAN_POINT ( 'NONE',  ( 25.53892417275068283, 3.127616174182608782E-15, -106.6482672937173248 ) ) ;
#587 = TOROIDAL_SURFACE ( 'NONE', #614, 22.25000000000000000, 5.000000000000000000 ) ;
#588 = ORIENTED_EDGE ( 'NONE', *, *, #407, .T. ) ;
#589 = CYLINDRICAL_SURFACE ( 'NONE', #1245, 25.49999999999999645 ) ;
#590 = AXIS2_PLACEMENT_3D ( 'NONE', #797, #889, #266 ) ;
#591 = EDGE_CURVE ( 'NONE', #1004, #1373, #556, .T. ) ;
#592 = LINE ( 'NONE', #696, #1271 ) ;
#593 = DIRECTION ( 'NONE',  ( 1.000000000000000000, 0.000000000000000000, 0.000000000000000000 ) ) ;
#594 = EDGE_CURVE ( 'NONE', #1207, #1187, #592, .T. ) ;
#595 = LINE ( 'NONE', #1206, #1363 ) ;
#596 = VECTOR ( 'NONE', #138, 1000.000000000000114 ) ;
#597 = ORIENTED_EDGE ( 'NONE', *, *, #717, .F. ) ;
#598 = CARTESIAN_POINT ( 'NONE',  ( -8.110406794710987958E-15, 0.000000000000000000, -171.9637028918148189 ) ) ;
#599 = ORIENTED_EDGE ( 'NONE', *, *, #577, .F. ) ;
#600 = AXIS2_PLACEMENT_3D ( 'NONE', #5, #1102, #1308 ) ;
#601 = EDGE_CURVE ( 'NONE', #482, #1060, #914, .T. ) ;
#602 = DIRECTION ( 'NONE',  ( 1.000000000000000000, 0.000000000000000000, 0.000000000000000000 ) ) ;
#603 = FACE_OUTER_BOUND ( 'NONE', #757, .T. ) ;
#604 = PERSON_AND_ORGANIZATION ( #932, #397 ) ;
#605 = ORIENTED_EDGE ( 'NONE', *, *, #636, .T. ) ;
#606 = DIRECTION ( 'NONE',  ( 1.224646799147353207E-16, 1.000000000000000000, -0.000000000000000000 ) ) ;
#607 = CIRCLE ( 'NONE', #491, 26.94846310392954436 ) ;
#608 = DIRECTION ( 'NONE',  ( 0.8660254037844363761, 0.000000000000000000, 0.5000000000000039968 ) ) ;
#609 = CARTESIAN_POINT ( 'NONE',  ( 0.000000000000000000, 0.000000000000000000, -107.4767331068033229 ) ) ;
#610 = CALENDAR_DATE ( 2026, 16, 9 ) ;
#611 = CC_DESIGN_PERSON_AND_ORGANIZATION_ASSIGNMENT ( #520, #503, ( #617 ) ) ;
#612 = ORIENTED_EDGE ( 'NONE', *, *, #594, .T. ) ;
#613 = DIRECTION ( 'NONE',  ( -1.000000000000000000, 0.000000000000000000, 0.000000000000000000 ) ) ;
#614 = AXIS2_PLACEMENT_3D ( 'NONE', #421, #929, #297 ) ;
#615 = AXIS2_PLACEMENT_3D ( 'NONE', #161, #53, #383 ) ;
#616 = ORIENTED_EDGE ( 'NONE', *, *, #554, .F. ) ;
#617 = PRODUCT ( '79-8468 - 51mm 60deg', '79-8468 - 51mm 60deg', '', ( #1361 ) ) ;
#618 = DIRECTION ( 'NONE',  ( 0.8660254037844363761, 0.000000000000000000, 0.5000000000000039968 ) ) ;
#619 = ADVANCED_FACE ( 'NONE', ( #1359 ), #1182, .F. ) ;
#620 = CARTESIAN_POINT ( 'NONE',  ( -25.75000000000001066, 0.000000000000000000, -107.8453377953571390 ) ) ;
#621 = PERSON_AND_ORGANIZATION ( #932, #397 ) ;
#622 = AXIS2_PLACEMENT_3D ( 'NONE', #529, #1388, #743 ) ;
#623 = EDGE_LOOP ( 'NONE', ( #1173, #1025, #72, #1144 ) ) ;
#624 = FACE_OUTER_BOUND ( 'NONE', #773, .T. ) ;
#625 = ORIENTED_EDGE ( 'NONE', *, *, #54, .F. ) ;
#626 = CIRCLE ( 'NONE', #1064, 5.000000000000004441 ) ;
#627 = LOCAL_TIME ( 0, 3, 35.00000000000000000, #69 ) ;
#628 = ORIENTED_EDGE ( 'NONE', *, *, #802, .F. ) ;
#629 = DIRECTION ( 'NONE',  ( 1.000000000000000000, 0.000000000000000000, 0.000000000000000000 ) ) ;
#630 = EDGE_LOOP ( 'NONE', ( #1078, #731, #1198, #228 ) ) ;
#631 = AXIS2_PLACEMENT_3D ( 'NONE', #679, #561, #38 ) ;
#632 = DIRECTION ( 'NONE',  ( -0.8660254037844363761, 0.000000000000000000, -0.5000000000000038858 ) ) ;
#633 = CALENDAR_DATE ( 2026, 16, 9 ) ;
#634 = ORIENTED_EDGE ( 'NONE', *, *, #1215, .T. ) ;
#635 = DIRECTION ( 'NONE',  ( -1.000000000000000000, 0.000000000000000000, 0.000000000000000000 ) ) ;
#636 = EDGE_CURVE ( 'NONE', #1305, #150, #352, .T. ) ;
#637 = ORIENTED_EDGE ( 'NONE', *, *, #460, .F. ) ;
#638 = AXIS2_PLACEMENT_3D ( 'NONE', #1056, #401, #629 ) ;
#639 = ADVANCED_FACE ( 'NONE', ( #1041 ), #718, .F. ) ;
#640 = CARTESIAN_POINT ( 'NONE',  ( 0.000000000000000000, 0.000000000000000000, -106.6482672937173248 ) ) ;
#641 = ORIENTED_EDGE ( 'NONE', *, *, #407, .F. ) ;
#642 = CARTESIAN_POINT ( 'NONE',  ( -2.250000000000016875, 27.15695122800054051, -145.9637028918148474 ) ) ;
#643 = ORIENTED_EDGE ( 'NONE', *, *, #530, .F. ) ;
#644 = LINE ( 'NONE', #536, #177 ) ;
#645 = LINE ( 'NONE', #538, #716 ) ;
#646 = VECTOR ( 'NONE', #1096, 1000.000000000000000 ) ;
#647 = VERTEX_POINT ( 'NONE', #940 ) ;
#648 = CYLINDRICAL_SURFACE ( 'NONE', #1110, 25.49999999999999645 ) ;
#649 = VERTEX_POINT ( 'NONE', #1369 ) ;
#650 = DIRECTION ( 'NONE',  ( -5.551115123125782702E-17, 0.000000000000000000, -1.000000000000000000 ) ) ;
#651 = FACE_OUTER_BOUND ( 'NONE', #921, .T. ) ;
#652 = ORIENTED_EDGE ( 'NONE', *, *, #539, .F. ) ;
#653 = LINE ( 'NONE', #1077, #1161 ) ;
#654 = APPROVAL ( #202, 'UNSPECIFIED' ) ;
#655 = ORIENTED_EDGE ( 'NONE', *, *, #847, .T. ) ;
#656 = LINE ( 'NONE', #966, #646 ) ;
#657 = EDGE_CURVE ( 'NONE', #117, #1121, #243, .T. ) ;
#658 = CIRCLE ( 'NONE', #184, 27.25000000000000355 ) ;
#659 = EDGE_CURVE ( 'NONE', #1313, #525, #544, .T. ) ;
#660 = CIRCLE ( 'NONE', #791, 25.49999999999999645 ) ;
#661 = LINE ( 'NONE', #1282, #1145 ) ;
#662 = ORIENTED_EDGE ( 'NONE', *, *, #1009, .F. ) ;
#663 = CARTESIAN_POINT ( 'NONE',  ( 0.000000000000000000, 0.000000000000000000, -106.1352370787288208 ) ) ;
#664 = EDGE_LOOP ( 'NONE', ( #722, #1165, #1085, #182 ) ) ;
#665 = DIRECTION ( 'NONE',  ( 1.000000000000000000, 0.000000000000000000, -0.000000000000000000 ) ) ;
#666 = VECTOR ( 'NONE', #1260, 1000.000000000000000 ) ;
#667 = CARTESIAN_POINT ( 'NONE',  ( -25.75000000000001066, 0.000000000000000000, -171.9637028918148474 ) ) ;
#668 = ORIENTED_EDGE ( 'NONE', *, *, #1279, .T. ) ;
#669 = CARTESIAN_POINT ( 'NONE',  ( 2.249999999999983125, 27.24999999999999645, -171.9637028918148474 ) ) ;
#670 = ORIENTED_EDGE ( 'NONE', *, *, #1216, .F. ) ;
#671 = DIRECTION ( 'NONE',  ( 0.000000000000000000, 0.000000000000000000, 1.000000000000000000 ) ) ;
#672 = VECTOR ( 'NONE', #1034, 1000.000000000000000 ) ;
#673 = PLANE ( 'NONE',  #1209 ) ;
#674 = FACE_OUTER_BOUND ( 'NONE', #139, .T. ) ;
#675 = CARTESIAN_POINT ( 'NONE',  ( -2.250000000000016875, 27.24999999999999645, -171.9637028918148474 ) ) ;
#676 = VECTOR ( 'NONE', #572, 1000.000000000000000 ) ;
#677 = CARTESIAN_POINT ( 'NONE',  ( -25.49999999999999645, 3.122849337825749828E-15, -101.2739825042268791 ) ) ;
#678 = ADVANCED_FACE ( 'NONE', ( #112 ), #887, .F. ) ;
#679 = CARTESIAN_POINT ( 'NONE',  ( -22.25000000000000355, 2.724839128102860596E-15, -107.8453377953571390 ) ) ;
#680 = ADVANCED_FACE ( 'NONE', ( #760 ), #560, .T. ) ;
#681 = DIRECTION ( 'NONE',  ( -0.5000000000000037748, 0.000000000000000000, 0.8660254037844363761 ) ) ;
#682 = DIRECTION ( 'NONE',  ( -1.000000000000000000, 0.000000000000000000, 0.000000000000000000 ) ) ;
#683 = ORIENTED_EDGE ( 'NONE', *, *, #113, .T. ) ;
#684 = FACE_OUTER_BOUND ( 'NONE', #630, .T. ) ;
#685 = CARTESIAN_POINT ( 'NONE',  ( -8.110406794710987958E-15, 0.000000000000000000, -145.9637028918148474 ) ) ;
#686 = CARTESIAN_POINT ( 'NONE',  ( -8.110406794710987958E-15, 0.000000000000000000, -107.8453377953571390 ) ) ;
#687 = ORIENTED_EDGE ( 'NONE', *, *, #659, .F. ) ;
#688 = DIRECTION ( 'NONE',  ( 1.000000000000000000, 0.000000000000000000, 0.000000000000000000 ) ) ;
#689 =( GEOMETRIC_REPRESENTATION_CONTEXT ( 3 ) GLOBAL_UNCERTAINTY_ASSIGNED_CONTEXT ( ( #394 ) ) GLOBAL_UNIT_ASSIGNED_CONTEXT ( ( #151, #806, #997 ) ) REPRESENTATION_CONTEXT ( 'NONE', 'WORKASPACE' ) );
#690 = LINE ( 'NONE', #989, #23 ) ;
#691 = DIRECTION ( 'NONE',  ( 0.000000000000000000, 0.000000000000000000, 1.000000000000000000 ) ) ;
#692 = DIRECTION ( 'NONE',  ( -0.000000000000000000, -0.000000000000000000, 1.000000000000000000 ) ) ;
#693 = VERTEX_POINT ( 'NONE', #22 ) ;
#694 = DIRECTION ( 'NONE',  ( 1.000000000000000000, 0.000000000000000000, 0.000000000000000000 ) ) ;
#695 = EDGE_CURVE ( 'NONE', #102, #523, #1314, .T. ) ;
#696 = CARTESIAN_POINT ( 'NONE',  ( -2.250000000000015987, 25.65151067676131902, -171.9637028918148474 ) ) ;
#697 = CARTESIAN_POINT ( 'NONE',  ( 27.15695122800053340, 2.250000000000000000, -145.9637028918148474 ) ) ;
#698 = CARTESIAN_POINT ( 'NONE',  ( 2.249999999999983125, 27.24999999999999645, -171.9637028918148474 ) ) ;
#699 = VECTOR ( 'NONE', #970, 1000.000000000000000 ) ;
#700 = ORIENTED_EDGE ( 'NONE', *, *, #467, .F. ) ;
#701 = CARTESIAN_POINT ( 'NONE',  ( -27.25000000000001066, 0.000000000000000000, -171.9637028918148474 ) ) ;
#702 = DIRECTION ( 'NONE',  ( 1.000000000000000000, 0.000000000000000000, 0.000000000000000000 ) ) ;
#703 = CARTESIAN_POINT ( 'NONE',  ( -8.110406794710987958E-15, 0.000000000000000000, -145.9637028918148474 ) ) ;
#704 = VERTEX_POINT ( 'NONE', #972 ) ;
#705 = LINE ( 'NONE', #476, #1194 ) ;
#706 = VERTEX_POINT ( 'NONE', #1300 ) ;
#707 = AXIS2_PLACEMENT_3D ( 'NONE', #565, #879, #15 ) ;
#708 = PLANE ( 'NONE',  #1390 ) ;
#709 = CC_DESIGN_PERSON_AND_ORGANIZATION_ASSIGNMENT ( #621, #840, ( #859 ) ) ;
#710 = DIRECTION ( 'NONE',  ( -1.000000000000000000, 0.000000000000000000, 5.551115123125782702E-17 ) ) ;
#711 = PERSON_AND_ORGANIZATION ( #932, #397 ) ;
#712 = ORIENTED_EDGE ( 'NONE', *, *, #577, .T. ) ;
#713 = CARTESIAN_POINT ( 'NONE',  ( 0.000000000000000000, 0.000000000000000000, -75.05553499465095513 ) ) ;
#714 = CIRCLE ( 'NONE', #66, 155.5000000000000000 ) ;
#715 = ORIENTED_EDGE ( 'NONE', *, *, #1196, .F. ) ;
#716 = VECTOR ( 'NONE', #106, 1000.000000000000000 ) ;
#717 = EDGE_CURVE ( 'NONE', #649, #1207, #310, .T. ) ;
#718 = CYLINDRICAL_SURFACE ( 'NONE', #845, 23.99999999999999645 ) ;
#719 = CARTESIAN_POINT ( 'NONE',  ( -2.250000000000016875, -27.15695122800054051, -145.9637028918148474 ) ) ;
#720 = SHAPE_DEFINITION_REPRESENTATION ( #187, #293 ) ;
#721 = EDGE_CURVE ( 'NONE', #812, #976, #229, .T. ) ;
#722 = ORIENTED_EDGE ( 'NONE', *, *, #528, .F. ) ;
#723 = CARTESIAN_POINT ( 'NONE',  ( 2.249999999999982236, -25.65151067676131902, -171.9637028918148474 ) ) ;
#724 = AXIS2_PLACEMENT_3D ( 'NONE', #260, #1236, #688 ) ;
#725 = TOROIDAL_SURFACE ( 'NONE', #119, 130.0000000000000000, 25.49999999999999645 ) ;
#726 = ORIENTED_EDGE ( 'NONE', *, *, #1240, .T. ) ;
#727 = CARTESIAN_POINT ( 'NONE',  ( 64.99999999999943157, 0.000000000000000000, 37.52776749732574046 ) ) ;
#728 = CARTESIAN_POINT ( 'NONE',  ( 0.000000000000000000, 0.000000000000000000, -106.6482672937173248 ) ) ;
#729 = APPROVAL_DATE_TIME ( #833, #6 ) ;
#730 = VECTOR ( 'NONE', #62, 1000.000000000000000 ) ;
#731 = ORIENTED_EDGE ( 'NONE', *, *, #226, .F. ) ;
#732 = CARTESIAN_POINT ( 'NONE',  ( 25.80153689607045209, 3.230005932751143871E-15, -102.9840832208552115 ) ) ;
#733 = AXIS2_PLACEMENT_3D ( 'NONE', #1341, #884, #1317 ) ;
#734 = ORIENTED_EDGE ( 'NONE', *, *, #176, .T. ) ;
#735 = VECTOR ( 'NONE', #857, 999.9999999999998863 ) ;
#736 = AXIS2_PLACEMENT_3D ( 'NONE', #533, #1284, #26 ) ;
#737 = DIRECTION ( 'NONE',  ( -5.551115123125782702E-17, 0.000000000000000000, -1.000000000000000000 ) ) ;
#738 = SECURITY_CLASSIFICATION_LEVEL ( 'unclassified' ) ;
#739 = ORIENTED_EDGE ( 'NONE', *, *, #1139, .T. ) ;
#740 = CYLINDRICAL_SURFACE ( 'NONE', #29, 25.75000000000000355 ) ;
#741 = ADVANCED_FACE ( 'NONE', ( #1188 ), #430, .T. ) ;
#742 = ORIENTED_EDGE ( 'NONE', *, *, #13, .T. ) ;
#743 = DIRECTION ( 'NONE',  ( -1.000000000000000000, 1.224646799147353454E-16, 0.000000000000000000 ) ) ;
#744 = EDGE_LOOP ( 'NONE', ( #305, #1031, #628, #1040 ) ) ;
#745 = CARTESIAN_POINT ( 'NONE',  ( -8.110406794710987958E-15, 0.000000000000000000, -171.9637028918148189 ) ) ;
#746 = ADVANCED_FACE ( 'NONE', ( #248 ), #980, .T. ) ;
#747 = ORIENTED_EDGE ( 'NONE', *, *, #495, .F. ) ;
#748 = DIRECTION ( 'NONE',  ( -1.000000000000000000, 0.000000000000000000, 0.000000000000000000 ) ) ;
#749 = ORIENTED_EDGE ( 'NONE', *, *, #471, .F. ) ;
#750 = LINE ( 'NONE', #962, #699 ) ;
#751 = VERTEX_POINT ( 'NONE', #874 ) ;
#752 = DIRECTION ( 'NONE',  ( -1.000000000000000000, 0.000000000000000000, 0.000000000000000000 ) ) ;
#753 = ADVANCED_FACE ( 'NONE', ( #1086, #993 ), #1292, .F. ) ;
#754 = LINE ( 'NONE', #444, #1167 ) ;
#755 = CC_DESIGN_APPROVAL ( #256, ( #859 ) ) ;
#756 = AXIS2_PLACEMENT_3D ( 'NONE', #1128, #164, #998 ) ;
#757 = EDGE_LOOP ( 'NONE', ( #924, #683, #953, #652 ) ) ;
#758 = LINE ( 'NONE', #343, #880 ) ;
#759 = EDGE_LOOP ( 'NONE', ( #489, #767, #364, #979 ) ) ;
#760 = FACE_OUTER_BOUND ( 'NONE', #1222, .T. ) ;
#761 = EDGE_CURVE ( 'NONE', #150, #84, #1394, .T. ) ;
#762 = ADVANCED_FACE ( 'NONE', ( #332 ), #1386, .T. ) ;
#763 = DIRECTION ( 'NONE',  ( 0.000000000000000000, 0.000000000000000000, 1.000000000000000000 ) ) ;
#764 = AXIS2_PLACEMENT_3D ( 'NONE', #1273, #315, #1382 ) ;
#765 = EDGE_LOOP ( 'NONE', ( #122, #878, #749, #379 ) ) ;
#766 = LINE ( 'NONE', #669, #330 ) ;
#767 = ORIENTED_EDGE ( 'NONE', *, *, #950, .T. ) ;
#768 = CARTESIAN_POINT ( 'NONE',  ( -8.110406794710987958E-15, 0.000000000000000000, -171.9637028918148474 ) ) ;
#769 = VECTOR ( 'NONE', #835, 1000.000000000000000 ) ;
#770 = CARTESIAN_POINT ( 'NONE',  ( 2.249999999999983125, 27.24999999999999645, -145.9637028918148474 ) ) ;
#771 = ORIENTED_EDGE ( 'NONE', *, *, #512, .F. ) ;
#772 = CARTESIAN_POINT ( 'NONE',  ( -22.25000000000000355, 2.724839128102860596E-15, -107.8453377953571390 ) ) ;
#773 = EDGE_LOOP ( 'NONE', ( #111, #1177, #1023, #392 ) ) ;
#774 = CARTESIAN_POINT ( 'NONE',  ( 52.24999999999931788, 3.122849337825749828E-15, 59.61141529382887683 ) ) ;
#775 = FACE_OUTER_BOUND ( 'NONE', #744, .T. ) ;
#776 = CARTESIAN_POINT ( 'NONE',  ( 123.9999999999998295, 3.122849337825749828E-15, 101.0362971081852663 ) ) ;
#777 = VECTOR ( 'NONE', #1079, 1000.000000000000000 ) ;
#778 = EDGE_CURVE ( 'NONE', #976, #441, #656, .T. ) ;
#779 = DIRECTION ( 'NONE',  ( 1.000000000000000000, 0.000000000000000000, 0.000000000000000000 ) ) ;
#780 = ORIENTED_EDGE ( 'NONE', *, *, #844, .T. ) ;
#781 = DIRECTION ( 'NONE',  ( -0.5000000000000038858, 0.000000000000000000, 0.8660254037844363761 ) ) ;
#782 = EDGE_CURVE ( 'NONE', #807, #415, #1287, .T. ) ;
#783 = AXIS2_PLACEMENT_3D ( 'NONE', #235, #137, #129 ) ;
#784 = DIRECTION ( 'NONE',  ( 0.000000000000000000, 0.000000000000000000, -1.000000000000000000 ) ) ;
#785 = CARTESIAN_POINT ( 'NONE',  ( 2.249999999999983125, -27.15695122800054051, -171.9637028918148474 ) ) ;
#786 = LINE ( 'NONE', #675, #1340 ) ;
#787 = ORIENTED_EDGE ( 'NONE', *, *, #721, .T. ) ;
#788 = DIRECTION ( 'NONE',  ( 0.000000000000000000, -1.000000000000000000, 0.000000000000000000 ) ) ;
#789 = CARTESIAN_POINT ( 'NONE',  ( -2.250000000000016875, 27.24999999999999645, -145.9637028918148474 ) ) ;
#790 = AXIS2_PLACEMENT_3D ( 'NONE', #828, #1380, #613 ) ;
#791 = AXIS2_PLACEMENT_3D ( 'NONE', #896, #271, #562 ) ;
#792 = ORIENTED_EDGE ( 'NONE', *, *, #1070, .F. ) ;
#793 = CARTESIAN_POINT ( 'NONE',  ( 27.24999999999995026, 2.250000000000000000, -171.9637028918148474 ) ) ;
#794 = ORIENTED_EDGE ( 'NONE', *, *, #1196, .T. ) ;
#795 = DIRECTION ( 'NONE',  ( -1.000000000000000000, 0.000000000000000000, 0.000000000000000000 ) ) ;
#796 = CARTESIAN_POINT ( 'NONE',  ( -25.80153689607045209, 0.000000000000000000, -102.9840832208552115 ) ) ;
#797 = CARTESIAN_POINT ( 'NONE',  ( -8.110406794710987958E-15, 0.000000000000000000, -145.9637028918148474 ) ) ;
#798 = CIRCLE ( 'NONE', #959, 23.99999999999999289 ) ;
#799 = ORIENTED_EDGE ( 'NONE', *, *, #391, .F. ) ;
#800 = CARTESIAN_POINT ( 'NONE',  ( 0.000000000000000000, 0.000000000000000000, -106.9637028918148189 ) ) ;
#801 = PRODUCT_DEFINITION_FORMATION_WITH_SPECIFIED_SOURCE ( 'ANY', '', #617, .NOT_KNOWN. ) ;
#802 = EDGE_CURVE ( 'NONE', #1060, #482, #127, .T. ) ;
#803 = VECTOR ( 'NONE', #920, 1000.000000000000000 ) ;
#804 = DIRECTION ( 'NONE',  ( -5.551115123125782702E-17, 0.000000000000000000, -1.000000000000000000 ) ) ;
#805 = DIRECTION ( 'NONE',  ( -1.000000000000000000, 0.000000000000000000, 0.000000000000000000 ) ) ;
#806 =( NAMED_UNIT ( * ) PLANE_ANGLE_UNIT ( ) SI_UNIT ( $, .RADIAN. ) );
#807 = VERTEX_POINT ( 'NONE', #677 ) ;
#808 = CARTESIAN_POINT ( 'NONE',  ( -8.110406794710987958E-15, 0.000000000000000000, -171.9637028918148189 ) ) ;
#809 = CARTESIAN_POINT ( 'NONE',  ( -8.110406794710987958E-15, 0.000000000000000000, -171.9637028918148474 ) ) ;
#810 = DIRECTION ( 'NONE',  ( -0.000000000000000000, -0.000000000000000000, -1.000000000000000000 ) ) ;
#811 = CIRCLE ( 'NONE', #207, 3.499999999999999556 ) ;
#812 = VERTEX_POINT ( 'NONE', #140 ) ;
#813 = DIRECTION ( 'NONE',  ( -0.8660254037844363761, 0.000000000000000000, -0.5000000000000038858 ) ) ;
#814 = ORIENTED_EDGE ( 'NONE', *, *, #100, .F. ) ;
#815 = CARTESIAN_POINT ( 'NONE',  ( 130.0000000000000000, 0.000000000000000000, -75.05553499465096934 ) ) ;
#816 = DIRECTION ( 'NONE',  ( -1.000000000000000000, 0.000000000000000000, 0.000000000000000000 ) ) ;
#817 = APPROVAL_ROLE ( '' ) ;
#818 = EDGE_CURVE ( 'NONE', #500, #1313, #1180, .T. ) ;
#819 = EDGE_LOOP ( 'NONE', ( #56, #1072, #559, #861 ) ) ;
#820 = DIRECTION ( 'NONE',  ( -1.000000000000000000, 0.000000000000000000, 0.000000000000000000 ) ) ;
#821 = EDGE_CURVE ( 'NONE', #1276, #445, #380, .T. ) ;
#822 = ORIENTED_EDGE ( 'NONE', *, *, #181, .F. ) ;
#823 = AXIS2_PLACEMENT_3D ( 'NONE', #824, #80, #389 ) ;
#824 = CARTESIAN_POINT ( 'NONE',  ( 0.000000000000000000, 0.000000000000000000, -102.9840832208552115 ) ) ;
#825 = CARTESIAN_POINT ( 'NONE',  ( -2.250000000000016875, 27.24999999999999645, -145.9637028918148474 ) ) ;
#826 = PERSON_AND_ORGANIZATION ( #932, #397 ) ;
#827 = ORIENTED_EDGE ( 'NONE', *, *, #219, .T. ) ;
#828 = CARTESIAN_POINT ( 'NONE',  ( -8.110406794710987958E-15, 0.000000000000000000, -171.9637028918148189 ) ) ;
#829 = EDGE_LOOP ( 'NONE', ( #125, #233, #555, #939 ) ) ;
#830 = AXIS2_PLACEMENT_3D ( 'NONE', #846, #319, #748 ) ;
#831 = DIRECTION ( 'NONE',  ( 1.000000000000000000, 0.000000000000000000, 0.000000000000000000 ) ) ;
#832 = DIRECTION ( 'NONE',  ( 0.000000000000000000, 0.000000000000000000, 1.000000000000000000 ) ) ;
#833 = DATE_AND_TIME ( #610, #917 ) ;
#834 = ORIENTED_EDGE ( 'NONE', *, *, #30, .F. ) ;
#835 = DIRECTION ( 'NONE',  ( -0.000000000000000000, -0.000000000000000000, -1.000000000000000000 ) ) ;
#836 = CIRCLE ( 'NONE', #790, 27.25000000000000000 ) ;
#837 = CIRCLE ( 'NONE', #590, 25.75000000000000355 ) ;
#838 = DIRECTION ( 'NONE',  ( 0.000000000000000000, 0.000000000000000000, 1.000000000000000000 ) ) ;
#839 = ADVANCED_FACE ( 'NONE', ( #569 ), #172, .T. ) ;
#840 = PERSON_AND_ORGANIZATION_ROLE ( 'creator' ) ;
#841 = ORIENTED_EDGE ( 'NONE', *, *, #511, .F. ) ;
#842 = DIRECTION ( 'NONE',  ( -0.000000000000000000, -0.000000000000000000, -1.000000000000000000 ) ) ;
#843 = ORIENTED_EDGE ( 'NONE', *, *, #136, .F. ) ;
#844 = EDGE_CURVE ( 'NONE', #441, #199, #1203, .T. ) ;
#845 = AXIS2_PLACEMENT_3D ( 'NONE', #1148, #618, #508 ) ;
#846 = CARTESIAN_POINT ( 'NONE',  ( -9.545903117514622913E-15, 0.000000000000000000, -145.9637028918148474 ) ) ;
#847 = EDGE_CURVE ( 'NONE', #647, #706, #576, .T. ) ;
#848 = ORIENTED_EDGE ( 'NONE', *, *, #391, .T. ) ;
#849 = DIRECTION ( 'NONE',  ( -1.000000000000000000, 0.000000000000000000, 0.000000000000000000 ) ) ;
#850 = TOROIDAL_SURFACE ( 'NONE', #783, 30.49999999999999645, 5.000000000000000000 ) ;
#851 = ORIENTED_EDGE ( 'NONE', *, *, #471, .T. ) ;
#852 = CIRCLE ( 'NONE', #316, 3.500000000000003109 ) ;
#853 = CARTESIAN_POINT ( 'NONE',  ( -27.15695122800055117, 2.250000000000000000, -145.9637028918148474 ) ) ;
#854 = ORIENTED_EDGE ( 'NONE', *, *, #322, .F. ) ;
#855 = FACE_OUTER_BOUND ( 'NONE', #1062, .T. ) ;
#856 = ORIENTED_EDGE ( 'NONE', *, *, #1323, .T. ) ;
#857 = DIRECTION ( 'NONE',  ( 0.8660254037844363761, 0.000000000000000000, 0.5000000000000039968 ) ) ;
#858 = CIRCLE ( 'NONE', #388, 23.99999999999999289 ) ;
#859 = PRODUCT_DEFINITION ( 'UNKNOWN', '', #801, #1137 ) ;
#860 = CARTESIAN_POINT ( 'NONE',  ( 2.249999999999983125, 27.15695122800054051, -171.9637028918148474 ) ) ;
#861 = ORIENTED_EDGE ( 'NONE', *, *, #601, .F. ) ;
#862 = ADVANCED_FACE ( 'NONE', ( #1122 ), #43, .T. ) ;
#863 = EDGE_CURVE ( 'NONE', #523, #1313, #890, .T. ) ;
#864 = ADVANCED_FACE ( 'NONE', ( #900 ), #589, .T. ) ;
#865 = VERTEX_POINT ( 'NONE', #923 ) ;
#866 = CARTESIAN_POINT ( 'NONE',  ( 0.000000000000000000, 0.000000000000000000, -102.9840832208552115 ) ) ;
#867 = EDGE_CURVE ( 'NONE', #296, #1060, #626, .T. ) ;
#868 = CARTESIAN_POINT ( 'NONE',  ( -25.65151067676132612, 2.250000000000000000, -145.9637028918148474 ) ) ;
#869 = VECTOR ( 'NONE', #1312, 1000.000000000000000 ) ;
#870 = VERTEX_POINT ( 'NONE', #461 ) ;
#871 = DIRECTION ( 'NONE',  ( -1.000000000000000000, 0.000000000000000000, 0.000000000000000000 ) ) ;
#872 = LOCAL_TIME ( 0, 3, 35.00000000000000000, #943 ) ;
#873 = ORIENTED_EDGE ( 'NONE', *, *, #883, .F. ) ;
#874 = CARTESIAN_POINT ( 'NONE',  ( -25.53892417275068283, 0.000000000000000000, -106.6482672937173248 ) ) ;
#875 = PLANE ( 'NONE',  #947 ) ;
#876 = ORIENTED_EDGE ( 'NONE', *, *, #447, .T. ) ;
#877 = CARTESIAN_POINT ( 'NONE',  ( -2.250000000000016875, 25.65151067676132257, -171.9637028918148474 ) ) ;
#878 = ORIENTED_EDGE ( 'NONE', *, *, #495, .T. ) ;
#879 = DIRECTION ( 'NONE',  ( 0.000000000000000000, -1.000000000000000000, 0.000000000000000000 ) ) ;
#880 = VECTOR ( 'NONE', #1199, 1000.000000000000000 ) ;
#881 = EDGE_CURVE ( 'NONE', #1248, #1004, #1344, .T. ) ;
#882 = DIRECTION ( 'NONE',  ( 0.000000000000000000, 0.000000000000000000, 1.000000000000000000 ) ) ;
#883 = EDGE_CURVE ( 'NONE', #150, #1305, #1217, .T. ) ;
#884 = DIRECTION ( 'NONE',  ( -0.000000000000000000, -0.000000000000000000, 1.000000000000000000 ) ) ;
#885 = DIRECTION ( 'NONE',  ( 0.000000000000000000, -1.000000000000000000, 0.000000000000000000 ) ) ;
#886 = EDGE_LOOP ( 'NONE', ( #1299, #1391, #1055, #965 ) ) ;
#887 = PLANE ( 'NONE',  #374 ) ;
#888 = CARTESIAN_POINT ( 'NONE',  ( 2.249999999999983125, -27.15695122800054406, -145.9637028918148474 ) ) ;
#889 = DIRECTION ( 'NONE',  ( 0.000000000000000000, 0.000000000000000000, -1.000000000000000000 ) ) ;
#890 = CIRCLE ( 'NONE', #1226, 27.25000000000000355 ) ;
#891 = APPLICATION_PROTOCOL_DEFINITION ( 'international standard', 'config_control_design', 1994, #147 ) ;
#892 = ORIENTED_EDGE ( 'NONE', *, *, #13, .F. ) ;
#893 = DIRECTION ( 'NONE',  ( 0.000000000000000000, 0.000000000000000000, -1.000000000000000000 ) ) ;
#894 = AXIS2_PLACEMENT_3D ( 'NONE', #685, #1225, #566 ) ;
#895 = CARTESIAN_POINT ( 'NONE',  ( -26.94846310392954791, 0.000000000000000000, -106.1352370787288208 ) ) ;
#896 = CARTESIAN_POINT ( 'NONE',  ( 0.000000000000000000, 0.000000000000000000, -75.05553499465095513 ) ) ;
#897 = DIRECTION ( 'NONE',  ( -0.000000000000000000, -0.000000000000000000, 1.000000000000000000 ) ) ;
#898 = AXIS2_PLACEMENT_3D ( 'NONE', #94, #230, #967 ) ;
#899 = ORIENTED_EDGE ( 'NONE', *, *, #219, .F. ) ;
#900 = FACE_OUTER_BOUND ( 'NONE', #335, .T. ) ;
#901 = CC_DESIGN_PERSON_AND_ORGANIZATION_ASSIGNMENT ( #1355, #180, ( #1091 ) ) ;
#902 = CARTESIAN_POINT ( 'NONE',  ( -2.250000000000016875, 27.24999999999999645, -171.9637028918148474 ) ) ;
#903 = AXIS2_PLACEMENT_3D ( 'NONE', #745, #1366, #191 ) ;
#904 = DIRECTION ( 'NONE',  ( -1.000000000000000000, 0.000000000000000000, 0.000000000000000000 ) ) ;
#905 = ADVANCED_FACE ( 'NONE', ( #684 ), #365, .F. ) ;
#906 = DIRECTION ( 'NONE',  ( 1.000000000000000000, 0.000000000000000000, 0.000000000000000000 ) ) ;
#907 = EDGE_CURVE ( 'NONE', #64, #210, #1080, .T. ) ;
#908 = ORIENTED_EDGE ( 'NONE', *, *, #907, .F. ) ;
#909 = DIRECTION ( 'NONE',  ( -1.000000000000000000, 0.000000000000000000, 0.000000000000000000 ) ) ;
#910 = LINE ( 'NONE', #902, #676 ) ;
#911 = CLOSED_SHELL ( 'NONE', ( #1219, #157, #367, #281, #115, #96, #1362, #571, #486, #35, #506, #864, #1048, #261, #425, #134, #341, #741, #1109, #1298, #1007, #1274, #753, #289, #839, #619, #1026, #905, #639, #160, #1104, #762, #1066, #1389, #862, #1092, #680, #1115, #12, #570, #746, #678, #464, #326, #306 ) ) ;
#912 = CARTESIAN_POINT ( 'NONE',  ( -8.110406794710987958E-15, 0.000000000000000000, -145.9637028918148474 ) ) ;
#913 = CARTESIAN_POINT ( 'NONE',  ( -8.110406794710987958E-15, 0.000000000000000000, -145.9637028918148474 ) ) ;
#914 = CIRCLE ( 'NONE', #823, 25.80153689607045209 ) ;
#915 = EDGE_LOOP ( 'NONE', ( #892, #1158, #992, #936 ) ) ;
#916 = DIRECTION ( 'NONE',  ( -1.000000000000000000, 0.000000000000000000, 0.000000000000000000 ) ) ;
#917 = LOCAL_TIME ( 0, 3, 35.00000000000000000, #955 ) ;
#918 = CARTESIAN_POINT ( 'NONE',  ( -2.250000000000015987, 27.15695122800053696, -171.9637028918148474 ) ) ;
#919 = DIRECTION ( 'NONE',  ( 0.000000000000000000, 1.000000000000000000, 0.000000000000000000 ) ) ;
#920 = DIRECTION ( 'NONE',  ( -1.000000000000000000, 0.000000000000000000, 0.000000000000000000 ) ) ;
#921 = EDGE_LOOP ( 'NONE', ( #504, #1050, #1368, #120 ) ) ;
#922 = CIRCLE ( 'NONE', #631, 5.000000000000000888 ) ;
#923 = CARTESIAN_POINT ( 'NONE',  ( -23.99999999999999289, 2.939152317953647106E-15, -75.05553499465095513 ) ) ;
#924 = ORIENTED_EDGE ( 'NONE', *, *, #220, .F. ) ;
#925 = CARTESIAN_POINT ( 'NONE',  ( -4.055203397355493979E-15, 0.000000000000000000, -107.8453377953571390 ) ) ;
#926 = EDGE_CURVE ( 'NONE', #328, #812, #474, .T. ) ;
#927 = FACE_OUTER_BOUND ( 'NONE', #568, .T. ) ;
#928 = ORIENTED_EDGE ( 'NONE', *, *, #322, .T. ) ;
#929 = DIRECTION ( 'NONE',  ( 0.000000000000000000, 0.000000000000000000, 1.000000000000000000 ) ) ;
#930 = EDGE_CURVE ( 'NONE', #493, #153, #705, .T. ) ;
#931 = ORIENTED_EDGE ( 'NONE', *, *, #778, .T. ) ;
#932 = PERSON ( 'UNSPECIFIED', 'UNSPECIFIED', 'UNSPECIFIED', ('UNSPECIFIED'), ('UNSPECIFIED'), ('UNSPECIFIED') ) ;
#933 = DIRECTION ( 'NONE',  ( -0.5000000000000037748, 0.000000000000000000, 0.8660254037844363761 ) ) ;
#934 = CARTESIAN_POINT ( 'NONE',  ( 130.0000000000000000, 0.000000000000000000, -75.05553499465096934 ) ) ;
#935 = DATE_TIME_ROLE ( 'creation_date' ) ;
#936 = ORIENTED_EDGE ( 'NONE', *, *, #930, .F. ) ;
#937 = LINE ( 'NONE', #723, #769 ) ;
#938 = AXIS2_PLACEMENT_3D ( 'NONE', #21, #446, #209 ) ;
#939 = ORIENTED_EDGE ( 'NONE', *, *, #431, .F. ) ;
#940 = CARTESIAN_POINT ( 'NONE',  ( -27.25000000000001066, 0.000000000000000000, -107.8453377953571390 ) ) ;
#941 = AXIS2_PLACEMENT_3D ( 'NONE', #1186, #232, #1290 ) ;
#942 = CARTESIAN_POINT ( 'NONE',  ( 0.000000000000000000, 0.000000000000000000, -171.9637028918148474 ) ) ;
#943 = COORDINATED_UNIVERSAL_TIME_OFFSET ( 1, 0, .AHEAD. ) ;
#944 = ORIENTED_EDGE ( 'NONE', *, *, #1302, .T. ) ;
#945 = DIRECTION ( 'NONE',  ( 0.000000000000000000, 0.000000000000000000, -1.000000000000000000 ) ) ;
#946 = VERTEX_POINT ( 'NONE', #57 ) ;
#947 = AXIS2_PLACEMENT_3D ( 'NONE', #1075, #737, #1081 ) ;
#948 = FACE_OUTER_BOUND ( 'NONE', #759, .T. ) ;
#949 = APPROVAL_ROLE ( '' ) ;
#950 = EDGE_CURVE ( 'NONE', #541, #108, #483, .T. ) ;
#951 = ORIENTED_EDGE ( 'NONE', *, *, #1175, .T. ) ;
#952 = FACE_OUTER_BOUND ( 'NONE', #469, .T. ) ;
#953 = ORIENTED_EDGE ( 'NONE', *, *, #1285, .T. ) ;
#954 = LINE ( 'NONE', #255, #135 ) ;
#955 = COORDINATED_UNIVERSAL_TIME_OFFSET ( 1, 0, .AHEAD. ) ;
#956 = EDGE_LOOP ( 'NONE', ( #625, #48, #190, #1307, #1170, #969, #372, #1272, #436, #318, #79, #1241 ) ) ;
#957 = FACE_OUTER_BOUND ( 'NONE', #1190, .T. ) ;
#958 = ORIENTED_EDGE ( 'NONE', *, *, #821, .T. ) ;
#959 = AXIS2_PLACEMENT_3D ( 'NONE', #727, #1140, #1174 ) ;
#960 = DIRECTION ( 'NONE',  ( 1.000000000000000000, 0.000000000000000000, 0.000000000000000000 ) ) ;
#961 = EDGE_LOOP ( 'NONE', ( #1138, #273, #747, #1379 ) ) ;
#962 = CARTESIAN_POINT ( 'NONE',  ( 2.249999999999982236, 25.65151067676131902, -171.9637028918148474 ) ) ;
#963 = EDGE_CURVE ( 'NONE', #153, #865, #858, .T. ) ;
#964 = CIRCLE ( 'NONE', #1322, 27.25000000000000355 ) ;
#965 = ORIENTED_EDGE ( 'NONE', *, *, #73, .T. ) ;
#966 = CARTESIAN_POINT ( 'NONE',  ( 25.65151067676131191, 2.249999999999999112, -171.9637028918148474 ) ) ;
#967 = DIRECTION ( 'NONE',  ( -1.000000000000000000, 0.000000000000000000, 0.000000000000000000 ) ) ;
#968 = EDGE_CURVE ( 'NONE', #946, #199, #65, .T. ) ;
#969 = ORIENTED_EDGE ( 'NONE', *, *, #1028, .F. ) ;
#970 = DIRECTION ( 'NONE',  ( 0.000000000000000000, 0.000000000000000000, 1.000000000000000000 ) ) ;
#971 = EDGE_LOOP ( 'NONE', ( #543, #385, #163, #1068 ) ) ;
#972 = CARTESIAN_POINT ( 'NONE',  ( -23.99999999999999289, 2.939152317953647106E-15, -101.2739825042268791 ) ) ;
#973 = AXIS2_PLACEMENT_3D ( 'NONE', #1039, #183, #1385 ) ;
#974 = EDGE_CURVE ( 'NONE', #14, #523, #658, .T. ) ;
#975 = DIRECTION ( 'NONE',  ( 0.000000000000000000, 0.000000000000000000, 1.000000000000000000 ) ) ;
#976 = VERTEX_POINT ( 'NONE', #1045 ) ;
#977 = LINE ( 'NONE', #1306, #443 ) ;
#978 = AXIS2_PLACEMENT_3D ( 'NONE', #68, #1252, #294 ) ;
#979 = ORIENTED_EDGE ( 'NONE', *, *, #1240, .F. ) ;
#980 = PLANE ( 'NONE',  #1022 ) ;
#981 = AXIS2_PLACEMENT_3D ( 'NONE', #211, #1131, #494 ) ;
#982 = DIRECTION ( 'NONE',  ( 1.000000000000000000, 0.000000000000000000, 0.000000000000000000 ) ) ;
#983 = CIRCLE ( 'NONE', #267, 27.25000000000000355 ) ;
#984 = ORIENTED_EDGE ( 'NONE', *, *, #818, .F. ) ;
#985 = DIRECTION ( 'NONE',  ( 0.000000000000000000, 0.000000000000000000, 1.000000000000000000 ) ) ;
#986 = ORIENTED_EDGE ( 'NONE', *, *, #30, .T. ) ;
#987 = DIRECTION ( 'NONE',  ( -5.551115123125782702E-17, 0.000000000000000000, -1.000000000000000000 ) ) ;
#988 = EDGE_CURVE ( 'NONE', #415, #36, #252, .T. ) ;
#989 = CARTESIAN_POINT ( 'NONE',  ( -23.99999999999999289, 2.939152317953647106E-15, -171.9637028918148474 ) ) ;
#990 = DIRECTION ( 'NONE',  ( 0.8660254037844363761, 0.000000000000000000, 0.5000000000000039968 ) ) ;
#991 = CARTESIAN_POINT ( 'NONE',  ( -8.110406794710987958E-15, 0.000000000000000000, -145.9637028918148474 ) ) ;
#992 = ORIENTED_EDGE ( 'NONE', *, *, #963, .F. ) ;
#993 = FACE_OUTER_BOUND ( 'NONE', #1147, .T. ) ;
#994 = EDGE_CURVE ( 'NONE', #33, #203, #836, .T. ) ;
#995 = LINE ( 'NONE', #667, #314 ) ;
#996 = ORIENTED_EDGE ( 'NONE', *, *, #278, .F. ) ;
#997 =( NAMED_UNIT ( * ) SI_UNIT ( $, .STERADIAN. ) SOLID_ANGLE_UNIT ( ) );
#998 = DIRECTION ( 'NONE',  ( 0.000000000000000000, -0.000000000000000000, -1.000000000000000000 ) ) ;
#999 = CARTESIAN_POINT ( 'NONE',  ( -25.75000000000001066, 0.000000000000000000, -145.9637028918148474 ) ) ;
#1000 = VECTOR ( 'NONE', #1349, 1000.000000000000000 ) ;
#1001 = FACE_OUTER_BOUND ( 'NONE', #1107, .T. ) ;
#1002 = AXIS2_PLACEMENT_3D ( 'NONE', #925, #1238, #185 ) ;
#1003 = CARTESIAN_POINT ( 'NONE',  ( 0.000000000000000000, 0.000000000000000000, -171.9637028918148474 ) ) ;
#1004 = VERTEX_POINT ( 'NONE', #91 ) ;
#1005 = DIRECTION ( 'NONE',  ( 0.000000000000000000, 0.000000000000000000, -1.000000000000000000 ) ) ;
#1006 = FACE_OUTER_BOUND ( 'NONE', #105, .T. ) ;
#1007 = ADVANCED_FACE ( 'NONE', ( #624 ), #98, .T. ) ;
#1008 = DIRECTION ( 'NONE',  ( 0.000000000000000000, 0.000000000000000000, -1.000000000000000000 ) ) ;
#1009 = EDGE_CURVE ( 'NONE', #870, #203, #505, .T. ) ;
#1010 = EDGE_LOOP ( 'NONE', ( #1289, #637, #814, #958 ) ) ;
#1011 = DIRECTION ( 'NONE',  ( -0.000000000000000000, -0.000000000000000000, 1.000000000000000000 ) ) ;
#1012 = CARTESIAN_POINT ( 'NONE',  ( 136.7499999999999147, 0.000000000000000000, 78.95264931168215128 ) ) ;
#1013 = AXIS2_PLACEMENT_3D ( 'NONE', #1327, #691, #1119 ) ;
#1014 = DIRECTION ( 'NONE',  ( -0.000000000000000000, -0.000000000000000000, -1.000000000000000000 ) ) ;
#1015 = CARTESIAN_POINT ( 'NONE',  ( 0.000000000000000000, 0.000000000000000000, 0.000000000000000000 ) ) ;
#1016 = VERTEX_POINT ( 'NONE', #1247 ) ;
#1017 = CARTESIAN_POINT ( 'NONE',  ( 27.15695122800053340, -2.249999999999999112, -171.9637028918148474 ) ) ;
#1018 = AXIS2_PLACEMENT_3D ( 'NONE', #18, #1176, #1395 ) ;
#1019 = DIRECTION ( 'NONE',  ( 0.000000000000000000, 0.000000000000000000, 1.000000000000000000 ) ) ;
#1020 = CARTESIAN_POINT ( 'NONE',  ( 25.65151067676131191, -2.249999999999999112, -171.9637028918148474 ) ) ;
#1021 = DIRECTION ( 'NONE',  ( 0.000000000000000000, 0.000000000000000000, 1.000000000000000000 ) ) ;
#1022 = AXIS2_PLACEMENT_3D ( 'NONE', #325, #665, #345 ) ;
#1023 = ORIENTED_EDGE ( 'NONE', *, *, #93, .T. ) ;
#1024 = DIRECTION ( 'NONE',  ( 0.000000000000000000, 0.000000000000000000, -1.000000000000000000 ) ) ;
#1025 = ORIENTED_EDGE ( 'NONE', *, *, #222, .F. ) ;
#1026 = ADVANCED_FACE ( 'NONE', ( #522 ), #587, .T. ) ;
#1027 = CARTESIAN_POINT ( 'NONE',  ( 24.39199796489158700, 3.057387198716966134E-15, -103.4971134358437155 ) ) ;
#1028 = EDGE_CURVE ( 'NONE', #1276, #1076, #937, .T. ) ;
#1029 = AXIS2_PLACEMENT_3D ( 'NONE', #585, #244, #1316 ) ;
#1030 = CARTESIAN_POINT ( 'NONE',  ( 130.0000000000000000, 0.000000000000000000, -75.05553499465096934 ) ) ;
#1031 = ORIENTED_EDGE ( 'NONE', *, *, #262, .T. ) ;
#1032 = CARTESIAN_POINT ( 'NONE',  ( -9.545903117514622913E-15, 0.000000000000000000, -145.9637028918148474 ) ) ;
#1033 = ORIENTED_EDGE ( 'NONE', *, *, #528, .T. ) ;
#1034 = DIRECTION ( 'NONE',  ( 0.000000000000000000, 0.000000000000000000, 1.000000000000000000 ) ) ;
#1035 = DIRECTION ( 'NONE',  ( -0.000000000000000000, -1.000000000000000000, -0.000000000000000000 ) ) ;
#1036 = CIRCLE ( 'NONE', #432, 25.75000000000000355 ) ;
#1037 = APPLICATION_PROTOCOL_DEFINITION ( 'international standard', 'config_control_design', 1994, #221 ) ;
#1038 = ORIENTED_EDGE ( 'NONE', *, *, #782, .T. ) ;
#1039 = CARTESIAN_POINT ( 'NONE',  ( -8.110406794710987958E-15, 0.000000000000000000, -171.9637028918148474 ) ) ;
#1040 = ORIENTED_EDGE ( 'NONE', *, *, #867, .F. ) ;
#1041 = FACE_OUTER_BOUND ( 'NONE', #664, .T. ) ;
#1042 = LINE ( 'NONE', #1149, #666 ) ;
#1043 = PERSON_AND_ORGANIZATION ( #932, #397 ) ;
#1044 = EDGE_LOOP ( 'NONE', ( #1093, #253 ) ) ;
#1045 = CARTESIAN_POINT ( 'NONE',  ( 25.65151067676131191, 2.250000000000000000, -171.9637028918148474 ) ) ;
#1046 = CIRCLE ( 'NONE', #263, 27.25000000000000355 ) ;
#1047 = ORIENTED_EDGE ( 'NONE', *, *, #74, .F. ) ;
#1048 = ADVANCED_FACE ( 'NONE', ( #1264 ), #304, .F. ) ;
#1049 = LINE ( 'NONE', #188, #1084 ) ;
#1050 = ORIENTED_EDGE ( 'NONE', *, *, #159, .T. ) ;
#1051 = PLANE ( 'NONE',  #1150 ) ;
#1052 = ORIENTED_EDGE ( 'NONE', *, *, #974, .T. ) ;
#1053 = DIRECTION ( 'NONE',  ( -1.000000000000000000, 0.000000000000000000, 0.000000000000000000 ) ) ;
#1054 = PERSON_AND_ORGANIZATION_ROLE ( 'design_supplier' ) ;
#1055 = ORIENTED_EDGE ( 'NONE', *, *, #278, .T. ) ;
#1056 = CARTESIAN_POINT ( 'NONE',  ( -4.055203397355493979E-15, 0.000000000000000000, -107.8453377953571390 ) ) ;
#1057 = CIRCLE ( 'NONE', #1239, 27.25000000000000355 ) ;
#1058 = EDGE_LOOP ( 'NONE', ( #643, #1192, #1352, #605 ) ) ;
#1059 = CARTESIAN_POINT ( 'NONE',  ( 0.000000000000000000, 0.000000000000000000, -171.9637028918148474 ) ) ;
#1060 = VERTEX_POINT ( 'NONE', #732 ) ;
#1061 = FACE_OUTER_BOUND ( 'NONE', #886, .T. ) ;
#1062 = EDGE_LOOP ( 'NONE', ( #350, #400, #599, #1257 ) ) ;
#1063 = DIRECTION ( 'NONE',  ( 0.000000000000000000, 1.000000000000000000, 0.000000000000000000 ) ) ;
#1064 = AXIS2_PLACEMENT_3D ( 'NONE', #1223, #788, #893 ) ;
#1065 = EDGE_CURVE ( 'NONE', #199, #525, #1, .T. ) ;
#1066 = ADVANCED_FACE ( 'NONE', ( #1159 ), #165, .F. ) ;
#1067 = PLANE ( 'NONE',  #1374 ) ;
#1068 = ORIENTED_EDGE ( 'NONE', *, *, #721, .F. ) ;
#1069 = CARTESIAN_POINT ( 'NONE',  ( 2.249999999999983125, -25.65151067676132257, -145.9637028918148474 ) ) ;
#1070 = EDGE_CURVE ( 'NONE', #500, #42, #116, .T. ) ;
#1071 = CIRCLE ( 'NONE', #1141, 24.39199796489158700 ) ;
#1072 = ORIENTED_EDGE ( 'NONE', *, *, #1383, .F. ) ;
#1073 = DIRECTION ( 'NONE',  ( -0.8660254037844363761, 0.000000000000000000, -0.5000000000000038858 ) ) ;
#1074 = AXIS2_PLACEMENT_3D ( 'NONE', #1288, #632, #327 ) ;
#1075 = CARTESIAN_POINT ( 'NONE',  ( 0.000000000000000000, 0.000000000000000000, -171.9637028918148474 ) ) ;
#1076 = VERTEX_POINT ( 'NONE', #78 ) ;
#1077 = CARTESIAN_POINT ( 'NONE',  ( -27.15695122800054762, 2.249999999999999112, -171.9637028918148474 ) ) ;
#1078 = ORIENTED_EDGE ( 'NONE', *, *, #410, .F. ) ;
#1079 = DIRECTION ( 'NONE',  ( -1.000000000000000000, 0.000000000000000000, 0.000000000000000000 ) ) ;
#1080 = CIRCLE ( 'NONE', #411, 27.25000000000000000 ) ;
#1081 = DIRECTION ( 'NONE',  ( -1.000000000000000000, 0.000000000000000000, 5.551115123125782702E-17 ) ) ;
#1082 = ORIENTED_EDGE ( 'NONE', *, *, #511, .T. ) ;
#1083 = DIRECTION ( 'NONE',  ( 1.224646799147353207E-16, 1.000000000000000000, -0.000000000000000000 ) ) ;
#1084 = VECTOR ( 'NONE', #1125, 1000.000000000000000 ) ;
#1085 = ORIENTED_EDGE ( 'NONE', *, *, #881, .T. ) ;
#1086 = FACE_BOUND ( 'NONE', #1044, .T. ) ;
#1087 = AXIS2_PLACEMENT_3D ( 'NONE', #912, #1311, #245 ) ;
#1088 = EDGE_CURVE ( 'NONE', #704, #1376, #362, .T. ) ;
#1089 = VECTOR ( 'NONE', #1114, 1000.000000000000000 ) ;
#1090 = DIRECTION ( 'NONE',  ( -0.000000000000000000, -0.000000000000000000, -1.000000000000000000 ) ) ;
#1091 = SECURITY_CLASSIFICATION ( '', '', #738 ) ;
#1092 = ADVANCED_FACE ( 'NONE', ( #499 ), #1051, .T. ) ;
#1093 = ORIENTED_EDGE ( 'NONE', *, *, #591, .T. ) ;
#1094 = DIRECTION ( 'NONE',  ( -0.000000000000000000, -1.000000000000000000, -0.000000000000000000 ) ) ;
#1095 = EDGE_LOOP ( 'NONE', ( #1365, #454, #498, #9 ) ) ;
#1096 = DIRECTION ( 'NONE',  ( 0.000000000000000000, 0.000000000000000000, 1.000000000000000000 ) ) ;
#1097 = CIRCLE ( 'NONE', #1278, 104.5000000000000142 ) ;
#1098 = DIRECTION ( 'NONE',  ( -0.000000000000000000, -0.000000000000000000, -1.000000000000000000 ) ) ;
#1099 = CARTESIAN_POINT ( 'NONE',  ( 27.24999999999999645, 3.337162527676537126E-15, -106.9637028918148189 ) ) ;
#1100 = DIRECTION ( 'NONE',  ( 0.000000000000000000, -1.000000000000000000, 0.000000000000000000 ) ) ;
#1101 = ORIENTED_EDGE ( 'NONE', *, *, #516, .F. ) ;
#1102 = DIRECTION ( 'NONE',  ( -5.551115123125782702E-17, 0.000000000000000000, -1.000000000000000000 ) ) ;
#1103 = CARTESIAN_POINT ( 'NONE',  ( 130.0000000000000000, -3.122849337825749828E-15, -75.05553499465096934 ) ) ;
#1104 = ADVANCED_FACE ( 'NONE', ( #952 ), #340, .F. ) ;
#1105 = ORIENTED_EDGE ( 'NONE', *, *, #40, .F. ) ;
#1106 = LINE ( 'NONE', #258, #87 ) ;
#1107 = EDGE_LOOP ( 'NONE', ( #550, #986, #715, #527, #1127, #402 ) ) ;
#1108 = DIRECTION ( 'NONE',  ( 0.000000000000000000, 0.000000000000000000, -1.000000000000000000 ) ) ;
#1109 = ADVANCED_FACE ( 'NONE', ( #313 ), #740, .F. ) ;
#1110 = AXIS2_PLACEMENT_3D ( 'NONE', #103, #692, #906 ) ;
#1111 = CARTESIAN_POINT ( 'NONE',  ( -2.250000000000016875, -27.15695122800053340, -171.9637028918148474 ) ) ;
#1112 = CARTESIAN_POINT ( 'NONE',  ( 27.24999999999995026, -2.250000000000000000, -145.9637028918148474 ) ) ;
#1113 = ORIENTED_EDGE ( 'NONE', *, *, #926, .F. ) ;
#1114 = DIRECTION ( 'NONE',  ( -0.000000000000000000, -1.000000000000000000, -0.000000000000000000 ) ) ;
#1115 = ADVANCED_FACE ( 'NONE', ( #957 ), #71, .F. ) ;
#1116 = TOROIDAL_SURFACE ( 'NONE', #128, 130.0000000000000000, 23.99999999999999289 ) ;
#1117 = CARTESIAN_POINT ( 'NONE',  ( 2.249999999999983125, 27.24999999999999645, -145.9637028918148474 ) ) ;
#1118 = LOCAL_TIME ( 0, 3, 35.00000000000000000, #399 ) ;
#1119 = DIRECTION ( 'NONE',  ( 1.000000000000000000, 0.000000000000000000, 0.000000000000000000 ) ) ;
#1120 = CARTESIAN_POINT ( 'NONE',  ( 2.249999999999983125, 27.15695122800054406, -145.9637028918148474 ) ) ;
#1121 = VERTEX_POINT ( 'NONE', #239 ) ;
#1122 = FACE_OUTER_BOUND ( 'NONE', #971, .T. ) ;
#1123 = FACE_OUTER_BOUND ( 'NONE', #1010, .T. ) ;
#1124 = VECTOR ( 'NONE', #1321, 1000.000000000000000 ) ;
#1125 = DIRECTION ( 'NONE',  ( 0.000000000000000000, 0.000000000000000000, 1.000000000000000000 ) ) ;
#1126 = LINE ( 'NONE', #793, #803 ) ;
#1127 = ORIENTED_EDGE ( 'NONE', *, *, #1237, .F. ) ;
#1128 = CARTESIAN_POINT ( 'NONE',  ( 27.24999999999995026, 2.250000000000000000, -145.9637028918148474 ) ) ;
#1129 = ORIENTED_EDGE ( 'NONE', *, *, #363, .T. ) ;
#1130 = EDGE_CURVE ( 'NONE', #1016, #97, #750, .T. ) ;
#1131 = DIRECTION ( 'NONE',  ( -0.8660254037844363761, 0.000000000000000000, -0.5000000000000038858 ) ) ;
#1132 = AXIS2_PLACEMENT_3D ( 'NONE', #1232, #1211, #377 ) ;
#1133 = CARTESIAN_POINT ( 'NONE',  ( 52.24999999999934630, 3.122849337825749828E-15, 59.61141529382889104 ) ) ;
#1134 = AXIS2_PLACEMENT_3D ( 'NONE', #800, #146, #34 ) ;
#1135 = EDGE_LOOP ( 'NONE', ( #448, #1263, #597, #2 ) ) ;
#1136 = DIRECTION ( 'NONE',  ( 0.000000000000000000, 0.000000000000000000, 1.000000000000000000 ) ) ;
#1137 = DESIGN_CONTEXT ( 'detailed design', #221, 'design' ) ;
#1138 = ORIENTED_EDGE ( 'NONE', *, *, #1318, .T. ) ;
#1139 = EDGE_CURVE ( 'NONE', #357, #649, #758, .T. ) ;
#1140 = DIRECTION ( 'NONE',  ( -0.8660254037844361541, 0.000000000000000000, -0.5000000000000043299 ) ) ;
#1141 = AXIS2_PLACEMENT_3D ( 'NONE', #347, #31, #1197 ) ;
#1142 = LINE ( 'NONE', #825, #193 ) ;
#1143 = COORDINATED_UNIVERSAL_TIME_OFFSET ( 1, 0, .AHEAD. ) ;
#1144 = ORIENTED_EDGE ( 'NONE', *, *, #1070, .T. ) ;
#1145 = VECTOR ( 'NONE', #1184, 1000.000000000000000 ) ;
#1146 = DIRECTION ( 'NONE',  ( -5.551115123125782702E-17, 0.000000000000000000, -1.000000000000000000 ) ) ;
#1147 = EDGE_LOOP ( 'NONE', ( #1047, #841 ) ) ;
#1148 = CARTESIAN_POINT ( 'NONE',  ( 64.99999999999941735, 0.000000000000000000, 37.52776749732575468 ) ) ;
#1149 = CARTESIAN_POINT ( 'NONE',  ( -25.65151067676132612, -2.249999999999999112, -171.9637028918148474 ) ) ;
#1150 = AXIS2_PLACEMENT_3D ( 'NONE', #1032, #945, #287 ) ;
#1151 = CC_DESIGN_PERSON_AND_ORGANIZATION_ASSIGNMENT ( #826, #89, ( #801 ) ) ;
#1152 = AXIS2_PLACEMENT_3D ( 'NONE', #942, #1360, #710 ) ;
#1153 = ORIENTED_EDGE ( 'NONE', *, *, #1345, .F. ) ;
#1154 = DIRECTION ( 'NONE',  ( -1.000000000000000000, 0.000000000000000000, 0.000000000000000000 ) ) ;
#1155 = ORIENTED_EDGE ( 'NONE', *, *, #844, .F. ) ;
#1156 = AXIS2_PLACEMENT_3D ( 'NONE', #1030, #919, #88 ) ;
#1157 = CARTESIAN_POINT ( 'NONE',  ( -8.110406794710987958E-15, 0.000000000000000000, -171.9637028918148474 ) ) ;
#1158 = ORIENTED_EDGE ( 'NONE', *, *, #410, .T. ) ;
#1159 = FACE_OUTER_BOUND ( 'NONE', #395, .T. ) ;
#1160 = VECTOR ( 'NONE', #449, 1000.000000000000000 ) ;
#1161 = VECTOR ( 'NONE', #329, 1000.000000000000000 ) ;
#1162 = EDGE_LOOP ( 'NONE', ( #408, #951, #513, #641 ) ) ;
#1163 = FACE_OUTER_BOUND ( 'NONE', #765, .T. ) ;
#1164 = DATE_TIME_ROLE ( 'classification_date' ) ;
#1165 = ORIENTED_EDGE ( 'NONE', *, *, #539, .T. ) ;
#1166 = DIRECTION ( 'NONE',  ( -0.000000000000000000, -0.000000000000000000, -1.000000000000000000 ) ) ;
#1167 = VECTOR ( 'NONE', #223, 1000.000000000000114 ) ;
#1168 = EDGE_LOOP ( 'NONE', ( #337, #342, #787, #1358 ) ) ;
#1169 = CARTESIAN_POINT ( 'NONE',  ( 0.000000000000000000, 0.000000000000000000, -101.2739825042268791 ) ) ;
#1170 = ORIENTED_EDGE ( 'NONE', *, *, #222, .T. ) ;
#1171 = CARTESIAN_POINT ( 'NONE',  ( 27.24999999999995026, 2.250000000000000000, -145.9637028918148474 ) ) ;
#1172 = EDGE_CURVE ( 'NONE', #445, #174, #1057, .T. ) ;
#1173 = ORIENTED_EDGE ( 'NONE', *, *, #1234, .F. ) ;
#1174 = DIRECTION ( 'NONE',  ( -0.5000000000000043299, 0.000000000000000000, 0.8660254037844361541 ) ) ;
#1175 = EDGE_CURVE ( 'NONE', #198, #751, #811, .T. ) ;
#1176 = DIRECTION ( 'NONE',  ( -0.000000000000000000, -0.000000000000000000, -1.000000000000000000 ) ) ;
#1177 = ORIENTED_EDGE ( 'NONE', *, *, #636, .F. ) ;
#1178 = CARTESIAN_POINT ( 'NONE',  ( 30.49999999999999645, 0.000000000000000000, -101.2739825042268791 ) ) ;
#1179 = EDGE_LOOP ( 'NONE', ( #799, #771, #1269, #1101 ) ) ;
#1180 = LINE ( 'NONE', #1017, #462 ) ;
#1181 = APPROVAL_PERSON_ORGANIZATION ( #1043, #256, #817 ) ;
#1182 = TOROIDAL_SURFACE ( 'NONE', #216, 30.49999999999999645, 5.000000000000000000 ) ;
#1183 = EDGE_CURVE ( 'NONE', #198, #946, #1036, .T. ) ;
#1184 = DIRECTION ( 'NONE',  ( -0.000000000000000000, -0.000000000000000000, 1.000000000000000000 ) ) ;
#1185 = ORIENTED_EDGE ( 'NONE', *, *, #384, .T. ) ;
#1186 = CARTESIAN_POINT ( 'NONE',  ( 130.0000000000000000, 0.000000000000000000, -75.05553499465096934 ) ) ;
#1187 = VERTEX_POINT ( 'NONE', #563 ) ;
#1188 = FACE_OUTER_BOUND ( 'NONE', #1168, .T. ) ;
#1189 = DIRECTION ( 'NONE',  ( -1.000000000000000000, 0.000000000000000000, 5.551115123125782702E-17 ) ) ;
#1190 = EDGE_LOOP ( 'NONE', ( #439, #734, #928, #662 ) ) ;
#1191 = FACE_OUTER_BOUND ( 'NONE', #1058, .T. ) ;
#1192 = ORIENTED_EDGE ( 'NONE', *, *, #73, .F. ) ;
#1193 = CARTESIAN_POINT ( 'NONE',  ( 27.24999999999995026, -2.250000000000000000, -145.9637028918148474 ) ) ;
#1194 = VECTOR ( 'NONE', #490, 1000.000000000000000 ) ;
#1195 = CONICAL_SURFACE ( 'NONE', #3, 25.84046106882113136, 0.3490658503988636197 ) ;
#1196 = EDGE_CURVE ( 'NONE', #357, #298, #1297, .T. ) ;
#1197 = DIRECTION ( 'NONE',  ( -1.000000000000000000, 0.000000000000000000, 0.000000000000000000 ) ) ;
#1198 = ORIENTED_EDGE ( 'NONE', *, *, #930, .T. ) ;
#1199 = DIRECTION ( 'NONE',  ( -0.000000000000000000, -0.000000000000000000, -1.000000000000000000 ) ) ;
#1200 = CIRCLE ( 'NONE', #1336, 25.75000000000000355 ) ;
#1201 = ORIENTED_EDGE ( 'NONE', *, *, #1279, .F. ) ;
#1202 = CONICAL_SURFACE ( 'NONE', #237, 27.24999999999999645, 0.3490658503988636197 ) ;
#1203 = CIRCLE ( 'NONE', #531, 25.75000000000000355 ) ;
#1204 = DIRECTION ( 'NONE',  ( 0.000000000000000000, -1.000000000000000000, 0.000000000000000000 ) ) ;
#1205 = LINE ( 'NONE', #573, #366 ) ;
#1206 = CARTESIAN_POINT ( 'NONE',  ( 2.249999999999982236, -27.15695122800054051, -171.9637028918148474 ) ) ;
#1207 = VERTEX_POINT ( 'NONE', #877 ) ;
#1208 = DIRECTION ( 'NONE',  ( -1.000000000000000000, 0.000000000000000000, 0.000000000000000000 ) ) ;
#1209 = AXIS2_PLACEMENT_3D ( 'NONE', #770, #1332, #1218 ) ;
#1210 = CYLINDRICAL_SURFACE ( 'NONE', #492, 27.25000000000000355 ) ;
#1211 = DIRECTION ( 'NONE',  ( -0.000000000000000000, -0.000000000000000000, -1.000000000000000000 ) ) ;
#1212 = FACE_OUTER_BOUND ( 'NONE', #1387, .T. ) ;
#1213 = ORIENTED_EDGE ( 'NONE', *, *, #994, .T. ) ;
#1214 = CARTESIAN_POINT ( 'NONE',  ( 64.99999999999948841, 0.000000000000000000, 37.52776749732568362 ) ) ;
#1215 = EDGE_CURVE ( 'NONE', #298, #64, #653, .T. ) ;
#1216 = EDGE_CURVE ( 'NONE', #1296, #1356, #983, .T. ) ;
#1217 = CIRCLE ( 'NONE', #275, 25.49999999999999645 ) ;
#1218 = DIRECTION ( 'NONE',  ( -0.000000000000000000, 0.000000000000000000, -1.000000000000000000 ) ) ;
#1219 = ADVANCED_FACE ( 'NONE', ( #855 ), #1116, .F. ) ;
#1220 = FACE_OUTER_BOUND ( 'NONE', #1384, .T. ) ;
#1221 = CARTESIAN_POINT ( 'NONE',  ( -24.39199796489158700, 0.000000000000000000, -103.4971134358437155 ) ) ;
#1222 = EDGE_LOOP ( 'NONE', ( #634, #99, #1291, #794 ) ) ;
#1223 = CARTESIAN_POINT ( 'NONE',  ( 30.49999999999999645, 0.000000000000000000, -101.2739825042268791 ) ) ;
#1224 = CIRCLE ( 'NONE', #1156, 154.0000000000000000 ) ;
#1225 = DIRECTION ( 'NONE',  ( 0.000000000000000000, 0.000000000000000000, -1.000000000000000000 ) ) ;
#1226 = AXIS2_PLACEMENT_3D ( 'NONE', #269, #1005, #916 ) ;
#1227 = CARTESIAN_POINT ( 'NONE',  ( 136.7499999999999147, 0.000000000000000000, 78.95264931168215128 ) ) ;
#1228 = ORIENTED_EDGE ( 'NONE', *, *, #264, .F. ) ;
#1229 = CARTESIAN_POINT ( 'NONE',  ( -8.110406794710987958E-15, 0.000000000000000000, -145.9637028918148474 ) ) ;
#1230 = VECTOR ( 'NONE', #574, 1000.000000000000000 ) ;
#1231 = DIRECTION ( 'NONE',  ( 0.000000000000000000, 0.000000000000000000, -1.000000000000000000 ) ) ;
#1232 = CARTESIAN_POINT ( 'NONE',  ( -8.110406794710987958E-15, 0.000000000000000000, -107.8453377953571390 ) ) ;
#1233 = CARTESIAN_POINT ( 'NONE',  ( 77.74999999999954525, 0.000000000000000000, 15.44411970082264496 ) ) ;
#1234 = EDGE_CURVE ( 'NONE', #1076, #42, #766, .T. ) ;
#1235 = EDGE_LOOP ( 'NONE', ( #1286, #1185, #1213, #854 ) ) ;
#1236 = DIRECTION ( 'NONE',  ( -0.000000000000000000, -0.000000000000000000, 1.000000000000000000 ) ) ;
#1237 = EDGE_CURVE ( 'NONE', #32, #387, #197, .T. ) ;
#1238 = DIRECTION ( 'NONE',  ( 0.000000000000000000, 0.000000000000000000, 1.000000000000000000 ) ) ;
#1239 = AXIS2_PLACEMENT_3D ( 'NONE', #991, #109, #435 ) ;
#1240 = EDGE_CURVE ( 'NONE', #1376, #751, #977, .T. ) ;
#1241 = ORIENTED_EDGE ( 'NONE', *, *, #447, .F. ) ;
#1242 = CARTESIAN_POINT ( 'NONE',  ( 0.000000000000000000, 0.000000000000000000, -171.9637028918148474 ) ) ;
#1243 = CARTESIAN_POINT ( 'NONE',  ( 64.99999999999943157, 0.000000000000000000, 37.52776749732574046 ) ) ;
#1244 = DIRECTION ( 'NONE',  ( -0.000000000000000000, -0.000000000000000000, -1.000000000000000000 ) ) ;
#1245 = AXIS2_PLACEMENT_3D ( 'NONE', #1242, #1011, #694 ) ;
#1246 = EDGE_LOOP ( 'NONE', ( #1105, #86, #1129, #240 ) ) ;
#1247 = CARTESIAN_POINT ( 'NONE',  ( 2.249999999999983125, 25.65151067676132257, -171.9637028918148474 ) ) ;
#1248 = VERTEX_POINT ( 'NONE', #453 ) ;
#1249 = DIRECTION ( 'NONE',  ( -1.000000000000000000, 0.000000000000000000, 0.000000000000000000 ) ) ;
#1250 = CC_DESIGN_DATE_AND_TIME_ASSIGNMENT ( #285, #935, ( #859 ) ) ;
#1251 = VECTOR ( 'NONE', #265, 1000.000000000000000 ) ;
#1252 = DIRECTION ( 'NONE',  ( 0.000000000000000000, 1.000000000000000000, 0.000000000000000000 ) ) ;
#1253 = CALENDAR_DATE ( 2026, 16, 9 ) ;
#1254 = EDGE_LOOP ( 'NONE', ( #1052, #429, #582, #1343, #1155, #70 ) ) ;
#1255 = AXIS2_PLACEMENT_3D ( 'NONE', #1169, #553, #960 ) ;
#1256 = CARTESIAN_POINT ( 'NONE',  ( -27.15695122800054762, -2.249999999999999112, -171.9637028918148474 ) ) ;
#1257 = ORIENTED_EDGE ( 'NONE', *, *, #1285, .F. ) ;
#1258 = EDGE_CURVE ( 'NONE', #493, #541, #1295, .T. ) ;
#1259 = DIRECTION ( 'NONE',  ( -0.8660254037844361541, 0.000000000000000000, -0.5000000000000043299 ) ) ;
#1260 = DIRECTION ( 'NONE',  ( -0.000000000000000000, -0.000000000000000000, -1.000000000000000000 ) ) ;
#1261 = VECTOR ( 'NONE', #274, 1000.000000000000114 ) ;
#1262 = AXIS2_PLACEMENT_3D ( 'NONE', #369, #567, #25 ) ;
#1263 = ORIENTED_EDGE ( 'NONE', *, *, #1338, .T. ) ;
#1264 = FACE_OUTER_BOUND ( 'NONE', #956, .T. ) ;
#1265 = EDGE_LOOP ( 'NONE', ( #360, #848, #1201, #1228 ) ) ;
#1266 = DIRECTION ( 'NONE',  ( -1.000000000000000000, 0.000000000000000000, 0.000000000000000000 ) ) ;
#1267 = CIRCLE ( 'NONE', #1087, 27.25000000000000355 ) ;
#1268 = APPROVAL_DATE_TIME ( #189, #256 ) ;
#1269 = ORIENTED_EDGE ( 'NONE', *, *, #264, .T. ) ;
#1270 = DIRECTION ( 'NONE',  ( -1.000000000000000000, 0.000000000000000000, 0.000000000000000000 ) ) ;
#1271 = VECTOR ( 'NONE', #178, 1000.000000000000000 ) ;
#1272 = ORIENTED_EDGE ( 'NONE', *, *, #382, .T. ) ;
#1273 = CARTESIAN_POINT ( 'NONE',  ( 22.24999999999999645, 0.000000000000000000, -107.8453377953571390 ) ) ;
#1274 = ADVANCED_FACE ( 'NONE', ( #1191 ), #152, .T. ) ;
#1275 = CIRCLE ( 'NONE', #537, 23.99999999999999289 ) ;
#1276 = VERTEX_POINT ( 'NONE', #1069 ) ;
#1277 = DIRECTION ( 'NONE',  ( 0.000000000000000000, 0.000000000000000000, -1.000000000000000000 ) ) ;
#1278 = AXIS2_PLACEMENT_3D ( 'NONE', #1103, #472, #882 ) ;
#1279 = EDGE_CURVE ( 'NONE', #331, #427, #375, .T. ) ;
#1280 = AXIS2_PLACEMENT_3D ( 'NONE', #334, #763, #982 ) ;
#1281 = ORIENTED_EDGE ( 'NONE', *, *, #242, .T. ) ;
#1282 = CARTESIAN_POINT ( 'NONE',  ( 25.49999999999999645, 0.000000000000000000, -171.9637028918148474 ) ) ;
#1283 = EDGE_LOOP ( 'NONE', ( #320, #1334, #208, #192 ) ) ;
#1284 = DIRECTION ( 'NONE',  ( 0.000000000000000000, 0.000000000000000000, -1.000000000000000000 ) ) ;
#1285 = EDGE_CURVE ( 'NONE', #153, #1248, #148, .T. ) ;
#1286 = ORIENTED_EDGE ( 'NONE', *, *, #657, .F. ) ;
#1287 = LINE ( 'NONE', #133, #579 ) ;
#1288 = CARTESIAN_POINT ( 'NONE',  ( 136.7499999999999147, 0.000000000000000000, 78.95264931168213707 ) ) ;
#1289 = ORIENTED_EDGE ( 'NONE', *, *, #1172, .T. ) ;
#1290 = DIRECTION ( 'NONE',  ( 0.000000000000000000, 0.000000000000000000, 1.000000000000000000 ) ) ;
#1291 = ORIENTED_EDGE ( 'NONE', *, *, #1139, .F. ) ;
#1292 = PLANE ( 'NONE',  #419 ) ;
#1293 = AXIS2_PLACEMENT_3D ( 'NONE', #1003, #897, #162 ) ;
#1294 = PLANE ( 'NONE',  #830 ) ;
#1295 = CIRCLE ( 'NONE', #509, 6.500000000000005329 ) ;
#1296 = VERTEX_POINT ( 'NONE', #642 ) ;
#1297 = LINE ( 'NONE', #1171, #869 ) ;
#1298 = ADVANCED_FACE ( 'NONE', ( #1061 ), #648, .T. ) ;
#1299 = ORIENTED_EDGE ( 'NONE', *, *, #782, .F. ) ;
#1300 = CARTESIAN_POINT ( 'NONE',  ( -27.25000000000001066, 0.000000000000000000, -145.9637028918148474 ) ) ;
#1301 = CC_DESIGN_SECURITY_CLASSIFICATION ( #1091, ( #801 ) ) ;
#1302 = EDGE_CURVE ( 'NONE', #445, #42, #595, .T. ) ;
#1303 = EDGE_CURVE ( 'NONE', #32, #870, #251, .T. ) ;
#1304 = FACE_OUTER_BOUND ( 'NONE', #459, .T. ) ;
#1305 = VERTEX_POINT ( 'NONE', #1233 ) ;
#1306 = CARTESIAN_POINT ( 'NONE',  ( -25.84046106882113136, 0.000000000000000000, -107.4767331068033229 ) ) ;
#1307 = ORIENTED_EDGE ( 'NONE', *, *, #242, .F. ) ;
#1308 = DIRECTION ( 'NONE',  ( -1.000000000000000000, 0.000000000000000000, 5.551115123125782702E-17 ) ) ;
#1309 = AXIS2_PLACEMENT_3D ( 'NONE', #440, #123, #321 ) ;
#1310 = CARTESIAN_POINT ( 'NONE',  ( 25.65151067676131191, 2.249999999999999112, -145.9637028918148474 ) ) ;
#1311 = DIRECTION ( 'NONE',  ( 0.000000000000000000, 0.000000000000000000, -1.000000000000000000 ) ) ;
#1312 = DIRECTION ( 'NONE',  ( -1.000000000000000000, 0.000000000000000000, 0.000000000000000000 ) ) ;
#1313 = VERTEX_POINT ( 'NONE', #246 ) ;
#1314 = LINE ( 'NONE', #121, #1160 ) ;
#1315 = VECTOR ( 'NONE', #470, 1000.000000000000000 ) ;
#1316 = DIRECTION ( 'NONE',  ( 0.5000000000000038858, 0.000000000000000000, -0.8660254037844364872 ) ) ;
#1317 = DIRECTION ( 'NONE',  ( 1.000000000000000000, 0.000000000000000000, 0.000000000000000000 ) ) ;
#1318 = EDGE_CURVE ( 'NONE', #328, #1016, #47, .T. ) ;
#1319 = DIRECTION ( 'NONE',  ( -0.000000000000000000, -0.000000000000000000, -1.000000000000000000 ) ) ;
#1320 = ORIENTED_EDGE ( 'NONE', *, *, #93, .F. ) ;
#1321 = DIRECTION ( 'NONE',  ( -0.000000000000000000, -0.000000000000000000, -1.000000000000000000 ) ) ;
#1322 = AXIS2_PLACEMENT_3D ( 'NONE', #396, #270, #831 ) ;
#1323 = EDGE_CURVE ( 'NONE', #328, #1356, #1106, .T. ) ;
#1324 = LOCAL_TIME ( 0, 3, 35.00000000000000000, #1143 ) ;
#1325 = TOROIDAL_SURFACE ( 'NONE', #1255, 30.49999999999999645, 6.500000000000000888 ) ;
#1326 = LINE ( 'NONE', #789, #1347 ) ;
#1327 = CARTESIAN_POINT ( 'NONE',  ( 0.000000000000000000, 0.000000000000000000, -101.2739825042268791 ) ) ;
#1328 = ORIENTED_EDGE ( 'NONE', *, *, #695, .T. ) ;
#1329 = DIRECTION ( 'NONE',  ( 0.8660254037844363761, 0.000000000000000000, 0.5000000000000039968 ) ) ;
#1330 = AXIS2_PLACEMENT_3D ( 'NONE', #416, #842, #1270 ) ;
#1331 = AXIS2_PLACEMENT_3D ( 'NONE', #703, #194, #413 ) ;
#1332 = DIRECTION ( 'NONE',  ( 1.000000000000000000, 0.000000000000000000, -0.000000000000000000 ) ) ;
#1333 = CYLINDRICAL_SURFACE ( 'NONE', #1262, 23.99999999999999645 ) ;
#1334 = ORIENTED_EDGE ( 'NONE', *, *, #1028, .T. ) ;
#1335 = CARTESIAN_POINT ( 'NONE',  ( 2.249999999999983125, 27.24999999999999645, -145.9637028918148474 ) ) ;
#1336 = AXIS2_PLACEMENT_3D ( 'NONE', #1157, #519, #1266 ) ;
#1337 = CARTESIAN_POINT ( 'NONE',  ( -9.545903117514622913E-15, 0.000000000000000000, -145.9637028918148474 ) ) ;
#1338 = EDGE_CURVE ( 'NONE', #210, #1207, #786, .T. ) ;
#1339 = VECTOR ( 'NONE', #752, 1000.000000000000000 ) ;
#1340 = VECTOR ( 'NONE', #63, 1000.000000000000000 ) ;
#1341 = CARTESIAN_POINT ( 'NONE',  ( 0.000000000000000000, 0.000000000000000000, -101.2739825042268791 ) ) ;
#1342 = CARTESIAN_POINT ( 'NONE',  ( 124.7499999999998295, 2.939152317953647106E-15, 99.73725900250859411 ) ) ;
#1343 = ORIENTED_EDGE ( 'NONE', *, *, #1065, .F. ) ;
#1344 = LINE ( 'NONE', #254, #16 ) ;
#1345 = EDGE_CURVE ( 'NONE', #870, #706, #1046, .T. ) ;
#1346 = FACE_OUTER_BOUND ( 'NONE', #1265, .T. ) ;
#1347 = VECTOR ( 'NONE', #142, 1000.000000000000000 ) ;
#1348 = LINE ( 'NONE', #1020, #730 ) ;
#1349 = DIRECTION ( 'NONE',  ( -1.000000000000000000, 0.000000000000000000, 0.000000000000000000 ) ) ;
#1350 = ORIENTED_EDGE ( 'NONE', *, *, #1183, .T. ) ;
#1351 = CARTESIAN_POINT ( 'NONE',  ( 25.74999999999999645, 3.153465507804434798E-15, -171.9637028918148474 ) ) ;
#1352 = ORIENTED_EDGE ( 'NONE', *, *, #431, .T. ) ;
#1353 = DIRECTION ( 'NONE',  ( -0.5000000000000043299, 0.000000000000000000, 0.8660254037844361541 ) ) ;
#1354 = CYLINDRICAL_SURFACE ( 'NONE', #1018, 27.25000000000000355 ) ;
#1355 = PERSON_AND_ORGANIZATION ( #932, #397 ) ;
#1356 = VERTEX_POINT ( 'NONE', #1120 ) ;
#1357 = CARTESIAN_POINT ( 'NONE',  ( -30.49999999999999645, 3.735172737399426752E-15, -101.2739825042268791 ) ) ;
#1358 = ORIENTED_EDGE ( 'NONE', *, *, #534, .F. ) ;
#1359 = FACE_OUTER_BOUND ( 'NONE', #819, .T. ) ;
#1360 = DIRECTION ( 'NONE',  ( -5.551115123125782702E-17, 0.000000000000000000, -1.000000000000000000 ) ) ;
#1361 = MECHANICAL_CONTEXT ( 'NONE', #147, 'mechanical' ) ;
#1362 = ADVANCED_FACE ( 'NONE', ( #144 ), #488, .F. ) ;
#1363 = VECTOR ( 'NONE', #1319, 1000.000000000000000 ) ;
#1364 = AXIS2_PLACEMENT_3D ( 'NONE', #866, #455, #1208 ) ;
#1365 = ORIENTED_EDGE ( 'NONE', *, *, #136, .T. ) ;
#1366 = DIRECTION ( 'NONE',  ( -0.000000000000000000, -0.000000000000000000, -1.000000000000000000 ) ) ;
#1367 = EDGE_CURVE ( 'NONE', #649, #64, #1126, .T. ) ;
#1368 = ORIENTED_EDGE ( 'NONE', *, *, #594, .F. ) ;
#1369 = CARTESIAN_POINT ( 'NONE',  ( -25.65151067676132612, 2.250000000000000000, -171.9637028918148474 ) ) ;
#1370 = EDGE_CURVE ( 'NONE', #14, #441, #272, .T. ) ;
#1371 = CARTESIAN_POINT ( 'NONE',  ( 27.24999999999995026, -2.250000000000000000, -171.9637028918148474 ) ) ;
#1372 = CALENDAR_DATE ( 2026, 16, 9 ) ;
#1373 = VERTEX_POINT ( 'NONE', #1342 ) ;
#1374 = AXIS2_PLACEMENT_3D ( 'NONE', #433, #524, #201 ) ;
#1375 = DIRECTION ( 'NONE',  ( 0.000000000000000000, 0.000000000000000000, -1.000000000000000000 ) ) ;
#1376 = VERTEX_POINT ( 'NONE', #1221 ) ;
#1377 = CARTESIAN_POINT ( 'NONE',  ( 23.99999999999999289, 0.000000000000000000, -75.05553499465095513 ) ) ;
#1378 = AXIS2_PLACEMENT_3D ( 'NONE', #85, #175, #409 ) ;
#1379 = ORIENTED_EDGE ( 'NONE', *, *, #1323, .F. ) ;
#1380 = DIRECTION ( 'NONE',  ( -0.000000000000000000, -0.000000000000000000, -1.000000000000000000 ) ) ;
#1381 = ORIENTED_EDGE ( 'NONE', *, *, #591, .F. ) ;
#1382 = DIRECTION ( 'NONE',  ( 0.000000000000000000, 0.000000000000000000, -1.000000000000000000 ) ) ;
#1383 = EDGE_CURVE ( 'NONE', #296, #807, #83, .T. ) ;
#1384 = EDGE_LOOP ( 'NONE', ( #205, #517, #668, #535 ) ) ;
#1385 = DIRECTION ( 'NONE',  ( -1.000000000000000000, 0.000000000000000000, 0.000000000000000000 ) ) ;
#1386 = TOROIDAL_SURFACE ( 'NONE', #104, 30.49999999999999645, 6.500000000000000888 ) ;
#1387 = EDGE_LOOP ( 'NONE', ( #532, #1281, #687, #984 ) ) ;
#1388 = DIRECTION ( 'NONE',  ( 1.224646799147353207E-16, 1.000000000000000000, -0.000000000000000000 ) ) ;
#1389 = ADVANCED_FACE ( 'NONE', ( #1212 ), #378, .F. ) ;
#1390 = AXIS2_PLACEMENT_3D ( 'NONE', #1337, #1231, #1249 ) ;
#1391 = ORIENTED_EDGE ( 'NONE', *, *, #110, .T. ) ;
#1392 = CARTESIAN_POINT ( 'NONE',  ( -8.110406794710987958E-15, 0.000000000000000000, -145.9637028918148474 ) ) ;
#1393 = ORIENTED_EDGE ( 'NONE', *, *, #534, .T. ) ;
#1394 = LINE ( 'NONE', #774, #735 ) ;
#1395 = DIRECTION ( 'NONE',  ( -1.000000000000000000, 0.000000000000000000, 0.000000000000000000 ) ) ;
ENDSEC;
END-ISO-10303-21;
