ISO-10303-21;
HEADER;
FILE_DESCRIPTION (( 'STEP AP203' ),
    '1' );
FILE_NAME ('79-8565 - 51mm Y-rör.STEP',
    '2026-09-15T22:03:37',
    ( '' ),
    ( '' ),
    'SwSTEP 2.0',
    'SolidWorks 2026',
    '' );
FILE_SCHEMA (( 'CONFIG_CONTROL_DESIGN' ));
ENDSEC;

DATA;
#1 = PRODUCT_DEFINITION_SHAPE ( 'NONE', 'NONE',  #228 ) ;
#2 = ADVANCED_FACE ( 'NONE', ( #2472 ), #3239, .T. ) ;
#3 = CARTESIAN_POINT ( 'NONE',  ( 13.01699049034486144, -20.17168090720141294, 8.954339823160703205 ) ) ;
#4 = CARTESIAN_POINT ( 'NONE',  ( 25.34110559031827847, 6.544310002711406504, 6.159028398236849888 ) ) ;
#5 = CARTESIAN_POINT ( 'NONE',  ( 15.48348401945831654, 21.84249423488727260, -16.33043539945183298 ) ) ;
#6 = DIRECTION ( 'NONE',  ( -0.8735349149889872766, 0.2154224563953799354, 0.4364973282573024749 ) ) ;
#7 = DIRECTION ( 'NONE',  ( -1.000000000000000000, 7.166659697558369433E-15, 0.000000000000000000 ) ) ;
#8 = CARTESIAN_POINT ( 'NONE',  ( 11.17714929118163880, -22.95722369123457440, 9.052585928939258508 ) ) ;
#9 = CARTESIAN_POINT ( 'NONE',  ( -25.52366875980649397, -10.79626415341155088, 7.040795400029550954 ) ) ;
#10 = CARTESIAN_POINT ( 'NONE',  ( -7.694077540377497471, 24.98368793961429191, 6.358029377445561181 ) ) ;
#11 = B_SPLINE_CURVE_WITH_KNOTS ( 'NONE', 3,
 ( #1586, #1107, #3416, #582, #3009, #4386 ),
 .UNSPECIFIED., .F., .F.,
 ( 4, 2, 4 ),
 ( 0.000000000000000000, 0.001892115155988731900, 0.003784230311977462933 ),
 .UNSPECIFIED. ) ;
#12 = COORDINATED_UNIVERSAL_TIME_OFFSET ( 1, 0, .AHEAD. ) ;
#13 = CARTESIAN_POINT ( 'NONE',  ( -27.00000000000000000, 5.499999999999856115, 5.000000000000000000 ) ) ;
#14 = CARTESIAN_POINT ( 'NONE',  ( 23.71021239447913942, 3.718309859154801611, 12.53772396082001883 ) ) ;
#15 = EDGE_CURVE ( 'NONE', #3774, #4630, #3338, .T. ) ;
#16 = ORIENTED_EDGE ( 'NONE', *, *, #5679, .F. ) ;
#17 = CARTESIAN_POINT ( 'NONE',  ( -1.068645225666973170E-14, 14.78929965605977337, -36.15880457949845095 ) ) ;
#18 = CARTESIAN_POINT ( 'NONE',  ( -11.59659420371455951, -23.76693806664493636, 4.308758947761787361 ) ) ;
#19 = CARTESIAN_POINT ( 'NONE',  ( -5.746478873239308172, 23.30188791835146844, 9.425626491315746591 ) ) ;
#20 = CARTESIAN_POINT ( 'NONE',  ( 20.87365607350891139, 18.25930530975535859, 7.039761151337306622 ) ) ;
#21 = CARTESIAN_POINT ( 'NONE',  ( 12.63949927553544583, 22.28330653645557646, 6.205893419127570532 ) ) ;
#22 = B_SPLINE_CURVE_WITH_KNOTS ( 'NONE', 3,
 ( #206, #3998, #5837, #1635, #1164, #4501 ),
 .UNSPECIFIED., .F., .F.,
 ( 4, 2, 4 ),
 ( 8.716877585302701703E-18, 0.001527454385740903550, 0.003054908771481798426 ),
 .UNSPECIFIED. ) ;
#23 = ORIENTED_EDGE ( 'NONE', *, *, #4236, .F. ) ;
#24 = CARTESIAN_POINT ( 'NONE',  ( -25.08734958395088910, 13.78397791989444698, 0.6553795402811806170 ) ) ;
#25 = ORIENTED_EDGE ( 'NONE', *, *, #4287, .T. ) ;
#26 = DIRECTION ( 'NONE',  ( -0.000000000000000000, -1.000000000000000000, 0.000000000000000000 ) ) ;
#27 = CIRCLE ( 'NONE', #3115, 8.500000000000000000 ) ;
#28 = CARTESIAN_POINT ( 'NONE',  ( 11.60274526279755847, 21.02492489541438658, 8.793513142897309010 ) ) ;
#29 = CARTESIAN_POINT ( 'NONE',  ( 26.60558980218182512, 14.00394123486653442, 4.268832636049545215 ) ) ;
#30 = CARTESIAN_POINT ( 'NONE',  ( 11.61241894826165577, -24.03234236505290156, 6.894596435868333373 ) ) ;
#31 = EDGE_CURVE ( 'NONE', #5280, #4650, #1448, .T. ) ;
#32 = CARTESIAN_POINT ( 'NONE',  ( 1.915185029715560594, 23.92826104712232294, 6.500951453610366748 ) ) ;
#33 = CARTESIAN_POINT ( 'NONE',  ( 9.128800207679320877, -22.21068932530806705, 8.345479120931790007 ) ) ;
#34 = CARTESIAN_POINT ( 'NONE',  ( -14.39060569785521260, 23.07859832987348270, 1.445364302821755320 ) ) ;
#35 = CARTESIAN_POINT ( 'NONE',  ( 22.10326671544730814, 18.83073290040618630, -14.27920496756113877 ) ) ;
#36 = CARTESIAN_POINT ( 'NONE',  ( -24.98933329631541866, -8.493987781953682870, 6.130028921257565599 ) ) ;
#37 = DIRECTION ( 'NONE',  ( -0.000000000000000000, -0.000000000000000000, 1.000000000000000000 ) ) ;
#38 = CARTESIAN_POINT ( 'NONE',  ( 10.76888503058727409, -24.36650760269518301, 6.673820136167331718 ) ) ;
#39 = CARTESIAN_POINT ( 'NONE',  ( -28.46806881742831052, -6.810128895277880012, 1.091994961590220914 ) ) ;
#40 = PERSON_AND_ORGANIZATION_ROLE ( 'creator' ) ;
#41 = CARTESIAN_POINT ( 'NONE',  ( -7.753773522561156817, -22.43855938747930168, -17.20129186647079322 ) ) ;
#42 = CARTESIAN_POINT ( 'NONE',  ( 16.38891434204848352, 23.88128011287312091, 1.259094997250908676 ) ) ;
#43 = CARTESIAN_POINT ( 'NONE',  ( -11.27099283075759395, 22.74024583829538670, 6.211405879637965199 ) ) ;
#44 = ADVANCED_FACE ( 'NONE', ( #3323 ), #1980, .F. ) ;
#45 = ORIENTED_EDGE ( 'NONE', *, *, #2316, .F. ) ;
#46 = VECTOR ( 'NONE', #2334, 1000.000000000000000 ) ;
#47 = CARTESIAN_POINT ( 'NONE',  ( 1.277827724236979609E-14, 18.35877360344968423, -26.79168002856435749 ) ) ;
#48 = CARTESIAN_POINT ( 'NONE',  ( -6.888155080739683633, -24.00000000000000000, 3.290432263557690806 ) ) ;
#49 = CARTESIAN_POINT ( 'NONE',  ( -8.499999999999763745, -24.00000000000000711, 2.627371485753584146 ) ) ;
#50 = CARTESIAN_POINT ( 'NONE',  ( -20.53272074778110934, 18.63628257099339791, 7.040229749545283688 ) ) ;
#51 = CARTESIAN_POINT ( 'NONE',  ( 7.171620660629232979, 25.49999999999999289, 3.215959877228321329 ) ) ;
#52 = CARTESIAN_POINT ( 'NONE',  ( -16.68915721440505706, 23.74953594544669855, 1.223810947107246694 ) ) ;
#53 = ADVANCED_FACE ( 'NONE', ( #4291 ), #5269, .T. ) ;
#54 = AXIS2_PLACEMENT_3D ( 'NONE', #3847, #1706, #2102 ) ;
#55 = CARTESIAN_POINT ( 'NONE',  ( 0.000000000000000000, 0.000000000000000000, 0.000000000000000000 ) ) ;
#56 = ORIENTED_EDGE ( 'NONE', *, *, #2559, .F. ) ;
#57 = CARTESIAN_POINT ( 'NONE',  ( -18.98906135933091122, 18.47888031257742014, 6.112747587279868888 ) ) ;
#58 = ORIENTED_EDGE ( 'NONE', *, *, #3137, .T. ) ;
#59 = AXIS2_PLACEMENT_3D ( 'NONE', #4768, #1499, #2434 ) ;
#60 = CIRCLE ( 'NONE', #5231, 10.00000000000000000 ) ;
#61 = CARTESIAN_POINT ( 'NONE',  ( 20.18550472004490004, 18.17741592151686447, -14.46382495041045679 ) ) ;
#62 = CARTESIAN_POINT ( 'NONE',  ( 28.49999999999999289, 4.639763231028575241, -5.475605675096464786 ) ) ;
#63 = ADVANCED_FACE ( 'NONE', ( #4317 ), #1094, .T. ) ;
#64 = CARTESIAN_POINT ( 'NONE',  ( -1.792063482828553407E-15, 0.7619410155368735449, -46.65644962706745957 ) ) ;
#65 = DIRECTION ( 'NONE',  ( -1.000000000000000000, 0.000000000000000000, 0.000000000000000000 ) ) ;
#66 = CARTESIAN_POINT ( 'NONE',  ( -8.151378718256193423, 25.50000000000075318, 4.943248307533962382 ) ) ;
#67 = AXIS2_PLACEMENT_3D ( 'NONE', #1006, #1101, #4296 ) ;
#68 = ORIENTED_EDGE ( 'NONE', *, *, #5201, .F. ) ;
#69 = DIRECTION ( 'NONE',  ( 0.000000000000000000, -0.000000000000000000, 1.000000000000000000 ) ) ;
#70 = CARTESIAN_POINT ( 'NONE',  ( 19.13658544125013705, -14.49641642788187568, 13.41021397433991780 ) ) ;
#71 = CARTESIAN_POINT ( 'NONE',  ( 2.508551668416418412, -23.96540471843720610, 5.310449086151733056 ) ) ;
#72 = AXIS2_PLACEMENT_3D ( 'NONE', #6146, #441, #5331 ) ;
#73 = CARTESIAN_POINT ( 'NONE',  ( 28.49999999999998934, -5.500000000000001776, 1.223575944766749357 ) ) ;
#74 = CARTESIAN_POINT ( 'NONE',  ( 17.98944319965712069, -18.11476310876182794, 9.716153708755827623 ) ) ;
#75 = CARTESIAN_POINT ( 'NONE',  ( -26.23807372088049661, -14.74508930744578805, 0.6565470080924737939 ) ) ;
#76 = DIRECTION ( 'NONE',  ( -7.285838599102589797E-15, 1.000000000000000000, 0.000000000000000000 ) ) ;
#77 = CARTESIAN_POINT ( 'NONE',  ( 6.867212677859131809, -24.57044293727537365, 7.808835677699232924 ) ) ;
#78 = CARTESIAN_POINT ( 'NONE',  ( -24.15584684598433540, 8.193830065068928192, 13.14761829008627281 ) ) ;
#79 = DIRECTION ( 'NONE',  ( -0.000000000000000000, -1.000000000000000000, 0.000000000000000000 ) ) ;
#80 = CARTESIAN_POINT ( 'NONE',  ( -1.293678467674835745E-14, -19.01791071194431382, -17.73784881105772371 ) ) ;
#81 = EDGE_CURVE ( 'NONE', #5704, #4104, #2751, .T. ) ;
#82 = FACE_OUTER_BOUND ( 'NONE', #1726, .T. ) ;
#83 = CARTESIAN_POINT ( 'NONE',  ( -16.64846454417054034, 17.32841469555658165, 13.19499755459454171 ) ) ;
#84 = DIRECTION ( 'NONE',  ( 0.000000000000000000, 0.000000000000000000, 1.000000000000000000 ) ) ;
#85 = CARTESIAN_POINT ( 'NONE',  ( -12.15318282563105434, -22.42628851589392269, 12.09481233497599106 ) ) ;
#86 = ORIENTED_EDGE ( 'NONE', *, *, #3613, .T. ) ;
#87 = CARTESIAN_POINT ( 'NONE',  ( -8.627044760801094725, 23.45024445631986509, 5.907111142963078265 ) ) ;
#88 = CARTESIAN_POINT ( 'NONE',  ( -16.62060897417548233, 20.27010230396778567, 6.154517499677790049 ) ) ;
#89 = EDGE_LOOP ( 'NONE', ( #739, #2782 ) ) ;
#90 = EDGE_CURVE ( 'NONE', #4610, #4937, #1979, .T. ) ;
#91 = CARTESIAN_POINT ( 'NONE',  ( -6.625436745047126763, 24.63006730311346359, 9.787226329532517255 ) ) ;
#92 = DIRECTION ( 'NONE',  ( -7.441933196985691860E-17, -0.000000000000000000, 1.000000000000000000 ) ) ;
#93 = CARTESIAN_POINT ( 'NONE',  ( -10.63415309628395988, -24.31215835098819156, 6.845339688422920510 ) ) ;
#94 = CARTESIAN_POINT ( 'NONE',  ( -28.50000000000000000, 5.144692510212268921, 1.298756724871352297 ) ) ;
#95 = EDGE_CURVE ( 'NONE', #984, #3658, #2063, .T. ) ;
#96 = CARTESIAN_POINT ( 'NONE',  ( 17.91993694353554645, -19.44978061796006230, 6.061809613989185053 ) ) ;
#97 = CARTESIAN_POINT ( 'NONE',  ( 6.077685043273574728, 25.50000000003061373, 4.885896096957025314 ) ) ;
#98 = CARTESIAN_POINT ( 'NONE',  ( 17.80907432646025512, 18.25340948094132898, 13.19962002459243600 ) ) ;
#99 = CARTESIAN_POINT ( 'NONE',  ( 8.749037868467663515, -23.96408787226100046, 8.470001862250040148 ) ) ;
#100 = ORIENTED_EDGE ( 'NONE', *, *, #5987, .T. ) ;
#101 = CARTESIAN_POINT ( 'NONE',  ( -17.11369847136897349, -23.57381931315474333, 4.448003582293694080 ) ) ;
#102 = CARTESIAN_POINT ( 'NONE',  ( -4.831879063553027542, -22.04604320419909769, -17.56284437385561858 ) ) ;
#103 = CARTESIAN_POINT ( 'NONE',  ( 25.41633234715157030, -6.015316977135883647, 6.166686970891835706 ) ) ;
#104 = CARTESIAN_POINT ( 'NONE',  ( 9.142681365873505328, 25.50000000000000355, 2.464783675580497935 ) ) ;
#105 = CARTESIAN_POINT ( 'NONE',  ( -18.98147690141264121, 18.48555300029610038, 6.112876729288280409 ) ) ;
#106 = ORIENTED_EDGE ( 'NONE', *, *, #5146, .T. ) ;
#107 = CARTESIAN_POINT ( 'NONE',  ( -24.71042655109592090, -6.420180040568926216, 12.95011554292110745 ) ) ;
#108 = CARTESIAN_POINT ( 'NONE',  ( 3.827039874989980106, -23.71246471078184115, 7.983642574377653567 ) ) ;
#109 = CARTESIAN_POINT ( 'NONE',  ( -28.49999999999999645, -5.082313297955881382, -5.688193397285152386 ) ) ;
#110 = CARTESIAN_POINT ( 'NONE',  ( -15.50173507524832139, 22.39414609765632136, 7.013430440325122639 ) ) ;
#111 = CARTESIAN_POINT ( 'NONE',  ( 14.58211864897849175, 22.86674745962654853, 6.996969925899948706 ) ) ;
#112 = DIRECTION ( 'NONE',  ( 0.000000000000000000, 0.9953820156193464719, 0.09599293193546681868 ) ) ;
#113 = B_SPLINE_CURVE_WITH_KNOTS ( 'NONE', 3,
 ( #3402, #2875, #5775, #2389, #1978, #14 ),
 .UNSPECIFIED., .F., .F.,
 ( 4, 2, 4 ),
 ( 0.003784230311977578726, 0.005675386046928940914, 0.007566541781880304837 ),
 .UNSPECIFIED. ) ;
#114 =( NAMED_UNIT ( * ) PLANE_ANGLE_UNIT ( ) SI_UNIT ( $, .RADIAN. ) );
#115 = VERTEX_POINT ( 'NONE', #3937 ) ;
#116 = CARTESIAN_POINT ( 'NONE',  ( -8.372880859634554085, 22.50810676941616251, 8.154613859839976442 ) ) ;
#117 = EDGE_LOOP ( 'NONE', ( #4298, #1991, #1221, #1384 ) ) ;
#118 = CARTESIAN_POINT ( 'NONE',  ( -27.47613899818875183, -11.95371929274477907, 0.7381861981022224128 ) ) ;
#119 = CARTESIAN_POINT ( 'NONE',  ( 23.52620390044310739, 4.891660290195687821, 12.77500866123040524 ) ) ;
#120 = CARTESIAN_POINT ( 'NONE',  ( -0.2539299771906510239, -25.50000000000000355, 5.187623757338354125 ) ) ;
#121 = CARTESIAN_POINT ( 'NONE',  ( 26.99999999999998934, 2.716123070016375851E-19, -4.815573033901615396 ) ) ;
#122 = FACE_OUTER_BOUND ( 'NONE', #1748, .T. ) ;
#123 = CARTESIAN_POINT ( 'NONE',  ( 23.40936409002664220, 18.84760667302675330, 0.6814474317561610706 ) ) ;
#124 = CARTESIAN_POINT ( 'NONE',  ( -9.634454142084610595, 25.49999999999999645, 4.869521548480302719 ) ) ;
#125 = ORIENTED_EDGE ( 'NONE', *, *, #4649, .F. ) ;
#126 = B_SPLINE_CURVE_WITH_KNOTS ( 'NONE', 3,
 ( #5006, #1683, #4545, #4047, #3581, #738 ),
 .UNSPECIFIED., .F., .F.,
 ( 4, 2, 4 ),
 ( -3.830160302146978568E-05, 0.003879113877453032981, 0.007796529357927535660 ),
 .UNSPECIFIED. ) ;
#127 = CARTESIAN_POINT ( 'NONE',  ( 19.06082719483825016, 14.63274020880551163, 13.41412164576288291 ) ) ;
#128 = CARTESIAN_POINT ( 'NONE',  ( -27.82235540200805346, 10.70510315769753795, 0.8059093181449811238 ) ) ;
#129 = CARTESIAN_POINT ( 'NONE',  ( -25.53180488935097614, -10.77361891493698742, 7.040810365040727881 ) ) ;
#130 = CARTESIAN_POINT ( 'NONE',  ( 16.59064010650394039, 21.83755606278522166, 6.950600175629555899 ) ) ;
#131 = CARTESIAN_POINT ( 'NONE',  ( 25.86219765782176694, -9.892734611850951154, 6.982596296385698231 ) ) ;
#132 = AXIS2_PLACEMENT_3D ( 'NONE', #4556, #4022, #4121 ) ;
#133 = CARTESIAN_POINT ( 'NONE',  ( -25.49955557991783905, -6.067881992965483029, 6.080635967135046727 ) ) ;
#134 = CARTESIAN_POINT ( 'NONE',  ( -26.63834441262221375, -6.158836163682725129, 7.025819531771251292 ) ) ;
#135 = CARTESIAN_POINT ( 'NONE',  ( -1.167900892916205802, -25.49999999999029399, 5.497596123728550666 ) ) ;
#136 = CARTESIAN_POINT ( 'NONE',  ( 7.239748728106786935, -24.00000000000000355, 4.628709470048149477 ) ) ;
#137 = CARTESIAN_POINT ( 'NONE',  ( 26.99999999999998934, -4.674925199858059877, 3.982254291923510436 ) ) ;
#138 = CARTESIAN_POINT ( 'NONE',  ( 8.499999999999847233, -25.50000000000000355, 2.627371485753517533 ) ) ;
#139 = CARTESIAN_POINT ( 'NONE',  ( -4.408728476930470856E-15, -23.99999999999999645, 4.999999999999999112 ) ) ;
#140 = CARTESIAN_POINT ( 'NONE',  ( 25.19210066913408497, 3.950704225351977072, 12.53772396082001883 ) ) ;
#141 = CARTESIAN_POINT ( 'NONE',  ( 25.54282622923778234, 4.881928327101877407, 6.128737224380927273 ) ) ;
#142 = CARTESIAN_POINT ( 'NONE',  ( 27.36834807318215468, -12.13215206318754369, -9.999999999999975131 ) ) ;
#143 = CARTESIAN_POINT ( 'NONE',  ( 11.65150719751774133, 24.04020451115089330, 6.898756614487217220 ) ) ;
#144 = CARTESIAN_POINT ( 'NONE',  ( -8.268869713909253960, -24.12898857423135723, 10.67375775303175622 ) ) ;
#145 = TOROIDAL_SURFACE ( 'NONE', #3424, 10.00000000000000000, 8.500000000000000000 ) ;
#146 = EDGE_LOOP ( 'NONE', ( #3063, #1616, #3241 ) ) ;
#147 = CARTESIAN_POINT ( 'NONE',  ( -14.13483357228280113, 21.72811382635745048, 6.082442269033585980 ) ) ;
#148 = CARTESIAN_POINT ( 'NONE',  ( 23.99999999999999645, 0.000000000000000000, 70.00000000000000000 ) ) ;
#149 = ORIENTED_EDGE ( 'NONE', *, *, #2015, .F. ) ;
#150 = CARTESIAN_POINT ( 'NONE',  ( -26.71605067972650360, -13.78321094930386614, 0.6771588044365045578 ) ) ;
#151 = CARTESIAN_POINT ( 'NONE',  ( 1.561424668912875506E-15, 25.49999999999999645, 4.999999999999999112 ) ) ;
#152 = EDGE_CURVE ( 'NONE', #253, #4082, #4669, .T. ) ;
#153 = CARTESIAN_POINT ( 'NONE',  ( 26.99999999999998579, -1.478484330680312375, 1.605774675690263775 ) ) ;
#154 = VECTOR ( 'NONE', #710, 1000.000000000000000 ) ;
#155 = CARTESIAN_POINT ( 'NONE',  ( 8.499999999999868550, -20.98449689551662800, -16.49386585964543528 ) ) ;
#156 = CARTESIAN_POINT ( 'NONE',  ( 26.32907720095147752, 14.56866860869259739, 4.264141092272402567 ) ) ;
#157 = CARTESIAN_POINT ( 'NONE',  ( -9.280956535616288861, 25.49999999999847944, 4.905734346566951842 ) ) ;
#158 = AXIS2_PLACEMENT_3D ( 'NONE', #246, #2176, #4443 ) ;
#159 = VERTEX_POINT ( 'NONE', #5396 ) ;
#160 = CIRCLE ( 'NONE', #3844, 9.999999999999998224 ) ;
#161 = CARTESIAN_POINT ( 'NONE',  ( 23.52555148911333660, 4.895820462903974324, 12.77584996655071059 ) ) ;
#162 =( BOUNDED_SURFACE ( )  B_SPLINE_SURFACE ( 3, 2, ( 
 ( #337, #4136, #1055 ),
 ( #4828, #3871, #2869 ),
 ( #5771, #4368, #3843 ),
 ( #2407, #99, #1888 ),
 ( #3787, #4714, #4310 ),
 ( #2355, #1974, #6159 ),
 ( #943, #3812, #38 ),
 ( #4285, #8, #1529 ),
 ( #2463, #454, #507 ),
 ( #1914, #4795, #533 ),
 ( #5211, #2846, #4259 ),
 ( #5799, #3316, #5689 ),
 ( #4746, #1943, #3344 ),
 ( #2435, #2001, #5240 ),
 ( #5746, #2918, #1473 ),
 ( #482, #1023, #1500 ),
 ( #1418, #74, #4770 ),
 ( #3427, #2383, #5714 ),
 ( #4337, #1445, #3371 ),
 ( #5265, #968, #3894 ),
 ( #3397, #565, #996 ),
 ( #5292, #2893, #5325 ),
 ( #1117, #5420, #1631 ),
 ( #3566, #594, #2097 ),
 ( #4029, #4431, #200 ),
 ( #1156, #656, #131 ),
 ( #166, #4861, #623 ),
 ( #3994, #5457, #3056 ),
 ( #2068, #1087, #5930 ),
 ( #5898, #4894, #5832 ) ),
 .UNSPECIFIED., .F., .F., .F. ) 
 B_SPLINE_SURFACE_WITH_KNOTS ( ( 4, 2, 2, 2, 2, 2, 2, 2, 2, 2, 2, 2, 2, 2, 4 ),
 ( 3, 3 ),
 ( 0.006347046640091910316, 0.009007313140205204516, 0.01033744639026185075, 0.01166757964031849698, 0.01698811264054508191, 0.01831824589060172814, 0.01964837914065837438, 0.02230864564077166684, 0.02762917864099825177, 0.03028944514111154424, 0.03294971164122483670, 0.03827024464145142163, 0.04093051114156471409, 0.04359077764167800656, 0.04891131064190459149 ),
 ( 0.000000000000000000, 0.6942925808250615116 ),
 .UNSPECIFIED. ) 
 GEOMETRIC_REPRESENTATION_ITEM ( )  RATIONAL_B_SPLINE_SURFACE ( (
 ( 1.000000000000000000, 0.9771736508680414213, 0.9860436314353655529),
 ( 1.000000000000000000, 0.9740252102089980157, 0.9841186280987623825),
 ( 1.000000000000000000, 0.9708371624421752166, 0.9821694083887588800),
 ( 1.000000000000000000, 0.9660765896999010671, 0.9792587235750884744),
 ( 1.000000000000000000, 0.9644934641250058061, 0.9782907771076263526),
 ( 1.000000000000000000, 0.9613746328967981425, 0.9763838774163913214),
 ( 1.000000000000000000, 0.9598346334292218174, 0.9754422988908642012),
 ( 1.000000000000000000, 0.9522453221148891034, 0.9708020813404243388),
 ( 1.000000000000000000, 0.9465274548351793049, 0.9673060924418945827),
 ( 1.000000000000000000, 0.9400261451255139677, 0.9633310952166971308),
 ( 1.000000000000000000, 0.9387582682107665777, 0.9625558964578192489),
 ( 1.000000000000000000, 0.9362929447808652217, 0.9610485611314460996),
 ( 1.000000000000000000, 0.9350934787579922025, 0.9603151898069648418),
 ( 1.000000000000000000, 0.9316341484848161825, 0.9582001039471921278),
 ( 1.000000000000000000, 0.9295071903508607125, 0.9568996501835429491),
 ( 1.000000000000000000, 0.9237026402073491571, 0.9533506620958540623),
 ( 1.000000000000000000, 0.9206002876617602748, 0.9514538377156884774),
 ( 1.000000000000000000, 0.9172772783856050216, 0.9494221005362728505),
 ( 1.000000000000000000, 0.9163902806670557455, 0.9488797769695693773),
 ( 1.000000000000000000, 0.9151071685757354857, 0.9480952631976697909),
 ( 1.000000000000000000, 0.9147070490732199799, 0.9478506241967187274),
 ( 1.000000000000000000, 0.9142273456154984546, 0.9475573263846601701),
 ( 1.000000000000000000, 0.9148690385454045781, 0.9479496669636688910),
 ( 1.000000000000000000, 0.9172487020120911883, 0.9494046285174801980),
 ( 1.000000000000000000, 0.9182808510711717442, 0.9500356997675909465),
 ( 1.000000000000000000, 0.9207993530693672213, 0.9515755492597013365),
 ( 1.000000000000000000, 0.9222739692660943955, 0.9524771514832515162),
 ( 1.000000000000000000, 0.9272853299743208932, 0.9555411717805846195),
 ( 1.000000000000000000, 0.9314086064371984719, 0.9580622041926070143),
 ( 1.000000000000000000, 0.9361772690602774283, 0.9609778352794418055) ) ) 
 REPRESENTATION_ITEM ( '' )  SURFACE ( )  );
#163 = EDGE_CURVE ( 'NONE', #4345, #318, #5924, .T. ) ;
#164 = CARTESIAN_POINT ( 'NONE',  ( 2.607872847654561621, 25.45676399243431476, 5.469108878789605832 ) ) ;
#165 = CARTESIAN_POINT ( 'NONE',  ( 23.16107143425269754, 10.68673163409726357, 9.753844996533647560 ) ) ;
#166 = CARTESIAN_POINT ( 'NONE',  ( 24.15584684598578136, -8.193830065064270585, 13.14761829008704019 ) ) ;
#167 = AXIS2_PLACEMENT_3D ( 'NONE', #2292, #2167, #1767 ) ;
#168 = CARTESIAN_POINT ( 'NONE',  ( -12.83765884509825206, -22.29279558397717409, 6.074173566845552763 ) ) ;
#169 = AXIS2_PLACEMENT_3D ( 'NONE', #3572, #2601, #3537 ) ;
#170 = CARTESIAN_POINT ( 'NONE',  ( -19.28708975202806641, -22.36174688161133517, 4.371156726702412065 ) ) ;
#171 = EDGE_CURVE ( 'NONE', #5051, #2081, #5109, .T. ) ;
#172 = CARTESIAN_POINT ( 'NONE',  ( 25.79381336735641028, -12.07796180275478726, 0.7172723426123104318 ) ) ;
#173 = CARTESIAN_POINT ( 'NONE',  ( -1.176222161466595543E-14, -7.739367312337453893E-15, -46.68520981196141406 ) ) ;
#174 = CARTESIAN_POINT ( 'NONE',  ( 2.607872852824848042, -25.45676399311472338, 5.469108868964164927 ) ) ;
#175 = B_SPLINE_CURVE_WITH_KNOTS ( 'NONE', 3,
 ( #2957, #3497, #5388, #5421 ),
 .UNSPECIFIED., .F., .F.,
 ( 4, 4 ),
 ( -3.193745129602902606E-05, 0.007065314486537311797 ),
 .UNSPECIFIED. ) ;
#176 = CARTESIAN_POINT ( 'NONE',  ( 25.50000000000000000, 8.457770198073261015E-16, 12.14142842854284332 ) ) ;
#177 = CARTESIAN_POINT ( 'NONE',  ( -5.560172181146358916, -23.38547427516104094, 7.196978355228879742 ) ) ;
#178 = CARTESIAN_POINT ( 'NONE',  ( 23.45657337530440145, 10.02218239270522204, 13.30141393111228787 ) ) ;
#179 = DIRECTION ( 'NONE',  ( 1.000000000000000000, 0.000000000000000000, 0.000000000000000000 ) ) ;
#180 = CARTESIAN_POINT ( 'NONE',  ( -19.40327962040805332, 14.13759921679377562, 13.42110254607690578 ) ) ;
#181 = CARTESIAN_POINT ( 'NONE',  ( 7.694077540369558044, 24.98368793961412848, 6.358029377436256624 ) ) ;
#182 = CARTESIAN_POINT ( 'NONE',  ( -25.19210066913406365, -3.950704225352119181, 12.53772396082005613 ) ) ;
#183 = VERTEX_POINT ( 'NONE', #1594 ) ;
#184 = CARTESIAN_POINT ( 'NONE',  ( -10.19371982882341854, 23.12279570604932388, 6.001316767382300021 ) ) ;
#185 = CARTESIAN_POINT ( 'NONE',  ( 0.6620318964565221620, -20.77006640633960188, -18.50584661489711991 ) ) ;
#186 = ORIENTED_EDGE ( 'NONE', *, *, #509, .T. ) ;
#187 = CARTESIAN_POINT ( 'NONE',  ( -18.45042546933833805, -22.86149279057059402, 1.034059852265887480 ) ) ;
#188 = DIRECTION ( 'NONE',  ( -0.4514680110517665379, 0.000000000000000000, -0.8922873051864864680 ) ) ;
#189 = DIRECTION ( 'NONE',  ( 0.000000000000000000, 0.000000000000000000, -1.000000000000000000 ) ) ;
#190 = CARTESIAN_POINT ( 'NONE',  ( 2.727308175722894745, -20.06596641571648121, -17.17475485803272051 ) ) ;
#191 = CARTESIAN_POINT ( 'NONE',  ( -7.225888261264212353, 24.46217412131033342, 10.13806293351541754 ) ) ;
#192 = CARTESIAN_POINT ( 'NONE',  ( 9.094771751156887518, 25.50000000000000355, 2.476904023963329760 ) ) ;
#193 = CARTESIAN_POINT ( 'NONE',  ( 28.49999999999998934, -5.499999999998854250, 1.223575944766756018 ) ) ;
#194 = EDGE_CURVE ( 'NONE', #3690, #4023, #2138, .T. ) ;
#195 = ORIENTED_EDGE ( 'NONE', *, *, #2273, .F. ) ;
#196 = CARTESIAN_POINT ( 'NONE',  ( -2.886429300898778787E-15, -23.99999999999999645, 4.999999999999999112 ) ) ;
#197 = DIRECTION ( 'NONE',  ( -1.000000000000000000, 0.000000000000000000, 0.000000000000000000 ) ) ;
#198 = DIRECTION ( 'NONE',  ( -1.000000000000000000, 0.000000000000000000, 0.000000000000000000 ) ) ;
#199 = CARTESIAN_POINT ( 'NONE',  ( 15.52114879748984144, 22.46019326721571829, 6.928891157019780422 ) ) ;
#200 = CARTESIAN_POINT ( 'NONE',  ( 25.43557970637340304, -11.11292906461557983, 6.986461376932179945 ) ) ;
#201 = ADVANCED_FACE ( 'NONE', ( #1084 ), #1757, .F. ) ;
#202 =( BOUNDED_SURFACE ( )  B_SPLINE_SURFACE ( 3, 2, ( 
 ( #5391, #628, #4965 ),
 ( #1634, #1705, #3025 ),
 ( #2961, #5937, #4500 ),
 ( #5836, #4864, #239 ),
 ( #4469, #2134, #2499 ),
 ( #2599, #4933, #4401 ),
 ( #4034, #5362, #1091 ),
 ( #2529, #4436, #172 ),
 ( #205, #660, #3535 ),
 ( #5425, #1162, #5060 ),
 ( #2324, #2792, #367 ),
 ( #5566, #4134, #763 ),
 ( #4227, #6122, #2694 ),
 ( #2763, #335, #3198 ),
 ( #3125, #795, #2203 ),
 ( #1737, #5091, #3637 ),
 ( #4599, #1799, #3702 ),
 ( #5029, #1333, #4169 ),
 ( #1859, #6062, #5597 ),
 ( #891, #308, #5493 ),
 ( #1232, #2265, #1300 ),
 ( #3225, #5157, #6029 ),
 ( #2726, #3729, #5122 ),
 ( #1266, #1828, #5632 ),
 ( #4101, #2233, #1768 ),
 ( #857, #4687, #3670 ),
 ( #4659, #2663, #395 ),
 ( #826, #6002, #427 ) ),
 .UNSPECIFIED., .F., .F., .F. ) 
 B_SPLINE_SURFACE_WITH_KNOTS ( ( 4, 2, 2, 2, 2, 2, 2, 2, 2, 2, 2, 2, 2, 4 ),
 ( 3, 3 ),
 ( 0.005866994023921837109, 0.007858455933599732546, 0.008854186888438680264, 0.009352052365858154123, 0.009849917843277627982, 0.01184137975295552342, 0.01283711070779447114, 0.01383284166263341712, 0.01582430357231131082, 0.01682003452715025854, 0.01781576548198920626, 0.01980722739166710170, 0.02080295834650604941, 0.02179868930134499713 ),
 ( 0.000000000000000000, 1.000000000000000000 ),
 .UNSPECIFIED. ) 
 GEOMETRIC_REPRESENTATION_ITEM ( )  RATIONAL_B_SPLINE_SURFACE ( (
 ( 1.000000000000000000, 0.9499568284406362251, 1.000000000000000000),
 ( 1.000000000000000000, 0.9477187210341938561, 1.000000000000000000),
 ( 1.000000000000000000, 0.9459097297857302911, 1.000000000000000000),
 ( 1.000000000000000000, 0.9437603977884232442, 1.000000000000000000),
 ( 1.000000000000000000, 0.9431383821609051754, 1.000000000000000000),
 ( 1.000000000000000000, 0.9423442363225943419, 1.000000000000000000),
 ( 1.000000000000000000, 0.9421025808574824412, 1.000000000000000000),
 ( 1.000000000000000000, 0.9416705936547130618, 1.000000000000000000),
 ( 1.000000000000000000, 0.9414794332663746212, 1.000000000000000000),
 ( 1.000000000000000000, 0.9406436589861263409, 1.000000000000000000),
 ( 1.000000000000000000, 0.9403533104824042255, 1.000000000000000000),
 ( 1.000000000000000000, 0.9404772590108998465, 1.000000000000000000),
 ( 1.000000000000000000, 0.9406143142751670627, 1.000000000000000000),
 ( 1.000000000000000000, 0.9410791651387175882, 1.000000000000000000),
 ( 1.000000000000000000, 0.9414076979896773834, 1.000000000000000000),
 ( 1.000000000000000000, 0.9426832861569964805, 1.000000000000000000),
 ( 1.000000000000000000, 0.9439008809497587693, 1.000000000000000000),
 ( 1.000000000000000000, 0.9463133267540028148, 1.000000000000000000),
 ( 1.000000000000000000, 0.9472161467576269978, 1.000000000000000000),
 ( 1.000000000000000000, 0.9492365977423142809, 1.000000000000000000),
 ( 1.000000000000000000, 0.9503449589105096296, 1.000000000000000000),
 ( 1.000000000000000000, 0.9539332929330678335, 1.000000000000000000),
 ( 1.000000000000000000, 0.9566948671771443591, 1.000000000000000000),
 ( 1.000000000000000000, 0.9613835800304488810, 1.000000000000000000),
 ( 1.000000000000000000, 0.9630394322455488876, 1.000000000000000000),
 ( 1.000000000000000000, 0.9664135142369769671, 1.000000000000000000),
 ( 1.000000000000000000, 0.9681411672001253299, 1.000000000000000000),
 ( 1.000000000000000000, 0.9698494303495827085, 1.000000000000000000) ) ) 
 REPRESENTATION_ITEM ( '' )  SURFACE ( )  );
#203 = CARTESIAN_POINT ( 'NONE',  ( -15.95531581337914062, -20.79173174876881447, 6.079640205686871468 ) ) ;
#204 = CARTESIAN_POINT ( 'NONE',  ( -15.50273153279673011, -22.39361662423250721, 7.013447181851333312 ) ) ;
#205 = CARTESIAN_POINT ( 'NONE',  ( 23.75491863295177097, -11.97996626161003419, 6.088875406241221810 ) ) ;
#206 = CARTESIAN_POINT ( 'NONE',  ( -7.694077540369710810, 24.98368793961411072, 6.358029377436290375 ) ) ;
#207 = CARTESIAN_POINT ( 'NONE',  ( 19.02618519502260597, -16.99000404852110790, 13.32556653364392396 ) ) ;
#208 = ORIENTED_EDGE ( 'NONE', *, *, #3470, .T. ) ;
#209 = CARTESIAN_POINT ( 'NONE',  ( -28.49999999999745626, -3.145255228951612025, 4.448438138446302759 ) ) ;
#210 = CARTESIAN_POINT ( 'NONE',  ( -26.50906722504959845, -7.462091641530296471, 6.967099196842508668 ) ) ;
#211 = CARTESIAN_POINT ( 'NONE',  ( 17.70199543270451059, 18.36548598536147026, 13.18899806067934755 ) ) ;
#212 = ORIENTED_EDGE ( 'NONE', *, *, #5669, .F. ) ;
#213 = DIRECTION ( 'NONE',  ( 0.000000000000000000, -0.000000000000000000, 1.000000000000000000 ) ) ;
#214 = CARTESIAN_POINT ( 'NONE',  ( 14.93298937328562559, -21.27986502920087375, 6.182096182063693490 ) ) ;
#215 = CARTESIAN_POINT ( 'NONE',  ( 25.50019950804078306, -0.6518639765901932392, 12.14115618267543972 ) ) ;
#216 = CARTESIAN_POINT ( 'NONE',  ( -9.933763701362906318, -23.49312354687873494, 11.37319692675196592 ) ) ;
#217 = ADVANCED_FACE ( 'NONE', ( #2625 ), #5418, .T. ) ;
#218 = ORIENTED_EDGE ( 'NONE', *, *, #3289, .T. ) ;
#219 = CARTESIAN_POINT ( 'NONE',  ( -8.417378495276064854, 22.47730986112029683, 10.96929480802411483 ) ) ;
#220 = CARTESIAN_POINT ( 'NONE',  ( 8.499999999999989342, 5.499999999999998224, -9.999999999999998224 ) ) ;
#221 = ORIENTED_EDGE ( 'NONE', *, *, #5942, .T. ) ;
#222 = CARTESIAN_POINT ( 'NONE',  ( 25.91351031504389368, 11.79611944922355882, -10.56242956357459661 ) ) ;
#223 = CARTESIAN_POINT ( 'NONE',  ( 19.49461132856794521, 18.04946288864359616, 6.043889079531726161 ) ) ;
#224 = CARTESIAN_POINT ( 'NONE',  ( 28.49999999999998934, -5.500000000000001776, 5.000000000000000000 ) ) ;
#225 = CARTESIAN_POINT ( 'NONE',  ( 26.99999999999999289, -1.918461291950953385, -4.991741771607235201 ) ) ;
#226 = CARTESIAN_POINT ( 'NONE',  ( -1.689122433306588857E-15, 2.640981608387913848, -46.23288430348755185 ) ) ;
#227 = CARTESIAN_POINT ( 'NONE',  ( 18.24990544709647722, 22.97500682781796755, 1.053894898126268131 ) ) ;
#228 = PRODUCT_DEFINITION ( 'UNKNOWN', '', #4405, #5516 ) ;
#229 = CARTESIAN_POINT ( 'NONE',  ( -7.534008008253039179, 25.50000000000076739, 4.905162334311660821 ) ) ;
#230 = ORIENTED_EDGE ( 'NONE', *, *, #4081, .F. ) ;
#231 = CARTESIAN_POINT ( 'NONE',  ( 2.528656361860353918, 23.96471262962272419, 5.312919752954683439 ) ) ;
#232 = DIRECTION ( 'NONE',  ( 0.000000000000000000, 0.000000000000000000, -1.000000000000000000 ) ) ;
#233 = CARTESIAN_POINT ( 'NONE',  ( 23.52232884808669766, 16.31417125241116750, 0.6444459694133944927 ) ) ;
#234 = CARTESIAN_POINT ( 'NONE',  ( 22.27625353083889692, 16.74926295444529245, 6.989304685198676204 ) ) ;
#235 = ADVANCED_FACE ( 'NONE', ( #4027 ), #2384, .F. ) ;
#236 = CARTESIAN_POINT ( 'NONE',  ( -26.00393019138595108, 11.49649815463524227, 0.7433346536946200400 ) ) ;
#237 = CARTESIAN_POINT ( 'NONE',  ( 6.888155080739680969, 15.49999999999999467, 3.290432263557699688 ) ) ;
#238 = CARTESIAN_POINT ( 'NONE',  ( -21.78660410615857757, -10.08429997692842583, 9.217655665938247367 ) ) ;
#239 = CARTESIAN_POINT ( 'NONE',  ( 26.52253192602908527, -9.720170988471748430, 0.8435476017236402946 ) ) ;
#240 = CARTESIAN_POINT ( 'NONE',  ( -1.225053839022609302E-14, -6.840867130945542662, -43.58752336135395922 ) ) ;
#241 = CIRCLE ( 'NONE', #132, 21.00000000000000000 ) ;
#242 = CARTESIAN_POINT ( 'NONE',  ( 10.31403013184125861, -22.99033459833998450, 6.212644458022493765 ) ) ;
#243 = ORIENTED_EDGE ( 'NONE', *, *, #2588, .T. ) ;
#244 = DIRECTION ( 'NONE',  ( -0.000000000000000000, -0.000000000000000000, 1.000000000000000000 ) ) ;
#245 = CARTESIAN_POINT ( 'NONE',  ( -21.45008000343755938, -17.74136275495272486, 6.989055066254689308 ) ) ;
#246 = CARTESIAN_POINT ( 'NONE',  ( 194.2911684466444626, 0.000000000000000000, -121.7595244375777810 ) ) ;
#247 = EDGE_LOOP ( 'NONE', ( #4735, #797, #2877, #4484, #326 ) ) ;
#248 = CARTESIAN_POINT ( 'NONE',  ( 26.99999999999999289, -6.719336099396850059, 1.084114497234875962 ) ) ;
#249 = CARTESIAN_POINT ( 'NONE',  ( -22.51406563973204555, 8.335620892093540846, 13.21007766228334113 ) ) ;
#250 = EDGE_CURVE ( 'NONE', #2602, #5008, #4620, .T. ) ;
#251 = CARTESIAN_POINT ( 'NONE',  ( 25.34356732066789419, 2.926579670052219750, 9.349472929538613641 ) ) ;
#252 = CARTESIAN_POINT ( 'NONE',  ( -8.500000000000000000, 5.499999999999994671, 5.000000000000000000 ) ) ;
#253 = VERTEX_POINT ( 'NONE', #2718 ) ;
#254 = CARTESIAN_POINT ( 'NONE',  ( -4.068241861850722785, 25.19417546427284904, 7.985095570422812372 ) ) ;
#255 = DIRECTION ( 'NONE',  ( -0.000000000000000000, -1.000000000000000000, 0.000000000000000000 ) ) ;
#256 = ORIENTED_EDGE ( 'NONE', *, *, #3654, .F. ) ;
#257 = CARTESIAN_POINT ( 'NONE',  ( -26.98114310896709966, -6.650786238866437827, 3.929836653946185088 ) ) ;
#258 = EDGE_CURVE ( 'NONE', #879, #5227, #5032, .T. ) ;
#259 = CARTESIAN_POINT ( 'NONE',  ( -5.084097259325584872, -25.01017705311413764, 8.714996714435415015 ) ) ;
#260 = CARTESIAN_POINT ( 'NONE',  ( 26.99999999999999645, -3.313051541426453639, -5.368221547690320783 ) ) ;
#261 = CARTESIAN_POINT ( 'NONE',  ( -1.052413619251879240E-14, -3.293815283358323853, -50.25801257439502479 ) ) ;
#262 = CARTESIAN_POINT ( 'NONE',  ( 17.07533953609773647, 23.58037808510223599, 1.178472595444221893 ) ) ;
#263 = AXIS2_PLACEMENT_3D ( 'NONE', #3710, #4179, #806 ) ;
#264 = CARTESIAN_POINT ( 'NONE',  ( -7.168096659138389448, 25.49999999999999645, 3.207891373695647808 ) ) ;
#265 = ORIENTED_EDGE ( 'NONE', *, *, #3345, .T. ) ;
#266 = ORIENTED_EDGE ( 'NONE', *, *, #4393, .F. ) ;
#267 = CARTESIAN_POINT ( 'NONE',  ( 22.71738890646677689, 7.763755117643956538, 13.15318877809787423 ) ) ;
#268 = CARTESIAN_POINT ( 'NONE',  ( -1.254374855370248065, -24.00000000000000000, 5.155217267982516560 ) ) ;
#269 = CARTESIAN_POINT ( 'NONE',  ( 8.375092514408978062, 24.09288512450835285, 10.72439681116794574 ) ) ;
#270 = CARTESIAN_POINT ( 'NONE',  ( 25.76816197723610102, -15.66785554499749189, 4.256220250816289408 ) ) ;
#271 = CIRCLE ( 'NONE', #1263, 20.99999999999999645 ) ;
#272 = CARTESIAN_POINT ( 'NONE',  ( 26.78567791675019549, 4.962546371393246503, 6.964692016090495486 ) ) ;
#273 = CARTESIAN_POINT ( 'NONE',  ( -4.624188093850147396, -25.10961261771215547, 6.941183737620152172 ) ) ;
#274 = AXIS2_PLACEMENT_3D ( 'NONE', #4952, #3888, #2909 ) ;
#275 = CARTESIAN_POINT ( 'NONE',  ( -2.694910159011152337E-14, -12.68942396732358269, -35.56224431891464377 ) ) ;
#276 = CARTESIAN_POINT ( 'NONE',  ( 25.74604129931699603, -15.21835247099091859, -12.04902703039404699 ) ) ;
#277 = ORIENTED_EDGE ( 'NONE', *, *, #1772, .T. ) ;
#278 = AXIS2_PLACEMENT_3D ( 'NONE', #1286, #2650, #5957 ) ;
#279 = ADVANCED_FACE ( 'NONE', ( #387 ), #4927, .F. ) ;
#280 = CARTESIAN_POINT ( 'NONE',  ( -26.70410665761335878, 13.71448929076358425, -11.09337207023494543 ) ) ;
#281 = CARTESIAN_POINT ( 'NONE',  ( -10.48959788351173827, -24.44924770379527956, 6.650794928015245411 ) ) ;
#282 = CARTESIAN_POINT ( 'NONE',  ( 25.54282622923761537, 4.881928327102786902, 6.128737224381081816 ) ) ;
#283 = CARTESIAN_POINT ( 'NONE',  ( 14.39060569785520549, -23.07859832987349336, 1.445364302821753988 ) ) ;
#284 = DIRECTION ( 'NONE',  ( 0.000000000000000000, 0.000000000000000000, 1.000000000000000000 ) ) ;
#285 = EDGE_CURVE ( 'NONE', #4104, #5192, #638, .T. ) ;
#286 = ORIENTED_EDGE ( 'NONE', *, *, #2341, .T. ) ;
#287 = CARTESIAN_POINT ( 'NONE',  ( -24.90780560862148718, 8.960044561972326349, 6.056051697755131968 ) ) ;
#288 = CARTESIAN_POINT ( 'NONE',  ( 2.717831652899887374, -21.51453850391564870, -17.99434342573894341 ) ) ;
#289 = ORIENTED_EDGE ( 'NONE', *, *, #4935, .F. ) ;
#290 = CARTESIAN_POINT ( 'NONE',  ( -16.20004076492425682, -20.53756748650303621, 6.161771055433873379 ) ) ;
#291 = CARTESIAN_POINT ( 'NONE',  ( -25.22393052021741155, 11.51016346720164130, 7.039792437466681818 ) ) ;
#292 = CARTESIAN_POINT ( 'NONE',  ( 22.72779493198429179, 7.732779649439889269, 13.14984229994880138 ) ) ;
#293 = CARTESIAN_POINT ( 'NONE',  ( -27.98879425637535334, 10.04022459981433357, 0.8449418519763280955 ) ) ;
#294 = CARTESIAN_POINT ( 'NONE',  ( 2.299713685010936981, 25.49999999999999645, 4.444899020366863240 ) ) ;
#295 = CARTESIAN_POINT ( 'NONE',  ( -7.694077540369583801, 24.98368793961412848, 6.358029377436274387 ) ) ;
#296 = EDGE_CURVE ( 'NONE', #4524, #5651, #4732, .T. ) ;
#297 = VERTEX_POINT ( 'NONE', #2946 ) ;
#298 = CARTESIAN_POINT ( 'NONE',  ( 26.78567791675019549, 4.962546371393246503, 6.964692016090495486 ) ) ;
#299 = CARTESIAN_POINT ( 'NONE',  ( 16.63359883529554395, 17.31128481745374970, 13.18551366421715798 ) ) ;
#300 = CARTESIAN_POINT ( 'NONE',  ( 8.499999999999868550, -20.98449689551662800, -16.49386585964543528 ) ) ;
#301 = DIRECTION ( 'NONE',  ( -0.1535354275131926571, -0.9790355657025056058, 0.1338515356203132944 ) ) ;
#302 = CARTESIAN_POINT ( 'NONE',  ( 10.64126313892996478, 23.18188049455627464, 11.62535965497590951 ) ) ;
#303 = CARTESIAN_POINT ( 'NONE',  ( -21.63468298573766901, -15.56723194173532754, 6.079937078273322193 ) ) ;
#304 = CARTESIAN_POINT ( 'NONE',  ( 23.10726779622325111, -19.17761510202171849, 4.276787252668183825 ) ) ;
#305 = EDGE_CURVE ( 'NONE', #3896, #2884, #4982, .T. ) ;
#306 = CARTESIAN_POINT ( 'NONE',  ( 1.320395512676699745, 21.07283225841387164, -18.33264207308583948 ) ) ;
#307 = CARTESIAN_POINT ( 'NONE',  ( -27.00000000000001066, 6.719336099396714168, 1.084114497234771601 ) ) ;
#308 = CARTESIAN_POINT ( 'NONE',  ( 16.93623756718880458, -21.98414116738678814, 3.939708125482242806 ) ) ;
#309 = CARTESIAN_POINT ( 'NONE',  ( 1.288475080137501116, 23.99999999999398170, 5.156433445646857905 ) ) ;
#310 = CARTESIAN_POINT ( 'NONE',  ( -25.37197351647367327, 2.637051779714635558, 12.31254158782267361 ) ) ;
#311 = ORIENTED_EDGE ( 'NONE', *, *, #2565, .F. ) ;
#312 = CARTESIAN_POINT ( 'NONE',  ( 13.24132965479042312, 23.42238037232258563, 1.619854512442116423 ) ) ;
#313 = CARTESIAN_POINT ( 'NONE',  ( 12.89465894381411992, -20.25049987649845207, 12.49036452380908990 ) ) ;
#314 = FACE_OUTER_BOUND ( 'NONE', #2776, .T. ) ;
#315 = CARTESIAN_POINT ( 'NONE',  ( -25.34827865999344709, -13.16545857813129494, 0.6770520285201638844 ) ) ;
#316 = CARTESIAN_POINT ( 'NONE',  ( -35.07135583350038388, 5.499999999999809930, 12.53772396082002771 ) ) ;
#317 = CARTESIAN_POINT ( 'NONE',  ( -25.57332267107776502, -4.893022024212912768, 6.082575334922271537 ) ) ;
#318 = VERTEX_POINT ( 'NONE', #1181 ) ;
#319 = CARTESIAN_POINT ( 'NONE',  ( -20.47386160347847905, 12.57371040040408516, 9.236291360466328371 ) ) ;
#320 = VERTEX_POINT ( 'NONE', #4519 ) ;
#321 = CARTESIAN_POINT ( 'NONE',  ( -16.62187399594528614, -20.26927799198242397, 6.154495556081972296 ) ) ;
#322 = CARTESIAN_POINT ( 'NONE',  ( 21.78660410615713161, 10.08429997692930868, 9.217655665936700160 ) ) ;
#323 = DIRECTION ( 'NONE',  ( -0.000000000000000000, -1.000000000000000000, 0.000000000000000000 ) ) ;
#324 = CARTESIAN_POINT ( 'NONE',  ( 8.808394342865531357, -24.75641612764772859, 6.641538363982165016 ) ) ;
#325 = CARTESIAN_POINT ( 'NONE',  ( -15.29800953756948445, -18.50190858166120123, 12.98618668798463993 ) ) ;
#326 = ORIENTED_EDGE ( 'NONE', *, *, #3295, .F. ) ;
#327 = B_SPLINE_CURVE_WITH_KNOTS ( 'NONE', 3,
 ( #2224, #881, #4125, #2784, #5682, #2374 ),
 .UNSPECIFIED., .F., .F.,
 ( 4, 2, 4 ),
 ( 0.000000000000000000, 0.0008714490287456030633, 0.001742898057491206127 ),
 .UNSPECIFIED. ) ;
#328 = CARTESIAN_POINT ( 'NONE',  ( 0.000000000000000000, -25.50000000000000355, 5.000000000000000000 ) ) ;
#329 = CARTESIAN_POINT ( 'NONE',  ( -7.458411399881377690, 24.00000000000200728, 4.657404575494401122 ) ) ;
#330 = CARTESIAN_POINT ( 'NONE',  ( -5.054349202691768461, 23.82058005564616110, 5.615798347141172542 ) ) ;
#331 = CARTESIAN_POINT ( 'NONE',  ( 28.49999999999998934, 5.623914101832395654E-13, -4.444189677345006473 ) ) ;
#332 = CARTESIAN_POINT ( 'NONE',  ( 7.694077540369653967, 24.98368793961410006, 6.358029377436327678 ) ) ;
#333 = CYLINDRICAL_SURFACE ( 'NONE', #5040, 8.500000000000000000 ) ;
#334 = CARTESIAN_POINT ( 'NONE',  ( -25.54282622923766510, 4.881928327102289522, 6.128737224381067605 ) ) ;
#335 = CARTESIAN_POINT ( 'NONE',  ( 22.39438637075473437, -17.72965460844525154, 3.732074568680446625 ) ) ;
#336 = CARTESIAN_POINT ( 'NONE',  ( -12.63773069938631721, 23.69769767341387734, 6.939731280266966174 ) ) ;
#337 = CARTESIAN_POINT ( 'NONE',  ( 6.105633802816746503, -24.75825591324844055, 9.425626491315778566 ) ) ;
#338 = VERTEX_POINT ( 'NONE', #3418 ) ;
#339 = B_SPLINE_CURVE_WITH_KNOTS ( 'NONE', 3,
 ( #80, #1001, #2535, #5777, #1063, #4376, #1539, #3472 ),
 .UNSPECIFIED., .F., .F.,
 ( 4, 2, 2, 4 ),
 ( 0.000000000000000000, 0.004409857767251490306, 0.006614786650877236759, 0.008819715534502984081 ),
 .UNSPECIFIED. ) ;
#340 = CARTESIAN_POINT ( 'NONE',  ( 0.000000000000000000, -24.00000000000000000, 5.000000000000000000 ) ) ;
#341 = CARTESIAN_POINT ( 'NONE',  ( 16.61898831913962482, -22.13436932178866812, 1.156095161437750152 ) ) ;
#342 = CARTESIAN_POINT ( 'NONE',  ( -27.00000000000000000, -5.500000000000007994, 1.223575944766496448 ) ) ;
#343 = CARTESIAN_POINT ( 'NONE',  ( 7.445806222101049698, 25.49999999999999645, 3.107154455102496105 ) ) ;
#344 = DIRECTION ( 'NONE',  ( 0.000000000000000000, 1.000000000000000000, 0.000000000000000000 ) ) ;
#345 = CIRCLE ( 'NONE', #830, 10.00000000000000178 ) ;
#346 = ORIENTED_EDGE ( 'NONE', *, *, #4198, .T. ) ;
#347 = CARTESIAN_POINT ( 'NONE',  ( -17.91993694353120503, 19.44978061796212643, 6.061809613988199175 ) ) ;
#348 = CARTESIAN_POINT ( 'NONE',  ( -8.499999999999788614, 15.49999999999999289, 2.627371485753551728 ) ) ;
#349 = ORIENTED_EDGE ( 'NONE', *, *, #1707, .F. ) ;
#350 = EDGE_CURVE ( 'NONE', #4524, #5166, #6084, .T. ) ;
#351 = B_SPLINE_CURVE_WITH_KNOTS ( 'NONE', 3,
 ( #2169, #4070, #1122, #3501 ),
 .UNSPECIFIED., .F., .F.,
 ( 4, 4 ),
 ( 0.000000000000000000, 0.007097168959298998797 ),
 .UNSPECIFIED. ) ;
#352 = CARTESIAN_POINT ( 'NONE',  ( -25.25320252990618641, -13.35415444636238291, 3.730030274500503840 ) ) ;
#353 = CARTESIAN_POINT ( 'NONE',  ( -27.07490829104159147, 12.92181965492077467, 0.7057477073680918922 ) ) ;
#354 = CARTESIAN_POINT ( 'NONE',  ( -6.372029471811381462, 23.71623473768840995, 5.723072894810186995 ) ) ;
#355 = CARTESIAN_POINT ( 'NONE',  ( -27.21569531582433044, 12.55914419136296090, 0.7193091225381125220 ) ) ;
#356 = CARTESIAN_POINT ( 'NONE',  ( -19.06082719483820398, -14.63274020880557202, 13.41412164576289534 ) ) ;
#357 = ORIENTED_EDGE ( 'NONE', *, *, #250, .F. ) ;
#358 = ORIENTED_EDGE ( 'NONE', *, *, #1126, .F. ) ;
#359 = CARTESIAN_POINT ( 'NONE',  ( 13.90331060527625695, 19.59838825301905629, 12.73038816494916148 ) ) ;
#360 = CARTESIAN_POINT ( 'NONE',  ( -8.230788879771743893, 23.99999999999999645, 4.660998082042477009 ) ) ;
#361 = DIRECTION ( 'NONE',  ( 0.000000000000000000, -0.09599293193534402802, -0.9953820156193582402 ) ) ;
#362 = CYLINDRICAL_SURFACE ( 'NONE', #2430, 8.500000000000001776 ) ;
#363 = FACE_OUTER_BOUND ( 'NONE', #2634, .T. ) ;
#364 = AXIS2_PLACEMENT_3D ( 'NONE', #6087, #301, #4096 ) ;
#365 = CARTESIAN_POINT ( 'NONE',  ( -25.34110559031825716, -6.544310002711627661, 6.159028398236849000 ) ) ;
#366 = CARTESIAN_POINT ( 'NONE',  ( 14.93275706024796712, 21.27998341495057844, 6.182099483059968925 ) ) ;
#367 = CARTESIAN_POINT ( 'NONE',  ( 24.50298229069545997, -14.86412047260512637, 0.6379272929998749397 ) ) ;
#368 = CARTESIAN_POINT ( 'NONE',  ( 1.929169294085240072, 23.94174559966425520, 6.514524541678644809 ) ) ;
#369 = VECTOR ( 'NONE', #1946, 1000.000000000000000 ) ;
#370 = CARTESIAN_POINT ( 'NONE',  ( -25.46913858505637762, 1.458550138767900295, 9.292807058230589945 ) ) ;
#371 = EDGE_CURVE ( 'NONE', #512, #2510, #5409, .T. ) ;
#372 = AXIS2_PLACEMENT_3D ( 'NONE', #3589, #2743, #381 ) ;
#373 = CARTESIAN_POINT ( 'NONE',  ( 25.50000000000000000, 8.457770198073261015E-16, 12.14142842854284332 ) ) ;
#374 = FACE_OUTER_BOUND ( 'NONE', #3384, .T. ) ;
#375 = ORIENTED_EDGE ( 'NONE', *, *, #4246, .F. ) ;
#376 = CARTESIAN_POINT ( 'NONE',  ( -23.26262885417970949, 6.020414361272727000, 12.94698813549414851 ) ) ;
#377 = CARTESIAN_POINT ( 'NONE',  ( -8.500000000000000000, 5.499999999999994671, 5.000000000000000000 ) ) ;
#378 = ORIENTED_EDGE ( 'NONE', *, *, #1922, .T. ) ;
#379 = CARTESIAN_POINT ( 'NONE',  ( -23.09116618478119065, -13.29982560106191158, 6.080409288073113316 ) ) ;
#380 = CARTESIAN_POINT ( 'NONE',  ( 17.27075277877881376, -21.29880857898272595, 7.032404159669780164 ) ) ;
#381 = DIRECTION ( 'NONE',  ( 0.000000000000000000, 0.000000000000000000, -1.000000000000000000 ) ) ;
#382 = DIRECTION ( 'NONE',  ( -0.000000000000000000, -0.000000000000000000, 1.000000000000000000 ) ) ;
#383 = CARTESIAN_POINT ( 'NONE',  ( 17.84066174312708597, 19.40528912603185674, 6.132889501404106269 ) ) ;
#384 = EDGE_LOOP ( 'NONE', ( #1246, #2397, #1548 ) ) ;
#385 = VERTEX_POINT ( 'NONE', #3455 ) ;
#386 = CARTESIAN_POINT ( 'NONE',  ( -3.198713849623075418E-16, -25.50000000000000000, 4.999999999999999112 ) ) ;
#387 = FACE_OUTER_BOUND ( 'NONE', #3414, .T. ) ;
#388 = CARTESIAN_POINT ( 'NONE',  ( 26.99999999999997868, 6.109621951797835848, 1.153850493443464797 ) ) ;
#389 = CARTESIAN_POINT ( 'NONE',  ( -15.99567051182384425, 20.06967872239679096, -15.64685127786835039 ) ) ;
#390 = CARTESIAN_POINT ( 'NONE',  ( -23.99999999999999645, 2.939152317953647500E-15, 0.000000000000000000 ) ) ;
#391 = CARTESIAN_POINT ( 'NONE',  ( 14.56408670200555200, -22.87589215968201728, 6.996630724390380252 ) ) ;
#392 = CARTESIAN_POINT ( 'NONE',  ( -34.99999999999997158, 0.000000000000000000, -214.9999999999999432 ) ) ;
#393 = CARTESIAN_POINT ( 'NONE',  ( 28.24008556655373070, 8.779666091131144157, 0.9298966113712857640 ) ) ;
#394 = DIRECTION ( 'NONE',  ( 0.000000000000000000, 0.000000000000000000, -1.000000000000000000 ) ) ;
#395 = CARTESIAN_POINT ( 'NONE',  ( 9.050042921361551862, -24.00000000000000355, 2.476937102851334060 ) ) ;
#396 = CARTESIAN_POINT ( 'NONE',  ( -10.63415309628386218, -24.31215835098821287, 6.845339688422986235 ) ) ;
#397 = CARTESIAN_POINT ( 'NONE',  ( -25.29479213182484898, -3.295880801880969102, 12.41308974930891651 ) ) ;
#398 = CARTESIAN_POINT ( 'NONE',  ( 16.64846454417050481, -17.32841469555663139, 13.19499755459452928 ) ) ;
#399 = B_SPLINE_CURVE_WITH_KNOTS ( 'NONE', 3,
 ( #4394, #161, #2624, #267, #2064, #2161, #1224, #5963, #2492, #127, #1562, #3461, #299, #6085, #1256, #359, #3660, #817, #2752, #4679, #5557, #5653, #6021, #1292, #1759, #418 ),
 .UNSPECIFIED., .F., .F.,
 ( 4, 2, 2, 2, 2, 2, 2, 2, 2, 2, 2, 2, 4 ),
 ( 0.000000000000000000, 0.003646337084870793915, 0.005469505627306190873, 0.007292674169741587831, 0.01093901125461238175, 0.01458534833948317566, 0.01640851688191857088, 0.01823168542435396958, 0.02187802250922475655, 0.02370119105166015525, 0.02552435959409555047, 0.02734752813653094916, 0.02917069667896634438 ),
 .UNSPECIFIED. ) ;
#400 = CARTESIAN_POINT ( 'NONE',  ( 7.239748728106819797, 23.99999999999997868, 4.628709470048143260 ) ) ;
#401 = CARTESIAN_POINT ( 'NONE',  ( 23.86561278054021784, -11.74451669415538824, 6.090709287407690020 ) ) ;
#402 = CARTESIAN_POINT ( 'NONE',  ( 8.923772034423253174, 25.49999999999695888, 4.932778474364459598 ) ) ;
#403 = CARTESIAN_POINT ( 'NONE',  ( -9.831552063393418806, 23.53919848403000969, 8.751795267429390179 ) ) ;
#404 = ORIENTED_EDGE ( 'NONE', *, *, #5551, .F. ) ;
#405 =( BOUNDED_SURFACE ( )  B_SPLINE_SURFACE ( 3, 2, ( 
 ( #3377, #2076, #4869 ),
 ( #4474, #177, #5872 ),
 ( #3405, #666, #2571 ),
 ( #1031, #1096, #5300 ),
 ( #1981, #4346, #632 ),
 ( #139, #2009, #2106 ) ),
 .UNSPECIFIED., .F., .F., .F. ) 
 B_SPLINE_SURFACE_WITH_KNOTS ( ( 4, 2, 4 ),
 ( 3, 3 ),
 ( 0.03750064219285702966, 0.04235870784316334708, 0.04721677349346966451 ),
 ( 0.000000000000000000, 0.6905842281910318237 ),
 .UNSPECIFIED. ) 
 GEOMETRIC_REPRESENTATION_ITEM ( )  RATIONAL_B_SPLINE_SURFACE ( (
 ( 1.000000000000000000, 0.9772955708687248721, 0.9859497830737289359),
 ( 1.000000000000000000, 0.9848712115899197483, 0.9906378285151209440),
 ( 1.000000000000000000, 0.9905273366725869666, 0.9941380171309239788),
 ( 1.000000000000000000, 0.9980903183086153874, 0.9988182287311015983),
 ( 1.000000000000000000, 0.9999971251003094697, 0.9999982209213866824),
 ( 1.000000000000000000, 1.000000000000000000, 1.000000000000000000) ) ) 
 REPRESENTATION_ITEM ( '' )  SURFACE ( )  );
#406 = CARTESIAN_POINT ( 'NONE',  ( 1.684362500391575845E-14, 10.67921901777574334, -43.44717222082611841 ) ) ;
#407 = CARTESIAN_POINT ( 'NONE',  ( 0.9584330131424257937, -23.98205170619138471, 5.752104528988478904 ) ) ;
#408 = ORIENTED_EDGE ( 'NONE', *, *, #1514, .T. ) ;
#409 = CARTESIAN_POINT ( 'NONE',  ( -24.14723505406555404, -15.38896499157072917, 0.6404098812062900548 ) ) ;
#410 = CARTESIAN_POINT ( 'NONE',  ( -27.09709907900625225, 12.86583523755882830, 0.7077733114232650502 ) ) ;
#411 = FACE_OUTER_BOUND ( 'NONE', #1325, .T. ) ;
#412 = EDGE_CURVE ( 'NONE', #3972, #5280, #5956, .T. ) ;
#413 = CARTESIAN_POINT ( 'NONE',  ( 20.53458771338470612, 19.60524305081387197, 0.7782042761354638349 ) ) ;
#414 = B_SPLINE_CURVE_WITH_KNOTS ( 'NONE', 3,
 ( #5945, #2107, #3939, #4971 ),
 .UNSPECIFIED., .F., .F.,
 ( 4, 4 ),
 ( 0.000000000000000000, 0.001087969615946444285 ),
 .UNSPECIFIED. ) ;
#415 = B_SPLINE_CURVE_WITH_KNOTS ( 'NONE', 3,
 ( #1763, #1822, #5118, #4682, #4656, #790 ),
 .UNSPECIFIED., .F., .F.,
 ( 4, 2, 4 ),
 ( 0.000000000000000000, 0.001892115155988789363, 0.003784230311977578726 ),
 .UNSPECIFIED. ) ;
#416 = VERTEX_POINT ( 'NONE', #2151 ) ;
#417 = VERTEX_POINT ( 'NONE', #4056 ) ;
#418 = CARTESIAN_POINT ( 'NONE',  ( 5.746478873239336593, 23.30188791835146134, 9.425626491315787447 ) ) ;
#419 = EDGE_CURVE ( 'NONE', #3746, #1791, #4419, .T. ) ;
#420 = CARTESIAN_POINT ( 'NONE',  ( -6.888155080738510350, 23.99999999999999289, 3.290432263557113934 ) ) ;
#421 = CARTESIAN_POINT ( 'NONE',  ( 28.49999999999999289, 1.478484330680271075, 1.605774675690264885 ) ) ;
#422 = CARTESIAN_POINT ( 'NONE',  ( 6.268882279749663056, 23.17305800768762936, 9.811748385841060127 ) ) ;
#423 = DIRECTION ( 'NONE',  ( 1.000000000000000000, 0.000000000000000000, 0.000000000000000000 ) ) ;
#424 = CARTESIAN_POINT ( 'NONE',  ( -28.50000000000000000, 5.499999999999856115, 1.223575944766644330 ) ) ;
#425 = CARTESIAN_POINT ( 'NONE',  ( -18.25644218225390603, -17.80596542988685727, 13.24990568158212412 ) ) ;
#426 = CARTESIAN_POINT ( 'NONE',  ( 7.239748728111899290, -24.00000000000000000, 4.628709470058478992 ) ) ;
#427 = CARTESIAN_POINT ( 'NONE',  ( 8.499999999999833022, -24.00000000000000000, 2.627371485753482006 ) ) ;
#428 = CARTESIAN_POINT ( 'NONE',  ( -15.48161253052082387, 22.40484610365315277, 7.013092518173008827 ) ) ;
#429 = CARTESIAN_POINT ( 'NONE',  ( -25.37153766857852588, -2.639984983233632843, 12.31310269198397478 ) ) ;
#430 = LINE ( 'NONE', #1803, #1545 ) ;
#431 = EDGE_CURVE ( 'NONE', #4989, #2192, #1144, .T. ) ;
#432 = APPROVAL_STATUS ( 'not_yet_approved' ) ;
#433 = CARTESIAN_POINT ( 'NONE',  ( -13.24132965479041957, -23.42238037232260695, 1.619854512442115535 ) ) ;
#434 = CARTESIAN_POINT ( 'NONE',  ( 9.062820556572496855, 24.69980659498546771, 6.684738783786972505 ) ) ;
#435 = CARTESIAN_POINT ( 'NONE',  ( -25.43557970637042942, 11.11292906462248276, 6.986461376933000622 ) ) ;
#436 = ORIENTED_EDGE ( 'NONE', *, *, #589, .T. ) ;
#437 = CARTESIAN_POINT ( 'NONE',  ( -23.71021239447911810, -3.718309859154933505, 12.53772396082005613 ) ) ;
#438 = EDGE_CURVE ( 'NONE', #5817, #6106, #3933, .T. ) ;
#439 = CARTESIAN_POINT ( 'NONE',  ( 23.87950448609282716, -2.481931086790555074, 12.31254158782352093 ) ) ;
#440 = DIRECTION ( 'NONE',  ( -1.000000000000000000, 8.908039471232255152E-16, 0.000000000000000000 ) ) ;
#441 = DIRECTION ( 'NONE',  ( 1.665334536937734318E-16, 0.000000000000000000, -1.000000000000000000 ) ) ;
#442 = CIRCLE ( 'NONE', #1428, 8.500000000000001776 ) ;
#443 = CARTESIAN_POINT ( 'NONE',  ( 16.43218907089122283, 22.22434972871916870, 1.178472595444132187 ) ) ;
#444 = ORIENTED_EDGE ( 'NONE', *, *, #5201, .T. ) ;
#445 = ORIENTED_EDGE ( 'NONE', *, *, #2316, .T. ) ;
#446 = CARTESIAN_POINT ( 'NONE',  ( -25.19210066913408141, 3.950704225352008159, 12.53772396082003837 ) ) ;
#447 = CARTESIAN_POINT ( 'NONE',  ( 13.10774610103919713, 20.13863261031315233, 12.55645444525688248 ) ) ;
#448 = CARTESIAN_POINT ( 'NONE',  ( -28.50000000000000000, 9.061297928513066137E-14, -4.444189677345468326 ) ) ;
#449 = CARTESIAN_POINT ( 'NONE',  ( -2.727308175722918282, 20.06596641571648831, -17.17475485803271695 ) ) ;
#450 = CARTESIAN_POINT ( 'NONE',  ( -15.52114879748523890, -22.46019326721836151, 6.928891157020719227 ) ) ;
#451 = CARTESIAN_POINT ( 'NONE',  ( 26.99999999999998934, 4.784789044862599816, 1.356971574214250520 ) ) ;
#452 = CARTESIAN_POINT ( 'NONE',  ( -5.054225023318048571, -23.82058921150347075, 5.615783728003841624 ) ) ;
#453 = CARTESIAN_POINT ( 'NONE',  ( 17.28392734435816891, -23.47082297824532304, 1.156623447724119069 ) ) ;
#454 = CARTESIAN_POINT ( 'NONE',  ( 12.22446709568742484, -22.41637482470773435, 9.217518688760794277 ) ) ;
#455 = CARTESIAN_POINT ( 'NONE',  ( -28.49999999999999289, -6.180726689845452704, 4.440718558384415537 ) ) ;
#456 = PERSON_AND_ORGANIZATION_ROLE ( 'classification_officer' ) ;
#457 = CARTESIAN_POINT ( 'NONE',  ( -34.99999999999997158, 0.000000000000000000, -214.9999999999999432 ) ) ;
#458 = CARTESIAN_POINT ( 'NONE',  ( 7.171313384019468273, 25.49999999999999645, 3.206821437294696153 ) ) ;
#459 = CARTESIAN_POINT ( 'NONE',  ( -14.49904856895791205, 20.98287904611024146, 9.482394586118136459 ) ) ;
#460 = CIRCLE ( 'NONE', #4332, 11.49999999999999822 ) ;
#461 = EDGE_LOOP ( 'NONE', ( #3076, #2457, #6082 ) ) ;
#462 = CARTESIAN_POINT ( 'NONE',  ( 6.888155080739496228, -25.50000000000000355, 3.290432263556855474 ) ) ;
#463 = CARTESIAN_POINT ( 'NONE',  ( -28.50000000000000000, -5.144692510213435099, 1.298756724871146906 ) ) ;
#464 = CARTESIAN_POINT ( 'NONE',  ( -6.888155080739683633, -25.50000000000000355, 3.290432263557690806 ) ) ;
#465 = DIRECTION ( 'NONE',  ( -0.9671784316955578387, -0.000000000000000000, -0.2540981724903222938 ) ) ;
#466 = AXIS2_PLACEMENT_3D ( 'NONE', #3174, #5068, #4635 ) ;
#467 = CARTESIAN_POINT ( 'NONE',  ( 26.99999999999998934, -4.425092742786750577, 1.391660071360972362 ) ) ;
#468 = CARTESIAN_POINT ( 'NONE',  ( 17.51866253856433175, 21.66438131573156056, 1.053894898126244373 ) ) ;
#469 = ADVANCED_FACE ( 'NONE', ( #4851 ), #2847, .T. ) ;
#470 = ORIENTED_EDGE ( 'NONE', *, *, #1069, .T. ) ;
#471 = EDGE_LOOP ( 'NONE', ( #4011, #1551, #5758, #5428 ) ) ;
#472 = CARTESIAN_POINT ( 'NONE',  ( -7.991442431896530252, 24.21714960492823465, 10.53042782189635318 ) ) ;
#473 = B_SPLINE_CURVE_WITH_KNOTS ( 'NONE', 3,
 ( #966, #503, #653, #1083 ),
 .UNSPECIFIED., .F., .F.,
 ( 4, 4 ),
 ( 2.234689511727883768E-07, 0.007862451393195366359 ),
 .UNSPECIFIED. ) ;
#474 = CARTESIAN_POINT ( 'NONE',  ( 2.036444217599062689, 25.42365903679327133, 6.502098130842466794 ) ) ;
#475 = B_SPLINE_CURVE_WITH_KNOTS ( 'NONE', 3,
 ( #1937, #913, #5152, #3311, #500, #2839, #449, #6119, #2348, #2377 ),
 .UNSPECIFIED., .F., .F.,
 ( 4, 2, 2, 2, 4 ),
 ( 0.000000000000000000, 0.002206150798358935856, 0.004412301596717871713, 0.006618452395076809304, 0.008824603193435746895 ),
 .UNSPECIFIED. ) ;
#476 = CARTESIAN_POINT ( 'NONE',  ( -10.13961375592018399, -24.44435605127732813, 6.819373536273309000 ) ) ;
#477 = CARTESIAN_POINT ( 'NONE',  ( 18.75778910911595787, -22.69030271340299265, 4.388439123792162277 ) ) ;
#478 = EDGE_CURVE ( 'NONE', #5166, #1037, #1163, .T. ) ;
#479 = CARTESIAN_POINT ( 'NONE',  ( 12.33015743365856487, -20.59255594112660859, 12.34310140436664582 ) ) ;
#480 = CARTESIAN_POINT ( 'NONE',  ( -16.06591328126742724, 22.39292884324680344, 1.223472906282966344 ) ) ;
#481 = DIRECTION ( 'NONE',  ( -0.8922873051864860239, -0.000000000000000000, -0.4514680110517673706 ) ) ;
#482 = CARTESIAN_POINT ( 'NONE',  ( 16.91708967758535564, -19.12165082083040346, 13.09554848126542481 ) ) ;
#483 = EDGE_CURVE ( 'NONE', #4650, #5217, #4823, .T. ) ;
#484 = CARTESIAN_POINT ( 'NONE',  ( -26.36510366498857749, -7.767525146436456751, 7.036245935469652935 ) ) ;
#485 = CARTESIAN_POINT ( 'NONE',  ( -6.077679989981573883, 25.50000000001428546, 4.885896166257073681 ) ) ;
#486 = CARTESIAN_POINT ( 'NONE',  ( -7.015424166357605351, -22.37381492595516619, -17.26419079603353879 ) ) ;
#487 = CC_DESIGN_PERSON_AND_ORGANIZATION_ASSIGNMENT ( #4352, #1987, ( #5225 ) ) ;
#488 = CARTESIAN_POINT ( 'NONE',  ( -25.19462420465517738, 11.71462378457606057, 6.987506883380170564 ) ) ;
#489 = DIRECTION ( 'NONE',  ( 1.000000000000000000, 0.000000000000000000, 0.000000000000000000 ) ) ;
#490 = DIRECTION ( 'NONE',  ( 0.000000000000000000, 0.000000000000000000, -1.000000000000000000 ) ) ;
#491 = CARTESIAN_POINT ( 'NONE',  ( -8.051080258233380249, -23.99999999999949196, 4.667955306387159276 ) ) ;
#492 = DIRECTION ( 'NONE',  ( -0.8922873051864983474, 6.346274116054710704E-15, 0.4514680110517432787 ) ) ;
#493 = FACE_OUTER_BOUND ( 'NONE', #5575, .T. ) ;
#494 = CARTESIAN_POINT ( 'NONE',  ( 18.99063639667419778, 18.47748847290326069, 6.112720817078897362 ) ) ;
#495 = ORIENTED_EDGE ( 'NONE', *, *, #1915, .T. ) ;
#496 = ORIENTED_EDGE ( 'NONE', *, *, #2691, .T. ) ;
#497 = CARTESIAN_POINT ( 'NONE',  ( 13.22769139156478069, 20.71430593067467640, -16.11769172812493167 ) ) ;
#498 = CARTESIAN_POINT ( 'NONE',  ( 13.51288506054870986, 19.87149712630414200, 9.010474340331226628 ) ) ;
#499 = CARTESIAN_POINT ( 'NONE',  ( 27.85068721914603884, 10.72405283640351037, 0.7991606459668816331 ) ) ;
#500 = CARTESIAN_POINT ( 'NONE',  ( -4.847589602220077509, 20.58962477035306549, -16.81068690851601133 ) ) ;
#501 = ORIENTED_EDGE ( 'NONE', *, *, #2382, .T. ) ;
#502 = CARTESIAN_POINT ( 'NONE',  ( 18.39369411857898839, -15.42812393886512545, 13.36530153046752645 ) ) ;
#503 = CARTESIAN_POINT ( 'NONE',  ( -28.50000000000001776, 7.845506206647064218, -7.198140991314795123 ) ) ;
#504 = CARTESIAN_POINT ( 'NONE',  ( 19.20684338057414209, 20.53873724560519420, -15.37996351948748064 ) ) ;
#505 = CARTESIAN_POINT ( 'NONE',  ( -25.20173113027847833, -7.524388360402632259, 6.144839175391584973 ) ) ;
#506 = CARTESIAN_POINT ( 'NONE',  ( 11.07668532697471342, -25.34389817204224826, 2.059685045472660736 ) ) ;
#507 = CARTESIAN_POINT ( 'NONE',  ( 13.29283617818875562, -23.52537066280622469, 6.847526261759371735 ) ) ;
#508 = CARTESIAN_POINT ( 'NONE',  ( -28.50000000000000000, -6.151027515120154554, 1.154699327341514703 ) ) ;
#509 = EDGE_CURVE ( 'NONE', #5857, #1582, #4596, .T. ) ;
#510 = CARTESIAN_POINT ( 'NONE',  ( -27.00000000000000355, -3.117503021170937139, 4.011108726572113703 ) ) ;
#511 = CARTESIAN_POINT ( 'NONE',  ( -10.79525546070623143, 22.87425378292910594, 6.211675745481618272 ) ) ;
#512 = VERTEX_POINT ( 'NONE', #5988 ) ;
#513 = CARTESIAN_POINT ( 'NONE',  ( -1.751229648421072735E-14, 12.49872581696687490, -40.61072686102800589 ) ) ;
#514 = CARTESIAN_POINT ( 'NONE',  ( 26.99999999999998579, 5.499999999999868550, -6.392794684931313753 ) ) ;
#515 = CARTESIAN_POINT ( 'NONE',  ( 23.71021239447913231, 3.718309859154814490, 12.53772396082002416 ) ) ;
#516 = CARTESIAN_POINT ( 'NONE',  ( -9.836676331664159889, 21.91998625187363814, 11.58471999190199497 ) ) ;
#517 = CARTESIAN_POINT ( 'NONE',  ( 26.14684234478718849, 8.787115168819664035, 7.039806603995026002 ) ) ;
#518 = CARTESIAN_POINT ( 'NONE',  ( -18.45113483290238321, 22.86108803493846864, 1.033990087393567237 ) ) ;
#519 = APPROVAL_STATUS ( 'not_yet_approved' ) ;
#520 = ORIENTED_EDGE ( 'NONE', *, *, #2983, .F. ) ;
#521 = CARTESIAN_POINT ( 'NONE',  ( -21.99975943144717050, 18.16442418583303819, 3.740479597874296847 ) ) ;
#522 = ORIENTED_EDGE ( 'NONE', *, *, #3598, .T. ) ;
#523 = CARTESIAN_POINT ( 'NONE',  ( -8.825747207772412395, 23.92578429471097223, 10.91814341153065193 ) ) ;
#524 = DIRECTION ( 'NONE',  ( 0.000000000000000000, 1.000000000000000000, 0.000000000000000000 ) ) ;
#525 = FACE_OUTER_BOUND ( 'NONE', #5407, .T. ) ;
#526 = CARTESIAN_POINT ( 'NONE',  ( 28.49999999999998934, 5.499999999999856115, 1.223575944766524426 ) ) ;
#527 = CARTESIAN_POINT ( 'NONE',  ( 8.499999999999840128, 20.98449689551662445, -16.49386585964542107 ) ) ;
#528 = ORIENTED_EDGE ( 'NONE', *, *, #5551, .T. ) ;
#529 = CARTESIAN_POINT ( 'NONE',  ( -8.500000000000000000, 5.499999999999994671, -9.999999999999998224 ) ) ;
#530 = CARTESIAN_POINT ( 'NONE',  ( 18.10821556114071385, -15.76198446868624181, 9.217391985118789322 ) ) ;
#531 = CARTESIAN_POINT ( 'NONE',  ( -1.264038273270105206, -24.00000000000000355, 5.156413019543249376 ) ) ;
#532 = CARTESIAN_POINT ( 'NONE',  ( 27.82979502829123675, -10.67631690690141255, 0.8075630042263676200 ) ) ;
#533 = CARTESIAN_POINT ( 'NONE',  ( 14.67066330491407911, -22.86757740219743340, 6.897906008978385906 ) ) ;
#534 = EDGE_CURVE ( 'NONE', #2510, #697, #5034, .T. ) ;
#535 = CARTESIAN_POINT ( 'NONE',  ( 21.02973005041821963, -11.62715228777730658, 13.42225037223184181 ) ) ;
#536 = DIRECTION ( 'NONE',  ( -0.000000000000000000, -0.000000000000000000, 1.000000000000000000 ) ) ;
#537 = B_SPLINE_CURVE_WITH_KNOTS ( 'NONE', 3,
 ( #3695, #2687, #1295, #1327, #6088, #5085, #4162, #2228, #1820, #1701, #2259, #3218, #5117, #389, #3600, #3722, #852, #4593, #6056, #5623 ),
 .UNSPECIFIED., .F., .F.,
 ( 4, 2, 2, 2, 2, 2, 2, 2, 2, 4 ),
 ( 0.000000000000000000, 0.002852400996118104829, 0.005704801992236209658, 0.008557202988354309717, 0.01140960398447241064, 0.01283580448253145850, 0.01426200498059050463, 0.01711440597670859862, 0.01996680697282669434, 0.02281920796894478659 ),
 .UNSPECIFIED. ) ;
#538 = CARTESIAN_POINT ( 'NONE',  ( 24.74465822842748253, 17.18498563145646330, 0.6443871129376600448 ) ) ;
#539 = CARTESIAN_POINT ( 'NONE',  ( -14.93298937328550124, 21.27986502920094125, 6.182096182063694378 ) ) ;
#540 = B_SPLINE_CURVE_WITH_KNOTS ( 'NONE', 3,
 ( #941, #1971, #452, #4257, #531, #4366 ),
 .UNSPECIFIED., .F., .F.,
 ( 4, 2, 4 ),
 ( 0.000000000000000000, 0.003821036379647849493, 0.007642072759295700721 ),
 .UNSPECIFIED. ) ;
#541 = EDGE_CURVE ( 'NONE', #297, #1688, #1696, .T. ) ;
#542 = EDGE_LOOP ( 'NONE', ( #2704, #5680 ) ) ;
#543 = CARTESIAN_POINT ( 'NONE',  ( -24.99658981490711440, -5.197400723152946433, 12.77501088143588959 ) ) ;
#544 = CARTESIAN_POINT ( 'NONE',  ( -23.97632494906549283, 1.235539703011770296, 12.17626746214408762 ) ) ;
#545 = CARTESIAN_POINT ( 'NONE',  ( 24.00023828218335353, -0.6960338925464847337, 8.848064716767275684 ) ) ;
#546 = CARTESIAN_POINT ( 'NONE',  ( -13.88358908108146039, 19.58573278570462861, 12.71686914721204964 ) ) ;
#547 = PLANE ( 'NONE',  #2357 ) ;
#548 = AXIS2_PLACEMENT_3D ( 'NONE', #252, #3645, #5039 ) ;
#549 = DIRECTION ( 'NONE',  ( 0.000000000000000000, 0.000000000000000000, 1.000000000000000000 ) ) ;
#550 = ORIENTED_EDGE ( 'NONE', *, *, #575, .F. ) ;
#551 = CARTESIAN_POINT ( 'NONE',  ( -13.48398051426861777, 19.86179141651676616, 8.997455150031992588 ) ) ;
#552 = CARTESIAN_POINT ( 'NONE',  ( -20.75879073882166637, 19.40783001320711065, 3.773046908481574313 ) ) ;
#553 = ORIENTED_EDGE ( 'NONE', *, *, #2015, .T. ) ;
#554 = AXIS2_PLACEMENT_3D ( 'NONE', #584, #5661, #5184 ) ;
#555 = CARTESIAN_POINT ( 'NONE',  ( 25.57071147783534570, 12.54241150247064240, -11.05445998276029229 ) ) ;
#556 = CARTESIAN_POINT ( 'NONE',  ( -4.016915141700750870E-15, 7.654222276273110026, -42.77055124496277472 ) ) ;
#557 =( BOUNDED_SURFACE ( )  B_SPLINE_SURFACE ( 3, 2, ( 
 ( #4371, #4400, #3897 ),
 ( #134, #3499, #2035 ),
 ( #3930, #5390, #5835 ),
 ( #1568, #5361, #4434 ) ),
 .UNSPECIFIED., .F., .F., .F. ) 
 B_SPLINE_SURFACE_WITH_KNOTS ( ( 4, 4 ),
 ( 3, 3 ),
 ( -2.336672522140759156E-15, 0.001083614934831174815 ),
 ( 0.000000000000000000, 1.000000000000000000 ),
 .UNSPECIFIED. ) 
 GEOMETRIC_REPRESENTATION_ITEM ( )  RATIONAL_B_SPLINE_SURFACE ( (
 ( 1.000000000000000000, 0.9499568284406791907, 1.000000000000000000),
 ( 1.000000000000000000, 0.9523243524483877565, 1.000000000000000000),
 ( 1.000000000000000000, 0.9544208504205969890, 1.000000000000000000),
 ( 1.000000000000000000, 0.9561819365777163293, 1.000000000000000000) ) ) 
 REPRESENTATION_ITEM ( '' )  SURFACE ( )  );
#558 = CARTESIAN_POINT ( 'NONE',  ( 26.67936780827328036, 13.84402003215699928, 0.6768178183819058003 ) ) ;
#559 = VECTOR ( 'NONE', #4240, 1000.000000000000000 ) ;
#560 = VERTEX_POINT ( 'NONE', #2249 ) ;
#561 = CARTESIAN_POINT ( 'NONE',  ( 5.746478873239336593, 23.30188791835146134, 9.425626491315787447 ) ) ;
#562 = CARTESIAN_POINT ( 'NONE',  ( 13.32998264883241646, -19.95994728909844795, 12.59099644683900188 ) ) ;
#563 = CARTESIAN_POINT ( 'NONE',  ( -25.67760067551068914, 10.30113050606420266, 7.040560100691545031 ) ) ;
#564 = EDGE_CURVE ( 'NONE', #5905, #984, #3096, .T. ) ;
#565 = CARTESIAN_POINT ( 'NONE',  ( 20.73328979291518337, -14.85762624411736077, 9.779149400833491157 ) ) ;
#566 = ORIENTED_EDGE ( 'NONE', *, *, #1713, .T. ) ;
#567 = CARTESIAN_POINT ( 'NONE',  ( -24.70836648189402851, -17.23374341561724421, 4.258673084953979782 ) ) ;
#568 = CARTESIAN_POINT ( 'NONE',  ( -8.499999999999930722, -15.50000000000000533, -9.999999999999998224 ) ) ;
#569 = DIRECTION ( 'NONE',  ( 7.441933196985691860E-17, 0.000000000000000000, -1.000000000000000000 ) ) ;
#570 = CARTESIAN_POINT ( 'NONE',  ( -23.94605947567155724, 8.788574211210802289, 13.20394465156479669 ) ) ;
#571 = DIRECTION ( 'NONE',  ( 0.1535354275131885771, -0.9790355657025066050, -0.1338515356203104079 ) ) ;
#572 = CARTESIAN_POINT ( 'NONE',  ( -24.91911929987908891, -5.557914871427949599, 9.561196903726576934 ) ) ;
#573 = CARTESIAN_POINT ( 'NONE',  ( -7.580754605659100420, -24.00000000000000000, 3.053062956479397627 ) ) ;
#574 = CARTESIAN_POINT ( 'NONE',  ( -18.24792972121123924, 22.97610389659157093, 1.054093233796556950 ) ) ;
#575 = EDGE_CURVE ( 'NONE', #836, #1037, #160, .T. ) ;
#576 = CARTESIAN_POINT ( 'NONE',  ( 21.92403768562004274, 17.10180540591766274, 7.038326083784303577 ) ) ;
#577 = CARTESIAN_POINT ( 'NONE',  ( -25.50000000000000000, 2.466420338507139004E-15, 12.14142842854285398 ) ) ;
#578 = ORIENTED_EDGE ( 'NONE', *, *, #1527, .T. ) ;
#579 = CARTESIAN_POINT ( 'NONE',  ( -6.267178509349096593, 23.17347817452759173, 9.810489085000773102 ) ) ;
#580 = CARTESIAN_POINT ( 'NONE',  ( -16.93623756718967854, 21.98414116738695157, 3.939708125482402234 ) ) ;
#581 = EDGE_LOOP ( 'NONE', ( #3803, #784, #221, #2158 ) ) ;
#582 = CARTESIAN_POINT ( 'NONE',  ( -23.97588351032667120, 1.243121898348506393, 12.17690102492833049 ) ) ;
#583 = EDGE_CURVE ( 'NONE', #3276, #2602, #4736, .T. ) ;
#584 = CARTESIAN_POINT ( 'NONE',  ( 8.499999999999989342, 5.499999999999998224, 5.000000000000000000 ) ) ;
#585 = CARTESIAN_POINT ( 'NONE',  ( 2.569442488424246385, -25.45835199326375786, 5.467547426670417821 ) ) ;
#586 = CARTESIAN_POINT ( 'NONE',  ( 4.068241861850715679, -25.19417546427285259, 7.985095570422823030 ) ) ;
#587 = CARTESIAN_POINT ( 'NONE',  ( -28.50000000000000000, 5.499999999999856115, 1.223575944766644330 ) ) ;
#588 = ORIENTED_EDGE ( 'NONE', *, *, #81, .F. ) ;
#589 = EDGE_CURVE ( 'NONE', #5905, #385, #4243, .T. ) ;
#590 = CARTESIAN_POINT ( 'NONE',  ( -25.54282622923766510, 4.881928327102289522, 6.128737224381067605 ) ) ;
#591 =( BOUNDED_SURFACE ( )  B_SPLINE_SURFACE ( 3, 2, ( 
 ( #1565, #2956, #2033 ),
 ( #3021, #2496, #5861 ),
 ( #2562, #2596, #3530 ),
 ( #3928, #1596, #3464 ),
 ( #2988, #4961, #4398 ),
 ( #5358, #691, #3960 ),
 ( #5387, #4928, #236 ),
 ( #2129, #4465, #1666 ),
 ( #2396, #4299, #3913 ),
 ( #5255, #4759, #24 ),
 ( #1550, #4784, #2372 ),
 ( #5279, #1932, #1072 ),
 ( #3830, #1039, #985 ),
 ( #5786, #5344, #2942 ),
 ( #6172, #521, #2421 ),
 ( #3451, #552, #4324 ),
 ( #57, #1960, #4847 ),
 ( #3858, #5759, #1486 ),
 ( #1990, #1008, #2450 ),
 ( #88, #580, #2974 ),
 ( #4878, #4275, #2905 ),
 ( #4813, #2579, #4516 ),
 ( #1139, #5374, #4013 ),
 ( #1650, #5882, #4450 ),
 ( #2611, #3946, #707 ),
 ( #3106, #1177, #3007 ),
 ( #673, #4483, #3549 ),
 ( #1213, #4549, #5847 ) ),
 .UNSPECIFIED., .F., .F., .F. ) 
 B_SPLINE_SURFACE_WITH_KNOTS ( ( 4, 2, 2, 2, 2, 2, 2, 2, 2, 2, 2, 2, 2, 4 ),
 ( 3, 3 ),
 ( 0.005866994023922208340, 0.007858455933600081225, 0.008854186888439016800, 0.009352052365858485455, 0.009849917843277954110, 0.01184137975295582526, 0.01283711070779476257, 0.01383284166263369815, 0.01582430357231157103, 0.01682003452715050834, 0.01781576548198944218, 0.01980722739166731333, 0.02080295834650625064, 0.02179868930134518795 ),
 ( 0.000000000000000000, 1.000000000000000000 ),
 .UNSPECIFIED. ) 
 GEOMETRIC_REPRESENTATION_ITEM ( )  RATIONAL_B_SPLINE_SURFACE ( (
 ( 1.000000000000000000, 0.9499568284406350038, 1.000000000000000000),
 ( 1.000000000000000000, 0.9477187210342212786, 1.000000000000000000),
 ( 1.000000000000000000, 0.9459097297856926545, 1.000000000000000000),
 ( 1.000000000000000000, 0.9437603977884410078, 1.000000000000000000),
 ( 1.000000000000000000, 0.9431383821609232720, 1.000000000000000000),
 ( 1.000000000000000000, 0.9423442363225844609, 1.000000000000000000),
 ( 1.000000000000000000, 0.9421025808575005378, 1.000000000000000000),
 ( 1.000000000000000000, 0.9416705936546938549, 1.000000000000000000),
 ( 1.000000000000000000, 0.9414794332663649623, 1.000000000000000000),
 ( 1.000000000000000000, 0.9406436589861630893, 1.000000000000000000),
 ( 1.000000000000000000, 0.9403533104823670330, 1.000000000000000000),
 ( 1.000000000000000000, 0.9404772590109184982, 1.000000000000000000),
 ( 1.000000000000000000, 0.9406143142751857145, 1.000000000000000000),
 ( 1.000000000000000000, 0.9410791651386989365, 1.000000000000000000),
 ( 1.000000000000000000, 0.9414076979896776054, 1.000000000000000000),
 ( 1.000000000000000000, 0.9426832861569967026, 1.000000000000000000),
 ( 1.000000000000000000, 0.9439008809498331543, 1.000000000000000000),
 ( 1.000000000000000000, 0.9463133267539665106, 1.000000000000000000),
 ( 1.000000000000000000, 0.9472161467576649674, 1.000000000000000000),
 ( 1.000000000000000000, 0.9492365977422776435, 1.000000000000000000),
 ( 1.000000000000000000, 0.9503449589105102957, 1.000000000000000000),
 ( 1.000000000000000000, 0.9539332929330684996, 1.000000000000000000),
 ( 1.000000000000000000, 0.9566948671771451362, 1.000000000000000000),
 ( 1.000000000000000000, 0.9613835800304496582, 1.000000000000000000),
 ( 1.000000000000000000, 0.9630394322455311240, 1.000000000000000000),
 ( 1.000000000000000000, 0.9664135142369962850, 1.000000000000000000),
 ( 1.000000000000000000, 0.9681411672001115631, 1.000000000000000000),
 ( 1.000000000000000000, 0.9698494303495834856, 1.000000000000000000) ) ) 
 REPRESENTATION_ITEM ( '' )  SURFACE ( )  );
#592 = CARTESIAN_POINT ( 'NONE',  ( -28.50000000000000355, 5.499999999998686384, 1.223575944766641221 ) ) ;
#593 = CARTESIAN_POINT ( 'NONE',  ( 24.71042655109681263, 6.420180040566047630, 12.95011554292260492 ) ) ;
#594 = CARTESIAN_POINT ( 'NONE',  ( 23.16583002433070959, -10.67616963593533619, 9.753566627689892243 ) ) ;
#595 = CARTESIAN_POINT ( 'NONE',  ( -22.63972324215210463, -7.989478985478240425, 9.178073951186446422 ) ) ;
#596 = CARTESIAN_POINT ( 'NONE',  ( -9.701963490696607906, -25.47343059850726377, 2.340318418492351338 ) ) ;
#597 = CARTESIAN_POINT ( 'NONE',  ( 25.19210066913408497, 3.950704225351977072, 12.53772396082001883 ) ) ;
#598 = CARTESIAN_POINT ( 'NONE',  ( -1.029794333399921915E-14, -7.397078736002291599, -43.04787479012821905 ) ) ;
#599 = CARTESIAN_POINT ( 'NONE',  ( 26.99999999999998934, 1.913046870365854746, -4.990824499634673117 ) ) ;
#600 = EDGE_CURVE ( 'NONE', #1073, #5651, #651, .T. ) ;
#601 = CARTESIAN_POINT ( 'NONE',  ( -28.50000000000000000, -4.719013280517289743, 4.439417977905128154 ) ) ;
#602 = CARTESIAN_POINT ( 'NONE',  ( -23.41003272256413936, -10.12987034569653844, 9.742809946910563568 ) ) ;
#603 = CARTESIAN_POINT ( 'NONE',  ( 26.99999999999998934, -4.425092742786755018, 1.391660071360967255 ) ) ;
#604 = CARTESIAN_POINT ( 'NONE',  ( -8.499999999999872102, -24.00000000000000000, 2.627371485753581482 ) ) ;
#605 = CARTESIAN_POINT ( 'NONE',  ( -20.47361301238280262, 21.57365904093935072, 0.8518456081123866319 ) ) ;
#606 = FACE_OUTER_BOUND ( 'NONE', #2084, .T. ) ;
#607 = CARTESIAN_POINT ( 'NONE',  ( -17.70199543270447151, -18.36548598536150934, 13.18899806067935110 ) ) ;
#608 = EDGE_CURVE ( 'NONE', #320, #2557, #759, .T. ) ;
#609 = ORIENTED_EDGE ( 'NONE', *, *, #3390, .F. ) ;
#610 = CARTESIAN_POINT ( 'NONE',  ( -12.33015743366102512, 20.59255594112517684, 12.34310140436780046 ) ) ;
#611 = DIRECTION ( 'NONE',  ( 0.000000000000000000, -0.000000000000000000, 1.000000000000000000 ) ) ;
#612 = ORIENTED_EDGE ( 'NONE', *, *, #2531, .T. ) ;
#613 = CARTESIAN_POINT ( 'NONE',  ( -13.63707938345037007, -24.87266757101766856, 1.618130143827854805 ) ) ;
#614 = CARTESIAN_POINT ( 'NONE',  ( -25.50000000000000000, 3.122849337825750222E-15, 70.00000000000000000 ) ) ;
#615 = DIRECTION ( 'NONE',  ( 0.000000000000000000, 0.000000000000000000, -1.000000000000000000 ) ) ;
#616 = CARTESIAN_POINT ( 'NONE',  ( 9.701963490701201565, 25.47343059850683744, 2.340318418496569297 ) ) ;
#617 = CARTESIAN_POINT ( 'NONE',  ( 26.71709628924853064, -5.583039657437951497, 7.006816107734464616 ) ) ;
#618 = EDGE_CURVE ( 'NONE', #3746, #5787, #1463, .T. ) ;
#619 = VERTEX_POINT ( 'NONE', #5371 ) ;
#620 = CARTESIAN_POINT ( 'NONE',  ( 25.48725200411896097, 5.437125210400758135, 6.157819697242199908 ) ) ;
#621 = CARTESIAN_POINT ( 'NONE',  ( -22.56493734692043773, -16.28352425666669845, 7.037318381086429042 ) ) ;
#622 = CARTESIAN_POINT ( 'NONE',  ( 23.93865897667878073, 8.808387028874767211, 13.20567491221169298 ) ) ;
#623 = CARTESIAN_POINT ( 'NONE',  ( 26.04618801184814103, -9.279739281479695734, 6.979795834623216955 ) ) ;
#624 =( BOUNDED_SURFACE ( )  B_SPLINE_SURFACE ( 3, 2, ( 
 ( #5636, #400, #2770 ),
 ( #1370, #4203, #5128 ),
 ( #4384, #4414, #1038 ),
 ( #5881, #4910, #3480 ),
 ( #1176, #4354, #5373 ),
 ( #2973, #3040, #3514 ),
 ( #672, #2114, #1104 ),
 ( #1071, #2482, #1614 ) ),
 .UNSPECIFIED., .F., .F., .F. ) 
 B_SPLINE_SURFACE_WITH_KNOTS ( ( 4, 2, 2, 4 ),
 ( 3, 3 ),
 ( -3.415236843329338967E-18, 0.0004333415891559404612, 0.0008666831783118842834, 0.001733366356623772036 ),
 ( 0.000000000000000000, 1.000000000000000000 ),
 .UNSPECIFIED. ) 
 GEOMETRIC_REPRESENTATION_ITEM ( )  RATIONAL_B_SPLINE_SURFACE ( (
 ( 1.000000000000000000, 0.9870077998580896184, 1.000000000000000000),
 ( 1.000000000000000000, 0.9854550058133199064, 1.000000000000000000),
 ( 1.000000000000000000, 0.9840240203856942536, 1.000000000000000000),
 ( 1.000000000000000000, 0.9811895609465923762, 1.000000000000000000),
 ( 1.000000000000000000, 0.9797919679652945524, 1.000000000000000000),
 ( 1.000000000000000000, 0.9755803338390985902, 1.000000000000000000),
 ( 1.000000000000000000, 0.9727505767614668120, 1.000000000000000000),
 ( 1.000000000000000000, 0.9698494303495832636, 1.000000000000000000) ) ) 
 REPRESENTATION_ITEM ( '' )  SURFACE ( )  );
#625 = CARTESIAN_POINT ( 'NONE',  ( -24.73386134674099068, -9.560146794236986878, 6.050766915137897328 ) ) ;
#626 = B_SPLINE_CURVE_WITH_KNOTS ( 'NONE', 3,
 ( #1309, #4607, #3175, #6036, #5949, #4142, #5069, #5504, #803, #1777, #2607, #4111, #1278, #775, #5099, #5471, #2702, #1208, #4512, #5540, #3136, #3103 ),
 .UNSPECIFIED., .F., .F.,
 ( 4, 2, 2, 2, 2, 2, 2, 2, 2, 2, 4 ),
 ( 0.000000000000000000, 0.003026124186967937488, 0.006052248373935874975, 0.009078372560903812463, 0.01210449674787174995, 0.01361755884135572303, 0.01513062093483969958, 0.01815674512180763880, 0.02118286930877558497, 0.02269593140225955805, 0.02420899349574352766 ),
 .UNSPECIFIED. ) ;
#627 = CARTESIAN_POINT ( 'NONE',  ( -9.634454142084933892, -25.50000000000001421, 4.869521548480349793 ) ) ;
#628 = CARTESIAN_POINT ( 'NONE',  ( 27.00000000000005329, -6.078617686366611039, 3.958147166341833945 ) ) ;
#629 = CARTESIAN_POINT ( 'NONE',  ( 7.862111636909919099, -23.50983612246840693, 5.980577024223579841 ) ) ;
#630 = CARTESIAN_POINT ( 'NONE',  ( 4.600014120331329615, -24.00000000000000000, 3.891575152383145220 ) ) ;
#631 = CARTESIAN_POINT ( 'NONE',  ( 25.47442336869307411, -1.319879837372626152, 12.17683656877668064 ) ) ;
#632 = CARTESIAN_POINT ( 'NONE',  ( -1.288475050703920655, -24.00000000000721201, 5.156433493107310362 ) ) ;
#633 = CARTESIAN_POINT ( 'NONE',  ( 26.99999999999998579, 1.556467038540044534, 4.026158541589150985 ) ) ;
#634 = VERTEX_POINT ( 'NONE', #2576 ) ;
#635 = CARTESIAN_POINT ( 'NONE',  ( -25.34110559031702437, 6.544310002704637697, 6.159028398228532986 ) ) ;
#636 = CARTESIAN_POINT ( 'NONE',  ( 25.12721693463965167, -4.364442505399289907, 9.437076358613689209 ) ) ;
#637 = CARTESIAN_POINT ( 'NONE',  ( -25.41975662548929193, -5.991237529012895635, 6.167035583075191951 ) ) ;
#638 = B_SPLINE_CURVE_WITH_KNOTS ( 'NONE', 3,
 ( #2785, #5994, #4680, #6086, #5082, #1354, #4219, #754, #5588, #4191, #3216, #6115, #3630, #1387, #4126, #2656, #5115, #1760, #3661, #300 ),
 .UNSPECIFIED., .F., .F.,
 ( 4, 2, 2, 2, 2, 2, 2, 2, 2, 4 ),
 ( 0.000000000000000000, 0.002852400996118090084, 0.005704801992236180168, 0.008557202988354269818, 0.01140960398447236034, 0.01283580448253141167, 0.01426200498059046126, 0.01711440597670856045, 0.01996680697282666311, 0.02281920796894476230 ),
 .UNSPECIFIED. ) ;
#639 = CIRCLE ( 'NONE', #1642, 8.500000000000000000 ) ;
#640 = EDGE_LOOP ( 'NONE', ( #3646, #4814, #4237, #195 ) ) ;
#641 = CARTESIAN_POINT ( 'NONE',  ( -7.117665167810774740, 22.94279063271252284, 7.764824007793355243 ) ) ;
#642 = CARTESIAN_POINT ( 'NONE',  ( -8.499999999999857891, -24.00000000000000000, -9.999999999999998224 ) ) ;
#643 = ORIENTED_EDGE ( 'NONE', *, *, #3993, .T. ) ;
#644 = CARTESIAN_POINT ( 'NONE',  ( -27.00000000000000355, -1.913046870365924912, -4.990824499634635814 ) ) ;
#645 = CARTESIAN_POINT ( 'NONE',  ( 8.499999999999918288, 15.49999999999999467, -9.999999999999998224 ) ) ;
#646 = CARTESIAN_POINT ( 'NONE',  ( -1.756122053136346533E-15, 9.856734347333036439, -40.13261199694823489 ) ) ;
#647 = CARTESIAN_POINT ( 'NONE',  ( 25.41592978817834947, 16.19077296386120324, 0.6404098812061437274 ) ) ;
#648 = EDGE_CURVE ( 'NONE', #5704, #5192, #3652, .T. ) ;
#649 = FACE_OUTER_BOUND ( 'NONE', #1751, .T. ) ;
#650 = VERTEX_POINT ( 'NONE', #5340 ) ;
#651 = CIRCLE ( 'NONE', #3433, 10.00000000000000355 ) ;
#652 = CARTESIAN_POINT ( 'NONE',  ( 23.52857649948702345, -4.876531151046600954, 12.77194912053464826 ) ) ;
#653 = CARTESIAN_POINT ( 'NONE',  ( -28.08977948688732695, 10.07969323910945114, -8.511983528190356196 ) ) ;
#654 = CARTESIAN_POINT ( 'NONE',  ( 1.307196703127365245, 25.50000000000119371, 5.235163785915036172 ) ) ;
#655 = CARTESIAN_POINT ( 'NONE',  ( 25.43095684009805169, 11.12437922080900421, 6.986581207415072825 ) ) ;
#656 = CARTESIAN_POINT ( 'NONE',  ( 23.87233074339360428, -8.987623046792124981, 9.712880517778341272 ) ) ;
#657 = CARTESIAN_POINT ( 'NONE',  ( -17.33339052133511515, -16.60363343402804404, 9.200203763105106347 ) ) ;
#658 = CIRCLE ( 'NONE', #2448, 21.00000000000000000 ) ;
#659 = CARTESIAN_POINT ( 'NONE',  ( -11.92819121094537671, -25.23808528326619793, 4.700819662189856807 ) ) ;
#660 = CARTESIAN_POINT ( 'NONE',  ( 25.60675377599615743, -12.55220759795609631, 3.742312993320938030 ) ) ;
#661 = CARTESIAN_POINT ( 'NONE',  ( -1.633434000233241507E-14, -5.045165854025264629, -45.02559561904656249 ) ) ;
#662 = EDGE_CURVE ( 'NONE', #2682, #1603, #3145, .T. ) ;
#663 = CARTESIAN_POINT ( 'NONE',  ( 6.105633802816753608, -24.75825591324843700, 9.425626491315762578 ) ) ;
#664 = ORIENTED_EDGE ( 'NONE', *, *, #1727, .T. ) ;
#665 = CARTESIAN_POINT ( 'NONE',  ( -26.99985281402462078, 1.659290027771494147, 6.873670123668277121 ) ) ;
#666 = CARTESIAN_POINT ( 'NONE',  ( -4.464396295261142456, -23.61550546096491487, 6.782583535450156909 ) ) ;
#667 = CARTESIAN_POINT ( 'NONE',  ( 18.15749044088377673, 17.91552695535579076, 13.24122168970190749 ) ) ;
#668 = CARTESIAN_POINT ( 'NONE',  ( -25.48552233606449846, 5.454404930473286228, 6.158724846216364845 ) ) ;
#669 = CARTESIAN_POINT ( 'NONE',  ( 25.24890548618058617, -3.657801030804744613, 9.390785739918191766 ) ) ;
#670 = DIRECTION ( 'NONE',  ( 0.000000000000000000, -0.09599293193546683256, 0.9953820156193463609 ) ) ;
#671 = ORIENTED_EDGE ( 'NONE', *, *, #2834, .F. ) ;
#672 = CARTESIAN_POINT ( 'NONE',  ( 9.917197920148071333, 23.08605816628829643, 6.213443291595088347 ) ) ;
#673 = CARTESIAN_POINT ( 'NONE',  ( -10.77104081009501790, 22.88009482210454948, 6.211724491564837081 ) ) ;
#674 = ORIENTED_EDGE ( 'NONE', *, *, #509, .F. ) ;
#675 = EDGE_CURVE ( 'NONE', #5787, #4524, #874, .T. ) ;
#676 = CARTESIAN_POINT ( 'NONE',  ( -25.27137158937826200, -7.034678075086473470, 6.151929024935163248 ) ) ;
#677 = CARTESIAN_POINT ( 'NONE',  ( 23.16318000005497169, 6.390908776484434561, 9.128217671046700232 ) ) ;
#678 = CARTESIAN_POINT ( 'NONE',  ( -1.019215892068457752, -25.48089680417819380, 5.752754501673181586 ) ) ;
#679 = CARTESIAN_POINT ( 'NONE',  ( -7.239748728111912612, 23.99999999999998934, 4.628709470058494979 ) ) ;
#680 = DIRECTION ( 'NONE',  ( -0.2540981724903180750, 0.000000000000000000, 0.9671784316955587268 ) ) ;
#681 = CARTESIAN_POINT ( 'NONE',  ( 26.38991154300901698, 14.44780136060433939, 0.6623300218935677108 ) ) ;
#682 = CARTESIAN_POINT ( 'NONE',  ( -8.009011315237984263, 24.92336422564754983, 6.461784552688914829 ) ) ;
#683 = ORIENTED_EDGE ( 'NONE', *, *, #4871, .T. ) ;
#684 = ORIENTED_EDGE ( 'NONE', *, *, #194, .F. ) ;
#685 = CARTESIAN_POINT ( 'NONE',  ( 26.78567791675017062, -4.962546371393376177, 6.964692016090511473 ) ) ;
#686 = CARTESIAN_POINT ( 'NONE',  ( 24.90780560862022242, -8.960044561971209021, 6.056051697756528185 ) ) ;
#687 = ADVANCED_BREP_SHAPE_REPRESENTATION ( '79-8565 - 51mm Y-r\X2\00f6\X0\r', ( #3283, #3628 ), #2821 ) ;
#688 = CARTESIAN_POINT ( 'NONE',  ( -19.74825190482124881, -19.35788616121654115, 7.040517527919871732 ) ) ;
#689 = CARTESIAN_POINT ( 'NONE',  ( 26.50906722504897317, 7.462091641529311481, 6.967099196846395337 ) ) ;
#690 = CARTESIAN_POINT ( 'NONE',  ( -17.44958235593110274, -19.72010015584878317, 6.139753390091726715 ) ) ;
#691 = CARTESIAN_POINT ( 'NONE',  ( -26.01875123958846103, 11.45829949461066199, 3.764398297554296668 ) ) ;
#692 = CARTESIAN_POINT ( 'NONE',  ( -16.76148171902044481, -17.17967951147516459, 13.19962002459131512 ) ) ;
#693 = CARTESIAN_POINT ( 'NONE',  ( -10.63415309628386396, -24.31215835098821643, 6.845339688422988011 ) ) ;
#694 = CARTESIAN_POINT ( 'NONE',  ( -1.307196703147636585, -25.49999999999399236, 5.235163785888175880 ) ) ;
#695 = CARTESIAN_POINT ( 'NONE',  ( 8.500000000013059775, -22.47226601139275104, -17.16850798049199511 ) ) ;
#696 = CARTESIAN_POINT ( 'NONE',  ( 8.270065416607074837, -24.12349447939870473, 10.66506205603555735 ) ) ;
#697 = VERTEX_POINT ( 'NONE', #2080 ) ;
#698 = CARTESIAN_POINT ( 'NONE',  ( -20.49829383077746670, 19.85382065386021466, -14.92999675700062845 ) ) ;
#699 = CARTESIAN_POINT ( 'NONE',  ( 9.686280473119207812, 23.97159792671335055, 2.322452835814007965 ) ) ;
#700 = CARTESIAN_POINT ( 'NONE',  ( -25.73082177944123572, -1.649401373212268540, 6.053918697108525038 ) ) ;
#701 = CARTESIAN_POINT ( 'NONE',  ( 26.99999999999998934, -5.500000000000001776, 1.223575944766749357 ) ) ;
#702 = CARTESIAN_POINT ( 'NONE',  ( 12.67801978742701685, -22.26874218877626532, 6.205633248117268685 ) ) ;
#703 = CARTESIAN_POINT ( 'NONE',  ( 25.12721693463972272, 4.364442505398915095, 9.437076358613667892 ) ) ;
#704 = CARTESIAN_POINT ( 'NONE',  ( -26.54835951802219185, 6.728600003183501599, 7.029990595900653005 ) ) ;
#705 = EDGE_LOOP ( 'NONE', ( #4845, #5983, #5228, #2314 ) ) ;
#706 = CARTESIAN_POINT ( 'NONE',  ( -24.34687557163975313, 10.69749415525228997, 6.041222642977983170 ) ) ;
#707 = CARTESIAN_POINT ( 'NONE',  ( -10.75096695544609560, 23.87145622372726805, 2.087407261227168132 ) ) ;
#708 = ORIENTED_EDGE ( 'NONE', *, *, #4668, .T. ) ;
#709 = CARTESIAN_POINT ( 'NONE',  ( -26.78896761990866082, -8.381978137729769074, 3.857137706063655358 ) ) ;
#710 = DIRECTION ( 'NONE',  ( -0.000000000000000000, -0.000000000000000000, 1.000000000000000000 ) ) ;
#711 = CARTESIAN_POINT ( 'NONE',  ( -4.596825217279337572, 23.99999999999999289, 3.879104757205392939 ) ) ;
#712 = CARTESIAN_POINT ( 'NONE',  ( 9.767982072817289918, -24.53661404973556515, 6.785762770125159271 ) ) ;
#713 = CARTESIAN_POINT ( 'NONE',  ( -6.105633802816775813, 24.75825591324843344, 9.425626491315769684 ) ) ;
#714 = CARTESIAN_POINT ( 'NONE',  ( 24.22537598231209799, 13.63298286081347932, 7.037732801316596287 ) ) ;
#715 = ORIENTED_EDGE ( 'NONE', *, *, #5736, .F. ) ;
#716 = CARTESIAN_POINT ( 'NONE',  ( 1.469576158976823750E-15, 23.99999999999999645, 5.000000000000000000 ) ) ;
#717 = DIRECTION ( 'NONE',  ( -0.9879255164366298470, -0.1549295774647886925, 0.000000000000000000 ) ) ;
#718 = CARTESIAN_POINT ( 'NONE',  ( -24.23313797066115072, -13.62880755951745115, 7.037697754850046117 ) ) ;
#719 = CARTESIAN_POINT ( 'NONE',  ( 19.72506730313317291, 20.25491828602239153, 0.8396385037163558440 ) ) ;
#720 = CARTESIAN_POINT ( 'NONE',  ( 15.25099702895039577, 20.47458069839057515, 9.555805132264742596 ) ) ;
#721 = CARTESIAN_POINT ( 'NONE',  ( 26.38229608106652435, -7.780075838954447320, 7.037688121980683498 ) ) ;
#722 = B_SPLINE_CURVE_WITH_KNOTS ( 'NONE', 3,
 ( #5911, #1986, #637, #2541 ),
 .UNSPECIFIED., .F., .F.,
 ( 4, 4 ),
 ( 0.000000000000000000, 0.001674849726622212442 ),
 .UNSPECIFIED. ) ;
#723 = CARTESIAN_POINT ( 'NONE',  ( -19.49461132856880852, -18.04946288864350024, 6.043889079531616915 ) ) ;
#724 = CARTESIAN_POINT ( 'NONE',  ( -25.48725200411888991, 5.437125210400637343, 6.157819697242307377 ) ) ;
#725 = CARTESIAN_POINT ( 'NONE',  ( -2.049742374979096837, -25.43810469964162735, 6.514524541678647473 ) ) ;
#726 = CARTESIAN_POINT ( 'NONE',  ( 8.117549840770090341, -23.46223234418809866, 6.031529124942803577 ) ) ;
#727 = LOCAL_TIME ( 0, 3, 37.00000000000000000, #3348 ) ;
#728 = CARTESIAN_POINT ( 'NONE',  ( 7.991442431896517817, -24.21714960492824176, 10.53042782189636029 ) ) ;
#729 = EDGE_CURVE ( 'NONE', #4937, #1037, #60, .T. ) ;
#730 = EDGE_LOOP ( 'NONE', ( #5870, #286, #3911 ) ) ;
#731 = CARTESIAN_POINT ( 'NONE',  ( -24.89326925929186629, 16.30002112700558214, -12.71904830082008964 ) ) ;
#732 = CARTESIAN_POINT ( 'NONE',  ( -20.07396198763898099, -19.11192913538388183, 6.984634357682644179 ) ) ;
#733 = CARTESIAN_POINT ( 'NONE',  ( 26.99999999999998934, 3.117503021170977107, 4.011108726570856930 ) ) ;
#734 = VERTEX_POINT ( 'NONE', #3036 ) ;
#735 = CARTESIAN_POINT ( 'NONE',  ( 25.11873059526147145, -13.71847901210790432, 0.6570749275267614431 ) ) ;
#736 = CARTESIAN_POINT ( 'NONE',  ( 28.49999999999998579, -7.845506206647168135, -7.198140991314844861 ) ) ;
#737 = CARTESIAN_POINT ( 'NONE',  ( 8.499999999999989342, 15.49999999999999289, -10.00000000000000000 ) ) ;
#738 = CARTESIAN_POINT ( 'NONE',  ( -7.694077540369710810, 24.98368793961411072, 6.358029377436290375 ) ) ;
#739 = ORIENTED_EDGE ( 'NONE', *, *, #5926, .F. ) ;
#740 = CARTESIAN_POINT ( 'NONE',  ( -18.47885505733854217, 15.32553675917354674, 9.223187530139259849 ) ) ;
#741 = CARTESIAN_POINT ( 'NONE',  ( 5.659580064148626151E-15, -20.46561359896580612, -18.68001622036306131 ) ) ;
#742 = VERTEX_POINT ( 'NONE', #4975 ) ;
#743 = CARTESIAN_POINT ( 'NONE',  ( -17.51866253856408306, -21.66438131573170267, 1.053894898125841806 ) ) ;
#744 = CARTESIAN_POINT ( 'NONE',  ( 24.73386134673882353, 9.560146794235379275, 6.050766915139790925 ) ) ;
#745 = CARTESIAN_POINT ( 'NONE',  ( 7.168096659138711857, -25.50000000000000355, 3.207891373696301063 ) ) ;
#746 = CARTESIAN_POINT ( 'NONE',  ( 1.272820355602743092, 25.49999999999999645, 5.231595977119374297 ) ) ;
#747 = EDGE_CURVE ( 'NONE', #5227, #5071, #722, .T. ) ;
#748 = AXIS2_PLACEMENT_3D ( 'NONE', #5656, #2260, #3665 ) ;
#749 = CARTESIAN_POINT ( 'NONE',  ( -8.275937701492932064, -22.53488165909207908, 10.91020125019676534 ) ) ;
#750 = ORIENTED_EDGE ( 'NONE', *, *, #419, .F. ) ;
#751 = ORIENTED_EDGE ( 'NONE', *, *, #3261, .T. ) ;
#752 = CARTESIAN_POINT ( 'NONE',  ( 26.93064701065668132, -3.308364247595607210, 6.908686409398026029 ) ) ;
#753 = CARTESIAN_POINT ( 'NONE',  ( 7.694077540377490365, -24.98368793961429546, 6.358029377445565622 ) ) ;
#754 = CARTESIAN_POINT ( 'NONE',  ( 20.96992020224363884, -17.68891481730227966, -14.17177864820460975 ) ) ;
#755 = CARTESIAN_POINT ( 'NONE',  ( 8.499999999999868550, -20.98449689551662800, -16.49386585964543528 ) ) ;
#756 = CARTESIAN_POINT ( 'NONE',  ( 6.871383261318219304, 24.56941442963596600, 7.799981754297312442 ) ) ;
#757 = CARTESIAN_POINT ( 'NONE',  ( 25.22393052021735116, -11.51016346720122030, 7.039792437466950936 ) ) ;
#758 = CIRCLE ( 'NONE', #949, 8.500000000000000000 ) ;
#759 = CIRCLE ( 'NONE', #4250, 10.00000000000000178 ) ;
#760 = CARTESIAN_POINT ( 'NONE',  ( -8.119752573772386128, -23.52804518122425748, 5.863673512922890296 ) ) ;
#761 = CARTESIAN_POINT ( 'NONE',  ( 8.499999999999989342, -15.50000000000000178, -10.00000000000000000 ) ) ;
#762 = EDGE_CURVE ( 'NONE', #1625, #3747, #3555, .T. ) ;
#763 = CARTESIAN_POINT ( 'NONE',  ( 23.46036863434473219, -16.40047792208936883, 0.6453865331539374584 ) ) ;
#764 = CIRCLE ( 'NONE', #867, 10.00000000000000000 ) ;
#765 = CARTESIAN_POINT ( 'NONE',  ( 0.9681239860212832449, 23.99999999999999645, 5.760035651869436890 ) ) ;
#766 = LINE ( 'NONE', #2665, #1560 ) ;
#767 = VERTEX_POINT ( 'NONE', #3546 ) ;
#768 = TOROIDAL_SURFACE ( 'NONE', #3559, 229.2911684466444626, 21.00000000000000000 ) ;
#769 = CARTESIAN_POINT ( 'NONE',  ( 11.47384841056074478, 23.76928315253248769, 1.942810361074991388 ) ) ;
#770 = CARTESIAN_POINT ( 'NONE',  ( 5.746478873239290408, -23.30188791835147555, 9.425626491315762578 ) ) ;
#771 = CARTESIAN_POINT ( 'NONE',  ( 23.52937709296841007, -16.30459004122326760, 0.6443154407977268461 ) ) ;
#772 = CARTESIAN_POINT ( 'NONE',  ( -22.71564634834134822, 7.769034872017126503, 13.15377299293530911 ) ) ;
#773 = B_SPLINE_CURVE_WITH_KNOTS ( 'NONE', 3,
 ( #3391, #5855, #4459, #2981 ),
 .UNSPECIFIED., .F., .F.,
 ( 4, 4 ),
 ( 2.637977740025101358E-18, 0.001087969615945981331 ),
 .UNSPECIFIED. ) ;
#774 = CARTESIAN_POINT ( 'NONE',  ( 26.93987794224060295, 3.332744528125310080, 6.867981247681132828 ) ) ;
#775 = CARTESIAN_POINT ( 'NONE',  ( -23.24764226897858421, -17.96039853517831730, -13.73753303378247992 ) ) ;
#776 = EDGE_LOOP ( 'NONE', ( #1375, #5294, #1485, #4734, #436, #1697, #5105 ) ) ;
#777 = CARTESIAN_POINT ( 'NONE',  ( -22.73491467857350301, 7.711840061241319155, 13.14761829008779159 ) ) ;
#778 = VERTEX_POINT ( 'NONE', #1174 ) ;
#779 = CARTESIAN_POINT ( 'NONE',  ( -26.04272419899439939, -11.50349392794328018, 0.7363530966595971394 ) ) ;
#780 = CARTESIAN_POINT ( 'NONE',  ( 5.434327769491444745E-15, -7.444146513299121359, -47.36052657314957770 ) ) ;
#781 = CARTESIAN_POINT ( 'NONE',  ( 26.99999999999998934, 5.499999999998270717, 1.223575944766712720 ) ) ;
#782 = B_SPLINE_CURVE_WITH_KNOTS ( 'NONE', 3,
 ( #4052, #5010, #1584, #2146, #2115 ),
 .UNSPECIFIED., .F., .F.,
 ( 4, 1, 4 ),
 ( 2.602085213965210642E-18, 0.004962546371393307572, 0.009925092742786613409 ),
 .UNSPECIFIED. ) ;
#783 = ORIENTED_EDGE ( 'NONE', *, *, #2238, .F. ) ;
#784 = ORIENTED_EDGE ( 'NONE', *, *, #5165, .T. ) ;
#785 = EDGE_CURVE ( 'NONE', #634, #3804, #4363, .T. ) ;
#786 = CARTESIAN_POINT ( 'NONE',  ( -1.272820161940896089, 25.49999999999999645, 5.231596049383864688 ) ) ;
#787 = CARTESIAN_POINT ( 'NONE',  ( -6.888155080739470471, -25.50000000000000355, 3.290432263556857251 ) ) ;
#788 = CARTESIAN_POINT ( 'NONE',  ( -8.832860077574599345, 23.32140810552938248, 6.139140722231696046 ) ) ;
#789 = CARTESIAN_POINT ( 'NONE',  ( 12.22479231164774305, 22.39272476882126739, 9.208701507776529738 ) ) ;
#790 = CARTESIAN_POINT ( 'NONE',  ( 23.99999999999999645, -4.635357400837865856E-15, 12.14142842854284332 ) ) ;
#791 = CARTESIAN_POINT ( 'NONE',  ( 25.80052139534514311, -15.62337348389935698, 0.6379272930003114794 ) ) ;
#792 = EDGE_CURVE ( 'NONE', #4178, #4630, #4075, .T. ) ;
#793 = FACE_OUTER_BOUND ( 'NONE', #2116, .T. ) ;
#794 = CARTESIAN_POINT ( 'NONE',  ( -9.395266233550987778, 23.20415910789612113, 6.195295381516643829 ) ) ;
#795 = CARTESIAN_POINT ( 'NONE',  ( 21.99975943144804091, -18.16442418583448770, 3.740479597871522621 ) ) ;
#796 = CARTESIAN_POINT ( 'NONE',  ( -7.537430037836642782, -25.49999999999794653, 4.905756013207337674 ) ) ;
#797 = ORIENTED_EDGE ( 'NONE', *, *, #564, .T. ) ;
#798 = ADVANCED_FACE ( 'NONE', ( #3678 ), #834, .T. ) ;
#799 = DIRECTION ( 'NONE',  ( 1.000000000000000000, 0.000000000000000000, 0.000000000000000000 ) ) ;
#800 = CARTESIAN_POINT ( 'NONE',  ( 18.21496295097427520, -21.25545902405141163, 0.9816053549498997555 ) ) ;
#801 = CARTESIAN_POINT ( 'NONE',  ( -34.99999999999997158, 0.000000000000000000, -214.9999999999999432 ) ) ;
#802 =( BOUNDED_SURFACE ( )  B_SPLINE_SURFACE ( 3, 2, ( 
 ( #4779, #1951, #4727 ),
 ( #5272, #2901, #903 ),
 ( #439, #2391, #4294 ),
 ( #2804, #5250, #3824 ),
 ( #2366, #545, #3742 ),
 ( #3799, #4269, #2416 ),
 ( #6166, #3854, #1480 ),
 ( #4806, #1898, #1873 ),
 ( #4241, #4211, #1455 ),
 ( #515, #5725, #1843 ) ),
 .UNSPECIFIED., .F., .F., .T. ) 
 B_SPLINE_SURFACE_WITH_KNOTS ( ( 4, 2, 2, 2, 4 ),
 ( 3, 3 ),
 ( 0.03625107076217078117, 0.03903111430535651655, 0.04181115784854225192, 0.04459120139172798036, 0.04737124493491371574 ),
 ( 0.000000000000000000, 0.6990664231536891648 ),
 .UNSPECIFIED. ) 
 GEOMETRIC_REPRESENTATION_ITEM ( )  RATIONAL_B_SPLINE_SURFACE ( (
 ( 1.000000000000000000, 0.9357384343918601077, 0.9613230744155971674),
 ( 1.000000000000000000, 0.9389397505472154570, 0.9632498414580912272),
 ( 1.000000000000000000, 0.9413997674592191611, 0.9647304448349544037),
 ( 1.000000000000000000, 0.9446457169021910127, 0.9666840751872260995),
 ( 1.000000000000000000, 0.9454472766896429015, 0.9671665076950142215),
 ( 1.000000000000000000, 0.9454345958015656359, 0.9671588754850009018),
 ( 1.000000000000000000, 0.9446203996789171997, 0.9666688375821149704),
 ( 1.000000000000000000, 0.9413860318098592472, 0.9647221777987700086),
 ( 1.000000000000000000, 0.9389655935790327534, 0.9632653955300938264),
 ( 1.000000000000000000, 0.9357384343918639935, 0.9613230744155996099) ) ) 
 REPRESENTATION_ITEM ( '' )  SURFACE ( )  );
#803 = CARTESIAN_POINT ( 'NONE',  ( -19.20684338057419538, -20.53873724560518355, -15.37996351948747886 ) ) ;
#804 = ADVANCED_FACE ( 'NONE', ( #2143 ), #2179, .T. ) ;
#805 = ORIENTED_EDGE ( 'NONE', *, *, #5960, .F. ) ;
#806 = DIRECTION ( 'NONE',  ( 0.000000000000000000, 0.000000000000000000, 1.000000000000000000 ) ) ;
#807 = CARTESIAN_POINT ( 'NONE',  ( -0.4794909712690415549, 23.99640569517839594, 5.376429195844623088 ) ) ;
#808 = ORIENTED_EDGE ( 'NONE', *, *, #4270, .F. ) ;
#809 = CARTESIAN_POINT ( 'NONE',  ( -14.85421823642714045, -22.92494724067936929, 4.060003425799490806 ) ) ;
#810 = CARTESIAN_POINT ( 'NONE',  ( -24.91580751577239994, 12.23213079435161710, 7.039088294961306502 ) ) ;
#811 = CARTESIAN_POINT ( 'NONE',  ( -7.957179135149281488E-15, -14.78469619407969482, -36.16927311527831534 ) ) ;
#812 = CARTESIAN_POINT ( 'NONE',  ( -15.75133388807736523, -18.11774469935085108, 13.05953524144482891 ) ) ;
#813 = EDGE_CURVE ( 'NONE', #1849, #3305, #126, .T. ) ;
#814 = ORIENTED_EDGE ( 'NONE', *, *, #4236, .T. ) ;
#815 = ORIENTED_EDGE ( 'NONE', *, *, #5209, .T. ) ;
#816 = CARTESIAN_POINT ( 'NONE',  ( 2.252565124329245716, -23.92158366410854953, 5.914771213349498069 ) ) ;
#817 = CARTESIAN_POINT ( 'NONE',  ( 11.40018877935943031, 21.12769272194323023, 12.08337729395749705 ) ) ;
#818 = CARTESIAN_POINT ( 'NONE',  ( -6.028431552052826881, -24.00000000001428546, 4.691448259474634064 ) ) ;
#819 = CARTESIAN_POINT ( 'NONE',  ( 26.99999999999998934, 4.786703179124588203, 1.356786981976356721 ) ) ;
#820 = CARTESIAN_POINT ( 'NONE',  ( 9.565132451495092170, 23.65443603792429528, 8.692296410615652391 ) ) ;
#821 = CARTESIAN_POINT ( 'NONE',  ( -28.50000000000000355, 2.381276314763775659, -4.705234693982237815 ) ) ;
#822 = CARTESIAN_POINT ( 'NONE',  ( -12.49999999999996625, 0.000000000000000000, -214.9999999999999432 ) ) ;
#823 = EDGE_CURVE ( 'NONE', #2809, #2853, #626, .T. ) ;
#824 = FACE_OUTER_BOUND ( 'NONE', #3439, .T. ) ;
#825 = CARTESIAN_POINT ( 'NONE',  ( 19.69909258363202653, 17.81382329607593817, 6.101017805544285189 ) ) ;
#826 = CARTESIAN_POINT ( 'NONE',  ( 10.31403013184123729, -22.99033459833999160, 6.212644458022489324 ) ) ;
#827 = CARTESIAN_POINT ( 'NONE',  ( 4.464396295449373220, 23.61550546094162684, 6.782583535085474402 ) ) ;
#828 = CARTESIAN_POINT ( 'NONE',  ( -26.83567738385175261, 4.980685426501116453, 6.889369081056818445 ) ) ;
#829 = CARTESIAN_POINT ( 'NONE',  ( 5.136564588679894072, 25.28843812874010766, 5.924316045614272497 ) ) ;
#830 = AXIS2_PLACEMENT_3D ( 'NONE', #5730, #4843, #3359 ) ;
#831 = CARTESIAN_POINT ( 'NONE',  ( 5.744100854805472167, 23.99999999999999289, 3.590999442146512344 ) ) ;
#832 = CARTESIAN_POINT ( 'NONE',  ( -16.06534543085434308, -22.39318138027877225, 1.223544423715088314 ) ) ;
#833 = CARTESIAN_POINT ( 'NONE',  ( 8.499999999999861444, 25.49999999999999645, 2.627371485753595692 ) ) ;
#834 = CYLINDRICAL_SURFACE ( 'NONE', #548, 20.00000000000000000 ) ;
#835 = CARTESIAN_POINT ( 'NONE',  ( -9.928354638877536331, 24.58707112894866853, 6.591936117989237509 ) ) ;
#836 = VERTEX_POINT ( 'NONE', #2735 ) ;
#837 =( BOUNDED_SURFACE ( )  B_SPLINE_SURFACE ( 3, 2, ( 
 ( #3571, #4035, #1601 ),
 ( #4535, #5902, #4071 ),
 ( #2994, #2135, #1092 ),
 ( #2600, #5330, #5938 ),
 ( #4865, #3502, #2037 ),
 ( #726, #3536, #4899 ),
 ( #629, #3026, #5461 ),
 ( #2072, #136, #2530 ) ),
 .UNSPECIFIED., .F., .F., .F. ) 
 B_SPLINE_SURFACE_WITH_KNOTS ( ( 4, 2, 2, 4 ),
 ( 3, 3 ),
 ( -6.245004513516505540E-17, 0.0008714318383532031415, 0.001307147757529835991, 0.001742863676706468733 ),
 ( 0.000000000000000000, 1.000000000000000000 ),
 .UNSPECIFIED. ) 
 GEOMETRIC_REPRESENTATION_ITEM ( )  RATIONAL_B_SPLINE_SURFACE ( (
 ( 1.000000000000000000, 0.9698494303495837077, 1.000000000000000000),
 ( 1.000000000000000000, 0.9727757231570565155, 1.000000000000000000),
 ( 1.000000000000000000, 0.9756221637373588829, 1.000000000000000000),
 ( 1.000000000000000000, 0.9798391732877578253, 1.000000000000000000),
 ( 1.000000000000000000, 0.9812353425173661048, 1.000000000000000000),
 ( 1.000000000000000000, 0.9840572132369140856, 1.000000000000000000),
 ( 1.000000000000000000, 0.9854775435679445916, 1.000000000000000000),
 ( 1.000000000000000000, 0.9870077998580897294, 1.000000000000000000) ) ) 
 REPRESENTATION_ITEM ( '' )  SURFACE ( )  );
#838 = CARTESIAN_POINT ( 'NONE',  ( -20.56979742152588742, 16.94664452695549883, 6.033174323324973720 ) ) ;
#839 = ORIENTED_EDGE ( 'NONE', *, *, #163, .F. ) ;
#840 = CARTESIAN_POINT ( 'NONE',  ( -10.75145890577602081, -23.87139990230329900, 2.087303226204005657 ) ) ;
#841 = CARTESIAN_POINT ( 'NONE',  ( 26.14591517472742055, -8.793193630027408503, 7.039832103785474970 ) ) ;
#842 = EDGE_CURVE ( 'NONE', #1638, #1007, #4338, .T. ) ;
#843 = CARTESIAN_POINT ( 'NONE',  ( -1.661930157297512008E-14, -17.29651950174444153, -29.93956559794465377 ) ) ;
#844 = CARTESIAN_POINT ( 'NONE',  ( 11.23588290322775762, 22.75044362154976696, 6.211463318576632808 ) ) ;
#845 = CC_DESIGN_DATE_AND_TIME_ASSIGNMENT ( #2769, #2822, ( #1520 ) ) ;
#846 = ORIENTED_EDGE ( 'NONE', *, *, #3860, .T. ) ;
#847 = ORIENTED_EDGE ( 'NONE', *, *, #2309, .F. ) ;
#848 = CARTESIAN_POINT ( 'NONE',  ( -1.599356924811537709E-16, -25.50000000000000000, 4.999999999999999112 ) ) ;
#849 = CARTESIAN_POINT ( 'NONE',  ( -8.603341425239175777, 23.36795370828965801, 6.111636427099878865 ) ) ;
#850 = DIRECTION ( 'NONE',  ( 0.000000000000000000, 0.000000000000000000, 1.000000000000000000 ) ) ;
#851 = AXIS2_PLACEMENT_3D ( 'NONE', #1404, #5193, #3298 ) ;
#852 = CARTESIAN_POINT ( 'NONE',  ( -12.31918963672029754, 20.84360069650509928, -16.23073927637243585 ) ) ;
#853 = DIRECTION ( 'NONE',  ( 0.000000000000000000, 0.000000000000000000, 1.000000000000000000 ) ) ;
#854 = CARTESIAN_POINT ( 'NONE',  ( 24.33259774224948657, -17.73668642527257688, 4.261322953134011549 ) ) ;
#855 = DIRECTION ( 'NONE',  ( 1.665334536937734318E-16, 0.000000000000000000, -1.000000000000000000 ) ) ;
#856 = CARTESIAN_POINT ( 'NONE',  ( 23.44425035233243193, 12.63922008091719640, 6.083770180175044118 ) ) ;
#857 = CARTESIAN_POINT ( 'NONE',  ( 11.23568385546427351, -22.75049915982486226, 6.211463525501660143 ) ) ;
#858 = CARTESIAN_POINT ( 'NONE',  ( -16.82927728251094379, 21.58840005358966962, 7.028792618192977848 ) ) ;
#859 = CARTESIAN_POINT ( 'NONE',  ( -25.24890548617758412, 3.657801030798361275, 9.390785739917832942 ) ) ;
#860 = AXIS2_PLACEMENT_3D ( 'NONE', #3616, #4080, #5573 ) ;
#861 = CARTESIAN_POINT ( 'NONE',  ( -3.827039874990009860, -23.71246471078183049, 7.983642574377681989 ) ) ;
#862 = ADVANCED_FACE ( 'NONE', ( #6009 ), #2791, .T. ) ;
#863 = CARTESIAN_POINT ( 'NONE',  ( -27.00000000000000000, -7.434805938461143349, -7.528596261905513565 ) ) ;
#864 = CARTESIAN_POINT ( 'NONE',  ( -25.08488048544116822, -13.71953470275719944, 0.6623710771317102841 ) ) ;
#865 = CARTESIAN_POINT ( 'NONE',  ( 8.352782084620871572, 25.50000000000149214, 4.944422675075903051 ) ) ;
#866 = CARTESIAN_POINT ( 'NONE',  ( -15.23831024497429887, 20.45828772736829393, 9.549920032403599990 ) ) ;
#867 = AXIS2_PLACEMENT_3D ( 'NONE', #1489, #4358, #5822 ) ;
#868 = ORIENTED_EDGE ( 'NONE', *, *, #5532, .F. ) ;
#869 = CARTESIAN_POINT ( 'NONE',  ( 1.057805537240487935E-14, 20.11609768701260492, -20.31250476511079128 ) ) ;
#870 = LINE ( 'NONE', #2706, #559 ) ;
#871 = ORIENTED_EDGE ( 'NONE', *, *, #2955, .T. ) ;
#872 = CARTESIAN_POINT ( 'NONE',  ( -14.91480488965469142, -21.28981378788960299, 6.182370902132872992 ) ) ;
#873 = CARTESIAN_POINT ( 'NONE',  ( 15.48161253052091624, -22.40484610365309237, 7.013092518173015932 ) ) ;
#874 = B_SPLINE_CURVE_WITH_KNOTS ( 'NONE', 3,
 ( #182, #1544, #4841, #3909, #4351, #3477, #5815, #3446, #1068, #1102, #2971, #4875, #607, #2509, #3004, #2112, #4411, #85, #1612, #5403, #216, #1035, #144, #3882, #5304, #2046 ),
 .UNSPECIFIED., .F., .F.,
 ( 4, 2, 2, 2, 2, 2, 2, 2, 2, 2, 2, 2, 4 ),
 ( 0.000000000000000000, 0.003862368105751541342, 0.005793552158627313098, 0.007724736211503086154, 0.01158710431725462967, 0.01544947242300617578, 0.01738065647588194623, 0.01931184052875771495, 0.02317420863450926280, 0.02510539268738504540, 0.02703657674026082106, 0.02896776079313660018, 0.03089894484601237931 ),
 .UNSPECIFIED. ) ;
#875 = CARTESIAN_POINT ( 'NONE',  ( 26.99999999999998934, 2.716123070016375851E-19, -4.815573033901615396 ) ) ;
#876 = CARTESIAN_POINT ( 'NONE',  ( -14.05056890921081880, -21.71379032592254177, 6.194205168629149050 ) ) ;
#877 = CARTESIAN_POINT ( 'NONE',  ( 23.08554798994018853, 16.89714388018701641, 0.6535979124059914103 ) ) ;
#878 = ADVANCED_FACE ( 'NONE', ( #3726 ), #4803, .F. ) ;
#879 = VERTEX_POINT ( 'NONE', #4166 ) ;
#880 = VERTEX_POINT ( 'NONE', #1264 ) ;
#881 = CARTESIAN_POINT ( 'NONE',  ( 8.240012328775289774, -23.99999999999999645, 2.758916691141366506 ) ) ;
#882 = CARTESIAN_POINT ( 'NONE',  ( -9.124925367564422629, 24.00000000000603961, 4.583673036299440895 ) ) ;
#883 = CARTESIAN_POINT ( 'NONE',  ( 26.99999999999998934, -7.434805938461176211, -7.528596261905512677 ) ) ;
#884 = CARTESIAN_POINT ( 'NONE',  ( 13.29888669915440147, 23.49585090011514055, 6.843629314368271821 ) ) ;
#885 = CARTESIAN_POINT ( 'NONE',  ( 8.499999999999850786, -34.46737587922820722, 9.425626491315799882 ) ) ;
#886 = CARTESIAN_POINT ( 'NONE',  ( 2.698048183251282151, 20.09559599905024285, -17.16172365968006730 ) ) ;
#887 = FACE_OUTER_BOUND ( 'NONE', #6052, .T. ) ;
#888 = CARTESIAN_POINT ( 'NONE',  ( 26.71605067972652492, 13.78321094930374358, 0.6771588044365087766 ) ) ;
#889 = CARTESIAN_POINT ( 'NONE',  ( -12.74797121446967196, -22.09840790363834984, 9.282787575556405102 ) ) ;
#890 = CARTESIAN_POINT ( 'NONE',  ( 6.028426543640772017, -23.99999999995915090, 4.691448500863581117 ) ) ;
#891 = CARTESIAN_POINT ( 'NONE',  ( 16.62060897417516614, -20.27010230396770396, 6.154517499678144432 ) ) ;
#892 = CARTESIAN_POINT ( 'NONE',  ( 6.888155080739496228, -15.50000000000000178, 3.290432263556855474 ) ) ;
#893 = CARTESIAN_POINT ( 'NONE',  ( 9.511476224285011938, -22.50407971890287939, -17.11546945493455496 ) ) ;
#894 = CARTESIAN_POINT ( 'NONE',  ( 6.105633802816796241, 24.75825591324842634, 9.425626491315787447 ) ) ;
#895 = PERSON_AND_ORGANIZATION ( #4329, #930 ) ;
#896 = CARTESIAN_POINT ( 'NONE',  ( 25.20172878778482684, -7.524404832776895979, 6.144838936909219562 ) ) ;
#897 = CARTESIAN_POINT ( 'NONE',  ( 7.981122724516617417, 25.49999999999999645, 2.882493012032603108 ) ) ;
#898 = CARTESIAN_POINT ( 'NONE',  ( -19.63198802538262200, 19.56638728121390258, 6.983343036633174350 ) ) ;
#899 = EDGE_CURVE ( 'NONE', #3504, #1468, #271, .T. ) ;
#900 = ORIENTED_EDGE ( 'NONE', *, *, #3993, .F. ) ;
#901 = CARTESIAN_POINT ( 'NONE',  ( -2.547915541292956877E-14, 7.454803356306509698, -47.35020316763236536 ) ) ;
#902 = EDGE_LOOP ( 'NONE', ( #5618, #1817, #908, #6164, #3691, #2641 ) ) ;
#903 = CARTESIAN_POINT ( 'NONE',  ( 25.64631746767240372, -4.103292565516924562, 6.048556177517035337 ) ) ;
#904 = CARTESIAN_POINT ( 'NONE',  ( 22.55784322320376134, -16.29321052645978796, 7.037324972985195437 ) ) ;
#905 = CARTESIAN_POINT ( 'NONE',  ( 8.499999999999989342, 5.499999999999998224, -9.999999999999984013 ) ) ;
#906 = CARTESIAN_POINT ( 'NONE',  ( 7.730947474103674111, -25.00183510091353867, 6.293199958023317109 ) ) ;
#907 = CARTESIAN_POINT ( 'NONE',  ( 17.95196699657576289, 21.42142995372679337, 3.888195114163278454 ) ) ;
#908 = ORIENTED_EDGE ( 'NONE', *, *, #3315, .T. ) ;
#909 = EDGE_LOOP ( 'NONE', ( #871, #4323, #3513, #3116, #5078, #3268, #5345 ) ) ;
#910 = CARTESIAN_POINT ( 'NONE',  ( -13.20685582141931036, 21.82233173940825210, 12.37308114364877376 ) ) ;
#911 = DIRECTION ( 'NONE',  ( 0.000000000000000000, 0.000000000000000000, 1.000000000000000000 ) ) ;
#912 = CARTESIAN_POINT ( 'NONE',  ( -26.14975409030689946, 11.04402205548417371, -9.999999999999994671 ) ) ;
#913 = CARTESIAN_POINT ( 'NONE',  ( -7.754983860629013570, 20.95868859687579899, -16.51566266555941809 ) ) ;
#914 = CARTESIAN_POINT ( 'NONE',  ( -15.25099702895711218, -20.47458069839207795, 9.555805132254779011 ) ) ;
#915 = CARTESIAN_POINT ( 'NONE',  ( 25.41759196761615414, 6.006459365676766637, 6.166815205478034301 ) ) ;
#916 = FACE_OUTER_BOUND ( 'NONE', #1236, .T. ) ;
#917 = CARTESIAN_POINT ( 'NONE',  ( 27.21569531582427359, -12.55914419136304616, 0.7193091225381245124 ) ) ;
#918 = EDGE_CURVE ( 'NONE', #183, #3178, #2048, .T. ) ;
#919 = CARTESIAN_POINT ( 'NONE',  ( 21.72790456979102558, -19.09222381040886063, -14.44340256373392428 ) ) ;
#920 = CARTESIAN_POINT ( 'NONE',  ( -25.40782102327045777, -16.20107698877258073, 4.257026834146256711 ) ) ;
#921 = CARTESIAN_POINT ( 'NONE',  ( -34.99999999999997868, 0.000000000000000000, -121.7595244375777526 ) ) ;
#922 = EDGE_CURVE ( 'NONE', #5517, #5051, #5694, .T. ) ;
#923 = CARTESIAN_POINT ( 'NONE',  ( 9.774615490780137250, 24.53498208024654303, 6.786414519517921740 ) ) ;
#924 = CARTESIAN_POINT ( 'NONE',  ( -10.76888503058825997, 24.36650760269564486, 6.673820136166992434 ) ) ;
#925 = B_SPLINE_CURVE_WITH_KNOTS ( 'NONE', 3,
 ( #4592, #4192, #819, #4621 ),
 .UNSPECIFIED., .F., .F.,
 ( 4, 4 ),
 ( 0.000000000000000000, 0.001087969615945993040 ),
 .UNSPECIFIED. ) ;
#926 = ORIENTED_EDGE ( 'NONE', *, *, #2565, .T. ) ;
#927 = CARTESIAN_POINT ( 'NONE',  ( 18.49999999999998934, -4.425092742786755906, 1.391660071360974138 ) ) ;
#928 = CARTESIAN_POINT ( 'NONE',  ( -4.795251163656982563, 23.53647019580074229, 8.722549434518908740 ) ) ;
#929 = CARTESIAN_POINT ( 'NONE',  ( 28.49999999999998934, 6.180726689849286970, 4.440718558393384363 ) ) ;
#930 = ORGANIZATION ( 'UNSPECIFIED', 'UNSPECIFIED', '' ) ;
#931 = CARTESIAN_POINT ( 'NONE',  ( 23.54532680224314944, 12.42433940734354891, 6.085441714405599889 ) ) ;
#932 = ORIENTED_EDGE ( 'NONE', *, *, #2870, .F. ) ;
#933 = B_SPLINE_CURVE_WITH_KNOTS ( 'NONE', 3,
 ( #2908, #1394, #62, #3417, #3454, #1964, #3916, #4914, #2945, #1108 ),
 .UNSPECIFIED., .F., .F.,
 ( 4, 2, 2, 2, 4 ),
 ( 0.04580389174701674643, 0.04722493639923383557, 0.04864598105145091778, 0.05006702570366800692, 0.05148807035588509606 ),
 .UNSPECIFIED. ) ;
#934 = EDGE_LOOP ( 'NONE', ( #612, #1607 ) ) ;
#935 = CARTESIAN_POINT ( 'NONE',  ( 12.29564098560537388, 20.84603038927675556, -16.23319214942029021 ) ) ;
#936 = ADVANCED_FACE ( 'NONE', ( #824 ), #333, .F. ) ;
#937 = CYLINDRICAL_SURFACE ( 'NONE', #4048, 23.99999999999999645 ) ;
#938 = CARTESIAN_POINT ( 'NONE',  ( -27.00000000000000355, 5.081178995760828876, -6.146931496469686174 ) ) ;
#939 = CARTESIAN_POINT ( 'NONE',  ( 17.07353986725132344, -23.58122660105746959, 1.178674724655469186 ) ) ;
#940 = CARTESIAN_POINT ( 'NONE',  ( 18.85071456769395937, -18.68639082872720536, 6.050400711845709267 ) ) ;
#941 = CARTESIAN_POINT ( 'NONE',  ( -7.573189171425178223, -23.56113474867197866, 5.897889810354421947 ) ) ;
#942 = CARTESIAN_POINT ( 'NONE',  ( -26.14591517472750937, 8.793193630027124286, 7.039832103785472306 ) ) ;
#943 = CARTESIAN_POINT ( 'NONE',  ( 9.227995311561040026, -23.77366655432049569, 11.08892548909070186 ) ) ;
#944 = VECTOR ( 'NONE', #1389, 1000.000000000000000 ) ;
#945 = CARTESIAN_POINT ( 'NONE',  ( -25.73310038618834383, -15.66920608139308335, 4.258019819845640264 ) ) ;
#946 = CARTESIAN_POINT ( 'NONE',  ( -5.744096074605492319, 25.49999999999999645, 3.591000677622874004 ) ) ;
#947 = CARTESIAN_POINT ( 'NONE',  ( 10.13961375592009340, -24.44435605127734590, 6.819373536273294789 ) ) ;
#948 = CARTESIAN_POINT ( 'NONE',  ( -17.11486263591476131, 18.94355811312352245, 9.678705149015252474 ) ) ;
#949 = AXIS2_PLACEMENT_3D ( 'NONE', #1886, #3784, #5687 ) ;
#950 = CARTESIAN_POINT ( 'NONE',  ( -28.49999999999227995, 1.580210775464452988, 4.453238822445413803 ) ) ;
#951 = CARTESIAN_POINT ( 'NONE',  ( -7.171620660629234756, -25.50000000000000355, 3.215959877228312003 ) ) ;
#952 = DIRECTION ( 'NONE',  ( 1.665334536937734811E-16, 0.000000000000000000, -1.000000000000000000 ) ) ;
#953 = CARTESIAN_POINT ( 'NONE',  ( -7.171313384018519699, -24.00000000000000000, 3.206821437292763477 ) ) ;
#954 = CARTESIAN_POINT ( 'NONE',  ( -13.09924822202945904, 23.50048108517080792, 6.953319537879365519 ) ) ;
#955 = AXIS2_PLACEMENT_3D ( 'NONE', #529, #69, #5206 ) ;
#956 = CARTESIAN_POINT ( 'NONE',  ( 24.14034385760656320, 15.39772156763292443, 3.714534274187343055 ) ) ;
#957 = ORIENTED_EDGE ( 'NONE', *, *, #3524, .T. ) ;
#958 = VECTOR ( 'NONE', #1377, 1000.000000000000000 ) ;
#959 = ORIENTED_EDGE ( 'NONE', *, *, #258, .T. ) ;
#960 = CARTESIAN_POINT ( 'NONE',  ( -10.49005998952689467, 23.27298018177441818, 11.59836082176278182 ) ) ;
#961 = CARTESIAN_POINT ( 'NONE',  ( 7.625661056328540077, 23.58705150463028133, 5.805671669068688701 ) ) ;
#962 = CARTESIAN_POINT ( 'NONE',  ( -18.50000000000000355, -4.425092742786358002, 1.391660071360998119 ) ) ;
#963 = CARTESIAN_POINT ( 'NONE',  ( 9.094644276792431370, -25.50000000000000355, 2.476936272881352874 ) ) ;
#964 = ADVANCED_FACE ( 'NONE', ( #793 ), #5595, .F. ) ;
#965 = CARTESIAN_POINT ( 'NONE',  ( 15.17486839346664063, -21.20090460547617539, 6.082061586915137319 ) ) ;
#966 = CARTESIAN_POINT ( 'NONE',  ( -28.50000000000000000, 5.499999999999816147, -5.916438420940898446 ) ) ;
#967 = CARTESIAN_POINT ( 'NONE',  ( 23.06972597475516196, -19.21720123181971118, 0.6958473148901068717 ) ) ;
#968 = CARTESIAN_POINT ( 'NONE',  ( 20.37400168188144889, -15.34687114334269609, 9.775382414633043027 ) ) ;
#969 = CARTESIAN_POINT ( 'NONE',  ( -21.65214759678800149, 15.57505905687526315, 6.078906256640105532 ) ) ;
#970 = EDGE_CURVE ( 'NONE', #2682, #512, #4144, .T. ) ;
#971 = CARTESIAN_POINT ( 'NONE',  ( -26.73804774507399884, -13.71651263645391872, 4.271659284098285880 ) ) ;
#972 = CARTESIAN_POINT ( 'NONE',  ( -4.596825217285235965, 25.49999999999999645, 3.879104757230529721 ) ) ;
#973 = PERSON_AND_ORGANIZATION_ROLE ( 'design_supplier' ) ;
#974 = CARTESIAN_POINT ( 'NONE',  ( 27.36834807318215468, 12.13215206318753658, -9.999999999999984013 ) ) ;
#975 = CARTESIAN_POINT ( 'NONE',  ( -25.19210066913408497, 3.950704225351977517, 12.53772396082002238 ) ) ;
#976 = CARTESIAN_POINT ( 'NONE',  ( -12.21179423294133493, -22.43776129111071427, 6.208292335120169092 ) ) ;
#977 = ORIENTED_EDGE ( 'NONE', *, *, #350, .F. ) ;
#978 = B_SPLINE_CURVE_WITH_KNOTS ( 'NONE', 3,
 ( #3428, #4962, #4993, #3194, #1796, #332 ),
 .UNSPECIFIED., .F., .F.,
 ( 4, 2, 4 ),
 ( 0.000000000000000000, 0.001527454385741078757, 0.003054908771482157514 ),
 .UNSPECIFIED. ) ;
#979 = CARTESIAN_POINT ( 'NONE',  ( -28.50000000000000000, -4.786703179124141450, 1.356786981976420225 ) ) ;
#980 = CARTESIAN_POINT ( 'NONE',  ( -21.50797344461849292, 20.75092239753934820, 0.7783639458521023347 ) ) ;
#981 = DIRECTION ( 'NONE',  ( 1.000000000000000000, -0.000000000000000000, 0.000000000000000000 ) ) ;
#982 = CARTESIAN_POINT ( 'NONE',  ( -17.57966586239683338, 23.32323717460150547, 1.124590318567649794 ) ) ;
#983 =( LENGTH_UNIT ( ) NAMED_UNIT ( * ) SI_UNIT ( .MILLI., .METRE. ) );
#984 = VERTEX_POINT ( 'NONE', #5153 ) ;
#985 = CARTESIAN_POINT ( 'NONE',  ( -23.08382107557731544, 16.89945491300175107, 0.6536333843780779418 ) ) ;
#986 = ORIENTED_EDGE ( 'NONE', *, *, #95, .F. ) ;
#987 = CARTESIAN_POINT ( 'NONE',  ( 23.90065765502508199, 15.01633776253275343, -12.58947556141044188 ) ) ;
#988 = CARTESIAN_POINT ( 'NONE',  ( 11.24735568006229336, 22.84088492014483407, 6.042152898487428203 ) ) ;
#989 = CARTESIAN_POINT ( 'NONE',  ( -27.00000000000000000, -2.716042290659681219E-19, -4.815573033901616284 ) ) ;
#990 = CARTESIAN_POINT ( 'NONE',  ( 26.99999999999998934, -5.500000000000001776, -6.392794684931438098 ) ) ;
#991 = B_SPLINE_CURVE_WITH_KNOTS ( 'NONE', 3,
 ( #93, #476, #3364, #2376, #2888, #1436 ),
 .UNSPECIFIED., .F., .F.,
 ( 4, 2, 4 ),
 ( 0.000000000000000000, 0.001527454385741083744, 0.003054908771482167489 ),
 .UNSPECIFIED. ) ;
#992 = CARTESIAN_POINT ( 'NONE',  ( 10.45663373821789577, -23.05655953354521159, 6.012658362749991880 ) ) ;
#993 = CARTESIAN_POINT ( 'NONE',  ( -20.66598856942817619, 19.49077114874882710, 0.7691497339926303134 ) ) ;
#994 = CARTESIAN_POINT ( 'NONE',  ( 26.46814220309912713, -14.38075628474395629, 0.6571742990235961424 ) ) ;
#995 = ADVANCED_FACE ( 'NONE', ( #887 ), #2439, .T. ) ;
#996 = CARTESIAN_POINT ( 'NONE',  ( 22.65799501331710530, -16.19914624626929367, 6.989278581185225825 ) ) ;
#997 = FACE_OUTER_BOUND ( 'NONE', #5643, .T. ) ;
#998 = CARTESIAN_POINT ( 'NONE',  ( 28.39912115121566671, 7.801608969275869221, -7.197381862219727644 ) ) ;
#999 = CARTESIAN_POINT ( 'NONE',  ( 14.87967503995894347, 24.50006830855779683, 1.443814373329894263 ) ) ;
#1000 = DIRECTION ( 'NONE',  ( 0.000000000000000000, 0.000000000000000000, -1.000000000000000000 ) ) ;
#1001 = CARTESIAN_POINT ( 'NONE',  ( -1.331380975015409307, -19.62898549235307399, -17.46003173705041789 ) ) ;
#1002 = CARTESIAN_POINT ( 'NONE',  ( -23.87950448609323928, 2.481931086785401419, 12.31254158782110331 ) ) ;
#1003 = CC_DESIGN_PERSON_AND_ORGANIZATION_ASSIGNMENT ( #4313, #40, ( #228 ) ) ;
#1004 = CARTESIAN_POINT ( 'NONE',  ( -11.23588290322845751, -22.75044362154882549, 6.211463318577933101 ) ) ;
#1005 = CARTESIAN_POINT ( 'NONE',  ( -10.87070330984936817, 21.42870988404308008, 11.93331159655360096 ) ) ;
#1006 = CARTESIAN_POINT ( 'NONE',  ( 194.2911684466444626, -2.571758278209441661E-15, -121.7595244375777810 ) ) ;
#1007 = VERTEX_POINT ( 'NONE', #2841 ) ;
#1008 = CARTESIAN_POINT ( 'NONE',  ( -17.95026244100860779, 21.42244089706399635, 3.888277275138162459 ) ) ;
#1009 = ORIENTED_EDGE ( 'NONE', *, *, #2983, .T. ) ;
#1010 = CARTESIAN_POINT ( 'NONE',  ( 17.74342040258475350, 19.43992527693738381, -15.23630693808768477 ) ) ;
#1011 = AXIS2_PLACEMENT_3D ( 'NONE', #4920, #2061, #5380 ) ;
#1012 = CARTESIAN_POINT ( 'NONE',  ( 23.71021239447919626, 3.718309859154385943, 12.53772396081993712 ) ) ;
#1013 = CARTESIAN_POINT ( 'NONE',  ( -7.223599949051031970E-15, 19.01791071194431382, -17.73784881105772016 ) ) ;
#1014 = CARTESIAN_POINT ( 'NONE',  ( 24.58414633779952396, 12.93717205237263634, 7.038362620636766209 ) ) ;
#1015 = PRODUCT_RELATED_PRODUCT_CATEGORY ( 'detail', '', ( #5225 ) ) ;
#1016 = CARTESIAN_POINT ( 'NONE',  ( 28.49999999999998934, -5.148902248569990014, 1.297865974846069248 ) ) ;
#1017 = CARTESIAN_POINT ( 'NONE',  ( 8.118281384725561267, -23.52825054825159157, 5.863422710140689276 ) ) ;
#1018 =( BOUNDED_SURFACE ( )  B_SPLINE_SURFACE ( 3, 2, ( 
 ( #3904, #2932, #4836 ),
 ( #543, #572, #2473 ),
 ( #107, #1478, #210 ),
 ( #5810, #5335, #2999 ),
 ( #3440, #2441, #4442 ),
 ( #3938, #602, #3970 ),
 ( #2504, #1605, #5840 ),
 ( #5270, #1575, #5366 ),
 ( #4903, #3031, #5752 ),
 ( #4940, #2899, #4804 ),
 ( #5431, #5155, #245 ),
 ( #1640, #5001, #4507 ),
 ( #425, #4711, #732 ),
 ( #2636, #5658, #5944 ),
 ( #1361, #4685, #3065 ),
 ( #4076, #3727, #5182 ),
 ( #6092, #3253, #3101 ),
 ( #2667, #914, #5975 ),
 ( #5630, #3755, #450 ),
 ( #4224, #889, #2322 ),
 ( #4573, #4970, #3131 ),
 ( #1676, #2604, #1168 ),
 ( #4042, #5499, #4540 ),
 ( #1825, #1392, #281 ),
 ( #1239, #6121, #5035 ),
 ( #3575, #2175, #2790 ),
 ( #4105, #5466, #1857 ),
 ( #1203, #3284, #1711 ) ),
 .UNSPECIFIED., .F., .F., .F. ) 
 B_SPLINE_SURFACE_WITH_KNOTS ( ( 4, 2, 2, 2, 2, 2, 2, 2, 2, 2, 2, 2, 2, 4 ),
 ( 3, 3 ),
 ( 0.01880844740392119754, 0.02412560218587397887, 0.02678417957685036779, 0.02944275696782675672, 0.03475991174977953457, 0.04007706653173231937, 0.04140635522722051209, 0.04273564392270871176, 0.04539422131368510416, 0.05071137609563788201, 0.05336995348661427441, 0.05602853087759065986, 0.05868710826856705226, 0.06134568565954344466 ),
 ( 0.000000000000000000, 0.6942797018274731169 ),
 .UNSPECIFIED. ) 
 GEOMETRIC_REPRESENTATION_ITEM ( )  RATIONAL_B_SPLINE_SURFACE ( (
 ( 1.000000000000000000, 0.9361784529600055693, 0.9609769152182018326),
 ( 1.000000000000000000, 0.9313472346963357351, 0.9580229122419905430),
 ( 1.000000000000000000, 0.9272119845257542625, 0.9554944524116542048),
 ( 1.000000000000000000, 0.9222181009628077630, 0.9524409892678484812),
 ( 1.000000000000000000, 0.9207550287976554726, 0.9515464075506918640),
 ( 1.000000000000000000, 0.9182623157996430141, 0.9500222616286702060),
 ( 1.000000000000000000, 0.9172310331769026881, 0.9493916935668214041),
 ( 1.000000000000000000, 0.9148466362635986338, 0.9479337764962274537),
 ( 1.000000000000000000, 0.9142232419642642993, 0.9475526079140843549),
 ( 1.000000000000000000, 0.9148876278710013077, 0.9479588404291028336),
 ( 1.000000000000000000, 0.9161752453824552056, 0.9487461420481706487),
 ( 1.000000000000000000, 0.9189549948684180292, 0.9504457937315575755),
 ( 1.000000000000000000, 0.9195704678517554465, 0.9508221188995238382),
 ( 1.000000000000000000, 0.9209052939067809973, 0.9516382857386254113),
 ( 1.000000000000000000, 0.9216256020823341277, 0.9520787113990378803),
 ( 1.000000000000000000, 0.9239378557996622554, 0.9534925171908619213),
 ( 1.000000000000000000, 0.9256810158325678994, 0.9545583560009067714),
 ( 1.000000000000000000, 0.9314606385433773506, 0.9580922519578534136),
 ( 1.000000000000000000, 0.9360452870262780944, 0.9608954921602708144),
 ( 1.000000000000000000, 0.9438344474382974747, 0.9656581010476230631),
 ( 1.000000000000000000, 0.9465961285513825318, 0.9673467049943227369),
 ( 1.000000000000000000, 0.9523175629936234676, 0.9708450222816358277),
 ( 1.000000000000000000, 0.9552782191118807109, 0.9726552876241554291),
 ( 1.000000000000000000, 0.9613522725267621416, 0.9763692104663823645),
 ( 1.000000000000000000, 0.9644661197365226313, 0.9782731430612456869),
 ( 1.000000000000000000, 0.9707934688895905051, 0.9821419412006808791),
 ( 1.000000000000000000, 0.9740157668897189147, 0.9841121850114809000),
 ( 1.000000000000000000, 0.9771740742925507650, 0.9860433023733092828) ) ) 
 REPRESENTATION_ITEM ( '' )  SURFACE ( )  );
#1019 = CARTESIAN_POINT ( 'NONE',  ( -28.37088972296753298, 8.123830155454230706, 0.9740854511843918262 ) ) ;
#1020 = CARTESIAN_POINT ( 'NONE',  ( 25.18956629252816981, 15.98035585158846139, -12.52270892866118146 ) ) ;
#1021 = CARTESIAN_POINT ( 'NONE',  ( -24.07612652004528542, -11.29772304369723734, 6.094170632778661556 ) ) ;
#1022 = CARTESIAN_POINT ( 'NONE',  ( 27.98879425637532847, -10.04022459981444726, 0.8449418519763293167 ) ) ;
#1023 = CARTESIAN_POINT ( 'NONE',  ( 17.11486263591946155, -18.94355811311730164, 9.678705149013202558 ) ) ;
#1024 = CARTESIAN_POINT ( 'NONE',  ( 22.71564634834131269, -7.769034872017215321, 13.15377299293531088 ) ) ;
#1025 = CARTESIAN_POINT ( 'NONE',  ( 25.48725200411886860, -5.437125210400757247, 6.157819697242310042 ) ) ;
#1026 = CARTESIAN_POINT ( 'NONE',  ( -18.50000000000000000, 5.499999999999339195, 1.223575944766634116 ) ) ;
#1027 = CIRCLE ( 'NONE', #851, 22.50000000000001421 ) ;
#1028 = CARTESIAN_POINT ( 'NONE',  ( 25.81091721674441430, 15.53806343118263733, 0.6442923153936607195 ) ) ;
#1029 = EDGE_CURVE ( 'NONE', #4014, #1638, #4546, .T. ) ;
#1030 = EDGE_LOOP ( 'NONE', ( #243, #1958, #4355 ) ) ;
#1031 = CARTESIAN_POINT ( 'NONE',  ( -1.929169294081084951, -23.94174559966475968, 6.514524541698160753 ) ) ;
#1032 = CARTESIAN_POINT ( 'NONE',  ( -23.96978072864542497, 1.402959726728125522, 8.860270437930847010 ) ) ;
#1033 = CARTESIAN_POINT ( 'NONE',  ( 26.78567791675017062, -4.962546371393376177, 6.964692016090511473 ) ) ;
#1034 = CARTESIAN_POINT ( 'NONE',  ( -11.56181622527438435, 25.27443509523972409, 1.970499415375305041 ) ) ;
#1035 = CARTESIAN_POINT ( 'NONE',  ( -8.823284760247505076, -23.93232461134956424, 10.92344116262650822 ) ) ;
#1036 = AXIS2_PLACEMENT_3D ( 'NONE', #1503, #536, #4720 ) ;
#1037 = VERTEX_POINT ( 'NONE', #3301 ) ;
#1038 = CARTESIAN_POINT ( 'NONE',  ( 7.171313384019468273, 23.99999999999999289, 3.206821437294696153 ) ) ;
#1039 = CARTESIAN_POINT ( 'NONE',  ( -23.14018804422089559, 16.82545405237950575, 3.720168999055526893 ) ) ;
#1040 = ORIENTED_EDGE ( 'NONE', *, *, #305, .F. ) ;
#1041 = CIRCLE ( 'NONE', #5833, 20.00000000000000000 ) ;
#1042 = CARTESIAN_POINT ( 'NONE',  ( -8.499999999999857891, -25.50000000000000355, 2.627371485753581926 ) ) ;
#1043 = CYLINDRICAL_SURFACE ( 'NONE', #554, 19.99999999999999645 ) ;
#1044 = CARTESIAN_POINT ( 'NONE',  ( -25.50000000000000000, 3.122849337825750222E-15, 0.000000000000000000 ) ) ;
#1045 = CARTESIAN_POINT ( 'NONE',  ( 26.99999999999998934, 2.716123070016375851E-19, -4.815573033901615396 ) ) ;
#1046 = CARTESIAN_POINT ( 'NONE',  ( 4.462375709177738458E-15, 18.35829125059709455, -20.72203367412395991 ) ) ;
#1047 = CARTESIAN_POINT ( 'NONE',  ( 26.54835951801970850, 6.728600003184092238, 7.029990595898258476 ) ) ;
#1048 = FACE_OUTER_BOUND ( 'NONE', #1790, .T. ) ;
#1049 = EDGE_CURVE ( 'NONE', #4082, #5517, #5554, .T. ) ;
#1050 = CIRCLE ( 'NONE', #1870, 10.00000000000000178 ) ;
#1051 = ORIENTED_EDGE ( 'NONE', *, *, #5987, .F. ) ;
#1052 = B_SPLINE_CURVE_WITH_KNOTS ( 'NONE', 3,
 ( #4437, #2962, #1570, #4934, #4966, #3468, #5426, #275, #4470, #2632, #5867, #2170, #3934, #598, #240, #5363, #661, #3966, #1123, #3060, #4997, #1672, #5970, #173 ),
 .UNSPECIFIED., .F., .F.,
 ( 4, 2, 2, 2, 2, 2, 2, 2, 2, 2, 2, 4 ),
 ( 0.000000000000000000, 0.009077235386236871817, 0.01361585307935531293, 0.01815447077247374016, 0.02042377961903294251, 0.02269308846559214832, 0.02723170615871053912, 0.02950101500526974493, 0.03177032385182894381, 0.03403963269838815309, 0.03517428712166775079, 0.03630894154494734849 ),
 .UNSPECIFIED. ) ;
#1053 = CARTESIAN_POINT ( 'NONE',  ( 15.94506314932467106, -20.76792487772654283, 6.078872531101668919 ) ) ;
#1054 = CARTESIAN_POINT ( 'NONE',  ( 21.74200897499244789, 13.37892690123673844, 9.783828050311907276 ) ) ;
#1055 = CARTESIAN_POINT ( 'NONE',  ( 7.740143324911060496, -25.00644458250600621, 6.277071770173836995 ) ) ;
#1056 = CARTESIAN_POINT ( 'NONE',  ( -17.41670279560730705, -19.79400619572385622, 6.066463444122947024 ) ) ;
#1057 = CARTESIAN_POINT ( 'NONE',  ( -13.09977959169513539, -23.50027221059115590, 6.953337610847528438 ) ) ;
#1058 = CARTESIAN_POINT ( 'NONE',  ( -4.684274006738623361E-15, -25.50000000000000355, 4.999999999999999112 ) ) ;
#1059 = CARTESIAN_POINT ( 'NONE',  ( 25.54282622923764734, -4.881928327102379228, 6.128737224381078263 ) ) ;
#1060 = ADVANCED_FACE ( 'NONE', ( #2858 ), #5094, .T. ) ;
#1061 = B_SPLINE_CURVE_WITH_KNOTS ( 'NONE', 3,
 ( #2796, #3260, #829, #1744, #4690, #2237 ),
 .UNSPECIFIED., .F., .F.,
 ( 4, 2, 4 ),
 ( 8.673617379884035472E-19, 0.003917155057049019444, 0.007834310114098037153 ),
 .UNSPECIFIED. ) ;
#1062 = CARTESIAN_POINT ( 'NONE',  ( -28.50000000000508038, 3.151689436853161386, 4.448401262148652613 ) ) ;
#1063 = CARTESIAN_POINT ( 'NONE',  ( -5.541184878292007454, -20.71234611813942195, -16.71534171065908936 ) ) ;
#1064 = DIRECTION ( 'NONE',  ( 6.453734435660388480E-14, -0.9783387852744692692, 0.2070101959510114997 ) ) ;
#1065 = CARTESIAN_POINT ( 'NONE',  ( 0.000000000000000000, 0.000000000000000000, 0.000000000000000000 ) ) ;
#1066 = CARTESIAN_POINT ( 'NONE',  ( -11.61241894826215670, 24.03234236505254984, 6.894596435868661111 ) ) ;
#1067 = CARTESIAN_POINT ( 'NONE',  ( -23.99999999999999645, 2.939152317953647500E-15, 70.00000000000000000 ) ) ;
#1068 = CARTESIAN_POINT ( 'NONE',  ( -21.71008158760723106, -13.43615434274034293, 13.44148995699551641 ) ) ;
#1069 = EDGE_CURVE ( 'NONE', #4912, #4830, #6038, .T. ) ;
#1070 = ORIENTED_EDGE ( 'NONE', *, *, #6039, .F. ) ;
#1071 = CARTESIAN_POINT ( 'NONE',  ( 10.31403013184124973, 22.99033459833998450, 6.212644458022572813 ) ) ;
#1072 = CARTESIAN_POINT ( 'NONE',  ( -23.46036863434400388, 16.40047792209043465, 0.6453865331542774086 ) ) ;
#1073 = VERTEX_POINT ( 'NONE', #464 ) ;
#1074 = CARTESIAN_POINT ( 'NONE',  ( -16.68855187276007612, -23.74980707725467610, 1.223881246058461825 ) ) ;
#1075 = DIRECTION ( 'NONE',  ( -1.000000000000000000, -7.112366251504909087E-15, -0.000000000000000000 ) ) ;
#1076 = CARTESIAN_POINT ( 'NONE',  ( 8.499999999999783284, 34.46737587922822144, 9.425626491315760802 ) ) ;
#1077 = CARTESIAN_POINT ( 'NONE',  ( -6.888155080742390801, 23.99999999999999289, 3.290432263568000337 ) ) ;
#1078 = FACE_OUTER_BOUND ( 'NONE', #3656, .T. ) ;
#1079 = CARTESIAN_POINT ( 'NONE',  ( 11.92819121093978474, 25.23808528326852851, 4.700819662185495851 ) ) ;
#1080 = CARTESIAN_POINT ( 'NONE',  ( 7.007444644768212605, 20.89962396430912861, -16.56570083009112437 ) ) ;
#1081 = CARTESIAN_POINT ( 'NONE',  ( 28.49999999999998579, 5.499999999999856115, 1.223575944766533752 ) ) ;
#1082 = CARTESIAN_POINT ( 'NONE',  ( -27.00000000000000000, 5.499999999999856115, -6.392794684931313753 ) ) ;
#1083 = CARTESIAN_POINT ( 'NONE',  ( -27.36834807318218665, 12.13215206318748685, -10.00000000000002309 ) ) ;
#1084 = FACE_OUTER_BOUND ( 'NONE', #6072, .T. ) ;
#1085 = CARTESIAN_POINT ( 'NONE',  ( 16.61838057811980462, 22.13466428579540946, 1.156167589165155274 ) ) ;
#1086 = CARTESIAN_POINT ( 'NONE',  ( 25.12769150094397830, 4.361416381085604144, 9.459754813928341832 ) ) ;
#1087 = CARTESIAN_POINT ( 'NONE',  ( 24.92182123691972251, -5.542413300988591196, 9.559817543483237756 ) ) ;
#1088 = CARTESIAN_POINT ( 'NONE',  ( -15.45046189832602401, -18.37466584976238337, 13.01156204646534498 ) ) ;
#1089 = CARTESIAN_POINT ( 'NONE',  ( -14.56490765591510161, -22.87550669130308023, 6.996650269450501725 ) ) ;
#1090 = EDGE_CURVE ( 'NONE', #4698, #1525, #1237, .T. ) ;
#1091 = CARTESIAN_POINT ( 'NONE',  ( 26.00393019138629214, -11.49649815463423685, 0.7433346536944506200 ) ) ;
#1092 = CARTESIAN_POINT ( 'NONE',  ( 7.977227916438033084, -24.00000000000000000, 2.884302719963162343 ) ) ;
#1093 = DIRECTION ( 'NONE',  ( 0.000000000000000000, 0.000000000000000000, -1.000000000000000000 ) ) ;
#1094 =( BOUNDED_SURFACE ( )  B_SPLINE_SURFACE ( 3, 2, ( 
 ( #4776, #3850, #5809 ),
 ( #1537, #1062, #2965 ),
 ( #4868, #950, #665 ),
 ( #2041, #2503, #3610 ),
 ( #3969, #209, #4040 ),
 ( #4473, #601, #4406 ) ),
 .UNSPECIFIED., .F., .F., .F. ) 
 B_SPLINE_SURFACE_WITH_KNOTS ( ( 4, 2, 4 ),
 ( 3, 3 ),
 ( 0.007048296248673535658, 0.01146053405507872075, 0.01587277186148390584 ),
 ( 0.000000000000000000, 1.000000000000000000 ),
 .UNSPECIFIED. ) 
 GEOMETRIC_REPRESENTATION_ITEM ( )  RATIONAL_B_SPLINE_SURFACE ( (
 ( 1.000000000000000000, 0.9561819365777148860, 1.000000000000000000),
 ( 1.000000000000000000, 0.9599639141703992795, 1.000000000000000000),
 ( 1.000000000000000000, 0.9617653771961366393, 1.000000000000000000),
 ( 1.000000000000000000, 0.9617730170135346812, 1.000000000000000000),
 ( 1.000000000000000000, 0.9599793571243586676, 1.000000000000000000),
 ( 1.000000000000000000, 0.9561819365777157742, 1.000000000000000000) ) ) 
 REPRESENTATION_ITEM ( '' )  SURFACE ( )  );
#1095 = CARTESIAN_POINT ( 'NONE',  ( -10.52733528551989828, 22.49251566257333934, -17.03665631330197527 ) ) ;
#1096 = CARTESIAN_POINT ( 'NONE',  ( -2.252565124378290928, -23.92158366412067849, 5.914771213268318562 ) ) ;
#1097 = CARTESIAN_POINT ( 'NONE',  ( 25.54282622923764379, -4.881928327102382781, 6.128737224381076487 ) ) ;
#1098 = EDGE_CURVE ( 'NONE', #2510, #5704, #1543, .T. ) ;
#1099 = CARTESIAN_POINT ( 'NONE',  ( 1.264411670815545730, -23.99999999999999645, 5.156459223841150852 ) ) ;
#1100 = CARTESIAN_POINT ( 'NONE',  ( 8.024324211771100224, -23.48103496928831291, 6.027001110066397160 ) ) ;
#1101 = DIRECTION ( 'NONE',  ( 0.000000000000000000, 1.000000000000000000, 0.000000000000000000 ) ) ;
#1102 = CARTESIAN_POINT ( 'NONE',  ( -20.27001206656183641, -15.52367536648262814, 13.41489863706921781 ) ) ;
#1103 = ORIENTED_EDGE ( 'NONE', *, *, #4842, .F. ) ;
#1104 = CARTESIAN_POINT ( 'NONE',  ( 8.242128854231349777, 23.99999999999999289, 2.757845802657776790 ) ) ;
#1105 = DIRECTION ( 'NONE',  ( 0.000000000000000000, 0.9783387852744767077, 0.2070101959509759726 ) ) ;
#1106 = EDGE_LOOP ( 'NONE', ( #1314, #2414, #3085, #3775, #2590, #1518, #5187, #2342 ) ) ;
#1107 = CARTESIAN_POINT ( 'NONE',  ( -23.80609414849518046, 3.106909293148068851, 12.41408144395343172 ) ) ;
#1108 = CARTESIAN_POINT ( 'NONE',  ( 28.49999999999998934, 5.623914101832395654E-13, -4.444189677345006473 ) ) ;
#1109 = CARTESIAN_POINT ( 'NONE',  ( 26.99999999999997868, -5.081178995760959438, -6.146931496469806078 ) ) ;
#1110 = CARTESIAN_POINT ( 'NONE',  ( -6.805196203401906758E-15, 14.36148424313910255, -32.17234300113785395 ) ) ;
#1111 = CARTESIAN_POINT ( 'NONE',  ( -26.14975409030695275, -11.04402205548411686, -9.999999999999980460 ) ) ;
#1112 = CARTESIAN_POINT ( 'NONE',  ( 21.51036509555128973, 20.74891140628493957, 0.7782042761373171302 ) ) ;
#1113 = EDGE_CURVE ( 'NONE', #1140, #5041, #4440, .T. ) ;
#1114 = CARTESIAN_POINT ( 'NONE',  ( 20.47386160348241546, -12.57371040040430898, 9.236291360467719258 ) ) ;
#1115 = CARTESIAN_POINT ( 'NONE',  ( 2.049742374975019210, 25.43810469964212828, 6.514524541660499324 ) ) ;
#1116 = CARTESIAN_POINT ( 'NONE',  ( 24.07161702797412772, 8.439548506695084384, 9.695262840157367279 ) ) ;
#1117 = CARTESIAN_POINT ( 'NONE',  ( 22.39967481296588403, -12.25126675430150947, 13.41905172128104873 ) ) ;
#1118 = AXIS2_PLACEMENT_3D ( 'NONE', #2433, #6, #4335 ) ;
#1119 = B_SPLINE_CURVE_WITH_KNOTS ( 'NONE', 3,
 ( #1141, #1179, #5849, #5821, #644, #5916, #2548, #4417 ),
 .UNSPECIFIED., .F., .F.,
 ( 4, 2, 2, 4 ),
 ( 0.000000000000000000, 0.002885908563938349106, 0.004328862845907523876, 0.005771817127876699080 ),
 .UNSPECIFIED. ) ;
#1120 = CARTESIAN_POINT ( 'NONE',  ( -23.16318000005708555, -6.390908776487226994, 9.128217671052277993 ) ) ;
#1121 = CARTESIAN_POINT ( 'NONE',  ( -8.499999999999870326, 23.99999999999999289, 2.627371485753639657 ) ) ;
#1122 = CARTESIAN_POINT ( 'NONE',  ( -2.299665116696875788, 23.99999999999999289, 4.444855334543318826 ) ) ;
#1123 = CARTESIAN_POINT ( 'NONE',  ( 3.201333359868431888E-14, -3.007784733999738780, -46.12254278264514085 ) ) ;
#1124 = CARTESIAN_POINT ( 'NONE',  ( 23.44960168990495575, -10.03876498890531366, 13.30258458469699434 ) ) ;
#1125 = ORIENTED_EDGE ( 'NONE', *, *, #6001, .F. ) ;
#1126 = EDGE_CURVE ( 'NONE', #5578, #253, #1041, .T. ) ;
#1127 = CARTESIAN_POINT ( 'NONE',  ( -26.00180430503519702, 14.84748147227180226, -11.81657538461917412 ) ) ;
#1128 = FACE_OUTER_BOUND ( 'NONE', #2049, .T. ) ;
#1129 = CARTESIAN_POINT ( 'NONE',  ( -23.84694676230336796, -2.814039905308733935, 8.904910974153514402 ) ) ;
#1130 = EDGE_LOOP ( 'NONE', ( #2740, #3176, #5199, #3883 ) ) ;
#1131 = B_SPLINE_CURVE_WITH_KNOTS ( 'NONE', 3,
 ( #5215, #3817, #4749, #4798, #947, #2895 ),
 .UNSPECIFIED., .F., .F.,
 ( 4, 2, 4 ),
 ( 4.422694427346621642E-18, 0.001527454385741019993, 0.003054908771482035650 ),
 .UNSPECIFIED. ) ;
#1132 = CARTESIAN_POINT ( 'NONE',  ( -9.917197920146355372, -23.08605816628773511, 6.213443291597138263 ) ) ;
#1133 = CARTESIAN_POINT ( 'NONE',  ( 10.79525546070642328, -22.87425378292903488, 6.211675745481660904 ) ) ;
#1134 = CARTESIAN_POINT ( 'NONE',  ( -26.14975409030695275, -11.04402205548411686, -9.999999999999980460 ) ) ;
#1135 = DIRECTION ( 'NONE',  ( 1.000000000000000000, -7.289124377473104581E-15, -0.000000000000000000 ) ) ;
#1136 = AXIS2_PLACEMENT_3D ( 'NONE', #4097, #5054, #361 ) ;
#1137 = EDGE_LOOP ( 'NONE', ( #5033, #2914, #408, #1178, #1662 ) ) ;
#1138 = CARTESIAN_POINT ( 'NONE',  ( -14.40333572919551841, 19.21030478120826146, 9.070126985682540166 ) ) ;
#1139 = CARTESIAN_POINT ( 'NONE',  ( -14.02449893354687305, 21.72626805096485469, 6.194538344235581029 ) ) ;
#1140 = VERTEX_POINT ( 'NONE', #1953 ) ;
#1141 = CARTESIAN_POINT ( 'NONE',  ( -27.00000000000000000, -5.500000000000007994, -6.392794684931452309 ) ) ;
#1142 = CARTESIAN_POINT ( 'NONE',  ( 19.14210599757180375, 14.52494061845893114, 13.41777258295992503 ) ) ;
#1143 = CIRCLE ( 'NONE', #4637, 22.50000000000000711 ) ;
#1144 = LINE ( 'NONE', #5348, #5321 ) ;
#1145 = CARTESIAN_POINT ( 'NONE',  ( -5.744096074604912339, 23.99999999999999289, 3.591000677622672832 ) ) ;
#1146 = CARTESIAN_POINT ( 'NONE',  ( -1.366246820866119344E-14, 11.53750996910732063, -37.59054758862843926 ) ) ;
#1147 = CARTESIAN_POINT ( 'NONE',  ( -9.647669396262250174, 24.65324532931839840, 6.560865511896480484 ) ) ;
#1148 = CARTESIAN_POINT ( 'NONE',  ( 11.11944962439599571, 24.18243139092466976, 6.870820541104109225 ) ) ;
#1149 = CARTESIAN_POINT ( 'NONE',  ( -8.918358711914430970, 25.50000000000100187, 4.933117776154826828 ) ) ;
#1150 = EDGE_CURVE ( 'NONE', #1879, #3981, #3170, .T. ) ;
#1151 = EDGE_LOOP ( 'NONE', ( #4558, #1516, #2861, #4188 ) ) ;
#1152 = CARTESIAN_POINT ( 'NONE',  ( 23.16897248584445279, -6.370012299848288428, 9.127301229678497663 ) ) ;
#1153 = CARTESIAN_POINT ( 'NONE',  ( -15.51106443029810578, -22.38829243333167440, 7.013525159191750014 ) ) ;
#1154 = CARTESIAN_POINT ( 'NONE',  ( 22.38433934354284105, 17.74118397253801405, 0.6775722656173698288 ) ) ;
#1155 = CARTESIAN_POINT ( 'NONE',  ( 13.86189440657243743, 23.25425521359856162, 6.868522610181045707 ) ) ;
#1156 = CARTESIAN_POINT ( 'NONE',  ( 23.94605947566993009, -8.788574211214893239, 13.20394465156327257 ) ) ;
#1157 = CARTESIAN_POINT ( 'NONE',  ( 6.105633802816796241, 24.75825591324842634, 9.425626491315787447 ) ) ;
#1158 = ADVANCED_FACE ( 'NONE', ( #1457, #493 ), #2445, .T. ) ;
#1159 = CARTESIAN_POINT ( 'NONE',  ( -9.485254071490262007, -22.05357580140589491, 11.42703434033707488 ) ) ;
#1160 = AXIS2_PLACEMENT_3D ( 'NONE', #1026, #4701, #1407 ) ;
#1161 = CARTESIAN_POINT ( 'NONE',  ( -17.29849827147437935, -21.28029368897700380, 7.032617255029377290 ) ) ;
#1162 = CARTESIAN_POINT ( 'NONE',  ( 25.03101180884743471, -13.88669689907357530, 3.720924664388328473 ) ) ;
#1163 = B_SPLINE_CURVE_WITH_KNOTS ( 'NONE', 3,
 ( #4915, #4454, #585, #1620, #3045, #4950 ),
 .UNSPECIFIED., .F., .F.,
 ( 4, 2, 4 ),
 ( -3.830160302336945696E-05, 0.003879113877451131290, 0.007796529357925632668 ),
 .UNSPECIFIED. ) ;
#1164 = CARTESIAN_POINT ( 'NONE',  ( -10.13961375591988556, 24.44435605127736011, 6.819373536273349856 ) ) ;
#1165 = CARTESIAN_POINT ( 'NONE',  ( 2.049742374961591285, -25.43810469964375542, 6.514524541673794467 ) ) ;
#1166 = ORIENTED_EDGE ( 'NONE', *, *, #6120, .T. ) ;
#1167 = CARTESIAN_POINT ( 'NONE',  ( 25.37161157191528105, -2.640010415959413326, 12.31301074758670389 ) ) ;
#1168 = CARTESIAN_POINT ( 'NONE',  ( -12.17356237968490618, -23.92687741683273472, 6.781091327299429317 ) ) ;
#1169 = CARTESIAN_POINT ( 'NONE',  ( 26.99999999999998934, 2.954425590912745925, 1.533488685564180498 ) ) ;
#1170 = ORIENTED_EDGE ( 'NONE', *, *, #2919, .F. ) ;
#1171 = CARTESIAN_POINT ( 'NONE',  ( 5.054349202691773790, -23.82058005564617176, 5.615798347141183200 ) ) ;
#1172 = CARTESIAN_POINT ( 'NONE',  ( 8.480367096829688478, -23.39414360482668798, 6.101059181088579031 ) ) ;
#1173 = CARTESIAN_POINT ( 'NONE',  ( 27.00033970332780342, 1.675115520141422731, 6.852635484525805509 ) ) ;
#1174 = CARTESIAN_POINT ( 'NONE',  ( 25.34110559031685739, -6.544310002705696405, 6.159028398228510781 ) ) ;
#1175 = ORIENTED_EDGE ( 'NONE', *, *, #3605, .F. ) ;
#1176 = CARTESIAN_POINT ( 'NONE',  ( 8.840510663955514659, 23.31983560585304360, 6.139987409737873492 ) ) ;
#1177 = CARTESIAN_POINT ( 'NONE',  ( -10.51730960396048786, 23.91999843605054110, 4.412448447279953001 ) ) ;
#1178 = ORIENTED_EDGE ( 'NONE', *, *, #15, .T. ) ;
#1179 = CARTESIAN_POINT ( 'NONE',  ( -27.00000000000000355, -4.660805316093641792, -5.900156830962906440 ) ) ;
#1180 = ADVANCED_FACE ( 'NONE', ( #2045 ), #2393, .T. ) ;
#1181 = CARTESIAN_POINT ( 'NONE',  ( 25.50000000000000000, 8.457770198073261015E-16, 12.14142842854284332 ) ) ;
#1182 = CARTESIAN_POINT ( 'NONE',  ( 26.99999999999998934, -5.500000000000001776, -6.392794684931438098 ) ) ;
#1183 = CARTESIAN_POINT ( 'NONE',  ( 8.918358711913546344, -25.49999999999747047, 4.933117776152434963 ) ) ;
#1184 = CARTESIAN_POINT ( 'NONE',  ( -24.92562051273913326, -13.62942597088346020, -11.74387255712950484 ) ) ;
#1185 = CARTESIAN_POINT ( 'NONE',  ( 16.47622233415764015, 23.85213983478397282, 1.247265386456741121 ) ) ;
#1186 = CARTESIAN_POINT ( 'NONE',  ( -8.285100402201569736, 24.86733216938445779, 6.529818139778044817 ) ) ;
#1187 = VERTEX_POINT ( 'NONE', #5252 ) ;
#1188 = ORIENTED_EDGE ( 'NONE', *, *, #258, .F. ) ;
#1189 = FACE_OUTER_BOUND ( 'NONE', #4481, .T. ) ;
#1190 = CARTESIAN_POINT ( 'NONE',  ( 23.71021239447911810, -3.718309859154942831, 12.53772396082004015 ) ) ;
#1191 = EDGE_CURVE ( 'NONE', #2622, #742, #2277, .T. ) ;
#1192 = CARTESIAN_POINT ( 'NONE',  ( 2.849376997753877665E-17, -24.00000000000000000, 4.999999999999999112 ) ) ;
#1193 = CARTESIAN_POINT ( 'NONE',  ( 16.63632014817674332, 19.33712559558325239, 9.647293042588033884 ) ) ;
#1194 = CARTESIAN_POINT ( 'NONE',  ( -6.888155080739513991, 15.49999999999999467, 3.290432263556855474 ) ) ;
#1195 = CARTESIAN_POINT ( 'NONE',  ( -18.48962364203192976, -15.34432312099873030, 9.225714232553858807 ) ) ;
#1196 = DIRECTION ( 'NONE',  ( 0.4514680110517431677, 0.000000000000000000, 0.8922873051864983474 ) ) ;
#1197 = EDGE_CURVE ( 'NONE', #183, #3680, #2764, .T. ) ;
#1198 = CARTESIAN_POINT ( 'NONE',  ( -6.867212670668103591, -24.57044293904875687, 7.808835692965417685 ) ) ;
#1199 = FACE_OUTER_BOUND ( 'NONE', #3857, .T. ) ;
#1200 = CARTESIAN_POINT ( 'NONE',  ( 2.299665116703795587, -24.00000000000000000, 4.444855334571999883 ) ) ;
#1201 = ORIENTED_EDGE ( 'NONE', *, *, #3137, .F. ) ;
#1202 = CARTESIAN_POINT ( 'NONE',  ( 10.53220931408714911, 22.50741675154079502, -17.04437430697605294 ) ) ;
#1203 = CARTESIAN_POINT ( 'NONE',  ( -6.105633802816755384, -24.75825591324843344, 9.425626491315773237 ) ) ;
#1204 = FACE_OUTER_BOUND ( 'NONE', #6148, .T. ) ;
#1205 = ADVANCED_FACE ( 'NONE', ( #5274, #4808 ), #547, .T. ) ;
#1206 = CARTESIAN_POINT ( 'NONE',  ( -27.00000000000000000, -5.500000000000007994, -6.392794684931452309 ) ) ;
#1207 = DIRECTION ( 'NONE',  ( -0.000000000000000000, -0.000000000000000000, 1.000000000000000000 ) ) ;
#1208 = CARTESIAN_POINT ( 'NONE',  ( -26.45986904351456559, -14.11020145230783207, -11.34613582580896818 ) ) ;
#1209 = B_SPLINE_CURVE_WITH_KNOTS ( 'NONE', 3,
 ( #4378, #109, #1643, #5337, #2967, #5779, #2011, #5842 ),
 .UNSPECIFIED., .F., .F.,
 ( 4, 2, 2, 4 ),
 ( 0.04329019539848755899, 0.04471028195692866580, 0.04613036851536976568, 0.04897054163225197237 ),
 .UNSPECIFIED. ) ;
#1210 = B_SPLINE_CURVE_WITH_KNOTS ( 'NONE', 3,
 ( #3724, #3249, #886, #4683, #3987, #1080, #2456, #527 ),
 .UNSPECIFIED., .F., .F.,
 ( 4, 2, 2, 4 ),
 ( 0.000000000000000000, 0.004409857767251488571, 0.006614786650877231555, 0.008819715534502975407 ),
 .UNSPECIFIED. ) ;
#1211 = EDGE_LOOP ( 'NONE', ( #2543, #5177, #5553, #5641, #357, #6020, #2276 ) ) ;
#1212 = CYLINDRICAL_SURFACE ( 'NONE', #2745, 18.49999999999999645 ) ;
#1213 = CARTESIAN_POINT ( 'NONE',  ( -10.31403013184105077, 22.99033459834003068, 6.212644458022488436 ) ) ;
#1214 = ORIENTED_EDGE ( 'NONE', *, *, #371, .T. ) ;
#1215 = CARTESIAN_POINT ( 'NONE',  ( -17.95196699657577000, -21.42142995372855907, 3.888195114162843691 ) ) ;
#1216 = CARTESIAN_POINT ( 'NONE',  ( 16.76148171902239881, 17.17967951147321060, 13.19962002459169170 ) ) ;
#1217 = CARTESIAN_POINT ( 'NONE',  ( -27.43826685540275889, 11.93823084261314627, 0.7453256917141937166 ) ) ;
#1218 = CARTESIAN_POINT ( 'NONE',  ( 7.441374892217544001, -25.50000000000000355, 3.108858785283991732 ) ) ;
#1219 = CARTESIAN_POINT ( 'NONE',  ( 15.43118612518214583, 24.31740892275304233, 4.516610854342891557 ) ) ;
#1220 = CARTESIAN_POINT ( 'NONE',  ( -22.51704199689741159, -8.327268056763900361, 13.20924866398355135 ) ) ;
#1221 = ORIENTED_EDGE ( 'NONE', *, *, #5627, .T. ) ;
#1222 = VERTEX_POINT ( 'NONE', #1067 ) ;
#1223 = CARTESIAN_POINT ( 'NONE',  ( 1.128286141241072515, -23.99999999999611688, 5.458232451318386858 ) ) ;
#1224 = CARTESIAN_POINT ( 'NONE',  ( 21.82736311356608638, 9.996644047523316701, 13.33910864682602160 ) ) ;
#1225 = CARTESIAN_POINT ( 'NONE',  ( -26.54835951801973337, -6.728600003184221912, 7.029990595898537364 ) ) ;
#1226 = CARTESIAN_POINT ( 'NONE',  ( 26.05225035051537574, 11.47189280749252838, 0.7380688758795731497 ) ) ;
#1227 = B_SPLINE_CURVE_WITH_KNOTS ( 'NONE', 3,
 ( #4072, #4998, #4536, #3098, #276, #5971, #5599, #3258, #3731, #2696, #919, #6004, #4200, #6065, #5663, #5093, #2297, #3704, #5159, #5124, #1270, #5568, #4171, #893, #6031, #1771 ),
 .UNSPECIFIED., .F., .F.,
 ( 4, 2, 2, 2, 2, 2, 2, 2, 2, 2, 2, 2, 4 ),
 ( 2.453269466693398698E-18, 0.003031199301654291869, 0.004546798952481439539, 0.006062398603308589810, 0.009093597904962903364, 0.01060919755579006057, 0.01212479720661722125, 0.01515599650827154608, 0.01667159615909871370, 0.01818719580992587265, 0.02121839511158018360, 0.02273399476240734254, 0.02424959441323450149 ),
 .UNSPECIFIED. ) ;
#1228 = CARTESIAN_POINT ( 'NONE',  ( 8.945032004146044713, 23.88742816249267875, 10.97639001377923407 ) ) ;
#1229 = CARTESIAN_POINT ( 'NONE',  ( 26.14454713148453635, -8.796207664096062473, 7.039823436372525833 ) ) ;
#1230 = DIRECTION ( 'NONE',  ( 0.000000000000000000, 0.000000000000000000, 1.000000000000000000 ) ) ;
#1231 = CARTESIAN_POINT ( 'NONE',  ( 17.44958235593112050, 19.72010015584876541, 6.139753390091728491 ) ) ;
#1232 = CARTESIAN_POINT ( 'NONE',  ( 16.19886111449660504, -20.53829437770154698, 6.161790844505627085 ) ) ;
#1233 = CARTESIAN_POINT ( 'NONE',  ( 4.547100411509572704E-16, 23.99999999999999645, 4.999999999999999112 ) ) ;
#1234 = AXIS2_PLACEMENT_3D ( 'NONE', #237, #3022, #4466 ) ;
#1235 = CARTESIAN_POINT ( 'NONE',  ( 35.07135583350038388, 5.499999999999853451, 12.53772396082002416 ) ) ;
#1236 = EDGE_LOOP ( 'NONE', ( #2577, #346, #1779, #674, #3944, #230 ) ) ;
#1237 = B_SPLINE_CURVE_WITH_KNOTS ( 'NONE', 3,
 ( #5581, #2367, #4642, #1380, #873, #3801, #380, #3271, #4212, #5171, #1874, #5701, #904, #5108, #2806, #1319, #3210, #3236, #4184, #841, #6078, #3714 ),
 .UNSPECIFIED., .F., .F.,
 ( 4, 2, 2, 2, 2, 2, 2, 2, 2, 2, 4 ),
 ( 0.000000000000000000, 0.003124586560227605135, 0.006249173120455210270, 0.007811466400569015006, 0.009373759680682821477, 0.01249834624091042574, 0.01562293280113803001, 0.01874751936136563601, 0.02030981264147943555, 0.02187210592159323508, 0.02499669248182083414 ),
 .UNSPECIFIED. ) ;
#1238 = CARTESIAN_POINT ( 'NONE',  ( -8.499999999999861444, 25.49999999999999645, 2.627371485753639657 ) ) ;
#1239 = CARTESIAN_POINT ( 'NONE',  ( -8.375092514410122035, -24.09288512450798336, 10.72439681116950005 ) ) ;
#1240 = CARTESIAN_POINT ( 'NONE',  ( -4.783549732574805979, -23.53935588586740835, 8.713900603937217326 ) ) ;
#1241 = CARTESIAN_POINT ( 'NONE',  ( 5.028182974498602853, 23.82252236556571745, 5.612719446921390798 ) ) ;
#1242 = CARTESIAN_POINT ( 'NONE',  ( 14.05075959479620806, -21.71370498985606190, 6.194203088295122228 ) ) ;
#1243 =( BOUNDED_SURFACE ( )  B_SPLINE_SURFACE ( 3, 2, ( 
 ( #1424, #4805, #5249 ),
 ( #5271, #2933, #5778 ),
 ( #1002, #2900, #3325 ),
 ( #544, #1032, #4347 ),
 ( #1508, #3406, #4837 ),
 ( #2474, #3905, #5811 ),
 ( #4726, #4870, #700 ),
 ( #1540, #1129, #2139 ),
 ( #4077, #4043, #1677 ),
 ( #5367, #2637, #4541 ) ),
 .UNSPECIFIED., .F., .F., .F. ) 
 B_SPLINE_SURFACE_WITH_KNOTS ( ( 4, 2, 2, 2, 4 ),
 ( 3, 3 ),
 ( 0.03625107076217094770, 0.03903111430535668308, 0.04181115784854241846, 0.04459120139172814690, 0.04737124493491388227 ),
 ( 0.000000000000000000, 0.6990664231536813933 ),
 .UNSPECIFIED. ) 
 GEOMETRIC_REPRESENTATION_ITEM ( )  RATIONAL_B_SPLINE_SURFACE ( (
 ( 1.000000000000000000, 0.9357384343918612180, 0.9613230744155969454),
 ( 1.000000000000000000, 0.9389397505471894778, 0.9632498414580745738),
 ( 1.000000000000000000, 0.9413997674592559095, 0.9647304448349756090),
 ( 1.000000000000000000, 0.9446457169021559297, 0.9666840751872041171),
 ( 1.000000000000000000, 0.9454472766896432345, 0.9671665076950135553),
 ( 1.000000000000000000, 0.9454345958015660800, 0.9671588754850002356),
 ( 1.000000000000000000, 0.9446203996789173107, 0.9666688375821141932),
 ( 1.000000000000000000, 0.9413860318098593583, 0.9647221777987691205),
 ( 1.000000000000000000, 0.9389655935790323094, 0.9632653955300924942),
 ( 1.000000000000000000, 0.9357384343918639935, 0.9613230744155984997) ) ) 
 REPRESENTATION_ITEM ( '' )  SURFACE ( )  );
#1244 = DIRECTION ( 'NONE',  ( -0.4514680110517665379, 0.000000000000000000, -0.8922873051864864680 ) ) ;
#1245 = CARTESIAN_POINT ( 'NONE',  ( -23.71021239447917850, -3.718309859154512065, 12.53772396081997265 ) ) ;
#1246 = ORIENTED_EDGE ( 'NONE', *, *, #583, .T. ) ;
#1247 = CARTESIAN_POINT ( 'NONE',  ( -20.48958421724705303, 12.55297758796812246, 13.44038103528769312 ) ) ;
#1248 = ORIENTED_EDGE ( 'NONE', *, *, #1915, .F. ) ;
#1249 = CARTESIAN_POINT ( 'NONE',  ( -23.20831295070145472, -13.08412053374097184, 6.081422384399296277 ) ) ;
#1250 = CARTESIAN_POINT ( 'NONE',  ( 16.73485679620139521, 17.20728343885286549, 9.182890852870354337 ) ) ;
#1251 = CARTESIAN_POINT ( 'NONE',  ( -3.412151033467282555E-15, -12.48281139632720382, -40.63867020894095816 ) ) ;
#1252 = FACE_OUTER_BOUND ( 'NONE', #1807, .T. ) ;
#1253 = VECTOR ( 'NONE', #853, 1000.000000000000000 ) ;
#1254 = CARTESIAN_POINT ( 'NONE',  ( -18.30723099155088107, -15.56626248268534773, 13.36736019785920959 ) ) ;
#1255 = ORIENTED_EDGE ( 'NONE', *, *, #5863, .F. ) ;
#1256 = CARTESIAN_POINT ( 'NONE',  ( 15.29800953756952353, 18.50190858166116570, 12.98618668798463816 ) ) ;
#1257 = CARTESIAN_POINT ( 'NONE',  ( -7.573189171425112498, -23.56113474867199287, 5.897889810354401519 ) ) ;
#1258 = CARTESIAN_POINT ( 'NONE',  ( -6.315332049848920271, 23.71191461602423800, 5.762209051503115909 ) ) ;
#1259 = CARTESIAN_POINT ( 'NONE',  ( -18.58545685032173722, -19.06521667092144057, -15.00213039331041465 ) ) ;
#1260 = LINE ( 'NONE', #3280, #1535 ) ;
#1261 = CARTESIAN_POINT ( 'NONE',  ( 27.42316777447152276, -11.98270070771308937, 0.7433346536954809070 ) ) ;
#1262 = AXIS2_PLACEMENT_3D ( 'NONE', #2678, #3925, #4117 ) ;
#1263 = AXIS2_PLACEMENT_3D ( 'NONE', #392, #855, #2760 ) ;
#1264 = CARTESIAN_POINT ( 'NONE',  ( -27.00000000000000000, 5.499999999999856115, 1.223575944766644330 ) ) ;
#1265 = CARTESIAN_POINT ( 'NONE',  ( -8.500000000000003553, -5.500000000000007994, -9.999999999999998224 ) ) ;
#1266 = CARTESIAN_POINT ( 'NONE',  ( 12.63899720559733808, -22.28349155448681884, 6.205896519463534489 ) ) ;
#1267 = VECTOR ( 'NONE', #981, 1000.000000000000000 ) ;
#1268 = CARTESIAN_POINT ( 'NONE',  ( 5.746478873239358798, 23.30188791835145778, 9.425626491315801658 ) ) ;
#1269 = ADVANCED_FACE ( 'NONE', ( #606 ), #3941, .T. ) ;
#1270 = CARTESIAN_POINT ( 'NONE',  ( 12.54488052429075928, -22.36452259957959754, -16.82147188755617861 ) ) ;
#1271 = ORIENTED_EDGE ( 'NONE', *, *, #1029, .T. ) ;
#1272 = VECTOR ( 'NONE', #4084, 1000.000000000000000 ) ;
#1273 = CARTESIAN_POINT ( 'NONE',  ( 15.76736260407983892, -18.13298324567589503, 13.07229412737374119 ) ) ;
#1274 = CARTESIAN_POINT ( 'NONE',  ( 2.406646208643966833, 23.99999999996927258, 4.877494560401091306 ) ) ;
#1275 = CARTESIAN_POINT ( 'NONE',  ( 24.57008630344947164, -9.899090574187967562, 6.111164901757946133 ) ) ;
#1276 = ADVANCED_FACE ( 'NONE', ( #4577 ), #5740, .T. ) ;
#1277 = CARTESIAN_POINT ( 'NONE',  ( 10.63415309628384797, 24.31215835098821643, 6.845339688422980906 ) ) ;
#1278 = CARTESIAN_POINT ( 'NONE',  ( -22.10326671544735788, -18.83073290040615433, -14.27920496756113167 ) ) ;
#1279 = ORIENTED_EDGE ( 'NONE', *, *, #2283, .T. ) ;
#1280 =( BOUNDED_SURFACE ( )  B_SPLINE_SURFACE ( 3, 2, ( 
 ( #2087, #3456, #3554 ),
 ( #3917, #4983, #4487 ),
 ( #1655, #5919, #4420 ),
 ( #711, #2616, #1556 ),
 ( #1145, #5349, #5378 ),
 ( #1077, #679, #1621 ) ),
 .UNSPECIFIED., .F., .F., .F. ) 
 B_SPLINE_SURFACE_WITH_KNOTS ( ( 4, 2, 4 ),
 ( 3, 3 ),
 ( -3.193743534694798772E-05, 0.003516706032876730503, 0.007065349501100408845 ),
 ( 0.000000000000000000, 1.000000000000000000 ),
 .UNSPECIFIED. ) 
 GEOMETRIC_REPRESENTATION_ITEM ( )  RATIONAL_B_SPLINE_SURFACE ( (
 ( 1.000000000000000000, 1.000000000000000000, 1.000000000000000000),
 ( 1.000000000000000000, 0.9999949688488583011, 1.000000000000000000),
 ( 1.000000000000000000, 0.9989841972053662422, 1.000000000000000000),
 ( 1.000000000000000000, 0.9947685979742278972, 1.000000000000000000),
 ( 1.000000000000000000, 0.9915694353330134492, 1.000000000000000000),
 ( 1.000000000000000000, 0.9870077998580937262, 1.000000000000000000) ) ) 
 REPRESENTATION_ITEM ( '' )  SURFACE ( )  );
#1281 = CARTESIAN_POINT ( 'NONE',  ( -21.04102894971242321, 11.60022598159157958, 9.233131040748835616 ) ) ;
#1282 = ORIENTED_EDGE ( 'NONE', *, *, #1191, .F. ) ;
#1283 = CARTESIAN_POINT ( 'NONE',  ( -23.14180791408029236, -16.82326771826528500, 3.720153878733641228 ) ) ;
#1284 = CARTESIAN_POINT ( 'NONE',  ( 21.07082191203165777, 11.55198407097546998, 13.41988163730420069 ) ) ;
#1285 = CARTESIAN_POINT ( 'NONE',  ( -28.37089968601388534, 8.118073643870120648, 0.9746677659707179142 ) ) ;
#1286 = CARTESIAN_POINT ( 'NONE',  ( 28.49999999999998934, -5.500000000000001776, 5.000000000000000000 ) ) ;
#1287 = CARTESIAN_POINT ( 'NONE',  ( -22.07243421052299936, -9.442892650103337004, 13.30217095585699028 ) ) ;
#1288 = UNCERTAINTY_MEASURE_WITH_UNIT (LENGTH_MEASURE( 1.000000000000000082E-05 ), #983, 'distance_accuracy_value', 'NONE');
#1289 = VERTEX_POINT ( 'NONE', #5539 ) ;
#1290 = ORIENTED_EDGE ( 'NONE', *, *, #918, .F. ) ;
#1291 = FACE_OUTER_BOUND ( 'NONE', #5254, .T. ) ;
#1292 = CARTESIAN_POINT ( 'NONE',  ( 6.733812688128215207, 23.04222810121713394, 10.09685358716101611 ) ) ;
#1293 = DIRECTION ( 'NONE',  ( -0.1535354275131927126, 0.9790355657025058278, -0.1338515356203126561 ) ) ;
#1294 = CARTESIAN_POINT ( 'NONE',  ( -9.395266233551113899, -23.20415910789602520, 6.195295381517231803 ) ) ;
#1295 = CARTESIAN_POINT ( 'NONE',  ( -25.57358239275779255, 12.53563724651240818, -11.04990417440238737 ) ) ;
#1296 = CARTESIAN_POINT ( 'NONE',  ( -28.50000000000000355, 5.081728763116558412, -5.687873978046897427 ) ) ;
#1297 = CARTESIAN_POINT ( 'NONE',  ( 24.26629305467808351, -17.82373504108305795, 0.6536333843771667818 ) ) ;
#1298 = CARTESIAN_POINT ( 'NONE',  ( 1.137295491076011742E-14, 20.46561359896580612, -18.68001622036306131 ) ) ;
#1299 = CARTESIAN_POINT ( 'NONE',  ( 22.73080331939711840, 13.93506994997326309, 6.078113841253191652 ) ) ;
#1300 = CARTESIAN_POINT ( 'NONE',  ( 15.87646110298942048, -22.47639568574691538, 1.247463487582693098 ) ) ;
#1301 = CARTESIAN_POINT ( 'NONE',  ( 2.570521983865503568, 23.96326403179888942, 5.312036247579737136 ) ) ;
#1302 = DIRECTION ( 'NONE',  ( 0.8735349149889908293, 0.2154224563953827387, -0.4364973282572944813 ) ) ;
#1303 = ORIENTED_EDGE ( 'NONE', *, *, #296, .F. ) ;
#1304 = CARTESIAN_POINT ( 'NONE',  ( 13.52424492015724056, 22.23475919783329857, -16.68047124371112488 ) ) ;
#1305 = CARTESIAN_POINT ( 'NONE',  ( 8.823284760247508629, 23.93232461134954647, 10.92344116262651177 ) ) ;
#1306 = CARTESIAN_POINT ( 'NONE',  ( 2.508544232773306515, 23.96540503201846306, 5.310448179970554961 ) ) ;
#1307 = CARTESIAN_POINT ( 'NONE',  ( 22.75190885574427213, -13.93626327785218244, 6.077112777618228101 ) ) ;
#1308 = DIRECTION ( 'NONE',  ( -1.000000000000000000, 0.000000000000000000, 0.000000000000000000 ) ) ;
#1309 = CARTESIAN_POINT ( 'NONE',  ( -8.499999999999880984, -22.47226601139221813, -17.16850798049251736 ) ) ;
#1310 = B_SPLINE_CURVE_WITH_KNOTS ( 'NONE', 3,
 ( #4574, #1240, #861, #3641, #5096, #4603, #1774, #3705, #5635, #340 ),
 .UNSPECIFIED., .F., .F.,
 ( 4, 2, 2, 2, 4 ),
 ( 0.000000000000000000, 0.003643406606838200425, 0.005465109910257300203, 0.006375961561966848358, 0.007286813213676397380 ),
 .UNSPECIFIED. ) ;
#1311 = CARTESIAN_POINT ( 'NONE',  ( -14.24925641271940968, 21.15356159730515273, 9.457800941527791494 ) ) ;
#1312 = B_SPLINE_CURVE_WITH_KNOTS ( 'NONE', 3,
 ( #989, #3835, #1491, #5233, #1936, #4253, #1883, #5707, #938, #2455 ),
 .UNSPECIFIED., .F., .F.,
 ( 4, 2, 2, 2, 4 ),
 ( 0.005771817127876699080, 0.007210917562999885275, 0.008650017998123073204, 0.01008911843324625940, 0.01152821886836944559 ),
 .UNSPECIFIED. ) ;
#1313 = EDGE_CURVE ( 'NONE', #3573, #3804, #5144, .T. ) ;
#1314 = ORIENTED_EDGE ( 'NONE', *, *, #4801, .F. ) ;
#1315 = CARTESIAN_POINT ( 'NONE',  ( -0.5099237055199733470, 25.49617384617488014, 5.376772431373372463 ) ) ;
#1316 = VERTEX_POINT ( 'NONE', #1134 ) ;
#1317 = CARTESIAN_POINT ( 'NONE',  ( -11.33280167894777968, -23.79126027589461145, 1.970376332979287604 ) ) ;
#1318 = CARTESIAN_POINT ( 'NONE',  ( -23.40464712583807128, 18.85297480350562438, 0.6816256584964499599 ) ) ;
#1319 = CARTESIAN_POINT ( 'NONE',  ( 24.91274038832115778, -12.25044734134329971, 7.039060182481594374 ) ) ;
#1320 = CARTESIAN_POINT ( 'NONE',  ( 28.50000000000254374, 3.145255228952569482, 4.448438138464776870 ) ) ;
#1321 = FACE_OUTER_BOUND ( 'NONE', #4876, .T. ) ;
#1322 = CARTESIAN_POINT ( 'NONE',  ( 12.16871505784506624, 22.45261297741281226, 6.208488812008146063 ) ) ;
#1323 = EDGE_LOOP ( 'NONE', ( #5909, #2274, #4602 ) ) ;
#1324 = B_SPLINE_CURVE_WITH_KNOTS ( 'NONE', 3,
 ( #561, #2458, #4427, #4923, #32, #1939, #5556, #3596, #3659, #716 ),
 .UNSPECIFIED., .F., .F.,
 ( 4, 2, 2, 2, 4 ),
 ( 0.000000000000000000, 0.003643406606838169200, 0.005465109910257255101, 0.006375961561966797184, 0.007286813213676341869 ),
 .UNSPECIFIED. ) ;
#1325 = EDGE_LOOP ( 'NONE', ( #3550, #4247, #900, #1125 ) ) ;
#1326 = CARTESIAN_POINT ( 'NONE',  ( 6.888155080742381031, -25.50000000000000355, 3.290432263567986571 ) ) ;
#1327 = CARTESIAN_POINT ( 'NONE',  ( -24.72223385159155740, 13.97404780922243539, -11.96269562893507121 ) ) ;
#1328 = DIRECTION ( 'NONE',  ( 0.000000000000000000, 0.9783387852744767077, 0.2070101959509759726 ) ) ;
#1329 = CARTESIAN_POINT ( 'NONE',  ( 27.10423929734206538, -12.85164531180083181, 4.281892402665565811 ) ) ;
#1330 = EDGE_CURVE ( 'NONE', #2644, #3617, #4583, .T. ) ;
#1331 = CARTESIAN_POINT ( 'NONE',  ( -7.977448782082382728, -24.00000000000000355, 2.884200160161804138 ) ) ;
#1332 = CARTESIAN_POINT ( 'NONE',  ( -26.37969206050413007, 10.28952322651400131, 0.8074739682841224342 ) ) ;
#1333 = CARTESIAN_POINT ( 'NONE',  ( 18.44125641725407050, -21.11943853372363478, 3.865359883870478352 ) ) ;
#1334 = CARTESIAN_POINT ( 'NONE',  ( -10.63415309628363126, 24.31215835098827682, 6.845339688422884983 ) ) ;
#1335 = FACE_OUTER_BOUND ( 'NONE', #6019, .T. ) ;
#1336 = CARTESIAN_POINT ( 'NONE',  ( 6.729212631947913970, -23.04360145790377246, 10.09415517598445788 ) ) ;
#1337 = VECTOR ( 'NONE', #2321, 1000.000000000000000 ) ;
#1338 = CARTESIAN_POINT ( 'NONE',  ( 25.37162940231079133, 2.639793893564329696, 12.31298720681878756 ) ) ;
#1339 = DIRECTION ( 'NONE',  ( 1.000000000000000000, 0.000000000000000000, 0.000000000000000000 ) ) ;
#1340 = CARTESIAN_POINT ( 'NONE',  ( -23.16583002432594185, 10.67616963593984636, 9.753566627691544255 ) ) ;
#1341 = VERTEX_POINT ( 'NONE', #4544 ) ;
#1342 = CARTESIAN_POINT ( 'NONE',  ( -1.068645225666974433E-14, 13.30436497889754399, -39.14603845891497969 ) ) ;
#1343 = CARTESIAN_POINT ( 'NONE',  ( 0.000000000000000000, -24.00000000000000000, 5.000000000000000000 ) ) ;
#1344 = ORIENTED_EDGE ( 'NONE', *, *, #1514, .F. ) ;
#1345 = CARTESIAN_POINT ( 'NONE',  ( -24.42141998730226859, -10.39362849313803494, 6.104550186937834688 ) ) ;
#1346 = CARTESIAN_POINT ( 'NONE',  ( -0.9681240370150960839, 23.99999999999999645, 5.760035586910960070 ) ) ;
#1347 = CARTESIAN_POINT ( 'NONE',  ( -24.75226863436266811, 17.17462963354121896, 0.6442577209219484402 ) ) ;
#1348 = CARTESIAN_POINT ( 'NONE',  ( 25.48453105688891185, -5.464307998571325875, 6.159243590791938061 ) ) ;
#1349 = CARTESIAN_POINT ( 'NONE',  ( -8.499999999999788614, 15.49999999999999289, 2.627371485753551728 ) ) ;
#1350 = CARTESIAN_POINT ( 'NONE',  ( 20.76084965563770623, 19.40603578380612859, 3.772979533497486049 ) ) ;
#1351 = ORIENTED_EDGE ( 'NONE', *, *, #478, .T. ) ;
#1352 = ORIENTED_EDGE ( 'NONE', *, *, #3415, .F. ) ;
#1353 = CARTESIAN_POINT ( 'NONE',  ( 6.077679989992456733, -25.49999999996527222, 4.885896166246122441 ) ) ;
#1354 = CARTESIAN_POINT ( 'NONE',  ( 23.04183127236444761, -15.97484964976210442, -13.16107823632727580 ) ) ;
#1355 = CARTESIAN_POINT ( 'NONE',  ( -8.480367096829642293, -23.39414360482660982, 6.101059181089346417 ) ) ;
#1356 = CARTESIAN_POINT ( 'NONE',  ( 9.025750108672081495, 23.86604674731166753, 8.554406140573915351 ) ) ;
#1357 = CARTESIAN_POINT ( 'NONE',  ( -13.99999999999996803, 0.000000000000000000, -214.9999999999999432 ) ) ;
#1358 = ADVANCED_FACE ( 'NONE', ( #5005 ), #4021, .F. ) ;
#1359 = CARTESIAN_POINT ( 'NONE',  ( 15.42995830908180643, -24.31784616018789436, 4.516666340500381516 ) ) ;
#1360 = CARTESIAN_POINT ( 'NONE',  ( -27.00000000000000355, -4.425092742786352673, 1.391660071360921513 ) ) ;
#1361 = CARTESIAN_POINT ( 'NONE',  ( -17.58195749633159721, -18.47224119206559578, 13.17207491901444172 ) ) ;
#1362 = CARTESIAN_POINT ( 'NONE',  ( -27.00000000000000000, 5.499999999999856115, 1.223575944766644330 ) ) ;
#1363 = LINE ( 'NONE', #3255, #1955 ) ;
#1364 = CARTESIAN_POINT ( 'NONE',  ( 4.795251163644145720, 23.53647019580391486, 8.722549434533160451 ) ) ;
#1365 = EDGE_CURVE ( 'NONE', #742, #3981, #3152, .T. ) ;
#1366 = CARTESIAN_POINT ( 'NONE',  ( -25.34409439596244340, 2.923370599682375559, 9.349247526393011043 ) ) ;
#1367 = AXIS2_PLACEMENT_3D ( 'NONE', #4479, #1135, #4944 ) ;
#1368 = AXIS2_PLACEMENT_3D ( 'NONE', #2813, #3834, #4252 ) ;
#1369 = CALENDAR_DATE ( 2026, 16, 9 ) ;
#1370 = CARTESIAN_POINT ( 'NONE',  ( 7.866337448082769690, 23.50908582431293681, 5.981786412971842992 ) ) ;
#1371 = CARTESIAN_POINT ( 'NONE',  ( -9.092038463602364118, -24.00000000000001066, 2.465451497393553293 ) ) ;
#1372 = DIRECTION ( 'NONE',  ( 1.000000000000000000, 0.000000000000000000, 0.000000000000000000 ) ) ;
#1373 = CARTESIAN_POINT ( 'NONE',  ( -23.47920630951289667, 9.968935357082456150, 13.29774407370640965 ) ) ;
#1374 = CIRCLE ( 'NONE', #169, 18.50000000000000000 ) ;
#1375 = ORIENTED_EDGE ( 'NONE', *, *, #4357, .F. ) ;
#1376 = DIRECTION ( 'NONE',  ( -7.441933196985691860E-17, -0.000000000000000000, 1.000000000000000000 ) ) ;
#1377 = DIRECTION ( 'NONE',  ( 0.000000000000000000, 0.000000000000000000, 1.000000000000000000 ) ) ;
#1378 = ORIENTED_EDGE ( 'NONE', *, *, #1069, .F. ) ;
#1379 = CARTESIAN_POINT ( 'NONE',  ( -8.123466288436240745, -23.46112149588044815, 6.032703409796460470 ) ) ;
#1380 = CARTESIAN_POINT ( 'NONE',  ( 14.55298368008394760, -22.88019155870738075, 6.996244438916541242 ) ) ;
#1381 = DIRECTION ( 'NONE',  ( -0.8735349149889916065, -0.2154224563953825999, -0.4364973282572925939 ) ) ;
#1382 = DIRECTION ( 'NONE',  ( 0.000000000000000000, -0.000000000000000000, 1.000000000000000000 ) ) ;
#1383 = CARTESIAN_POINT ( 'NONE',  ( 23.14180791408207227, 16.82326771826462419, 3.720153878731831565 ) ) ;
#1384 = ORIENTED_EDGE ( 'NONE', *, *, #2159, .F. ) ;
#1385 = ORIENTED_EDGE ( 'NONE', *, *, #3540, .T. ) ;
#1386 = CARTESIAN_POINT ( 'NONE',  ( 1.211354030996340869, -25.50000000000820677, 4.977003696283181178 ) ) ;
#1387 = CARTESIAN_POINT ( 'NONE',  ( 15.99567051182380162, -20.06967872239680162, -15.64685127786835395 ) ) ;
#1388 = CARTESIAN_POINT ( 'NONE',  ( 15.95531581337774618, 20.79173174877230323, 6.079640205680833631 ) ) ;
#1389 = DIRECTION ( 'NONE',  ( -7.441933196985691860E-17, -0.000000000000000000, 1.000000000000000000 ) ) ;
#1390 = CARTESIAN_POINT ( 'NONE',  ( 12.60094542670899109, -23.69196630438531770, 6.935740503151860636 ) ) ;
#1391 = EDGE_CURVE ( 'NONE', #417, #3896, #3697, .T. ) ;
#1392 = CARTESIAN_POINT ( 'NONE',  ( -9.565132451499684052, -23.65443603792266458, 8.692296410615876212 ) ) ;
#1393 = CARTESIAN_POINT ( 'NONE',  ( -9.686374261257888918, 23.97159344749909948, 2.322430204452135882 ) ) ;
#1394 = CARTESIAN_POINT ( 'NONE',  ( 28.49999999999998934, 5.078001348352088939, -5.685837131130284661 ) ) ;
#1395 = CARTESIAN_POINT ( 'NONE',  ( 9.142731420281156929, -25.50000000000000355, 2.464771012638924397 ) ) ;
#1396 = CARTESIAN_POINT ( 'NONE',  ( -25.47484525838252267, 1.312760934444227257, 12.17626746214244804 ) ) ;
#1397 = ADVANCED_FACE ( 'NONE', ( #2606 ), #4458, .T. ) ;
#1398 = CARTESIAN_POINT ( 'NONE',  ( -28.15718343170358295, -9.271213698574673145, 4.349469439085402733 ) ) ;
#1399 = CARTESIAN_POINT ( 'NONE',  ( -18.21427123189573649, -21.25588372100816414, 0.9816747251492291548 ) ) ;
#1400 = DIRECTION ( 'NONE',  ( 0.000000000000000000, -0.000000000000000000, 1.000000000000000000 ) ) ;
#1401 = CARTESIAN_POINT ( 'NONE',  ( -19.61742241378106755, 16.30308932816750200, 9.762528989858298090 ) ) ;
#1402 = ADVANCED_FACE ( 'NONE', ( #4205, #1836 ), #3735, .T. ) ;
#1403 = ORIENTED_EDGE ( 'NONE', *, *, #4357, .T. ) ;
#1404 = CARTESIAN_POINT ( 'NONE',  ( 34.99999999999997868, 0.000000000000000000, -214.9999999999999716 ) ) ;
#1405 = FACE_OUTER_BOUND ( 'NONE', #1137, .T. ) ;
#1406 = CARTESIAN_POINT ( 'NONE',  ( -21.58719562423704730, 17.47234580251498670, 7.038784852572817385 ) ) ;
#1407 = DIRECTION ( 'NONE',  ( 0.000000000000000000, -0.2070101959510114442, -0.9783387852744690472 ) ) ;
#1408 = CARTESIAN_POINT ( 'NONE',  ( 22.29116178327608111, 17.84653617254807756, 0.6814474317550157645 ) ) ;
#1409 = EDGE_LOOP ( 'NONE', ( #5256, #5496, #5102, #5372, #404, #847 ) ) ;
#1410 = ORIENTED_EDGE ( 'NONE', *, *, #478, .F. ) ;
#1411 = LINE ( 'NONE', #3307, #5816 ) ;
#1412 = CARTESIAN_POINT ( 'NONE',  ( 9.670781036857315272, 23.24901864709949706, 5.977382017888144716 ) ) ;
#1413 = CARTESIAN_POINT ( 'NONE',  ( 27.36292696821078252, 12.27181071011823654, 4.288049520840743867 ) ) ;
#1414 = CARTESIAN_POINT ( 'NONE',  ( 12.51905278690801104, -25.12507731284052426, 4.665788489699157715 ) ) ;
#1415 = CARTESIAN_POINT ( 'NONE',  ( 6.267178509353439786, -23.17347817452651526, 9.810489084992537911 ) ) ;
#1416 = LINE ( 'NONE', #1471, #4039 ) ;
#1417 = LINE ( 'NONE', #2406, #2262 ) ;
#1418 = CARTESIAN_POINT ( 'NONE',  ( 17.83776715236785648, -18.26643255168482938, 13.21250024882515817 ) ) ;
#1419 = CARTESIAN_POINT ( 'NONE',  ( -22.95004701229923327, -19.34362185598154937, 0.7012964756604945782 ) ) ;
#1420 = CARTESIAN_POINT ( 'NONE',  ( -26.99999999998983569, 3.123872465152811362, 4.010990721729525532 ) ) ;
#1421 = CARTESIAN_POINT ( 'NONE',  ( -13.49369527651940537, 21.64413678755944659, 9.375109326152688993 ) ) ;
#1422 = VERTEX_POINT ( 'NONE', #5638 ) ;
#1423 = CARTESIAN_POINT ( 'NONE',  ( 1.696319544298186153E-15, 9.153205420229671319, -45.47844431584186964 ) ) ;
#1424 = CARTESIAN_POINT ( 'NONE',  ( -23.71021239447903284, 3.718309859155443764, 12.53772396082016094 ) ) ;
#1425 = CARTESIAN_POINT ( 'NONE',  ( -7.239748728106861542, -24.00000000000001421, 4.628709470048185892 ) ) ;
#1426 = CARTESIAN_POINT ( 'NONE',  ( -8.499999999999570122, 25.49999999999999645, 2.627371485753548175 ) ) ;
#1427 = CARTESIAN_POINT ( 'NONE',  ( -5.109360046305084779, 23.82172975428894901, 5.595056119320775068 ) ) ;
#1428 = AXIS2_PLACEMENT_3D ( 'NONE', #2402, #4304, #1823 ) ;
#1429 = B_SPLINE_CURVE_WITH_KNOTS ( 'NONE', 3,
 ( #1042, #4948, #2944, #4913, #3915, #613, #5376, #4485, #1074, #2976, #4518, #187, #5445, #4054, #3483, #3077, #4880, #1617, #3517, #2514, #2020, #5884, #150, #118, #2581, #5408, #2085, #3948, #1519, #4849 ),
 .UNSPECIFIED., .F., .F.,
 ( 4, 2, 2, 2, 2, 2, 2, 2, 2, 2, 2, 2, 2, 2, 4 ),
 ( 7.059813062317230268E-18, 0.001981890394747515965, 0.003963780789495024992, 0.007927561578990039576, 0.008918506776363797559, 0.009909451973737555541, 0.01189134236848506457, 0.01585512315798006874, 0.01783701355272757777, 0.01981890394747508333, 0.02180079434222258888, 0.02378268473697009444, 0.02774646552646510556, 0.02972835592121261111, 0.03171024631596012361 ),
 .UNSPECIFIED. ) ;
#1430 = CARTESIAN_POINT ( 'NONE',  ( 23.48980499427507240, 16.35790848213544990, 3.716693745322115383 ) ) ;
#1431 = ORIENTED_EDGE ( 'NONE', *, *, #2283, .F. ) ;
#1432 = EDGE_LOOP ( 'NONE', ( #3169, #3914, #4652, #4476 ) ) ;
#1433 = CARTESIAN_POINT ( 'NONE',  ( -19.44883391582681043, 16.50460332245292250, 13.35865843763671457 ) ) ;
#1434 = EDGE_CURVE ( 'NONE', #2853, #5874, #5326, .T. ) ;
#1435 =( BOUNDED_SURFACE ( )  B_SPLINE_SURFACE ( 3, 2, ( 
 ( #781, #3184, #5480 ),
 ( #4156, #4586, #4059 ),
 ( #3083, #4615, #3113 ),
 ( #2221, #6017, #5017 ),
 ( #2713, #2252, #6050 ),
 ( #1789, #3689, #4954 ),
 ( #2121, #1658, #3558 ),
 ( #5450, #1901, #931 ),
 ( #1846, #4187, #2370 ),
 ( #5678, #5142, #5702 ),
 ( #3745, #4272, #3828 ),
 ( #3717, #2808, #6111 ),
 ( #5197, #956, #5650 ),
 ( #4702, #1430, #2340 ),
 ( #877, #1383, #3304 ),
 ( #1408, #2781, #3802 ),
 ( #5616, #2831, #3273 ),
 ( #413, #1350, #6147 ),
 ( #5174, #1815, #494 ),
 ( #4733, #3329, #383 ),
 ( #468, #907, #5226 ),
 ( #443, #4245, #2859 ),
 ( #1877, #4676, #6169 ),
 ( #4647, #3240, #4757 ),
 ( #2394, #3773, #2284 ),
 ( #4297, #5111, #21 ),
 ( #1930, #2312, #1322 ),
 ( #3213, #4214, #844 ),
 ( #6081, #2746, #1484 ),
 ( #2016, #5253, #2883 ) ),
 .UNSPECIFIED., .F., .F., .F. ) 
 B_SPLINE_SURFACE_WITH_KNOTS ( ( 4, 2, 2, 2, 2, 2, 2, 2, 2, 2, 2, 2, 2, 2, 4 ),
 ( 3, 3 ),
 ( 0.005207726047774709731, 0.006203932372237291881, 0.007200138696699874899, 0.009192551345625040934, 0.009690654507856333311, 0.01018875767008762395, 0.01118496399455020524, 0.01218117031901278825, 0.01317737664347537127, 0.01516978929240053557, 0.01616599561686311859, 0.01716220194132569987, 0.01915461459025086591, 0.02015082091471345066, 0.02114702723917603194 ),
 ( 0.000000000000000000, 1.000000000000000000 ),
 .UNSPECIFIED. ) 
 GEOMETRIC_REPRESENTATION_ITEM ( )  RATIONAL_B_SPLINE_SURFACE ( (
 ( 1.000000000000000000, 0.9499568284406355589, 1.000000000000000000),
 ( 1.000000000000000000, 0.9488501084893317117, 1.000000000000000000),
 ( 1.000000000000000000, 0.9478323343224593911, 1.000000000000000000),
 ( 1.000000000000000000, 0.9459901836704772693, 1.000000000000000000),
 ( 1.000000000000000000, 0.9451762947881174881, 1.000000000000000000),
 ( 1.000000000000000000, 0.9430294847822727755, 1.000000000000000000),
 ( 1.000000000000000000, 0.9419872769409515234, 1.000000000000000000),
 ( 1.000000000000000000, 0.9411443959556193839, 1.000000000000000000),
 ( 1.000000000000000000, 0.9409993171452861738, 1.000000000000000000),
 ( 1.000000000000000000, 0.9407587395141208120, 1.000000000000000000),
 ( 1.000000000000000000, 0.9406626763132479585, 1.000000000000000000),
 ( 1.000000000000000000, 0.9404453175210313320, 1.000000000000000000),
 ( 1.000000000000000000, 0.9403945631399909244, 1.000000000000000000),
 ( 1.000000000000000000, 0.9404787722180599774, 1.000000000000000000),
 ( 1.000000000000000000, 0.9406137245538435110, 1.000000000000000000),
 ( 1.000000000000000000, 0.9410762060889814595, 1.000000000000000000),
 ( 1.000000000000000000, 0.9414057401017127402, 1.000000000000000000),
 ( 1.000000000000000000, 0.9426806430279666138, 1.000000000000000000),
 ( 1.000000000000000000, 0.9438979437216250545, 1.000000000000000000),
 ( 1.000000000000000000, 0.9463101426780116121, 1.000000000000000000),
 ( 1.000000000000000000, 0.9472129137771346796, 1.000000000000000000),
 ( 1.000000000000000000, 0.9492333359681671690, 1.000000000000000000),
 ( 1.000000000000000000, 0.9503417831560458939, 1.000000000000000000),
 ( 1.000000000000000000, 0.9539304162107431484, 1.000000000000000000),
 ( 1.000000000000000000, 0.9566923405398991553, 1.000000000000000000),
 ( 1.000000000000000000, 0.9613818286979450844, 1.000000000000000000),
 ( 1.000000000000000000, 0.9630380021557223280, 1.000000000000000000),
 ( 1.000000000000000000, 0.9664127748869986156, 1.000000000000000000),
 ( 1.000000000000000000, 0.9681407999675942788, 1.000000000000000000),
 ( 1.000000000000000000, 0.9698494303495824864, 1.000000000000000000) ) ) 
 REPRESENTATION_ITEM ( '' )  SURFACE ( )  );
#1436 = CARTESIAN_POINT ( 'NONE',  ( -7.694077540369664625, -24.98368793961410717, 6.358029377436332119 ) ) ;
#1437 = CARTESIAN_POINT ( 'NONE',  ( 18.16084132410279750, -20.66701021725534204, 7.037561326598023470 ) ) ;
#1438 = B_SPLINE_CURVE_WITH_KNOTS ( 'NONE', 3,
 ( #4906, #736, #5978, #142 ),
 .UNSPECIFIED., .F., .F.,
 ( 4, 4 ),
 ( 2.234689511463780219E-07, 0.007862451393195206764 ),
 .UNSPECIFIED. ) ;
#1439 = CARTESIAN_POINT ( 'NONE',  ( 8.417378495273659667, -22.47730986112116014, 10.96929480802565315 ) ) ;
#1440 = CARTESIAN_POINT ( 'NONE',  ( 26.99999999999999289, 4.674925199858519065, 3.982254291923457590 ) ) ;
#1441 = B_SPLINE_CURVE_WITH_KNOTS ( 'NONE', 3,
 ( #4838, #4108, #3102, #5977, #4575, #1714 ),
 .UNSPECIFIED., .F., .F.,
 ( 4, 2, 4 ),
 ( 0.000000000000000000, 0.0008714490287456559724, 0.001742898057491311945 ),
 .UNSPECIFIED. ) ;
#1442 = EDGE_CURVE ( 'NONE', #1316, #2510, #4938, .T. ) ;
#1443 = CARTESIAN_POINT ( 'NONE',  ( 194.2911684466444626, 0.000000000000000000, -121.7595244375777810 ) ) ;
#1444 = CARTESIAN_POINT ( 'NONE',  ( 8.499999999999847233, -25.50000000000000355, 2.627371485753517533 ) ) ;
#1445 = CARTESIAN_POINT ( 'NONE',  ( 19.61742241378097518, -16.30308932816863887, 9.762528989855688621 ) ) ;
#1446 = CARTESIAN_POINT ( 'NONE',  ( 21.82098021133703725, -10.01023859334001997, 13.33989234072951113 ) ) ;
#1447 = AXIS2_PLACEMENT_3D ( 'NONE', #761, #1826, #4168 ) ;
#1448 = CIRCLE ( 'NONE', #3429, 21.00000000000000355 ) ;
#1449 = CARTESIAN_POINT ( 'NONE',  ( -27.00000000000000355, -4.674925199857651315, 3.982254291923508660 ) ) ;
#1450 = CARTESIAN_POINT ( 'NONE',  ( -26.51380109627522685, 7.438184309592783983, 6.966756754803736129 ) ) ;
#1451 = AXIS2_PLACEMENT_3D ( 'NONE', #3327, #492, #2392 ) ;
#1452 = EDGE_LOOP ( 'NONE', ( #86, #3367, #45, #4589, #4608 ) ) ;
#1453 = CARTESIAN_POINT ( 'NONE',  ( 57.49999999999997868, 0.000000000000000000, -121.7595244375778094 ) ) ;
#1454 = EDGE_CURVE ( 'NONE', #3804, #4274, #3251, .T. ) ;
#1455 = CARTESIAN_POINT ( 'NONE',  ( 25.64679231829112638, 4.095188660843120942, 6.048617760273205413 ) ) ;
#1456 = CARTESIAN_POINT ( 'NONE',  ( -34.99999999999997158, 0.000000000000000000, -214.9999999999999432 ) ) ;
#1457 = FACE_BOUND ( 'NONE', #542, .T. ) ;
#1458 = AXIS2_PLACEMENT_3D ( 'NONE', #316, #4046, #4943 ) ;
#1459 = APPLICATION_PROTOCOL_DEFINITION ( 'international standard', 'config_control_design', 1994, #3974 ) ;
#1460 = EDGE_LOOP ( 'NONE', ( #1931, #2950, #5795, #3585, #553 ) ) ;
#1461 = TOROIDAL_SURFACE ( 'NONE', #158, 229.2911684466444342, 22.50000000000000355 ) ;
#1462 = ORIENTED_EDGE ( 'NONE', *, *, #3827, .F. ) ;
#1463 = B_SPLINE_CURVE_WITH_KNOTS ( 'NONE', 3,
 ( #577, #3942, #3976, #2479, #4446, #5437 ),
 .UNSPECIFIED., .F., .F.,
 ( 4, 2, 4 ),
 ( 0.004017031454241886193, 0.006026026385758404685, 0.008035021317274923178 ),
 .UNSPECIFIED. ) ;
#1464 = CARTESIAN_POINT ( 'NONE',  ( 26.78567791675019549, 4.962546371393246503, 6.964692016090495486 ) ) ;
#1465 = CARTESIAN_POINT ( 'NONE',  ( 11.06605005770544636, 21.30456563959054606, 11.98138274789929270 ) ) ;
#1466 = CARTESIAN_POINT ( 'NONE',  ( 1.019215892068490392, -25.48089680417819025, 5.752754501673155829 ) ) ;
#1467 = CARTESIAN_POINT ( 'NONE',  ( 8.499999999999847233, 25.49999999999999645, 5.000000000000000000 ) ) ;
#1468 = VERTEX_POINT ( 'NONE', #3794 ) ;
#1469 = CARTESIAN_POINT ( 'NONE',  ( 7.117665167813068017, -22.94279063270712626, 7.764824007771047754 ) ) ;
#1470 =( BOUNDED_SURFACE ( )  B_SPLINE_SURFACE ( 3, 2, ( 
 ( #3097, #5158, #3168 ),
 ( #5598, #796, #4102 ),
 ( #3607, #2727, #5061 ),
 ( #2266, #6030, #6123 ),
 ( #4170, #3199, #1770 ),
 ( #2295, #2234, #5633 ),
 ( #6063, #2325, #3671 ),
 ( #396, #3638, #4688 ) ),
 .UNSPECIFIED., .F., .F., .F. ) 
 B_SPLINE_SURFACE_WITH_KNOTS ( ( 4, 2, 2, 4 ),
 ( 3, 3 ),
 ( -1.290200585257750276E-17, 0.0004333415891559352028, 0.0008666831783118833076, 0.001733366356623779409 ),
 ( 0.000000000000000000, 1.000000000000000000 ),
 .UNSPECIFIED. ) 
 GEOMETRIC_REPRESENTATION_ITEM ( )  RATIONAL_B_SPLINE_SURFACE ( (
 ( 1.000000000000000000, 0.9870077998580891743, 1.000000000000000000),
 ( 1.000000000000000000, 0.9854550058133200174, 1.000000000000000000),
 ( 1.000000000000000000, 0.9840240203856941426, 1.000000000000000000),
 ( 1.000000000000000000, 0.9811895609465922652, 1.000000000000000000),
 ( 1.000000000000000000, 0.9797919679652943303, 1.000000000000000000),
 ( 1.000000000000000000, 0.9755803338390982571, 1.000000000000000000),
 ( 1.000000000000000000, 0.9727505767614660348, 1.000000000000000000),
 ( 1.000000000000000000, 0.9698494303495830415, 1.000000000000000000) ) ) 
 REPRESENTATION_ITEM ( '' )  SURFACE ( )  );
#1471 = CARTESIAN_POINT ( 'NONE',  ( 8.499999999999847233, 25.49999999999999645, -10.00000000000000000 ) ) ;
#1472 = CARTESIAN_POINT ( 'NONE',  ( 21.66079761919966984, -20.61778768475185686, 0.7686231089957917817 ) ) ;
#1473 = CARTESIAN_POINT ( 'NONE',  ( 17.10782405198112599, -21.47448652756806098, 6.957441983543642294 ) ) ;
#1474 = CARTESIAN_POINT ( 'NONE',  ( 22.51406563973200292, -8.335620892093634993, 13.21007766228334646 ) ) ;
#1475 = CARTESIAN_POINT ( 'NONE',  ( -27.00000000000000355, -2.954425590911315513, 1.533488685545753905 ) ) ;
#1476 = CARTESIAN_POINT ( 'NONE',  ( 20.64465850556686632, 21.44402474739663944, 0.8389332979064377804 ) ) ;
#1477 = EDGE_CURVE ( 'NONE', #697, #1316, #5176, .T. ) ;
#1478 = CARTESIAN_POINT ( 'NONE',  ( -24.62869012863764340, -6.723982426174854865, 9.625942840546999335 ) ) ;
#1479 = CARTESIAN_POINT ( 'NONE',  ( 26.14975409030687103, 11.04402205548419147, -9.999999999999980460 ) ) ;
#1480 = CARTESIAN_POINT ( 'NONE',  ( 25.73082177944084137, 1.649401373212550315, 6.053918697107519620 ) ) ;
#1481 = CARTESIAN_POINT ( 'NONE',  ( -12.60094542670801232, 23.69196630438583639, 6.935740503151511582 ) ) ;
#1482 = DIRECTION ( 'NONE',  ( 1.000000000000000000, 0.000000000000000000, 0.000000000000000000 ) ) ;
#1483 = CARTESIAN_POINT ( 'NONE',  ( -9.142731420280886923, 25.50000000000000355, 2.464771012638995895 ) ) ;
#1484 = CARTESIAN_POINT ( 'NONE',  ( 10.77113886691649824, 22.88007116891018811, 6.211724294177217054 ) ) ;
#1485 = ORIENTED_EDGE ( 'NONE', *, *, #3400, .T. ) ;
#1486 = CARTESIAN_POINT ( 'NONE',  ( -18.04370152026853802, 21.35994334000321970, 0.9988747552807127894 ) ) ;
#1487 = ORIENTED_EDGE ( 'NONE', *, *, #5088, .F. ) ;
#1488 = CARTESIAN_POINT ( 'NONE',  ( -20.25179002894583746, 15.50883851680805314, 13.40663247416812531 ) ) ;
#1489 = CARTESIAN_POINT ( 'NONE',  ( -8.499999999999861444, 15.49999999999999467, -10.00000000000000000 ) ) ;
#1490 = CARTESIAN_POINT ( 'NONE',  ( 6.626878193733234390, 23.08477263082799880, 7.556586290312687915 ) ) ;
#1491 = CARTESIAN_POINT ( 'NONE',  ( -27.00000000000000355, 0.9576363494623481021, -4.850490092778606765 ) ) ;
#1492 = FACE_OUTER_BOUND ( 'NONE', #3738, .T. ) ;
#1493 = VERTEX_POINT ( 'NONE', #3014 ) ;
#1494 = CARTESIAN_POINT ( 'NONE',  ( -34.99999999999997868, 0.000000000000000000, -121.7595244375777526 ) ) ;
#1495 = CARTESIAN_POINT ( 'NONE',  ( 7.879608303106617306, -22.67142457621848450, 10.71319073797008414 ) ) ;
#1496 = CARTESIAN_POINT ( 'NONE',  ( 4.817094421277247740, -24.00000000002674838, 4.753987158651358236 ) ) ;
#1497 = CARTESIAN_POINT ( 'NONE',  ( 23.24764226897853447, 17.96039853517834217, -13.73753303378248880 ) ) ;
#1498 = CARTESIAN_POINT ( 'NONE',  ( 6.390411659715770298, 25.16415358205702546, 6.142607925679112846 ) ) ;
#1499 = DIRECTION ( 'NONE',  ( -6.958303758924493467E-15, -0.9783387852744761526, 0.2070101959509792477 ) ) ;
#1500 = CARTESIAN_POINT ( 'NONE',  ( 18.65560779105151568, -20.38538235781250307, 6.978060585584004549 ) ) ;
#1501 = ADVANCED_FACE ( 'NONE', ( #122 ), #5490, .F. ) ;
#1502 = CARTESIAN_POINT ( 'NONE',  ( -28.26608483491363444, -8.658390506626060912, 4.365036625672180648 ) ) ;
#1503 = CARTESIAN_POINT ( 'NONE',  ( 34.99999999999997868, 0.000000000000000000, -214.9999999999999716 ) ) ;
#1504 = CARTESIAN_POINT ( 'NONE',  ( 28.49999999999998934, 4.784789044862590934, 1.356971574214190790 ) ) ;
#1505 = CARTESIAN_POINT ( 'NONE',  ( 25.47341283562451153, 16.09863514218778846, 0.6407138748602869693 ) ) ;
#1506 = ORIENTED_EDGE ( 'NONE', *, *, #2728, .T. ) ;
#1507 = CARTESIAN_POINT ( 'NONE',  ( 8.499999999999868550, 22.47226601139221813, -17.16850798049250670 ) ) ;
#1508 = CARTESIAN_POINT ( 'NONE',  ( -24.00018777227367650, 0.6135190367907785713, 12.14115618267545216 ) ) ;
#1509 = B_SPLINE_CURVE_WITH_KNOTS ( 'NONE', 3,
 ( #4675, #3744, #4866, #4834, #599, #2006, #3401, #875 ),
 .UNSPECIFIED., .F., .F.,
 ( 4, 2, 2, 4 ),
 ( 0.000000000000000000, 0.002885908563938250227, 0.004328862845907376425, 0.005771817127876501322 ),
 .UNSPECIFIED. ) ;
#1510 = CARTESIAN_POINT ( 'NONE',  ( 26.54835951801983995, -6.728600003183274225, 7.029990595898253147 ) ) ;
#1511 = CARTESIAN_POINT ( 'NONE',  ( -17.29716880488001962, 21.28118859872851232, 7.032607401162641381 ) ) ;
#1512 = B_SPLINE_CURVE_WITH_KNOTS ( 'NONE', 3,
 ( #1794, #2719, #1294, #1355, #3246, #1761 ),
 .UNSPECIFIED., .F., .F.,
 ( 4, 2, 4 ),
 ( 0.000000000000000000, 0.001408642295806746166, 0.002817284591613492331 ),
 .UNSPECIFIED. ) ;
#1513 = CARTESIAN_POINT ( 'NONE',  ( 0.000000000000000000, 0.000000000000000000, 70.00000000000000000 ) ) ;
#1514 = EDGE_CURVE ( 'NONE', #734, #3774, #113, .T. ) ;
#1515 = CARTESIAN_POINT ( 'NONE',  ( -26.64114431739372435, 6.141107799544506918, 7.025689749096724057 ) ) ;
#1516 = ORIENTED_EDGE ( 'NONE', *, *, #6064, .F. ) ;
#1517 = CARTESIAN_POINT ( 'NONE',  ( -13.08164061005112622, 20.12357047682890610, 12.53268785712835331 ) ) ;
#1518 = ORIENTED_EDGE ( 'NONE', *, *, #823, .T. ) ;
#1519 = CARTESIAN_POINT ( 'NONE',  ( -28.50000000000000711, -6.159073215340816532, 1.153848117603099244 ) ) ;
#1520 = SECURITY_CLASSIFICATION ( '', '', #1833 ) ;
#1521 = CARTESIAN_POINT ( 'NONE',  ( -6.867212677870702109, 24.57044293727251372, 7.808835677674694331 ) ) ;
#1522 = CARTESIAN_POINT ( 'NONE',  ( 34.99999999999997868, 0.000000000000000000, -121.7595244375778378 ) ) ;
#1523 = CARTESIAN_POINT ( 'NONE',  ( -23.03041171771790374, -15.98582671467666039, -13.16753674651755368 ) ) ;
#1524 = DIRECTION ( 'NONE',  ( 1.000000000000000000, 0.000000000000000000, 0.000000000000000000 ) ) ;
#1525 = VERTEX_POINT ( 'NONE', #4774 ) ;
#1526 = CARTESIAN_POINT ( 'NONE',  ( 14.06361940651586551, -19.45678138839303983, 12.75455127561573576 ) ) ;
#1527 = EDGE_CURVE ( 'NONE', #742, #4385, #2645, .T. ) ;
#1528 = CARTESIAN_POINT ( 'NONE',  ( 16.89051769468185427, 19.11429068127457853, 13.08182909621957180 ) ) ;
#1529 = CARTESIAN_POINT ( 'NONE',  ( 12.17399744619576651, -23.95009893428716197, 6.790073804995997442 ) ) ;
#1530 = CARTESIAN_POINT ( 'NONE',  ( -16.54772470242987836, -17.38563876900277450, 13.17207491901408645 ) ) ;
#1531 = CARTESIAN_POINT ( 'NONE',  ( -21.51036509555007470, -20.74891140628613684, 0.7782042761373826334 ) ) ;
#1532 = CARTESIAN_POINT ( 'NONE',  ( -4.855535989708118727, 25.50000000002671996, 4.908483951504356568 ) ) ;
#1533 = CARTESIAN_POINT ( 'NONE',  ( 27.72716126494374222, 11.11133527085463335, -9.259915870724647391 ) ) ;
#1534 = CARTESIAN_POINT ( 'NONE',  ( -25.54282622923766510, 4.881928327102289522, 6.128737224381067605 ) ) ;
#1535 = VECTOR ( 'NONE', #5180, 1000.000000000000000 ) ;
#1536 = CARTESIAN_POINT ( 'NONE',  ( 11.07648443150915263, 25.34392259290320126, 2.059723801248793507 ) ) ;
#1537 = CARTESIAN_POINT ( 'NONE',  ( -28.50000000000000355, 2.960475922606853327, 1.532905204628796758 ) ) ;
#1538 = AXIS2_PLACEMENT_3D ( 'NONE', #4526, #232, #198 ) ;
#1539 = CARTESIAN_POINT ( 'NONE',  ( -7.753471929787158601, -20.95863622168468510, -16.51570689985365448 ) ) ;
#1540 = CARTESIAN_POINT ( 'NONE',  ( -23.87909427630921044, -2.484691748925700772, 12.31310269198237251 ) ) ;
#1541 = CARTESIAN_POINT ( 'NONE',  ( -8.237006645804198612, -24.00000000000000355, 4.660706497376128965 ) ) ;
#1542 = CARTESIAN_POINT ( 'NONE',  ( -23.10726779622163463, 19.17761510202160480, 4.276787252668034611 ) ) ;
#1543 = LINE ( 'NONE', #4380, #1267 ) ;
#1544 = CARTESIAN_POINT ( 'NONE',  ( -24.99606933761959482, -5.200719603908308564, 12.77564257298753425 ) ) ;
#1545 = VECTOR ( 'NONE', #5160, 1000.000000000000000 ) ;
#1546 = VECTOR ( 'NONE', #5312, 1000.000000000000000 ) ;
#1547 = MECHANICAL_CONTEXT ( 'NONE', #4226, 'mechanical' ) ;
#1548 = ORIENTED_EDGE ( 'NONE', *, *, #4364, .T. ) ;
#1549 = CARTESIAN_POINT ( 'NONE',  ( -9.378996621615280915, 22.10568178200105649, 8.401865929146541845 ) ) ;
#1550 = CARTESIAN_POINT ( 'NONE',  ( -22.75238759941825251, 13.93510691567011328, 6.077125041995914856 ) ) ;
#1551 = ORIENTED_EDGE ( 'NONE', *, *, #5088, .T. ) ;
#1552 = AXIS2_PLACEMENT_3D ( 'NONE', #737, #2671, #3545 ) ;
#1553 = CARTESIAN_POINT ( 'NONE',  ( -26.75907836220199343, -8.537797979968260620, 0.9295387263331675864 ) ) ;
#1554 = DIRECTION ( 'NONE',  ( 0.8922873051864864680, 0.000000000000000000, -0.4514680110517664824 ) ) ;
#1555 = CARTESIAN_POINT ( 'NONE',  ( -2.544381520662164498, -25.37790160691154284, 6.874819010537188468 ) ) ;
#1556 = CARTESIAN_POINT ( 'NONE',  ( -5.028186598200956148, 23.82252205199755934, 5.612719867486828385 ) ) ;
#1557 = CARTESIAN_POINT ( 'NONE',  ( 1.179257020031842746E-14, 7.383884949552604660, -43.04674265679455658 ) ) ;
#1558 = CARTESIAN_POINT ( 'NONE',  ( 19.78522910830308490, 19.34951702802228723, 7.041141956155541060 ) ) ;
#1559 = CARTESIAN_POINT ( 'NONE',  ( -28.50000000000000000, 4.425092742786621791, 1.391660071360970363 ) ) ;
#1560 = VECTOR ( 'NONE', #1093, 1000.000000000000000 ) ;
#1561 = EDGE_CURVE ( 'NONE', #338, #1625, #1324, .T. ) ;
#1562 = CARTESIAN_POINT ( 'NONE',  ( 18.30723099155092726, 15.56626248268529089, 13.36736019785919893 ) ) ;
#1563 = CARTESIAN_POINT ( 'NONE',  ( 6.105633802816795352, 24.75825591324842634, 9.425626491315787447 ) ) ;
#1564 = CARTESIAN_POINT ( 'NONE',  ( 14.95383727127877727, 20.69278072569104765, 12.76575754917249306 ) ) ;
#1565 = CARTESIAN_POINT ( 'NONE',  ( -25.34110559031691778, 6.544310002705328699, 6.159028398228516110 ) ) ;
#1566 = ADVANCED_FACE ( 'NONE', ( #1291 ), #5731, .T. ) ;
#1567 = CARTESIAN_POINT ( 'NONE',  ( -11.58708824225692169, -21.02578818693322305, 12.13890594685885560 ) ) ;
#1568 = CARTESIAN_POINT ( 'NONE',  ( -26.78567791675024168, -4.962546371392682509, 6.964692016090407556 ) ) ;
#1569 = CARTESIAN_POINT ( 'NONE',  ( 1.469576158976823750E-15, 23.99999999999999645, 5.000000000000000000 ) ) ;
#1570 = CARTESIAN_POINT ( 'NONE',  ( 2.468714522842012430E-14, -17.54545900435546457, -23.65011616269810801 ) ) ;
#1571 = CARTESIAN_POINT ( 'NONE',  ( 11.59093343489216643, -22.74733116297530344, 11.94563055040207011 ) ) ;
#1572 = EDGE_CURVE ( 'NONE', #1688, #2940, #2130, .T. ) ;
#1573 = EDGE_CURVE ( 'NONE', #4783, #3099, #2921, .T. ) ;
#1574 = CARTESIAN_POINT ( 'NONE',  ( -13.53663476804537602, 22.23271143134951799, -16.67848035315807920 ) ) ;
#1575 = CARTESIAN_POINT ( 'NONE',  ( -22.35225368784936251, -12.33403591183277648, 9.778492305868583756 ) ) ;
#1576 = CARTESIAN_POINT ( 'NONE',  ( 24.99606933761962679, 5.200719603908170896, 12.77564257298750050 ) ) ;
#1577 = FACE_OUTER_BOUND ( 'NONE', #2052, .T. ) ;
#1578 = CARTESIAN_POINT ( 'NONE',  ( 16.63153948930540693, -20.28430870143639098, 6.154838011745923154 ) ) ;
#1579 = CARTESIAN_POINT ( 'NONE',  ( 17.28946763609376447, 21.30828765409628645, 7.034062179137246851 ) ) ;
#1580 = DIRECTION ( 'NONE',  ( -0.2540981724903221828, 0.000000000000000000, 0.9671784316955576166 ) ) ;
#1581 = ADVANCED_FACE ( 'NONE', ( #1189 ), #1681, .T. ) ;
#1582 = VERTEX_POINT ( 'NONE', #1917 ) ;
#1583 = CARTESIAN_POINT ( 'NONE',  ( -13.01699049034600364, 20.17168090719895091, 8.954339823161735268 ) ) ;
#1584 = CARTESIAN_POINT ( 'NONE',  ( -27.06935298934327605, -2.688821387764050996E-13, 6.838516694834941845 ) ) ;
#1585 = ORIENTED_EDGE ( 'NONE', *, *, #95, .T. ) ;
#1586 = CARTESIAN_POINT ( 'NONE',  ( -23.71021239447913231, 3.718309859154834029, 12.53772396082003837 ) ) ;
#1587 = DIRECTION ( 'NONE',  ( 0.000000000000000000, 0.000000000000000000, 1.000000000000000000 ) ) ;
#1588 = DIRECTION ( 'NONE',  ( 0.000000000000000000, 0.000000000000000000, 1.000000000000000000 ) ) ;
#1589 = CARTESIAN_POINT ( 'NONE',  ( 26.99999999999998579, -3.764168496009483444, -5.534563161942036125 ) ) ;
#1590 = CARTESIAN_POINT ( 'NONE',  ( 18.16228834792702074, 20.66593053503263633, 7.037567391185932664 ) ) ;
#1591 = CARTESIAN_POINT ( 'NONE',  ( -7.977227916437445110, 25.49999999999999645, 2.884302719961991723 ) ) ;
#1592 = ORIENTED_EDGE ( 'NONE', *, *, #2382, .F. ) ;
#1593 = CARTESIAN_POINT ( 'NONE',  ( 25.57338399934658923, -4.893044264783241282, 6.082483006904447542 ) ) ;
#1594 = CARTESIAN_POINT ( 'NONE',  ( 8.499999999999847233, -25.50000000000000355, -9.999999999999998224 ) ) ;
#1595 = CARTESIAN_POINT ( 'NONE',  ( 21.75509817044096650, 13.36186875495110904, 13.44057772490979552 ) ) ;
#1596 = CARTESIAN_POINT ( 'NONE',  ( -26.44054487591721525, 10.06557908771161536, 3.800472278132871029 ) ) ;
#1597 = CARTESIAN_POINT ( 'NONE',  ( -23.86561278054023560, 11.74451669415535449, 6.090709287407685579 ) ) ;
#1598 = CARTESIAN_POINT ( 'NONE',  ( -10.62206592460495180, -21.53877919792884654, 8.644891758139305438 ) ) ;
#1599 = CARTESIAN_POINT ( 'NONE',  ( 0.000000000000000000, -24.00000000000000000, 5.000000000000000000 ) ) ;
#1600 = CARTESIAN_POINT ( 'NONE',  ( -5.184755925198626159, -25.28897081314849871, 5.908409820578862437 ) ) ;
#1601 = CARTESIAN_POINT ( 'NONE',  ( 8.499999999999864997, -24.00000000000000000, 2.627371485753510871 ) ) ;
#1602 = CARTESIAN_POINT ( 'NONE',  ( 19.44883391582676424, -16.50460332245296513, 13.35865843763670391 ) ) ;
#1603 = VERTEX_POINT ( 'NONE', #5716 ) ;
#1604 = CARTESIAN_POINT ( 'NONE',  ( -8.240012328775121020, 25.49999999999999289, 2.758916691141446886 ) ) ;
#1605 = CARTESIAN_POINT ( 'NONE',  ( -23.16107143425350401, -10.68673163409720672, 9.753844996533020506 ) ) ;
#1606 = CARTESIAN_POINT ( 'NONE',  ( 19.47278847234463584, 16.51371460050049933, 13.36882194705919247 ) ) ;
#1607 = ORIENTED_EDGE ( 'NONE', *, *, #1707, .T. ) ;
#1608 = CARTESIAN_POINT ( 'NONE',  ( -8.840510663954539439, -23.31983560585340243, 6.139987409737427626 ) ) ;
#1609 = CARTESIAN_POINT ( 'NONE',  ( 10.31403013184125861, -22.99033459833998450, 6.212644458022493765 ) ) ;
#1610 = EDGE_CURVE ( 'NONE', #3042, #159, #2213, .T. ) ;
#1611 = CARTESIAN_POINT ( 'NONE',  ( 8.499999999999866773, 15.49999999999999467, 2.627371485753603242 ) ) ;
#1612 = CARTESIAN_POINT ( 'NONE',  ( -11.59878782110604512, -22.71775735903380422, 11.93375918925314139 ) ) ;
#1613 = ORIENTED_EDGE ( 'NONE', *, *, #5395, .F. ) ;
#1614 = CARTESIAN_POINT ( 'NONE',  ( 8.499999999999861444, 23.99999999999999289, 2.627371485753595692 ) ) ;
#1615 = CARTESIAN_POINT ( 'NONE',  ( -194.2911684466444910, 0.000000000000000000, -121.7595244375777810 ) ) ;
#1616 = ORIENTED_EDGE ( 'NONE', *, *, #813, .T. ) ;
#1617 = CARTESIAN_POINT ( 'NONE',  ( -24.35340927209529838, -17.71076523171722883, 0.6516381913687361305 ) ) ;
#1618 = EDGE_CURVE ( 'NONE', #3658, #1849, #5766, .T. ) ;
#1619 = CARTESIAN_POINT ( 'NONE',  ( 22.01962122001679845, 9.565076181564622360, 9.210502450451357959 ) ) ;
#1620 = CARTESIAN_POINT ( 'NONE',  ( 5.136565426803434420, -25.28843804473113366, 5.924316191324195735 ) ) ;
#1621 = CARTESIAN_POINT ( 'NONE',  ( -7.573189171432240130, 23.56113474867214919, 5.897889810363936114 ) ) ;
#1622 = CARTESIAN_POINT ( 'NONE',  ( -8.418137078318941838E-15, 11.13712294068235131, -38.24016592591306107 ) ) ;
#1623 = CARTESIAN_POINT ( 'NONE',  ( 24.10095371261283503, 13.86052223883224599, 7.037561455125483256 ) ) ;
#1624 = CARTESIAN_POINT ( 'NONE',  ( -26.14975409030689946, 11.04402205548417371, -9.999999999999994671 ) ) ;
#1625 = VERTEX_POINT ( 'NONE', #1569 ) ;
#1626 = CIRCLE ( 'NONE', #1118, 11.50000000000000000 ) ;
#1627 = CARTESIAN_POINT ( 'NONE',  ( -27.00000000000000000, 1.478484330680017944, 1.605774675690254449 ) ) ;
#1628 = CARTESIAN_POINT ( 'NONE',  ( 22.53746774181094281, -8.271599257604057343, 13.20394465156403818 ) ) ;
#1629 = CARTESIAN_POINT ( 'NONE',  ( 1.028632314817402582, 25.49999999999999645, 5.760035780233991431 ) ) ;
#1630 = CARTESIAN_POINT ( 'NONE',  ( 17.69378064381703908, 21.56532155251444749, 1.035157443437349833 ) ) ;
#1631 = CARTESIAN_POINT ( 'NONE',  ( 24.39496716862763392, -13.47937271255020875, 6.989481035172139478 ) ) ;
#1632 = CARTESIAN_POINT ( 'NONE',  ( -23.43734720937412064, -5.304796411820130508, 9.079874909908170366 ) ) ;
#1633 = CARTESIAN_POINT ( 'NONE',  ( -20.53445806884801783, -18.63455973224041884, 7.040227788497722017 ) ) ;
#1634 = CARTESIAN_POINT ( 'NONE',  ( 25.19995169454210782, -7.536901314776345728, 6.144658017603121358 ) ) ;
#1635 = CARTESIAN_POINT ( 'NONE',  ( -9.646102824051748570, 24.56634204593978765, 6.773130650930952790 ) ) ;
#1636 = CARTESIAN_POINT ( 'NONE',  ( 25.19210066913406365, -3.950704225352112076, 12.53772396082005258 ) ) ;
#1637 =( BOUNDED_SURFACE ( )  B_SPLINE_SURFACE ( 3, 2, ( 
 ( #603, #1641, #1097 ),
 ( #4004, #5841, #3066 ),
 ( #3507, #4475, #5002 ),
 ( #5467, #633, #3032 ),
 ( #1169, #733, #3441 ),
 ( #3576, #4508, #282 ) ),
 .UNSPECIFIED., .F., .F., .T. ) 
 B_SPLINE_SURFACE_WITH_KNOTS ( ( 4, 2, 4 ),
 ( 3, 3 ),
 ( 0.007048296248673541729, 0.01146053405507914402, 0.01587277186148474545 ),
 ( 0.000000000000000000, 1.000000000000000000 ),
 .UNSPECIFIED. ) 
 GEOMETRIC_REPRESENTATION_ITEM ( )  RATIONAL_B_SPLINE_SURFACE ( (
 ( 1.000000000000000000, 0.9561819365777148860, 1.000000000000000000),
 ( 1.000000000000000000, 0.9599639141703386613, 1.000000000000000000),
 ( 1.000000000000000000, 0.9617653771962190179, 1.000000000000000000),
 ( 1.000000000000000000, 0.9617730170134525247, 1.000000000000000000),
 ( 1.000000000000000000, 0.9599793571244202850, 1.000000000000000000),
 ( 1.000000000000000000, 0.9561819365777138868, 1.000000000000000000) ) ) 
 REPRESENTATION_ITEM ( '' )  SURFACE ( )  );
#1638 = VERTEX_POINT ( 'NONE', #3606 ) ;
#1639 = CARTESIAN_POINT ( 'NONE',  ( -23.95139515833860600, 17.32187851133814149, -13.34676546857016355 ) ) ;
#1640 = CARTESIAN_POINT ( 'NONE',  ( -18.47710970380785156, -17.57688196448830453, 13.27268032933298869 ) ) ;
#1641 = CARTESIAN_POINT ( 'NONE',  ( 26.99999999999998579, -4.674925199858064317, 3.982254291923504219 ) ) ;
#1642 = AXIS2_PLACEMENT_3D ( 'NONE', #4163, #1328, #5151 ) ;
#1643 = CARTESIAN_POINT ( 'NONE',  ( -28.50000000000000000, -4.653258422266318917, -5.481834109450130832 ) ) ;
#1644 = CARTESIAN_POINT ( 'NONE',  ( 25.19210066913402102, -3.950704225352348775, 12.53772396082009166 ) ) ;
#1645 = CARTESIAN_POINT ( 'NONE',  ( 6.888155080739680969, 23.99999999999999289, 3.290432263557699688 ) ) ;
#1646 = VECTOR ( 'NONE', #4095, 1000.000000000000000 ) ;
#1647 = ADVANCED_FACE ( 'NONE', ( #2101 ), #4886, .F. ) ;
#1648 = ORIENTED_EDGE ( 'NONE', *, *, #1330, .T. ) ;
#1649 = CARTESIAN_POINT ( 'NONE',  ( -12.58194916290571896, 20.43971538570179902, 12.40878558451690061 ) ) ;
#1650 = CARTESIAN_POINT ( 'NONE',  ( -12.63899720559806461, 22.28349155448580277, 6.205896519464650041 ) ) ;
#1651 = ORIENTED_EDGE ( 'NONE', *, *, #4369, .T. ) ;
#1652 = CARTESIAN_POINT ( 'NONE',  ( -26.93550396086601140, -7.227846079614844044, 3.903960649348619860 ) ) ;
#1653 = CARTESIAN_POINT ( 'NONE',  ( 16.93624860574633573, 17.00891687262462071, 9.189155985393233195 ) ) ;
#1654 = AXIS2_PLACEMENT_3D ( 'NONE', #1738, #5494, #4628 ) ;
#1655 = CARTESIAN_POINT ( 'NONE',  ( -2.299720483233722135, 23.99999999999999289, 4.444897362845067867 ) ) ;
#1656 = CARTESIAN_POINT ( 'NONE',  ( -8.714453074183625670E-15, -19.76916992745070445, -21.93290479260830494 ) ) ;
#1657 = CARTESIAN_POINT ( 'NONE',  ( 18.75962013216710744, 22.68921017987340960, 4.388377463749271179 ) ) ;
#1658 = CARTESIAN_POINT ( 'NONE',  ( 25.95584314576584717, 11.74287529556047893, 3.755290693798829516 ) ) ;
#1659 = EDGE_CURVE ( 'NONE', #159, #1625, #351, .T. ) ;
#1660 = CIRCLE ( 'NONE', #5140, 8.500000000000000000 ) ;
#1661 = VERTEX_POINT ( 'NONE', #597 ) ;
#1662 = ORIENTED_EDGE ( 'NONE', *, *, #792, .F. ) ;
#1663 = CARTESIAN_POINT ( 'NONE',  ( 6.372029471877031170, -23.71623473771488833, 5.723072894701461522 ) ) ;
#1664 = CARTESIAN_POINT ( 'NONE',  ( 21.04102894971414628, -11.60022598157684648, 9.233131040747974083 ) ) ;
#1665 = CARTESIAN_POINT ( 'NONE',  ( 19.55452070630116523, 16.41574005485298926, 13.37429271250729457 ) ) ;
#1666 = CARTESIAN_POINT ( 'NONE',  ( -25.79381336735642805, 12.07796180275475351, 0.7172723426120801715 ) ) ;
#1667 = AXIS2_PLACEMENT_3D ( 'NONE', #1494, #3770, #3328 ) ;
#1668 = CARTESIAN_POINT ( 'NONE',  ( 21.92416710156368254, -17.07191727505734846, 7.038269678027583964 ) ) ;
#1669 = CARTESIAN_POINT ( 'NONE',  ( -22.01962122001703648, -9.565076181563020086, 9.210502450451384604 ) ) ;
#1670 = CARTESIAN_POINT ( 'NONE',  ( -2.299691965094817547, -24.00000000000000000, 4.444848683271930057 ) ) ;
#1671 = CARTESIAN_POINT ( 'NONE',  ( -2.331655527261643268, -25.42048786679809780, 5.993365898368176126 ) ) ;
#1672 = CARTESIAN_POINT ( 'NONE',  ( -1.299946512479689266E-14, -0.7622183639328971028, -46.65643707017245845 ) ) ;
#1673 = CARTESIAN_POINT ( 'NONE',  ( 14.78941429865482959, -20.78275810391496847, 12.72445468721907602 ) ) ;
#1674 = ORIENTED_EDGE ( 'NONE', *, *, #1049, .F. ) ;
#1675 = CARTESIAN_POINT ( 'NONE',  ( -11.03561085717197443, 22.47185168692274715, -16.98871780833348666 ) ) ;
#1676 = CARTESIAN_POINT ( 'NONE',  ( -10.64126313894037779, -23.18188049455117650, 11.62535965497744961 ) ) ;
#1677 = CARTESIAN_POINT ( 'NONE',  ( -25.64679231829095230, -4.095188660842446815, 6.048617760267910093 ) ) ;
#1678 = ORIENTED_EDGE ( 'NONE', *, *, #4246, .T. ) ;
#1679 = CARTESIAN_POINT ( 'NONE',  ( 2.299713685010936981, 23.99999999999999289, 4.444899020366863240 ) ) ;
#1680 = CARTESIAN_POINT ( 'NONE',  ( 9.854371740006358849, -23.10121305326359931, 6.213569756052248039 ) ) ;
#1681 =( BOUNDED_SURFACE ( )  B_SPLINE_SURFACE ( 3, 2, ( 
 ( #3052, #2194, #4956 ),
 ( #4492, #3562, #786 ),
 ( #3087, #3791, #5804 ),
 ( #972, #1532, #4262 ),
 ( #946, #485, #2409 ),
 ( #2386, #4288, #10 ) ),
 .UNSPECIFIED., .F., .F., .F. ) 
 B_SPLINE_SURFACE_WITH_KNOTS ( ( 4, 2, 4 ),
 ( 3, 3 ),
 ( -3.193743534694798772E-05, 0.003516706032876730070, 0.007065349501100407978 ),
 ( 0.000000000000000000, 1.000000000000000000 ),
 .UNSPECIFIED. ) 
 GEOMETRIC_REPRESENTATION_ITEM ( )  RATIONAL_B_SPLINE_SURFACE ( (
 ( 1.000000000000000000, 1.000000000000000000, 1.000000000000000000),
 ( 1.000000000000000000, 0.9999949688489077060, 1.000000000000000000),
 ( 1.000000000000000000, 0.9989841972053006280, 1.000000000000000000),
 ( 1.000000000000000000, 0.9947685979742935114, 1.000000000000000000),
 ( 1.000000000000000000, 0.9915694353329640442, 1.000000000000000000),
 ( 1.000000000000000000, 0.9870077998580937262, 1.000000000000000000) ) ) 
 REPRESENTATION_ITEM ( '' )  SURFACE ( )  );
#1682 = CARTESIAN_POINT ( 'NONE',  ( 25.37197351647448684, -2.637051779704083110, 12.31254158782428476 ) ) ;
#1683 = CARTESIAN_POINT ( 'NONE',  ( -1.284711531201782275, 25.49999999999999645, 5.233759632861753275 ) ) ;
#1684 = ADVANCED_FACE ( 'NONE', ( #2036 ), #202, .F. ) ;
#1685 = ORIENTED_EDGE ( 'NONE', *, *, #3383, .F. ) ;
#1686 = CARTESIAN_POINT ( 'NONE',  ( 28.49999999999998934, 5.623914101832395654E-13, -4.444189677345006473 ) ) ;
#1687 = CARTESIAN_POINT ( 'NONE',  ( 3.418659726393671772, -21.71545759981449564, -17.83673403510831434 ) ) ;
#1688 = VERTEX_POINT ( 'NONE', #4627 ) ;
#1689 = CARTESIAN_POINT ( 'NONE',  ( -22.47204871435728535, -14.35345507961609002, 6.077564410551525853 ) ) ;
#1690 = CARTESIAN_POINT ( 'NONE',  ( 18.40425478240054957, 15.45010828692103644, 13.37429271250884177 ) ) ;
#1691 = CARTESIAN_POINT ( 'NONE',  ( 10.31403013184134210, 22.99033459833995963, 6.212644458022505312 ) ) ;
#1692 = CARTESIAN_POINT ( 'NONE',  ( 3.762546323860499833E-16, -15.46686878664803366, -34.63816019264138646 ) ) ;
#1693 = CARTESIAN_POINT ( 'NONE',  ( 21.77647926051829685, 20.51462444681381925, 4.301477442593267142 ) ) ;
#1694 = CARTESIAN_POINT ( 'NONE',  ( 7.694077540369653967, 24.98368793961410006, 6.358029377436327678 ) ) ;
#1695 = EDGE_LOOP ( 'NONE', ( #1175, #2580, #2620, #4189, #522 ) ) ;
#1696 = B_SPLINE_CURVE_WITH_KNOTS ( 'NONE', 3,
 ( #3715, #4674, #3651, #5549 ),
 .UNSPECIFIED., .F., .F.,
 ( 4, 4 ),
 ( 0.000000000000000000, 0.001087969615946883821 ),
 .UNSPECIFIED. ) ;
#1697 = ORIENTED_EDGE ( 'NONE', *, *, #5382, .F. ) ;
#1698 = CARTESIAN_POINT ( 'NONE',  ( 1.288475038919754123, -23.99999999999759481, 5.156433512100558225 ) ) ;
#1699 = CARTESIAN_POINT ( 'NONE',  ( 22.77588927587362377, -14.00841084738410736, 6.023315602114845291 ) ) ;
#1700 = CARTESIAN_POINT ( 'NONE',  ( -2.508544232771406257, -23.96540503201773120, 5.310448179975771232 ) ) ;
#1701 = CARTESIAN_POINT ( 'NONE',  ( -19.00556194790424414, 18.83804307172554360, -14.86394509259006469 ) ) ;
#1702 = CARTESIAN_POINT ( 'NONE',  ( 27.98381829840983315, -10.06234701456399705, 0.8435476017236404056 ) ) ;
#1703 = CARTESIAN_POINT ( 'NONE',  ( 8.499999999999868550, 22.47226601139221813, -17.16850798049250670 ) ) ;
#1704 = CARTESIAN_POINT ( 'NONE',  ( 18.98108592203632838, 18.48589799577232640, 6.112883380539500422 ) ) ;
#1705 = CARTESIAN_POINT ( 'NONE',  ( 26.96178381244759237, -7.238199039834740667, 3.900771866714251246 ) ) ;
#1706 = DIRECTION ( 'NONE',  ( 0.000000000000000000, -0.000000000000000000, 1.000000000000000000 ) ) ;
#1707 = EDGE_CURVE ( 'NONE', #1791, #4945, #4741, .T. ) ;
#1708 = CARTESIAN_POINT ( 'NONE',  ( 6.888155080739496228, -24.00000000000000000, 3.290432263556855474 ) ) ;
#1709 = ORIENTED_EDGE ( 'NONE', *, *, #5245, .T. ) ;
#1710 = CARTESIAN_POINT ( 'NONE',  ( -9.511476224285036807, 22.50407971890287229, -17.11546945493454785 ) ) ;
#1711 = CARTESIAN_POINT ( 'NONE',  ( -7.740111384715237186, -25.00642851477535089, 6.277127760267382506 ) ) ;
#1712 = CARTESIAN_POINT ( 'NONE',  ( 13.88358908108141776, -19.58573278570465348, 12.71686914721204431 ) ) ;
#1713 = EDGE_CURVE ( 'NONE', #5605, #1493, #2654, .T. ) ;
#1714 = CARTESIAN_POINT ( 'NONE',  ( 8.499999999999847233, 23.99999999999999289, 2.627371485753603242 ) ) ;
#1715 = CARTESIAN_POINT ( 'NONE',  ( 9.395266233551108570, -23.20415910789609271, 6.195295381516658928 ) ) ;
#1716 = CARTESIAN_POINT ( 'NONE',  ( 25.46913858505719830, -1.458550138775965177, 9.292807058230575734 ) ) ;
#1717 = CARTESIAN_POINT ( 'NONE',  ( 25.66604130296271435, -3.257056453862733569, 6.102247670302587856 ) ) ;
#1718 = ORIENTED_EDGE ( 'NONE', *, *, #3017, .T. ) ;
#1719 = CARTESIAN_POINT ( 'NONE',  ( -20.15099699829258739, 17.40071493795700164, 6.037048729258132518 ) ) ;
#1720 = CARTESIAN_POINT ( 'NONE',  ( -18.50000000000000355, -5.500000000000007994, 1.223575944766496448 ) ) ;
#1721 = ORIENTED_EDGE ( 'NONE', *, *, #4801, .T. ) ;
#1722 = CARTESIAN_POINT ( 'NONE',  ( -26.31098842242850466, -10.64337524930856738, 3.781845251506114725 ) ) ;
#1723 = CARTESIAN_POINT ( 'NONE',  ( 20.58293609186345563, 16.97410969389371971, 6.032706762788040855 ) ) ;
#1724 = CARTESIAN_POINT ( 'NONE',  ( 8.009011315236792328, -24.92336422564737219, 6.461784552689787908 ) ) ;
#1725 = CARTESIAN_POINT ( 'NONE',  ( -7.744943699345594013, 25.49999999999923972, 4.922956740478321436 ) ) ;
#1726 = EDGE_LOOP ( 'NONE', ( #750, #2609, #6005, #5307, #5880, #3594, #3640, #5136, #349 ) ) ;
#1727 = EDGE_CURVE ( 'NONE', #3504, #619, #1363, .T. ) ;
#1728 = CARTESIAN_POINT ( 'NONE',  ( 27.06935298934327960, -5.811323644522303766E-14, 6.838516694834943621 ) ) ;
#1729 = CARTESIAN_POINT ( 'NONE',  ( -7.694077540369664625, -24.98368793961410717, 6.358029377436332119 ) ) ;
#1730 = CARTESIAN_POINT ( 'NONE',  ( -5.028182974500500002, -23.82252236556644931, 5.612719446916183408 ) ) ;
#1731 = CARTESIAN_POINT ( 'NONE',  ( -57.49999999999997868, 2.755455298081545961E-15, -121.7595244375777526 ) ) ;
#1732 = DIRECTION ( 'NONE',  ( -0.1535354275131926571, -0.9790355657025056058, 0.1338515356203132944 ) ) ;
#1733 = CARTESIAN_POINT ( 'NONE',  ( 20.81929914684103622, -21.31000837559574990, 4.325003364435958453 ) ) ;
#1734 = CARTESIAN_POINT ( 'NONE',  ( -7.119204412778223912, -22.94234630092120497, 7.765526574631758550 ) ) ;
#1735 = EDGE_CURVE ( 'NONE', #619, #1289, #5429, .T. ) ;
#1736 = CARTESIAN_POINT ( 'NONE',  ( -10.31403013184105966, 22.99033459834003423, 6.212644458022478666 ) ) ;
#1737 = CARTESIAN_POINT ( 'NONE',  ( 19.70341064398745701, -17.80965936519037740, 6.100949878944801341 ) ) ;
#1738 = CARTESIAN_POINT ( 'NONE',  ( -27.00000000000000000, -5.499999999999862332, 5.000000000000000000 ) ) ;
#1739 = LOCAL_TIME ( 0, 3, 37.00000000000000000, #2387 ) ;
#1740 = CARTESIAN_POINT ( 'NONE',  ( -25.46816277374066928, -1.472900825020674098, 9.293259811960851380 ) ) ;
#1741 = B_SPLINE_CURVE_WITH_KNOTS ( 'NONE', 3,
 ( #2094, #620, #5893, #3957 ),
 .UNSPECIFIED., .F., .F.,
 ( 4, 4 ),
 ( 0.000000000000000000, 0.001674849726622223934 ),
 .UNSPECIFIED. ) ;
#1742 = ORIENTED_EDGE ( 'NONE', *, *, #1788, .T. ) ;
#1743 = EDGE_CURVE ( 'NONE', #4968, #4830, #933, .T. ) ;
#1744 = CARTESIAN_POINT ( 'NONE',  ( 2.569440811221495036, 25.45835207574034698, 5.467547124827737193 ) ) ;
#1745 = CARTESIAN_POINT ( 'NONE',  ( 24.54704110748702206, -14.78589461176472497, 0.6389362136456687713 ) ) ;
#1746 = CARTESIAN_POINT ( 'NONE',  ( -26.63823827119833254, 6.159508216994908025, 7.025824453839422112 ) ) ;
#1747 = CARTESIAN_POINT ( 'NONE',  ( 25.66604130296269659, 3.257056453862219314, 6.102247670302489269 ) ) ;
#1748 = EDGE_LOOP ( 'NONE', ( #1758, #3008, #4207, #5883, #2513, #4426 ) ) ;
#1749 = B_SPLINE_CURVE_WITH_KNOTS ( 'NONE', 3,
 ( #4973, #1100, #1172, #1715, #1680, #1609 ),
 .UNSPECIFIED., .F., .F.,
 ( 4, 2, 4 ),
 ( 0.000000000000000000, 0.001408642295806710604, 0.002817284591613421207 ),
 .UNSPECIFIED. ) ;
#1750 = CARTESIAN_POINT ( 'NONE',  ( -22.45276827443817069, 8.500277712802853713, 9.190249676769019160 ) ) ;
#1751 = EDGE_LOOP ( 'NONE', ( #4517, #3449, #2653, #5802, #3709, #3104, #3718 ) ) ;
#1752 = CARTESIAN_POINT ( 'NONE',  ( -14.20395807046565118, -23.13962244003961288, 1.472938650842660291 ) ) ;
#1753 = CARTESIAN_POINT ( 'NONE',  ( 7.573189171425168453, 23.56113474867197155, 5.897889810354421058 ) ) ;
#1754 = CARTESIAN_POINT ( 'NONE',  ( 7.534008008252137678, -25.50000000000077449, 4.905162334313906136 ) ) ;
#1755 = CIRCLE ( 'NONE', #5800, 10.00000000000000355 ) ;
#1756 = CARTESIAN_POINT ( 'NONE',  ( -7.301794665877540780, 25.50000000000001066, 4.864876035899568407 ) ) ;
#1757 =( BOUNDED_SURFACE ( )  B_SPLINE_SURFACE ( 3, 2, ( 
 ( #1563, #2494, #3462 ),
 ( #3991, #5928, #5385 ),
 ( #2524, #2066, #2594 ),
 ( #1115, #4429, #164 ),
 ( #1629, #3019, #654 ),
 ( #3527, #2560, #4463 ) ),
 .UNSPECIFIED., .F., .F., .T. ) 
 B_SPLINE_SURFACE_WITH_KNOTS ( ( 4, 2, 4 ),
 ( 3, 3 ),
 ( 0.03750064219285708517, 0.04235870784316340260, 0.04721677349346972002 ),
 ( 0.000000000000000000, 0.6905842182349137826 ),
 .UNSPECIFIED. ) 
 GEOMETRIC_REPRESENTATION_ITEM ( )  RATIONAL_B_SPLINE_SURFACE ( (
 ( 1.000000000000000000, 0.9772955711960537029, 0.9859497828241943207),
 ( 1.000000000000000000, 0.9848712118081228706, 0.9906378283489039038),
 ( 1.000000000000000000, 0.9905273368090308228, 0.9941380170267379857),
 ( 1.000000000000000000, 0.9980903183362705988, 0.9988182287101894374),
 ( 1.000000000000000000, 1.000000000000000000, 1.000000000000000000),
 ( 1.000000000000000000, 1.000000000000000000, 1.000000000000000000) ) ) 
 REPRESENTATION_ITEM ( '' )  SURFACE ( )  );
#1758 = ORIENTED_EDGE ( 'NONE', *, *, #3321, .T. ) ;
#1759 = CARTESIAN_POINT ( 'NONE',  ( 6.227943428110907398, 23.18315393840625660, 9.781489423577678366 ) ) ;
#1760 = CARTESIAN_POINT ( 'NONE',  ( 10.41463756064027280, -20.99814947432335543, -16.40722863948012389 ) ) ;
#1761 = CARTESIAN_POINT ( 'NONE',  ( -7.573189171425178223, -23.56113474867197866, 5.897889810354421947 ) ) ;
#1762 = CARTESIAN_POINT ( 'NONE',  ( 11.16931524082013283, 22.93866164045154932, 9.033076134124707224 ) ) ;
#1763 = CARTESIAN_POINT ( 'NONE',  ( 23.71021239447911455, -3.718309859154941943, 12.53772396082005258 ) ) ;
#1764 = CARTESIAN_POINT ( 'NONE',  ( 24.91580751577287955, -12.23213079435068451, 7.039088294961219461 ) ) ;
#1765 = CIRCLE ( 'NONE', #1451, 10.00000000000000000 ) ;
#1766 = VECTOR ( 'NONE', #3771, 1000.000000000000000 ) ;
#1767 = DIRECTION ( 'NONE',  ( 1.000000000000000000, 0.000000000000000000, 0.000000000000000000 ) ) ;
#1768 = CARTESIAN_POINT ( 'NONE',  ( 10.75096695544484326, -23.87145622372737819, 2.087407261225083577 ) ) ;
#1769 = CIRCLE ( 'NONE', #4829, 9.999999999999998224 ) ;
#1770 = CARTESIAN_POINT ( 'NONE',  ( -7.580754605659100420, -25.50000000000000355, 3.053062956479397627 ) ) ;
#1771 = CARTESIAN_POINT ( 'NONE',  ( 8.500000000013059775, -22.47226601139275104, -17.16850798049199511 ) ) ;
#1772 = EDGE_CURVE ( 'NONE', #1187, #5051, #3437, .T. ) ;
#1773 = CIRCLE ( 'NONE', #6044, 21.00000000000000000 ) ;
#1774 = CARTESIAN_POINT ( 'NONE',  ( -0.9584330131424346755, -23.98205170619138826, 5.752104528988482457 ) ) ;
#1775 = CARTESIAN_POINT ( 'NONE',  ( -28.50000000000000355, 5.143415728012210586, 1.299026886520874280 ) ) ;
#1776 = CARTESIAN_POINT ( 'NONE',  ( 7.749840469201918935, 25.49999999999898037, 4.923364466702736308 ) ) ;
#1777 = CARTESIAN_POINT ( 'NONE',  ( -20.48269468240392399, -19.86256178365329816, -14.93567789890591868 ) ) ;
#1778 = CARTESIAN_POINT ( 'NONE',  ( -8.372083822049349422, 24.08838861223264871, 10.71319073797238275 ) ) ;
#1779 = ORIENTED_EDGE ( 'NONE', *, *, #2627, .T. ) ;
#1780 = CARTESIAN_POINT ( 'NONE',  ( -0.2539299772112176279, 25.50000000000000355, 5.187623757310515948 ) ) ;
#1781 = CARTESIAN_POINT ( 'NONE',  ( -2.393030499778300513, 23.88525087252257606, 6.873510808487718116 ) ) ;
#1782 = ORIENTED_EDGE ( 'NONE', *, *, #2180, .T. ) ;
#1783 = CARTESIAN_POINT ( 'NONE',  ( -19.57769707335860332, -20.36658765506669511, 0.8516676954798902965 ) ) ;
#1784 = CARTESIAN_POINT ( 'NONE',  ( 4.547100416629149817E-16, 23.99999999999999645, 4.999999999999999112 ) ) ;
#1785 = CARTESIAN_POINT ( 'NONE',  ( -23.51489119430502583, 18.72837900449085069, 0.6773796532373198565 ) ) ;
#1786 = CARTESIAN_POINT ( 'NONE',  ( -1.035192263322237760E-14, -9.659492148189748661, -44.83975970679304623 ) ) ;
#1787 = CARTESIAN_POINT ( 'NONE',  ( -25.37161157191528105, 2.640010415959343604, 12.31301074758670389 ) ) ;
#1788 = EDGE_CURVE ( 'NONE', #5578, #4082, #764, .T. ) ;
#1789 = CARTESIAN_POINT ( 'NONE',  ( 26.39938567771037015, 10.33224887367228995, 0.7991606459651778849 ) ) ;
#1790 = EDGE_LOOP ( 'NONE', ( #5891, #986, #3978, #5198 ) ) ;
#1791 = VERTEX_POINT ( 'NONE', #614 ) ;
#1792 = CARTESIAN_POINT ( 'NONE',  ( 1.272820161910311665, -25.50000000000000000, 5.231596049460884856 ) ) ;
#1793 = CARTESIAN_POINT ( 'NONE',  ( -7.441374892216871650, 23.99999999999999289, 3.108858785284282611 ) ) ;
#1794 = CARTESIAN_POINT ( 'NONE',  ( -10.31403013184135986, -22.99033459833996318, 6.212644458022502647 ) ) ;
#1795 = CARTESIAN_POINT ( 'NONE',  ( 7.944261732576790358, 24.24893762144538201, 8.224316701046589628 ) ) ;
#1796 = CARTESIAN_POINT ( 'NONE',  ( 8.175741133865194854, 24.89142804520868424, 6.516714016203269288 ) ) ;
#1797 = DIRECTION ( 'NONE',  ( 1.000000000000000000, 0.000000000000000000, 0.000000000000000000 ) ) ;
#1798 = DIRECTION ( 'NONE',  ( -0.000000000000000000, -1.000000000000000000, 0.000000000000000000 ) ) ;
#1799 = CARTESIAN_POINT ( 'NONE',  ( 19.86956634063876592, -20.14394019994385232, 3.804004648933074328 ) ) ;
#1800 = CARTESIAN_POINT ( 'NONE',  ( 1.469576158976823750E-15, 23.99999999999999645, 4.999999999999999112 ) ) ;
#1801 = DIRECTION ( 'NONE',  ( 0.4469922825246445686, -6.033820786006286703E-16, 0.8945378132663862614 ) ) ;
#1802 = ORIENTED_EDGE ( 'NONE', *, *, #1365, .F. ) ;
#1803 = CARTESIAN_POINT ( 'NONE',  ( -27.00000000000000000, -5.500000000000007994, 5.000000000000000000 ) ) ;
#1804 = CARTESIAN_POINT ( 'NONE',  ( 6.888155080739469582, 23.99999999999999289, 3.290432263556871018 ) ) ;
#1805 = CARTESIAN_POINT ( 'NONE',  ( -28.50000000000378364, 5.704184798458397765, 4.456000839080587639 ) ) ;
#1806 = CARTESIAN_POINT ( 'NONE',  ( -10.48859438218647000, 24.44378761899422159, 6.648373964834251915 ) ) ;
#1807 = EDGE_LOOP ( 'NONE', ( #3595, #932, #2832 ) ) ;
#1808 = CARTESIAN_POINT ( 'NONE',  ( -5.084097259325581319, 25.01017705311413408, 8.714996714435393699 ) ) ;
#1809 = ORIENTED_EDGE ( 'NONE', *, *, #4929, .T. ) ;
#1810 = EDGE_CURVE ( 'NONE', #4159, #5857, #5542, .T. ) ;
#1811 = CARTESIAN_POINT ( 'NONE',  ( -13.06462781658331807, -23.46646999906078079, 1.649181386042638087 ) ) ;
#1812 = CARTESIAN_POINT ( 'NONE',  ( 1.469576158976823750E-15, 23.99999999999999645, 4.999999999999999112 ) ) ;
#1813 = CARTESIAN_POINT ( 'NONE',  ( 9.395266233551099688, 23.20415910789602165, 6.195295381517226474 ) ) ;
#1814 = CARTESIAN_POINT ( 'NONE',  ( -1.040634963429451858E-14, -4.060290275085682410, -49.89120971680033279 ) ) ;
#1815 = CARTESIAN_POINT ( 'NONE',  ( 19.87152583795194616, 20.14243434892965467, 3.803929988389640471 ) ) ;
#1816 = VERTEX_POINT ( 'NONE', #5789 ) ;
#1817 = ORIENTED_EDGE ( 'NONE', *, *, #3383, .T. ) ;
#1818 = CARTESIAN_POINT ( 'NONE',  ( -2.425088998067585155, -25.50000000001022471, 4.953940284406472827 ) ) ;
#1819 = CARTESIAN_POINT ( 'NONE',  ( -7.862111636907814116, 23.50983612246919208, 5.980577024221832794 ) ) ;
#1820 = CARTESIAN_POINT ( 'NONE',  ( -20.20832846690174378, 18.18442641169087892, -14.46660642070353475 ) ) ;
#1821 = CARTESIAN_POINT ( 'NONE',  ( -20.95165899169623103, -17.67811838011494174, -14.16585975285919297 ) ) ;
#1822 = CARTESIAN_POINT ( 'NONE',  ( 23.80609414849516270, -3.106909293148159001, 12.41408144395343705 ) ) ;
#1823 = DIRECTION ( 'NONE',  ( 0.000000000000000000, -0.09599293193534400026, -0.9953820156193583513 ) ) ;
#1824 = CARTESIAN_POINT ( 'NONE',  ( -8.634155091112553748, -23.44898944676708297, 5.907726969504103920 ) ) ;
#1825 = CARTESIAN_POINT ( 'NONE',  ( -8.945032004150672122, -23.88742816249081358, 10.97639001378154511 ) ) ;
#1826 = DIRECTION ( 'NONE',  ( 1.000000000000000000, 0.000000000000000000, 0.000000000000000000 ) ) ;
#1827 = B_SPLINE_CURVE_WITH_KNOTS ( 'NONE', 3,
 ( #6116, #5559, #4127, #2258 ),
 .UNSPECIFIED., .F., .F.,
 ( 4, 4 ),
 ( 0.000000000000000000, 0.007097168959298985787 ),
 .UNSPECIFIED. ) ;
#1828 = CARTESIAN_POINT ( 'NONE',  ( 12.14590716175073482, -23.66438408383537606, 4.261469024055116961 ) ) ;
#1829 = CARTESIAN_POINT ( 'NONE',  ( 9.621431000638905595E-16, 23.99999999999999645, 4.999999999999999112 ) ) ;
#1830 = CARTESIAN_POINT ( 'NONE',  ( -26.83567738385176682, -4.980685426500946811, 6.889369081056814892 ) ) ;
#1831 = CARTESIAN_POINT ( 'NONE',  ( 19.04339498547265919, -14.61894889769810213, 13.40579959755007344 ) ) ;
#1832 = CIRCLE ( 'NONE', #5007, 8.500000000000001776 ) ;
#1833 = SECURITY_CLASSIFICATION_LEVEL ( 'unclassified' ) ;
#1834 = FACE_OUTER_BOUND ( 'NONE', #3479, .T. ) ;
#1835 = CARTESIAN_POINT ( 'NONE',  ( -14.39015482698960291, -23.07874257888413183, 1.445431411698386182 ) ) ;
#1836 = FACE_OUTER_BOUND ( 'NONE', #2003, .T. ) ;
#1837 = CARTESIAN_POINT ( 'NONE',  ( -20.70694746885607529, 14.89521837893635414, 13.42391725791800106 ) ) ;
#1838 = ADVANCED_FACE ( 'NONE', ( #5347 ), #3818, .F. ) ;
#1839 = ORIENTED_EDGE ( 'NONE', *, *, #4747, .T. ) ;
#1840 = CARTESIAN_POINT ( 'NONE',  ( -24.00000000000000000, -0.6213399517947566508, 12.14142842854286108 ) ) ;
#1841 = FACE_OUTER_BOUND ( 'NONE', #1452, .T. ) ;
#1842 = EDGE_LOOP ( 'NONE', ( #5475, #4001, #2333, #2810 ) ) ;
#1843 = CARTESIAN_POINT ( 'NONE',  ( 25.60032561640445437, 4.902788240475945081, 6.042115849092360769 ) ) ;
#1844 = CARTESIAN_POINT ( 'NONE',  ( -1.288475090238810461, 23.99999999999158362, 5.156433429414964742 ) ) ;
#1845 = CARTESIAN_POINT ( 'NONE',  ( 28.50000000000062883, 5.703623067493186483, 4.456018848291734891 ) ) ;
#1846 = CARTESIAN_POINT ( 'NONE',  ( 25.31591522265315319, 13.21821852974440326, 0.6768178183815735105 ) ) ;
#1847 = ADVANCED_FACE ( 'NONE', ( #3758 ), #1043, .T. ) ;
#1848 = ORIENTED_EDGE ( 'NONE', *, *, #438, .F. ) ;
#1849 = VERTEX_POINT ( 'NONE', #5762 ) ;
#1850 = CARTESIAN_POINT ( 'NONE',  ( -1.149850338838208863, -25.50000000000000355, 4.722423447572361432 ) ) ;
#1851 = CARTESIAN_POINT ( 'NONE',  ( -10.31403013184080031, 22.99033459834009463, 6.212644458022492877 ) ) ;
#1852 = CIRCLE ( 'NONE', #5306, 21.00000000000000355 ) ;
#1853 = CARTESIAN_POINT ( 'NONE',  ( 9.485254071484362726, 22.05357580140827523, 11.42703434033782273 ) ) ;
#1854 = CARTESIAN_POINT ( 'NONE',  ( 28.49999999999998579, -0.9599628912235202982, -4.444189677345394607 ) ) ;
#1855 = CARTESIAN_POINT ( 'NONE',  ( 20.47361301238164444, -21.57365904094004350, 0.8518456081097115495 ) ) ;
#1856 = AXIS2_PLACEMENT_3D ( 'NONE', #3797, #79, #1000 ) ;
#1857 = CARTESIAN_POINT ( 'NONE',  ( -8.270778929900949095, -24.93024207104157242, 6.377980228158073750 ) ) ;
#1858 = CARTESIAN_POINT ( 'NONE',  ( 26.99999999999999289, 6.078617686372222551, 3.958147166351009716 ) ) ;
#1859 = CARTESIAN_POINT ( 'NONE',  ( 17.44280985459609923, -19.70266647694074535, 6.140041112686628111 ) ) ;
#1860 = CARTESIAN_POINT ( 'NONE',  ( 6.888155080739680969, 15.49999999999999467, 3.290432263557699688 ) ) ;
#1861 = AXIS2_PLACEMENT_3D ( 'NONE', #2845, #7, #4745 ) ;
#1862 = CARTESIAN_POINT ( 'NONE',  ( -25.19210066913404589, 3.950704225352236421, 12.53772396082007567 ) ) ;
#1863 = ADVANCED_FACE ( 'NONE', ( #4387 ), #5377, .T. ) ;
#1864 = ORIENTED_EDGE ( 'NONE', *, *, #1810, .T. ) ;
#1865 = AXIS2_PLACEMENT_3D ( 'NONE', #3476, #4756, #1482 ) ;
#1866 = CARTESIAN_POINT ( 'NONE',  ( 23.71021239447911455, -3.718309859154941943, 12.53772396082005258 ) ) ;
#1867 = CARTESIAN_POINT ( 'NONE',  ( -8.499999999999857891, -24.00000000000000000, 2.627371485753581926 ) ) ;
#1868 = CARTESIAN_POINT ( 'NONE',  ( -15.97899339868915547, -20.05708134323620584, -15.64124928300606854 ) ) ;
#1869 = CARTESIAN_POINT ( 'NONE',  ( -15.71664280180910467, 20.09256815262514095, 9.586551319780747704 ) ) ;
#1870 = AXIS2_PLACEMENT_3D ( 'NONE', #348, #6139, #2306 ) ;
#1871 = ORIENTED_EDGE ( 'NONE', *, *, #2608, .T. ) ;
#1872 = CARTESIAN_POINT ( 'NONE',  ( -7.977448782082436907, -25.50000000000000355, 2.884200160161783266 ) ) ;
#1873 = CARTESIAN_POINT ( 'NONE',  ( 25.68269638931555932, 3.281226777336443856, 6.051202758407103310 ) ) ;
#1874 = CARTESIAN_POINT ( 'NONE',  ( 20.49783340552080801, -18.67090076810839605, 7.040268687140804005 ) ) ;
#1875 = CARTESIAN_POINT ( 'NONE',  ( -28.50000000000000000, 5.499999999999856115, 5.000000000000000000 ) ) ;
#1876 = CARTESIAN_POINT ( 'NONE',  ( 27.00000000000254730, -5.161289769229178148, 3.992664646348267787 ) ) ;
#1877 = CARTESIAN_POINT ( 'NONE',  ( 15.87800565909730466, 22.47572934717457471, 1.247265386457699465 ) ) ;
#1878 = ORIENTED_EDGE ( 'NONE', *, *, #5266, .F. ) ;
#1879 = VERTEX_POINT ( 'NONE', #3484 ) ;
#1880 = CARTESIAN_POINT ( 'NONE',  ( -28.50000000000000000, 4.425092742786621791, 1.391660071360970363 ) ) ;
#1881 = CARTESIAN_POINT ( 'NONE',  ( 5.084097259325577767, 25.01017705311414474, 8.714996714435399028 ) ) ;
#1882 =( BOUNDED_SURFACE ( )  B_SPLINE_SURFACE ( 3, 2, ( 
 ( #4, #1858, #3756 ),
 ( #915, #3810, #2817 ),
 ( #5711, #4712, #451 ),
 ( #4256, #1440, #6156 ) ),
 .UNSPECIFIED., .F., .F., .F. ) 
 B_SPLINE_SURFACE_WITH_KNOTS ( ( 4, 4 ),
 ( 3, 3 ),
 ( -2.404326737703854633E-15, 0.001083614934830272108 ),
 ( 0.000000000000000000, 1.000000000000000000 ),
 .UNSPECIFIED. ) 
 GEOMETRIC_REPRESENTATION_ITEM ( )  RATIONAL_B_SPLINE_SURFACE ( (
 ( 1.000000000000000000, 0.9499568284406801899, 1.000000000000000000),
 ( 1.000000000000000000, 0.9523243524483842037, 1.000000000000000000),
 ( 1.000000000000000000, 0.9544208504205963228, 1.000000000000000000),
 ( 1.000000000000000000, 0.9561819365777127766, 1.000000000000000000) ) ) 
 REPRESENTATION_ITEM ( '' )  SURFACE ( )  );
#1883 = CARTESIAN_POINT ( 'NONE',  ( -27.00000000000000355, 3.764168496009365317, -5.534563161942006815 ) ) ;
#1884 = CARTESIAN_POINT ( 'NONE',  ( 13.43366982393578546, -24.92346286842770908, 1.649348189489171945 ) ) ;
#1885 = CARTESIAN_POINT ( 'NONE',  ( 8.627044760805164358, -23.45024445631713661, 5.907111142964249773 ) ) ;
#1886 = CARTESIAN_POINT ( 'NONE',  ( 18.49999999999998934, -5.499999999998850697, 1.223575944766749579 ) ) ;
#1887 = CARTESIAN_POINT ( 'NONE',  ( -23.72343453319882300, 14.56008615489096591, 7.036970504961242767 ) ) ;
#1888 = CARTESIAN_POINT ( 'NONE',  ( 9.647669396263696129, -24.65324532931701640, 6.560865511895988433 ) ) ;
#1889 = B_SPLINE_CURVE_WITH_KNOTS ( 'NONE', 3,
 ( #4598, #2630, #4069, #2202, #3604, #856, #3124, #1299, #5028, #3197, #6000, #5090, #825, #1704, #1231, #2725, #366, #3165, #3728, #2264, #5596, #5059, #5631 ),
 .UNSPECIFIED., .F., .F.,
 ( 4, 2, 2, 2, 1, 2, 2, 2, 2, 2, 2, 4 ),
 ( 0.000000000000000000, 0.002968300037798477994, 0.005936600075596955989, 0.007420750094496189782, 0.008904900113395423575, 0.01038905013229465650, 0.01187320015119389637, 0.01484150018899238130, 0.01780980022679086797, 0.02077810026458935463, 0.02226225028348859797, 0.02374640030238784477 ),
 .UNSPECIFIED. ) ;
#1890 = CARTESIAN_POINT ( 'NONE',  ( -23.71643342963204759, -14.53456667896772458, 7.037164994593991807 ) ) ;
#1891 = CARTESIAN_POINT ( 'NONE',  ( 25.54282622923764023, -4.881928327102394327, 6.128737224381083593 ) ) ;
#1892 = CARTESIAN_POINT ( 'NONE',  ( -17.74342040258481035, -19.43992527693736250, -15.23630693808767766 ) ) ;
#1893 = CARTESIAN_POINT ( 'NONE',  ( -19.21964076518362674, 16.77036125764980667, 9.753410270649727210 ) ) ;
#1894 = ADVANCED_FACE ( 'NONE', ( #916 ), #3592, .T. ) ;
#1895 = DIRECTION ( 'NONE',  ( 0.000000000000000000, 0.000000000000000000, -1.000000000000000000 ) ) ;
#1896 = CARTESIAN_POINT ( 'NONE',  ( 1.533610785187841293E-14, 1.692442604213463486, -50.81021441047354159 ) ) ;
#1897 = CARTESIAN_POINT ( 'NONE',  ( 2.299691965165536534, 25.49999999999999645, 4.444848683564853964 ) ) ;
#1898 = CARTESIAN_POINT ( 'NONE',  ( 23.84694676230341415, 2.814039905307336831, 8.904910974155901826 ) ) ;
#1899 = CARTESIAN_POINT ( 'NONE',  ( -10.63415309628362593, 24.31215835098827327, 6.845339688422888536 ) ) ;
#1900 = DIRECTION ( 'NONE',  ( 0.000000000000000000, 0.000000000000000000, -1.000000000000000000 ) ) ;
#1901 = CARTESIAN_POINT ( 'NONE',  ( 25.37614125807871091, 13.08678305839801581, 3.733743605379166830 ) ) ;
#1902 = ADVANCED_FACE ( 'NONE', ( #525 ), #937, .F. ) ;
#1903 = ORIENTED_EDGE ( 'NONE', *, *, #2939, .T. ) ;
#1904 = ORIENTED_EDGE ( 'NONE', *, *, #1618, .T. ) ;
#1905 = CARTESIAN_POINT ( 'NONE',  ( -21.71349323277581433, 13.43078163334158504, 13.44147042716408791 ) ) ;
#1906 = CARTESIAN_POINT ( 'NONE',  ( 10.12745825249421472, 21.77654266592610810, 8.558209341108044654 ) ) ;
#1907 = CARTESIAN_POINT ( 'NONE',  ( 0.000000000000000000, -25.50000000000000355, 5.000000000000000000 ) ) ;
#1908 = LINE ( 'NONE', #3808, #1337 ) ;
#1909 = B_SPLINE_CURVE_WITH_KNOTS ( 'NONE', 3,
 ( #2864, #4762, #64, #4917, #2519, #226, #5824, #3013, #4421, #5887, #5853, #1994, #4818, #1557, #556, #3918, #3420, #646, #3556, #1622, #1146, #2979, #2585, #2487, #1110, #2553, #4389, #5315, #1046, #1013 ),
 .UNSPECIFIED., .F., .F.,
 ( 4, 2, 2, 2, 2, 2, 2, 2, 2, 2, 2, 2, 2, 2, 4 ),
 ( 0.03630894154494734849, 0.03744334780831374415, 0.03857775407168013981, 0.03971216033504653548, 0.04084656659841292420, 0.04311537912514571552, 0.04424978538851210424, 0.04538419165187849297, 0.04765300417861126347, 0.04992181670534404092, 0.05219062923207681837, 0.05445944175880959581, 0.05899706681227516458, 0.06353469186574073335, 0.07260994197267187089 ),
 .UNSPECIFIED. ) ;
#1910 = CARTESIAN_POINT ( 'NONE',  ( 8.685172057935593770, -22.37521558053862591, 11.08892548908955433 ) ) ;
#1911 = CARTESIAN_POINT ( 'NONE',  ( -2.518987156578172009E-16, -24.00000000000000000, 4.999999999999999112 ) ) ;
#1912 = FACE_OUTER_BOUND ( 'NONE', #5394, .T. ) ;
#1913 = CARTESIAN_POINT ( 'NONE',  ( 28.50000000000007816, -6.818245762136532662, 1.084109781491126023 ) ) ;
#1914 = CARTESIAN_POINT ( 'NONE',  ( 13.10079227326639284, -21.87959068744459401, 12.34310140436626924 ) ) ;
#1915 = EDGE_CURVE ( 'NONE', #417, #4783, #2930, .T. ) ;
#1916 = CARTESIAN_POINT ( 'NONE',  ( -26.67936780827307430, -13.84402003215746468, 0.6768178183817775695 ) ) ;
#1917 = CARTESIAN_POINT ( 'NONE',  ( 7.573189171425168453, 23.56113474867197155, 5.897889810354421058 ) ) ;
#1918 = PERSON_AND_ORGANIZATION ( #4329, #930 ) ;
#1919 = FACE_OUTER_BOUND ( 'NONE', #4451, .T. ) ;
#1920 = CARTESIAN_POINT ( 'NONE',  ( 8.499999999999847233, 25.49999999999999645, 2.627371485753603242 ) ) ;
#1921 = CARTESIAN_POINT ( 'NONE',  ( -10.79522993104115791, -22.87425994117522166, 6.211675796878156852 ) ) ;
#1922 = EDGE_CURVE ( 'NONE', #5817, #1849, #3317, .T. ) ;
#1923 = VECTOR ( 'NONE', #5119, 1000.000000000000000 ) ;
#1924 = ORIENTED_EDGE ( 'NONE', *, *, #4706, .F. ) ;
#1925 = CARTESIAN_POINT ( 'NONE',  ( -6.888155080739683633, -25.50000000000000355, 3.290432263557690806 ) ) ;
#1926 = LINE ( 'NONE', #2828, #5415 ) ;
#1927 = CARTESIAN_POINT ( 'NONE',  ( -6.729212631947933509, 23.04360145790376535, 10.09415517598445255 ) ) ;
#1928 = CARTESIAN_POINT ( 'NONE',  ( 26.38387328186292891, 7.770089363536929916, 7.037615013989500845 ) ) ;
#1929 = CARTESIAN_POINT ( 'NONE',  ( -9.787210072509674674, 25.46904334628622735, 2.321404159296916347 ) ) ;
#1930 = CARTESIAN_POINT ( 'NONE',  ( 10.75145890577626773, 23.87139990230327058, 2.087303226204672679 ) ) ;
#1931 = ORIENTED_EDGE ( 'NONE', *, *, #5046, .T. ) ;
#1932 = CARTESIAN_POINT ( 'NONE',  ( -23.49339758333995931, 16.35316816706669130, 3.716654944627859614 ) ) ;
#1933 = ORIENTED_EDGE ( 'NONE', *, *, #6125, .F. ) ;
#1934 = CARTESIAN_POINT ( 'NONE',  ( -13.74120202991770867, 21.49021117802440273, 12.49970464548863802 ) ) ;
#1935 = CARTESIAN_POINT ( 'NONE',  ( 2.544381520662175156, 25.37790160691153574, 6.874819010537180475 ) ) ;
#1936 = CARTESIAN_POINT ( 'NONE',  ( -27.00000000000000355, 2.390929894733858418, -5.096927086260561346 ) ) ;
#1937 = CARTESIAN_POINT ( 'NONE',  ( -8.499999999999896971, 20.98449689551662445, -16.49386585964543528 ) ) ;
#1938 = ORIENTED_EDGE ( 'NONE', *, *, #4888, .F. ) ;
#1939 = CARTESIAN_POINT ( 'NONE',  ( 1.197709091766978151, 23.97129315537269534, 5.939627921170973934 ) ) ;
#1940 = CARTESIAN_POINT ( 'NONE',  ( 14.91538300135042050, -21.33943915998080953, 6.082711631078212555 ) ) ;
#1941 = CARTESIAN_POINT ( 'NONE',  ( -11.47408324285728298, 23.76924646403005070, 1.942764535968324102 ) ) ;
#1942 = CARTESIAN_POINT ( 'NONE',  ( 8.499999999999847233, -25.50000000000000355, 5.000000000000000000 ) ) ;
#1943 = CARTESIAN_POINT ( 'NONE',  ( 14.49904856895772376, -20.98287904611071752, 9.482394586117385060 ) ) ;
#1944 = CIRCLE ( 'NONE', #6026, 206.7911684466444342 ) ;
#1945 = CARTESIAN_POINT ( 'NONE',  ( -26.60558980218180736, -14.00394123486722187, 4.268832636049551432 ) ) ;
#1946 = DIRECTION ( 'NONE',  ( -0.000000000000000000, -0.000000000000000000, -1.000000000000000000 ) ) ;
#1947 = CARTESIAN_POINT ( 'NONE',  ( -12.21189350135412255, 22.43772735334158952, 6.208291896795774534 ) ) ;
#1948 = ORIENTED_EDGE ( 'NONE', *, *, #5942, .F. ) ;
#1949 = CARTESIAN_POINT ( 'NONE',  ( 1.215721040496273433E-14, 18.84469211895447671, -25.17660094600017118 ) ) ;
#1950 = CARTESIAN_POINT ( 'NONE',  ( 1.915185029715543052, -23.92826104712232294, 6.500951453610331221 ) ) ;
#1951 = CARTESIAN_POINT ( 'NONE',  ( 23.63559609981047771, -4.194108881209598572, 8.971979218282774227 ) ) ;
#1952 = CARTESIAN_POINT ( 'NONE',  ( -17.66844142114006999, 23.29773332047909662, 4.426961012617179669 ) ) ;
#1953 = CARTESIAN_POINT ( 'NONE',  ( -13.99999999999997513, 0.000000000000000000, -121.7595244375777526 ) ) ;
#1954 = CARTESIAN_POINT ( 'NONE',  ( -17.28392734435819023, 23.47082297824530528, 1.156623447724121290 ) ) ;
#1955 = VECTOR ( 'NONE', #92, 1000.000000000000000 ) ;
#1956 = CALENDAR_DATE ( 2026, 16, 9 ) ;
#1957 = B_SPLINE_CURVE_WITH_KNOTS ( 'NONE', 3,
 ( #5584, #2587, #5515, #2190, #1220, #1287, #3655, #3593, #5077, #356, #1254, #3150, #4090, #812, #325, #2155, #5959, #5990, #2619, #5552, #2680, #749, #3049, #4490, #4522, #5922 ),
 .UNSPECIFIED., .F., .F.,
 ( 4, 2, 2, 2, 2, 2, 2, 2, 2, 2, 2, 2, 4 ),
 ( 0.000000000000000000, 0.003646337084870785675, 0.005469505627306176995, 0.007292674169741568749, 0.01093901125461234705, 0.01458534833948312362, 0.01640851688191850843, 0.01823168542435389672, 0.02187802250922466288, 0.02370119105166004769, 0.02552435959409543598, 0.02734752813653082079, 0.02917069667896620908 ),
 .UNSPECIFIED. ) ;
#1958 = ORIENTED_EDGE ( 'NONE', *, *, #2398, .T. ) ;
#1959 = AXIS2_PLACEMENT_3D ( 'NONE', #4019, #2454, #5920 ) ;
#1960 = CARTESIAN_POINT ( 'NONE',  ( -19.86956634063953686, 20.14394019994526985, 3.804004648932364674 ) ) ;
#1961 = ORIENTED_EDGE ( 'NONE', *, *, #1049, .T. ) ;
#1962 = CARTESIAN_POINT ( 'NONE',  ( -20.63246534461250903, 14.99847641317078661, 13.42163247343395582 ) ) ;
#1963 = EDGE_CURVE ( 'NONE', #5041, #5112, #1909, .T. ) ;
#1964 = CARTESIAN_POINT ( 'NONE',  ( 28.49999999999998579, 2.384255116189661017, -4.706004469801072787 ) ) ;
#1965 = CARTESIAN_POINT ( 'NONE',  ( 8.630122469049673839, 22.41498188165268601, 8.229374671642739614 ) ) ;
#1966 = CARTESIAN_POINT ( 'NONE',  ( 28.23954417535332340, 8.784105924291074174, 0.9295387263305336933 ) ) ;
#1967 = CARTESIAN_POINT ( 'NONE',  ( 28.50000000000510880, -5.226425902542821689, 4.457912058011910261 ) ) ;
#1968 = ORIENTED_EDGE ( 'NONE', *, *, #3295, .T. ) ;
#1969 = CARTESIAN_POINT ( 'NONE',  ( 19.48889173539010145, -14.01902906253397774, 13.42391725791875956 ) ) ;
#1970 = CARTESIAN_POINT ( 'NONE',  ( 1.149850190717451648, -24.00000000000000000, 4.722423483435477465 ) ) ;
#1971 = CARTESIAN_POINT ( 'NONE',  ( -6.315291944439335836, -23.71191942347670789, 5.762204725469401545 ) ) ;
#1972 = B_SPLINE_CURVE_WITH_KNOTS ( 'NONE', 3,
 ( #4114, #6042, #807, #3740, #2802, #6013, #1781, #5104, #3682, #2335 ),
 .UNSPECIFIED., .F., .F.,
 ( 4, 2, 2, 2, 4 ),
 ( -3.111649596773121096E-05, 0.0008797351557418048480, 0.001790586807451340860, 0.003612290110870413750, 0.007255696717708561699 ),
 .UNSPECIFIED. ) ;
#1973 = CARTESIAN_POINT ( 'NONE',  ( 27.09709907900619541, -12.86583523755891889, 0.7077733114232676037 ) ) ;
#1974 = CARTESIAN_POINT ( 'NONE',  ( 9.562329668587414844, -23.65020995904431089, 8.687177678299644157 ) ) ;
#1975 = CARTESIAN_POINT ( 'NONE',  ( -26.18466573657883956, -14.84682564525152948, 4.262265707955840810 ) ) ;
#1976 = CARTESIAN_POINT ( 'NONE',  ( -25.72487489174899977, 1.633470934002996255, 6.083463096783356505 ) ) ;
#1977 = CARTESIAN_POINT ( 'NONE',  ( 6.105633802816790023, -24.75825591324842634, 9.425626491315799882 ) ) ;
#1978 = CARTESIAN_POINT ( 'NONE',  ( 23.80605610882451018, 3.107151857298233288, 12.41413049729699125 ) ) ;
#1979 = B_SPLINE_CURVE_WITH_KNOTS ( 'NONE', 3,
 ( #138, #2075, #3471, #5000, #2998, #2105 ),
 .UNSPECIFIED., .F., .F.,
 ( 4, 2, 4 ),
 ( 1.691355389077386917E-17, 0.0008714490287456143390, 0.001742898057491211765 ),
 .UNSPECIFIED. ) ;
#1980 = CYLINDRICAL_SURFACE ( 'NONE', #5314, 21.00000000000000000 ) ;
#1981 = CARTESIAN_POINT ( 'NONE',  ( -0.9681238402306756585, -23.99999999999999645, 5.760035837562070604 ) ) ;
#1982 = DIRECTION ( 'NONE',  ( -1.000000000000000000, 0.000000000000000000, 0.000000000000000000 ) ) ;
#1983 = CARTESIAN_POINT ( 'NONE',  ( -25.54282622923766510, 4.881928327102254883, 6.128737224381064941 ) ) ;
#1984 = CARTESIAN_POINT ( 'NONE',  ( -17.88473271220694372, 16.01554456451093245, 13.32356758669300589 ) ) ;
#1985 = CARTESIAN_POINT ( 'NONE',  ( 25.53180488935099746, 10.77361891493688972, 7.040810365040726104 ) ) ;
#1986 = CARTESIAN_POINT ( 'NONE',  ( -25.48725200411894320, -5.437125210400879816, 6.157819697242220336 ) ) ;
#1987 = PERSON_AND_ORGANIZATION_ROLE ( 'design_owner' ) ;
#1988 = ORIENTED_EDGE ( 'NONE', *, *, #2812, .T. ) ;
#1989 = CARTESIAN_POINT ( 'NONE',  ( -15.17486839346434735, 21.20090460547746858, 6.082061586916206686 ) ) ;
#1990 = CARTESIAN_POINT ( 'NONE',  ( -17.44280985459533539, 19.70266647694097273, 6.140041112686979830 ) ) ;
#1991 = ORIENTED_EDGE ( 'NONE', *, *, #3396, .T. ) ;
#1992 = CARTESIAN_POINT ( 'NONE',  ( -24.13769274330063652, 8.247711005361166414, 13.15307427204717605 ) ) ;
#1993 = CARTESIAN_POINT ( 'NONE',  ( -5.184755935533048365, 25.28897081645893863, 5.908409801551577800 ) ) ;
#1994 = CARTESIAN_POINT ( 'NONE',  ( -1.967733605703937534E-15, 6.544750830180419143, -43.83639765845619252 ) ) ;
#1995 = CARTESIAN_POINT ( 'NONE',  ( 0.2539299772021637591, -25.50000000000000355, 5.187623757322769258 ) ) ;
#1996 = DIRECTION ( 'NONE',  ( 0.000000000000000000, 0.000000000000000000, -1.000000000000000000 ) ) ;
#1997 = EDGE_CURVE ( 'NONE', #3305, #3658, #1769, .T. ) ;
#1998 = FACE_OUTER_BOUND ( 'NONE', #4209, .T. ) ;
#1999 = CARTESIAN_POINT ( 'NONE',  ( -27.88737158773002989, 10.46866620188013819, 4.322288344334810795 ) ) ;
#2000 = CARTESIAN_POINT ( 'NONE',  ( 16.41611576697809127, 19.52308246536717817, 13.01156204646304104 ) ) ;
#2001 = CARTESIAN_POINT ( 'NONE',  ( 15.23831024497453868, -20.45828772736740930, 9.549920032405108117 ) ) ;
#2002 = CARTESIAN_POINT ( 'NONE',  ( -16.12275091480119116, -17.78941381685996959, 9.161436731530308464 ) ) ;
#2003 = EDGE_LOOP ( 'NONE', ( #4491, #496 ) ) ;
#2004 = CARTESIAN_POINT ( 'NONE',  ( -11.11944962440078122, -24.18243139092292182, 6.870820541105353563 ) ) ;
#2005 = CARTESIAN_POINT ( 'NONE',  ( 26.99999999999998934, -5.500000000000001776, 1.223575944766749357 ) ) ;
#2006 = CARTESIAN_POINT ( 'NONE',  ( 26.99999999999999289, 0.9580982864197646887, -4.850679926523107532 ) ) ;
#2007 = CARTESIAN_POINT ( 'NONE',  ( 9.787109704109701269, 25.46904816230684077, 2.321426550192667193 ) ) ;
#2008 = DIRECTION ( 'NONE',  ( -1.000000000000000000, 0.000000000000000000, 0.000000000000000000 ) ) ;
#2009 = CARTESIAN_POINT ( 'NONE',  ( -2.886429300658044471E-15, -23.99999999999999645, 4.999999999999999112 ) ) ;
#2010 = DIRECTION ( 'NONE',  ( -1.000000000000000000, 0.000000000000000000, 0.000000000000000000 ) ) ;
#2011 = CARTESIAN_POINT ( 'NONE',  ( -28.50000000000000000, -0.9637213850356903810, -4.444189677345470102 ) ) ;
#2012 = CARTESIAN_POINT ( 'NONE',  ( -12.51905278690532342, 25.12507731283827894, 4.665788489696276464 ) ) ;
#2013 = CARTESIAN_POINT ( 'NONE',  ( 7.977448782082419143, 25.49999999999998579, 2.884200160161777493 ) ) ;
#2014 = DIRECTION ( 'NONE',  ( -0.9671784316955578387, -0.000000000000000000, -0.2540981724903222938 ) ) ;
#2015 = EDGE_CURVE ( 'NONE', #5192, #5145, #4715, .T. ) ;
#2016 = CARTESIAN_POINT ( 'NONE',  ( 8.499999999999749534, 23.99999999999999289, 2.627371485753585922 ) ) ;
#2017 = ORIENTED_EDGE ( 'NONE', *, *, #412, .T. ) ;
#2018 = CARTESIAN_POINT ( 'NONE',  ( -5.746478873239304619, 23.30188791835147200, 9.425626491315750144 ) ) ;
#2019 = ORIENTED_EDGE ( 'NONE', *, *, #2038, .T. ) ;
#2020 = CARTESIAN_POINT ( 'NONE',  ( -25.81091721674436457, -15.53806343118272082, 0.6442923153936523928 ) ) ;
#2021 = AXIS2_PLACEMENT_3D ( 'NONE', #1194, #3667, #2198 ) ;
#2022 = CARTESIAN_POINT ( 'NONE',  ( 23.43734720936331328, 5.304796411821998348, 9.079874909912598824 ) ) ;
#2023 = B_SPLINE_CURVE_WITH_KNOTS ( 'NONE', 3,
 ( #5178, #91, #3886, #472, #2863, #523, #4277, #960, #3277, #910, #1934, #5705, #5788, #2811, #3832, #4761, #1433, #1488, #1962, #1905, #5281, #4251, #6151, #5735, #1992, #6174, #4705, #446 ),
 .UNSPECIFIED., .F., .F.,
 ( 4, 2, 2, 2, 2, 2, 2, 2, 2, 2, 2, 2, 2, 4 ),
 ( 0.000000000000000000, 0.001929909503222790963, 0.002894864254834184601, 0.003859819006445577589, 0.007719638012891172525, 0.009649547516113975848, 0.01157945701933677483, 0.01543927602578238495, 0.01736918552900519261, 0.01929909503222800721, 0.02315891403867361906, 0.02508882354189643019, 0.02701873304511923785, 0.03087855205156485316 ),
 .UNSPECIFIED. ) ;
#2024 = CARTESIAN_POINT ( 'NONE',  ( -7.740143324911080924, 25.00644458250599911, 6.277071770173832554 ) ) ;
#2025 = CARTESIAN_POINT ( 'NONE',  ( 25.76155819933102720, 15.62335670868440296, 0.6434633572359181874 ) ) ;
#2026 = ADVANCED_FACE ( 'NONE', ( #1078 ), #4359, .T. ) ;
#2027 = DIRECTION ( 'NONE',  ( 0.000000000000000000, -1.000000000000000000, -0.000000000000000000 ) ) ;
#2028 = ORIENTED_EDGE ( 'NONE', *, *, #5245, .F. ) ;
#2029 = CARTESIAN_POINT ( 'NONE',  ( 21.08204688280083516, -11.53060400402904051, 13.41905172127952639 ) ) ;
#2030 = CARTESIAN_POINT ( 'NONE',  ( -19.35253414452953891, -19.70822402504952464, 7.040379560778567303 ) ) ;
#2031 = CARTESIAN_POINT ( 'NONE',  ( 20.07396198764140394, 19.11192913538243232, 6.984634357682183214 ) ) ;
#2032 = ADVANCED_FACE ( 'NONE', ( #3952 ), #2157, .F. ) ;
#2033 = CARTESIAN_POINT ( 'NONE',  ( -27.00000000000000355, 5.499999999998470557, 1.223575944766677415 ) ) ;
#2034 = CARTESIAN_POINT ( 'NONE',  ( -13.10774610105453242, -20.13863261030420659, 12.55645444525535837 ) ) ;
#2035 = CARTESIAN_POINT ( 'NONE',  ( -28.50000000000000355, -5.142992690937753686, 1.299116392091092420 ) ) ;
#2036 = FACE_OUTER_BOUND ( 'NONE', #705, .T. ) ;
#2037 = CARTESIAN_POINT ( 'NONE',  ( 7.441374892217729631, -24.00000000000000000, 3.108858785284663639 ) ) ;
#2038 = EDGE_CURVE ( 'NONE', #1341, #1007, #2201, .T. ) ;
#2039 = CARTESIAN_POINT ( 'NONE',  ( 2.331655529850968023, -25.42048786662441984, 5.993365893554972068 ) ) ;
#2040 = CIRCLE ( 'NONE', #263, 251.7911684466444626 ) ;
#2041 = CARTESIAN_POINT ( 'NONE',  ( -28.50000000000000000, -1.477881299907101820, 1.605925599713490026 ) ) ;
#2042 = AXIS2_PLACEMENT_3D ( 'NONE', #5558, #3485, #2057 ) ;
#2043 = DIRECTION ( 'NONE',  ( 0.000000000000000000, 0.2070101959510282918, -0.9783387852744656055 ) ) ;
#2044 = CARTESIAN_POINT ( 'NONE',  ( 8.499999999999847233, -25.50000000000000355, 2.627371485753517533 ) ) ;
#2045 = FACE_OUTER_BOUND ( 'NONE', #4005, .T. ) ;
#2046 = CARTESIAN_POINT ( 'NONE',  ( -6.105633802816801570, -24.75825591324842634, 9.425626491315799882 ) ) ;
#2047 = CIRCLE ( 'NONE', #3143, 8.500000000000001776 ) ;
#2048 = CIRCLE ( 'NONE', #167, 19.99999999999999645 ) ;
#2049 = EDGE_LOOP ( 'NONE', ( #3086, #1903, #4300, #2222, #1303, #4695 ) ) ;
#2050 = CARTESIAN_POINT ( 'NONE',  ( -8.118281384726815375, 23.52825054825517981, 5.863422710152537576 ) ) ;
#2051 = CARTESIAN_POINT ( 'NONE',  ( 8.500000000013059775, -22.47226601139275104, -17.16850798049199511 ) ) ;
#2052 = EDGE_LOOP ( 'NONE', ( #3482, #3186, #4122, #3051 ) ) ;
#2053 = ADVANCED_FACE ( 'NONE', ( #4119 ), #5550, .T. ) ;
#2054 = AXIS2_PLACEMENT_3D ( 'NONE', #2294, #4569, #4199 ) ;
#2055 = CARTESIAN_POINT ( 'NONE',  ( 28.49999999999998579, 5.499999999999856115, 1.223575944766533752 ) ) ;
#2056 = DIRECTION ( 'NONE',  ( -1.000000000000000000, 0.000000000000000000, 0.000000000000000000 ) ) ;
#2057 = DIRECTION ( 'NONE',  ( 0.4469922825246523956, 0.000000000000000000, 0.8945378132663824866 ) ) ;
#2058 = CARTESIAN_POINT ( 'NONE',  ( -57.49999999999996447, 2.755455298081545172E-15, -214.9999999999999432 ) ) ;
#2059 = CARTESIAN_POINT ( 'NONE',  ( 7.019085503652362057, -20.90052356800780942, -16.56492941090585802 ) ) ;
#2060 = CARTESIAN_POINT ( 'NONE',  ( 11.56248830156551399, 25.27433543339948940, 1.970376332979824063 ) ) ;
#2061 = DIRECTION ( 'NONE',  ( -1.000000000000000000, 0.000000000000000000, 0.000000000000000000 ) ) ;
#2062 = AXIS2_PLACEMENT_3D ( 'NONE', #2545, #3140, #3980 ) ;
#2063 = B_SPLINE_CURVE_WITH_KNOTS ( 'NONE', 3,
 ( #1238, #1604, #3030, #3505, #4074, #2534 ),
 .UNSPECIFIED., .F., .F.,
 ( 4, 2, 4 ),
 ( 2.213132581084613054E-16, 0.0008714490287455760667, 0.001742898057490930956 ),
 .UNSPECIFIED. ) ;
#2064 = CARTESIAN_POINT ( 'NONE',  ( 22.51704199689744712, 8.327268056763795556, 13.20924866398353181 ) ) ;
#2065 = CARTESIAN_POINT ( 'NONE',  ( -28.50000000000009237, 6.817791514713740675, 1.084157841148296164 ) ) ;
#2066 = CARTESIAN_POINT ( 'NONE',  ( 4.624188093770828623, 25.10961261773639208, 6.941183737789911490 ) ) ;
#2067 = CARTESIAN_POINT ( 'NONE',  ( 25.18993215516533368, 11.72599497673969715, 6.987625598268175864 ) ) ;
#2068 = CARTESIAN_POINT ( 'NONE',  ( 24.99911090646398648, -5.181324705138468545, 12.77195109182869004 ) ) ;
#2069 = CARTESIAN_POINT ( 'NONE',  ( -17.39022089770363166, -16.54294773128081530, 13.27268032933300823 ) ) ;
#2070 = CARTESIAN_POINT ( 'NONE',  ( -8.499999999999744205, -25.50000000000000355, 2.627371485753584146 ) ) ;
#2071 = CARTESIAN_POINT ( 'NONE',  ( -6.888155080739507774, 25.49999999999999645, 3.290432263556863912 ) ) ;
#2072 = CARTESIAN_POINT ( 'NONE',  ( 7.573189171425009469, -23.56113474867201774, 5.897889810354346452 ) ) ;
#2073 = CARTESIAN_POINT ( 'NONE',  ( 1.307196705725724106, -25.49999999999278444, 5.235163781041210385 ) ) ;
#2074 = ADVANCED_FACE ( 'NONE', ( #2188 ), #768, .F. ) ;
#2075 = CARTESIAN_POINT ( 'NONE',  ( 8.240012328775298656, -25.50000000000000355, 2.758916691141363842 ) ) ;
#2076 = CARTESIAN_POINT ( 'NONE',  ( -6.622294584049754462, -23.08590299486981579, 7.566317046078701480 ) ) ;
#2077 = CARTESIAN_POINT ( 'NONE',  ( 23.19724968029055034, 10.60892380968870263, 13.33836688301523665 ) ) ;
#2078 = CARTESIAN_POINT ( 'NONE',  ( 7.573189171425155131, -23.56113474867199642, 5.897889810354373985 ) ) ;
#2079 = CARTESIAN_POINT ( 'NONE',  ( 7.301794665877522128, 25.50000000000001066, 4.864876035899547979 ) ) ;
#2080 = CARTESIAN_POINT ( 'NONE',  ( -8.499999999999868550, -20.98449689551662090, -16.49386585964543528 ) ) ;
#2081 = VERTEX_POINT ( 'NONE', #5049 ) ;
#2082 = CARTESIAN_POINT ( 'NONE',  ( -13.32998264883567963, 19.95994728909620974, 12.59099644683746888 ) ) ;
#2083 = FACE_OUTER_BOUND ( 'NONE', #384, .T. ) ;
#2084 = EDGE_LOOP ( 'NONE', ( #5381, #1674, #6014, #5113, #277 ) ) ;
#2085 = CARTESIAN_POINT ( 'NONE',  ( -28.33715386067978415, -8.131066721919310680, 0.9790892604825988110 ) ) ;
#2086 = CARTESIAN_POINT ( 'NONE',  ( -6.105633802816801570, -24.75825591324842634, 9.425626491315799882 ) ) ;
#2087 = CARTESIAN_POINT ( 'NONE',  ( 2.409988973915799656E-16, 23.99999999999999645, 4.999999999999999112 ) ) ;
#2088 = CARTESIAN_POINT ( 'NONE',  ( 1.342546135197327350, -19.59414906526697564, -17.45406600545558007 ) ) ;
#2089 = CARTESIAN_POINT ( 'NONE',  ( -7.936778483207361568, 24.25143913021166142, 8.221794610150116256 ) ) ;
#2090 = CARTESIAN_POINT ( 'NONE',  ( 10.19477681128499036, 25.46619808451805156, 4.820374829958022467 ) ) ;
#2091 = PLANE ( 'NONE',  #3319 ) ;
#2092 = ORIENTED_EDGE ( 'NONE', *, *, #171, .F. ) ;
#2093 = CARTESIAN_POINT ( 'NONE',  ( -27.00000000000000355, -1.478484330680269299, 1.605774675690246900 ) ) ;
#2094 = CARTESIAN_POINT ( 'NONE',  ( 25.54282622923778234, 4.881928327101877407, 6.128737224380927273 ) ) ;
#2095 = CARTESIAN_POINT ( 'NONE',  ( -23.43681077917673505, -14.98583144128777356, 7.037059919264047281 ) ) ;
#2096 = CARTESIAN_POINT ( 'NONE',  ( 23.86506370023321821, 9.006590861179065044, 9.713508662625537582 ) ) ;
#2097 = CARTESIAN_POINT ( 'NONE',  ( 25.19462420465896457, -11.71462378457223785, 6.987506883379097644 ) ) ;
#2098 = CARTESIAN_POINT ( 'NONE',  ( -25.20172878778483749, 7.524404832776851570, 6.144838936909212457 ) ) ;
#2099 = CARTESIAN_POINT ( 'NONE',  ( -12.08884689306735183, -20.74832218379917848, 8.855133201788969899 ) ) ;
#2100 = CARTESIAN_POINT ( 'NONE',  ( -23.10959155929232622, -19.17513638050543179, 4.276749175513147705 ) ) ;
#2101 = FACE_OUTER_BOUND ( 'NONE', #4370, .T. ) ;
#2102 = DIRECTION ( 'NONE',  ( 1.000000000000000000, 0.000000000000000000, 0.000000000000000000 ) ) ;
#2103 = CARTESIAN_POINT ( 'NONE',  ( 24.70840674915235269, -6.430896291359053940, 12.95186216092230502 ) ) ;
#2104 = ORIENTED_EDGE ( 'NONE', *, *, #5879, .F. ) ;
#2105 = CARTESIAN_POINT ( 'NONE',  ( 6.888155080739496228, -25.50000000000000355, 3.290432263556855474 ) ) ;
#2106 = CARTESIAN_POINT ( 'NONE',  ( -1.364130124385618480E-15, -23.99999999999999645, 4.999999999999999112 ) ) ;
#2107 = CARTESIAN_POINT ( 'NONE',  ( -27.00000000000000000, 4.786703179124256913, 1.356786981976390027 ) ) ;
#2108 = PLANE ( 'NONE',  #2533 ) ;
#2109 = CARTESIAN_POINT ( 'NONE',  ( -21.02973005041825871, 11.62715228777722665, 13.42225037223184358 ) ) ;
#2110 =( BOUNDED_SURFACE ( )  B_SPLINE_SURFACE ( 3, 2, ( 
 ( #386, #2684, #848 ),
 ( #6053, #1386, #1792 ),
 ( #5519, #5992, #3720 ),
 ( #3692, #2655, #5587 ),
 ( #5620, #1353, #5022 ),
 ( #1326, #2287, #753 ) ),
 .UNSPECIFIED., .F., .F., .F. ) 
 B_SPLINE_SURFACE_WITH_KNOTS ( ( 4, 2, 4 ),
 ( 3, 3 ),
 ( -3.193743535033237901E-05, 0.003516706032873343022, 0.007065349501097018328 ),
 ( 0.000000000000000000, 1.000000000000000000 ),
 .UNSPECIFIED. ) 
 GEOMETRIC_REPRESENTATION_ITEM ( )  RATIONAL_B_SPLINE_SURFACE ( (
 ( 1.000000000000000000, 1.000000000000000000, 1.000000000000000000),
 ( 1.000000000000000000, 0.9999949688488583011, 1.000000000000000000),
 ( 1.000000000000000000, 0.9989841972053661312, 1.000000000000000000),
 ( 1.000000000000000000, 0.9947685979742277862, 1.000000000000000000),
 ( 1.000000000000000000, 0.9915694353330128941, 1.000000000000000000),
 ( 1.000000000000000000, 0.9870077998580937262, 1.000000000000000000) ) ) 
 REPRESENTATION_ITEM ( '' )  SURFACE ( )  );
#2111 = CARTESIAN_POINT ( 'NONE',  ( 27.01573826399589606, 0.8428489196033348563, 6.848132364831417185 ) ) ;
#2112 = CARTESIAN_POINT ( 'NONE',  ( -14.80960186288777436, -20.79665427832448543, 12.73773678885951455 ) ) ;
#2113 = ORIENTED_EDGE ( 'NONE', *, *, #4007, .F. ) ;
#2114 = CARTESIAN_POINT ( 'NONE',  ( 9.127819496005166400, 24.00000000000199307, 4.583242585157710991 ) ) ;
#2115 = CARTESIAN_POINT ( 'NONE',  ( -26.78567791675017062, -4.962546371393373512, 6.964692016090524795 ) ) ;
#2116 = EDGE_LOOP ( 'NONE', ( #2313, #3452, #1685, #4640, #4024, #5043, #1344, #926, #5342 ) ) ;
#2117 = CARTESIAN_POINT ( 'NONE',  ( 17.33339052133349512, 16.60363343403068370, 9.200203763105367472 ) ) ;
#2118 = CARTESIAN_POINT ( 'NONE',  ( 26.99999999999998934, -4.425092742786755906, 1.391660071360973916 ) ) ;
#2119 = CARTESIAN_POINT ( 'NONE',  ( -6.871397797908339378, 24.56941084476728676, 7.799950893901788085 ) ) ;
#2120 = CARTESIAN_POINT ( 'NONE',  ( 19.28708975202810549, 22.36174688161129254, 4.371156726701545203 ) ) ;
#2121 = CARTESIAN_POINT ( 'NONE',  ( 26.04272419899417912, 11.50349392794374026, 0.7363530966565926539 ) ) ;
#2122 = ORIENTED_EDGE ( 'NONE', *, *, #3431, .F. ) ;
#2123 = VECTOR ( 'NONE', #3365, 1000.000000000000000 ) ;
#2124 = ORIENTED_EDGE ( 'NONE', *, *, #5820, .F. ) ;
#2125 = CARTESIAN_POINT ( 'NONE',  ( 8.499999999999847233, 23.99999999999999289, 2.627371485753603242 ) ) ;
#2126 = CARTESIAN_POINT ( 'NONE',  ( -26.14684234478716007, -8.787115168819777722, 7.039806603995030443 ) ) ;
#2127 = CARTESIAN_POINT ( 'NONE',  ( 24.50994625491532375, 14.78981336523611567, 0.6442420003368147796 ) ) ;
#2128 = CARTESIAN_POINT ( 'NONE',  ( 24.14828211523389712, 8.216078377527987087, 13.14984229994504616 ) ) ;
#2129 = CARTESIAN_POINT ( 'NONE',  ( -23.85563747225788234, 11.75565942947989839, 6.090815902107137525 ) ) ;
#2130 = B_SPLINE_CURVE_WITH_KNOTS ( 'NONE', 3,
 ( #4093, #5021, #2093, #1627, #3153, #3525 ),
 .UNSPECIFIED., .F., .F.,
 ( 4, 2, 4 ),
 ( 0.000000000000000000, 0.004430269838965652726, 0.008860539677931305452 ),
 .UNSPECIFIED. ) ;
#2131 = CARTESIAN_POINT ( 'NONE',  ( 27.19601445119627670, -12.61131005703178865, 0.7172723426112872502 ) ) ;
#2132 = CARTESIAN_POINT ( 'NONE',  ( -19.18859498852161138, -14.45936588693880687, 9.232567396269153903 ) ) ;
#2133 = CARTESIAN_POINT ( 'NONE',  ( -21.58903881297624494, -17.47021348742784141, 7.038782116365754682 ) ) ;
#2134 = CARTESIAN_POINT ( 'NONE',  ( 26.28845837649463135, -10.62479379551330361, 3.784641873394239298 ) ) ;
#2135 = CARTESIAN_POINT ( 'NONE',  ( 8.777304644957553137, -24.00000000000000000, 4.625746354163222662 ) ) ;
#2136 = CARTESIAN_POINT ( 'NONE',  ( 5.184755935515433123, -25.28897081645360956, 5.908409801583772492 ) ) ;
#2137 = ORIENTED_EDGE ( 'NONE', *, *, #90, .T. ) ;
#2138 = B_SPLINE_CURVE_WITH_KNOTS ( 'NONE', 3,
 ( #1225, #4991, #2126, #129, #3958, #5356, #718, #4891, #2095, #621, #5895, #3494, #4959, #688, #2030, #5830, #4494, #1153, #4925, #5023, #3054, #5964 ),
 .UNSPECIFIED., .F., .F.,
 ( 4, 2, 2, 2, 2, 2, 2, 2, 2, 2, 4 ),
 ( 0.000000000000000000, 0.003118322857357194115, 0.006236645714714388229, 0.007795807143392985070, 0.009354968572071581043, 0.01247329142942876952, 0.01403245285810736202, 0.01559161428678595279, 0.01870993714414312739, 0.02182826000150029505, 0.02494658285885746271 ),
 .UNSPECIFIED. ) ;
#2139 = CARTESIAN_POINT ( 'NONE',  ( -25.68269638931508325, -3.281226777336987421, 6.051202758406212467 ) ) ;
#2140 = CARTESIAN_POINT ( 'NONE',  ( 21.97082241516563172, -18.19498650102082138, 0.6961456776812701142 ) ) ;
#2141 = CARTESIAN_POINT ( 'NONE',  ( -28.50000000000000355, 2.953475431412100782, 1.533580317245540670 ) ) ;
#2142 = CARTESIAN_POINT ( 'NONE',  ( 25.49979813151650987, 0.6673805853982994751, 12.14170389543814288 ) ) ;
#2143 = FACE_OUTER_BOUND ( 'NONE', #117, .T. ) ;
#2144 = ORIENTED_EDGE ( 'NONE', *, *, #2159, .T. ) ;
#2145 = CARTESIAN_POINT ( 'NONE',  ( -16.78848673164415928, 17.19193651922865484, 13.21250024881752161 ) ) ;
#2146 = CARTESIAN_POINT ( 'NONE',  ( -26.93064701065668842, -3.308364247595410035, 6.908686409397924777 ) ) ;
#2147 = ORIENTED_EDGE ( 'NONE', *, *, #5627, .F. ) ;
#2148 = CARTESIAN_POINT ( 'NONE',  ( -24.96889037147115431, -8.501147970055598080, 6.130349205021606629 ) ) ;
#2149 = CARTESIAN_POINT ( 'NONE',  ( 21.85327475462403513, 9.939383809123565783, 13.33547713018021597 ) ) ;
#2150 = AXIS2_PLACEMENT_3D ( 'NONE', #892, #3703, #2695 ) ;
#2151 = CARTESIAN_POINT ( 'NONE',  ( 8.499999999999861444, -24.00000000000000000, 2.627371485753517533 ) ) ;
#2152 = CARTESIAN_POINT ( 'NONE',  ( 28.49999999997965361, -3.151689436853386095, 4.448401262189962679 ) ) ;
#2153 = CARTESIAN_POINT ( 'NONE',  ( -194.2911684466444910, 0.000000000000000000, -121.7595244375777810 ) ) ;
#2154 = CARTESIAN_POINT ( 'NONE',  ( 14.66644115725974018, 24.56986209734024484, 1.472938650842632535 ) ) ;
#2155 = CARTESIAN_POINT ( 'NONE',  ( -13.90331060527622142, -19.59838825301908116, 12.73038816494916325 ) ) ;
#2156 = ORIENTED_EDGE ( 'NONE', *, *, #5395, .T. ) ;
#2157 = TOROIDAL_SURFACE ( 'NONE', #1959, 229.2911684466444342, 21.00000000000000000 ) ;
#2158 = ORIENTED_EDGE ( 'NONE', *, *, #4081, .T. ) ;
#2159 = EDGE_CURVE ( 'NONE', #5368, #4912, #4057, .T. ) ;
#2160 = CARTESIAN_POINT ( 'NONE',  ( 2.570521983572690683, -23.96326403175419628, 5.312036248138650940 ) ) ;
#2161 = CARTESIAN_POINT ( 'NONE',  ( 22.07243421052305621, 9.442892650103239305, 13.30217095585697074 ) ) ;
#2162 = CARTESIAN_POINT ( 'NONE',  ( -1.202128452455532681, -23.99999999998973621, 4.938815305650968490 ) ) ;
#2163 = CARTESIAN_POINT ( 'NONE',  ( 24.19734012336520834, 15.30867865453461540, 0.6406938031165941849 ) ) ;
#2164 = CARTESIAN_POINT ( 'NONE',  ( 7.400624604363652992, 24.42062154457230250, 8.032171152840360762 ) ) ;
#2165 = CARTESIAN_POINT ( 'NONE',  ( 24.71222762729471611, -17.22864406707918761, 4.258643507105131398 ) ) ;
#2166 = ADVANCED_FACE ( 'NONE', ( #1321 ), #3192, .T. ) ;
#2167 = DIRECTION ( 'NONE',  ( 0.000000000000000000, -0.000000000000000000, 1.000000000000000000 ) ) ;
#2168 = CARTESIAN_POINT ( 'NONE',  ( -18.50000000000000355, 4.425092742786670641, 1.391660071360964368 ) ) ;
#2169 = CARTESIAN_POINT ( 'NONE',  ( -6.888155080739508662, 23.99999999999999289, 3.290432263556863912 ) ) ;
#2170 = CARTESIAN_POINT ( 'NONE',  ( -1.027599801359396913E-14, -9.884773442113665709, -40.13594258815872706 ) ) ;
#2171 = CARTESIAN_POINT ( 'NONE',  ( 17.71781551391025289, -18.38349411812905387, 13.19842501188654360 ) ) ;
#2172 = ORIENTED_EDGE ( 'NONE', *, *, #5793, .T. ) ;
#2173 = EDGE_CURVE ( 'NONE', #634, #5905, #5546, .T. ) ;
#2174 = CARTESIAN_POINT ( 'NONE',  ( 8.499999999999989342, -5.500000000000005329, -9.999999999999998224 ) ) ;
#2175 = CARTESIAN_POINT ( 'NONE',  ( -7.944261732578527635, -24.24893762144548859, 8.224316701045076172 ) ) ;
#2176 = DIRECTION ( 'NONE',  ( 0.000000000000000000, 1.000000000000000000, 0.000000000000000000 ) ) ;
#2177 = CARTESIAN_POINT ( 'NONE',  ( 8.499999999999989342, -5.500000000000005329, -9.999999999999998224 ) ) ;
#2178 = CARTESIAN_POINT ( 'NONE',  ( 8.499999999999989342, 5.499999999999998224, -9.999999999999998224 ) ) ;
#2179 = CYLINDRICAL_SURFACE ( 'NONE', #860, 22.50000000000000711 ) ;
#2180 = EDGE_CURVE ( 'NONE', #1468, #3504, #5044, .T. ) ;
#2181 = ORIENTED_EDGE ( 'NONE', *, *, #3093, .F. ) ;
#2182 = CARTESIAN_POINT ( 'NONE',  ( -25.50057337398839508, 6.052678593458198364, 6.080567512531308338 ) ) ;
#2183 = CARTESIAN_POINT ( 'NONE',  ( -28.50000000000000000, -5.500000000000016875, -5.916438420940897558 ) ) ;
#2184 = ORIENTED_EDGE ( 'NONE', *, *, #4424, .T. ) ;
#2185 = CARTESIAN_POINT ( 'NONE',  ( -22.00192259875090883, -18.16212170326188158, 3.740429534657723210 ) ) ;
#2186 = CARTESIAN_POINT ( 'NONE',  ( 22.63972324215312781, 7.989478985479727235, 9.178073951189263724 ) ) ;
#2187 = CARTESIAN_POINT ( 'NONE',  ( -24.35561113334222938, 17.70805325395933139, 0.6515743250204464321 ) ) ;
#2188 = FACE_OUTER_BOUND ( 'NONE', #3423, .T. ) ;
#2189 = CARTESIAN_POINT ( 'NONE',  ( -3.530598398061109477E-17, 25.49999999999999645, 4.999999999999999112 ) ) ;
#2190 = CARTESIAN_POINT ( 'NONE',  ( -22.71738890646674847, -7.763755117644064896, 13.15318877809790266 ) ) ;
#2191 = B_SPLINE_CURVE_WITH_KNOTS ( 'NONE', 3,
 ( #2876, #2282, #1787, #4343, #3820, #5615 ),
 .UNSPECIFIED., .F., .F.,
 ( 4, 2, 4 ),
 ( 0.000000000000000000, 0.002008515727120943097, 0.004017031454241886193 ),
 .UNSPECIFIED. ) ;
#2192 = VERTEX_POINT ( 'NONE', #3900 ) ;
#2193 = ORIENTED_EDGE ( 'NONE', *, *, #5665, .F. ) ;
#2194 = CARTESIAN_POINT ( 'NONE',  ( 1.807491730436849866E-16, 25.49999999999999645, 4.999999999999999112 ) ) ;
#2195 = CARTESIAN_POINT ( 'NONE',  ( -2.545396682376489306, -25.45930003767248095, 5.463192149319528568 ) ) ;
#2196 = CARTESIAN_POINT ( 'NONE',  ( -8.499999999999621636, 23.99999999999999289, 2.627371485753641434 ) ) ;
#2197 = DIRECTION ( 'NONE',  ( 0.000000000000000000, 0.000000000000000000, -1.000000000000000000 ) ) ;
#2198 = DIRECTION ( 'NONE',  ( -0.2540981724903179639, 0.000000000000000000, 0.9671784316955587268 ) ) ;
#2199 = ADVANCED_FACE ( 'NONE', ( #2926 ), #4373, .F. ) ;
#2200 = DIRECTION ( 'NONE',  ( 0.000000000000000000, 0.000000000000000000, 1.000000000000000000 ) ) ;
#2201 = B_SPLINE_CURVE_WITH_KNOTS ( 'NONE', 3,
 ( #3487, #1656, #5791, #2947, #843, #5076, #6016, #1692, #811, #5513, #1251, #2220, #5110, #1786, #3211, #4554, #780, #4520, #2711, #2744, #1814, #261, #5582, #4614, #3624, #2679 ),
 .UNSPECIFIED., .F., .F.,
 ( 4, 2, 2, 2, 2, 2, 2, 2, 2, 2, 2, 2, 4 ),
 ( 0.01872189780132872336, 0.02869400538353950730, 0.03118703227909219722, 0.03368005917464488713, 0.03866611296575026696, 0.04365216675685564679, 0.04614519365240833670, 0.04863822054796103356, 0.05113124744351371653, 0.05362427433906641339, 0.05487078778684276181, 0.05611730123461911024, 0.05861032813017182097 ),
 .UNSPECIFIED. ) ;
#2202 = CARTESIAN_POINT ( 'NONE',  ( 24.42658038140835330, 10.37901344419099559, 6.104728606883067954 ) ) ;
#2203 = CARTESIAN_POINT ( 'NONE',  ( 21.86397511449858655, -18.30776225957498937, 0.7014144723579256446 ) ) ;
#2204 = CARTESIAN_POINT ( 'NONE',  ( -18.12473513263973501, 20.69376895672873928, 7.037402299691345675 ) ) ;
#2205 = CARTESIAN_POINT ( 'NONE',  ( -25.50019950804078661, 0.6518639765899295613, 12.14115618267545038 ) ) ;
#2206 = EDGE_LOOP ( 'NONE', ( #256, #2092, #5481 ) ) ;
#2207 = CARTESIAN_POINT ( 'NONE',  ( 14.39015482698961002, 23.07874257888409630, 1.445431411698389512 ) ) ;
#2208 = CARTESIAN_POINT ( 'NONE',  ( 14.80960186288780278, 20.79665427832446056, 12.73773678885950034 ) ) ;
#2209 = CARTESIAN_POINT ( 'NONE',  ( 25.81770092069238487, -12.03575824132398253, 0.7177799968679140497 ) ) ;
#2210 = CARTESIAN_POINT ( 'NONE',  ( -26.40367835815839825, -10.31370322212705837, 0.8004019522683917254 ) ) ;
#2211 = CARTESIAN_POINT ( 'NONE',  ( 25.47484525838168778, -1.312760934455012185, 12.17626746214084399 ) ) ;
#2212 = CARTESIAN_POINT ( 'NONE',  ( 25.72499999999990550, 1.629715612610227016, 6.083427520652579190 ) ) ;
#2213 = B_SPLINE_CURVE_WITH_KNOTS ( 'NONE', 3,
 ( #3815, #5242, #2872, #4772, #3467, #3059 ),
 .UNSPECIFIED., .F., .F.,
 ( 4, 2, 4 ),
 ( 0.000000000000000000, 0.0008714490287455800782, 0.001742898057491160156 ),
 .UNSPECIFIED. ) ;
#2214 = ORIENTED_EDGE ( 'NONE', *, *, #3827, .T. ) ;
#2215 = CARTESIAN_POINT ( 'NONE',  ( -21.08204688279550609, 11.53060400404005215, 13.41905172127800050 ) ) ;
#2216 = ORIENTED_EDGE ( 'NONE', *, *, #1659, .T. ) ;
#2217 = CARTESIAN_POINT ( 'NONE',  ( -25.37614125807898446, -13.08678305839855405, 3.733743605379195252 ) ) ;
#2218 = CARTESIAN_POINT ( 'NONE',  ( 24.11869301976227220, 11.27898772072714273, 6.036895631320922107 ) ) ;
#2219 = CARTESIAN_POINT ( 'NONE',  ( 27.00014672596271836, 1.648934339175913255, 6.873533194875325769 ) ) ;
#2220 = CARTESIAN_POINT ( 'NONE',  ( -3.412151033467290444E-15, -11.13173810702580901, -42.77623578369372126 ) ) ;
#2221 = CARTESIAN_POINT ( 'NONE',  ( 26.84953683015403314, 7.933341903022856023, 0.9790987896977096927 ) ) ;
#2222 = ORIENTED_EDGE ( 'NONE', *, *, #5617, .T. ) ;
#2223 = ORIENTED_EDGE ( 'NONE', *, *, #3860, .F. ) ;
#2224 = CARTESIAN_POINT ( 'NONE',  ( 8.499999999999861444, -24.00000000000000000, 2.627371485753517533 ) ) ;
#2225 = ADVANCED_FACE ( 'NONE', ( #3303 ), #4412, .F. ) ;
#2226 = CARTESIAN_POINT ( 'NONE',  ( -8.239896106120975006, 23.99999999999999289, 2.758975499638281370 ) ) ;
#2227 = CARTESIAN_POINT ( 'NONE',  ( -7.223599949051031970E-15, 19.01791071194431382, -17.73784881105772016 ) ) ;
#2228 = CARTESIAN_POINT ( 'NONE',  ( -20.96992020224366016, 17.68891481730225479, -14.17177864820460442 ) ) ;
#2229 = CARTESIAN_POINT ( 'NONE',  ( 57.49999999999997868, 0.000000000000000000, -214.9999999999999716 ) ) ;
#2230 = CARTESIAN_POINT ( 'NONE',  ( 27.88737158772962843, -10.46866620187876151, 4.322288344333395038 ) ) ;
#2231 = CARTESIAN_POINT ( 'NONE',  ( -7.624725238106963232, -22.77868229488057850, 7.936999578548633139 ) ) ;
#2232 = DIRECTION ( 'NONE',  ( 1.000000000000000000, 0.000000000000000000, 0.000000000000000000 ) ) ;
#2233 = CARTESIAN_POINT ( 'NONE',  ( 11.59612817178531508, -23.76701454062651919, 4.308801350058573121 ) ) ;
#2234 = CARTESIAN_POINT ( 'NONE',  ( -8.923772034425040189, -25.50000000000049383, 4.932778474365730581 ) ) ;
#2235 = CC_DESIGN_APPROVAL ( #2958, ( #1520 ) ) ;
#2236 = CARTESIAN_POINT ( 'NONE',  ( -25.29377041246317859, 3.302395907934670749, 12.41432978588734137 ) ) ;
#2237 = CARTESIAN_POINT ( 'NONE',  ( 0.000000000000000000, 25.49999999999999645, 5.000000000000000000 ) ) ;
#2238 = EDGE_CURVE ( 'NONE', #2192, #5217, #1509, .T. ) ;
#2239 = CARTESIAN_POINT ( 'NONE',  ( 11.47408324285728831, -23.76924646403004715, 1.942764535968315220 ) ) ;
#2240 = CARTESIAN_POINT ( 'NONE',  ( 9.283969570826258177, 25.49999999999899103, 4.905425687108817989 ) ) ;
#2241 = CARTESIAN_POINT ( 'NONE',  ( 25.54282622923778234, 4.881928327101877407, 6.128737224380927273 ) ) ;
#2242 = ORIENTED_EDGE ( 'NONE', *, *, #438, .T. ) ;
#2243 = CARTESIAN_POINT ( 'NONE',  ( -18.00218766318815611, 15.88317447314298647, 13.33394395518510045 ) ) ;
#2244 = DIRECTION ( 'NONE',  ( 0.4469922825246541165, 0.000000000000000000, -0.8945378132663815984 ) ) ;
#2245 = ORIENTED_EDGE ( 'NONE', *, *, #5719, .T. ) ;
#2246 = CARTESIAN_POINT ( 'NONE',  ( -20.53458771338409505, -19.60524305081449015, 0.7782042761355290050 ) ) ;
#2247 = CARTESIAN_POINT ( 'NONE',  ( -26.36602232933130452, 14.57642070331782236, 4.261908270138087929 ) ) ;
#2248 = CARTESIAN_POINT ( 'NONE',  ( -2.570521983543144096, 23.96326403176164632, 5.312036248191039256 ) ) ;
#2249 = CARTESIAN_POINT ( 'NONE',  ( -5.746478873239308172, 23.30188791835146844, 9.425626491315746591 ) ) ;
#2250 = CARTESIAN_POINT ( 'NONE',  ( 7.576225334129501832, -25.50000000000000355, 3.054915543149566926 ) ) ;
#2251 = TOROIDAL_SURFACE ( 'NONE', #3133, 9.999999999999996447, 10.00000000000000000 ) ;
#2252 = CARTESIAN_POINT ( 'NONE',  ( 26.68906436989986020, 8.951876306984569709, 3.836474896637135146 ) ) ;
#2253 = ORIENTED_EDGE ( 'NONE', *, *, #1191, .T. ) ;
#2254 = EDGE_LOOP ( 'NONE', ( #5509, #23, #4448 ) ) ;
#2255 = AXIS2_PLACEMENT_3D ( 'NONE', #5246, #4802, #2008 ) ;
#2256 = CARTESIAN_POINT ( 'NONE',  ( -5.744100854800992195, -25.50000000000000355, 3.590999442128277597 ) ) ;
#2257 = CARTESIAN_POINT ( 'NONE',  ( -7.029747285370218535, 23.99999999999999289, 3.253232974836139935 ) ) ;
#2258 = CARTESIAN_POINT ( 'NONE',  ( 0.000000000000000000, -25.50000000000000355, 5.000000000000000000 ) ) ;
#2259 = CARTESIAN_POINT ( 'NONE',  ( -18.59409365608666675, 19.04123323638750875, -14.98901220717556981 ) ) ;
#2260 = DIRECTION ( 'NONE',  ( -0.000000000000000000, -1.000000000000000000, 0.000000000000000000 ) ) ;
#2261 = CARTESIAN_POINT ( 'NONE',  ( 28.50000000000014211, -6.817791514711541545, 1.084157841142704415 ) ) ;
#2262 = VECTOR ( 'NONE', #37, 1000.000000000000000 ) ;
#2263 = CARTESIAN_POINT ( 'NONE',  ( -27.00000000000000355, -4.674925199857525193, 3.982254291923428280 ) ) ;
#2264 = CARTESIAN_POINT ( 'NONE',  ( 12.21179423294132960, 22.43776129111070716, 6.208292335120161987 ) ) ;
#2265 = CARTESIAN_POINT ( 'NONE',  ( 16.41847238090018379, -22.23981647613190660, 3.967959872328646220 ) ) ;
#2266 = CARTESIAN_POINT ( 'NONE',  ( -8.816639951040201595, -24.75461891351681487, 6.643087457547659724 ) ) ;
#2267 = CARTESIAN_POINT ( 'NONE',  ( -25.25013590929738072, -3.650658104437547902, 9.390331532899482525 ) ) ;
#2268 = TOROIDAL_SURFACE ( 'NONE', #2363, 9.999999999999996447, 8.500000000000000000 ) ;
#2269 = CARTESIAN_POINT ( 'NONE',  ( 11.59878782110607354, 22.71775735903379001, 11.93375918925313606 ) ) ;
#2270 = FACE_OUTER_BOUND ( 'NONE', #461, .T. ) ;
#2271 = CARTESIAN_POINT ( 'NONE',  ( -21.96998665403827644, -18.19587062416793088, 0.6961866957070885764 ) ) ;
#2272 = CARTESIAN_POINT ( 'NONE',  ( -12.17399744619198287, 23.95009893428516534, 6.790073804997367901 ) ) ;
#2273 = EDGE_CURVE ( 'NONE', #619, #1140, #658, .T. ) ;
#2274 = ORIENTED_EDGE ( 'NONE', *, *, #823, .F. ) ;
#2275 = CARTESIAN_POINT ( 'NONE',  ( -23.43992253360742239, 5.290361149576184197, 9.078761049508701220 ) ) ;
#2276 = ORIENTED_EDGE ( 'NONE', *, *, #4668, .F. ) ;
#2277 = B_SPLINE_CURVE_WITH_KNOTS ( 'NONE', 3,
 ( #4781, #51, #2418, #2013, #5814, #3381 ),
 .UNSPECIFIED., .F., .F.,
 ( 4, 2, 4 ),
 ( 1.116237607345496225E-16, 0.0008714490287456552135, 0.001742898057491198754 ),
 .UNSPECIFIED. ) ;
#2278 = CARTESIAN_POINT ( 'NONE',  ( -16.41991732575167262, -22.23913431852808031, 3.967878649981857020 ) ) ;
#2279 = CARTESIAN_POINT ( 'NONE',  ( -7.615589604742767804, 23.58200398892283545, 5.823335961318106158 ) ) ;
#2280 = CARTESIAN_POINT ( 'NONE',  ( 8.024324211771126869, 23.48103496928830580, 6.027001110066420253 ) ) ;
#2281 = CARTESIAN_POINT ( 'NONE',  ( 10.63415309628376448, -24.31215835098824130, 6.845339688422904523 ) ) ;
#2282 = CARTESIAN_POINT ( 'NONE',  ( -25.29410123720200332, 3.300286367546680921, 12.41392827261281084 ) ) ;
#2283 = EDGE_CURVE ( 'NONE', #4115, #5227, #2996, .T. ) ;
#2284 = CARTESIAN_POINT ( 'NONE',  ( 14.02527646567526354, 21.72592149844578557, 6.194529937018773857 ) ) ;
#2285 = ORIENTED_EDGE ( 'NONE', *, *, #431, .F. ) ;
#2286 = ORIENTED_EDGE ( 'NONE', *, *, #2732, .F. ) ;
#2287 = CARTESIAN_POINT ( 'NONE',  ( 7.301794665882987978, -25.50000000000000355, 4.864876035909736274 ) ) ;
#2288 = CARTESIAN_POINT ( 'NONE',  ( -7.576225334128966260, 23.99999999999999289, 3.054915543149823609 ) ) ;
#2289 = CARTESIAN_POINT ( 'NONE',  ( 12.17356237968252053, 23.92687741683629099, 6.781091327297725790 ) ) ;
#2290 = CARTESIAN_POINT ( 'NONE',  ( 26.78567791675013865, 4.962546371393778522, 6.964692016090524795 ) ) ;
#2291 = CARTESIAN_POINT ( 'NONE',  ( 10.93347778967163997, -25.36103375538080940, 2.087407261227682831 ) ) ;
#2292 = CARTESIAN_POINT ( 'NONE',  ( 8.499999999999989342, -5.500000000000005329, -9.999999999999998224 ) ) ;
#2293 = CARTESIAN_POINT ( 'NONE',  ( -7.573189171425189770, 23.56113474867199287, 5.897889810354363327 ) ) ;
#2294 = CARTESIAN_POINT ( 'NONE',  ( 0.000000000000000000, 0.000000000000000000, 70.00000000000000000 ) ) ;
#2295 = CARTESIAN_POINT ( 'NONE',  ( -9.774615490782379013, -24.53498208024578631, 6.786414519518842781 ) ) ;
#2296 = ADVANCED_FACE ( 'NONE', ( #411 ), #6137, .T. ) ;
#2297 = CARTESIAN_POINT ( 'NONE',  ( 16.44737658330170049, -21.56270075397730324, -16.11375406741348471 ) ) ;
#2298 = CARTESIAN_POINT ( 'NONE',  ( 17.88473271220690464, -16.01554456451098574, 13.32356758669300056 ) ) ;
#2299 = CARTESIAN_POINT ( 'NONE',  ( -26.69700089193589321, -9.301826339306662916, -8.697160255484469360 ) ) ;
#2300 = CARTESIAN_POINT ( 'NONE',  ( -20.66518859767034400, -19.49145710229741724, 0.7692059917142485270 ) ) ;
#2301 = ADVANCED_FACE ( 'NONE', ( #5173 ), #4662, .F. ) ;
#2302 = CARTESIAN_POINT ( 'NONE',  ( 9.634454142084987183, 25.49999999999998579, 4.869521548480347128 ) ) ;
#2303 = CARTESIAN_POINT ( 'NONE',  ( -14.67066330491346804, 22.86757740219809776, 6.897906008977908954 ) ) ;
#2304 = ORIENTED_EDGE ( 'NONE', *, *, #6006, .F. ) ;
#2305 = FACE_OUTER_BOUND ( 'NONE', #2569, .T. ) ;
#2306 = DIRECTION ( 'NONE',  ( -0.4514680110517567124, 0.000000000000000000, 0.8922873051864913529 ) ) ;
#2307 = VERTEX_POINT ( 'NONE', #4471 ) ;
#2308 = CARTESIAN_POINT ( 'NONE',  ( -23.45653751658437969, -16.40548389374324856, 0.6454776008436305945 ) ) ;
#2309 = EDGE_CURVE ( 'NONE', #836, #4345, #5625, .T. ) ;
#2310 = CARTESIAN_POINT ( 'NONE',  ( -4.464396295133887804, 23.61550546098203895, 6.782583535696210753 ) ) ;
#2311 = CARTESIAN_POINT ( 'NONE',  ( -23.06972597475520814, 19.21720123181966500, 0.6958473148900959915 ) ) ;
#2312 = CARTESIAN_POINT ( 'NONE',  ( 11.59659420371509420, 23.76693806664493636, 4.308758947762217240 ) ) ;
#2313 = ORIENTED_EDGE ( 'NONE', *, *, #5341, .F. ) ;
#2314 = ORIENTED_EDGE ( 'NONE', *, *, #3431, .T. ) ;
#2315 = CARTESIAN_POINT ( 'NONE',  ( -1.272820355592940045, -25.50000000000000355, 5.231595977176563217 ) ) ;
#2316 = EDGE_CURVE ( 'NONE', #5008, #5543, #1374, .T. ) ;
#2317 = CARTESIAN_POINT ( 'NONE',  ( -4.596821932900787999, -24.00000000000000000, 3.879105583098724441 ) ) ;
#2318 = CARTESIAN_POINT ( 'NONE',  ( 10.19438555151636905, 23.12804379787010234, 6.002981860959442528 ) ) ;
#2319 =( BOUNDED_SURFACE ( )  B_SPLINE_SURFACE ( 3, 2, ( 
 ( #526, #3389, #1047 ),
 ( #2426, #3807, #6153 ),
 ( #4330, #2865, #2948 ),
 ( #4819, #5684, #5284 ),
 ( #1966, #4279, #4763 ),
 ( #499, #2401, #4854 ),
 ( #5764, #1413, #5203 ),
 ( #4739, #4303, #1014 ),
 ( #558, #29, #3986 ),
 ( #681, #156, #714 ),
 ( #4919, #5449, #1623 ),
 ( #2025, #3920, #4489 ),
 ( #647, #5479, #3048 ),
 ( #2617, #4058, #3458 ),
 ( #5958, #5015, #5412 ),
 ( #123, #3488, #2980 ),
 ( #4986, #3112, #5379 ),
 ( #1112, #1693, #4423 ),
 ( #5921, #3082, #1558 ),
 ( #2554, #2120, #3591 ),
 ( #227, #1657, #1590 ),
 ( #262, #3015, #5889 ),
 ( #1185, #3557, #4521 ),
 ( #2154, #1219, #4457 ),
 ( #2488, #4391, #3521 ),
 ( #2060, #5825, #5351 ),
 ( #3953, #1079, #4885 ),
 ( #616, #2520, #5854 ),
 ( #192, #2090, #1148 ),
 ( #4953, #2586, #4020 ) ),
 .UNSPECIFIED., .F., .F., .F. ) 
 B_SPLINE_SURFACE_WITH_KNOTS ( ( 4, 2, 2, 2, 2, 2, 2, 2, 2, 2, 2, 2, 2, 2, 4 ),
 ( 3, 3 ),
 ( 0.005207726047775590103, 0.006203932372238117610, 0.007200138696700645984, 0.009192551345625701864, 0.009690654507856964750, 0.01018875767008822937, 0.01118496399455075688, 0.01218117031901328438, 0.01317737664347581189, 0.01516978929240086690, 0.01616599561686339614, 0.01716220194132592192, 0.01915461459025097693, 0.02015082091471350617, 0.02114702723917603194 ),
 ( 0.000000000000000000, 1.000000000000000000 ),
 .UNSPECIFIED. ) 
 GEOMETRIC_REPRESENTATION_ITEM ( )  RATIONAL_B_SPLINE_SURFACE ( (
 ( 1.000000000000000000, 0.9499568284406326724, 1.000000000000000000),
 ( 1.000000000000000000, 0.9488501084893153914, 1.000000000000000000),
 ( 1.000000000000000000, 0.9478323343224757114, 1.000000000000000000),
 ( 1.000000000000000000, 0.9459901836704565081, 1.000000000000000000),
 ( 1.000000000000000000, 0.9451762947881157118, 1.000000000000000000),
 ( 1.000000000000000000, 0.9430294847822711102, 1.000000000000000000),
 ( 1.000000000000000000, 0.9419872769409506352, 1.000000000000000000),
 ( 1.000000000000000000, 0.9411443959556184957, 1.000000000000000000),
 ( 1.000000000000000000, 0.9409993171452949445, 1.000000000000000000),
 ( 1.000000000000000000, 0.9407587395141109310, 1.000000000000000000),
 ( 1.000000000000000000, 0.9406626763132385216, 1.000000000000000000),
 ( 1.000000000000000000, 0.9404453175210495397, 1.000000000000000000),
 ( 1.000000000000000000, 0.9403945631400278948, 1.000000000000000000),
 ( 1.000000000000000000, 0.9404787722180232290, 1.000000000000000000),
 ( 1.000000000000000000, 0.9406137245538438441, 1.000000000000000000),
 ( 1.000000000000000000, 0.9410762060889817926, 1.000000000000000000),
 ( 1.000000000000000000, 0.9414057401016946436, 1.000000000000000000),
 ( 1.000000000000000000, 0.9426806430280044724, 1.000000000000000000),
 ( 1.000000000000000000, 0.9438979437215889723, 1.000000000000000000),
 ( 1.000000000000000000, 0.9463101426780308190, 1.000000000000000000),
 ( 1.000000000000000000, 0.9472129137771169161, 1.000000000000000000),
 ( 1.000000000000000000, 0.9492333359681867089, 1.000000000000000000),
 ( 1.000000000000000000, 0.9503417831560467821, 1.000000000000000000),
 ( 1.000000000000000000, 0.9539304162107438145, 1.000000000000000000),
 ( 1.000000000000000000, 0.9566923405399369029, 1.000000000000000000),
 ( 1.000000000000000000, 0.9613818286979268768, 1.000000000000000000),
 ( 1.000000000000000000, 0.9630380021557412018, 1.000000000000000000),
 ( 1.000000000000000000, 0.9664127748869801859, 1.000000000000000000),
 ( 1.000000000000000000, 0.9681407999676077125, 1.000000000000000000),
 ( 1.000000000000000000, 0.9698494303495824864, 1.000000000000000000) ) ) 
 REPRESENTATION_ITEM ( '' )  SURFACE ( )  );
#2320 = LINE ( 'NONE', #1357, #944 ) ;
#2321 = DIRECTION ( 'NONE',  ( 0.000000000000000000, 0.000000000000000000, -1.000000000000000000 ) ) ;
#2322 = CARTESIAN_POINT ( 'NONE',  ( -13.86189440657471827, -23.25425521359726844, 6.868522610180586518 ) ) ;
#2323 = CARTESIAN_POINT ( 'NONE',  ( 7.573189171432224143, -23.56113474867215274, 5.897889810363929008 ) ) ;
#2324 = CARTESIAN_POINT ( 'NONE',  ( 22.75238759941681366, -13.93510691567080251, 6.077125041996868759 ) ) ;
#2325 = CARTESIAN_POINT ( 'NONE',  ( -9.283969570824925910, -25.49999999999751310, 4.905425687107634047 ) ) ;
#2326 = FACE_OUTER_BOUND ( 'NONE', #2906, .T. ) ;
#2327 = EDGE_CURVE ( 'NONE', #2451, #5874, #766, .T. ) ;
#2328 = CARTESIAN_POINT ( 'NONE',  ( 8.278650446662922491, -22.52864514732073076, 10.90511127842299821 ) ) ;
#2329 = LOCAL_TIME ( 0, 3, 37.00000000000000000, #5243 ) ;
#2330 = CARTESIAN_POINT ( 'NONE',  ( 24.05955584381455736, -11.28885344628777077, 6.095089395653441322 ) ) ;
#2331 = CARTESIAN_POINT ( 'NONE',  ( 8.242128854231349777, 25.49999999999999645, 2.757845802657776790 ) ) ;
#2332 = CARTESIAN_POINT ( 'NONE',  ( -9.562329668589260478, 23.65020995904358614, 8.687177678298652950 ) ) ;
#2333 = ORIENTED_EDGE ( 'NONE', *, *, #5604, .T. ) ;
#2334 = DIRECTION ( 'NONE',  ( 1.000000000000000000, -0.000000000000000000, -0.000000000000000000 ) ) ;
#2335 = CARTESIAN_POINT ( 'NONE',  ( -5.746478873239308172, 23.30188791835146844, 9.425626491315746591 ) ) ;
#2336 = CARTESIAN_POINT ( 'NONE',  ( -9.611816228895396108, -23.97542330361912732, 2.340318418493423369 ) ) ;
#2337 = CARTESIAN_POINT ( 'NONE',  ( -25.80052139534475231, 15.62337348390003022, 0.6379272930003073716 ) ) ;
#2338 = CARTESIAN_POINT ( 'NONE',  ( -194.2911684466444910, 0.000000000000000000, -121.7595244375777810 ) ) ;
#2339 = DIRECTION ( 'NONE',  ( 0.000000000000000000, 1.000000000000000000, 0.000000000000000000 ) ) ;
#2340 = CARTESIAN_POINT ( 'NONE',  ( 21.92797415380216108, 15.16387664854317130, 6.078461237058624178 ) ) ;
#2341 = EDGE_CURVE ( 'NONE', #2715, #5784, #3084, .T. ) ;
#2342 = ORIENTED_EDGE ( 'NONE', *, *, #4587, .T. ) ;
#2343 = ORIENTED_EDGE ( 'NONE', *, *, #31, .T. ) ;
#2344 = CARTESIAN_POINT ( 'NONE',  ( -194.2911684466444910, 2.755455298081545172E-15, -121.7595244375777810 ) ) ;
#2345 = CIRCLE ( 'NONE', #4922, 10.00000000000000355 ) ;
#2346 = CARTESIAN_POINT ( 'NONE',  ( 5.746478873239289520, 23.30188791835147200, 9.425626491315759026 ) ) ;
#2347 = CARTESIAN_POINT ( 'NONE',  ( 35.07135583350035546, -5.500000000000000000, 12.53772396082004370 ) ) ;
#2348 = CARTESIAN_POINT ( 'NONE',  ( -0.6651311782017153007, 19.32319139139666575, -17.59905698420523379 ) ) ;
#2349 = EDGE_CURVE ( 'NONE', #1661, #3099, #5744, .T. ) ;
#2350 = AXIS2_PLACEMENT_3D ( 'NONE', #4591, #1293, #2753 ) ;
#2351 = CARTESIAN_POINT ( 'NONE',  ( 12.78180358866479516, -20.32189787221809496, 8.930760794059464658 ) ) ;
#2352 = CARTESIAN_POINT ( 'NONE',  ( 26.14975409030687103, 11.04402205548419147, -9.999999999999980460 ) ) ;
#2353 = CARTESIAN_POINT ( 'NONE',  ( 7.301794665877541668, 25.49999999999998224, 4.864876035899595053 ) ) ;
#2354 = CARTESIAN_POINT ( 'NONE',  ( 28.37089968601386047, -8.118073643870239664, 0.9746677659707166930 ) ) ;
#2355 = CARTESIAN_POINT ( 'NONE',  ( 8.943464651228159923, -23.88214172744127239, 10.96929480802527301 ) ) ;
#2356 = AXIS2_PLACEMENT_3D ( 'NONE', #905, #2368, #440 ) ;
#2357 = AXIS2_PLACEMENT_3D ( 'NONE', #1513, #84, #5339 ) ;
#2358 = CARTESIAN_POINT ( 'NONE',  ( -22.87091990909421213, -15.82899791144579815, 7.037223055213202905 ) ) ;
#2359 = APPROVAL_DATE_TIME ( #2873, #2958 ) ;
#2360 = DIRECTION ( 'NONE',  ( 1.000000000000000000, 0.000000000000000000, 0.000000000000000000 ) ) ;
#2361 = CARTESIAN_POINT ( 'NONE',  ( -13.22769139156482510, -20.71430593067467285, -16.11769172812493878 ) ) ;
#2362 = CARTESIAN_POINT ( 'NONE',  ( -19.12732439214314439, 16.87587287770823963, 13.33394395518434017 ) ) ;
#2363 = AXIS2_PLACEMENT_3D ( 'NONE', #5186, #6124, #3761 ) ;
#2364 = VERTEX_POINT ( 'NONE', #242 ) ;
#2365 = CARTESIAN_POINT ( 'NONE',  ( -23.80605610882449596, -3.107151857298343423, 12.41413049729702500 ) ) ;
#2366 = CARTESIAN_POINT ( 'NONE',  ( 24.00018777227367650, -0.6135190367908628373, 12.14115618267544150 ) ) ;
#2367 = CARTESIAN_POINT ( 'NONE',  ( 11.65132010848808264, -24.04025452282284903, 6.898746791243731025 ) ) ;
#2368 = DIRECTION ( 'NONE',  ( -0.000000000000000000, -0.000000000000000000, 1.000000000000000000 ) ) ;
#2369 = CARTESIAN_POINT ( 'NONE',  ( 28.49999999999998934, 4.425092742787100519, 1.391660071360860895 ) ) ;
#2370 = CARTESIAN_POINT ( 'NONE',  ( 23.43523664528379413, 12.64672090661378867, 6.083935702420229852 ) ) ;
#2371 = ORIENTED_EDGE ( 'NONE', *, *, #1029, .F. ) ;
#2372 = CARTESIAN_POINT ( 'NONE',  ( -24.50298229069612077, 14.86412047260423996, 0.6379272929991812724 ) ) ;
#2373 = ORIENTED_EDGE ( 'NONE', *, *, #662, .F. ) ;
#2374 = CARTESIAN_POINT ( 'NONE',  ( 6.888155080739496228, -24.00000000000000000, 3.290432263556855474 ) ) ;
#2375 = CARTESIAN_POINT ( 'NONE',  ( 7.882440013560402470, 22.67565658777287751, 10.72439681117335120 ) ) ;
#2376 = CARTESIAN_POINT ( 'NONE',  ( -8.664310951064431165, -24.78992986866561665, 6.621000874540015957 ) ) ;
#2377 = CARTESIAN_POINT ( 'NONE',  ( -7.223599949051031970E-15, 19.01791071194431382, -17.73784881105772016 ) ) ;
#2378 = CARTESIAN_POINT ( 'NONE',  ( 12.58194916290374366, -20.43971538570304958, 12.40878558451421299 ) ) ;
#2379 = CARTESIAN_POINT ( 'NONE',  ( 6.888155080742381031, -24.00000000000000000, 3.290432263567986571 ) ) ;
#2380 = DIRECTION ( 'NONE',  ( -0.4514680110517674261, 0.000000000000000000, 0.8922873051864860239 ) ) ;
#2381 = CARTESIAN_POINT ( 'NONE',  ( 16.38949930919213926, -23.88102951498572324, 1.259025225703754636 ) ) ;
#2382 = EDGE_CURVE ( 'NONE', #3178, #3680, #1227, .T. ) ;
#2383 = CARTESIAN_POINT ( 'NONE',  ( 19.21964076518028719, -16.77036125765325636, 9.753410270649665037 ) ) ;
#2384 =( BOUNDED_SURFACE ( )  B_SPLINE_SURFACE ( 3, 2, ( 
 ( #3564, #5455, #1192 ),
 ( #268, #2162, #4063 ),
 ( #1700, #3599, #5148 ),
 ( #1730, #3278, #2317 ),
 ( #3693, #818, #4561 ),
 ( #1257, #5621, #3245 ) ),
 .UNSPECIFIED., .F., .F., .F. ) 
 B_SPLINE_SURFACE_WITH_KNOTS ( ( 4, 2, 4 ),
 ( 3, 3 ),
 ( -3.193745132285579277E-05, 0.003516694213405718774, 0.007065325878134293483 ),
 ( 0.000000000000000000, 1.000000000000000000 ),
 .UNSPECIFIED. ) 
 GEOMETRIC_REPRESENTATION_ITEM ( )  RATIONAL_B_SPLINE_SURFACE ( (
 ( 1.000000000000000000, 1.000000000000000000, 1.000000000000000000),
 ( 1.000000000000000000, 0.9999949651465068756, 1.000000000000000000),
 ( 1.000000000000000000, 0.9989842064375700215, 1.000000000000000000),
 ( 1.000000000000000000, 0.9947686072453918449, 1.000000000000000000),
 ( 1.000000000000000000, 0.9915694221253420482, 1.000000000000000000),
 ( 1.000000000000000000, 0.9870077998580889522, 1.000000000000000000) ) ) 
 REPRESENTATION_ITEM ( '' )  SURFACE ( )  );
#2385 = CARTESIAN_POINT ( 'NONE',  ( -27.36292696821074699, -12.27181071011717073, 4.288049520837250661 ) ) ;
#2386 = CARTESIAN_POINT ( 'NONE',  ( -6.888155080742387248, 25.49999999999999645, 3.290432263567989235 ) ) ;
#2387 = COORDINATED_UNIVERSAL_TIME_OFFSET ( 1, 0, .AHEAD. ) ;
#2388 = CARTESIAN_POINT ( 'NONE',  ( -27.00000000000000355, 2.960475922606853327, 1.532905204628796758 ) ) ;
#2389 = CARTESIAN_POINT ( 'NONE',  ( 23.87901302407924931, 2.486283251510551739, 12.31322059101471211 ) ) ;
#2390 = CARTESIAN_POINT ( 'NONE',  ( -8.499999999999857891, -25.50000000000000355, 2.627371485753581926 ) ) ;
#2391 = CARTESIAN_POINT ( 'NONE',  ( 23.84746201504313134, -2.810959349388701067, 8.904735796916174451 ) ) ;
#2392 = DIRECTION ( 'NONE',  ( 0.4514680110517433897, 0.000000000000000000, 0.8922873051864982363 ) ) ;
#2393 = CYLINDRICAL_SURFACE ( 'NONE', #1865, 22.50000000000000711 ) ;
#2394 = CARTESIAN_POINT ( 'NONE',  ( 13.06462781657977246, 23.46646999906143094, 1.649181386037409158 ) ) ;
#2395 = ORIENTED_EDGE ( 'NONE', *, *, #4480, .F. ) ;
#2396 = CARTESIAN_POINT ( 'NONE',  ( -23.75491863295164663, 11.97996626161056888, 6.088875406241088584 ) ) ;
#2397 = ORIENTED_EDGE ( 'NONE', *, *, #6006, .T. ) ;
#2398 = EDGE_CURVE ( 'NONE', #560, #3516, #3666, .T. ) ;
#2399 = CARTESIAN_POINT ( 'NONE',  ( 20.95165899169615997, 17.67811838011498793, -14.16585975285918231 ) ) ;
#2400 = CARTESIAN_POINT ( 'NONE',  ( 14.07419978473506639, 19.47555833006049752, 12.76575754916797223 ) ) ;
#2401 = CARTESIAN_POINT ( 'NONE',  ( 27.74672516328533334, 11.08991067848118384, 4.308224637287819014 ) ) ;
#2402 = CARTESIAN_POINT ( 'NONE',  ( 18.49999999999998934, 4.425092742787105848, 1.391660071360937501 ) ) ;
#2403 = ADVANCED_FACE ( 'NONE', ( #1335 ), #5454, .F. ) ;
#2404 = CARTESIAN_POINT ( 'NONE',  ( 20.56979742153276547, -16.94664452695275259, 6.033174323321362387 ) ) ;
#2405 = CARTESIAN_POINT ( 'NONE',  ( -21.97082241516567791, 18.19498650102077519, 0.6961456776812604552 ) ) ;
#2406 = CARTESIAN_POINT ( 'NONE',  ( 55.99999999999997868, 0.000000000000000000, -214.9999999999999716 ) ) ;
#2407 = CARTESIAN_POINT ( 'NONE',  ( 8.084463182018165384, -24.18639723139823516, 10.57632970540678485 ) ) ;
#2408 = CARTESIAN_POINT ( 'NONE',  ( -28.47781540850407467, -6.796355568258776181, 4.419581012729808300 ) ) ;
#2409 = CARTESIAN_POINT ( 'NONE',  ( -6.390406309505999971, 25.16415432650016726, 6.142607029808603514 ) ) ;
#2410 = CARTESIAN_POINT ( 'NONE',  ( -5.554477198178508601, -22.17757246189131237, -17.44498660668057610 ) ) ;
#2411 = CARTESIAN_POINT ( 'NONE',  ( -23.87233074339522076, 8.987623046786046288, 9.712880517778454958 ) ) ;
#2412 = AXIS2_PLACEMENT_3D ( 'NONE', #5317, #2838, #65 ) ;
#2413 = ADVANCED_FACE ( 'NONE', ( #2326 ), #2268, .F. ) ;
#2414 = ORIENTED_EDGE ( 'NONE', *, *, #3500, .F. ) ;
#2415 = CARTESIAN_POINT ( 'NONE',  ( -3.001095234333171010E-15, 16.72202742910575068, -31.54301235048207630 ) ) ;
#2416 = CARTESIAN_POINT ( 'NONE',  ( 25.74314115864640229, 0.8299109447424021235, 6.054096635078904498 ) ) ;
#2417 = CARTESIAN_POINT ( 'NONE',  ( -18.57696210303011597, 20.34757768510561959, 7.038922119435579106 ) ) ;
#2418 = CARTESIAN_POINT ( 'NONE',  ( 7.442824977672909625, 25.50000000000000000, 3.111681393353381786 ) ) ;
#2419 = CARTESIAN_POINT ( 'NONE',  ( -14.88015624217221422, 24.49991401069449637, 1.443748190491759953 ) ) ;
#2420 = ORIENTED_EDGE ( 'NONE', *, *, #1434, .T. ) ;
#2421 = CARTESIAN_POINT ( 'NONE',  ( -21.86397511449828102, 18.30776225957531622, 0.7014144723600908016 ) ) ;
#2422 = ORIENTED_EDGE ( 'NONE', *, *, #4949, .F. ) ;
#2423 = CARTESIAN_POINT ( 'NONE',  ( 16.42740867770415747, 19.91368913784402750, -15.54521910663800277 ) ) ;
#2424 = CARTESIAN_POINT ( 'NONE',  ( -6.105633802816805122, 24.75825591324842634, 9.425626491315787447 ) ) ;
#2425 = CARTESIAN_POINT ( 'NONE',  ( 1.273635488968010154, 25.46944715946675331, 5.940416538731968288 ) ) ;
#2426 = CARTESIAN_POINT ( 'NONE',  ( 28.49999999999999289, 6.151027515120093270, 1.154699327342531223 ) ) ;
#2427 = CARTESIAN_POINT ( 'NONE',  ( -8.346266253987870698, 25.49999999999948130, 4.944438810073609858 ) ) ;
#2428 = ADVANCED_FACE ( 'NONE', ( #5062 ), #162, .F. ) ;
#2429 = ORIENTED_EDGE ( 'NONE', *, *, #3415, .T. ) ;
#2430 = AXIS2_PLACEMENT_3D ( 'NONE', #4594, #4194, #4221 ) ;
#2431 = CARTESIAN_POINT ( 'NONE',  ( 11.06197601423882126, -21.33098607885150244, 11.99404805801530927 ) ) ;
#2432 = CARTESIAN_POINT ( 'NONE',  ( -1.839260463533268353E-16, -24.00000000000000000, 4.999999999999999112 ) ) ;
#2433 = CARTESIAN_POINT ( 'NONE',  ( -8.499999999999793943, -34.46737587922822144, 9.425626491315780342 ) ) ;
#2434 = DIRECTION ( 'NONE',  ( 0.000000000000000000, -0.2070101959509792477, -0.9783387852744761526 ) ) ;
#2435 = CARTESIAN_POINT ( 'NONE',  ( 14.94259561942298475, -20.67283022516768654, 12.75455127561726698 ) ) ;
#2436 = CARTESIAN_POINT ( 'NONE',  ( 22.06567676067360750, -9.458944781546106739, 13.30337176175544656 ) ) ;
#2437 = CARTESIAN_POINT ( 'NONE',  ( -2.686340198409861380, -21.54356713571261039, -17.97900262524939308 ) ) ;
#2438 = CARTESIAN_POINT ( 'NONE',  ( 13.63707938345038251, 24.87266757101765791, 1.618130143827857026 ) ) ;
#2439 = TOROIDAL_SURFACE ( 'NONE', #955, 10.00000000000000000, 10.00000000000000000 ) ;
#2440 = CARTESIAN_POINT ( 'NONE',  ( 35.07135583350038388, 5.499999999999853451, 12.53772396082002416 ) ) ;
#2441 = CARTESIAN_POINT ( 'NONE',  ( -23.86506370023456469, -9.006590861177251384, 9.713508662625354617 ) ) ;
#2442 = CARTESIAN_POINT ( 'NONE',  ( 0.000000000000000000, 25.49999999999999645, 5.000000000000000000 ) ) ;
#2443 = CARTESIAN_POINT ( 'NONE',  ( -27.00000000000000355, 5.152996218437287723, 3.992487128961464293 ) ) ;
#2444 = CARTESIAN_POINT ( 'NONE',  ( -14.36469107681116775, 19.23562714046271438, 12.81499664248756254 ) ) ;
#2445 = PLANE ( 'NONE',  #3754 ) ;
#2446 = AXIS2_PLACEMENT_3D ( 'NONE', #645, #1075, #2549 ) ;
#2447 = ORIENTED_EDGE ( 'NONE', *, *, #2969, .T. ) ;
#2448 = AXIS2_PLACEMENT_3D ( 'NONE', #3874, #569, #2500 ) ;
#2449 = CARTESIAN_POINT ( 'NONE',  ( -7.625693221443584413, 23.58706768035255408, 5.805615282154956702 ) ) ;
#2450 = CARTESIAN_POINT ( 'NONE',  ( -17.51683499211994643, 21.66539610434742613, 1.054093233794609397 ) ) ;
#2451 = VERTEX_POINT ( 'NONE', #3496 ) ;
#2452 = CARTESIAN_POINT ( 'NONE',  ( 15.06825750470150815, 20.31330651796031006, -15.81854494511197551 ) ) ;
#2453 = CARTESIAN_POINT ( 'NONE',  ( -6.466938700790330508, 25.16360078536105505, 6.114741557867551691 ) ) ;
#2454 = DIRECTION ( 'NONE',  ( 0.000000000000000000, 1.000000000000000000, 0.000000000000000000 ) ) ;
#2455 = CARTESIAN_POINT ( 'NONE',  ( -27.00000000000000000, 5.499999999999856115, -6.392794684931313753 ) ) ;
#2456 = CARTESIAN_POINT ( 'NONE',  ( 7.753471929787133732, 20.95863622168467799, -16.51570689985364027 ) ) ;
#2457 = ORIENTED_EDGE ( 'NONE', *, *, #3931, .T. ) ;
#2458 = CARTESIAN_POINT ( 'NONE',  ( 4.783549732574797986, 23.53935588586740479, 8.713900603937201339 ) ) ;
#2459 = CARTESIAN_POINT ( 'NONE',  ( 13.71615066525515658, -19.70180925092667934, 9.017004730600946871 ) ) ;
#2460 = CARTESIAN_POINT ( 'NONE',  ( 20.48269468240386715, 19.86256178365331593, -14.93567789890592223 ) ) ;
#2461 = CARTESIAN_POINT ( 'NONE',  ( 5.104305511251014060, 25.29120278301386193, 5.918651305242695670 ) ) ;
#2462 = CARTESIAN_POINT ( 'NONE',  ( 16.68915721440501798, -23.74953594544669855, 1.223810947107244029 ) ) ;
#2463 = CARTESIAN_POINT ( 'NONE',  ( 11.75334951511217341, -22.66417270878936918, 11.99404805801684049 ) ) ;
#2464 = CARTESIAN_POINT ( 'NONE',  ( -24.57008630344949651, 9.899090574187907166, 6.111164901757943468 ) ) ;
#2465 = ORIENTED_EDGE ( 'NONE', *, *, #1561, .T. ) ;
#2466 = CARTESIAN_POINT ( 'NONE',  ( -18.16228834792796931, -20.66593053503234856, 7.037567391185514332 ) ) ;
#2467 = ADVANCED_FACE ( 'NONE', ( #2526 ), #591, .F. ) ;
#2468 = DIRECTION ( 'NONE',  ( 1.665334536937734318E-16, 0.000000000000000000, -1.000000000000000000 ) ) ;
#2469 = CARTESIAN_POINT ( 'NONE',  ( 28.49999999999998934, 5.500000000002192024, 1.223575944777563151 ) ) ;
#2470 = B_SPLINE_CURVE_WITH_KNOTS ( 'NONE', 3,
 ( #1362, #307, #5527, #2693, #1332, #3224, #2762, #4658, #4197, #6093, #4334, #3840, #2405, #993, #4225, #5262, #4306, #3313, #480, #34, #4792, #1941, #5743, #1393, #5768, #4686 ),
 .UNSPECIFIED., .F., .F.,
 ( 4, 2, 2, 2, 2, 2, 2, 2, 2, 2, 2, 2, 4 ),
 ( 0.000000000000000000, 0.003633875784772530766, 0.005450813677158793114, 0.007267751569545056328, 0.01090162735431758449, 0.01271856524670385638, 0.01453550313909012653, 0.01816937892386266684, 0.01998631681624893006, 0.02180325470863520021, 0.02543713049340771623, 0.02725406838579397598, 0.02907100627818023919 ),
 .UNSPECIFIED. ) ;
#2471 = CARTESIAN_POINT ( 'NONE',  ( -25.12769022468975777, 4.361424519261240640, 9.459693824612191548 ) ) ;
#2472 = FACE_OUTER_BOUND ( 'NONE', #4857, .T. ) ;
#2473 = CARTESIAN_POINT ( 'NONE',  ( -26.71326298133292454, -6.221206067125200967, 6.952713810917181547 ) ) ;
#2474 = CARTESIAN_POINT ( 'NONE',  ( -23.99981000613319182, -0.6281229039041023032, 12.14170389543815354 ) ) ;
#2475 = ADVANCED_FACE ( 'NONE', ( #2083 ), #3162, .F. ) ;
#2476 = LINE ( 'NONE', #2538, #4724 ) ;
#2477 = CARTESIAN_POINT ( 'NONE',  ( -20.81929914684169347, 21.31000837559724559, 4.325003364435383801 ) ) ;
#2478 = CARTESIAN_POINT ( 'NONE',  ( 19.74825190482126658, 19.35788616121650207, 7.040517527919873508 ) ) ;
#2479 = CARTESIAN_POINT ( 'NONE',  ( -25.37162940231078423, -2.639793893564426508, 12.31298720681881420 ) ) ;
#2480 = DIRECTION ( 'NONE',  ( 1.000000000000000000, 0.000000000000000000, 0.000000000000000000 ) ) ;
#2481 = EDGE_LOOP ( 'NONE', ( #5452, #3766, #5954, #3968, #2104, #2113, #1070, #4276 ) ) ;
#2482 = CARTESIAN_POINT ( 'NONE',  ( 9.464286020772219032, 23.99999999999998934, 4.533199039071334369 ) ) ;
#2483 = VERTEX_POINT ( 'NONE', #148 ) ;
#2484 = EDGE_CURVE ( 'NONE', #3804, #2557, #782, .T. ) ;
#2485 = CARTESIAN_POINT ( 'NONE',  ( -26.97046365612122543, -6.711869228131159382, 1.091994961592891666 ) ) ;
#2486 = CARTESIAN_POINT ( 'NONE',  ( -2.607872852831905952, 25.45676399311573590, 5.469108868950272040 ) ) ;
#2487 = CARTESIAN_POINT ( 'NONE',  ( -2.659391707887538666E-15, 13.72516154602126548, -33.55467032946769024 ) ) ;
#2488 = CARTESIAN_POINT ( 'NONE',  ( 13.43473277468342708, 24.92321080979566617, 1.649181386041665087 ) ) ;
#2489 = FACE_OUTER_BOUND ( 'NONE', #4061, .T. ) ;
#2490 = ORIENTED_EDGE ( 'NONE', *, *, #5932, .T. ) ;
#2491 = EDGE_CURVE ( 'NONE', #3680, #1341, #3442, .T. ) ;
#2492 = CARTESIAN_POINT ( 'NONE',  ( 20.42196901352848570, 12.66394097350274350, 13.44171089185743817 ) ) ;
#2493 = CARTESIAN_POINT ( 'NONE',  ( -27.98381829840954182, 10.06234701456535952, 0.8435476017242508062 ) ) ;
#2494 = CARTESIAN_POINT ( 'NONE',  ( 6.867212670547614195, 24.57044293907846111, 7.808835693221191754 ) ) ;
#2495 = CARTESIAN_POINT ( 'NONE',  ( 17.74475771125720058, 18.31707739928680212, 9.702334519463081008 ) ) ;
#2496 = CARTESIAN_POINT ( 'NONE',  ( -26.96178381245709232, 7.238199039837222237, 3.900771866730818882 ) ) ;
#2497 = CARTESIAN_POINT ( 'NONE',  ( -17.52945637605717977, -16.39632662778944194, 9.204989445928859482 ) ) ;
#2498 = CARTESIAN_POINT ( 'NONE',  ( 8.499999999999918288, -15.50000000000000178, 2.627371485753478009 ) ) ;
#2499 = CARTESIAN_POINT ( 'NONE',  ( 26.37317874685779628, -10.31472042086895691, 0.8059093181441228104 ) ) ;
#2500 = DIRECTION ( 'NONE',  ( 1.000000000000000000, 0.000000000000000000, 0.000000000000000000 ) ) ;
#2501 =( BOUNDED_SURFACE ( )  B_SPLINE_SURFACE ( 3, 2, ( 
 ( #1268, #2793, #6095 ),
 ( #1364, #2664, #3730 ),
 ( #5567, #827, #2765 ),
 ( #368, #3226, #1301 ),
 ( #765, #4660, #309 ),
 ( #1800, #1829, #1233 ) ),
 .UNSPECIFIED., .F., .F., .F. ) 
 B_SPLINE_SURFACE_WITH_KNOTS ( ( 4, 2, 4 ),
 ( 3, 3 ),
 ( 0.03750064219285705047, 0.04235870784316338178, 0.04721677349346972002 ),
 ( 0.000000000000000000, 0.6905842284026000311 ),
 .UNSPECIFIED. ) 
 GEOMETRIC_REPRESENTATION_ITEM ( )  RATIONAL_B_SPLINE_SURFACE ( (
 ( 1.000000000000000000, 0.9772955708617692139, 0.9859497830790318051),
 ( 1.000000000000000000, 0.9848712115853772708, 0.9906378285187114052),
 ( 1.000000000000000000, 0.9905273366695617199, 0.9941380171330600479),
 ( 1.000000000000000000, 0.9980903183081536456, 0.9988182287316238472),
 ( 1.000000000000000000, 0.9999971251002159889, 0.9999982209213300610),
 ( 1.000000000000000000, 1.000000000000000000, 1.000000000000000000) ) ) 
 REPRESENTATION_ITEM ( '' )  SURFACE ( )  );
#2502 = EDGE_CURVE ( 'NONE', #2522, #3690, #3943, .T. ) ;
#2503 = CARTESIAN_POINT ( 'NONE',  ( -28.50000000000771649, -1.570336149153260363, 4.453258472610645669 ) ) ;
#2504 = CARTESIAN_POINT ( 'NONE',  ( -23.21910442678785813, -10.56059529719419920, 13.33547713018254477 ) ) ;
#2505 = CARTESIAN_POINT ( 'NONE',  ( -27.36834807318220797, -12.13215206318744421, -10.00000000000000000 ) ) ;
#2506 = CARTESIAN_POINT ( 'NONE',  ( -8.782489865355616487, -24.00000000000000711, 4.625186564357438357 ) ) ;
#2507 = CARTESIAN_POINT ( 'NONE',  ( -22.94754066432172479, 19.34622946981187752, 0.7014144723576788421 ) ) ;
#2508 = CARTESIAN_POINT ( 'NONE',  ( 25.15378745756862955, 11.74309322410835499, 7.039578243446648287 ) ) ;
#2509 = CARTESIAN_POINT ( 'NONE',  ( -16.76773824857645678, -19.22224419273739215, 13.06418979489424359 ) ) ;
#2510 = VERTEX_POINT ( 'NONE', #642 ) ;
#2511 = CARTESIAN_POINT ( 'NONE',  ( -8.685172057936672019, 22.37521558053819248, 11.08892548908879050 ) ) ;
#2512 = FACE_OUTER_BOUND ( 'NONE', #5732, .T. ) ;
#2513 = ORIENTED_EDGE ( 'NONE', *, *, #1313, .F. ) ;
#2514 = CARTESIAN_POINT ( 'NONE',  ( -25.47341283562446890, -16.09863514218787728, 0.6407138748602694278 ) ) ;
#2515 = APPROVAL_PERSON_ORGANIZATION ( #5717, #2958, #3733 ) ;
#2516 = CARTESIAN_POINT ( 'NONE',  ( -1.167900894265113232, 25.50000000000193623, 5.497596121193739194 ) ) ;
#2517 = DIRECTION ( 'NONE',  ( 0.4469922825246540055, 0.000000000000000000, -0.8945378132663815984 ) ) ;
#2518 = FACE_OUTER_BOUND ( 'NONE', #4879, .T. ) ;
#2519 = CARTESIAN_POINT ( 'NONE',  ( -1.689122433306598126E-15, 1.904223264571799135, -46.45452669129227274 ) ) ;
#2520 = CARTESIAN_POINT ( 'NONE',  ( 10.76742364443409450, 25.40820759603568746, 4.778128835073391478 ) ) ;
#2521 = CARTESIAN_POINT ( 'NONE',  ( -8.499999999999621636, 25.49999999999999645, 2.627371485753641434 ) ) ;
#2522 = VERTEX_POINT ( 'NONE', #5443 ) ;
#2523 = CARTESIAN_POINT ( 'NONE',  ( 6.315291944439324290, 23.71191942347670079, 5.762204725469400657 ) ) ;
#2524 = CARTESIAN_POINT ( 'NONE',  ( 4.082919120819791914, 25.19183173107043316, 7.995691011598171194 ) ) ;
#2525 = CARTESIAN_POINT ( 'NONE',  ( 14.28044883119691910, 21.16431385025582301, 9.472417751568904976 ) ) ;
#2526 = FACE_OUTER_BOUND ( 'NONE', #3215, .T. ) ;
#2527 = CARTESIAN_POINT ( 'NONE',  ( -24.34257848767435561, -10.70835204888917502, 6.041238325853967694 ) ) ;
#2528 = FACE_OUTER_BOUND ( 'NONE', #1432, .T. ) ;
#2529 = CARTESIAN_POINT ( 'NONE',  ( 23.85563747225830866, -11.75565942947966924, 6.090815902106768931 ) ) ;
#2530 = CARTESIAN_POINT ( 'NONE',  ( 6.888155080739482905, -24.00000000000000000, 3.290432263556857695 ) ) ;
#2531 = EDGE_CURVE ( 'NONE', #4945, #1791, #3050, .T. ) ;
#2532 = CARTESIAN_POINT ( 'NONE',  ( 23.19057996951217859, -10.62314898009755559, 13.33914171175889685 ) ) ;
#2533 = AXIS2_PLACEMENT_3D ( 'NONE', #4972, #3474, #213 ) ;
#2534 = CARTESIAN_POINT ( 'NONE',  ( -6.888155080739507774, 25.49999999999999645, 3.290432263556863912 ) ) ;
#2535 = CARTESIAN_POINT ( 'NONE',  ( -2.698048183251301246, -20.09559599905024285, -17.16172365968007085 ) ) ;
#2536 = CARTESIAN_POINT ( 'NONE',  ( 24.13948649248978029, 8.242270816005584422, 13.15250700263094963 ) ) ;
#2537 = ORIENTED_EDGE ( 'NONE', *, *, #1997, .F. ) ;
#2538 = CARTESIAN_POINT ( 'NONE',  ( 8.499999999999861444, -24.00000000000000000, 5.000000000000000000 ) ) ;
#2539 = CARTESIAN_POINT ( 'NONE',  ( 26.99999999999998934, -5.144692510213549674, 1.298756724871135804 ) ) ;
#2540 = ADVANCED_FACE ( 'NONE', ( #2512 ), #3256, .F. ) ;
#2541 = CARTESIAN_POINT ( 'NONE',  ( -25.34110559031656607, -6.544310002706811957, 6.159028398228691970 ) ) ;
#2542 = VECTOR ( 'NONE', #1207, 1000.000000000000000 ) ;
#2543 = ORIENTED_EDGE ( 'NONE', *, *, #762, .F. ) ;
#2544 = CARTESIAN_POINT ( 'NONE',  ( -6.800836010601057247, 23.02322270240989610, 10.13806293351156995 ) ) ;
#2545 = CARTESIAN_POINT ( 'NONE',  ( 0.000000000000000000, 0.000000000000000000, 70.00000000000000000 ) ) ;
#2546 = ORIENTED_EDGE ( 'NONE', *, *, #4364, .F. ) ;
#2547 = AXIS2_PLACEMENT_3D ( 'NONE', #3887, #524, #4816 ) ;
#2548 = CARTESIAN_POINT ( 'NONE',  ( -27.00000000000000711, -0.4795755079678450383, -4.815573033901671351 ) ) ;
#2549 = DIRECTION ( 'NONE',  ( 7.112366251504909087E-15, -1.000000000000000000, 0.000000000000000000 ) ) ;
#2550 = EDGE_CURVE ( 'NONE', #2853, #5079, #4648, .T. ) ;
#2551 = DIRECTION ( 'NONE',  ( 0.8735349149889867215, -0.2154224563953795191, 0.4364973282573040847 ) ) ;
#2552 = FACE_OUTER_BOUND ( 'NONE', #3266, .T. ) ;
#2553 = CARTESIAN_POINT ( 'NONE',  ( -6.805196203401920169E-15, 15.53358155885812941, -29.37168115579931893 ) ) ;
#2554 = CARTESIAN_POINT ( 'NONE',  ( 18.81957165670063148, 22.64465243978175124, 0.9986801499033683971 ) ) ;
#2555 = CARTESIAN_POINT ( 'NONE',  ( -27.00000000000001421, 7.434805938461077623, -7.528596261905408760 ) ) ;
#2556 = AXIS2_PLACEMENT_3D ( 'NONE', #3355, #952, #1982 ) ;
#2557 = VERTEX_POINT ( 'NONE', #3515 ) ;
#2558 = CARTESIAN_POINT ( 'NONE',  ( 21.79105755859541205, -10.07445185025289192, 9.217449167618925188 ) ) ;
#2559 = EDGE_CURVE ( 'NONE', #4610, #183, #5474, .T. ) ;
#2560 = CARTESIAN_POINT ( 'NONE',  ( 1.022277051755921798E-15, 25.49999999999999645, 4.999999999999999112 ) ) ;
#2561 = CARTESIAN_POINT ( 'NONE',  ( 21.45008000343881704, 17.74136275495280302, 6.989055066252382709 ) ) ;
#2562 = CARTESIAN_POINT ( 'NONE',  ( -24.98818179098402226, 8.498563776134444581, 6.129962738557015456 ) ) ;
#2563 = CARTESIAN_POINT ( 'NONE',  ( -15.89695783028812315, -17.98992064120024637, 13.08182909622035872 ) ) ;
#2564 = CARTESIAN_POINT ( 'NONE',  ( -12.60136980673337526, -23.69181177919744030, 6.935756856481321009 ) ) ;
#2565 = EDGE_CURVE ( 'NONE', #734, #2483, #5982, .T. ) ;
#2566 = CARTESIAN_POINT ( 'NONE',  ( -1.028632314706295015, -25.50000000000000355, 5.760035780366624891 ) ) ;
#2567 = CARTESIAN_POINT ( 'NONE',  ( -26.54835951801973337, -6.728600003184221912, 7.029990595898537364 ) ) ;
#2568 = CARTESIAN_POINT ( 'NONE',  ( 10.49005998952686980, -23.27298018177443950, 11.59836082176278893 ) ) ;
#2569 = EDGE_LOOP ( 'NONE', ( #1782, #664, #3138, #868 ) ) ;
#2570 = CARTESIAN_POINT ( 'NONE',  ( -27.36834807318218665, 12.13215206318748685, -10.00000000000002309 ) ) ;
#2571 = CARTESIAN_POINT ( 'NONE',  ( -5.109360046564945357, -23.82172975437148565, 5.595056118851458038 ) ) ;
#2572 = FACE_OUTER_BOUND ( 'NONE', #4157, .T. ) ;
#2573 = CARTESIAN_POINT ( 'NONE',  ( -10.31403013184126394, -22.99033459833998450, 6.212644458022575478 ) ) ;
#2574 = CARTESIAN_POINT ( 'NONE',  ( -28.49999999999999645, -2.953475431411835661, 1.533580317245557767 ) ) ;
#2575 = CARTESIAN_POINT ( 'NONE',  ( 27.01597685835821139, -0.8232461716460161005, 6.848065546430640360 ) ) ;
#2576 = CARTESIAN_POINT ( 'NONE',  ( -26.54835951802219185, 6.728600003183501599, 7.029990595900653005 ) ) ;
#2577 = ORIENTED_EDGE ( 'NONE', *, *, #15, .F. ) ;
#2578 = CARTESIAN_POINT ( 'NONE',  ( -8.626070313683948498, 22.41177242661735036, 8.221931031751632091 ) ) ;
#2579 = CARTESIAN_POINT ( 'NONE',  ( -14.85307597562178472, 22.92534928290423935, 4.060078216420714092 ) ) ;
#2580 = ORIENTED_EDGE ( 'NONE', *, *, #2491, .F. ) ;
#2581 = CARTESIAN_POINT ( 'NONE',  ( -27.85571409084368710, -10.70241130729090706, 0.8004975203938784478 ) ) ;
#2582 = CARTESIAN_POINT ( 'NONE',  ( 19.18859498852353695, 14.45936588693491842, 9.232567396273886118 ) ) ;
#2583 = CARTESIAN_POINT ( 'NONE',  ( -194.2911684466444910, 0.000000000000000000, -121.7595244375777810 ) ) ;
#2584 = CARTESIAN_POINT ( 'NONE',  ( 28.49999999999998934, 1.477881299907565893, 1.605925599713336371 ) ) ;
#2585 = CARTESIAN_POINT ( 'NONE',  ( -2.659391707887532355E-15, 12.67293656049426787, -35.59315939537413698 ) ) ;
#2586 = CARTESIAN_POINT ( 'NONE',  ( 9.634454142084916128, 25.50000000000001066, 4.869521548480348905 ) ) ;
#2587 = CARTESIAN_POINT ( 'NONE',  ( -23.52555148911331528, -4.895820462904099557, 12.77584996655074079 ) ) ;
#2588 = EDGE_CURVE ( 'NONE', #1625, #560, #1972, .T. ) ;
#2589 = ORIENTED_EDGE ( 'NONE', *, *, #4949, .T. ) ;
#2590 = ORIENTED_EDGE ( 'NONE', *, *, #3605, .T. ) ;
#2591 = CARTESIAN_POINT ( 'NONE',  ( 26.93064701065668132, 3.308364247595470431, 6.908686409397922112 ) ) ;
#2592 = CARTESIAN_POINT ( 'NONE',  ( 22.73491467857499870, -7.711840061236483024, 13.14761829008476113 ) ) ;
#2593 = CC_DESIGN_PERSON_AND_ORGANIZATION_ASSIGNMENT ( #6098, #5691, ( #4405 ) ) ;
#2594 = CARTESIAN_POINT ( 'NONE',  ( 5.184755925025385181, 25.28897081310030615, 5.908409820898476106 ) ) ;
#2595 = CARTESIAN_POINT ( 'NONE',  ( 23.41003272256552847, 10.12987034569457379, 9.742809946910369945 ) ) ;
#2596 = CARTESIAN_POINT ( 'NONE',  ( -26.81653407137005729, 8.377856837599139794, 3.855082404877310687 ) ) ;
#2597 = CARTESIAN_POINT ( 'NONE',  ( -20.58293609185982120, -16.97410969389434499, 6.032706762788426325 ) ) ;
#2598 = CARTESIAN_POINT ( 'NONE',  ( -21.77647926051827554, -20.51462444681270370, 4.301477442592688050 ) ) ;
#2599 = CARTESIAN_POINT ( 'NONE',  ( 24.14255096128733413, -11.07091535373228375, 6.097511925219901485 ) ) ;
#2600 = CARTESIAN_POINT ( 'NONE',  ( 8.832860077575121593, -23.32140810552932209, 6.139140722231672953 ) ) ;
#2601 = DIRECTION ( 'NONE',  ( -0.000000000000000000, -0.000000000000000000, 1.000000000000000000 ) ) ;
#2602 = VERTEX_POINT ( 'NONE', #4697 ) ;
#2603 = CARTESIAN_POINT ( 'NONE',  ( -20.91517620433487323, 19.61104355736914329, -14.77336101716301542 ) ) ;
#2604 = CARTESIAN_POINT ( 'NONE',  ( -11.16931524082606408, -22.93866164044473521, 9.033076134127789203 ) ) ;
#2605 = CARTESIAN_POINT ( 'NONE',  ( 25.19210066913408497, 3.950704225351977072, 12.53772396082001883 ) ) ;
#2606 = FACE_OUTER_BOUND ( 'NONE', #3885, .T. ) ;
#2607 = CARTESIAN_POINT ( 'NONE',  ( -20.89796755826991514, -19.62129623507076914, -14.77995126961554817 ) ) ;
#2608 = EDGE_CURVE ( 'NONE', #4159, #2602, #870, .T. ) ;
#2609 = ORIENTED_EDGE ( 'NONE', *, *, #618, .T. ) ;
#2610 = CARTESIAN_POINT ( 'NONE',  ( -2.036444217599066242, 25.42365903679327133, 6.502098130842469459 ) ) ;
#2611 = CARTESIAN_POINT ( 'NONE',  ( -12.16831444696107312, 22.45274889042362076, 6.208490516932215542 ) ) ;
#2612 = ORIENTED_EDGE ( 'NONE', *, *, #5719, .F. ) ;
#2613 = FACE_OUTER_BOUND ( 'NONE', #3385, .T. ) ;
#2614 = CARTESIAN_POINT ( 'NONE',  ( 24.90178980331182856, 8.981699681074209352, 6.055957319971687625 ) ) ;
#2615 = CARTESIAN_POINT ( 'NONE',  ( -2.036444217599036932, -25.42365903679327133, 6.502098130842490775 ) ) ;
#2616 = CARTESIAN_POINT ( 'NONE',  ( -4.817094421277507088, 23.99999999992189359, 4.753987158649290556 ) ) ;
#2617 = CARTESIAN_POINT ( 'NONE',  ( 24.66922974765828158, 17.28971231756092308, 0.6454776008438082302 ) ) ;
#2618 = EDGE_CURVE ( 'NONE', #115, #984, #1050, .T. ) ;
#2619 = CARTESIAN_POINT ( 'NONE',  ( -10.87842382824778653, -21.40077366353591515, 11.92147284243742256 ) ) ;
#2620 = ORIENTED_EDGE ( 'NONE', *, *, #1197, .F. ) ;
#2621 = CIRCLE ( 'NONE', #1234, 10.00000000000000000 ) ;
#2622 = VERTEX_POINT ( 'NONE', #3768 ) ;
#2623 = B_SPLINE_CURVE_WITH_KNOTS ( 'NONE', 3,
 ( #1729, #3244, #4190, #4590, #5147, #328 ),
 .UNSPECIFIED., .F., .F.,
 ( 4, 2, 4 ),
 ( 1.734723475976806902E-18, 0.003917155057049020311, 0.007834310114098038888 ),
 .UNSPECIFIED. ) ;
#2624 = CARTESIAN_POINT ( 'NONE',  ( 23.25373188516464751, 6.056943324028059905, 12.95242635718287438 ) ) ;
#2625 = FACE_OUTER_BOUND ( 'NONE', #2697, .T. ) ;
#2626 = CARTESIAN_POINT ( 'NONE',  ( 20.33848762242108776, 15.43274940711106069, 13.41777258296143849 ) ) ;
#2627 = EDGE_CURVE ( 'NONE', #338, #1582, #6149, .T. ) ;
#2628 = CARTESIAN_POINT ( 'NONE',  ( 26.36602232933156031, -14.57642070331717932, 4.261908270131445242 ) ) ;
#2629 = CARTESIAN_POINT ( 'NONE',  ( -16.93624860574463042, -17.00891687262733498, 9.189155985393480108 ) ) ;
#2630 = CARTESIAN_POINT ( 'NONE',  ( 25.20173113027848544, 7.524388360402523901, 6.144839175391591191 ) ) ;
#2631 = CARTESIAN_POINT ( 'NONE',  ( -4.600014120331326062, 25.49999999999999645, 3.891575152383107472 ) ) ;
#2632 = CARTESIAN_POINT ( 'NONE',  ( -1.258683551704985906E-14, -11.55594578739702882, -37.56007920317102133 ) ) ;
#2633 = CARTESIAN_POINT ( 'NONE',  ( 16.78500764299142389, -19.23812505326802125, 13.07689632499592669 ) ) ;
#2634 = EDGE_LOOP ( 'NONE', ( #6136, #4977, #3331, #2223 ) ) ;
#2635 = CARTESIAN_POINT ( 'NONE',  ( -15.00164894937381810, 21.93874426147785073, -16.41640665009372313 ) ) ;
#2636 = CARTESIAN_POINT ( 'NONE',  ( -17.80907432645907207, -18.25340948094251203, 13.19962002459282679 ) ) ;
#2637 = CARTESIAN_POINT ( 'NONE',  ( -23.63559609981060916, -4.194108881208866713, 8.971979218282779556 ) ) ;
#2638 = CARTESIAN_POINT ( 'NONE',  ( 1.202128452460727637, 23.99999999998973976, 4.938815305700564373 ) ) ;
#2639 = CARTESIAN_POINT ( 'NONE',  ( 26.99999999999998934, -5.500000000000001776, 1.223575944766749357 ) ) ;
#2640 = CARTESIAN_POINT ( 'NONE',  ( 194.2911684466444626, -2.755455298081545172E-15, -121.7595244375777810 ) ) ;
#2641 = ORIENTED_EDGE ( 'NONE', *, *, #3128, .F. ) ;
#2642 = CARTESIAN_POINT ( 'NONE',  ( -23.37567685202253642, 12.94206636938778310, 6.026511222866355766 ) ) ;
#2643 = CARTESIAN_POINT ( 'NONE',  ( -27.36834807318220797, -12.13215206318744421, -10.00000000000000000 ) ) ;
#2644 = VERTEX_POINT ( 'NONE', #5577 ) ;
#2645 = B_SPLINE_CURVE_WITH_KNOTS ( 'NONE', 3,
 ( #1920, #104, #2007, #1536, #3819, #2438, #999, #42, #5720, #3848, #5750, #5298, #5808, #1476, #3436, #2896, #4799, #3875, #538, #1505, #1028, #2928, #888, #3782, #3700, #393, #4684, #5629, #4824, #1081 ),
 .UNSPECIFIED., .F., .F.,
 ( 4, 2, 2, 2, 2, 2, 2, 2, 2, 2, 2, 2, 2, 2, 4 ),
 ( 8.845388854693243284E-18, 0.001981890394747516399, 0.003963780789495024125, 0.007927561578990044780, 0.008918506776363801028, 0.009909451973737559011, 0.01189134236848507151, 0.01585512315798010691, 0.01783701355272762634, 0.01981890394747514925, 0.02180079434222266868, 0.02378268473697019159, 0.02774646552646523393, 0.02972835592121275336, 0.03171024631596026933 ),
 .UNSPECIFIED. ) ;
#2646 = CARTESIAN_POINT ( 'NONE',  ( -22.72858528014938173, -13.93863343027984314, 6.078109748985364824 ) ) ;
#2647 = ADVANCED_FACE ( 'NONE', ( #1841 ), #2739, .F. ) ;
#2648 = CARTESIAN_POINT ( 'NONE',  ( 24.34257848767652632, 10.70835204889067427, 6.041238325852096303 ) ) ;
#2649 = AXIS2_PLACEMENT_3D ( 'NONE', #2731, #5536, #799 ) ;
#2650 = DIRECTION ( 'NONE',  ( 1.000000000000000000, -0.000000000000000000, 0.000000000000000000 ) ) ;
#2651 = CARTESIAN_POINT ( 'NONE',  ( 2.545396682378573860, 25.45930003767341177, 5.463192149312995127 ) ) ;
#2652 = CARTESIAN_POINT ( 'NONE',  ( -7.441374892217827330, 25.49999999999999645, 3.108858785284672077 ) ) ;
#2653 = ORIENTED_EDGE ( 'NONE', *, *, #431, .T. ) ;
#2654 = CIRCLE ( 'NONE', #3551, 22.50000000000000000 ) ;
#2655 = CARTESIAN_POINT ( 'NONE',  ( 4.855535989692776333, -25.50000000002677680, 4.908483951467863982 ) ) ;
#2656 = CARTESIAN_POINT ( 'NONE',  ( 13.25767401852760763, -20.70925669309874095, -16.11356929546558092 ) ) ;
#2657 = CARTESIAN_POINT ( 'NONE',  ( 26.69700089193582926, -9.301826339306742852, -8.697160255484449820 ) ) ;
#2658 = CARTESIAN_POINT ( 'NONE',  ( 10.07808245095332289, 23.43192428899581614, 11.42703434033550458 ) ) ;
#2659 = AXIS2_PLACEMENT_3D ( 'NONE', #1615, #255, #5508 ) ;
#2660 = CARTESIAN_POINT ( 'NONE',  ( 28.37088972296744771, -8.123830155454303537, 0.9740854511858377807 ) ) ;
#2661 = CARTESIAN_POINT ( 'NONE',  ( -26.99999999999749178, -5.152378315205696779, 3.992473903230047139 ) ) ;
#2662 = CARTESIAN_POINT ( 'NONE',  ( -10.31403013184135986, -22.99033459833996318, 6.212644458022502647 ) ) ;
#2663 = CARTESIAN_POINT ( 'NONE',  ( 9.985131710829843854, -23.97127511205627926, 4.468825926084043942 ) ) ;
#2664 = CARTESIAN_POINT ( 'NONE',  ( 5.560172181382736944, 23.38547427511182164, 7.196978354773357900 ) ) ;
#2665 = CARTESIAN_POINT ( 'NONE',  ( -8.499999999999857891, -25.50000000000000355, 5.000000000000000000 ) ) ;
#2666 = ORIENTED_EDGE ( 'NONE', *, *, #3470, .F. ) ;
#2667 = CARTESIAN_POINT ( 'NONE',  ( -14.95383727128099416, -20.69278072568927129, 12.76575754916644456 ) ) ;
#2668 = CARTESIAN_POINT ( 'NONE',  ( 6.227684799160463136, -23.18321771889499061, 9.781298264216658822 ) ) ;
#2669 = CARTESIAN_POINT ( 'NONE',  ( 17.69444603065359090, -21.56494246019537542, 1.035086616347732358 ) ) ;
#2670 = CARTESIAN_POINT ( 'NONE',  ( -23.52232884808666569, -16.31417125241123500, 0.6444459694133884975 ) ) ;
#2671 = DIRECTION ( 'NONE',  ( -1.000000000000000000, 0.000000000000000000, 0.000000000000000000 ) ) ;
#2672 = CARTESIAN_POINT ( 'NONE',  ( -23.63616051247958794, -4.190509841654224132, 8.998951229098157256 ) ) ;
#2673 = EDGE_CURVE ( 'NONE', #5784, #5020, #2795, .T. ) ;
#2674 = EDGE_LOOP ( 'NONE', ( #2490, #444, #588, #5912, #1924 ) ) ;
#2675 = CARTESIAN_POINT ( 'NONE',  ( -23.52857649948559171, 4.876531151055742086, 12.77194912053060882 ) ) ;
#2676 = ORIENTED_EDGE ( 'NONE', *, *, #4260, .T. ) ;
#2677 = CARTESIAN_POINT ( 'NONE',  ( -23.08554798993990786, -16.89714388018738944, 0.6535979124066909618 ) ) ;
#2678 = CARTESIAN_POINT ( 'NONE',  ( -8.499999999999864997, 34.46737587922820722, 9.425626491315787447 ) ) ;
#2679 = CARTESIAN_POINT ( 'NONE',  ( -6.772483407188572439E-15, -7.391124875912280555E-15, -50.95324497617617254 ) ) ;
#2680 = CARTESIAN_POINT ( 'NONE',  ( -9.315410502099295442, -22.12544154148465481, 11.35954753185362520 ) ) ;
#2681 = ORIENTED_EDGE ( 'NONE', *, *, #3677, .F. ) ;
#2682 = VERTEX_POINT ( 'NONE', #48 ) ;
#2683 = CARTESIAN_POINT ( 'NONE',  ( 0.9681237819574415315, -23.99999999999999645, 5.760035911810236442 ) ) ;
#2684 = CARTESIAN_POINT ( 'NONE',  ( -2.399035387217306440E-16, -25.50000000000000000, 4.999999999999999112 ) ) ;
#2685 = CARTESIAN_POINT ( 'NONE',  ( -7.168096659137903615, 23.99999999999999289, 3.207891373696577730 ) ) ;
#2686 = CARTESIAN_POINT ( 'NONE',  ( 28.49999999999998579, -1.478484330680312597, 1.605774675690263331 ) ) ;
#2687 = CARTESIAN_POINT ( 'NONE',  ( -25.91426192384134808, 11.79372665382700625, -10.56064019575834578 ) ) ;
#2688 = CARTESIAN_POINT ( 'NONE',  ( -28.50000000000000000, 5.499999999999816147, -5.916438420940898446 ) ) ;
#2689 = CARTESIAN_POINT ( 'NONE',  ( -20.70248283867970684, -16.72089675734329361, 6.088238970215711809 ) ) ;
#2690 = CARTESIAN_POINT ( 'NONE',  ( 25.51012460499742573, -10.77886422674614764, 7.040348802746270174 ) ) ;
#2691 = EDGE_CURVE ( 'NONE', #1422, #5368, #3447, .T. ) ;
#2692 = CARTESIAN_POINT ( 'NONE',  ( -25.41759196761940487, -6.006459365676635187, 6.166815205473583639 ) ) ;
#2693 = CARTESIAN_POINT ( 'NONE',  ( -26.52688971196452172, 9.700800328320767107, 0.8448672689621776755 ) ) ;
#2694 = CARTESIAN_POINT ( 'NONE',  ( 23.08382107557787677, -16.89945491300104763, 0.6536333843777346608 ) ) ;
#2695 = DIRECTION ( 'NONE',  ( 0.2540981724903225158, 0.000000000000000000, 0.9671784316955576166 ) ) ;
#2696 = CARTESIAN_POINT ( 'NONE',  ( 22.12348591505509532, -18.81608796998513000, -14.27004645910395020 ) ) ;
#2697 = EDGE_LOOP ( 'NONE', ( #6075, #1651, #1403, #5962, #2420 ) ) ;
#2698 = CARTESIAN_POINT ( 'NONE',  ( 18.28420810663423168, -15.55802986754829398, 13.35708580318511096 ) ) ;
#2699 = CARTESIAN_POINT ( 'NONE',  ( 1.149850338871502009, 23.99999999999999289, 4.722423447709165778 ) ) ;
#2700 = DIRECTION ( 'NONE',  ( -7.441933196985691860E-17, -0.000000000000000000, 1.000000000000000000 ) ) ;
#2701 = CARTESIAN_POINT ( 'NONE',  ( -8.499999999999868550, -20.98449689551662090, -16.49386585964543528 ) ) ;
#2702 = CARTESIAN_POINT ( 'NONE',  ( -25.74451812549134999, -15.25900023061486444, -12.07888515628633108 ) ) ;
#2703 = EDGE_CURVE ( 'NONE', #1849, #2622, #4339, .T. ) ;
#2704 = ORIENTED_EDGE ( 'NONE', *, *, #2180, .F. ) ;
#2705 = CARTESIAN_POINT ( 'NONE',  ( -21.35972597051441113, 16.00541339878437697, 6.027434898690525955 ) ) ;
#2706 = CARTESIAN_POINT ( 'NONE',  ( 8.499999999999847233, 23.99999999999999289, 5.000000000000000000 ) ) ;
#2707 = ORIENTED_EDGE ( 'NONE', *, *, #608, .T. ) ;
#2708 = CARTESIAN_POINT ( 'NONE',  ( -12.14649529773505598, -23.66426836932305022, 4.261419115002373914 ) ) ;
#2709 = CARTESIAN_POINT ( 'NONE',  ( -27.43122738516780146, 11.96590159539598019, 4.294953668468760810 ) ) ;
#2710 = CARTESIAN_POINT ( 'NONE',  ( 9.854371740006426350, 23.10121305326357444, 6.213569756052265802 ) ) ;
#2711 = CARTESIAN_POINT ( 'NONE',  ( -2.207796075672670390E-14, -5.508215999059009604, -49.01207138873048308 ) ) ;
#2712 =( BOUNDED_SURFACE ( )  B_SPLINE_SURFACE ( 3, 2, ( 
 ( #2018, #5405, #2449 ),
 ( #579, #641, #2050 ),
 ( #2544, #5785, #87 ),
 ( #5818, #116, #4946 ),
 ( #4449, #2578, #4812 ),
 ( #219, #3912, #184 ),
 ( #2511, #1549, #4012 ),
 ( #3945, #3450, #4846 ),
 ( #5913, #5343, #4877 ),
 ( #610, #5846, #147 ),
 ( #1649, #1583, #3548 ),
 ( #1517, #551, #5442 ),
 ( #2082, #3979, #1989 ),
 ( #5308, #1138, #4482 ),
 ( #3884, #3413, #4083 ),
 ( #5009, #5576, #347 ),
 ( #2145, #4609, #3139 ),
 ( #2243, #5042, #1719 ),
 ( #5544, #740, #838 ),
 ( #4581, #4051, #2705 ),
 ( #5606, #4113, #3207 ),
 ( #1247, #319, #4146 ),
 ( #2215, #1281, #2642 ),
 ( #2738, #6012, #4548 ),
 ( #3074, #3681, #706 ),
 ( #4515, #1750, #5473 ),
 ( #777, #5981, #287 ),
 ( #376, #3647, #4639 ),
 ( #2675, #2275, #2182 ),
 ( #5072, #3177, #3618 ) ),
 .UNSPECIFIED., .F., .F., .T. ) 
 B_SPLINE_SURFACE_WITH_KNOTS ( ( 4, 2, 2, 2, 2, 2, 2, 2, 2, 2, 2, 2, 2, 2, 4 ),
 ( 3, 3 ),
 ( 0.006347046640091860009, 0.009007313140205166352, 0.01033744639026181952, 0.01166757964031847443, 0.01698811264054508885, 0.01831824589060174202, 0.01964837914065839519, 0.02230864564077170500, 0.02762917864099832116, 0.03028944514111163097, 0.03294971164122494078, 0.03827024464145155347, 0.04093051114156485981, 0.04359077764167816615, 0.04891131064190477884 ),
 ( 0.000000000000000000, 0.6941272231660677861 ),
 .UNSPECIFIED. ) 
 GEOMETRIC_REPRESENTATION_ITEM ( )  RATIONAL_B_SPLINE_SURFACE ( (
 ( 1.000000000000000000, 0.9771790873536962962, 0.9860394081579810788),
 ( 1.000000000000000000, 0.9740313965496215642, 0.9841138223042669164),
 ( 1.000000000000000000, 0.9708441080710481508, 0.9821640127492430317),
 ( 1.000000000000000000, 0.9660846691405339248, 0.9792524471455472668),
 ( 1.000000000000000000, 0.9645019206141193235, 0.9782842077719386964),
 ( 1.000000000000000000, 0.9613838321889387473, 0.9763767310418911549),
 ( 1.000000000000000000, 0.9598441994986222081, 0.9754348675893083076),
 ( 1.000000000000000000, 0.9522566957084794836, 0.9707932458822503552),
 ( 1.000000000000000000, 0.9465401902370462750, 0.9672961990775832408),
 ( 1.000000000000000000, 0.9400404289252858314, 0.9633199989952112574),
 ( 1.000000000000000000, 0.9387728539771554859, 0.9625445656567519492),
 ( 1.000000000000000000, 0.9363081177062501093, 0.9610367742020615722),
 ( 1.000000000000000000, 0.9351089373567530449, 0.9603031809552109443),
 ( 1.000000000000000000, 0.9316504309821760366, 0.9581874550582314409),
 ( 1.000000000000000000, 0.9295239794197651673, 0.9568866077698363615),
 ( 1.000000000000000000, 0.9237208117291987319, 0.9533365457379434638),
 ( 1.000000000000000000, 0.9206191980620926918, 0.9514391473678958100),
 ( 1.000000000000000000, 0.9172969802172568077, 0.9494067953730014331),
 ( 1.000000000000000000, 0.9164101937525623853, 0.9488643076961718048),
 ( 1.000000000000000000, 0.9151273872561398459, 0.9480795565257689184),
 ( 1.000000000000000000, 0.9147273630490664331, 0.9478348434957324375),
 ( 1.000000000000000000, 0.9142477738408310017, 0.9475414569300071310),
 ( 1.000000000000000000, 0.9148893139406526487, 0.9479339162335729263),
 ( 1.000000000000000000, 0.9172684106497633882, 0.9493893180671171272),
 ( 1.000000000000000000, 0.9183003138849175073, 0.9500205802830380408),
 ( 1.000000000000000000, 0.9208182160586968479, 0.9515608957424184222),
 ( 1.000000000000000000, 0.9222924810503767556, 0.9524627707960067191),
 ( 1.000000000000000000, 0.9273026482172952445, 0.9555277182835018035),
 ( 1.000000000000000000, 0.9314249426513251384, 0.9580495135744293567),
 ( 1.000000000000000000, 0.9361924695357981552, 0.9609660269479978201) ) ) 
 REPRESENTATION_ITEM ( '' )  SURFACE ( )  );
#2713 = CARTESIAN_POINT ( 'NONE',  ( 26.75907836220209646, 8.537797979967631790, 0.9295387263315417758 ) ) ;
#2714 = B_SPLINE_CURVE_WITH_KNOTS ( 'NONE', 3,
 ( #331, #1854, #4129, #6089, #6024, #3723, #2721, #5624 ),
 .UNSPECIFIED., .F., .F.,
 ( 4, 2, 2, 4 ),
 ( 0.05148807035588509606, 0.05432809608121107192, 0.05574810894387405985, 0.05716812180653704778 ),
 .UNSPECIFIED. ) ;
#2715 = VERTEX_POINT ( 'NONE', #5753 ) ;
#2716 = ORIENTED_EDGE ( 'NONE', *, *, #305, .T. ) ;
#2717 = CARTESIAN_POINT ( 'NONE',  ( -4.855532502329618971, -25.49999999998970424, 4.908484015550022228 ) ) ;
#2718 = CARTESIAN_POINT ( 'NONE',  ( -27.36834807318218665, 12.13215206318748685, -10.00000000000002309 ) ) ;
#2719 = CARTESIAN_POINT ( 'NONE',  ( -9.854371740006447666, -23.10121305326358510, 6.213569756052264026 ) ) ;
#2720 = CARTESIAN_POINT ( 'NONE',  ( 8.499999999999989342, -5.500000000000005329, 5.000000000000000000 ) ) ;
#2721 = CARTESIAN_POINT ( 'NONE',  ( 28.49999999999998934, -5.078639320883101327, -5.686185751411440670 ) ) ;
#2722 = CARTESIAN_POINT ( 'NONE',  ( 26.98663219486270748, -13.14184357527036973, 4.278177771169691113 ) ) ;
#2723 = TOROIDAL_SURFACE ( 'NONE', #3902, 9.999999999999996447, 8.500000000000000000 ) ;
#2724 = CARTESIAN_POINT ( 'NONE',  ( 5.554484885417756423, 22.17757363278056459, -17.44498554252216849 ) ) ;
#2725 = CARTESIAN_POINT ( 'NONE',  ( 16.63123113759516514, 20.28450720513533057, 6.154843387176004654 ) ) ;
#2726 = CARTESIAN_POINT ( 'NONE',  ( 14.02449893354900468, -21.72626805096254188, 6.194538344237811245 ) ) ;
#2727 = CARTESIAN_POINT ( 'NONE',  ( -7.749840469200274029, -25.49999999999975486, 4.923364466701664277 ) ) ;
#2728 = EDGE_CURVE ( 'NONE', #3972, #5848, #1773, .T. ) ;
#2729 = CARTESIAN_POINT ( 'NONE',  ( -27.00081435371780003, 1.658760473504665711, 6.852508683858873795 ) ) ;
#2730 = ORIENTED_EDGE ( 'NONE', *, *, #1150, .T. ) ;
#2731 = CARTESIAN_POINT ( 'NONE',  ( 34.99999999999997868, 0.000000000000000000, -214.9999999999999716 ) ) ;
#2732 = EDGE_CURVE ( 'NONE', #3276, #2192, #2911, .T. ) ;
#2733 = CARTESIAN_POINT ( 'NONE',  ( 26.37969206050409454, -10.28952322651410611, 0.8074739682841298727 ) ) ;
#2734 = CARTESIAN_POINT ( 'NONE',  ( -27.00000000000000355, -6.109621951797976180, 1.153850493443441261 ) ) ;
#2735 = CARTESIAN_POINT ( 'NONE',  ( 6.105633802816753608, -24.75825591324843700, 9.425626491315762578 ) ) ;
#2736 = CARTESIAN_POINT ( 'NONE',  ( -13.36832098558463855, 21.71719759730986965, 12.40878558451536762 ) ) ;
#2737 = ORIENTED_EDGE ( 'NONE', *, *, #3677, .T. ) ;
#2738 = CARTESIAN_POINT ( 'NONE',  ( -21.85786564615689898, 9.929027734936939353, 13.33478765324738013 ) ) ;
#2739 = CYLINDRICAL_SURFACE ( 'NONE', #4447, 18.50000000000000000 ) ;
#2740 = ORIENTED_EDGE ( 'NONE', *, *, #2618, .T. ) ;
#2741 = CARTESIAN_POINT ( 'NONE',  ( -24.99645759863968664, -13.87945631450285688, 3.723869292780722873 ) ) ;
#2742 = CARTESIAN_POINT ( 'NONE',  ( -1.336881368879829335, 21.04086071170348760, -18.32964962031656597 ) ) ;
#2743 = DIRECTION ( 'NONE',  ( 1.000000000000000000, 0.000000000000000000, 0.000000000000000000 ) ) ;
#2744 = CARTESIAN_POINT ( 'NONE',  ( -2.162259159419621847E-14, -4.430424104320571210, -49.68537926769236890 ) ) ;
#2745 = AXIS2_PLACEMENT_3D ( 'NONE', #3105, #2878, #3851 ) ;
#2746 = CARTESIAN_POINT ( 'NONE',  ( 9.985243601871605534, 23.97126894121011276, 4.468812097082325963 ) ) ;
#2747 = EDGE_LOOP ( 'NONE', ( #5433, #2017, #3360, #5991 ) ) ;
#2748 = ORIENTED_EDGE ( 'NONE', *, *, #1442, .F. ) ;
#2749 = CIRCLE ( 'NONE', #54, 19.99999999999999645 ) ;
#2750 = ADVANCED_FACE ( 'NONE', ( #4377 ), #1243, .T. ) ;
#2751 = CIRCLE ( 'NONE', #4244, 18.49999999999999645 ) ;
#2752 = CARTESIAN_POINT ( 'NONE',  ( 10.87842382824782561, 21.40077366353590804, 11.92147284243740835 ) ) ;
#2753 = DIRECTION ( 'NONE',  ( -0.9879255164366299580, -0.1549295774647887203, 0.000000000000000000 ) ) ;
#2754 = DIRECTION ( 'NONE',  ( 1.000000000000000000, 0.000000000000000000, 0.000000000000000000 ) ) ;
#2755 = CARTESIAN_POINT ( 'NONE',  ( 6.105633802816741174, 24.75825591324844055, 9.425626491315751920 ) ) ;
#2756 =( BOUNDED_SURFACE ( )  B_SPLINE_SURFACE ( 3, 2, ( 
 ( #6141, #1425, #6107 ),
 ( #5699, #3769, #5221 ),
 ( #1379, #5644, #953 ),
 ( #4754, #491, #5169 ),
 ( #1608, #1541, #573 ),
 ( #5434, #2506, #2934 ),
 ( #1132, #5875, #4477 ),
 ( #2573, #3509, #604 ) ),
 .UNSPECIFIED., .F., .F., .F. ) 
 B_SPLINE_SURFACE_WITH_KNOTS ( ( 4, 2, 2, 4 ),
 ( 3, 3 ),
 ( -1.290200585257750276E-17, 0.0004333415891559352028, 0.0008666831783118833076, 0.001733366356623779409 ),
 ( 0.000000000000000000, 1.000000000000000000 ),
 .UNSPECIFIED. ) 
 GEOMETRIC_REPRESENTATION_ITEM ( )  RATIONAL_B_SPLINE_SURFACE ( (
 ( 1.000000000000000000, 0.9870077998580891743, 1.000000000000000000),
 ( 1.000000000000000000, 0.9854550058133205725, 1.000000000000000000),
 ( 1.000000000000000000, 0.9840240203856941426, 1.000000000000000000),
 ( 1.000000000000000000, 0.9811895609465922652, 1.000000000000000000),
 ( 1.000000000000000000, 0.9797919679652943303, 1.000000000000000000),
 ( 1.000000000000000000, 0.9755803338390982571, 1.000000000000000000),
 ( 1.000000000000000000, 0.9727505767614664789, 1.000000000000000000),
 ( 1.000000000000000000, 0.9698494303495829305, 1.000000000000000000) ) ) 
 REPRESENTATION_ITEM ( '' )  SURFACE ( )  );
#2757 = FACE_OUTER_BOUND ( 'NONE', #1460, .T. ) ;
#2758 = CARTESIAN_POINT ( 'NONE',  ( 21.58719562423722493, -17.47234580251501512, 7.038784852572626427 ) ) ;
#2759 = AXIS2_PLACEMENT_3D ( 'NONE', #2583, #323, #5478 ) ;
#2760 = DIRECTION ( 'NONE',  ( -1.000000000000000000, 0.000000000000000000, 0.000000000000000000 ) ) ;
#2761 = EDGE_CURVE ( 'NONE', #2940, #880, #414, .T. ) ;
#2762 = CARTESIAN_POINT ( 'NONE',  ( -25.81770092069243461, 12.03575824132389727, 0.7177799968679164921 ) ) ;
#2763 = CARTESIAN_POINT ( 'NONE',  ( 21.02839057076775475, -16.33760279406288873, 6.084773075090951444 ) ) ;
#2764 = CIRCLE ( 'NONE', #5648, 10.00000000000000000 ) ;
#2765 = CARTESIAN_POINT ( 'NONE',  ( 5.109360046951655576, 23.82172975450107799, 5.595056118130653289 ) ) ;
#2766 = CARTESIAN_POINT ( 'NONE',  ( -25.49979813151650632, -0.6673805853983119096, 12.14170389543815354 ) ) ;
#2767 = ADVANCED_FACE ( 'NONE', ( #1204 ), #1637, .F. ) ;
#2768 = CARTESIAN_POINT ( 'NONE',  ( 9.836676331664133244, -21.91998625187365590, 11.58471999190201096 ) ) ;
#2769 = DATE_AND_TIME ( #6129, #1739 ) ;
#2770 = CARTESIAN_POINT ( 'NONE',  ( 6.888155080739508662, 23.99999999999999289, 3.290432263556847925 ) ) ;
#2771 = CARTESIAN_POINT ( 'NONE',  ( -26.05225035051537219, -11.47189280749264562, 0.7380688758795539428 ) ) ;
#2772 = CARTESIAN_POINT ( 'NONE',  ( -20.99672770272908195, 18.19606927707109989, 6.987548474338527882 ) ) ;
#2773 = ORIENTED_EDGE ( 'NONE', *, *, #3315, .F. ) ;
#2774 = CARTESIAN_POINT ( 'NONE',  ( 1.137295491076011742E-14, 20.46561359896580612, -18.68001622036306131 ) ) ;
#2775 = DIRECTION ( 'NONE',  ( -1.000000000000000000, 0.000000000000000000, 0.000000000000000000 ) ) ;
#2776 = EDGE_LOOP ( 'NONE', ( #1592, #1290, #4353 ) ) ;
#2777 = CARTESIAN_POINT ( 'NONE',  ( -24.86232048758002122, -14.13818518769242871, 3.721407852589370346 ) ) ;
#2778 = CARTESIAN_POINT ( 'NONE',  ( -24.24944166699745551, 13.63766606183908614, 7.037650299654309549 ) ) ;
#2779 = CARTESIAN_POINT ( 'NONE',  ( -8.500000000013081092, 22.47226601139275459, -17.16850798049198445 ) ) ;
#2780 = CARTESIAN_POINT ( 'NONE',  ( -25.72499999999991616, -1.629715612610389108, 6.083427520652668008 ) ) ;
#2781 = CARTESIAN_POINT ( 'NONE',  ( 22.39846371809201031, 17.72493190127222107, 3.731998828983707828 ) ) ;
#2782 = ORIENTED_EDGE ( 'NONE', *, *, #2728, .F. ) ;
#2783 = ORIENTED_EDGE ( 'NONE', *, *, #1610, .T. ) ;
#2784 = CARTESIAN_POINT ( 'NONE',  ( 7.442824977672793274, -24.00000000000000355, 3.111681393353158409 ) ) ;
#2785 = CARTESIAN_POINT ( 'NONE',  ( 26.14975409030687103, -11.04402205548421456, -9.999999999999994671 ) ) ;
#2786 = CARTESIAN_POINT ( 'NONE',  ( 4.068241861850718344, 25.19417546427284549, 7.985095570422812372 ) ) ;
#2787 = CARTESIAN_POINT ( 'NONE',  ( -8.500000000000000000, 5.499999999999994671, -9.999999999999998224 ) ) ;
#2788 = CARTESIAN_POINT ( 'NONE',  ( 8.499999999999843681, -25.50000000000000355, 2.627371485753474456 ) ) ;
#2789 = CARTESIAN_POINT ( 'NONE',  ( -6.808288484724939416, -23.02097891408509156, 10.14238885580650873 ) ) ;
#2790 = CARTESIAN_POINT ( 'NONE',  ( -8.822130086643594993, -24.83217944985146275, 6.459325954075127108 ) ) ;
#2791 =( BOUNDED_SURFACE ( )  B_SPLINE_SURFACE ( 3, 2, ( 
 ( #1245, #2672, #317 ),
 ( #4578, #1632, #133 ),
 ( #3092, #1120, #5459 ),
 ( #4994, #595, #3430 ),
 ( #4399, #3498, #625 ),
 ( #5899, #1669, #2527 ),
 ( #5389, #238, #3023 ),
 ( #5834, #4433, #3995 ),
 ( #4963, #3568, #3533 ),
 ( #3895, #2132, #5801 ),
 ( #4931, #1195, #2597 ),
 ( #2069, #2497, #723 ),
 ( #4532, #657, #4032 ),
 ( #692, #2629, #5423 ),
 ( #1530, #5934, #5328 ),
 ( #2563, #2002, #4498 ),
 ( #1088, #4467, #1056 ),
 ( #2959, #4862, #203 ),
 ( #2034, #3929, #4896 ),
 ( #1567, #2099, #3465 ),
 ( #5360, #2990, #168 ),
 ( #3963, #1598, #5864 ),
 ( #1159, #3057, #3668 ),
 ( #5526, #4131, #3223 ),
 ( #5999, #3252, #5089 ),
 ( #2789, #2231, #1824 ),
 ( #3123, #1734, #760 ),
 ( #4625, #5058, #5027 ) ),
 .UNSPECIFIED., .F., .F., .F. ) 
 B_SPLINE_SURFACE_WITH_KNOTS ( ( 4, 2, 2, 2, 2, 2, 2, 2, 2, 2, 2, 2, 2, 4 ),
 ( 3, 3 ),
 ( 0.01880844740392057651, 0.02412560218587343763, 0.02678417957684986472, 0.02944275696782629528, 0.03475991174977915293, 0.04007706653173201405, 0.04140635522722022760, 0.04273564392270844114, 0.04539422131368486824, 0.05071137609563772936, 0.05336995348661416338, 0.05602853087759059048, 0.05868710826856701757, 0.06134568565954344466 ),
 ( 0.000000000000000000, 0.6941159450714829982 ),
 .UNSPECIFIED. ) 
 GEOMETRIC_REPRESENTATION_ITEM ( )  RATIONAL_B_SPLINE_SURFACE ( (
 ( 1.000000000000000000, 0.9361935062727831935, 0.9609652219358959524),
 ( 1.000000000000000000, 0.9313634275276581054, 0.9580103337915302220),
 ( 1.000000000000000000, 0.9272291527207989770, 0.9554811163073082536),
 ( 1.000000000000000000, 0.9222364470435080452, 0.9524267381920394904),
 ( 1.000000000000000000, 0.9207737199669044914, 0.9515318884131491739),
 ( 1.000000000000000000, 0.9182815949143454670, 0.9500072857802177584),
 ( 1.000000000000000000, 0.9172505555358873020, 0.9493765287684701182),
 ( 1.000000000000000000, 0.9148667210196828048, 0.9479181748322798029),
 ( 1.000000000000000000, 0.9142434737580764637, 0.9475368920330733413),
 ( 1.000000000000000000, 0.9149077029585741538, 0.9479432462755734701),
 ( 1.000000000000000000, 0.9161950167654459021, 0.9487307838099963142),
 ( 1.000000000000000000, 0.9189741106038979979, 0.9504309447946617251),
 ( 1.000000000000000000, 0.9195894384182455861, 0.9508073827285874469),
 ( 1.000000000000000000, 0.9209239496336802944, 0.9516237941324370286),
 ( 1.000000000000000000, 0.9216440879132363762, 0.9520643517665565714),
 ( 1.000000000000000000, 0.9239557962492117582, 0.9534785812057970933),
 ( 1.000000000000000000, 0.9256985451303852974, 0.9545447393947881221),
 ( 1.000000000000000000, 0.9314768046269408241, 0.9580796942852591869),
 ( 1.000000000000000000, 0.9360603717483950703, 0.9608837744795541980),
 ( 1.000000000000000000, 0.9438476949646732450, 0.9656478104844223864),
 ( 1.000000000000000000, 0.9466087246921603970, 0.9673369204220665374),
 ( 1.000000000000000000, 0.9523288096440191142, 0.9708362859812866841),
 ( 1.000000000000000000, 0.9552887674452358313, 0.9726470937705935516),
 ( 1.000000000000000000, 0.9613613881994284016, 0.9763621294912645521),
 ( 1.000000000000000000, 0.9644745009594223317, 0.9782666326002180668),
 ( 1.000000000000000000, 0.9708003577080294155, 0.9821365900265397464),
 ( 1.000000000000000000, 0.9740218956785802185, 0.9841074242216161228),
 ( 1.000000000000000000, 0.9771794581451054285, 0.9860391202435179192) ) ) 
 REPRESENTATION_ITEM ( '' )  SURFACE ( )  );
#2792 = CARTESIAN_POINT ( 'NONE',  ( 24.47548173769912694, -14.90192292698383270, 3.713476241593880012 ) ) ;
#2793 = CARTESIAN_POINT ( 'NONE',  ( 6.622294584324283306, 23.08590299480210817, 7.566317045495842386 ) ) ;
#2794 = CARTESIAN_POINT ( 'NONE',  ( -26.94013290673472127, 3.329063140436297807, 6.867922802199052157 ) ) ;
#2795 = B_SPLINE_CURVE_WITH_KNOTS ( 'NONE', 3,
 ( #1343, #3233, #5135, #407, #6105, #1950, #5724, #108, #3852, #3378 ),
 .UNSPECIFIED., .F., .F.,
 ( 4, 2, 2, 2, 4 ),
 ( -3.111649596796949149E-05, 0.0008797351557415727203, 0.001790586807451114912, 0.003612290110870197343, 0.007255696717708363074 ),
 .UNSPECIFIED. ) ;
#2796 = CARTESIAN_POINT ( 'NONE',  ( 7.694077540369653967, 24.98368793961410006, 6.358029377436327678 ) ) ;
#2797 = CARTESIAN_POINT ( 'NONE',  ( -28.50000000000000000, 4.719013280517593500, 4.439417977905119272 ) ) ;
#2798 = CARTESIAN_POINT ( 'NONE',  ( -15.06825750470155789, -20.31330651796029940, -15.81854494511197196 ) ) ;
#2799 = CARTESIAN_POINT ( 'NONE',  ( -20.33262203133265800, 15.40244245461899908, 13.41021397433915752 ) ) ;
#2800 = VERTEX_POINT ( 'NONE', #4904 ) ;
#2801 = CARTESIAN_POINT ( 'NONE',  ( -34.99999999999997158, 0.000000000000000000, -214.9999999999999432 ) ) ;
#2802 = CARTESIAN_POINT ( 'NONE',  ( -1.197709091766971934, 23.97129315537269179, 5.939627921170964164 ) ) ;
#2803 = EDGE_LOOP ( 'NONE', ( #2422, #1648, #218, #1385 ) ) ;
#2804 = CARTESIAN_POINT ( 'NONE',  ( 23.97632494906587652, -1.235539703006835355, 12.17626746214167888 ) ) ;
#2805 = CARTESIAN_POINT ( 'NONE',  ( -24.33259774224905669, 17.73668642527252004, 4.261322953133712232 ) ) ;
#2806 = CARTESIAN_POINT ( 'NONE',  ( 24.23893576916897885, -13.65751580530294262, 7.037631762036477667 ) ) ;
#2807 = CARTESIAN_POINT ( 'NONE',  ( -25.66604130296272857, 3.257056453862624767, 6.102247670302574534 ) ) ;
#2808 = CARTESIAN_POINT ( 'NONE',  ( 24.44274852210051918, 14.90308368861136934, 3.715836148858088439 ) ) ;
#2809 = VERTEX_POINT ( 'NONE', #5908 ) ;
#2810 = ORIENTED_EDGE ( 'NONE', *, *, #747, .T. ) ;
#2811 = CARTESIAN_POINT ( 'NONE',  ( -16.78500764299146297, 19.23812505326798217, 13.07689632499593380 ) ) ;
#2812 = EDGE_CURVE ( 'NONE', #5545, #880, #3352, .T. ) ;
#2813 = CARTESIAN_POINT ( 'NONE',  ( 18.49999999999998934, -4.425092742786755906, 1.391660071360974138 ) ) ;
#2814 = CARTESIAN_POINT ( 'NONE',  ( 1.137295491076011742E-14, 20.46561359896580612, -18.68001622036306131 ) ) ;
#2815 = CARTESIAN_POINT ( 'NONE',  ( 10.19465645936505815, -25.46620534484665299, 4.820385386203896338 ) ) ;
#2816 = CARTESIAN_POINT ( 'NONE',  ( -25.34110559031656607, -6.544310002706811957, 6.159028398228691970 ) ) ;
#2817 = CARTESIAN_POINT ( 'NONE',  ( 26.99999999999998934, 5.142992690940634937, 1.299116392098124795 ) ) ;
#2818 = CARTESIAN_POINT ( 'NONE',  ( -24.91274038832123949, 12.25044734134312385, 7.039060182481589933 ) ) ;
#2819 = CARTESIAN_POINT ( 'NONE',  ( -27.01597685835870877, 0.8232461716455112821, 6.848065546430127881 ) ) ;
#2820 = CARTESIAN_POINT ( 'NONE',  ( -28.23954417535330208, -8.784105924291262468, 0.9295387263330413541 ) ) ;
#2821 =( GEOMETRIC_REPRESENTATION_CONTEXT ( 3 ) GLOBAL_UNCERTAINTY_ASSIGNED_CONTEXT ( ( #1288 ) ) GLOBAL_UNIT_ASSIGNED_CONTEXT ( ( #983, #114, #4809 ) ) REPRESENTATION_CONTEXT ( 'NONE', 'WORKASPACE' ) );
#2822 = DATE_TIME_ROLE ( 'classification_date' ) ;
#2823 = DIRECTION ( 'NONE',  ( -1.000000000000000000, 0.000000000000000000, 0.000000000000000000 ) ) ;
#2824 = CARTESIAN_POINT ( 'NONE',  ( -14.16310656438658100, 21.20744399466563479, 12.59099644683746888 ) ) ;
#2825 = ORIENTED_EDGE ( 'NONE', *, *, #3540, .F. ) ;
#2826 = DIRECTION ( 'NONE',  ( 0.000000000000000000, 0.09599293193542873803, -0.9953820156193501356 ) ) ;
#2827 = ADVANCED_FACE ( 'NONE', ( #2572 ), #1461, .T. ) ;
#2828 = CARTESIAN_POINT ( 'NONE',  ( 28.49999999999998579, 5.499999999999856115, 5.000000000000000000 ) ) ;
#2829 = CARTESIAN_POINT ( 'NONE',  ( -1.128286258836539213, 23.99999999998640732, 5.458232207093026034 ) ) ;
#2830 = CARTESIAN_POINT ( 'NONE',  ( 28.49999999999998934, 5.142992690940636713, 1.299116392098124573 ) ) ;
#2831 = CARTESIAN_POINT ( 'NONE',  ( 22.00192259875093370, 18.16212170326124564, 3.740429534657354615 ) ) ;
#2832 = ORIENTED_EDGE ( 'NONE', *, *, #5806, .F. ) ;
#2833 = VERTEX_POINT ( 'NONE', #5336 ) ;
#2834 = EDGE_CURVE ( 'NONE', #3896, #1525, #3343, .T. ) ;
#2835 = CARTESIAN_POINT ( 'NONE',  ( 14.61008457685103856, 20.42505112351113539, -15.89904334991905088 ) ) ;
#2836 = TOROIDAL_SURFACE ( 'NONE', #748, 229.2911684466444626, 22.50000000000000355 ) ;
#2837 = CARTESIAN_POINT ( 'NONE',  ( 15.45046189833148276, 18.37466584975801354, 13.01156204646533787 ) ) ;
#2838 = DIRECTION ( 'NONE',  ( 1.665334536937734811E-16, 0.000000000000000000, -1.000000000000000000 ) ) ;
#2839 = CARTESIAN_POINT ( 'NONE',  ( -3.428978924435766462, 20.26475961231851031, -17.04178970899027590 ) ) ;
#2840 = VECTOR ( 'NONE', #5918, 1000.000000000000000 ) ;
#2841 = CARTESIAN_POINT ( 'NONE',  ( -6.772483407188572439E-15, -7.391124875912280555E-15, -50.95324497617617254 ) ) ;
#2842 = CARTESIAN_POINT ( 'NONE',  ( 19.18410189122599974, -14.43259849693162522, 9.231243203222620153 ) ) ;
#2843 = CARTESIAN_POINT ( 'NONE',  ( -3.198713849623075418E-16, -24.00000000000000000, 4.999999999999999112 ) ) ;
#2844 = DIRECTION ( 'NONE',  ( -0.8922873051864860239, -0.000000000000000000, -0.4514680110517673706 ) ) ;
#2845 = CARTESIAN_POINT ( 'NONE',  ( -8.499999999999928946, 15.49999999999999467, -9.999999999999998224 ) ) ;
#2846 = CARTESIAN_POINT ( 'NONE',  ( 13.74677708595108250, -21.48402494610435554, 9.404168039934164725 ) ) ;
#2847 = TOROIDAL_SURFACE ( 'NONE', #4041, 229.2911684466444342, 22.50000000000000355 ) ;
#2848 = AXIS2_PLACEMENT_3D ( 'NONE', #3862, #1554, #188 ) ;
#2849 = CARTESIAN_POINT ( 'NONE',  ( -27.74672516328301342, -11.08991067848014289, 4.308224637284922665 ) ) ;
#2850 = DIRECTION ( 'NONE',  ( 1.000000000000000000, 7.285838599102589797E-15, 0.000000000000000000 ) ) ;
#2851 = CARTESIAN_POINT ( 'NONE',  ( -23.22398224904149799, 10.54959196837092428, 13.33478765324738013 ) ) ;
#2852 = B_SPLINE_CURVE_WITH_KNOTS ( 'NONE', 3,
 ( #448, #5086, #5592, #3248, #821, #3696, #5997, #3633, #1296, #2688 ),
 .UNSPECIFIED., .F., .F.,
 ( 4, 2, 2, 2, 4 ),
 ( 0.04897054163225197237, 0.05038526034102756845, 0.05179997904980316453, 0.05321469775857876061, 0.05462941646735435669 ),
 .UNSPECIFIED. ) ;
#2853 = VERTEX_POINT ( 'NONE', #2505 ) ;
#2854 = CARTESIAN_POINT ( 'NONE',  ( -1.813370572632890419E-14, 3.307608985047148398, -50.25201510038780839 ) ) ;
#2855 = CARTESIAN_POINT ( 'NONE',  ( 34.99999999999997868, 0.000000000000000000, -214.9999999999999716 ) ) ;
#2856 = CARTESIAN_POINT ( 'NONE',  ( -10.51753802921394154, -23.91997638830102701, 4.412424139661567324 ) ) ;
#2857 = CARTESIAN_POINT ( 'NONE',  ( -10.19465645936319298, 25.46620534483762199, 4.820385386198911881 ) ) ;
#2858 = FACE_OUTER_BOUND ( 'NONE', #1030, .T. ) ;
#2859 = CARTESIAN_POINT ( 'NONE',  ( 16.62187399594425230, 20.26927799198259805, 6.154495556082574481 ) ) ;
#2860 = EDGE_CURVE ( 'NONE', #1661, #5817, #6140, .T. ) ;
#2861 = ORIENTED_EDGE ( 'NONE', *, *, #1454, .F. ) ;
#2862 = ORIENTED_EDGE ( 'NONE', *, *, #1963, .F. ) ;
#2863 = CARTESIAN_POINT ( 'NONE',  ( -8.270065416607092601, 24.12349447939870828, 10.66506205603554847 ) ) ;
#2864 = CARTESIAN_POINT ( 'NONE',  ( -1.176222161466595543E-14, -7.739367312337453893E-15, -46.68520981196141406 ) ) ;
#2865 = CARTESIAN_POINT ( 'NONE',  ( 28.42694536897748847, 7.417103872023780298, 4.400199568580995368 ) ) ;
#2866 = DIRECTION ( 'NONE',  ( 1.665334536937734811E-16, 0.000000000000000000, -1.000000000000000000 ) ) ;
#2867 = CARTESIAN_POINT ( 'NONE',  ( 16.96243715867681701, -17.01802751327330654, 9.192712704354178754 ) ) ;
#2868 = CARTESIAN_POINT ( 'NONE',  ( 13.63747159616139903, -24.87257026612604704, 1.618069675658676543 ) ) ;
#2869 = CARTESIAN_POINT ( 'NONE',  ( 8.269194402045322079, -24.93049920112957452, 6.377601117836650957 ) ) ;
#2870 = EDGE_CURVE ( 'NONE', #6106, #1849, #1061, .T. ) ;
#2871 = CARTESIAN_POINT ( 'NONE',  ( -28.42694536897748137, -7.417103872023928623, 4.400199568579669318 ) ) ;
#2872 = CARTESIAN_POINT ( 'NONE',  ( -7.977448782082332990, 23.99999999999999289, 2.884200160161592752 ) ) ;
#2873 = DATE_AND_TIME ( #1369, #2329 ) ;
#2874 = CARTESIAN_POINT ( 'NONE',  ( 5.659580064148626151E-15, -20.46561359896580612, -18.68001622036306131 ) ) ;
#2875 = CARTESIAN_POINT ( 'NONE',  ( 24.00000000000000000, 0.6213399517947381101, 12.14142842854285043 ) ) ;
#2876 = CARTESIAN_POINT ( 'NONE',  ( -25.19210066913408141, 3.950704225352008159, 12.53772396082003837 ) ) ;
#2877 = ORIENTED_EDGE ( 'NONE', *, *, #4888, .T. ) ;
#2878 = DIRECTION ( 'NONE',  ( 0.000000000000000000, 0.000000000000000000, -1.000000000000000000 ) ) ;
#2879 = CARTESIAN_POINT ( 'NONE',  ( -10.77113886691645916, -22.88007116891313331, 6.211724294171110827 ) ) ;
#2880 = CARTESIAN_POINT ( 'NONE',  ( -19.28518540931822400, 22.36296465936374389, 4.371217550148483788 ) ) ;
#2881 = CARTESIAN_POINT ( 'NONE',  ( 24.23313797066117559, 13.62880755951737477, 7.037697754850044340 ) ) ;
#2882 = CARTESIAN_POINT ( 'NONE',  ( -16.38949930919214992, 23.88102951498571613, 1.259025225703755080 ) ) ;
#2883 = CARTESIAN_POINT ( 'NONE',  ( 10.31403013184124617, 22.99033459833998450, 6.212644458022569260 ) ) ;
#2884 = VERTEX_POINT ( 'NONE', #5065 ) ;
#2885 = ORIENTED_EDGE ( 'NONE', *, *, #5275, .T. ) ;
#2886 = CARTESIAN_POINT ( 'NONE',  ( 24.17435204357330036, 14.68149711883014596, -12.38841596037210380 ) ) ;
#2887 = CARTESIAN_POINT ( 'NONE',  ( 7.624725238109880010, 22.77868229488448293, 7.936999578548177503 ) ) ;
#2888 = CARTESIAN_POINT ( 'NONE',  ( -8.175741133865198407, -24.89142804520868424, 6.516714016203275506 ) ) ;
#2889 = CARTESIAN_POINT ( 'NONE',  ( 17.29716880488141584, -21.28118859872673951, 7.032607401163536665 ) ) ;
#2890 = CARTESIAN_POINT ( 'NONE',  ( 13.48398051426972266, -19.86179141651433255, 8.997455150033021098 ) ) ;
#2891 = CARTESIAN_POINT ( 'NONE',  ( 2.406653324654487225, -23.99999999997339728, 4.877494196915830749 ) ) ;
#2892 = CARTESIAN_POINT ( 'NONE',  ( 24.35561113334217964, -17.70805325395939178, 0.6515743250204584225 ) ) ;
#2893 = CARTESIAN_POINT ( 'NONE',  ( 21.75655285457650834, -13.35550595522107287, 9.783698795943077897 ) ) ;
#2894 = CARTESIAN_POINT ( 'NONE',  ( 20.42516996897769843, -12.65892247816113425, 13.44169600027815648 ) ) ;
#2895 = CARTESIAN_POINT ( 'NONE',  ( 10.63415309628384797, -24.31215835098821643, 6.845339688422908075 ) ) ;
#2896 = CARTESIAN_POINT ( 'NONE',  ( 23.06883550132670280, 19.21814415886106175, 0.6958876514580558670 ) ) ;
#2897 = CARTESIAN_POINT ( 'NONE',  ( -12.67801978742684454, 22.26874218877632572, 6.205633248117265133 ) ) ;
#2898 = AXIS2_PLACEMENT_3D ( 'NONE', #2912, #2027, #1996 ) ;
#2899 = CARTESIAN_POINT ( 'NONE',  ( -20.37896995720283044, -15.37564492744355071, 9.777525799383720795 ) ) ;
#2900 = CARTESIAN_POINT ( 'NONE',  ( -23.84746201504326990, 2.810959349384745565, 8.904735796915652202 ) ) ;
#2901 = CARTESIAN_POINT ( 'NONE',  ( 23.75438063575007064, -3.516382494572555473, 8.937189129747837413 ) ) ;
#2902 = CARTESIAN_POINT ( 'NONE',  ( -12.39146074855375801, 20.56191017277736321, 12.36297366572934742 ) ) ;
#2903 = CARTESIAN_POINT ( 'NONE',  ( 18.13920986268520963, 20.70656420595222258, 7.038052006588492837 ) ) ;
#2904 = ORIENTED_EDGE ( 'NONE', *, *, #4717, .T. ) ;
#2905 = CARTESIAN_POINT ( 'NONE',  ( -15.87646110298863711, 22.47639568574723157, 1.247463487580785735 ) ) ;
#2906 = EDGE_LOOP ( 'NONE', ( #5819, #5299, #4362 ) ) ;
#2907 = CARTESIAN_POINT ( 'NONE',  ( 23.03041171771782913, 15.98582671467671190, -13.16753674651755546 ) ) ;
#2908 = CARTESIAN_POINT ( 'NONE',  ( 28.49999999999998934, 5.499999999999849010, -5.916438420940872689 ) ) ;
#2909 = DIRECTION ( 'NONE',  ( 1.000000000000000000, 0.000000000000000000, 0.000000000000000000 ) ) ;
#2910 = CARTESIAN_POINT ( 'NONE',  ( -8.499999999999861444, 25.49999999999999645, -9.999999999999998224 ) ) ;
#2911 = B_SPLINE_CURVE_WITH_KNOTS ( 'NONE', 3,
 ( #1479, #4293, #3823, #514 ),
 .UNSPECIFIED., .F., .F.,
 ( 4, 4 ),
 ( 0.000000000000000000, 0.006668660198548590629 ),
 .UNSPECIFIED. ) ;
#2912 = CARTESIAN_POINT ( 'NONE',  ( 8.499999999999847233, -24.00000000000000000, 5.000000000000000000 ) ) ;
#2913 = B_SPLINE_CURVE_WITH_KNOTS ( 'NONE', 3,
 ( #373, #6067, #3706, #1338, #3228, #2605 ),
 .UNSPECIFIED., .F., .F.,
 ( 4, 2, 4 ),
 ( 0.004017031454241998950, 0.006026026385758442849, 0.008035021317274886749 ),
 .UNSPECIFIED. ) ;
#2914 = ORIENTED_EDGE ( 'NONE', *, *, #5333, .T. ) ;
#2915 = CARTESIAN_POINT ( 'NONE',  ( 6.626892832660266741, -23.08476902072201753, 7.556555212661349330 ) ) ;
#2916 = CARTESIAN_POINT ( 'NONE',  ( -23.44425035233240706, -12.63922008091727633, 6.083770180175044118 ) ) ;
#2917 = CARTESIAN_POINT ( 'NONE',  ( -26.54835951802219185, 6.728600003183501599, 7.029990595900653005 ) ) ;
#2918 = CARTESIAN_POINT ( 'NONE',  ( 15.71664280180670303, -20.09256815262829576, 9.586551319781765557 ) ) ;
#2919 = EDGE_CURVE ( 'NONE', #5941, #5784, #1310, .T. ) ;
#2920 = EDGE_LOOP ( 'NONE', ( #2181, #5414 ) ) ;
#2921 = B_SPLINE_CURVE_WITH_KNOTS ( 'NONE', 3,
 ( #685, #752, #1728, #2591, #298 ),
 .UNSPECIFIED., .F., .F.,
 ( 4, 1, 4 ),
 ( 1.734723475976806902E-18, 0.004962546371393312776, 0.009925092742786623817 ),
 .UNSPECIFIED. ) ;
#2922 = CARTESIAN_POINT ( 'NONE',  ( -24.66922974765758880, -17.28971231756195337, 0.6454776008436551304 ) ) ;
#2923 = CIRCLE ( 'NONE', #5422, 10.00000000000000000 ) ;
#2924 = AXIS2_PLACEMENT_3D ( 'NONE', #2640, #344, #284 ) ;
#2925 = CARTESIAN_POINT ( 'NONE',  ( -25.54282622923768642, -4.881928327101952014, 6.128737224381067605 ) ) ;
#2926 = FACE_OUTER_BOUND ( 'NONE', #1211, .T. ) ;
#2927 =( BOUNDED_SURFACE ( )  B_SPLINE_SURFACE ( 3, 2, ( 
 ( #2189, #3147, #3625 ),
 ( #746, #4089, #5514 ),
 ( #2651, #4555, #294 ),
 ( #2461, #5769, #4767 ),
 ( #1498, #97, #4793 ),
 ( #4283, #2353, #3892 ) ),
 .UNSPECIFIED., .F., .F., .F. ) 
 B_SPLINE_SURFACE_WITH_KNOTS ( ( 4, 2, 4 ),
 ( 3, 3 ),
 ( -3.193745133545134211E-05, 0.003516694213393131187, 0.007065325878121714136 ),
 ( 0.000000000000000000, 1.000000000000000000 ),
 .UNSPECIFIED. ) 
 GEOMETRIC_REPRESENTATION_ITEM ( )  RATIONAL_B_SPLINE_SURFACE ( (
 ( 1.000000000000000000, 1.000000000000000000, 1.000000000000000000),
 ( 1.000000000000000000, 0.9999949651465063205, 1.000000000000000000),
 ( 1.000000000000000000, 0.9989842064375701325, 1.000000000000000000),
 ( 1.000000000000000000, 0.9947686072453919559, 1.000000000000000000),
 ( 1.000000000000000000, 0.9915694221253427143, 1.000000000000000000),
 ( 1.000000000000000000, 0.9870077998580890632, 1.000000000000000000) ) ) 
 REPRESENTATION_ITEM ( '' )  SURFACE ( )  );
#2928 = CARTESIAN_POINT ( 'NONE',  ( 26.43165877538725539, 14.38178956610101267, 0.6624646908334494988 ) ) ;
#2929 = ADVANCED_FACE ( 'NONE', ( #3132 ), #5036, .F. ) ;
#2930 = CIRCLE ( 'NONE', #1368, 10.00000000000000000 ) ;
#2931 = EDGE_LOOP ( 'NONE', ( #520, #470, #2156, #4053, #501, #3353, #2019, #808 ) ) ;
#2932 = CARTESIAN_POINT ( 'NONE',  ( -25.12769150094394988, -4.361416381085729377, 9.459754813928361372 ) ) ;
#2933 = CARTESIAN_POINT ( 'NONE',  ( -23.75438063575064618, 3.516382494575278628, 8.937189129753559058 ) ) ;
#2934 = CARTESIAN_POINT ( 'NONE',  ( -7.981122724517256906, -24.00000000000000000, 2.882493012033735091 ) ) ;
#2935 = CARTESIAN_POINT ( 'NONE',  ( -11.92768990561767595, 25.23816987456621064, 4.700851173039749753 ) ) ;
#2936 = CARTESIAN_POINT ( 'NONE',  ( 22.56493734692045905, 16.28352425666664871, 7.037318381086431707 ) ) ;
#2937 = DIRECTION ( 'NONE',  ( 0.2540981724903226269, 0.000000000000000000, 0.9671784316955575056 ) ) ;
#2938 = APPROVAL_DATE_TIME ( #5305, #3067 ) ;
#2939 = EDGE_CURVE ( 'NONE', #2557, #3690, #3310, .T. ) ;
#2940 = VERTEX_POINT ( 'NONE', #6033 ) ;
#2941 = FACE_OUTER_BOUND ( 'NONE', #902, .T. ) ;
#2942 = CARTESIAN_POINT ( 'NONE',  ( -22.28679859140001085, 17.85150169324295533, 0.6816256584955181497 ) ) ;
#2943 = ORIENTED_EDGE ( 'NONE', *, *, #5736, .T. ) ;
#2944 = CARTESIAN_POINT ( 'NONE',  ( -9.787109704109704822, -25.46904816230684787, 2.321426550192675187 ) ) ;
#2945 = CARTESIAN_POINT ( 'NONE',  ( 28.49999999999998934, 0.4803302029054944411, -4.444189677345478984 ) ) ;
#2946 = CARTESIAN_POINT ( 'NONE',  ( -27.00000000000000000, -5.500000000000007994, 1.223575944766496448 ) ) ;
#2947 = CARTESIAN_POINT ( 'NONE',  ( -2.667925661981785378E-15, -17.57493406698880634, -29.14320598604092893 ) ) ;
#2948 = CARTESIAN_POINT ( 'NONE',  ( 26.36510366498797708, 7.767525146436771166, 7.036245935470339496 ) ) ;
#2949 = CARTESIAN_POINT ( 'NONE',  ( -27.00000000000000000, 5.499999999999856115, -6.392794684931313753 ) ) ;
#2950 = ORIENTED_EDGE ( 'NONE', *, *, #534, .F. ) ;
#2951 = CARTESIAN_POINT ( 'NONE',  ( 7.617768567019289172, -22.78106239077987993, 7.934751738155986445 ) ) ;
#2952 = CARTESIAN_POINT ( 'NONE',  ( -26.14454713148464648, 8.796207664095128109, 7.039823436372783405 ) ) ;
#2953 = CARTESIAN_POINT ( 'NONE',  ( 18.31639024795658699, 20.92623303550581326, -15.64581307117828324 ) ) ;
#2954 = CARTESIAN_POINT ( 'NONE',  ( 18.25644218225279758, 17.80596542988796926, 13.24990568158250070 ) ) ;
#2955 = EDGE_CURVE ( 'NONE', #297, #4758, #430, .T. ) ;
#2956 = CARTESIAN_POINT ( 'NONE',  ( -27.00000000000004974, 6.078617686367175033, 3.958147166341796641 ) ) ;
#2957 = CARTESIAN_POINT ( 'NONE',  ( 0.000000000000000000, -25.50000000000000355, 5.000000000000000000 ) ) ;
#2958 = APPROVAL ( #432, 'UNSPECIFIED' ) ;
#2959 = CARTESIAN_POINT ( 'NONE',  ( -14.07419978474595368, -19.47555833005178982, 12.76575754916797933 ) ) ;
#2960 = CARTESIAN_POINT ( 'NONE',  ( -10.93400962786689945, -25.36097286735483536, 2.087303226205122098 ) ) ;
#2961 = CARTESIAN_POINT ( 'NONE',  ( 24.98818179098365988, -8.498563776135229730, 6.129962738557132695 ) ) ;
#2962 = CARTESIAN_POINT ( 'NONE',  ( -1.550596552031833280E-14, -18.35811901504667176, -20.72281288509725883 ) ) ;
#2963 = CARTESIAN_POINT ( 'NONE',  ( 26.99999999999999645, -6.078617686368568584, 3.958147166341733136 ) ) ;
#2964 = CARTESIAN_POINT ( 'NONE',  ( -24.63483736411392044, 6.701550397240395363, 9.624730817195318977 ) ) ;
#2965 = CARTESIAN_POINT ( 'NONE',  ( -26.93112210365317694, 3.302943153742836202, 6.908502868195090407 ) ) ;
#2966 = DIRECTION ( 'NONE',  ( 0.000000000000000000, -0.2070101959510114720, -0.9783387852744692692 ) ) ;
#2967 = CARTESIAN_POINT ( 'NONE',  ( -28.50000000000000000, -3.312934054520792149, -4.960688554673815531 ) ) ;
#2968 = CARTESIAN_POINT ( 'NONE',  ( -9.701703326299302432, 25.47344199432737710, 2.340377033869220469 ) ) ;
#2969 = EDGE_CURVE ( 'NONE', #5020, #2307, #6060, .T. ) ;
#2970 = CARTESIAN_POINT ( 'NONE',  ( 12.64426954441540651, 23.69589638439261847, 6.940055967962227790 ) ) ;
#2971 = CARTESIAN_POINT ( 'NONE',  ( -19.47278847234460031, -16.51371460050056328, 13.36882194705919602 ) ) ;
#2972 = ORIENTED_EDGE ( 'NONE', *, *, #5806, .T. ) ;
#2973 = CARTESIAN_POINT ( 'NONE',  ( 9.505591575800645288, 23.17973476797877197, 6.200826293301219039 ) ) ;
#2974 = CARTESIAN_POINT ( 'NONE',  ( -16.43052437720750092, 22.22513460597813406, 1.178674724655131234 ) ) ;
#2975 = VERTEX_POINT ( 'NONE', #5664 ) ;
#2976 = CARTESIAN_POINT ( 'NONE',  ( -17.28328205832245601, -23.47113787198374979, 1.156694428466826130 ) ) ;
#2977 = CARTESIAN_POINT ( 'NONE',  ( -4.082919120828753634, 25.19183173106934603, 7.995691011580088770 ) ) ;
#2978 = LINE ( 'NONE', #2058, #3334 ) ;
#2979 = CARTESIAN_POINT ( 'NONE',  ( -1.366246820866121868E-14, 12.30512620200585872, -36.26770298072381138 ) ) ;
#2980 = CARTESIAN_POINT ( 'NONE',  ( 21.92766475310956764, 17.06759609439214742, 7.038264930284078957 ) ) ;
#2981 = CARTESIAN_POINT ( 'NONE',  ( 28.49999999999998934, 4.425092742787105848, 1.391660071360937501 ) ) ;
#2982 = ORIENTED_EDGE ( 'NONE', *, *, #3122, .F. ) ;
#2983 = EDGE_CURVE ( 'NONE', #4912, #1816, #5827, .T. ) ;
#2984 = B_SPLINE_CURVE_WITH_KNOTS ( 'NONE', 3,
 ( #6061, #5969, #724, #334 ),
 .UNSPECIFIED., .F., .F.,
 ( 4, 4 ),
 ( 0.000000000000000000, 0.001674849726620625387 ),
 .UNSPECIFIED. ) ;
#2985 = CARTESIAN_POINT ( 'NONE',  ( 23.37567685202764878, -12.94206636937636645, 6.026511222863822681 ) ) ;
#2986 = CARTESIAN_POINT ( 'NONE',  ( 18.21427123189576136, 21.25588372100812862, 0.9816747251492341508 ) ) ;
#2987 = CARTESIAN_POINT ( 'NONE',  ( 19.62915351368700811, 16.32331984211816689, 9.765929955821910369 ) ) ;
#2988 = CARTESIAN_POINT ( 'NONE',  ( -24.40778256941453250, 10.37741732956496499, 6.105182880033271253 ) ) ;
#2989 = CARTESIAN_POINT ( 'NONE',  ( -23.23632032079007459, 13.08093246067012849, 6.080340483575931820 ) ) ;
#2990 = CARTESIAN_POINT ( 'NONE',  ( -11.60274526279797058, -21.02492489541447185, 8.793513142896165036 ) ) ;
#2991 = ADVANCED_FACE ( 'NONE', ( #997 ), #4230, .T. ) ;
#2992 = CARTESIAN_POINT ( 'NONE',  ( -16.85508716453354339, -21.57194941045906234, 7.029036761684462675 ) ) ;
#2993 = CARTESIAN_POINT ( 'NONE',  ( -2.299665116696874900, 25.49999999999999645, 4.444855334543318826 ) ) ;
#2994 = CARTESIAN_POINT ( 'NONE',  ( 9.499368949322880340, -23.18112194205181709, 6.200543762510608126 ) ) ;
#2995 = CARTESIAN_POINT ( 'NONE',  ( 8.825747207772389302, -23.92578429471097223, 10.91814341153065016 ) ) ;
#2996 = B_SPLINE_CURVE_WITH_KNOTS ( 'NONE', 3,
 ( #1534, #2807, #5195, #2780, #5297, #3435 ),
 .UNSPECIFIED., .F., .F.,
 ( 4, 2, 4 ),
 ( 0.000000000000000000, 0.004885536249273773717, 0.009771072498547547433 ),
 .UNSPECIFIED. ) ;
#2997 = B_SPLINE_CURVE_WITH_KNOTS ( 'NONE', 3,
 ( #5167, #3822, #1896, #3739, #2854, #4268, #3798, #4777, #5698, #901, #5248, #1423, #5219, #406, #4292, #513, #1342, #17, #3354, #2415, #4318, #47, #1949, #3232, #869, #2774 ),
 .UNSPECIFIED., .F., .F.,
 ( 4, 2, 2, 2, 2, 2, 2, 2, 2, 2, 2, 2, 4 ),
 ( 0.05861032813017182097, 0.06110675272509291656, 0.06235496502255346435, 0.06360317732001401214, 0.06609960191493509385, 0.06859602650985617556, 0.07109245110477725726, 0.07358887569969833897, 0.07858172488954051627, 0.08357457407938267968, 0.08856742326922484310, 0.09356027245906700651, 0.09855312164890916993 ),
 .UNSPECIFIED. ) ;
#2998 = CARTESIAN_POINT ( 'NONE',  ( 7.171620660629446142, -25.50000000000000355, 3.215959877228585562 ) ) ;
#2999 = CARTESIAN_POINT ( 'NONE',  ( -26.03957486618921990, -9.302606186577625280, 6.980015638807125278 ) ) ;
#3000 = DIRECTION ( 'NONE',  ( 0.000000000000000000, -0.9783387852744657165, -0.2070101959510282918 ) ) ;
#3001 = CARTESIAN_POINT ( 'NONE',  ( 6.315332049848899842, -23.71191461602424511, 5.762209051503131008 ) ) ;
#3002 = CARTESIAN_POINT ( 'NONE',  ( -28.50000000000000000, -1.478484330680269299, 1.605774675690247122 ) ) ;
#3003 = CARTESIAN_POINT ( 'NONE',  ( 26.99999999999998934, -4.786703179124389251, 1.356786981976392026 ) ) ;
#3004 = CARTESIAN_POINT ( 'NONE',  ( -16.28754734402644644, -19.63057782245462235, 12.99147794247859089 ) ) ;
#3005 = EDGE_CURVE ( 'NONE', #416, #2364, #3837, .T. ) ;
#3006 = ORIENTED_EDGE ( 'NONE', *, *, #2969, .F. ) ;
#3007 = CARTESIAN_POINT ( 'NONE',  ( -9.611575576825700296, 23.97543384475293493, 2.340377033868636936 ) ) ;
#3008 = ORIENTED_EDGE ( 'NONE', *, *, #3725, .T. ) ;
#3009 = CARTESIAN_POINT ( 'NONE',  ( -24.00000000000000000, 0.6216551699494963223, 12.14142842854285576 ) ) ;
#3010 = CARTESIAN_POINT ( 'NONE',  ( -1.307196705751196841, 25.50000000000119371, 5.235163780982555970 ) ) ;
#3011 = CARTESIAN_POINT ( 'NONE',  ( -4.068241861850721008, -25.19417546427284904, 7.985095570422824807 ) ) ;
#3012 = DIRECTION ( 'NONE',  ( 1.000000000000000000, 0.000000000000000000, 0.000000000000000000 ) ) ;
#3013 = CARTESIAN_POINT ( 'NONE',  ( 3.267034586633782725E-14, 3.704244031407884830, -45.78470255446958248 ) ) ;
#3014 = CARTESIAN_POINT ( 'NONE',  ( -57.49999999999996447, 2.755455298081545961E-15, -214.9999999999999432 ) ) ;
#3015 = CARTESIAN_POINT ( 'NONE',  ( 17.67011255003055936, 23.29687263950753717, 4.426898844826143709 ) ) ;
#3016 = CARTESIAN_POINT ( 'NONE',  ( 26.63686310391453205, -6.168215461962147650, 7.025888197048468342 ) ) ;
#3017 = EDGE_CURVE ( 'NONE', #5784, #2682, #6127, .T. ) ;
#3018 = CARTESIAN_POINT ( 'NONE',  ( 22.09807652659787891, -9.382527394907448581, 13.29774407370718237 ) ) ;
#3019 = CARTESIAN_POINT ( 'NONE',  ( 1.167900892952636216, 25.50000000000193623, 5.497596123660878575 ) ) ;
#3020 = CARTESIAN_POINT ( 'NONE',  ( 20.37896995720326743, 15.37564492743986833, 9.777525799385369254 ) ) ;
#3021 = CARTESIAN_POINT ( 'NONE',  ( -25.19995169453834194, 7.536901314777323613, 6.144658017608106704 ) ) ;
#3022 = DIRECTION ( 'NONE',  ( 0.9671784316955579497, 0.000000000000000000, -0.2540981724903216277 ) ) ;
#3023 = CARTESIAN_POINT ( 'NONE',  ( -24.11869301976010149, -11.27898772072628297, 6.036895631323844214 ) ) ;
#3024 = CARTESIAN_POINT ( 'NONE',  ( 0.000000000000000000, 0.000000000000000000, 70.00000000000000000 ) ) ;
#3025 = CARTESIAN_POINT ( 'NONE',  ( 27.00000000000012790, -6.718953508808311881, 1.084158257730421182 ) ) ;
#3026 = CARTESIAN_POINT ( 'NONE',  ( 7.458411399883200232, -24.00000000000278888, 4.657404575493870880 ) ) ;
#3027 = CARTESIAN_POINT ( 'NONE',  ( -1.449388273445569096E-15, -25.50000000000000355, 4.999999999999999112 ) ) ;
#3028 = AXIS2_PLACEMENT_3D ( 'NONE', #2801, #1376, #3267 ) ;
#3029 = ORIENTED_EDGE ( 'NONE', *, *, #5669, .T. ) ;
#3030 = CARTESIAN_POINT ( 'NONE',  ( -7.977448782082062095, 25.50000000000000000, 2.884200160161720206 ) ) ;
#3031 = CARTESIAN_POINT ( 'NONE',  ( -21.74200897499294527, -13.37892690123300099, 9.783828050313562841 ) ) ;
#3032 = CARTESIAN_POINT ( 'NONE',  ( 25.72512471724025929, 1.623276383286733848, 6.083392055708109147 ) ) ;
#3033 = CARTESIAN_POINT ( 'NONE',  ( -27.00000000000000355, 5.143415728012210586, 1.299026886520874280 ) ) ;
#3034 = CARTESIAN_POINT ( 'NONE',  ( -23.71021239447913231, 3.718309859154834029, 12.53772396082003837 ) ) ;
#3035 = CARTESIAN_POINT ( 'NONE',  ( 26.99999999999998934, -4.425092742786755906, 1.391660071360973916 ) ) ;
#3036 = CARTESIAN_POINT ( 'NONE',  ( 23.99999999999999645, -4.635357400837865856E-15, 12.14142842854284332 ) ) ;
#3037 = VECTOR ( 'NONE', #4065, 1000.000000000000000 ) ;
#3038 = ADVANCED_FACE ( 'NONE', ( #2528 ), #557, .T. ) ;
#3039 = ORIENTED_EDGE ( 'NONE', *, *, #5579, .F. ) ;
#3040 = CARTESIAN_POINT ( 'NONE',  ( 8.782489865354335734, 24.00000000000049383, 4.625186564356924102 ) ) ;
#3041 = CARTESIAN_POINT ( 'NONE',  ( 7.002398458181168905, -22.40462020483475314, -17.23430194475360722 ) ) ;
#3042 = VERTEX_POINT ( 'NONE', #1121 ) ;
#3043 = AXIS2_PLACEMENT_3D ( 'NONE', #6070, #4141, #5667 ) ;
#3044 = CARTESIAN_POINT ( 'NONE',  ( -27.00000000000005684, -6.102200549422851950, 1.154699316140962440 ) ) ;
#3045 = CARTESIAN_POINT ( 'NONE',  ( 6.416828715328892763, -25.16049668664257410, 6.146973152273587537 ) ) ;
#3046 = CARTESIAN_POINT ( 'NONE',  ( 28.50000000000255440, -1.580210775463945172, 4.453238822447337597 ) ) ;
#3047 = CARTESIAN_POINT ( 'NONE',  ( 0.6651311782016980922, -19.32319139139664799, -17.59905698420524800 ) ) ;
#3048 = CARTESIAN_POINT ( 'NONE',  ( 23.44512232969463028, 14.97252600861804694, 7.037062268672354293 ) ) ;
#3049 = CARTESIAN_POINT ( 'NONE',  ( -7.757944314339758840, -22.71789623188996288, 10.66120990299210192 ) ) ;
#3050 = CIRCLE ( 'NONE', #2062, 25.50000000000000000 ) ;
#3051 = ORIENTED_EDGE ( 'NONE', *, *, #2761, .T. ) ;
#3052 = CARTESIAN_POINT ( 'NONE',  ( 2.409988973915799656E-16, 25.49999999999999645, 4.999999999999999112 ) ) ;
#3053 = CARTESIAN_POINT ( 'NONE',  ( 1.264038273286126834, 24.00000000000000000, 5.156413019413768062 ) ) ;
#3054 = CARTESIAN_POINT ( 'NONE',  ( -11.65150719751776087, -24.04020451115089330, 6.898756614487219885 ) ) ;
#3055 = CARTESIAN_POINT ( 'NONE',  ( 11.75767818630907868, 22.63610099206640669, 11.98138274789926960 ) ) ;
#3056 = CARTESIAN_POINT ( 'NONE',  ( 26.51380109627823600, -7.438184309596152843, 6.966756754803525631 ) ) ;
#3057 = CARTESIAN_POINT ( 'NONE',  ( -10.12745825249661102, -21.77654266592118404, 8.558209341110663004 ) ) ;
#3058 = CARTESIAN_POINT ( 'NONE',  ( -13.43473277468361538, -24.92321080979565195, 1.649181386042687603 ) ) ;
#3059 = CARTESIAN_POINT ( 'NONE',  ( -6.888155080739508662, 23.99999999999999289, 3.290432263556863912 ) ) ;
#3060 = CARTESIAN_POINT ( 'NONE',  ( 3.177231212533068672E-14, -1.904926181002108310, -46.45431245748527971 ) ) ;
#3061 = EDGE_CURVE ( 'NONE', #5545, #4115, #2984, .T. ) ;
#3062 = CARTESIAN_POINT ( 'NONE',  ( 24.13769274330059744, -8.247711005361255232, 13.15307427204717428 ) ) ;
#3063 = ORIENTED_EDGE ( 'NONE', *, *, #4810, .F. ) ;
#3064 = CARTESIAN_POINT ( 'NONE',  ( 8.499999999999868550, 22.47226601139221813, -17.16850798049250670 ) ) ;
#3065 = CARTESIAN_POINT ( 'NONE',  ( -19.35929649225727545, -19.75836721561205067, 6.980985500128985777 ) ) ;
#3066 = CARTESIAN_POINT ( 'NONE',  ( 25.66645682325616207, -3.251576863065035017, 6.102158339868664960 ) ) ;
#3067 = APPROVAL ( #519, 'UNSPECIFIED' ) ;
#3068 = CARTESIAN_POINT ( 'NONE',  ( -25.41750171679707293, 6.007093994910010615, 6.166806020032086444 ) ) ;
#3069 = CARTESIAN_POINT ( 'NONE',  ( -28.50000000000000000, 4.425092742786621791, 1.391660071360970363 ) ) ;
#3070 = B_SPLINE_CURVE_WITH_KNOTS ( 'NONE', 3,
 ( #2949, #2555, #3459, #1624 ),
 .UNSPECIFIED., .F., .F.,
 ( 4, 4 ),
 ( 0.000000000000000000, 0.006668660198548591496 ),
 .UNSPECIFIED. ) ;
#3071 = CARTESIAN_POINT ( 'NONE',  ( 26.94013290673375138, -3.329063140432795720, 6.867922802199268872 ) ) ;
#3072 = CARTESIAN_POINT ( 'NONE',  ( 25.54282622923764023, -4.881928327102394327, 6.128737224381083593 ) ) ;
#3073 = ORIENTED_EDGE ( 'NONE', *, *, #1713, .F. ) ;
#3074 = CARTESIAN_POINT ( 'NONE',  ( -22.09807652660017396, 9.382527394901655882, 13.29774407370487666 ) ) ;
#3075 = CARTESIAN_POINT ( 'NONE',  ( -28.39912115121568803, -7.801608969275921623, -7.197381862219800475 ) ) ;
#3076 = ORIENTED_EDGE ( 'NONE', *, *, #762, .T. ) ;
#3077 = CARTESIAN_POINT ( 'NONE',  ( -23.06883550132665661, -19.21814415886112926, 0.6958876514580537576 ) ) ;
#3078 = CARTESIAN_POINT ( 'NONE',  ( 25.32448580959277251, 7.239799364748629174, 6.071003974793104163 ) ) ;
#3079 = CARTESIAN_POINT ( 'NONE',  ( -8.499999999999857891, -24.00000000000000000, 5.000000000000000000 ) ) ;
#3080 = CARTESIAN_POINT ( 'NONE',  ( 26.78567791675017062, -4.962546371393376177, 6.964692016090508808 ) ) ;
#3081 = CARTESIAN_POINT ( 'NONE',  ( 7.977227916437654720, -25.50000000000000355, 2.884302719961954864 ) ) ;
#3082 = CARTESIAN_POINT ( 'NONE',  ( 20.82140363386242043, 21.30838438315797134, 4.324946918581327182 ) ) ;
#3083 = CARTESIAN_POINT ( 'NONE',  ( 26.97046365612125740, 6.711869228130667331, 1.091994961591344682 ) ) ;
#3084 = B_SPLINE_CURVE_WITH_KNOTS ( 'NONE', 3,
 ( #1708, #630, #1200, #4502 ),
 .UNSPECIFIED., .F., .F.,
 ( 4, 4 ),
 ( 0.000000000000000000, 0.007097168959298985787 ),
 .UNSPECIFIED. ) ;
#3085 = ORIENTED_EDGE ( 'NONE', *, *, #842, .T. ) ;
#3086 = ORIENTED_EDGE ( 'NONE', *, *, #4186, .T. ) ;
#3087 = CARTESIAN_POINT ( 'NONE',  ( -2.299720483227821521, 25.49999999999999645, 4.444897362819931530 ) ) ;
#3088 = CARTESIAN_POINT ( 'NONE',  ( 23.26262885417659732, -6.020414361282700355, 12.94698813550023964 ) ) ;
#3089 = CARTESIAN_POINT ( 'NONE',  ( 27.36834807318215468, 12.13215206318753658, -9.999999999999984013 ) ) ;
#3090 = CARTESIAN_POINT ( 'NONE',  ( 26.71326298132683164, 6.221206067124303907, 6.952713810925070348 ) ) ;
#3091 = CARTESIAN_POINT ( 'NONE',  ( 10.31403013184134210, 22.99033459833995963, 6.212644458022505312 ) ) ;
#3092 = CARTESIAN_POINT ( 'NONE',  ( -23.25687204809251796, -6.042522391116485814, 12.95011554292562472 ) ) ;
#3093 = EDGE_CURVE ( 'NONE', #2483, #1222, #4152, .T. ) ;
#3094 = CARTESIAN_POINT ( 'NONE',  ( -6.888155080739683633, -24.00000000000000000, 3.290432263557690806 ) ) ;
#3095 = CARTESIAN_POINT ( 'NONE',  ( -7.730947458302697584, -25.00183509302173590, 6.293199985750043801 ) ) ;
#3096 = B_SPLINE_CURVE_WITH_KNOTS ( 'NONE', 3,
 ( #6079, #5611, #1285, #293, #3181, #5075, #1217, #355, #410, #4153, #5512, #1347, #2187, #1785, #2311, #3623, #3144, #5048, #518, #982, #1954, #52, #2882, #2419, #4730, #5224, #3382, #1929, #1483, #5276 ),
 .UNSPECIFIED., .F., .F.,
 ( 4, 2, 2, 2, 2, 2, 2, 2, 2, 2, 2, 2, 2, 2, 4 ),
 ( 1.156754682006205276E-15, 0.003925238509941043549, 0.005887857764910984192, 0.006869167392395955814, 0.007850477019880926569, 0.01177571552982079224, 0.01373833478479072161, 0.01570095403976064924, 0.01962619254970050797, 0.02158881180467043734, 0.02257012143215539682, 0.02355143105964035977, 0.02747666956958022197, 0.02943928882455015481, 0.03140190807952009111 ),
 .UNSPECIFIED. ) ;
#3097 = CARTESIAN_POINT ( 'NONE',  ( -7.694077540369626433, -24.98368793961412138, 6.358029377436308138 ) ) ;
#3098 = CARTESIAN_POINT ( 'NONE',  ( 26.00180430503516860, -14.84748147227182358, -11.81657538461917589 ) ) ;
#3099 = VERTEX_POINT ( 'NONE', #272 ) ;
#3100 = CARTESIAN_POINT ( 'NONE',  ( 12.53370888841863717, 22.36554917593334935, -16.82283579633378423 ) ) ;
#3101 = CARTESIAN_POINT ( 'NONE',  ( -18.12668144921929070, -20.75785391911823652, 6.971134745512709507 ) ) ;
#3102 = CARTESIAN_POINT ( 'NONE',  ( 7.442824977672795050, 23.99999999999999289, 3.111681393353438629 ) ) ;
#3103 = CARTESIAN_POINT ( 'NONE',  ( -27.36834807318220797, -12.13215206318744421, -10.00000000000000000 ) ) ;
#3104 = ORIENTED_EDGE ( 'NONE', *, *, #5932, .F. ) ;
#3105 = CARTESIAN_POINT ( 'NONE',  ( 8.499999999999989342, 5.499999999999998224, 5.000000000000000000 ) ) ;
#3106 = CARTESIAN_POINT ( 'NONE',  ( -11.23568385546134252, 22.75049915982711468, 6.211463525499304694 ) ) ;
#3107 = ORIENTED_EDGE ( 'NONE', *, *, #792, .T. ) ;
#3108 = CARTESIAN_POINT ( 'NONE',  ( -25.95584314576465701, -11.74287529555884113, 3.755290693798675861 ) ) ;
#3109 = CARTESIAN_POINT ( 'NONE',  ( 21.03021470212848598, 11.62061267465409031, 9.233348866566748470 ) ) ;
#3110 = CARTESIAN_POINT ( 'NONE',  ( 28.49999999999741718, 1.570336149153729544, 4.453258472608710328 ) ) ;
#3111 = CARTESIAN_POINT ( 'NONE',  ( 8.285100402202591141, -24.86733216938416646, 6.529818139778475583 ) ) ;
#3112 = CARTESIAN_POINT ( 'NONE',  ( 23.10959155929235465, 19.17513638050479230, 4.276749175512850165 ) ) ;
#3113 = CARTESIAN_POINT ( 'NONE',  ( 25.18294327651361542, 7.525656041611677338, 6.144608289382689215 ) ) ;
#3114 = ORIENTED_EDGE ( 'NONE', *, *, #6158, .F. ) ;
#3115 = AXIS2_PLACEMENT_3D ( 'NONE', #1349, #5721, #3688 ) ;
#3116 = ORIENTED_EDGE ( 'NONE', *, *, #3613, .F. ) ;
#3117 = CARTESIAN_POINT ( 'NONE',  ( -4.408728476930470856E-15, -23.99999999999999645, 4.999999999999999112 ) ) ;
#3118 = FACE_OUTER_BOUND ( 'NONE', #5095, .T. ) ;
#3119 = CARTESIAN_POINT ( 'NONE',  ( 27.05994613511573377, 12.93113435663566513, -10.56491239689676931 ) ) ;
#3120 = CARTESIAN_POINT ( 'NONE',  ( 1.469576158976823750E-15, 23.99999999999999645, 5.000000000000000000 ) ) ;
#3121 = CARTESIAN_POINT ( 'NONE',  ( 27.32641255615066100, -12.26408590341051408, 4.290272795055819266 ) ) ;
#3122 = EDGE_CURVE ( 'NONE', #4115, #2940, #2047, .T. ) ;
#3123 = CARTESIAN_POINT ( 'NONE',  ( -6.268882279759653287, -23.17305800768516733, 9.811748385825536545 ) ) ;
#3124 = CARTESIAN_POINT ( 'NONE',  ( 23.21651520999074236, 13.07863214053002032, 6.081214382721095824 ) ) ;
#3125 = CARTESIAN_POINT ( 'NONE',  ( 20.70768183041252541, -16.71496114235784347, 6.088179295563790561 ) ) ;
#3126 = CARTESIAN_POINT ( 'NONE',  ( -18.53903507817065588, 20.37728720251726244, 7.038811469143461785 ) ) ;
#3127 = CARTESIAN_POINT ( 'NONE',  ( 20.25179002894578772, -15.50883851680810288, 13.40663247416811465 ) ) ;
#3128 = EDGE_CURVE ( 'NONE', #3516, #6150, #4707, .T. ) ;
#3129 = ORIENTED_EDGE ( 'NONE', *, *, #371, .F. ) ;
#3130 = CARTESIAN_POINT ( 'NONE',  ( -16.44737658330172891, 21.56270075397730324, -16.11375406741347405 ) ) ;
#3131 = CARTESIAN_POINT ( 'NONE',  ( -13.29888669915199806, -23.49585090011871458, 6.843629314366555860 ) ) ;
#3132 = FACE_OUTER_BOUND ( 'NONE', #3141, .T. ) ;
#3133 = AXIS2_PLACEMENT_3D ( 'NONE', #2177, #3134, #3675 ) ;
#3134 = DIRECTION ( 'NONE',  ( 0.000000000000000000, -0.000000000000000000, 1.000000000000000000 ) ) ;
#3135 = CARTESIAN_POINT ( 'NONE',  ( 28.49999999999998934, -5.144692510212415471, 1.298756724871342749 ) ) ;
#3136 = CARTESIAN_POINT ( 'NONE',  ( -27.22755708617956216, -12.53269977726625406, -10.29039393594779739 ) ) ;
#3137 = EDGE_CURVE ( 'NONE', #5280, #5041, #4821, .T. ) ;
#3138 = ORIENTED_EDGE ( 'NONE', *, *, #6120, .F. ) ;
#3139 = CARTESIAN_POINT ( 'NONE',  ( -18.85071456769662390, 18.68639082872637758, 6.050400711846616097 ) ) ;
#3140 = DIRECTION ( 'NONE',  ( 0.000000000000000000, 0.000000000000000000, 1.000000000000000000 ) ) ;
#3141 = EDGE_LOOP ( 'NONE', ( #5482, #1506, #3866, #4148 ) ) ;
#3142 = CARTESIAN_POINT ( 'NONE',  ( -23.48980499427502266, -16.35790848213612136, 3.716693745322397380 ) ) ;
#3143 = AXIS2_PLACEMENT_3D ( 'NONE', #2168, #4626, #4132 ) ;
#3144 = CARTESIAN_POINT ( 'NONE',  ( -20.64547154596431611, 21.44341362039900645, 0.8388712414480479218 ) ) ;
#3145 = CIRCLE ( 'NONE', #4644, 8.500000000000001776 ) ;
#3146 = CARTESIAN_POINT ( 'NONE',  ( 8.239896106123936192, -25.50000000000000355, 2.758975499643894214 ) ) ;
#3147 = CARTESIAN_POINT ( 'NONE',  ( -5.295897597091664216E-17, 25.49999999999999645, 4.999999999999999112 ) ) ;
#3148 = ADVANCED_FACE ( 'NONE', ( #4568 ), #3701, .T. ) ;
#3149 =( BOUNDED_SURFACE ( )  B_SPLINE_SURFACE ( 3, 2, ( 
 ( #4098, #6025, #3698 ),
 ( #721, #5523, #2261 ),
 ( #1229, #5967, #2660 ),
 ( #5458, #2230, #1702 ),
 ( #2690, #4530, #5563 ),
 ( #757, #5593, #4595 ),
 ( #6058, #3121, #1261 ),
 ( #1764, #1329, #2131 ),
 ( #4165, #2722, #4623 ),
 ( #4130, #2628, #3163 ),
 ( #3220, #270, #791 ),
 ( #5931, #2165, #4066 ),
 ( #5056, #854, #1297 ),
 ( #1668, #4565, #3567 ),
 ( #2758, #304, #4030 ),
 ( #3601, #5998, #5489 ),
 ( #5026, #1733, #1855 ),
 ( #3753, #5739, #5626 ),
 ( #1437, #477, #5204 ),
 ( #2889, #6090, #939 ),
 ( #4710, #4765, #5234 ),
 ( #3780, #1359, #6154 ),
 ( #391, #3281, #1884 ),
 ( #3337, #1414, #5685 ),
 ( #1390, #4254, #2291 ),
 ( #30, #4740, #4222 ),
 ( #5657, #2815, #963 ),
 ( #5181, #4195, #2788 ) ),
 .UNSPECIFIED., .F., .F., .F. ) 
 B_SPLINE_SURFACE_WITH_KNOTS ( ( 4, 2, 2, 2, 2, 2, 2, 2, 2, 2, 2, 2, 2, 4 ),
 ( 3, 3 ),
 ( 0.005866994023921837109, 0.007858455933599730811, 0.008854186888438676795, 0.009352052365858150654, 0.009849917843277624513, 0.01184137975295551648, 0.01283711070779446420, 0.01383284166263341018, 0.01582430357231130388, 0.01682003452715025160, 0.01781576548198919585, 0.01980722739166709129, 0.02080295834650603554, 0.02179868930134498325 ),
 ( 0.000000000000000000, 1.000000000000000000 ),
 .UNSPECIFIED. ) 
 GEOMETRIC_REPRESENTATION_ITEM ( )  RATIONAL_B_SPLINE_SURFACE ( (
 ( 1.000000000000000000, 0.9499568284406363361, 1.000000000000000000),
 ( 1.000000000000000000, 0.9477187210342220558, 1.000000000000000000),
 ( 1.000000000000000000, 0.9459097297856934317, 1.000000000000000000),
 ( 1.000000000000000000, 0.9437603977884417850, 1.000000000000000000),
 ( 1.000000000000000000, 0.9431383821609611307, 1.000000000000000000),
 ( 1.000000000000000000, 0.9423442363225663643, 1.000000000000000000),
 ( 1.000000000000000000, 0.9421025808575012039, 1.000000000000000000),
 ( 1.000000000000000000, 0.9416705936546945210, 1.000000000000000000),
 ( 1.000000000000000000, 0.9414794332663652954, 1.000000000000000000),
 ( 1.000000000000000000, 0.9406436589861634223, 1.000000000000000000),
 ( 1.000000000000000000, 0.9403533104823670330, 1.000000000000000000),
 ( 1.000000000000000000, 0.9404772590109184982, 1.000000000000000000),
 ( 1.000000000000000000, 0.9406143142751857145, 1.000000000000000000),
 ( 1.000000000000000000, 0.9410791651386989365, 1.000000000000000000),
 ( 1.000000000000000000, 0.9414076979896587316, 1.000000000000000000),
 ( 1.000000000000000000, 0.9426832861570338951, 1.000000000000000000),
 ( 1.000000000000000000, 0.9439008809497587693, 1.000000000000000000),
 ( 1.000000000000000000, 0.9463133267540028148, 1.000000000000000000),
 ( 1.000000000000000000, 0.9472161467576643012, 1.000000000000000000),
 ( 1.000000000000000000, 0.9492365977422769774, 1.000000000000000000),
 ( 1.000000000000000000, 0.9503449589105096296, 1.000000000000000000),
 ( 1.000000000000000000, 0.9539332929330678335, 1.000000000000000000),
 ( 1.000000000000000000, 0.9566948671771071666, 1.000000000000000000),
 ( 1.000000000000000000, 0.9613835800304674217, 1.000000000000000000),
 ( 1.000000000000000000, 0.9630394322455488876, 1.000000000000000000),
 ( 1.000000000000000000, 0.9664135142369769671, 1.000000000000000000),
 ( 1.000000000000000000, 0.9681411672001247748, 1.000000000000000000),
 ( 1.000000000000000000, 0.9698494303495827085, 1.000000000000000000) ) ) 
 REPRESENTATION_ITEM ( '' )  SURFACE ( )  );
#3150 = CARTESIAN_POINT ( 'NONE',  ( -17.06377946439521054, -16.88766529023325091, 13.23826222717990753 ) ) ;
#3151 = ORIENTED_EDGE ( 'NONE', *, *, #2955, .F. ) ;
#3152 = CIRCLE ( 'NONE', #3845, 9.999999999999998224 ) ;
#3153 = CARTESIAN_POINT ( 'NONE',  ( -27.00000000000000355, 2.953475431412102115, 1.533580317245548441 ) ) ;
#3154 = CARTESIAN_POINT ( 'NONE',  ( 1.424688498876938524E-17, -25.50000000000000355, 4.999999999999999112 ) ) ;
#3155 = CARTESIAN_POINT ( 'NONE',  ( 8.499999999999847233, 23.99999999999999289, -9.999999999999998224 ) ) ;
#3156 = CARTESIAN_POINT ( 'NONE',  ( 26.96986059633452371, 6.719351688476539408, 1.091274917215247386 ) ) ;
#3157 = B_SPLINE_CURVE_WITH_KNOTS ( 'NONE', 3,
 ( #974, #1533, #3373, #998, #5296, #4372 ),
 .UNSPECIFIED., .F., .F.,
 ( 4, 2, 4 ),
 ( 0.01412528614782904840, 0.01803784299830786531, 0.02195039984878668221 ),
 .UNSPECIFIED. ) ;
#3158 = CARTESIAN_POINT ( 'NONE',  ( -7.573189171425189770, 23.56113474867199287, 5.897889810354363327 ) ) ;
#3159 = B_SPLINE_CURVE_WITH_KNOTS ( 'NONE', 3,
 ( #1907, #1995, #3336, #1466, #3309, #3864, #3889, #586, #5259, #4360 ),
 .UNSPECIFIED., .F., .F.,
 ( 4, 2, 2, 2, 4 ),
 ( -3.203202597807095267E-05, 0.0009151468486919626640, 0.001862325723361996132, 0.003756683472702063500, 0.007545398971382197804 ),
 .UNSPECIFIED. ) ;
#3160 = LINE ( 'NONE', #390, #1253 ) ;
#3161 = CARTESIAN_POINT ( 'NONE',  ( -21.02405967741808368, -16.34281704657687584, 6.084815686895964859 ) ) ;
#3162 = TOROIDAL_SURFACE ( 'NONE', #4831, 9.999999999999996447, 8.500000000000000000 ) ;
#3163 = CARTESIAN_POINT ( 'NONE',  ( 26.43226982048760476, -14.45565180529098903, 0.6553795402793621827 ) ) ;
#3164 = DIRECTION ( 'NONE',  ( -1.000000000000000000, 0.000000000000000000, 0.000000000000000000 ) ) ;
#3165 = CARTESIAN_POINT ( 'NONE',  ( 14.05056890921082058, 21.71379032592253111, 6.194205168629149938 ) ) ;
#3166 = ADVANCED_FACE ( 'NONE', ( #5121 ), #4435, .T. ) ;
#3167 = DIRECTION ( 'NONE',  ( 1.665334536937734318E-16, 0.000000000000000000, -1.000000000000000000 ) ) ;
#3168 = CARTESIAN_POINT ( 'NONE',  ( -6.888155080739527314, -25.50000000000000355, 3.290432263556866133 ) ) ;
#3169 = ORIENTED_EDGE ( 'NONE', *, *, #2502, .T. ) ;
#3170 = B_SPLINE_CURVE_WITH_KNOTS ( 'NONE', 3,
 ( #5757, #1928, #517, #1985, #2508, #4350, #2881, #5781, #3856, #2936, #576, #20, #3826, #2478, #3409, #2903, #1579, #5303, #111, #2970, #143, #3358 ),
 .UNSPECIFIED., .F., .F.,
 ( 4, 2, 2, 2, 2, 2, 2, 2, 2, 2, 4 ),
 ( 0.000000000000000000, 0.003118322857357194982, 0.006236645714714389964, 0.007795807143392990274, 0.009354968572071591451, 0.01247329142942878687, 0.01403245285810739151, 0.01559161428678599616, 0.01870993714414320025, 0.02182826000150039567, 0.02494658285885759455 ),
 .UNSPECIFIED. ) ;
#3171 = CARTESIAN_POINT ( 'NONE',  ( 12.15318282563108454, 22.42628851589390848, 12.09481233497599639 ) ) ;
#3172 = CARTESIAN_POINT ( 'NONE',  ( 23.16193817542873035, -16.79832218430650315, 0.6516823307681958166 ) ) ;
#3173 = CARTESIAN_POINT ( 'NONE',  ( -26.84931774896031698, -7.934154295830831316, 0.9790523667400768959 ) ) ;
#3174 = CARTESIAN_POINT ( 'NONE',  ( 34.99999999999997868, 0.000000000000000000, -214.9999999999999716 ) ) ;
#3175 = CARTESIAN_POINT ( 'NONE',  ( -10.53220931408716865, -22.50741675154079502, -17.04437430697606359 ) ) ;
#3176 = ORIENTED_EDGE ( 'NONE', *, *, #564, .F. ) ;
#3177 = CARTESIAN_POINT ( 'NONE',  ( -23.63615922726785001, 4.190518036948435388, 8.998889811724650301 ) ) ;
#3178 = VERTEX_POINT ( 'NONE', #3636 ) ;
#3179 = CARTESIAN_POINT ( 'NONE',  ( -21.86629348637753267, -18.30535021678216978, 0.7012964756613713213 ) ) ;
#3180 = CARTESIAN_POINT ( 'NONE',  ( -27.42316777447141618, 11.98270070771345885, 0.7433346536945354410 ) ) ;
#3181 = CARTESIAN_POINT ( 'NONE',  ( -27.82979502829127583, 10.67631690690130775, 0.8075630042263652886 ) ) ;
#3182 = CARTESIAN_POINT ( 'NONE',  ( 7.694077540369557155, -24.98368793961413559, 6.358029377436272611 ) ) ;
#3183 = CARTESIAN_POINT ( 'NONE',  ( -16.63123113759514737, -20.28450720513534478, 6.154843387176005542 ) ) ;
#3184 = CARTESIAN_POINT ( 'NONE',  ( 27.00000000000003908, 6.078617686366988515, 3.958147166341814849 ) ) ;
#3185 = ORIENTED_EDGE ( 'NONE', *, *, #1735, .T. ) ;
#3186 = ORIENTED_EDGE ( 'NONE', *, *, #3061, .T. ) ;
#3187 = CARTESIAN_POINT ( 'NONE',  ( 7.615589604821437320, -23.58200398896214622, 5.823335961180033493 ) ) ;
#3188 = CARTESIAN_POINT ( 'NONE',  ( -1.211354197167765712, -25.49999999998768985, 4.977003608354195308 ) ) ;
#3189 = CARTESIAN_POINT ( 'NONE',  ( -8.117549840769520131, 23.46223234418797432, 6.031529124943265430 ) ) ;
#3190 = CARTESIAN_POINT ( 'NONE',  ( 26.99999999999998579, 5.499999999999868550, 1.223575944766533752 ) ) ;
#3191 = LINE ( 'NONE', #5560, #3037 ) ;
#3192 =( BOUNDED_SURFACE ( )  B_SPLINE_SURFACE ( 3, 2, ( 
 ( #2281, #4154, #4185 ),
 ( #6080, #5448, #3146 ),
 ( #712, #1183, #3081 ),
 ( #4088, #4585, #2250 ),
 ( #324, #4984, #1218 ),
 ( #3111, #5014, #745 ),
 ( #1724, #1754, #3653 ),
 ( #3182, #3238, #5141 ) ),
 .UNSPECIFIED., .F., .F., .F. ) 
 B_SPLINE_SURFACE_WITH_KNOTS ( ( 4, 2, 2, 4 ),
 ( 3, 3 ),
 ( -6.245004513516505540E-17, 0.0008714318383531969615, 0.001307147757529826667, 0.001742863676706456373 ),
 ( 0.000000000000000000, 1.000000000000000000 ),
 .UNSPECIFIED. ) 
 GEOMETRIC_REPRESENTATION_ITEM ( )  RATIONAL_B_SPLINE_SURFACE ( (
 ( 1.000000000000000000, 0.9698494303495837077, 1.000000000000000000),
 ( 1.000000000000000000, 0.9727757231570565155, 1.000000000000000000),
 ( 1.000000000000000000, 0.9756221637373587718, 1.000000000000000000),
 ( 1.000000000000000000, 0.9798391732877577143, 1.000000000000000000),
 ( 1.000000000000000000, 0.9812353425173740984, 1.000000000000000000),
 ( 1.000000000000000000, 0.9840572132369058700, 1.000000000000000000),
 ( 1.000000000000000000, 0.9854775435679506979, 1.000000000000000000),
 ( 1.000000000000000000, 0.9870077998580896184, 1.000000000000000000) ) ) 
 REPRESENTATION_ITEM ( '' )  SURFACE ( )  );
#3193 = CARTESIAN_POINT ( 'NONE',  ( 28.49999999999998934, 4.719013280518087328, 4.439417977905132595 ) ) ;
#3194 = CARTESIAN_POINT ( 'NONE',  ( 8.664310951064420507, 24.78992986866562376, 6.621000874540007075 ) ) ;
#3195 = EDGE_CURVE ( 'NONE', #4848, #5857, #1889, .T. ) ;
#3196 = CARTESIAN_POINT ( 'NONE',  ( 2.686373019241938387, 21.54357618885534720, -17.97899546133170645 ) ) ;
#3197 = CARTESIAN_POINT ( 'NONE',  ( 21.63468298573768678, 15.56723194173526004, 6.079937078273317752 ) ) ;
#3198 = CARTESIAN_POINT ( 'NONE',  ( 22.28679859140001085, -17.85150169324296598, 0.6816256584958670928 ) ) ;
#3199 = CARTESIAN_POINT ( 'NONE',  ( -8.352782084620002934, -25.49999999999973710, 4.944422675075283991 ) ) ;
#3200 = CARTESIAN_POINT ( 'NONE',  ( -25.12721693463968009, 4.364442505399170003, 9.437076358613682103 ) ) ;
#3201 = CARTESIAN_POINT ( 'NONE',  ( 13.77445674554035548, 21.49575350925281114, 12.52228618741194843 ) ) ;
#3202 = CARTESIAN_POINT ( 'NONE',  ( 4.596821932900796881, 23.99999999999999289, 3.879105583097201659 ) ) ;
#3203 = CARTESIAN_POINT ( 'NONE',  ( 24.41195412066115011, -10.36555263200044941, 6.105326307322715529 ) ) ;
#3204 = CARTESIAN_POINT ( 'NONE',  ( 25.72499999999992326, -1.629715612610296072, 6.083427520652776366 ) ) ;
#3205 = CARTESIAN_POINT ( 'NONE',  ( -17.83776715236050592, 18.26643255169274482, 13.21250024881905638 ) ) ;
#3206 = EDGE_LOOP ( 'NONE', ( #4703, #6011, #2982, #1279 ) ) ;
#3207 = CARTESIAN_POINT ( 'NONE',  ( -21.73157140969925649, 15.51784819692170991, 6.025557620112691914 ) ) ;
#3208 = VERTEX_POINT ( 'NONE', #2662 ) ;
#3209 = CARTESIAN_POINT ( 'NONE',  ( -24.90771819181490088, -14.05170760938650787, 0.6565470080929431962 ) ) ;
#3210 = CARTESIAN_POINT ( 'NONE',  ( 25.12070879871071938, -11.77252433750397564, 7.039588278229066631 ) ) ;
#3211 = CARTESIAN_POINT ( 'NONE',  ( -9.203761168494263007E-16, -9.136882147888867323, -45.49815056213701325 ) ) ;
#3212 = CARTESIAN_POINT ( 'NONE',  ( -25.19210066913406365, -3.950704225352119181, 12.53772396082005613 ) ) ;
#3213 = CARTESIAN_POINT ( 'NONE',  ( 9.611816228895063929, 23.97542330361914864, 2.340318418492786989 ) ) ;
#3214 = ORIENTED_EDGE ( 'NONE', *, *, #5863, .T. ) ;
#3215 = EDGE_LOOP ( 'NONE', ( #715, #2172, #1988, #4751 ) ) ;
#3216 = CARTESIAN_POINT ( 'NONE',  ( 18.59409365608663478, -19.04123323638752652, -14.98901220717557337 ) ) ;
#3217 = CARTESIAN_POINT ( 'NONE',  ( 28.49999999999998934, -2.953475431412088348, 1.533580317245552660 ) ) ;
#3218 = CARTESIAN_POINT ( 'NONE',  ( -17.75045127316685623, 19.41856560758332151, -15.22502308939118976 ) ) ;
#3219 = CARTESIAN_POINT ( 'NONE',  ( 28.49999999999998934, 4.425092742787105848, 1.391660071360939055 ) ) ;
#3220 = CARTESIAN_POINT ( 'NONE',  ( 23.74099822909849422, -14.53041635806672538, 7.036983468316062584 ) ) ;
#3221 = EDGE_CURVE ( 'NONE', #880, #3042, #2470, .T. ) ;
#3222 = LOCAL_TIME ( 0, 3, 37.00000000000000000, #12 ) ;
#3223 = CARTESIAN_POINT ( 'NONE',  ( -10.19438555151459980, -23.12804379787361597, 6.002981860957019578 ) ) ;
#3224 = CARTESIAN_POINT ( 'NONE',  ( -26.02491679198437069, 11.45820546387889394, 0.7438344253507491732 ) ) ;
#3225 = CARTESIAN_POINT ( 'NONE',  ( 14.91385934781675893, -21.29029418334130952, 6.182384290825713613 ) ) ;
#3226 = CARTESIAN_POINT ( 'NONE',  ( 2.252565124481895609, 23.92158366410858150, 5.914771213073862555 ) ) ;
#3227 = CARTESIAN_POINT ( 'NONE',  ( 7.499157621015140940, -22.79989260225447723, 10.51868428040901016 ) ) ;
#3228 = CARTESIAN_POINT ( 'NONE',  ( 25.29412029513048310, 3.300164842566402523, 12.41390514245364507 ) ) ;
#3229 = CARTESIAN_POINT ( 'NONE',  ( -16.61838057811978686, -22.13466428579544143, 1.156167589165146614 ) ) ;
#3230 = CARTESIAN_POINT ( 'NONE',  ( -10.64366103870290381, 23.20457675098960237, 11.65200623675788272 ) ) ;
#3231 = ORIENTED_EDGE ( 'NONE', *, *, #5438, .F. ) ;
#3232 = CARTESIAN_POINT ( 'NONE',  ( 1.649032314740570266E-14, 19.72280535087645603, -21.93843847922790502 ) ) ;
#3233 = CARTESIAN_POINT ( 'NONE',  ( 0.2388157066498355630, -24.00000000000000000, 5.187484633205762918 ) ) ;
#3234 = ORIENTED_EDGE ( 'NONE', *, *, #4619, .F. ) ;
#3235 = CARTESIAN_POINT ( 'NONE',  ( -25.31591522265336280, -13.21821852974401423, 0.6768178183820908744 ) ) ;
#3236 = CARTESIAN_POINT ( 'NONE',  ( 25.50291513534974897, -10.79862939931622989, 7.040338146675302333 ) ) ;
#3237 = CARTESIAN_POINT ( 'NONE',  ( 26.93172106235056873, 3.296108691801591384, 6.908271473059570233 ) ) ;
#3238 = CARTESIAN_POINT ( 'NONE',  ( 7.301794665877516799, -25.50000000000001776, 4.864876035899563078 ) ) ;
#3239 = TOROIDAL_SURFACE ( 'NONE', #1856, 229.2911684466444626, 22.50000000000000355 ) ;
#3240 = CARTESIAN_POINT ( 'NONE',  ( 14.85421823642716177, 22.92494724068279055, 4.060003425798625720 ) ) ;
#3241 = ORIENTED_EDGE ( 'NONE', *, *, #3321, .F. ) ;
#3242 = ORIENTED_EDGE ( 'NONE', *, *, #5196, .T. ) ;
#3243 = AXIS2_PLACEMENT_3D ( 'NONE', #6028, #1798, #394 ) ;
#3244 = CARTESIAN_POINT ( 'NONE',  ( -6.416828298172174705, -25.16049674438930950, 6.146973083341430666 ) ) ;
#3245 = CARTESIAN_POINT ( 'NONE',  ( -6.888155080739470471, -24.00000000000000000, 3.290432263556857251 ) ) ;
#3246 = CARTESIAN_POINT ( 'NONE',  ( -8.024324211771137527, -23.48103496928830580, 6.027001110066423806 ) ) ;
#3247 = CARTESIAN_POINT ( 'NONE',  ( 10.48959788350954803, 24.44924770379614642, 6.650794928015231200 ) ) ;
#3248 = CARTESIAN_POINT ( 'NONE',  ( -28.49999999999999645, 1.913947592093941719, -4.608483332172611746 ) ) ;
#3249 = CARTESIAN_POINT ( 'NONE',  ( 1.331380975015389323, 19.62898549235307044, -17.46003173705041789 ) ) ;
#3250 = CIRCLE ( 'NONE', #5734, 8.500000000000001776 ) ;
#3251 = CIRCLE ( 'NONE', #3043, 10.00000000000000178 ) ;
#3252 = CARTESIAN_POINT ( 'NONE',  ( -8.630122469052563972, -22.41498188165666505, 8.229374671642267103 ) ) ;
#3253 = CARTESIAN_POINT ( 'NONE',  ( -16.63632014817330429, -19.33712559558253830, 9.647293042593039658 ) ) ;
#3254 = CARTESIAN_POINT ( 'NONE',  ( -8.024324211771098447, 23.48103496928831646, 6.027001110066375844 ) ) ;
#3255 = CARTESIAN_POINT ( 'NONE',  ( -55.99999999999996447, 2.571758278209441661E-15, -214.9999999999999432 ) ) ;
#3256 = TOROIDAL_SURFACE ( 'NONE', #2659, 229.2911684466444626, 21.00000000000000000 ) ;
#3257 = FACE_OUTER_BOUND ( 'NONE', #909, .T. ) ;
#3258 = CARTESIAN_POINT ( 'NONE',  ( 23.95139515833857757, -17.32187851133816991, -13.34676546857016000 ) ) ;
#3259 = AXIS2_PLACEMENT_3D ( 'NONE', #1720, #1105, #4911 ) ;
#3260 = CARTESIAN_POINT ( 'NONE',  ( 6.416828298172170264, 25.16049674438929884, 6.146973083341428001 ) ) ;
#3261 = EDGE_CURVE ( 'NONE', #1187, #5578, #1416, .T. ) ;
#3262 = DATE_AND_TIME ( #3816, #727 ) ;
#3263 = FACE_OUTER_BOUND ( 'NONE', #1151, .T. ) ;
#3264 = CARTESIAN_POINT ( 'NONE',  ( -14.61008457685107764, -20.42505112351112473, -15.89904334991905799 ) ) ;
#3265 = CARTESIAN_POINT ( 'NONE',  ( -13.10079227326501083, 21.87959068744539692, 12.34310140436665471 ) ) ;
#3266 = EDGE_LOOP ( 'NONE', ( #643, #6040, #1248, #3560 ) ) ;
#3267 = DIRECTION ( 'NONE',  ( 1.000000000000000000, 0.000000000000000000, 0.000000000000000000 ) ) ;
#3268 = ORIENTED_EDGE ( 'NONE', *, *, #1572, .F. ) ;
#3269 = CARTESIAN_POINT ( 'NONE',  ( -9.464286020772169294, -24.00000000000001421, 4.533199039071332592 ) ) ;
#3270 = CARTESIAN_POINT ( 'NONE',  ( -22.87404067074843539, 15.82473070156858697, 7.037220182541051194 ) ) ;
#3271 = CARTESIAN_POINT ( 'NONE',  ( 18.12473513263975278, -20.69376895672871441, 7.037402299691345675 ) ) ;
#3272 = CARTESIAN_POINT ( 'NONE',  ( 28.50000000000124700, 5.217130203001383748, 4.457573251485180243 ) ) ;
#3273 = CARTESIAN_POINT ( 'NONE',  ( 20.70943651693954735, 16.71295310349557539, 6.088159270283547642 ) ) ;
#3274 = ADVANCED_FACE ( 'NONE', ( #3340 ), #5933, .F. ) ;
#3275 = ORIENTED_EDGE ( 'NONE', *, *, #5101, .T. ) ;
#3276 = VERTEX_POINT ( 'NONE', #2352 ) ;
#3277 = CARTESIAN_POINT ( 'NONE',  ( -11.59093343489219130, 22.74733116297528923, 11.94563055040206834 ) ) ;
#3278 = CARTESIAN_POINT ( 'NONE',  ( -4.817090964909170658, -24.00000000004109779, 4.753987336855183266 ) ) ;
#3279 = CARTESIAN_POINT ( 'NONE',  ( 13.36951780789268085, 22.07679185326564664, 6.079210955413282491 ) ) ;
#3280 = CARTESIAN_POINT ( 'NONE',  ( -8.499999999999870326, 23.99999999999999289, 5.000000000000000000 ) ) ;
#3281 = CARTESIAN_POINT ( 'NONE',  ( 14.27985559534883819, -24.70426009527194466, 4.569352886016343263 ) ) ;
#3282 = ADVANCED_FACE ( 'NONE', ( #3285 ), #1882, .F. ) ;
#3283 = MANIFOLD_SOLID_BREP ( 'Shell2', #4817 ) ;
#3284 = CARTESIAN_POINT ( 'NONE',  ( -6.871383261318232627, -24.56941442963595179, 7.799981754297327541 ) ) ;
#3285 = FACE_OUTER_BOUND ( 'NONE', #581, .T. ) ;
#3286 = CARTESIAN_POINT ( 'NONE',  ( -5.761518053727845867, 24.87584891735826886, 7.396667392324290269 ) ) ;
#3287 = PLANE ( 'NONE',  #5936 ) ;
#3288 = CARTESIAN_POINT ( 'NONE',  ( -25.50024342945482658, 0.7236152218072771092, 9.277598386473256298 ) ) ;
#3289 = EDGE_CURVE ( 'NONE', #3617, #778, #758, .T. ) ;
#3290 = CARTESIAN_POINT ( 'NONE',  ( -24.46680477608591531, -13.17166988730301114, 7.038132976069581659 ) ) ;
#3291 = APPROVAL_ROLE ( '' ) ;
#3292 = CARTESIAN_POINT ( 'NONE',  ( -22.38433934354280908, -17.74118397253806378, 0.6775722656173579495 ) ) ;
#3293 = CARTESIAN_POINT ( 'NONE',  ( 8.157858340138483655, 25.50000000000100897, 4.943403452989714175 ) ) ;
#3294 = CARTESIAN_POINT ( 'NONE',  ( -21.77018323082374707, 13.33753868721794333, 13.44038103528313677 ) ) ;
#3295 = EDGE_CURVE ( 'NONE', #385, #253, #473, .T. ) ;
#3296 = ORIENTED_EDGE ( 'NONE', *, *, #4480, .T. ) ;
#3297 = B_SPLINE_CURVE_WITH_KNOTS ( 'NONE', 3,
 ( #4510, #2574, #3002, #5469, #2141, #3069 ),
 .UNSPECIFIED., .F., .F.,
 ( 4, 2, 4 ),
 ( 0.000000000000000000, 0.004430269838965651859, 0.008860539677931303718 ),
 .UNSPECIFIED. ) ;
#3298 = DIRECTION ( 'NONE',  ( -1.000000000000000000, 0.000000000000000000, 0.000000000000000000 ) ) ;
#3299 = CARTESIAN_POINT ( 'NONE',  ( 4.600007544738392795, 25.49999999999999645, 3.891576879931904820 ) ) ;
#3300 = DIRECTION ( 'NONE',  ( 0.000000000000000000, 0.000000000000000000, -1.000000000000000000 ) ) ;
#3301 = CARTESIAN_POINT ( 'NONE',  ( 7.694077540369691270, -24.98368793961411072, 6.358029377436301033 ) ) ;
#3302 = DIRECTION ( 'NONE',  ( -0.2540981724903222938, 0.000000000000000000, 0.9671784316955575056 ) ) ;
#3303 = FACE_OUTER_BOUND ( 'NONE', #2803, .T. ) ;
#3304 = CARTESIAN_POINT ( 'NONE',  ( 21.64044223040465909, 15.55947054650528472, 6.079903536253076446 ) ) ;
#3305 = VERTEX_POINT ( 'NONE', #5237 ) ;
#3306 = ORIENTED_EDGE ( 'NONE', *, *, #970, .F. ) ;
#3307 = CARTESIAN_POINT ( 'NONE',  ( -28.50000000000000000, -5.500000000000007994, 5.000000000000000000 ) ) ;
#3308 = CARTESIAN_POINT ( 'NONE',  ( 7.119204412775538948, 22.94234630092065075, 7.765526574629954659 ) ) ;
#3309 = CARTESIAN_POINT ( 'NONE',  ( 1.273635488967977070, -25.46944715946675686, 5.940416538732000262 ) ) ;
#3310 = B_SPLINE_CURVE_WITH_KNOTS ( 'NONE', 3,
 ( #4631, #4137, #4202, #4663 ),
 .UNSPECIFIED., .F., .F.,
 ( 4, 4 ),
 ( 1.856073055680370587E-16, 0.001783123483459076114 ),
 .UNSPECIFIED. ) ;
#3311 = CARTESIAN_POINT ( 'NONE',  ( -5.565388055012620683, 20.71601038403612804, -16.71246516954922612 ) ) ;
#3312 = CARTESIAN_POINT ( 'NONE',  ( 13.08164061005301271, -20.12357047682771594, 12.53268785713103028 ) ) ;
#3313 = CARTESIAN_POINT ( 'NONE',  ( -16.61898831913965324, 22.13436932178866101, 1.156095161437741492 ) ) ;
#3314 = DIRECTION ( 'NONE',  ( 0.000000000000000000, -1.000000000000000000, -0.000000000000000000 ) ) ;
#3315 = EDGE_CURVE ( 'NONE', #2800, #4115, #460, .T. ) ;
#3316 = CARTESIAN_POINT ( 'NONE',  ( 14.24925641272013976, -21.15356159730569630, 9.457800941528788030 ) ) ;
#3317 = B_SPLINE_CURVE_WITH_KNOTS ( 'NONE', 3,
 ( #6152, #1881, #2786, #1935, #474, #2425, #4302, #4278, #3806, #5706 ),
 .UNSPECIFIED., .F., .F.,
 ( 4, 2, 2, 2, 4 ),
 ( 0.000000000000000000, 0.003788715498680124763, 0.005683073248020185410, 0.006630252122690217034, 0.007577430997360247791 ),
 .UNSPECIFIED. ) ;
#3318 = CARTESIAN_POINT ( 'NONE',  ( -24.58414633779923264, -12.93717205237259549, 7.038362620637130362 ) ) ;
#3319 = AXIS2_PLACEMENT_3D ( 'NONE', #5318, #5890, #5285 ) ;
#3320 = CARTESIAN_POINT ( 'NONE',  ( -55.99999999999996447, 2.571758278209442056E-15, -214.9999999999999432 ) ) ;
#3321 = EDGE_CURVE ( 'NONE', #5619, #3305, #4538, .T. ) ;
#3322 = CARTESIAN_POINT ( 'NONE',  ( -23.75922145527333740, 14.60366747971558610, 6.989474945604159828 ) ) ;
#3323 = FACE_OUTER_BOUND ( 'NONE', #640, .T. ) ;
#3324 = LINE ( 'NONE', #6138, #46 ) ;
#3325 = CARTESIAN_POINT ( 'NONE',  ( -25.68289866045545011, 3.277604148012559726, 6.051219635756942772 ) ) ;
#3326 = CARTESIAN_POINT ( 'NONE',  ( -28.50000000000000000, -4.425092742786358890, 1.391660071361004114 ) ) ;
#3327 = CARTESIAN_POINT ( 'NONE',  ( 8.499999999999918288, -15.50000000000000178, 2.627371485753478009 ) ) ;
#3328 = DIRECTION ( 'NONE',  ( -1.000000000000000000, 0.000000000000000000, 0.000000000000000000 ) ) ;
#3329 = CARTESIAN_POINT ( 'NONE',  ( 18.44302934720595033, 21.11831099662983036, 3.865278994462543416 ) ) ;
#3330 = ORIENTED_EDGE ( 'NONE', *, *, #3853, .F. ) ;
#3331 = ORIENTED_EDGE ( 'NONE', *, *, #3345, .F. ) ;
#3332 = DIRECTION ( 'NONE',  ( 0.000000000000000000, 0.000000000000000000, -1.000000000000000000 ) ) ;
#3333 = ADVANCED_FACE ( 'NONE', ( #5985 ), #5533, .T. ) ;
#3334 = VECTOR ( 'NONE', #4882, 1000.000000000000000 ) ;
#3335 = CARTESIAN_POINT ( 'NONE',  ( 8.634155091115106373, 23.44898944676890551, 5.907726969505185721 ) ) ;
#3336 = CARTESIAN_POINT ( 'NONE',  ( 0.5099237055199203894, -25.49617384617488014, 5.376772431373423977 ) ) ;
#3337 = CARTESIAN_POINT ( 'NONE',  ( 13.09924822203086059, -23.50048108516968526, 6.953319537880254586 ) ) ;
#3338 = CIRCLE ( 'NONE', #3838, 11.50000000000000178 ) ;
#3339 = CARTESIAN_POINT ( 'NONE',  ( 16.44736083671345384, -20.45625126594195464, 6.075118039990787366 ) ) ;
#3340 = FACE_OUTER_BOUND ( 'NONE', #730, .T. ) ;
#3341 = DIRECTION ( 'NONE',  ( 0.000000000000000000, 0.000000000000000000, 1.000000000000000000 ) ) ;
#3342 = CARTESIAN_POINT ( 'NONE',  ( 24.75226863436261482, -17.17462963354129002, 0.6442577209219536583 ) ) ;
#3343 = CIRCLE ( 'NONE', #4249, 10.00000000000000000 ) ;
#3344 = CARTESIAN_POINT ( 'NONE',  ( 15.76797820946001316, -22.28711841317458919, 6.929874325894103571 ) ) ;
#3345 = EDGE_CURVE ( 'NONE', #4610, #4698, #1765, .T. ) ;
#3346 = AXIS2_PLACEMENT_3D ( 'NONE', #5491, #1230, #1797 ) ;
#3347 = CARTESIAN_POINT ( 'NONE',  ( -26.54835951801969429, -6.728600003184216582, 7.029990595898261141 ) ) ;
#3348 = COORDINATED_UNIVERSAL_TIME_OFFSET ( 1, 0, .AHEAD. ) ;
#3349 = CARTESIAN_POINT ( 'NONE',  ( -26.99999999999999645, -1.556467038538384084, 4.026158541582719685 ) ) ;
#3350 = CARTESIAN_POINT ( 'NONE',  ( -24.99911090646323331, 5.181324705143332210, 12.77195109183997168 ) ) ;
#3351 = CARTESIAN_POINT ( 'NONE',  ( -14.93275706024796179, -21.27998341495058554, 6.182099483059971590 ) ) ;
#3352 = CIRCLE ( 'NONE', #4164, 8.500000000000001776 ) ;
#3353 = ORIENTED_EDGE ( 'NONE', *, *, #2491, .T. ) ;
#3354 = CARTESIAN_POINT ( 'NONE',  ( -3.001095234333199015E-15, 15.46762673359555862, -34.63581562146566739 ) ) ;
#3355 = CARTESIAN_POINT ( 'NONE',  ( 34.99999999999997868, 0.000000000000000000, -214.9999999999999716 ) ) ;
#3356 = CARTESIAN_POINT ( 'NONE',  ( -12.16871505784445340, -22.45261297741372530, 6.208488812006870639 ) ) ;
#3357 = CARTESIAN_POINT ( 'NONE',  ( -8.278650446662945583, 22.52864514732073076, 10.90511127842299643 ) ) ;
#3358 = CARTESIAN_POINT ( 'NONE',  ( 10.63415309628394034, 24.31215835098819156, 6.845339688422920510 ) ) ;
#3359 = DIRECTION ( 'NONE',  ( 0.000000000000000000, -0.2070101959509791922, -0.9783387852744759305 ) ) ;
#3360 = ORIENTED_EDGE ( 'NONE', *, *, #5275, .F. ) ;
#3361 = ORIENTED_EDGE ( 'NONE', *, *, #2673, .F. ) ;
#3362 = CARTESIAN_POINT ( 'NONE',  ( 10.41224799668912659, 20.99781739606749298, -16.40717563225813791 ) ) ;
#3363 = CARTESIAN_POINT ( 'NONE',  ( 10.62206592460546162, 21.53877919792886786, 8.644891758138182780 ) ) ;
#3364 = CARTESIAN_POINT ( 'NONE',  ( -9.646102824051947522, -24.56634204593973436, 6.773130650931037167 ) ) ;
#3365 = DIRECTION ( 'NONE',  ( 0.000000000000000000, 0.000000000000000000, -1.000000000000000000 ) ) ;
#3366 = EDGE_CURVE ( 'NONE', #1493, #5605, #5230, .T. ) ;
#3367 = ORIENTED_EDGE ( 'NONE', *, *, #6039, .T. ) ;
#3368 = CARTESIAN_POINT ( 'NONE',  ( 14.13483357228173354, -21.72811382635848432, 6.082442269032477533 ) ) ;
#3369 = CARTESIAN_POINT ( 'NONE',  ( 2.299720483233975266, -24.00000000000000000, 4.444897362844549171 ) ) ;
#3370 = DIRECTION ( 'NONE',  ( 0.9671784316955579497, 0.000000000000000000, -0.2540981724903216277 ) ) ;
#3371 = CARTESIAN_POINT ( 'NONE',  ( 21.43643009342003580, -17.71344593707715731, 6.988263624459233547 ) ) ;
#3372 = CARTESIAN_POINT ( 'NONE',  ( -25.41592978817892856, -16.19077296386037901, 0.6404098812062788415 ) ) ;
#3373 = CARTESIAN_POINT ( 'NONE',  ( 28.01411920728085647, 10.02455279582888714, -8.550075136895376460 ) ) ;
#3374 =( BOUNDED_SURFACE ( )  B_SPLINE_SURFACE ( 3, 2, ( 
 ( #4860, #1086, #3927 ),
 ( #3426, #4926, #3090 ),
 ( #593, #5456, #689 ),
 ( #2128, #1116, #5357 ),
 ( #622, #2096, #5324 ),
 ( #5831, #2595, #655 ),
 ( #3528, #165, #2067 ),
 ( #5929, #4496, #4028 ),
 ( #1595, #1054, #5897 ),
 ( #2626, #3020, #234 ),
 ( #1665, #2987, #2561 ),
 ( #5386, #5419, #3959 ),
 ( #2954, #3495, #2031 ),
 ( #98, #3565, #3893 ),
 ( #4464, #2495, #5797 ),
 ( #1528, #4893, #4397 ),
 ( #2000, #1193, #4992 ),
 ( #1564, #720, #130 ),
 ( #3463, #2525, #199 ),
 ( #4430, #3992, #1155 ),
 ( #3055, #789, #884 ),
 ( #302, #1762, #2289 ),
 ( #2658, #4563, #3663 ),
 ( #1228, #820, #3247 ),
 ( #269, #1356, #5150 ),
 ( #4128, #1795, #5521 ),
 ( #4528, #2164, #5996 ),
 ( #2755, #756, #6023 ) ),
 .UNSPECIFIED., .F., .F., .F. ) 
 B_SPLINE_SURFACE_WITH_KNOTS ( ( 4, 2, 2, 2, 2, 2, 2, 2, 2, 2, 2, 2, 2, 4 ),
 ( 3, 3 ),
 ( 0.01880844740392098244, 0.02412560218587379152, 0.02678417957685019779, 0.02944275696782660406, 0.03475991174977941661, 0.04007706653173222916, 0.04140635522722042883, 0.04273564392270863543, 0.04539422131368503477, 0.05071137609563784732, 0.05336995348661425359, 0.05602853087759065986, 0.05868710826856706614, 0.06134568565954347241 ),
 ( 0.000000000000000000, 0.6942797018274728948 ),
 .UNSPECIFIED. ) 
 GEOMETRIC_REPRESENTATION_ITEM ( )  RATIONAL_B_SPLINE_SURFACE ( (
 ( 1.000000000000000000, 0.9361784529600064575, 0.9609769152182023877),
 ( 1.000000000000000000, 0.9313472346962357040, 0.9580229122419292587),
 ( 1.000000000000000000, 0.9272119845258898208, 0.9554944524117370275),
 ( 1.000000000000000000, 0.9222181009627408166, 0.9524409892678075140),
 ( 1.000000000000000000, 0.9207550287976898895, 0.9515464075507129582),
 ( 1.000000000000000000, 0.9182623157996095964, 0.9500222616286495558),
 ( 1.000000000000000000, 0.9172310331769714109, 0.9493916935668633705),
 ( 1.000000000000000000, 0.9148466362634628535, 0.9479337764961444091),
 ( 1.000000000000000000, 0.9142232419643318009, 0.9475526079141256552),
 ( 1.000000000000000000, 0.9148876278709343612, 0.9479588404290618664),
 ( 1.000000000000000000, 0.9161752453825233733, 0.9487461420482123930),
 ( 1.000000000000000000, 0.9189549948684011538, 0.9504457937315471394),
 ( 1.000000000000000000, 0.9195704678517215847, 0.9508221188995029660),
 ( 1.000000000000000000, 0.9209052939068151922, 0.9516382857386462835),
 ( 1.000000000000000000, 0.9216256020823171413, 0.9520787113990274442),
 ( 1.000000000000000000, 0.9239378557996961172, 0.9534925171908825714),
 ( 1.000000000000000000, 0.9256810158325345927, 0.9545583560008863433),
 ( 1.000000000000000000, 0.9314606385434449631, 0.9580922519578948249),
 ( 1.000000000000000000, 0.9360452870262783165, 0.9608954921602708144),
 ( 1.000000000000000000, 0.9438344474382976967, 0.9656581010476232851),
 ( 1.000000000000000000, 0.9465961285513827539, 0.9673467049943229590),
 ( 1.000000000000000000, 0.9523175629936235786, 0.9708450222816358277),
 ( 1.000000000000000000, 0.9552782191118809330, 0.9726552876241556511),
 ( 1.000000000000000000, 0.9613522725267623636, 0.9763692104663823645),
 ( 1.000000000000000000, 0.9644661197365228533, 0.9782731430612459089),
 ( 1.000000000000000000, 0.9707934688895907271, 0.9821419412006811012),
 ( 1.000000000000000000, 0.9740157668897195808, 0.9841121850114813441),
 ( 1.000000000000000000, 0.9771740742925509871, 0.9860433023733095048) ) ) 
 REPRESENTATION_ITEM ( '' )  SURFACE ( )  );
#3375 = CARTESIAN_POINT ( 'NONE',  ( -24.92182123690269435, 5.542413300989764480, 9.559817543473181800 ) ) ;
#3376 = ORIENTED_EDGE ( 'NONE', *, *, #4717, .F. ) ;
#3377 = CARTESIAN_POINT ( 'NONE',  ( -5.746478873239382779, -23.30188791835145423, 9.425626491315814093 ) ) ;
#3378 = CARTESIAN_POINT ( 'NONE',  ( 5.746478873239290408, -23.30188791835147555, 9.425626491315762578 ) ) ;
#3379 = CARTESIAN_POINT ( 'NONE',  ( -9.985243601871616193, -23.97126894121384311, 4.468812097084597923 ) ) ;
#3380 = CARTESIAN_POINT ( 'NONE',  ( -6.227684799160482676, 23.18321771889497640, 9.781298264216641059 ) ) ;
#3381 = CARTESIAN_POINT ( 'NONE',  ( 8.499999999999847233, 25.49999999999999645, 2.627371485753603242 ) ) ;
#3382 = CARTESIAN_POINT ( 'NONE',  ( -11.07668532697470631, 25.34389817204224471, 2.059685045472658960 ) ) ;
#3383 = EDGE_CURVE ( 'NONE', #560, #2800, #4120, .T. ) ;
#3384 = EDGE_LOOP ( 'NONE', ( #4670, #1709, #1271, #1255 ) ) ;
#3385 = EDGE_LOOP ( 'NONE', ( #3330, #208, #3956, #3877 ) ) ;
#3386 = CARTESIAN_POINT ( 'NONE',  ( 19.79251962074224380, 18.41093312161568463, -14.60426054584976896 ) ) ;
#3387 = CARTESIAN_POINT ( 'NONE',  ( -4.624188098916409473, 25.10961261695603852, 6.941183727771709222 ) ) ;
#3388 = CARTESIAN_POINT ( 'NONE',  ( 9.131420561596311103, 22.21456033498848726, 8.350220074272055371 ) ) ;
#3389 = CARTESIAN_POINT ( 'NONE',  ( 28.49999999999999289, 6.180726689845307043, 4.440718558384418202 ) ) ;
#3390 = EDGE_CURVE ( 'NONE', #2884, #3178, #1438, .T. ) ;
#3391 = CARTESIAN_POINT ( 'NONE',  ( 28.49999999999998579, 5.499999999999856115, 1.223575944766533752 ) ) ;
#3392 = CARTESIAN_POINT ( 'NONE',  ( 15.92196675537172545, -17.99684783137197286, 13.09554848126390425 ) ) ;
#3393 = CARTESIAN_POINT ( 'NONE',  ( -28.45503960348269956, 7.428390717402076682, 4.397880159873730932 ) ) ;
#3394 = CARTESIAN_POINT ( 'NONE',  ( -24.42658038140832488, -10.37901344419108618, 6.104728606883067066 ) ) ;
#3395 = CARTESIAN_POINT ( 'NONE',  ( 23.51489119430498675, -18.72837900449090753, 0.6773796532373325130 ) ) ;
#3396 = EDGE_CURVE ( 'NONE', #1422, #1816, #5435, .T. ) ;
#3397 = CARTESIAN_POINT ( 'NONE',  ( 20.70694746885235560, -14.89521837894180756, 13.42391725791723722 ) ) ;
#3398 = CARTESIAN_POINT ( 'NONE',  ( -23.44512232969448462, -14.97252600861777694, 7.037062268672690024 ) ) ;
#3399 = CYLINDRICAL_SURFACE ( 'NONE', #5729, 22.50000000000000355 ) ;
#3400 = EDGE_CURVE ( 'NONE', #320, #4274, #3297, .T. ) ;
#3401 = CARTESIAN_POINT ( 'NONE',  ( 26.99999999999998934, 0.4795755079678301613, -4.815573033901586086 ) ) ;
#3402 = CARTESIAN_POINT ( 'NONE',  ( 23.99999999999999645, -4.635357400837865856E-15, 12.14142842854284332 ) ) ;
#3403 = CC_DESIGN_APPROVAL ( #3067, ( #228 ) ) ;
#3404 = ORIENTED_EDGE ( 'NONE', *, *, #1573, .T. ) ;
#3405 = CARTESIAN_POINT ( 'NONE',  ( -3.842747407843439156, -23.70995927630000821, 7.995691011560590589 ) ) ;
#3406 = CARTESIAN_POINT ( 'NONE',  ( -24.00023828218335709, 0.6960338925463782633, 8.848064716768126559 ) ) ;
#3407 = CARTESIAN_POINT ( 'NONE',  ( 26.64114431739147548, -6.141107799544346157, 7.025689749095289649 ) ) ;
#3408 = CARTESIAN_POINT ( 'NONE',  ( -18.75778910911669328, 22.69030271340265514, 4.388439123795086161 ) ) ;
#3409 = CARTESIAN_POINT ( 'NONE',  ( 19.35253414452956022, 19.70822402504948556, 7.040379560778565526 ) ) ;
#3410 = CARTESIAN_POINT ( 'NONE',  ( -26.72048016015568450, 5.552424022093791933, 7.004737673543611542 ) ) ;
#3411 = APPROVAL_ROLE ( '' ) ;
#3412 = ORIENTED_EDGE ( 'NONE', *, *, #2349, .F. ) ;
#3413 = CARTESIAN_POINT ( 'NONE',  ( -14.84807686379381764, 18.86791017189110065, 9.098145572292786198 ) ) ;
#3414 = EDGE_LOOP ( 'NONE', ( #5375, #6171, #2943, #2783 ) ) ;
#3415 = EDGE_CURVE ( 'NONE', #767, #2364, #1749, .T. ) ;
#3416 = CARTESIAN_POINT ( 'NONE',  ( -23.87906299522538944, 2.485697613340255963, 12.31315063015271427 ) ) ;
#3417 = CARTESIAN_POINT ( 'NONE',  ( 28.49999999999998579, 3.752676946536393832, -5.112117728521475613 ) ) ;
#3418 = CARTESIAN_POINT ( 'NONE',  ( 5.746478873239336593, 23.30188791835146134, 9.425626491315787447 ) ) ;
#3419 = CARTESIAN_POINT ( 'NONE',  ( 26.99999999999999289, 1.478484330680271075, 1.605774675690265108 ) ) ;
#3420 = CARTESIAN_POINT ( 'NONE',  ( -2.255428128317682324E-15, 8.927221209752230990, -41.34018814397472852 ) ) ;
#3421 = CARTESIAN_POINT ( 'NONE',  ( -12.49999999999996625, 0.000000000000000000, -214.9999999999999432 ) ) ;
#3422 = CARTESIAN_POINT ( 'NONE',  ( 28.49999999999998579, -6.180726689843908161, 4.440718558384465275 ) ) ;
#3423 = EDGE_LOOP ( 'NONE', ( #4704, #2885, #58, #2681, #149, #3711, #68, #1878 ) ) ;
#3424 = AXIS2_PLACEMENT_3D ( 'NONE', #2787, #5561, #423 ) ;
#3425 = CARTESIAN_POINT ( 'NONE',  ( 18.00218766319022379, -15.88317447314076247, 13.33394395518280184 ) ) ;
#3426 = CARTESIAN_POINT ( 'NONE',  ( 24.99658981490758691, 5.197400723150053636, 12.77501088146104635 ) ) ;
#3427 = CARTESIAN_POINT ( 'NONE',  ( 19.12732439213939273, -16.87587287771230038, 13.33394395518127418 ) ) ;
#3428 = CARTESIAN_POINT ( 'NONE',  ( 10.63415309628394034, 24.31215835098819156, 6.845339688422920510 ) ) ;
#3429 = AXIS2_PLACEMENT_3D ( 'NONE', #5334, #1895, #4375 ) ;
#3430 = CARTESIAN_POINT ( 'NONE',  ( -24.90178980331031511, -8.981699681071534158, 6.055957319971566832 ) ) ;
#3431 = EDGE_CURVE ( 'NONE', #2364, #778, #3602, .T. ) ;
#3432 = CARTESIAN_POINT ( 'NONE',  ( -18.75962013216651414, -22.68921017987284827, 4.388377463749555396 ) ) ;
#3433 = AXIS2_PLACEMENT_3D ( 'NONE', #5675, #465, #3302 ) ;
#3434 = CARTESIAN_POINT ( 'NONE',  ( -25.72512471724013494, -1.623276383285390700, 6.083392055708337409 ) ) ;
#3435 = CARTESIAN_POINT ( 'NONE',  ( -25.54282622923776458, -4.881928327102004417, 6.128737224380952142 ) ) ;
#3436 = CARTESIAN_POINT ( 'NONE',  ( 21.65994512255556614, 20.61851952022326628, 0.7686784777803757907 ) ) ;
#3437 = CIRCLE ( 'NONE', #2446, 10.00000000000000000 ) ;
#3438 = ADVANCED_FACE ( 'NONE', ( #3263 ), #5057, .T. ) ;
#3439 = EDGE_LOOP ( 'NONE', ( #100, #2304, #4547, #2214, #6112 ) ) ;
#3440 = CARTESIAN_POINT ( 'NONE',  ( -23.93865897667978970, -8.808387028872237678, 13.20567491221247280 ) ) ;
#3441 = CARTESIAN_POINT ( 'NONE',  ( 25.66696613859809162, 3.244860387657514167, 6.102048843133669465 ) ) ;
#3442 = B_SPLINE_CURVE_WITH_KNOTS ( 'NONE', 3,
 ( #2051, #3041, #3481, #1687, #288, #4979, #185, #741 ),
 .UNSPECIFIED., .F., .F.,
 ( 4, 2, 2, 4 ),
 ( 0.000000000000000000, 0.004437725864218732170, 0.006656588796328096087, 0.008875451728437459137 ),
 .UNSPECIFIED. ) ;
#3443 = FACE_OUTER_BOUND ( 'NONE', #4588, .T. ) ;
#3444 = CARTESIAN_POINT ( 'NONE',  ( -18.81751515704684152, 22.64588469189552100, 0.9988747552806922503 ) ) ;
#3445 = CARTESIAN_POINT ( 'NONE',  ( 8.499999999999847233, -15.50000000000000178, -10.00000000000000000 ) ) ;
#3446 = CARTESIAN_POINT ( 'NONE',  ( -22.35293446574126364, -12.33867696669121017, 13.42197586778060980 ) ) ;
#3447 = CIRCLE ( 'NONE', #2556, 22.50000000000001421 ) ;
#3448 = ADVANCED_FACE ( 'NONE', ( #374 ), #5098, .T. ) ;
#3449 = ORIENTED_EDGE ( 'NONE', *, *, #5165, .F. ) ;
#3450 = CARTESIAN_POINT ( 'NONE',  ( -10.62941385001646033, 21.55582279142619484, 8.662989827427464817 ) ) ;
#3451 = CARTESIAN_POINT ( 'NONE',  ( -19.70341064398570552, 17.80965936519356774, 6.100949878943752402 ) ) ;
#3452 = ORIENTED_EDGE ( 'NONE', *, *, #4424, .F. ) ;
#3453 = CARTESIAN_POINT ( 'NONE',  ( -26.68906436989812292, -8.951876306985267817, 3.836474896640154952 ) ) ;
#3454 = CARTESIAN_POINT ( 'NONE',  ( 28.49999999999998934, 3.301767290246638176, -4.957490833619812243 ) ) ;
#3455 = CARTESIAN_POINT ( 'NONE',  ( -28.50000000000000000, 5.499999999999816147, -5.916438420940898446 ) ) ;
#3456 = CARTESIAN_POINT ( 'NONE',  ( 1.897866316958692507E-16, 23.99999999999999645, 4.999999999999999112 ) ) ;
#3457 = CARTESIAN_POINT ( 'NONE',  ( 5.565388055012600255, -20.71601038403613515, -16.71246516954924388 ) ) ;
#3458 = CARTESIAN_POINT ( 'NONE',  ( 22.87091990909416594, 15.82899791144536472, 7.037223055213536860 ) ) ;
#3459 = CARTESIAN_POINT ( 'NONE',  ( -26.69700089193586123, 9.301826339306654035, -8.697160255484432057 ) ) ;
#3460 = ORIENTED_EDGE ( 'NONE', *, *, #4270, .T. ) ;
#3461 = CARTESIAN_POINT ( 'NONE',  ( 17.06377946439525317, 16.88766529023320118, 13.23826222717990575 ) ) ;
#3462 = CARTESIAN_POINT ( 'NONE',  ( 7.730947458037948472, 25.00183509288950390, 6.293199986214596642 ) ) ;
#3463 = CARTESIAN_POINT ( 'NONE',  ( 13.92698023235564087, 21.39729714845685749, 12.55645444525532639 ) ) ;
#3464 = CARTESIAN_POINT ( 'NONE',  ( -26.52253192602885790, 9.720170988472839113, 0.8435476017248499936 ) ) ;
#3465 = CARTESIAN_POINT ( 'NONE',  ( -13.36951780788961130, -22.07679185326619731, 6.079210955414462880 ) ) ;
#3466 = CARTESIAN_POINT ( 'NONE',  ( -14.66644115725831554, -24.56986209734082038, 1.472938650838729657 ) ) ;
#3467 = CARTESIAN_POINT ( 'NONE',  ( -7.171620660629444366, 23.99999999999999289, 3.215959877228583341 ) ) ;
#3468 = CARTESIAN_POINT ( 'NONE',  ( 3.003898945408898904E-15, -14.36968453649622823, -32.15373539544302162 ) ) ;
#3469 = CARTESIAN_POINT ( 'NONE',  ( 23.92422076487335403, -8.848292643853211459, 13.20932574713902596 ) ) ;
#3470 = EDGE_CURVE ( 'NONE', #512, #297, #5218, .T. ) ;
#3471 = CARTESIAN_POINT ( 'NONE',  ( 7.977448782082351642, -25.50000000000000355, 2.884200160161589643 ) ) ;
#3472 = CARTESIAN_POINT ( 'NONE',  ( -8.499999999999868550, -20.98449689551662090, -16.49386585964543528 ) ) ;
#3473 = CARTESIAN_POINT ( 'NONE',  ( 24.70776053085329593, 6.432411278199234417, 12.95195920905050357 ) ) ;
#3474 = DIRECTION ( 'NONE',  ( 0.000000000000000000, 1.000000000000000000, 0.000000000000000000 ) ) ;
#3475 = CARTESIAN_POINT ( 'NONE',  ( 12.49999999999997335, 2.755455298081544383E-15, -214.9999999999999716 ) ) ;
#3476 = CARTESIAN_POINT ( 'NONE',  ( 34.99999999999997868, 0.000000000000000000, -214.9999999999999716 ) ) ;
#3477 = CARTESIAN_POINT ( 'NONE',  ( -23.45657337530434106, -10.02218239270532152, 13.30141393111229675 ) ) ;
#3478 = ADVANCED_FACE ( 'NONE', ( #4204 ), #6170, .F. ) ;
#3479 = EDGE_LOOP ( 'NONE', ( #5696, #708, #1864, #186 ) ) ;
#3480 = CARTESIAN_POINT ( 'NONE',  ( 7.445806222101049698, 23.99999999999999289, 3.107154455102496105 ) ) ;
#3481 = CARTESIAN_POINT ( 'NONE',  ( 5.546150167786050744, -22.21254464405742013, -17.42475578386280688 ) ) ;
#3482 = ORIENTED_EDGE ( 'NONE', *, *, #2812, .F. ) ;
#3483 = CARTESIAN_POINT ( 'NONE',  ( -21.65994512255551285, -20.61851952022332313, 0.7686784777803746804 ) ) ;
#3484 = CARTESIAN_POINT ( 'NONE',  ( 26.54835951801974048, 6.728600003184097567, 7.029990595898535588 ) ) ;
#3485 = DIRECTION ( 'NONE',  ( -0.8735349149889872766, 0.2154224563953799354, 0.4364973282573024749 ) ) ;
#3486 = CARTESIAN_POINT ( 'NONE',  ( 26.99999999999998934, -4.648110207241682446, -5.923710102153920687 ) ) ;
#3487 = CARTESIAN_POINT ( 'NONE',  ( 5.659580064148626151E-15, -20.46561359896580612, -18.68001622036306131 ) ) ;
#3488 = CARTESIAN_POINT ( 'NONE',  ( 23.53559235059293187, 18.70455395092217188, 4.270332032304259506 ) ) ;
#3489 = CARTESIAN_POINT ( 'NONE',  ( -9.054619149925242638, 24.70165659460946728, 6.683415753780371560 ) ) ;
#3490 = ORIENTED_EDGE ( 'NONE', *, *, #2484, .T. ) ;
#3491 = CARTESIAN_POINT ( 'NONE',  ( -8.500000000013081092, 22.47226601139275459, -17.16850798049198445 ) ) ;
#3492 = CARTESIAN_POINT ( 'NONE',  ( -26.54835951801986482, 6.728600003183156097, 7.029990595898254924 ) ) ;
#3493 = ADVANCED_FACE ( 'NONE', ( #4289 ), #5805, .F. ) ;
#3494 = CARTESIAN_POINT ( 'NONE',  ( -20.87365607350889363, -18.25930530975540833, 7.039761151337309286 ) ) ;
#3495 = CARTESIAN_POINT ( 'NONE',  ( 18.38768505861949265, 17.67118637024442052, 9.727524675857962322 ) ) ;
#3496 = CARTESIAN_POINT ( 'NONE',  ( -8.499999999999857891, -25.50000000000000355, 2.627371485753581926 ) ) ;
#3497 = CARTESIAN_POINT ( 'NONE',  ( -2.299691965082467426, -25.50000000000000355, 4.444848683220773644 ) ) ;
#3498 = CARTESIAN_POINT ( 'NONE',  ( -22.44595528126925643, -8.517957084302633319, 9.190703044883468564 ) ) ;
#3499 = CARTESIAN_POINT ( 'NONE',  ( -28.49999999999810640, -5.703623067492734400, 4.456018848289538425 ) ) ;
#3500 = EDGE_CURVE ( 'NONE', #1638, #4014, #1143, .T. ) ;
#3501 = CARTESIAN_POINT ( 'NONE',  ( 1.469576158976823750E-15, 23.99999999999999645, 5.000000000000000000 ) ) ;
#3502 = CARTESIAN_POINT ( 'NONE',  ( 8.044907615714704363, -23.99999999999974776, 4.668079199145619640 ) ) ;
#3503 = CARTESIAN_POINT ( 'NONE',  ( 22.35318173845458034, -12.33703531932887820, 13.42171996655782884 ) ) ;
#3504 = VERTEX_POINT ( 'NONE', #3320 ) ;
#3505 = CARTESIAN_POINT ( 'NONE',  ( -7.442824977672641396, 25.49999999999998579, 3.111681393353212588 ) ) ;
#3506 = FACE_OUTER_BOUND ( 'NONE', #5011, .T. ) ;
#3507 = CARTESIAN_POINT ( 'NONE',  ( 26.99999999999998934, -1.487162735982634043, 1.605623278482745997 ) ) ;
#3508 = ADVANCED_FACE ( 'NONE', ( #1919 ), #3399, .T. ) ;
#3509 = CARTESIAN_POINT ( 'NONE',  ( -9.464286020772231467, -24.00000000000000711, 4.533199039071334369 ) ) ;
#3510 = CARTESIAN_POINT ( 'NONE',  ( -20.42516996897774462, 12.65892247816105609, 13.44169600027815648 ) ) ;
#3511 = CARTESIAN_POINT ( 'NONE',  ( 25.50024342945373945, -0.7236152218076621345, 9.277598386474394943 ) ) ;
#3512 = CARTESIAN_POINT ( 'NONE',  ( 4.600007544738245358, 23.99999999999999289, 3.891576879931329280 ) ) ;
#3513 = ORIENTED_EDGE ( 'NONE', *, *, #5594, .T. ) ;
#3514 = CARTESIAN_POINT ( 'NONE',  ( 7.981122724516617417, 23.99999999999999289, 2.882493012032603108 ) ) ;
#3515 = CARTESIAN_POINT ( 'NONE',  ( -26.78567791675017062, -4.962546371393373512, 6.964692016090524795 ) ) ;
#3516 = VERTEX_POINT ( 'NONE', #4265 ) ;
#3517 = CARTESIAN_POINT ( 'NONE',  ( -24.74465822842745055, -17.18498563145655211, 0.6443871129376435025 ) ) ;
#3518 = CARTESIAN_POINT ( 'NONE',  ( 20.46028409087063338, 12.59556682970099040, 9.236399893410405681 ) ) ;
#3519 = CARTESIAN_POINT ( 'NONE',  ( 28.49999999999998579, -4.719013280517707187, 4.439417977905127266 ) ) ;
#3520 = CARTESIAN_POINT ( 'NONE',  ( -8.749037868466832180, 23.96408787226311432, 8.470001862251081093 ) ) ;
#3521 = CARTESIAN_POINT ( 'NONE',  ( 14.56490765591592229, 22.87550669130216718, 6.996650269451379245 ) ) ;
#3522 = FACE_OUTER_BOUND ( 'NONE', #4760, .T. ) ;
#3523 = ORIENTED_EDGE ( 'NONE', *, *, #648, .F. ) ;
#3524 = EDGE_CURVE ( 'NONE', #2081, #4968, #3157, .T. ) ;
#3525 = CARTESIAN_POINT ( 'NONE',  ( -27.00000000000000000, 4.425092742786622679, 1.391660071360970363 ) ) ;
#3526 = CARTESIAN_POINT ( 'NONE',  ( 25.50057337397040058, -6.052678593453264533, 6.080567512522867979 ) ) ;
#3527 = CARTESIAN_POINT ( 'NONE',  ( 1.561424668912875506E-15, 25.49999999999999645, 4.999999999999999112 ) ) ;
#3528 = CARTESIAN_POINT ( 'NONE',  ( 23.21910442678849407, 10.56059529719288292, 13.33547713018176140 ) ) ;
#3529 = B_SPLINE_CURVE_WITH_KNOTS ( 'NONE', 3,
 ( #3767, #1840, #4725, #5723, #2365, #437 ),
 .UNSPECIFIED., .F., .F.,
 ( 4, 2, 4 ),
 ( 0.003784230311977462933, 0.005675386046928896679, 0.007566541781880330858 ),
 .UNSPECIFIED. ) ;
#3530 = CARTESIAN_POINT ( 'NONE',  ( -26.88057299374505860, 7.927042893794592260, 0.9740854511832629514 ) ) ;
#3531 = CARTESIAN_POINT ( 'NONE',  ( -24.05955584381457868, 11.28885344628772991, 6.095089395653444875 ) ) ;
#3532 = CIRCLE ( 'NONE', #4322, 23.99999999999999645 ) ;
#3533 = CARTESIAN_POINT ( 'NONE',  ( -22.76124050429100265, -14.03213508255215025, 6.023390070029681631 ) ) ;
#3534 = CARTESIAN_POINT ( 'NONE',  ( -20.82140363386237070, -21.30838438315802108, 4.324946918579594346 ) ) ;
#3535 = CARTESIAN_POINT ( 'NONE',  ( 25.68179016921381574, -12.36518318080083745, 0.7057477073693294578 ) ) ;
#3536 = CARTESIAN_POINT ( 'NONE',  ( 7.658446030166998320, -24.00000000000025580, 4.665686286035756858 ) ) ;
#3537 = DIRECTION ( 'NONE',  ( -1.000000000000000000, 8.908039471232253180E-16, 0.000000000000000000 ) ) ;
#3538 = AXIS2_PLACEMENT_3D ( 'NONE', #927, #4752, #2826 ) ;
#3539 = ORIENTED_EDGE ( 'NONE', *, *, #2559, .T. ) ;
#3540 = EDGE_CURVE ( 'NONE', #778, #4178, #5084, .T. ) ;
#3541 = CARTESIAN_POINT ( 'NONE',  ( -8.500000000013081092, 22.47226601139275459, -17.16850798049198445 ) ) ;
#3542 = CARTESIAN_POINT ( 'NONE',  ( 9.092038463602358789, 24.00000000000000355, 2.465451497393574609 ) ) ;
#3543 = CARTESIAN_POINT ( 'NONE',  ( -18.50000000000000000, 5.499999999999339195, 1.223575944766634116 ) ) ;
#3544 = CARTESIAN_POINT ( 'NONE',  ( -19.04339498547270892, 14.61894889769804529, 13.40579959755007877 ) ) ;
#3545 = DIRECTION ( 'NONE',  ( 0.000000000000000000, 0.000000000000000000, 1.000000000000000000 ) ) ;
#3546 = CARTESIAN_POINT ( 'NONE',  ( 7.573189171425155131, -23.56113474867199642, 5.897889810354373985 ) ) ;
#3547 = ORIENTED_EDGE ( 'NONE', *, *, #1313, .T. ) ;
#3548 = CARTESIAN_POINT ( 'NONE',  ( -14.39558481291082259, 21.60290035606895387, 6.082899506706540116 ) ) ;
#3549 = CARTESIAN_POINT ( 'NONE',  ( -9.050042921361505677, 24.00000000000000355, 2.476937102849591454 ) ) ;
#3550 = ORIENTED_EDGE ( 'NONE', *, *, #6158, .T. ) ;
#3551 = AXIS2_PLACEMENT_3D ( 'NONE', #5528, #3167, #6094 ) ;
#3552 = CARTESIAN_POINT ( 'NONE',  ( -26.84953683015406511, -7.933341903022649966, 0.9790987896961192982 ) ) ;
#3553 = CARTESIAN_POINT ( 'NONE',  ( 0.000000000000000000, -25.50000000000000355, 5.000000000000000000 ) ) ;
#3554 = CARTESIAN_POINT ( 'NONE',  ( 1.385743660001584864E-16, 23.99999999999999645, 4.999999999999999112 ) ) ;
#3555 = B_SPLINE_CURVE_WITH_KNOTS ( 'NONE', 3,
 ( #5782, #5878, #3512, #1645 ),
 .UNSPECIFIED., .F., .F.,
 ( 4, 4 ),
 ( -3.193745130862108561E-05, 0.007065314486524733317 ),
 .UNSPECIFIED. ) ;
#3556 = CARTESIAN_POINT ( 'NONE',  ( -8.418137078318951305E-15, 10.29670172530881977, -39.51117434651923332 ) ) ;
#3557 = CARTESIAN_POINT ( 'NONE',  ( 17.11369847136784017, 23.57381931315530821, 4.448003582290509073 ) ) ;
#3558 = CARTESIAN_POINT ( 'NONE',  ( 24.07248292689078895, 11.30659676290909310, 6.094080002824004083 ) ) ;
#3559 = AXIS2_PLACEMENT_3D ( 'NONE', #2153, #3687, #3590 ) ;
#3560 = ORIENTED_EDGE ( 'NONE', *, *, #5101, .F. ) ;
#3561 = ORIENTED_EDGE ( 'NONE', *, *, #4842, .T. ) ;
#3562 = CARTESIAN_POINT ( 'NONE',  ( -1.211354031006228960, 25.50000000000204636, 4.977003696223540885 ) ) ;
#3563 = CARTESIAN_POINT ( 'NONE',  ( 5.054225023318039689, 23.82058921150346720, 5.615783728003840736 ) ) ;
#3564 = CARTESIAN_POINT ( 'NONE',  ( 1.638391773708479057E-17, -24.00000000000000000, 4.999999999999999112 ) ) ;
#3565 = CARTESIAN_POINT ( 'NONE',  ( 17.96111390209336278, 18.10485274699474090, 9.711368960953972618 ) ) ;
#3566 = CARTESIAN_POINT ( 'NONE',  ( 23.22398224904380015, -10.54959196836617430, 13.33478765324585957 ) ) ;
#3567 = CARTESIAN_POINT ( 'NONE',  ( 23.40464712583858642, -18.85297480350503818, 0.6816256584964279774 ) ) ;
#3568 = CARTESIAN_POINT ( 'NONE',  ( -20.46028409087227828, -12.59556682969751762, 9.236399893415130791 ) ) ;
#3569 = CARTESIAN_POINT ( 'NONE',  ( -11.56248830156539675, -25.27433543339952848, 1.970376332979319800 ) ) ;
#3570 = CARTESIAN_POINT ( 'NONE',  ( 0.000000000000000000, 25.49999999999999645, 5.000000000000000000 ) ) ;
#3571 = CARTESIAN_POINT ( 'NONE',  ( 10.31403013184117867, -22.99033459834000581, 6.212644458022495542 ) ) ;
#3572 = CARTESIAN_POINT ( 'NONE',  ( -8.500000000000000000, 5.499999999999994671, -9.999999999999998224 ) ) ;
#3573 = VERTEX_POINT ( 'NONE', #3793 ) ;
#3574 = CARTESIAN_POINT ( 'NONE',  ( -19.21751368618034306, 20.53400713352280960, -15.37673401974477017 ) ) ;
#3575 = CARTESIAN_POINT ( 'NONE',  ( -7.233806515020600791, -24.45979009621529343, 10.14238885580495619 ) ) ;
#3576 = CARTESIAN_POINT ( 'NONE',  ( 26.99999999999998934, 4.425092742787115618, 1.391660071360931283 ) ) ;
#3577 = ORIENTED_EDGE ( 'NONE', *, *, #2673, .T. ) ;
#3578 = CARTESIAN_POINT ( 'NONE',  ( 26.52688971196448264, -9.700800328320877242, 0.8448672689621844478 ) ) ;
#3579 = CARTESIAN_POINT ( 'NONE',  ( 17.44992264338094756, -19.71985582657518776, 6.139747211487130762 ) ) ;
#3580 = DIRECTION ( 'NONE',  ( 0.8922873051864864680, 0.000000000000000000, -0.4514680110517664824 ) ) ;
#3581 = CARTESIAN_POINT ( 'NONE',  ( -6.416828715328906085, 25.16049668664257055, 6.146973152273572438 ) ) ;
#3582 = ORIENTED_EDGE ( 'NONE', *, *, #2627, .F. ) ;
#3583 = FACE_OUTER_BOUND ( 'NONE', #4822, .T. ) ;
#3584 = CARTESIAN_POINT ( 'NONE',  ( -28.50000000000016698, -6.660853746682161791, -6.550787299120790053 ) ) ;
#3585 = ORIENTED_EDGE ( 'NONE', *, *, #648, .T. ) ;
#3586 = CARTESIAN_POINT ( 'NONE',  ( -21.64044223040387038, -15.55947054650579631, 6.079903536253468133 ) ) ;
#3587 = CARTESIAN_POINT ( 'NONE',  ( 17.39022089770219992, 16.54294773128236429, 13.27268032933376674 ) ) ;
#3588 = EDGE_CURVE ( 'NONE', #1037, #4698, #1131, .T. ) ;
#3589 = CARTESIAN_POINT ( 'NONE',  ( -8.499999999999857891, -15.50000000000000178, -10.00000000000000000 ) ) ;
#3590 = DIRECTION ( 'NONE',  ( 0.000000000000000000, 0.000000000000000000, -1.000000000000000000 ) ) ;
#3591 = CARTESIAN_POINT ( 'NONE',  ( 18.57846337515758250, 20.34640022713070451, 7.038926445800917975 ) ) ;
#3592 =( BOUNDED_SURFACE ( )  B_SPLINE_SURFACE ( 3, 2, ( 
 ( #1012, #4787, #4327 ),
 ( #119, #2022, #5917 ),
 ( #4613, #677, #3078 ),
 ( #292, #2186, #2614 ),
 ( #5047, #4087, #744 ),
 ( #3983, #1619, #2648 ),
 ( #2149, #322, #2218 ),
 ( #1284, #3109, #4016 ),
 ( #4055, #3518, #4553 ),
 ( #1142, #2582, #5986 ),
 ( #1690, #5885, #1723 ),
 ( #3587, #4486, #223 ),
 ( #4118, #2117, #5477 ),
 ( #1216, #1653, #5013 ),
 ( #5511, #1250, #5202 ),
 ( #4328, #4708, #5258 ),
 ( #2837, #5655, #3778 ),
 ( #2400, #3863, #1388 ),
 ( #447, #498, #6117 ),
 ( #5763, #4738, #3279 ),
 ( #1465, #28, #4788 ),
 ( #5737, #3363, #5683 ),
 ( #1853, #1906, #988 ),
 ( #5179, #3388, #2318 ),
 ( #2375, #1965, #1412 ),
 ( #6175, #2887, #3335 ),
 ( #422, #3308, #4220 ),
 ( #2346, #1490, #961 ) ),
 .UNSPECIFIED., .F., .F., .F. ) 
 B_SPLINE_SURFACE_WITH_KNOTS ( ( 4, 2, 2, 2, 2, 2, 2, 2, 2, 2, 2, 2, 2, 4 ),
 ( 3, 3 ),
 ( 0.01880844740392035447, 0.02412560218587324334, 0.02678417957684968778, 0.02944275696782613222, 0.03475991174977902110, 0.04007706653173190997, 0.04140635522722013739, 0.04273564392270835788, 0.04539422131368479885, 0.05071137609563768772, 0.05336995348661413563, 0.05602853087759057660, 0.05868710826856701757, 0.06134568565954346547 ),
 ( 0.000000000000000000, 0.6941159450714822210 ),
 .UNSPECIFIED. ) 
 GEOMETRIC_REPRESENTATION_ITEM ( )  RATIONAL_B_SPLINE_SURFACE ( (
 ( 1.000000000000000000, 0.9361935062727839707, 0.9609652219358963965),
 ( 1.000000000000000000, 0.9313634275274558227, 0.9580103337914063211),
 ( 1.000000000000000000, 0.9272291527210697604, 0.9554811163074738989),
 ( 1.000000000000000000, 0.9222364470433738193, 0.9524267381919573339),
 ( 1.000000000000000000, 0.9207737199670067429, 0.9515318884132115684),
 ( 1.000000000000000000, 0.9182815949142445477, 0.9500072857801558079),
 ( 1.000000000000000000, 0.9172505555357857165, 0.9493765287684079457),
 ( 1.000000000000000000, 0.9148667210198877520, 0.9479181748324050361),
 ( 1.000000000000000000, 0.9142434737579423487, 0.9475368920329909628),
 ( 1.000000000000000000, 0.9149077029587092680, 0.9479432462756562927),
 ( 1.000000000000000000, 0.9161950167654462351, 0.9487307838099964252),
 ( 1.000000000000000000, 0.9189741106038982199, 0.9504309447946617251),
 ( 1.000000000000000000, 0.9195894384182459191, 0.9508073827285876689),
 ( 1.000000000000000000, 0.9209239496336806274, 0.9516237941324370286),
 ( 1.000000000000000000, 0.9216440879132538067, 0.9520643517665672295),
 ( 1.000000000000000000, 0.9239557962491784515, 0.9534785812057766652),
 ( 1.000000000000000000, 0.9256985451304865498, 0.9545447393948498505),
 ( 1.000000000000000000, 0.9314768046267394297, 0.9580796942851359521),
 ( 1.000000000000000000, 0.9360603717482596231, 0.9608837744794713753),
 ( 1.000000000000000000, 0.9438476949647410796, 0.9656478104844639088),
 ( 1.000000000000000000, 0.9466087246920247278, 0.9673369204219832707),
 ( 1.000000000000000000, 0.9523288096441557826, 0.9708362859813701728),
 ( 1.000000000000000000, 0.9552887674452360534, 0.9726470937705937736),
 ( 1.000000000000000000, 0.9613613881994287347, 0.9763621294912647741),
 ( 1.000000000000000000, 0.9644745009593544971, 0.9782666326001763224),
 ( 1.000000000000000000, 0.9708003577080978053, 0.9821365900265813798),
 ( 1.000000000000000000, 0.9740218956785293702, 0.9841074242215850365),
 ( 1.000000000000000000, 0.9771794581451056505, 0.9860391202435179192) ) ) 
 REPRESENTATION_ITEM ( '' )  SURFACE ( )  );
#3593 = CARTESIAN_POINT ( 'NONE',  ( -21.02952131859698426, -11.62866819236276683, 13.42250795136620134 ) ) ;
#3594 = ORIENTED_EDGE ( 'NONE', *, *, #2309, .T. ) ;
#3595 = ORIENTED_EDGE ( 'NONE', *, *, #2703, .F. ) ;
#3596 = CARTESIAN_POINT ( 'NONE',  ( 0.4794909712690531567, 23.99640569517839239, 5.376429195844612430 ) ) ;
#3597 = CARTESIAN_POINT ( 'NONE',  ( 21.73157140970071666, -15.51784819692071693, 6.025557620110819634 ) ) ;
#3598 = EDGE_CURVE ( 'NONE', #5874, #2809, #2923, .T. ) ;
#3599 = CARTESIAN_POINT ( 'NONE',  ( -2.406646208648826502, -23.99999999995902300, 4.877494560427692250 ) ) ;
#3600 = CARTESIAN_POINT ( 'NONE',  ( -15.09503665567488717, 20.32231775478093283, -15.82170180010707483 ) ) ;
#3601 = CARTESIAN_POINT ( 'NONE',  ( 20.53272074778180212, -18.63628257099219354, 7.040229749545686033 ) ) ;
#3602 = B_SPLINE_CURVE_WITH_KNOTS ( 'NONE', 3,
 ( #4045, #1133, #5947, #5502, #702, #1242, #214, #1578, #3579, #4109, #3734, #5067, #4175, #1307, #4634, #401, #2330, #3203, #1275, #6068, #896, #3676 ),
 .UNSPECIFIED., .F., .F.,
 ( 4, 2, 2, 2, 2, 2, 2, 2, 2, 2, 4 ),
 ( 0.000000000000000000, 0.001482370613739342115, 0.002964741227478684231, 0.005929482454957368462, 0.008894223682436053560, 0.01185896490991473692, 0.01482370613739342029, 0.01778844736487210712, 0.01927081797861144447, 0.02075318859235078181, 0.02371792981982946344 ),
 .UNSPECIFIED. ) ;
#3603 = CARTESIAN_POINT ( 'NONE',  ( 8.499999999999989342, 15.49999999999999289, -10.00000000000000000 ) ) ;
#3604 = CARTESIAN_POINT ( 'NONE',  ( 24.07612652004531384, 11.29772304369715208, 6.094170632778664221 ) ) ;
#3605 = EDGE_CURVE ( 'NONE', #1341, #2809, #4273, .T. ) ;
#3606 = CARTESIAN_POINT ( 'NONE',  ( -12.49999999999997335, 0.000000000000000000, -121.7595244375777526 ) ) ;
#3607 = CARTESIAN_POINT ( 'NONE',  ( -8.291493271533992626, -24.86602528901190112, 6.531388463672224809 ) ) ;
#3608 = CARTESIAN_POINT ( 'NONE',  ( 5.094959455013530203, -25.00749832689863084, 8.722552977895535520 ) ) ;
#3609 = ORIENTED_EDGE ( 'NONE', *, *, #3500, .T. ) ;
#3610 = CARTESIAN_POINT ( 'NONE',  ( -27.00014672596259402, -1.648934339175690100, 6.873533194875554031 ) ) ;
#3611 = CARTESIAN_POINT ( 'NONE',  ( 10.87603725459416282, 23.85651487324991749, 2.061223218003279012 ) ) ;
#3612 = CARTESIAN_POINT ( 'NONE',  ( 14.36469107681113400, -19.23562714046274280, 12.81499664248755188 ) ) ;
#3613 = EDGE_CURVE ( 'NONE', #880, #4085, #3873, .T. ) ;
#3614 = CARTESIAN_POINT ( 'NONE',  ( 26.88058469948714801, -7.921984815804297142, 0.9746380509710040885 ) ) ;
#3615 = CARTESIAN_POINT ( 'NONE',  ( 25.25013590929437157, 3.650658104437558560, 9.390331532900964007 ) ) ;
#3616 = CARTESIAN_POINT ( 'NONE',  ( 34.99999999999997868, 0.000000000000000000, -214.9999999999999716 ) ) ;
#3617 = VERTEX_POINT ( 'NONE', #2005 ) ;
#3618 = CARTESIAN_POINT ( 'NONE',  ( -25.57338399934659989, 4.893044264783112496, 6.082483006904445766 ) ) ;
#3619 = CARTESIAN_POINT ( 'NONE',  ( 23.99999999999999645, 0.000000000000000000, 0.000000000000000000 ) ) ;
#3620 = ORIENTED_EDGE ( 'NONE', *, *, #5341, .T. ) ;
#3621 = CARTESIAN_POINT ( 'NONE',  ( -24.07248292688979774, -11.30659676290753168, 6.094080002825931430 ) ) ;
#3622 = DIRECTION ( 'NONE',  ( -0.9879255164366308462, 0.1549295774647834467, 0.000000000000000000 ) ) ;
#3623 = CARTESIAN_POINT ( 'NONE',  ( -21.66079761919971602, 20.61778768475181778, 0.7686231089957806795 ) ) ;
#3624 = CARTESIAN_POINT ( 'NONE',  ( -1.046512802949200994E-14, -0.8577433000274170549, -50.95324497617626491 ) ) ;
#3625 = CARTESIAN_POINT ( 'NONE',  ( -7.061196796122218955E-17, 25.49999999999999645, 4.999999999999999112 ) ) ;
#3626 = CARTESIAN_POINT ( 'NONE',  ( -6.888155080739517544, 25.49999999999999645, 3.290432263556863468 ) ) ;
#3627 = ORIENTED_EDGE ( 'NONE', *, *, #1527, .F. ) ;
#3628 = AXIS2_PLACEMENT_3D ( 'NONE', #55, #549, #2480 ) ;
#3629 = CARTESIAN_POINT ( 'NONE',  ( -6.077685043272857968, -25.50000000004082779, 4.885896096931200638 ) ) ;
#3630 = CARTESIAN_POINT ( 'NONE',  ( 17.31678168944705476, -19.59322812511875256, -15.33630646511545237 ) ) ;
#3631 = CARTESIAN_POINT ( 'NONE',  ( -2.528743312988601666, 23.96470973699090834, 5.312930452378877177 ) ) ;
#3632 =( BOUNDED_SURFACE ( )  B_SPLINE_SURFACE ( 3, 2, ( 
 ( #3984, #3519, #3080 ),
 ( #4852, #2152, #5790 ),
 ( #5410, #3046, #4951 ),
 ( #2584, #3110, #2219 ),
 ( #5612, #1320, #3237 ),
 ( #3219, #3193, #2290 ) ),
 .UNSPECIFIED., .F., .F., .F. ) 
 B_SPLINE_SURFACE_WITH_KNOTS ( ( 4, 2, 4 ),
 ( 3, 3 ),
 ( 0.007048296248673541729, 0.01146053405507913882, 0.01587277186148473504 ),
 ( 0.000000000000000000, 1.000000000000000000 ),
 .UNSPECIFIED. ) 
 GEOMETRIC_REPRESENTATION_ITEM ( )  RATIONAL_B_SPLINE_SURFACE ( (
 ( 1.000000000000000000, 0.9561819365777148860, 1.000000000000000000),
 ( 1.000000000000000000, 0.9599639141703386613, 1.000000000000000000),
 ( 1.000000000000000000, 0.9617653771962190179, 1.000000000000000000),
 ( 1.000000000000000000, 0.9617730170134525247, 1.000000000000000000),
 ( 1.000000000000000000, 0.9599793571244203960, 1.000000000000000000),
 ( 1.000000000000000000, 0.9561819365777139978, 1.000000000000000000) ) ) 
 REPRESENTATION_ITEM ( '' )  SURFACE ( )  );
#3633 = CARTESIAN_POINT ( 'NONE',  ( -28.50000000000000711, 4.650498478948772885, -5.480377592605909953 ) ) ;
#3634 = LINE ( 'NONE', #822, #1923 ) ;
#3635 = CARTESIAN_POINT ( 'NONE',  ( 4.831891828867786565, 22.04604551044572958, -17.56284229676820274 ) ) ;
#3636 = CARTESIAN_POINT ( 'NONE',  ( 27.36834807318215468, -12.13215206318754369, -9.999999999999975131 ) ) ;
#3637 = CARTESIAN_POINT ( 'NONE',  ( 20.53237543627139416, -19.60710321772464937, 0.7783639458515305698 ) ) ;
#3638 = CARTESIAN_POINT ( 'NONE',  ( -9.634454142085001394, -25.50000000000001421, 4.869521548480348905 ) ) ;
#3639 = CARTESIAN_POINT ( 'NONE',  ( -25.19210066913406365, -3.950704225352094756, 12.53772396082005081 ) ) ;
#3640 = ORIENTED_EDGE ( 'NONE', *, *, #163, .T. ) ;
#3641 = CARTESIAN_POINT ( 'NONE',  ( -2.393030499778293851, -23.88525087252256185, 6.873510808487747425 ) ) ;
#3642 = CARTESIAN_POINT ( 'NONE',  ( 16.06591328126740237, -22.39292884324682120, 1.223472906282967010 ) ) ;
#3643 = CARTESIAN_POINT ( 'NONE',  ( -11.47384841056075011, -23.76928315253249835, 1.942810361074988501 ) ) ;
#3644 = DIRECTION ( 'NONE',  ( 1.000000000000000000, 0.000000000000000000, 0.000000000000000000 ) ) ;
#3645 = DIRECTION ( 'NONE',  ( 0.000000000000000000, 0.000000000000000000, -1.000000000000000000 ) ) ;
#3646 = ORIENTED_EDGE ( 'NONE', *, *, #1727, .F. ) ;
#3647 = CARTESIAN_POINT ( 'NONE',  ( -23.16897248584747615, 6.370012299842576553, 9.127301229677220462 ) ) ;
#3648 = ORIENTED_EDGE ( 'NONE', *, *, #5713, .F. ) ;
#3649 = CARTESIAN_POINT ( 'NONE',  ( -24.46694133438165153, -14.86410495553234057, 0.6434633572344640173 ) ) ;
#3650 = AXIS2_PLACEMENT_3D ( 'NONE', #1265, #5492, #5565 ) ;
#3651 = CARTESIAN_POINT ( 'NONE',  ( -27.00000000000000000, -4.786703179124141450, 1.356786981976426443 ) ) ;
#3652 = CIRCLE ( 'NONE', #1367, 8.499999999999998224 ) ;
#3653 = CARTESIAN_POINT ( 'NONE',  ( 7.029747285370343768, -25.50000000000000355, 3.253232974832860780 ) ) ;
#3654 = EDGE_CURVE ( 'NONE', #2081, #1187, #2749, .T. ) ;
#3655 = CARTESIAN_POINT ( 'NONE',  ( -21.82736311356604020, -9.996644047523409071, 13.33910864682603936 ) ) ;
#3656 = EDGE_LOOP ( 'NONE', ( #2245, #5973, #3922, #5607, #2904, #6173, #378, #3988, #2676 ) ) ;
#3657 = AXIS2_PLACEMENT_3D ( 'NONE', #5282, #2056, #1587 ) ;
#3658 = VERTEX_POINT ( 'NONE', #4402 ) ;
#3659 = CARTESIAN_POINT ( 'NONE',  ( 0.2388157066782424509, 24.00000000000000355, 5.187484633169579418 ) ) ;
#3660 = CARTESIAN_POINT ( 'NONE',  ( 12.92716714089018026, 20.25495409876388564, 12.51335410685998362 ) ) ;
#3661 = CARTESIAN_POINT ( 'NONE',  ( 9.458974806078897402, -21.01771699220500977, -16.46580930272017085 ) ) ;
#3662 = CARTESIAN_POINT ( 'NONE',  ( -1.293678467674835745E-14, -19.01791071194431382, -17.73784881105772371 ) ) ;
#3663 = CARTESIAN_POINT ( 'NONE',  ( 11.61099242707279444, 24.11689091985956424, 6.743570976813462181 ) ) ;
#3664 = CARTESIAN_POINT ( 'NONE',  ( -19.79251962074229354, -18.41093312161562778, -14.60426054584978495 ) ) ;
#3665 = DIRECTION ( 'NONE',  ( 0.000000000000000000, 0.000000000000000000, -1.000000000000000000 ) ) ;
#3666 = CIRCLE ( 'NONE', #5950, 11.49999999999999822 ) ;
#3667 = DIRECTION ( 'NONE',  ( -0.9671784316955587268, 8.076205283331302018E-16, -0.2540981724903180750 ) ) ;
#3668 = CARTESIAN_POINT ( 'NONE',  ( -11.24735568006404485, -22.84088492014134530, 6.042152898489847601 ) ) ;
#3669 = CARTESIAN_POINT ( 'NONE',  ( -8.480367096829644069, 23.39414360482669153, 6.101059181088562156 ) ) ;
#3670 = CARTESIAN_POINT ( 'NONE',  ( 9.611575576827414480, -23.97543384475278927, 2.340377033870612244 ) ) ;
#3671 = CARTESIAN_POINT ( 'NONE',  ( -8.242128854232747770, -25.50000000000000355, 2.757845802660578549 ) ) ;
#3672 = CARTESIAN_POINT ( 'NONE',  ( -27.00033970332655286, -1.675115520140835867, 6.852635484526367726 ) ) ;
#3673 = B_SPLINE_CURVE_WITH_KNOTS ( 'NONE', 3,
 ( #1464, #3805, #3777, #4326 ),
 .UNSPECIFIED., .F., .F.,
 ( 4, 4 ),
 ( 3.469446951953613804E-18, 0.001783123483458891583 ),
 .UNSPECIFIED. ) ;
#3674 = CARTESIAN_POINT ( 'NONE',  ( 7.759299298214578755, -22.71275368141557394, 10.65276980346174795 ) ) ;
#3675 = DIRECTION ( 'NONE',  ( 1.000000000000000000, 0.000000000000000000, 0.000000000000000000 ) ) ;
#3676 = CARTESIAN_POINT ( 'NONE',  ( 25.34110559031685739, -6.544310002705696405, 6.159028398228510781 ) ) ;
#3677 = EDGE_CURVE ( 'NONE', #5145, #5041, #1052, .T. ) ;
#3678 = FACE_OUTER_BOUND ( 'NONE', #247, .T. ) ;
#3679 = CARTESIAN_POINT ( 'NONE',  ( -11.17714929118299061, 22.95722369122941231, 9.052585928942338711 ) ) ;
#3680 = VERTEX_POINT ( 'NONE', #695 ) ;
#3681 = CARTESIAN_POINT ( 'NONE',  ( -22.02403152025106081, 9.555168290722260593, 9.210289793409327075 ) ) ;
#3682 = CARTESIAN_POINT ( 'NONE',  ( -4.783549732574777558, 23.53935588586741190, 8.713900603937158706 ) ) ;
#3683 = ORIENTED_EDGE ( 'NONE', *, *, #5154, .F. ) ;
#3684 = CARTESIAN_POINT ( 'NONE',  ( -18.44302934720476728, -21.11831099662986944, 3.865278994462107320 ) ) ;
#3685 = ADVANCED_FACE ( 'NONE', ( #5392 ), #837, .F. ) ;
#3686 = CARTESIAN_POINT ( 'NONE',  ( 9.621431003198692180E-16, 23.99999999999999645, 4.999999999999999112 ) ) ;
#3687 = DIRECTION ( 'NONE',  ( -0.000000000000000000, -1.000000000000000000, 0.000000000000000000 ) ) ;
#3688 = DIRECTION ( 'NONE',  ( -0.4514680110517567124, 0.000000000000000000, 0.8922873051864914640 ) ) ;
#3689 = CARTESIAN_POINT ( 'NONE',  ( 26.31098842242503366, 10.64337524930961187, 3.781845251512188977 ) ) ;
#3690 = VERTEX_POINT ( 'NONE', #2567 ) ;
#3691 = ORIENTED_EDGE ( 'NONE', *, *, #5793, .F. ) ;
#3692 = CARTESIAN_POINT ( 'NONE',  ( 4.596825217279075559, -25.50000000000000355, 3.879104757205900533 ) ) ;
#3693 = CARTESIAN_POINT ( 'NONE',  ( -6.293461060096457338, -23.71453629985798628, 5.759849905490456834 ) ) ;
#3694 = CARTESIAN_POINT ( 'NONE',  ( 26.84931774896032053, 7.934154295830702530, 0.9790523667400868879 ) ) ;
#3695 = CARTESIAN_POINT ( 'NONE',  ( -26.14975409030689946, 11.04402205548417371, -9.999999999999994671 ) ) ;
#3696 = CARTESIAN_POINT ( 'NONE',  ( -28.49999999999999645, 3.302689649894391621, -4.957697051206137573 ) ) ;
#3697 = B_SPLINE_CURVE_WITH_KNOTS ( 'NONE', 3,
 ( #4511, #5470, #3135, #5038 ),
 .UNSPECIFIED., .F., .F.,
 ( 4, 4 ),
 ( 8.940560153363745023E-19, 0.001087969615946439515 ),
 .UNSPECIFIED. ) ;
#3698 = CARTESIAN_POINT ( 'NONE',  ( 28.49999999999998934, -5.499999999997699618, 1.223575944766757351 ) ) ;
#3699 = CARTESIAN_POINT ( 'NONE',  ( -7.442824977672803044, -24.00000000000000000, 3.111681393353434633 ) ) ;
#3700 = CARTESIAN_POINT ( 'NONE',  ( 27.85571409084370842, 10.70241130729078449, 0.8004975203938974326 ) ) ;
#3701 = CYLINDRICAL_SURFACE ( 'NONE', #1447, 10.00000000000000000 ) ;
#3702 = CARTESIAN_POINT ( 'NONE',  ( 19.57559203645344326, -20.36813461286927307, 0.8518456081116596579 ) ) ;
#3703 = DIRECTION ( 'NONE',  ( -0.9671784316955577276, 0.000000000000000000, 0.2540981724903226269 ) ) ;
#3704 = CARTESIAN_POINT ( 'NONE',  ( 15.48620258268537953, -21.82466920181196457, -16.32106701547475680 ) ) ;
#3705 = CARTESIAN_POINT ( 'NONE',  ( -0.4794909712689449655, -23.99640569517839594, 5.376429195844694142 ) ) ;
#3706 = CARTESIAN_POINT ( 'NONE',  ( 25.47441131000491055, 1.320022248825859057, 12.17685246491654638 ) ) ;
#3707 = CARTESIAN_POINT ( 'NONE',  ( -26.71826223262558386, 5.572490764765597682, 7.006099964226503829 ) ) ;
#3708 = CARTESIAN_POINT ( 'NONE',  ( -16.57939361202933881, 21.81348728735084208, 6.948429276700363033 ) ) ;
#3709 = ORIENTED_EDGE ( 'NONE', *, *, #5266, .T. ) ;
#3710 = CARTESIAN_POINT ( 'NONE',  ( 194.2911684466444626, 0.000000000000000000, -121.7595244375777810 ) ) ;
#3711 = ORIENTED_EDGE ( 'NONE', *, *, #285, .F. ) ;
#3712 = CARTESIAN_POINT ( 'NONE',  ( -25.44356311984731889, -12.93383234158547523, 0.6855565790245620184 ) ) ;
#3713 = CARTESIAN_POINT ( 'NONE',  ( -24.80800060133048746, 12.46862327940557691, 7.038839117805766321 ) ) ;
#3714 = CARTESIAN_POINT ( 'NONE',  ( 26.54835951801983995, -6.728600003183274225, 7.029990595898253147 ) ) ;
#3715 = CARTESIAN_POINT ( 'NONE',  ( -27.00000000000000000, -5.500000000000007994, 1.223575944766496448 ) ) ;
#3716 = CARTESIAN_POINT ( 'NONE',  ( 26.78567791675009246, 4.962546371393953493, 6.964692016090495486 ) ) ;
#3717 = CARTESIAN_POINT ( 'NONE',  ( 24.46694133438180430, 14.86410495553202438, 0.6434633572344684582 ) ) ;
#3718 = ORIENTED_EDGE ( 'NONE', *, *, #1330, .F. ) ;
#3719 = ORIENTED_EDGE ( 'NONE', *, *, #2327, .T. ) ;
#3720 = CARTESIAN_POINT ( 'NONE',  ( 2.545404230507467336, -25.45929966875469574, 5.463193507912069258 ) ) ;
#3721 = CARTESIAN_POINT ( 'NONE',  ( -9.499368949321247868, 23.18112194205225052, 6.200543762510273282 ) ) ;
#3722 = CARTESIAN_POINT ( 'NONE',  ( -13.25767401852762717, 20.70925669309872319, -16.11356929546557382 ) ) ;
#3723 = CARTESIAN_POINT ( 'NONE',  ( 28.49999999999998579, -4.646595617192054384, -5.478700928988607721 ) ) ;
#3724 = CARTESIAN_POINT ( 'NONE',  ( -7.223599949051031970E-15, 19.01791071194431382, -17.73784881105772016 ) ) ;
#3725 = EDGE_CURVE ( 'NONE', #3305, #115, #22, .T. ) ;
#3726 = FACE_OUTER_BOUND ( 'NONE', #1842, .T. ) ;
#3727 = CARTESIAN_POINT ( 'NONE',  ( -17.08704929354955482, -18.93976272470987610, 9.671934875435550083 ) ) ;
#3728 = CARTESIAN_POINT ( 'NONE',  ( 12.67789665259889098, 22.26878785638832170, 6.205634027051572410 ) ) ;
#3729 = CARTESIAN_POINT ( 'NONE',  ( 13.78320828814701926, -23.28032345952273019, 4.131247251821169364 ) ) ;
#3730 = CARTESIAN_POINT ( 'NONE',  ( 6.372029472622329216, 23.71623473801729887, 5.723072893343498890 ) ) ;
#3731 = CARTESIAN_POINT ( 'NONE',  ( 23.25775325601087218, -17.95119391746031212, -13.73189516011854217 ) ) ;
#3732 = CARTESIAN_POINT ( 'NONE',  ( 19.40327962040800713, -14.13759921679384135, 13.42110254607689690 ) ) ;
#3733 = APPROVAL_ROLE ( '' ) ;
#3734 = CARTESIAN_POINT ( 'NONE',  ( 19.69950390292483533, -17.81342219677264183, 6.101011442719189937 ) ) ;
#3735 = PLANE ( 'NONE',  #466 ) ;
#3736 = CARTESIAN_POINT ( 'NONE',  ( -21.75655285457407473, 13.35550595522666839, 9.783698795943445603 ) ) ;
#3737 = ADVANCED_FACE ( 'NONE', ( #1199 ), #1470, .T. ) ;
#3738 = EDGE_LOOP ( 'NONE', ( #495, #125, #671, #5733 ) ) ;
#3739 = CARTESIAN_POINT ( 'NONE',  ( 1.548177345421261356E-14, 2.910462968044548404, -50.41379462652379573 ) ) ;
#3740 = CARTESIAN_POINT ( 'NONE',  ( -0.9584330131424867449, 23.98205170619138471, 5.752104528988450483 ) ) ;
#3741 = ORIENTED_EDGE ( 'NONE', *, *, #2502, .F. ) ;
#3742 = CARTESIAN_POINT ( 'NONE',  ( 25.74333172530748470, -0.8106091045977154019, 6.054101950831310752 ) ) ;
#3743 = CARTESIAN_POINT ( 'NONE',  ( -6.622294583872196050, 23.08590299491359588, 7.566317046455571571 ) ) ;
#3744 = CARTESIAN_POINT ( 'NONE',  ( 26.99999999999999289, 4.660805316093521000, -5.900156830962794530 ) ) ;
#3745 = CARTESIAN_POINT ( 'NONE',  ( 24.90771819181487245, 14.05170760938652208, 0.6565470080929476371 ) ) ;
#3746 = VERTEX_POINT ( 'NONE', #4135 ) ;
#3747 = VERTEX_POINT ( 'NONE', #4570 ) ;
#3748 = AXIS2_PLACEMENT_3D ( 'NONE', #1456, #4320, #4295 ) ;
#3749 = FACE_OUTER_BOUND ( 'NONE', #6051, .T. ) ;
#3750 = CARTESIAN_POINT ( 'NONE',  ( -8.044907615713247750, 23.99999999999998224, 4.668079199145229730 ) ) ;
#3751 = CARTESIAN_POINT ( 'NONE',  ( 0.000000000000000000, 0.000000000000000000, 0.000000000000000000 ) ) ;
#3752 = DIRECTION ( 'NONE',  ( -0.8735349149889916065, -0.2154224563953825999, -0.4364973282572925939 ) ) ;
#3753 = CARTESIAN_POINT ( 'NONE',  ( 18.57696210303125639, -20.34757768510494813, 7.038922119435321534 ) ) ;
#3754 = AXIS2_PLACEMENT_3D ( 'NONE', #4410, #5727, #3908 ) ;
#3755 = CARTESIAN_POINT ( 'NONE',  ( -14.28044883119127917, -21.16431385025877177, 9.472417751571482469 ) ) ;
#3756 = CARTESIAN_POINT ( 'NONE',  ( 26.99999999999998934, 5.500000000002192024, 1.223575944777563151 ) ) ;
#3757 = B_SPLINE_CURVE_WITH_KNOTS ( 'NONE', 3,
 ( #5149, #883, #2657, #4562 ),
 .UNSPECIFIED., .F., .F.,
 ( 4, 4 ),
 ( 0.000000000000000000, 0.006668660198548441442 ),
 .UNSPECIFIED. ) ;
#3758 = FACE_OUTER_BOUND ( 'NONE', #4267, .T. ) ;
#3759 = AXIS2_PLACEMENT_3D ( 'NONE', #1235, #4967, #5463 ) ;
#3760 = CARTESIAN_POINT ( 'NONE',  ( -26.38391246229016218, 7.769841282001098470, 7.037613197861928960 ) ) ;
#3761 = DIRECTION ( 'NONE',  ( 1.000000000000000000, 0.000000000000000000, 0.000000000000000000 ) ) ;
#3762 = CARTESIAN_POINT ( 'NONE',  ( -26.46631924439314432, -7.248060319986134203, 7.033793402200077871 ) ) ;
#3763 = APPROVAL_DATE_TIME ( #3262, #3872 ) ;
#3764 = CARTESIAN_POINT ( 'NONE',  ( -8.500000000000003553, -5.500000000000007994, -9.999999999999998224 ) ) ;
#3765 = CARTESIAN_POINT ( 'NONE',  ( -11.75334951511790571, 22.66417270878603318, 11.99404805801531637 ) ) ;
#3766 = ORIENTED_EDGE ( 'NONE', *, *, #2273, .T. ) ;
#3767 = CARTESIAN_POINT ( 'NONE',  ( -23.99999999999999645, 8.037369603866331894E-15, 12.14142842854285043 ) ) ;
#3768 = CARTESIAN_POINT ( 'NONE',  ( 6.888155080739680969, 25.49999999999999645, 3.290432263557699688 ) ) ;
#3769 = CARTESIAN_POINT ( 'NONE',  ( -7.461639726331451783, -23.99999999999692690, 4.657828225753022799 ) ) ;
#3770 = DIRECTION ( 'NONE',  ( 1.665334536937734318E-16, 0.000000000000000000, -1.000000000000000000 ) ) ;
#3771 = DIRECTION ( 'NONE',  ( 0.000000000000000000, 0.000000000000000000, -1.000000000000000000 ) ) ;
#3772 = CARTESIAN_POINT ( 'NONE',  ( 26.99999999999998934, -5.148902248570661477, 1.297865974845784587 ) ) ;
#3773 = CARTESIAN_POINT ( 'NONE',  ( 13.78413605539065401, 23.28006108427454635, 4.131179763189328114 ) ) ;
#3774 = VERTEX_POINT ( 'NONE', #5092 ) ;
#3775 = ORIENTED_EDGE ( 'NONE', *, *, #2038, .F. ) ;
#3776 = ADVANCED_FACE ( 'NONE', ( #3257 ), #6003, .F. ) ;
#3777 = CARTESIAN_POINT ( 'NONE',  ( 26.64114431739136890, 6.141107799544859525, 7.025689749095403336 ) ) ;
#3778 = CARTESIAN_POINT ( 'NONE',  ( 17.41670279560790391, 19.79400619572213671, 6.066463444125989923 ) ) ;
#3779 = CARTESIAN_POINT ( 'NONE',  ( -6.105633802816763378, 24.75825591324843344, 9.425626491315746591 ) ) ;
#3780 = CARTESIAN_POINT ( 'NONE',  ( 15.50173507524814731, -22.39414609765649899, 7.013430440325061355 ) ) ;
#3781 = ADVANCED_FACE ( 'NONE', ( #5529 ), #2501, .T. ) ;
#3782 = CARTESIAN_POINT ( 'NONE',  ( 27.47613899818878025, 11.95371929274465472, 0.7381861981022288521 ) ) ;
#3783 = CARTESIAN_POINT ( 'NONE',  ( 8.626070313687298707, -22.41177242661759550, 8.221931031750472130 ) ) ;
#3784 = DIRECTION ( 'NONE',  ( 0.000000000000000000, -0.9783387852744657165, -0.2070101959510282918 ) ) ;
#3785 = CARTESIAN_POINT ( 'NONE',  ( -8.499999999999872102, -15.50000000000000178, 2.627371485753581926 ) ) ;
#3786 = DIRECTION ( 'NONE',  ( -0.4514680110517673151, 0.000000000000000000, 0.8922873051864862459 ) ) ;
#3787 = CARTESIAN_POINT ( 'NONE',  ( 8.372083822050930380, -24.08838861223208383, 10.71319073797046961 ) ) ;
#3788 =( BOUNDED_SURFACE ( )  B_SPLINE_SURFACE ( 3, 2, ( 
 ( #5826, #3890, #4361 ),
 ( #617, #1967, #4887 ),
 ( #3016, #5352, #1016 ),
 ( #4855, #3422, #193 ) ),
 .UNSPECIFIED., .F., .F., .T. ) 
 B_SPLINE_SURFACE_WITH_KNOTS ( ( 4, 4 ),
 ( 3, 3 ),
 ( 5.204170427930421283E-18, 0.001061734379197326475 ),
 ( 0.000000000000000000, 1.000000000000000000 ),
 .UNSPECIFIED. ) 
 GEOMETRIC_REPRESENTATION_ITEM ( )  RATIONAL_B_SPLINE_SURFACE ( (
 ( 1.000000000000000000, 0.9561819365777149970, 1.000000000000000000),
 ( 1.000000000000000000, 0.9543873734624263028, 1.000000000000000000),
 ( 1.000000000000000000, 0.9522847581087152680, 1.000000000000000000),
 ( 1.000000000000000000, 0.9499568284406399998, 1.000000000000000000) ) ) 
 REPRESENTATION_ITEM ( '' )  SURFACE ( )  );
#3789 = EDGE_CURVE ( 'NONE', #2715, #767, #5132, .T. ) ;
#3790 = CARTESIAN_POINT ( 'NONE',  ( -23.53559235059463006, -18.70455395091935102, 4.270332032302224690 ) ) ;
#3791 = CARTESIAN_POINT ( 'NONE',  ( -2.425096170788376693, 25.49999999997336531, 4.953940149082644240 ) ) ;
#3792 = DATE_TIME_ROLE ( 'creation_date' ) ;
#3793 = CARTESIAN_POINT ( 'NONE',  ( -25.19210066913408141, 3.950704225352008159, 12.53772396082003837 ) ) ;
#3794 = CARTESIAN_POINT ( 'NONE',  ( -13.99999999999996803, 0.000000000000000000, -214.9999999999999432 ) ) ;
#3795 = CARTESIAN_POINT ( 'NONE',  ( -8.943464651229785289, 23.88214172744067909, 10.96929480802335455 ) ) ;
#3796 = EDGE_CURVE ( 'NONE', #115, #634, #5525, .T. ) ;
#3797 = CARTESIAN_POINT ( 'NONE',  ( -194.2911684466444910, 0.000000000000000000, -121.7595244375777810 ) ) ;
#3798 = CARTESIAN_POINT ( 'NONE',  ( 2.234596186567059133E-15, 4.440104601921756711, -49.67974763982498132 ) ) ;
#3799 = CARTESIAN_POINT ( 'NONE',  ( 23.99981000613319182, 0.6281229039039821771, 12.14170389543814466 ) ) ;
#3800 = CARTESIAN_POINT ( 'NONE',  ( -21.77426799872813490, 20.51655787271630871, 4.301528539058704581 ) ) ;
#3801 = CARTESIAN_POINT ( 'NONE',  ( 16.82927728251099708, -21.58840005358962344, 7.028792618192982289 ) ) ;
#3802 = CARTESIAN_POINT ( 'NONE',  ( 21.03171734688030980, 16.33352718069502174, 6.084742305511727345 ) ) ;
#3803 = ORIENTED_EDGE ( 'NONE', *, *, #3833, .F. ) ;
#3804 = VERTEX_POINT ( 'NONE', #4258 ) ;
#3805 = CARTESIAN_POINT ( 'NONE',  ( 26.72048016015564187, 5.552424022094118783, 7.004737673543633747 ) ) ;
#3806 = CARTESIAN_POINT ( 'NONE',  ( 0.2539299772109706588, 25.50000000000000000, 5.187623757310849903 ) ) ;
#3807 = CARTESIAN_POINT ( 'NONE',  ( 28.47781540850524351, 6.796355568258833912, 4.419581012733151404 ) ) ;
#3808 = CARTESIAN_POINT ( 'NONE',  ( 26.99999999999998934, -5.500000000000001776, 5.000000000000000000 ) ) ;
#3809 = CARTESIAN_POINT ( 'NONE',  ( 14.53868216668110591, -19.10433485265605569, 12.84882687175304561 ) ) ;
#3810 = CARTESIAN_POINT ( 'NONE',  ( 27.00000000000062528, 5.619661955623343808, 3.982456082647526596 ) ) ;
#3811 = CARTESIAN_POINT ( 'NONE',  ( 25.85089063759646777, -15.53391476232269497, 0.6389968519854225537 ) ) ;
#3812 = CARTESIAN_POINT ( 'NONE',  ( 9.831552063393719010, -23.53919848402875914, 8.751795267430150460 ) ) ;
#3813 = CARTESIAN_POINT ( 'NONE',  ( -28.50000000000000000, -5.500000000000006217, 1.223575944766497337 ) ) ;
#3814 = APPROVAL_PERSON_ORGANIZATION ( #5783, #3067, #3411 ) ;
#3815 = CARTESIAN_POINT ( 'NONE',  ( -8.499999999999870326, 23.99999999999999289, 2.627371485753639657 ) ) ;
#3816 = CALENDAR_DATE ( 2026, 16, 9 ) ;
#3817 = CARTESIAN_POINT ( 'NONE',  ( 8.175741133865193078, -24.89142804520868779, 6.516714016203261295 ) ) ;
#3818 =( BOUNDED_SURFACE ( )  B_SPLINE_SURFACE ( 3, 2, ( 
 ( #3949, #1521, #2424 ),
 ( #2453, #3286, #4850 ),
 ( #1993, #3387, #2977 ),
 ( #2486, #4453, #5311 ),
 ( #3010, #2516, #4881 ),
 ( #5850, #4418, #151 ) ),
 .UNSPECIFIED., .F., .F., .F. ) 
 B_SPLINE_SURFACE_WITH_KNOTS ( ( 4, 2, 4 ),
 ( 3, 3 ),
 ( 0.03750064219285708517, 0.04235870784316340953, 0.04721677349346974084 ),
 ( 0.3094157752754350676, 1.000000000000000000 ),
 .UNSPECIFIED. ) 
 GEOMETRIC_REPRESENTATION_ITEM ( )  RATIONAL_B_SPLINE_SURFACE ( (
 ( 0.9859497829868475449, 0.9772955709826925963, 1.000000000000000000),
 ( 0.9906378284572570081, 0.9848712116659065208, 1.000000000000000000),
 ( 0.9941380170946374495, 0.9905273367200745360, 1.000000000000000000),
 ( 0.9988182287238320800, 0.9980903183182630034, 1.000000000000000000),
 ( 1.000000000000000000, 1.000000000000000000, 1.000000000000000000),
 ( 1.000000000000000000, 1.000000000000000000, 1.000000000000000000) ) ) 
 REPRESENTATION_ITEM ( '' )  SURFACE ( )  );
#3819 = CARTESIAN_POINT ( 'NONE',  ( 11.72386688770232865, 25.24915544124948141, 1.941213672652325917 ) ) ;
#3820 = CARTESIAN_POINT ( 'NONE',  ( -25.50000000000000000, 0.6598968102215142517, 12.14142842854285398 ) ) ;
#3821 = ORIENTED_EDGE ( 'NONE', *, *, #1922, .F. ) ;
#3822 = CARTESIAN_POINT ( 'NONE',  ( -1.046512802949200520E-14, 0.8589123022046453171, -50.95324497617624360 ) ) ;
#3823 = CARTESIAN_POINT ( 'NONE',  ( 27.00000000000000000, 7.434805938461074959, -7.528596261905430076 ) ) ;
#3824 = CARTESIAN_POINT ( 'NONE',  ( 25.73120026229525692, -1.633299452258912376, 6.053934539454168373 ) ) ;
#3825 = CARTESIAN_POINT ( 'NONE',  ( -16.47455254377178946, 23.85286020080770797, 1.247463487581414787 ) ) ;
#3826 = CARTESIAN_POINT ( 'NONE',  ( 20.50863852879578175, 18.63344441745454461, 7.040205724883664473 ) ) ;
#3827 = EDGE_CURVE ( 'NONE', #5008, #4582, #5640, .T. ) ;
#3828 = CARTESIAN_POINT ( 'NONE',  ( 23.09116618478098459, 13.29982560106215850, 6.080409288073163054 ) ) ;
#3829 = ORIENTED_EDGE ( 'NONE', *, *, #4958, .F. ) ;
#3830 = CARTESIAN_POINT ( 'NONE',  ( -21.63910238671041952, 15.56132784481811981, 6.079909894678059423 ) ) ;
#3831 = ORIENTED_EDGE ( 'NONE', *, *, #4747, .F. ) ;
#3832 = CARTESIAN_POINT ( 'NONE',  ( -17.71781551391029552, 18.38349411812901479, 13.19842501188654715 ) ) ;
#3833 = EDGE_CURVE ( 'NONE', #4989, #4848, #5319, .T. ) ;
#3834 = DIRECTION ( 'NONE',  ( 0.000000000000000000, -0.9953820156193501356, -0.09599293193542875191 ) ) ;
#3835 = CARTESIAN_POINT ( 'NONE',  ( -26.99999999999999645, 0.4782946561890435433, -4.815573033901670463 ) ) ;
#3836 = LINE ( 'NONE', #1467, #2123 ) ;
#3837 = CIRCLE ( 'NONE', #6134, 8.500000000000001776 ) ;
#3838 = AXIS2_PLACEMENT_3D ( 'NONE', #2440, #571, #3903 ) ;
#3839 = CARTESIAN_POINT ( 'NONE',  ( 21.35972597050735544, -16.00541339878733638, 6.027434898694136400 ) ) ;
#3840 = CARTESIAN_POINT ( 'NONE',  ( -22.38320924118858457, 17.74259026537533046, 0.6776062477747575308 ) ) ;
#3841 = CARTESIAN_POINT ( 'NONE',  ( 14.88015624217220356, -24.49991401069447861, 1.443748190491756622 ) ) ;
#3842 = CIRCLE ( 'NONE', #1136, 10.00000000000000178 ) ;
#3843 = CARTESIAN_POINT ( 'NONE',  ( 8.814514546651770033, -24.83370551854260455, 6.458219358748142902 ) ) ;
#3844 = AXIS2_PLACEMENT_3D ( 'NONE', #5728, #1381, #5172 ) ;
#3845 = AXIS2_PLACEMENT_3D ( 'NONE', #1611, #3580, #1244 ) ;
#3846 = CARTESIAN_POINT ( 'NONE',  ( 23.52572683375921869, -4.894702358454998681, 12.77562385415259705 ) ) ;
#3847 = CARTESIAN_POINT ( 'NONE',  ( 8.499999999999989342, 5.499999999999998224, -9.999999999999998224 ) ) ;
#3848 = CARTESIAN_POINT ( 'NONE',  ( 17.28328205832248088, 23.47113787198370716, 1.156694428466833680 ) ) ;
#3849 = VECTOR ( 'NONE', #382, 1000.000000000000000 ) ;
#3850 = CARTESIAN_POINT ( 'NONE',  ( -28.49999999999999289, 4.719013280517620146, 4.439417977905140589 ) ) ;
#3851 = DIRECTION ( 'NONE',  ( -1.000000000000000000, 0.000000000000000000, 0.000000000000000000 ) ) ;
#3852 = CARTESIAN_POINT ( 'NONE',  ( 4.783549732574762459, -23.53935588586741545, 8.713900603937178246 ) ) ;
#3853 = EDGE_CURVE ( 'NONE', #512, #3208, #1660, .T. ) ;
#3854 = CARTESIAN_POINT ( 'NONE',  ( 23.96882585698617163, 1.416757716924033073, 8.860629494450602550 ) ) ;
#3855 = CARTESIAN_POINT ( 'NONE',  ( -10.76717790494146243, 25.40823252346131156, 4.778147073373968823 ) ) ;
#3856 = CARTESIAN_POINT ( 'NONE',  ( 23.43681077917677769, 14.98583144128771316, 7.037059919264047281 ) ) ;
#3857 = EDGE_LOOP ( 'NONE', ( #5586, #5652, #212, #1103 ) ) ;
#3858 = CARTESIAN_POINT ( 'NONE',  ( -17.83923142434496256, 19.40638238421889028, 6.132915014800184750 ) ) ;
#3859 = ORIENTED_EDGE ( 'NONE', *, *, #4369, .F. ) ;
#3860 = EDGE_CURVE ( 'NONE', #3896, #4610, #4201, .T. ) ;
#3861 = CARTESIAN_POINT ( 'NONE',  ( 15.97899339868910218, 20.05708134323622360, -15.64124928300607564 ) ) ;
#3862 = CARTESIAN_POINT ( 'NONE',  ( 8.499999999999866773, 15.49999999999999467, 2.627371485753603242 ) ) ;
#3863 = CARTESIAN_POINT ( 'NONE',  ( 14.41500508978728767, 19.22536527349907587, 9.075145352318525482 ) ) ;
#3864 = CARTESIAN_POINT ( 'NONE',  ( 2.036444217599044926, -25.42365903679327843, 6.502098130842487222 ) ) ;
#3865 = CARTESIAN_POINT ( 'NONE',  ( -8.239896106121125996, 25.49999999999999645, 2.758975499638204099 ) ) ;
#3866 = ORIENTED_EDGE ( 'NONE', *, *, #3876, .T. ) ;
#3867 = CARTESIAN_POINT ( 'NONE',  ( 19.51916458617443340, -13.97582831279192916, 9.233525412775371422 ) ) ;
#3868 = CARTESIAN_POINT ( 'NONE',  ( 4.596825217279075559, -24.00000000000000000, 3.879104757205900533 ) ) ;
#3869 = CARTESIAN_POINT ( 'NONE',  ( 20.89796755826987606, 19.62129623507079046, -14.77995126961555172 ) ) ;
#3870 = CARTESIAN_POINT ( 'NONE',  ( 27.43826685540270915, -11.93823084261324752, 0.7453256917142053739 ) ) ;
#3871 = CARTESIAN_POINT ( 'NONE',  ( 7.398968097638526586, -24.42108654476973584, 8.031397837111381222 ) ) ;
#3872 = APPROVAL ( #4719, 'UNSPECIFIED' ) ;
#3873 = LINE ( 'NONE', #13, #369 ) ;
#3874 = CARTESIAN_POINT ( 'NONE',  ( -34.99999999999997868, 0.000000000000000000, -121.7595244375777526 ) ) ;
#3875 = CARTESIAN_POINT ( 'NONE',  ( 24.35340927209533746, 17.71076523171714356, 0.6516381913687345762 ) ) ;
#3876 = EDGE_CURVE ( 'NONE', #5848, #4650, #1417, .T. ) ;
#3877 = ORIENTED_EDGE ( 'NONE', *, *, #5713, .T. ) ;
#3878 = CARTESIAN_POINT ( 'NONE',  ( -1.176222161466595543E-14, -7.739367312337453893E-15, -46.68520981196141406 ) ) ;
#3879 = CARTESIAN_POINT ( 'NONE',  ( -23.99999999999999645, 8.037369603866331894E-15, 12.14142842854285043 ) ) ;
#3880 = CARTESIAN_POINT ( 'NONE',  ( -18.28420810663427432, 15.55802986754824602, 13.35708580318511274 ) ) ;
#3881 = DIRECTION ( 'NONE',  ( 1.000000000000000000, 0.000000000000000000, 0.000000000000000000 ) ) ;
#3882 = CARTESIAN_POINT ( 'NONE',  ( -7.170063602644360934, -24.47799999785578251, 10.10576333926802128 ) ) ;
#3883 = ORIENTED_EDGE ( 'NONE', *, *, #3796, .F. ) ;
#3884 = CARTESIAN_POINT ( 'NONE',  ( -14.53868216667948410, 19.10433485265735243, 12.84882687175152682 ) ) ;
#3885 = EDGE_LOOP ( 'NONE', ( #2972, #2124, #1802, #1282 ) ) ;
#3886 = CARTESIAN_POINT ( 'NONE',  ( -7.165254271085647275, 24.47944198199497379, 10.10312050969523590 ) ) ;
#3887 = CARTESIAN_POINT ( 'NONE',  ( 194.2911684466444626, 0.000000000000000000, -121.7595244375777810 ) ) ;
#3888 = DIRECTION ( 'NONE',  ( 0.000000000000000000, 0.000000000000000000, 1.000000000000000000 ) ) ;
#3889 = CARTESIAN_POINT ( 'NONE',  ( 2.544381520662163609, -25.37790160691154639, 6.874819010537194686 ) ) ;
#3890 = CARTESIAN_POINT ( 'NONE',  ( 28.49999999999998934, -4.719013280517702746, 4.439417977905130819 ) ) ;
#3891 = CARTESIAN_POINT ( 'NONE',  ( 11.77600998540924948, -22.69678239531078034, 6.061741211871755297 ) ) ;
#3892 = CARTESIAN_POINT ( 'NONE',  ( 6.888155080739469582, 25.49999999999999645, 3.290432263556871018 ) ) ;
#3893 = CARTESIAN_POINT ( 'NONE',  ( 19.59990680006202268, 19.54712037818081427, 6.982366330126607679 ) ) ;
#3894 = CARTESIAN_POINT ( 'NONE',  ( 22.26668747366093015, -16.71520558128256795, 6.989126183526274794 ) ) ;
#3895 = CARTESIAN_POINT ( 'NONE',  ( -19.14210599757245745, -14.52494061845797013, 13.41777258296144915 ) ) ;
#3896 = VERTEX_POINT ( 'NONE', #73 ) ;
#3897 = CARTESIAN_POINT ( 'NONE',  ( -28.50000000000000355, -5.500000000002342126, 1.223575944777526958 ) ) ;
#3898 = CARTESIAN_POINT ( 'NONE',  ( -25.54282622923766155, 4.881928327102293963, 6.128737224381082704 ) ) ;
#3899 = ADVANCED_FACE ( 'NONE', ( #4367 ), #3287, .T. ) ;
#3900 = CARTESIAN_POINT ( 'NONE',  ( 26.99999999999998579, 5.499999999999868550, -6.392794684931313753 ) ) ;
#3901 = CARTESIAN_POINT ( 'NONE',  ( -24.07908720915400025, 8.418254084006679960, 9.694449505024422820 ) ) ;
#3902 = AXIS2_PLACEMENT_3D ( 'NONE', #3921, #4820, #1524 ) ;
#3903 = DIRECTION ( 'NONE',  ( 0.9879255164366306241, 0.1549295774647845847, 0.000000000000000000 ) ) ;
#3904 = CARTESIAN_POINT ( 'NONE',  ( -25.19210066913405655, -3.950704225352105414, 12.53772396082005969 ) ) ;
#3905 = CARTESIAN_POINT ( 'NONE',  ( -23.99975889539060958, -0.7126114575671981255, 8.848250883890525387 ) ) ;
#3906 = CARTESIAN_POINT ( 'NONE',  ( -27.00000000000000000, 4.674925199857956848, 3.982254291923496670 ) ) ;
#3907 = CARTESIAN_POINT ( 'NONE',  ( -15.42995830908031607, 24.31784616018458678, 4.516666340499532417 ) ) ;
#3908 = DIRECTION ( 'NONE',  ( -1.000000000000000000, 0.000000000000000000, -1.665334536937734811E-16 ) ) ;
#3909 = CARTESIAN_POINT ( 'NONE',  ( -24.13948649248973766, -8.242270816005699885, 13.15250700263097450 ) ) ;
#3910 = COORDINATED_UNIVERSAL_TIME_OFFSET ( 1, 0, .AHEAD. ) ;
#3911 = ORIENTED_EDGE ( 'NONE', *, *, #4619, .T. ) ;
#3912 = CARTESIAN_POINT ( 'NONE',  ( -9.128800207682720824, 22.21068932530831574, 8.345479120930624717 ) ) ;
#3913 = CARTESIAN_POINT ( 'NONE',  ( -25.68179016921354219, 12.36518318080153556, 0.7057477073688440683 ) ) ;
#3914 = ORIENTED_EDGE ( 'NONE', *, *, #2939, .F. ) ;
#3915 = CARTESIAN_POINT ( 'NONE',  ( -11.72386688770232155, -25.24915544124948497, 1.941213672652323030 ) ) ;
#3916 = CARTESIAN_POINT ( 'NONE',  ( 28.49999999999998934, 1.917656369796910898, -4.609131117973238823 ) ) ;
#3917 = CARTESIAN_POINT ( 'NONE',  ( -1.149850190702956798, 23.99999999999999645, 4.722423483374237563 ) ) ;
#3918 = CARTESIAN_POINT ( 'NONE',  ( -4.016915141700750870E-15, 8.437825152362904646, -41.92643322657536231 ) ) ;
#3919 = CARTESIAN_POINT ( 'NONE',  ( -8.269194402043925862, 24.93049920113057638, 6.377601117834682753 ) ) ;
#3920 = CARTESIAN_POINT ( 'NONE',  ( 25.73310038619012019, 15.66920608139385429, 4.258019819845926257 ) ) ;
#3921 = CARTESIAN_POINT ( 'NONE',  ( 8.499999999999989342, -5.500000000000005329, -9.999999999999998224 ) ) ;
#3922 = ORIENTED_EDGE ( 'NONE', *, *, #2531, .F. ) ;
#3923 = CIRCLE ( 'NONE', #364, 11.50000000000000178 ) ;
#3924 = CARTESIAN_POINT ( 'NONE',  ( 22.64673456357582637, -7.969634518266329515, 9.177481506270300571 ) ) ;
#3925 = DIRECTION ( 'NONE',  ( 0.8735349149889908293, 0.2154224563953827387, -0.4364973282572944813 ) ) ;
#3926 = CARTESIAN_POINT ( 'NONE',  ( 25.74451812549130381, 15.25900023061493194, -12.07888515628632575 ) ) ;
#3927 = CARTESIAN_POINT ( 'NONE',  ( 26.81297096626763476, 4.972473877298655864, 6.923385569297029640 ) ) ;
#3928 = CARTESIAN_POINT ( 'NONE',  ( -24.56606491640702217, 9.911427276933610031, 6.111006821930148547 ) ) ;
#3929 = CARTESIAN_POINT ( 'NONE',  ( -13.51288506056188155, -19.87149712630128917, 9.010474340326334541 ) ) ;
#3930 = CARTESIAN_POINT ( 'NONE',  ( -26.71834912489558533, -5.571704605353176021, 7.006046593433546299 ) ) ;
#3931 = EDGE_CURVE ( 'NONE', #3747, #1582, #3250, .T. ) ;
#3932 = CARTESIAN_POINT ( 'NONE',  ( -5.094959455022967099, -25.00749832689630381, 8.722552977904376448 ) ) ;
#3933 = CIRCLE ( 'NONE', #6135, 10.00000000000000178 ) ;
#3934 = CARTESIAN_POINT ( 'NONE',  ( -1.029794333399922073E-14, -8.964802604617705839, -41.35811180665058373 ) ) ;
#3935 = CARTESIAN_POINT ( 'NONE',  ( 15.29917494328910088, -20.41037065659880057, 12.82178322541371251 ) ) ;
#3936 = AXIS2_PLACEMENT_3D ( 'NONE', #3764, #1400, #1372 ) ;
#3937 = CARTESIAN_POINT ( 'NONE',  ( -10.63415309628363126, 24.31215835098827682, 6.845339688422884983 ) ) ;
#3938 = CARTESIAN_POINT ( 'NONE',  ( -23.47437192748294876, -9.980026967016520700, 13.29846552159669137 ) ) ;
#3939 = CARTESIAN_POINT ( 'NONE',  ( -27.00000000000000000, 5.144692510213414671, 1.298756724871152013 ) ) ;
#3940 = CYLINDRICAL_SURFACE ( 'NONE', #4238, 25.50000000000000000 ) ;
#3941 = CYLINDRICAL_SURFACE ( 'NONE', #1552, 10.00000000000000000 ) ;
#3942 = CARTESIAN_POINT ( 'NONE',  ( -25.49999999999999645, -0.6600542525794713677, 12.14142842854285398 ) ) ;
#3943 = CIRCLE ( 'NONE', #3259, 10.00000000000000000 ) ;
#3944 = ORIENTED_EDGE ( 'NONE', *, *, #3195, .F. ) ;
#3945 = CARTESIAN_POINT ( 'NONE',  ( -10.01756333054953174, 21.83960164798795844, 11.65200623676244263 ) ) ;
#3946 = CARTESIAN_POINT ( 'NONE',  ( -11.59612817178712874, 23.76701454062596497, 4.308801350060331714 ) ) ;
#3947 = ORIENTED_EDGE ( 'NONE', *, *, #4566, .T. ) ;
#3948 = CARTESIAN_POINT ( 'NONE',  ( -28.46741568518885401, -6.818141207287107264, 1.091283165249460563 ) ) ;
#3949 = CARTESIAN_POINT ( 'NONE',  ( -7.730947474129078678, 25.00183510092620409, 6.293199957978759862 ) ) ;
#3950 = CARTESIAN_POINT ( 'NONE',  ( 194.2911684466444626, 0.000000000000000000, -121.7595244375777810 ) ) ;
#3951 = CARTESIAN_POINT ( 'NONE',  ( 27.00000000000000000, -0.4782946561890547565, -4.815573033901585198 ) ) ;
#3952 = FACE_OUTER_BOUND ( 'NONE', #2481, .T. ) ;
#3953 = CARTESIAN_POINT ( 'NONE',  ( 10.93400962786219388, 25.36097286735526168, 2.087303226200933004 ) ) ;
#3954 = CARTESIAN_POINT ( 'NONE',  ( -10.63415309628336125, 24.31215835098835143, 6.845339688422878766 ) ) ;
#3955 = ADVANCED_FACE ( 'NONE', ( #5860 ), #3374, .F. ) ;
#3956 = ORIENTED_EDGE ( 'NONE', *, *, #5327, .T. ) ;
#3957 = CARTESIAN_POINT ( 'NONE',  ( 25.34110559031657317, 6.544310002706695606, 6.159028398228696410 ) ) ;
#3958 = CARTESIAN_POINT ( 'NONE',  ( -25.15378745756860113, -11.74309322410844558, 7.039578243446643846 ) ) ;
#3959 = CARTESIAN_POINT ( 'NONE',  ( 20.30780809796008768, 18.88753595970096555, 6.985521868735339091 ) ) ;
#3960 = CARTESIAN_POINT ( 'NONE',  ( -26.10225690236871543, 11.20140901489084406, 0.7579223557413988788 ) ) ;
#3961 = CARTESIAN_POINT ( 'NONE',  ( -24.99138385095986692, 8.485554173063851735, 6.130152460946256987 ) ) ;
#3962 = EDGE_CURVE ( 'NONE', #318, #4945, #3191, .T. ) ;
#3963 = CARTESIAN_POINT ( 'NONE',  ( -10.01530648368998833, -21.81824046546903517, 11.62535965498283907 ) ) ;
#3964 = CARTESIAN_POINT ( 'NONE',  ( -20.47588872795493131, -21.57198665412641247, 0.8516676954817479217 ) ) ;
#3965 = CARTESIAN_POINT ( 'NONE',  ( -5.761518047474630144, -24.87584891859037128, 7.396667404786075650 ) ) ;
#3966 = CARTESIAN_POINT ( 'NONE',  ( -1.576459175596451629E-14, -3.708435947283206247, -45.80448971200477359 ) ) ;
#3967 = CARTESIAN_POINT ( 'NONE',  ( 1.167900894217236640, -25.49999999998834710, 5.497596121299353378 ) ) ;
#3968 = ORIENTED_EDGE ( 'NONE', *, *, #1963, .T. ) ;
#3969 = CARTESIAN_POINT ( 'NONE',  ( -28.50000000000000355, -2.954425590911315513, 1.533488685545753905 ) ) ;
#3970 = CARTESIAN_POINT ( 'NONE',  ( -25.43095684009635349, -11.12437922081026365, 6.986581207415853534 ) ) ;
#3971 = CARTESIAN_POINT ( 'NONE',  ( 21.71008158760727724, 13.43615434274026832, 13.44148995699549864 ) ) ;
#3972 = VERTEX_POINT ( 'NONE', #5590 ) ;
#3973 = CARTESIAN_POINT ( 'NONE',  ( -27.00000000000000711, 5.620202553733777862, 3.982427454689539736 ) ) ;
#3974 = APPLICATION_CONTEXT ( 'configuration controlled 3d designs of mechanical parts and assemblies' ) ;
#3975 = CARTESIAN_POINT ( 'NONE',  ( 6.888155080739508662, 25.49999999999999645, 3.290432263556847925 ) ) ;
#3976 = CARTESIAN_POINT ( 'NONE',  ( -25.47441131000490699, -1.320022248825904798, 12.17685246491656059 ) ) ;
#3977 = ADVANCED_FACE ( 'NONE', ( #4622 ), #4193, .F. ) ;
#3978 = ORIENTED_EDGE ( 'NONE', *, *, #2618, .F. ) ;
#3979 = CARTESIAN_POINT ( 'NONE',  ( -13.71615066525576054, 19.70180925092797253, 9.017004730601378526 ) ) ;
#3980 = DIRECTION ( 'NONE',  ( 1.000000000000000000, 0.000000000000000000, 0.000000000000000000 ) ) ;
#3981 = VERTEX_POINT ( 'NONE', #5966 ) ;
#3982 = CARTESIAN_POINT ( 'NONE',  ( -27.00000000000005329, -6.078617686367121742, 3.958147166341805079 ) ) ;
#3983 = CARTESIAN_POINT ( 'NONE',  ( 22.09352651998503703, 9.392966557189300403, 13.29846552159741435 ) ) ;
#3984 = CARTESIAN_POINT ( 'NONE',  ( 28.49999999999998934, -4.425092742786755018, 1.391660071360967255 ) ) ;
#3985 = CARTESIAN_POINT ( 'NONE',  ( -8.814514546654795168, 24.83370551853980501, 6.458219358747141925 ) ) ;
#3986 = CARTESIAN_POINT ( 'NONE',  ( 24.46680477608595794, 13.17166988730263988, 7.038132976069730873 ) ) ;
#3987 = CARTESIAN_POINT ( 'NONE',  ( 5.541184878291983473, 20.71234611813942195, -16.71534171065908936 ) ) ;
#3988 = ORIENTED_EDGE ( 'NONE', *, *, #4810, .T. ) ;
#3989 = CARTESIAN_POINT ( 'NONE',  ( 5.560172181025468063, -23.38547427518775734, 7.196978355486004730 ) ) ;
#3990 = CARTESIAN_POINT ( 'NONE',  ( 24.34687557163943694, -10.69749415525448200, 6.041222642977256641 ) ) ;
#3991 = CARTESIAN_POINT ( 'NONE',  ( 5.094959455013952976, 25.00749832689852425, 8.722552977899908910 ) ) ;
#3992 = CARTESIAN_POINT ( 'NONE',  ( 12.74797121446688841, 22.09840790363981355, 9.282787575557671644 ) ) ;
#3993 = EDGE_CURVE ( 'NONE', #5760, #3099, #3842, .T. ) ;
#3994 = CARTESIAN_POINT ( 'NONE',  ( 24.71654315756294906, -6.396690258861857714, 12.94698813549567795 ) ) ;
#3995 = CARTESIAN_POINT ( 'NONE',  ( -23.36452808134345815, -12.96436702230096749, 6.026501704458387287 ) ) ;
#3996 = CARTESIAN_POINT ( 'NONE',  ( -18.81957165670059240, -22.64465243978179387, 0.9986801499036536134 ) ) ;
#3997 = CARTESIAN_POINT ( 'NONE',  ( -4.082919120815665437, -25.19183173107093410, 7.995691011580086993 ) ) ;
#3998 = CARTESIAN_POINT ( 'NONE',  ( -8.175741133865166432, 24.89142804520869490, 6.516714016203234650 ) ) ;
#3999 = CARTESIAN_POINT ( 'NONE',  ( 5.761518053714484111, -24.87584891735671988, 7.396667392348493131 ) ) ;
#4000 = CARTESIAN_POINT ( 'NONE',  ( -17.44992264338087296, 19.71985582657524816, 6.139747211487125433 ) ) ;
#4001 = ORIENTED_EDGE ( 'NONE', *, *, #541, .T. ) ;
#4002 = CARTESIAN_POINT ( 'NONE',  ( -25.19196009513495937, 15.94460754169129579, -12.50027187225068559 ) ) ;
#4003 = CARTESIAN_POINT ( 'NONE',  ( -28.50000000000000000, -5.500000000000016875, -5.916438420940897558 ) ) ;
#4004 = CARTESIAN_POINT ( 'NONE',  ( 26.99999999999998934, -2.960475922608959198, 1.532905204660870657 ) ) ;
#4005 = EDGE_LOOP ( 'NONE', ( #4145, #289, #2144, #1009 ) ) ;
#4006 = DIRECTION ( 'NONE',  ( 0.000000000000000000, 0.000000000000000000, -1.000000000000000000 ) ) ;
#4007 = EDGE_CURVE ( 'NONE', #5543, #4582, #537, .T. ) ;
#4008 = CARTESIAN_POINT ( 'NONE',  ( 25.29377041246198843, -3.302395907942248243, 12.41432978588866298 ) ) ;
#4009 = CARTESIAN_POINT ( 'NONE',  ( 6.888155080739496228, -15.50000000000000178, 3.290432263556855474 ) ) ;
#4010 = CIRCLE ( 'NONE', #4901, 10.00000000000000178 ) ;
#4011 = ORIENTED_EDGE ( 'NONE', *, *, #1810, .F. ) ;
#4012 = CARTESIAN_POINT ( 'NONE',  ( -10.45663373821791531, 23.05655953354620635, 6.012658362750087804 ) ) ;
#4013 = CARTESIAN_POINT ( 'NONE',  ( -13.06364458714061705, 23.46670315329564716, 1.649348189491262939 ) ) ;
#4014 = VERTEX_POINT ( 'NONE', #1731 ) ;
#4015 = CARTESIAN_POINT ( 'NONE',  ( -25.34110559031692489, -6.544310002705286955, 6.159028398228520551 ) ) ;
#4016 = CARTESIAN_POINT ( 'NONE',  ( 23.36452808133927661, 12.96436702229873639, 6.026501704464279463 ) ) ;
#4017 = CARTESIAN_POINT ( 'NONE',  ( -1.273635488967962193, -25.46944715946676041, 5.940416538732008256 ) ) ;
#4018 = CARTESIAN_POINT ( 'NONE',  ( 26.99999999999998934, -2.390929894733926364, -5.096927086260595097 ) ) ;
#4019 = CARTESIAN_POINT ( 'NONE',  ( 194.2911684466444626, 0.000000000000000000, -121.7595244375777810 ) ) ;
#4020 = CARTESIAN_POINT ( 'NONE',  ( 10.63415309628384264, 24.31215835098821643, 6.845339688422977353 ) ) ;
#4021 =( BOUNDED_SURFACE ( )  B_SPLINE_SURFACE ( 3, 2, ( 
 ( #1644, #636, #5948 ),
 ( #4008, #669, #4079 ),
 ( #1682, #6008, #3071 ),
 ( #2211, #1716, #5979 ),
 ( #215, #3511, #2575 ),
 ( #2142, #4478, #2111 ),
 ( #4110, #5436, #1173 ),
 ( #4974, #251, #774 ),
 ( #4907, #3615, #5503 ),
 ( #5877, #703, #4445 ) ),
 .UNSPECIFIED., .F., .F., .F. ) 
 B_SPLINE_SURFACE_WITH_KNOTS ( ( 4, 2, 2, 2, 4 ),
 ( 3, 3 ),
 ( 0.03625107076217140567, 0.03903111430535698145, 0.04181115784854255724, 0.04459120139172813302, 0.04737124493491371574 ),
 ( 0.000000000000000000, 0.6990664231536927176 ),
 .UNSPECIFIED. ) 
 GEOMETRIC_REPRESENTATION_ITEM ( )  RATIONAL_B_SPLINE_SURFACE ( (
 ( 1.000000000000000000, 0.9357384343918619951, 0.9613230744155987217),
 ( 1.000000000000000000, 0.9389397505472439898, 0.9632498414581086577),
 ( 1.000000000000000000, 0.9413997674591838560, 0.9647304448349336425),
 ( 1.000000000000000000, 0.9446457169022274281, 0.9666840751872485260),
 ( 1.000000000000000000, 0.9454472766896069302, 0.9671665076949929052),
 ( 1.000000000000000000, 0.9454345958016010520, 0.9671588754850226621),
 ( 1.000000000000000000, 0.9446203996789521717, 0.9666688375821363977),
 ( 1.000000000000000000, 0.9413860318098229429, 0.9647221777987486924),
 ( 1.000000000000000000, 0.9389655935790591768, 0.9632653955301100357),
 ( 1.000000000000000000, 0.9357384343918636604, 0.9613230744155998320) ) ) 
 REPRESENTATION_ITEM ( '' )  SURFACE ( )  );
#4022 = DIRECTION ( 'NONE',  ( 7.441933196985691860E-17, 0.000000000000000000, -1.000000000000000000 ) ) ;
#4023 = VERTEX_POINT ( 'NONE', #5487 ) ;
#4024 = ORIENTED_EDGE ( 'NONE', *, *, #1561, .F. ) ;
#4025 = CARTESIAN_POINT ( 'NONE',  ( 5.746478873239331264, -23.30188791835146489, 9.425626491315799882 ) ) ;
#4026 = CARTESIAN_POINT ( 'NONE',  ( 26.14975409030687103, -11.04402205548421456, -9.999999999999994671 ) ) ;
#4027 = FACE_OUTER_BOUND ( 'NONE', #4580, .T. ) ;
#4028 = CARTESIAN_POINT ( 'NONE',  ( 24.38309664950370959, 13.50288699570773154, 6.989593347353287633 ) ) ;
#4029 = CARTESIAN_POINT ( 'NONE',  ( 23.47920630951442078, -9.968935357078573034, 13.29774407370795508 ) ) ;
#4030 = CARTESIAN_POINT ( 'NONE',  ( 22.94754066432190598, -19.34622946981166436, 0.7014144723570241435 ) ) ;
#4031 = AXIS2_PLACEMENT_3D ( 'NONE', #2720, #2197, #4655 ) ;
#4032 = CARTESIAN_POINT ( 'NONE',  ( -19.27177689064980370, -18.25967819538668380, 6.046281230460338385 ) ) ;
#4033 = CARTESIAN_POINT ( 'NONE',  ( -19.78522910830132275, -19.34951702802304041, 7.041141956156256043 ) ) ;
#4034 = CARTESIAN_POINT ( 'NONE',  ( 24.04933476067731135, -11.30146539927675420, 6.095130201624976429 ) ) ;
#4035 = CARTESIAN_POINT ( 'NONE',  ( 9.464286020772181729, -23.99999999999999645, 4.533199039071254433 ) ) ;
#4036 = CARTESIAN_POINT ( 'NONE',  ( 4.624188098909985278, -25.10961261695710789, 6.941183727791001346 ) ) ;
#4037 = B_SPLINE_CURVE_WITH_KNOTS ( 'NONE', 3,
 ( #5232, #5200, #3362, #935, #497, #2835, #2452, #3861, #2423, #1010, #4737, #3386, #61, #2399, #4301, #5761, #2907, #987, #2886, #4786, #4815, #555, #222, #5310 ),
 .UNSPECIFIED., .F., .F.,
 ( 4, 2, 2, 2, 2, 2, 2, 2, 2, 2, 2, 4 ),
 ( 0.000000000000000000, 0.002844036520572907571, 0.005688073041145815141, 0.007110091301432264373, 0.008532109561718712737, 0.01137614608229160079, 0.01279816434257805002, 0.01422018260286449926, 0.01706421912343738731, 0.01848623738372382960, 0.01990825564401027190, 0.02275229216458314607 ),
 .UNSPECIFIED. ) ;
#4038 = EDGE_LOOP ( 'NONE', ( #5915, #4678, #3114, #3627 ) ) ;
#4039 = VECTOR ( 'NONE', #5183, 1000.000000000000000 ) ;
#4040 = CARTESIAN_POINT ( 'NONE',  ( -26.93172106235843799, -3.296108691801765467, 6.908271473047825850 ) ) ;
#4041 = AXIS2_PLACEMENT_3D ( 'NONE', #3950, #5851, #1588 ) ;
#4042 = CARTESIAN_POINT ( 'NONE',  ( -10.07808245094875055, -23.43192428899765289, 11.42703434033323617 ) ) ;
#4043 = CARTESIAN_POINT ( 'NONE',  ( -23.75558248601029732, -3.509527961371834426, 8.936853508376215061 ) ) ;
#4044 = CARTESIAN_POINT ( 'NONE',  ( 1.254374855373518782, 23.99999999999999289, 5.155217267949032234 ) ) ;
#4045 = CARTESIAN_POINT ( 'NONE',  ( 10.31403013184125861, -22.99033459833998450, 6.212644458022493765 ) ) ;
#4046 = DIRECTION ( 'NONE',  ( 0.1535354275131873836, 0.9790355657025063829, 0.1338515356203150708 ) ) ;
#4047 = CARTESIAN_POINT ( 'NONE',  ( -5.136565426803444190, 25.28843804473113011, 5.924316191324182412 ) ) ;
#4048 = AXIS2_PLACEMENT_3D ( 'NONE', #3751, #911, #5283 ) ;
#4049 = EDGE_CURVE ( 'NONE', #1625, #3516, #5677, .T. ) ;
#4050 = ORIENTED_EDGE ( 'NONE', *, *, #4958, .T. ) ;
#4051 = CARTESIAN_POINT ( 'NONE',  ( -19.18410189123195764, 14.43259849692519126, 9.231243203220559579 ) ) ;
#4052 = CARTESIAN_POINT ( 'NONE',  ( -26.78567791675019549, 4.962546371393241174, 6.964692016090493709 ) ) ;
#4053 = ORIENTED_EDGE ( 'NONE', *, *, #3390, .T. ) ;
#4054 = CARTESIAN_POINT ( 'NONE',  ( -20.64465850556682014, -21.44402474739668918, 0.8389332979064230145 ) ) ;
#4055 = CARTESIAN_POINT ( 'NONE',  ( 20.47538651335749904, 12.57587647524617758, 13.44057772491131075 ) ) ;
#4056 = CARTESIAN_POINT ( 'NONE',  ( 28.49999999999998934, -4.425092742786755906, 1.391660071360974138 ) ) ;
#4057 = LINE ( 'NONE', #4645, #3849 ) ;
#4058 = CARTESIAN_POINT ( 'NONE',  ( 24.70836648189407114, 17.23374341561600787, 4.258673084954126331 ) ) ;
#4059 = CARTESIAN_POINT ( 'NONE',  ( 25.27137158937907913, 7.034678075086425508, 6.151929024934037926 ) ) ;
#4060 = ADVANCED_FACE ( 'NONE', ( #1998 ), #5277, .T. ) ;
#4061 = EDGE_LOOP ( 'NONE', ( #5923, #3523, #5925 ) ) ;
#4062 = CARTESIAN_POINT ( 'NONE',  ( 20.48958421725343015, -12.55297758795877883, 13.44038103528161976 ) ) ;
#4063 = CARTESIAN_POINT ( 'NONE',  ( -1.149850338838208863, -24.00000000000000000, 4.722423447572361432 ) ) ;
#4064 = CARTESIAN_POINT ( 'NONE',  ( 25.08488048544119309, 13.71953470275710885, 0.6623710771317241619 ) ) ;
#4065 = DIRECTION ( 'NONE',  ( 0.000000000000000000, 0.000000000000000000, 1.000000000000000000 ) ) ;
#4066 = CARTESIAN_POINT ( 'NONE',  ( 24.67337149658956008, -17.28430045631186118, 0.6453865331537209649 ) ) ;
#4067 = ADVANCED_FACE ( 'NONE', ( #3118 ), #5829, .F. ) ;
#4068 = CARTESIAN_POINT ( 'NONE',  ( -25.48559620883033716, -5.453666927312623258, 6.158686188001174955 ) ) ;
#4069 = CARTESIAN_POINT ( 'NONE',  ( 24.98933329631543643, 8.493987781953578065, 6.130028921257567376 ) ) ;
#4070 = CARTESIAN_POINT ( 'NONE',  ( -4.600014120331339385, 23.99999999999999289, 3.891575152383159431 ) ) ;
#4071 = CARTESIAN_POINT ( 'NONE',  ( 8.239896106124067643, -24.00000000000000000, 2.758975499643827600 ) ) ;
#4072 = CARTESIAN_POINT ( 'NONE',  ( 27.36834807318215468, -12.13215206318754369, -9.999999999999975131 ) ) ;
#4073 = ORIENTED_EDGE ( 'NONE', *, *, #2484, .F. ) ;
#4074 = CARTESIAN_POINT ( 'NONE',  ( -7.171620660629367983, 25.49999999999999645, 3.215959877228596220 ) ) ;
#4075 = B_SPLINE_CURVE_WITH_KNOTS ( 'NONE', 3,
 ( #3072, #1717, #3204, #2212, #1747, #2241 ),
 .UNSPECIFIED., .F., .F.,
 ( 4, 2, 4 ),
 ( 0.000000000000000000, 0.004885536249273762441, 0.009771072498547524882 ),
 .UNSPECIFIED. ) ;
#4076 = CARTESIAN_POINT ( 'NONE',  ( -16.89051769468093767, -19.11429068127543474, 13.08182909621957535 ) ) ;
#4077 = CARTESIAN_POINT ( 'NONE',  ( -23.80686352653399140, -3.102003269335470659, 12.41308930617171313 ) ) ;
#4078 = CARTESIAN_POINT ( 'NONE',  ( -5.560692476946247982E-17, 23.99999999999999289, 4.999999999999999112 ) ) ;
#4079 = CARTESIAN_POINT ( 'NONE',  ( 26.89409332690159005, -4.167996568658179690, 6.878908581159692837 ) ) ;
#4080 = DIRECTION ( 'NONE',  ( -0.000000000000000000, -0.000000000000000000, 1.000000000000000000 ) ) ;
#4081 = EDGE_CURVE ( 'NONE', #4630, #4848, #1741, .T. ) ;
#4082 = VERTEX_POINT ( 'NONE', #3491 ) ;
#4083 = CARTESIAN_POINT ( 'NONE',  ( -16.44736083671573823, 20.45625126594084264, 6.075118039991274976 ) ) ;
#4084 = DIRECTION ( 'NONE',  ( 0.000000000000000000, 0.000000000000000000, -1.000000000000000000 ) ) ;
#4085 = VERTEX_POINT ( 'NONE', #1082 ) ;
#4086 = CARTESIAN_POINT ( 'NONE',  ( -23.54532680224336261, -12.42433940734404274, 6.085441714405112279 ) ) ;
#4087 = CARTESIAN_POINT ( 'NONE',  ( 22.44595528126950157, 8.517957084300988413, 9.190703044883505868 ) ) ;
#4088 = CARTESIAN_POINT ( 'NONE',  ( 9.054619149925844823, -24.70165659460895213, 6.683415753781408064 ) ) ;
#4089 = CARTESIAN_POINT ( 'NONE',  ( 1.211354197168204028, 25.49999999998768274, 4.977003608390545786 ) ) ;
#4090 = CARTESIAN_POINT ( 'NONE',  ( -16.63359883529548711, -17.31128481745378522, 13.18551366421716331 ) ) ;
#4091 = ORIENTED_EDGE ( 'NONE', *, *, #729, .F. ) ;
#4092 = ORIENTED_EDGE ( 'NONE', *, *, #1477, .F. ) ;
#4093 = CARTESIAN_POINT ( 'NONE',  ( -27.00000000000000000, -4.425092742786358890, 1.391660071361004114 ) ) ;
#4094 = FACE_OUTER_BOUND ( 'NONE', #2254, .T. ) ;
#4095 = DIRECTION ( 'NONE',  ( -1.000000000000000000, -0.000000000000000000, 0.000000000000000000 ) ) ;
#4096 = DIRECTION ( 'NONE',  ( 0.9879255164366299580, -0.1549295774647887203, 0.000000000000000000 ) ) ;
#4097 = CARTESIAN_POINT ( 'NONE',  ( 18.49999999999998934, 4.425092742787105848, 1.391660071360937501 ) ) ;
#4098 = CARTESIAN_POINT ( 'NONE',  ( 26.54835951801998206, -6.728600003182376277, 7.029990595898251371 ) ) ;
#4099 = CARTESIAN_POINT ( 'NONE',  ( -27.00000000000000711, -6.078617686372414397, 3.958147166351000834 ) ) ;
#4100 = DIRECTION ( 'NONE',  ( 0.000000000000000000, 0.000000000000000000, 1.000000000000000000 ) ) ;
#4101 = CARTESIAN_POINT ( 'NONE',  ( 12.16831444695851339, -22.45274889042575595, 6.208490516929863645 ) ) ;
#4102 = CARTESIAN_POINT ( 'NONE',  ( -7.031868312627964634, -25.50000000000000355, 3.252675734329866675 ) ) ;
#4103 = CARTESIAN_POINT ( 'NONE',  ( -25.47404342286031920, -1.325728505398125590, 12.17734572115788438 ) ) ;
#4104 = VERTEX_POINT ( 'NONE', #4026 ) ;
#4105 = CARTESIAN_POINT ( 'NONE',  ( -6.660706572626672539, -24.62136941048953176, 9.811761707756714301 ) ) ;
#4106 = CARTESIAN_POINT ( 'NONE',  ( 7.170063602644364487, 24.47799999785578962, 10.10576333926799819 ) ) ;
#4107 = EDGE_CURVE ( 'NONE', #1582, #1625, #5439, .T. ) ;
#4108 = CARTESIAN_POINT ( 'NONE',  ( 7.171620660629465682, 23.99999999999998579, 3.215959877229030539 ) ) ;
#4109 = CARTESIAN_POINT ( 'NONE',  ( 18.98147690141269095, -18.48555300029605064, 6.112876729288288402 ) ) ;
#4110 = CARTESIAN_POINT ( 'NONE',  ( 25.47404342286019840, 1.325728505399601076, 12.17734572115865888 ) ) ;
#4111 = CARTESIAN_POINT ( 'NONE',  ( -21.70757441784165209, -19.10590147533149619, -14.45203466773998713 ) ) ;
#4112 = ORIENTED_EDGE ( 'NONE', *, *, #3588, .F. ) ;
#4113 = CARTESIAN_POINT ( 'NONE',  ( -19.51916458617661121, 13.97582831279173554, 9.233525412776067753 ) ) ;
#4114 = CARTESIAN_POINT ( 'NONE',  ( 1.469576158976823750E-15, 23.99999999999999645, 5.000000000000000000 ) ) ;
#4115 = VERTEX_POINT ( 'NONE', #590 ) ;
#4116 = CARTESIAN_POINT ( 'NONE',  ( -18.99063639667375014, -18.47748847290304397, 6.112720817079501323 ) ) ;
#4117 = DIRECTION ( 'NONE',  ( 0.4469922825246446796, -6.938893903907229364E-16, 0.8945378132663863724 ) ) ;
#4118 = CARTESIAN_POINT ( 'NONE',  ( 17.18253381859018702, 16.75855569871876227, 13.24990568158328585 ) ) ;
#4119 = FACE_OUTER_BOUND ( 'NONE', #4616, .T. ) ;
#4120 = B_SPLINE_CURVE_WITH_KNOTS ( 'NONE', 3,
 ( #19, #3380, #1927, #5726, #5273, #3357, #5755, #516, #1005, #2902, #4807, #546, #2444, #4349, #83, #1984, #3880, #3544, #180, #3510, #2109, #5401, #5876, #249, #772, #5004, #4543, #3034 ),
 .UNSPECIFIED., .F., .F.,
 ( 4, 2, 2, 2, 2, 2, 2, 2, 2, 2, 2, 2, 2, 4 ),
 ( 0.000000000000000000, 0.001822005728563084234, 0.002733008592844626133, 0.003644011457126170635, 0.007288022914252343006, 0.009110028642815432010, 0.01093203437137852015, 0.01457604582850470336, 0.01639805155706779843, 0.01822005728563089871, 0.02186406874275709927, 0.02368607447132020996, 0.02550808019988331371, 0.02915209165700953509 ),
 .UNSPECIFIED. ) ;
#4121 = DIRECTION ( 'NONE',  ( 1.000000000000000000, 0.000000000000000000, 0.000000000000000000 ) ) ;
#4122 = ORIENTED_EDGE ( 'NONE', *, *, #3122, .T. ) ;
#4123 = APPROVAL_PERSON_ORGANIZATION ( #895, #3872, #3291 ) ;
#4124 = EDGE_LOOP ( 'NONE', ( #5703, #1678, #5019, #2429 ) ) ;
#4125 = CARTESIAN_POINT ( 'NONE',  ( 7.977448782082358747, -24.00000000000000355, 2.884200160161586979 ) ) ;
#4126 = CARTESIAN_POINT ( 'NONE',  ( 15.09503665567485697, -20.32231775478094704, -15.82170180010707838 ) ) ;
#4127 = CARTESIAN_POINT ( 'NONE',  ( 2.299665116703795587, -25.50000000000000355, 4.444855334571999883 ) ) ;
#4128 = CARTESIAN_POINT ( 'NONE',  ( 7.233806515021733219, 24.45979009621493816, 10.14238885580646610 ) ) ;
#4129 = CARTESIAN_POINT ( 'NONE',  ( 28.49999999999998224, -1.904662090147506426, -4.575285266075899138 ) ) ;
#4130 = CARTESIAN_POINT ( 'NONE',  ( 24.24944166699859949, -13.63766606183948049, 7.037650299652875141 ) ) ;
#4131 = CARTESIAN_POINT ( 'NONE',  ( -9.131420561593893481, -22.21456033499338645, 8.350220074269451231 ) ) ;
#4132 = DIRECTION ( 'NONE',  ( 0.000000000000000000, -0.09599293193542689229, -0.9953820156193503577 ) ) ;
#4133 = B_SPLINE_CURVE_WITH_KNOTS ( 'NONE', 3,
 ( #5907, #3542, #699, #3611, #769, #312, #2207, #5896, #1085, #1630, #2986, #719, #4527, #5486, #1154, #4495, #233, #2163, #2127, #4064, #5965, #1226, #4892, #5622, #3694, #3156, #388, #3190 ),
 .UNSPECIFIED., .F., .F.,
 ( 4, 2, 2, 2, 2, 2, 2, 2, 2, 2, 2, 2, 2, 4 ),
 ( 0.000000000000000000, 0.001834809126111900616, 0.003669618252223801232, 0.007339236504447599861, 0.009174045630559502645, 0.01100885475667140283, 0.01467847300889521013, 0.01651328213500711378, 0.01834809126111901570, 0.02018290038723093149, 0.02201770951334284729, 0.02568732776556667194, 0.02752213689167858773, 0.02935694601779050006 ),
 .UNSPECIFIED. ) ;
#4134 = CARTESIAN_POINT ( 'NONE',  ( 23.49339758334020445, -16.35316816706515652, 3.716654944629248281 ) ) ;
#4135 = CARTESIAN_POINT ( 'NONE',  ( -25.50000000000000000, 2.466420338507139004E-15, 12.14142842854285398 ) ) ;
#4136 = CARTESIAN_POINT ( 'NONE',  ( 6.871397797908316285, -24.56941084476729387, 7.799950893901790749 ) ) ;
#4137 = CARTESIAN_POINT ( 'NONE',  ( -26.72048016015564897, -5.552424022094061051, 7.004737673543639964 ) ) ;
#4138 = AXIS2_PLACEMENT_3D ( 'NONE', #5417, #5484, #197 ) ;
#4139 = CARTESIAN_POINT ( 'NONE',  ( 9.092085190411387075, -24.00000000000001066, 2.465438717810983782 ) ) ;
#4140 = CARTESIAN_POINT ( 'NONE',  ( -27.00000000000000355, 4.425092742786671529, 1.391660071360973694 ) ) ;
#4141 = DIRECTION ( 'NONE',  ( 4.979413185065680172E-15, -0.9953820156193503577, 0.09599293193542689229 ) ) ;
#4142 = CARTESIAN_POINT ( 'NONE',  ( -15.48348401945834851, -21.84249423488724773, -16.33043539945184719 ) ) ;
#4143 = CARTESIAN_POINT ( 'NONE',  ( -24.39496716863544989, 13.47937271254205704, 6.989481035169966106 ) ) ;
#4144 = B_SPLINE_CURVE_WITH_KNOTS ( 'NONE', 3,
 ( #6091, #4597, #3699, #1331, #4196, #5628 ),
 .UNSPECIFIED., .F., .F.,
 ( 4, 2, 4 ),
 ( 0.000000000000000000, 0.0008714490287456630197, 0.001742898057491323654 ),
 .UNSPECIFIED. ) ;
#4145 = ORIENTED_EDGE ( 'NONE', *, *, #3396, .F. ) ;
#4146 = CARTESIAN_POINT ( 'NONE',  ( -22.77588927587688516, 14.00841084738163111, 6.023315602111097178 ) ) ;
#4147 = DIRECTION ( 'NONE',  ( 0.8735349149889867215, -0.2154224563953795191, 0.4364973282573040847 ) ) ;
#4148 = ORIENTED_EDGE ( 'NONE', *, *, #31, .F. ) ;
#4149 = CARTESIAN_POINT ( 'NONE',  ( -20.76084965563768492, -19.40603578380500238, 3.772979533496760851 ) ) ;
#4150 = CARTESIAN_POINT ( 'NONE',  ( -24.71222762729433953, 17.22864406707861207, 4.258643507105420056 ) ) ;
#4151 = CARTESIAN_POINT ( 'NONE',  ( -2.717831652899881600, 21.51453850391564870, -17.99434342573893630 ) ) ;
#4152 = CIRCLE ( 'NONE', #6032, 23.99999999999999645 ) ;
#4153 = CARTESIAN_POINT ( 'NONE',  ( -26.46814220309916266, 14.38075628474386036, 0.6571742990235917015 ) ) ;
#4154 = CARTESIAN_POINT ( 'NONE',  ( 9.634454142084942774, -25.50000000000000355, 4.869521548480267192 ) ) ;
#4155 = CARTESIAN_POINT ( 'NONE',  ( -12.67789665259890342, -22.26878785638833591, 6.205634027051573298 ) ) ;
#4156 = CARTESIAN_POINT ( 'NONE',  ( 27.00000000000004619, 6.102200549422509113, 1.154699316138044551 ) ) ;
#4157 = EDGE_LOOP ( 'NONE', ( #2371, #1721, #5751, #1968, #4909, #1961, #3829, #5767 ) ) ;
#4158 = AXIS2_PLACEMENT_3D ( 'NONE', #2178, #5402, #3644 ) ;
#4159 = VERTEX_POINT ( 'NONE', #2125 ) ;
#4160 = CARTESIAN_POINT ( 'NONE',  ( -7.694077540369637092, -24.98368793961411072, 6.358029377436321461 ) ) ;
#4161 = CARTESIAN_POINT ( 'NONE',  ( -7.573189171422993304, 23.56113474867237656, 5.897889810353753148 ) ) ;
#4162 = CARTESIAN_POINT ( 'NONE',  ( -22.39396114270302363, 16.57821637108645518, -13.51543939708467690 ) ) ;
#4163 = CARTESIAN_POINT ( 'NONE',  ( -18.50000000000000355, -5.500000000000007994, 1.223575944766496448 ) ) ;
#4164 = AXIS2_PLACEMENT_3D ( 'NONE', #3543, #1064, #2966 ) ;
#4165 = CARTESIAN_POINT ( 'NONE',  ( 24.80800060133054075, -12.46862327940475801, 7.038839117806121592 ) ) ;
#4166 = CARTESIAN_POINT ( 'NONE',  ( -23.71021239447911810, -3.718309859154933505, 12.53772396082005613 ) ) ;
#4167 = CC_DESIGN_PERSON_AND_ORGANIZATION_ASSIGNMENT ( #5127, #973, ( #4405 ) ) ;
#4168 = DIRECTION ( 'NONE',  ( 0.000000000000000000, 0.000000000000000000, -1.000000000000000000 ) ) ;
#4169 = CARTESIAN_POINT ( 'NONE',  ( 18.04370152026928054, -21.35994334000275785, 0.9988747552809953412 ) ) ;
#4170 = CARTESIAN_POINT ( 'NONE',  ( -9.062820556571399067, -24.69980659498584785, 6.684738783786536409 ) ) ;
#4171 = CARTESIAN_POINT ( 'NONE',  ( 10.52733528551987341, -22.49251566257334289, -17.03665631330198238 ) ) ;
#4172 = ORIENTED_EDGE ( 'NONE', *, *, #922, .T. ) ;
#4173 = CARTESIAN_POINT ( 'NONE',  ( 10.48991465867166184, 23.25059286979061213, 11.57306190619891950 ) ) ;
#4174 = CARTESIAN_POINT ( 'NONE',  ( 13.24169698238641502, -23.42228946655263400, 1.619793228721005951 ) ) ;
#4175 = CARTESIAN_POINT ( 'NONE',  ( 21.65214759678801570, -15.57505905687524184, 6.078906256640109973 ) ) ;
#4176 = CARTESIAN_POINT ( 'NONE',  ( -8.500000000000003553, -5.500000000000007994, -9.999999999999998224 ) ) ;
#4177 = CARTESIAN_POINT ( 'NONE',  ( -12.22446709569143408, 22.41637482470453691, 9.217518688762256218 ) ) ;
#4178 = VERTEX_POINT ( 'NONE', #5927 ) ;
#4179 = DIRECTION ( 'NONE',  ( 0.000000000000000000, 1.000000000000000000, 0.000000000000000000 ) ) ;
#4180 = DIRECTION ( 'NONE',  ( 0.000000000000000000, 0.000000000000000000, -1.000000000000000000 ) ) ;
#4181 = ORIENTED_EDGE ( 'NONE', *, *, #813, .F. ) ;
#4182 = CARTESIAN_POINT ( 'NONE',  ( -21.03171734688103101, -16.33352718069464515, 6.084742305511326776 ) ) ;
#4183 = CARTESIAN_POINT ( 'NONE',  ( -27.32641255615097720, 12.26408590341110738, 4.290272795055303234 ) ) ;
#4184 = CARTESIAN_POINT ( 'NONE',  ( 25.67760067551059322, -10.30113050606444070, 7.040560100691545031 ) ) ;
#4185 = CARTESIAN_POINT ( 'NONE',  ( 8.499999999999864997, -25.50000000000000355, 2.627371485753510871 ) ) ;
#4186 = EDGE_CURVE ( 'NONE', #5787, #2557, #2345, .T. ) ;
#4187 = CARTESIAN_POINT ( 'NONE',  ( 25.25320252990620418, 13.35415444636303839, 3.730030274500496290 ) ) ;
#4188 = ORIENTED_EDGE ( 'NONE', *, *, #785, .F. ) ;
#4189 = ORIENTED_EDGE ( 'NONE', *, *, #4929, .F. ) ;
#4190 = CARTESIAN_POINT ( 'NONE',  ( -5.136564588679906507, -25.28843812874011121, 5.924316045614279602 ) ) ;
#4191 = CARTESIAN_POINT ( 'NONE',  ( 19.00556194790422282, -18.83804307172557557, -14.86394509259007357 ) ) ;
#4192 = CARTESIAN_POINT ( 'NONE',  ( 26.99999999999998579, 5.144692510213586090, 1.298756724871117596 ) ) ;
#4193 = CYLINDRICAL_SURFACE ( 'NONE', #4031, 18.49999999999999645 ) ;
#4194 = DIRECTION ( 'NONE',  ( 1.000000000000000000, 0.000000000000000000, 0.000000000000000000 ) ) ;
#4195 = CARTESIAN_POINT ( 'NONE',  ( 9.634454142084974748, -25.50000000000001066, 4.869521548480253870 ) ) ;
#4196 = CARTESIAN_POINT ( 'NONE',  ( -8.240012328775280892, -24.00000000000000355, 2.758916691141454436 ) ) ;
#4197 = CARTESIAN_POINT ( 'NONE',  ( -24.54704110748706825, 14.78589461176465569, 0.6389362136456685493 ) ) ;
#4198 = EDGE_CURVE ( 'NONE', #3774, #338, #399, .T. ) ;
#4199 = DIRECTION ( 'NONE',  ( 1.000000000000000000, 0.000000000000000000, 0.000000000000000000 ) ) ;
#4200 = CARTESIAN_POINT ( 'NONE',  ( 20.49829383077743827, -19.85382065386021821, -14.92999675700063733 ) ) ;
#4201 = B_SPLINE_CURVE_WITH_KNOTS ( 'NONE', 3,
 ( #4827, #1913, #2354, #1022, #532, #5264, #3870, #917, #1973, #994, #3811, #3342, #2892, #3395, #967, #1472, #5712, #5291, #5185, #4794, #453, #2462, #2381, #3841, #2868, #4336, #506, #5688, #1395, #1444 ),
 .UNSPECIFIED., .F., .F.,
 ( 4, 2, 2, 2, 2, 2, 2, 2, 2, 2, 2, 2, 2, 2, 4 ),
 ( 1.147617608191081533E-15, 0.003925238509941001916, 0.005887857764910926946, 0.006869167392395889894, 0.007850477019880853710, 0.01177571552982068642, 0.01373833478479060885, 0.01570095403976053128, 0.01962619254970038307, 0.02158881180467030550, 0.02257012143215526845, 0.02355143105964023140, 0.02747666956958008319, 0.02943928882455000909, 0.03140190807951992458 ),
 .UNSPECIFIED. ) ;
#4202 = CARTESIAN_POINT ( 'NONE',  ( -26.64114431739135824, -6.141107799544982093, 7.025689749095406000 ) ) ;
#4203 = CARTESIAN_POINT ( 'NONE',  ( 7.461639726329003075, 24.00000000000408917, 4.657828225761974750 ) ) ;
#4204 = FACE_OUTER_BOUND ( 'NONE', #3206, .T. ) ;
#4205 = FACE_BOUND ( 'NONE', #89, .T. ) ;
#4206 = CARTESIAN_POINT ( 'NONE',  ( -13.89924314818203577, 21.38129363162900276, 12.53268785712988276 ) ) ;
#4207 = ORIENTED_EDGE ( 'NONE', *, *, #3796, .T. ) ;
#4208 = CARTESIAN_POINT ( 'NONE',  ( -8.240012328775312866, -25.50000000000000355, 2.758916691141438893 ) ) ;
#4209 = EDGE_LOOP ( 'NONE', ( #3231, #2447, #815, #2825, #2122, #1352 ) ) ;
#4210 = ADVANCED_FACE ( 'NONE', ( #4094 ), #5247, .T. ) ;
#4211 = CARTESIAN_POINT ( 'NONE',  ( 23.75558248601424793, 3.509527961373219096, 8.936853508382821332 ) ) ;
#4212 = CARTESIAN_POINT ( 'NONE',  ( 18.53903507817068075, -20.37728720251724468, 7.038811469143466226 ) ) ;
#4213 = CARTESIAN_POINT ( 'NONE',  ( 26.99999999999998934, -4.791499371635480564, 1.356324440047608881 ) ) ;
#4214 = CARTESIAN_POINT ( 'NONE',  ( 10.51753802921330916, 23.91997638830102701, 4.412424139661128564 ) ) ;
#4215 = ORIENTED_EDGE ( 'NONE', *, *, #2341, .F. ) ;
#4216 = ORIENTED_EDGE ( 'NONE', *, *, #6001, .T. ) ;
#4217 = ADVANCED_FACE ( 'NONE', ( #3749 ), #2110, .T. ) ;
#4218 = CARTESIAN_POINT ( 'NONE',  ( -7.301794665877545221, -25.49999999999999289, 4.864876035899593276 ) ) ;
#4219 = CARTESIAN_POINT ( 'NONE',  ( 22.39396114270299876, -16.57821637108648005, -13.51543939708468400 ) ) ;
#4220 = CARTESIAN_POINT ( 'NONE',  ( 8.119752573771446436, 23.52804518122220756, 5.863673512923297082 ) ) ;
#4221 = DIRECTION ( 'NONE',  ( 0.000000000000000000, 0.000000000000000000, -1.000000000000000000 ) ) ;
#4222 = CARTESIAN_POINT ( 'NONE',  ( 9.701703326298392938, -25.47344199432747658, 2.340377033867995227 ) ) ;
#4223 = CC_DESIGN_APPROVAL ( #3872, ( #4405 ) ) ;
#4224 = CARTESIAN_POINT ( 'NONE',  ( -12.31128125740754342, -22.33989994861096662, 12.13890594685807933 ) ) ;
#4225 = CARTESIAN_POINT ( 'NONE',  ( -19.72583015120271810, 20.25434560411986951, 0.8395754720732162557 ) ) ;
#4226 = APPLICATION_CONTEXT ( 'configuration controlled 3d designs of mechanical parts and assemblies' ) ;
#4227 = CARTESIAN_POINT ( 'NONE',  ( 21.63910238671069308, -15.56132784481787823, 6.079909894677974158 ) ) ;
#4228 = CARTESIAN_POINT ( 'NONE',  ( -17.27075277877877113, 21.29880857898276858, 7.032404159669778387 ) ) ;
#4229 = CARTESIAN_POINT ( 'NONE',  ( -26.89409332689931631, 4.167996568655075507, 6.878908581159944191 ) ) ;
#4230 =( BOUNDED_SURFACE ( )  B_SPLINE_SURFACE ( 3, 2, ( 
 ( #3813, #455, #3347 ),
 ( #508, #2408, #3762 ),
 ( #39, #2871, #484 ),
 ( #5241, #1502, #4748 ),
 ( #2820, #1398, #5267 ),
 ( #5715, #2849, #9 ),
 ( #5772, #2385, #4718 ),
 ( #4341, #971, #3318 ),
 ( #1916, #1945, #3290 ),
 ( #4771, #5188, #5212 ),
 ( #75, #1975, #4832 ),
 ( #4312, #945, #1890 ),
 ( #3372, #920, #3398 ),
 ( #2922, #567, #2358 ),
 ( #4232, #6128, #4261 ),
 ( #6160, #3790, #5690 ),
 ( #1419, #2100, #2133 ),
 ( #1531, #2598, #1633 ),
 ( #3964, #3534, #4033 ),
 ( #3996, #170, #5935 ),
 ( #5424, #3432, #2466 ),
 ( #4468, #5865, #1161 ),
 ( #5329, #101, #2992 ),
 ( #3466, #4863, #204 ),
 ( #3058, #4499, #1089 ),
 ( #3569, #5460, #1057 ),
 ( #2960, #659, #2564 ),
 ( #596, #4964, #5900 ),
 ( #4897, #4995, #2004 ),
 ( #2070, #627, #693 ) ),
 .UNSPECIFIED., .F., .F., .T. ) 
 B_SPLINE_SURFACE_WITH_KNOTS ( ( 4, 2, 2, 2, 2, 2, 2, 2, 2, 2, 2, 2, 2, 2, 4 ),
 ( 3, 3 ),
 ( 0.005207726047775668166, 0.006203932372238191335, 0.007200138696700714505, 0.009192551345625760845, 0.009690654507857021996, 0.01018875767008828315, 0.01118496399455080545, 0.01218117031901332775, 0.01317737664347585179, 0.01516978929240089813, 0.01616599561686342043, 0.01716220194132594273, 0.01915461459025098734, 0.02015082091471351311, 0.02114702723917603541 ),
 ( 0.000000000000000000, 1.000000000000000000 ),
 .UNSPECIFIED. ) 
 GEOMETRIC_REPRESENTATION_ITEM ( )  RATIONAL_B_SPLINE_SURFACE ( (
 ( 1.000000000000000000, 0.9499568284406321172, 1.000000000000000000),
 ( 1.000000000000000000, 0.9488501084893142812, 1.000000000000000000),
 ( 1.000000000000000000, 0.9478323343224751563, 1.000000000000000000),
 ( 1.000000000000000000, 0.9459901836704559530, 1.000000000000000000),
 ( 1.000000000000000000, 0.9451762947881153787, 1.000000000000000000),
 ( 1.000000000000000000, 0.9430294847822707771, 1.000000000000000000),
 ( 1.000000000000000000, 0.9419872769409505242, 1.000000000000000000),
 ( 1.000000000000000000, 0.9411443959556183847, 1.000000000000000000),
 ( 1.000000000000000000, 0.9409993171452852856, 1.000000000000000000),
 ( 1.000000000000000000, 0.9407587395141199238, 1.000000000000000000),
 ( 1.000000000000000000, 0.9406626763132382996, 1.000000000000000000),
 ( 1.000000000000000000, 0.9404453175210493177, 1.000000000000000000),
 ( 1.000000000000000000, 0.9403945631400092431, 1.000000000000000000),
 ( 1.000000000000000000, 0.9404787722180414367, 1.000000000000000000),
 ( 1.000000000000000000, 0.9406137245538435110, 1.000000000000000000),
 ( 1.000000000000000000, 0.9410762060889814595, 1.000000000000000000),
 ( 1.000000000000000000, 0.9414057401016944215, 1.000000000000000000),
 ( 1.000000000000000000, 0.9426806430280042504, 1.000000000000000000),
 ( 1.000000000000000000, 0.9438979437215887502, 1.000000000000000000),
 ( 1.000000000000000000, 0.9463101426780305969, 1.000000000000000000),
 ( 1.000000000000000000, 0.9472129137771166940, 1.000000000000000000),
 ( 1.000000000000000000, 0.9492333359681864868, 1.000000000000000000),
 ( 1.000000000000000000, 0.9503417831560280193, 1.000000000000000000),
 ( 1.000000000000000000, 0.9539304162107805629, 1.000000000000000000),
 ( 1.000000000000000000, 0.9566923405399742064, 1.000000000000000000),
 ( 1.000000000000000000, 0.9613818286979082250, 1.000000000000000000),
 ( 1.000000000000000000, 0.9630380021557036763, 1.000000000000000000),
 ( 1.000000000000000000, 0.9664127748870168233, 1.000000000000000000),
 ( 1.000000000000000000, 0.9681407999675805121, 1.000000000000000000),
 ( 1.000000000000000000, 0.9698494303495822644, 1.000000000000000000) ) ) 
 REPRESENTATION_ITEM ( '' )  SURFACE ( )  );
#4231 = EDGE_LOOP ( 'NONE', ( #3582, #2465, #4723 ) ) ;
#4232 = CARTESIAN_POINT ( 'NONE',  ( -24.26815998912322669, -17.82123662723085644, 0.6535979124054394074 ) ) ;
#4233 = CARTESIAN_POINT ( 'NONE',  ( -28.50000000000000355, 6.180726689843720756, 4.440718558384473269 ) ) ;
#4234 = CARTESIAN_POINT ( 'NONE',  ( -9.460904587873582017, -21.01778384228011376, -16.46575284343423817 ) ) ;
#4235 = CARTESIAN_POINT ( 'NONE',  ( -13.29283617819145569, 23.52537066280338607, 6.847526261761251121 ) ) ;
#4236 = EDGE_CURVE ( 'NONE', #5651, #5166, #2623, .T. ) ;
#4237 = ORIENTED_EDGE ( 'NONE', *, *, #5532, .T. ) ;
#4238 = AXIS2_PLACEMENT_3D ( 'NONE', #1065, #4409, #179 ) ;
#4239 = CARTESIAN_POINT ( 'NONE',  ( -8.499999999999861444, 25.49999999999999645, 5.000000000000000000 ) ) ;
#4240 = DIRECTION ( 'NONE',  ( -0.000000000000000000, 0.000000000000000000, -1.000000000000000000 ) ) ;
#4241 = CARTESIAN_POINT ( 'NONE',  ( 23.80686352653399140, 3.102003269335405378, 12.41308930617642758 ) ) ;
#4242 = CARTESIAN_POINT ( 'NONE',  ( -21.92416710156413728, 17.07191727505806611, 7.038269678026598974 ) ) ;
#4243 = LINE ( 'NONE', #1875, #1766 ) ;
#4244 = AXIS2_PLACEMENT_3D ( 'NONE', #2174, #244, #5498 ) ;
#4245 = CARTESIAN_POINT ( 'NONE',  ( 16.93779300842939506, 21.98334594020679233, 3.939624963885805631 ) ) ;
#4246 = EDGE_CURVE ( 'NONE', #416, #2715, #327, .T. ) ;
#4247 = ORIENTED_EDGE ( 'NONE', *, *, #4287, .F. ) ;
#4248 = ORIENTED_EDGE ( 'NONE', *, *, #5960, .T. ) ;
#4249 = AXIS2_PLACEMENT_3D ( 'NONE', #4408, #3000, #2043 ) ;
#4250 = AXIS2_PLACEMENT_3D ( 'NONE', #4271, #112, #670 ) ;
#4251 = CARTESIAN_POINT ( 'NONE',  ( -23.19057996951220701, 10.62314898009747566, 13.33914171175889862 ) ) ;
#4252 = DIRECTION ( 'NONE',  ( 0.000000000000000000, 0.09599293193542877967, -0.9953820156193501356 ) ) ;
#4253 = CARTESIAN_POINT ( 'NONE',  ( -27.00000000000000000, 3.313051541426359048, -5.368221547690268380 ) ) ;
#4254 = CARTESIAN_POINT ( 'NONE',  ( 11.92768990561883058, -25.23816987456676131, 4.700851173040740072 ) ) ;
#4255 = CARTESIAN_POINT ( 'NONE',  ( 16.14849005343276644, -17.79278012604054382, 9.167088443054288049 ) ) ;
#4256 = CARTESIAN_POINT ( 'NONE',  ( 25.54282622923757629, 4.881928327102924570, 6.128737224381052506 ) ) ;
#4257 = CARTESIAN_POINT ( 'NONE',  ( -2.528656361860360136, -23.96471262962273130, 5.312919752954684327 ) ) ;
#4258 = CARTESIAN_POINT ( 'NONE',  ( -26.78567791675019549, 4.962546371393241174, 6.964692016090493709 ) ) ;
#4259 = CARTESIAN_POINT ( 'NONE',  ( 14.94599028921151174, -22.72921729447156736, 6.906861206508364326 ) ) ;
#4260 = EDGE_CURVE ( 'NONE', #5619, #3573, #2023, .T. ) ;
#4261 = CARTESIAN_POINT ( 'NONE',  ( -22.56803556612067752, -16.24750329347119759, 7.037486881646993098 ) ) ;
#4262 = CARTESIAN_POINT ( 'NONE',  ( -5.104309194851875731, 25.29120241410570813, 5.918651945793082625 ) ) ;
#4263 = B_SPLINE_CURVE_WITH_KNOTS ( 'NONE', 3,
 ( #1510, #3407, #5301, #1033 ),
 .UNSPECIFIED., .F., .F.,
 ( 4, 4 ),
 ( 0.000000000000000000, 0.001783123483457924692 ),
 .UNSPECIFIED. ) ;
#4264 = SHAPE_DEFINITION_REPRESENTATION ( #1, #687 ) ;
#4265 = CARTESIAN_POINT ( 'NONE',  ( -7.573189171425189770, 23.56113474867199287, 5.897889810354363327 ) ) ;
#4266 = CARTESIAN_POINT ( 'NONE',  ( -20.37400168188144178, 15.34687114334372637, 9.775382414630419348 ) ) ;
#4267 = EDGE_LOOP ( 'NONE', ( #805, #578, #3296, #4460, #4677 ) ) ;
#4268 = CARTESIAN_POINT ( 'NONE',  ( -1.837675577318445953E-14, 4.071049837355744216, -49.88543729602387344 ) ) ;
#4269 = CARTESIAN_POINT ( 'NONE',  ( 23.99975889539061313, 0.7126114575670683404, 8.848250883891299878 ) ) ;
#4270 = EDGE_CURVE ( 'NONE', #1816, #1007, #1944, .T. ) ;
#4271 = CARTESIAN_POINT ( 'NONE',  ( -18.50000000000000355, -4.425092742786358002, 1.391660071360998119 ) ) ;
#4272 = CARTESIAN_POINT ( 'NONE',  ( 24.86232048758004609, 14.13818518769262766, 3.721407852589187826 ) ) ;
#4273 = B_SPLINE_CURVE_WITH_KNOTS ( 'NONE', 3,
 ( #2874, #4773, #2437, #102, #2410, #486, #41, #4833 ),
 .UNSPECIFIED., .F., .F.,
 ( 4, 2, 2, 4 ),
 ( -0.004445990919173711461, 9.339417150877778184E-06, 0.002237004585313172832, 0.004464669753475468753 ),
 .UNSPECIFIED. ) ;
#4274 = VERTEX_POINT ( 'NONE', #1880 ) ;
#4275 = CARTESIAN_POINT ( 'NONE',  ( -16.41847238089871297, 22.23981647613262425, 3.967959872326784598 ) ) ;
#4276 = ORIENTED_EDGE ( 'NONE', *, *, #5594, .F. ) ;
#4277 = CARTESIAN_POINT ( 'NONE',  ( -9.103522216480550711, 23.82152007270665450, 11.03697562649290553 ) ) ;
#4278 = CARTESIAN_POINT ( 'NONE',  ( 0.5099237055199635771, 25.49617384617487303, 5.376772431373383121 ) ) ;
#4279 = CARTESIAN_POINT ( 'NONE',  ( 28.15718343170245319, 9.271213698573975037, 4.349469439083970101 ) ) ;
#4280 = CARTESIAN_POINT ( 'NONE',  ( 34.99999999999997868, 0.000000000000000000, -214.9999999999999716 ) ) ;
#4281 = CARTESIAN_POINT ( 'NONE',  ( 9.406048818464403993, -23.30018994753639561, 5.959555910511307175 ) ) ;
#4282 = CARTESIAN_POINT ( 'NONE',  ( 6.293455793001506926, -23.71453693548199482, 5.759849324205801757 ) ) ;
#4283 = CARTESIAN_POINT ( 'NONE',  ( 7.694077540369635315, 24.98368793961410717, 6.358029377436321461 ) ) ;
#4284 = CARTESIAN_POINT ( 'NONE',  ( -21.90287519927071003, 17.12759594515344119, 7.038360730423559808 ) ) ;
#4285 = CARTESIAN_POINT ( 'NONE',  ( 10.64366103869550884, -23.20457675099258665, 11.65200623675481850 ) ) ;
#4286 = CARTESIAN_POINT ( 'NONE',  ( 34.99999999999997868, 0.000000000000000000, -121.7595244375778094 ) ) ;
#4287 = EDGE_CURVE ( 'NONE', #3099, #1879, #3673, .T. ) ;
#4288 = CARTESIAN_POINT ( 'NONE',  ( -7.301794665882994195, 25.49999999999999645, 4.864876035909736274 ) ) ;
#4289 = FACE_OUTER_BOUND ( 'NONE', #2747, .T. ) ;
#4290 = CARTESIAN_POINT ( 'NONE',  ( -26.71461699605911733, 6.205050313473565282, 6.952240642192868414 ) ) ;
#4291 = FACE_OUTER_BOUND ( 'NONE', #4921, .T. ) ;
#4292 = CARTESIAN_POINT ( 'NONE',  ( -1.497627551351877055E-14, 11.15252708734316123, -42.74468361529626037 ) ) ;
#4293 = CARTESIAN_POINT ( 'NONE',  ( 26.69700089193583636, 9.301826339306673574, -8.697160255484416069 ) ) ;
#4294 = CARTESIAN_POINT ( 'NONE',  ( 25.68289866045588354, -3.277604148014497731, 6.051219635756527992 ) ) ;
#4295 = DIRECTION ( 'NONE',  ( -1.000000000000000000, 0.000000000000000000, 0.000000000000000000 ) ) ;
#4296 = DIRECTION ( 'NONE',  ( 0.000000000000000000, 0.000000000000000000, 1.000000000000000000 ) ) ;
#4297 = CARTESIAN_POINT ( 'NONE',  ( 11.33280167894959511, 23.79126027589425618, 1.970376332981907064 ) ) ;
#4298 = ORIENTED_EDGE ( 'NONE', *, *, #2691, .F. ) ;
#4299 = CARTESIAN_POINT ( 'NONE',  ( -25.60675377599567426, 12.55220759795669672, 3.742312993321177395 ) ) ;
#4300 = ORIENTED_EDGE ( 'NONE', *, *, #194, .T. ) ;
#4301 = CARTESIAN_POINT ( 'NONE',  ( 21.32315426155320282, 17.41318291500023108, -14.00884574793775528 ) ) ;
#4302 = CARTESIAN_POINT ( 'NONE',  ( 1.019215892068513929, 25.48089680417818315, 5.752754501673136289 ) ) ;
#4303 = CARTESIAN_POINT ( 'NONE',  ( 26.73804774507402726, 13.71651263645353147, 4.271659284097411025 ) ) ;
#4304 = DIRECTION ( 'NONE',  ( 0.000000000000000000, -0.9953820156193583513, 0.09599293193534401414 ) ) ;
#4305 = CARTESIAN_POINT ( 'NONE',  ( 10.62941385001976258, -21.55582279143198932, 8.662989827427836076 ) ) ;
#4306 = CARTESIAN_POINT ( 'NONE',  ( -17.69444603065361932, 21.56494246019535410, 1.035086616347722366 ) ) ;
#4307 = CARTESIAN_POINT ( 'NONE',  ( 21.70757441784160946, 19.10590147533152461, -14.45203466774000312 ) ) ;
#4308 = CARTESIAN_POINT ( 'NONE',  ( -25.34110559031656607, -6.544310002706811957, 6.159028398228691970 ) ) ;
#4309 = CARTESIAN_POINT ( 'NONE',  ( -25.50291513534982712, 10.79862939931600252, 7.040338146675300557 ) ) ;
#4310 = CARTESIAN_POINT ( 'NONE',  ( 9.928354638879836713, -24.58707112894843760, 6.591936117988414168 ) ) ;
#4311 = LOCAL_TIME ( 0, 3, 37.00000000000000000, #3910 ) ;
#4312 = CARTESIAN_POINT ( 'NONE',  ( -25.76155819933071811, -15.62335670868498738, 0.6434633572353500863 ) ) ;
#4313 = PERSON_AND_ORGANIZATION ( #4329, #930 ) ;
#4314 = CARTESIAN_POINT ( 'NONE',  ( 25.41975662548943760, -5.991237529012280127, 6.167035583075056948 ) ) ;
#4315 = CARTESIAN_POINT ( 'NONE',  ( -25.86219765782485425, 9.892734611843811976, 6.982596296384863344 ) ) ;
#4316 = CARTESIAN_POINT ( 'NONE',  ( -10.31403013184105966, 22.99033459834003423, 6.212644458022478666 ) ) ;
#4317 = FACE_OUTER_BOUND ( 'NONE', #5143, .T. ) ;
#4318 = CARTESIAN_POINT ( 'NONE',  ( 1.277827724236977716E-14, 17.29778550440455476, -29.97305353975248110 ) ) ;
#4319 = CARTESIAN_POINT ( 'NONE',  ( -10.31403013184126394, -22.99033459833998805, 6.212644458022578142 ) ) ;
#4320 = DIRECTION ( 'NONE',  ( 1.665334536937734318E-16, 0.000000000000000000, -1.000000000000000000 ) ) ;
#4321 = DIRECTION ( 'NONE',  ( 1.000000000000000000, 0.000000000000000000, 0.000000000000000000 ) ) ;
#4322 = AXIS2_PLACEMENT_3D ( 'NONE', #6055, #850, #2754 ) ;
#4323 = ORIENTED_EDGE ( 'NONE', *, *, #4393, .T. ) ;
#4324 = CARTESIAN_POINT ( 'NONE',  ( -20.53237543627109218, 19.60710321772490872, 0.7783639458472432215 ) ) ;
#4325 = EDGE_LOOP ( 'NONE', ( #5585, #1462, #445 ) ) ;
#4326 = CARTESIAN_POINT ( 'NONE',  ( 26.54835951801974048, 6.728600003184097567, 7.029990595898535588 ) ) ;
#4327 = CARTESIAN_POINT ( 'NONE',  ( 25.57332267107775792, 4.893022024212775101, 6.082575334922275978 ) ) ;
#4328 = CARTESIAN_POINT ( 'NONE',  ( 15.89695783029041287, 17.98992064119811829, 13.08182909622263423 ) ) ;
#4329 = PERSON ( 'UNSPECIFIED', 'UNSPECIFIED', 'UNSPECIFIED', ('UNSPECIFIED'), ('UNSPECIFIED'), ('UNSPECIFIED') ) ;
#4330 = CARTESIAN_POINT ( 'NONE',  ( 28.46806881742828566, 6.810128895277927974, 1.091994961591786550 ) ) ;
#4331 = CARTESIAN_POINT ( 'NONE',  ( -7.576225334129516931, 25.49999999999999645, 3.054915543149587798 ) ) ;
#4332 = AXIS2_PLACEMENT_3D ( 'NONE', #4890, #5355, #3622 ) ;
#4333 = CARTESIAN_POINT ( 'NONE',  ( 11.60238831196325471, -21.04681025443172970, 8.801612601229262367 ) ) ;
#4334 = CARTESIAN_POINT ( 'NONE',  ( -23.16193817542878008, 16.79832218430644275, 0.6516823307682000355 ) ) ;
#4335 = DIRECTION ( 'NONE',  ( 0.4469922825246525622, 0.000000000000000000, 0.8945378132663823756 ) ) ;
#4336 = CARTESIAN_POINT ( 'NONE',  ( 11.72411780469432507, -25.24911612353303170, 1.941168419069662532 ) ) ;
#4337 = CARTESIAN_POINT ( 'NONE',  ( 19.54330000098570608, -16.39238168504981275, 13.36530153046522962 ) ) ;
#4338 = CIRCLE ( 'NONE', #2924, 206.7911684466444342 ) ;
#4339 = B_SPLINE_CURVE_WITH_KNOTS ( 'NONE', 3,
 ( #2442, #1897, #3299, #4778 ),
 .UNSPECIFIED., .F., .F.,
 ( 4, 4 ),
 ( -3.193745130863099251E-05, 0.007065314486524730715 ),
 .UNSPECIFIED. ) ;
#4340 = B_SPLINE_CURVE_WITH_KNOTS ( 'NONE', 3,
 ( #5024, #5083, #421, #2686, #3217, #5116 ),
 .UNSPECIFIED., .F., .F.,
 ( 4, 2, 4 ),
 ( 0.000000000000000000, 0.004430269838966093346, 0.008860539677932186692 ),
 .UNSPECIFIED. ) ;
#4341 = CARTESIAN_POINT ( 'NONE',  ( -26.81736553496954656, -13.53657550441793056, 0.6855565790255440106 ) ) ;
#4342 = DIRECTION ( 'NONE',  ( -7.441933196985691860E-17, -0.000000000000000000, 1.000000000000000000 ) ) ;
#4343 = CARTESIAN_POINT ( 'NONE',  ( -25.47442336869307056, 1.319879837372594400, 12.17683656877669662 ) ) ;
#4344 = AXIS2_PLACEMENT_3D ( 'NONE', #5807, #2339, #1382 ) ;
#4345 = VERTEX_POINT ( 'NONE', #4356 ) ;
#4346 = CARTESIAN_POINT ( 'NONE',  ( -1.128286168135368417, -24.00000000001165290, 5.458232395464567510 ) ) ;
#4347 = CARTESIAN_POINT ( 'NONE',  ( -25.73120026229564417, 1.633299452260510209, 6.053934539453879715 ) ) ;
#4348 = CARTESIAN_POINT ( 'NONE',  ( -27.00000000000000355, 4.425092742786670641, 1.391660071360960593 ) ) ;
#4349 = CARTESIAN_POINT ( 'NONE',  ( -15.76736260407987977, 18.13298324567586306, 13.07229412737375362 ) ) ;
#4350 = CARTESIAN_POINT ( 'NONE',  ( 24.47782248886301915, 13.16055872627061696, 7.038134831452384610 ) ) ;
#4351 = CARTESIAN_POINT ( 'NONE',  ( -23.92728840104229704, -8.839674439538844908, 13.20851946311344349 ) ) ;
#4352 = PERSON_AND_ORGANIZATION ( #4329, #930 ) ;
#4353 = ORIENTED_EDGE ( 'NONE', *, *, #1197, .T. ) ;
#4354 = CARTESIAN_POINT ( 'NONE',  ( 8.237006645804813232, 23.99999999999973710, 4.660706497376369661 ) ) ;
#4355 = ORIENTED_EDGE ( 'NONE', *, *, #4049, .F. ) ;
#4356 = CARTESIAN_POINT ( 'NONE',  ( 25.19210066913406365, -3.950704225352112076, 12.53772396082005258 ) ) ;
#4357 = EDGE_CURVE ( 'NONE', #2522, #5079, #1411, .T. ) ;
#4358 = DIRECTION ( 'NONE',  ( -1.000000000000000000, 0.000000000000000000, -0.000000000000000000 ) ) ;
#4359 = CYLINDRICAL_SURFACE ( 'NONE', #274, 25.50000000000000000 ) ;
#4360 = CARTESIAN_POINT ( 'NONE',  ( 6.105633802816753608, -24.75825591324843700, 9.425626491315762578 ) ) ;
#4361 = CARTESIAN_POINT ( 'NONE',  ( 28.49999999999998934, -4.425092742786750577, 1.391660071360972362 ) ) ;
#4362 = ORIENTED_EDGE ( 'NONE', *, *, #1477, .T. ) ;
#4363 = B_SPLINE_CURVE_WITH_KNOTS ( 'NONE', 3,
 ( #704, #1515, #3410, #4908 ),
 .UNSPECIFIED., .F., .F.,
 ( 4, 4 ),
 ( 0.000000000000000000, 0.001783123483458062819 ),
 .UNSPECIFIED. ) ;
#4364 = EDGE_CURVE ( 'NONE', #2833, #3276, #4037, .T. ) ;
#4365 = CARTESIAN_POINT ( 'NONE',  ( 14.84807686379226155, -18.86791017188867770, 9.098145572294123795 ) ) ;
#4366 = CARTESIAN_POINT ( 'NONE',  ( 0.000000000000000000, -24.00000000000000000, 5.000000000000000000 ) ) ;
#4367 = FACE_OUTER_BOUND ( 'NONE', #5670, .T. ) ;
#4368 = CARTESIAN_POINT ( 'NONE',  ( 7.936778483205588763, -24.25143913021592468, 8.221794610152208804 ) ) ;
#4369 = EDGE_CURVE ( 'NONE', #2451, #2522, #1429, .T. ) ;
#4370 = EDGE_LOOP ( 'NONE', ( #4413, #814, #977 ) ) ;
#4371 = CARTESIAN_POINT ( 'NONE',  ( -26.54835951802148131, -6.728600003189737500, 7.029990595906141060 ) ) ;
#4372 = CARTESIAN_POINT ( 'NONE',  ( 28.49999999999998934, 5.499999999999849010, -5.916438420940872689 ) ) ;
#4373 = PLANE ( 'NONE',  #4344 ) ;
#4374 = CARTESIAN_POINT ( 'NONE',  ( -26.81303187768518015, 4.972495962725511198, 6.923293897895743676 ) ) ;
#4375 = DIRECTION ( 'NONE',  ( 1.000000000000000000, 0.000000000000000000, 0.000000000000000000 ) ) ;
#4376 = CARTESIAN_POINT ( 'NONE',  ( -7.007444644768241915, -20.89962396430913216, -16.56570083009113148 ) ) ;
#4377 = FACE_OUTER_BOUND ( 'NONE', #5951, .T. ) ;
#4378 = CARTESIAN_POINT ( 'NONE',  ( -28.50000000000000000, -5.500000000000016875, -5.916438420940897558 ) ) ;
#4379 = CARTESIAN_POINT ( 'NONE',  ( -18.16084132410352581, 20.66701021725404175, 7.037561326598901879 ) ) ;
#4380 = CARTESIAN_POINT ( 'NONE',  ( 8.499999999999847233, -24.00000000000000000, -9.999999999999998224 ) ) ;
#4381 = CARTESIAN_POINT ( 'NONE',  ( -6.888155080739683633, -15.50000000000000178, 3.290432263557690806 ) ) ;
#4382 = CARTESIAN_POINT ( 'NONE',  ( -10.31403013184105966, 22.99033459834003423, 6.212644458022478666 ) ) ;
#4383 = ORIENTED_EDGE ( 'NONE', *, *, #729, .T. ) ;
#4384 = CARTESIAN_POINT ( 'NONE',  ( 8.123466288438708105, 23.46112149587967366, 6.032703409797657734 ) ) ;
#4385 = VERTEX_POINT ( 'NONE', #2055 ) ;
#4386 = CARTESIAN_POINT ( 'NONE',  ( -23.99999999999999645, 8.037369603866331894E-15, 12.14142842854285043 ) ) ;
#4387 = FACE_OUTER_BOUND ( 'NONE', #776, .T. ) ;
#4388 = CARTESIAN_POINT ( 'NONE',  ( 26.99999999999999289, 2.953475431412437402, 1.533580317245529345 ) ) ;
#4389 = CARTESIAN_POINT ( 'NONE',  ( -5.523033053681533162E-16, 16.06898095995993003, -27.95321226996433950 ) ) ;
#4390 = CARTESIAN_POINT ( 'NONE',  ( -24.68675955537188926, -13.98841851845798168, -11.96586131513392992 ) ) ;
#4391 = CARTESIAN_POINT ( 'NONE',  ( 14.28085316088391643, 24.70397369960384992, 4.569302961088146375 ) ) ;
#4392 = PLANE ( 'NONE',  #2898 ) ;
#4393 = EDGE_CURVE ( 'NONE', #4758, #1289, #1119, .T. ) ;
#4394 = CARTESIAN_POINT ( 'NONE',  ( 23.71021239447913942, 3.718309859154801611, 12.53772396082001883 ) ) ;
#4395 = CARTESIAN_POINT ( 'NONE',  ( -25.68209240473642296, 10.28735441275151530, 7.040558449003238017 ) ) ;
#4396 = CARTESIAN_POINT ( 'NONE',  ( 26.45986904351449809, 14.11020145230790490, -11.34613582580896285 ) ) ;
#4397 = CARTESIAN_POINT ( 'NONE',  ( 18.62776989536754613, 20.37301322376073998, 6.975855423459806914 ) ) ;
#4398 = CARTESIAN_POINT ( 'NONE',  ( -26.37317874685758312, 10.31472042086974561, 0.8059093181459058286 ) ) ;
#4399 = CARTESIAN_POINT ( 'NONE',  ( -22.53050256628534243, -8.290246615412982578, 13.20567491221320644 ) ) ;
#4400 = CARTESIAN_POINT ( 'NONE',  ( -28.50000000000001066, -6.180726689849486810, 4.440718558393376370 ) ) ;
#4401 = CARTESIAN_POINT ( 'NONE',  ( 26.10225690236882556, -11.20140901489047103, 0.7579223557423444557 ) ) ;
#4402 = CARTESIAN_POINT ( 'NONE',  ( -6.888155080739507774, 25.49999999999999645, 3.290432263556863912 ) ) ;
#4403 = CARTESIAN_POINT ( 'NONE',  ( 26.99999999999750599, -5.627209007484889725, 3.982056353503506507 ) ) ;
#4404 = B_SPLINE_CURVE_WITH_KNOTS ( 'NONE', 3,
 ( #4308, #505, #36, #3394, #1021, #2916, #4529, #4564, #5488, #303, #3161, #2689, #5562, #4960, #690, #3183, #3351, #876, #4155, #976, #4775, #1921, #6048 ),
 .UNSPECIFIED., .F., .F.,
 ( 4, 2, 2, 2, 1, 2, 2, 2, 2, 2, 2, 4 ),
 ( 0.000000000000000000, 0.002968300037798466719, 0.005936600075596933437, 0.007420750094496166363, 0.008904900113395401023, 0.01038905013229463395, 0.01187320015119387208, 0.01484150018899233273, 0.01780980022679079164, 0.02077810026458926443, 0.02226225028348849735, 0.02374640030238772681 ),
 .UNSPECIFIED. ) ;
#4405 = PRODUCT_DEFINITION_FORMATION_WITH_SPECIFIED_SOURCE ( 'ANY', '', #5225, .NOT_KNOWN. ) ;
#4406 = CARTESIAN_POINT ( 'NONE',  ( -26.78567791675021681, -4.962546371392937417, 6.964692016090491933 ) ) ;
#4407 = CARTESIAN_POINT ( 'NONE',  ( -8.499999999999870326, 23.99999999999999289, -9.999999999999998224 ) ) ;
#4408 = CARTESIAN_POINT ( 'NONE',  ( 18.49999999999998934, -5.499999999998850697, 1.223575944766749579 ) ) ;
#4409 = DIRECTION ( 'NONE',  ( 0.000000000000000000, 0.000000000000000000, 1.000000000000000000 ) ) ;
#4410 = CARTESIAN_POINT ( 'NONE',  ( -34.99999999999997158, 0.000000000000000000, -214.9999999999999432 ) ) ;
#4411 = CARTESIAN_POINT ( 'NONE',  ( -13.77445674554031818, -21.49575350925282535, 12.52228618741194843 ) ) ;
#4412 =( BOUNDED_SURFACE ( )  B_SPLINE_SURFACE ( 3, 2, ( 
 ( #1059, #137, #467 ),
 ( #1348, #1876, #4213 ),
 ( #103, #4403, #3772 ),
 ( #5676, #2963, #5649 ) ),
 .UNSPECIFIED., .F., .F., .F. ) 
 B_SPLINE_SURFACE_WITH_KNOTS ( ( 4, 4 ),
 ( 3, 3 ),
 ( 0.000000000000000000, 0.001061734379198436481 ),
 ( 0.000000000000000000, 1.000000000000000000 ),
 .UNSPECIFIED. ) 
 GEOMETRIC_REPRESENTATION_ITEM ( )  RATIONAL_B_SPLINE_SURFACE ( (
 ( 1.000000000000000000, 0.9561819365777148860, 1.000000000000000000),
 ( 1.000000000000000000, 0.9543873734624234162, 1.000000000000000000),
 ( 1.000000000000000000, 0.9522847581087124924, 1.000000000000000000),
 ( 1.000000000000000000, 0.9499568284406326724, 1.000000000000000000) ) ) 
 REPRESENTATION_ITEM ( '' )  SURFACE ( )  );
#4413 = ORIENTED_EDGE ( 'NONE', *, *, #296, .T. ) ;
#4414 = CARTESIAN_POINT ( 'NONE',  ( 7.663091056570317861, 24.00000000000150280, 4.665872246471492346 ) ) ;
#4415 = DIRECTION ( 'NONE',  ( 1.000000000000000000, 0.000000000000000000, 0.000000000000000000 ) ) ;
#4416 = ORIENTED_EDGE ( 'NONE', *, *, #5856, .T. ) ;
#4417 = CARTESIAN_POINT ( 'NONE',  ( -27.00000000000000000, -2.716042290659681219E-19, -4.815573033901616284 ) ) ;
#4418 = CARTESIAN_POINT ( 'NONE',  ( 1.022277046689371323E-15, 25.49999999999999645, 4.999999999999999112 ) ) ;
#4419 = LINE ( 'NONE', #1044, #1546 ) ;
#4420 = CARTESIAN_POINT ( 'NONE',  ( -2.508551668416160396, 23.96540471843720965, 5.310449086151725950 ) ) ;
#4421 = CARTESIAN_POINT ( 'NONE',  ( 1.360251558815423746E-14, 4.049904903245566068, -45.60577451944528349 ) ) ;
#4422 = CARTESIAN_POINT ( 'NONE',  ( -25.91351031504393632, -11.79611944922348599, -10.56242956357455753 ) ) ;
#4423 = CARTESIAN_POINT ( 'NONE',  ( 20.53445806884780467, 18.63455973224132833, 7.040227788497161576 ) ) ;
#4424 = EDGE_CURVE ( 'NONE', #2800, #4638, #11, .T. ) ;
#4425 = CARTESIAN_POINT ( 'NONE',  ( -10.20916355302587419, 24.42576435637383625, 6.823025305068970425 ) ) ;
#4426 = ORIENTED_EDGE ( 'NONE', *, *, #4260, .F. ) ;
#4427 = CARTESIAN_POINT ( 'NONE',  ( 3.827039874990014301, 23.71246471078183404, 7.983642574377658896 ) ) ;
#4428 = CARTESIAN_POINT ( 'NONE',  ( 24.74001144301651323, -9.540804230350765636, 6.050835688902084009 ) ) ;
#4429 = CARTESIAN_POINT ( 'NONE',  ( 2.331655527212904033, 25.42048786678950378, 5.993365898443753892 ) ) ;
#4430 = CARTESIAN_POINT ( 'NONE',  ( 12.31128125740527324, 22.33989994861229178, 12.13890594685882540 ) ) ;
#4431 = CARTESIAN_POINT ( 'NONE',  ( 23.41474451819450309, -10.11924378192277629, 9.742522320814861914 ) ) ;
#4432 = ADVANCED_FACE ( 'NONE', ( #2613 ), #4844, .F. ) ;
#4433 = CARTESIAN_POINT ( 'NONE',  ( -21.03021470212528143, -11.62061267465644043, 9.233348866563622082 ) ) ;
#4434 = CARTESIAN_POINT ( 'NONE',  ( -28.50000000000000355, -4.425092742786352673, 1.391660071360921513 ) ) ;
#4435 = TOROIDAL_SURFACE ( 'NONE', #3650, 9.999999999999996447, 10.00000000000000000 ) ;
#4436 = CARTESIAN_POINT ( 'NONE',  ( 25.71580253273991090, -12.28225217628373578, 3.747198945309059948 ) ) ;
#4437 = CARTESIAN_POINT ( 'NONE',  ( -1.293678467674835745E-14, -19.01791071194431382, -17.73784881105772371 ) ) ;
#4438 = EDGE_CURVE ( 'NONE', #2522, #320, #4559, .T. ) ;
#4439 = CARTESIAN_POINT ( 'NONE',  ( 13.74120202991767847, -21.49021117802442049, 12.49970464548863802 ) ) ;
#4440 = CIRCLE ( 'NONE', #67, 208.2911684466444342 ) ;
#4441 = CARTESIAN_POINT ( 'NONE',  ( -22.12348591505511308, 18.81608796998510869, -14.27004645910394665 ) ) ;
#4442 = CARTESIAN_POINT ( 'NONE',  ( -25.85549784086294878, -9.913147061229187429, 6.982774054790954921 ) ) ;
#4443 = DIRECTION ( 'NONE',  ( 0.000000000000000000, 0.000000000000000000, 1.000000000000000000 ) ) ;
#4444 = CARTESIAN_POINT ( 'NONE',  ( 0.000000000000000000, -24.00000000000000000, 5.000000000000000000 ) ) ;
#4445 = CARTESIAN_POINT ( 'NONE',  ( 26.83567738385176327, 4.980685426500821578, 6.889369081056814892 ) ) ;
#4446 = CARTESIAN_POINT ( 'NONE',  ( -25.29412029513048310, -3.300164842566486012, 12.41390514245366461 ) ) ;
#4447 = AXIS2_PLACEMENT_3D ( 'NONE', #377, #4180, #2775 ) ;
#4448 = ORIENTED_EDGE ( 'NONE', *, *, #600, .F. ) ;
#4449 = CARTESIAN_POINT ( 'NONE',  ( -7.879608303104272515, 22.67142457621933360, 10.71319073797161003 ) ) ;
#4450 = CARTESIAN_POINT ( 'NONE',  ( -11.33218000837949191, 23.79135246309662222, 1.970499415376527175 ) ) ;
#4451 = EDGE_LOOP ( 'NONE', ( #2028, #3073, #3214, #3609 ) ) ;
#4452 = CARTESIAN_POINT ( 'NONE',  ( -27.00000000000000355, -5.499999999998410161, 1.223575944766685852 ) ) ;
#4453 = CARTESIAN_POINT ( 'NONE',  ( -2.331655529856697662, 25.42048786662398641, 5.993365893550635093 ) ) ;
#4454 = CARTESIAN_POINT ( 'NONE',  ( 1.284711531192268552, -25.49999999999999289, 5.233759632914034121 ) ) ;
#4455 = CARTESIAN_POINT ( 'NONE',  ( -6.888155080739513991, 15.49999999999999467, 3.290432263556855474 ) ) ;
#4456 = CARTESIAN_POINT ( 'NONE',  ( -6.658906940273915609, 24.62181321784672861, 9.810509797267117804 ) ) ;
#4457 = CARTESIAN_POINT ( 'NONE',  ( 15.50273153279917615, 22.39361662422960464, 7.013447181853103451 ) ) ;
#4458 =( BOUNDED_SURFACE ( )  B_SPLINE_SURFACE ( 3, 2, ( 
 ( #181, #2079, #3975 ),
 ( #5163, #4606, #6101 ),
 ( #5130, #1776, #458 ),
 ( #4693, #3293, #343 ),
 ( #434, #865, #4666 ),
 ( #923, #402, #897 ),
 ( #4721, #2240, #2331 ),
 ( #1277, #2302, #833 ) ),
 .UNSPECIFIED., .F., .F., .F. ) 
 B_SPLINE_SURFACE_WITH_KNOTS ( ( 4, 2, 2, 4 ),
 ( 3, 3 ),
 ( -3.415236843329338967E-18, 0.0004333415891559404612, 0.0008666831783118842834, 0.001733366356623772036 ),
 ( 0.000000000000000000, 1.000000000000000000 ),
 .UNSPECIFIED. ) 
 GEOMETRIC_REPRESENTATION_ITEM ( )  RATIONAL_B_SPLINE_SURFACE ( (
 ( 1.000000000000000000, 0.9870077998580896184, 1.000000000000000000),
 ( 1.000000000000000000, 0.9854550058133199064, 1.000000000000000000),
 ( 1.000000000000000000, 0.9840240203856942536, 1.000000000000000000),
 ( 1.000000000000000000, 0.9811895609465923762, 1.000000000000000000),
 ( 1.000000000000000000, 0.9797919679652945524, 1.000000000000000000),
 ( 1.000000000000000000, 0.9755803338390985902, 1.000000000000000000),
 ( 1.000000000000000000, 0.9727505767614668120, 1.000000000000000000),
 ( 1.000000000000000000, 0.9698494303495832636, 1.000000000000000000) ) ) 
 REPRESENTATION_ITEM ( '' )  SURFACE ( )  );
#4459 = CARTESIAN_POINT ( 'NONE',  ( 28.49999999999998934, 4.786703179124582874, 1.356786981976354278 ) ) ;
#4460 = ORIENTED_EDGE ( 'NONE', *, *, #3524, .F. ) ;
#4461 = CARTESIAN_POINT ( 'NONE',  ( -1.364130124867086718E-15, -23.99999999999999645, 4.999999999999999112 ) ) ;
#4462 = CARTESIAN_POINT ( 'NONE',  ( 23.43992253358294420, -5.290361149566072285, 9.078761049490220003 ) ) ;
#4463 = CARTESIAN_POINT ( 'NONE',  ( 4.831294345989682869E-16, 25.49999999999999645, 4.999999999999999112 ) ) ;
#4464 = CARTESIAN_POINT ( 'NONE',  ( 17.58195749633119576, 18.47224119206595461, 13.17207491901443817 ) ) ;
#4465 = CARTESIAN_POINT ( 'NONE',  ( -25.71580253273946326, 12.28225217628389920, 3.747198945309442308 ) ) ;
#4466 = DIRECTION ( 'NONE',  ( -0.2540981724903216277, 0.000000000000000000, -0.9671784316955578387 ) ) ;
#4467 = CARTESIAN_POINT ( 'NONE',  ( -15.70342062840039432, -18.16103934774084294, 9.143612908393748739 ) ) ;
#4468 = CARTESIAN_POINT ( 'NONE',  ( -17.07533953609772581, -23.58037808510225375, 1.178472595444614246 ) ) ;
#4469 = CARTESIAN_POINT ( 'NONE',  ( 24.40778256941524660, -10.37741732956443208, 6.105182880032669956 ) ) ;
#4470 = CARTESIAN_POINT ( 'NONE',  ( -1.258683551704985906E-14, -12.32444860855989432, -36.23303646971024250 ) ) ;
#4471 = CARTESIAN_POINT ( 'NONE',  ( 23.71021239447911455, -3.718309859154941943, 12.53772396082005258 ) ) ;
#4472 = ORIENTED_EDGE ( 'NONE', *, *, #3400, .F. ) ;
#4473 = CARTESIAN_POINT ( 'NONE',  ( -28.50000000000000355, -4.425092742786366884, 1.391660071360995898 ) ) ;
#4474 = CARTESIAN_POINT ( 'NONE',  ( -4.795251163642943126, -23.53647019580420974, 8.722549434545271652 ) ) ;
#4475 = CARTESIAN_POINT ( 'NONE',  ( 26.99999999999998934, -1.566254452777657846, 4.026096490757820945 ) ) ;
#4476 = ORIENTED_EDGE ( 'NONE', *, *, #4438, .F. ) ;
#4477 = CARTESIAN_POINT ( 'NONE',  ( -8.242128854232747770, -24.00000000000000000, 2.757845802660578549 ) ) ;
#4478 = CARTESIAN_POINT ( 'NONE',  ( 25.49975368715136881, 0.7408496962080663994, 9.277831711722605235 ) ) ;
#4479 = CARTESIAN_POINT ( 'NONE',  ( 8.499999999999916511, -15.50000000000000178, -9.999999999999998224 ) ) ;
#4480 = EDGE_CURVE ( 'NONE', #4385, #4968, #1926, .T. ) ;
#4481 = EDGE_LOOP ( 'NONE', ( #4181, #4523, #2537 ) ) ;
#4482 = CARTESIAN_POINT ( 'NONE',  ( -15.94506314932945479, 20.76792487772381435, 6.078872531099521304 ) ) ;
#4483 = CARTESIAN_POINT ( 'NONE',  ( -9.985131710830252416, 23.97127511205391315, 4.468825926079182942 ) ) ;
#4484 = ORIENTED_EDGE ( 'NONE', *, *, #1126, .T. ) ;
#4485 = CARTESIAN_POINT ( 'NONE',  ( -16.38891434204845154, -23.88128011287315289, 1.259094997250894465 ) ) ;
#4486 = CARTESIAN_POINT ( 'NONE',  ( 17.52945637605468221, 16.39632662779044026, 9.204989445929248504 ) ) ;
#4487 = CARTESIAN_POINT ( 'NONE',  ( -1.254374671649098882, 23.99999999999999645, 5.155217351833832673 ) ) ;
#4488 = CARTESIAN_POINT ( 'NONE',  ( -1.293678467674835745E-14, -19.01791071194431382, -17.73784881105772371 ) ) ;
#4489 = CARTESIAN_POINT ( 'NONE',  ( 23.71643342963156798, 14.53456667896792354, 7.037164994594364842 ) ) ;
#4490 = CARTESIAN_POINT ( 'NONE',  ( -6.733812688128209878, -23.04222810121712683, 10.09685358716103032 ) ) ;
#4491 = ORIENTED_EDGE ( 'NONE', *, *, #4935, .T. ) ;
#4492 = CARTESIAN_POINT ( 'NONE',  ( -1.149850190702837116, 25.49999999999999645, 4.722423483374265984 ) ) ;
#4493 = CARTESIAN_POINT ( 'NONE',  ( 24.12305961712003466, -11.26820425588787522, 6.036876610982880642 ) ) ;
#4494 = CARTESIAN_POINT ( 'NONE',  ( -17.28946763609375736, -21.30828765409630776, 7.034062179137251292 ) ) ;
#4495 = CARTESIAN_POINT ( 'NONE',  ( 23.15992490846818086, 16.80079934050008816, 0.6517457176517269524 ) ) ;
#4496 = CARTESIAN_POINT ( 'NONE',  ( 22.35225368785097899, 12.33403591183264858, 9.778492305867311885 ) ) ;
#4497 = ADVANCED_FACE ( 'NONE', ( #1405 ), #802, .T. ) ;
#4498 = CARTESIAN_POINT ( 'NONE',  ( -17.89389282083067201, -19.43678660618870424, 6.061367808969729154 ) ) ;
#4499 = CARTESIAN_POINT ( 'NONE',  ( -14.28085316088267831, -24.70397369960272016, 4.569302961087860382 ) ) ;
#4500 = CARTESIAN_POINT ( 'NONE',  ( 26.88057299374490938, -7.927042893795134049, 0.9740854511858378917 ) ) ;
#4501 = CARTESIAN_POINT ( 'NONE',  ( -10.63415309628363126, 24.31215835098827682, 6.845339688422884983 ) ) ;
#4502 = CARTESIAN_POINT ( 'NONE',  ( 0.000000000000000000, -24.00000000000000000, 5.000000000000000000 ) ) ;
#4503 = CARTESIAN_POINT ( 'NONE',  ( -19.69950390292479270, 17.81342219677269156, 6.101011442719188160 ) ) ;
#4504 = ADVANCED_FACE ( 'NONE', ( #5754 ), #2756, .F. ) ;
#4505 = ORIENTED_EDGE ( 'NONE', *, *, #483, .T. ) ;
#4506 = CARTESIAN_POINT ( 'NONE',  ( -27.08744836485424656, 12.93130645830545511, -10.57938063823948838 ) ) ;
#4507 = CARTESIAN_POINT ( 'NONE',  ( -20.30780809796036479, -18.88753595970103305, 6.985521868734759110 ) ) ;
#4508 = CARTESIAN_POINT ( 'NONE',  ( 26.99999999999999289, 4.674925199858448899, 3.982254291923502443 ) ) ;
#4509 = CARTESIAN_POINT ( 'NONE',  ( 4.817090964914063633, 24.00000000003084111, 4.753987336881934311 ) ) ;
#4510 = CARTESIAN_POINT ( 'NONE',  ( -28.50000000000000000, -4.425092742786358890, 1.391660071361004114 ) ) ;
#4511 = CARTESIAN_POINT ( 'NONE',  ( 28.49999999999998934, -4.425092742786755906, 1.391660071360974138 ) ) ;
#4512 = CARTESIAN_POINT ( 'NONE',  ( -26.67645039488967740, -13.71936785576816398, -11.09252803858051806 ) ) ;
#4513 = ADVANCED_FACE ( 'NONE', ( #3443 ), #2108, .T. ) ;
#4514 = ORIENTED_EDGE ( 'NONE', *, *, #4049, .T. ) ;
#4515 = CARTESIAN_POINT ( 'NONE',  ( -22.53746774180872947, 8.271599257609647537, 13.20394465156633679 ) ) ;
#4516 = CARTESIAN_POINT ( 'NONE',  ( -14.20274258446664106, 23.13999667083749046, 1.473122777460847077 ) ) ;
#4517 = ORIENTED_EDGE ( 'NONE', *, *, #5213, .F. ) ;
#4518 = CARTESIAN_POINT ( 'NONE',  ( -17.57900251218151055, -23.32357464478647913, 1.124661276935987386 ) ) ;
#4519 = CARTESIAN_POINT ( 'NONE',  ( -28.50000000000000000, -4.425092742786358890, 1.391660071361004114 ) ) ;
#4520 = CARTESIAN_POINT ( 'NONE',  ( 5.029297373954170392E-15, -6.186655620458499705, -48.48561616660771278 ) ) ;
#4521 = CARTESIAN_POINT ( 'NONE',  ( 16.85508716453234968, 21.57194941046048697, 7.029036761683568280 ) ) ;
#4522 = CARTESIAN_POINT ( 'NONE',  ( -6.227943428110900292, -23.18315393840624949, 9.781489423577701459 ) ) ;
#4523 = ORIENTED_EDGE ( 'NONE', *, *, #1618, .F. ) ;
#4524 = VERTEX_POINT ( 'NONE', #5400 ) ;
#4525 = CARTESIAN_POINT ( 'NONE',  ( 23.63615922726783225, -4.190518036948562397, 8.998889811724657406 ) ) ;
#4526 = CARTESIAN_POINT ( 'NONE',  ( -8.500000000000003553, -5.500000000000007994, 5.000000000000000000 ) ) ;
#4527 = CARTESIAN_POINT ( 'NONE',  ( 20.66518859767036886, 19.49145710229736395, 0.7692059917142513026 ) ) ;
#4528 = CARTESIAN_POINT ( 'NONE',  ( 6.660706572622416388, 24.62136941049058336, 9.811761707760640050 ) ) ;
#4529 = CARTESIAN_POINT ( 'NONE',  ( -23.21651520999071749, -13.07863214053009493, 6.081214382721096712 ) ) ;
#4530 = CARTESIAN_POINT ( 'NONE',  ( 27.72269404934603543, -11.06986371020432358, 4.310303728730819905 ) ) ;
#4531 = CIRCLE ( 'NONE', #3538, 8.500000000000001776 ) ;
#4532 = CARTESIAN_POINT ( 'NONE',  ( -17.18253381859205930, -16.75855569871688999, 13.24990568158367665 ) ) ;
#4533 = CARTESIAN_POINT ( 'NONE',  ( -9.854371740006190095, 23.10121305326363839, 6.213569756052242710 ) ) ;
#4534 = CARTESIAN_POINT ( 'NONE',  ( -1.449388303296753636E-15, -25.50000000000000355, 4.999999999999999112 ) ) ;
#4535 = CARTESIAN_POINT ( 'NONE',  ( 9.913782836602099025, -23.08688195024255663, 6.213450166106722072 ) ) ;
#4536 = CARTESIAN_POINT ( 'NONE',  ( 26.70410665761333036, -13.71448929076361267, -11.09337207023495253 ) ) ;
#4537 = ORIENTED_EDGE ( 'NONE', *, *, #662, .T. ) ;
#4538 = CIRCLE ( 'NONE', #1262, 9.999999999999998224 ) ;
#4539 = CARTESIAN_POINT ( 'NONE',  ( 25.50000000000000355, -0.6598968102215287956, 12.14142842854284332 ) ) ;
#4540 = CARTESIAN_POINT ( 'NONE',  ( -11.61099242707063084, -24.11689091986043465, 6.743570976813457740 ) ) ;
#4541 = CARTESIAN_POINT ( 'NONE',  ( -25.60032561640440463, -4.902788240476067649, 6.042115849092425606 ) ) ;
#4542 = CARTESIAN_POINT ( 'NONE',  ( 7.239748728106833120, 23.99999999999998224, 4.628709470048190333 ) ) ;
#4543 = CARTESIAN_POINT ( 'NONE',  ( -23.52572683375924356, 4.894702358454892099, 12.77562385415257751 ) ) ;
#4544 = CARTESIAN_POINT ( 'NONE',  ( 5.659580064148626151E-15, -20.46561359896580612, -18.68001622036306131 ) ) ;
#4545 = CARTESIAN_POINT ( 'NONE',  ( -2.569442488424253046, 25.45835199326375786, 5.467547426670389399 ) ) ;
#4546 = CIRCLE ( 'NONE', #1667, 22.50000000000000711 ) ;
#4547 = ORIENTED_EDGE ( 'NONE', *, *, #250, .T. ) ;
#4548 = CARTESIAN_POINT ( 'NONE',  ( -24.12305961712266367, 11.26820425588198127, 6.036876610981620317 ) ) ;
#4549 = CARTESIAN_POINT ( 'NONE',  ( -9.464286020771977448, 24.00000000000001066, 4.533199039071268643 ) ) ;
#4550 = ORIENTED_EDGE ( 'NONE', *, *, #90, .F. ) ;
#4551 = CARTESIAN_POINT ( 'NONE',  ( -22.39846371809371206, -17.72493190127171658, 3.731998828981885730 ) ) ;
#4552 = CARTESIAN_POINT ( 'NONE',  ( -27.72269404934636938, 11.06986371020568782, 4.310303728728329453 ) ) ;
#4553 = CARTESIAN_POINT ( 'NONE',  ( 22.76124050429033119, 14.03213508255757169, 6.023390070025223864 ) ) ;
#4554 = CARTESIAN_POINT ( 'NONE',  ( -9.203761168494213703E-16, -8.029069260145661246, -46.75840750424677594 ) ) ;
#4555 = CARTESIAN_POINT ( 'NONE',  ( 2.425088998067846724, 25.49999999995297273, 4.953940284399325655 ) ) ;
#4556 = CARTESIAN_POINT ( 'NONE',  ( -34.99999999999997868, 0.000000000000000000, -121.7595244375777526 ) ) ;
#4557 = EDGE_LOOP ( 'NONE', ( #2373, #5555, #4999, #4955 ) ) ;
#4558 = ORIENTED_EDGE ( 'NONE', *, *, #2173, .T. ) ;
#4559 = B_SPLINE_CURVE_WITH_KNOTS ( 'NONE', 3,
 ( #5672, #463, #979, #3326 ),
 .UNSPECIFIED., .F., .F.,
 ( 4, 4 ),
 ( 0.000000000000000000, 0.001087969615946883821 ),
 .UNSPECIFIED. ) ;
#4560 = CARTESIAN_POINT ( 'NONE',  ( 3.842747407843061236, -23.70995927630004729, 7.995691011589868502 ) ) ;
#4561 = CARTESIAN_POINT ( 'NONE',  ( -5.744100854800992195, -24.00000000000000000, 3.590999442128277597 ) ) ;
#4562 = CARTESIAN_POINT ( 'NONE',  ( 26.14975409030687103, -11.04402205548421456, -9.999999999999994671 ) ) ;
#4563 = CARTESIAN_POINT ( 'NONE',  ( 10.63698583865738989, 23.19083493575575261, 8.931881253489365236 ) ) ;
#4564 = CARTESIAN_POINT ( 'NONE',  ( -22.73080331939708998, -13.93506994997333415, 6.078113841253188099 ) ) ;
#4565 = CARTESIAN_POINT ( 'NONE',  ( 23.53121159534218521, -18.70963650663954425, 4.270389692254616065 ) ) ;
#4566 = EDGE_CURVE ( 'NONE', #416, #5704, #2476, .T. ) ;
#4567 = CARTESIAN_POINT ( 'NONE',  ( -25.54282622923770774, -4.881928327101732634, 6.128737224380985005 ) ) ;
#4568 = FACE_OUTER_BOUND ( 'NONE', #1695, .T. ) ;
#4569 = DIRECTION ( 'NONE',  ( 0.000000000000000000, 0.000000000000000000, 1.000000000000000000 ) ) ;
#4570 = CARTESIAN_POINT ( 'NONE',  ( 6.888155080739680969, 23.99999999999999289, 3.290432263557699688 ) ) ;
#4571 = CARTESIAN_POINT ( 'NONE',  ( 6.466938700768819714, -25.16360078534944833, 6.114741557910540415 ) ) ;
#4572 = ORIENTED_EDGE ( 'NONE', *, *, #4186, .F. ) ;
#4573 = CARTESIAN_POINT ( 'NONE',  ( -11.75767818629865857, -22.63610099207150128, 11.98138274789774194 ) ) ;
#4574 = CARTESIAN_POINT ( 'NONE',  ( -5.746478873239340146, -23.30188791835146134, 9.425626491315799882 ) ) ;
#4575 = CARTESIAN_POINT ( 'NONE',  ( 8.240012328775266681, 23.99999999999999289, 2.758916691141461541 ) ) ;
#4576 = CARTESIAN_POINT ( 'NONE',  ( -24.50994625491528467, -14.78981336523619738, 0.6442420003368020121 ) ) ;
#4577 = FACE_OUTER_BOUND ( 'NONE', #2206, .T. ) ;
#4578 = CARTESIAN_POINT ( 'NONE',  ( -23.52620390044389254, -4.891660290190660731, 12.77500866124847789 ) ) ;
#4579 = ADVANCED_FACE ( 'NONE', ( #82 ), #3940, .T. ) ;
#4580 = EDGE_LOOP ( 'NONE', ( #1718, #4537, #5404 ) ) ;
#4581 = CARTESIAN_POINT ( 'NONE',  ( -19.13658544125554783, 14.49641642787508999, 13.41021397434221285 ) ) ;
#4582 = VERTEX_POINT ( 'NONE', #5910 ) ;
#4583 = B_SPLINE_CURVE_WITH_KNOTS ( 'NONE', 3,
 ( #3035, #3003, #2539, #2639 ),
 .UNSPECIFIED., .F., .F.,
 ( 4, 4 ),
 ( 0.000000000000000000, 0.001087969615946440816 ),
 .UNSPECIFIED. ) ;
#4584 = CARTESIAN_POINT ( 'NONE',  ( -22.29116178327627296, -17.84653617254786795, 0.6814474317542994486 ) ) ;
#4585 = CARTESIAN_POINT ( 'NONE',  ( 8.346266253988446238, -25.50000000000124700, 4.944438810074812451 ) ) ;
#4586 = CARTESIAN_POINT ( 'NONE',  ( 26.98114310896530199, 6.650786238866249533, 3.929836653945107283 ) ) ;
#4587 = EDGE_CURVE ( 'NONE', #5079, #650, #1209, .T. ) ;
#4588 = EDGE_LOOP ( 'NONE', ( #4790, #2253, #4248, #751, #1938, #1585, #1904 ) ) ;
#4589 = ORIENTED_EDGE ( 'NONE', *, *, #5541, .F. ) ;
#4590 = CARTESIAN_POINT ( 'NONE',  ( -2.569440811221495924, -25.45835207574035763, 5.467547124827748739 ) ) ;
#4591 = CARTESIAN_POINT ( 'NONE',  ( -35.07135583350035546, -5.500000000000001776, 12.53772396082005791 ) ) ;
#4592 = CARTESIAN_POINT ( 'NONE',  ( 26.99999999999998579, 5.499999999999868550, 1.223575944766533752 ) ) ;
#4593 = CARTESIAN_POINT ( 'NONE',  ( -10.41463756064030299, 20.99814947432334478, -16.40722863948012034 ) ) ;
#4594 = CARTESIAN_POINT ( 'NONE',  ( 8.499999999999989342, -15.50000000000000178, -10.00000000000000000 ) ) ;
#4595 = CARTESIAN_POINT ( 'NONE',  ( 27.52946692147989083, -11.66368542150296150, 0.7579223557417136270 ) ) ;
#4596 = B_SPLINE_CURVE_WITH_KNOTS ( 'NONE', 3,
 ( #1691, #2710, #1813, #4643, #2280, #1753 ),
 .UNSPECIFIED., .F., .F.,
 ( 4, 2, 4 ),
 ( 0.000000000000000000, 0.001408642295806741829, 0.002817284591613483657 ),
 .UNSPECIFIED. ) ;
#4597 = CARTESIAN_POINT ( 'NONE',  ( -7.171620660629467459, -24.00000000000000000, 3.215959877229022101 ) ) ;
#4598 = CARTESIAN_POINT ( 'NONE',  ( 25.34110559031657317, 6.544310002706695606, 6.159028398228696410 ) ) ;
#4599 = CARTESIAN_POINT ( 'NONE',  ( 18.98906135933030370, -18.47888031257641117, 6.112747587281373463 ) ) ;
#4600 = CARTESIAN_POINT ( 'NONE',  ( -11.65132010848788902, 24.04025452282290587, 6.898746791243708820 ) ) ;
#4601 = CARTESIAN_POINT ( 'NONE',  ( -25.34356732067001872, -2.926579670053666149, 9.349472929537782306 ) ) ;
#4602 = ORIENTED_EDGE ( 'NONE', *, *, #3598, .F. ) ;
#4603 = CARTESIAN_POINT ( 'NONE',  ( -1.197709091766985701, -23.97129315537269889, 5.939627921170924196 ) ) ;
#4604 = CARTESIAN_POINT ( 'NONE',  ( 19.72583015120267902, -20.25434560411989793, 0.8395754720732082621 ) ) ;
#4605 = CARTESIAN_POINT ( 'NONE',  ( -26.96986059633453081, -6.719351688476673523, 1.091274917215235618 ) ) ;
#4606 = CARTESIAN_POINT ( 'NONE',  ( 7.537430037834111474, 25.49999999999718625, 4.905756013214055855 ) ) ;
#4607 = CARTESIAN_POINT ( 'NONE',  ( -9.521247357058140182, -22.51839517140876268, -17.12364163237759840 ) ) ;
#4608 = ORIENTED_EDGE ( 'NONE', *, *, #3221, .F. ) ;
#4609 = CARTESIAN_POINT ( 'NONE',  ( -16.96243715868449797, 17.01802751327364760, 9.192712704352356212 ) ) ;
#4610 = VERTEX_POINT ( 'NONE', #2044 ) ;
#4611 = CARTESIAN_POINT ( 'NONE',  ( -19.87152583795425187, -20.14243434892967954, 3.803929988390501560 ) ) ;
#4612 = CARTESIAN_POINT ( 'NONE',  ( -27.52946692147962793, 11.66368542150379994, 0.7579223557418393042 ) ) ;
#4613 = CARTESIAN_POINT ( 'NONE',  ( 23.25687204809254283, 6.042522391116369462, 12.95011554291496303 ) ) ;
#4614 = CARTESIAN_POINT ( 'NONE',  ( -8.684997073557111333E-15, -1.687457999495109995, -50.81058465771864263 ) ) ;
#4615 = CARTESIAN_POINT ( 'NONE',  ( 26.93550396086660115, 7.227846079614548280, 3.903960649347093970 ) ) ;
#4616 = EDGE_LOOP ( 'NONE', ( #3275, #5741, #2716, #1613, #6103, #2395, #4216 ) ) ;
#4617 = ORIENTED_EDGE ( 'NONE', *, *, #2349, .T. ) ;
#4618 = CARTESIAN_POINT ( 'NONE',  ( -6.390411659716789927, -25.16415358205953723, 6.142607925671092595 ) ) ;
#4619 = EDGE_CURVE ( 'NONE', #5784, #767, #5972, .T. ) ;
#4620 = LINE ( 'NONE', #3155, #1646 ) ;
#4621 = CARTESIAN_POINT ( 'NONE',  ( 26.99999999999998934, 4.425092742787104960, 1.391660071360937501 ) ) ;
#4622 = FACE_OUTER_BOUND ( 'NONE', #2674, .T. ) ;
#4623 = CARTESIAN_POINT ( 'NONE',  ( 27.07490829104188634, -12.92181965492000018, 0.7057477073693294578 ) ) ;
#4624 =( BOUNDED_SURFACE ( )  B_SPLINE_SURFACE ( 3, 2, ( 
 ( #3954, #124, #2521 ),
 ( #4425, #157, #3865 ),
 ( #5413, #1149, #1591 ),
 ( #3489, #2427, #4331 ),
 ( #5765, #66, #2652 ),
 ( #1186, #1725, #264 ),
 ( #682, #229, #4987 ),
 ( #295, #1756, #3626 ) ),
 .UNSPECIFIED., .F., .F., .T. ) 
 B_SPLINE_SURFACE_WITH_KNOTS ( ( 4, 2, 2, 4 ),
 ( 3, 3 ),
 ( -1.899522206194603768E-16, 0.0008714318383529876021, 0.001307147757529576433, 0.001742863676706165156 ),
 ( 0.000000000000000000, 1.000000000000000000 ),
 .UNSPECIFIED. ) 
 GEOMETRIC_REPRESENTATION_ITEM ( )  RATIONAL_B_SPLINE_SURFACE ( (
 ( 1.000000000000000000, 0.9698494303495865942, 1.000000000000000000),
 ( 1.000000000000000000, 0.9727757231570689500, 1.000000000000000000),
 ( 1.000000000000000000, 0.9756221637373437838, 1.000000000000000000),
 ( 1.000000000000000000, 0.9798391732877664850, 1.000000000000000000),
 ( 1.000000000000000000, 0.9812353425173745425, 1.000000000000000000),
 ( 1.000000000000000000, 0.9840572132369060920, 1.000000000000000000),
 ( 1.000000000000000000, 0.9854775435679506979, 1.000000000000000000),
 ( 1.000000000000000000, 0.9870077998580896184, 1.000000000000000000) ) ) 
 REPRESENTATION_ITEM ( '' )  SURFACE ( )  );
#4625 = CARTESIAN_POINT ( 'NONE',  ( -5.746478873239297513, -23.30188791835147200, 9.425626491315776789 ) ) ;
#4626 = DIRECTION ( 'NONE',  ( 4.979413185065680172E-15, -0.9953820156193503577, 0.09599293193542689229 ) ) ;
#4627 = CARTESIAN_POINT ( 'NONE',  ( -27.00000000000000000, -4.425092742786358890, 1.391660071361004114 ) ) ;
#4628 = DIRECTION ( 'NONE',  ( 0.000000000000000000, 0.000000000000000000, 1.000000000000000000 ) ) ;
#4629 = CARTESIAN_POINT ( 'NONE',  ( -27.01573826399541289, -0.8428489196032239450, 6.848132364831919894 ) ) ;
#4630 = VERTEX_POINT ( 'NONE', #141 ) ;
#4631 = CARTESIAN_POINT ( 'NONE',  ( -26.78567791675017062, -4.962546371393373512, 6.964692016090524795 ) ) ;
#4632 = ADVANCED_FACE ( 'NONE', ( #1577 ), #5697, .F. ) ;
#4633 = CARTESIAN_POINT ( 'NONE',  ( 9.686374261257901352, -23.97159344749911369, 2.322430204452128333 ) ) ;
#4634 = CARTESIAN_POINT ( 'NONE',  ( 23.23632032079006038, -13.08093246067013915, 6.080340483575936261 ) ) ;
#4635 = DIRECTION ( 'NONE',  ( -1.000000000000000000, 0.000000000000000000, -1.665334536937734071E-16 ) ) ;
#4636 = CARTESIAN_POINT ( 'NONE',  ( -22.65799501331692056, 16.19914624627052646, 6.989278581184443340 ) ) ;
#4637 = AXIS2_PLACEMENT_3D ( 'NONE', #921, #2468, #2823 ) ;
#4638 = VERTEX_POINT ( 'NONE', #3879 ) ;
#4639 = CARTESIAN_POINT ( 'NONE',  ( -25.32864367228003033, 7.217205946079356060, 6.071092178674052597 ) ) ;
#4640 = ORIENTED_EDGE ( 'NONE', *, *, #2588, .F. ) ;
#4641 = CARTESIAN_POINT ( 'NONE',  ( -15.87800565909612516, -22.47572934717505788, 1.247265386456648972 ) ) ;
#4642 = CARTESIAN_POINT ( 'NONE',  ( 12.63773069938648597, -23.69769767341382050, 6.939731280266981273 ) ) ;
#4643 = CARTESIAN_POINT ( 'NONE',  ( 8.480367096829629858, 23.39414360482660271, 6.101059181089340200 ) ) ;
#4644 = AXIS2_PLACEMENT_3D ( 'NONE', #4381, #2014, #1580 ) ;
#4645 = CARTESIAN_POINT ( 'NONE',  ( 57.49999999999997868, 0.000000000000000000, -214.9999999999999716 ) ) ;
#4646 = CARTESIAN_POINT ( 'NONE',  ( 28.49999999999998934, 4.425092742787105848, 1.391660071360937501 ) ) ;
#4647 = CARTESIAN_POINT ( 'NONE',  ( 14.20395807046338810, 23.13962244004049396, 1.472938650840569741 ) ) ;
#4648 = B_SPLINE_CURVE_WITH_KNOTS ( 'NONE', 3,
 ( #2643, #5953, #5914, #3075, #3584, #2183 ),
 .UNSPECIFIED., .F., .F.,
 ( 4, 2, 4 ),
 ( 0.01412528614782906054, 0.01803784299830776469, 0.02195039984878646711 ),
 .UNSPECIFIED. ) ;
#4649 = EDGE_CURVE ( 'NONE', #1525, #4783, #4263, .T. ) ;
#4650 = VERTEX_POINT ( 'NONE', #5812 ) ;
#4651 = AXIS2_PLACEMENT_3D ( 'NONE', #2338, #4729, #1900 ) ;
#4652 = ORIENTED_EDGE ( 'NONE', *, *, #608, .F. ) ;
#4653 = CARTESIAN_POINT ( 'NONE',  ( -4.596821932900787999, -25.50000000000000355, 3.879105583098724441 ) ) ;
#4654 = CARTESIAN_POINT ( 'NONE',  ( -7.239748728105269038, 23.99999999999997513, 4.628709470047938979 ) ) ;
#4655 = DIRECTION ( 'NONE',  ( -1.000000000000000000, 0.000000000000000000, 0.000000000000000000 ) ) ;
#4656 = CARTESIAN_POINT ( 'NONE',  ( 24.00000000000000000, -0.6216551699495107552, 12.14142842854284687 ) ) ;
#4657 = CARTESIAN_POINT ( 'NONE',  ( -27.00000000000000355, -5.500000000002342126, 1.223575944777526958 ) ) ;
#4658 = CARTESIAN_POINT ( 'NONE',  ( -25.11873059526152119, 13.71847901210782261, 0.6570749275267623313 ) ) ;
#4659 = CARTESIAN_POINT ( 'NONE',  ( 10.77104081009251857, -22.88009482210339840, 6.211724491568502593 ) ) ;
#4660 = CARTESIAN_POINT ( 'NONE',  ( 1.128286235405056015, 23.99999999999028688, 5.458232255771660490 ) ) ;
#4661 = CARTESIAN_POINT ( 'NONE',  ( -26.93987794224187482, -3.332744528126181383, 6.867981247680563506 ) ) ;
#4662 =( BOUNDED_SURFACE ( )  B_SPLINE_SURFACE ( 3, 2, ( 
 ( #906, #77, #1977 ),
 ( #4571, #3999, #3608 ),
 ( #2136, #4036, #5393 ),
 ( #174, #2039, #1165 ),
 ( #2073, #3967, #5495 ),
 ( #3027, #5364, #5868 ) ),
 .UNSPECIFIED., .F., .F., .F. ) 
 B_SPLINE_SURFACE_WITH_KNOTS ( ( 4, 2, 4 ),
 ( 3, 3 ),
 ( 0.03750064219285697414, 0.04235870784316327076, 0.04721677349346956737 ),
 ( 0.3094157752856755983, 1.000000000000000000 ),
 .UNSPECIFIED. ) 
 GEOMETRIC_REPRESENTATION_ITEM ( )  RATIONAL_B_SPLINE_SURFACE ( (
 ( 0.9859497829865906393, 0.9772955709830291049, 1.000000000000000000),
 ( 0.9906378284571148995, 0.9848712116661775262, 1.000000000000000000),
 ( 0.9941380170944920103, 0.9905273367201532508, 1.000000000000000000),
 ( 0.9988182287238485113, 0.9980903183183527094, 1.000000000000000000),
 ( 1.000000000000000000, 1.000000000000000000, 1.000000000000000000),
 ( 1.000000000000000000, 1.000000000000000000, 1.000000000000000000) ) ) 
 REPRESENTATION_ITEM ( '' )  SURFACE ( )  );
#4663 = CARTESIAN_POINT ( 'NONE',  ( -26.54835951801973337, -6.728600003184221912, 7.029990595898537364 ) ) ;
#4664 = CARTESIAN_POINT ( 'NONE',  ( -26.14975409030695275, -11.04402205548411686, -9.999999999999980460 ) ) ;
#4665 = CARTESIAN_POINT ( 'NONE',  ( -26.75948107345642413, -8.534338526575973916, 0.9298437245929734862 ) ) ;
#4666 = CARTESIAN_POINT ( 'NONE',  ( 7.580754605659407730, 25.49999999999999645, 3.053062956479962509 ) ) ;
#4667 = CARTESIAN_POINT ( 'NONE',  ( -9.021425421962472768, 23.86251809075170627, 8.546369889148797583 ) ) ;
#4668 = EDGE_CURVE ( 'NONE', #3747, #4159, #1441, .T. ) ;
#4669 = B_SPLINE_CURVE_WITH_KNOTS ( 'NONE', 3,
 ( #2570, #4506, #280, #1127, #5365, #4002, #731, #1639, #5871, #4441, #4939, #2603, #698, #3574, #5974, #5943, #3130, #5839, #2635, #1574, #5906, #1675, #1095, #1710, #4902, #3541 ),
 .UNSPECIFIED., .F., .F.,
 ( 4, 2, 2, 2, 2, 2, 2, 2, 2, 2, 2, 2, 4 ),
 ( 2.453269466693398698E-18, 0.003031199301654342176, 0.004546798952481508928, 0.006062398603308672210, 0.009093597904962984896, 0.01060919755579014384, 0.01212479720661730279, 0.01515599650827160853, 0.01667159615909876921, 0.01818719580992592122, 0.02121839511158022176, 0.02273399476240737030, 0.02424959441323451537 ),
 .UNSPECIFIED. ) ;
#4670 = ORIENTED_EDGE ( 'NONE', *, *, #3366, .F. ) ;
#4671 = CARTESIAN_POINT ( 'NONE',  ( 28.49999999999998934, 5.499999999999849010, -5.916438420940872689 ) ) ;
#4672 = EDGE_LOOP ( 'NONE', ( #528, #3404, #3412, #3376, #839 ) ) ;
#4673 = CARTESIAN_POINT ( 'NONE',  ( -23.43523664528388295, -12.64672090661331261, 6.083935702420422587 ) ) ;
#4674 = CARTESIAN_POINT ( 'NONE',  ( -27.00000000000000000, -5.144692510213435099, 1.298756724871147128 ) ) ;
#4675 = CARTESIAN_POINT ( 'NONE',  ( 26.99999999999998579, 5.499999999999868550, -6.392794684931313753 ) ) ;
#4676 = CARTESIAN_POINT ( 'NONE',  ( 16.41991732575170460, 22.23913431852631106, 3.967878649982291339 ) ) ;
#4677 = ORIENTED_EDGE ( 'NONE', *, *, #3654, .T. ) ;
#4678 = ORIENTED_EDGE ( 'NONE', *, *, #1150, .F. ) ;
#4679 = CARTESIAN_POINT ( 'NONE',  ( 9.836972232387426018, 21.89902271070835837, 11.55971852666811728 ) ) ;
#4680 = CARTESIAN_POINT ( 'NONE',  ( 25.57358239275776413, -12.53563724651243305, -11.04990417440241224 ) ) ;
#4681 = CARTESIAN_POINT ( 'NONE',  ( -21.32315426155327032, -17.41318291500021687, -14.00884574793773574 ) ) ;
#4682 = CARTESIAN_POINT ( 'NONE',  ( 23.97588351032666409, -1.243121898348540366, 12.17690102492831450 ) ) ;
#4683 = CARTESIAN_POINT ( 'NONE',  ( 4.821289839922797249, 20.58446833532029174, -16.81455272473198548 ) ) ;
#4684 = CARTESIAN_POINT ( 'NONE',  ( 28.33715386067980191, 8.131066721919172124, 0.9790892604826192391 ) ) ;
#4685 = CARTESIAN_POINT ( 'NONE',  ( -17.74475771125832324, -18.31707739928773648, 9.702334519462795015 ) ) ;
#4686 = CARTESIAN_POINT ( 'NONE',  ( -8.499999999999870326, 23.99999999999999289, 2.627371485753639657 ) ) ;
#4687 = CARTESIAN_POINT ( 'NONE',  ( 10.51730960396271364, -23.91999843604993359, 4.412448447281673403 ) ) ;
#4688 = CARTESIAN_POINT ( 'NONE',  ( -8.499999999999872102, -25.50000000000000355, 2.627371485753581482 ) ) ;
#4689 = CARTESIAN_POINT ( 'NONE',  ( -25.49975368715028878, -0.7408496962080463044, 9.277831711723743879 ) ) ;
#4690 = CARTESIAN_POINT ( 'NONE',  ( 1.284626125660578433, 25.50000000000000355, 5.233744092917009816 ) ) ;
#4691 = CARTESIAN_POINT ( 'NONE',  ( -10.87603725459416459, -23.85651487324992459, 2.061223218003267466 ) ) ;
#4692 = ADVANCED_FACE ( 'NONE', ( #314 ), #2251, .T. ) ;
#4693 = CARTESIAN_POINT ( 'NONE',  ( 8.816639951037362977, 24.75461891351764976, 6.643087457546410945 ) ) ;
#4694 = CARTESIAN_POINT ( 'NONE',  ( -20.73328979291645524, 14.85762624411449018, 9.779149400833306416 ) ) ;
#4695 = ORIENTED_EDGE ( 'NONE', *, *, #675, .F. ) ;
#4696 = CARTESIAN_POINT ( 'NONE',  ( 26.99999999999998579, 5.499999999999868550, 1.223575944766533752 ) ) ;
#4697 = CARTESIAN_POINT ( 'NONE',  ( 8.499999999999847233, 23.99999999999999289, -9.999999999999998224 ) ) ;
#4698 = VERTEX_POINT ( 'NONE', #5097 ) ;
#4699 = CARTESIAN_POINT ( 'NONE',  ( -9.050160832756997564, -24.00000000000001421, 2.476904854583019233 ) ) ;
#4700 = ADVANCED_FACE ( 'NONE', ( #2270 ), #5894, .F. ) ;
#4701 = DIRECTION ( 'NONE',  ( 6.453734435660388480E-14, -0.9783387852744692692, 0.2070101959510114997 ) ) ;
#4702 = CARTESIAN_POINT ( 'NONE',  ( 23.45653751658442232, 16.40548389374315263, 0.6454776008434629508 ) ) ;
#4703 = ORIENTED_EDGE ( 'NONE', *, *, #5604, .F. ) ;
#4704 = ORIENTED_EDGE ( 'NONE', *, *, #483, .F. ) ;
#4705 = CARTESIAN_POINT ( 'NONE',  ( -24.99625254663073193, 5.199551351468014282, 12.77542021652374515 ) ) ;
#4706 = EDGE_CURVE ( 'NONE', #3617, #416, #5235, .T. ) ;
#4707 = B_SPLINE_CURVE_WITH_KNOTS ( 'NONE', 3,
 ( #2293, #3254, #3669, #794, #4533, #1736 ),
 .UNSPECIFIED., .F., .F.,
 ( 4, 2, 4 ),
 ( 0.000000000000000000, 0.001408642295806590474, 0.002817284591613180948 ),
 .UNSPECIFIED. ) ;
#4708 = CARTESIAN_POINT ( 'NONE',  ( 16.12275091479990152, 17.78941381685420353, 9.161436731533934008 ) ) ;
#4709 = CARTESIAN_POINT ( 'NONE',  ( -25.34110559031649856, 6.544310002705498341, 6.159028398229057011 ) ) ;
#4710 = CARTESIAN_POINT ( 'NONE',  ( 16.85384667494564681, -21.57274101486884632, 7.029025083921956352 ) ) ;
#4711 = CARTESIAN_POINT ( 'NONE',  ( -18.38768505861882119, -17.67118637024458394, 9.727524675858289172 ) ) ;
#4712 = CARTESIAN_POINT ( 'NONE',  ( 26.99999999999810996, 5.152378315205131010, 3.992473903233493715 ) ) ;
#4713 = CARTESIAN_POINT ( 'NONE',  ( -25.12070879871080109, 11.77252433750378025, 7.039588278229063079 ) ) ;
#4714 = CARTESIAN_POINT ( 'NONE',  ( 9.021425421964247349, -23.86251809075102415, 8.546369889147820587 ) ) ;
#4715 = B_SPLINE_CURVE_WITH_KNOTS ( 'NONE', 3,
 ( #155, #5411, #2059, #3457, #4853, #5350, #190, #2088, #3047, #4488 ),
 .UNSPECIFIED., .F., .F.,
 ( 4, 2, 2, 2, 4 ),
 ( 0.000000000000000000, 0.002206150798358935856, 0.004412301596717871713, 0.006618452395076805835, 0.008824603193435739956 ),
 .UNSPECIFIED. ) ;
#4716 = B_SPLINE_CURVE_WITH_KNOTS ( 'NONE', 3,
 ( #1045, #3951, #5852, #225, #4018, #260, #1589, #3486, #1109, #1182 ),
 .UNSPECIFIED., .F., .F.,
 ( 4, 2, 2, 2, 4 ),
 ( 0.005771817127876501322, 0.007210917562999733486, 0.008650017998122965651, 0.01008911843324619695, 0.01152821886836943172 ),
 .UNSPECIFIED. ) ;
#4717 = EDGE_CURVE ( 'NONE', #318, #1661, #2913, .T. ) ;
#4718 = CARTESIAN_POINT ( 'NONE',  ( -25.14717633375439121, -11.75861998229942174, 7.039561221607604224 ) ) ;
#4719 = APPROVAL_STATUS ( 'not_yet_approved' ) ;
#4720 = DIRECTION ( 'NONE',  ( 1.000000000000000000, 0.000000000000000000, 0.000000000000000000 ) ) ;
#4721 = CARTESIAN_POINT ( 'NONE',  ( 10.21278734432881308, 24.42479566316728068, 6.823215574995654009 ) ) ;
#4722 = CARTESIAN_POINT ( 'NONE',  ( -17.10782405198312617, 21.47448652756524368, 6.957441983543471764 ) ) ;
#4723 = ORIENTED_EDGE ( 'NONE', *, *, #4107, .F. ) ;
#4724 = VECTOR ( 'NONE', #4006, 1000.000000000000000 ) ;
#4725 = CARTESIAN_POINT ( 'NONE',  ( -23.97590761867103737, -1.242868163499581957, 12.17686745911350954 ) ) ;
#4726 = CARTESIAN_POINT ( 'NONE',  ( -23.97557028033913085, -1.247744475668704389, 12.17734572115946712 ) ) ;
#4727 = CARTESIAN_POINT ( 'NONE',  ( 25.60032561640440107, -4.902788240476926518, 6.042115849092356328 ) ) ;
#4728 = CARTESIAN_POINT ( 'NONE',  ( -24.26629305467768205, 17.82373504108358730, 0.6536333843771530150 ) ) ;
#4729 = DIRECTION ( 'NONE',  ( -0.000000000000000000, -1.000000000000000000, 0.000000000000000000 ) ) ;
#4730 = CARTESIAN_POINT ( 'NONE',  ( -13.63747159616142390, 24.87257026612604704, 1.618069675658668327 ) ) ;
#4731 = CARTESIAN_POINT ( 'NONE',  ( 26.71834912489573455, 5.571704605353780870, 7.006046593433199021 ) ) ;
#4732 = CIRCLE ( 'NONE', #2042, 10.00000000000000178 ) ;
#4733 = CARTESIAN_POINT ( 'NONE',  ( 18.04560378244869767, 21.35880350679774509, 0.9986801499030332208 ) ) ;
#4734 = ORIENTED_EDGE ( 'NONE', *, *, #6064, .T. ) ;
#4735 = ORIENTED_EDGE ( 'NONE', *, *, #589, .F. ) ;
#4736 = CIRCLE ( 'NONE', #2356, 18.49999999999999645 ) ;
#4737 = CARTESIAN_POINT ( 'NONE',  ( 18.58545685032167682, 19.06521667092147254, -15.00213039331039155 ) ) ;
#4738 = CARTESIAN_POINT ( 'NONE',  ( 12.08884689307400961, 20.74832218379769699, 8.855133201786559383 ) ) ;
#4739 = CARTESIAN_POINT ( 'NONE',  ( 26.81736553496978459, 13.53657550441733193, 0.6855565790251062497 ) ) ;
#4740 = CARTESIAN_POINT ( 'NONE',  ( 10.76717790494085669, -25.40823252346070404, 4.778147073372931430 ) ) ;
#4741 = CIRCLE ( 'NONE', #2054, 25.50000000000000000 ) ;
#4742 = CARTESIAN_POINT ( 'NONE',  ( 6.800836010601775783, -23.02322270240966517, 10.13806293351311361 ) ) ;
#4743 = CARTESIAN_POINT ( 'NONE',  ( 5.028186598200699464, -23.82252205199757356, 5.612719867486838154 ) ) ;
#4744 = AXIS2_PLACEMENT_3D ( 'NONE', #6074, #4147, #2244 ) ;
#4745 = DIRECTION ( 'NONE',  ( 7.142979018728031347E-15, 1.000000000000000000, 0.000000000000000000 ) ) ;
#4746 = CARTESIAN_POINT ( 'NONE',  ( 14.16310656438453464, -21.20744399466703811, 12.59099644683823094 ) ) ;
#4747 = EDGE_CURVE ( 'NONE', #1316, #4758, #4856, .T. ) ;
#4748 = CARTESIAN_POINT ( 'NONE',  ( -26.12481186812989264, -8.798647032842055182, 7.039393395955637622 ) ) ;
#4749 = CARTESIAN_POINT ( 'NONE',  ( 8.664310951064422284, -24.78992986866564863, 6.621000874539927139 ) ) ;
#4750 = CARTESIAN_POINT ( 'NONE',  ( -15.76797820945914630, 22.28711841317512921, 6.929874325894395781 ) ) ;
#4751 = ORIENTED_EDGE ( 'NONE', *, *, #3221, .T. ) ;
#4752 = DIRECTION ( 'NONE',  ( 0.000000000000000000, -0.9953820156193501356, -0.09599293193542875191 ) ) ;
#4753 = DIRECTION ( 'NONE',  ( 1.665334536937734811E-16, 0.000000000000000000, -1.000000000000000000 ) ) ;
#4754 = CARTESIAN_POINT ( 'NONE',  ( -8.611014891669899640, -23.36642607626895796, 6.112697507100019578 ) ) ;
#4755 = CARTESIAN_POINT ( 'NONE',  ( -16.85384667494507838, 21.57274101486922291, 7.029025083921919936 ) ) ;
#4756 = DIRECTION ( 'NONE',  ( -0.000000000000000000, -0.000000000000000000, 1.000000000000000000 ) ) ;
#4757 = CARTESIAN_POINT ( 'NONE',  ( 14.91480488965383167, 21.28981378789120527, 6.182370902131514967 ) ) ;
#4758 = VERTEX_POINT ( 'NONE', #1206 ) ;
#4759 = CARTESIAN_POINT ( 'NONE',  ( -25.03101180884842947, 13.88669689907339944, 3.720924664387303960 ) ) ;
#4760 = EDGE_LOOP ( 'NONE', ( #5175, #4215, #375, #3947, #5681, #3129, #3306 ) ) ;
#4761 = CARTESIAN_POINT ( 'NONE',  ( -19.02618519502264860, 16.99000404852106882, 13.32556653364393284 ) ) ;
#4762 = CARTESIAN_POINT ( 'NONE',  ( -9.266486834248892602E-15, 0.3809981657206035766, -46.68520981196139985 ) ) ;
#4763 = CARTESIAN_POINT ( 'NONE',  ( 25.98730943793859183, 9.304148471591862091, 7.040080642213252915 ) ) ;
#4764 = ADVANCED_FACE ( 'NONE', ( #1834 ), #624, .F. ) ;
#4765 = CARTESIAN_POINT ( 'NONE',  ( 17.11214588966985772, -23.57455827581251384, 4.448064176487648957 ) ) ;
#4766 = CARTESIAN_POINT ( 'NONE',  ( 20.15099699829378110, -17.40071493795672453, 6.037048729258584601 ) ) ;
#4767 = CARTESIAN_POINT ( 'NONE',  ( 4.596821932900796881, 25.49999999999999645, 3.879105583097201659 ) ) ;
#4768 = CARTESIAN_POINT ( 'NONE',  ( 18.49999999999998934, 5.499999999999927169, 1.223575944766521317 ) ) ;
#4769 = ADVANCED_FACE ( 'NONE', ( #2941 ), #2712, .T. ) ;
#4770 = CARTESIAN_POINT ( 'NONE',  ( 19.63198802538706289, -19.56638728121063053, 6.983343036632034817 ) ) ;
#4771 = CARTESIAN_POINT ( 'NONE',  ( -26.38991154300915198, -14.44780136060408893, 0.6623300218936756245 ) ) ;
#4772 = CARTESIAN_POINT ( 'NONE',  ( -7.442824977672779063, 23.99999999999998224, 3.111681393353154856 ) ) ;
#4773 = CARTESIAN_POINT ( 'NONE',  ( -1.320394482656753521, -21.07283178473206675, -18.33264234406698989 ) ) ;
#4774 = CARTESIAN_POINT ( 'NONE',  ( 26.54835951801983995, -6.728600003183274225, 7.029990595898253147 ) ) ;
#4775 = CARTESIAN_POINT ( 'NONE',  ( -11.27094235085953500, -22.74026004729782713, 6.211405936894570878 ) ) ;
#4776 = CARTESIAN_POINT ( 'NONE',  ( -28.50000000000000355, 4.425092742786671529, 1.391660071360973694 ) ) ;
#4777 = CARTESIAN_POINT ( 'NONE',  ( 2.449858462873347963E-15, 5.515576046464250481, -49.00662603528179773 ) ) ;
#4778 = CARTESIAN_POINT ( 'NONE',  ( 6.888155080739680969, 25.49999999999999645, 3.290432263557699688 ) ) ;
#4779 = CARTESIAN_POINT ( 'NONE',  ( 23.71021239447901507, -3.718309859155573438, 12.53772396082017693 ) ) ;
#4780 = CARTESIAN_POINT ( 'NONE',  ( -17.11214588967002825, 23.57455827581442165, 4.448064176488099264 ) ) ;
#4781 = CARTESIAN_POINT ( 'NONE',  ( 6.888155080739680969, 25.49999999999999645, 3.290432263557699688 ) ) ;
#4782 = APPLICATION_PROTOCOL_DEFINITION ( 'international standard', 'config_control_design', 1994, #4226 ) ;
#4783 = VERTEX_POINT ( 'NONE', #5507 ) ;
#4784 = CARTESIAN_POINT ( 'NONE',  ( -24.47548173769889601, 14.90192292698187160, 3.713476241596625815 ) ) ;
#4785 = ORIENTED_EDGE ( 'NONE', *, *, #918, .T. ) ;
#4786 = CARTESIAN_POINT ( 'NONE',  ( 24.68675955537183597, 13.98841851845806517, -11.96586131513393347 ) ) ;
#4787 = CARTESIAN_POINT ( 'NONE',  ( 23.63616051247961281, 4.190509841654101564, 8.998951229098146598 ) ) ;
#4788 = CARTESIAN_POINT ( 'NONE',  ( 12.83765884510452260, 22.29279558397667316, 6.074173566843982464 ) ) ;
#4789 = FACE_OUTER_BOUND ( 'NONE', #4038, .T. ) ;
#4790 = ORIENTED_EDGE ( 'NONE', *, *, #2703, .T. ) ;
#4791 = CARTESIAN_POINT ( 'NONE',  ( 14.40333572919652561, -19.21030478121100060, 9.070126985683403475 ) ) ;
#4792 = CARTESIAN_POINT ( 'NONE',  ( -13.24169698238642212, 23.42228946655263044, 1.619793228721010836 ) ) ;
#4793 = CARTESIAN_POINT ( 'NONE',  ( 5.744100854805472167, 25.49999999999999645, 3.590999442146512344 ) ) ;
#4794 = CARTESIAN_POINT ( 'NONE',  ( 17.57966586239681206, -23.32323717460151968, 1.124590318567660896 ) ) ;
#4795 = CARTESIAN_POINT ( 'NONE',  ( 13.49369527652034684, -21.64413678755868986, 9.375109326153058475 ) ) ;
#4796 = CIRCLE ( 'NONE', #5903, 21.00000000000000000 ) ;
#4797 = CARTESIAN_POINT ( 'NONE',  ( 23.25435349809944441, -6.055494269467788904, 12.95232924484372461 ) ) ;
#4798 = CARTESIAN_POINT ( 'NONE',  ( 9.646102824051890678, -24.56634204593975568, 6.773130650930973218 ) ) ;
#4799 = CARTESIAN_POINT ( 'NONE',  ( 23.51611637028409163, 18.72685231817295204, 0.6773457699207268146 ) ) ;
#4800 = CARTESIAN_POINT ( 'NONE',  ( -14.05075959479606595, 21.71370498985613651, 6.194203088295121340 ) ) ;
#4801 = EDGE_CURVE ( 'NONE', #4014, #650, #2040, .T. ) ;
#4802 = DIRECTION ( 'NONE',  ( 0.000000000000000000, 0.000000000000000000, -1.000000000000000000 ) ) ;
#4803 =( BOUNDED_SURFACE ( )  B_SPLINE_SURFACE ( 3, 2, ( 
 ( #365, #4099, #4657 ),
 ( #2692, #5120, #5564 ),
 ( #4068, #2661, #6027 ),
 ( #4567, #2263, #1360 ) ),
 .UNSPECIFIED., .F., .F., .F. ) 
 B_SPLINE_SURFACE_WITH_KNOTS ( ( 4, 4 ),
 ( 3, 3 ),
 ( -2.336672522140759156E-15, 0.001083614934831174815 ),
 ( 0.000000000000000000, 1.000000000000000000 ),
 .UNSPECIFIED. ) 
 GEOMETRIC_REPRESENTATION_ITEM ( )  RATIONAL_B_SPLINE_SURFACE ( (
 ( 1.000000000000000000, 0.9499568284406791907, 1.000000000000000000),
 ( 1.000000000000000000, 0.9523243524483863132, 1.000000000000000000),
 ( 1.000000000000000000, 0.9544208504205989874, 1.000000000000000000),
 ( 1.000000000000000000, 0.9561819365777163293, 1.000000000000000000) ) ) 
 REPRESENTATION_ITEM ( '' )  SURFACE ( )  );
#4804 = CARTESIAN_POINT ( 'NONE',  ( -22.27625353083876547, -16.74926295444882030, 6.989304685197642364 ) ) ;
#4805 = CARTESIAN_POINT ( 'NONE',  ( -23.63559609981050258, 4.194108881209456463, 8.971979218282811530 ) ) ;
#4806 = CARTESIAN_POINT ( 'NONE',  ( 23.87909427630933479, 2.484691748924136245, 12.31310269198314522 ) ) ;
#4807 = CARTESIAN_POINT ( 'NONE',  ( -12.89465894381415900, 20.25049987649842720, 12.49036452380909168 ) ) ;
#4808 = FACE_OUTER_BOUND ( 'NONE', #934, .T. ) ;
#4809 =( NAMED_UNIT ( * ) SI_UNIT ( $, .STERADIAN. ) SOLID_ANGLE_UNIT ( ) );
#4810 = EDGE_CURVE ( 'NONE', #1849, #5619, #5756, .T. ) ;
#4811 = ORIENTED_EDGE ( 'NONE', *, *, #2919, .T. ) ;
#4812 = CARTESIAN_POINT ( 'NONE',  ( -9.668771795048149542, 23.24453922086527058, 5.974784738557394448 ) ) ;
#4813 = CARTESIAN_POINT ( 'NONE',  ( -14.91385934781696854, 21.29029418333912105, 6.182384290828232487 ) ) ;
#4814 = ORIENTED_EDGE ( 'NONE', *, *, #899, .T. ) ;
#4815 = CARTESIAN_POINT ( 'NONE',  ( 24.92562051273907286, 13.62942597088354191, -11.74387255712949418 ) ) ;
#4816 = DIRECTION ( 'NONE',  ( 0.000000000000000000, 0.000000000000000000, 1.000000000000000000 ) ) ;
#4817 = CLOSED_SHELL ( 'NONE', ( #2540, #5695, #5462, #2827, #1902, #3493, #4988, #2026, #804, #3448, #469, #2, #3508, #1158, #1180, #1402, #798, #1863, #217, #53, #2053, #1847, #4513, #3899, #1205, #4579, #3166, #3148, #4692, #1276, #1269, #995, #2301, #2428, #1358, #3955, #201, #1838, #1501, #2403, #5070, #1647, #4210, #1581, #3737, #6077, #2991, #3333, #3038, #3438, #63, #5660, #1397, #5647, #2296, #5288, #5993, #5869, #2166, #4217, #2032, #2074, #44, #2929, #2647, #3776, #4067, #3977, #6018, #4835, #2199, #6049, #964, #2413, #5370, #6069, #2475, #936, #5497, #1566, #4060, #4497, #1894, #3781, #1060, #4769, #2750, #862, #5016, #235, #5229, #4504, #279, #4432, #2467, #878, #4632, #3478, #4700, #4764, #6133, #3282, #2767, #2225, #1684, #3685, #3274 ) ) ;
#4818 = CARTESIAN_POINT ( 'NONE',  ( 1.199287181516947654E-14, 6.829277436034487003, -43.57947785768985938 ) ) ;
#4819 = CARTESIAN_POINT ( 'NONE',  ( 28.33733711367980845, 8.130639895161600350, 0.9790987896969901572 ) ) ;
#4820 = DIRECTION ( 'NONE',  ( 0.000000000000000000, -0.000000000000000000, 1.000000000000000000 ) ) ;
#4821 = CIRCLE ( 'NONE', #3243, 208.2911684466444910 ) ;
#4822 = EDGE_LOOP ( 'NONE', ( #1871, #5961, #6043, #2285, #1487 ) ) ;
#4823 = CIRCLE ( 'NONE', #2759, 250.2911684466444626 ) ;
#4824 = CARTESIAN_POINT ( 'NONE',  ( 28.49999999999998579, 6.159073215340664653, 1.153848117603123891 ) ) ;
#4825 = CARTESIAN_POINT ( 'NONE',  ( 10.19371982882044669, -23.12279570604968981, 6.001316767382226303 ) ) ;
#4826 = CARTESIAN_POINT ( 'NONE',  ( -25.51012460499655532, 10.77886422674724365, 7.040348802746806633 ) ) ;
#4827 = CARTESIAN_POINT ( 'NONE',  ( 28.49999999999998934, -5.500000000000001776, 1.223575944766749357 ) ) ;
#4828 = CARTESIAN_POINT ( 'NONE',  ( 6.658906940276647646, -24.62181321784605714, 9.810509797262310983 ) ) ;
#4829 = AXIS2_PLACEMENT_3D ( 'NONE', #4455, #4883, #680 ) ;
#4830 = VERTEX_POINT ( 'NONE', #1686 ) ;
#4831 = AXIS2_PLACEMENT_3D ( 'NONE', #220, #611, #4415 ) ;
#4832 = CARTESIAN_POINT ( 'NONE',  ( -24.10095371261253661, -13.86052223883247514, 7.037561455125671550 ) ) ;
#4833 = CARTESIAN_POINT ( 'NONE',  ( -8.499999999999880984, -22.47226601139221813, -17.16850798049251736 ) ) ;
#4834 = CARTESIAN_POINT ( 'NONE',  ( 26.99999999999999289, 2.391973567106707055, -5.097069875208021905 ) ) ;
#4835 = ADVANCED_FACE ( 'NONE', ( #3583 ), #1212, .F. ) ;
#4836 = CARTESIAN_POINT ( 'NONE',  ( -26.81297096626762766, -4.972473877298796197, 6.923385569297034081 ) ) ;
#4837 = CARTESIAN_POINT ( 'NONE',  ( -25.74333172530765879, 0.8106091045975785114, 6.054101950831642043 ) ) ;
#4838 = CARTESIAN_POINT ( 'NONE',  ( 6.888155080739680969, 23.99999999999999289, 3.290432263557699688 ) ) ;
#4839 = CARTESIAN_POINT ( 'NONE',  ( -19.78357692162789760, 19.35100692291885238, 7.041142054163183950 ) ) ;
#4840 = CARTESIAN_POINT ( 'NONE',  ( -8.500000000000000000, 5.499999999999994671, -9.999999999999998224 ) ) ;
#4841 = CARTESIAN_POINT ( 'NONE',  ( -24.70776053085325330, -6.432411278199358762, 12.95195920905052489 ) ) ;
#4842 = EDGE_CURVE ( 'NONE', #1073, #2451, #5018, .T. ) ;
#4843 = DIRECTION ( 'NONE',  ( -6.958303758924493467E-15, -0.9783387852744761526, 0.2070101959509792477 ) ) ;
#4844 =( BOUNDED_SURFACE ( )  B_SPLINE_SURFACE ( 3, 2, ( 
 ( #4452, #3982, #4015 ),
 ( #3044, #257, #676 ),
 ( #2485, #1652, #4981 ),
 ( #3552, #709, #2148 ),
 ( #1553, #3453, #5346 ),
 ( #5984, #1722, #1345 ),
 ( #779, #3108, #3621 ),
 ( #3712, #2217, #4086 ),
 ( #3235, #352, #4673 ),
 ( #5510, #2741, #1249 ),
 ( #3209, #2777, #379 ),
 ( #3649, #5955, #2646 ),
 ( #409, #5045, #1689 ),
 ( #2308, #3142, #5547 ),
 ( #2677, #1283, #3586 ),
 ( #4584, #4551, #4182 ),
 ( #3179, #2185, #5074 ),
 ( #2246, #4149, #5476 ),
 ( #1783, #4611, #4116 ),
 ( #6045, #3684, #6076 ),
 ( #743, #1215, #5137 ),
 ( #6015, #5012, #321 ),
 ( #4641, #2278, #290 ),
 ( #1752, #809, #872 ),
 ( #1811, #5106, #5608 ),
 ( #1317, #2708, #5580 ),
 ( #840, #18, #3356 ),
 ( #2336, #2856, #1004 ),
 ( #4699, #3379, #2879 ),
 ( #49, #3269, #4319 ) ),
 .UNSPECIFIED., .F., .F., .F. ) 
 B_SPLINE_SURFACE_WITH_KNOTS ( ( 4, 2, 2, 2, 2, 2, 2, 2, 2, 2, 2, 2, 2, 2, 4 ),
 ( 3, 3 ),
 ( 0.005207726047774786926, 0.006203932372237364740, 0.007200138696699942553, 0.009192551345625098180, 0.009690654507856387087, 0.01018875767008767599, 0.01118496399455025381, 0.01218117031901283162, 0.01317737664347541117, 0.01516978929240056853, 0.01616599561686314634, 0.01716220194132572416, 0.01915461459025087979, 0.02015082091471345760, 0.02114702723917603541 ),
 ( 0.000000000000000000, 1.000000000000000000 ),
 .UNSPECIFIED. ) 
 GEOMETRIC_REPRESENTATION_ITEM ( )  RATIONAL_B_SPLINE_SURFACE ( (
 ( 1.000000000000000000, 0.9499568284406350038, 1.000000000000000000),
 ( 1.000000000000000000, 0.9488501084893171678, 1.000000000000000000),
 ( 1.000000000000000000, 0.9478323343224775988, 1.000000000000000000),
 ( 1.000000000000000000, 0.9459901836704581735, 1.000000000000000000),
 ( 1.000000000000000000, 0.9451762947881171550, 1.000000000000000000),
 ( 1.000000000000000000, 0.9430294847822724424, 1.000000000000000000),
 ( 1.000000000000000000, 0.9419872769409511903, 1.000000000000000000),
 ( 1.000000000000000000, 0.9411443959556190508, 1.000000000000000000),
 ( 1.000000000000000000, 0.9409993171452951666, 1.000000000000000000),
 ( 1.000000000000000000, 0.9407587395141111530, 1.000000000000000000),
 ( 1.000000000000000000, 0.9406626763132385216, 1.000000000000000000),
 ( 1.000000000000000000, 0.9404453175210495397, 1.000000000000000000),
 ( 1.000000000000000000, 0.9403945631400091321, 1.000000000000000000),
 ( 1.000000000000000000, 0.9404787722180413256, 1.000000000000000000),
 ( 1.000000000000000000, 0.9406137245538434000, 1.000000000000000000),
 ( 1.000000000000000000, 0.9410762060889813485, 1.000000000000000000),
 ( 1.000000000000000000, 0.9414057401017125182, 1.000000000000000000),
 ( 1.000000000000000000, 0.9426806430279663918, 1.000000000000000000),
 ( 1.000000000000000000, 0.9438979437215880841, 1.000000000000000000),
 ( 1.000000000000000000, 0.9463101426780300418, 1.000000000000000000),
 ( 1.000000000000000000, 0.9472129137771158058, 1.000000000000000000),
 ( 1.000000000000000000, 0.9492333359681855987, 1.000000000000000000),
 ( 1.000000000000000000, 0.9503417831560456719, 1.000000000000000000),
 ( 1.000000000000000000, 0.9539304162107429264, 1.000000000000000000),
 ( 1.000000000000000000, 0.9566923405399362368, 1.000000000000000000),
 ( 1.000000000000000000, 0.9613818286979263217, 1.000000000000000000),
 ( 1.000000000000000000, 0.9630380021557218839, 1.000000000000000000),
 ( 1.000000000000000000, 0.9664127748869979495, 1.000000000000000000),
 ( 1.000000000000000000, 0.9681407999675940568, 1.000000000000000000),
 ( 1.000000000000000000, 0.9698494303495822644, 1.000000000000000000) ) ) 
 REPRESENTATION_ITEM ( '' )  SURFACE ( )  );
#4845 = ORIENTED_EDGE ( 'NONE', *, *, #3289, .F. ) ;
#4846 = CARTESIAN_POINT ( 'NONE',  ( -11.77600998540946975, 22.69678239530665920, 6.061741211871386703 ) ) ;
#4847 = CARTESIAN_POINT ( 'NONE',  ( -19.57559203645392998, 20.36813461286899241, 0.8518456081122975920 ) ) ;
#4848 = VERTEX_POINT ( 'NONE', #6104 ) ;
#4849 = CARTESIAN_POINT ( 'NONE',  ( -28.50000000000000000, -5.500000000000007994, 1.223575944766496448 ) ) ;
#4850 = CARTESIAN_POINT ( 'NONE',  ( -5.094959455014572036, 25.00749832689837504, 8.722552977902596538 ) ) ;
#4851 = FACE_OUTER_BOUND ( 'NONE', #1106, .T. ) ;
#4852 = CARTESIAN_POINT ( 'NONE',  ( 28.49999999999998934, -2.960475922609906885, 1.532905204660779175 ) ) ;
#4853 = CARTESIAN_POINT ( 'NONE',  ( 4.847589602220057081, -20.58962477035305838, -16.81068690851602554 ) ) ;
#4854 = CARTESIAN_POINT ( 'NONE',  ( 25.52366875980457550, 10.79626415341222589, 7.040795400031638174 ) ) ;
#4855 = CARTESIAN_POINT ( 'NONE',  ( 26.54835951801997851, -6.728600003182378941, 7.029990595898250483 ) ) ;
#4856 = B_SPLINE_CURVE_WITH_KNOTS ( 'NONE', 3,
 ( #4664, #2299, #863, #6099 ),
 .UNSPECIFIED., .F., .F.,
 ( 4, 4 ),
 ( 0.000000000000000000, 0.006668660198548327818 ),
 .UNSPECIFIED. ) ;
#4857 = EDGE_LOOP ( 'NONE', ( #1378, #2147, #3460, #4050, #4172, #6113, #957, #4947 ) ) ;
#4858 = CARTESIAN_POINT ( 'NONE',  ( 10.01756333055369197, -21.83960164798628867, 11.65200623675939262 ) ) ;
#4859 = CARTESIAN_POINT ( 'NONE',  ( -28.29558430515574230, 8.654026764954915407, 4.363516895766642811 ) ) ;
#4860 = CARTESIAN_POINT ( 'NONE',  ( 25.19210066913408497, 3.950704225351978405, 12.53772396082001528 ) ) ;
#4861 = CARTESIAN_POINT ( 'NONE',  ( 24.07908720915241219, -8.418254084003178761, 9.694449505024236302 ) ) ;
#4862 = CARTESIAN_POINT ( 'NONE',  ( -14.41500508979612860, -19.22536527349604540, 9.075145352323685799 ) ) ;
#4863 = CARTESIAN_POINT ( 'NONE',  ( -15.43118612517985966, -24.31740892275420052, 4.516610854336554404 ) ) ;
#4864 = CARTESIAN_POINT ( 'NONE',  ( 26.44054487591788316, -10.06557908771054421, 3.800472278132100978 ) ) ;
#4865 = CARTESIAN_POINT ( 'NONE',  ( 8.603341425241234575, -23.36795370828903273, 6.111636427100785696 ) ) ;
#4866 = CARTESIAN_POINT ( 'NONE',  ( 26.99999999999999289, 3.782124646034809690, -5.506556375814322557 ) ) ;
#4867 = CARTESIAN_POINT ( 'NONE',  ( -26.04618801184971844, 9.279739281481189650, 6.979795834623103268 ) ) ;
#4868 = CARTESIAN_POINT ( 'NONE',  ( -28.50000000000000000, 1.487162735981580886, 1.605623278482739114 ) ) ;
#4869 = CARTESIAN_POINT ( 'NONE',  ( -7.615589605132879747, -23.58200398911766982, 5.823335960633610142 ) ) ;
#4870 = CARTESIAN_POINT ( 'NONE',  ( -23.96882585698620360, -1.416757716922868227, 8.860629494453068133 ) ) ;
#4871 = EDGE_CURVE ( 'NONE', #4638, #879, #3529, .T. ) ;
#4872 = CARTESIAN_POINT ( 'NONE',  ( 2.528743312988598557, -23.96470973699091900, 5.312930452378892276 ) ) ;
#4873 = CARTESIAN_POINT ( 'NONE',  ( -11.11934551032881835, 24.18245922215846733, 6.870815074519321719 ) ) ;
#4874 = DIRECTION ( 'NONE',  ( 0.000000000000000000, 0.000000000000000000, -1.000000000000000000 ) ) ;
#4875 = CARTESIAN_POINT ( 'NONE',  ( -18.15749044088372344, -17.91552695535583695, 13.24122168970190927 ) ) ;
#4876 = EDGE_LOOP ( 'NONE', ( #265, #4112, #4091, #4550 ) ) ;
#4877 = CARTESIAN_POINT ( 'NONE',  ( -12.83107278889806224, 22.32120039128422917, 6.076680663370323643 ) ) ;
#4878 = CARTESIAN_POINT ( 'NONE',  ( -16.19886111449611477, 20.53829437770285793, 6.161790844504367648 ) ) ;
#4879 = EDGE_LOOP ( 'NONE', ( #4514, #4416, #2216 ) ) ;
#4880 = CARTESIAN_POINT ( 'NONE',  ( -23.51611637028404189, -18.72685231817302309, 0.6773457699207292571 ) ) ;
#4881 = CARTESIAN_POINT ( 'NONE',  ( -1.028632314817262028, 25.49999999999999645, 5.760035780229712188 ) ) ;
#4882 = DIRECTION ( 'NONE',  ( -7.441933196985691860E-17, -0.000000000000000000, 1.000000000000000000 ) ) ;
#4883 = DIRECTION ( 'NONE',  ( -0.9671784316955587268, 8.076205283331302018E-16, -0.2540981724903180750 ) ) ;
#4884 = CARTESIAN_POINT ( 'NONE',  ( -24.17435204357335721, -14.68149711883006425, -12.38841596037210024 ) ) ;
#4885 = CARTESIAN_POINT ( 'NONE',  ( 12.60136980672737295, 23.69181177920142289, 6.935756856477631516 ) ) ;
#4886 =( BOUNDED_SURFACE ( )  B_SPLINE_SURFACE ( 3, 2, ( 
 ( #4898, #1198, #3095 ),
 ( #3932, #3965, #5866 ),
 ( #3997, #273, #1600 ),
 ( #725, #1671, #4996 ),
 ( #2566, #135, #694 ),
 ( #1058, #5901, #4534 ) ),
 .UNSPECIFIED., .F., .F., .F. ) 
 B_SPLINE_SURFACE_WITH_KNOTS ( ( 4, 2, 4 ),
 ( 3, 3 ),
 ( 0.03750064219285706435, 0.04235870784316336790, 0.04721677349346966451 ),
 ( 0.000000000000000000, 0.6905842183416859292 ),
 .UNSPECIFIED. ) 
 GEOMETRIC_REPRESENTATION_ITEM ( )  RATIONAL_B_SPLINE_SURFACE ( (
 ( 1.000000000000000000, 0.9772955711925431777, 0.9859497828268704023),
 ( 1.000000000000000000, 0.9848712118057840748, 0.9906378283506871441),
 ( 1.000000000000000000, 0.9905273368075661056, 0.9941380170278542039),
 ( 1.000000000000000000, 0.9980903183359752795, 0.9988182287104143686),
 ( 1.000000000000000000, 1.000000000000000000, 1.000000000000000000),
 ( 1.000000000000000000, 1.000000000000000000, 1.000000000000000000) ) ) 
 REPRESENTATION_ITEM ( '' )  SURFACE ( )  );
#4887 = CARTESIAN_POINT ( 'NONE',  ( 28.49999999999998934, -4.791499371635073778, 1.356324440047747215 ) ) ;
#4888 = EDGE_CURVE ( 'NONE', #984, #5578, #5671, .T. ) ;
#4889 = CARTESIAN_POINT ( 'NONE',  ( 25.32864367228249947, -7.217205946081731938, 6.071092178671273487 ) ) ;
#4890 = CARTESIAN_POINT ( 'NONE',  ( -35.07135583350038388, 5.499999999999809930, 12.53772396082002771 ) ) ;
#4891 = CARTESIAN_POINT ( 'NONE',  ( -23.71247108332982734, -14.54151488788443736, 7.037160898369301698 ) ) ;
#4892 = CARTESIAN_POINT ( 'NONE',  ( 26.40367835815839825, 10.31370322212693402, 0.8004019522684083787 ) ) ;
#4893 = CARTESIAN_POINT ( 'NONE',  ( 17.08704929355193869, 18.93976272471157074, 9.671934875434979872 ) ) ;
#4894 = CARTESIAN_POINT ( 'NONE',  ( 25.12769022468973290, -4.361424519261377419, 9.459693824612200430 ) ) ;
#4895 = CARTESIAN_POINT ( 'NONE',  ( -24.41195412066116788, 10.36555263200038901, 6.105326307322719082 ) ) ;
#4896 = CARTESIAN_POINT ( 'NONE',  ( -14.93964086264915281, -21.36071214734919366, 6.085962880603912772 ) ) ;
#4897 = CARTESIAN_POINT ( 'NONE',  ( -9.094771751158615913, -25.50000000000001066, 2.476904023959852097 ) ) ;
#4898 = CARTESIAN_POINT ( 'NONE',  ( -6.105633802816798905, -24.75825591324842634, 9.425626491315799882 ) ) ;
#4899 = CARTESIAN_POINT ( 'NONE',  ( 7.168096659138517346, -24.00000000000000000, 3.207891373695650028 ) ) ;
#4900 = CARTESIAN_POINT ( 'NONE',  ( 21.71349323277578591, -13.43078163334164188, 13.44147042716408080 ) ) ;
#4901 = AXIS2_PLACEMENT_3D ( 'NONE', #3785, #2844, #2380 ) ;
#4902 = CARTESIAN_POINT ( 'NONE',  ( -9.005040708901244528, 22.49507841184981771, -17.14632008242719152 ) ) ;
#4903 = CARTESIAN_POINT ( 'NONE',  ( -21.75509817044235206, -13.36186875494909820, 13.44057772491434655 ) ) ;
#4904 = CARTESIAN_POINT ( 'NONE',  ( -23.71021239447913231, 3.718309859154834029, 12.53772396082003837 ) ) ;
#4905 = CARTESIAN_POINT ( 'NONE',  ( -27.00000000000000355, 5.499999999998711253, 1.223575944766787549 ) ) ;
#4906 = CARTESIAN_POINT ( 'NONE',  ( 28.49999999999998579, -5.499999999999973355, -5.916438420940946408 ) ) ;
#4907 = CARTESIAN_POINT ( 'NONE',  ( 25.29479213182469266, 3.295880801881938993, 12.41308974931008358 ) ) ;
#4908 = CARTESIAN_POINT ( 'NONE',  ( -26.78567791675019549, 4.962546371393241174, 6.964692016090493709 ) ) ;
#4909 = ORIENTED_EDGE ( 'NONE', *, *, #152, .T. ) ;
#4910 = CARTESIAN_POINT ( 'NONE',  ( 8.051080258231852582, 23.99999999999846523, 4.667955306385955794 ) ) ;
#4911 = DIRECTION ( 'NONE',  ( 0.000000000000000000, -0.2070101959509759448, 0.9783387852744767077 ) ) ;
#4912 = VERTEX_POINT ( 'NONE', #1453 ) ;
#4913 = CARTESIAN_POINT ( 'NONE',  ( -11.07648443150915440, -25.34392259290321547, 2.059723801248801056 ) ) ;
#4914 = CARTESIAN_POINT ( 'NONE',  ( 28.49999999999998579, 0.9674433970787121861, -4.478020567642226446 ) ) ;
#4915 = CARTESIAN_POINT ( 'NONE',  ( 0.000000000000000000, -25.50000000000000355, 5.000000000000000000 ) ) ;
#4916 = CARTESIAN_POINT ( 'NONE',  ( 13.99999999999997513, 2.571758278209441267E-15, -121.7595244375778378 ) ) ;
#4917 = CARTESIAN_POINT ( 'NONE',  ( -1.748735759257106283E-15, 1.523716018999215160, -46.54137542425157648 ) ) ;
#4918 = CARTESIAN_POINT ( 'NONE',  ( -7.398968097638230823, 24.42108654477220142, 8.031397837107480342 ) ) ;
#4919 = CARTESIAN_POINT ( 'NONE',  ( 26.23807372088040779, 14.74508930744592483, 0.6565470080922021223 ) ) ;
#4920 = CARTESIAN_POINT ( 'NONE',  ( 8.499999999999847233, 15.49999999999999289, -10.00000000000000000 ) ) ;
#4921 = EDGE_LOOP ( 'NONE', ( #1040, #846, #3539, #4785, #609 ) ) ;
#4922 = AXIS2_PLACEMENT_3D ( 'NONE', #5453, #4990, #717 ) ;
#4923 = CARTESIAN_POINT ( 'NONE',  ( 2.393030499778320497, 23.88525087252256540, 6.873510808487720780 ) ) ;
#4924 = CARTESIAN_POINT ( 'NONE',  ( 7.573189171425168453, 23.56113474867197155, 5.897889810354421058 ) ) ;
#4925 = CARTESIAN_POINT ( 'NONE',  ( -14.58211864897848820, -22.86674745962655564, 6.996969925899939824 ) ) ;
#4926 = CARTESIAN_POINT ( 'NONE',  ( 24.91911929986886065, 5.557914871425944092, 9.561196903744137998 ) ) ;
#4927 =( BOUNDED_SURFACE ( )  B_SPLINE_SURFACE ( 3, 2, ( 
 ( #1851, #5520, #2196 ),
 ( #5053, #882, #2226 ),
 ( #3721, #6054, #6022 ),
 ( #788, #360, #2288 ),
 ( #849, #3750, #1793 ),
 ( #3189, #5654, #2685 ),
 ( #1819, #329, #2257 ),
 ( #4161, #4654, #420 ) ),
 .UNSPECIFIED., .F., .F., .F. ) 
 B_SPLINE_SURFACE_WITH_KNOTS ( ( 4, 2, 2, 4 ),
 ( 3, 3 ),
 ( -1.899522206194603768E-16, 0.0008714318383535010802, 0.001307147757530346651, 0.001742863676707192113 ),
 ( 0.000000000000000000, 1.000000000000000000 ),
 .UNSPECIFIED. ) 
 GEOMETRIC_REPRESENTATION_ITEM ( )  RATIONAL_B_SPLINE_SURFACE ( (
 ( 1.000000000000000000, 0.9698494303495865942, 1.000000000000000000),
 ( 1.000000000000000000, 0.9727757231570706153, 1.000000000000000000),
 ( 1.000000000000000000, 0.9756221637373471145, 1.000000000000000000),
 ( 1.000000000000000000, 0.9798391732877722582, 1.000000000000000000),
 ( 1.000000000000000000, 0.9812353425173732102, 1.000000000000000000),
 ( 1.000000000000000000, 0.9840572132369225233, 1.000000000000000000),
 ( 1.000000000000000000, 0.9854775435679543616, 1.000000000000000000),
 ( 1.000000000000000000, 0.9870077998581006096, 1.000000000000000000) ) ) 
 REPRESENTATION_ITEM ( '' )  SURFACE ( )  );
#4928 = CARTESIAN_POINT ( 'NONE',  ( -25.92168630284085751, 11.73568097546377409, 3.758231625707592283 ) ) ;
#4929 = EDGE_CURVE ( 'NONE', #5874, #183, #3324, .T. ) ;
#4930 = AXIS2_PLACEMENT_3D ( 'NONE', #801, #2700, #1339 ) ;
#4931 = CARTESIAN_POINT ( 'NONE',  ( -18.40425478239461654, -15.45010828692743488, 13.37429271251191132 ) ) ;
#4932 = DIRECTION ( 'NONE',  ( -0.8922873051864983474, 6.346274116054710704E-15, 0.4514680110517432787 ) ) ;
#4933 = CARTESIAN_POINT ( 'NONE',  ( 26.01875123958860314, -11.45829949461032626, 3.764398297555080042 ) ) ;
#4934 = CARTESIAN_POINT ( 'NONE',  ( 1.948474393722076143E-14, -16.07191310398864914, -27.94505448374113143 ) ) ;
#4935 = EDGE_CURVE ( 'NONE', #5368, #1422, #1027, .T. ) ;
#4936 = CARTESIAN_POINT ( 'NONE',  ( 13.20685582141928371, -21.82233173940827342, 12.37308114364877909 ) ) ;
#4937 = VERTEX_POINT ( 'NONE', #462 ) ;
#4938 = CIRCLE ( 'NONE', #6145, 18.49999999999999645 ) ;
#4939 = CARTESIAN_POINT ( 'NONE',  ( -21.72790456979105400, 19.09222381040883576, -14.44340256373392251 ) ) ;
#4940 = CARTESIAN_POINT ( 'NONE',  ( -20.33848762241965247, -15.43274940711316034, 13.41777258295689990 ) ) ;
#4941 = CARTESIAN_POINT ( 'NONE',  ( 23.92728840104233612, 8.839674439538732997, 13.20851946311342395 ) ) ;
#4942 = CARTESIAN_POINT ( 'NONE',  ( -27.00000000000000355, 4.785254269893327361, 1.356926708549556215 ) ) ;
#4943 = DIRECTION ( 'NONE',  ( -0.9879255164366307351, 0.1549295774647834467, 0.000000000000000000 ) ) ;
#4944 = DIRECTION ( 'NONE',  ( -7.347064133548831161E-15, -1.000000000000000000, 0.000000000000000000 ) ) ;
#4945 = VERTEX_POINT ( 'NONE', #6165 ) ;
#4946 = CARTESIAN_POINT ( 'NONE',  ( -9.406048818466494765, 23.30018994753499584, 5.959555910511894261 ) ) ;
#4947 = ORIENTED_EDGE ( 'NONE', *, *, #1743, .T. ) ;
#4948 = CARTESIAN_POINT ( 'NONE',  ( -9.142681365873514210, -25.50000000000001776, 2.464783675580485056 ) ) ;
#4949 = EDGE_CURVE ( 'NONE', #2644, #4178, #4531, .T. ) ;
#4950 = CARTESIAN_POINT ( 'NONE',  ( 7.694077540369691270, -24.98368793961411072, 6.358029377436301033 ) ) ;
#4951 = CARTESIAN_POINT ( 'NONE',  ( 26.99985281402448223, -1.659290027770973230, 6.873670123668500054 ) ) ;
#4952 = CARTESIAN_POINT ( 'NONE',  ( 0.000000000000000000, 0.000000000000000000, 0.000000000000000000 ) ) ;
#4953 = CARTESIAN_POINT ( 'NONE',  ( 8.499999999999729994, 25.49999999999999645, 2.627371485753585922 ) ) ;
#4954 = CARTESIAN_POINT ( 'NONE',  ( 24.42141998729981367, 10.39362849313810955, 6.104550186940798540 ) ) ;
#4955 = ORIENTED_EDGE ( 'NONE', *, *, #5154, .T. ) ;
#4956 = CARTESIAN_POINT ( 'NONE',  ( 1.204994486957899828E-16, 25.49999999999999645, 4.999999999999999112 ) ) ;
#4957 = CARTESIAN_POINT ( 'NONE',  ( 1.469576158976823750E-15, 23.99999999999999645, 5.000000000000000000 ) ) ;
#4958 = EDGE_CURVE ( 'NONE', #1007, #5517, #2997, .T. ) ;
#4959 = CARTESIAN_POINT ( 'NONE',  ( -20.50863852879576399, -18.63344441745459790, 7.040205724883665361 ) ) ;
#4960 = CARTESIAN_POINT ( 'NONE',  ( -18.98108592203630351, -18.48589799577236548, 6.112883380539498646 ) ) ;
#4961 = CARTESIAN_POINT ( 'NONE',  ( -26.28845837649447859, 10.62479379551409231, 3.784641873395746092 ) ) ;
#4962 = CARTESIAN_POINT ( 'NONE',  ( 10.13961375592016978, 24.44435605127732103, 6.819373536273307224 ) ) ;
#4963 = CARTESIAN_POINT ( 'NONE',  ( -20.47538651335674942, -12.57587647524729491, 13.44057772490980618 ) ) ;
#4964 = CARTESIAN_POINT ( 'NONE',  ( -10.76742364442868016, -25.40820759603799672, 4.778128835069058944 ) ) ;
#4965 = CARTESIAN_POINT ( 'NONE',  ( 26.99999999999998934, -5.499999999997871925, 1.223575944766757351 ) ) ;
#4966 = CARTESIAN_POINT ( 'NONE',  ( 3.003898945408901271E-15, -15.53783506973620376, -29.36052051162295840 ) ) ;
#4967 = DIRECTION ( 'NONE',  ( 0.1535354275131885771, -0.9790355657025066050, -0.1338515356203104079 ) ) ;
#4968 = VERTEX_POINT ( 'NONE', #4671 ) ;
#4969 = CARTESIAN_POINT ( 'NONE',  ( 9.521247357058125971, 22.51839517140876623, -17.12364163237758063 ) ) ;
#4970 = CARTESIAN_POINT ( 'NONE',  ( -12.22479231164176916, -22.39272476882812057, 9.208701507773429995 ) ) ;
#4971 = CARTESIAN_POINT ( 'NONE',  ( -27.00000000000000000, 5.499999999999856115, 1.223575944766644330 ) ) ;
#4972 = CARTESIAN_POINT ( 'NONE',  ( 8.499999999999847233, 25.49999999999999645, 5.000000000000000000 ) ) ;
#4973 = CARTESIAN_POINT ( 'NONE',  ( 7.573189171425155131, -23.56113474867199642, 5.897889810354373985 ) ) ;
#4974 = CARTESIAN_POINT ( 'NONE',  ( 25.37153766857866444, 2.639984983231935090, 12.31310269198315410 ) ) ;
#4975 = CARTESIAN_POINT ( 'NONE',  ( 8.499999999999847233, 25.49999999999999645, 2.627371485753603242 ) ) ;
#4976 = CC_DESIGN_DATE_AND_TIME_ASSIGNMENT ( #5161, #3792, ( #228 ) ) ;
#4977 = ORIENTED_EDGE ( 'NONE', *, *, #1090, .F. ) ;
#4978 = CARTESIAN_POINT ( 'NONE',  ( -6.105633802816763378, 24.75825591324843344, 9.425626491315746591 ) ) ;
#4979 = CARTESIAN_POINT ( 'NONE',  ( 1.336881368879840215, -21.04086071170349825, -18.32964962031657663 ) ) ;
#4980 = ORIENTED_EDGE ( 'NONE', *, *, #5820, .T. ) ;
#4981 = CARTESIAN_POINT ( 'NONE',  ( -25.18294327651319264, -7.525656041611701319, 6.144608289383250543 ) ) ;
#4982 = LINE ( 'NONE', #224, #5531 ) ;
#4983 = CARTESIAN_POINT ( 'NONE',  ( -1.202128291164181295, 23.99999999999383959, 4.938815390054261734 ) ) ;
#4984 = CARTESIAN_POINT ( 'NONE',  ( 8.151378718255610778, -25.50000000000001066, 4.943248307533576025 ) ) ;
#4985 = CARTESIAN_POINT ( 'NONE',  ( -25.57071147783539544, -12.54241150247055714, -11.05445998276029762 ) ) ;
#4986 = CARTESIAN_POINT ( 'NONE',  ( 22.95004701229867194, 19.34362185598206452, 0.7012964756605382100 ) ) ;
#4987 = CARTESIAN_POINT ( 'NONE',  ( -7.029747285369827736, 25.49999999999999645, 3.253232974830451596 ) ) ;
#4988 = ADVANCED_FACE ( 'NONE', ( #2305 ), #5642, .F. ) ;
#4989 = VERTEX_POINT ( 'NONE', #4696 ) ;
#4990 = DIRECTION ( 'NONE',  ( -0.1535354275131927126, 0.9790355657025058278, -0.1338515356203126561 ) ) ;
#4991 = CARTESIAN_POINT ( 'NONE',  ( -26.38387328186292535, -7.770089363537049820, 7.037615013989504398 ) ) ;
#4992 = CARTESIAN_POINT ( 'NONE',  ( 18.12668144922236024, 20.75785391911854916, 6.971134745509679931 ) ) ;
#4993 = CARTESIAN_POINT ( 'NONE',  ( 9.646102824051935087, 24.56634204593973436, 6.773130650931031838 ) ) ;
#4994 = CARTESIAN_POINT ( 'NONE',  ( -22.72779493198426337, -7.732779649439993186, 13.14984229994351139 ) ) ;
#4995 = CARTESIAN_POINT ( 'NONE',  ( -10.19477681128856972, -25.46619808452215850, 4.820374829951752815 ) ) ;
#4996 = CARTESIAN_POINT ( 'NONE',  ( -2.607872847739310274, -25.45676399245258281, 5.469108878629035608 ) ) ;
#4997 = CARTESIAN_POINT ( 'NONE',  ( -1.299946512479683428E-14, -1.524603005861483007, -46.54121205110047299 ) ) ;
#4998 = CARTESIAN_POINT ( 'NONE',  ( 27.08744836485422880, -12.93130645830548886, -10.57938063823949015 ) ) ;
#4999 = ORIENTED_EDGE ( 'NONE', *, *, #3853, .T. ) ;
#5000 = CARTESIAN_POINT ( 'NONE',  ( 7.442824977672787057, -25.50000000000000355, 3.111681393353158409 ) ) ;
#5001 = CARTESIAN_POINT ( 'NONE',  ( -18.59823878793005392, -17.44932710918920193, 9.734651347869419880 ) ) ;
#5002 = CARTESIAN_POINT ( 'NONE',  ( 25.72487489174886122, -1.633470934003580899, 6.083463096783581214 ) ) ;
#5003 = CARTESIAN_POINT ( 'NONE',  ( 26.02491679198431029, -11.45820546387898098, 0.7438344253507577220 ) ) ;
#5004 = CARTESIAN_POINT ( 'NONE',  ( -23.25435349809945862, 6.055494269467692092, 12.95232924484371040 ) ) ;
#5005 = FACE_OUTER_BOUND ( 'NONE', #4672, .T. ) ;
#5006 = CARTESIAN_POINT ( 'NONE',  ( 0.000000000000000000, 25.49999999999999645, 5.000000000000000000 ) ) ;
#5007 = AXIS2_PLACEMENT_3D ( 'NONE', #962, #5792, #6176 ) ;
#5008 = VERTEX_POINT ( 'NONE', #4407 ) ;
#5009 = CARTESIAN_POINT ( 'NONE',  ( -15.92196675537512007, 17.99684783136924793, 13.09554848126695603 ) ) ;
#5010 = CARTESIAN_POINT ( 'NONE',  ( -26.93064701065670263, 3.308364247595469543, 6.908686409398020700 ) ) ;
#5011 = EDGE_LOOP ( 'NONE', ( #16, #4811, #2193 ) ) ;
#5012 = CARTESIAN_POINT ( 'NONE',  ( -16.93779300842939861, -21.98334594020505861, 3.939624963886246167 ) ) ;
#5013 = CARTESIAN_POINT ( 'NONE',  ( 18.82005877687461037, 18.66671001429144283, 6.051209408438198878 ) ) ;
#5014 = CARTESIAN_POINT ( 'NONE',  ( 7.744943699346235277, -25.50000000000001066, 4.922956740478689142 ) ) ;
#5015 = CARTESIAN_POINT ( 'NONE',  ( 24.33433882073510190, 17.73433462743495426, 4.261311418071279888 ) ) ;
#5016 = ADVANCED_FACE ( 'NONE', ( #3506 ), #405, .T. ) ;
#5017 = CARTESIAN_POINT ( 'NONE',  ( 24.96889037147075641, 8.501147970055392022, 6.130349205022169734 ) ) ;
#5018 = B_SPLINE_CURVE_WITH_KNOTS ( 'NONE', 3,
 ( #1925, #951, #5134, #1872, #4208, #2390 ),
 .UNSPECIFIED., .F., .F.,
 ( 4, 2, 4 ),
 ( 1.116237607345496225E-16, 0.0008714490287456613934, 0.001742898057491211114 ),
 .UNSPECIFIED. ) ;
#5019 = ORIENTED_EDGE ( 'NONE', *, *, #3789, .T. ) ;
#5020 = VERTEX_POINT ( 'NONE', #5397 ) ;
#5021 = CARTESIAN_POINT ( 'NONE',  ( -26.99999999999999645, -2.953475431411835661, 1.533580317245562652 ) ) ;
#5022 = CARTESIAN_POINT ( 'NONE',  ( 6.390406309521666550, -25.16415432649769457, 6.142607029812156227 ) ) ;
#5023 = CARTESIAN_POINT ( 'NONE',  ( -12.64426954441541895, -23.69589638439262558, 6.940055967962220684 ) ) ;
#5024 = CARTESIAN_POINT ( 'NONE',  ( 28.49999999999998934, 4.425092742787105848, 1.391660071360937501 ) ) ;
#5025 = CARTESIAN_POINT ( 'NONE',  ( -1.264411670814058031, 23.99999999999999645, 5.156459223853279816 ) ) ;
#5026 = CARTESIAN_POINT ( 'NONE',  ( 19.78357692162660086, -19.35100692291937463, 7.041142054163701758 ) ) ;
#5027 = CARTESIAN_POINT ( 'NONE',  ( -7.625661056328557841, -23.58705150463028488, 5.805671669068687812 ) ) ;
#5028 = CARTESIAN_POINT ( 'NONE',  ( 22.21385117802661213, 14.77128655938544810, 6.077005817204664595 ) ) ;
#5029 = CARTESIAN_POINT ( 'NONE',  ( 17.83923142434563403, -19.40638238421909634, 6.132915014799436904 ) ) ;
#5030 = CARTESIAN_POINT ( 'NONE',  ( -19.74430761585975702, 19.38644981383050947, 7.041145974351786130 ) ) ;
#5031 = CARTESIAN_POINT ( 'NONE',  ( 20.63246534461247350, -14.99847641317083813, 13.42163247343394694 ) ) ;
#5032 = CIRCLE ( 'NONE', #2350, 11.50000000000000178 ) ;
#5033 = ORIENTED_EDGE ( 'NONE', *, *, #5209, .F. ) ;
#5034 = CIRCLE ( 'NONE', #372, 8.500000000000001776 ) ;
#5035 = CARTESIAN_POINT ( 'NONE',  ( -9.930797528737237201, -24.59173238571048969, 6.595721980129641615 ) ) ;
#5036 = CYLINDRICAL_SURFACE ( 'NONE', #2649, 21.00000000000000355 ) ;
#5037 = CARTESIAN_POINT ( 'NONE',  ( 6.293461060095451032, 23.71453629985376210, 5.759849905503771517 ) ) ;
#5038 = CARTESIAN_POINT ( 'NONE',  ( 28.49999999999998934, -5.500000000000001776, 1.223575944766749357 ) ) ;
#5039 = DIRECTION ( 'NONE',  ( -1.000000000000000000, 0.000000000000000000, 0.000000000000000000 ) ) ;
#5040 = AXIS2_PLACEMENT_3D ( 'NONE', #3603, #3164, #2200 ) ;
#5041 = VERTEX_POINT ( 'NONE', #3878 ) ;
#5042 = CARTESIAN_POINT ( 'NONE',  ( -18.10821556113701192, 15.76198446868589897, 9.217391985119709474 ) ) ;
#5043 = ORIENTED_EDGE ( 'NONE', *, *, #4198, .F. ) ;
#5044 = CIRCLE ( 'NONE', #72, 20.99999999999999645 ) ;
#5045 = CARTESIAN_POINT ( 'NONE',  ( -24.14034385760650991, -15.39772156763245192, 3.714534274187051288 ) ) ;
#5046 = EDGE_CURVE ( 'NONE', #5145, #697, #339, .T. ) ;
#5047 = CARTESIAN_POINT ( 'NONE',  ( 22.53050256628609560, 8.290246615411049902, 13.20567491221166989 ) ) ;
#5048 = CARTESIAN_POINT ( 'NONE',  ( -19.01344822971226733, 22.52626311195144027, 0.9806100526851940780 ) ) ;
#5049 = CARTESIAN_POINT ( 'NONE',  ( 27.36834807318215468, 12.13215206318753658, -9.999999999999984013 ) ) ;
#5050 = FACE_OUTER_BOUND ( 'NONE', #471, .T. ) ;
#5051 = VERTEX_POINT ( 'NONE', #1507 ) ;
#5052 = CARTESIAN_POINT ( 'NONE',  ( -2.299713685010933428, -25.50000000000000355, 4.444899020365307152 ) ) ;
#5053 = CARTESIAN_POINT ( 'NONE',  ( -9.913782836603230564, 23.08688195024503642, 6.213450166100933814 ) ) ;
#5054 = DIRECTION ( 'NONE',  ( 0.000000000000000000, -0.9953820156193583513, 0.09599293193534401414 ) ) ;
#5055 = DIRECTION ( 'NONE',  ( 0.4469922825246436804, -5.430438707405656751E-15, -0.8945378132663869275 ) ) ;
#5056 = CARTESIAN_POINT ( 'NONE',  ( 22.56662400895362453, -16.24946790204458225, 7.037488102369923837 ) ) ;
#5057 =( BOUNDED_SURFACE ( )  B_SPLINE_SURFACE ( 3, 2, ( 
 ( #5602, #4233, #5162 ),
 ( #1775, #1805, #1746 ),
 ( #6130, #5189, #3707 ),
 ( #5637, #2797, #5571 ) ),
 .UNSPECIFIED., .F., .F., .F. ) 
 B_SPLINE_SURFACE_WITH_KNOTS ( ( 4, 4 ),
 ( 3, 3 ),
 ( -6.444497713253838356E-16, 0.001085486318211054384 ),
 ( 0.000000000000000000, 1.000000000000000000 ),
 .UNSPECIFIED. ) 
 GEOMETRIC_REPRESENTATION_ITEM ( )  RATIONAL_B_SPLINE_SURFACE ( (
 ( 1.000000000000000000, 0.9499568284406408880, 1.000000000000000000),
 ( 1.000000000000000000, 0.9523215235042574722, 1.000000000000000000),
 ( 1.000000000000000000, 0.9544185363330689453, 1.000000000000000000),
 ( 1.000000000000000000, 0.9561819365777151081, 1.000000000000000000) ) ) 
 REPRESENTATION_ITEM ( '' )  SURFACE ( )  );
#5058 = CARTESIAN_POINT ( 'NONE',  ( -6.626878193733246825, -23.08477263082799524, 7.556586290312696796 ) ) ;
#5059 = CARTESIAN_POINT ( 'NONE',  ( 10.79522993104114548, 22.87425994117522876, 6.211675796878147082 ) ) ;
#5060 = CARTESIAN_POINT ( 'NONE',  ( 25.08734958395076475, -13.78397791989481291, 0.6553795402793621827 ) ) ;
#5061 = CARTESIAN_POINT ( 'NONE',  ( -7.171313384018519699, -25.50000000000000355, 3.206821437292763477 ) ) ;
#5062 = FACE_OUTER_BOUND ( 'NONE', #1409, .T. ) ;
#5063 = CARTESIAN_POINT ( 'NONE',  ( -21.03738666930557599, 16.35606124574195164, 6.083974874618409245 ) ) ;
#5064 = ORIENTED_EDGE ( 'NONE', *, *, #2870, .T. ) ;
#5065 = CARTESIAN_POINT ( 'NONE',  ( 28.49999999999998579, -5.499999999999973355, -5.916438420940946408 ) ) ;
#5066 = CARTESIAN_POINT ( 'NONE',  ( 22.38320924118853839, -17.74259026537537665, 0.6776062477747536450 ) ) ;
#5067 = CARTESIAN_POINT ( 'NONE',  ( 21.03738666930559731, -16.35606124574192677, 6.083974874618411910 ) ) ;
#5068 = DIRECTION ( 'NONE',  ( 1.665334536937734071E-16, 0.000000000000000000, -1.000000000000000000 ) ) ;
#5069 = CARTESIAN_POINT ( 'NONE',  ( -16.45845517631415689, -21.57784182861950484, -16.12063507084397429 ) ) ;
#5070 = ADVANCED_FACE ( 'NONE', ( #1128 ), #1018, .F. ) ;
#5071 = VERTEX_POINT ( 'NONE', #2816 ) ;
#5072 = CARTESIAN_POINT ( 'NONE',  ( -23.71021239447913942, 3.718309859154802943, 12.53772396082002416 ) ) ;
#5073 = EDGE_LOOP ( 'NONE', ( #1188, #5353, #5286, #3683, #3648, #5472 ) ) ;
#5074 = CARTESIAN_POINT ( 'NONE',  ( -20.70943651693940524, -16.71295310349609409, 6.088159270283269642 ) ) ;
#5075 = CARTESIAN_POINT ( 'NONE',  ( -27.54243951342321850, 11.62325938669308201, 0.7598487520358725433 ) ) ;
#5076 = CARTESIAN_POINT ( 'NONE',  ( -1.500436483509728216E-14, -16.71569534454521744, -31.51986770233156676 ) ) ;
#5077 = CARTESIAN_POINT ( 'NONE',  ( -20.42196901352843597, -12.66394097350281989, 13.44171089185745416 ) ) ;
#5078 = ORIENTED_EDGE ( 'NONE', *, *, #2761, .F. ) ;
#5079 = VERTEX_POINT ( 'NONE', #4003 ) ;
#5080 = CARTESIAN_POINT ( 'NONE',  ( 5.109360046352236395, -23.82172975431623740, 5.595056119230487290 ) ) ;
#5081 = CARTESIAN_POINT ( 'NONE',  ( -5.104305511253096839, -25.29120278301478919, 5.918651305236176441 ) ) ;
#5082 = CARTESIAN_POINT ( 'NONE',  ( 24.20477533773810919, -14.67575508426697084, -12.38631343234829707 ) ) ;
#5083 = CARTESIAN_POINT ( 'NONE',  ( 28.49999999999998934, 2.953475431412437402, 1.533580317245528901 ) ) ;
#5084 = B_SPLINE_CURVE_WITH_KNOTS ( 'NONE', 3,
 ( #6161, #4314, #1025, #1891 ),
 .UNSPECIFIED., .F., .F.,
 ( 4, 4 ),
 ( 0.000000000000000000, 0.001674849726620661816 ),
 .UNSPECIFIED. ) ;
#5085 = CARTESIAN_POINT ( 'NONE',  ( -23.04183127236447604, 15.97484964976207600, -13.16107823632725626 ) ) ;
#5086 = CARTESIAN_POINT ( 'NONE',  ( -28.49999999999999645, 0.4800392854060107073, -4.444189677345481648 ) ) ;
#5087 = CARTESIAN_POINT ( 'NONE',  ( 55.99999999999997868, 0.000000000000000000, -214.9999999999999716 ) ) ;
#5088 = EDGE_CURVE ( 'NONE', #4159, #4989, #4133, .T. ) ;
#5089 = CARTESIAN_POINT ( 'NONE',  ( -9.670781036859864344, -23.24901864710136223, 5.977382017889219412 ) ) ;
#5090 = CARTESIAN_POINT ( 'NONE',  ( 20.70248283867974592, 16.72089675734326519, 6.088238970215714474 ) ) ;
#5091 = CARTESIAN_POINT ( 'NONE',  ( 20.75879073882076398, -19.40783001320333767, 3.773046908487107221 ) ) ;
#5092 = CARTESIAN_POINT ( 'NONE',  ( 23.71021239447913942, 3.718309859154801611, 12.53772396082001883 ) ) ;
#5093 = CARTESIAN_POINT ( 'NONE',  ( 16.92498864625532207, -21.41432334222870182, -16.00145814017783508 ) ) ;
#5094 =( BOUNDED_SURFACE ( )  B_SPLINE_SURFACE ( 3, 2, ( 
 ( #2279, #3743, #6168 ),
 ( #354, #5674, #928 ),
 ( #1427, #2310, #5139 ),
 ( #2248, #5223, #6047 ),
 ( #1844, #2829, #1346 ),
 ( #1784, #3686, #1812 ) ),
 .UNSPECIFIED., .F., .F., .F. ) 
 B_SPLINE_SURFACE_WITH_KNOTS ( ( 4, 2, 4 ),
 ( 3, 3 ),
 ( 0.03750064219285707823, 0.04235870784316340953, 0.04721677349346974084 ),
 ( 0.3094157719457710232, 1.000000000000000000 ),
 .UNSPECIFIED. ) 
 GEOMETRIC_REPRESENTATION_ITEM ( )  RATIONAL_B_SPLINE_SURFACE ( (
 ( 0.9859497830703003451, 0.9772955708732227187, 1.000000000000000000),
 ( 0.9906378285128933925, 0.9848712115930091660, 1.000000000000000000),
 ( 0.9941380171294170731, 0.9905273366743401198, 1.000000000000000000),
 ( 0.9988182287308893237, 0.9980903183091169861, 1.000000000000000000),
 ( 0.9999982209213287287, 0.9999971251002173211, 1.000000000000000000),
 ( 1.000000000000000000, 1.000000000000000000, 1.000000000000000000) ) ) 
 REPRESENTATION_ITEM ( '' )  SURFACE ( )  );
#5095 = EDGE_LOOP ( 'NONE', ( #1214, #2748, #1839, #3151, #2666 ) ) ;
#5096 = CARTESIAN_POINT ( 'NONE',  ( -1.915185029715565479, -23.92826104712232294, 6.500951453610339215 ) ) ;
#5097 = CARTESIAN_POINT ( 'NONE',  ( 10.63415309628384797, -24.31215835098821643, 6.845339688422908075 ) ) ;
#5098 = CYLINDRICAL_SURFACE ( 'NONE', #4930, 22.50000000000000355 ) ;
#5099 = CARTESIAN_POINT ( 'NONE',  ( -23.94128899008300948, -17.33100942593400262, -13.35234593488292099 ) ) ;
#5100 = CARTESIAN_POINT ( 'NONE',  ( -19.54330000098591569, 16.39238168504954984, 13.36530153046829561 ) ) ;
#5101 = EDGE_CURVE ( 'NONE', #5760, #417, #4340, .T. ) ;
#5102 = ORIENTED_EDGE ( 'NONE', *, *, #1090, .T. ) ;
#5103 = CARTESIAN_POINT ( 'NONE',  ( -1.019215892068519480, 25.48089680417819025, 5.752754501673132737 ) ) ;
#5104 = CARTESIAN_POINT ( 'NONE',  ( -3.827039874989987656, 23.71246471078184115, 7.983642574377643797 ) ) ;
#5105 = ORIENTED_EDGE ( 'NONE', *, *, #4587, .F. ) ;
#5106 = CARTESIAN_POINT ( 'NONE',  ( -13.78413605539583209, -23.28006108427575427, 4.131179763198081112 ) ) ;
#5107 = CARTESIAN_POINT ( 'NONE',  ( -27.10423929734121629, 12.85164531180171110, 4.281892402666067632 ) ) ;
#5108 = CARTESIAN_POINT ( 'NONE',  ( 23.72343453319874484, -14.56008615489108671, 7.036970504961247208 ) ) ;
#5109 = B_SPLINE_CURVE_WITH_KNOTS ( 'NONE', 3,
 ( #3064, #4969, #1202, #3100, #1304, #5, #5263, #2953, #504, #2460, #3869, #4307, #35, #1497, #5289, #1020, #3926, #4396, #5485, #3119, #5859, #3089 ),
 .UNSPECIFIED., .F., .F.,
 ( 4, 2, 2, 2, 2, 2, 2, 2, 2, 2, 4 ),
 ( 0.000000000000000000, 0.003026124186967932284, 0.006052248373935864567, 0.009078372560903796851, 0.01210449674787172913, 0.01361755884135569354, 0.01513062093483965968, 0.01815674512180759370, 0.02118286930877552598, 0.02269593140225948866, 0.02420899349574345133 ),
 .UNSPECIFIED. ) ;
#5110 = CARTESIAN_POINT ( 'NONE',  ( -1.035192263322237129E-14, -10.65662094507254665, -43.47954903340671251 ) ) ;
#5111 = CARTESIAN_POINT ( 'NONE',  ( 12.14649529773769032, 23.66426836932360445, 4.261419115006723324 ) ) ;
#5112 = VERTEX_POINT ( 'NONE', #2227 ) ;
#5113 = ORIENTED_EDGE ( 'NONE', *, *, #3261, .F. ) ;
#5114 = CARTESIAN_POINT ( 'NONE',  ( 2.137032748315407787E-17, -25.50000000000000355, 4.999999999999999112 ) ) ;
#5115 = CARTESIAN_POINT ( 'NONE',  ( 12.31918963672026557, -20.84360069650510638, -16.23073927637243941 ) ) ;
#5116 = CARTESIAN_POINT ( 'NONE',  ( 28.49999999999998934, -4.425092742786755906, 1.391660071360974138 ) ) ;
#5117 = CARTESIAN_POINT ( 'NONE',  ( -17.31678168944707963, 19.59322812511873124, -15.33630646511544526 ) ) ;
#5118 = CARTESIAN_POINT ( 'NONE',  ( 23.87906299522538589, -2.485697613340328349, 12.31315063015271072 ) ) ;
#5119 = DIRECTION ( 'NONE',  ( -7.441933196985691860E-17, -0.000000000000000000, 1.000000000000000000 ) ) ;
#5120 = CARTESIAN_POINT ( 'NONE',  ( -27.00000000000000711, -5.619661955621718441, 3.982456082641965711 ) ) ;
#5121 = FACE_OUTER_BOUND ( 'NONE', #1323, .T. ) ;
#5122 = CARTESIAN_POINT ( 'NONE',  ( 13.06364458714259058, -23.46670315329525991, 1.649348189493459627 ) ) ;
#5123 = CARTESIAN_POINT ( 'NONE',  ( -14.55298368008382504, 22.88019155870743759, 6.996244438916532360 ) ) ;
#5124 = CARTESIAN_POINT ( 'NONE',  ( 13.53663476804535293, -22.23271143134953931, -16.67848035315808630 ) ) ;
#5125 = CIRCLE ( 'NONE', #6126, 11.50000000000000000 ) ;
#5126 = CARTESIAN_POINT ( 'NONE',  ( 8.538509564789375617, -22.43148968126093834, 11.02374678440443923 ) ) ;
#5127 = PERSON_AND_ORGANIZATION ( #4329, #930 ) ;
#5128 = CARTESIAN_POINT ( 'NONE',  ( 7.031868312628930973, 23.99999999999999289, 3.252675734334804503 ) ) ;
#5129 = CARTESIAN_POINT ( 'NONE',  ( -19.72506730313313739, -20.25491828602244127, 0.8396385037163515142 ) ) ;
#5130 = CARTESIAN_POINT ( 'NONE',  ( 8.291493271536829468, 24.86602528901105913, 6.531388463673460265 ) ) ;
#5131 = CARTESIAN_POINT ( 'NONE',  ( -15.49441736182276586, 22.43914334349748785, 6.922842767782014128 ) ) ;
#5132 = CIRCLE ( 'NONE', #2150, 8.500000000000001776 ) ;
#5133 = ORIENTED_EDGE ( 'NONE', *, *, #5213, .T. ) ;
#5134 = CARTESIAN_POINT ( 'NONE',  ( -7.442824977672922948, -25.50000000000000355, 3.111681393353392000 ) ) ;
#5135 = CARTESIAN_POINT ( 'NONE',  ( 0.4794909712689394699, -23.99640569517839594, 5.376429195844689701 ) ) ;
#5136 = ORIENTED_EDGE ( 'NONE', *, *, #3962, .T. ) ;
#5137 = CARTESIAN_POINT ( 'NONE',  ( -17.44418800428696770, -19.70166646689407486, 6.140016517236251303 ) ) ;
#5138 = CARTESIAN_POINT ( 'NONE',  ( -27.19601445119582550, 12.61131005703301788, 0.7172723426121595525 ) ) ;
#5139 = CARTESIAN_POINT ( 'NONE',  ( -3.842747407838290385, 23.70995927630062283, 7.995691011575913443 ) ) ;
#5140 = AXIS2_PLACEMENT_3D ( 'NONE', #5662, #481, #3786 ) ;
#5141 = CARTESIAN_POINT ( 'NONE',  ( 6.888155080739498892, -25.50000000000000355, 3.290432263556865244 ) ) ;
#5142 = CARTESIAN_POINT ( 'NONE',  ( 24.99645759863969374, 13.87945631450206108, 3.723869292780714435 ) ) ;
#5143 = EDGE_LOOP ( 'NONE', ( #2707, #4073, #5399, #4472 ) ) ;
#5144 = CIRCLE ( 'NONE', #1458, 10.00000000000000178 ) ;
#5145 = VERTEX_POINT ( 'NONE', #3662 ) ;
#5146 = EDGE_CURVE ( 'NONE', #4937, #5166, #1827, .T. ) ;
#5147 = CARTESIAN_POINT ( 'NONE',  ( -1.284626125663015372, -25.50000000000000711, 5.233744092903616085 ) ) ;
#5148 = CARTESIAN_POINT ( 'NONE',  ( -2.299713685010933428, -24.00000000000000000, 4.444899020365307152 ) ) ;
#5149 = CARTESIAN_POINT ( 'NONE',  ( 26.99999999999998934, -5.500000000000001776, -6.392794684931438098 ) ) ;
#5150 = CARTESIAN_POINT ( 'NONE',  ( 9.930797528741077684, 24.59173238570948072, 6.595721980130105244 ) ) ;
#5151 = DIRECTION ( 'NONE',  ( 0.000000000000000000, -0.2070101959509759448, 0.9783387852744767077 ) ) ;
#5152 = CARTESIAN_POINT ( 'NONE',  ( -7.019085503652387814, 20.90052356800782007, -16.56492941090584736 ) ) ;
#5153 = CARTESIAN_POINT ( 'NONE',  ( -8.499999999999861444, 25.49999999999999645, 2.627371485753639657 ) ) ;
#5154 = EDGE_CURVE ( 'NONE', #3208, #1603, #1512, .T. ) ;
#5155 = CARTESIAN_POINT ( 'NONE',  ( -19.62915351368750549, -16.32331984211764464, 9.765929955825622955 ) ) ;
#5156 = CARTESIAN_POINT ( 'NONE',  ( 5.744096074603435298, -24.00000000000000000, 3.591000677615971526 ) ) ;
#5157 = CARTESIAN_POINT ( 'NONE',  ( 14.85307597561977744, -22.92534928290526608, 4.060078216416951769 ) ) ;
#5158 = CARTESIAN_POINT ( 'NONE',  ( -7.301794665877565649, -25.50000000000000355, 4.864876035899587059 ) ) ;
#5159 = CARTESIAN_POINT ( 'NONE',  ( 15.00164894937379145, -21.93874426147785428, -16.41640665009373024 ) ) ;
#5160 = DIRECTION ( 'NONE',  ( 0.000000000000000000, 0.000000000000000000, -1.000000000000000000 ) ) ;
#5161 = DATE_AND_TIME ( #5214, #3222 ) ;
#5162 = CARTESIAN_POINT ( 'NONE',  ( -26.54835951802002469, 6.728600003182154232, 7.029990595898252259 ) ) ;
#5163 = CARTESIAN_POINT ( 'NONE',  ( 8.013609840718476818, 24.92248340623144998, 6.463299537002344053 ) ) ;
#5164 = CARTESIAN_POINT ( 'NONE',  ( -14.94259561941897729, 20.67283022517043278, 12.75455127561880353 ) ) ;
#5165 = EDGE_CURVE ( 'NONE', #4989, #2975, #925, .T. ) ;
#5166 = VERTEX_POINT ( 'NONE', #5589 ) ;
#5167 = CARTESIAN_POINT ( 'NONE',  ( -6.772483407188572439E-15, -7.391124875912280555E-15, -50.95324497617617254 ) ) ;
#5168 = EDGE_LOOP ( 'NONE', ( #3039, #1351, #550 ) ) ;
#5169 = CARTESIAN_POINT ( 'NONE',  ( -7.445806222102001826, -24.00000000000000000, 3.107154455104425228 ) ) ;
#5170 = CARTESIAN_POINT ( 'NONE',  ( -22.56662400895248766, 16.24946790204474212, 7.037488102370899057 ) ) ;
#5171 = CARTESIAN_POINT ( 'NONE',  ( 19.74430761585975347, -19.38644981383050947, 7.041145974351789683 ) ) ;
#5172 = DIRECTION ( 'NONE',  ( 0.4469922825246421816, 2.775557561562891745E-15, -0.8945378132663875936 ) ) ;
#5173 = FACE_OUTER_BOUND ( 'NONE', #5168, .T. ) ;
#5174 = CARTESIAN_POINT ( 'NONE',  ( 19.57769707335864595, 20.36658765506664182, 0.8516676954828491519 ) ) ;
#5175 = ORIENTED_EDGE ( 'NONE', *, *, #3017, .F. ) ;
#5176 = B_SPLINE_CURVE_WITH_KNOTS ( 'NONE', 3,
 ( #2701, #4234, #6131, #5190, #2361, #3264, #2798, #1868, #6162, #1892, #1259, #3664, #5591, #1821, #4681, #6118, #1523, #5316, #4884, #4390, #1184, #4985, #4422, #1111 ),
 .UNSPECIFIED., .F., .F.,
 ( 4, 2, 2, 2, 2, 2, 2, 2, 2, 2, 2, 4 ),
 ( 0.000000000000000000, 0.002844036520572892825, 0.005688073041145785651, 0.007110091301432231413, 0.008532109561718681512, 0.01137614608229159559, 0.01279816434257805002, 0.01422018260286450272, 0.01706421912343740813, 0.01848623738372386777, 0.01990825564401032047, 0.02275229216458323281 ),
 .UNSPECIFIED. ) ;
#5177 = ORIENTED_EDGE ( 'NONE', *, *, #1659, .F. ) ;
#5178 = CARTESIAN_POINT ( 'NONE',  ( -6.105633802816763378, 24.75825591324843344, 9.425626491315746591 ) ) ;
#5179 = CARTESIAN_POINT ( 'NONE',  ( 8.418853650962235591, 22.48228532940437319, 10.97639001377696744 ) ) ;
#5180 = DIRECTION ( 'NONE',  ( 0.000000000000000000, 0.000000000000000000, -1.000000000000000000 ) ) ;
#5181 = CARTESIAN_POINT ( 'NONE',  ( 10.63415309628384442, -24.31215835098821998, 6.845339688422900082 ) ) ;
#5182 = CARTESIAN_POINT ( 'NONE',  ( -18.62776989536633820, -20.37301322376060497, 6.975855423459534244 ) ) ;
#5183 = DIRECTION ( 'NONE',  ( -1.000000000000000000, 0.000000000000000000, -0.000000000000000000 ) ) ;
#5184 = DIRECTION ( 'NONE',  ( -1.000000000000000000, 0.000000000000000000, 0.000000000000000000 ) ) ;
#5185 = CARTESIAN_POINT ( 'NONE',  ( 18.45113483290235479, -22.86108803493848640, 1.033990087393579005 ) ) ;
#5186 = CARTESIAN_POINT ( 'NONE',  ( -8.500000000000003553, -5.500000000000007994, -9.999999999999998224 ) ) ;
#5187 = ORIENTED_EDGE ( 'NONE', *, *, #2550, .T. ) ;
#5188 = CARTESIAN_POINT ( 'NONE',  ( -26.32907720095144910, -14.56866860869211422, 4.264141092272407896 ) ) ;
#5189 = CARTESIAN_POINT ( 'NONE',  ( -28.50000000000000355, 5.217774759716399480, 4.457596744039167724 ) ) ;
#5190 = CARTESIAN_POINT ( 'NONE',  ( -12.29564098560541652, -20.84603038927674845, -16.23319214942029731 ) ) ;
#5191 = CARTESIAN_POINT ( 'NONE',  ( -14.94599028921275519, 22.72921729447101669, 6.906861206509320894 ) ) ;
#5192 = VERTEX_POINT ( 'NONE', #755 ) ;
#5193 = DIRECTION ( 'NONE',  ( 1.665334536937734811E-16, 0.000000000000000000, -1.000000000000000000 ) ) ;
#5194 = CARTESIAN_POINT ( 'NONE',  ( -7.002398458181184004, 22.40462020483476380, -17.23430194475360011 ) ) ;
#5195 = CARTESIAN_POINT ( 'NONE',  ( -25.72499999999992326, 1.629715612610140196, 6.083427520652673337 ) ) ;
#5196 = EDGE_CURVE ( 'NONE', #1222, #2483, #3532, .T. ) ;
#5197 = CARTESIAN_POINT ( 'NONE',  ( 24.14723505406560022, 15.38896499157062969, 0.6404098812064824564 ) ) ;
#5198 = ORIENTED_EDGE ( 'NONE', *, *, #3725, .F. ) ;
#5199 = ORIENTED_EDGE ( 'NONE', *, *, #2173, .F. ) ;
#5200 = CARTESIAN_POINT ( 'NONE',  ( 9.460904587873555371, 21.01778384228011731, -16.46575284343422751 ) ) ;
#5201 = EDGE_CURVE ( 'NONE', #5980, #4104, #3757, .T. ) ;
#5202 = CARTESIAN_POINT ( 'NONE',  ( 18.59079292708868891, 18.86394902813655960, 6.053749040062940345 ) ) ;
#5203 = CARTESIAN_POINT ( 'NONE',  ( 25.14717633375332895, 11.75861998229883909, 7.039561221609051067 ) ) ;
#5204 = CARTESIAN_POINT ( 'NONE',  ( 18.24792972121145951, -22.97610389659143593, 1.054093233794217044 ) ) ;
#5205 = CIRCLE ( 'NONE', #2021, 8.500000000000000000 ) ;
#5206 = DIRECTION ( 'NONE',  ( 1.000000000000000000, 0.000000000000000000, 0.000000000000000000 ) ) ;
#5207 = CARTESIAN_POINT ( 'NONE',  ( 16.78848673163987115, -17.19193651923328048, 13.21250024882210283 ) ) ;
#5208 = CARTESIAN_POINT ( 'NONE',  ( 1.202128291166785878, -24.00000000000000355, 4.938815390111794379 ) ) ;
#5209 = EDGE_CURVE ( 'NONE', #2307, #4178, #3923, .T. ) ;
#5210 = DIRECTION ( 'NONE',  ( -0.2540981724903215722, 0.000000000000000000, -0.9671784316955578387 ) ) ;
#5211 = CARTESIAN_POINT ( 'NONE',  ( 13.36832098558459947, -21.71719759730989807, 12.40878558451459668 ) ) ;
#5212 = CARTESIAN_POINT ( 'NONE',  ( -24.22537598231206957, -13.63298286081327504, 7.037732801316750830 ) ) ;
#5213 = EDGE_CURVE ( 'NONE', #2975, #2644, #6143, .T. ) ;
#5214 = CALENDAR_DATE ( 2026, 16, 9 ) ;
#5215 = CARTESIAN_POINT ( 'NONE',  ( 7.694077540369691270, -24.98368793961411072, 6.358029377436301033 ) ) ;
#5216 = CARTESIAN_POINT ( 'NONE',  ( -22.39967481297063756, 12.25126675429169865, 13.41905172127800050 ) ) ;
#5217 = VERTEX_POINT ( 'NONE', #121 ) ;
#5218 = B_SPLINE_CURVE_WITH_KNOTS ( 'NONE', 3,
 ( #1867, #1371, #6100, #4691, #3643, #433, #1835, #832, #3229, #5666, #1399, #5129, #2300, #2271, #3292, #6007, #2670, #5538, #4576, #864, #315, #2771, #2210, #4665, #3173, #4605, #2734, #342 ),
 .UNSPECIFIED., .F., .F.,
 ( 4, 2, 2, 2, 2, 2, 2, 2, 2, 2, 2, 2, 2, 4 ),
 ( 0.000000000000000000, 0.001834809126111893026, 0.003669618252223786053, 0.007339236504447576442, 0.009174045630559474890, 0.01100885475667136987, 0.01467847300889515635, 0.01651328213500705480, 0.01834809126111895672, 0.02018290038723086210, 0.02201770951334276402, 0.02568732776556656786, 0.02752213689167846977, 0.02935694601779037169 ),
 .UNSPECIFIED. ) ;
#5219 = CARTESIAN_POINT ( 'NONE',  ( 1.582941418356484214E-14, 9.677881126278547796, -44.81616279151706550 ) ) ;
#5220 = B_SPLINE_CURVE_WITH_KNOTS ( 'NONE', 3,
 ( #4316, #511, #43, #1947, #2897, #4800, #539, #5940, #4000, #105, #4503, #5063, #969, #5359, #2989, #1597, #3531, #4895, #2464, #3961, #2098, #5862 ),
 .UNSPECIFIED., .F., .F.,
 ( 4, 2, 2, 2, 2, 2, 2, 2, 2, 2, 4 ),
 ( 0.000000000000000000, 0.001482370613739363583, 0.002964741227478727165, 0.005929482454957449127, 0.008894223682436168052, 0.01185896490991488611, 0.01482370613739360243, 0.01778844736487232223, 0.01927081797861168039, 0.02075318859235104202, 0.02371792981982976528 ),
 .UNSPECIFIED. ) ;
#5221 = CARTESIAN_POINT ( 'NONE',  ( -7.031868312627964634, -24.00000000000000000, 3.252675734329866675 ) ) ;
#5222 = CARTESIAN_POINT ( 'NONE',  ( -14.56408670200741895, 22.87589215968015210, 6.996630724392116640 ) ) ;
#5223 = CARTESIAN_POINT ( 'NONE',  ( -2.252565124317309486, 23.92158366412635573, 5.914771213384033111 ) ) ;
#5224 = CARTESIAN_POINT ( 'NONE',  ( -11.72411780469431619, 25.24911612353301749, 1.941168419069656093 ) ) ;
#5225 = PRODUCT ( '79-8565 - 51mm Y-r\X2\00f6\X0\r', '79-8565 - 51mm Y-r\X2\00f6\X0\r', '', ( #1547 ) ) ;
#5226 = CARTESIAN_POINT ( 'NONE',  ( 17.44418800428800509, 19.70166646689387235, 6.140016517235642013 ) ) ;
#5227 = VERTEX_POINT ( 'NONE', #5823 ) ;
#5228 = ORIENTED_EDGE ( 'NONE', *, *, #3005, .T. ) ;
#5229 = ADVANCED_FACE ( 'NONE', ( #2518 ), #1280, .F. ) ;
#5230 = CIRCLE ( 'NONE', #3748, 22.50000000000000000 ) ;
#5231 = AXIS2_PLACEMENT_3D ( 'NONE', #4009, #5844, #2937 ) ;
#5232 = CARTESIAN_POINT ( 'NONE',  ( 8.499999999999840128, 20.98449689551662445, -16.49386585964542107 ) ) ;
#5233 = CARTESIAN_POINT ( 'NONE',  ( -26.99999999999999645, 1.918461291950895431, -4.991741771607201450 ) ) ;
#5234 = CARTESIAN_POINT ( 'NONE',  ( 16.47455254377242895, -23.85286020080744152, 1.247463487582261443 ) ) ;
#5235 = B_SPLINE_CURVE_WITH_KNOTS ( 'NONE', 3,
 ( #701, #248, #3614, #3578, #2733, #5003, #2209, #735, #1745, #771, #3172, #5066, #2140, #5946, #4604, #800, #2669, #341, #3642, #283, #4174, #2239, #5468, #4633, #4139, #6034 ),
 .UNSPECIFIED., .F., .F.,
 ( 4, 2, 2, 2, 2, 2, 2, 2, 2, 2, 2, 2, 4 ),
 ( 0.000000000000000000, 0.003633875784772511251, 0.005450813677158768827, 0.007267751569545025971, 0.01090162735431753592, 0.01271856524670379393, 0.01453550313909004847, 0.01816937892386256970, 0.01998631681624882250, 0.02180325470863507531, 0.02543713049340757398, 0.02725406838579381638, 0.02907100627818006572 ),
 .UNSPECIFIED. ) ;
#5236 = CARTESIAN_POINT ( 'NONE',  ( 7.625693221443561320, -23.58706768035256474, 5.805615282154962919 ) ) ;
#5237 = CARTESIAN_POINT ( 'NONE',  ( -7.694077540369710810, 24.98368793961411072, 6.358029377436290375 ) ) ;
#5238 = CARTESIAN_POINT ( 'NONE',  ( 8.499999999999861444, -24.00000000000000000, -9.999999999999998224 ) ) ;
#5239 = CARTESIAN_POINT ( 'NONE',  ( -24.23893576916906412, 13.65751580530280407, 7.037631762036473226 ) ) ;
#5240 = CARTESIAN_POINT ( 'NONE',  ( 16.57939361202744166, -21.81348728735202513, 6.948429276700956336 ) ) ;
#5241 = CARTESIAN_POINT ( 'NONE',  ( -28.33733711367978358, -8.130639895161948516, 0.9790987896984896244 ) ) ;
#5242 = CARTESIAN_POINT ( 'NONE',  ( -8.240012328775305761, 23.99999999999998579, 2.758916691141489519 ) ) ;
#5243 = COORDINATED_UNIVERSAL_TIME_OFFSET ( 1, 0, .AHEAD. ) ;
#5244 = CARTESIAN_POINT ( 'NONE',  ( -25.66696613860804632, -3.244860387658449863, 6.102048843118756949 ) ) ;
#5245 = EDGE_CURVE ( 'NONE', #1493, #4014, #2978, .T. ) ;
#5246 = CARTESIAN_POINT ( 'NONE',  ( 8.499999999999989342, -5.500000000000005329, 5.000000000000000000 ) ) ;
#5247 =( BOUNDED_SURFACE ( )  B_SPLINE_SURFACE ( 3, 2, ( 
 ( #3154, #5114, #6114 ),
 ( #2315, #3188, #1850 ),
 ( #2195, #1818, #5052 ),
 ( #5081, #2717, #4653 ),
 ( #4618, #3629, #2256 ),
 ( #4160, #4218, #787 ) ),
 .UNSPECIFIED., .F., .F., .F. ) 
 B_SPLINE_SURFACE_WITH_KNOTS ( ( 4, 2, 4 ),
 ( 3, 3 ),
 ( -3.193745132285579277E-05, 0.003516694213405718774, 0.007065325878134293483 ),
 ( 0.000000000000000000, 1.000000000000000000 ),
 .UNSPECIFIED. ) 
 GEOMETRIC_REPRESENTATION_ITEM ( )  RATIONAL_B_SPLINE_SURFACE ( (
 ( 1.000000000000000000, 1.000000000000000000, 1.000000000000000000),
 ( 1.000000000000000000, 0.9999949651465068756, 1.000000000000000000),
 ( 1.000000000000000000, 0.9989842064375700215, 1.000000000000000000),
 ( 1.000000000000000000, 0.9947686072453918449, 1.000000000000000000),
 ( 1.000000000000000000, 0.9915694221253420482, 1.000000000000000000),
 ( 1.000000000000000000, 0.9870077998580889522, 1.000000000000000000) ) ) 
 REPRESENTATION_ITEM ( '' )  SURFACE ( )  );
#5248 = CARTESIAN_POINT ( 'NONE',  ( 1.696319544298203902E-15, 8.041530776606634845, -46.74533888470381982 ) ) ;
#5249 = CARTESIAN_POINT ( 'NONE',  ( -25.60032561640436910, 4.902788240476759540, 6.042115849092419388 ) ) ;
#5250 = CARTESIAN_POINT ( 'NONE',  ( 23.96978072864553511, -1.402959726724488210, 8.860270437930257259 ) ) ;
#5251 = CARTESIAN_POINT ( 'NONE',  ( -14.66512711834155525, 24.57026667117596119, 1.473122777459632493 ) ) ;
#5252 = CARTESIAN_POINT ( 'NONE',  ( 8.499999999999847233, 25.49999999999999645, -9.999999999999998224 ) ) ;
#5253 = CARTESIAN_POINT ( 'NONE',  ( 9.464286020772158636, 24.00000000000000711, 4.533199039071335257 ) ) ;
#5254 = EDGE_LOOP ( 'NONE', ( #3577, #5464, #3234 ) ) ;
#5255 = CARTESIAN_POINT ( 'NONE',  ( -23.23194565351435159, 13.08869003797214425, 6.080309685744885506 ) ) ;
#5256 = ORIENTED_EDGE ( 'NONE', *, *, #575, .T. ) ;
#5257 = DIRECTION ( 'NONE',  ( 0.000000000000000000, 0.000000000000000000, -1.000000000000000000 ) ) ;
#5258 = CARTESIAN_POINT ( 'NONE',  ( 17.89389282083015686, 19.43678660618584786, 6.061367808971216853 ) ) ;
#5259 = CARTESIAN_POINT ( 'NONE',  ( 5.084097259325574214, -25.01017705311414829, 8.714996714435413239 ) ) ;
#5260 = CARTESIAN_POINT ( 'NONE',  ( -8.499999999999857891, -25.50000000000000355, -9.999999999999998224 ) ) ;
#5261 = CARTESIAN_POINT ( 'NONE',  ( 18.47885505734431533, -15.32553675916735081, 9.223187530137202828 ) ) ;
#5262 = CARTESIAN_POINT ( 'NONE',  ( -18.21496295097430007, 21.25545902405138321, 0.9816053549499075270 ) ) ;
#5263 = CARTESIAN_POINT ( 'NONE',  ( 16.45845517631411070, 21.57784182861952260, -16.12063507084396718 ) ) ;
#5264 = CARTESIAN_POINT ( 'NONE',  ( 27.54243951342317587, -11.62325938669318326, 0.7598487520358755409 ) ) ;
#5265 = CARTESIAN_POINT ( 'NONE',  ( 20.33262203133275392, -15.40244245461888895, 13.41021397434220752 ) ) ;
#5266 = EDGE_CURVE ( 'NONE', #5217, #5980, #4716, .T. ) ;
#5267 = CARTESIAN_POINT ( 'NONE',  ( -25.98730943793760062, -9.304148471592352365, 7.040080642214295636 ) ) ;
#5268 = CARTESIAN_POINT ( 'NONE',  ( -25.66645682326559452, 3.251576863066638623, 6.102158339854503843 ) ) ;
#5269 = CYLINDRICAL_SURFACE ( 'NONE', #2255, 19.99999999999999645 ) ;
#5270 = CARTESIAN_POINT ( 'NONE',  ( -22.38774828153341900, -12.27398307541184153, 13.41988163729962658 ) ) ;
#5271 = CARTESIAN_POINT ( 'NONE',  ( -23.80590256854630482, 3.108130923795021872, 12.41432849135783734 ) ) ;
#5272 = CARTESIAN_POINT ( 'NONE',  ( 23.80590256854678799, -3.108130923791954103, 12.41432849135313532 ) ) ;
#5273 = CARTESIAN_POINT ( 'NONE',  ( -7.759299298214599183, 22.71275368141556683, 10.65276980346174618 ) ) ;
#5274 = FACE_BOUND ( 'NONE', #2920, .T. ) ;
#5275 = EDGE_CURVE ( 'NONE', #4650, #5280, #1852, .T. ) ;
#5276 = CARTESIAN_POINT ( 'NONE',  ( -8.499999999999861444, 25.49999999999999645, 2.627371485753639657 ) ) ;
#5277 =( BOUNDED_SURFACE ( )  B_SPLINE_SURFACE ( 3, 2, ( 
 ( #5287, #2915, #5236 ),
 ( #1415, #1469, #1017 ),
 ( #4742, #2951, #1885 ),
 ( #6155, #5686, #4281 ),
 ( #1495, #3783, #5742 ),
 ( #1439, #33, #4825 ),
 ( #1910, #5322, #992 ),
 ( #4858, #4305, #3891 ),
 ( #2431, #4333, #5710 ),
 ( #479, #2351, #3368 ),
 ( #2378, #3, #5796 ),
 ( #3312, #2890, #1940 ),
 ( #562, #2459, #965 ),
 ( #1526, #4791, #1053 ),
 ( #3809, #4365, #3339 ),
 ( #3392, #4255, #96 ),
 ( #5207, #2867, #940 ),
 ( #3425, #530, #4766 ),
 ( #502, #5261, #2404 ),
 ( #70, #2842, #3839 ),
 ( #1969, #3867, #3597 ),
 ( #4062, #1114, #1699 ),
 ( #2029, #1664, #2985 ),
 ( #5383, #2558, #4493 ),
 ( #3018, #5354, #3990 ),
 ( #1628, #5858, #4428 ),
 ( #2592, #3924, #686 ),
 ( #3088, #1152, #4889 ),
 ( #652, #4462, #3526 ),
 ( #1190, #4525, #1593 ) ),
 .UNSPECIFIED., .F., .F., .F. ) 
 B_SPLINE_SURFACE_WITH_KNOTS ( ( 4, 2, 2, 2, 2, 2, 2, 2, 2, 2, 2, 2, 2, 2, 4 ),
 ( 3, 3 ),
 ( 0.006347046640091883428, 0.009007313140205178495, 0.01033744639026182646, 0.01166757964031847269, 0.01698811264054506109, 0.01831824589060170733, 0.01964837914065835356, 0.02230864564077164949, 0.02762917864099823789, 0.03028944514111153383, 0.03294971164122482976, 0.03827024464145141469, 0.04093051114156470716, 0.04359077764167799962, 0.04891131064190459149 ),
 ( 0.000000000000000000, 0.6941272231660680081 ),
 .UNSPECIFIED. ) 
 GEOMETRIC_REPRESENTATION_ITEM ( )  RATIONAL_B_SPLINE_SURFACE ( (
 ( 1.000000000000000000, 0.9771790873536961852, 0.9860394081579810788),
 ( 1.000000000000000000, 0.9740313965496725235, 0.9841138223042982247),
 ( 1.000000000000000000, 0.9708441080709797610, 0.9821640127492011763),
 ( 1.000000000000000000, 0.9660846691405680087, 0.9792524471455679169),
 ( 1.000000000000000000, 0.9645019206141361989, 0.9782842077719489104),
 ( 1.000000000000000000, 0.9613838321889215388, 0.9763767310418804968),
 ( 1.000000000000000000, 0.9598441994985883463, 0.9754348675892876575),
 ( 1.000000000000000000, 0.9522566957086149309, 0.9707932458823333999),
 ( 1.000000000000000000, 0.9465401902369785514, 0.9672961990775418295),
 ( 1.000000000000000000, 0.9400404289253028178, 0.9633199989952216935),
 ( 1.000000000000000000, 0.9387728539772405290, 0.9625445656568039077),
 ( 1.000000000000000000, 0.9363081177061650662, 0.9610367742020093917),
 ( 1.000000000000000000, 0.9351089373567019747, 0.9603031809551796361),
 ( 1.000000000000000000, 0.9316504309822782881, 0.9581874550582940575),
 ( 1.000000000000000000, 0.9295239794197314165, 0.9568866077698159334),
 ( 1.000000000000000000, 0.9237208117292665666, 0.9533365457379849861),
 ( 1.000000000000000000, 0.9206191980619570225, 0.9514391473678129874),
 ( 1.000000000000000000, 0.9172969802173248643, 0.9494067953730429554),
 ( 1.000000000000000000, 0.9164101937524606889, 0.9488643076961096323),
 ( 1.000000000000000000, 0.9151273872562417644, 0.9480795565258315349),
 ( 1.000000000000000000, 0.9147273630489315410, 0.9478348434956498370),
 ( 1.000000000000000000, 0.9142477738411008970, 0.9475414569301723322),
 ( 1.000000000000000000, 0.9148893139405848141, 0.9479339162335311819),
 ( 1.000000000000000000, 0.9172684106497970280, 0.9493893180671377774),
 ( 1.000000000000000000, 0.9183003138848491176, 0.9500205802829964075),
 ( 1.000000000000000000, 0.9208182160587647935, 0.9515608957424599446),
 ( 1.000000000000000000, 0.9222924810504441462, 0.9524627707960477974),
 ( 1.000000000000000000, 0.9273026482171600193, 0.9555277182834192029),
 ( 1.000000000000000000, 0.9314249426514261687, 0.9580495135744910851),
 ( 1.000000000000000000, 0.9361924695357978221, 0.9609660269479975980) ) ) 
 REPRESENTATION_ITEM ( '' )  SURFACE ( )  );
#5278 = ORIENTED_EDGE ( 'NONE', *, *, #2860, .F. ) ;
#5279 = CARTESIAN_POINT ( 'NONE',  ( -21.93093743236314808, 15.15984363054739426, 6.078445135143984324 ) ) ;
#5280 = VERTEX_POINT ( 'NONE', #4916 ) ;
#5281 = CARTESIAN_POINT ( 'NONE',  ( -22.35318173845461587, 12.33703531932880537, 13.42171996655783772 ) ) ;
#5282 = CARTESIAN_POINT ( 'NONE',  ( -28.50000000000000000, -5.499999999999862332, 5.000000000000000000 ) ) ;
#5283 = DIRECTION ( 'NONE',  ( 1.000000000000000000, 0.000000000000000000, 0.000000000000000000 ) ) ;
#5284 = CARTESIAN_POINT ( 'NONE',  ( 26.12481186813054634, 8.798647032841499183, 7.039393395954959054 ) ) ;
#5285 = DIRECTION ( 'NONE',  ( 0.000000000000000000, 0.000000000000000000, -1.000000000000000000 ) ) ;
#5286 = ORIENTED_EDGE ( 'NONE', *, *, #5679, .T. ) ;
#5287 = CARTESIAN_POINT ( 'NONE',  ( 5.746478873239289520, -23.30188791835147200, 9.425626491315769684 ) ) ;
#5288 = ADVANCED_FACE ( 'NONE', ( #2552 ), #3632, .T. ) ;
#5289 = CARTESIAN_POINT ( 'NONE',  ( 23.94128899008295974, 17.33100942593403104, -13.35234593488295296 ) ) ;
#5290 = DIRECTION ( 'NONE',  ( 0.000000000000000000, 1.000000000000000000, 0.000000000000000000 ) ) ;
#5291 = CARTESIAN_POINT ( 'NONE',  ( 19.01344822971224247, -22.52626311195146513, 0.9806100526852019605 ) ) ;
#5292 = CARTESIAN_POINT ( 'NONE',  ( 21.77018323083101592, -13.33753868720730118, 13.44038103528465200 ) ) ;
#5293 = AXIS2_PLACEMENT_3D ( 'NONE', #1443, #5290, #3341 ) ;
#5294 = ORIENTED_EDGE ( 'NONE', *, *, #4438, .T. ) ;
#5295 = DIRECTION ( 'NONE',  ( -1.000000000000000000, 0.000000000000000000, 0.000000000000000000 ) ) ;
#5296 = CARTESIAN_POINT ( 'NONE',  ( 28.50000000000015632, 6.660853746682068532, -6.550787299120711893 ) ) ;
#5297 = CARTESIAN_POINT ( 'NONE',  ( -25.66604130296270014, -3.257056453862342327, 6.102247670302490157 ) ) ;
#5298 = CARTESIAN_POINT ( 'NONE',  ( 18.45042546933836647, 22.86149279057055850, 1.034059852265900359 ) ) ;
#5299 = ORIENTED_EDGE ( 'NONE', *, *, #534, .T. ) ;
#5300 = CARTESIAN_POINT ( 'NONE',  ( -2.570521983663561549, -23.96326403177706865, 5.312036247952927503 ) ) ;
#5301 = CARTESIAN_POINT ( 'NONE',  ( 26.72048016015565253, -5.552424022093927825, 7.004737673543622201 ) ) ;
#5302 = CARTESIAN_POINT ( 'NONE',  ( -14.27985559535309790, 24.70426009527668754, 4.569352886022196358 ) ) ;
#5303 = CARTESIAN_POINT ( 'NONE',  ( 15.51106443029811466, 22.38829243333166374, 7.013525159191746461 ) ) ;
#5304 = CARTESIAN_POINT ( 'NONE',  ( -6.625716335700488457, -24.62999835325891240, 9.787420826190432521 ) ) ;
#5305 = DATE_AND_TIME ( #1956, #4311 ) ;
#5306 = AXIS2_PLACEMENT_3D ( 'NONE', #1522, #5447, #3012 ) ;
#5307 = ORIENTED_EDGE ( 'NONE', *, *, #350, .T. ) ;
#5308 = CARTESIAN_POINT ( 'NONE',  ( -14.06361940650945641, 19.45678138839743454, 12.75455127561880531 ) ) ;
#5309 = ORIENTED_EDGE ( 'NONE', *, *, #5798, .T. ) ;
#5310 = CARTESIAN_POINT ( 'NONE',  ( 26.14975409030687103, 11.04402205548419147, -9.999999999999980460 ) ) ;
#5311 = CARTESIAN_POINT ( 'NONE',  ( -2.049742374966061043, 25.43810469964320831, 6.514524541678641256 ) ) ;
#5312 = DIRECTION ( 'NONE',  ( 0.000000000000000000, 0.000000000000000000, 1.000000000000000000 ) ) ;
#5313 = CARTESIAN_POINT ( 'NONE',  ( 26.99999999999998934, -2.953475431412088348, 1.533580317245558877 ) ) ;
#5314 = AXIS2_PLACEMENT_3D ( 'NONE', #5776, #5722, #489 ) ;
#5315 = CARTESIAN_POINT ( 'NONE',  ( -5.523033053681448359E-16, 17.54531820979587309, -23.65130121453779211 ) ) ;
#5316 = CARTESIAN_POINT ( 'NONE',  ( -23.90065765502513884, -15.01633776253268593, -12.58947556141042057 ) ) ;
#5317 = CARTESIAN_POINT ( 'NONE',  ( 34.99999999999997868, 0.000000000000000000, -121.7595244375778094 ) ) ;
#5318 = CARTESIAN_POINT ( 'NONE',  ( 26.99999999999998934, -5.500000000000001776, 5.000000000000000000 ) ) ;
#5319 = CIRCLE ( 'NONE', #59, 8.500000000000000000 ) ;
#5320 = ORIENTED_EDGE ( 'NONE', *, *, #5333, .F. ) ;
#5321 = VECTOR ( 'NONE', #615, 1000.000000000000000 ) ;
#5322 = CARTESIAN_POINT ( 'NONE',  ( 9.378996621614378526, -22.10568178199965317, 8.401865929146437040 ) ) ;
#5323 = CARTESIAN_POINT ( 'NONE',  ( -26.38229608106574631, 7.780075838956353351, 7.037688121981307887 ) ) ;
#5324 = CARTESIAN_POINT ( 'NONE',  ( 25.85549784086128255, 9.913147061230271007, 6.982774054791739182 ) ) ;
#5325 = CARTESIAN_POINT ( 'NONE',  ( 23.75922145527281160, -14.60366747971824530, 6.989474945602598410 ) ) ;
#5326 = CIRCLE ( 'NONE', #3936, 19.99999999999999645 ) ;
#5327 = EDGE_CURVE ( 'NONE', #297, #5071, #639, .T. ) ;
#5328 = CARTESIAN_POINT ( 'NONE',  ( -18.59079292708843312, -18.86394902813515273, 6.053749040063667763 ) ) ;
#5329 = CARTESIAN_POINT ( 'NONE',  ( -16.47622233415830451, -23.85213983478372768, 1.247265386458689562 ) ) ;
#5330 = CARTESIAN_POINT ( 'NONE',  ( 8.230788879772431343, -24.00000000000000355, 4.660998082042437041 ) ) ;
#5331 = DIRECTION ( 'NONE',  ( -1.000000000000000000, 0.000000000000000000, 0.000000000000000000 ) ) ;
#5332 = CARTESIAN_POINT ( 'NONE',  ( -24.71654315756596176, 6.396690258852218314, 12.94698813549718786 ) ) ;
#5333 = EDGE_CURVE ( 'NONE', #2307, #734, #415, .T. ) ;
#5334 = CARTESIAN_POINT ( 'NONE',  ( 34.99999999999997868, 0.000000000000000000, -121.7595244375778378 ) ) ;
#5335 = CARTESIAN_POINT ( 'NONE',  ( -24.07161702797527170, -8.439548506694176666, 9.695262840159539763 ) ) ;
#5336 = CARTESIAN_POINT ( 'NONE',  ( 8.499999999999840128, 20.98449689551662445, -16.49386585964542107 ) ) ;
#5337 = CARTESIAN_POINT ( 'NONE',  ( -28.49999999999999645, -3.769567573947231853, -5.118363649360908596 ) ) ;
#5338 = CARTESIAN_POINT ( 'NONE',  ( -10.93347778967011941, 25.36103375538095150, 2.087407261226596145 ) ) ;
#5339 = DIRECTION ( 'NONE',  ( 1.000000000000000000, 0.000000000000000000, 0.000000000000000000 ) ) ;
#5340 = CARTESIAN_POINT ( 'NONE',  ( -28.50000000000000000, 9.061297928513066137E-14, -4.444189677345468326 ) ) ;
#5341 = EDGE_CURVE ( 'NONE', #4638, #1222, #3160, .T. ) ;
#5342 = ORIENTED_EDGE ( 'NONE', *, *, #3093, .T. ) ;
#5343 = CARTESIAN_POINT ( 'NONE',  ( -11.60238831195819742, 21.04681025443758102, 8.801612601221542320 ) ) ;
#5344 = CARTESIAN_POINT ( 'NONE',  ( -22.39438637075445726, 17.72965460844558194, 3.732074568680079807 ) ) ;
#5345 = ORIENTED_EDGE ( 'NONE', *, *, #541, .F. ) ;
#5346 = CARTESIAN_POINT ( 'NONE',  ( -24.84467883538355792, -8.979834145169723669, 6.123499354822909524 ) ) ;
#5347 = FACE_OUTER_BOUND ( 'NONE', #146, .T. ) ;
#5348 = CARTESIAN_POINT ( 'NONE',  ( 26.99999999999998579, 5.499999999999868550, 5.000000000000000000 ) ) ;
#5349 = CARTESIAN_POINT ( 'NONE',  ( -6.028426543640486912, 23.99999999998773248, 4.691448500863154791 ) ) ;
#5350 = CARTESIAN_POINT ( 'NONE',  ( 3.428978924435745590, -20.26475961231850320, -17.04178970899027590 ) ) ;
#5351 = CARTESIAN_POINT ( 'NONE',  ( 13.09977959169474993, 23.50027221059158222, 6.953337610847083461 ) ) ;
#5352 = CARTESIAN_POINT ( 'NONE',  ( 28.50000000000123279, -5.711464530647600846, 4.455767385103576395 ) ) ;
#5353 = ORIENTED_EDGE ( 'NONE', *, *, #6125, .T. ) ;
#5354 = CARTESIAN_POINT ( 'NONE',  ( 22.02403152024820798, -9.555168290726340885, 9.210289793409989656 ) ) ;
#5355 = DIRECTION ( 'NONE',  ( 0.1535354275131873836, 0.9790355657025063829, 0.1338515356203150708 ) ) ;
#5356 = CARTESIAN_POINT ( 'NONE',  ( -24.47782248886299428, -13.16055872627069867, 7.038134831452381945 ) ) ;
#5357 = CARTESIAN_POINT ( 'NONE',  ( 26.03957486618953965, 9.302606186578033842, 6.980015638805175726 ) ) ;
#5358 = CARTESIAN_POINT ( 'NONE',  ( -24.14255096128747269, 11.07091535373261237, 6.097511925219587958 ) ) ;
#5359 = CARTESIAN_POINT ( 'NONE',  ( -22.75190885574428279, 13.93626327785218422, 6.077112777618224548 ) ) ;
#5360 = CARTESIAN_POINT ( 'NONE',  ( -11.06605005771161210, -21.30456563958754046, 11.98138274789241464 ) ) ;
#5361 = CARTESIAN_POINT ( 'NONE',  ( -28.49999999999999645, -4.719013280517144082, 4.439417977905042889 ) ) ;
#5362 = CARTESIAN_POINT ( 'NONE',  ( 25.92168630284072606, -11.73568097546301559, 3.758231625708011059 ) ) ;
#5363 = CARTESIAN_POINT ( 'NONE',  ( -1.225053839022609460E-14, -5.665901460024710623, -44.57479465267929442 ) ) ;
#5364 = CARTESIAN_POINT ( 'NONE',  ( -3.066831140092095933E-15, -25.50000000000000355, 4.999999999999999112 ) ) ;
#5365 = CARTESIAN_POINT ( 'NONE',  ( -25.74604129931702090, 15.21835247099090438, -12.04902703039402923 ) ) ;
#5366 = CARTESIAN_POINT ( 'NONE',  ( -24.38309664949930422, -13.50288699570953099, 6.989593347355928188 ) ) ;
#5367 = CARTESIAN_POINT ( 'NONE',  ( -23.71021239447912166, -3.718309859154912633, 12.53772396082005258 ) ) ;
#5368 = VERTEX_POINT ( 'NONE', #2229 ) ;
#5369 = CARTESIAN_POINT ( 'NONE',  ( -27.00000000000000355, 6.078617686366968975, 3.958147166341823286 ) ) ;
#5370 = ADVANCED_FACE ( 'NONE', ( #2757 ), #362, .F. ) ;
#5371 = CARTESIAN_POINT ( 'NONE',  ( -55.99999999999997868, 2.571758278209442056E-15, -121.7595244375777526 ) ) ;
#5372 = ORIENTED_EDGE ( 'NONE', *, *, #4649, .T. ) ;
#5373 = CARTESIAN_POINT ( 'NONE',  ( 7.580754605659407730, 23.99999999999999289, 3.053062956479962509 ) ) ;
#5374 = CARTESIAN_POINT ( 'NONE',  ( -13.78320828814440802, 23.28032345952512117, 4.131247251817109500 ) ) ;
#5375 = ORIENTED_EDGE ( 'NONE', *, *, #5856, .F. ) ;
#5376 = CARTESIAN_POINT ( 'NONE',  ( -14.87967503995892571, -24.50006830855781814, 1.443814373329879830 ) ) ;
#5377 = PLANE ( 'NONE',  #3657 ) ;
#5378 = CARTESIAN_POINT ( 'NONE',  ( -6.293455793000053866, 23.71453693547930897, 5.759849324214488142 ) ) ;
#5379 = CARTESIAN_POINT ( 'NONE',  ( 21.58903881297639415, 17.47021348742732627, 7.038782116366030905 ) ) ;
#5380 = DIRECTION ( 'NONE',  ( 0.000000000000000000, 0.000000000000000000, 1.000000000000000000 ) ) ;
#5381 = ORIENTED_EDGE ( 'NONE', *, *, #922, .F. ) ;
#5382 = EDGE_CURVE ( 'NONE', #650, #385, #2852, .T. ) ;
#5383 = CARTESIAN_POINT ( 'NONE',  ( 21.85786564615416694, -9.929027734942591721, 13.33478765324662163 ) ) ;
#5384 = CARTESIAN_POINT ( 'NONE',  ( -28.50000000000004619, 6.180726689844203037, 4.440718558384455505 ) ) ;
#5385 = CARTESIAN_POINT ( 'NONE',  ( 6.466938687610929826, 25.16360077997503808, 6.114741581828354811 ) ) ;
#5386 = CARTESIAN_POINT ( 'NONE',  ( 18.47710970380823881, 17.57688196448787821, 13.27268032933413622 ) ) ;
#5387 = CARTESIAN_POINT ( 'NONE',  ( -24.04933476067743214, 11.30146539927726757, 6.095130201624593624 ) ) ;
#5388 = CARTESIAN_POINT ( 'NONE',  ( -4.600007544738389242, -25.50000000000000355, 3.891576879931895050 ) ) ;
#5389 = CARTESIAN_POINT ( 'NONE',  ( -21.85327475462548819, -9.939383809120569069, 13.33547713018023195 ) ) ;
#5390 = CARTESIAN_POINT ( 'NONE',  ( -28.50000000000251532, -5.217130203000873934, 4.457573251486700805 ) ) ;
#5391 = CARTESIAN_POINT ( 'NONE',  ( 25.34110559031698173, -6.544310002704848195, 6.159028398228527656 ) ) ;
#5392 = FACE_OUTER_BOUND ( 'NONE', #4124, .T. ) ;
#5393 = CARTESIAN_POINT ( 'NONE',  ( 4.082919120833196303, -25.19183173106881313, 7.995691011584985297 ) ) ;
#5394 = EDGE_LOOP ( 'NONE', ( #1166, #3185, #266, #3831, #4092, #6083, #2737, #5451 ) ) ;
#5395 = EDGE_CURVE ( 'NONE', #4830, #2884, #2714, .T. ) ;
#5396 = CARTESIAN_POINT ( 'NONE',  ( -6.888155080739508662, 23.99999999999999289, 3.290432263556863912 ) ) ;
#5397 = CARTESIAN_POINT ( 'NONE',  ( 5.746478873239290408, -23.30188791835147555, 9.425626491315762578 ) ) ;
#5398 = CARTESIAN_POINT ( 'NONE',  ( 22.35293446574130627, 12.33867696669112490, 13.42197586778060803 ) ) ;
#5399 = ORIENTED_EDGE ( 'NONE', *, *, #1454, .T. ) ;
#5400 = CARTESIAN_POINT ( 'NONE',  ( -6.105633802816801570, -24.75825591324842634, 9.425626491315799882 ) ) ;
#5401 = CARTESIAN_POINT ( 'NONE',  ( -21.82098021133708698, 10.01023859333993293, 13.33989234072951113 ) ) ;
#5402 = DIRECTION ( 'NONE',  ( 0.000000000000000000, -0.000000000000000000, 1.000000000000000000 ) ) ;
#5403 = CARTESIAN_POINT ( 'NONE',  ( -10.48991465867164230, -23.25059286979061923, 11.57306190619892305 ) ) ;
#5404 = ORIENTED_EDGE ( 'NONE', *, *, #5665, .T. ) ;
#5405 = CARTESIAN_POINT ( 'NONE',  ( -6.626892832660285393, 23.08476902072201398, 7.556555212661336896 ) ) ;
#5406 = CARTESIAN_POINT ( 'NONE',  ( 8.499999999999847233, -25.50000000000000355, 5.000000000000000000 ) ) ;
#5407 = EDGE_LOOP ( 'NONE', ( #5506, #3620, #3242, #311, #5320, #3006, #3361, #1170, #1933 ) ) ;
#5408 = CARTESIAN_POINT ( 'NONE',  ( -28.24008556655370938, -8.779666091131275607, 0.9298966113712630044 ) ) ;
#5409 = LINE ( 'NONE', #3079, #2840 ) ;
#5410 = CARTESIAN_POINT ( 'NONE',  ( 28.49999999999998934, -1.487162735981379491, 1.605623278482906757 ) ) ;
#5411 = CARTESIAN_POINT ( 'NONE',  ( 7.754983860628986925, -20.95868859687580255, -16.51566266555942164 ) ) ;
#5412 = CARTESIAN_POINT ( 'NONE',  ( 22.56803556612301520, 16.24750329346938216, 7.037486881646101367 ) ) ;
#5413 = CARTESIAN_POINT ( 'NONE',  ( -9.767982072818137240, 24.53661404973460591, 6.785762770127147014 ) ) ;
#5414 = ORIENTED_EDGE ( 'NONE', *, *, #5196, .F. ) ;
#5415 = VECTOR ( 'NONE', #3300, 1000.000000000000000 ) ;
#5416 = CARTESIAN_POINT ( 'NONE',  ( 4.795251163644841164, -23.53647019580374078, 8.722549434520823652 ) ) ;
#5417 = CARTESIAN_POINT ( 'NONE',  ( -8.500000000000003553, -5.500000000000007994, 5.000000000000000000 ) ) ;
#5418 = CYLINDRICAL_SURFACE ( 'NONE', #1538, 19.99999999999999645 ) ;
#5419 = CARTESIAN_POINT ( 'NONE',  ( 18.59823878793021024, 17.44932710918903496, 9.734651347870345361 ) ) ;
#5420 = CARTESIAN_POINT ( 'NONE',  ( 22.36382471813752915, -12.31218058576359908, 9.778185594743604270 ) ) ;
#5421 = CARTESIAN_POINT ( 'NONE',  ( -6.888155080739683633, -25.50000000000000355, 3.290432263557690806 ) ) ;
#5422 = AXIS2_PLACEMENT_3D ( 'NONE', #568, #2850, #76 ) ;
#5423 = CARTESIAN_POINT ( 'NONE',  ( -18.82005877687313955, -18.66671001429375210, 6.051209408438204207 ) ) ;
#5424 = CARTESIAN_POINT ( 'NONE',  ( -18.24990544709646301, -22.97500682781798886, 1.053894898125859125 ) ) ;
#5425 = CARTESIAN_POINT ( 'NONE',  ( 23.23194565351469620, -13.08869003797242314, 6.080309685744374804 ) ) ;
#5426 = CARTESIAN_POINT ( 'NONE',  ( -2.790047347926228539E-14, -13.73596722165058104, -33.53161822421048299 ) ) ;
#5427 = CARTESIAN_POINT ( 'NONE',  ( 7.165254271085632176, -24.47944198199498445, 10.10312050969524478 ) ) ;
#5428 = ORIENTED_EDGE ( 'NONE', *, *, #3195, .T. ) ;
#5429 = CIRCLE ( 'NONE', #2547, 250.2911684466444626 ) ;
#5430 = CARTESIAN_POINT ( 'NONE',  ( 25.19210066913406365, -3.950704225352112076, 12.53772396082005258 ) ) ;
#5431 = CARTESIAN_POINT ( 'NONE',  ( -19.55452070630255079, -16.41574005485151488, 13.37429271251189178 ) ) ;
#5432 = CARTESIAN_POINT ( 'NONE',  ( 16.76773824857649231, 19.22224419273735663, 13.06418979489423648 ) ) ;
#5433 = ORIENTED_EDGE ( 'NONE', *, *, #5926, .T. ) ;
#5434 = CARTESIAN_POINT ( 'NONE',  ( -9.505591575802640136, -23.17973476797805432, 6.200826293302153402 ) ) ;
#5435 = LINE ( 'NONE', #3475, #2542 ) ;
#5436 = CARTESIAN_POINT ( 'NONE',  ( 25.46816277374280801, 1.472900825021870697, 9.293259811960014716 ) ) ;
#5437 = CARTESIAN_POINT ( 'NONE',  ( -25.19210066913406365, -3.950704225352119181, 12.53772396082005613 ) ) ;
#5438 = EDGE_CURVE ( 'NONE', #5020, #767, #5125, .T. ) ;
#5439 = B_SPLINE_CURVE_WITH_KNOTS ( 'NONE', 3,
 ( #4924, #2523, #3563, #231, #3053, #4957 ),
 .UNSPECIFIED., .F., .F.,
 ( 4, 2, 4 ),
 ( 0.000000000000000000, 0.003821036379647849059, 0.007642072759295698119 ),
 .UNSPECIFIED. ) ;
#5440 = CC_DESIGN_PERSON_AND_ORGANIZATION_ASSIGNMENT ( #1918, #456, ( #1520 ) ) ;
#5441 = ORIENTED_EDGE ( 'NONE', *, *, #152, .F. ) ;
#5442 = CARTESIAN_POINT ( 'NONE',  ( -14.91538300134883066, 21.33943915998149876, 6.082711631078850267 ) ) ;
#5443 = CARTESIAN_POINT ( 'NONE',  ( -28.50000000000000000, -5.500000000000007994, 1.223575944766496448 ) ) ;
#5444 = ORIENTED_EDGE ( 'NONE', *, *, #3366, .T. ) ;
#5445 = CARTESIAN_POINT ( 'NONE',  ( -19.01271084873006600, -22.52671649060973991, 0.9806783750806902233 ) ) ;
#5446 = CARTESIAN_POINT ( 'NONE',  ( -0.5099237055198607704, -25.49617384617487659, 5.376772431373479932 ) ) ;
#5447 = DIRECTION ( 'NONE',  ( 0.000000000000000000, 0.000000000000000000, -1.000000000000000000 ) ) ;
#5448 = CARTESIAN_POINT ( 'NONE',  ( 9.280956535618006598, -25.49999999999698375, 4.905734346577832028 ) ) ;
#5449 = CARTESIAN_POINT ( 'NONE',  ( 26.18466573657802599, 14.84682564525099124, 4.262265707955694261 ) ) ;
#5450 = CARTESIAN_POINT ( 'NONE',  ( 25.44356311984740415, 12.93383234158522832, 0.6855565790253359548 ) ) ;
#5451 = ORIENTED_EDGE ( 'NONE', *, *, #1113, .F. ) ;
#5452 = ORIENTED_EDGE ( 'NONE', *, *, #1735, .F. ) ;
#5453 = CARTESIAN_POINT ( 'NONE',  ( -35.07135583350035546, -5.500000000000001776, 12.53772396082005791 ) ) ;
#5454 =( BOUNDED_SURFACE ( )  B_SPLINE_SURFACE ( 3, 2, ( 
 ( #1862, #3200, #828 ),
 ( #2236, #859, #4229 ),
 ( #310, #1366, #2794 ),
 ( #1396, #370, #2729 ),
 ( #2205, #3288, #2819 ),
 ( #2766, #4689, #4629 ),
 ( #4103, #1740, #3672 ),
 ( #429, #4601, #4661 ),
 ( #397, #2267, #6096 ),
 ( #3639, #5530, #1830 ) ),
 .UNSPECIFIED., .F., .F., .F. ) 
 B_SPLINE_SURFACE_WITH_KNOTS ( ( 4, 2, 2, 2, 4 ),
 ( 3, 3 ),
 ( 0.03625107076217155833, 0.03903111430535714105, 0.04181115784854272377, 0.04459120139172829955, 0.04737124493491388227 ),
 ( 0.000000000000000000, 0.6990664231536931617 ),
 .UNSPECIFIED. ) 
 GEOMETRIC_REPRESENTATION_ITEM ( )  RATIONAL_B_SPLINE_SURFACE ( (
 ( 1.000000000000000000, 0.9357384343918623282, 0.9613230744155989438),
 ( 1.000000000000000000, 0.9389397505472173444, 0.9632498414580927815),
 ( 1.000000000000000000, 0.9413997674592198273, 0.9647304448349554029),
 ( 1.000000000000000000, 0.9446457169021915679, 0.9666840751872269877),
 ( 1.000000000000000000, 0.9454472766896424574, 0.9671665076950144435),
 ( 1.000000000000000000, 0.9454345958015651918, 0.9671588754850011238),
 ( 1.000000000000000000, 0.9446203996789517277, 0.9666688375821361756),
 ( 1.000000000000000000, 0.9413860318098224989, 0.9647221777987484703),
 ( 1.000000000000000000, 0.9389655935790580665, 0.9632653955301095916),
 ( 1.000000000000000000, 0.9357384343918628833, 0.9613230744155993879) ) ) 
 REPRESENTATION_ITEM ( '' )  SURFACE ( )  );
#5455 = CARTESIAN_POINT ( 'NONE',  ( 2.243884385731178361E-17, -24.00000000000000000, 4.999999999999999112 ) ) ;
#5456 = CARTESIAN_POINT ( 'NONE',  ( 24.62869012863992779, 6.723982426173006566, 9.625942840551308777 ) ) ;
#5457 = CARTESIAN_POINT ( 'NONE',  ( 24.63483736411691893, -6.701550397247787672, 9.624730817195718657 ) ) ;
#5458 = CARTESIAN_POINT ( 'NONE',  ( 25.68209240473678534, -10.28735441275003915, 7.040558449003378350 ) ) ;
#5459 = CARTESIAN_POINT ( 'NONE',  ( -25.32448580959584561, -7.239799364753991107, 6.071003974793317326 ) ) ;
#5460 = CARTESIAN_POINT ( 'NONE',  ( -12.51968537709109519, -25.12494998190667062, 4.665751502904695869 ) ) ;
#5461 = CARTESIAN_POINT ( 'NONE',  ( 7.029747285371750642, -24.00000000000000000, 3.253232974838253799 ) ) ;
#5462 = ADVANCED_FACE ( 'NONE', ( #5522 ), #2836, .T. ) ;
#5463 = DIRECTION ( 'NONE',  ( 0.9879255164366306241, 0.1549295774647845292, 0.000000000000000000 ) ) ;
#5464 = ORIENTED_EDGE ( 'NONE', *, *, #5438, .T. ) ;
#5465 = CARTESIAN_POINT ( 'NONE',  ( 25.29410123720198555, -3.300286367546768407, 12.41392827261282150 ) ) ;
#5466 = CARTESIAN_POINT ( 'NONE',  ( -7.400624604368368331, -24.42062154458205470, 8.032171152833585737 ) ) ;
#5467 = CARTESIAN_POINT ( 'NONE',  ( 26.99999999999998934, 1.477881299908845314, 1.605925599713496910 ) ) ;
#5468 = CARTESIAN_POINT ( 'NONE',  ( 10.87622517218907348, -23.85649210248303120, 2.061183996969833121 ) ) ;
#5469 = CARTESIAN_POINT ( 'NONE',  ( -28.49999999999999645, 1.478484330680017944, 1.605774675690254671 ) ) ;
#5470 = CARTESIAN_POINT ( 'NONE',  ( 28.49999999999998934, -4.786703179124385699, 1.356786981976380035 ) ) ;
#5471 = CARTESIAN_POINT ( 'NONE',  ( -25.18956629252822310, -15.98035585158842586, -12.52270892866114771 ) ) ;
#5472 = ORIENTED_EDGE ( 'NONE', *, *, #747, .F. ) ;
#5473 = CARTESIAN_POINT ( 'NONE',  ( -24.74001144301629651, 9.540804230352678772, 6.050835688901365472 ) ) ;
#5474 = LINE ( 'NONE', #5406, #1272 ) ;
#5475 = ORIENTED_EDGE ( 'NONE', *, *, #5327, .F. ) ;
#5476 = CARTESIAN_POINT ( 'NONE',  ( -19.70506674071408781, -17.80804412790676139, 6.100924261597048037 ) ) ;
#5477 = CARTESIAN_POINT ( 'NONE',  ( 19.27177689064841104, 18.25967819538888648, 6.046281230460364142 ) ) ;
#5478 = DIRECTION ( 'NONE',  ( 0.000000000000000000, 0.000000000000000000, -1.000000000000000000 ) ) ;
#5479 = CARTESIAN_POINT ( 'NONE',  ( 25.40782102327051106, 16.20107698877364300, 4.257026834146114602 ) ) ;
#5480 = CARTESIAN_POINT ( 'NONE',  ( 25.34110559031693555, 6.544310002705169715, 6.159028398228521439 ) ) ;
#5481 = ORIENTED_EDGE ( 'NONE', *, *, #1772, .F. ) ;
#5482 = ORIENTED_EDGE ( 'NONE', *, *, #412, .F. ) ;
#5483 = CARTESIAN_POINT ( 'NONE',  ( 6.622294583907987864, -23.08590299490476738, 7.566317046379549716 ) ) ;
#5484 = DIRECTION ( 'NONE',  ( 0.000000000000000000, 0.000000000000000000, -1.000000000000000000 ) ) ;
#5485 = CARTESIAN_POINT ( 'NONE',  ( 26.67645039488962766, 13.71936785576823681, -11.09252803858051806 ) ) ;
#5486 = CARTESIAN_POINT ( 'NONE',  ( 21.96998665403831197, 18.19587062416787049, 0.6961866957070919071 ) ) ;
#5487 = CARTESIAN_POINT ( 'NONE',  ( -10.63415309628395988, -24.31215835098819156, 6.845339688422920510 ) ) ;
#5488 = CARTESIAN_POINT ( 'NONE',  ( -22.21385117802658016, -14.77128655938550494, 6.077005817204666371 ) ) ;
#5489 = CARTESIAN_POINT ( 'NONE',  ( 21.50797344461956229, -20.75092239753836054, 0.7783639458533632149 ) ) ;
#5490 =( BOUNDED_SURFACE ( )  B_SPLINE_SURFACE ( 3, 2, ( 
 ( #713, #2119, #2024 ),
 ( #4456, #4918, #3919 ),
 ( #191, #2089, #3985 ),
 ( #5888, #3520, #1147 ),
 ( #1778, #4667, #835 ),
 ( #3795, #2332, #1806 ),
 ( #5603, #403, #924 ),
 ( #3230, #3679, #2272 ),
 ( #3765, #4177, #4235 ),
 ( #3265, #1421, #2303 ),
 ( #2736, #5574, #5191 ),
 ( #4206, #1311, #5131 ),
 ( #2824, #459, #4750 ),
 ( #5164, #866, #3708 ),
 ( #6132, #1869, #4722 ),
 ( #5668, #948, #6037 ),
 ( #3205, #6102, #898 ),
 ( #2362, #1893, #2772 ),
 ( #5100, #1401, #5693 ),
 ( #2799, #4266, #6163 ),
 ( #1837, #4694, #4636 ),
 ( #3294, #3736, #3322 ),
 ( #5216, #6071, #4143 ),
 ( #2851, #1340, #488 ),
 ( #1373, #5639, #435 ),
 ( #570, #2411, #4315 ),
 ( #78, #3901, #4867 ),
 ( #5332, #2964, #1450 ),
 ( #3350, #3375, #4290 ),
 ( #975, #2471, #4374 ) ),
 .UNSPECIFIED., .F., .F., .F. ) 
 B_SPLINE_SURFACE_WITH_KNOTS ( ( 4, 2, 2, 2, 2, 2, 2, 2, 2, 2, 2, 2, 2, 2, 4 ),
 ( 3, 3 ),
 ( 0.006347046640091888632, 0.009007313140205194107, 0.01033744639026184728, 0.01166757964031850045, 0.01698811264054511314, 0.01831824589060176284, 0.01964837914065841601, 0.02230864564077172235, 0.02762917864099833504, 0.03028944514111163791, 0.03294971164122494078, 0.03827024464145155347, 0.04093051114156485981, 0.04359077764167816615, 0.04891131064190477884 ),
 ( 0.000000000000000000, 0.6942925808250617337 ),
 .UNSPECIFIED. ) 
 GEOMETRIC_REPRESENTATION_ITEM ( )  RATIONAL_B_SPLINE_SURFACE ( (
 ( 1.000000000000000000, 0.9771736508680414213, 0.9860436314353657750),
 ( 1.000000000000000000, 0.9740252102089734798, 0.9841186280987475055),
 ( 1.000000000000000000, 0.9708371624422094115, 0.9821694083887797522),
 ( 1.000000000000000000, 0.9660765896998839697, 0.9792587235750780383),
 ( 1.000000000000000000, 0.9644934641250227925, 0.9782907771076367887),
 ( 1.000000000000000000, 0.9613746328967811561, 0.9763838774163806633),
 ( 1.000000000000000000, 0.9598346334292217064, 0.9754422988908642012),
 ( 1.000000000000000000, 0.9522453221148889924, 0.9708020813404243388),
 ( 1.000000000000000000, 0.9465274548352470285, 0.9673060924419361051),
 ( 1.000000000000000000, 0.9400261451254969813, 0.9633310952166869168),
 ( 1.000000000000000000, 0.9387582682107833421, 0.9625558964578295740),
 ( 1.000000000000000000, 0.9362929447808480132, 0.9610485611314356635),
 ( 1.000000000000000000, 0.9350934787580089669, 0.9603151898069752779),
 ( 1.000000000000000000, 0.9316341484847818766, 0.9582001039471712556),
 ( 1.000000000000000000, 0.9295071903508604905, 0.9568996501835427271),
 ( 1.000000000000000000, 0.9237026402073488240, 0.9533506620958537292),
 ( 1.000000000000000000, 0.9206002876618278874, 0.9514538377157297777),
 ( 1.000000000000000000, 0.9172772783855707157, 0.9494221005362517563),
 ( 1.000000000000000000, 0.9163902806670215506, 0.9488797769695485051),
 ( 1.000000000000000000, 0.9151071685757692364, 0.9480952631976906630),
 ( 1.000000000000000000, 0.9147070490731860071, 0.9478506241966979662),
 ( 1.000000000000000000, 0.9142273456155657341, 0.9475573263847012484),
 ( 1.000000000000000000, 0.9148690385455396923, 0.9479496669637517137),
 ( 1.000000000000000000, 0.9172487020120232426, 0.9494046285174387867),
 ( 1.000000000000000000, 0.9182808510712400230, 0.9500356997676326909),
 ( 1.000000000000000000, 0.9207993530692991646, 0.9515755492596598142),
 ( 1.000000000000000000, 0.9222739692661282573, 0.9524771514832721664),
 ( 1.000000000000000000, 0.9272853299742535027, 0.9555411717805436522),
 ( 1.000000000000000000, 0.9314086064372492091, 0.9580622041926378785),
 ( 1.000000000000000000, 0.9361772690602777613, 0.9609778352794420275) ) ) 
 REPRESENTATION_ITEM ( '' )  SURFACE ( )  );
#5491 = CARTESIAN_POINT ( 'NONE',  ( 0.000000000000000000, 0.000000000000000000, 0.000000000000000000 ) ) ;
#5492 = DIRECTION ( 'NONE',  ( 0.000000000000000000, -0.000000000000000000, 1.000000000000000000 ) ) ;
#5493 = CARTESIAN_POINT ( 'NONE',  ( 16.43052437720803738, -22.22513460597786761, 1.178674724656048500 ) ) ;
#5494 = DIRECTION ( 'NONE',  ( -1.000000000000000000, 0.000000000000000000, 0.000000000000000000 ) ) ;
#5495 = CARTESIAN_POINT ( 'NONE',  ( 1.028632314730064445, -25.50000000000000355, 5.760035780355864610 ) ) ;
#5496 = ORIENTED_EDGE ( 'NONE', *, *, #3588, .T. ) ;
#5497 = ADVANCED_FACE ( 'NONE', ( #6057 ), #145, .F. ) ;
#5498 = DIRECTION ( 'NONE',  ( -1.000000000000000000, 0.000000000000000000, 0.000000000000000000 ) ) ;
#5499 = CARTESIAN_POINT ( 'NONE',  ( -10.63698583865280867, -23.19083493575737620, 8.931881253489166284 ) ) ;
#5500 = CARTESIAN_POINT ( 'NONE',  ( 9.933763701362920528, 23.49312354687873139, 11.37319692675196947 ) ) ;
#5501 = CARTESIAN_POINT ( 'NONE',  ( 7.573189171425109834, 23.56113474867198931, 5.897889810354403295 ) ) ;
#5502 = CARTESIAN_POINT ( 'NONE',  ( 12.21189350135429841, -22.43772735334153978, 6.208291896795774534 ) ) ;
#5503 = CARTESIAN_POINT ( 'NONE',  ( 26.89469257487418474, 4.159760281986940811, 6.878799246518232380 ) ) ;
#5504 = CARTESIAN_POINT ( 'NONE',  ( -18.31639024795664383, -20.92623303550580616, -15.64581307117829745 ) ) ;
#5505 = CIRCLE ( 'NONE', #2412, 22.50000000000001421 ) ;
#5506 = ORIENTED_EDGE ( 'NONE', *, *, #4871, .F. ) ;
#5507 = CARTESIAN_POINT ( 'NONE',  ( 26.78567791675017062, -4.962546371393376177, 6.964692016090511473 ) ) ;
#5508 = DIRECTION ( 'NONE',  ( 0.000000000000000000, 0.000000000000000000, -1.000000000000000000 ) ) ;
#5509 = ORIENTED_EDGE ( 'NONE', *, *, #5798, .F. ) ;
#5510 = CARTESIAN_POINT ( 'NONE',  ( -25.04816817728372413, -13.77671625855828985, 0.6623300218934251582 ) ) ;
#5511 = CARTESIAN_POINT ( 'NONE',  ( 16.54772470242875215, 17.38563876900381899, 13.17207491901293359 ) ) ;
#5512 = CARTESIAN_POINT ( 'NONE',  ( -25.85089063759651040, 15.53391476232261326, 0.6389968519854185569 ) ) ;
#5513 = CARTESIAN_POINT ( 'NONE',  ( -7.957179135149281488E-15, -13.29219520044605751, -39.16929889467528625 ) ) ;
#5514 = CARTESIAN_POINT ( 'NONE',  ( 1.149850338871502009, 25.49999999999999645, 4.722423447709165778 ) ) ;
#5515 = CARTESIAN_POINT ( 'NONE',  ( -23.25373188516461198, -6.056943324028178921, 12.95242635718290813 ) ) ;
#5516 = DESIGN_CONTEXT ( 'detailed design', #3974, 'design' ) ;
#5517 = VERTEX_POINT ( 'NONE', #2814 ) ;
#5518 = CARTESIAN_POINT ( 'NONE',  ( 4.464396295159962058, -23.61550546099541492, 6.782583535657892071 ) ) ;
#5519 = CARTESIAN_POINT ( 'NONE',  ( 2.299720483233975266, -25.50000000000000355, 4.444897362844549171 ) ) ;
#5520 = CARTESIAN_POINT ( 'NONE',  ( -9.464286020771856656, 23.99999999999998224, 4.533199039071299730 ) ) ;
#5521 = CARTESIAN_POINT ( 'NONE',  ( 8.822130086639761615, 24.83217944985245751, 6.459325954074651932 ) ) ;
#5522 = FACE_OUTER_BOUND ( 'NONE', #2931, .T. ) ;
#5523 = CARTESIAN_POINT ( 'NONE',  ( 28.45503960349187977, -7.428390717400434440, 4.397880159863911231 ) ) ;
#5524 = VECTOR ( 'NONE', #490, 1000.000000000000000 ) ;
#5525 = B_SPLINE_CURVE_WITH_KNOTS ( 'NONE', 3,
 ( #1334, #4600, #336, #5123, #428, #858, #4228, #2204, #3126, #5030, #5770, #4284, #6157, #1887, #5239, #2818, #4713, #4309, #563, #942, #3760, #2917 ),
 .UNSPECIFIED., .F., .F.,
 ( 4, 2, 2, 2, 2, 2, 2, 2, 2, 2, 4 ),
 ( 0.000000000000000000, 0.003124586560227666718, 0.006249173120455333436, 0.007811466400569173733, 0.009373759680683014031, 0.01249834624091069463, 0.01562293280113837175, 0.01874751936136604888, 0.02030981264147988311, 0.02187210592159372080, 0.02499669248182139966 ),
 .UNSPECIFIED. ) ;
#5526 = CARTESIAN_POINT ( 'NONE',  ( -8.418853650956293677, -22.48228532940675350, 10.97639001377774726 ) ) ;
#5527 = CARTESIAN_POINT ( 'NONE',  ( -26.88058469948717999, 7.921984815804174573, 0.9746380509709994255 ) ) ;
#5528 = CARTESIAN_POINT ( 'NONE',  ( -34.99999999999997158, 0.000000000000000000, -214.9999999999999432 ) ) ;
#5529 = FACE_OUTER_BOUND ( 'NONE', #4231, .T. ) ;
#5530 = CARTESIAN_POINT ( 'NONE',  ( -25.12721693463970141, -4.364442505399020789, 9.437076358613674998 ) ) ;
#5531 = VECTOR ( 'NONE', #189, 1000.000000000000000 ) ;
#5532 = EDGE_CURVE ( 'NONE', #1468, #1140, #2320, .T. ) ;
#5533 =( BOUNDED_SURFACE ( )  B_SPLINE_SURFACE ( 3, 2, ( 
 ( #3492, #5384, #592 ),
 ( #5323, #3393, #2065 ),
 ( #2952, #4859, #1019 ),
 ( #4395, #1999, #2493 ),
 ( #4826, #4552, #128 ),
 ( #291, #2709, #4612 ),
 ( #5548, #4183, #3180 ),
 ( #810, #5107, #5138 ),
 ( #3713, #5609, #353 ),
 ( #2778, #2247, #6142 ),
 ( #6108, #5645, #2337 ),
 ( #3270, #4150, #6046 ),
 ( #5170, #2805, #4728 ),
 ( #4242, #5673, #1318 ),
 ( #1406, #1542, #2507 ),
 ( #50, #3800, #980 ),
 ( #4839, #2477, #605 ),
 ( #2417, #2880, #3444 ),
 ( #4379, #3408, #574 ),
 ( #1511, #1952, #5780 ),
 ( #4755, #4780, #3825 ),
 ( #110, #3907, #5251 ),
 ( #5222, #5302, #5813 ),
 ( #954, #2012, #1034 ),
 ( #1481, #2935, #5338 ),
 ( #1066, #3855, #2968 ),
 ( #4873, #2857, #6167 ),
 ( #1899, #5700, #1426 ) ),
 .UNSPECIFIED., .F., .F., .F. ) 
 B_SPLINE_SURFACE_WITH_KNOTS ( ( 4, 2, 2, 2, 2, 2, 2, 2, 2, 2, 2, 2, 2, 4 ),
 ( 3, 3 ),
 ( 0.005866994023922380078, 0.007858455933600232146, 0.008854186888439157313, 0.009352052365858620764, 0.009849917843278082480, 0.01184137975295593281, 0.01283711070779485798, 0.01383284166263378315, 0.01582430357231163348, 0.01682003452715056038, 0.01781576548198948728, 0.01980722739166733762, 0.02080295834650626452, 0.02179868930134518795 ),
 ( 0.000000000000000000, 1.000000000000000000 ),
 .UNSPECIFIED. ) 
 GEOMETRIC_REPRESENTATION_ITEM ( )  RATIONAL_B_SPLINE_SURFACE ( (
 ( 1.000000000000000000, 0.9499568284406344487, 1.000000000000000000),
 ( 1.000000000000000000, 0.9477187210342481460, 1.000000000000000000),
 ( 1.000000000000000000, 0.9459097297856553510, 1.000000000000000000),
 ( 1.000000000000000000, 0.9437603977884589934, 1.000000000000000000),
 ( 1.000000000000000000, 0.9431383821609229390, 1.000000000000000000),
 ( 1.000000000000000000, 0.9423442363225841278, 1.000000000000000000),
 ( 1.000000000000000000, 0.9421025808574818861, 1.000000000000000000),
 ( 1.000000000000000000, 0.9416705936547125066, 1.000000000000000000),
 ( 1.000000000000000000, 0.9414794332663555254, 1.000000000000000000),
 ( 1.000000000000000000, 0.9406436589861998376, 1.000000000000000000),
 ( 1.000000000000000000, 0.9403533104824041144, 1.000000000000000000),
 ( 1.000000000000000000, 0.9404772590108997354, 1.000000000000000000),
 ( 1.000000000000000000, 0.9406143142751672848, 1.000000000000000000),
 ( 1.000000000000000000, 0.9410791651387175882, 1.000000000000000000),
 ( 1.000000000000000000, 0.9414076979896777164, 1.000000000000000000),
 ( 1.000000000000000000, 0.9426832861569968136, 1.000000000000000000),
 ( 1.000000000000000000, 0.9439008809497964059, 1.000000000000000000),
 ( 1.000000000000000000, 0.9463133267539850513, 1.000000000000000000),
 ( 1.000000000000000000, 0.9472161467576651894, 1.000000000000000000),
 ( 1.000000000000000000, 0.9492365977422778656, 1.000000000000000000),
 ( 1.000000000000000000, 0.9503449589104919770, 1.000000000000000000),
 ( 1.000000000000000000, 0.9539332929331055810, 1.000000000000000000),
 ( 1.000000000000000000, 0.9566948671771082768, 1.000000000000000000),
 ( 1.000000000000000000, 0.9613835800304684209, 1.000000000000000000),
 ( 1.000000000000000000, 0.9630394322455312350, 1.000000000000000000),
 ( 1.000000000000000000, 0.9664135142369963960, 1.000000000000000000),
 ( 1.000000000000000000, 0.9681411672001115631, 1.000000000000000000),
 ( 1.000000000000000000, 0.9698494303495834856, 1.000000000000000000) ) ) 
 REPRESENTATION_ITEM ( '' )  SURFACE ( )  );
#5534 = ORIENTED_EDGE ( 'NONE', *, *, #5146, .F. ) ;
#5535 = AXIS2_PLACEMENT_3D ( 'NONE', #4286, #5748, #5295 ) ;
#5536 = DIRECTION ( 'NONE',  ( -0.000000000000000000, -0.000000000000000000, 1.000000000000000000 ) ) ;
#5537 = CARTESIAN_POINT ( 'NONE',  ( -4.060188157770275776E-17, 23.99999999999999289, 4.999999999999999112 ) ) ;
#5538 = CARTESIAN_POINT ( 'NONE',  ( -24.19734012336515505, -15.30867865453468468, 0.6406938031165870795 ) ) ;
#5539 = CARTESIAN_POINT ( 'NONE',  ( -27.00000000000000000, -2.716042290659681219E-19, -4.815573033901616284 ) ) ;
#5540 = CARTESIAN_POINT ( 'NONE',  ( -27.05994613511578706, -12.93113435663558874, -10.56491239689677464 ) ) ;
#5541 = EDGE_CURVE ( 'NONE', #3042, #5008, #1260, .T. ) ;
#5542 = CIRCLE ( 'NONE', #2848, 8.500000000000000000 ) ;
#5543 = VERTEX_POINT ( 'NONE', #912 ) ;
#5544 = CARTESIAN_POINT ( 'NONE',  ( -18.39369411857367709, 15.42812393887179034, 13.36530153046523495 ) ) ;
#5545 = VERTEX_POINT ( 'NONE', #4709 ) ;
#5546 = CIRCLE ( 'NONE', #1160, 10.00000000000000355 ) ;
#5547 = CARTESIAN_POINT ( 'NONE',  ( -21.92797415380175607, -15.16387664854327966, 6.078461237058964350 ) ) ;
#5548 = CARTESIAN_POINT ( 'NONE',  ( -25.12364373835714559, 11.75325040729728698, 7.039564710080733256 ) ) ;
#5549 = CARTESIAN_POINT ( 'NONE',  ( -27.00000000000000000, -4.425092742786358890, 1.391660071361004114 ) ) ;
#5550 = PLANE ( 'NONE',  #278 ) ;
#5551 = EDGE_CURVE ( 'NONE', #4345, #4783, #1755, .T. ) ;
#5552 = CARTESIAN_POINT ( 'NONE',  ( -9.836972232387399373, -21.89902271070837614, 11.55971852666813859 ) ) ;
#5553 = ORIENTED_EDGE ( 'NONE', *, *, #1610, .F. ) ;
#5554 = B_SPLINE_CURVE_WITH_KNOTS ( 'NONE', 3,
 ( #2779, #5194, #5646, #5610, #4151, #2742, #6109, #6144 ),
 .UNSPECIFIED., .F., .F.,
 ( 4, 2, 2, 4 ),
 ( 0.000000000000000000, 0.004437725864218750385, 0.006656588796328124710, 0.008875451728437499035 ),
 .UNSPECIFIED. ) ;
#5555 = ORIENTED_EDGE ( 'NONE', *, *, #970, .T. ) ;
#5556 = CARTESIAN_POINT ( 'NONE',  ( 0.9584330131424970700, 23.98205170619138826, 5.752104528988448706 ) ) ;
#5557 = CARTESIAN_POINT ( 'NONE',  ( 9.315410502099309653, 22.12544154148464415, 11.35954753185362343 ) ) ;
#5558 = CARTESIAN_POINT ( 'NONE',  ( -8.499999999999793943, -34.46737587922822144, 9.425626491315780342 ) ) ;
#5559 = CARTESIAN_POINT ( 'NONE',  ( 4.600014120331313627, -25.50000000000000355, 3.891575152383083047 ) ) ;
#5560 = CARTESIAN_POINT ( 'NONE',  ( 25.50000000000000000, 0.000000000000000000, 0.000000000000000000 ) ) ;
#5561 = DIRECTION ( 'NONE',  ( 0.000000000000000000, -0.000000000000000000, 1.000000000000000000 ) ) ;
#5562 = CARTESIAN_POINT ( 'NONE',  ( -19.69909258363198745, -17.81382329607596660, 6.101017805544284300 ) ) ;
#5563 = CARTESIAN_POINT ( 'NONE',  ( 27.82235540200827728, -10.70510315769666398, 0.8059093181453750310 ) ) ;
#5564 = CARTESIAN_POINT ( 'NONE',  ( -27.00000000000000355, -5.142992690937753686, 1.299116392091092420 ) ) ;
#5565 = DIRECTION ( 'NONE',  ( 1.000000000000000000, 0.000000000000000000, 0.000000000000000000 ) ) ;
#5566 = CARTESIAN_POINT ( 'NONE',  ( 21.93093743236418192, -15.15984363054656470, 6.078445135143510925 ) ) ;
#5567 = CARTESIAN_POINT ( 'NONE',  ( 3.842747407839318896, 23.70995927630050559, 7.995691011580094099 ) ) ;
#5568 = CARTESIAN_POINT ( 'NONE',  ( 11.03561085717195134, -22.47185168692274715, -16.98871780833349376 ) ) ;
#5569 = CARTESIAN_POINT ( 'NONE',  ( 16.28754734402648197, 19.63057782245458682, 12.99147794247857846 ) ) ;
#5570 = CARTESIAN_POINT ( 'NONE',  ( -7.061196796122218955E-17, 23.99999999999999289, 4.999999999999999112 ) ) ;
#5571 = CARTESIAN_POINT ( 'NONE',  ( -26.78567791675019549, 4.962546371393241174, 6.964692016090494597 ) ) ;
#5572 = DIRECTION ( 'NONE',  ( -0.000000000000000000, -0.000000000000000000, 1.000000000000000000 ) ) ;
#5573 = DIRECTION ( 'NONE',  ( 1.000000000000000000, 0.000000000000000000, 0.000000000000000000 ) ) ;
#5574 = CARTESIAN_POINT ( 'NONE',  ( -13.74677708595190495, 21.48402494610484226, 9.404168039935161261 ) ) ;
#5575 = EDGE_LOOP ( 'NONE', ( #566, #5444 ) ) ;
#5576 = CARTESIAN_POINT ( 'NONE',  ( -16.14849005342988519, 17.79278012603547054, 9.167088443056975677 ) ) ;
#5577 = CARTESIAN_POINT ( 'NONE',  ( 26.99999999999998934, -4.425092742786755906, 1.391660071360973916 ) ) ;
#5578 = VERTEX_POINT ( 'NONE', #2910 ) ;
#5579 = EDGE_CURVE ( 'NONE', #5166, #836, #3159, .T. ) ;
#5580 = CARTESIAN_POINT ( 'NONE',  ( -12.63949927553427344, -22.28330653645657833, 6.205893419126770283 ) ) ;
#5581 = CARTESIAN_POINT ( 'NONE',  ( 10.63415309628384797, -24.31215835098821643, 6.845339688422908075 ) ) ;
#5582 = CARTESIAN_POINT ( 'NONE',  ( -8.566832898858583631E-15, -2.895180250348400541, -50.41938088316786093 ) ) ;
#5583 = CARTESIAN_POINT ( 'NONE',  ( 0.000000000000000000, -24.00000000000000000, 5.000000000000000000 ) ) ;
#5584 = CARTESIAN_POINT ( 'NONE',  ( -23.71021239447911810, -3.718309859154933505, 12.53772396082005613 ) ) ;
#5585 = ORIENTED_EDGE ( 'NONE', *, *, #4007, .T. ) ;
#5586 = ORIENTED_EDGE ( 'NONE', *, *, #600, .T. ) ;
#5587 = CARTESIAN_POINT ( 'NONE',  ( 5.104309194833898111, -25.29120241410974401, 5.918651945771464362 ) ) ;
#5588 = CARTESIAN_POINT ( 'NONE',  ( 20.20832846690172246, -18.18442641169089313, -14.46660642070354363 ) ) ;
#5589 = CARTESIAN_POINT ( 'NONE',  ( 0.000000000000000000, -25.50000000000000355, 5.000000000000000000 ) ) ;
#5590 = CARTESIAN_POINT ( 'NONE',  ( 13.99999999999997513, 2.571758278209441267E-15, -214.9999999999999716 ) ) ;
#5591 = CARTESIAN_POINT ( 'NONE',  ( -20.18550472004496754, -18.17741592151681829, -14.46382495041046568 ) ) ;
#5592 = CARTESIAN_POINT ( 'NONE',  ( -28.50000000000000000, 0.9651692061128397393, -4.477843683024257615 ) ) ;
#5593 = CARTESIAN_POINT ( 'NONE',  ( 27.43122738516834502, -11.96590159539548637, 4.294953668467540453 ) ) ;
#5594 = EDGE_CURVE ( 'NONE', #1289, #4085, #1312, .T. ) ;
#5595 = CYLINDRICAL_SURFACE ( 'NONE', #3346, 23.99999999999999645 ) ;
#5596 = CARTESIAN_POINT ( 'NONE',  ( 11.27094235085952256, 22.74026004729782002, 6.211405936894563773 ) ) ;
#5597 = CARTESIAN_POINT ( 'NONE',  ( 17.51683499212001394, -21.66539610434738350, 1.054093233793630180 ) ) ;
#5598 = CARTESIAN_POINT ( 'NONE',  ( -8.013609840721885647, -24.92248340623195091, 6.463299536999944195 ) ) ;
#5599 = CARTESIAN_POINT ( 'NONE',  ( 24.89326925929183432, -16.30002112700560701, -12.71904830082008431 ) ) ;
#5600 = CARTESIAN_POINT ( 'NONE',  ( 8.268869713909261066, 24.12898857423135723, 10.67375775303173313 ) ) ;
#5601 = CARTESIAN_POINT ( 'NONE',  ( 6.028431552049492659, 24.00000000001427836, 4.691448259460834436 ) ) ;
#5602 = CARTESIAN_POINT ( 'NONE',  ( -28.50000000000000355, 5.499999999998711253, 1.223575944766787549 ) ) ;
#5603 = CARTESIAN_POINT ( 'NONE',  ( -9.227995311559226366, 23.77366655432121689, 11.08892548908994868 ) ) ;
#5604 = EDGE_CURVE ( 'NONE', #1688, #5227, #1832, .T. ) ;
#5605 = VERTEX_POINT ( 'NONE', #3421 ) ;
#5606 = CARTESIAN_POINT ( 'NONE',  ( -19.48889173539336639, 14.01902906252920467, 13.42391725791572377 ) ) ;
#5607 = ORIENTED_EDGE ( 'NONE', *, *, #3962, .F. ) ;
#5608 = CARTESIAN_POINT ( 'NONE',  ( -14.02527646567755859, -21.72592149844383513, 6.194529937020381460 ) ) ;
#5609 = CARTESIAN_POINT ( 'NONE',  ( -26.98663219486240905, 13.14184357527108027, 4.278177771168021337 ) ) ;
#5610 = CARTESIAN_POINT ( 'NONE',  ( -3.418659726393667775, 21.71545759981450985, -17.83673403510831434 ) ) ;
#5611 = CARTESIAN_POINT ( 'NONE',  ( -28.50000000000009237, 6.818245762136391441, 1.084109781491128244 ) ) ;
#5612 = CARTESIAN_POINT ( 'NONE',  ( 28.49999999999998934, 2.954425590914045330, 1.533488685567892862 ) ) ;
#5613 = CARTESIAN_POINT ( 'NONE',  ( 28.49999999999999289, 4.719013280518180586, 4.439417977905089963 ) ) ;
#5614 = CIRCLE ( 'NONE', #1011, 8.500000000000000000 ) ;
#5615 = CARTESIAN_POINT ( 'NONE',  ( -25.50000000000000000, 2.466420338507139004E-15, 12.14142842854285398 ) ) ;
#5616 = CARTESIAN_POINT ( 'NONE',  ( 21.86629348637726977, 18.30535021678240071, 0.7012964756614151751 ) ) ;
#5617 = EDGE_CURVE ( 'NONE', #4023, #5651, #991, .T. ) ;
#5618 = ORIENTED_EDGE ( 'NONE', *, *, #2398, .F. ) ;
#5619 = VERTEX_POINT ( 'NONE', #3779 ) ;
#5620 = CARTESIAN_POINT ( 'NONE',  ( 5.744096074603435298, -25.50000000000000355, 3.591000677615971526 ) ) ;
#5621 = CARTESIAN_POINT ( 'NONE',  ( -7.239748728106835785, -24.00000000000000000, 4.628709470048185892 ) ) ;
#5622 = CARTESIAN_POINT ( 'NONE',  ( 26.75948107345642413, 8.534338526575844242, 0.9298437245929928041 ) ) ;
#5623 = CARTESIAN_POINT ( 'NONE',  ( -8.499999999999896971, 20.98449689551662445, -16.49386585964543528 ) ) ;
#5624 = CARTESIAN_POINT ( 'NONE',  ( 28.49999999999998579, -5.499999999999973355, -5.916438420940946408 ) ) ;
#5625 = B_SPLINE_CURVE_WITH_KNOTS ( 'NONE', 3,
 ( #663, #5939, #5427, #728, #696, #2995, #5838, #2568, #1571, #4936, #4439, #1673, #3935, #2633, #2171, #207, #1602, #3127, #5031, #4900, #3503, #2532, #1124, #3469, #3062, #2103, #5904, #1636 ),
 .UNSPECIFIED., .F., .F.,
 ( 4, 2, 2, 2, 2, 2, 2, 2, 2, 2, 2, 2, 2, 4 ),
 ( 0.000000000000000000, 0.001929909503222790312, 0.002894864254834186770, 0.003859819006445583227, 0.007719638012891175127, 0.009649547516113972379, 0.01157945701933676963, 0.01543927602578236413, 0.01736918552900516138, 0.01929909503222795517, 0.02315891403867355314, 0.02508882354189635039, 0.02701873304511914764, 0.03087855205156474214 ),
 .UNSPECIFIED. ) ;
#5626 = CARTESIAN_POINT ( 'NONE',  ( 18.81751515704812050, -22.64588469189471098, 0.9988747552819670084 ) ) ;
#5627 = EDGE_CURVE ( 'NONE', #1816, #4912, #5505, .T. ) ;
#5628 = CARTESIAN_POINT ( 'NONE',  ( -8.499999999999857891, -24.00000000000000000, 2.627371485753581926 ) ) ;
#5629 = CARTESIAN_POINT ( 'NONE',  ( 28.46741568518885401, 6.818141207286956273, 1.091283165249482989 ) ) ;
#5630 = CARTESIAN_POINT ( 'NONE',  ( -13.92698023235107740, -21.39729714845952202, 12.55645444525686472 ) ) ;
#5631 = CARTESIAN_POINT ( 'NONE',  ( 10.31403013184134210, 22.99033459833995963, 6.212644458022505312 ) ) ;
#5632 = CARTESIAN_POINT ( 'NONE',  ( 11.33218000837892525, -23.79135246309673946, 1.970499415375350116 ) ) ;
#5633 = CARTESIAN_POINT ( 'NONE',  ( -7.981122724517256906, -25.50000000000000355, 2.882493012033735091 ) ) ;
#5634 = CARTESIAN_POINT ( 'NONE',  ( -8.499999999999864997, 34.46737587922820722, 9.425626491315787447 ) ) ;
#5635 = CARTESIAN_POINT ( 'NONE',  ( -0.2388157066497067771, -24.00000000000000355, 5.187484633205933449 ) ) ;
#5636 = CARTESIAN_POINT ( 'NONE',  ( 7.573189171425050326, 23.56113474867200708, 5.897889810354345563 ) ) ;
#5637 = CARTESIAN_POINT ( 'NONE',  ( -28.50000000000000355, 4.425092742786670641, 1.391660071360960593 ) ) ;
#5638 = CARTESIAN_POINT ( 'NONE',  ( 12.49999999999997335, 2.755455298081544383E-15, -214.9999999999999716 ) ) ;
#5639 = CARTESIAN_POINT ( 'NONE',  ( -23.41474451819302161, 10.11924378192858853, 9.742522320814726910 ) ) ;
#5640 = CIRCLE ( 'NONE', #1861, 8.499999999999998224 ) ;
#5641 = ORIENTED_EDGE ( 'NONE', *, *, #5541, .T. ) ;
#5642 = CYLINDRICAL_SURFACE ( 'NONE', #3028, 21.00000000000000000 ) ;
#5643 = EDGE_LOOP ( 'NONE', ( #3029, #684, #3741, #3859 ) ) ;
#5644 = CARTESIAN_POINT ( 'NONE',  ( -7.663091056568798187, -24.00000000000051159, 4.665872246470288864 ) ) ;
#5645 = CARTESIAN_POINT ( 'NONE',  ( -25.76816197723567825, 15.66785554500046374, 4.256220250815708539 ) ) ;
#5646 = CARTESIAN_POINT ( 'NONE',  ( -5.546150167786055185, 22.21254464405742723, -17.42475578386279977 ) ) ;
#5647 = ADVANCED_FACE ( 'NONE', ( #4789 ), #2319, .T. ) ;
#5648 = AXIS2_PLACEMENT_3D ( 'NONE', #3445, #4321, #4874 ) ;
#5649 = CARTESIAN_POINT ( 'NONE',  ( 26.99999999999998934, -5.499999999999954703, 1.223575944766521539 ) ) ;
#5650 = CARTESIAN_POINT ( 'NONE',  ( 22.47204871435694784, 14.35345507961605449, 6.077564410551876684 ) ) ;
#5651 = VERTEX_POINT ( 'NONE', #5989 ) ;
#5652 = ORIENTED_EDGE ( 'NONE', *, *, #5617, .F. ) ;
#5653 = CARTESIAN_POINT ( 'NONE',  ( 8.275937701492942722, 22.53488165909207908, 10.91020125019676712 ) ) ;
#5654 = CARTESIAN_POINT ( 'NONE',  ( -7.658446030166360607, 23.99999999999998579, 4.665686286036121011 ) ) ;
#5655 = CARTESIAN_POINT ( 'NONE',  ( 15.70342062840471442, 18.16103934773941120, 9.143612908396342220 ) ) ;
#5656 = CARTESIAN_POINT ( 'NONE',  ( -194.2911684466444910, 0.000000000000000000, -121.7595244375777810 ) ) ;
#5657 = CARTESIAN_POINT ( 'NONE',  ( 11.11934551032870289, -24.18245922215560739, 6.870815074525360444 ) ) ;
#5658 = CARTESIAN_POINT ( 'NONE',  ( -17.96111390209395609, -18.10485274699465208, 9.711368960953658203 ) ) ;
#5659 = CARTESIAN_POINT ( 'NONE',  ( 1.254374671640053895, -24.00000000000000000, 5.155217351904547662 ) ) ;
#5660 = ADVANCED_FACE ( 'NONE', ( #1252 ), #2927, .T. ) ;
#5661 = DIRECTION ( 'NONE',  ( 0.000000000000000000, 0.000000000000000000, -1.000000000000000000 ) ) ;
#5662 = CARTESIAN_POINT ( 'NONE',  ( -8.499999999999872102, -15.50000000000000178, 2.627371485753581926 ) ) ;
#5663 = CARTESIAN_POINT ( 'NONE',  ( 18.32364283395162374, -20.92348302579004482, -15.64385412802148068 ) ) ;
#5664 = CARTESIAN_POINT ( 'NONE',  ( 26.99999999999998934, 4.425092742787104960, 1.391660071360937501 ) ) ;
#5665 = EDGE_CURVE ( 'NONE', #1603, #5784, #540, .T. ) ;
#5666 = CARTESIAN_POINT ( 'NONE',  ( -17.69378064381701421, -21.56532155251447236, 1.035157443437341396 ) ) ;
#5667 = DIRECTION ( 'NONE',  ( 0.000000000000000000, -0.09599293193542685065, -0.9953820156193502466 ) ) ;
#5668 = CARTESIAN_POINT ( 'NONE',  ( -16.91708967757723769, 19.12165082083689427, 13.09554848126543192 ) ) ;
#5669 = EDGE_CURVE ( 'NONE', #2451, #4023, #4010, .T. ) ;
#5670 = EDGE_LOOP ( 'NONE', ( #5309, #3561, #3719, #1809, #56, #2137, #106 ) ) ;
#5671 = LINE ( 'NONE', #4239, #5524 ) ;
#5672 = CARTESIAN_POINT ( 'NONE',  ( -28.50000000000000000, -5.500000000000007994, 1.223575944766496448 ) ) ;
#5673 = CARTESIAN_POINT ( 'NONE',  ( -23.53121159534177664, 18.70963650664062783, 4.270389692254900282 ) ) ;
#5674 = CARTESIAN_POINT ( 'NONE',  ( -5.560172180999209068, 23.38547427519566924, 7.196978355528772298 ) ) ;
#5675 = CARTESIAN_POINT ( 'NONE',  ( -6.888155080739683633, -15.50000000000000178, 3.290432263557690806 ) ) ;
#5676 = CARTESIAN_POINT ( 'NONE',  ( 25.34110559031674370, -6.544310002706508200, 6.159028398228502788 ) ) ;
#5677 = B_SPLINE_CURVE_WITH_KNOTS ( 'NONE', 3,
 ( #3120, #5025, #3631, #330, #1258, #3158 ),
 .UNSPECIFIED., .F., .F.,
 ( 4, 2, 4 ),
 ( -3.736707640283154730E-05, 0.003784798039255918203, 0.007606963154914667471 ),
 .UNSPECIFIED. ) ;
#5678 = CARTESIAN_POINT ( 'NONE',  ( 25.04816817728396927, 13.77671625855774629, 0.6623300218939611739 ) ) ;
#5679 = EDGE_CURVE ( 'NONE', #5941, #1603, #1626, .T. ) ;
#5680 = ORIENTED_EDGE ( 'NONE', *, *, #899, .F. ) ;
#5681 = ORIENTED_EDGE ( 'NONE', *, *, #1098, .F. ) ;
#5682 = CARTESIAN_POINT ( 'NONE',  ( 7.171620660629451471, -24.00000000000000355, 3.215959877228590447 ) ) ;
#5683 = CARTESIAN_POINT ( 'NONE',  ( 11.77670615069537163, 22.67456383111369789, 6.055601369758676356 ) ) ;
#5684 = CARTESIAN_POINT ( 'NONE',  ( 28.26608483491363799, 8.658390506625920580, 4.365036625670881243 ) ) ;
#5685 = CARTESIAN_POINT ( 'NONE',  ( 11.56181622527562602, -25.27443509523951093, 1.970499415377490404 ) ) ;
#5686 = CARTESIAN_POINT ( 'NONE',  ( 8.372880859633616168, -22.50810676941831900, 8.154613859838773848 ) ) ;
#5687 = DIRECTION ( 'NONE',  ( 0.000000000000000000, 0.2070101959510282918, -0.9783387852744657165 ) ) ;
#5688 = CARTESIAN_POINT ( 'NONE',  ( 9.787210072509690661, -25.46904334628622379, 2.321404159296915903 ) ) ;
#5689 = CARTESIAN_POINT ( 'NONE',  ( 15.49441736182391338, -22.43914334349698692, 6.922842767782978690 ) ) ;
#5690 = CARTESIAN_POINT ( 'NONE',  ( -21.92766475311183783, -17.06759609439044567, 7.038264930283187226 ) ) ;
#5691 = PERSON_AND_ORGANIZATION_ROLE ( 'creator' ) ;
#5692 = CARTESIAN_POINT ( 'NONE',  ( -26.99999999999999645, 1.566254452776991712, 4.026096490764248692 ) ) ;
#5693 = CARTESIAN_POINT ( 'NONE',  ( -21.43643009342061134, 17.71344593707470239, 6.988263624460949508 ) ) ;
#5694 = B_SPLINE_CURVE_WITH_KNOTS ( 'NONE', 3,
 ( #1298, #306, #3196, #3635, #2724, #6059, #5968, #1703 ),
 .UNSPECIFIED., .F., .F.,
 ( 4, 2, 2, 4 ),
 ( -0.004444294502409520779, 1.101558795510611255E-05, 0.002238670633137419992, 0.004466325678319733004 ),
 .UNSPECIFIED. ) ;
#5695 = ADVANCED_FACE ( 'NONE', ( #1912 ), #6010, .F. ) ;
#5696 = ORIENTED_EDGE ( 'NONE', *, *, #3931, .F. ) ;
#5697 =( BOUNDED_SURFACE ( )  B_SPLINE_SURFACE ( 3, 2, ( 
 ( #4905, #5369, #635 ),
 ( #3033, #3973, #3068 ),
 ( #4942, #2443, #668 ),
 ( #4348, #3906, #1983 ) ),
 .UNSPECIFIED., .F., .F., .F. ) 
 B_SPLINE_SURFACE_WITH_KNOTS ( ( 4, 4 ),
 ( 3, 3 ),
 ( -6.444497713253838356E-16, 0.001085486318211054384 ),
 ( 0.000000000000000000, 1.000000000000000000 ),
 .UNSPECIFIED. ) 
 GEOMETRIC_REPRESENTATION_ITEM ( )  RATIONAL_B_SPLINE_SURFACE ( (
 ( 1.000000000000000000, 0.9499568284406408880, 1.000000000000000000),
 ( 1.000000000000000000, 0.9523215235042574722, 1.000000000000000000),
 ( 1.000000000000000000, 0.9544185363330689453, 1.000000000000000000),
 ( 1.000000000000000000, 0.9561819365777151081, 1.000000000000000000) ) ) 
 REPRESENTATION_ITEM ( '' )  SURFACE ( )  );
#5698 = CARTESIAN_POINT ( 'NONE',  ( -2.472506685858252486E-14, 6.194392981131617404, -48.47947067000946220 ) ) ;
#5699 = CARTESIAN_POINT ( 'NONE',  ( -7.866337448086105688, -23.50908582431379656, 5.981786412968351563 ) ) ;
#5700 = CARTESIAN_POINT ( 'NONE',  ( -9.634454142084717176, 25.50000000000001776, 4.869521548480276962 ) ) ;
#5701 = CARTESIAN_POINT ( 'NONE',  ( 21.90287519927065674, -17.12759594515349448, 7.038360730423566025 ) ) ;
#5702 = CARTESIAN_POINT ( 'NONE',  ( 23.20831295070157196, 13.08412053374038386, 6.081422384399481906 ) ) ;
#5703 = ORIENTED_EDGE ( 'NONE', *, *, #3005, .F. ) ;
#5704 = VERTEX_POINT ( 'NONE', #5238 ) ;
#5705 = CARTESIAN_POINT ( 'NONE',  ( -14.78941429865486512, 20.78275810391494360, 12.72445468721907780 ) ) ;
#5706 = CARTESIAN_POINT ( 'NONE',  ( 0.000000000000000000, 25.49999999999999645, 5.000000000000000000 ) ) ;
#5707 = CARTESIAN_POINT ( 'NONE',  ( -27.00000000000000711, 4.648110207241540337, -5.923710102153867396 ) ) ;
#5708 = CARTESIAN_POINT ( 'NONE',  ( -5.746478873239340146, -23.30188791835146134, 9.425626491315799882 ) ) ;
#5709 = CC_DESIGN_SECURITY_CLASSIFICATION ( #1520, ( #4405 ) ) ;
#5710 = CARTESIAN_POINT ( 'NONE',  ( 12.83107278890207859, -22.32120039128027145, 6.076680663374704139 ) ) ;
#5711 = CARTESIAN_POINT ( 'NONE',  ( 25.48559620883142074, 5.453666927313296497, 6.158686187999433237 ) ) ;
#5712 = CARTESIAN_POINT ( 'NONE',  ( 20.64547154596427347, -21.44341362039902421, 0.8388712414480552493 ) ) ;
#5713 = EDGE_CURVE ( 'NONE', #5071, #3208, #4404, .T. ) ;
#5714 = CARTESIAN_POINT ( 'NONE',  ( 20.99672770272674427, -18.19606927707284783, 6.987548474339098092 ) ) ;
#5715 = CARTESIAN_POINT ( 'NONE',  ( -27.85068721914604239, -10.72405283640352103, 0.7991606459618170177 ) ) ;
#5716 = CARTESIAN_POINT ( 'NONE',  ( -7.573189171425178223, -23.56113474867197866, 5.897889810354421947 ) ) ;
#5717 = PERSON_AND_ORGANIZATION ( #4329, #930 ) ;
#5718 = CARTESIAN_POINT ( 'NONE',  ( -27.00000000000000355, 1.487162735981580886, 1.605623278482739114 ) ) ;
#5719 = EDGE_CURVE ( 'NONE', #3573, #3746, #2191, .T. ) ;
#5720 = CARTESIAN_POINT ( 'NONE',  ( 16.68855187276010454, 23.74980707725464413, 1.223881246058469374 ) ) ;
#5721 = DIRECTION ( 'NONE',  ( -0.8922873051864914640, 1.883416736090864254E-14, -0.4514680110517567124 ) ) ;
#5722 = DIRECTION ( 'NONE',  ( -7.441933196985691860E-17, -0.000000000000000000, 1.000000000000000000 ) ) ;
#5723 = CARTESIAN_POINT ( 'NONE',  ( -23.87901302407923509, -2.486283251510638781, 12.31322059101474053 ) ) ;
#5724 = CARTESIAN_POINT ( 'NONE',  ( 2.393030499778276532, -23.88525087252256540, 6.873510808487726997 ) ) ;
#5725 = CARTESIAN_POINT ( 'NONE',  ( 23.63559609981062692, 4.194108881208760131, 8.971979218282728041 ) ) ;
#5726 = CARTESIAN_POINT ( 'NONE',  ( -7.499157621015159592, 22.79989260225447367, 10.51868428040901016 ) ) ;
#5727 = DIRECTION ( 'NONE',  ( 1.665334536937734811E-16, 0.000000000000000000, -1.000000000000000000 ) ) ;
#5728 = CARTESIAN_POINT ( 'NONE',  ( 8.499999999999850786, -34.46737587922820722, 9.425626491315799882 ) ) ;
#5729 = AXIS2_PLACEMENT_3D ( 'NONE', #457, #4342, #2360 ) ;
#5730 = CARTESIAN_POINT ( 'NONE',  ( 18.49999999999998934, 5.499999999999927169, 1.223575944766521317 ) ) ;
#5731 =( BOUNDED_SURFACE ( )  B_SPLINE_SURFACE ( 3, 2, ( 
 ( #3187, #5483, #4025 ),
 ( #1663, #3989, #5416 ),
 ( #5080, #5518, #4560 ),
 ( #2160, #816, #5892 ),
 ( #1698, #1223, #2683 ),
 ( #4461, #196, #3117 ) ),
 .UNSPECIFIED., .F., .F., .F. ) 
 B_SPLINE_SURFACE_WITH_KNOTS ( ( 4, 2, 4 ),
 ( 3, 3 ),
 ( 0.03750064219285697414, 0.04235870784316327076, 0.04721677349346956737 ),
 ( 0.3094157719181760968, 1.000000000000000000 ),
 .UNSPECIFIED. ) 
 GEOMETRIC_REPRESENTATION_ITEM ( )  RATIONAL_B_SPLINE_SURFACE ( (
 ( 0.9859497830709920141, 0.9772955708723154444, 1.000000000000000000),
 ( 0.9906378285133545791, 0.9848712115924049826, 1.000000000000000000),
 ( 0.9941380171297058421, 0.9905273366739617558, 1.000000000000000000),
 ( 0.9988182287309477214, 0.9980903183090406028, 1.000000000000000000),
 ( 0.9999982209213293949, 0.9999971251002177652, 1.000000000000000000),
 ( 1.000000000000000000, 1.000000000000000000, 1.000000000000000000) ) ) 
 REPRESENTATION_ITEM ( '' )  SURFACE ( )  );
#5732 = EDGE_LOOP ( 'NONE', ( #2343, #4505, #783, #2286, #2546, #1051, #2862, #1201 ) ) ;
#5733 = ORIENTED_EDGE ( 'NONE', *, *, #1391, .F. ) ;
#5734 = AXIS2_PLACEMENT_3D ( 'NONE', #1860, #3370, #5210 ) ;
#5735 = CARTESIAN_POINT ( 'NONE',  ( -23.92422076487338956, 8.848292643853122641, 13.20932574713902952 ) ) ;
#5736 = EDGE_CURVE ( 'NONE', #6150, #3042, #27, .T. ) ;
#5737 = CARTESIAN_POINT ( 'NONE',  ( 10.01530648369612564, 21.81824046546602247, 11.62535965497592905 ) ) ;
#5738 = DIRECTION ( 'NONE',  ( 0.9879255164366298470, -0.1549295774647886925, 0.000000000000000000 ) ) ;
#5739 = CARTESIAN_POINT ( 'NONE',  ( 19.28518540931923653, -22.36296465936403166, 4.371217550148194242 ) ) ;
#5740 = TOROIDAL_SURFACE ( 'NONE', #4158, 9.999999999999996447, 10.00000000000000000 ) ;
#5741 = ORIENTED_EDGE ( 'NONE', *, *, #1391, .T. ) ;
#5742 = CARTESIAN_POINT ( 'NONE',  ( 9.668771795051084084, -23.24453922086492952, 5.974784738557458397 ) ) ;
#5743 = CARTESIAN_POINT ( 'NONE',  ( -10.87622517218906282, 23.85649210248302765, 2.061183996969838450 ) ) ;
#5744 = CIRCLE ( 'NONE', #3759, 10.00000000000000355 ) ;
#5745 = DIRECTION ( 'NONE',  ( 0.000000000000000000, 0.000000000000000000, -1.000000000000000000 ) ) ;
#5746 = CARTESIAN_POINT ( 'NONE',  ( 15.44734980209725705, -20.29835578094819581, 12.84882687175228355 ) ) ;
#5747 = B_SPLINE_CURVE_WITH_KNOTS ( 'NONE', 3,
 ( #1559, #5794, #94, #587 ),
 .UNSPECIFIED., .F., .F.,
 ( 4, 4 ),
 ( 0.000000000000000000, 0.001087969615946444936 ),
 .UNSPECIFIED. ) ;
#5748 = DIRECTION ( 'NONE',  ( 1.665334536937734811E-16, 0.000000000000000000, -1.000000000000000000 ) ) ;
#5749 = CARTESIAN_POINT ( 'NONE',  ( -27.00000000000000355, -1.477881299907101820, 1.605925599713490026 ) ) ;
#5750 = CARTESIAN_POINT ( 'NONE',  ( 17.57900251218153898, 23.32357464478643649, 1.124661276936000931 ) ) ;
#5751 = ORIENTED_EDGE ( 'NONE', *, *, #5382, .T. ) ;
#5752 = CARTESIAN_POINT ( 'NONE',  ( -23.74373585230326356, -14.62870904441237485, 6.989577777206414488 ) ) ;
#5753 = CARTESIAN_POINT ( 'NONE',  ( 6.888155080739496228, -24.00000000000000000, 3.290432263556855474 ) ) ;
#5754 = FACE_OUTER_BOUND ( 'NONE', #4557, .T. ) ;
#5755 = CARTESIAN_POINT ( 'NONE',  ( -8.538509564789405815, 22.43148968126093479, 11.02374678440442679 ) ) ;
#5756 = B_SPLINE_CURVE_WITH_KNOTS ( 'NONE', 3,
 ( #6041, #1780, #1315, #5103, #5952, #2610, #6073, #254, #1808, #4978 ),
 .UNSPECIFIED., .F., .F.,
 ( 4, 2, 2, 2, 4 ),
 ( -3.203202597793572556E-05, 0.0009151468486920960209, 0.001862325723362127754, 0.003756683472702190569, 0.007545398971382318368 ),
 .UNSPECIFIED. ) ;
#5757 = CARTESIAN_POINT ( 'NONE',  ( 26.54835951801974048, 6.728600003184097567, 7.029990595898535588 ) ) ;
#5758 = ORIENTED_EDGE ( 'NONE', *, *, #3833, .T. ) ;
#5759 = CARTESIAN_POINT ( 'NONE',  ( -18.44125641725317521, 21.11943853372328306, 3.865359883870849611 ) ) ;
#5760 = VERTEX_POINT ( 'NONE', #4646 ) ;
#5761 = CARTESIAN_POINT ( 'NONE',  ( 22.38506568326302570, 16.58559518944008104, -13.51979196823979379 ) ) ;
#5762 = CARTESIAN_POINT ( 'NONE',  ( 0.000000000000000000, 25.49999999999999645, 5.000000000000000000 ) ) ;
#5763 = CARTESIAN_POINT ( 'NONE',  ( 11.58708824226462042, 21.02578818692873597, 12.13890594685808999 ) ) ;
#5764 = CARTESIAN_POINT ( 'NONE',  ( 27.46510724215483634, 11.99026370588783230, 0.7363530966572706671 ) ) ;
#5765 = CARTESIAN_POINT ( 'NONE',  ( -8.808394342866467497, 24.75641612764745148, 6.641538363982577131 ) ) ;
#5766 = B_SPLINE_CURVE_WITH_KNOTS ( 'NONE', 3,
 ( #2071, #2631, #2993, #3570 ),
 .UNSPECIFIED., .F., .F.,
 ( 4, 4 ),
 ( 0.000000000000000000, 0.007097168959298997062 ),
 .UNSPECIFIED. ) ;
#5767 = ORIENTED_EDGE ( 'NONE', *, *, #842, .F. ) ;
#5768 = CARTESIAN_POINT ( 'NONE',  ( -9.092085190411367535, 23.99999999999999289, 2.465438717810993996 ) ) ;
#5769 = CARTESIAN_POINT ( 'NONE',  ( 4.855532502329372058, 25.50000000004735767, 4.908484015557240454 ) ) ;
#5770 = CARTESIAN_POINT ( 'NONE',  ( -20.49783340552083288, 18.67090076810837473, 7.040268687140800452 ) ) ;
#5771 = CARTESIAN_POINT ( 'NONE',  ( 7.225888261263737178, -24.46217412131048619, 10.13806293351696652 ) ) ;
#5772 = CARTESIAN_POINT ( 'NONE',  ( -27.46510724215564281, -11.99026370588596535, 0.7363530966554774349 ) ) ;
#5773 = CARTESIAN_POINT ( 'NONE',  ( -27.00000000000000355, -4.425092742786366884, 1.391660071360995898 ) ) ;
#5774 = CARTESIAN_POINT ( 'NONE',  ( 26.54835951802150973, 6.728600003189503909, 7.029990595906136619 ) ) ;
#5775 = CARTESIAN_POINT ( 'NONE',  ( 23.97590761867104092, 1.242868163499540879, 12.17686745911349000 ) ) ;
#5776 = CARTESIAN_POINT ( 'NONE',  ( -34.99999999999997158, 0.000000000000000000, -214.9999999999999432 ) ) ;
#5777 = CARTESIAN_POINT ( 'NONE',  ( -4.821289839922820342, -20.58446833532030240, -16.81455272473199969 ) ) ;
#5778 = CARTESIAN_POINT ( 'NONE',  ( -25.64631746767470943, 4.103292565518085411, 6.048556177518260135 ) ) ;
#5779 = CARTESIAN_POINT ( 'NONE',  ( -28.50000000000000000, -1.912071751721751811, -4.576308315008257743 ) ) ;
#5780 = CARTESIAN_POINT ( 'NONE',  ( -17.07353986725063777, 23.58122660105780355, 1.178674724653214989 ) ) ;
#5781 = CARTESIAN_POINT ( 'NONE',  ( 23.71247108332985576, 14.54151488788436453, 7.037160898369300810 ) ) ;
#5782 = CARTESIAN_POINT ( 'NONE',  ( 1.469576158976823750E-15, 23.99999999999999645, 5.000000000000000000 ) ) ;
#5783 = PERSON_AND_ORGANIZATION ( #4329, #930 ) ;
#5784 = VERTEX_POINT ( 'NONE', #5583 ) ;
#5785 = CARTESIAN_POINT ( 'NONE',  ( -7.617768567017568770, 22.78106239078411832, 7.934751738153599021 ) ) ;
#5786 = CARTESIAN_POINT ( 'NONE',  ( -21.02839057076759488, 16.33760279406320137, 6.084773075090854633 ) ) ;
#5787 = VERTEX_POINT ( 'NONE', #3212 ) ;
#5788 = CARTESIAN_POINT ( 'NONE',  ( -15.29917494328913286, 20.41037065659877925, 12.82178322541371251 ) ) ;
#5789 = CARTESIAN_POINT ( 'NONE',  ( 12.49999999999997335, 2.755455298081544383E-15, -121.7595244375778094 ) ) ;
#5790 = CARTESIAN_POINT ( 'NONE',  ( 26.93112210364922277, -3.302943153742456062, 6.908502868200985247 ) ) ;
#5791 = CARTESIAN_POINT ( 'NONE',  ( -2.667925661981792872E-15, -18.90254831910791466, -25.15630212037540758 ) ) ;
#5792 = DIRECTION ( 'NONE',  ( 0.000000000000000000, 0.9953820156193464719, 0.09599293193546681868 ) ) ;
#5793 = EDGE_CURVE ( 'NONE', #6150, #5545, #5220, .T. ) ;
#5794 = CARTESIAN_POINT ( 'NONE',  ( -28.50000000000000000, 4.786703179124255136, 1.356786981976393580 ) ) ;
#5795 = ORIENTED_EDGE ( 'NONE', *, *, #1098, .T. ) ;
#5796 = CARTESIAN_POINT ( 'NONE',  ( 14.39558481290917413, -21.60290035606968573, 6.082899506707170723 ) ) ;
#5797 = CARTESIAN_POINT ( 'NONE',  ( 19.35929649225673899, 19.75836721561189080, 6.980985500128854326 ) ) ;
#5798 = EDGE_CURVE ( 'NONE', #5166, #1073, #175, .T. ) ;
#5799 = CARTESIAN_POINT ( 'NONE',  ( 13.89924314818199669, -21.38129363162903118, 12.53268785713064659 ) ) ;
#5800 = AXIS2_PLACEMENT_3D ( 'NONE', #2347, #1732, #5738 ) ;
#5801 = CARTESIAN_POINT ( 'NONE',  ( -21.36951182514265923, -16.03825843245987315, 6.026494063353030839 ) ) ;
#5802 = ORIENTED_EDGE ( 'NONE', *, *, #2238, .T. ) ;
#5803 = CARTESIAN_POINT ( 'NONE',  ( -4.600007544738243581, -24.00000000000000000, 3.891576879931318622 ) ) ;
#5804 = CARTESIAN_POINT ( 'NONE',  ( -2.545404230489485276, 25.45929966875872807, 5.463193507890428791 ) ) ;
#5805 = CYLINDRICAL_SURFACE ( 'NONE', #1036, 21.00000000000000355 ) ;
#5806 = EDGE_CURVE ( 'NONE', #2622, #6106, #2621, .T. ) ;
#5807 = CARTESIAN_POINT ( 'NONE',  ( 8.499999999999847233, 23.99999999999999289, 5.000000000000000000 ) ) ;
#5808 = CARTESIAN_POINT ( 'NONE',  ( 19.01271084873010153, 22.52671649060970083, 0.9806783750807047673 ) ) ;
#5809 = CARTESIAN_POINT ( 'NONE',  ( -26.78567791675019194, 4.962546371393285582, 6.964692016090513249 ) ) ;
#5810 = CARTESIAN_POINT ( 'NONE',  ( -24.14828211523429857, -8.216078377526699228, 13.14984229994582776 ) ) ;
#5811 = CARTESIAN_POINT ( 'NONE',  ( -25.74314115864616426, -0.8299109447425451203, 6.054096635078689559 ) ) ;
#5812 = CARTESIAN_POINT ( 'NONE',  ( 55.99999999999997868, 0.000000000000000000, -121.7595244375778378 ) ) ;
#5813 = CARTESIAN_POINT ( 'NONE',  ( -13.43366982393703779, 24.92346286842749592, 1.649348189493748729 ) ) ;
#5814 = CARTESIAN_POINT ( 'NONE',  ( 8.240012328775307537, 25.49999999999999645, 2.758916691141436672 ) ) ;
#5815 = CARTESIAN_POINT ( 'NONE',  ( -23.19724968029049705, -10.60892380968880566, 13.33836688301524553 ) ) ;
#5816 = VECTOR ( 'NONE', #5257, 1000.000000000000000 ) ;
#5817 = VERTEX_POINT ( 'NONE', #1157 ) ;
#5818 = CARTESIAN_POINT ( 'NONE',  ( -7.608906524252454062, 22.76366798249242862, 10.57632970540946182 ) ) ;
#5819 = ORIENTED_EDGE ( 'NONE', *, *, #1442, .T. ) ;
#5820 = EDGE_CURVE ( 'NONE', #3981, #6106, #978, .T. ) ;
#5821 = CARTESIAN_POINT ( 'NONE',  ( -27.00000000000000711, -2.391973567106789211, -5.097069875208003253 ) ) ;
#5822 = DIRECTION ( 'NONE',  ( 0.000000000000000000, 0.000000000000000000, 1.000000000000000000 ) ) ;
#5823 = CARTESIAN_POINT ( 'NONE',  ( -25.54282622923776458, -4.881928327102004417, 6.128737224380952142 ) ) ;
#5824 = CARTESIAN_POINT ( 'NONE',  ( 3.244102116559546389E-14, 3.000554906988952553, -46.09772884654587699 ) ) ;
#5825 = CARTESIAN_POINT ( 'NONE',  ( 12.51968537709054097, 25.12494998190606310, 4.665751502904548431 ) ) ;
#5826 = CARTESIAN_POINT ( 'NONE',  ( 26.78567791675017773, -4.962546371393372624, 6.964692016090507920 ) ) ;
#5827 = CIRCLE ( 'NONE', #5535, 22.50000000000001421 ) ;
#5828 = EDGE_LOOP ( 'NONE', ( #4617, #25, #2730, #4980, #1848, #5278 ) ) ;
#5829 = CYLINDRICAL_SURFACE ( 'NONE', #4138, 18.49999999999999645 ) ;
#5830 = CARTESIAN_POINT ( 'NONE',  ( -18.13920986268519187, -20.70656420595225100, 7.038052006588491949 ) ) ;
#5831 = CARTESIAN_POINT ( 'NONE',  ( 23.47437192748402879, 9.980026967013795769, 13.29846552159743744 ) ) ;
#5832 = CARTESIAN_POINT ( 'NONE',  ( 26.81303187768516949, -4.972495962725647090, 6.923293897895749893 ) ) ;
#5833 = AXIS2_PLACEMENT_3D ( 'NONE', #4840, #5843, #3881 ) ;
#5834 = CARTESIAN_POINT ( 'NONE',  ( -21.07082191202862020, -11.55198407098171565, 13.41988163730421668 ) ) ;
#5835 = CARTESIAN_POINT ( 'NONE',  ( -28.50000000000000355, -4.784789044863590135, 1.356971574214025811 ) ) ;
#5836 = CARTESIAN_POINT ( 'NONE',  ( 24.56606491640737744, -9.911427276932579744, 6.111006821930112132 ) ) ;
#5837 = CARTESIAN_POINT ( 'NONE',  ( -8.664310951064358335, 24.78992986866566284, 6.621000874539906711 ) ) ;
#5838 = CARTESIAN_POINT ( 'NONE',  ( 9.103522216480531171, -23.82152007270665806, 11.03697562649291264 ) ) ;
#5839 = CARTESIAN_POINT ( 'NONE',  ( -15.48620258268540972, 21.82466920181195391, -16.32106701547475325 ) ) ;
#5840 = CARTESIAN_POINT ( 'NONE',  ( -25.18993215516751860, -11.72599497673886226, 6.987625598266852478 ) ) ;
#5841 = CARTESIAN_POINT ( 'NONE',  ( 26.99999999999490186, -3.123872465152599975, 4.010990721771486633 ) ) ;
#5842 = CARTESIAN_POINT ( 'NONE',  ( -28.50000000000000000, 9.061297928513066137E-14, -4.444189677345468326 ) ) ;
#5843 = DIRECTION ( 'NONE',  ( 0.000000000000000000, -0.000000000000000000, 1.000000000000000000 ) ) ;
#5844 = DIRECTION ( 'NONE',  ( -0.9671784316955577276, 0.000000000000000000, 0.2540981724903226269 ) ) ;
#5845 = ORIENTED_EDGE ( 'NONE', *, *, #618, .F. ) ;
#5846 = CARTESIAN_POINT ( 'NONE',  ( -12.78180358866613631, 20.32189787221658506, 8.930760794061425756 ) ) ;
#5847 = CARTESIAN_POINT ( 'NONE',  ( -8.499999999999603872, 23.99999999999999289, 2.627371485753548175 ) ) ;
#5848 = VERTEX_POINT ( 'NONE', #5087 ) ;
#5849 = CARTESIAN_POINT ( 'NONE',  ( -27.00000000000000711, -3.782124646034940252, -5.506556375814330551 ) ) ;
#5850 = CARTESIAN_POINT ( 'NONE',  ( 4.831294244658669436E-16, 25.49999999999999645, 4.999999999999999112 ) ) ;
#5851 = DIRECTION ( 'NONE',  ( 0.000000000000000000, 1.000000000000000000, 0.000000000000000000 ) ) ;
#5852 = CARTESIAN_POINT ( 'NONE',  ( 26.99999999999999289, -0.9576363494623769679, -4.850490092778629858 ) ) ;
#5853 = CARTESIAN_POINT ( 'NONE',  ( -2.220012018020600855E-15, 5.666166256611933960, -44.57444975610024329 ) ) ;
#5854 = CARTESIAN_POINT ( 'NONE',  ( 11.61263016642605805, 24.03227803141383134, 6.894606536322554824 ) ) ;
#5855 = CARTESIAN_POINT ( 'NONE',  ( 28.49999999999998934, 5.144692510213579872, 1.298756724871116708 ) ) ;
#5856 = EDGE_CURVE ( 'NONE', #3516, #159, #5205, .T. ) ;
#5857 = VERTEX_POINT ( 'NONE', #3091 ) ;
#5858 = CARTESIAN_POINT ( 'NONE',  ( 22.45276827444090983, -8.500277712799068297, 9.190249676768363685 ) ) ;
#5859 = CARTESIAN_POINT ( 'NONE',  ( 27.22755708617951953, 12.53269977726631978, -10.29039393594782226 ) ) ;
#5860 = FACE_OUTER_BOUND ( 'NONE', #5828, .T. ) ;
#5861 = CARTESIAN_POINT ( 'NONE',  ( -27.00000000000010303, 6.718953508810200148, 1.084158257736402842 ) ) ;
#5862 = CARTESIAN_POINT ( 'NONE',  ( -25.34110559031649856, 6.544310002705498341, 6.159028398229057011 ) ) ;
#5863 = EDGE_CURVE ( 'NONE', #5605, #1638, #3634, .T. ) ;
#5864 = CARTESIAN_POINT ( 'NONE',  ( -11.77670615070158533, -22.67456383111325025, 6.055601369757094510 ) ) ;
#5865 = CARTESIAN_POINT ( 'NONE',  ( -17.67011255003114556, -23.29687263950813758, 4.426898844825847057 ) ) ;
#5866 = CARTESIAN_POINT ( 'NONE',  ( -6.466938687827789245, -25.16360078006971790, 6.114741581440411800 ) ) ;
#5867 = CARTESIAN_POINT ( 'NONE',  ( -1.027599801359396755E-14, -11.15209222101490205, -38.21661189916083856 ) ) ;
#5868 = CARTESIAN_POINT ( 'NONE',  ( -4.684274006738623361E-15, -25.50000000000000355, 4.999999999999999112 ) ) ;
#5869 = ADVANCED_FACE ( 'NONE', ( #363 ), #3149, .T. ) ;
#5870 = ORIENTED_EDGE ( 'NONE', *, *, #3789, .F. ) ;
#5871 = CARTESIAN_POINT ( 'NONE',  ( -23.25775325601090060, 17.95119391746029436, -13.73189516011854394 ) ) ;
#5872 = CARTESIAN_POINT ( 'NONE',  ( -6.372029472125467109, -23.71623473781559355, 5.723072894231620467 ) ) ;
#5873 = CARTESIAN_POINT ( 'NONE',  ( 20.27001206656188970, 15.52367536648257484, 13.41489863706921071 ) ) ;
#5874 = VERTEX_POINT ( 'NONE', #5260 ) ;
#5875 = CARTESIAN_POINT ( 'NONE',  ( -9.127819496004496713, -23.99999999999650058, 4.583242585159021054 ) ) ;
#5876 = CARTESIAN_POINT ( 'NONE',  ( -22.06567676067364658, 9.458944781546025027, 13.30337176175545189 ) ) ;
#5877 = CARTESIAN_POINT ( 'NONE',  ( 25.19210066913407786, 3.950704225352003718, 12.53772396082002238 ) ) ;
#5878 = CARTESIAN_POINT ( 'NONE',  ( 2.299691965139591066, 23.99999999999999289, 4.444848683457386151 ) ) ;
#5879 = EDGE_CURVE ( 'NONE', #4582, #5112, #475, .T. ) ;
#5880 = ORIENTED_EDGE ( 'NONE', *, *, #5579, .T. ) ;
#5881 = CARTESIAN_POINT ( 'NONE',  ( 8.611014891667435833, 23.36642607626972890, 6.112697507098810767 ) ) ;
#5882 = CARTESIAN_POINT ( 'NONE',  ( -12.14590716175163898, 23.66438408383427472, 4.261469024057165988 ) ) ;
#5883 = ORIENTED_EDGE ( 'NONE', *, *, #785, .T. ) ;
#5884 = CARTESIAN_POINT ( 'NONE',  ( -26.43165877538722697, -14.38178956610111037, 0.6624646908334406170 ) ) ;
#5885 = CARTESIAN_POINT ( 'NONE',  ( 18.48962364204211895, 15.34432312099450968, 9.225714232552329364 ) ) ;
#5886 = CARTESIAN_POINT ( 'NONE',  ( 13.99999999999997513, 2.571758278209441267E-15, -214.9999999999999716 ) ) ;
#5887 = CARTESIAN_POINT ( 'NONE',  ( 1.360251558815424850E-14, 5.047673211674415406, -45.02361991286333165 ) ) ;
#5888 = CARTESIAN_POINT ( 'NONE',  ( -8.084463182017971761, 24.18639723139829556, 10.57632970540754336 ) ) ;
#5889 = CARTESIAN_POINT ( 'NONE',  ( 17.29849827147533858, 21.28029368897669471, 7.032617255028964287 ) ) ;
#5890 = DIRECTION ( 'NONE',  ( 1.000000000000000000, -0.000000000000000000, 0.000000000000000000 ) ) ;
#5891 = ORIENTED_EDGE ( 'NONE', *, *, #1997, .T. ) ;
#5892 = CARTESIAN_POINT ( 'NONE',  ( 1.929169294081443775, -23.94174559966471350, 6.514524541668923696 ) ) ;
#5893 = CARTESIAN_POINT ( 'NONE',  ( 25.41975662548929904, 5.991237529012778396, 6.167035583075184846 ) ) ;
#5894 =( BOUNDED_SURFACE ( )  B_SPLINE_SURFACE ( 3, 2, ( 
 ( #5537, #4078, #5570 ),
 ( #4044, #2638, #2699 ),
 ( #1306, #1274, #1679 ),
 ( #1241, #4509, #3202 ),
 ( #5037, #5601, #831 ),
 ( #5501, #4542, #1804 ) ),
 .UNSPECIFIED., .F., .F., .F. ) 
 B_SPLINE_SURFACE_WITH_KNOTS ( ( 4, 2, 4 ),
 ( 3, 3 ),
 ( -3.193745133545134211E-05, 0.003516694213393131187, 0.007065325878121714136 ),
 ( 0.000000000000000000, 1.000000000000000000 ),
 .UNSPECIFIED. ) 
 GEOMETRIC_REPRESENTATION_ITEM ( )  RATIONAL_B_SPLINE_SURFACE ( (
 ( 1.000000000000000000, 1.000000000000000000, 1.000000000000000000),
 ( 1.000000000000000000, 0.9999949651465063205, 1.000000000000000000),
 ( 1.000000000000000000, 0.9989842064375701325, 1.000000000000000000),
 ( 1.000000000000000000, 0.9947686072453919559, 1.000000000000000000),
 ( 1.000000000000000000, 0.9915694221253427143, 1.000000000000000000),
 ( 1.000000000000000000, 0.9870077998580890632, 1.000000000000000000) ) ) 
 REPRESENTATION_ITEM ( '' )  SURFACE ( )  );
#5895 = CARTESIAN_POINT ( 'NONE',  ( -21.92403768562001076, -17.10180540591771958, 7.038326083784308018 ) ) ;
#5896 = CARTESIAN_POINT ( 'NONE',  ( 16.06534543085435374, 22.39318138027873673, 1.223544423715092755 ) ) ;
#5897 = CARTESIAN_POINT ( 'NONE',  ( 23.74373585230310368, 14.62870904441588316, 6.989577777205381537 ) ) ;
#5898 = CARTESIAN_POINT ( 'NONE',  ( 25.19210066913405655, -3.950704225352125842, 12.53772396082004370 ) ) ;
#5899 = CARTESIAN_POINT ( 'NONE',  ( -22.09352651998573336, -9.392966557187548915, 13.29846552159590622 ) ) ;
#5900 = CARTESIAN_POINT ( 'NONE',  ( -11.61263016642016055, -24.03227803141778551, 6.894606536318887535 ) ) ;
#5901 = CARTESIAN_POINT ( 'NONE',  ( -3.066831155017688203E-15, -25.50000000000000355, 4.999999999999999112 ) ) ;
#5902 = CARTESIAN_POINT ( 'NONE',  ( 9.124925367565227319, -23.99999999999949551, 4.583673036304798387 ) ) ;
#5903 = AXIS2_PLACEMENT_3D ( 'NONE', #4280, #2866, #6177 ) ;
#5904 = CARTESIAN_POINT ( 'NONE',  ( 24.99625254663070706, -5.199551351468140403, 12.77542021652375936 ) ) ;
#5905 = VERTEX_POINT ( 'NONE', #424 ) ;
#5906 = CARTESIAN_POINT ( 'NONE',  ( -12.54488052429078948, 22.36452259957960109, -16.82147188755616440 ) ) ;
#5907 = CARTESIAN_POINT ( 'NONE',  ( 8.499999999999847233, 23.99999999999999289, 2.627371485753603242 ) ) ;
#5908 = CARTESIAN_POINT ( 'NONE',  ( -8.499999999999880984, -22.47226601139221813, -17.16850798049251736 ) ) ;
#5909 = ORIENTED_EDGE ( 'NONE', *, *, #1434, .F. ) ;
#5910 = CARTESIAN_POINT ( 'NONE',  ( -8.499999999999896971, 20.98449689551662445, -16.49386585964543528 ) ) ;
#5911 = CARTESIAN_POINT ( 'NONE',  ( -25.54282622923776458, -4.881928327102004417, 6.128737224380952142 ) ) ;
#5912 = ORIENTED_EDGE ( 'NONE', *, *, #4566, .F. ) ;
#5913 = CARTESIAN_POINT ( 'NONE',  ( -11.06197601422918098, 21.33098607885711573, 11.99404805801074048 ) ) ;
#5914 = CARTESIAN_POINT ( 'NONE',  ( -28.01411920728087068, -10.02455279582887471, -8.550075136895406658 ) ) ;
#5915 = ORIENTED_EDGE ( 'NONE', *, *, #1365, .T. ) ;
#5916 = CARTESIAN_POINT ( 'NONE',  ( -27.00000000000000355, -0.9580982864198006599, -4.850679926523060459 ) ) ;
#5917 = CARTESIAN_POINT ( 'NONE',  ( 25.49955557990517008, 6.067881992969207161, 6.080635967144797149 ) ) ;
#5918 = DIRECTION ( 'NONE',  ( 0.000000000000000000, 0.000000000000000000, -1.000000000000000000 ) ) ;
#5919 = CARTESIAN_POINT ( 'NONE',  ( -2.406653324654229209, 24.00000000007784706, 4.877494196917865565 ) ) ;
#5920 = DIRECTION ( 'NONE',  ( 0.000000000000000000, 0.000000000000000000, 1.000000000000000000 ) ) ;
#5921 = CARTESIAN_POINT ( 'NONE',  ( 20.47588872795497394, 21.57198665412635918, 0.8516676954823271251 ) ) ;
#5922 = CARTESIAN_POINT ( 'NONE',  ( -5.746478873239340146, -23.30188791835146134, 9.425626491315799882 ) ) ;
#5923 = ORIENTED_EDGE ( 'NONE', *, *, #285, .T. ) ;
#5924 = B_SPLINE_CURVE_WITH_KNOTS ( 'NONE', 3,
 ( #5430, #5465, #1167, #631, #4539, #176 ),
 .UNSPECIFIED., .F., .F.,
 ( 4, 2, 4 ),
 ( 0.000000000000000000, 0.002008515727120999041, 0.004017031454241998950 ),
 .UNSPECIFIED. ) ;
#5925 = ORIENTED_EDGE ( 'NONE', *, *, #81, .T. ) ;
#5926 = EDGE_CURVE ( 'NONE', #5848, #3972, #4796, .T. ) ;
#5927 = CARTESIAN_POINT ( 'NONE',  ( 25.54282622923764023, -4.881928327102394327, 6.128737224381083593 ) ) ;
#5928 = CARTESIAN_POINT ( 'NONE',  ( 5.761518047364515560, 24.87584891859934899, 7.396667404987479877 ) ) ;
#5929 = CARTESIAN_POINT ( 'NONE',  ( 22.38774828153227858, 12.27398307541420941, 13.41988163730114358 ) ) ;
#5930 = CARTESIAN_POINT ( 'NONE',  ( 26.71461699606656381, -6.205050313473524426, 6.952240642202168530 ) ) ;
#5931 = CARTESIAN_POINT ( 'NONE',  ( 22.87404067074832525, -15.82473070156939166, 7.037220182540635527 ) ) ;
#5932 = EDGE_CURVE ( 'NONE', #3617, #5980, #1908, .T. ) ;
#5933 =( BOUNDED_SURFACE ( )  B_SPLINE_SURFACE ( 3, 2, ( 
 ( #2843, #1911, #2432 ),
 ( #1970, #5208, #5659 ),
 ( #3369, #2891, #71 ),
 ( #3868, #1496, #4743 ),
 ( #5156, #890, #4282 ),
 ( #2379, #426, #2323 ) ),
 .UNSPECIFIED., .F., .F., .T. ) 
 B_SPLINE_SURFACE_WITH_KNOTS ( ( 4, 2, 4 ),
 ( 3, 3 ),
 ( -3.193743535033237901E-05, 0.003516706032873343022, 0.007065349501097018328 ),
 ( 0.000000000000000000, 1.000000000000000000 ),
 .UNSPECIFIED. ) 
 GEOMETRIC_REPRESENTATION_ITEM ( )  RATIONAL_B_SPLINE_SURFACE ( (
 ( 1.000000000000000000, 1.000000000000000000, 1.000000000000000000),
 ( 1.000000000000000000, 0.9999949688488583011, 1.000000000000000000),
 ( 1.000000000000000000, 0.9989841972053661312, 1.000000000000000000),
 ( 1.000000000000000000, 0.9947685979742277862, 1.000000000000000000),
 ( 1.000000000000000000, 0.9915694353330128941, 1.000000000000000000),
 ( 1.000000000000000000, 0.9870077998580937262, 1.000000000000000000) ) ) 
 REPRESENTATION_ITEM ( '' )  SURFACE ( )  );
#5934 = CARTESIAN_POINT ( 'NONE',  ( -16.73485679620075217, -17.20728343884997713, 9.182890852872166221 ) ) ;
#5935 = CARTESIAN_POINT ( 'NONE',  ( -18.57846337515841029, -20.34640022713038476, 7.038926445800568032 ) ) ;
#5936 = AXIS2_PLACEMENT_3D ( 'NONE', #1942, #3314, #5745 ) ;
#5937 = CARTESIAN_POINT ( 'NONE',  ( 26.81653407136900569, -8.377856837599809481, 3.855082404878916513 ) ) ;
#5938 = CARTESIAN_POINT ( 'NONE',  ( 7.576225334129309097, -24.00000000000000000, 3.054915543148980284 ) ) ;
#5939 = CARTESIAN_POINT ( 'NONE',  ( 6.625436745047115217, -24.63006730311346715, 9.787226329532533242 ) ) ;
#5940 = CARTESIAN_POINT ( 'NONE',  ( -16.63153948930530390, 20.28430870143645848, 6.154838011745925819 ) ) ;
#5941 = VERTEX_POINT ( 'NONE', #5708 ) ;
#5942 = EDGE_CURVE ( 'NONE', #2975, #4630, #442, .T. ) ;
#5943 = CARTESIAN_POINT ( 'NONE',  ( -16.92498864625535049, 21.41432334222869471, -16.00145814017780665 ) ) ;
#5944 = CARTESIAN_POINT ( 'NONE',  ( -19.59990680006438168, -19.54712037817944292, 6.982366330126155596 ) ) ;
#5945 = CARTESIAN_POINT ( 'NONE',  ( -27.00000000000000000, 4.425092742786622679, 1.391660071360970363 ) ) ;
#5946 = CARTESIAN_POINT ( 'NONE',  ( 20.66598856942814066, -19.49077114874886263, 0.7691497339926408605 ) ) ;
#5947 = CARTESIAN_POINT ( 'NONE',  ( 11.27099283075777691, -22.74024583829533697, 6.211405879637964311 ) ) ;
#5948 = CARTESIAN_POINT ( 'NONE',  ( 26.83567738385173129, -4.980685426501247903, 6.889369081056820221 ) ) ;
#5949 = CARTESIAN_POINT ( 'NONE',  ( -13.52424492015726720, -22.23475919783328436, -16.68047124371114265 ) ) ;
#5950 = AXIS2_PLACEMENT_3D ( 'NONE', #5634, #1302, #1801 ) ;
#5951 = EDGE_LOOP ( 'NONE', ( #2773, #2184, #683, #959, #1431 ) ) ;
#5952 = CARTESIAN_POINT ( 'NONE',  ( -1.273635488968012819, 25.46944715946675686, 5.940416538731965623 ) ) ;
#5953 = CARTESIAN_POINT ( 'NONE',  ( -27.72716126494378486, -11.11133527085457118, -9.259915870724684694 ) ) ;
#5954 = ORIENTED_EDGE ( 'NONE', *, *, #1113, .T. ) ;
#5955 = CARTESIAN_POINT ( 'NONE',  ( -24.44274852210049431, -14.90308368861202126, 3.715836148857728283 ) ) ;
#5956 = LINE ( 'NONE', #5886, #154 ) ;
#5957 = DIRECTION ( 'NONE',  ( 0.000000000000000000, 0.000000000000000000, -1.000000000000000000 ) ) ;
#5958 = CARTESIAN_POINT ( 'NONE',  ( 24.26815998912479344, 17.82123662722894863, 0.6535979124048872935 ) ) ;
#5959 = CARTESIAN_POINT ( 'NONE',  ( -12.92716714089014651, -20.25495409876391051, 12.51335410685999250 ) ) ;
#5960 = EDGE_CURVE ( 'NONE', #742, #1187, #3836, .T. ) ;
#5961 = ORIENTED_EDGE ( 'NONE', *, *, #583, .F. ) ;
#5962 = ORIENTED_EDGE ( 'NONE', *, *, #2550, .F. ) ;
#5963 = CARTESIAN_POINT ( 'NONE',  ( 21.02952131859703044, 11.62866819236269222, 13.42250795136618358 ) ) ;
#5964 = CARTESIAN_POINT ( 'NONE',  ( -10.63415309628395988, -24.31215835098819156, 6.845339688422920510 ) ) ;
#5965 = CARTESIAN_POINT ( 'NONE',  ( 25.34827865999348262, 13.16545857813119191, 0.6770520285201813149 ) ) ;
#5966 = CARTESIAN_POINT ( 'NONE',  ( 10.63415309628394034, 24.31215835098819156, 6.845339688422920510 ) ) ;
#5967 = CARTESIAN_POINT ( 'NONE',  ( 28.29558430515707101, -8.654026764955261797, 4.363516895769545378 ) ) ;
#5968 = CARTESIAN_POINT ( 'NONE',  ( 7.753773128670679249, 22.43855936968750342, -17.20129188377551799 ) ) ;
#5969 = CARTESIAN_POINT ( 'NONE',  ( -25.41975662548907522, 5.991237529012090945, 6.167035583075610283 ) ) ;
#5970 = CARTESIAN_POINT ( 'NONE',  ( -9.266486834248884713E-15, -0.3810815119386293803, -46.68520981196139275 ) ) ;
#5971 = CARTESIAN_POINT ( 'NONE',  ( 25.19196009513493806, -15.94460754169131356, -12.50027187225070513 ) ) ;
#5972 = B_SPLINE_CURVE_WITH_KNOTS ( 'NONE', 3,
 ( #4444, #1099, #4872, #1171, #3001, #2078 ),
 .UNSPECIFIED., .F., .F.,
 ( 4, 2, 4 ),
 ( -3.736707640483799217E-05, 0.003784798039253869494, 0.007606963154912577130 ),
 .UNSPECIFIED. ) ;
#5973 = ORIENTED_EDGE ( 'NONE', *, *, #419, .T. ) ;
#5974 = CARTESIAN_POINT ( 'NONE',  ( -18.32364283395164861, 20.92348302579003416, -15.64385412802146647 ) ) ;
#5975 = CARTESIAN_POINT ( 'NONE',  ( -16.59064010650998000, -21.83755606278593930, 6.950600175623502075 ) ) ;
#5976 = CARTESIAN_POINT ( 'NONE',  ( 12.39146074855373136, -20.56191017277738808, 12.36297366572933676 ) ) ;
#5977 = CARTESIAN_POINT ( 'NONE',  ( 7.977448782082371181, 23.99999999999998224, 2.884200160161809467 ) ) ;
#5978 = CARTESIAN_POINT ( 'NONE',  ( 28.08977948688728787, -10.07969323910954706, -8.511983528190331327 ) ) ;
#5979 = CARTESIAN_POINT ( 'NONE',  ( 27.00081435371873795, -1.658760473508469557, 6.852508683858664185 ) ) ;
#5980 = VERTEX_POINT ( 'NONE', #990 ) ;
#5981 = CARTESIAN_POINT ( 'NONE',  ( -22.64673456357432357, 7.969634518269177015, 9.177481506270940059 ) ) ;
#5982 = LINE ( 'NONE', #3619, #958 ) ;
#5983 = ORIENTED_EDGE ( 'NONE', *, *, #4706, .T. ) ;
#5984 = CARTESIAN_POINT ( 'NONE',  ( -26.39938567771055844, -10.33224887367140887, 0.7991606459618818548 ) ) ;
#5985 = FACE_OUTER_BOUND ( 'NONE', #1130, .T. ) ;
#5986 = CARTESIAN_POINT ( 'NONE',  ( 21.36951182514351544, 16.03825843245410354, 6.026494063357506370 ) ) ;
#5987 = EDGE_CURVE ( 'NONE', #5112, #2833, #1210, .T. ) ;
#5988 = CARTESIAN_POINT ( 'NONE',  ( -8.499999999999857891, -24.00000000000000000, 2.627371485753581926 ) ) ;
#5989 = CARTESIAN_POINT ( 'NONE',  ( -7.694077540369664625, -24.98368793961410717, 6.358029377436332119 ) ) ;
#5990 = CARTESIAN_POINT ( 'NONE',  ( -11.40018877935939479, -21.12769272194325154, 12.08337729395750770 ) ) ;
#5991 = ORIENTED_EDGE ( 'NONE', *, *, #3876, .F. ) ;
#5992 = CARTESIAN_POINT ( 'NONE',  ( 2.425096170803816342, -25.49999999997342925, 4.953940149118995606 ) ) ;
#5993 = ADVANCED_FACE ( 'NONE', ( #1492 ), #3788, .T. ) ;
#5994 = CARTESIAN_POINT ( 'NONE',  ( 25.91426192384132321, -11.79372665382704177, -10.56064019575834401 ) ) ;
#5995 = CARTESIAN_POINT ( 'NONE',  ( 26.99999999999998934, 4.425092742787104960, 1.391660071360937501 ) ) ;
#5996 = CARTESIAN_POINT ( 'NONE',  ( 8.270778929900474807, 24.93024207103512779, 6.377980228162697607 ) ) ;
#5997 = CARTESIAN_POINT ( 'NONE',  ( -28.50000000000000355, 3.758140605156394809, -5.113990103827207534 ) ) ;
#5998 = CARTESIAN_POINT ( 'NONE',  ( 21.77426799872626262, -20.51655787271467801, 4.301528539058415923 ) ) ;
#5999 = CARTESIAN_POINT ( 'NONE',  ( -7.882440013562885817, -22.67565658777208526, 10.72439681116799548 ) ) ;
#6000 = CARTESIAN_POINT ( 'NONE',  ( 21.02405967741811565, 16.34281704657682255, 6.084815686895963083 ) ) ;
#6001 = EDGE_CURVE ( 'NONE', #4385, #5760, #773, .T. ) ;
#6002 = CARTESIAN_POINT ( 'NONE',  ( 9.464286020772192387, -24.00000000000000711, 4.533199039071239334 ) ) ;
#6003 = PLANE ( 'NONE',  #1654 ) ;
#6004 = CARTESIAN_POINT ( 'NONE',  ( 20.91517620433483415, -19.61104355736916460, -14.77336101716301364 ) ) ;
#6005 = ORIENTED_EDGE ( 'NONE', *, *, #675, .T. ) ;
#6006 = EDGE_CURVE ( 'NONE', #2602, #2833, #5614, .T. ) ;
#6007 = CARTESIAN_POINT ( 'NONE',  ( -23.15992490846814889, -16.80079934050016277, 0.6517457176517150730 ) ) ;
#6008 = CARTESIAN_POINT ( 'NONE',  ( 25.34409439596159430, -2.923370599674586678, 9.349247526393030583 ) ) ;
#6009 = FACE_OUTER_BOUND ( 'NONE', #5073, .T. ) ;
#6010 = TOROIDAL_SURFACE ( 'NONE', #5293, 229.2911684466444342, 21.00000000000000000 ) ;
#6011 = ORIENTED_EDGE ( 'NONE', *, *, #1572, .T. ) ;
#6012 = CARTESIAN_POINT ( 'NONE',  ( -21.79105755859636062, 10.07445185024534595, 9.217449167618493533 ) ) ;
#6013 = CARTESIAN_POINT ( 'NONE',  ( -1.915185029715548604, 23.92826104712231938, 6.500951453610355202 ) ) ;
#6014 = ORIENTED_EDGE ( 'NONE', *, *, #1788, .F. ) ;
#6015 = CARTESIAN_POINT ( 'NONE',  ( -16.43218907089145020, -22.22434972871906922, 1.178472595444530979 ) ) ;
#6016 = CARTESIAN_POINT ( 'NONE',  ( 3.762546323860457925E-16, -16.41321759555650672, -32.30416271489754365 ) ) ;
#6017 = CARTESIAN_POINT ( 'NONE',  ( 26.78896761990807107, 8.381978137729772627, 3.857137706065194127 ) ) ;
#6018 = ADVANCED_FACE ( 'NONE', ( #649 ), #2091, .F. ) ;
#6019 = EDGE_LOOP ( 'NONE', ( #3547, #3490, #4572, #5845, #2612 ) ) ;
#6020 = ORIENTED_EDGE ( 'NONE', *, *, #2608, .F. ) ;
#6021 = CARTESIAN_POINT ( 'NONE',  ( 7.757944314339773051, 22.71789623188995932, 10.66120990299209126 ) ) ;
#6022 = CARTESIAN_POINT ( 'NONE',  ( -7.977227916437130695, 23.99999999999999289, 2.884302719962126726 ) ) ;
#6023 = CARTESIAN_POINT ( 'NONE',  ( 7.740111384715218534, 25.00642851477535444, 6.277127760267376289 ) ) ;
#6024 = CARTESIAN_POINT ( 'NONE',  ( 28.49999999999998934, -3.758769826277430504, -5.114322938507823046 ) ) ;
#6025 = CARTESIAN_POINT ( 'NONE',  ( 28.50000000000006395, -6.180726689843273114, 4.440718558384494585 ) ) ;
#6026 = AXIS2_PLACEMENT_3D ( 'NONE', #2344, #26, #3332 ) ;
#6027 = CARTESIAN_POINT ( 'NONE',  ( -27.00000000000000355, -4.784789044863590135, 1.356971574214025811 ) ) ;
#6028 = CARTESIAN_POINT ( 'NONE',  ( -194.2911684466444910, 2.571758278209441661E-15, -121.7595244375777810 ) ) ;
#6029 = CARTESIAN_POINT ( 'NONE',  ( 14.20274258446607440, -23.13999667083774625, 1.473122777456908228 ) ) ;
#6030 = CARTESIAN_POINT ( 'NONE',  ( -8.157858340140139219, -25.50000000000025580, 4.943403452990795977 ) ) ;
#6031 = CARTESIAN_POINT ( 'NONE',  ( 9.005040708901223212, -22.49507841184982126, -17.14632008242720218 ) ) ;
#6032 = AXIS2_PLACEMENT_3D ( 'NONE', #3024, #4100, #2232 ) ;
#6033 = CARTESIAN_POINT ( 'NONE',  ( -27.00000000000000000, 4.425092742786622679, 1.391660071360970363 ) ) ;
#6034 = CARTESIAN_POINT ( 'NONE',  ( 8.499999999999861444, -24.00000000000000000, 2.627371485753517533 ) ) ;
#6035 = CARTESIAN_POINT ( 'NONE',  ( -26.99999999999999645, 4.674925199857977276, 3.982254291923515321 ) ) ;
#6036 = CARTESIAN_POINT ( 'NONE',  ( -12.53370888841866027, -22.36554917593334224, -16.82283579633378778 ) ) ;
#6037 = CARTESIAN_POINT ( 'NONE',  ( -18.65560779104767164, 20.38538235781803820, 6.978060585584340281 ) ) ;
#6038 = CIRCLE ( 'NONE', #4651, 251.7911684466445195 ) ;
#6039 = EDGE_CURVE ( 'NONE', #4085, #5543, #3070, .T. ) ;
#6040 = ORIENTED_EDGE ( 'NONE', *, *, #1573, .F. ) ;
#6041 = CARTESIAN_POINT ( 'NONE',  ( 0.000000000000000000, 25.49999999999999645, 5.000000000000000000 ) ) ;
#6042 = CARTESIAN_POINT ( 'NONE',  ( -0.2388157066789313165, 24.00000000000000000, 5.187484633168696568 ) ) ;
#6043 = ORIENTED_EDGE ( 'NONE', *, *, #2732, .T. ) ;
#6044 = AXIS2_PLACEMENT_3D ( 'NONE', #2855, #4753, #2010 ) ;
#6045 = CARTESIAN_POINT ( 'NONE',  ( -18.04560378244865859, -21.35880350679778772, 0.9986801499045081520 ) ) ;
#6046 = CARTESIAN_POINT ( 'NONE',  ( -24.67337149658913376, 17.28430045631245449, 0.6453865331537166350 ) ) ;
#6047 = CARTESIAN_POINT ( 'NONE',  ( -1.929169294086251485, 23.94174559966413085, 6.514524541682824577 ) ) ;
#6048 = CARTESIAN_POINT ( 'NONE',  ( -10.31403013184135986, -22.99033459833996318, 6.212644458022502647 ) ) ;
#6049 = ADVANCED_FACE ( 'NONE', ( #3522 ), #4392, .F. ) ;
#6050 = CARTESIAN_POINT ( 'NONE',  ( 24.84467883538481203, 8.979834145169538928, 6.123499354821428931 ) ) ;
#6051 = EDGE_LOOP ( 'NONE', ( #4383, #1410, #5534 ) ) ;
#6052 = EDGE_LOOP ( 'NONE', ( #5441, #358, #1742 ) ) ;
#6053 = CARTESIAN_POINT ( 'NONE',  ( 1.149850190717451648, -25.50000000000000000, 4.722423483435477465 ) ) ;
#6054 = CARTESIAN_POINT ( 'NONE',  ( -8.777304644956762658, 23.99999999999999289, 4.625746354163245755 ) ) ;
#6055 = CARTESIAN_POINT ( 'NONE',  ( 0.000000000000000000, 0.000000000000000000, 70.00000000000000000 ) ) ;
#6056 = CARTESIAN_POINT ( 'NONE',  ( -9.458974806078918718, 21.01771699220500622, -16.46580930272016374 ) ) ;
#6057 = FACE_OUTER_BOUND ( 'NONE', #4325, .T. ) ;
#6058 = CARTESIAN_POINT ( 'NONE',  ( 25.12364373835716691, -11.75325040729701698, 7.039564710080816745 ) ) ;
#6059 = CARTESIAN_POINT ( 'NONE',  ( 7.015425272971227422, 22.37381493630394402, -17.26419077193152418 ) ) ;
#6060 = B_SPLINE_CURVE_WITH_KNOTS ( 'NONE', 3,
 ( #770, #2668, #1336, #3227, #3674, #2328, #5126, #2768, #6097, #5976, #313, #1712, #3612, #1273, #398, #2298, #2698, #1831, #3732, #2894, #535, #1446, #2436, #1474, #1024, #4797, #3846, #1866 ),
 .UNSPECIFIED., .F., .F.,
 ( 4, 2, 2, 2, 2, 2, 2, 2, 2, 2, 2, 2, 2, 4 ),
 ( 0.000000000000000000, 0.001822005728563090522, 0.002733008592844638276, 0.003644011457126183212, 0.007288022914252360353, 0.009110028642815449357, 0.01093203437137854096, 0.01457604582850472764, 0.01639805155706781231, 0.01822005728563089871, 0.02186406874275707846, 0.02368607447132016833, 0.02550808019988325820, 0.02915209165700943447 ),
 .UNSPECIFIED. ) ;
#6061 = CARTESIAN_POINT ( 'NONE',  ( -25.34110559031649856, 6.544310002705498341, 6.159028398229057011 ) ) ;
#6062 = CARTESIAN_POINT ( 'NONE',  ( 17.95026244101007507, -21.42244089706383647, 3.888277275138294353 ) ) ;
#6063 = CARTESIAN_POINT ( 'NONE',  ( -10.21278734432675428, -24.42479566316680462, 6.823215574997694155 ) ) ;
#6064 = EDGE_CURVE ( 'NONE', #4274, #5905, #5747, .T. ) ;
#6065 = CARTESIAN_POINT ( 'NONE',  ( 19.21751368618032885, -20.53400713352282381, -15.37673401974478260 ) ) ;
#6066 = CARTESIAN_POINT ( 'NONE',  ( 6.625716335700495563, 24.62999835325892661, 9.787420826190420087 ) ) ;
#6067 = CARTESIAN_POINT ( 'NONE',  ( 25.49999999999999645, 0.6600542525794508286, 12.14142842854284332 ) ) ;
#6068 = CARTESIAN_POINT ( 'NONE',  ( 24.99138385095984916, -8.485554173063938777, 6.130152460946262316 ) ) ;
#6069 = ADVANCED_FACE ( 'NONE', ( #2489 ), #2723, .F. ) ;
#6070 = CARTESIAN_POINT ( 'NONE',  ( -18.50000000000000355, 4.425092742786670641, 1.391660071360964368 ) ) ;
#6071 = CARTESIAN_POINT ( 'NONE',  ( -22.36382471814734885, 12.31218058575399965, 9.778185594740277153 ) ) ;
#6072 = EDGE_LOOP ( 'NONE', ( #2242, #5064, #3821 ) ) ;
#6073 = CARTESIAN_POINT ( 'NONE',  ( -2.544381520662177376, 25.37790160691154284, 6.874819010537181363 ) ) ;
#6074 = CARTESIAN_POINT ( 'NONE',  ( 8.499999999999783284, 34.46737587922822144, 9.425626491315760802 ) ) ;
#6075 = ORIENTED_EDGE ( 'NONE', *, *, #2327, .F. ) ;
#6076 = CARTESIAN_POINT ( 'NONE',  ( -17.84066174312726361, -19.40528912603201661, 6.132889501403805177 ) ) ;
#6077 = ADVANCED_FACE ( 'NONE', ( #1048 ), #4624, .T. ) ;
#6078 = CARTESIAN_POINT ( 'NONE',  ( 26.38391246229013376, -7.769841282001200611, 7.037613197861925407 ) ) ;
#6079 = CARTESIAN_POINT ( 'NONE',  ( -28.50000000000000000, 5.499999999999856115, 1.223575944766644330 ) ) ;
#6080 = CARTESIAN_POINT ( 'NONE',  ( 10.20916355302620993, -24.42576435637185028, 6.823025305072967228 ) ) ;
#6081 = CARTESIAN_POINT ( 'NONE',  ( 9.050160832758601615, 24.00000000000000000, 2.476904854588305227 ) ) ;
#6082 = ORIENTED_EDGE ( 'NONE', *, *, #4107, .T. ) ;
#6083 = ORIENTED_EDGE ( 'NONE', *, *, #5046, .F. ) ;
#6084 = B_SPLINE_CURVE_WITH_KNOTS ( 'NONE', 3,
 ( #2086, #259, #3011, #1555, #2615, #4017, #678, #5446, #120, #3553 ),
 .UNSPECIFIED., .F., .F.,
 ( 4, 2, 2, 2, 4 ),
 ( 0.000000000000000000, 0.003788715498680147314, 0.005683073248020219237, 0.006630252122690256066, 0.007577430997360292894 ),
 .UNSPECIFIED. ) ;
#6085 = CARTESIAN_POINT ( 'NONE',  ( 15.75133388807739543, 18.11774469935080845, 13.05953524144482003 ) ) ;
#6086 = CARTESIAN_POINT ( 'NONE',  ( 24.72223385159152897, -13.97404780922245138, -11.96269562893508898 ) ) ;
#6087 = CARTESIAN_POINT ( 'NONE',  ( 35.07135583350035546, -5.500000000000000000, 12.53772396082004370 ) ) ;
#6088 = CARTESIAN_POINT ( 'NONE',  ( -24.20477533773813406, 14.67575508426695130, -12.38631343234828108 ) ) ;
#6089 = CARTESIAN_POINT ( 'NONE',  ( 28.49999999999998579, -3.300197895414071603, -4.956697736682632360 ) ) ;
#6090 = CARTESIAN_POINT ( 'NONE',  ( 17.66844142114163674, -23.29773332047828305, 4.426961012620087565 ) ) ;
#6091 = CARTESIAN_POINT ( 'NONE',  ( -6.888155080739683633, -24.00000000000000000, 3.290432263557690806 ) ) ;
#6092 = CARTESIAN_POINT ( 'NONE',  ( -16.41611576697697572, -19.52308246536806990, 13.01156204646607684 ) ) ;
#6093 = CARTESIAN_POINT ( 'NONE',  ( -23.52937709296845625, 16.30459004122321431, 0.6443154407977259579 ) ) ;
#6094 = DIRECTION ( 'NONE',  ( -1.000000000000000000, 0.000000000000000000, 0.000000000000000000 ) ) ;
#6095 = CARTESIAN_POINT ( 'NONE',  ( 7.615589605736134970, 23.58200398941896481, 5.823335959575018705 ) ) ;
#6096 = CARTESIAN_POINT ( 'NONE',  ( -26.89469257487592913, -4.159760281987031405, 6.878799246517468546 ) ) ;
#6097 = CARTESIAN_POINT ( 'NONE',  ( 10.87070330984933797, -21.42870988404309429, 11.93331159655359208 ) ) ;
#6098 = PERSON_AND_ORGANIZATION ( #4329, #930 ) ;
#6099 = CARTESIAN_POINT ( 'NONE',  ( -27.00000000000000000, -5.500000000000007994, -6.392794684931452309 ) ) ;
#6100 = CARTESIAN_POINT ( 'NONE',  ( -9.686280473119214918, -23.97159792671336476, 2.322452835813993310 ) ) ;
#6101 = CARTESIAN_POINT ( 'NONE',  ( 7.031868312628930973, 25.49999999999999645, 3.252675734334804503 ) ) ;
#6102 = CARTESIAN_POINT ( 'NONE',  ( -17.98944319965071159, 18.11476310876841112, 9.716153708755705054 ) ) ;
#6103 = ORIENTED_EDGE ( 'NONE', *, *, #1743, .F. ) ;
#6104 = CARTESIAN_POINT ( 'NONE',  ( 25.34110559031657317, 6.544310002706695606, 6.159028398228696410 ) ) ;
#6105 = CARTESIAN_POINT ( 'NONE',  ( 1.197709091766966383, -23.97129315537270955, 5.939627921170926861 ) ) ;
#6106 = VERTEX_POINT ( 'NONE', #1694 ) ;
#6107 = CARTESIAN_POINT ( 'NONE',  ( -6.888155080739527314, -24.00000000000000000, 3.290432263556866133 ) ) ;
#6108 = CARTESIAN_POINT ( 'NONE',  ( -23.74099822909732893, 14.53041635806975940, 7.036983468315226808 ) ) ;
#6109 = CARTESIAN_POINT ( 'NONE',  ( -0.6620318964565081732, 20.77006640633960544, -18.50584661489711991 ) ) ;
#6110 = CARTESIAN_POINT ( 'NONE',  ( 26.63834441261953145, 6.158836163682831710, 7.025819531774930127 ) ) ;
#6111 = CARTESIAN_POINT ( 'NONE',  ( 22.72858528014987556, 13.93863343027913082, 6.078109748985256466 ) ) ;
#6112 = ORIENTED_EDGE ( 'NONE', *, *, #5879, .T. ) ;
#6113 = ORIENTED_EDGE ( 'NONE', *, *, #171, .T. ) ;
#6114 = CARTESIAN_POINT ( 'NONE',  ( 2.849376997753877665E-17, -25.50000000000000355, 4.999999999999999112 ) ) ;
#6115 = CARTESIAN_POINT ( 'NONE',  ( 17.75045127316683136, -19.41856560758333927, -15.22502308939119686 ) ) ;
#6116 = CARTESIAN_POINT ( 'NONE',  ( 6.888155080739496228, -25.50000000000000355, 3.290432263556855474 ) ) ;
#6117 = CARTESIAN_POINT ( 'NONE',  ( 14.93964086264313273, 21.36071214735020263, 6.085962880606300196 ) ) ;
#6118 = CARTESIAN_POINT ( 'NONE',  ( -22.38506568326308255, -16.58559518944004552, -13.51979196823976714 ) ) ;
#6119 = CARTESIAN_POINT ( 'NONE',  ( -1.342546135197348667, 19.59414906526697919, -17.45406600545558007 ) ) ;
#6120 = EDGE_CURVE ( 'NONE', #1140, #619, #241, .T. ) ;
#6121 = CARTESIAN_POINT ( 'NONE',  ( -9.025750108670337113, -23.86604674731154319, 8.554406140575466111 ) ) ;
#6122 = CARTESIAN_POINT ( 'NONE',  ( 23.14018804422116915, -16.82545405237916469, 3.720168999055166292 ) ) ;
#6123 = CARTESIAN_POINT ( 'NONE',  ( -7.445806222102001826, -25.50000000000000355, 3.107154455104425228 ) ) ;
#6124 = DIRECTION ( 'NONE',  ( 0.000000000000000000, -0.000000000000000000, 1.000000000000000000 ) ) ;
#6125 = EDGE_CURVE ( 'NONE', #879, #5941, #1957, .T. ) ;
#6126 = AXIS2_PLACEMENT_3D ( 'NONE', #885, #3752, #5055 ) ;
#6127 = B_SPLINE_CURVE_WITH_KNOTS ( 'NONE', 3,
 ( #1599, #1670, #5803, #3094 ),
 .UNSPECIFIED., .F., .F.,
 ( 4, 4 ),
 ( -3.193745129603351194E-05, 0.007065314486537311797 ),
 .UNSPECIFIED. ) ;
#6128 = CARTESIAN_POINT ( 'NONE',  ( -24.33433882073331844, -17.73433462743792788, 4.261311418073311152 ) ) ;
#6129 = CALENDAR_DATE ( 2026, 16, 9 ) ;
#6130 = CARTESIAN_POINT ( 'NONE',  ( -28.50000000000000355, 4.785254269893327361, 1.356926708549556215 ) ) ;
#6131 = CARTESIAN_POINT ( 'NONE',  ( -10.41224799668916035, -20.99781739606750008, -16.40717563225814857 ) ) ;
#6132 = CARTESIAN_POINT ( 'NONE',  ( -15.44734980210138531, 20.29835578094488824, 12.84882687175228888 ) ) ;
#6133 = ADVANCED_FACE ( 'NONE', ( #5050 ), #1435, .F. ) ;
#6134 = AXIS2_PLACEMENT_3D ( 'NONE', #2498, #4932, #1196 ) ;
#6135 = AXIS2_PLACEMENT_3D ( 'NONE', #1076, #2551, #2517 ) ;
#6136 = ORIENTED_EDGE ( 'NONE', *, *, #2834, .T. ) ;
#6137 =( BOUNDED_SURFACE ( )  B_SPLINE_SURFACE ( 3, 2, ( 
 ( #5774, #929, #2469 ),
 ( #6110, #1845, #2830 ),
 ( #4731, #3272, #1504 ),
 ( #3716, #5613, #2369 ) ),
 .UNSPECIFIED., .F., .F., .F. ) 
 B_SPLINE_SURFACE_WITH_KNOTS ( ( 4, 4 ),
 ( 3, 3 ),
 ( -2.404326737703854633E-15, 0.001083614934830271458 ),
 ( 0.000000000000000000, 1.000000000000000000 ),
 .UNSPECIFIED. ) 
 GEOMETRIC_REPRESENTATION_ITEM ( )  RATIONAL_B_SPLINE_SURFACE ( (
 ( 1.000000000000000000, 0.9499568284406801899, 1.000000000000000000),
 ( 1.000000000000000000, 0.9523243524483842037, 1.000000000000000000),
 ( 1.000000000000000000, 0.9544208504205963228, 1.000000000000000000),
 ( 1.000000000000000000, 0.9561819365777127766, 1.000000000000000000) ) ) 
 REPRESENTATION_ITEM ( '' )  SURFACE ( )  );
#6138 = CARTESIAN_POINT ( 'NONE',  ( -8.499999999999857891, -25.50000000000000355, -10.00000000000000000 ) ) ;
#6139 = DIRECTION ( 'NONE',  ( -0.8922873051864914640, 1.883416736090864254E-14, -0.4514680110517567124 ) ) ;
#6140 = B_SPLINE_CURVE_WITH_KNOTS ( 'NONE', 3,
 ( #140, #1576, #3473, #2536, #4941, #178, #2077, #5398, #3971, #5873, #1606, #667, #211, #5432, #5569, #2208, #3201, #3171, #2269, #4173, #5500, #1305, #5600, #4106, #6066, #894 ),
 .UNSPECIFIED., .F., .F.,
 ( 4, 2, 2, 2, 2, 2, 2, 2, 2, 2, 2, 2, 4 ),
 ( 0.000000000000000000, 0.003862368105751556955, 0.005793552158627338251, 0.007724736211503119114, 0.01158710431725467130, 0.01544947242300622435, 0.01738065647588200868, 0.01931184052875779128, 0.02317420863450937382, 0.02510539268738516336, 0.02703657674026094943, 0.02896776079313673896, 0.03089894484601252503 ),
 .UNSPECIFIED. ) ;
#6141 = CARTESIAN_POINT ( 'NONE',  ( -7.573189171425112498, -23.56113474867200352, 5.897889810354392637 ) ) ;
#6142 = CARTESIAN_POINT ( 'NONE',  ( -26.43226982048726015, 14.45565180529170313, 0.6553795402841771089 ) ) ;
#6143 = B_SPLINE_CURVE_WITH_KNOTS ( 'NONE', 3,
 ( #5995, #4388, #3419, #153, #5313, #2118 ),
 .UNSPECIFIED., .F., .F.,
 ( 4, 2, 4 ),
 ( 0.000000000000000000, 0.004430269838966092479, 0.008860539677932184957 ),
 .UNSPECIFIED. ) ;
#6144 = CARTESIAN_POINT ( 'NONE',  ( 1.137295491076011742E-14, 20.46561359896580612, -18.68001622036306131 ) ) ;
#6145 = AXIS2_PLACEMENT_3D ( 'NONE', #4176, #5572, #1308 ) ;
#6146 = CARTESIAN_POINT ( 'NONE',  ( -34.99999999999997158, 0.000000000000000000, -214.9999999999999432 ) ) ;
#6147 = CARTESIAN_POINT ( 'NONE',  ( 19.70506674071386399, 17.80804412790767088, 6.100924261596488485 ) ) ;
#6148 = EDGE_LOOP ( 'NONE', ( #1948, #5133, #2589, #3107 ) ) ;
#6149 = CIRCLE ( 'NONE', #4744, 11.50000000000000000 ) ;
#6150 = VERTEX_POINT ( 'NONE', #4382 ) ;
#6151 = CARTESIAN_POINT ( 'NONE',  ( -23.44960168990498772, 10.03876498890523017, 13.30258458469699079 ) ) ;
#6152 = CARTESIAN_POINT ( 'NONE',  ( 6.105633802816796241, 24.75825591324842634, 9.425626491315787447 ) ) ;
#6153 = CARTESIAN_POINT ( 'NONE',  ( 26.46631924439316919, 7.248060319985612843, 7.033793402200146261 ) ) ;
#6154 = CARTESIAN_POINT ( 'NONE',  ( 14.66512711834158544, -24.57026667117598961, 1.473122777457776200 ) ) ;
#6155 = CARTESIAN_POINT ( 'NONE',  ( 7.608906524252050829, -22.76366798249255652, 10.57632970540869977 ) ) ;
#6156 = CARTESIAN_POINT ( 'NONE',  ( 26.99999999999998934, 4.425092742787099631, 1.391660071360861339 ) ) ;
#6157 = CARTESIAN_POINT ( 'NONE',  ( -22.55784322320382529, 16.29321052645970624, 7.037324972985190108 ) ) ;
#6158 = EDGE_CURVE ( 'NONE', #4385, #1879, #345, .T. ) ;
#6159 = CARTESIAN_POINT ( 'NONE',  ( 10.48859438218409146, -24.44378761899448449, 6.648373964835085914 ) ) ;
#6160 = CARTESIAN_POINT ( 'NONE',  ( -23.40936409002812724, -18.84760667302499826, 0.6814474317555876404 ) ) ;
#6161 = CARTESIAN_POINT ( 'NONE',  ( 25.34110559031685739, -6.544310002705696405, 6.159028398228510781 ) ) ;
#6162 = CARTESIAN_POINT ( 'NONE',  ( -16.42740867770422142, -19.91368913784400974, -15.54521910663799567 ) ) ;
#6163 = CARTESIAN_POINT ( 'NONE',  ( -22.26668747366045054, 16.71520558128492340, 6.989126183524541069 ) ) ;
#6164 = ORIENTED_EDGE ( 'NONE', *, *, #3061, .F. ) ;
#6165 = CARTESIAN_POINT ( 'NONE',  ( 25.50000000000000000, 0.000000000000000000, 70.00000000000000000 ) ) ;
#6166 = CARTESIAN_POINT ( 'NONE',  ( 23.97557028033902071, 1.247744475670065079, 12.17734572115864466 ) ) ;
#6167 = CARTESIAN_POINT ( 'NONE',  ( -9.094644276791122195, 25.50000000000000711, 2.476936272880303935 ) ) ;
#6168 = CARTESIAN_POINT ( 'NONE',  ( -5.746478873239349916, 23.30188791835145778, 9.425626491315794553 ) ) ;
#6169 = CARTESIAN_POINT ( 'NONE',  ( 16.20004076492471867, 20.53756748650219777, 6.161771055434549282 ) ) ;
#6170 =( BOUNDED_SURFACE ( )  B_SPLINE_SURFACE ( 3, 2, ( 
 ( #4140, #6035, #3898 ),
 ( #2388, #1420, #5268 ),
 ( #5718, #5692, #1976 ),
 ( #5749, #3349, #3434 ),
 ( #1475, #510, #5244 ),
 ( #5773, #1449, #2925 ) ),
 .UNSPECIFIED., .F., .F., .T. ) 
 B_SPLINE_SURFACE_WITH_KNOTS ( ( 4, 2, 4 ),
 ( 3, 3 ),
 ( 0.007048296248673535658, 0.01146053405507872075, 0.01587277186148390584 ),
 ( 0.000000000000000000, 1.000000000000000000 ),
 .UNSPECIFIED. ) 
 GEOMETRIC_REPRESENTATION_ITEM ( )  RATIONAL_B_SPLINE_SURFACE ( (
 ( 1.000000000000000000, 0.9561819365777148860, 1.000000000000000000),
 ( 1.000000000000000000, 0.9599639141703992795, 1.000000000000000000),
 ( 1.000000000000000000, 0.9617653771961366393, 1.000000000000000000),
 ( 1.000000000000000000, 0.9617730170135346812, 1.000000000000000000),
 ( 1.000000000000000000, 0.9599793571243586676, 1.000000000000000000),
 ( 1.000000000000000000, 0.9561819365777157742, 1.000000000000000000) ) ) 
 REPRESENTATION_ITEM ( '' )  SURFACE ( )  );
#6171 = ORIENTED_EDGE ( 'NONE', *, *, #3128, .T. ) ;
#6172 = CARTESIAN_POINT ( 'NONE',  ( -20.70768183041306187, 16.71496114235662844, 6.088179295564317250 ) ) ;
#6173 = ORIENTED_EDGE ( 'NONE', *, *, #2860, .T. ) ;
#6174 = CARTESIAN_POINT ( 'NONE',  ( -24.70840674915237756, 6.430896291358960681, 12.95186216092230147 ) ) ;
#6175 = CARTESIAN_POINT ( 'NONE',  ( 6.808288484727411216, 23.02097891408429575, 10.14238885580112992 ) ) ;
#6176 = DIRECTION ( 'NONE',  ( 0.000000000000000000, -0.09599293193546680480, 0.9953820156193463609 ) ) ;
#6177 = DIRECTION ( 'NONE',  ( -1.000000000000000000, 0.000000000000000000, 0.000000000000000000 ) ) ;
ENDSEC;
END-ISO-10303-21;
