ISO-10303-21;
HEADER;
FILE_DESCRIPTION (( 'STEP AP203' ),
    '1' );
FILE_NAME ('79-8446 - 51mm 90deg.STEP',
    '2026-09-15T22:03:30',
    ( '' ),
    ( '' ),
    'SwSTEP 2.0',
    'SolidWorks 2026',
    '' );
FILE_SCHEMA (( 'CONFIG_CONTROL_DESIGN' ));
ENDSEC;

DATA;
#1 = ORIENTED_EDGE ( 'NONE', *, *, #451, .T. ) ;
#2 = FACE_OUTER_BOUND ( 'NONE', #758, .T. ) ;
#3 = ORIENTED_EDGE ( 'NONE', *, *, #214, .T. ) ;
#4 = LINE ( 'NONE', #1171, #1003 ) ;
#5 = AXIS2_PLACEMENT_3D ( 'NONE', #899, #341, #1217 ) ;
#6 = DIRECTION ( 'NONE',  ( 0.000000000000000000, 1.000000000000000000, 0.000000000000000000 ) ) ;
#7 = VERTEX_POINT ( 'NONE', #216 ) ;
#8 = DIRECTION ( 'NONE',  ( -1.000000000000000000, 0.000000000000000000, -4.492786435167428111E-18 ) ) ;
#9 = EDGE_CURVE ( 'NONE', #262, #171, #523, .T. ) ;
#10 = VERTEX_POINT ( 'NONE', #327 ) ;
#11 = CARTESIAN_POINT ( 'NONE',  ( 23.99999999999999645, 0.000000000000000000, -104.9999999999999858 ) ) ;
#12 = EDGE_CURVE ( 'NONE', #1126, #1116, #1207, .T. ) ;
#13 = DIRECTION ( 'NONE',  ( -1.000000000000000000, 1.224646799147353454E-16, 0.000000000000000000 ) ) ;
#14 = FACE_OUTER_BOUND ( 'NONE', #1170, .T. ) ;
#15 = DIRECTION ( 'NONE',  ( -0.000000000000000000, 0.000000000000000000, -1.000000000000000000 ) ) ;
#16 = VERTEX_POINT ( 'NONE', #90 ) ;
#17 = CIRCLE ( 'NONE', #196, 25.50000000000000000 ) ;
#18 = CARTESIAN_POINT ( 'NONE',  ( 27.15695122800054051, -2.250000000000000000, -181.5000000000000000 ) ) ;
#19 = CARTESIAN_POINT ( 'NONE',  ( 2.249999999999992895, 27.25000000000001421, -155.5000000000000000 ) ) ;
#20 = DIRECTION ( 'NONE',  ( -1.313966366210280823E-18, 0.000000000000000000, 1.000000000000000000 ) ) ;
#21 = CARTESIAN_POINT ( 'NONE',  ( -1.246078118132431552E-14, 0.000000000000000000, -181.5000000000000000 ) ) ;
#22 = VERTEX_POINT ( 'NONE', #210 ) ;
#23 = AXIS2_PLACEMENT_3D ( 'NONE', #757, #983, #15 ) ;
#24 = CIRCLE ( 'NONE', #1155, 27.25000000000001421 ) ;
#25 = EDGE_CURVE ( 'NONE', #513, #852, #1318, .T. ) ;
#26 = UNCERTAINTY_MEASURE_WITH_UNIT (LENGTH_MEASURE( 1.000000000000000082E-05 ), #902, 'distance_accuracy_value', 'NONE');
#27 = ORIENTED_EDGE ( 'NONE', *, *, #1368, .T. ) ;
#28 = CARTESIAN_POINT ( 'NONE',  ( 105.0000000000000000, 0.000000000000000000, 0.000000000000000000 ) ) ;
#29 = DIRECTION ( 'NONE',  ( -1.000000000000000000, 0.000000000000000000, 0.000000000000000000 ) ) ;
#30 = ORIENTED_EDGE ( 'NONE', *, *, #255, .F. ) ;
#31 = AXIS2_PLACEMENT_3D ( 'NONE', #182, #396, #253 ) ;
#32 = DIRECTION ( 'NONE',  ( -1.000000000000000000, 0.000000000000000000, 0.000000000000000000 ) ) ;
#33 = EDGE_CURVE ( 'NONE', #7, #691, #1385, .T. ) ;
#34 = ORIENTED_EDGE ( 'NONE', *, *, #997, .T. ) ;
#35 = LINE ( 'NONE', #1092, #1273 ) ;
#36 = CARTESIAN_POINT ( 'NONE',  ( -2.250000000000006661, -27.15695122800055472, -155.5000000000000000 ) ) ;
#37 = ORIENTED_EDGE ( 'NONE', *, *, #787, .T. ) ;
#38 = EDGE_CURVE ( 'NONE', #138, #1334, #782, .T. ) ;
#39 = AXIS2_PLACEMENT_3D ( 'NONE', #114, #532, #516 ) ;
#40 = DIRECTION ( 'NONE',  ( -1.000000000000000000, 0.000000000000000000, 0.000000000000000000 ) ) ;
#41 = ADVANCED_FACE ( 'NONE', ( #751, #528 ), #639, .F. ) ;
#42 = EDGE_LOOP ( 'NONE', ( #634, #143, #781, #392 ) ) ;
#43 = LINE ( 'NONE', #769, #235 ) ;
#44 = EDGE_CURVE ( 'NONE', #742, #478, #97, .T. ) ;
#45 = LINE ( 'NONE', #1316, #175 ) ;
#46 = ORIENTED_EDGE ( 'NONE', *, *, #673, .F. ) ;
#47 = DIRECTION ( 'NONE',  ( -1.000000000000000000, 0.000000000000000000, 0.000000000000000000 ) ) ;
#48 = CONICAL_SURFACE ( 'NONE', #839, 25.84046106882117755, 0.3490658503988638972 ) ;
#49 = CIRCLE ( 'NONE', #121, 27.25000000000001421 ) ;
#50 = CARTESIAN_POINT ( 'NONE',  ( -1.246078118132431552E-14, 0.000000000000000000, -181.5000000000000568 ) ) ;
#51 = DIRECTION ( 'NONE',  ( -1.000000000000000000, 0.000000000000000000, 0.000000000000000000 ) ) ;
#52 = ORIENTED_EDGE ( 'NONE', *, *, #38, .T. ) ;
#53 = FACE_OUTER_BOUND ( 'NONE', #753, .T. ) ;
#54 = CARTESIAN_POINT ( 'NONE',  ( 2.384848954671663746E-16, 0.000000000000000000, -155.5000000000000000 ) ) ;
#55 = TOROIDAL_SURFACE ( 'NONE', #408, 22.25000000000000711, 3.500000000000000000 ) ;
#56 = CC_DESIGN_DATE_AND_TIME_ASSIGNMENT ( #920, #504, ( #505 ) ) ;
#57 = AXIS2_PLACEMENT_3D ( 'NONE', #1086, #123, #13 ) ;
#58 = EDGE_LOOP ( 'NONE', ( #1181, #278, #1163, #1023 ) ) ;
#59 = VECTOR ( 'NONE', #1210, 1000.000000000000000 ) ;
#60 = DIRECTION ( 'NONE',  ( 0.000000000000000000, 0.000000000000000000, 1.000000000000000000 ) ) ;
#61 = DIRECTION ( 'NONE',  ( -0.000000000000000000, -1.000000000000000000, -0.000000000000000000 ) ) ;
#62 = ORIENTED_EDGE ( 'NONE', *, *, #1288, .F. ) ;
#63 = ORIENTED_EDGE ( 'NONE', *, *, #465, .T. ) ;
#64 = CARTESIAN_POINT ( 'NONE',  ( 7.634511988986664379E-18, 0.000000000000000000, -110.8102796124119322 ) ) ;
#65 = AXIS2_PLACEMENT_3D ( 'NONE', #1283, #317, #105 ) ;
#66 = APPROVAL_STATUS ( 'not_yet_approved' ) ;
#67 = EDGE_CURVE ( 'NONE', #480, #22, #551, .T. ) ;
#68 = EDGE_LOOP ( 'NONE', ( #764, #198, #1160, #1258 ) ) ;
#69 = DIRECTION ( 'NONE',  ( -0.000000000000000000, -0.000000000000000000, -1.000000000000000000 ) ) ;
#70 = ORIENTED_EDGE ( 'NONE', *, *, #1082, .T. ) ;
#71 = ORIENTED_EDGE ( 'NONE', *, *, #432, .T. ) ;
#72 = FACE_OUTER_BOUND ( 'NONE', #85, .T. ) ;
#73 = EDGE_CURVE ( 'NONE', #789, #873, #632, .T. ) ;
#74 = AXIS2_PLACEMENT_3D ( 'NONE', #304, #1069, #1161 ) ;
#75 = LINE ( 'NONE', #472, #1066 ) ;
#76 = APPROVAL_PERSON_ORGANIZATION ( #1268, #530, #400 ) ;
#77 = DIRECTION ( 'NONE',  ( 1.313966366210283134E-18, 0.000000000000000000, -1.000000000000000000 ) ) ;
#78 = ORIENTED_EDGE ( 'NONE', *, *, #1054, .T. ) ;
#79 = ORIENTED_EDGE ( 'NONE', *, *, #214, .F. ) ;
#80 = CARTESIAN_POINT ( 'NONE',  ( 105.0000000000000000, 0.000000000000000000, 0.000000000000000000 ) ) ;
#81 = DIRECTION ( 'NONE',  ( 0.000000000000000000, 0.000000000000000000, -1.000000000000000000 ) ) ;
#82 = CARTESIAN_POINT ( 'NONE',  ( -25.65151067676134033, 2.250000000000000000, -181.5000000000000000 ) ) ;
#83 = ADVANCED_FACE ( 'NONE', ( #849 ), #843, .T. ) ;
#84 = ORIENTED_EDGE ( 'NONE', *, *, #1243, .T. ) ;
#85 = EDGE_LOOP ( 'NONE', ( #678, #256, #1377, #381 ) ) ;
#86 = DIRECTION ( 'NONE',  ( -1.313966366210280823E-18, -0.000000000000000000, 1.000000000000000000 ) ) ;
#87 = EDGE_CURVE ( 'NONE', #16, #131, #1226, .T. ) ;
#88 = ADVANCED_FACE ( 'NONE', ( #244 ), #1056, .T. ) ;
#89 = DIRECTION ( 'NONE',  ( 0.000000000000000000, 0.000000000000000000, 1.000000000000000000 ) ) ;
#90 = CARTESIAN_POINT ( 'NONE',  ( -25.50000000000000000, 3.122849337825750222E-15, -110.8102796124119322 ) ) ;
#91 = VERTEX_POINT ( 'NONE', #353 ) ;
#92 = PLANE ( 'NONE',  #476 ) ;
#93 = DATE_AND_TIME ( #841, #863 ) ;
#94 = CARTESIAN_POINT ( 'NONE',  ( -2.250000000000006661, -27.15695122800055827, -181.5000000000000000 ) ) ;
#95 = CIRCLE ( 'NONE', #377, 27.25000000000001421 ) ;
#96 = AXIS2_PLACEMENT_3D ( 'NONE', #101, #293, #115 ) ;
#97 = LINE ( 'NONE', #1291, #437 ) ;
#98 = CARTESIAN_POINT ( 'NONE',  ( 1.055563126081290878E-17, 0.000000000000000000, -113.0334105440287686 ) ) ;
#99 = ORIENTED_EDGE ( 'NONE', *, *, #424, .F. ) ;
#100 = DIRECTION ( 'NONE',  ( 1.000000000000000000, 0.000000000000000000, 1.313966366210280823E-18 ) ) ;
#101 = CARTESIAN_POINT ( 'NONE',  ( 105.0000000000000000, 0.000000000000000000, -105.0000000000000000 ) ) ;
#102 = EDGE_CURVE ( 'NONE', #212, #945, #17, .T. ) ;
#103 = AXIS2_PLACEMENT_3D ( 'NONE', #1365, #1031, #60 ) ;
#104 = DIRECTION ( 'NONE',  ( -1.313966366210280823E-18, 0.000000000000000000, 1.000000000000000000 ) ) ;
#105 = DIRECTION ( 'NONE',  ( -1.000000000000000000, 0.000000000000000000, 0.000000000000000000 ) ) ;
#106 = VERTEX_POINT ( 'NONE', #993 ) ;
#107 = DIRECTION ( 'NONE',  ( -1.000000000000000000, 0.000000000000000000, -1.313966366210283134E-18 ) ) ;
#108 = EDGE_CURVE ( 'NONE', #1014, #1321, #463, .T. ) ;
#109 = LINE ( 'NONE', #526, #267 ) ;
#110 = TOROIDAL_SURFACE ( 'NONE', #248, 22.25000000000000711, 5.000000000000000000 ) ;
#111 = DIRECTION ( 'NONE',  ( -1.313966366210280823E-18, -0.000000000000000000, 1.000000000000000000 ) ) ;
#112 = CIRCLE ( 'NONE', #897, 25.53892417275067928 ) ;
#113 = ORIENTED_EDGE ( 'NONE', *, *, #1260, .F. ) ;
#114 = CARTESIAN_POINT ( 'NONE',  ( -1.246078118132431552E-14, 0.000000000000000000, -155.5000000000000000 ) ) ;
#115 = DIRECTION ( 'NONE',  ( 0.000000000000000000, 0.000000000000000000, 1.000000000000000000 ) ) ;
#116 = EDGE_CURVE ( 'NONE', #1029, #569, #656, .T. ) ;
#117 = VERTEX_POINT ( 'NONE', #139 ) ;
#118 = DIRECTION ( 'NONE',  ( 0.000000000000000000, 0.000000000000000000, 1.000000000000000000 ) ) ;
#119 = ORIENTED_EDGE ( 'NONE', *, *, #1368, .F. ) ;
#120 = CARTESIAN_POINT ( 'NONE',  ( 25.50000000000000000, 0.000000000000000000, -104.9999999999999858 ) ) ;
#121 = AXIS2_PLACEMENT_3D ( 'NONE', #1336, #1001, #258 ) ;
#122 = EDGE_CURVE ( 'NONE', #1218, #852, #477, .T. ) ;
#123 = DIRECTION ( 'NONE',  ( 1.224646799147353207E-16, 1.000000000000000000, 8.045723522833497719E-35 ) ) ;
#124 = DIRECTION ( 'NONE',  ( -0.000000000000000000, -1.000000000000000000, -0.000000000000000000 ) ) ;
#125 = ORIENTED_EDGE ( 'NONE', *, *, #909, .F. ) ;
#126 = DIRECTION ( 'NONE',  ( 1.000000000000000000, 0.000000000000000000, 0.000000000000000000 ) ) ;
#127 = CIRCLE ( 'NONE', #735, 79.50000000000000000 ) ;
#128 = AXIS2_PLACEMENT_3D ( 'NONE', #875, #587, #1026 ) ;
#129 = CARTESIAN_POINT ( 'NONE',  ( 7.634511988986664379E-18, 0.000000000000000000, -110.8102796124119322 ) ) ;
#130 = DIRECTION ( 'NONE',  ( 1.313966366210281016E-18, -0.000000000000000000, -1.000000000000000000 ) ) ;
#131 = VERTEX_POINT ( 'NONE', #438 ) ;
#132 = LINE ( 'NONE', #581, #1192 ) ;
#133 = FACE_OUTER_BOUND ( 'NONE', #58, .T. ) ;
#134 = DIRECTION ( 'NONE',  ( 1.000000000000000000, 0.000000000000000000, 6.569831831051405078E-19 ) ) ;
#135 = ORIENTED_EDGE ( 'NONE', *, *, #1008, .T. ) ;
#136 = VECTOR ( 'NONE', #858, 1000.000000000000000 ) ;
#137 = CIRCLE ( 'NONE', #611, 25.80153689607045209 ) ;
#138 = VERTEX_POINT ( 'NONE', #674 ) ;
#139 = CARTESIAN_POINT ( 'NONE',  ( 2.249999999999992895, 27.15695122800055117, -181.5000000000000000 ) ) ;
#140 = EDGE_CURVE ( 'NONE', #586, #1250, #35, .T. ) ;
#141 = DIRECTION ( 'NONE',  ( -0.000000000000000000, -1.000000000000000000, -0.000000000000000000 ) ) ;
#142 = EDGE_CURVE ( 'NONE', #1140, #1382, #456, .T. ) ;
#143 = ORIENTED_EDGE ( 'NONE', *, *, #310, .T. ) ;
#144 = ORIENTED_EDGE ( 'NONE', *, *, #718, .F. ) ;
#145 = DIRECTION ( 'NONE',  ( -1.000000000000000000, 0.000000000000000000, 0.000000000000000000 ) ) ;
#146 = CARTESIAN_POINT ( 'NONE',  ( 2.249999999999992895, -25.65151067676133323, -181.5000000000000000 ) ) ;
#147 = ORIENTED_EDGE ( 'NONE', *, *, #1084, .F. ) ;
#148 = FACE_OUTER_BOUND ( 'NONE', #1270, .T. ) ;
#149 = CARTESIAN_POINT ( 'NONE',  ( -25.84046106882117755, 0.000000000000000000, -117.0130302149884898 ) ) ;
#150 = ORIENTED_EDGE ( 'NONE', *, *, #1393, .F. ) ;
#151 = CYLINDRICAL_SURFACE ( 'NONE', #882, 27.25000000000001421 ) ;
#152 = ADVANCED_FACE ( 'NONE', ( #133 ), #784, .F. ) ;
#153 = DIRECTION ( 'NONE',  ( 1.224646799147353207E-16, 1.000000000000000000, 1.609144704566699330E-34 ) ) ;
#154 = ORIENTED_EDGE ( 'NONE', *, *, #108, .F. ) ;
#155 = DIRECTION ( 'NONE',  ( 1.000000000000000000, 0.000000000000000000, 1.313966366210280823E-18 ) ) ;
#156 = EDGE_CURVE ( 'NONE', #990, #1238, #884, .T. ) ;
#157 = DIRECTION ( 'NONE',  ( 0.000000000000000000, 0.000000000000000000, 1.000000000000000000 ) ) ;
#158 = VECTOR ( 'NONE', #689, 1000.000000000000000 ) ;
#159 = ORIENTED_EDGE ( 'NONE', *, *, #1327, .T. ) ;
#160 = DIRECTION ( 'NONE',  ( -0.000000000000000000, -1.000000000000000000, -0.000000000000000000 ) ) ;
#161 = DIRECTION ( 'NONE',  ( 0.000000000000000000, 0.000000000000000000, -1.000000000000000000 ) ) ;
#162 = VERTEX_POINT ( 'NONE', #988 ) ;
#163 = ORIENTED_EDGE ( 'NONE', *, *, #1045, .F. ) ;
#164 = CYLINDRICAL_SURFACE ( 'NONE', #1200, 23.99999999999999645 ) ;
#165 = PERSON_AND_ORGANIZATION ( #1020, #204 ) ;
#166 = CIRCLE ( 'NONE', #543, 26.94846310392954791 ) ;
#167 = AXIS2_PLACEMENT_3D ( 'NONE', #1369, #1035, #386 ) ;
#168 = ORIENTED_EDGE ( 'NONE', *, *, #387, .T. ) ;
#169 = LINE ( 'NONE', #177, #1235 ) ;
#170 = DIRECTION ( 'NONE',  ( -1.000000000000000000, 0.000000000000000000, 0.000000000000000000 ) ) ;
#171 = VERTEX_POINT ( 'NONE', #1004 ) ;
#172 = EDGE_LOOP ( 'NONE', ( #62, #321, #270, #362, #406, #271, #928, #723, #934, #703, #295, #1002 ) ) ;
#173 = DIRECTION ( 'NONE',  ( 0.000000000000000000, 0.000000000000000000, -1.000000000000000000 ) ) ;
#174 = AXIS2_PLACEMENT_3D ( 'NONE', #1166, #303, #1387 ) ;
#175 = VECTOR ( 'NONE', #891, 1000.000000000000000 ) ;
#176 = AXIS2_PLACEMENT_3D ( 'NONE', #717, #1142, #621 ) ;
#177 = CARTESIAN_POINT ( 'NONE',  ( -2.250000000000006661, 27.25000000000001421, -155.5000000000000000 ) ) ;
#178 = CARTESIAN_POINT ( 'NONE',  ( -2.250000000000006661, 27.15695122800055472, -181.5000000000000000 ) ) ;
#179 = ORIENTED_EDGE ( 'NONE', *, *, #806, .T. ) ;
#180 = ORIENTED_EDGE ( 'NONE', *, *, #326, .F. ) ;
#181 = CYLINDRICAL_SURFACE ( 'NONE', #518, 23.99999999999999645 ) ;
#182 = CARTESIAN_POINT ( 'NONE',  ( 27.25000000000000000, -2.250000000000000000, -155.5000000000000000 ) ) ;
#183 = CIRCLE ( 'NONE', #971, 25.75000000000001421 ) ;
#184 = EDGE_LOOP ( 'NONE', ( #1356, #460 ) ) ;
#185 = ORIENTED_EDGE ( 'NONE', *, *, #1333, .F. ) ;
#186 = CYLINDRICAL_SURFACE ( 'NONE', #646, 25.50000000000000000 ) ;
#187 = EDGE_CURVE ( 'NONE', #433, #162, #43, .T. ) ;
#188 = CALENDAR_DATE ( 2026, 16, 9 ) ;
#189 = EDGE_CURVE ( 'NONE', #1116, #496, #552, .T. ) ;
#190 = CARTESIAN_POINT ( 'NONE',  ( 105.0000000000000000, 0.000000000000000000, -105.0000000000000000 ) ) ;
#191 = AXIS2_PLACEMENT_3D ( 'NONE', #190, #1165, #755 ) ;
#192 = ORIENTED_EDGE ( 'NONE', *, *, #9, .T. ) ;
#193 = ORIENTED_EDGE ( 'NONE', *, *, #1327, .F. ) ;
#194 = FACE_OUTER_BOUND ( 'NONE', #799, .T. ) ;
#195 = APPROVAL_DATE_TIME ( #93, #530 ) ;
#196 = AXIS2_PLACEMENT_3D ( 'NONE', #1220, #444, #1104 ) ;
#197 = CARTESIAN_POINT ( 'NONE',  ( -2.250000000000006661, 27.25000000000001421, -155.5000000000000000 ) ) ;
#198 = ORIENTED_EDGE ( 'NONE', *, *, #1347, .T. ) ;
#199 = LINE ( 'NONE', #1292, #880 ) ;
#200 = ORIENTED_EDGE ( 'NONE', *, *, #87, .T. ) ;
#201 = DIRECTION ( 'NONE',  ( -1.000000000000000000, 0.000000000000000000, 0.000000000000000000 ) ) ;
#202 = CIRCLE ( 'NONE', #926, 25.50000000000000000 ) ;
#203 = CIRCLE ( 'NONE', #266, 3.499999999999999556 ) ;
#204 = ORGANIZATION ( 'UNSPECIFIED', 'UNSPECIFIED', '' ) ;
#205 = DIRECTION ( 'NONE',  ( -1.000000000000000000, 0.000000000000000000, 0.000000000000000000 ) ) ;
#206 = DIRECTION ( 'NONE',  ( 1.313966366210281016E-18, -0.000000000000000000, -1.000000000000000000 ) ) ;
#207 = ORIENTED_EDGE ( 'NONE', *, *, #187, .T. ) ;
#208 = FACE_OUTER_BOUND ( 'NONE', #322, .T. ) ;
#209 = VECTOR ( 'NONE', #237, 1000.000000000000000 ) ;
#210 = CARTESIAN_POINT ( 'NONE',  ( -27.15695122800057248, -2.250000000000000000, -181.5000000000000000 ) ) ;
#211 = DIRECTION ( 'NONE',  ( 0.000000000000000000, 0.000000000000000000, -1.000000000000000000 ) ) ;
#212 = VERTEX_POINT ( 'NONE', #777 ) ;
#213 = DIRECTION ( 'NONE',  ( 1.313966366210280823E-18, 0.000000000000000000, -1.000000000000000000 ) ) ;
#214 = EDGE_CURVE ( 'NONE', #171, #496, #590, .T. ) ;
#215 = DIRECTION ( 'NONE',  ( 6.569831831051405078E-19, -0.000000000000000000, -1.000000000000000000 ) ) ;
#216 = CARTESIAN_POINT ( 'NONE',  ( 181.5000000000000000, 0.000000000000000000, -23.99999999999999645 ) ) ;
#217 = AXIS2_PLACEMENT_3D ( 'NONE', #80, #498, #509 ) ;
#218 = ORIENTED_EDGE ( 'NONE', *, *, #1182, .F. ) ;
#219 = CARTESIAN_POINT ( 'NONE',  ( 2.249999999999992006, 25.65151067676132968, -181.5000000000000568 ) ) ;
#220 = ADVANCED_FACE ( 'NONE', ( #14 ), #876, .F. ) ;
#221 = CARTESIAN_POINT ( 'NONE',  ( 1.005184270150865523E-16, 0.000000000000000000, -181.5000000000000000 ) ) ;
#222 = DIRECTION ( 'NONE',  ( 0.000000000000000000, 0.000000000000000000, -1.000000000000000000 ) ) ;
#223 = LINE ( 'NONE', #626, #136 ) ;
#224 = CIRCLE ( 'NONE', #1307, 130.5000000000000000 ) ;
#225 = ORIENTED_EDGE ( 'NONE', *, *, #9, .F. ) ;
#226 = FACE_OUTER_BOUND ( 'NONE', #627, .T. ) ;
#227 = EDGE_CURVE ( 'NONE', #1248, #1212, #229, .T. ) ;
#228 = LINE ( 'NONE', #550, #1338 ) ;
#229 = LINE ( 'NONE', #663, #454 ) ;
#230 = CYLINDRICAL_SURFACE ( 'NONE', #906, 23.99999999999999645 ) ;
#231 = ORIENTED_EDGE ( 'NONE', *, *, #901, .F. ) ;
#232 = CARTESIAN_POINT ( 'NONE',  ( 27.15695122800053696, -2.249999999999999112, -181.5000000000000568 ) ) ;
#233 = CIRCLE ( 'NONE', #1199, 6.500000000000005329 ) ;
#234 = CIRCLE ( 'NONE', #527, 25.75000000000001421 ) ;
#235 = VECTOR ( 'NONE', #1331, 1000.000000000000000 ) ;
#236 = DIRECTION ( 'NONE',  ( 0.000000000000000000, -0.000000000000000000, -1.000000000000000000 ) ) ;
#237 = DIRECTION ( 'NONE',  ( -0.000000000000000000, -0.000000000000000000, -1.000000000000000000 ) ) ;
#238 = FACE_OUTER_BOUND ( 'NONE', #1122, .T. ) ;
#239 = CONICAL_SURFACE ( 'NONE', #1253, 25.84046106882117755, 0.3490658503988638972 ) ;
#240 = EDGE_LOOP ( 'NONE', ( #352, #576, #706, #1175 ) ) ;
#241 = EDGE_CURVE ( 'NONE', #131, #16, #273, .T. ) ;
#242 = EDGE_CURVE ( 'NONE', #873, #22, #1203, .T. ) ;
#243 = EDGE_CURVE ( 'NONE', #696, #1299, #1097, .T. ) ;
#244 = FACE_OUTER_BOUND ( 'NONE', #1149, .T. ) ;
#245 = CARTESIAN_POINT ( 'NONE',  ( 23.99999999999999645, 0.000000000000000000, -110.8102796124119322 ) ) ;
#246 = EDGE_LOOP ( 'NONE', ( #823, #168, #857, #658, #601, #150 ) ) ;
#247 = CONICAL_SURFACE ( 'NONE', #1350, 27.25000000000004263, 0.3490658503988638972 ) ;
#248 = AXIS2_PLACEMENT_3D ( 'NONE', #770, #1304, #134 ) ;
#249 = ORIENTED_EDGE ( 'NONE', *, *, #189, .F. ) ;
#250 = DIRECTION ( 'NONE',  ( 0.000000000000000000, 0.000000000000000000, -1.000000000000000000 ) ) ;
#251 = CARTESIAN_POINT ( 'NONE',  ( 25.84046106882117755, 3.164543793642364516E-15, -117.0130302149884898 ) ) ;
#252 = ORIENTED_EDGE ( 'NONE', *, *, #1060, .T. ) ;
#253 = DIRECTION ( 'NONE',  ( 0.000000000000000000, -0.000000000000000000, -1.000000000000000000 ) ) ;
#254 = DIRECTION ( 'NONE',  ( 1.313966366210281016E-18, -0.000000000000000000, -1.000000000000000000 ) ) ;
#255 = EDGE_CURVE ( 'NONE', #117, #586, #686, .T. ) ;
#256 = ORIENTED_EDGE ( 'NONE', *, *, #909, .T. ) ;
#257 = CARTESIAN_POINT ( 'NONE',  ( 105.0000000000000000, 2.939152317953647500E-15, 23.99999999999999645 ) ) ;
#258 = DIRECTION ( 'NONE',  ( 1.000000000000000000, 0.000000000000000000, 0.000000000000000000 ) ) ;
#259 = ORIENTED_EDGE ( 'NONE', *, *, #549, .F. ) ;
#260 = DIRECTION ( 'NONE',  ( 1.313966366210281016E-18, -0.000000000000000000, -1.000000000000000000 ) ) ;
#261 = FACE_OUTER_BOUND ( 'NONE', #336, .T. ) ;
#262 = VERTEX_POINT ( 'NONE', #1114 ) ;
#263 = ORIENTED_EDGE ( 'NONE', *, *, #597, .T. ) ;
#264 = PLANE ( 'NONE',  #1121 ) ;
#265 = VECTOR ( 'NONE', #1176, 1000.000000000000000 ) ;
#266 = AXIS2_PLACEMENT_3D ( 'NONE', #931, #1359, #606 ) ;
#267 = VECTOR ( 'NONE', #864, 1000.000000000000000 ) ;
#268 = ORIENTED_EDGE ( 'NONE', *, *, #140, .F. ) ;
#269 = DIRECTION ( 'NONE',  ( 1.000000000000000000, 0.000000000000000000, 0.000000000000000000 ) ) ;
#270 = ORIENTED_EDGE ( 'NONE', *, *, #116, .T. ) ;
#271 = ORIENTED_EDGE ( 'NONE', *, *, #67, .F. ) ;
#272 = DIRECTION ( 'NONE',  ( -1.000000000000000000, 0.000000000000000000, 0.000000000000000000 ) ) ;
#273 = CIRCLE ( 'NONE', #888, 25.50000000000000000 ) ;
#274 = APPROVAL_DATE_TIME ( #379, #950 ) ;
#275 = ORIENTED_EDGE ( 'NONE', *, *, #549, .T. ) ;
#276 = DIRECTION ( 'NONE',  ( -1.000000000000000000, 0.000000000000000000, 0.000000000000000000 ) ) ;
#277 = ORIENTED_EDGE ( 'NONE', *, *, #156, .T. ) ;
#278 = ORIENTED_EDGE ( 'NONE', *, *, #644, .T. ) ;
#279 = DIRECTION ( 'NONE',  ( 1.000000000000000000, 0.000000000000000000, 4.492786435167425800E-18 ) ) ;
#280 = AXIS2_PLACEMENT_3D ( 'NONE', #328, #8, #118 ) ;
#281 = APPLICATION_PROTOCOL_DEFINITION ( 'international standard', 'config_control_design', 1994, #1070 ) ;
#282 = TOROIDAL_SURFACE ( 'NONE', #964, 30.50000000000000000, 5.000000000000000000 ) ;
#283 = CARTESIAN_POINT ( 'NONE',  ( -1.246078118132431552E-14, 0.000000000000000000, -155.5000000000000000 ) ) ;
#284 = CARTESIAN_POINT ( 'NONE',  ( -2.250000000000006661, 27.25000000000001421, -155.5000000000000000 ) ) ;
#285 = ADVANCED_FACE ( 'NONE', ( #574 ), #704, .T. ) ;
#286 = VERTEX_POINT ( 'NONE', #1136 ) ;
#287 = ADVANCED_FACE ( 'NONE', ( #1127 ), #835, .F. ) ;
#288 = ORIENTED_EDGE ( 'NONE', *, *, #187, .F. ) ;
#289 = CARTESIAN_POINT ( 'NONE',  ( -2.250000000000005773, 27.15695122800055117, -181.5000000000000568 ) ) ;
#290 = EDGE_CURVE ( 'NONE', #16, #212, #911, .T. ) ;
#291 = DIRECTION ( 'NONE',  ( 0.000000000000000000, 0.000000000000000000, 1.000000000000000000 ) ) ;
#292 = TOROIDAL_SURFACE ( 'NONE', #883, 30.50000000000000000, 5.000000000000000000 ) ;
#293 = DIRECTION ( 'NONE',  ( 0.000000000000000000, 1.000000000000000000, 0.000000000000000000 ) ) ;
#294 = AXIS2_PLACEMENT_3D ( 'NONE', #820, #1247, #495 ) ;
#295 = ORIENTED_EDGE ( 'NONE', *, *, #995, .T. ) ;
#296 = EDGE_LOOP ( 'NONE', ( #547, #1106 ) ) ;
#297 = CARTESIAN_POINT ( 'NONE',  ( -25.65151067676134389, -2.249999999999999112, -155.5000000000000000 ) ) ;
#298 = CARTESIAN_POINT ( 'NONE',  ( 0.000000000000000000, 0.000000000000000000, 0.000000000000000000 ) ) ;
#299 = EDGE_CURVE ( 'NONE', #873, #569, #95, .T. ) ;
#300 = DIRECTION ( 'NONE',  ( -1.000000000000000000, 0.000000000000000000, 0.000000000000000000 ) ) ;
#301 = AXIS2_PLACEMENT_3D ( 'NONE', #1261, #1080, #645 ) ;
#302 = AXIS2_PLACEMENT_3D ( 'NONE', #838, #1150, #628 ) ;
#303 = DIRECTION ( 'NONE',  ( 0.000000000000000000, 1.000000000000000000, 0.000000000000000000 ) ) ;
#304 = CARTESIAN_POINT ( 'NONE',  ( 1.469614144481258578E-17, 0.000000000000000000, -116.1845644019023638 ) ) ;
#305 = ADVANCED_FACE ( 'NONE', ( #1340 ), #151, .T. ) ;
#306 = ORIENTED_EDGE ( 'NONE', *, *, #122, .F. ) ;
#307 = PLANE ( 'NONE',  #946 ) ;
#308 = DIRECTION ( 'NONE',  ( 0.000000000000000000, 0.000000000000000000, -1.000000000000000000 ) ) ;
#309 = FACE_OUTER_BOUND ( 'NONE', #771, .T. ) ;
#310 = EDGE_CURVE ( 'NONE', #1140, #903, #203, .T. ) ;
#311 = ORIENTED_EDGE ( 'NONE', *, *, #399, .F. ) ;
#312 = FACE_OUTER_BOUND ( 'NONE', #1367, .T. ) ;
#313 = EDGE_CURVE ( 'NONE', #1126, #171, #75, .T. ) ;
#314 = CIRCLE ( 'NONE', #74, 25.53892417275067928 ) ;
#315 = VECTOR ( 'NONE', #157, 1000.000000000000000 ) ;
#316 = DIRECTION ( 'NONE',  ( 0.000000000000000000, 0.000000000000000000, 1.000000000000000000 ) ) ;
#317 = DIRECTION ( 'NONE',  ( 0.000000000000000000, 0.000000000000000000, -1.000000000000000000 ) ) ;
#318 = EDGE_LOOP ( 'NONE', ( #722, #200, #666, #37 ) ) ;
#319 = DIRECTION ( 'NONE',  ( -1.313966366210281016E-18, 0.000000000000000000, 1.000000000000000000 ) ) ;
#320 = CARTESIAN_POINT ( 'NONE',  ( -6.243608018202100073E-15, 0.000000000000000000, -117.3816349035421922 ) ) ;
#321 = ORIENTED_EDGE ( 'NONE', *, *, #1361, .T. ) ;
#322 = EDGE_LOOP ( 'NONE', ( #1113, #34, #561, #1373 ) ) ;
#323 = CARTESIAN_POINT ( 'NONE',  ( 1.005184270150865523E-16, 0.000000000000000000, -181.5000000000000000 ) ) ;
#324 = DIRECTION ( 'NONE',  ( -1.313966366210280823E-18, -0.000000000000000000, 1.000000000000000000 ) ) ;
#325 = ADVANCED_FACE ( 'NONE', ( #1010 ), #365, .T. ) ;
#326 = EDGE_CURVE ( 'NONE', #582, #1294, #169, .T. ) ;
#327 = CARTESIAN_POINT ( 'NONE',  ( 181.5000000000000000, 3.122849337825750222E-15, 25.50000000000000000 ) ) ;
#328 = CARTESIAN_POINT ( 'NONE',  ( 181.5000000000000000, 0.000000000000000000, 3.436981622903080799E-16 ) ) ;
#329 = ORIENTED_EDGE ( 'NONE', *, *, #73, .T. ) ;
#330 = CARTESIAN_POINT ( 'NONE',  ( -27.15695122800056538, -2.250000000000000000, -155.5000000000000000 ) ) ;
#331 = CARTESIAN_POINT ( 'NONE',  ( 181.5000000000000000, 2.939152317953647500E-15, 23.99999999999999645 ) ) ;
#332 = DIRECTION ( 'NONE',  ( 0.000000000000000000, 0.000000000000000000, 1.000000000000000000 ) ) ;
#333 = CARTESIAN_POINT ( 'NONE',  ( -2.250000000000006661, 27.25000000000001421, -181.5000000000000000 ) ) ;
#334 = AXIS2_PLACEMENT_3D ( 'NONE', #1186, #572, #236 ) ;
#335 = CC_DESIGN_SECURITY_CLASSIFICATION ( #380, ( #1287 ) ) ;
#336 = EDGE_LOOP ( 'NONE', ( #1050, #420, #796, #642 ) ) ;
#337 = DIRECTION ( 'NONE',  ( -1.313966366210280823E-18, -0.000000000000000000, 1.000000000000000000 ) ) ;
#338 = AXIS2_PLACEMENT_3D ( 'NONE', #298, #291, #1052 ) ;
#339 = DIRECTION ( 'NONE',  ( 0.000000000000000000, 0.000000000000000000, 1.000000000000000000 ) ) ;
#340 = DIRECTION ( 'NONE',  ( -1.000000000000000000, 0.000000000000000000, 0.000000000000000000 ) ) ;
#341 = DIRECTION ( 'NONE',  ( 1.313966366210283134E-18, 0.000000000000000000, -1.000000000000000000 ) ) ;
#342 = ORIENTED_EDGE ( 'NONE', *, *, #1333, .T. ) ;
#343 = CC_DESIGN_PERSON_AND_ORGANIZATION_ASSIGNMENT ( #510, #370, ( #380 ) ) ;
#344 = CIRCLE ( 'NONE', #128, 25.50000000000000000 ) ;
#345 = DIRECTION ( 'NONE',  ( -0.000000000000000000, -0.000000000000000000, -1.000000000000000000 ) ) ;
#346 = AXIS2_PLACEMENT_3D ( 'NONE', #865, #538, #507 ) ;
#347 = DIRECTION ( 'NONE',  ( 0.000000000000000000, 0.000000000000000000, -1.000000000000000000 ) ) ;
#348 = CIRCLE ( 'NONE', #524, 25.75000000000001421 ) ;
#349 = VERTEX_POINT ( 'NONE', #612 ) ;
#350 = EDGE_CURVE ( 'NONE', #789, #508, #382, .T. ) ;
#351 = AXIS2_PLACEMENT_3D ( 'NONE', #1280, #745, #1077 ) ;
#352 = ORIENTED_EDGE ( 'NONE', *, *, #1222, .T. ) ;
#353 = CARTESIAN_POINT ( 'NONE',  ( -24.39199796489159056, 0.000000000000000000, -113.0334105440287686 ) ) ;
#354 = CARTESIAN_POINT ( 'NONE',  ( 27.25000000000000000, 2.250000000000000000, -155.5000000000000000 ) ) ;
#355 = VERTEX_POINT ( 'NONE', #583 ) ;
#356 = AXIS2_PLACEMENT_3D ( 'NONE', #939, #1366, #1346 ) ;
#357 = LINE ( 'NONE', #690, #468 ) ;
#358 = CC_DESIGN_DATE_AND_TIME_ASSIGNMENT ( #809, #1232, ( #380 ) ) ;
#359 = ORIENTED_EDGE ( 'NONE', *, *, #457, .T. ) ;
#360 = CARTESIAN_POINT ( 'NONE',  ( -27.25000000000004263, 0.000000000000000000, -116.4999999999999858 ) ) ;
#361 = CARTESIAN_POINT ( 'NONE',  ( 27.25000000000000000, -2.250000000000000000, -181.5000000000000000 ) ) ;
#362 = ORIENTED_EDGE ( 'NONE', *, *, #299, .F. ) ;
#363 = DIRECTION ( 'NONE',  ( 0.000000000000000000, 1.000000000000000000, 0.000000000000000000 ) ) ;
#364 = CIRCLE ( 'NONE', #475, 25.50000000000000000 ) ;
#365 = CYLINDRICAL_SURFACE ( 'NONE', #448, 27.25000000000001421 ) ;
#366 = PLANE ( 'NONE',  #356 ) ;
#367 = EDGE_LOOP ( 'NONE', ( #1034, #1230, #814, #907 ) ) ;
#368 = AXIS2_PLACEMENT_3D ( 'NONE', #1277, #308, #205 ) ;
#369 = FACE_OUTER_BOUND ( 'NONE', #889, .T. ) ;
#370 = PERSON_AND_ORGANIZATION_ROLE ( 'classification_officer' ) ;
#371 = CARTESIAN_POINT ( 'NONE',  ( -25.65151067676134389, -2.249999999999999112, -181.5000000000000568 ) ) ;
#372 = DIRECTION ( 'NONE',  ( -0.000000000000000000, -0.000000000000000000, -1.000000000000000000 ) ) ;
#373 = ORIENTED_EDGE ( 'NONE', *, *, #489, .T. ) ;
#374 = ORIENTED_EDGE ( 'NONE', *, *, #326, .T. ) ;
#375 = CARTESIAN_POINT ( 'NONE',  ( -2.250000000000006661, 27.25000000000001421, -181.5000000000000000 ) ) ;
#376 = VECTOR ( 'NONE', #1197, 1000.000000000000000 ) ;
#377 = AXIS2_PLACEMENT_3D ( 'NONE', #923, #701, #811 ) ;
#378 = CC_DESIGN_APPROVAL ( #746, ( #505 ) ) ;
#379 = DATE_AND_TIME ( #1143, #654 ) ;
#380 = SECURITY_CLASSIFICATION ( '', '', #1059 ) ;
#381 = ORIENTED_EDGE ( 'NONE', *, *, #243, .F. ) ;
#382 = LINE ( 'NONE', #371, #630 ) ;
#383 = CARTESIAN_POINT ( 'NONE',  ( 2.249999999999992006, -27.15695122800055117, -181.5000000000000568 ) ) ;
#384 = EDGE_LOOP ( 'NONE', ( #1187, #1118, #585, #252 ) ) ;
#385 = VERTEX_POINT ( 'NONE', #1047 ) ;
#386 = DIRECTION ( 'NONE',  ( 0.000000000000000000, 0.000000000000000000, 1.000000000000000000 ) ) ;
#387 = EDGE_CURVE ( 'NONE', #1131, #473, #24, .T. ) ;
#388 = EDGE_CURVE ( 'NONE', #1064, #91, #845, .T. ) ;
#389 = DIRECTION ( 'NONE',  ( -0.000000000000000000, -0.000000000000000000, -1.000000000000000000 ) ) ;
#390 = CARTESIAN_POINT ( 'NONE',  ( -1.246078118132431552E-14, 0.000000000000000000, -155.5000000000000000 ) ) ;
#391 = ORIENTED_EDGE ( 'NONE', *, *, #140, .T. ) ;
#392 = ORIENTED_EDGE ( 'NONE', *, *, #1079, .F. ) ;
#393 = LINE ( 'NONE', #832, #570 ) ;
#394 = APPROVAL_STATUS ( 'not_yet_approved' ) ;
#395 = AXIS2_PLACEMENT_3D ( 'NONE', #1306, #1383, #107 ) ;
#396 = DIRECTION ( 'NONE',  ( 0.000000000000000000, -1.000000000000000000, 0.000000000000000000 ) ) ;
#397 = ORIENTED_EDGE ( 'NONE', *, *, #1112, .F. ) ;
#398 = DIRECTION ( 'NONE',  ( 1.000000000000000000, 0.000000000000000000, 0.000000000000000000 ) ) ;
#399 = EDGE_CURVE ( 'NONE', #496, #171, #166, .T. ) ;
#400 = APPROVAL_ROLE ( '' ) ;
#401 = APPROVAL_PERSON_ORGANIZATION ( #592, #950, #499 ) ;
#402 = CARTESIAN_POINT ( 'NONE',  ( 105.0000000000000000, -3.122849337825750222E-15, -105.0000000000000000 ) ) ;
#403 = VECTOR ( 'NONE', #1120, 1000.000000000000000 ) ;
#404 = ADVANCED_FACE ( 'NONE', ( #692 ), #711, .T. ) ;
#405 = DIRECTION ( 'NONE',  ( -1.000000000000000000, 0.000000000000000000, 0.000000000000000000 ) ) ;
#406 = ORIENTED_EDGE ( 'NONE', *, *, #242, .T. ) ;
#407 = FACE_OUTER_BOUND ( 'NONE', #868, .T. ) ;
#408 = AXIS2_PLACEMENT_3D ( 'NONE', #965, #842, #1371 ) ;
#409 = VECTOR ( 'NONE', #345, 1000.000000000000000 ) ;
#410 = DIRECTION ( 'NONE',  ( -0.000000000000000000, -0.000000000000000000, -1.000000000000000000 ) ) ;
#411 = CARTESIAN_POINT ( 'NONE',  ( 1.005184270150865523E-16, 0.000000000000000000, -181.5000000000000000 ) ) ;
#412 = ORIENTED_EDGE ( 'NONE', *, *, #1108, .T. ) ;
#413 = DIRECTION ( 'NONE',  ( -1.000000000000000000, 0.000000000000000000, 0.000000000000000000 ) ) ;
#414 = AXIS2_PLACEMENT_3D ( 'NONE', #958, #1282, #222 ) ;
#415 = EDGE_CURVE ( 'NONE', #1299, #10, #364, .T. ) ;
#416 = AXIS2_PLACEMENT_3D ( 'NONE', #411, #959, #431 ) ;
#417 = FACE_OUTER_BOUND ( 'NONE', #685, .T. ) ;
#418 = EDGE_LOOP ( 'NONE', ( #683, #828, #79, #225 ) ) ;
#419 = CARTESIAN_POINT ( 'NONE',  ( 25.50000000000000000, 0.000000000000000000, -181.5000000000000000 ) ) ;
#420 = ORIENTED_EDGE ( 'NONE', *, *, #12, .T. ) ;
#421 = PLANE ( 'NONE',  #351 ) ;
#422 = CARTESIAN_POINT ( 'NONE',  ( 25.65151067676131547, 2.250000000000000000, -181.5000000000000000 ) ) ;
#423 = VECTOR ( 'NONE', #671, 1000.000000000000000 ) ;
#424 = EDGE_CURVE ( 'NONE', #1173, #1064, #233, .T. ) ;
#425 = CARTESIAN_POINT ( 'NONE',  ( 181.5000000000000000, 0.000000000000000000, 3.436981622903080799E-16 ) ) ;
#426 = LINE ( 'NONE', #419, #747 ) ;
#427 = ORIENTED_EDGE ( 'NONE', *, *, #638, .T. ) ;
#428 = DIRECTION ( 'NONE',  ( 0.000000000000000000, 0.000000000000000000, 1.000000000000000000 ) ) ;
#429 = DIRECTION ( 'NONE',  ( 1.224646799147353207E-16, 1.000000000000000000, 1.609144704566699330E-34 ) ) ;
#430 = DIRECTION ( 'NONE',  ( -1.000000000000000000, 0.000000000000000000, 0.000000000000000000 ) ) ;
#431 = DIRECTION ( 'NONE',  ( -1.000000000000000000, 0.000000000000000000, -1.313966366210283134E-18 ) ) ;
#432 = EDGE_CURVE ( 'NONE', #16, #1116, #1271, .T. ) ;
#433 = VERTEX_POINT ( 'NONE', #1395 ) ;
#434 = DIRECTION ( 'NONE',  ( 1.313966366210283134E-18, 0.000000000000000000, -1.000000000000000000 ) ) ;
#435 = MANIFOLD_SOLID_BREP ( 'Cut-Extrude-Thin1', #1135 ) ;
#436 = DIRECTION ( 'NONE',  ( -1.313966366210280823E-18, -0.000000000000000000, 1.000000000000000000 ) ) ;
#437 = VECTOR ( 'NONE', #944, 1000.000000000000000 ) ;
#438 = CARTESIAN_POINT ( 'NONE',  ( 25.50000000000000000, 0.000000000000000000, -110.8102796124119322 ) ) ;
#439 = CARTESIAN_POINT ( 'NONE',  ( -2.250000000000006661, 25.65151067676133323, -181.5000000000000000 ) ) ;
#440 = ORIENTED_EDGE ( 'NONE', *, *, #142, .T. ) ;
#441 = LINE ( 'NONE', #219, #1078 ) ;
#442 = ADVANCED_FACE ( 'NONE', ( #1153 ), #1379, .F. ) ;
#443 = DIRECTION ( 'NONE',  ( -0.000000000000000000, -0.000000000000000000, -1.000000000000000000 ) ) ;
#444 = DIRECTION ( 'NONE',  ( 1.313966366210283134E-18, 0.000000000000000000, -1.000000000000000000 ) ) ;
#445 = EDGE_CURVE ( 'NONE', #478, #1234, #1337, .T. ) ;
#446 = DIRECTION ( 'NONE',  ( -0.000000000000000000, -0.000000000000000000, -1.000000000000000000 ) ) ;
#447 = CIRCLE ( 'NONE', #492, 25.75000000000001421 ) ;
#448 = AXIS2_PLACEMENT_3D ( 'NONE', #826, #69, #494 ) ;
#449 = ORIENTED_EDGE ( 'NONE', *, *, #921, .F. ) ;
#450 = DIRECTION ( 'NONE',  ( -0.000000000000000000, -0.000000000000000000, -1.000000000000000000 ) ) ;
#451 = EDGE_CURVE ( 'NONE', #945, #696, #127, .T. ) ;
#452 = DIRECTION ( 'NONE',  ( 1.000000000000000000, 0.000000000000000000, 0.000000000000000000 ) ) ;
#453 = DIRECTION ( 'NONE',  ( -0.000000000000000000, -0.000000000000000000, -1.000000000000000000 ) ) ;
#454 = VECTOR ( 'NONE', #670, 1000.000000000000000 ) ;
#455 = ORIENTED_EDGE ( 'NONE', *, *, #432, .F. ) ;
#456 = LINE ( 'NONE', #1216, #409 ) ;
#457 = EDGE_CURVE ( 'NONE', #355, #1248, #913, .T. ) ;
#458 = FACE_OUTER_BOUND ( 'NONE', #1103, .T. ) ;
#459 = CIRCLE ( 'NONE', #600, 27.25000000000001421 ) ;
#460 = ORIENTED_EDGE ( 'NONE', *, *, #1095, .F. ) ;
#461 = CIRCLE ( 'NONE', #217, 23.99999999999999645 ) ;
#462 = FACE_OUTER_BOUND ( 'NONE', #384, .T. ) ;
#463 = LINE ( 'NONE', #904, #805 ) ;
#464 = CARTESIAN_POINT ( 'NONE',  ( -25.75000000000002487, 0.000000000000000000, -117.3816349035421922 ) ) ;
#465 = EDGE_CURVE ( 'NONE', #1029, #262, #662, .T. ) ;
#466 = EDGE_LOOP ( 'NONE', ( #1311, #649, #163, #818 ) ) ;
#467 = TOROIDAL_SURFACE ( 'NONE', #96, 105.0000000000000000, 23.99999999999999645 ) ;
#468 = VECTOR ( 'NONE', #450, 1000.000000000000000 ) ;
#469 = CARTESIAN_POINT ( 'NONE',  ( -27.25000000000002842, 0.000000000000000000, -155.5000000000000000 ) ) ;
#470 = ADVANCED_FACE ( 'NONE', ( #1384 ), #55, .F. ) ;
#471 = EDGE_CURVE ( 'NONE', #1140, #349, #511, .T. ) ;
#472 = CARTESIAN_POINT ( 'NONE',  ( 27.25000000000004263, 3.337162527676542254E-15, -116.4999999999999858 ) ) ;
#473 = VERTEX_POINT ( 'NONE', #1269 ) ;
#474 = DIRECTION ( 'NONE',  ( 1.000000000000000000, 0.000000000000000000, 1.313966366210280823E-18 ) ) ;
#475 = AXIS2_PLACEMENT_3D ( 'NONE', #1352, #819, #856 ) ;
#476 = AXIS2_PLACEMENT_3D ( 'NONE', #503, #919, #824 ) ;
#477 = CIRCLE ( 'NONE', #1201, 23.99999999999999645 ) ;
#478 = VERTEX_POINT ( 'NONE', #1177 ) ;
#479 = LINE ( 'NONE', #486, #403 ) ;
#480 = VERTEX_POINT ( 'NONE', #94 ) ;
#481 = CIRCLE ( 'NONE', #280, 25.50000000000000000 ) ;
#482 = DIRECTION ( 'NONE',  ( -0.000000000000000000, -1.000000000000000000, -0.000000000000000000 ) ) ;
#483 = COORDINATED_UNIVERSAL_TIME_OFFSET ( 1, 0, .AHEAD. ) ;
#484 = ORIENTED_EDGE ( 'NONE', *, *, #978, .F. ) ;
#485 = DIRECTION ( 'NONE',  ( 1.000000000000000000, 0.000000000000000000, 4.492786435167425800E-18 ) ) ;
#486 = CARTESIAN_POINT ( 'NONE',  ( 27.25000000000000000, 3.337162527676539493E-15, -181.5000000000000568 ) ) ;
#487 = ADVANCED_FACE ( 'NONE', ( #208 ), #467, .F. ) ;
#488 = EDGE_LOOP ( 'NONE', ( #910, #84, #886, #1033 ) ) ;
#489 = EDGE_CURVE ( 'NONE', #508, #22, #637, .T. ) ;
#490 = EDGE_LOOP ( 'NONE', ( #277, #1099, #154, #179 ) ) ;
#491 = CARTESIAN_POINT ( 'NONE',  ( 105.0000000000000000, 0.000000000000000000, 0.000000000000000000 ) ) ;
#492 = AXIS2_PLACEMENT_3D ( 'NONE', #874, #434, #413 ) ;
#493 = LOCAL_TIME ( 0, 3, 30.00000000000000000, #734 ) ;
#494 = DIRECTION ( 'NONE',  ( -1.000000000000000000, 0.000000000000000000, 0.000000000000000000 ) ) ;
#495 = DIRECTION ( 'NONE',  ( 1.000000000000000000, 0.000000000000000000, 0.000000000000000000 ) ) ;
#496 = VERTEX_POINT ( 'NONE', #1159 ) ;
#497 = ORIENTED_EDGE ( 'NONE', *, *, #242, .F. ) ;
#498 = DIRECTION ( 'NONE',  ( -1.000000000000000000, 0.000000000000000000, 0.000000000000000000 ) ) ;
#499 = APPROVAL_ROLE ( '' ) ;
#500 = DIRECTION ( 'NONE',  ( -6.569831831051405078E-19, 0.000000000000000000, 1.000000000000000000 ) ) ;
#501 = ORIENTED_EDGE ( 'NONE', *, *, #973, .F. ) ;
#502 = ORIENTED_EDGE ( 'NONE', *, *, #1152, .F. ) ;
#503 = CARTESIAN_POINT ( 'NONE',  ( 2.384848954671663746E-16, 0.000000000000000000, -155.5000000000000000 ) ) ;
#504 = DATE_TIME_ROLE ( 'creation_date' ) ;
#505 = PRODUCT_DEFINITION ( 'UNKNOWN', '', #1287, #775 ) ;
#506 = CARTESIAN_POINT ( 'NONE',  ( 30.50000000000000000, 0.000000000000000000, -110.8102796124119322 ) ) ;
#507 = DIRECTION ( 'NONE',  ( -1.000000000000000000, 0.000000000000000000, 0.000000000000000000 ) ) ;
#508 = VERTEX_POINT ( 'NONE', #1073 ) ;
#509 = DIRECTION ( 'NONE',  ( 0.000000000000000000, 0.000000000000000000, 1.000000000000000000 ) ) ;
#510 = PERSON_AND_ORGANIZATION ( #1020, #204 ) ;
#511 = CIRCLE ( 'NONE', #577, 25.75000000000001421 ) ;
#512 = PLANE ( 'NONE',  #1263 ) ;
#513 = VERTEX_POINT ( 'NONE', #737 ) ;
#514 = DIRECTION ( 'NONE',  ( -1.000000000000000000, 0.000000000000000000, 0.000000000000000000 ) ) ;
#515 = ORIENTED_EDGE ( 'NONE', *, *, #834, .F. ) ;
#516 = DIRECTION ( 'NONE',  ( -1.000000000000000000, 0.000000000000000000, 0.000000000000000000 ) ) ;
#517 = DIRECTION ( 'NONE',  ( -0.000000000000000000, 0.000000000000000000, -1.000000000000000000 ) ) ;
#518 = AXIS2_PLACEMENT_3D ( 'NONE', #1058, #86, #398 ) ;
#519 = CARTESIAN_POINT ( 'NONE',  ( 9.881526813468387875E-18, 0.000000000000000000, -112.5203803290402647 ) ) ;
#520 = CARTESIAN_POINT ( 'NONE',  ( 2.249999999999992895, 25.65151067676133323, -181.5000000000000000 ) ) ;
#521 = VERTEX_POINT ( 'NONE', #422 ) ;
#522 = CARTESIAN_POINT ( 'NONE',  ( -1.246078118132431552E-14, 0.000000000000000000, -181.5000000000000568 ) ) ;
#523 = CIRCLE ( 'NONE', #414, 5.000000000000004441 ) ;
#524 = AXIS2_PLACEMENT_3D ( 'NONE', #1093, #446, #1011 ) ;
#525 = EDGE_CURVE ( 'NONE', #1218, #7, #109, .T. ) ;
#526 = CARTESIAN_POINT ( 'NONE',  ( 105.0000000000000000, 0.000000000000000000, -23.99999999999999645 ) ) ;
#527 = AXIS2_PLACEMENT_3D ( 'NONE', #1251, #936, #272 ) ;
#528 = FACE_OUTER_BOUND ( 'NONE', #184, .T. ) ;
#529 = CARTESIAN_POINT ( 'NONE',  ( -2.250000000000005773, -25.65151067676132968, -181.5000000000000568 ) ) ;
#530 = APPROVAL ( #1370, 'UNSPECIFIED' ) ;
#531 = ORIENTED_EDGE ( 'NONE', *, *, #255, .T. ) ;
#532 = DIRECTION ( 'NONE',  ( 0.000000000000000000, 0.000000000000000000, -1.000000000000000000 ) ) ;
#533 = ADVANCED_FACE ( 'NONE', ( #417 ), #512, .T. ) ;
#534 = ADVANCED_FACE ( 'NONE', ( #1275 ), #695, .T. ) ;
#535 = DIRECTION ( 'NONE',  ( -6.569831831051405078E-19, 0.000000000000000000, 1.000000000000000000 ) ) ;
#536 = ADVANCED_FACE ( 'NONE', ( #949 ), #307, .T. ) ;
#537 = TOROIDAL_SURFACE ( 'NONE', #1013, 30.50000000000000000, 6.500000000000000888 ) ;
#538 = DIRECTION ( 'NONE',  ( 0.000000000000000000, 0.000000000000000000, -1.000000000000000000 ) ) ;
#539 = FACE_OUTER_BOUND ( 'NONE', #1305, .T. ) ;
#540 = EDGE_LOOP ( 'NONE', ( #342, #837, #70, #99 ) ) ;
#541 = CARTESIAN_POINT ( 'NONE',  ( 105.0000000000000000, 0.000000000000000000, 8.154407379828877519E-16 ) ) ;
#542 = CARTESIAN_POINT ( 'NONE',  ( 7.634511988986658216E-18, 0.000000000000000000, -110.8102796124119322 ) ) ;
#543 = AXIS2_PLACEMENT_3D ( 'NONE', #1018, #500, #595 ) ;
#544 = CARTESIAN_POINT ( 'NONE',  ( 1.402203699746806487E-17, 0.000000000000000000, -115.6715341869138598 ) ) ;
#545 = CARTESIAN_POINT ( 'NONE',  ( -25.65151067676134033, 2.250000000000000000, -155.5000000000000000 ) ) ;
#546 = ADVANCED_FACE ( 'NONE', ( #369 ), #292, .F. ) ;
#547 = ORIENTED_EDGE ( 'NONE', *, *, #33, .T. ) ;
#548 = CARTESIAN_POINT ( 'NONE',  ( 27.25000000000000000, 2.250000000000000000, -181.5000000000000000 ) ) ;
#549 = EDGE_CURVE ( 'NONE', #521, #1244, #1096, .T. ) ;
#550 = CARTESIAN_POINT ( 'NONE',  ( -2.250000000000005773, -27.15695122800055117, -181.5000000000000568 ) ) ;
#551 = CIRCLE ( 'NONE', #1344, 27.25000000000001421 ) ;
#552 = LINE ( 'NONE', #360, #1024 ) ;
#553 = DIRECTION ( 'NONE',  ( 1.000000000000000000, 0.000000000000000000, 4.492786435167425800E-18 ) ) ;
#554 = ORIENTED_EDGE ( 'NONE', *, *, #1168, .F. ) ;
#555 = ORIENTED_EDGE ( 'NONE', *, *, #102, .F. ) ;
#556 = DIRECTION ( 'NONE',  ( -0.000000000000000000, -0.000000000000000000, -1.000000000000000000 ) ) ;
#557 = CARTESIAN_POINT ( 'NONE',  ( 1.578471765876281045E-17, 0.000000000000000000, -117.0130302149884898 ) ) ;
#558 = VECTOR ( 'NONE', #854, 1000.000000000000000 ) ;
#559 = CC_DESIGN_APPROVAL ( #950, ( #380 ) ) ;
#560 = ORIENTED_EDGE ( 'NONE', *, *, #1393, .T. ) ;
#561 = ORIENTED_EDGE ( 'NONE', *, *, #718, .T. ) ;
#562 = DIRECTION ( 'NONE',  ( -0.000000000000000000, -0.000000000000000000, -1.000000000000000000 ) ) ;
#563 = DIRECTION ( 'NONE',  ( -0.000000000000000000, -0.000000000000000000, -1.000000000000000000 ) ) ;
#564 = ORIENTED_EDGE ( 'NONE', *, *, #790, .T. ) ;
#565 = CARTESIAN_POINT ( 'NONE',  ( -6.243608018202100073E-15, 0.000000000000000000, -117.3816349035421922 ) ) ;
#566 = ADVANCED_FACE ( 'NONE', ( #760 ), #48, .F. ) ;
#567 = ORIENTED_EDGE ( 'NONE', *, *, #1054, .F. ) ;
#568 = FACE_OUTER_BOUND ( 'NONE', #608, .T. ) ;
#569 = VERTEX_POINT ( 'NONE', #469 ) ;
#570 = VECTOR ( 'NONE', #1358, 1000.000000000000000 ) ;
#571 = ADVANCED_FACE ( 'NONE', ( #148 ), #870, .F. ) ;
#572 = DIRECTION ( 'NONE',  ( 0.000000000000000000, -1.000000000000000000, 0.000000000000000000 ) ) ;
#573 = CARTESIAN_POINT ( 'NONE',  ( -2.250000000000005773, 25.65151067676132968, -181.5000000000000568 ) ) ;
#574 = FACE_OUTER_BOUND ( 'NONE', #1374, .T. ) ;
#575 = CARTESIAN_POINT ( 'NONE',  ( -30.50000000000000000, 3.735172737399427541E-15, -110.8102796124119322 ) ) ;
#576 = ORIENTED_EDGE ( 'NONE', *, *, #1198, .T. ) ;
#577 = AXIS2_PLACEMENT_3D ( 'NONE', #750, #1172, #1067 ) ;
#578 = LOCAL_TIME ( 0, 3, 30.00000000000000000, #948 ) ;
#579 = CIRCLE ( 'NONE', #294, 23.99999999999999645 ) ;
#580 = LINE ( 'NONE', #257, #158 ) ;
#581 = CARTESIAN_POINT ( 'NONE',  ( 27.25000000000000000, 2.250000000000000000, -155.5000000000000000 ) ) ;
#582 = VERTEX_POINT ( 'NONE', #1231 ) ;
#583 = CARTESIAN_POINT ( 'NONE',  ( 25.65151067676131547, -2.250000000000000000, -181.5000000000000000 ) ) ;
#584 = CARTESIAN_POINT ( 'NONE',  ( -23.99999999999999645, 2.939152317953647500E-15, -181.5000000000000000 ) ) ;
#585 = ORIENTED_EDGE ( 'NONE', *, *, #1079, .T. ) ;
#586 = VERTEX_POINT ( 'NONE', #774 ) ;
#587 = DIRECTION ( 'NONE',  ( -1.000000000000000000, 0.000000000000000000, -4.492786435167428111E-18 ) ) ;
#588 = AXIS2_PLACEMENT_3D ( 'NONE', #624, #215, #1376 ) ;
#589 = AXIS2_PLACEMENT_3D ( 'NONE', #64, #324, #651 ) ;
#590 = CIRCLE ( 'NONE', #1381, 26.94846310392954791 ) ;
#591 = PRODUCT_DEFINITION_SHAPE ( 'NONE', 'NONE',  #505 ) ;
#592 = PERSON_AND_ORGANIZATION ( #1020, #204 ) ;
#593 = CC_DESIGN_PERSON_AND_ORGANIZATION_ASSIGNMENT ( #165, #930, ( #1287 ) ) ;
#594 = ORIENTED_EDGE ( 'NONE', *, *, #679, .T. ) ;
#595 = DIRECTION ( 'NONE',  ( 1.000000000000000000, 0.000000000000000000, 0.000000000000000000 ) ) ;
#596 = LINE ( 'NONE', #584, #748 ) ;
#597 = EDGE_CURVE ( 'NONE', #914, #513, #767, .T. ) ;
#598 = AXIS2_PLACEMENT_3D ( 'NONE', #519, #738, #625 ) ;
#599 = ORIENTED_EDGE ( 'NONE', *, *, #995, .F. ) ;
#600 = AXIS2_PLACEMENT_3D ( 'NONE', #798, #453, #687 ) ;
#601 = ORIENTED_EDGE ( 'NONE', *, *, #1108, .F. ) ;
#602 = CIRCLE ( 'NONE', #176, 27.25000000000001421 ) ;
#603 = DIRECTION ( 'NONE',  ( -1.000000000000000000, 0.000000000000000000, 0.000000000000000000 ) ) ;
#604 = SHAPE_DEFINITION_REPRESENTATION ( #591, #1046 ) ;
#605 = EDGE_CURVE ( 'NONE', #212, #106, #224, .T. ) ;
#606 = DIRECTION ( 'NONE',  ( -1.000000000000000000, 1.224646799147352961E-16, 0.000000000000000000 ) ) ;
#607 = PLANE ( 'NONE',  #1148 ) ;
#608 = EDGE_LOOP ( 'NONE', ( #502, #594, #844, #1279 ) ) ;
#609 = ORIENTED_EDGE ( 'NONE', *, *, #605, .T. ) ;
#610 = CYLINDRICAL_SURFACE ( 'NONE', #1272, 25.50000000000000000 ) ;
#611 = AXIS2_PLACEMENT_3D ( 'NONE', #1195, #130, #1221 ) ;
#612 = CARTESIAN_POINT ( 'NONE',  ( 25.75000000000000000, 3.153465507804435981E-15, -117.3816349035421922 ) ) ;
#613 = ORIENTED_EDGE ( 'NONE', *, *, #790, .F. ) ;
#614 = CC_DESIGN_PERSON_AND_ORGANIZATION_ASSIGNMENT ( #623, #1349, ( #1287 ) ) ;
#615 = ORIENTED_EDGE ( 'NONE', *, *, #679, .F. ) ;
#616 = CARTESIAN_POINT ( 'NONE',  ( 4.814824860968089633E-32, 0.000000000000000000, -104.9999999999999858 ) ) ;
#617 = COORDINATED_UNIVERSAL_TIME_OFFSET ( 1, 0, .AHEAD. ) ;
#618 = CARTESIAN_POINT ( 'NONE',  ( -1.246078118132431552E-14, 0.000000000000000000, -155.5000000000000000 ) ) ;
#619 = ORIENTED_EDGE ( 'NONE', *, *, #1361, .F. ) ;
#620 = ORIENTED_EDGE ( 'NONE', *, *, #1198, .F. ) ;
#621 = DIRECTION ( 'NONE',  ( -1.000000000000000000, 0.000000000000000000, 0.000000000000000000 ) ) ;
#622 = AXIS2_PLACEMENT_3D ( 'NONE', #898, #791, #332 ) ;
#623 = PERSON_AND_ORGANIZATION ( #1020, #204 ) ;
#624 = CARTESIAN_POINT ( 'NONE',  ( -1.246078118132431552E-14, 0.000000000000000000, -117.3816349035421922 ) ) ;
#625 = DIRECTION ( 'NONE',  ( -1.000000000000000000, 0.000000000000000000, 0.000000000000000000 ) ) ;
#626 = CARTESIAN_POINT ( 'NONE',  ( 27.25000000000000000, 2.250000000000000000, -181.5000000000000000 ) ) ;
#627 = EDGE_LOOP ( 'NONE', ( #1189, #1205, #52, #397, #359, #922, #700, #1215, #715, #860, #1196, #871 ) ) ;
#628 = DIRECTION ( 'NONE',  ( 0.000000000000000000, 0.000000000000000000, 1.000000000000000000 ) ) ;
#629 = AXIS2_PLACEMENT_3D ( 'NONE', #1295, #765, #1190 ) ;
#630 = VECTOR ( 'NONE', #389, 1000.000000000000000 ) ;
#631 = CARTESIAN_POINT ( 'NONE',  ( -30.50000000000000000, 3.735172737399427541E-15, -110.8102796124119322 ) ) ;
#632 = LINE ( 'NONE', #1297, #986 ) ;
#633 = CARTESIAN_POINT ( 'NONE',  ( 25.80153689607045209, 3.230005932751143871E-15, -112.5203803290402647 ) ) ;
#634 = ORIENTED_EDGE ( 'NONE', *, *, #1180, .T. ) ;
#635 = FACE_OUTER_BOUND ( 'NONE', #1094, .T. ) ;
#636 = VECTOR ( 'NONE', #1145, 1000.000000000000000 ) ;
#637 = LINE ( 'NONE', #728, #1372 ) ;
#638 = EDGE_CURVE ( 'NONE', #935, #1212, #1191, .T. ) ;
#639 = PLANE ( 'NONE',  #1028 ) ;
#640 = DIRECTION ( 'NONE',  ( -1.000000000000000000, 0.000000000000000000, 0.000000000000000000 ) ) ;
#641 = ADVANCED_FACE ( 'NONE', ( #800 ), #264, .F. ) ;
#642 = ORIENTED_EDGE ( 'NONE', *, *, #399, .T. ) ;
#643 = DIRECTION ( 'NONE',  ( 0.000000000000000000, 0.000000000000000000, 1.000000000000000000 ) ) ;
#644 = EDGE_CURVE ( 'NONE', #852, #691, #580, .T. ) ;
#645 = DIRECTION ( 'NONE',  ( -1.000000000000000000, 0.000000000000000000, 0.000000000000000000 ) ) ;
#646 = AXIS2_PLACEMENT_3D ( 'NONE', #323, #337, #126 ) ;
#647 = ORIENTED_EDGE ( 'NONE', *, *, #102, .T. ) ;
#648 = DIRECTION ( 'NONE',  ( 0.000000000000000000, -1.000000000000000000, 0.000000000000000000 ) ) ;
#649 = ORIENTED_EDGE ( 'NONE', *, *, #731, .F. ) ;
#650 = CARTESIAN_POINT ( 'NONE',  ( -1.246078118132431552E-14, 0.000000000000000000, -181.5000000000000000 ) ) ;
#651 = DIRECTION ( 'NONE',  ( 1.000000000000000000, 0.000000000000000000, 0.000000000000000000 ) ) ;
#652 = ADVANCED_FACE ( 'NONE', ( #1296 ), #1022, .T. ) ;
#653 = AXIS2_PLACEMENT_3D ( 'NONE', #1308, #668, #908 ) ;
#654 = LOCAL_TIME ( 0, 3, 30.00000000000000000, #483 ) ;
#655 = CIRCLE ( 'NONE', #1214, 27.25000000000001421 ) ;
#656 = LINE ( 'NONE', #1309, #780 ) ;
#657 = LINE ( 'NONE', #529, #1169 ) ;
#658 = ORIENTED_EDGE ( 'NONE', *, *, #38, .F. ) ;
#659 = CARTESIAN_POINT ( 'NONE',  ( -25.53892417275067928, 0.000000000000000000, -116.1845644019023638 ) ) ;
#660 = ADVANCED_FACE ( 'NONE', ( #53 ), #164, .F. ) ;
#661 = DIRECTION ( 'NONE',  ( -0.000000000000000000, 0.000000000000000000, -1.000000000000000000 ) ) ;
#662 = CIRCLE ( 'NONE', #588, 27.25000000000001421 ) ;
#663 = CARTESIAN_POINT ( 'NONE',  ( 2.249999999999992895, 27.25000000000001421, -181.5000000000000000 ) ) ;
#664 = AXIS2_PLACEMENT_3D ( 'NONE', #616, #1240, #1267 ) ;
#665 = DIRECTION ( 'NONE',  ( -1.000000000000000000, 0.000000000000000000, 0.000000000000000000 ) ) ;
#666 = ORIENTED_EDGE ( 'NONE', *, *, #1041, .T. ) ;
#667 = CARTESIAN_POINT ( 'NONE',  ( 4.814824860968089633E-32, 0.000000000000000000, -104.9999999999999858 ) ) ;
#668 = DIRECTION ( 'NONE',  ( 1.313966366210280823E-18, 0.000000000000000000, -1.000000000000000000 ) ) ;
#669 = AXIS2_PLACEMENT_3D ( 'NONE', #98, #206, #514 ) ;
#670 = DIRECTION ( 'NONE',  ( -0.000000000000000000, -1.000000000000000000, -0.000000000000000000 ) ) ;
#671 = DIRECTION ( 'NONE',  ( 0.3420201433256668255, 4.188538737676968346E-17, -0.9396926207859090940 ) ) ;
#672 = ORIENTED_EDGE ( 'NONE', *, *, #350, .T. ) ;
#673 = EDGE_CURVE ( 'NONE', #696, #106, #344, .T. ) ;
#674 = CARTESIAN_POINT ( 'NONE',  ( 25.75000000000000000, 3.153465507804435981E-15, -155.5000000000000000 ) ) ;
#675 = DIRECTION ( 'NONE',  ( 0.000000000000000000, -0.000000000000000000, -1.000000000000000000 ) ) ;
#676 = AXIS2_PLACEMENT_3D ( 'NONE', #667, #213, #866 ) ;
#677 = CIRCLE ( 'NONE', #1085, 27.25000000000001421 ) ;
#678 = ORIENTED_EDGE ( 'NONE', *, *, #956, .F. ) ;
#679 = EDGE_CURVE ( 'NONE', #1274, #1173, #1380, .T. ) ;
#680 = VERTEX_POINT ( 'NONE', #1301 ) ;
#681 = CARTESIAN_POINT ( 'NONE',  ( -27.15695122800056538, 2.249999999999999112, -181.5000000000000568 ) ) ;
#682 = CARTESIAN_POINT ( 'NONE',  ( 25.65151067676131547, 2.249999999999999112, -155.5000000000000000 ) ) ;
#683 = ORIENTED_EDGE ( 'NONE', *, *, #465, .F. ) ;
#684 = EDGE_CURVE ( 'NONE', #1029, #496, #708, .T. ) ;
#685 = EDGE_LOOP ( 'NONE', ( #925, #374, #119, #620 ) ) ;
#686 = LINE ( 'NONE', #1036, #636 ) ;
#687 = DIRECTION ( 'NONE',  ( -1.000000000000000000, 0.000000000000000000, 0.000000000000000000 ) ) ;
#688 = ORIENTED_EDGE ( 'NONE', *, *, #299, .T. ) ;
#689 = DIRECTION ( 'NONE',  ( 1.000000000000000000, 0.000000000000000000, 4.492786435167425800E-18 ) ) ;
#690 = CARTESIAN_POINT ( 'NONE',  ( 2.249999999999992006, -25.65151067676132968, -181.5000000000000568 ) ) ;
#691 = VERTEX_POINT ( 'NONE', #331 ) ;
#692 = FACE_OUTER_BOUND ( 'NONE', #318, .T. ) ;
#693 = CARTESIAN_POINT ( 'NONE',  ( 1.511061321141829263E-17, 0.000000000000000000, -116.4999999999999858 ) ) ;
#694 = ORIENTED_EDGE ( 'NONE', *, *, #227, .F. ) ;
#695 = TOROIDAL_SURFACE ( 'NONE', #905, 22.25000000000000711, 5.000000000000000000 ) ;
#696 = VERTEX_POINT ( 'NONE', #766 ) ;
#697 = CARTESIAN_POINT ( 'NONE',  ( 25.65151067676131547, 2.249999999999999112, -181.5000000000000568 ) ) ;
#698 = PRODUCT_RELATED_PRODUCT_CATEGORY ( 'detail', '', ( #812 ) ) ;
#699 = APPROVAL_ROLE ( '' ) ;
#700 = ORIENTED_EDGE ( 'NONE', *, *, #901, .T. ) ;
#701 = DIRECTION ( 'NONE',  ( 0.000000000000000000, 0.000000000000000000, -1.000000000000000000 ) ) ;
#702 = DIRECTION ( 'NONE',  ( 0.000000000000000000, 0.000000000000000000, -1.000000000000000000 ) ) ;
#703 = ORIENTED_EDGE ( 'NONE', *, *, #638, .F. ) ;
#704 = TOROIDAL_SURFACE ( 'NONE', #103, 105.0000000000000000, 25.50000000000000000 ) ;
#705 = EDGE_CURVE ( 'NONE', #1234, #480, #228, .T. ) ;
#706 = ORIENTED_EDGE ( 'NONE', *, *, #966, .F. ) ;
#707 = CARTESIAN_POINT ( 'NONE',  ( -1.246078118132431552E-14, 0.000000000000000000, -155.5000000000000000 ) ) ;
#708 = CIRCLE ( 'NONE', #57, 5.000000000000000888 ) ;
#709 = PERSON_AND_ORGANIZATION ( #1020, #204 ) ;
#710 = ORIENTED_EDGE ( 'NONE', *, *, #997, .F. ) ;
#711 = CYLINDRICAL_SURFACE ( 'NONE', #1021, 25.50000000000000000 ) ;
#712 = CARTESIAN_POINT ( 'NONE',  ( -1.246078118132431552E-14, 0.000000000000000000, -155.5000000000000000 ) ) ;
#713 = ORIENTED_EDGE ( 'NONE', *, *, #525, .T. ) ;
#714 = AXIS2_PLACEMENT_3D ( 'NONE', #1204, #347, #51 ) ;
#715 = ORIENTED_EDGE ( 'NONE', *, *, #788, .T. ) ;
#716 = AXIS2_PLACEMENT_3D ( 'NONE', #650, #879, #1286 ) ;
#717 = CARTESIAN_POINT ( 'NONE',  ( -1.246078118132431552E-14, 0.000000000000000000, -155.5000000000000000 ) ) ;
#718 = EDGE_CURVE ( 'NONE', #914, #1218, #955, .T. ) ;
#719 = CALENDAR_DATE ( 2026, 16, 9 ) ;
#720 = DIRECTION ( 'NONE',  ( -1.000000000000000000, 0.000000000000000000, 0.000000000000000000 ) ) ;
#721 = CARTESIAN_POINT ( 'NONE',  ( 25.65151067676131547, -2.250000000000000000, -155.5000000000000000 ) ) ;
#722 = ORIENTED_EDGE ( 'NONE', *, *, #290, .F. ) ;
#723 = ORIENTED_EDGE ( 'NONE', *, *, #445, .F. ) ;
#724 = LINE ( 'NONE', #740, #1313 ) ;
#725 = TOROIDAL_SURFACE ( 'NONE', #815, 22.25000000000000711, 3.500000000000000000 ) ;
#726 = CALENDAR_DATE ( 2026, 16, 9 ) ;
#727 = EDGE_CURVE ( 'NONE', #349, #138, #724, .T. ) ;
#728 = CARTESIAN_POINT ( 'NONE',  ( 27.25000000000000000, -2.250000000000000000, -181.5000000000000000 ) ) ;
#729 = ORIENTED_EDGE ( 'NONE', *, *, #597, .F. ) ;
#730 = ADVANCED_FACE ( 'NONE', ( #194 ), #181, .F. ) ;
#731 = EDGE_CURVE ( 'NONE', #286, #480, #1051, .T. ) ;
#732 = ORIENTED_EDGE ( 'NONE', *, *, #1084, .T. ) ;
#733 = CYLINDRICAL_SURFACE ( 'NONE', #1256, 25.50000000000000000 ) ;
#734 = COORDINATED_UNIVERSAL_TIME_OFFSET ( 1, 0, .AHEAD. ) ;
#735 = AXIS2_PLACEMENT_3D ( 'NONE', #402, #6, #89 ) ;
#736 = CIRCLE ( 'NONE', #302, 23.99999999999999645 ) ;
#737 = CARTESIAN_POINT ( 'NONE',  ( -23.99999999999999645, 2.939152317953647500E-15, -104.9999999999999858 ) ) ;
#738 = DIRECTION ( 'NONE',  ( 1.313966366210281016E-18, -0.000000000000000000, -1.000000000000000000 ) ) ;
#739 = ORIENTED_EDGE ( 'NONE', *, *, #415, .T. ) ;
#740 = CARTESIAN_POINT ( 'NONE',  ( 25.75000000000000000, 3.153465507804435981E-15, -181.5000000000000568 ) ) ;
#741 = CARTESIAN_POINT ( 'NONE',  ( 27.25000000000000000, 2.250000000000000000, -155.5000000000000000 ) ) ;
#742 = VERTEX_POINT ( 'NONE', #1259 ) ;
#743 = CARTESIAN_POINT ( 'NONE',  ( 25.65151067676131547, -2.249999999999999112, -181.5000000000000568 ) ) ;
#744 = ORIENTED_EDGE ( 'NONE', *, *, #1222, .F. ) ;
#745 = DIRECTION ( 'NONE',  ( 0.000000000000000000, 0.000000000000000000, -1.000000000000000000 ) ) ;
#746 = APPROVAL ( #394, 'UNSPECIFIED' ) ;
#747 = VECTOR ( 'NONE', #968, 1000.000000000000000 ) ;
#748 = VECTOR ( 'NONE', #924, 1000.000000000000000 ) ;
#749 = EDGE_CURVE ( 'NONE', #691, #7, #736, .T. ) ;
#750 = CARTESIAN_POINT ( 'NONE',  ( -1.246078118132431552E-14, 0.000000000000000000, -117.3816349035421922 ) ) ;
#751 = FACE_BOUND ( 'NONE', #296, .T. ) ;
#752 = LINE ( 'NONE', #361, #962 ) ;
#753 = EDGE_LOOP ( 'NONE', ( #615, #967, #729, #1154 ) ) ;
#754 = DIRECTION ( 'NONE',  ( -1.000000000000000000, 0.000000000000000000, 0.000000000000000000 ) ) ;
#755 = DIRECTION ( 'NONE',  ( 0.000000000000000000, 0.000000000000000000, 1.000000000000000000 ) ) ;
#756 = ORIENTED_EDGE ( 'NONE', *, *, #937, .F. ) ;
#757 = CARTESIAN_POINT ( 'NONE',  ( 2.249999999999992895, 27.25000000000001421, -155.5000000000000000 ) ) ;
#758 = EDGE_LOOP ( 'NONE', ( #807, #1123, #268, #30 ) ) ;
#759 = CYLINDRICAL_SURFACE ( 'NONE', #1063, 25.75000000000001421 ) ;
#760 = FACE_OUTER_BOUND ( 'NONE', #488, .T. ) ;
#761 = DIRECTION ( 'NONE',  ( -4.492786435167428111E-18, 0.000000000000000000, 1.000000000000000000 ) ) ;
#762 = ADVANCED_FACE ( 'NONE', ( #1065 ), #610, .T. ) ;
#763 = DIRECTION ( 'NONE',  ( 1.313966366210281016E-18, -0.000000000000000000, -1.000000000000000000 ) ) ;
#764 = ORIENTED_EDGE ( 'NONE', *, *, #44, .F. ) ;
#765 = DIRECTION ( 'NONE',  ( 0.000000000000000000, 0.000000000000000000, -1.000000000000000000 ) ) ;
#766 = CARTESIAN_POINT ( 'NONE',  ( 105.0000000000000000, 0.000000000000000000, -25.50000000000000000 ) ) ;
#767 = CIRCLE ( 'NONE', #653, 23.99999999999999645 ) ;
#768 = VECTOR ( 'NONE', #61, 1000.000000000000000 ) ;
#769 = CARTESIAN_POINT ( 'NONE',  ( 27.15695122800053696, 2.249999999999999112, -181.5000000000000568 ) ) ;
#770 = CARTESIAN_POINT ( 'NONE',  ( -6.243608018202100073E-15, 0.000000000000000000, -117.3816349035421922 ) ) ;
#771 = EDGE_LOOP ( 'NONE', ( #896, #1363, #3, #249 ) ) ;
#772 = CARTESIAN_POINT ( 'NONE',  ( 1.469614144481258578E-17, 0.000000000000000000, -116.1845644019023638 ) ) ;
#773 = ADVANCED_FACE ( 'NONE', ( #817 ), #92, .T. ) ;
#774 = CARTESIAN_POINT ( 'NONE',  ( 2.249999999999992895, 27.15695122800055117, -155.5000000000000000 ) ) ;
#775 = DESIGN_CONTEXT ( 'detailed design', #1043, 'design' ) ;
#776 = AXIS2_PLACEMENT_3D ( 'NONE', #631, #429, #972 ) ;
#777 = CARTESIAN_POINT ( 'NONE',  ( -25.50000000000000000, 3.122849337825750222E-15, -104.9999999999999858 ) ) ;
#778 = AXIS2_PLACEMENT_3D ( 'NONE', #542, #1091, #474 ) ;
#779 = LINE ( 'NONE', #251, #423 ) ;
#780 = VECTOR ( 'NONE', #562, 1000.000000000000000 ) ;
#781 = ORIENTED_EDGE ( 'NONE', *, *, #933, .T. ) ;
#782 = CIRCLE ( 'NONE', #346, 25.75000000000001421 ) ;
#783 = AXIS2_PLACEMENT_3D ( 'NONE', #354, #999, #675 ) ;
#784 = CYLINDRICAL_SURFACE ( 'NONE', #847, 23.99999999999999645 ) ;
#785 = CARTESIAN_POINT ( 'NONE',  ( 2.249999999999992895, -27.15695122800055117, -181.5000000000000000 ) ) ;
#786 = ORIENTED_EDGE ( 'NONE', *, *, #787, .F. ) ;
#787 = EDGE_CURVE ( 'NONE', #945, #212, #846, .T. ) ;
#788 = EDGE_CURVE ( 'NONE', #286, #508, #234, .T. ) ;
#789 = VERTEX_POINT ( 'NONE', #297 ) ;
#790 = EDGE_CURVE ( 'NONE', #582, #586, #1184, .T. ) ;
#791 = DIRECTION ( 'NONE',  ( 0.000000000000000000, 1.000000000000000000, 0.000000000000000000 ) ) ;
#792 = FACE_OUTER_BOUND ( 'NONE', #490, .T. ) ;
#793 = CONICAL_SURFACE ( 'NONE', #1329, 27.25000000000004263, 0.3490658503988638972 ) ;
#794 = ORIENTED_EDGE ( 'NONE', *, *, #749, .F. ) ;
#795 = ADVANCED_FACE ( 'NONE', ( #72 ), #733, .T. ) ;
#796 = ORIENTED_EDGE ( 'NONE', *, *, #189, .T. ) ;
#797 = DIRECTION ( 'NONE',  ( -0.3420201433256668255, 0.000000000000000000, -0.9396926207859090940 ) ) ;
#798 = CARTESIAN_POINT ( 'NONE',  ( -1.246078118132431552E-14, 0.000000000000000000, -181.5000000000000000 ) ) ;
#799 = EDGE_LOOP ( 'NONE', ( #900, #185, #135, #710 ) ) ;
#800 = FACE_OUTER_BOUND ( 'NONE', #68, .T. ) ;
#801 = DIRECTION ( 'NONE',  ( -6.569831831051405078E-19, 0.000000000000000000, 1.000000000000000000 ) ) ;
#802 = ORIENTED_EDGE ( 'NONE', *, *, #116, .F. ) ;
#803 = DIRECTION ( 'NONE',  ( -1.000000000000000000, 0.000000000000000000, 0.000000000000000000 ) ) ;
#804 = LINE ( 'NONE', #383, #927 ) ;
#805 = VECTOR ( 'NONE', #556, 1000.000000000000000 ) ;
#806 = EDGE_CURVE ( 'NONE', #1014, #990, #393, .T. ) ;
#807 = ORIENTED_EDGE ( 'NONE', *, *, #1168, .T. ) ;
#808 = CARTESIAN_POINT ( 'NONE',  ( 1.578471765876281045E-17, 0.000000000000000000, -117.0130302149884898 ) ) ;
#809 = DATE_AND_TIME ( #719, #578 ) ;
#810 = ORIENTED_EDGE ( 'NONE', *, *, #44, .T. ) ;
#811 = DIRECTION ( 'NONE',  ( -1.000000000000000000, 0.000000000000000000, 0.000000000000000000 ) ) ;
#812 = PRODUCT ( '79-8446 - 51mm 90deg', '79-8446 - 51mm 90deg', '', ( #825 ) ) ;
#813 = CARTESIAN_POINT ( 'NONE',  ( -2.250000000000006661, 25.65151067676133323, -155.5000000000000000 ) ) ;
#814 = ORIENTED_EDGE ( 'NONE', *, *, #1355, .T. ) ;
#815 = AXIS2_PLACEMENT_3D ( 'NONE', #565, #801, #1107 ) ;
#816 = ORIENTED_EDGE ( 'NONE', *, *, #290, .T. ) ;
#817 = FACE_OUTER_BOUND ( 'NONE', #1348, .T. ) ;
#818 = ORIENTED_EDGE ( 'NONE', *, *, #1260, .T. ) ;
#819 = DIRECTION ( 'NONE',  ( -1.000000000000000000, 0.000000000000000000, -4.492786435167428111E-18 ) ) ;
#820 = CARTESIAN_POINT ( 'NONE',  ( 7.634511988986664379E-18, 0.000000000000000000, -110.8102796124119322 ) ) ;
#821 = ORIENTED_EDGE ( 'NONE', *, *, #445, .T. ) ;
#822 = VECTOR ( 'NONE', #1245, 1000.000000000000000 ) ;
#823 = ORIENTED_EDGE ( 'NONE', *, *, #829, .T. ) ;
#824 = DIRECTION ( 'NONE',  ( -1.000000000000000000, 0.000000000000000000, 0.000000000000000000 ) ) ;
#825 = MECHANICAL_CONTEXT ( 'NONE', #1070, 'mechanical' ) ;
#826 = CARTESIAN_POINT ( 'NONE',  ( -1.246078118132431552E-14, 0.000000000000000000, -181.5000000000000568 ) ) ;
#827 = DIRECTION ( 'NONE',  ( -1.000000000000000000, 0.000000000000000000, 0.000000000000000000 ) ) ;
#828 = ORIENTED_EDGE ( 'NONE', *, *, #684, .T. ) ;
#829 = EDGE_CURVE ( 'NONE', #162, #1131, #602, .T. ) ;
#830 = ORIENTED_EDGE ( 'NONE', *, *, #731, .T. ) ;
#831 = AXIS2_PLACEMENT_3D ( 'NONE', #707, #173, #603 ) ;
#832 = CARTESIAN_POINT ( 'NONE',  ( 27.25000000000000000, 2.250000000000000000, -155.5000000000000000 ) ) ;
#833 = APPLICATION_PROTOCOL_DEFINITION ( 'international standard', 'config_control_design', 1994, #1043 ) ;
#834 = EDGE_CURVE ( 'NONE', #1341, #582, #942, .T. ) ;
#835 = PLANE ( 'NONE',  #31 ) ;
#836 = ORIENTED_EDGE ( 'NONE', *, *, #966, .T. ) ;
#837 = ORIENTED_EDGE ( 'NONE', *, *, #1152, .T. ) ;
#838 = CARTESIAN_POINT ( 'NONE',  ( 181.5000000000000000, 0.000000000000000000, 3.436981622903080799E-16 ) ) ;
#839 = AXIS2_PLACEMENT_3D ( 'NONE', #808, #1202, #47 ) ;
#840 = AXIS2_PLACEMENT_3D ( 'NONE', #54, #1342, #32 ) ;
#841 = CALENDAR_DATE ( 2026, 16, 9 ) ;
#842 = DIRECTION ( 'NONE',  ( -6.569831831051405078E-19, 0.000000000000000000, 1.000000000000000000 ) ) ;
#843 = PLANE ( 'NONE',  #368 ) ;
#844 = ORIENTED_EDGE ( 'NONE', *, *, #424, .T. ) ;
#845 = CIRCLE ( 'NONE', #1090, 24.39199796489159056 ) ;
#846 = CIRCLE ( 'NONE', #664, 25.50000000000000000 ) ;
#847 = AXIS2_PLACEMENT_3D ( 'NONE', #1322, #890, #250 ) ;
#848 = DIRECTION ( 'NONE',  ( 1.000000000000000000, 0.000000000000000000, 6.569831831051405078E-19 ) ) ;
#849 = FACE_OUTER_BOUND ( 'NONE', #918, .T. ) ;
#850 = LINE ( 'NONE', #743, #1276 ) ;
#851 = CC_DESIGN_PERSON_AND_ORGANIZATION_ASSIGNMENT ( #943, #1133, ( #812 ) ) ;
#852 = VERTEX_POINT ( 'NONE', #1044 ) ;
#853 = AXIS2_PLACEMENT_3D ( 'NONE', #1298, #952, #1378 ) ;
#854 = DIRECTION ( 'NONE',  ( -1.000000000000000000, 0.000000000000000000, 0.000000000000000000 ) ) ;
#855 = EDGE_CURVE ( 'NONE', #852, #1218, #461, .T. ) ;
#856 = DIRECTION ( 'NONE',  ( 0.000000000000000000, 0.000000000000000000, 1.000000000000000000 ) ) ;
#857 = ORIENTED_EDGE ( 'NONE', *, *, #973, .T. ) ;
#858 = DIRECTION ( 'NONE',  ( -1.000000000000000000, 0.000000000000000000, 0.000000000000000000 ) ) ;
#859 = ADVANCED_FACE ( 'NONE', ( #407 ), #186, .T. ) ;
#860 = ORIENTED_EDGE ( 'NONE', *, *, #350, .F. ) ;
#861 = DIRECTION ( 'NONE',  ( 1.000000000000000000, 0.000000000000000000, 4.492786435167425800E-18 ) ) ;
#862 = AXIS2_PLACEMENT_3D ( 'NONE', #1179, #648, #211 ) ;
#863 = LOCAL_TIME ( 0, 3, 30.00000000000000000, #1027 ) ;
#864 = DIRECTION ( 'NONE',  ( 1.000000000000000000, 0.000000000000000000, 4.492786435167425800E-18 ) ) ;
#865 = CARTESIAN_POINT ( 'NONE',  ( -1.246078118132431552E-14, 0.000000000000000000, -155.5000000000000000 ) ) ;
#866 = DIRECTION ( 'NONE',  ( 1.000000000000000000, 0.000000000000000000, 0.000000000000000000 ) ) ;
#867 = ADVANCED_FACE ( 'NONE', ( #312 ), #282, .F. ) ;
#868 = EDGE_LOOP ( 'NONE', ( #1339, #816, #647, #1157 ) ) ;
#869 = LINE ( 'NONE', #1300, #558 ) ;
#870 = PLANE ( 'NONE',  #334 ) ;
#871 = ORIENTED_EDGE ( 'NONE', *, *, #142, .F. ) ;
#872 = DIRECTION ( 'NONE',  ( 0.000000000000000000, 0.000000000000000000, 1.000000000000000000 ) ) ;
#873 = VERTEX_POINT ( 'NONE', #330 ) ;
#874 = CARTESIAN_POINT ( 'NONE',  ( -1.246078118132431552E-14, 0.000000000000000000, -181.5000000000000000 ) ) ;
#875 = CARTESIAN_POINT ( 'NONE',  ( 105.0000000000000000, 0.000000000000000000, 8.154407379828877519E-16 ) ) ;
#876 = CYLINDRICAL_SURFACE ( 'NONE', #1312, 25.75000000000001421 ) ;
#877 = DIRECTION ( 'NONE',  ( -0.000000000000000000, -0.000000000000000000, -1.000000000000000000 ) ) ;
#878 = ORIENTED_EDGE ( 'NONE', *, *, #855, .T. ) ;
#879 = DIRECTION ( 'NONE',  ( 1.313966366210283134E-18, 0.000000000000000000, -1.000000000000000000 ) ) ;
#880 = VECTOR ( 'NONE', #111, 1000.000000000000000 ) ;
#881 = DIRECTION ( 'NONE',  ( 0.000000000000000000, -0.000000000000000000, -1.000000000000000000 ) ) ;
#882 = AXIS2_PLACEMENT_3D ( 'NONE', #50, #1254, #276 ) ;
#883 = AXIS2_PLACEMENT_3D ( 'NONE', #1193, #981, #155 ) ;
#884 = LINE ( 'NONE', #681, #59 ) ;
#885 = CARTESIAN_POINT ( 'NONE',  ( -27.15695122800057248, 2.250000000000000000, -181.5000000000000000 ) ) ;
#886 = ORIENTED_EDGE ( 'NONE', *, *, #933, .F. ) ;
#887 = CARTESIAN_POINT ( 'NONE',  ( -25.75000000000002487, 0.000000000000000000, -155.5000000000000000 ) ) ;
#888 = AXIS2_PLACEMENT_3D ( 'NONE', #129, #20, #452 ) ;
#889 = EDGE_LOOP ( 'NONE', ( #455, #941, #732, #996 ) ) ;
#890 = DIRECTION ( 'NONE',  ( 1.000000000000000000, 0.000000000000000000, 4.492786435167425800E-18 ) ) ;
#891 = DIRECTION ( 'NONE',  ( -0.000000000000000000, -1.000000000000000000, -0.000000000000000000 ) ) ;
#892 = ORIENTED_EDGE ( 'NONE', *, *, #829, .F. ) ;
#893 = ADVANCED_FACE ( 'NONE', ( #635 ), #421, .T. ) ;
#894 =( NAMED_UNIT ( * ) SI_UNIT ( $, .STERADIAN. ) SOLID_ANGLE_UNIT ( ) );
#895 = CIRCLE ( 'NONE', #853, 5.000000000000004441 ) ;
#896 = ORIENTED_EDGE ( 'NONE', *, *, #1206, .T. ) ;
#897 = AXIS2_PLACEMENT_3D ( 'NONE', #772, #319, #1081 ) ;
#898 = CARTESIAN_POINT ( 'NONE',  ( 105.0000000000000000, 0.000000000000000000, -105.0000000000000000 ) ) ;
#899 = CARTESIAN_POINT ( 'NONE',  ( 1.005184270150865523E-16, 0.000000000000000000, -181.5000000000000000 ) ) ;
#900 = ORIENTED_EDGE ( 'NONE', *, *, #1328, .F. ) ;
#901 = EDGE_CURVE ( 'NONE', #742, #385, #1139, .T. ) ;
#902 =( LENGTH_UNIT ( ) NAMED_UNIT ( * ) SI_UNIT ( .MILLI., .METRE. ) );
#903 = VERTEX_POINT ( 'NONE', #659 ) ;
#904 = CARTESIAN_POINT ( 'NONE',  ( -25.65151067676134389, 2.249999999999999112, -181.5000000000000568 ) ) ;
#905 = AXIS2_PLACEMENT_3D ( 'NONE', #320, #535, #848 ) ;
#906 = AXIS2_PLACEMENT_3D ( 'NONE', #1211, #553, #989 ) ;
#907 = ORIENTED_EDGE ( 'NONE', *, *, #1060, .F. ) ;
#908 = DIRECTION ( 'NONE',  ( 1.000000000000000000, 0.000000000000000000, 0.000000000000000000 ) ) ;
#909 = EDGE_CURVE ( 'NONE', #106, #10, #4, .T. ) ;
#910 = ORIENTED_EDGE ( 'NONE', *, *, #388, .F. ) ;
#911 = LINE ( 'NONE', #1119, #822 ) ;
#912 = CARTESIAN_POINT ( 'NONE',  ( -23.99999999999999645, 2.939152317953647500E-15, -110.8102796124119322 ) ) ;
#913 = CIRCLE ( 'NONE', #301, 25.75000000000001421 ) ;
#914 = VERTEX_POINT ( 'NONE', #11 ) ;
#915 = DIRECTION ( 'NONE',  ( 1.000000000000000000, 0.000000000000000000, 0.000000000000000000 ) ) ;
#916 = EDGE_LOOP ( 'NONE', ( #63, #1264, #892, #288, #1000, #531, #613, #515, #744, #961, #1074, #802 ) ) ;
#917 = DIRECTION ( 'NONE',  ( 0.3420201433256668255, 4.188538737676968346E-17, -0.9396926207859090940 ) ) ;
#918 = EDGE_LOOP ( 'NONE', ( #688, #1357, #1257, #218, #484, #329 ) ) ;
#919 = DIRECTION ( 'NONE',  ( 0.000000000000000000, 0.000000000000000000, -1.000000000000000000 ) ) ;
#920 = DATE_AND_TIME ( #188, #493 ) ;
#921 = EDGE_CURVE ( 'NONE', #1130, #521, #1320, .T. ) ;
#922 = ORIENTED_EDGE ( 'NONE', *, *, #1347, .F. ) ;
#923 = CARTESIAN_POINT ( 'NONE',  ( -1.246078118132431552E-14, 0.000000000000000000, -155.5000000000000000 ) ) ;
#924 = DIRECTION ( 'NONE',  ( -1.313966366210280823E-18, -0.000000000000000000, 1.000000000000000000 ) ) ;
#925 = ORIENTED_EDGE ( 'NONE', *, *, #834, .T. ) ;
#926 = AXIS2_PLACEMENT_3D ( 'NONE', #541, #970, #428 ) ;
#927 = VECTOR ( 'NONE', #372, 1000.000000000000000 ) ;
#928 = ORIENTED_EDGE ( 'NONE', *, *, #705, .F. ) ;
#929 = DIRECTION ( 'NONE',  ( 0.000000000000000000, 0.000000000000000000, -1.000000000000000000 ) ) ;
#930 = PERSON_AND_ORGANIZATION_ROLE ( 'design_supplier' ) ;
#931 = CARTESIAN_POINT ( 'NONE',  ( -22.25000000000001421, 2.724839128102861780E-15, -117.3816349035421922 ) ) ;
#932 = CARTESIAN_POINT ( 'NONE',  ( 1.005184270150865523E-16, 0.000000000000000000, -181.5000000000000000 ) ) ;
#933 = EDGE_CURVE ( 'NONE', #903, #680, #112, .T. ) ;
#934 = ORIENTED_EDGE ( 'NONE', *, *, #1293, .T. ) ;
#935 = VERTEX_POINT ( 'NONE', #18 ) ;
#936 = DIRECTION ( 'NONE',  ( 1.313966366210283134E-18, 0.000000000000000000, -1.000000000000000000 ) ) ;
#937 = EDGE_CURVE ( 'NONE', #1130, #1250, #441, .T. ) ;
#938 = CARTESIAN_POINT ( 'NONE',  ( 105.0000000000000000, 0.000000000000000000, -25.50000000000000000 ) ) ;
#939 = CARTESIAN_POINT ( 'NONE',  ( -2.250000000000006661, 27.25000000000001421, -155.5000000000000000 ) ) ;
#940 = ADVANCED_FACE ( 'NONE', ( #963 ), #1072, .T. ) ;
#941 = ORIENTED_EDGE ( 'NONE', *, *, #241, .F. ) ;
#942 = LINE ( 'NONE', #289, #1389 ) ;
#943 = PERSON_AND_ORGANIZATION ( #1020, #204 ) ;
#944 = DIRECTION ( 'NONE',  ( -0.000000000000000000, -1.000000000000000000, -0.000000000000000000 ) ) ;
#945 = VERTEX_POINT ( 'NONE', #120 ) ;
#946 = AXIS2_PLACEMENT_3D ( 'NONE', #741, #1224, #881 ) ;
#947 =( GEOMETRIC_REPRESENTATION_CONTEXT ( 3 ) GLOBAL_UNCERTAINTY_ASSIGNED_CONTEXT ( ( #26 ) ) GLOBAL_UNIT_ASSIGNED_CONTEXT ( ( #902, #1219, #894 ) ) REPRESENTATION_CONTEXT ( 'NONE', 'WORKASPACE' ) );
#948 = COORDINATED_UNIVERSAL_TIME_OFFSET ( 1, 0, .AHEAD. ) ;
#949 = FACE_OUTER_BOUND ( 'NONE', #1317, .T. ) ;
#950 = APPROVAL ( #66, 'UNSPECIFIED' ) ;
#951 = ORIENTED_EDGE ( 'NONE', *, *, #73, .F. ) ;
#952 = DIRECTION ( 'NONE',  ( 0.000000000000000000, -1.000000000000000000, 0.000000000000000000 ) ) ;
#953 = ORIENTED_EDGE ( 'NONE', *, *, #12, .F. ) ;
#954 = CARTESIAN_POINT ( 'NONE',  ( 7.634511988986658216E-18, 0.000000000000000000, -110.8102796124119322 ) ) ;
#955 = CIRCLE ( 'NONE', #167, 81.00000000000000000 ) ;
#956 = EDGE_CURVE ( 'NONE', #106, #696, #202, .T. ) ;
#957 = DIRECTION ( 'NONE',  ( 0.000000000000000000, -1.000000000000000000, 0.000000000000000000 ) ) ;
#958 = CARTESIAN_POINT ( 'NONE',  ( 22.25000000000000000, 0.000000000000000000, -117.3816349035421922 ) ) ;
#959 = DIRECTION ( 'NONE',  ( 1.313966366210283134E-18, 0.000000000000000000, -1.000000000000000000 ) ) ;
#960 = AXIS2_PLACEMENT_3D ( 'NONE', #425, #1061, #316 ) ;
#961 = ORIENTED_EDGE ( 'NONE', *, *, #156, .F. ) ;
#962 = VECTOR ( 'NONE', #665, 1000.000000000000000 ) ;
#963 = FACE_OUTER_BOUND ( 'NONE', #1285, .T. ) ;
#964 = AXIS2_PLACEMENT_3D ( 'NONE', #954, #977, #100 ) ;
#965 = CARTESIAN_POINT ( 'NONE',  ( -6.243608018202100073E-15, 0.000000000000000000, -117.3816349035421922 ) ) ;
#966 = EDGE_CURVE ( 'NONE', #1321, #1038, #447, .T. ) ;
#967 = ORIENTED_EDGE ( 'NONE', *, *, #1328, .T. ) ;
#968 = DIRECTION ( 'NONE',  ( -1.313966366210280823E-18, -0.000000000000000000, 1.000000000000000000 ) ) ;
#969 = ORIENTED_EDGE ( 'NONE', *, *, #727, .F. ) ;
#970 = DIRECTION ( 'NONE',  ( -1.000000000000000000, 0.000000000000000000, -4.492786435167428111E-18 ) ) ;
#971 = AXIS2_PLACEMENT_3D ( 'NONE', #390, #161, #170 ) ;
#972 = DIRECTION ( 'NONE',  ( -1.000000000000000000, 1.224646799147354193E-16, 0.000000000000000000 ) ) ;
#973 = EDGE_CURVE ( 'NONE', #473, #1334, #869, .T. ) ;
#974 = DIRECTION ( 'NONE',  ( -1.000000000000000000, 0.000000000000000000, -4.492786435167428111E-18 ) ) ;
#975 = PLANE ( 'NONE',  #23 ) ;
#976 = ORIENTED_EDGE ( 'NONE', *, *, #1144, .T. ) ;
#977 = DIRECTION ( 'NONE',  ( -1.313966366210280823E-18, 0.000000000000000000, 1.000000000000000000 ) ) ;
#978 = EDGE_CURVE ( 'NONE', #789, #1382, #1233, .T. ) ;
#979 = ADVANCED_FACE ( 'NONE', ( #226 ), #759, .F. ) ;
#980 = AXIS2_PLACEMENT_3D ( 'NONE', #618, #1053, #201 ) ;
#981 = DIRECTION ( 'NONE',  ( -1.313966366210280823E-18, 0.000000000000000000, 1.000000000000000000 ) ) ;
#982 = DIRECTION ( 'NONE',  ( 1.000000000000000000, 0.000000000000000000, 0.000000000000000000 ) ) ;
#983 = DIRECTION ( 'NONE',  ( 1.000000000000000000, 0.000000000000000000, -0.000000000000000000 ) ) ;
#984 = ORIENTED_EDGE ( 'NONE', *, *, #1112, .T. ) ;
#985 = LINE ( 'NONE', #232, #265 ) ;
#986 = VECTOR ( 'NONE', #405, 1000.000000000000000 ) ;
#987 = DIRECTION ( 'NONE',  ( 1.000000000000000000, 0.000000000000000000, -0.000000000000000000 ) ) ;
#988 = CARTESIAN_POINT ( 'NONE',  ( 27.15695122800053696, 2.250000000000000000, -155.5000000000000000 ) ) ;
#989 = DIRECTION ( 'NONE',  ( 0.000000000000000000, 0.000000000000000000, -1.000000000000000000 ) ) ;
#990 = VERTEX_POINT ( 'NONE', #1089 ) ;
#991 = LOCAL_TIME ( 0, 3, 30.00000000000000000, #617 ) ;
#992 = ORIENTED_EDGE ( 'NONE', *, *, #1134, .F. ) ;
#993 = CARTESIAN_POINT ( 'NONE',  ( 105.0000000000000000, 3.122849337825750222E-15, 25.50000000000000000 ) ) ;
#994 = EDGE_CURVE ( 'NONE', #1321, #1238, #1392, .T. ) ;
#995 = EDGE_CURVE ( 'NONE', #935, #473, #985, .T. ) ;
#996 = ORIENTED_EDGE ( 'NONE', *, *, #1206, .F. ) ;
#997 = EDGE_CURVE ( 'NONE', #513, #914, #1284, .T. ) ;
#998 = DIRECTION ( 'NONE',  ( 1.000000000000000000, 0.000000000000000000, 0.000000000000000000 ) ) ;
#999 = DIRECTION ( 'NONE',  ( 0.000000000000000000, -1.000000000000000000, 0.000000000000000000 ) ) ;
#1000 = ORIENTED_EDGE ( 'NONE', *, *, #1144, .F. ) ;
#1001 = DIRECTION ( 'NONE',  ( 6.569831831051405078E-19, -0.000000000000000000, -1.000000000000000000 ) ) ;
#1002 = ORIENTED_EDGE ( 'NONE', *, *, #387, .F. ) ;
#1003 = VECTOR ( 'NONE', #861, 1000.000000000000000 ) ;
#1004 = CARTESIAN_POINT ( 'NONE',  ( 26.94846310392954436, 3.300234908216786520E-15, -115.6715341869138598 ) ) ;
#1005 = FACE_OUTER_BOUND ( 'NONE', #367, .T. ) ;
#1006 = ORIENTED_EDGE ( 'NONE', *, *, #87, .F. ) ;
#1007 = CARTESIAN_POINT ( 'NONE',  ( 105.0000000000000000, 0.000000000000000000, -105.0000000000000000 ) ) ;
#1008 = EDGE_CURVE ( 'NONE', #1173, #914, #199, .T. ) ;
#1009 = LINE ( 'NONE', #149, #1265 ) ;
#1010 = FACE_OUTER_BOUND ( 'NONE', #172, .T. ) ;
#1011 = DIRECTION ( 'NONE',  ( -1.000000000000000000, 0.000000000000000000, 0.000000000000000000 ) ) ;
#1012 = AXIS2_PLACEMENT_3D ( 'NONE', #1117, #1335, #1015 ) ;
#1013 = AXIS2_PLACEMENT_3D ( 'NONE', #1128, #1032, #1353 ) ;
#1014 = VERTEX_POINT ( 'NONE', #545 ) ;
#1015 = DIRECTION ( 'NONE',  ( -1.000000000000000000, 0.000000000000000000, 0.000000000000000000 ) ) ;
#1016 = PLANE ( 'NONE',  #840 ) ;
#1017 = ORIENTED_EDGE ( 'NONE', *, *, #956, .T. ) ;
#1018 = CARTESIAN_POINT ( 'NONE',  ( 1.402203699746806487E-17, 0.000000000000000000, -115.6715341869138598 ) ) ;
#1019 = FACE_OUTER_BOUND ( 'NONE', #466, .T. ) ;
#1020 = PERSON ( 'UNSPECIFIED', 'UNSPECIFIED', 'UNSPECIFIED', ('UNSPECIFIED'), ('UNSPECIFIED'), ('UNSPECIFIED') ) ;
#1021 = AXIS2_PLACEMENT_3D ( 'NONE', #1345, #1236, #269 ) ;
#1022 = TOROIDAL_SURFACE ( 'NONE', #778, 30.50000000000000000, 6.500000000000000888 ) ;
#1023 = ORIENTED_EDGE ( 'NONE', *, *, #525, .F. ) ;
#1024 = VECTOR ( 'NONE', #797, 1000.000000000000000 ) ;
#1025 = EDGE_LOOP ( 'NONE', ( #1239, #984, #501, #599 ) ) ;
#1026 = DIRECTION ( 'NONE',  ( 0.000000000000000000, 0.000000000000000000, 1.000000000000000000 ) ) ;
#1027 = COORDINATED_UNIVERSAL_TIME_OFFSET ( 1, 0, .AHEAD. ) ;
#1028 = AXIS2_PLACEMENT_3D ( 'NONE', #1055, #974, #761 ) ;
#1029 = VERTEX_POINT ( 'NONE', #1174 ) ;
#1030 = CIRCLE ( 'NONE', #1386, 6.499999999999999112 ) ;
#1031 = DIRECTION ( 'NONE',  ( 0.000000000000000000, 1.000000000000000000, 0.000000000000000000 ) ) ;
#1032 = DIRECTION ( 'NONE',  ( -1.313966366210280823E-18, 0.000000000000000000, 1.000000000000000000 ) ) ;
#1033 = ORIENTED_EDGE ( 'NONE', *, *, #1355, .F. ) ;
#1034 = ORIENTED_EDGE ( 'NONE', *, *, #1243, .F. ) ;
#1035 = DIRECTION ( 'NONE',  ( 0.000000000000000000, 1.000000000000000000, 0.000000000000000000 ) ) ;
#1036 = CARTESIAN_POINT ( 'NONE',  ( 2.249999999999992006, 27.15695122800055117, -181.5000000000000568 ) ) ;
#1037 = ADVANCED_FACE ( 'NONE', ( #2 ), #975, .F. ) ;
#1038 = VERTEX_POINT ( 'NONE', #439 ) ;
#1039 = VECTOR ( 'NONE', #141, 1000.000000000000000 ) ;
#1040 = ADVANCED_FACE ( 'NONE', ( #309 ), #247, .T. ) ;
#1041 = EDGE_CURVE ( 'NONE', #131, #945, #426, .T. ) ;
#1042 = ORIENTED_EDGE ( 'NONE', *, *, #1182, .T. ) ;
#1043 = APPLICATION_CONTEXT ( 'configuration controlled 3d designs of mechanical parts and assemblies' ) ;
#1044 = CARTESIAN_POINT ( 'NONE',  ( 105.0000000000000000, 2.939152317953647500E-15, 23.99999999999999645 ) ) ;
#1045 = EDGE_CURVE ( 'NONE', #385, #286, #657, .T. ) ;
#1046 = ADVANCED_BREP_SHAPE_REPRESENTATION ( '79-8446 - 51mm 90deg', ( #435, #338 ), #947 ) ;
#1047 = CARTESIAN_POINT ( 'NONE',  ( -2.250000000000006661, -25.65151067676133323, -155.5000000000000000 ) ) ;
#1048 = LINE ( 'NONE', #284, #768 ) ;
#1049 = EDGE_LOOP ( 'NONE', ( #1351, #619, #192, #311 ) ) ;
#1050 = ORIENTED_EDGE ( 'NONE', *, *, #313, .F. ) ;
#1051 = LINE ( 'NONE', #375, #1129 ) ;
#1052 = DIRECTION ( 'NONE',  ( 1.000000000000000000, 0.000000000000000000, 0.000000000000000000 ) ) ;
#1053 = DIRECTION ( 'NONE',  ( 0.000000000000000000, 0.000000000000000000, -1.000000000000000000 ) ) ;
#1054 = EDGE_CURVE ( 'NONE', #433, #521, #223, .T. ) ;
#1055 = CARTESIAN_POINT ( 'NONE',  ( 181.5000000000000000, 0.000000000000000000, 3.436981622903080799E-16 ) ) ;
#1056 = TOROIDAL_SURFACE ( 'NONE', #622, 105.0000000000000000, 25.50000000000000000 ) ;
#1057 = ORIENTED_EDGE ( 'NONE', *, *, #457, .F. ) ;
#1058 = CARTESIAN_POINT ( 'NONE',  ( 1.005184270150865523E-16, 0.000000000000000000, -181.5000000000000000 ) ) ;
#1059 = SECURITY_CLASSIFICATION_LEVEL ( 'unclassified' ) ;
#1060 = EDGE_CURVE ( 'NONE', #680, #903, #314, .T. ) ;
#1061 = DIRECTION ( 'NONE',  ( -1.000000000000000000, 0.000000000000000000, -4.492786435167428111E-18 ) ) ;
#1062 = CARTESIAN_POINT ( 'NONE',  ( 24.39199796489159056, 3.057387198716966134E-15, -113.0334105440287686 ) ) ;
#1063 = AXIS2_PLACEMENT_3D ( 'NONE', #522, #1183, #754 ) ;
#1064 = VERTEX_POINT ( 'NONE', #1062 ) ;
#1065 = FACE_OUTER_BOUND ( 'NONE', #1141, .T. ) ;
#1066 = VECTOR ( 'NONE', #917, 1000.000000000000000 ) ;
#1067 = DIRECTION ( 'NONE',  ( -1.000000000000000000, 0.000000000000000000, 0.000000000000000000 ) ) ;
#1068 = CARTESIAN_POINT ( 'NONE',  ( 7.634511988986664379E-18, 0.000000000000000000, -110.8102796124119322 ) ) ;
#1069 = DIRECTION ( 'NONE',  ( -1.313966366210281016E-18, 0.000000000000000000, 1.000000000000000000 ) ) ;
#1070 = APPLICATION_CONTEXT ( 'configuration controlled 3d designs of mechanical parts and assemblies' ) ;
#1071 = ORIENTED_EDGE ( 'NONE', *, *, #451, .F. ) ;
#1072 = PLANE ( 'NONE',  #395 ) ;
#1073 = CARTESIAN_POINT ( 'NONE',  ( -25.65151067676134033, -2.250000000000000000, -181.5000000000000000 ) ) ;
#1074 = ORIENTED_EDGE ( 'NONE', *, *, #1262, .F. ) ;
#1075 = ORIENTED_EDGE ( 'NONE', *, *, #108, .T. ) ;
#1076 = CIRCLE ( 'NONE', #65, 25.75000000000001421 ) ;
#1077 = DIRECTION ( 'NONE',  ( -1.000000000000000000, 0.000000000000000000, 0.000000000000000000 ) ) ;
#1078 = VECTOR ( 'NONE', #643, 1000.000000000000000 ) ;
#1079 = EDGE_CURVE ( 'NONE', #349, #680, #1101, .T. ) ;
#1080 = DIRECTION ( 'NONE',  ( 1.313966366210283134E-18, 0.000000000000000000, -1.000000000000000000 ) ) ;
#1081 = DIRECTION ( 'NONE',  ( -1.000000000000000000, 0.000000000000000000, 0.000000000000000000 ) ) ;
#1082 = EDGE_CURVE ( 'NONE', #91, #1064, #1208, .T. ) ;
#1083 = VECTOR ( 'NONE', #1124, 1000.000000000000000 ) ;
#1084 = EDGE_CURVE ( 'NONE', #131, #1126, #895, .T. ) ;
#1085 = AXIS2_PLACEMENT_3D ( 'NONE', #21, #563, #1323 ) ;
#1086 = CARTESIAN_POINT ( 'NONE',  ( -22.25000000000001421, 2.724839128102861780E-15, -117.3816349035421922 ) ) ;
#1087 = DIRECTION ( 'NONE',  ( -6.569831831051405078E-19, 0.000000000000000000, 1.000000000000000000 ) ) ;
#1088 = ORIENTED_EDGE ( 'NONE', *, *, #25, .T. ) ;
#1089 = CARTESIAN_POINT ( 'NONE',  ( -27.15695122800056538, 2.250000000000000000, -155.5000000000000000 ) ) ;
#1090 = AXIS2_PLACEMENT_3D ( 'NONE', #1227, #260, #720 ) ;
#1091 = DIRECTION ( 'NONE',  ( -1.313966366210280823E-18, 0.000000000000000000, 1.000000000000000000 ) ) ;
#1092 = CARTESIAN_POINT ( 'NONE',  ( 2.249999999999992895, 27.25000000000001421, -155.5000000000000000 ) ) ;
#1093 = CARTESIAN_POINT ( 'NONE',  ( -1.246078118132431552E-14, 0.000000000000000000, -117.3816349035421922 ) ) ;
#1094 = EDGE_LOOP ( 'NONE', ( #821, #113, #231, #810 ) ) ;
#1095 = EDGE_CURVE ( 'NONE', #10, #1299, #481, .T. ) ;
#1096 = LINE ( 'NONE', #697, #1083 ) ;
#1097 = LINE ( 'NONE', #938, #1246 ) ;
#1098 = PLANE ( 'NONE',  #783 ) ;
#1099 = ORIENTED_EDGE ( 'NONE', *, *, #994, .F. ) ;
#1100 = ADVANCED_FACE ( 'NONE', ( #539 ), #1167, .T. ) ;
#1101 = CIRCLE ( 'NONE', #862, 3.500000000000003109 ) ;
#1102 = APPROVAL_PERSON_ORGANIZATION ( #1151, #746, #699 ) ;
#1103 = EDGE_LOOP ( 'NONE', ( #694, #1057, #992, #427 ) ) ;
#1104 = DIRECTION ( 'NONE',  ( -1.000000000000000000, 0.000000000000000000, 0.000000000000000000 ) ) ;
#1105 = LINE ( 'NONE', #333, #1039 ) ;
#1106 = ORIENTED_EDGE ( 'NONE', *, *, #749, .T. ) ;
#1107 = DIRECTION ( 'NONE',  ( 1.000000000000000000, 0.000000000000000000, 6.569831831051405078E-19 ) ) ;
#1108 = EDGE_CURVE ( 'NONE', #1244, #138, #1076, .T. ) ;
#1109 = DIRECTION ( 'NONE',  ( 0.000000000000000000, 0.000000000000000000, 1.000000000000000000 ) ) ;
#1110 = CARTESIAN_POINT ( 'NONE',  ( 105.0000000000000000, 0.000000000000000000, -23.99999999999999645 ) ) ;
#1111 = EDGE_LOOP ( 'NONE', ( #263, #1088, #306, #144 ) ) ;
#1112 = EDGE_CURVE ( 'NONE', #355, #1334, #850, .T. ) ;
#1113 = ORIENTED_EDGE ( 'NONE', *, *, #25, .F. ) ;
#1114 = CARTESIAN_POINT ( 'NONE',  ( 27.25000000000000000, 3.337162527676539493E-15, -117.3816349035421922 ) ) ;
#1115 = FACE_OUTER_BOUND ( 'NONE', #418, .T. ) ;
#1116 = VERTEX_POINT ( 'NONE', #1278 ) ;
#1117 = CARTESIAN_POINT ( 'NONE',  ( -1.246078118132431552E-14, 0.000000000000000000, -181.5000000000000000 ) ) ;
#1118 = ORIENTED_EDGE ( 'NONE', *, *, #471, .T. ) ;
#1119 = CARTESIAN_POINT ( 'NONE',  ( -25.50000000000000000, 3.122849337825750222E-15, -181.5000000000000000 ) ) ;
#1120 = DIRECTION ( 'NONE',  ( -0.000000000000000000, -0.000000000000000000, -1.000000000000000000 ) ) ;
#1121 = AXIS2_PLACEMENT_3D ( 'NONE', #19, #987, #661 ) ;
#1122 = EDGE_LOOP ( 'NONE', ( #1325, #878, #713, #794 ) ) ;
#1123 = ORIENTED_EDGE ( 'NONE', *, *, #937, .T. ) ;
#1124 = DIRECTION ( 'NONE',  ( 0.000000000000000000, 0.000000000000000000, 1.000000000000000000 ) ) ;
#1125 = APPROVAL_DATE_TIME ( #1242, #746 ) ;
#1126 = VERTEX_POINT ( 'NONE', #633 ) ;
#1127 = FACE_OUTER_BOUND ( 'NONE', #1025, .T. ) ;
#1128 = CARTESIAN_POINT ( 'NONE',  ( 7.634511988986658216E-18, 0.000000000000000000, -110.8102796124119322 ) ) ;
#1129 = VECTOR ( 'NONE', #482, 1000.000000000000000 ) ;
#1130 = VERTEX_POINT ( 'NONE', #520 ) ;
#1131 = VERTEX_POINT ( 'NONE', #1388 ) ;
#1132 = CARTESIAN_POINT ( 'NONE',  ( 105.0000000000000000, 0.000000000000000000, 0.000000000000000000 ) ) ;
#1133 = PERSON_AND_ORGANIZATION_ROLE ( 'design_owner' ) ;
#1134 = EDGE_CURVE ( 'NONE', #935, #355, #752, .T. ) ;
#1135 = CLOSED_SHELL ( 'NONE', ( #442, #88, #470, #652, #566, #152, #660, #1185, #867, #1040, #795, #859, #979, #305, #325, #1343, #940, #1100, #220, #404, #762, #285, #41, #1241, #1324, #546, #534, #730, #1213, #487, #1138, #1249, #1390, #287, #536, #1394, #1156, #571, #83, #893, #1289, #641, #1037, #533, #773 ) ) ;
#1136 = CARTESIAN_POINT ( 'NONE',  ( -2.250000000000006661, -25.65151067676133323, -181.5000000000000000 ) ) ;
#1137 = FACE_OUTER_BOUND ( 'NONE', #240, .T. ) ;
#1138 = ADVANCED_FACE ( 'NONE', ( #1005 ), #239, .F. ) ;
#1139 = CIRCLE ( 'NONE', #39, 25.75000000000001421 ) ;
#1140 = VERTEX_POINT ( 'NONE', #464 ) ;
#1141 = EDGE_LOOP ( 'NONE', ( #125, #46, #1147, #739 ) ) ;
#1142 = DIRECTION ( 'NONE',  ( 0.000000000000000000, 0.000000000000000000, -1.000000000000000000 ) ) ;
#1143 = CALENDAR_DATE ( 2026, 16, 9 ) ;
#1144 = EDGE_CURVE ( 'NONE', #117, #433, #459, .T. ) ;
#1145 = DIRECTION ( 'NONE',  ( 0.000000000000000000, 0.000000000000000000, 1.000000000000000000 ) ) ;
#1146 = DIRECTION ( 'NONE',  ( -1.000000000000000000, 0.000000000000000000, -1.313966366210283134E-18 ) ) ;
#1147 = ORIENTED_EDGE ( 'NONE', *, *, #243, .T. ) ;
#1148 = AXIS2_PLACEMENT_3D ( 'NONE', #932, #77, #1146 ) ;
#1149 = EDGE_LOOP ( 'NONE', ( #555, #609, #1017, #1071 ) ) ;
#1150 = DIRECTION ( 'NONE',  ( -1.000000000000000000, 0.000000000000000000, -4.492786435167428111E-18 ) ) ;
#1151 = PERSON_AND_ORGANIZATION ( #1020, #204 ) ;
#1152 = EDGE_CURVE ( 'NONE', #1274, #91, #1030, .T. ) ;
#1153 = FACE_OUTER_BOUND ( 'NONE', #1111, .T. ) ;
#1154 = ORIENTED_EDGE ( 'NONE', *, *, #1008, .F. ) ;
#1155 = AXIS2_PLACEMENT_3D ( 'NONE', #283, #81, #803 ) ;
#1156 = ADVANCED_FACE ( 'NONE', ( #792 ), #1098, .T. ) ;
#1157 = ORIENTED_EDGE ( 'NONE', *, *, #1041, .F. ) ;
#1158 = DIRECTION ( 'NONE',  ( 0.000000000000000000, 0.000000000000000000, -1.000000000000000000 ) ) ;
#1159 = CARTESIAN_POINT ( 'NONE',  ( -26.94846310392954436, 0.000000000000000000, -115.6715341869138598 ) ) ;
#1160 = ORIENTED_EDGE ( 'NONE', *, *, #227, .T. ) ;
#1161 = DIRECTION ( 'NONE',  ( -1.000000000000000000, 0.000000000000000000, 0.000000000000000000 ) ) ;
#1162 = AXIS2_PLACEMENT_3D ( 'NONE', #1068, #104, #998 ) ;
#1163 = ORIENTED_EDGE ( 'NONE', *, *, #33, .F. ) ;
#1164 = DIRECTION ( 'NONE',  ( -0.000000000000000000, -0.000000000000000000, -1.000000000000000000 ) ) ;
#1165 = DIRECTION ( 'NONE',  ( 0.000000000000000000, 1.000000000000000000, 0.000000000000000000 ) ) ;
#1166 = CARTESIAN_POINT ( 'NONE',  ( 105.0000000000000000, 0.000000000000000000, -105.0000000000000000 ) ) ;
#1167 = PLANE ( 'NONE',  #416 ) ;
#1168 = EDGE_CURVE ( 'NONE', #117, #1130, #45, .T. ) ;
#1169 = VECTOR ( 'NONE', #877, 1000.000000000000000 ) ;
#1170 = EDGE_LOOP ( 'NONE', ( #969, #1229, #440, #1042, #1075, #836, #27, #159, #756, #1266, #275, #412 ) ) ;
#1171 = CARTESIAN_POINT ( 'NONE',  ( 105.0000000000000000, 3.122849337825750222E-15, 25.50000000000000000 ) ) ;
#1172 = DIRECTION ( 'NONE',  ( -0.000000000000000000, -0.000000000000000000, -1.000000000000000000 ) ) ;
#1173 = VERTEX_POINT ( 'NONE', #245 ) ;
#1174 = CARTESIAN_POINT ( 'NONE',  ( -27.25000000000002842, 0.000000000000000000, -117.3816349035421922 ) ) ;
#1175 = ORIENTED_EDGE ( 'NONE', *, *, #994, .T. ) ;
#1176 = DIRECTION ( 'NONE',  ( 0.000000000000000000, 0.000000000000000000, 1.000000000000000000 ) ) ;
#1177 = CARTESIAN_POINT ( 'NONE',  ( 2.249999999999992895, -27.15695122800055117, -155.5000000000000000 ) ) ;
#1178 = CARTESIAN_POINT ( 'NONE',  ( -1.246078118132431552E-14, 0.000000000000000000, -181.5000000000000000 ) ) ;
#1179 = CARTESIAN_POINT ( 'NONE',  ( 22.25000000000000000, 0.000000000000000000, -117.3816349035421922 ) ) ;
#1180 = EDGE_CURVE ( 'NONE', #349, #1140, #348, .T. ) ;
#1181 = ORIENTED_EDGE ( 'NONE', *, *, #122, .T. ) ;
#1182 = EDGE_CURVE ( 'NONE', #1382, #1014, #1319, .T. ) ;
#1183 = DIRECTION ( 'NONE',  ( -0.000000000000000000, -0.000000000000000000, -1.000000000000000000 ) ) ;
#1184 = CIRCLE ( 'NONE', #831, 27.25000000000001421 ) ;
#1185 = ADVANCED_FACE ( 'NONE', ( #1115 ), #110, .T. ) ;
#1186 = CARTESIAN_POINT ( 'NONE',  ( 27.25000000000000000, -2.250000000000000000, -155.5000000000000000 ) ) ;
#1187 = ORIENTED_EDGE ( 'NONE', *, *, #310, .F. ) ;
#1188 = CARTESIAN_POINT ( 'NONE',  ( 1.511061321141829263E-17, 0.000000000000000000, -116.4999999999999858 ) ) ;
#1189 = ORIENTED_EDGE ( 'NONE', *, *, #1180, .F. ) ;
#1190 = DIRECTION ( 'NONE',  ( -1.000000000000000000, 0.000000000000000000, 0.000000000000000000 ) ) ;
#1191 = CIRCLE ( 'NONE', #1012, 27.25000000000001421 ) ;
#1192 = VECTOR ( 'NONE', #40, 1000.000000000000000 ) ;
#1193 = CARTESIAN_POINT ( 'NONE',  ( 7.634511988986658216E-18, 0.000000000000000000, -110.8102796124119322 ) ) ;
#1194 = DIRECTION ( 'NONE',  ( -0.000000000000000000, -0.000000000000000000, -1.000000000000000000 ) ) ;
#1195 = CARTESIAN_POINT ( 'NONE',  ( 9.881526813468387875E-18, 0.000000000000000000, -112.5203803290402647 ) ) ;
#1196 = ORIENTED_EDGE ( 'NONE', *, *, #978, .T. ) ;
#1197 = DIRECTION ( 'NONE',  ( -1.000000000000000000, 0.000000000000000000, 0.000000000000000000 ) ) ;
#1198 = EDGE_CURVE ( 'NONE', #1341, #1038, #1105, .T. ) ;
#1199 = AXIS2_PLACEMENT_3D ( 'NONE', #506, #957, #1281 ) ;
#1200 = AXIS2_PLACEMENT_3D ( 'NONE', #221, #436, #915 ) ;
#1201 = AXIS2_PLACEMENT_3D ( 'NONE', #28, #145, #1109 ) ;
#1202 = DIRECTION ( 'NONE',  ( 1.313966366210281016E-18, -0.000000000000000000, -1.000000000000000000 ) ) ;
#1203 = LINE ( 'NONE', #1315, #209 ) ;
#1204 = CARTESIAN_POINT ( 'NONE',  ( -1.246078118132431552E-14, 0.000000000000000000, -155.5000000000000000 ) ) ;
#1205 = ORIENTED_EDGE ( 'NONE', *, *, #727, .T. ) ;
#1206 = EDGE_CURVE ( 'NONE', #1116, #1126, #137, .T. ) ;
#1207 = CIRCLE ( 'NONE', #598, 25.80153689607045209 ) ;
#1208 = CIRCLE ( 'NONE', #669, 24.39199796489159056 ) ;
#1209 = ORIENTED_EDGE ( 'NONE', *, *, #788, .F. ) ;
#1210 = DIRECTION ( 'NONE',  ( -0.000000000000000000, -0.000000000000000000, -1.000000000000000000 ) ) ;
#1211 = CARTESIAN_POINT ( 'NONE',  ( 105.0000000000000000, 0.000000000000000000, 0.000000000000000000 ) ) ;
#1212 = VERTEX_POINT ( 'NONE', #785 ) ;
#1213 = ADVANCED_FACE ( 'NONE', ( #238 ), #230, .F. ) ;
#1214 = AXIS2_PLACEMENT_3D ( 'NONE', #712, #702, #827 ) ;
#1215 = ORIENTED_EDGE ( 'NONE', *, *, #1045, .T. ) ;
#1216 = CARTESIAN_POINT ( 'NONE',  ( -25.75000000000002487, 0.000000000000000000, -181.5000000000000568 ) ) ;
#1217 = DIRECTION ( 'NONE',  ( -1.000000000000000000, 0.000000000000000000, -1.313966366210283134E-18 ) ) ;
#1218 = VERTEX_POINT ( 'NONE', #1110 ) ;
#1219 =( NAMED_UNIT ( * ) PLANE_ANGLE_UNIT ( ) SI_UNIT ( $, .RADIAN. ) );
#1220 = CARTESIAN_POINT ( 'NONE',  ( 4.814824860968089633E-32, 0.000000000000000000, -104.9999999999999858 ) ) ;
#1221 = DIRECTION ( 'NONE',  ( -1.000000000000000000, 0.000000000000000000, 0.000000000000000000 ) ) ;
#1222 = EDGE_CURVE ( 'NONE', #1238, #1341, #677, .T. ) ;
#1223 = ORIENTED_EDGE ( 'NONE', *, *, #605, .F. ) ;
#1224 = DIRECTION ( 'NONE',  ( 0.000000000000000000, -1.000000000000000000, 0.000000000000000000 ) ) ;
#1225 = DIRECTION ( 'NONE',  ( -0.3420201433256668255, 0.000000000000000000, -0.9396926207859090940 ) ) ;
#1226 = CIRCLE ( 'NONE', #1162, 25.50000000000000000 ) ;
#1227 = CARTESIAN_POINT ( 'NONE',  ( 1.055563126081290878E-17, 0.000000000000000000, -113.0334105440287686 ) ) ;
#1228 = CARTESIAN_POINT ( 'NONE',  ( 2.249999999999992895, 25.65151067676133323, -155.5000000000000000 ) ) ;
#1229 = ORIENTED_EDGE ( 'NONE', *, *, #471, .F. ) ;
#1230 = ORIENTED_EDGE ( 'NONE', *, *, #1082, .F. ) ;
#1231 = CARTESIAN_POINT ( 'NONE',  ( -2.250000000000006661, 27.15695122800055472, -155.5000000000000000 ) ) ;
#1232 = DATE_TIME_ROLE ( 'classification_date' ) ;
#1233 = CIRCLE ( 'NONE', #629, 25.75000000000001421 ) ;
#1234 = VERTEX_POINT ( 'NONE', #36 ) ;
#1235 = VECTOR ( 'NONE', #160, 1000.000000000000000 ) ;
#1236 = DIRECTION ( 'NONE',  ( -1.313966366210280823E-18, -0.000000000000000000, 1.000000000000000000 ) ) ;
#1237 = CARTESIAN_POINT ( 'NONE',  ( 181.5000000000000000, 0.000000000000000000, -25.50000000000000000 ) ) ;
#1238 = VERTEX_POINT ( 'NONE', #885 ) ;
#1239 = ORIENTED_EDGE ( 'NONE', *, *, #1134, .T. ) ;
#1240 = DIRECTION ( 'NONE',  ( 1.313966366210283134E-18, 0.000000000000000000, -1.000000000000000000 ) ) ;
#1241 = ADVANCED_FACE ( 'NONE', ( #458 ), #1310, .T. ) ;
#1242 = DATE_AND_TIME ( #726, #991 ) ;
#1243 = EDGE_CURVE ( 'NONE', #1064, #680, #779, .T. ) ;
#1244 = VERTEX_POINT ( 'NONE', #682 ) ;
#1245 = DIRECTION ( 'NONE',  ( -1.313966366210280823E-18, -0.000000000000000000, 1.000000000000000000 ) ) ;
#1246 = VECTOR ( 'NONE', #485, 1000.000000000000000 ) ;
#1247 = DIRECTION ( 'NONE',  ( -1.313966366210280823E-18, -0.000000000000000000, 1.000000000000000000 ) ) ;
#1248 = VERTEX_POINT ( 'NONE', #146 ) ;
#1249 = ADVANCED_FACE ( 'NONE', ( #568 ), #537, .T. ) ;
#1250 = VERTEX_POINT ( 'NONE', #1228 ) ;
#1251 = CARTESIAN_POINT ( 'NONE',  ( -1.246078118132431552E-14, 0.000000000000000000, -181.5000000000000000 ) ) ;
#1252 = PERSON_AND_ORGANIZATION_ROLE ( 'creator' ) ;
#1253 = AXIS2_PLACEMENT_3D ( 'NONE', #557, #254, #29 ) ;
#1254 = DIRECTION ( 'NONE',  ( -0.000000000000000000, -0.000000000000000000, -1.000000000000000000 ) ) ;
#1255 = DIRECTION ( 'NONE',  ( -1.000000000000000000, 0.000000000000000000, 0.000000000000000000 ) ) ;
#1256 = AXIS2_PLACEMENT_3D ( 'NONE', #491, #279, #1158 ) ;
#1257 = ORIENTED_EDGE ( 'NONE', *, *, #806, .F. ) ;
#1258 = ORIENTED_EDGE ( 'NONE', *, *, #1293, .F. ) ;
#1259 = CARTESIAN_POINT ( 'NONE',  ( 2.249999999999992895, -25.65151067676133323, -155.5000000000000000 ) ) ;
#1260 = EDGE_CURVE ( 'NONE', #385, #1234, #1048, .T. ) ;
#1261 = CARTESIAN_POINT ( 'NONE',  ( -1.246078118132431552E-14, 0.000000000000000000, -181.5000000000000000 ) ) ;
#1262 = EDGE_CURVE ( 'NONE', #569, #990, #655, .T. ) ;
#1263 = AXIS2_PLACEMENT_3D ( 'NONE', #197, #1290, #517 ) ;
#1264 = ORIENTED_EDGE ( 'NONE', *, *, #1288, .T. ) ;
#1265 = VECTOR ( 'NONE', #1225, 1000.000000000000000 ) ;
#1266 = ORIENTED_EDGE ( 'NONE', *, *, #921, .T. ) ;
#1267 = DIRECTION ( 'NONE',  ( -1.000000000000000000, 0.000000000000000000, 0.000000000000000000 ) ) ;
#1268 = PERSON_AND_ORGANIZATION ( #1020, #204 ) ;
#1269 = CARTESIAN_POINT ( 'NONE',  ( 27.15695122800053696, -2.250000000000000000, -155.5000000000000000 ) ) ;
#1270 = EDGE_LOOP ( 'NONE', ( #951, #672, #373, #497 ) ) ;
#1271 = CIRCLE ( 'NONE', #776, 4.999999999999997335 ) ;
#1272 = AXIS2_PLACEMENT_3D ( 'NONE', #1132, #1364, #929 ) ;
#1273 = VECTOR ( 'NONE', #124, 1000.000000000000000 ) ;
#1274 = VERTEX_POINT ( 'NONE', #912 ) ;
#1275 = FACE_OUTER_BOUND ( 'NONE', #1049, .T. ) ;
#1276 = VECTOR ( 'NONE', #872, 1000.000000000000000 ) ;
#1277 = CARTESIAN_POINT ( 'NONE',  ( 2.384848954671663746E-16, 0.000000000000000000, -155.5000000000000000 ) ) ;
#1278 = CARTESIAN_POINT ( 'NONE',  ( -25.80153689607045209, 0.000000000000000000, -112.5203803290402647 ) ) ;
#1279 = ORIENTED_EDGE ( 'NONE', *, *, #388, .T. ) ;
#1280 = CARTESIAN_POINT ( 'NONE',  ( 2.384848954671663746E-16, 0.000000000000000000, -155.5000000000000000 ) ) ;
#1281 = DIRECTION ( 'NONE',  ( 0.000000000000000000, 0.000000000000000000, -1.000000000000000000 ) ) ;
#1282 = DIRECTION ( 'NONE',  ( 0.000000000000000000, -1.000000000000000000, 0.000000000000000000 ) ) ;
#1283 = CARTESIAN_POINT ( 'NONE',  ( -1.246078118132431552E-14, 0.000000000000000000, -155.5000000000000000 ) ) ;
#1284 = CIRCLE ( 'NONE', #676, 23.99999999999999645 ) ;
#1285 = EDGE_LOOP ( 'NONE', ( #1209, #830, #1330, #1391 ) ) ;
#1286 = DIRECTION ( 'NONE',  ( -1.000000000000000000, 0.000000000000000000, 0.000000000000000000 ) ) ;
#1287 = PRODUCT_DEFINITION_FORMATION_WITH_SPECIFIED_SOURCE ( 'ANY', '', #812, .NOT_KNOWN. ) ;
#1288 = EDGE_CURVE ( 'NONE', #262, #1131, #479, .T. ) ;
#1289 = ADVANCED_FACE ( 'NONE', ( #1019 ), #366, .T. ) ;
#1290 = DIRECTION ( 'NONE',  ( 1.000000000000000000, 0.000000000000000000, -0.000000000000000000 ) ) ;
#1291 = CARTESIAN_POINT ( 'NONE',  ( 2.249999999999992895, 27.25000000000001421, -155.5000000000000000 ) ) ;
#1292 = CARTESIAN_POINT ( 'NONE',  ( 23.99999999999999645, 0.000000000000000000, -181.5000000000000000 ) ) ;
#1293 = EDGE_CURVE ( 'NONE', #478, #1212, #804, .T. ) ;
#1294 = VERTEX_POINT ( 'NONE', #813 ) ;
#1295 = CARTESIAN_POINT ( 'NONE',  ( -1.246078118132431552E-14, 0.000000000000000000, -155.5000000000000000 ) ) ;
#1296 = FACE_OUTER_BOUND ( 'NONE', #540, .T. ) ;
#1297 = CARTESIAN_POINT ( 'NONE',  ( 27.25000000000000000, -2.250000000000000000, -155.5000000000000000 ) ) ;
#1298 = CARTESIAN_POINT ( 'NONE',  ( 30.50000000000000000, 0.000000000000000000, -110.8102796124119322 ) ) ;
#1299 = VERTEX_POINT ( 'NONE', #1237 ) ;
#1300 = CARTESIAN_POINT ( 'NONE',  ( 27.25000000000000000, -2.250000000000000000, -155.5000000000000000 ) ) ;
#1301 = CARTESIAN_POINT ( 'NONE',  ( 25.53892417275067928, 3.127616174182608782E-15, -116.1845644019023638 ) ) ;
#1302 = CARTESIAN_POINT ( 'NONE',  ( -1.246078118132431552E-14, 0.000000000000000000, -181.5000000000000568 ) ) ;
#1303 = CC_DESIGN_PERSON_AND_ORGANIZATION_ASSIGNMENT ( #709, #1252, ( #505 ) ) ;
#1304 = DIRECTION ( 'NONE',  ( -6.569831831051405078E-19, 0.000000000000000000, 1.000000000000000000 ) ) ;
#1305 = EDGE_LOOP ( 'NONE', ( #554, #976, #78, #449 ) ) ;
#1306 = CARTESIAN_POINT ( 'NONE',  ( 1.005184270150865523E-16, 0.000000000000000000, -181.5000000000000000 ) ) ;
#1307 = AXIS2_PLACEMENT_3D ( 'NONE', #1007, #363, #339 ) ;
#1308 = CARTESIAN_POINT ( 'NONE',  ( 4.814824860968089633E-32, 0.000000000000000000, -104.9999999999999858 ) ) ;
#1309 = CARTESIAN_POINT ( 'NONE',  ( -27.25000000000002842, 0.000000000000000000, -181.5000000000000568 ) ) ;
#1310 = PLANE ( 'NONE',  #5 ) ;
#1311 = ORIENTED_EDGE ( 'NONE', *, *, #705, .T. ) ;
#1312 = AXIS2_PLACEMENT_3D ( 'NONE', #1302, #1194, #340 ) ;
#1313 = VECTOR ( 'NONE', #1164, 1000.000000000000000 ) ;
#1314 = FACE_OUTER_BOUND ( 'NONE', #246, .T. ) ;
#1315 = CARTESIAN_POINT ( 'NONE',  ( -27.15695122800056538, -2.249999999999999112, -181.5000000000000568 ) ) ;
#1316 = CARTESIAN_POINT ( 'NONE',  ( 2.249999999999992895, 27.25000000000001421, -181.5000000000000000 ) ) ;
#1317 = EDGE_LOOP ( 'NONE', ( #207, #560, #259, #567 ) ) ;
#1318 = CIRCLE ( 'NONE', #174, 129.0000000000000000 ) ;
#1319 = CIRCLE ( 'NONE', #714, 25.75000000000001421 ) ;
#1320 = CIRCLE ( 'NONE', #716, 25.75000000000001421 ) ;
#1321 = VERTEX_POINT ( 'NONE', #82 ) ;
#1322 = CARTESIAN_POINT ( 'NONE',  ( 105.0000000000000000, 0.000000000000000000, 0.000000000000000000 ) ) ;
#1323 = DIRECTION ( 'NONE',  ( -1.000000000000000000, 0.000000000000000000, 0.000000000000000000 ) ) ;
#1324 = ADVANCED_FACE ( 'NONE', ( #261 ), #793, .T. ) ;
#1325 = ORIENTED_EDGE ( 'NONE', *, *, #644, .F. ) ;
#1326 = LINE ( 'NONE', #573, #315 ) ;
#1327 = EDGE_CURVE ( 'NONE', #1294, #1250, #183, .T. ) ;
#1328 = EDGE_CURVE ( 'NONE', #1274, #513, #596, .T. ) ;
#1329 = AXIS2_PLACEMENT_3D ( 'NONE', #693, #1360, #1255 ) ;
#1330 = ORIENTED_EDGE ( 'NONE', *, *, #67, .T. ) ;
#1331 = DIRECTION ( 'NONE',  ( 0.000000000000000000, 0.000000000000000000, 1.000000000000000000 ) ) ;
#1332 = DIRECTION ( 'NONE',  ( -1.000000000000000000, 1.224646799147352961E-16, 0.000000000000000000 ) ) ;
#1333 = EDGE_CURVE ( 'NONE', #1173, #1274, #579, .T. ) ;
#1334 = VERTEX_POINT ( 'NONE', #721 ) ;
#1335 = DIRECTION ( 'NONE',  ( -0.000000000000000000, -0.000000000000000000, -1.000000000000000000 ) ) ;
#1336 = CARTESIAN_POINT ( 'NONE',  ( -1.246078118132431552E-14, 0.000000000000000000, -117.3816349035421922 ) ) ;
#1337 = CIRCLE ( 'NONE', #980, 27.25000000000001421 ) ;
#1338 = VECTOR ( 'NONE', #443, 1000.000000000000000 ) ;
#1339 = ORIENTED_EDGE ( 'NONE', *, *, #241, .T. ) ;
#1340 = FACE_OUTER_BOUND ( 'NONE', #916, .T. ) ;
#1341 = VERTEX_POINT ( 'NONE', #178 ) ;
#1342 = DIRECTION ( 'NONE',  ( 0.000000000000000000, 0.000000000000000000, -1.000000000000000000 ) ) ;
#1343 = ADVANCED_FACE ( 'NONE', ( #1137 ), #607, .T. ) ;
#1344 = AXIS2_PLACEMENT_3D ( 'NONE', #1178, #410, #430 ) ;
#1345 = CARTESIAN_POINT ( 'NONE',  ( 1.005184270150865523E-16, 0.000000000000000000, -181.5000000000000000 ) ) ;
#1346 = DIRECTION ( 'NONE',  ( -0.000000000000000000, 0.000000000000000000, -1.000000000000000000 ) ) ;
#1347 = EDGE_CURVE ( 'NONE', #742, #1248, #357, .T. ) ;
#1348 = EDGE_LOOP ( 'NONE', ( #564, #391, #193, #180 ) ) ;
#1349 = PERSON_AND_ORGANIZATION_ROLE ( 'creator' ) ;
#1350 = AXIS2_PLACEMENT_3D ( 'NONE', #1188, #763, #640 ) ;
#1351 = ORIENTED_EDGE ( 'NONE', *, *, #684, .F. ) ;
#1352 = CARTESIAN_POINT ( 'NONE',  ( 181.5000000000000000, 0.000000000000000000, 3.436981622903080799E-16 ) ) ;
#1353 = DIRECTION ( 'NONE',  ( 1.000000000000000000, 0.000000000000000000, 1.313966366210280823E-18 ) ) ;
#1354 = CC_DESIGN_APPROVAL ( #530, ( #1287 ) ) ;
#1355 = EDGE_CURVE ( 'NONE', #91, #903, #1009, .T. ) ;
#1356 = ORIENTED_EDGE ( 'NONE', *, *, #415, .F. ) ;
#1357 = ORIENTED_EDGE ( 'NONE', *, *, #1262, .T. ) ;
#1358 = DIRECTION ( 'NONE',  ( -1.000000000000000000, 0.000000000000000000, 0.000000000000000000 ) ) ;
#1359 = DIRECTION ( 'NONE',  ( 1.224646799147353207E-16, 1.000000000000000000, 8.045723522833497719E-35 ) ) ;
#1360 = DIRECTION ( 'NONE',  ( 1.313966366210281016E-18, -0.000000000000000000, -1.000000000000000000 ) ) ;
#1361 = EDGE_CURVE ( 'NONE', #262, #1029, #49, .T. ) ;
#1362 = ORIENTED_EDGE ( 'NONE', *, *, #673, .T. ) ;
#1363 = ORIENTED_EDGE ( 'NONE', *, *, #313, .T. ) ;
#1364 = DIRECTION ( 'NONE',  ( 1.000000000000000000, 0.000000000000000000, 4.492786435167425800E-18 ) ) ;
#1365 = CARTESIAN_POINT ( 'NONE',  ( 105.0000000000000000, 0.000000000000000000, -105.0000000000000000 ) ) ;
#1366 = DIRECTION ( 'NONE',  ( 1.000000000000000000, 0.000000000000000000, -0.000000000000000000 ) ) ;
#1367 = EDGE_LOOP ( 'NONE', ( #1006, #71, #953, #147 ) ) ;
#1368 = EDGE_CURVE ( 'NONE', #1038, #1294, #1326, .T. ) ;
#1369 = CARTESIAN_POINT ( 'NONE',  ( 105.0000000000000000, -2.939152317953647500E-15, -105.0000000000000000 ) ) ;
#1370 = APPROVAL_STATUS ( 'not_yet_approved' ) ;
#1371 = DIRECTION ( 'NONE',  ( 1.000000000000000000, 0.000000000000000000, 6.569831831051405078E-19 ) ) ;
#1372 = VECTOR ( 'NONE', #300, 1000.000000000000000 ) ;
#1373 = ORIENTED_EDGE ( 'NONE', *, *, #855, .F. ) ;
#1374 = EDGE_LOOP ( 'NONE', ( #1223, #786, #1, #1362 ) ) ;
#1375 = DIRECTION ( 'NONE',  ( 0.000000000000000000, 0.000000000000000000, 1.000000000000000000 ) ) ;
#1376 = DIRECTION ( 'NONE',  ( 1.000000000000000000, 0.000000000000000000, 0.000000000000000000 ) ) ;
#1377 = ORIENTED_EDGE ( 'NONE', *, *, #1095, .T. ) ;
#1378 = DIRECTION ( 'NONE',  ( 0.000000000000000000, 0.000000000000000000, -1.000000000000000000 ) ) ;
#1379 = TOROIDAL_SURFACE ( 'NONE', #191, 105.0000000000000000, 23.99999999999999645 ) ;
#1380 = CIRCLE ( 'NONE', #589, 23.99999999999999645 ) ;
#1381 = AXIS2_PLACEMENT_3D ( 'NONE', #544, #1087, #982 ) ;
#1382 = VERTEX_POINT ( 'NONE', #887 ) ;
#1383 = DIRECTION ( 'NONE',  ( 1.313966366210283134E-18, 0.000000000000000000, -1.000000000000000000 ) ) ;
#1384 = FACE_OUTER_BOUND ( 'NONE', #42, .T. ) ;
#1385 = CIRCLE ( 'NONE', #960, 23.99999999999999645 ) ;
#1386 = AXIS2_PLACEMENT_3D ( 'NONE', #575, #153, #1332 ) ;
#1387 = DIRECTION ( 'NONE',  ( 0.000000000000000000, 0.000000000000000000, 1.000000000000000000 ) ) ;
#1388 = CARTESIAN_POINT ( 'NONE',  ( 27.25000000000000000, 3.337162527676539493E-15, -155.5000000000000000 ) ) ;
#1389 = VECTOR ( 'NONE', #1375, 1000.000000000000000 ) ;
#1390 = ADVANCED_FACE ( 'NONE', ( #462 ), #725, .F. ) ;
#1391 = ORIENTED_EDGE ( 'NONE', *, *, #489, .F. ) ;
#1392 = LINE ( 'NONE', #548, #376 ) ;
#1393 = EDGE_CURVE ( 'NONE', #162, #1244, #132, .T. ) ;
#1394 = ADVANCED_FACE ( 'NONE', ( #1314 ), #1016, .T. ) ;
#1395 = CARTESIAN_POINT ( 'NONE',  ( 27.15695122800054051, 2.250000000000000000, -181.5000000000000000 ) ) ;
ENDSEC;
END-ISO-10303-21;
