ISO-10303-21;
HEADER;
FILE_DESCRIPTION (( 'STEP AP203' ),
    '1' );
FILE_NAME ('79-8436 - 51mm 45deg.STEP',
    '2026-09-15T22:03:28',
    ( '' ),
    ( '' ),
    'SwSTEP 2.0',
    'SolidWorks 2026',
    '' );
FILE_SCHEMA (( 'CONFIG_CONTROL_DESIGN' ));
ENDSEC;

DATA;
#1 = DIRECTION ( 'NONE',  ( -1.000000000000000000, 0.000000000000000000, -2.775557561562891351E-16 ) ) ;
#2 = EDGE_CURVE ( 'NONE', #1369, #796, #679, .T. ) ;
#3 = DIRECTION ( 'NONE',  ( -1.000000000000000000, 0.000000000000000000, 0.000000000000000000 ) ) ;
#4 = VECTOR ( 'NONE', #1035, 1000.000000000000000 ) ;
#5 = CARTESIAN_POINT ( 'NONE',  ( -26.94846310392951949, 0.000000000000000000, -86.67153418691323452 ) ) ;
#6 = ORIENTED_EDGE ( 'NONE', *, *, #650, .F. ) ;
#7 = CARTESIAN_POINT ( 'NONE',  ( 2.250000000000035083, 27.24999999999999645, -126.4999999999991900 ) ) ;
#8 = DIRECTION ( 'NONE',  ( 1.000000000000000000, 0.000000000000000000, 0.000000000000000000 ) ) ;
#9 = CARTESIAN_POINT ( 'NONE',  ( -27.15695122800055472, 2.250000000000000000, -152.4999999999992042 ) ) ;
#10 = ORIENTED_EDGE ( 'NONE', *, *, #896, .F. ) ;
#11 = CARTESIAN_POINT ( 'NONE',  ( 74.49821433126577119, 2.939152317953647500E-15, 108.4393398282209802 ) ) ;
#12 = ORIENTED_EDGE ( 'NONE', *, *, #961, .F. ) ;
#13 = DIRECTION ( 'NONE',  ( -0.7071067811865516806, 0.000000000000000000, 0.7071067811865433539 ) ) ;
#14 = CARTESIAN_POINT ( 'NONE',  ( -1.034382033905950747E-14, 0.000000000000000000, -152.4999999999992042 ) ) ;
#15 = EDGE_CURVE ( 'NONE', #1010, #820, #195, .T. ) ;
#16 = CARTESIAN_POINT ( 'NONE',  ( -25.84046106882109584, 0.000000000000000000, -88.01303021498767976 ) ) ;
#17 = ADVANCED_FACE ( 'NONE', ( #347 ), #218, .F. ) ;
#18 = ORIENTED_EDGE ( 'NONE', *, *, #534, .T. ) ;
#19 = CC_DESIGN_APPROVAL ( #1120, ( #1297 ) ) ;
#20 = EDGE_CURVE ( 'NONE', #810, #1041, #1329, .T. ) ;
#21 = ORIENTED_EDGE ( 'NONE', *, *, #942, .T. ) ;
#22 = AXIS2_PLACEMENT_3D ( 'NONE', #324, #1110, #865 ) ;
#23 = CARTESIAN_POINT ( 'NONE',  ( 2.250000000000034195, -25.65151067676131902, -152.4999999999992610 ) ) ;
#24 = DIRECTION ( 'NONE',  ( -0.7071067811865516806, 0.000000000000000000, 0.7071067811865434649 ) ) ;
#25 = AXIS2_PLACEMENT_3D ( 'NONE', #1047, #721, #824 ) ;
#26 = VERTEX_POINT ( 'NONE', #569 ) ;
#27 = VECTOR ( 'NONE', #998, 1000.000000000000000 ) ;
#28 = ORIENTED_EDGE ( 'NONE', *, *, #1365, .F. ) ;
#29 = LINE ( 'NONE', #1300, #381 ) ;
#30 = DIRECTION ( 'NONE',  ( 1.000000000000000000, 0.000000000000000000, 0.000000000000000000 ) ) ;
#31 = ORIENTED_EDGE ( 'NONE', *, *, #1263, .F. ) ;
#32 = DIRECTION ( 'NONE',  ( 2.775557561562891351E-16, 0.000000000000000000, -1.000000000000000000 ) ) ;
#33 = EDGE_LOOP ( 'NONE', ( #353, #82, #761, #306 ) ) ;
#34 = APPROVAL_ROLE ( '' ) ;
#35 = ADVANCED_FACE ( 'NONE', ( #443 ), #1129, .F. ) ;
#36 = DIRECTION ( 'NONE',  ( 0.3420201433256687684, 4.188538737676992381E-17, -0.9396926207859083169 ) ) ;
#37 = ORIENTED_EDGE ( 'NONE', *, *, #419, .T. ) ;
#38 = DIRECTION ( 'NONE',  ( 0.000000000000000000, 0.000000000000000000, -1.000000000000000000 ) ) ;
#39 = VERTEX_POINT ( 'NONE', #232 ) ;
#40 = CIRCLE ( 'NONE', #716, 25.50000000000000000 ) ;
#41 = CALENDAR_DATE ( 2026, 16, 9 ) ;
#42 =( GEOMETRIC_REPRESENTATION_CONTEXT ( 3 ) GLOBAL_UNCERTAINTY_ASSIGNED_CONTEXT ( ( #1232 ) ) GLOBAL_UNIT_ASSIGNED_CONTEXT ( ( #1016, #1113, #1134 ) ) REPRESENTATION_CONTEXT ( 'NONE', 'WORKASPACE' ) );
#43 = EDGE_CURVE ( 'NONE', #144, #321, #1020, .T. ) ;
#44 = DIRECTION ( 'NONE',  ( -1.000000000000000000, 0.000000000000000000, 0.000000000000000000 ) ) ;
#45 = AXIS2_PLACEMENT_3D ( 'NONE', #911, #806, #826 ) ;
#46 = VERTEX_POINT ( 'NONE', #466 ) ;
#47 = LINE ( 'NONE', #922, #500 ) ;
#48 = ADVANCED_FACE ( 'NONE', ( #658 ), #1093, .T. ) ;
#49 = CARTESIAN_POINT ( 'NONE',  ( -1.034382033905950747E-14, 0.000000000000000000, -126.4999999999991900 ) ) ;
#50 = AXIS2_PLACEMENT_3D ( 'NONE', #934, #394, #1233 ) ;
#51 = VERTEX_POINT ( 'NONE', #5 ) ;
#52 = AXIS2_PLACEMENT_3D ( 'NONE', #1071, #828, #729 ) ;
#53 = FACE_OUTER_BOUND ( 'NONE', #755, .T. ) ;
#54 = ORIENTED_EDGE ( 'NONE', *, *, #76, .T. ) ;
#55 = DIRECTION ( 'NONE',  ( -0.000000000000000000, -0.000000000000000000, -1.000000000000000000 ) ) ;
#56 = CARTESIAN_POINT ( 'NONE',  ( -2.249999999999964029, 25.65151067676132612, -152.4999999999992610 ) ) ;
#57 = ORIENTED_EDGE ( 'NONE', *, *, #668, .T. ) ;
#58 = APPROVAL_ROLE ( '' ) ;
#59 = CARTESIAN_POINT ( 'NONE',  ( 27.25000000000000355, 2.250000000000000000, -126.4999999999991900 ) ) ;
#60 = ORIENTED_EDGE ( 'NONE', *, *, #811, .T. ) ;
#61 = FACE_OUTER_BOUND ( 'NONE', #71, .T. ) ;
#62 = CARTESIAN_POINT ( 'NONE',  ( 4.232725281383386591E-14, 0.000000000000000000, -126.4999999999991900 ) ) ;
#63 = ADVANCED_FACE ( 'NONE', ( #122 ), #978, .F. ) ;
#64 = VERTEX_POINT ( 'NONE', #819 ) ;
#65 = DIRECTION ( 'NONE',  ( -1.000000000000000000, 1.224646799147352714E-16, 0.000000000000000000 ) ) ;
#66 = APPROVAL ( #391, 'UNSPECIFIED' ) ;
#67 = DIRECTION ( 'NONE',  ( 0.000000000000000000, 0.000000000000000000, 1.000000000000000000 ) ) ;
#68 = CIRCLE ( 'NONE', #1391, 24.39199796489159411 ) ;
#69 = DIRECTION ( 'NONE',  ( -0.000000000000000000, -0.000000000000000000, -1.000000000000000000 ) ) ;
#70 = DIRECTION ( 'NONE',  ( -1.000000000000000000, 0.000000000000000000, 0.000000000000000000 ) ) ;
#71 = EDGE_LOOP ( 'NONE', ( #1167, #589, #894, #298 ) ) ;
#72 = DIRECTION ( 'NONE',  ( 1.000000000000000000, 0.000000000000000000, 0.000000000000000000 ) ) ;
#73 = CARTESIAN_POINT ( 'NONE',  ( 1.766983734377474645E-15, 0.000000000000000000, -88.38163490354155272 ) ) ;
#74 = ORIENTED_EDGE ( 'NONE', *, *, #899, .T. ) ;
#75 = DIRECTION ( 'NONE',  ( -1.000000000000000000, 0.000000000000000000, 0.000000000000000000 ) ) ;
#76 = EDGE_CURVE ( 'NONE', #696, #1180, #1211, .T. ) ;
#77 = ADVANCED_FACE ( 'NONE', ( #587 ), #258, .F. ) ;
#78 = DIRECTION ( 'NONE',  ( -0.000000000000000000, -0.000000000000000000, -1.000000000000000000 ) ) ;
#79 = EDGE_CURVE ( 'NONE', #483, #1200, #302, .T. ) ;
#80 = PLANE ( 'NONE',  #100 ) ;
#81 = ORIENTED_EDGE ( 'NONE', *, *, #710, .F. ) ;
#82 = ORIENTED_EDGE ( 'NONE', *, *, #568, .F. ) ;
#83 = DIRECTION ( 'NONE',  ( -1.000000000000000000, 0.000000000000000000, 0.000000000000000000 ) ) ;
#84 = DIRECTION ( 'NONE',  ( -1.000000000000000000, 0.000000000000000000, 0.000000000000000000 ) ) ;
#85 = AXIS2_PLACEMENT_3D ( 'NONE', #124, #937, #445 ) ;
#86 = ADVANCED_FACE ( 'NONE', ( #1339 ), #154, .T. ) ;
#87 = CARTESIAN_POINT ( 'NONE',  ( 20.04489552549129172, 3.122849337825750222E-15, 56.10734136600554933 ) ) ;
#88 = CC_DESIGN_APPROVAL ( #773, ( #524 ) ) ;
#89 = LINE ( 'NONE', #521, #928 ) ;
#90 = CIRCLE ( 'NONE', #22, 5.000000000000004441 ) ;
#91 = AXIS2_PLACEMENT_3D ( 'NONE', #734, #1160, #72 ) ;
#92 = ORIENTED_EDGE ( 'NONE', *, *, #1307, .T. ) ;
#93 = ORIENTED_EDGE ( 'NONE', *, *, #271, .F. ) ;
#94 = DIRECTION ( 'NONE',  ( 0.000000000000000000, 0.000000000000000000, 1.000000000000000000 ) ) ;
#95 = DIRECTION ( 'NONE',  ( -1.000000000000000000, 0.000000000000000000, 0.000000000000000000 ) ) ;
#96 = VECTOR ( 'NONE', #730, 1000.000000000000000 ) ;
#97 = CARTESIAN_POINT ( 'NONE',  ( -2.249999999999964917, 27.24999999999999645, -126.4999999999991900 ) ) ;
#98 = AXIS2_PLACEMENT_3D ( 'NONE', #62, #908, #488 ) ;
#99 = DIRECTION ( 'NONE',  ( -0.000000000000000000, -0.000000000000000000, -1.000000000000000000 ) ) ;
#100 = AXIS2_PLACEMENT_3D ( 'NONE', #1254, #416, #1072 ) ;
#101 = ORIENTED_EDGE ( 'NONE', *, *, #356, .T. ) ;
#102 = ORIENTED_EDGE ( 'NONE', *, *, #754, .T. ) ;
#103 = CARTESIAN_POINT ( 'NONE',  ( -30.49999999999998579, 3.735172737399427541E-15, -81.81027961241134960 ) ) ;
#104 = DIRECTION ( 'NONE',  ( -0.000000000000000000, -0.000000000000000000, -1.000000000000000000 ) ) ;
#105 = DIRECTION ( 'NONE',  ( 0.7071067811865436870, 0.000000000000000000, 0.7071067811865514585 ) ) ;
#106 = ORIENTED_EDGE ( 'NONE', *, *, #840, .T. ) ;
#107 = EDGE_CURVE ( 'NONE', #64, #26, #1352, .T. ) ;
#108 = ORIENTED_EDGE ( 'NONE', *, *, #275, .T. ) ;
#109 = DIRECTION ( 'NONE',  ( -0.000000000000000000, -0.000000000000000000, -1.000000000000000000 ) ) ;
#110 = EDGE_CURVE ( 'NONE', #1265, #1369, #581, .T. ) ;
#111 = CARTESIAN_POINT ( 'NONE',  ( 27.24999999999998579, 3.337162527676533970E-15, -87.49999999999918998 ) ) ;
#112 = DIRECTION ( 'NONE',  ( 0.000000000000000000, 0.000000000000000000, -1.000000000000000000 ) ) ;
#113 = TOROIDAL_SURFACE ( 'NONE', #876, 130.0000000000000000, 25.50000000000000000 ) ;
#114 = ORIENTED_EDGE ( 'NONE', *, *, #1225, .T. ) ;
#115 = VECTOR ( 'NONE', #970, 1000.000000000000000 ) ;
#116 = ORIENTED_EDGE ( 'NONE', *, *, #614, .T. ) ;
#117 = PLANE ( 'NONE',  #1326 ) ;
#118 = FACE_OUTER_BOUND ( 'NONE', #492, .T. ) ;
#119 = DIRECTION ( 'NONE',  ( 2.775557561562891351E-16, 0.000000000000000000, -1.000000000000000000 ) ) ;
#120 = CYLINDRICAL_SURFACE ( 'NONE', #663, 23.99999999999999645 ) ;
#121 = CIRCLE ( 'NONE', #904, 23.99999999999999645 ) ;
#122 = FACE_OUTER_BOUND ( 'NONE', #582, .T. ) ;
#123 = AXIS2_PLACEMENT_3D ( 'NONE', #649, #32, #1287 ) ;
#124 = CARTESIAN_POINT ( 'NONE',  ( -1.034382033905950747E-14, 0.000000000000000000, -152.4999999999992610 ) ) ;
#125 = ORIENTED_EDGE ( 'NONE', *, *, #133, .F. ) ;
#126 = DIRECTION ( 'NONE',  ( 2.775557561562891351E-16, 0.000000000000000000, -1.000000000000000000 ) ) ;
#127 = CARTESIAN_POINT ( 'NONE',  ( -2.249999999999964917, -27.15695122800055117, -126.4999999999991900 ) ) ;
#128 = ADVANCED_FACE ( 'NONE', ( #176 ), #264, .T. ) ;
#129 = CARTESIAN_POINT ( 'NONE',  ( 27.25000000000000355, -2.250000000000000000, -126.4999999999991900 ) ) ;
#130 = ORIENTED_EDGE ( 'NONE', *, *, #977, .F. ) ;
#131 = DIRECTION ( 'NONE',  ( -1.000000000000000000, 0.000000000000000000, 0.000000000000000000 ) ) ;
#132 = FACE_OUTER_BOUND ( 'NONE', #540, .T. ) ;
#133 = EDGE_CURVE ( 'NONE', #507, #1200, #480, .T. ) ;
#134 = DIRECTION ( 'NONE',  ( -1.000000000000000000, 0.000000000000000000, 0.000000000000000000 ) ) ;
#135 = VECTOR ( 'NONE', #968, 1000.000000000000114 ) ;
#136 = LOCAL_TIME ( 0, 3, 28.00000000000000000, #150 ) ;
#137 = ORIENTED_EDGE ( 'NONE', *, *, #752, .T. ) ;
#138 = CIRCLE ( 'NONE', #1277, 25.49999999999999645 ) ;
#139 = CARTESIAN_POINT ( 'NONE',  ( -27.25000000000001776, 0.000000000000000000, -152.4999999999992610 ) ) ;
#140 = CARTESIAN_POINT ( 'NONE',  ( -2.249999999999964029, 27.15695122800054762, -152.4999999999992610 ) ) ;
#141 = EDGE_LOOP ( 'NONE', ( #1210, #349, #992, #1133 ) ) ;
#142 = DIRECTION ( 'NONE',  ( 0.000000000000000000, 0.000000000000000000, -1.000000000000000000 ) ) ;
#143 = VECTOR ( 'NONE', #196, 1000.000000000000114 ) ;
#144 = VERTEX_POINT ( 'NONE', #499 ) ;
#145 = CYLINDRICAL_SURFACE ( 'NONE', #831, 25.50000000000000000 ) ;
#146 = CARTESIAN_POINT ( 'NONE',  ( -2.249999999999964917, 27.24999999999999645, -152.4999999999992042 ) ) ;
#147 = DIRECTION ( 'NONE',  ( 2.775557561562891351E-16, 0.000000000000000000, -1.000000000000000000 ) ) ;
#148 = EDGE_CURVE ( 'NONE', #512, #1378, #576, .T. ) ;
#149 = ORIENTED_EDGE ( 'NONE', *, *, #915, .T. ) ;
#150 = COORDINATED_UNIVERSAL_TIME_OFFSET ( 1, 0, .AHEAD. ) ;
#151 = ADVANCED_FACE ( 'NONE', ( #609 ), #470, .T. ) ;
#152 = LINE ( 'NONE', #692, #1056 ) ;
#153 = VERTEX_POINT ( 'NONE', #1014 ) ;
#154 = PLANE ( 'NONE',  #98 ) ;
#155 = AXIS2_PLACEMENT_3D ( 'NONE', #962, #1386, #626 ) ;
#156 = ORIENTED_EDGE ( 'NONE', *, *, #522, .F. ) ;
#157 = PRODUCT_DEFINITION_FORMATION_WITH_SPECIFIED_SOURCE ( 'ANY', '', #590, .NOT_KNOWN. ) ;
#158 = APPROVAL_DATE_TIME ( #468, #66 ) ;
#159 = AXIS2_PLACEMENT_3D ( 'NONE', #1135, #822, #607 ) ;
#160 = DIRECTION ( 'NONE',  ( -0.000000000000000000, -0.000000000000000000, 1.000000000000000000 ) ) ;
#161 = AXIS2_PLACEMENT_3D ( 'NONE', #852, #412, #844 ) ;
#162 = ORIENTED_EDGE ( 'NONE', *, *, #779, .F. ) ;
#163 = DIRECTION ( 'NONE',  ( 0.000000000000000000, 0.000000000000000000, -1.000000000000000000 ) ) ;
#164 = LINE ( 'NONE', #1132, #1109 ) ;
#165 = AXIS2_PLACEMENT_3D ( 'NONE', #1252, #532, #628 ) ;
#166 = ORIENTED_EDGE ( 'NONE', *, *, #133, .T. ) ;
#167 = APPROVAL_ROLE ( '' ) ;
#168 = AXIS2_PLACEMENT_3D ( 'NONE', #684, #694, #1217 ) ;
#169 = CIRCLE ( 'NONE', #1131, 23.99999999999999645 ) ;
#170 = PLANE ( 'NONE',  #944 ) ;
#171 = EDGE_CURVE ( 'NONE', #1239, #1193, #709, .T. ) ;
#172 = ORIENTED_EDGE ( 'NONE', *, *, #436, .F. ) ;
#173 = DIRECTION ( 'NONE',  ( 0.000000000000000000, 0.000000000000000000, -1.000000000000000000 ) ) ;
#174 = EDGE_CURVE ( 'NONE', #1390, #1159, #482, .T. ) ;
#175 = ADVANCED_FACE ( 'NONE', ( #279 ), #1333, .F. ) ;
#176 = FACE_OUTER_BOUND ( 'NONE', #362, .T. ) ;
#177 = ADVANCED_FACE ( 'NONE', ( #367 ), #529, .F. ) ;
#178 = ORIENTED_EDGE ( 'NONE', *, *, #359, .T. ) ;
#179 = MECHANICAL_CONTEXT ( 'NONE', #906, 'mechanical' ) ;
#180 = CARTESIAN_POINT ( 'NONE',  ( 25.65151067676131191, -2.249999999999999112, -152.4999999999992610 ) ) ;
#181 = DIRECTION ( 'NONE',  ( -0.7071067811865435759, 0.000000000000000000, -0.7071067811865514585 ) ) ;
#182 = ORIENTED_EDGE ( 'NONE', *, *, #915, .F. ) ;
#183 = DIRECTION ( 'NONE',  ( 1.000000000000000000, 0.000000000000000000, 0.000000000000000000 ) ) ;
#184 = DIRECTION ( 'NONE',  ( -1.000000000000000000, 0.000000000000000000, 0.000000000000000000 ) ) ;
#185 = ORIENTED_EDGE ( 'NONE', *, *, #1202, .F. ) ;
#186 = VECTOR ( 'NONE', #201, 1000.000000000000000 ) ;
#187 = CARTESIAN_POINT ( 'NONE',  ( -2.249999999999964029, -25.65151067676132612, -152.4999999999992610 ) ) ;
#188 = APPROVAL_PERSON_ORGANIZATION ( #1236, #66, #34 ) ;
#189 = CIRCLE ( 'NONE', #743, 27.25000000000000711 ) ;
#190 = DIRECTION ( 'NONE',  ( 0.000000000000000000, 0.000000000000000000, 1.000000000000000000 ) ) ;
#191 = ORIENTED_EDGE ( 'NONE', *, *, #999, .T. ) ;
#192 = VECTOR ( 'NONE', #1163, 1000.000000000000114 ) ;
#193 = DIRECTION ( 'NONE',  ( -0.000000000000000000, -0.000000000000000000, -1.000000000000000000 ) ) ;
#194 = DIRECTION ( 'NONE',  ( 1.224646799147353207E-16, 1.000000000000000000, -0.000000000000000000 ) ) ;
#195 = CIRCLE ( 'NONE', #553, 25.75000000000000711 ) ;
#196 = DIRECTION ( 'NONE',  ( 0.7071067811865435759, 0.000000000000000000, 0.7071067811865513475 ) ) ;
#197 = DIRECTION ( 'NONE',  ( 1.000000000000000000, 0.000000000000000000, 0.000000000000000000 ) ) ;
#198 = ORIENTED_EDGE ( 'NONE', *, *, #1376, .F. ) ;
#199 = EDGE_CURVE ( 'NONE', #64, #245, #1240, .T. ) ;
#200 = DIRECTION ( 'NONE',  ( 2.775557561562891351E-16, 0.000000000000000000, -1.000000000000000000 ) ) ;
#201 = DIRECTION ( 'NONE',  ( -0.000000000000000000, -1.000000000000000000, -0.000000000000000000 ) ) ;
#202 = EDGE_CURVE ( 'NONE', #1348, #1087, #164, .T. ) ;
#203 = CARTESIAN_POINT ( 'NONE',  ( 38.07611844574833526, 0.000000000000000000, 38.07611844574873317 ) ) ;
#204 = CARTESIAN_POINT ( 'NONE',  ( 38.07611844574835658, 0.000000000000000000, 38.07611844574869053 ) ) ;
#205 = ORIENTED_EDGE ( 'NONE', *, *, #896, .T. ) ;
#206 = ORIENTED_EDGE ( 'NONE', *, *, #813, .F. ) ;
#207 = CARTESIAN_POINT ( 'NONE',  ( 130.0000000000000000, -2.939152317953647500E-15, -53.84776310850193681 ) ) ;
#208 = CARTESIAN_POINT ( 'NONE',  ( 30.50000000000001421, 0.000000000000000000, -81.81027961241134960 ) ) ;
#209 = ADVANCED_FACE ( 'NONE', ( #1063 ), #638, .T. ) ;
#210 = CIRCLE ( 'NONE', #1166, 23.99999999999999289 ) ;
#211 = CARTESIAN_POINT ( 'NONE',  ( 25.65151067676131191, -2.250000000000000000, -152.4999999999992042 ) ) ;
#212 = FACE_OUTER_BOUND ( 'NONE', #985, .T. ) ;
#213 = VECTOR ( 'NONE', #160, 1000.000000000000000 ) ;
#214 = ORIENTED_EDGE ( 'NONE', *, *, #1105, .T. ) ;
#215 = ORIENTED_EDGE ( 'NONE', *, *, #275, .F. ) ;
#216 = VECTOR ( 'NONE', #248, 1000.000000000000000 ) ;
#217 = FACE_OUTER_BOUND ( 'NONE', #1271, .T. ) ;
#218 = TOROIDAL_SURFACE ( 'NONE', #1023, 130.0000000000000000, 23.99999999999999645 ) ;
#219 = DIRECTION ( 'NONE',  ( -0.000000000000000000, 0.000000000000000000, -1.000000000000000000 ) ) ;
#220 = VERTEX_POINT ( 'NONE', #1172 ) ;
#221 = ORIENTED_EDGE ( 'NONE', *, *, #359, .F. ) ;
#222 = CARTESIAN_POINT ( 'NONE',  ( -27.15695122800055472, 2.249999999999999112, -152.4999999999992610 ) ) ;
#223 = CARTESIAN_POINT ( 'NONE',  ( -2.249999999999964917, 27.24999999999999645, -126.4999999999991900 ) ) ;
#224 = CARTESIAN_POINT ( 'NONE',  ( -2.249999999999964917, 27.15695122800055117, -126.4999999999991900 ) ) ;
#225 = ORIENTED_EDGE ( 'NONE', *, *, #442, .F. ) ;
#226 = ORIENTED_EDGE ( 'NONE', *, *, #959, .F. ) ;
#227 = DIRECTION ( 'NONE',  ( -1.000000000000000000, 0.000000000000000000, 0.000000000000000000 ) ) ;
#228 = DIRECTION ( 'NONE',  ( 0.000000000000000000, 1.000000000000000000, 0.000000000000000000 ) ) ;
#229 = CARTESIAN_POINT ( 'NONE',  ( -1.034382033905950747E-14, 0.000000000000000000, -126.4999999999991900 ) ) ;
#230 = CIRCLE ( 'NONE', #987, 25.75000000000000711 ) ;
#231 = LOCAL_TIME ( 0, 3, 28.00000000000000000, #1057 ) ;
#232 = CARTESIAN_POINT ( 'NONE',  ( -2.249999999999964917, 27.15695122800054762, -152.4999999999992042 ) ) ;
#233 = VECTOR ( 'NONE', #267, 1000.000000000000000 ) ;
#234 = ORIENTED_EDGE ( 'NONE', *, *, #401, .T. ) ;
#235 = ADVANCED_FACE ( 'NONE', ( #212 ), #645, .T. ) ;
#236 = ADVANCED_FACE ( 'NONE', ( #1142 ), #80, .F. ) ;
#237 = CARTESIAN_POINT ( 'NONE',  ( 38.07611844574835658, 0.000000000000000000, 38.07611844574869053 ) ) ;
#238 = VECTOR ( 'NONE', #1052, 1000.000000000000000 ) ;
#239 = CARTESIAN_POINT ( 'NONE',  ( 1.387778780781445676E-14, 0.000000000000000000, -152.4999999999992042 ) ) ;
#240 = ORIENTED_EDGE ( 'NONE', *, *, #627, .T. ) ;
#241 = EDGE_CURVE ( 'NONE', #1195, #599, #169, .T. ) ;
#242 = DIRECTION ( 'NONE',  ( -0.000000000000000000, -0.000000000000000000, 1.000000000000000000 ) ) ;
#243 = CARTESIAN_POINT ( 'NONE',  ( -27.15695122800055472, -2.250000000000000000, -126.4999999999991900 ) ) ;
#244 = CARTESIAN_POINT ( 'NONE',  ( 27.25000000000000355, 2.250000000000000000, -152.4999999999992042 ) ) ;
#245 = VERTEX_POINT ( 'NONE', #1363 ) ;
#246 = LINE ( 'NONE', #886, #1007 ) ;
#247 = DIRECTION ( 'NONE',  ( 0.7071067811865514585, 0.000000000000000000, -0.7071067811865436870 ) ) ;
#248 = DIRECTION ( 'NONE',  ( -0.000000000000000000, -0.000000000000000000, 1.000000000000000000 ) ) ;
#249 = EDGE_LOOP ( 'NONE', ( #467, #1306 ) ) ;
#250 = CIRCLE ( 'NONE', #155, 25.75000000000000711 ) ;
#251 = ORIENTED_EDGE ( 'NONE', *, *, #1365, .T. ) ;
#252 = AXIS2_PLACEMENT_3D ( 'NONE', #1018, #491, #1343 ) ;
#253 = CARTESIAN_POINT ( 'NONE',  ( 2.250000000000035083, -25.65151067676132257, -126.4999999999991900 ) ) ;
#254 = CARTESIAN_POINT ( 'NONE',  ( 1.387778780781445676E-14, 0.000000000000000000, -84.03341054402818600 ) ) ;
#255 = EDGE_LOOP ( 'NONE', ( #1340, #1269, #862, #1204 ) ) ;
#256 = ADVANCED_FACE ( 'NONE', ( #309 ), #531, .T. ) ;
#257 = CIRCLE ( 'NONE', #1107, 25.53892417275067217 ) ;
#258 = CYLINDRICAL_SURFACE ( 'NONE', #995, 25.75000000000000711 ) ;
#259 = EDGE_CURVE ( 'NONE', #439, #153, #775, .T. ) ;
#260 = ORIENTED_EDGE ( 'NONE', *, *, #110, .F. ) ;
#261 = CALENDAR_DATE ( 2026, 16, 9 ) ;
#262 = CARTESIAN_POINT ( 'NONE',  ( 27.25000000000000355, 2.250000000000000000, -126.4999999999991900 ) ) ;
#263 = VERTEX_POINT ( 'NONE', #511 ) ;
#264 = PLANE ( 'NONE',  #1374 ) ;
#265 = ORIENTED_EDGE ( 'NONE', *, *, #1061, .F. ) ;
#266 = APPLICATION_PROTOCOL_DEFINITION ( 'international standard', 'config_control_design', 1994, #906 ) ;
#267 = DIRECTION ( 'NONE',  ( -1.000000000000000000, 0.000000000000000000, 0.000000000000000000 ) ) ;
#268 = ORIENTED_EDGE ( 'NONE', *, *, #419, .F. ) ;
#269 = DIRECTION ( 'NONE',  ( -1.000000000000000000, 0.000000000000000000, 0.000000000000000000 ) ) ;
#270 = VERTEX_POINT ( 'NONE', #395 ) ;
#271 = EDGE_CURVE ( 'NONE', #383, #326, #506, .T. ) ;
#272 = AXIS2_PLACEMENT_3D ( 'NONE', #1228, #712, #805 ) ;
#273 = PERSON_AND_ORGANIZATION ( #377, #677 ) ;
#274 = AXIS2_PLACEMENT_3D ( 'NONE', #1351, #393, #378 ) ;
#275 = EDGE_CURVE ( 'NONE', #51, #1256, #598, .T. ) ;
#276 = CARTESIAN_POINT ( 'NONE',  ( 1.387778780781445676E-14, 0.000000000000000000, -87.18456440190172430 ) ) ;
#277 = AXIS2_PLACEMENT_3D ( 'NONE', #1147, #397, #1250 ) ;
#278 = ADVANCED_FACE ( 'NONE', ( #408 ), #838, .F. ) ;
#279 = FACE_OUTER_BOUND ( 'NONE', #646, .T. ) ;
#280 = AXIS2_PLACEMENT_3D ( 'NONE', #1130, #173, #1030 ) ;
#281 = EDGE_LOOP ( 'NONE', ( #1205, #431, #485, #251 ) ) ;
#282 = PERSON_AND_ORGANIZATION ( #377, #677 ) ;
#283 = DIRECTION ( 'NONE',  ( -0.000000000000000000, -0.000000000000000000, 1.000000000000000000 ) ) ;
#284 = ORIENTED_EDGE ( 'NONE', *, *, #1042, .T. ) ;
#285 = DIRECTION ( 'NONE',  ( -1.000000000000000000, 0.000000000000000000, 0.000000000000000000 ) ) ;
#286 = CARTESIAN_POINT ( 'NONE',  ( 27.25000000000000355, 2.250000000000000000, -152.4999999999992042 ) ) ;
#287 = EDGE_LOOP ( 'NONE', ( #973, #767, #265, #1174 ) ) ;
#288 = DIRECTION ( 'NONE',  ( 1.224646799147353207E-16, 1.000000000000000000, -0.000000000000000000 ) ) ;
#289 = LINE ( 'NONE', #1222, #213 ) ;
#290 = EDGE_CURVE ( 'NONE', #1139, #144, #1165, .T. ) ;
#291 = LINE ( 'NONE', #304, #96 ) ;
#292 = ORIENTED_EDGE ( 'NONE', *, *, #727, .F. ) ;
#293 = AXIS2_PLACEMENT_3D ( 'NONE', #994, #869, #227 ) ;
#294 = DIRECTION ( 'NONE',  ( 0.000000000000000000, 0.000000000000000000, 1.000000000000000000 ) ) ;
#295 = CARTESIAN_POINT ( 'NONE',  ( -23.99999999999998224, 2.939152317953647500E-15, -53.84776310850192260 ) ) ;
#296 = DIRECTION ( 'NONE',  ( 1.000000000000000000, 0.000000000000000000, 0.000000000000000000 ) ) ;
#297 = EDGE_CURVE ( 'NONE', #810, #1193, #291, .T. ) ;
#298 = ORIENTED_EDGE ( 'NONE', *, *, #959, .T. ) ;
#299 = EDGE_CURVE ( 'NONE', #270, #26, #257, .T. ) ;
#300 = CIRCLE ( 'NONE', #1258, 25.50000000000000000 ) ;
#301 = DIRECTION ( 'NONE',  ( 2.775557561562891351E-16, 0.000000000000000000, -1.000000000000000000 ) ) ;
#302 = CIRCLE ( 'NONE', #413, 25.75000000000000711 ) ;
#303 = CARTESIAN_POINT ( 'NONE',  ( 27.24999999999999645, 3.337162527676538309E-15, -88.38163490354155272 ) ) ;
#304 = CARTESIAN_POINT ( 'NONE',  ( -27.15695122800055472, -2.249999999999999112, -152.4999999999992610 ) ) ;
#305 = ORIENTED_EDGE ( 'NONE', *, *, #290, .F. ) ;
#306 = ORIENTED_EDGE ( 'NONE', *, *, #318, .F. ) ;
#307 = LINE ( 'NONE', #405, #497 ) ;
#308 = CARTESIAN_POINT ( 'NONE',  ( 24.39199796489160832, 3.057387198716966134E-15, -84.03341054402818600 ) ) ;
#309 = FACE_OUTER_BOUND ( 'NONE', #1033, .T. ) ;
#310 = EDGE_LOOP ( 'NONE', ( #1006, #1283, #1183, #1175 ) ) ;
#311 = ADVANCED_FACE ( 'NONE', ( #935 ), #1149, .T. ) ;
#312 = ORIENTED_EDGE ( 'NONE', *, *, #486, .T. ) ;
#313 = FACE_OUTER_BOUND ( 'NONE', #281, .T. ) ;
#314 = DIRECTION ( 'NONE',  ( 0.000000000000000000, 0.000000000000000000, -1.000000000000000000 ) ) ;
#315 = EDGE_CURVE ( 'NONE', #1265, #1385, #89, .T. ) ;
#316 = VECTOR ( 'NONE', #735, 1000.000000000000000 ) ;
#317 = DIRECTION ( 'NONE',  ( -1.000000000000000000, 0.000000000000000000, 0.000000000000000000 ) ) ;
#318 = EDGE_CURVE ( 'NONE', #680, #706, #366, .T. ) ;
#319 = LINE ( 'NONE', #745, #216 ) ;
#320 = CIRCLE ( 'NONE', #1366, 23.99999999999999289 ) ;
#321 = VERTEX_POINT ( 'NONE', #854 ) ;
#322 = ORIENTED_EDGE ( 'NONE', *, *, #813, .T. ) ;
#323 = VECTOR ( 'NONE', #1342, 1000.000000000000000 ) ;
#324 = CARTESIAN_POINT ( 'NONE',  ( 22.24999999999999645, 0.000000000000000000, -88.38163490354155272 ) ) ;
#325 = AXIS2_PLACEMENT_3D ( 'NONE', #373, #1111, #1123 ) ;
#326 = VERTEX_POINT ( 'NONE', #1274 ) ;
#327 = ORIENTED_EDGE ( 'NONE', *, *, #199, .F. ) ;
#328 = DIRECTION ( 'NONE',  ( -0.000000000000000000, -0.000000000000000000, -1.000000000000000000 ) ) ;
#329 = DIRECTION ( 'NONE',  ( -0.7071067811865435759, 0.000000000000000000, -0.7071067811865514585 ) ) ;
#330 = DIRECTION ( 'NONE',  ( 1.000000000000000000, 0.000000000000000000, 0.000000000000000000 ) ) ;
#331 = EDGE_CURVE ( 'NONE', #665, #599, #319, .T. ) ;
#332 = ORIENTED_EDGE ( 'NONE', *, *, #689, .F. ) ;
#333 = ORIENTED_EDGE ( 'NONE', *, *, #331, .F. ) ;
#334 = CARTESIAN_POINT ( 'NONE',  ( 2.250000000000035083, -27.15695122800054406, -126.4999999999991900 ) ) ;
#335 = DIRECTION ( 'NONE',  ( -0.7071067811865434649, 0.000000000000000000, -0.7071067811865516806 ) ) ;
#336 = AXIS2_PLACEMENT_3D ( 'NONE', #772, #242, #667 ) ;
#337 = APPROVAL_PERSON_ORGANIZATION ( #282, #773, #58 ) ;
#338 = CIRCLE ( 'NONE', #809, 6.499999999999999112 ) ;
#339 = ORIENTED_EDGE ( 'NONE', *, *, #1312, .T. ) ;
#340 = EDGE_CURVE ( 'NONE', #711, #270, #964, .T. ) ;
#341 = CARTESIAN_POINT ( 'NONE',  ( 21.10555569727112157, 2.939152317953647500E-15, 55.04668119422573369 ) ) ;
#342 = VECTOR ( 'NONE', #873, 1000.000000000000000 ) ;
#343 = ORIENTED_EDGE ( 'NONE', *, *, #874, .F. ) ;
#344 = CARTESIAN_POINT ( 'NONE',  ( 2.250000000000035083, 25.65151067676132257, -126.4999999999991900 ) ) ;
#345 = DIRECTION ( 'NONE',  ( -0.000000000000000000, -0.000000000000000000, -1.000000000000000000 ) ) ;
#346 = AXIS2_PLACEMENT_3D ( 'NONE', #701, #1224, #360 ) ;
#347 = FACE_OUTER_BOUND ( 'NONE', #703, .T. ) ;
#348 = AXIS2_PLACEMENT_3D ( 'NONE', #1353, #1268, #539 ) ;
#349 = ORIENTED_EDGE ( 'NONE', *, *, #1218, .T. ) ;
#350 = CARTESIAN_POINT ( 'NONE',  ( 38.07611844574833526, 0.000000000000000000, 38.07611844574873317 ) ) ;
#351 = FACE_OUTER_BOUND ( 'NONE', #287, .T. ) ;
#352 = ORIENTED_EDGE ( 'NONE', *, *, #43, .F. ) ;
#353 = ORIENTED_EDGE ( 'NONE', *, *, #1218, .F. ) ;
#354 = EDGE_LOOP ( 'NONE', ( #427, #918, #585, #1074 ) ) ;
#355 = DIRECTION ( 'NONE',  ( -0.000000000000000000, -0.000000000000000000, -1.000000000000000000 ) ) ;
#356 = EDGE_CURVE ( 'NONE', #860, #693, #676, .T. ) ;
#357 = DIRECTION ( 'NONE',  ( -1.000000000000000000, 0.000000000000000000, 0.000000000000000000 ) ) ;
#358 = ORIENTED_EDGE ( 'NONE', *, *, #461, .F. ) ;
#359 = EDGE_CURVE ( 'NONE', #1180, #1344, #1281, .T. ) ;
#360 = DIRECTION ( 'NONE',  ( 1.000000000000000000, 0.000000000000000000, 0.000000000000000000 ) ) ;
#361 = TOROIDAL_SURFACE ( 'NONE', #543, 22.24999999999999289, 3.500000000000000000 ) ;
#362 = EDGE_LOOP ( 'NONE', ( #633, #593, #221, #185 ) ) ;
#363 = AXIS2_PLACEMENT_3D ( 'NONE', #1091, #335, #24 ) ;
#364 = SECURITY_CLASSIFICATION_LEVEL ( 'unclassified' ) ;
#365 = FACE_OUTER_BOUND ( 'NONE', #1219, .T. ) ;
#366 = CIRCLE ( 'NONE', #817, 25.80153689607045919 ) ;
#367 = FACE_OUTER_BOUND ( 'NONE', #141, .T. ) ;
#368 = ORIENTED_EDGE ( 'NONE', *, *, #1031, .F. ) ;
#369 = DATE_TIME_ROLE ( 'creation_date' ) ;
#370 = CARTESIAN_POINT ( 'NONE',  ( 25.74999999999999645, 3.153465507804435193E-15, -126.4999999999991900 ) ) ;
#371 = ORIENTED_EDGE ( 'NONE', *, *, #1158, .F. ) ;
#372 = DIRECTION ( 'NONE',  ( 0.7071067811865513475, 0.000000000000000000, -0.7071067811865436870 ) ) ;
#373 = CARTESIAN_POINT ( 'NONE',  ( -1.034382033905950747E-14, 0.000000000000000000, -88.38163490354155272 ) ) ;
#374 = ADVANCED_FACE ( 'NONE', ( #1083 ), #120, .F. ) ;
#375 = ORIENTED_EDGE ( 'NONE', *, *, #444, .T. ) ;
#376 = APPROVAL_STATUS ( 'not_yet_approved' ) ;
#377 = PERSON ( 'UNSPECIFIED', 'UNSPECIFIED', 'UNSPECIFIED', ('UNSPECIFIED'), ('UNSPECIFIED'), ('UNSPECIFIED') ) ;
#378 = DIRECTION ( 'NONE',  ( -1.000000000000000000, 0.000000000000000000, 0.000000000000000000 ) ) ;
#379 = ORIENTED_EDGE ( 'NONE', *, *, #171, .T. ) ;
#380 = DIRECTION ( 'NONE',  ( 0.000000000000000000, 0.000000000000000000, -1.000000000000000000 ) ) ;
#381 = VECTOR ( 'NONE', #891, 1000.000000000000000 ) ;
#382 = EDGE_CURVE ( 'NONE', #660, #547, #1293, .T. ) ;
#383 = VERTEX_POINT ( 'NONE', #1039 ) ;
#384 = CONICAL_SURFACE ( 'NONE', #159, 25.84046106882111005, 0.3490658503988660066 ) ;
#385 = DIRECTION ( 'NONE',  ( -1.000000000000000000, 0.000000000000000000, 0.000000000000000000 ) ) ;
#386 = ORIENTED_EDGE ( 'NONE', *, *, #401, .F. ) ;
#387 = DIRECTION ( 'NONE',  ( -0.000000000000000000, -0.000000000000000000, -1.000000000000000000 ) ) ;
#388 = DIRECTION ( 'NONE',  ( -1.000000000000000000, 0.000000000000000000, 0.000000000000000000 ) ) ;
#389 = CIRCLE ( 'NONE', #951, 25.80153689607045919 ) ;
#390 = ORIENTED_EDGE ( 'NONE', *, *, #290, .T. ) ;
#391 = APPROVAL_STATUS ( 'not_yet_approved' ) ;
#392 = VECTOR ( 'NONE', #184, 1000.000000000000000 ) ;
#393 = DIRECTION ( 'NONE',  ( 0.000000000000000000, 0.000000000000000000, -1.000000000000000000 ) ) ;
#394 = DIRECTION ( 'NONE',  ( 0.000000000000000000, 0.000000000000000000, 1.000000000000000000 ) ) ;
#395 = CARTESIAN_POINT ( 'NONE',  ( -25.53892417275065796, 0.000000000000000000, -87.18456440190172430 ) ) ;
#396 = EDGE_LOOP ( 'NONE', ( #578, #426, #358, #965 ) ) ;
#397 = DIRECTION ( 'NONE',  ( -0.7071067811865433539, 0.000000000000000000, -0.7071067811865516806 ) ) ;
#398 = ADVANCED_FACE ( 'NONE', ( #313 ), #117, .T. ) ;
#399 = CARTESIAN_POINT ( 'NONE',  ( 1.387778780781445676E-14, 0.000000000000000000, -152.4999999999992042 ) ) ;
#400 = DIRECTION ( 'NONE',  ( -0.000000000000000000, -0.000000000000000000, -1.000000000000000000 ) ) ;
#401 = EDGE_CURVE ( 'NONE', #1385, #796, #1176, .T. ) ;
#402 = ORIENTED_EDGE ( 'NONE', *, *, #356, .F. ) ;
#403 = CIRCLE ( 'NONE', #293, 25.75000000000000711 ) ;
#404 = VECTOR ( 'NONE', #728, 1000.000000000000000 ) ;
#405 = CARTESIAN_POINT ( 'NONE',  ( 2.250000000000034195, 25.65151067676131902, -152.4999999999992610 ) ) ;
#406 = CIRCLE ( 'NONE', #900, 154.0000000000000000 ) ;
#407 = LINE ( 'NONE', #846, #1328 ) ;
#408 = FACE_OUTER_BOUND ( 'NONE', #465, .T. ) ;
#409 = ORIENTED_EDGE ( 'NONE', *, *, #20, .T. ) ;
#410 = VECTOR ( 'NONE', #1077, 1000.000000000000114 ) ;
#411 = ORIENTED_EDGE ( 'NONE', *, *, #1105, .F. ) ;
#412 = DIRECTION ( 'NONE',  ( 0.000000000000000000, 0.000000000000000000, -1.000000000000000000 ) ) ;
#413 = AXIS2_PLACEMENT_3D ( 'NONE', #604, #147, #1025 ) ;
#414 = CARTESIAN_POINT ( 'NONE',  ( 130.0000000000000000, 0.000000000000000000, -53.84776310850193681 ) ) ;
#415 = CARTESIAN_POINT ( 'NONE',  ( 2.250000000000035083, -25.65151067676132257, -152.4999999999992042 ) ) ;
#416 = DIRECTION ( 'NONE',  ( 0.000000000000000000, -1.000000000000000000, 0.000000000000000000 ) ) ;
#417 = ADVANCED_FACE ( 'NONE', ( #542 ), #550, .T. ) ;
#418 = ORIENTED_EDGE ( 'NONE', *, *, #504, .F. ) ;
#419 = EDGE_CURVE ( 'NONE', #1314, #1239, #1393, .T. ) ;
#420 = ORIENTED_EDGE ( 'NONE', *, *, #1246, .T. ) ;
#421 = DIRECTION ( 'NONE',  ( 0.000000000000000000, 0.000000000000000000, 1.000000000000000000 ) ) ;
#422 = EDGE_CURVE ( 'NONE', #1378, #1344, #756, .T. ) ;
#423 = CARTESIAN_POINT ( 'NONE',  ( 2.250000000000035083, 27.24999999999999645, -152.4999999999992042 ) ) ;
#424 = LINE ( 'NONE', #1150, #143 ) ;
#425 = CARTESIAN_POINT ( 'NONE',  ( 55.04668119422558448, 0.000000000000000000, 21.10555569727164027 ) ) ;
#426 = ORIENTED_EDGE ( 'NONE', *, *, #1394, .T. ) ;
#427 = ORIENTED_EDGE ( 'NONE', *, *, #771, .F. ) ;
#428 = DIRECTION ( 'NONE',  ( -0.000000000000000000, -0.000000000000000000, -1.000000000000000000 ) ) ;
#429 = DIRECTION ( 'NONE',  ( 1.000000000000000000, 0.000000000000000000, -0.000000000000000000 ) ) ;
#430 = CONICAL_SURFACE ( 'NONE', #879, 27.24999999999997158, 0.3490658503988660066 ) ;
#431 = ORIENTED_EDGE ( 'NONE', *, *, #565, .F. ) ;
#432 = ORIENTED_EDGE ( 'NONE', *, *, #1202, .T. ) ;
#433 = DIRECTION ( 'NONE',  ( 0.000000000000000000, 0.000000000000000000, 1.000000000000000000 ) ) ;
#434 = DIRECTION ( 'NONE',  ( -0.000000000000000000, -0.000000000000000000, 1.000000000000000000 ) ) ;
#435 = CIRCLE ( 'NONE', #722, 27.25000000000000711 ) ;
#436 = EDGE_CURVE ( 'NONE', #651, #921, #435, .T. ) ;
#437 = LINE ( 'NONE', #781, #1144 ) ;
#438 = ORIENTED_EDGE ( 'NONE', *, *, #1226, .F. ) ;
#439 = VERTEX_POINT ( 'NONE', #1331 ) ;
#440 = FACE_OUTER_BOUND ( 'NONE', #1106, .T. ) ;
#441 = CARTESIAN_POINT ( 'NONE',  ( 91.46877707974302041, 0.000000000000000000, 91.46877707974392990 ) ) ;
#442 = EDGE_CURVE ( 'NONE', #599, #1195, #121, .T. ) ;
#443 = FACE_OUTER_BOUND ( 'NONE', #33, .T. ) ;
#444 = EDGE_CURVE ( 'NONE', #748, #220, #929, .T. ) ;
#445 = DIRECTION ( 'NONE',  ( -1.000000000000000000, 0.000000000000000000, 0.000000000000000000 ) ) ;
#446 = VERTEX_POINT ( 'NONE', #914 ) ;
#447 = CARTESIAN_POINT ( 'NONE',  ( 1.387778780781445676E-14, 0.000000000000000000, -53.84776310850192260 ) ) ;
#448 = APPLICATION_CONTEXT ( 'configuration controlled 3d designs of mechanical parts and assemblies' ) ;
#449 = CARTESIAN_POINT ( 'NONE',  ( 130.0000000000000000, 0.000000000000000000, -53.84776310850193681 ) ) ;
#450 = DIRECTION ( 'NONE',  ( 0.000000000000000000, 0.000000000000000000, -1.000000000000000000 ) ) ;
#451 = VECTOR ( 'NONE', #592, 1000.000000000000114 ) ;
#452 = EDGE_LOOP ( 'NONE', ( #785, #1079, #339, #1066, #893, #343, #1026, #555, #1199, #438, #101, #1136 ) ) ;
#453 = AXIS2_PLACEMENT_3D ( 'NONE', #768, #719, #75 ) ;
#454 = EDGE_LOOP ( 'NONE', ( #409, #815, #782, #602, #1098, #240 ) ) ;
#455 = CARTESIAN_POINT ( 'NONE',  ( 38.07611844574830684, 0.000000000000000000, 38.07611844574873317 ) ) ;
#456 = CARTESIAN_POINT ( 'NONE',  ( -1.034382033905950747E-14, 0.000000000000000000, -152.4999999999992042 ) ) ;
#457 = AXIS2_PLACEMENT_3D ( 'NONE', #1076, #1356, #112 ) ;
#458 = MANIFOLD_SOLID_BREP ( 'Cut-Extrude-Thin1', #1214 ) ;
#459 = ORIENTED_EDGE ( 'NONE', *, *, #76, .F. ) ;
#460 = ORIENTED_EDGE ( 'NONE', *, *, #1042, .F. ) ;
#461 = EDGE_CURVE ( 'NONE', #1256, #51, #972, .T. ) ;
#462 = DIRECTION ( 'NONE',  ( 1.000000000000000000, 0.000000000000000000, 0.000000000000000000 ) ) ;
#463 = ADVANCED_FACE ( 'NONE', ( #61 ), #714, .T. ) ;
#464 = DIRECTION ( 'NONE',  ( -0.000000000000000000, -0.000000000000000000, 1.000000000000000000 ) ) ;
#465 = EDGE_LOOP ( 'NONE', ( #28, #967, #501, #997 ) ) ;
#466 = CARTESIAN_POINT ( 'NONE',  ( 20.04489552549129883, 3.122849337825750222E-15, 56.10734136600555644 ) ) ;
#467 = ORIENTED_EDGE ( 'NONE', *, *, #727, .T. ) ;
#468 = DATE_AND_TIME ( #261, #136 ) ;
#469 = DIRECTION ( 'NONE',  ( 0.000000000000000000, 0.000000000000000000, 1.000000000000000000 ) ) ;
#470 = CYLINDRICAL_SURFACE ( 'NONE', #1261, 25.50000000000000000 ) ;
#471 = CIRCLE ( 'NONE', #586, 4.999999999999997335 ) ;
#472 = ORIENTED_EDGE ( 'NONE', *, *, #939, .F. ) ;
#473 = AXIS2_PLACEMENT_3D ( 'NONE', #584, #181, #1008 ) ;
#474 = DATE_TIME_ROLE ( 'classification_date' ) ;
#475 = CARTESIAN_POINT ( 'NONE',  ( 91.46877707974300620, 0.000000000000000000, 91.46877707974394411 ) ) ;
#476 = ORIENTED_EDGE ( 'NONE', *, *, #689, .T. ) ;
#477 = CARTESIAN_POINT ( 'NONE',  ( 130.0000000000000000, 0.000000000000000000, -53.84776310850193681 ) ) ;
#478 = EDGE_CURVE ( 'NONE', #820, #547, #747, .T. ) ;
#479 = AXIS2_PLACEMENT_3D ( 'NONE', #203, #1178, #1045 ) ;
#480 = LINE ( 'NONE', #286, #392 ) ;
#481 = CC_DESIGN_PERSON_AND_ORGANIZATION_ASSIGNMENT ( #613, #926, ( #524 ) ) ;
#482 = CIRCLE ( 'NONE', #1194, 27.25000000000000711 ) ;
#483 = VERTEX_POINT ( 'NONE', #823 ) ;
#484 = FACE_OUTER_BOUND ( 'NONE', #953, .T. ) ;
#485 = ORIENTED_EDGE ( 'NONE', *, *, #1143, .F. ) ;
#486 = EDGE_CURVE ( 'NONE', #245, #1235, #47, .T. ) ;
#487 = ADVANCED_FACE ( 'NONE', ( #1346 ), #818, .F. ) ;
#488 = DIRECTION ( 'NONE',  ( -1.000000000000000000, 0.000000000000000000, 0.000000000000000000 ) ) ;
#489 = ORIENTED_EDGE ( 'NONE', *, *, #1029, .F. ) ;
#490 = APPROVAL_STATUS ( 'not_yet_approved' ) ;
#491 = DIRECTION ( 'NONE',  ( -0.000000000000000000, -0.000000000000000000, -1.000000000000000000 ) ) ;
#492 = EDGE_LOOP ( 'NONE', ( #333, #198, #496, #225 ) ) ;
#493 = DIRECTION ( 'NONE',  ( 0.7071067811865436870, 0.000000000000000000, 0.7071067811865514585 ) ) ;
#494 = DIRECTION ( 'NONE',  ( -0.000000000000000000, -0.000000000000000000, -1.000000000000000000 ) ) ;
#495 = CIRCLE ( 'NONE', #1320, 25.75000000000000711 ) ;
#496 = ORIENTED_EDGE ( 'NONE', *, *, #829, .T. ) ;
#497 = VECTOR ( 'NONE', #94, 1000.000000000000000 ) ;
#498 = DIRECTION ( 'NONE',  ( 1.224646799147353207E-16, 1.000000000000000000, -0.000000000000000000 ) ) ;
#499 = CARTESIAN_POINT ( 'NONE',  ( 25.50000000000001066, 0.000000000000000000, -53.84776310850191550 ) ) ;
#500 = VECTOR ( 'NONE', #69, 1000.000000000000000 ) ;
#501 = ORIENTED_EDGE ( 'NONE', *, *, #1146, .T. ) ;
#502 = ADVANCED_FACE ( 'NONE', ( #687 ), #1303, .F. ) ;
#503 = CARTESIAN_POINT ( 'NONE',  ( 1.387778780781445676E-14, 0.000000000000000000, -81.81027961241134960 ) ) ;
#504 = EDGE_CURVE ( 'NONE', #263, #1378, #707, .T. ) ;
#505 = DIRECTION ( 'NONE',  ( 1.000000000000000000, 0.000000000000000000, 0.000000000000000000 ) ) ;
#506 = LINE ( 'NONE', #425, #1196 ) ;
#507 = VERTEX_POINT ( 'NONE', #1267 ) ;
#508 = SHAPE_DEFINITION_REPRESENTATION ( #1046, #851 ) ;
#509 = DIRECTION ( 'NONE',  ( 1.000000000000000000, 0.000000000000000000, 0.000000000000000000 ) ) ;
#510 = DIRECTION ( 'NONE',  ( -1.000000000000000000, 0.000000000000000000, 0.000000000000000000 ) ) ;
#511 = CARTESIAN_POINT ( 'NONE',  ( 2.250000000000035083, 27.15695122800054051, -152.4999999999992042 ) ) ;
#512 = VERTEX_POINT ( 'NONE', #224 ) ;
#513 = CIRCLE ( 'NONE', #1295, 5.000000000000000888 ) ;
#514 = VERTEX_POINT ( 'NONE', #308 ) ;
#515 = FACE_OUTER_BOUND ( 'NONE', #1055, .T. ) ;
#516 = DIRECTION ( 'NONE',  ( 0.000000000000000000, 0.000000000000000000, -1.000000000000000000 ) ) ;
#517 = AXIS2_PLACEMENT_3D ( 'NONE', #853, #104, #317 ) ;
#518 = ADVANCED_FACE ( 'NONE', ( #644 ), #544, .T. ) ;
#519 = CIRCLE ( 'NONE', #1301, 106.0000000000000142 ) ;
#520 = DIRECTION ( 'NONE',  ( 0.000000000000000000, 0.000000000000000000, 1.000000000000000000 ) ) ;
#521 = CARTESIAN_POINT ( 'NONE',  ( 27.25000000000000355, 2.250000000000000000, -126.4999999999991900 ) ) ;
#522 = EDGE_CURVE ( 'NONE', #46, #1319, #795, .T. ) ;
#523 = ORIENTED_EDGE ( 'NONE', *, *, #1221, .T. ) ;
#524 = PRODUCT_DEFINITION ( 'UNKNOWN', '', #157, #913 ) ;
#525 = AXIS2_PLACEMENT_3D ( 'NONE', #630, #400, #830 ) ;
#526 = DATE_AND_TIME ( #641, #231 ) ;
#527 = ORIENTED_EDGE ( 'NONE', *, *, #961, .T. ) ;
#528 = FACE_OUTER_BOUND ( 'NONE', #1103, .T. ) ;
#529 = TOROIDAL_SURFACE ( 'NONE', #168, 30.50000000000000000, 5.000000000000000000 ) ;
#530 = DIRECTION ( 'NONE',  ( 0.000000000000000000, -1.000000000000000000, 0.000000000000000000 ) ) ;
#531 = TOROIDAL_SURFACE ( 'NONE', #1308, 22.24999999999999289, 5.000000000000000000 ) ;
#532 = DIRECTION ( 'NONE',  ( 0.000000000000000000, 0.000000000000000000, 1.000000000000000000 ) ) ;
#533 = CARTESIAN_POINT ( 'NONE',  ( 25.50000000000001066, 0.000000000000000000, -152.4999999999992042 ) ) ;
#534 = EDGE_CURVE ( 'NONE', #46, #439, #940, .T. ) ;
#535 = ORIENTED_EDGE ( 'NONE', *, *, #2, .T. ) ;
#536 = ORIENTED_EDGE ( 'NONE', *, *, #942, .F. ) ;
#537 = DIRECTION ( 'NONE',  ( -1.000000000000000000, 1.224646799147354193E-16, 0.000000000000000000 ) ) ;
#538 = PLANE ( 'NONE',  #1364 ) ;
#539 = DIRECTION ( 'NONE',  ( -0.7071067811865516806, 0.000000000000000000, 0.7071067811865434649 ) ) ;
#540 = EDGE_LOOP ( 'NONE', ( #226, #1311 ) ) ;
#541 = ORIENTED_EDGE ( 'NONE', *, *, #668, .F. ) ;
#542 = FACE_OUTER_BOUND ( 'NONE', #255, .T. ) ;
#543 = AXIS2_PLACEMENT_3D ( 'NONE', #786, #1100, #8 ) ;
#544 = PLANE ( 'NONE',  #1064 ) ;
#545 = VECTOR ( 'NONE', #67, 1000.000000000000000 ) ;
#546 = DIRECTION ( 'NONE',  ( 2.775557561562891351E-16, 0.000000000000000000, -1.000000000000000000 ) ) ;
#547 = VERTEX_POINT ( 'NONE', #1062 ) ;
#548 = EDGE_CURVE ( 'NONE', #1216, #1139, #300, .T. ) ;
#549 = DIRECTION ( 'NONE',  ( -1.000000000000000000, 0.000000000000000000, -2.721134864277344655E-16 ) ) ;
#550 = TOROIDAL_SURFACE ( 'NONE', #574, 130.0000000000000000, 25.50000000000000000 ) ;
#551 = CARTESIAN_POINT ( 'NONE',  ( -1.034382033905950747E-14, 0.000000000000000000, -88.38163490354155272 ) ) ;
#552 = CC_DESIGN_PERSON_AND_ORGANIZATION_ASSIGNMENT ( #273, #1337, ( #157 ) ) ;
#553 = AXIS2_PLACEMENT_3D ( 'NONE', #1104, #142, #1313 ) ;
#554 = DIRECTION ( 'NONE',  ( 1.000000000000000000, 0.000000000000000000, 0.000000000000000000 ) ) ;
#555 = ORIENTED_EDGE ( 'NONE', *, *, #1002, .F. ) ;
#556 = EDGE_CURVE ( 'NONE', #321, #46, #700, .T. ) ;
#557 = DIRECTION ( 'NONE',  ( 0.000000000000000000, 0.000000000000000000, 1.000000000000000000 ) ) ;
#558 = FACE_OUTER_BOUND ( 'NONE', #1243, .T. ) ;
#559 = CARTESIAN_POINT ( 'NONE',  ( 27.15695122800053340, -2.249999999999999112, -152.4999999999992610 ) ) ;
#560 = DIRECTION ( 'NONE',  ( 0.000000000000000000, -1.000000000000000000, 0.000000000000000000 ) ) ;
#561 = EDGE_LOOP ( 'NONE', ( #1112, #106, #1019, #778 ) ) ;
#562 = CARTESIAN_POINT ( 'NONE',  ( 2.250000000000035083, 27.15695122800054406, -126.4999999999991900 ) ) ;
#563 = CARTESIAN_POINT ( 'NONE',  ( 27.15695122800053340, -2.250000000000000000, -126.4999999999991900 ) ) ;
#564 = TOROIDAL_SURFACE ( 'NONE', #611, 22.24999999999999289, 3.500000000000000000 ) ;
#565 = EDGE_CURVE ( 'NONE', #1336, #748, #744, .T. ) ;
#566 = LOCAL_TIME ( 0, 3, 28.00000000000000000, #583 ) ;
#567 = VECTOR ( 'NONE', #996, 1000.000000000000000 ) ;
#568 = EDGE_CURVE ( 'NONE', #1139, #1216, #1017, .T. ) ;
#569 = CARTESIAN_POINT ( 'NONE',  ( 25.53892417275068638, 3.127616174182607599E-15, -87.18456440190172430 ) ) ;
#570 = EDGE_CURVE ( 'NONE', #1139, #706, #1372, .T. ) ;
#571 = ORIENTED_EDGE ( 'NONE', *, *, #691, .F. ) ;
#572 = DIRECTION ( 'NONE',  ( -0.000000000000000000, -0.000000000000000000, -1.000000000000000000 ) ) ;
#573 = LINE ( 'NONE', #982, #567 ) ;
#574 = AXIS2_PLACEMENT_3D ( 'NONE', #868, #652, #433 ) ;
#575 = ORIENTED_EDGE ( 'NONE', *, *, #79, .T. ) ;
#576 = CIRCLE ( 'NONE', #597, 27.25000000000000711 ) ;
#577 = DIRECTION ( 'NONE',  ( 0.000000000000000000, 0.000000000000000000, 1.000000000000000000 ) ) ;
#578 = ORIENTED_EDGE ( 'NONE', *, *, #708, .F. ) ;
#579 = CARTESIAN_POINT ( 'NONE',  ( -25.65151067676133678, -2.250000000000000000, -152.4999999999992042 ) ) ;
#580 = FACE_OUTER_BOUND ( 'NONE', #1367, .T. ) ;
#581 = LINE ( 'NONE', #916, #1089 ) ;
#582 = EDGE_LOOP ( 'NONE', ( #1049, #1212, #332, #402 ) ) ;
#583 = COORDINATED_UNIVERSAL_TIME_OFFSET ( 1, 0, .AHEAD. ) ;
#584 = CARTESIAN_POINT ( 'NONE',  ( 38.07611844574830684, 0.000000000000000000, 38.07611844574873317 ) ) ;
#585 = ORIENTED_EDGE ( 'NONE', *, *, #874, .T. ) ;
#586 = AXIS2_PLACEMENT_3D ( 'NONE', #103, #194, #537 ) ;
#587 = FACE_OUTER_BOUND ( 'NONE', #753, .T. ) ;
#588 = CC_DESIGN_APPROVAL ( #66, ( #157 ) ) ;
#589 = ORIENTED_EDGE ( 'NONE', *, *, #1264, .F. ) ;
#590 = PRODUCT ( '79-8436 - 51mm 45deg', '79-8436 - 51mm 45deg', '', ( #179 ) ) ;
#591 = ADVANCED_FACE ( 'NONE', ( #751 ), #770, .T. ) ;
#592 = DIRECTION ( 'NONE',  ( 0.7071067811865435759, 0.000000000000000000, 0.7071067811865513475 ) ) ;
#593 = ORIENTED_EDGE ( 'NONE', *, *, #422, .T. ) ;
#594 = AXIS2_PLACEMENT_3D ( 'NONE', #648, #520, #622 ) ;
#595 = CARTESIAN_POINT ( 'NONE',  ( -1.034382033905950747E-14, 0.000000000000000000, -88.38163490354155272 ) ) ;
#596 = DIRECTION ( 'NONE',  ( -0.000000000000000000, -0.000000000000000000, -1.000000000000000000 ) ) ;
#597 = AXIS2_PLACEMENT_3D ( 'NONE', #803, #1115, #388 ) ;
#598 = CIRCLE ( 'NONE', #25, 26.94846310392953370 ) ;
#599 = VERTEX_POINT ( 'NONE', #295 ) ;
#600 = PERSON_AND_ORGANIZATION ( #377, #677 ) ;
#601 = CARTESIAN_POINT ( 'NONE',  ( -27.25000000000001776, 0.000000000000000000, -88.38163490354155272 ) ) ;
#602 = ORIENTED_EDGE ( 'NONE', *, *, #1221, .F. ) ;
#603 = DIRECTION ( 'NONE',  ( -0.000000000000000000, -0.000000000000000000, -1.000000000000000000 ) ) ;
#604 = CARTESIAN_POINT ( 'NONE',  ( -1.034382033905950747E-14, 0.000000000000000000, -152.4999999999992042 ) ) ;
#605 = ORIENTED_EDGE ( 'NONE', *, *, #422, .F. ) ;
#606 = APPLICATION_PROTOCOL_DEFINITION ( 'international standard', 'config_control_design', 1994, #448 ) ;
#607 = DIRECTION ( 'NONE',  ( -1.000000000000000000, 0.000000000000000000, 0.000000000000000000 ) ) ;
#608 = DIRECTION ( 'NONE',  ( 0.000000000000000000, 0.000000000000000000, 1.000000000000000000 ) ) ;
#609 = FACE_OUTER_BOUND ( 'NONE', #717, .T. ) ;
#610 = EDGE_CURVE ( 'NONE', #706, #680, #389, .T. ) ;
#611 = AXIS2_PLACEMENT_3D ( 'NONE', #1043, #659, #509 ) ;
#612 = ORIENTED_EDGE ( 'NONE', *, *, #829, .F. ) ;
#613 = PERSON_AND_ORGANIZATION ( #377, #677 ) ;
#614 = EDGE_CURVE ( 'NONE', #1159, #693, #1237, .T. ) ;
#615 = CIRCLE ( 'NONE', #517, 27.25000000000000355 ) ;
#616 = DIRECTION ( 'NONE',  ( 0.000000000000000000, 0.000000000000000000, -1.000000000000000000 ) ) ;
#617 = CARTESIAN_POINT ( 'NONE',  ( 1.387778780781445676E-14, 0.000000000000000000, -53.84776310850192260 ) ) ;
#618 = AXIS2_PLACEMENT_3D ( 'NONE', #477, #1223, #608 ) ;
#619 = ORIENTED_EDGE ( 'NONE', *, *, #568, .T. ) ;
#620 = CARTESIAN_POINT ( 'NONE',  ( -1.034382033905950747E-14, 0.000000000000000000, -126.4999999999991900 ) ) ;
#621 = LINE ( 'NONE', #1360, #404 ) ;
#622 = DIRECTION ( 'NONE',  ( 1.000000000000000000, 0.000000000000000000, 0.000000000000000000 ) ) ;
#623 = DIRECTION ( 'NONE',  ( 0.7071067811865435759, 0.000000000000000000, 0.7071067811865513475 ) ) ;
#624 = EDGE_LOOP ( 'NONE', ( #792, #905, #1169, #1358 ) ) ;
#625 = ORIENTED_EDGE ( 'NONE', *, *, #627, .F. ) ;
#626 = DIRECTION ( 'NONE',  ( -1.000000000000000000, 0.000000000000000000, 0.000000000000000000 ) ) ;
#627 = EDGE_CURVE ( 'NONE', #1314, #810, #1259, .T. ) ;
#628 = DIRECTION ( 'NONE',  ( 1.000000000000000000, 0.000000000000000000, 0.000000000000000000 ) ) ;
#629 = PRODUCT_RELATED_PRODUCT_CATEGORY ( 'detail', '', ( #590 ) ) ;
#630 = CARTESIAN_POINT ( 'NONE',  ( 1.387778780781445676E-14, 0.000000000000000000, -87.49999999999918998 ) ) ;
#631 = VERTEX_POINT ( 'NONE', #415 ) ;
#632 = AXIS2_PLACEMENT_3D ( 'NONE', #948, #981, #662 ) ;
#633 = ORIENTED_EDGE ( 'NONE', *, *, #148, .T. ) ;
#634 = CARTESIAN_POINT ( 'NONE',  ( -27.25000000000001776, 0.000000000000000000, -126.4999999999991900 ) ) ;
#635 = CONICAL_SURFACE ( 'NONE', #45, 25.84046106882111005, 0.3490658503988660066 ) ;
#636 = EDGE_CURVE ( 'NONE', #1319, #153, #424, .T. ) ;
#637 = CARTESIAN_POINT ( 'NONE',  ( -23.99999999999998224, 2.939152317953647500E-15, -81.81027961241134960 ) ) ;
#638 = PLANE ( 'NONE',  #702 ) ;
#639 = EDGE_LOOP ( 'NONE', ( #1116, #912, #1048, #322 ) ) ;
#640 = AXIS2_PLACEMENT_3D ( 'NONE', #720, #859, #1387 ) ;
#641 = CALENDAR_DATE ( 2026, 16, 9 ) ;
#642 = ORIENTED_EDGE ( 'NONE', *, *, #708, .T. ) ;
#643 = VECTOR ( 'NONE', #901, 1000.000000000000000 ) ;
#644 = FACE_OUTER_BOUND ( 'NONE', #354, .T. ) ;
#645 = CYLINDRICAL_SURFACE ( 'NONE', #1377, 25.49999999999999645 ) ;
#646 = EDGE_LOOP ( 'NONE', ( #81, #1298, #738, #612 ) ) ;
#647 = ORIENTED_EDGE ( 'NONE', *, *, #299, .F. ) ;
#648 = CARTESIAN_POINT ( 'NONE',  ( 1.387778780781445676E-14, 0.000000000000000000, -81.81027961241134960 ) ) ;
#649 = CARTESIAN_POINT ( 'NONE',  ( 1.387778780781445676E-14, 0.000000000000000000, -53.84776310850192260 ) ) ;
#650 = EDGE_CURVE ( 'NONE', #507, #1390, #407, .T. ) ;
#651 = VERTEX_POINT ( 'NONE', #303 ) ;
#652 = DIRECTION ( 'NONE',  ( 0.000000000000000000, 1.000000000000000000, 0.000000000000000000 ) ) ;
#653 = CC_DESIGN_PERSON_AND_ORGANIZATION_ASSIGNMENT ( #1327, #910, ( #590 ) ) ;
#654 = CARTESIAN_POINT ( 'NONE',  ( 2.250000000000035083, 27.24999999999999645, -126.4999999999991900 ) ) ;
#655 = VECTOR ( 'NONE', #355, 1000.000000000000000 ) ;
#656 = CARTESIAN_POINT ( 'NONE',  ( 27.25000000000000355, 2.250000000000000000, -126.4999999999991900 ) ) ;
#657 = VECTOR ( 'NONE', #1272, 1000.000000000000000 ) ;
#658 = FACE_OUTER_BOUND ( 'NONE', #1058, .T. ) ;
#659 = DIRECTION ( 'NONE',  ( 0.000000000000000000, 0.000000000000000000, 1.000000000000000000 ) ) ;
#660 = VERTEX_POINT ( 'NONE', #211 ) ;
#661 = VECTOR ( 'NONE', #1357, 1000.000000000000000 ) ;
#662 = DIRECTION ( 'NONE',  ( -1.000000000000000000, 0.000000000000000000, 0.000000000000000000 ) ) ;
#663 = AXIS2_PLACEMENT_3D ( 'NONE', #776, #1388, #783 ) ;
#664 = CARTESIAN_POINT ( 'NONE',  ( -25.80153689607044853, 0.000000000000000000, -83.52038032903969622 ) ) ;
#665 = VERTEX_POINT ( 'NONE', #637 ) ;
#666 = ORIENTED_EDGE ( 'NONE', *, *, #779, .T. ) ;
#667 = DIRECTION ( 'NONE',  ( 1.000000000000000000, 0.000000000000000000, 0.000000000000000000 ) ) ;
#668 = EDGE_CURVE ( 'NONE', #263, #507, #615, .T. ) ;
#669 = DIRECTION ( 'NONE',  ( -1.000000000000000000, 0.000000000000000000, 0.000000000000000000 ) ) ;
#670 = ADVANCED_FACE ( 'NONE', ( #217 ), #538, .F. ) ;
#671 = EDGE_CURVE ( 'NONE', #651, #1256, #90, .T. ) ;
#672 = DIRECTION ( 'NONE',  ( 0.000000000000000000, 0.000000000000000000, -1.000000000000000000 ) ) ;
#673 = ORIENTED_EDGE ( 'NONE', *, *, #110, .T. ) ;
#674 = FACE_OUTER_BOUND ( 'NONE', #624, .T. ) ;
#675 = LINE ( 'NONE', #140, #545 ) ;
#676 = LINE ( 'NONE', #559, #861 ) ;
#677 = ORGANIZATION ( 'UNSPECIFIED', 'UNSPECIFIED', '' ) ;
#678 = AXIS2_PLACEMENT_3D ( 'NONE', #14, #764, #787 ) ;
#679 = LINE ( 'NONE', #244, #27 ) ;
#680 = VERTEX_POINT ( 'NONE', #664 ) ;
#681 = LINE ( 'NONE', #23, #655 ) ;
#682 = LINE ( 'NONE', #146, #115 ) ;
#683 = AXIS2_PLACEMENT_3D ( 'NONE', #737, #1260, #1247 ) ;
#684 = CARTESIAN_POINT ( 'NONE',  ( 1.387778780781445676E-14, 0.000000000000000000, -81.81027961241134960 ) ) ;
#685 = VERTEX_POINT ( 'NONE', #870 ) ;
#686 = CARTESIAN_POINT ( 'NONE',  ( 24.00000000000001066, 0.000000000000000000, -152.4999999999992042 ) ) ;
#687 = FACE_OUTER_BOUND ( 'NONE', #1317, .T. ) ;
#688 = CARTESIAN_POINT ( 'NONE',  ( 22.24999999999999645, 0.000000000000000000, -88.38163490354155272 ) ) ;
#689 = EDGE_CURVE ( 'NONE', #693, #547, #573, .T. ) ;
#690 = ORIENTED_EDGE ( 'NONE', *, *, #1264, .T. ) ;
#691 = EDGE_CURVE ( 'NONE', #711, #514, #68, .T. ) ;
#692 = CARTESIAN_POINT ( 'NONE',  ( 25.84046106882112426, 3.164543793642356627E-15, -88.01303021498767976 ) ) ;
#693 = VERTEX_POINT ( 'NONE', #563 ) ;
#694 = DIRECTION ( 'NONE',  ( 0.000000000000000000, 0.000000000000000000, 1.000000000000000000 ) ) ;
#695 = VECTOR ( 'NONE', #283, 1000.000000000000000 ) ;
#696 = VERTEX_POINT ( 'NONE', #1292 ) ;
#697 = TOROIDAL_SURFACE ( 'NONE', #91, 30.50000000000000000, 6.500000000000000888 ) ;
#698 = COORDINATED_UNIVERSAL_TIME_OFFSET ( 1, 0, .AHEAD. ) ;
#699 = LINE ( 'NONE', #686, #695 ) ;
#700 = CIRCLE ( 'NONE', #52, 155.5000000000000000 ) ;
#701 = CARTESIAN_POINT ( 'NONE',  ( 1.387778780781445676E-14, 0.000000000000000000, -152.4999999999992042 ) ) ;
#702 = AXIS2_PLACEMENT_3D ( 'NONE', #1151, #941, #219 ) ;
#703 = EDGE_LOOP ( 'NONE', ( #162, #1262, #889, #1187 ) ) ;
#704 = CALENDAR_DATE ( 2026, 16, 9 ) ;
#705 = DIRECTION ( 'NONE',  ( -0.000000000000000000, -0.000000000000000000, -1.000000000000000000 ) ) ;
#706 = VERTEX_POINT ( 'NONE', #1101 ) ;
#707 = LINE ( 'NONE', #1137, #4 ) ;
#708 = EDGE_CURVE ( 'NONE', #921, #651, #189, .T. ) ;
#709 = LINE ( 'NONE', #1234, #887 ) ;
#710 = EDGE_CURVE ( 'NONE', #665, #685, #791, .T. ) ;
#711 = VERTEX_POINT ( 'NONE', #989 ) ;
#712 = DIRECTION ( 'NONE',  ( 0.000000000000000000, 0.000000000000000000, 1.000000000000000000 ) ) ;
#713 = DIRECTION ( 'NONE',  ( 0.000000000000000000, -0.000000000000000000, -1.000000000000000000 ) ) ;
#714 = CYLINDRICAL_SURFACE ( 'NONE', #1192, 25.49999999999999645 ) ;
#715 = CARTESIAN_POINT ( 'NONE',  ( 1.387778780781445676E-14, 0.000000000000000000, -87.18456440190172430 ) ) ;
#716 = AXIS2_PLACEMENT_3D ( 'NONE', #350, #1189, #13 ) ;
#717 = EDGE_LOOP ( 'NONE', ( #182, #733, #390, #784 ) ) ;
#718 = AXIS2_PLACEMENT_3D ( 'NONE', #656, #888, #1208 ) ;
#719 = DIRECTION ( 'NONE',  ( -0.000000000000000000, -0.000000000000000000, -1.000000000000000000 ) ) ;
#720 = CARTESIAN_POINT ( 'NONE',  ( -1.034382033905950747E-14, 0.000000000000000000, -126.4999999999991900 ) ) ;
#721 = DIRECTION ( 'NONE',  ( 0.000000000000000000, 0.000000000000000000, 1.000000000000000000 ) ) ;
#722 = AXIS2_PLACEMENT_3D ( 'NONE', #595, #603, #505 ) ;
#723 = ORIENTED_EDGE ( 'NONE', *, *, #610, .T. ) ;
#724 = ADVANCED_FACE ( 'NONE', ( #558 ), #1198, .T. ) ;
#725 = AXIS2_PLACEMENT_3D ( 'NONE', #777, #672, #134 ) ;
#726 = CARTESIAN_POINT ( 'NONE',  ( -1.034382033905950747E-14, 0.000000000000000000, -152.4999999999992042 ) ) ;
#727 = EDGE_CURVE ( 'NONE', #326, #986, #320, .T. ) ;
#728 = DIRECTION ( 'NONE',  ( -0.000000000000000000, -0.000000000000000000, -1.000000000000000000 ) ) ;
#729 = DIRECTION ( 'NONE',  ( 0.000000000000000000, 0.000000000000000000, 1.000000000000000000 ) ) ;
#730 = DIRECTION ( 'NONE',  ( -0.000000000000000000, -0.000000000000000000, -1.000000000000000000 ) ) ;
#731 = ORIENTED_EDGE ( 'NONE', *, *, #565, .T. ) ;
#732 = ADVANCED_FACE ( 'NONE', ( #975, #132 ), #1316, .F. ) ;
#733 = ORIENTED_EDGE ( 'NONE', *, *, #548, .T. ) ;
#734 = CARTESIAN_POINT ( 'NONE',  ( 1.387778780781445676E-14, 0.000000000000000000, -81.81027961241134960 ) ) ;
#735 = DIRECTION ( 'NONE',  ( -0.000000000000000000, -1.000000000000000000, -0.000000000000000000 ) ) ;
#736 = DIRECTION ( 'NONE',  ( -1.000000000000000000, 0.000000000000000000, -2.775557561562891351E-16 ) ) ;
#737 = CARTESIAN_POINT ( 'NONE',  ( 2.250000000000035083, 27.24999999999999645, -126.4999999999991900 ) ) ;
#738 = ORIENTED_EDGE ( 'NONE', *, *, #241, .F. ) ;
#739 = AXIS2_PLACEMENT_3D ( 'NONE', #1273, #314, #84 ) ;
#740 = ORIENTED_EDGE ( 'NONE', *, *, #478, .F. ) ;
#741 = CARTESIAN_POINT ( 'NONE',  ( 4.232725281383386591E-14, 0.000000000000000000, -126.4999999999991900 ) ) ;
#742 = LINE ( 'NONE', #111, #135 ) ;
#743 = AXIS2_PLACEMENT_3D ( 'NONE', #551, #1285, #330 ) ;
#744 = LINE ( 'NONE', #97, #238 ) ;
#745 = CARTESIAN_POINT ( 'NONE',  ( -23.99999999999998224, 2.939152317953647500E-15, -152.4999999999992042 ) ) ;
#746 = ORIENTED_EDGE ( 'NONE', *, *, #899, .F. ) ;
#747 = CIRCLE ( 'NONE', #280, 25.75000000000000711 ) ;
#748 = VERTEX_POINT ( 'NONE', #127 ) ;
#749 = DIRECTION ( 'NONE',  ( 0.000000000000000000, 0.000000000000000000, -1.000000000000000000 ) ) ;
#750 = CARTESIAN_POINT ( 'NONE',  ( 25.65151067676131191, 2.250000000000000000, -152.4999999999992042 ) ) ;
#751 = FACE_OUTER_BOUND ( 'NONE', #396, .T. ) ;
#752 = EDGE_CURVE ( 'NONE', #660, #631, #1037, .T. ) ;
#753 = EDGE_LOOP ( 'NONE', ( #10, #832, #312, #523, #673, #214, #54, #178, #1004, #575, #420, #1379 ) ) ;
#754 = EDGE_CURVE ( 'NONE', #39, #696, #682, .T. ) ;
#755 = EDGE_LOOP ( 'NONE', ( #746, #850, #647, #1084 ) ) ;
#756 = LINE ( 'NONE', #7, #1350 ) ;
#757 = LINE ( 'NONE', #139, #1275 ) ;
#758 = CARTESIAN_POINT ( 'NONE',  ( 1.387778780781445676E-14, 0.000000000000000000, -81.81027961241134960 ) ) ;
#759 = ORIENTED_EDGE ( 'NONE', *, *, #504, .T. ) ;
#760 = FACE_OUTER_BOUND ( 'NONE', #561, .T. ) ;
#761 = ORIENTED_EDGE ( 'NONE', *, *, #570, .T. ) ;
#762 = CIRCLE ( 'NONE', #336, 23.99999999999999645 ) ;
#763 = DIRECTION ( 'NONE',  ( -0.000000000000000000, -1.000000000000000000, -0.000000000000000000 ) ) ;
#764 = DIRECTION ( 'NONE',  ( 2.775557561562891351E-16, 0.000000000000000000, -1.000000000000000000 ) ) ;
#765 = AXIS2_PLACEMENT_3D ( 'NONE', #276, #469, #385 ) ;
#766 = AXIS2_PLACEMENT_3D ( 'NONE', #456, #1182, #357 ) ;
#767 = ORIENTED_EDGE ( 'NONE', *, *, #752, .F. ) ;
#768 = CARTESIAN_POINT ( 'NONE',  ( -1.034382033905950747E-14, 0.000000000000000000, -152.4999999999992042 ) ) ;
#769 = EDGE_LOOP ( 'NONE', ( #21, #527, #292, #93 ) ) ;
#770 = TOROIDAL_SURFACE ( 'NONE', #165, 22.24999999999999289, 5.000000000000000000 ) ;
#771 = EDGE_CURVE ( 'NONE', #446, #1239, #1190, .T. ) ;
#772 = CARTESIAN_POINT ( 'NONE',  ( 1.387778780781445676E-14, 0.000000000000000000, -81.81027961241134960 ) ) ;
#773 = APPROVAL ( #490, 'UNSPECIFIED' ) ;
#774 = DIRECTION ( 'NONE',  ( 0.7071067811865436870, 0.000000000000000000, 0.7071067811865514585 ) ) ;
#775 = CIRCLE ( 'NONE', #348, 25.49999999999999645 ) ;
#776 = CARTESIAN_POINT ( 'NONE',  ( 38.07611844574835658, 0.000000000000000000, 38.07611844574869053 ) ) ;
#777 = CARTESIAN_POINT ( 'NONE',  ( -1.034382033905950747E-14, 0.000000000000000000, -126.4999999999991900 ) ) ;
#778 = ORIENTED_EDGE ( 'NONE', *, *, #1203, .F. ) ;
#779 = EDGE_CURVE ( 'NONE', #599, #1000, #406, .T. ) ;
#780 = CARTESIAN_POINT ( 'NONE',  ( 26.94846310392954791, 3.300234908216784942E-15, -86.67153418691323452 ) ) ;
#781 = CARTESIAN_POINT ( 'NONE',  ( -27.24999999999995737, 0.000000000000000000, -87.49999999999918998 ) ) ;
#782 = ORIENTED_EDGE ( 'NONE', *, *, #315, .F. ) ;
#783 = DIRECTION ( 'NONE',  ( 0.7071067811865514585, 0.000000000000000000, -0.7071067811865436870 ) ) ;
#784 = ORIENTED_EDGE ( 'NONE', *, *, #43, .T. ) ;
#785 = ORIENTED_EDGE ( 'NONE', *, *, #1225, .F. ) ;
#786 = CARTESIAN_POINT ( 'NONE',  ( 1.766983734377474645E-15, 0.000000000000000000, -88.38163490354155272 ) ) ;
#787 = DIRECTION ( 'NONE',  ( -1.000000000000000000, 0.000000000000000000, 0.000000000000000000 ) ) ;
#788 = AXIS2_PLACEMENT_3D ( 'NONE', #1279, #1070, #938 ) ;
#789 = ADVANCED_FACE ( 'NONE', ( #351 ), #1082, .T. ) ;
#790 = LOCAL_TIME ( 0, 3, 28.00000000000000000, #698 ) ;
#791 = CIRCLE ( 'NONE', #969, 23.99999999999999645 ) ;
#792 = ORIENTED_EDGE ( 'NONE', *, *, #199, .T. ) ;
#793 = PERSON_AND_ORGANIZATION ( #377, #677 ) ;
#794 = LINE ( 'NONE', #1140, #1121 ) ;
#795 = CIRCLE ( 'NONE', #479, 25.50000000000000000 ) ;
#796 = VERTEX_POINT ( 'NONE', #9 ) ;
#797 = EDGE_CURVE ( 'NONE', #680, #51, #437, .T. ) ;
#798 = DIRECTION ( 'NONE',  ( 1.000000000000000000, 0.000000000000000000, 0.000000000000000000 ) ) ;
#799 = ADVANCED_FACE ( 'NONE', ( #1191 ), #1302, .F. ) ;
#800 = EDGE_LOOP ( 'NONE', ( #1278, #884, #867, #74 ) ) ;
#801 = DATE_AND_TIME ( #812, #833 ) ;
#802 = CARTESIAN_POINT ( 'NONE',  ( 1.387778780781445676E-14, 0.000000000000000000, -84.03341054402818600 ) ) ;
#803 = CARTESIAN_POINT ( 'NONE',  ( -1.034382033905950747E-14, 0.000000000000000000, -126.4999999999991900 ) ) ;
#804 = ORIENTED_EDGE ( 'NONE', *, *, #271, .T. ) ;
#805 = DIRECTION ( 'NONE',  ( 1.000000000000000000, 0.000000000000000000, 0.000000000000000000 ) ) ;
#806 = DIRECTION ( 'NONE',  ( -0.000000000000000000, -0.000000000000000000, -1.000000000000000000 ) ) ;
#807 = AXIS2_PLACEMENT_3D ( 'NONE', #620, #616, #83 ) ;
#808 = DIRECTION ( 'NONE',  ( -1.000000000000000000, 0.000000000000000000, 0.000000000000000000 ) ) ;
#809 = AXIS2_PLACEMENT_3D ( 'NONE', #897, #814, #927 ) ;
#810 = VERTEX_POINT ( 'NONE', #243 ) ;
#811 = EDGE_CURVE ( 'NONE', #39, #512, #675, .T. ) ;
#812 = CALENDAR_DATE ( 2026, 16, 9 ) ;
#813 = EDGE_CURVE ( 'NONE', #26, #270, #1345, .T. ) ;
#814 = DIRECTION ( 'NONE',  ( 1.224646799147353207E-16, 1.000000000000000000, -0.000000000000000000 ) ) ;
#815 = ORIENTED_EDGE ( 'NONE', *, *, #1065, .T. ) ;
#816 = ADVANCED_FACE ( 'NONE', ( #53 ), #384, .F. ) ;
#817 = AXIS2_PLACEMENT_3D ( 'NONE', #1375, #99, #1383 ) ;
#818 = CYLINDRICAL_SURFACE ( 'NONE', #839, 25.75000000000000711 ) ;
#819 = CARTESIAN_POINT ( 'NONE',  ( 25.74999999999999645, 3.153465507804435193E-15, -88.38163490354155272 ) ) ;
#820 = VERTEX_POINT ( 'NONE', #370 ) ;
#821 = CARTESIAN_POINT ( 'NONE',  ( 27.15695122800053340, 2.250000000000000000, -126.4999999999991900 ) ) ;
#822 = DIRECTION ( 'NONE',  ( -0.000000000000000000, -0.000000000000000000, -1.000000000000000000 ) ) ;
#823 = CARTESIAN_POINT ( 'NONE',  ( 2.250000000000035083, 25.65151067676132257, -152.4999999999992042 ) ) ;
#824 = DIRECTION ( 'NONE',  ( 1.000000000000000000, 0.000000000000000000, 0.000000000000000000 ) ) ;
#825 = ORIENTED_EDGE ( 'NONE', *, *, #1286, .T. ) ;
#826 = DIRECTION ( 'NONE',  ( -1.000000000000000000, 0.000000000000000000, 0.000000000000000000 ) ) ;
#827 = LINE ( 'NONE', #423, #316 ) ;
#828 = DIRECTION ( 'NONE',  ( 0.000000000000000000, 1.000000000000000000, 0.000000000000000000 ) ) ;
#829 = EDGE_CURVE ( 'NONE', #685, #1195, #699, .T. ) ;
#830 = DIRECTION ( 'NONE',  ( -1.000000000000000000, 0.000000000000000000, 0.000000000000000000 ) ) ;
#831 = AXIS2_PLACEMENT_3D ( 'NONE', #1001, #434, #1080 ) ;
#832 = ORIENTED_EDGE ( 'NONE', *, *, #1335, .F. ) ;
#833 = LOCAL_TIME ( 0, 3, 28.00000000000000000, #1349 ) ;
#834 = CIRCLE ( 'NONE', #161, 27.25000000000000711 ) ;
#835 = CARTESIAN_POINT ( 'NONE',  ( 25.65151067676131191, 2.249999999999999112, -126.4999999999991900 ) ) ;
#836 = CARTESIAN_POINT ( 'NONE',  ( -1.034382033905950747E-14, 0.000000000000000000, -152.4999999999992610 ) ) ;
#837 = DIRECTION ( 'NONE',  ( 0.000000000000000000, 0.000000000000000000, 1.000000000000000000 ) ) ;
#838 = PLANE ( 'NONE',  #683 ) ;
#839 = AXIS2_PLACEMENT_3D ( 'NONE', #1241, #387, #285 ) ;
#840 = EDGE_CURVE ( 'NONE', #665, #711, #338, .T. ) ;
#841 = ORIENTED_EDGE ( 'NONE', *, *, #977, .T. ) ;
#842 = AXIS2_PLACEMENT_3D ( 'NONE', #239, #546, #971 ) ;
#843 = EDGE_LOOP ( 'NONE', ( #60, #432, #459, #1354 ) ) ;
#844 = DIRECTION ( 'NONE',  ( -1.000000000000000000, 0.000000000000000000, 0.000000000000000000 ) ) ;
#845 = CARTESIAN_POINT ( 'NONE',  ( -27.15695122800055472, -2.250000000000000000, -152.4999999999992042 ) ) ;
#846 = CARTESIAN_POINT ( 'NONE',  ( 27.15695122800053340, 2.249999999999999112, -152.4999999999992610 ) ) ;
#847 = DIRECTION ( 'NONE',  ( 0.000000000000000000, 0.000000000000000000, -1.000000000000000000 ) ) ;
#848 = ORIENTED_EDGE ( 'NONE', *, *, #1305, .F. ) ;
#849 = APPROVAL_DATE_TIME ( #526, #1120 ) ;
#850 = ORIENTED_EDGE ( 'NONE', *, *, #939, .T. ) ;
#851 = ADVANCED_BREP_SHAPE_REPRESENTATION ( '79-8436 - 51mm 45deg', ( #458, #272 ), #42 ) ;
#852 = CARTESIAN_POINT ( 'NONE',  ( -1.034382033905950747E-14, 0.000000000000000000, -126.4999999999991900 ) ) ;
#853 = CARTESIAN_POINT ( 'NONE',  ( -1.034382033905950747E-14, 0.000000000000000000, -152.4999999999992042 ) ) ;
#854 = CARTESIAN_POINT ( 'NONE',  ( -25.49999999999998579, 3.122849337825750222E-15, -53.84776310850192971 ) ) ;
#855 = ORIENTED_EDGE ( 'NONE', *, *, #15, .F. ) ;
#856 = ORIENTED_EDGE ( 'NONE', *, *, #478, .T. ) ;
#857 = APPROVAL_PERSON_ORGANIZATION ( #600, #1120, #167 ) ;
#858 = CYLINDRICAL_SURFACE ( 'NONE', #1389, 27.25000000000000711 ) ;
#859 = DIRECTION ( 'NONE',  ( 0.000000000000000000, 0.000000000000000000, -1.000000000000000000 ) ) ;
#860 = VERTEX_POINT ( 'NONE', #1238 ) ;
#861 = VECTOR ( 'NONE', #984, 1000.000000000000000 ) ;
#862 = ORIENTED_EDGE ( 'NONE', *, *, #522, .T. ) ;
#863 = CARTESIAN_POINT ( 'NONE',  ( -25.65151067676133323, -2.249999999999999112, -152.4999999999992610 ) ) ;
#864 = LINE ( 'NONE', #654, #1184 ) ;
#865 = DIRECTION ( 'NONE',  ( 0.000000000000000000, 0.000000000000000000, -1.000000000000000000 ) ) ;
#866 = CARTESIAN_POINT ( 'NONE',  ( 1.387778780781445676E-14, 0.000000000000000000, -81.81027961241134960 ) ) ;
#867 = ORIENTED_EDGE ( 'NONE', *, *, #1203, .T. ) ;
#868 = CARTESIAN_POINT ( 'NONE',  ( 130.0000000000000000, 0.000000000000000000, -53.84776310850193681 ) ) ;
#869 = DIRECTION ( 'NONE',  ( -0.000000000000000000, -0.000000000000000000, -1.000000000000000000 ) ) ;
#870 = CARTESIAN_POINT ( 'NONE',  ( 24.00000000000001066, 0.000000000000000000, -81.81027961241134960 ) ) ;
#871 = ADVANCED_FACE ( 'NONE', ( #1245 ), #430, .T. ) ;
#872 = CARTESIAN_POINT ( 'NONE',  ( 130.0000000000000000, 0.000000000000000000, -53.84776310850193681 ) ) ;
#873 = DIRECTION ( 'NONE',  ( -1.000000000000000000, 0.000000000000000000, 0.000000000000000000 ) ) ;
#874 = EDGE_CURVE ( 'NONE', #220, #1193, #1013, .T. ) ;
#875 = EDGE_LOOP ( 'NONE', ( #1227, #352, #925, #690 ) ) ;
#876 = AXIS2_PLACEMENT_3D ( 'NONE', #414, #1395, #1251 ) ;
#877 = CARTESIAN_POINT ( 'NONE',  ( -25.65151067676133678, 2.250000000000000000, -126.4999999999991900 ) ) ;
#878 = CARTESIAN_POINT ( 'NONE',  ( 1.387778780781445676E-14, 0.000000000000000000, -152.4999999999992042 ) ) ;
#879 = AXIS2_PLACEMENT_3D ( 'NONE', #1230, #705, #44 ) ;
#880 = CIRCLE ( 'NONE', #277, 23.99999999999999289 ) ;
#881 = ADVANCED_FACE ( 'NONE', ( #580 ), #170, .T. ) ;
#882 = ORIENTED_EDGE ( 'NONE', *, *, #919, .T. ) ;
#883 = EDGE_CURVE ( 'NONE', #245, #270, #1323, .T. ) ;
#884 = ORIENTED_EDGE ( 'NONE', *, *, #710, .T. ) ;
#885 = AXIS2_PLACEMENT_3D ( 'NONE', #229, #450, #3 ) ;
#886 = CARTESIAN_POINT ( 'NONE',  ( 25.65151067676131191, 2.249999999999999112, -152.4999999999992610 ) ) ;
#887 = VECTOR ( 'NONE', #808, 1000.000000000000000 ) ;
#888 = DIRECTION ( 'NONE',  ( 0.000000000000000000, -1.000000000000000000, 0.000000000000000000 ) ) ;
#889 = ORIENTED_EDGE ( 'NONE', *, *, #1024, .T. ) ;
#890 = ORIENTED_EDGE ( 'NONE', *, *, #241, .T. ) ;
#891 = DIRECTION ( 'NONE',  ( -0.000000000000000000, -1.000000000000000000, -0.000000000000000000 ) ) ;
#892 = DIRECTION ( 'NONE',  ( -0.7071067811865433539, 0.000000000000000000, -0.7071067811865516806 ) ) ;
#893 = ORIENTED_EDGE ( 'NONE', *, *, #297, .T. ) ;
#894 = ORIENTED_EDGE ( 'NONE', *, *, #636, .T. ) ;
#895 = PERSON_AND_ORGANIZATION_ROLE ( 'design_supplier' ) ;
#896 = EDGE_CURVE ( 'NONE', #64, #820, #794, .T. ) ;
#897 = CARTESIAN_POINT ( 'NONE',  ( -30.49999999999998579, 3.735172737399427541E-15, -81.81027961241134960 ) ) ;
#898 = AXIS2_PLACEMENT_3D ( 'NONE', #447, #126, #549 ) ;
#899 = EDGE_CURVE ( 'NONE', #514, #711, #1209, .T. ) ;
#900 = AXIS2_PLACEMENT_3D ( 'NONE', #449, #228, #1310 ) ;
#901 = DIRECTION ( 'NONE',  ( 0.000000000000000000, 0.000000000000000000, 1.000000000000000000 ) ) ;
#902 = EDGE_LOOP ( 'NONE', ( #371, #723, #1015, #108 ) ) ;
#903 = DIRECTION ( 'NONE',  ( -0.7071067811865433539, 0.000000000000000000, -0.7071067811865516806 ) ) ;
#904 = AXIS2_PLACEMENT_3D ( 'NONE', #1141, #163, #183 ) ;
#905 = ORIENTED_EDGE ( 'NONE', *, *, #883, .T. ) ;
#906 = APPLICATION_CONTEXT ( 'configuration controlled 3d designs of mechanical parts and assemblies' ) ;
#907 = AXIS2_PLACEMENT_3D ( 'NONE', #129, #560, #1138 ) ;
#908 = DIRECTION ( 'NONE',  ( 0.000000000000000000, 0.000000000000000000, -1.000000000000000000 ) ) ;
#909 = ORIENTED_EDGE ( 'NONE', *, *, #315, .T. ) ;
#910 = PERSON_AND_ORGANIZATION_ROLE ( 'design_owner' ) ;
#911 = CARTESIAN_POINT ( 'NONE',  ( 1.387778780781445676E-14, 0.000000000000000000, -88.01303021498767976 ) ) ;
#912 = ORIENTED_EDGE ( 'NONE', *, *, #1335, .T. ) ;
#913 = DESIGN_CONTEXT ( 'detailed design', #448, 'design' ) ;
#914 = CARTESIAN_POINT ( 'NONE',  ( -2.249999999999964917, -25.65151067676132968, -152.4999999999992042 ) ) ;
#915 = EDGE_CURVE ( 'NONE', #1216, #321, #289, .T. ) ;
#916 = CARTESIAN_POINT ( 'NONE',  ( -25.65151067676133323, 2.249999999999999112, -152.4999999999992610 ) ) ;
#917 = ADVANCED_FACE ( 'NONE', ( #365 ), #1215, .T. ) ;
#918 = ORIENTED_EDGE ( 'NONE', *, *, #1305, .T. ) ;
#919 = EDGE_CURVE ( 'NONE', #1390, #1010, #1128, .T. ) ;
#920 = DIRECTION ( 'NONE',  ( -0.000000000000000000, -0.000000000000000000, -1.000000000000000000 ) ) ;
#921 = VERTEX_POINT ( 'NONE', #601 ) ;
#922 = CARTESIAN_POINT ( 'NONE',  ( -25.75000000000001421, 0.000000000000000000, -152.4999999999992610 ) ) ;
#923 = CIRCLE ( 'NONE', #1229, 6.500000000000005329 ) ;
#924 = CARTESIAN_POINT ( 'NONE',  ( 4.232725281383386591E-14, 0.000000000000000000, -126.4999999999991900 ) ) ;
#925 = ORIENTED_EDGE ( 'NONE', *, *, #1185, .T. ) ;
#926 = PERSON_AND_ORGANIZATION_ROLE ( 'creator' ) ;
#927 = DIRECTION ( 'NONE',  ( -1.000000000000000000, 1.224646799147352961E-16, 0.000000000000000000 ) ) ;
#928 = VECTOR ( 'NONE', #950, 1000.000000000000000 ) ;
#929 = LINE ( 'NONE', #1021, #1126 ) ;
#930 = DIRECTION ( 'NONE',  ( -0.000000000000000000, -0.000000000000000000, -1.000000000000000000 ) ) ;
#931 = AXIS2_PLACEMENT_3D ( 'NONE', #688, #1347, #38 ) ;
#932 = ORIENTED_EDGE ( 'NONE', *, *, #259, .T. ) ;
#933 = DIRECTION ( 'NONE',  ( 0.000000000000000000, 1.000000000000000000, 0.000000000000000000 ) ) ;
#934 = CARTESIAN_POINT ( 'NONE',  ( 1.387778780781445676E-14, 0.000000000000000000, -86.67153418691323452 ) ) ;
#935 = FACE_OUTER_BOUND ( 'NONE', #902, .T. ) ;
#936 = ORIENTED_EDGE ( 'NONE', *, *, #671, .T. ) ;
#937 = DIRECTION ( 'NONE',  ( -0.000000000000000000, -0.000000000000000000, -1.000000000000000000 ) ) ;
#938 = DIRECTION ( 'NONE',  ( 0.000000000000000000, 0.000000000000000000, 1.000000000000000000 ) ) ;
#939 = EDGE_CURVE ( 'NONE', #514, #26, #152, .T. ) ;
#940 = LINE ( 'NONE', #87, #192 ) ;
#941 = DIRECTION ( 'NONE',  ( 1.000000000000000000, 0.000000000000000000, -0.000000000000000000 ) ) ;
#942 = EDGE_CURVE ( 'NONE', #383, #1000, #1231, .T. ) ;
#943 = ORIENTED_EDGE ( 'NONE', *, *, #2, .F. ) ;
#944 = AXIS2_PLACEMENT_3D ( 'NONE', #262, #1114, #713 ) ;
#945 = EDGE_LOOP ( 'NONE', ( #327, #205, #856, #958, #137, #31, #1304, #284, #1038, #268, #92, #1094 ) ) ;
#946 = VECTOR ( 'NONE', #193, 1000.000000000000000 ) ;
#947 = PLANE ( 'NONE',  #1054 ) ;
#948 = CARTESIAN_POINT ( 'NONE',  ( -1.034382033905950747E-14, 0.000000000000000000, -152.4999999999992042 ) ) ;
#949 = DIRECTION ( 'NONE',  ( 0.000000000000000000, 0.000000000000000000, 1.000000000000000000 ) ) ;
#950 = DIRECTION ( 'NONE',  ( -1.000000000000000000, 0.000000000000000000, 0.000000000000000000 ) ) ;
#951 = AXIS2_PLACEMENT_3D ( 'NONE', #1382, #78, #510 ) ;
#952 = ORIENTED_EDGE ( 'NONE', *, *, #1031, .T. ) ;
#953 = EDGE_LOOP ( 'NONE', ( #472, #571, #1276, #206 ) ) ;
#954 = PLANE ( 'NONE',  #1206 ) ;
#955 = CARTESIAN_POINT ( 'NONE',  ( -2.249999999999964917, 25.65151067676132968, -126.4999999999991900 ) ) ;
#956 = DIRECTION ( 'NONE',  ( 2.775557561562891351E-16, 0.000000000000000000, -1.000000000000000000 ) ) ;
#957 = DIRECTION ( 'NONE',  ( -1.000000000000000000, 0.000000000000000000, 0.000000000000000000 ) ) ;
#958 = ORIENTED_EDGE ( 'NONE', *, *, #382, .F. ) ;
#959 = EDGE_CURVE ( 'NONE', #153, #439, #138, .T. ) ;
#960 = ORIENTED_EDGE ( 'NONE', *, *, #174, .T. ) ;
#961 = EDGE_CURVE ( 'NONE', #1000, #986, #1118, .T. ) ;
#962 = CARTESIAN_POINT ( 'NONE',  ( -1.034382033905950747E-14, 0.000000000000000000, -126.4999999999991900 ) ) ;
#963 = CARTESIAN_POINT ( 'NONE',  ( 2.250000000000035083, 27.24999999999999645, -126.4999999999991900 ) ) ;
#964 = LINE ( 'NONE', #16, #410 ) ;
#965 = ORIENTED_EDGE ( 'NONE', *, *, #671, .F. ) ;
#966 = AXIS2_PLACEMENT_3D ( 'NONE', #1181, #1315, #462 ) ;
#967 = ORIENTED_EDGE ( 'NONE', *, *, #1263, .T. ) ;
#968 = DIRECTION ( 'NONE',  ( 0.3420201433256687684, 4.188538737676992381E-17, -0.9396926207859083169 ) ) ;
#969 = AXIS2_PLACEMENT_3D ( 'NONE', #758, #464, #30 ) ;
#970 = DIRECTION ( 'NONE',  ( -0.000000000000000000, -1.000000000000000000, -0.000000000000000000 ) ) ;
#971 = DIRECTION ( 'NONE',  ( -1.000000000000000000, 0.000000000000000000, -2.775557561562891351E-16 ) ) ;
#972 = CIRCLE ( 'NONE', #50, 26.94846310392953370 ) ;
#973 = ORIENTED_EDGE ( 'NONE', *, *, #1146, .F. ) ;
#974 = DIRECTION ( 'NONE',  ( -0.7071067811865515695, 0.000000000000000000, 0.7071067811865435759 ) ) ;
#975 = FACE_BOUND ( 'NONE', #249, .T. ) ;
#976 = ADVANCED_FACE ( 'NONE', ( #484 ), #635, .F. ) ;
#977 = EDGE_CURVE ( 'NONE', #263, #483, #1355, .T. ) ;
#978 = PLANE ( 'NONE',  #907 ) ;
#979 = FACE_OUTER_BOUND ( 'NONE', #800, .T. ) ;
#980 = ORIENTED_EDGE ( 'NONE', *, *, #1024, .F. ) ;
#981 = DIRECTION ( 'NONE',  ( -0.000000000000000000, -0.000000000000000000, -1.000000000000000000 ) ) ;
#982 = CARTESIAN_POINT ( 'NONE',  ( 27.25000000000000355, -2.250000000000000000, -126.4999999999991900 ) ) ;
#983 = ADVANCED_FACE ( 'NONE', ( #979 ), #990, .T. ) ;
#984 = DIRECTION ( 'NONE',  ( 0.000000000000000000, 0.000000000000000000, 1.000000000000000000 ) ) ;
#985 = EDGE_LOOP ( 'NONE', ( #156, #18, #932, #1392 ) ) ;
#986 = VERTEX_POINT ( 'NONE', #11 ) ;
#987 = AXIS2_PLACEMENT_3D ( 'NONE', #726, #200, #1050 ) ;
#988 = CARTESIAN_POINT ( 'NONE',  ( -27.15695122800055472, 2.250000000000000000, -126.4999999999991900 ) ) ;
#989 = CARTESIAN_POINT ( 'NONE',  ( -24.39199796489158345, 0.000000000000000000, -84.03341054402818600 ) ) ;
#990 = TOROIDAL_SURFACE ( 'NONE', #1102, 30.50000000000000000, 6.500000000000000888 ) ;
#991 = EDGE_LOOP ( 'NONE', ( #12, #825, #804, #489 ) ) ;
#992 = ORIENTED_EDGE ( 'NONE', *, *, #610, .F. ) ;
#993 = VECTOR ( 'NONE', #1362, 1000.000000000000000 ) ;
#994 = CARTESIAN_POINT ( 'NONE',  ( -1.034382033905950747E-14, 0.000000000000000000, -88.38163490354155272 ) ) ;
#995 = AXIS2_PLACEMENT_3D ( 'NONE', #1324, #930, #269 ) ;
#996 = DIRECTION ( 'NONE',  ( -1.000000000000000000, 0.000000000000000000, 0.000000000000000000 ) ) ;
#997 = ORIENTED_EDGE ( 'NONE', *, *, #202, .F. ) ;
#998 = DIRECTION ( 'NONE',  ( -1.000000000000000000, 0.000000000000000000, 0.000000000000000000 ) ) ;
#999 = EDGE_CURVE ( 'NONE', #483, #1344, #307, .T. ) ;
#1000 = VERTEX_POINT ( 'NONE', #341 ) ;
#1001 = CARTESIAN_POINT ( 'NONE',  ( 1.387778780781445676E-14, 0.000000000000000000, -152.4999999999992042 ) ) ;
#1002 = EDGE_CURVE ( 'NONE', #1348, #748, #834, .T. ) ;
#1003 = DIRECTION ( 'NONE',  ( -0.000000000000000000, -0.000000000000000000, -1.000000000000000000 ) ) ;
#1004 = ORIENTED_EDGE ( 'NONE', *, *, #999, .F. ) ;
#1005 = DIRECTION ( 'NONE',  ( -1.000000000000000000, 0.000000000000000000, 0.000000000000000000 ) ) ;
#1006 = ORIENTED_EDGE ( 'NONE', *, *, #318, .T. ) ;
#1007 = VECTOR ( 'NONE', #557, 1000.000000000000000 ) ;
#1008 = DIRECTION ( 'NONE',  ( -0.7071067811865515695, 0.000000000000000000, 0.7071067811865435759 ) ) ;
#1009 = CIRCLE ( 'NONE', #739, 25.75000000000000711 ) ;
#1010 = VERTEX_POINT ( 'NONE', #835 ) ;
#1011 = CC_DESIGN_SECURITY_CLASSIFICATION ( #1297, ( #157 ) ) ;
#1012 = CARTESIAN_POINT ( 'NONE',  ( 38.07611844574835658, 0.000000000000000000, 38.07611844574869053 ) ) ;
#1013 = CIRCLE ( 'NONE', #252, 27.25000000000000355 ) ;
#1014 = CARTESIAN_POINT ( 'NONE',  ( 109.5000000000000853, 0.000000000000000000, 73.43755415948707821 ) ) ;
#1015 = ORIENTED_EDGE ( 'NONE', *, *, #797, .T. ) ;
#1016 =( LENGTH_UNIT ( ) NAMED_UNIT ( * ) SI_UNIT ( .MILLI., .METRE. ) );
#1017 = CIRCLE ( 'NONE', #594, 25.50000000000000000 ) ;
#1018 = CARTESIAN_POINT ( 'NONE',  ( -1.034382033905950747E-14, 0.000000000000000000, -152.4999999999992042 ) ) ;
#1019 = ORIENTED_EDGE ( 'NONE', *, *, #691, .T. ) ;
#1020 = CIRCLE ( 'NONE', #123, 25.50000000000000000 ) ;
#1021 = CARTESIAN_POINT ( 'NONE',  ( -2.249999999999964029, -27.15695122800054762, -152.4999999999992610 ) ) ;
#1022 = ADVANCED_FACE ( 'NONE', ( #760 ), #697, .T. ) ;
#1023 = AXIS2_PLACEMENT_3D ( 'NONE', #872, #1097, #577 ) ;
#1024 = EDGE_CURVE ( 'NONE', #1195, #383, #519, .T. ) ;
#1025 = DIRECTION ( 'NONE',  ( -1.000000000000000000, 0.000000000000000000, 0.000000000000000000 ) ) ;
#1026 = ORIENTED_EDGE ( 'NONE', *, *, #444, .F. ) ;
#1027 = CARTESIAN_POINT ( 'NONE',  ( 21.10555569727112157, 2.939152317953647500E-15, 55.04668119422573369 ) ) ;
#1028 = ORIENTED_EDGE ( 'NONE', *, *, #650, .T. ) ;
#1029 = EDGE_CURVE ( 'NONE', #986, #326, #880, .T. ) ;
#1030 = DIRECTION ( 'NONE',  ( -1.000000000000000000, 0.000000000000000000, 0.000000000000000000 ) ) ;
#1031 = EDGE_CURVE ( 'NONE', #796, #39, #1059, .T. ) ;
#1032 = DIRECTION ( 'NONE',  ( -0.000000000000000000, -0.000000000000000000, 1.000000000000000000 ) ) ;
#1033 = EDGE_LOOP ( 'NONE', ( #1384, #172, #936, #215 ) ) ;
#1034 = DIRECTION ( 'NONE',  ( -1.000000000000000000, 1.224646799147353947E-16, 0.000000000000000000 ) ) ;
#1035 = DIRECTION ( 'NONE',  ( 0.000000000000000000, 0.000000000000000000, 1.000000000000000000 ) ) ;
#1036 = DIRECTION ( 'NONE',  ( 0.000000000000000000, 0.000000000000000000, -1.000000000000000000 ) ) ;
#1037 = CIRCLE ( 'NONE', #766, 25.75000000000000711 ) ;
#1038 = ORIENTED_EDGE ( 'NONE', *, *, #771, .T. ) ;
#1039 = CARTESIAN_POINT ( 'NONE',  ( 55.04668119422558448, 0.000000000000000000, 21.10555569727164027 ) ) ;
#1040 = CYLINDRICAL_SURFACE ( 'NONE', #85, 27.25000000000000711 ) ;
#1041 = VERTEX_POINT ( 'NONE', #634 ) ;
#1042 = EDGE_CURVE ( 'NONE', #1336, #446, #1060, .T. ) ;
#1043 = CARTESIAN_POINT ( 'NONE',  ( 1.766983734377474645E-15, 0.000000000000000000, -88.38163490354155272 ) ) ;
#1044 = CC_DESIGN_DATE_AND_TIME_ASSIGNMENT ( #801, #369, ( #524 ) ) ;
#1045 = DIRECTION ( 'NONE',  ( -0.7071067811865516806, 0.000000000000000000, 0.7071067811865433539 ) ) ;
#1046 = PRODUCT_DEFINITION_SHAPE ( 'NONE', 'NONE',  #524 ) ;
#1047 = CARTESIAN_POINT ( 'NONE',  ( 1.387778780781445676E-14, 0.000000000000000000, -86.67153418691323452 ) ) ;
#1048 = ORIENTED_EDGE ( 'NONE', *, *, #107, .T. ) ;
#1049 = ORIENTED_EDGE ( 'NONE', *, *, #1061, .T. ) ;
#1050 = DIRECTION ( 'NONE',  ( -1.000000000000000000, 0.000000000000000000, 0.000000000000000000 ) ) ;
#1051 = FACE_OUTER_BOUND ( 'NONE', #1069, .T. ) ;
#1052 = DIRECTION ( 'NONE',  ( -0.000000000000000000, -1.000000000000000000, -0.000000000000000000 ) ) ;
#1053 = DIRECTION ( 'NONE',  ( 0.7071067811865513475, 0.000000000000000000, -0.7071067811865436870 ) ) ;
#1054 = AXIS2_PLACEMENT_3D ( 'NONE', #1370, #1334, #1177 ) ;
#1055 = EDGE_LOOP ( 'NONE', ( #375, #848, #460, #731 ) ) ;
#1056 = VECTOR ( 'NONE', #36, 1000.000000000000114 ) ;
#1057 = COORDINATED_UNIVERSAL_TIME_OFFSET ( 1, 0, .AHEAD. ) ;
#1058 = EDGE_LOOP ( 'NONE', ( #952, #102, #411, #535 ) ) ;
#1059 = CIRCLE ( 'NONE', #453, 27.25000000000000355 ) ;
#1060 = LINE ( 'NONE', #187, #946 ) ;
#1061 = EDGE_CURVE ( 'NONE', #860, #660, #1257, .T. ) ;
#1062 = CARTESIAN_POINT ( 'NONE',  ( 25.65151067676131191, -2.250000000000000000, -126.4999999999991900 ) ) ;
#1063 = FACE_OUTER_BOUND ( 'NONE', #843, .T. ) ;
#1064 = AXIS2_PLACEMENT_3D ( 'NONE', #399, #956, #736 ) ;
#1065 = EDGE_CURVE ( 'NONE', #1041, #1385, #1122, .T. ) ;
#1066 = ORIENTED_EDGE ( 'NONE', *, *, #20, .F. ) ;
#1067 = ADVANCED_FACE ( 'NONE', ( #528 ), #954, .T. ) ;
#1068 = AXIS2_PLACEMENT_3D ( 'NONE', #866, #1179, #1078 ) ;
#1069 = EDGE_LOOP ( 'NONE', ( #642, #114, #1325, #6, #541, #759, #1124, #1294, #368, #386, #1249, #1145 ) ) ;
#1070 = DIRECTION ( 'NONE',  ( 0.000000000000000000, 1.000000000000000000, 0.000000000000000000 ) ) ;
#1071 = CARTESIAN_POINT ( 'NONE',  ( 130.0000000000000000, 0.000000000000000000, -53.84776310850193681 ) ) ;
#1072 = DIRECTION ( 'NONE',  ( 0.000000000000000000, -0.000000000000000000, -1.000000000000000000 ) ) ;
#1073 = ORIENTED_EDGE ( 'NONE', *, *, #297, .F. ) ;
#1074 = ORIENTED_EDGE ( 'NONE', *, *, #171, .F. ) ;
#1075 = LINE ( 'NONE', #223, #186 ) ;
#1076 = CARTESIAN_POINT ( 'NONE',  ( 30.50000000000001421, 0.000000000000000000, -81.81027961241134960 ) ) ;
#1077 = DIRECTION ( 'NONE',  ( -0.3420201433256687684, 0.000000000000000000, -0.9396926207859083169 ) ) ;
#1078 = DIRECTION ( 'NONE',  ( 1.000000000000000000, 0.000000000000000000, 0.000000000000000000 ) ) ;
#1079 = ORIENTED_EDGE ( 'NONE', *, *, #436, .T. ) ;
#1080 = DIRECTION ( 'NONE',  ( 1.000000000000000000, 0.000000000000000000, 0.000000000000000000 ) ) ;
#1081 = AXIS2_PLACEMENT_3D ( 'NONE', #1322, #498, #1034 ) ;
#1082 = PLANE ( 'NONE',  #1255 ) ;
#1083 = FACE_OUTER_BOUND ( 'NONE', #769, .T. ) ;
#1084 = ORIENTED_EDGE ( 'NONE', *, *, #340, .F. ) ;
#1085 = VECTOR ( 'NONE', #328, 1000.000000000000000 ) ;
#1086 = FACE_OUTER_BOUND ( 'NONE', #452, .T. ) ;
#1087 = VERTEX_POINT ( 'NONE', #1296 ) ;
#1088 = ADVANCED_FACE ( 'NONE', ( #1380 ), #564, .F. ) ;
#1089 = VECTOR ( 'NONE', #494, 1000.000000000000000 ) ;
#1090 = CARTESIAN_POINT ( 'NONE',  ( -25.65151067676133678, 2.250000000000000000, -152.4999999999992042 ) ) ;
#1091 = CARTESIAN_POINT ( 'NONE',  ( 91.46877707974300620, 0.000000000000000000, 91.46877707974394411 ) ) ;
#1092 = ADVANCED_FACE ( 'NONE', ( #1086 ), #1040, .T. ) ;
#1093 = PLANE ( 'NONE',  #842 ) ;
#1094 = ORIENTED_EDGE ( 'NONE', *, *, #486, .F. ) ;
#1095 = CARTESIAN_POINT ( 'NONE',  ( -25.65151067676133323, -2.249999999999999112, -126.4999999999991900 ) ) ;
#1096 = DIRECTION ( 'NONE',  ( -0.7071067811865515695, 0.000000000000000000, 0.7071067811865435759 ) ) ;
#1097 = DIRECTION ( 'NONE',  ( 0.000000000000000000, 1.000000000000000000, 0.000000000000000000 ) ) ;
#1098 = ORIENTED_EDGE ( 'NONE', *, *, #1307, .F. ) ;
#1099 = CIRCLE ( 'NONE', #898, 25.50000000000000000 ) ;
#1100 = DIRECTION ( 'NONE',  ( 0.000000000000000000, 0.000000000000000000, 1.000000000000000000 ) ) ;
#1101 = CARTESIAN_POINT ( 'NONE',  ( 25.80153689607047696, 3.230005932751143871E-15, -83.52038032903969622 ) ) ;
#1102 = AXIS2_PLACEMENT_3D ( 'NONE', #503, #421, #554 ) ;
#1103 = EDGE_LOOP ( 'NONE', ( #130, #57, #166, #1119 ) ) ;
#1104 = CARTESIAN_POINT ( 'NONE',  ( -1.034382033905950747E-14, 0.000000000000000000, -126.4999999999991900 ) ) ;
#1105 = EDGE_CURVE ( 'NONE', #1369, #696, #230, .T. ) ;
#1106 = EDGE_LOOP ( 'NONE', ( #619, #149, #1289, #305 ) ) ;
#1107 = AXIS2_PLACEMENT_3D ( 'NONE', #715, #1156, #957 ) ;
#1108 = CARTESIAN_POINT ( 'NONE',  ( -1.034382033905950747E-14, 0.000000000000000000, -126.4999999999991900 ) ) ;
#1109 = VECTOR ( 'NONE', #596, 1000.000000000000000 ) ;
#1110 = DIRECTION ( 'NONE',  ( 0.000000000000000000, -1.000000000000000000, 0.000000000000000000 ) ) ;
#1111 = DIRECTION ( 'NONE',  ( -0.000000000000000000, -0.000000000000000000, -1.000000000000000000 ) ) ;
#1112 = ORIENTED_EDGE ( 'NONE', *, *, #1376, .T. ) ;
#1113 =( NAMED_UNIT ( * ) PLANE_ANGLE_UNIT ( ) SI_UNIT ( $, .RADIAN. ) );
#1114 = DIRECTION ( 'NONE',  ( 0.000000000000000000, -1.000000000000000000, 0.000000000000000000 ) ) ;
#1115 = DIRECTION ( 'NONE',  ( 0.000000000000000000, 0.000000000000000000, -1.000000000000000000 ) ) ;
#1116 = ORIENTED_EDGE ( 'NONE', *, *, #883, .F. ) ;
#1117 = ADVANCED_FACE ( 'NONE', ( #515 ), #947, .T. ) ;
#1118 = LINE ( 'NONE', #1027, #451 ) ;
#1119 = ORIENTED_EDGE ( 'NONE', *, *, #79, .F. ) ;
#1120 = APPROVAL ( #376, 'UNSPECIFIED' ) ;
#1121 = VECTOR ( 'NONE', #1003, 1000.000000000000000 ) ;
#1122 = CIRCLE ( 'NONE', #807, 27.25000000000000711 ) ;
#1123 = DIRECTION ( 'NONE',  ( -1.000000000000000000, 0.000000000000000000, 0.000000000000000000 ) ) ;
#1124 = ORIENTED_EDGE ( 'NONE', *, *, #148, .F. ) ;
#1125 = DATE_AND_TIME ( #41, #566 ) ;
#1126 = VECTOR ( 'NONE', #55, 1000.000000000000000 ) ;
#1127 = ADVANCED_FACE ( 'NONE', ( #1051 ), #858, .T. ) ;
#1128 = LINE ( 'NONE', #59, #233 ) ;
#1129 = TOROIDAL_SURFACE ( 'NONE', #1068, 30.50000000000000000, 5.000000000000000000 ) ;
#1130 = CARTESIAN_POINT ( 'NONE',  ( -1.034382033905950747E-14, 0.000000000000000000, -126.4999999999991900 ) ) ;
#1131 = AXIS2_PLACEMENT_3D ( 'NONE', #617, #847, #197 ) ;
#1132 = CARTESIAN_POINT ( 'NONE',  ( 2.250000000000034195, -27.15695122800054051, -152.4999999999992610 ) ) ;
#1133 = ORIENTED_EDGE ( 'NONE', *, *, #570, .F. ) ;
#1134 =( NAMED_UNIT ( * ) SI_UNIT ( $, .STERADIAN. ) SOLID_ANGLE_UNIT ( ) );
#1135 = CARTESIAN_POINT ( 'NONE',  ( 1.387778780781445676E-14, 0.000000000000000000, -88.01303021498767976 ) ) ;
#1136 = ORIENTED_EDGE ( 'NONE', *, *, #614, .F. ) ;
#1137 = CARTESIAN_POINT ( 'NONE',  ( 2.250000000000034195, 27.15695122800054051, -152.4999999999992610 ) ) ;
#1138 = DIRECTION ( 'NONE',  ( 0.000000000000000000, -0.000000000000000000, -1.000000000000000000 ) ) ;
#1139 = VERTEX_POINT ( 'NONE', #1371 ) ;
#1140 = CARTESIAN_POINT ( 'NONE',  ( 25.74999999999999645, 3.153465507804435193E-15, -152.4999999999992610 ) ) ;
#1141 = CARTESIAN_POINT ( 'NONE',  ( 1.387778780781445676E-14, 0.000000000000000000, -53.84776310850192260 ) ) ;
#1142 = FACE_OUTER_BOUND ( 'NONE', #1157, .T. ) ;
#1143 = EDGE_CURVE ( 'NONE', #1282, #1336, #1009, .T. ) ;
#1144 = VECTOR ( 'NONE', #1201, 1000.000000000000114 ) ;
#1145 = ORIENTED_EDGE ( 'NONE', *, *, #1312, .F. ) ;
#1146 = EDGE_CURVE ( 'NONE', #631, #1087, #827, .T. ) ;
#1147 = CARTESIAN_POINT ( 'NONE',  ( 91.46877707974302041, 0.000000000000000000, 91.46877707974392990 ) ) ;
#1148 = CARTESIAN_POINT ( 'NONE',  ( 27.24999999999999645, 3.337162527676538309E-15, -126.4999999999991900 ) ) ;
#1149 = CONICAL_SURFACE ( 'NONE', #525, 27.24999999999997158, 0.3490658503988660066 ) ;
#1150 = CARTESIAN_POINT ( 'NONE',  ( 56.10734136600541433, 0.000000000000000000, 20.04489552549182463 ) ) ;
#1151 = CARTESIAN_POINT ( 'NONE',  ( -2.249999999999964917, 27.24999999999999645, -126.4999999999991900 ) ) ;
#1152 = ORIENTED_EDGE ( 'NONE', *, *, #1246, .F. ) ;
#1153 = DIRECTION ( 'NONE',  ( -1.000000000000000000, 0.000000000000000000, -2.775557561562891351E-16 ) ) ;
#1154 = CARTESIAN_POINT ( 'NONE',  ( 24.00000000000001066, 0.000000000000000000, -53.84776310850192260 ) ) ;
#1155 = CARTESIAN_POINT ( 'NONE',  ( 1.387778780781445676E-14, 0.000000000000000000, -81.81027961241134960 ) ) ;
#1156 = DIRECTION ( 'NONE',  ( 0.000000000000000000, 0.000000000000000000, 1.000000000000000000 ) ) ;
#1157 = EDGE_LOOP ( 'NONE', ( #625, #37, #379, #1073 ) ) ;
#1158 = EDGE_CURVE ( 'NONE', #706, #1256, #742, .T. ) ;
#1159 = VERTEX_POINT ( 'NONE', #1148 ) ;
#1160 = DIRECTION ( 'NONE',  ( 0.000000000000000000, 0.000000000000000000, 1.000000000000000000 ) ) ;
#1161 = FACE_OUTER_BOUND ( 'NONE', #875, .T. ) ;
#1162 = ADVANCED_FACE ( 'NONE', ( #1161 ), #113, .T. ) ;
#1163 = DIRECTION ( 'NONE',  ( 0.7071067811865435759, 0.000000000000000000, 0.7071067811865513475 ) ) ;
#1164 = CC_DESIGN_DATE_AND_TIME_ASSIGNMENT ( #1125, #474, ( #1297 ) ) ;
#1165 = LINE ( 'NONE', #533, #661 ) ;
#1166 = AXIS2_PLACEMENT_3D ( 'NONE', #455, #329, #974 ) ;
#1167 = ORIENTED_EDGE ( 'NONE', *, *, #534, .F. ) ;
#1168 = AXIS2_PLACEMENT_3D ( 'NONE', #802, #920, #1338 ) ;
#1169 = ORIENTED_EDGE ( 'NONE', *, *, #299, .T. ) ;
#1170 = DIRECTION ( 'NONE',  ( -1.000000000000000000, 0.000000000000000000, 0.000000000000000000 ) ) ;
#1171 = CARTESIAN_POINT ( 'NONE',  ( 27.25000000000000355, -2.250000000000000000, -126.4999999999991900 ) ) ;
#1172 = CARTESIAN_POINT ( 'NONE',  ( -2.249999999999964917, -27.15695122800054762, -152.4999999999992042 ) ) ;
#1173 = VECTOR ( 'NONE', #109, 1000.000000000000000 ) ;
#1174 = ORIENTED_EDGE ( 'NONE', *, *, #1226, .T. ) ;
#1175 = ORIENTED_EDGE ( 'NONE', *, *, #797, .F. ) ;
#1176 = LINE ( 'NONE', #222, #1173 ) ;
#1177 = DIRECTION ( 'NONE',  ( -0.000000000000000000, 0.000000000000000000, -1.000000000000000000 ) ) ;
#1178 = DIRECTION ( 'NONE',  ( -0.7071067811865433539, 0.000000000000000000, -0.7071067811865516806 ) ) ;
#1179 = DIRECTION ( 'NONE',  ( 0.000000000000000000, 0.000000000000000000, 1.000000000000000000 ) ) ;
#1180 = VERTEX_POINT ( 'NONE', #955 ) ;
#1181 = CARTESIAN_POINT ( 'NONE',  ( 1.387778780781445676E-14, 0.000000000000000000, -152.4999999999992042 ) ) ;
#1182 = DIRECTION ( 'NONE',  ( 2.775557561562891351E-16, 0.000000000000000000, -1.000000000000000000 ) ) ;
#1183 = ORIENTED_EDGE ( 'NONE', *, *, #461, .T. ) ;
#1184 = VECTOR ( 'NONE', #763, 1000.000000000000000 ) ;
#1185 = EDGE_CURVE ( 'NONE', #144, #1319, #1361, .T. ) ;
#1186 = CARTESIAN_POINT ( 'NONE',  ( 1.387778780781445676E-14, 0.000000000000000000, -152.4999999999992042 ) ) ;
#1187 = ORIENTED_EDGE ( 'NONE', *, *, #1286, .F. ) ;
#1188 = CC_DESIGN_PERSON_AND_ORGANIZATION_ASSIGNMENT ( #1321, #895, ( #157 ) ) ;
#1189 = DIRECTION ( 'NONE',  ( -0.7071067811865433539, 0.000000000000000000, -0.7071067811865516806 ) ) ;
#1190 = CIRCLE ( 'NONE', #678, 25.75000000000000711 ) ;
#1191 = FACE_OUTER_BOUND ( 'NONE', #991, .T. ) ;
#1192 = AXIS2_PLACEMENT_3D ( 'NONE', #1012, #493, #372 ) ;
#1193 = VERTEX_POINT ( 'NONE', #845 ) ;
#1194 = AXIS2_PLACEMENT_3D ( 'NONE', #49, #1036, #70 ) ;
#1195 = VERTEX_POINT ( 'NONE', #1154 ) ;
#1196 = VECTOR ( 'NONE', #623, 1000.000000000000114 ) ;
#1197 = DIRECTION ( 'NONE',  ( 0.000000000000000000, 0.000000000000000000, -1.000000000000000000 ) ) ;
#1198 = PLANE ( 'NONE',  #718 ) ;
#1199 = ORIENTED_EDGE ( 'NONE', *, *, #202, .T. ) ;
#1200 = VERTEX_POINT ( 'NONE', #750 ) ;
#1201 = DIRECTION ( 'NONE',  ( -0.3420201433256687684, 0.000000000000000000, -0.9396926207859083169 ) ) ;
#1202 = EDGE_CURVE ( 'NONE', #512, #1180, #1075, .T. ) ;
#1203 = EDGE_CURVE ( 'NONE', #685, #514, #923, .T. ) ;
#1204 = ORIENTED_EDGE ( 'NONE', *, *, #1185, .F. ) ;
#1205 = ORIENTED_EDGE ( 'NONE', *, *, #1002, .T. ) ;
#1206 = AXIS2_PLACEMENT_3D ( 'NONE', #1186, #301, #1153 ) ;
#1207 = CARTESIAN_POINT ( 'NONE',  ( 56.10734136600543565, 0.000000000000000000, 20.04489552549184594 ) ) ;
#1208 = DIRECTION ( 'NONE',  ( 0.000000000000000000, -0.000000000000000000, -1.000000000000000000 ) ) ;
#1209 = CIRCLE ( 'NONE', #1168, 24.39199796489159411 ) ;
#1210 = ORIENTED_EDGE ( 'NONE', *, *, #548, .F. ) ;
#1211 = LINE ( 'NONE', #56, #643 ) ;
#1212 = ORIENTED_EDGE ( 'NONE', *, *, #382, .T. ) ;
#1213 = PERSON_AND_ORGANIZATION_ROLE ( 'classification_officer' ) ;
#1214 = CLOSED_SHELL ( 'NONE', ( #502, #417, #1288, #1022, #816, #374, #175, #591, #177, #871, #235, #1332, #487, #1127, #1092, #48, #518, #1067, #77, #151, #463, #1162, #732, #789, #311, #35, #256, #1248, #799, #17, #976, #983, #1088, #63, #881, #917, #724, #236, #86, #398, #1117, #278, #670, #209, #128 ) ) ;
#1215 = PLANE ( 'NONE',  #274 ) ;
#1216 = VERTEX_POINT ( 'NONE', #1381 ) ;
#1217 = DIRECTION ( 'NONE',  ( 1.000000000000000000, 0.000000000000000000, 0.000000000000000000 ) ) ;
#1218 = EDGE_CURVE ( 'NONE', #1216, #680, #471, .T. ) ;
#1219 = EDGE_LOOP ( 'NONE', ( #960, #116, #476, #740, #855, #1318 ) ) ;
#1220 = APPROVAL_DATE_TIME ( #1244, #773 ) ;
#1221 = EDGE_CURVE ( 'NONE', #1235, #1265, #250, .T. ) ;
#1222 = CARTESIAN_POINT ( 'NONE',  ( -25.49999999999998579, 3.122849337825750222E-15, -152.4999999999992042 ) ) ;
#1223 = DIRECTION ( 'NONE',  ( 0.000000000000000000, 1.000000000000000000, 0.000000000000000000 ) ) ;
#1224 = DIRECTION ( 'NONE',  ( -0.000000000000000000, -0.000000000000000000, 1.000000000000000000 ) ) ;
#1225 = EDGE_CURVE ( 'NONE', #651, #1159, #621, .T. ) ;
#1226 = EDGE_CURVE ( 'NONE', #860, #1087, #1253, .T. ) ;
#1227 = ORIENTED_EDGE ( 'NONE', *, *, #556, .F. ) ;
#1228 = CARTESIAN_POINT ( 'NONE',  ( 0.000000000000000000, 0.000000000000000000, 0.000000000000000000 ) ) ;
#1229 = AXIS2_PLACEMENT_3D ( 'NONE', #208, #530, #516 ) ;
#1230 = CARTESIAN_POINT ( 'NONE',  ( 1.387778780781445676E-14, 0.000000000000000000, -87.49999999999918998 ) ) ;
#1231 = CIRCLE ( 'NONE', #473, 23.99999999999999289 ) ;
#1232 = UNCERTAINTY_MEASURE_WITH_UNIT (LENGTH_MEASURE( 1.000000000000000082E-05 ), #1016, 'distance_accuracy_value', 'NONE');
#1233 = DIRECTION ( 'NONE',  ( 1.000000000000000000, 0.000000000000000000, 0.000000000000000000 ) ) ;
#1234 = CARTESIAN_POINT ( 'NONE',  ( 27.25000000000000355, -2.250000000000000000, -152.4999999999992042 ) ) ;
#1235 = VERTEX_POINT ( 'NONE', #1284 ) ;
#1236 = PERSON_AND_ORGANIZATION ( #377, #677 ) ;
#1237 = CIRCLE ( 'NONE', #640, 27.25000000000000711 ) ;
#1238 = CARTESIAN_POINT ( 'NONE',  ( 27.15695122800053340, -2.250000000000000000, -152.4999999999992042 ) ) ;
#1239 = VERTEX_POINT ( 'NONE', #579 ) ;
#1240 = CIRCLE ( 'NONE', #325, 25.75000000000000711 ) ;
#1241 = CARTESIAN_POINT ( 'NONE',  ( -1.034382033905950747E-14, 0.000000000000000000, -152.4999999999992610 ) ) ;
#1242 = CARTESIAN_POINT ( 'NONE',  ( 1.387778780781445676E-14, 0.000000000000000000, -152.4999999999992042 ) ) ;
#1243 = EDGE_LOOP ( 'NONE', ( #234, #943, #260, #909 ) ) ;
#1244 = DATE_AND_TIME ( #704, #790 ) ;
#1245 = FACE_OUTER_BOUND ( 'NONE', #310, .T. ) ;
#1246 = EDGE_CURVE ( 'NONE', #1200, #1010, #246, .T. ) ;
#1247 = DIRECTION ( 'NONE',  ( -0.000000000000000000, 0.000000000000000000, -1.000000000000000000 ) ) ;
#1248 = ADVANCED_FACE ( 'NONE', ( #118 ), #1309, .F. ) ;
#1249 = ORIENTED_EDGE ( 'NONE', *, *, #1065, .F. ) ;
#1250 = DIRECTION ( 'NONE',  ( -0.7071067811865515695, 0.000000000000000000, 0.7071067811865435759 ) ) ;
#1251 = DIRECTION ( 'NONE',  ( 0.000000000000000000, 0.000000000000000000, 1.000000000000000000 ) ) ;
#1252 = CARTESIAN_POINT ( 'NONE',  ( 1.766983734377474645E-15, 0.000000000000000000, -88.38163490354155272 ) ) ;
#1253 = CIRCLE ( 'NONE', #632, 27.25000000000000355 ) ;
#1254 = CARTESIAN_POINT ( 'NONE',  ( 27.25000000000000355, -2.250000000000000000, -126.4999999999991900 ) ) ;
#1255 = AXIS2_PLACEMENT_3D ( 'NONE', #878, #119, #1 ) ;
#1256 = VERTEX_POINT ( 'NONE', #780 ) ;
#1257 = LINE ( 'NONE', #1359, #342 ) ;
#1258 = AXIS2_PLACEMENT_3D ( 'NONE', #1155, #949, #1373 ) ;
#1259 = LINE ( 'NONE', #1171, #993 ) ;
#1260 = DIRECTION ( 'NONE',  ( 1.000000000000000000, 0.000000000000000000, -0.000000000000000000 ) ) ;
#1261 = AXIS2_PLACEMENT_3D ( 'NONE', #1242, #1032, #798 ) ;
#1262 = ORIENTED_EDGE ( 'NONE', *, *, #442, .T. ) ;
#1263 = EDGE_CURVE ( 'NONE', #1282, #631, #681, .T. ) ;
#1264 = EDGE_CURVE ( 'NONE', #1319, #46, #40, .T. ) ;
#1265 = VERTEX_POINT ( 'NONE', #877 ) ;
#1266 = CARTESIAN_POINT ( 'NONE',  ( 2.250000000000035083, 27.24999999999999645, -152.4999999999992042 ) ) ;
#1267 = CARTESIAN_POINT ( 'NONE',  ( 27.15695122800053340, 2.250000000000000000, -152.4999999999992042 ) ) ;
#1268 = DIRECTION ( 'NONE',  ( -0.7071067811865433539, 0.000000000000000000, -0.7071067811865516806 ) ) ;
#1269 = ORIENTED_EDGE ( 'NONE', *, *, #556, .T. ) ;
#1270 = EDGE_CURVE ( 'NONE', #321, #144, #1099, .T. ) ;
#1271 = EDGE_LOOP ( 'NONE', ( #841, #191, #605, #418 ) ) ;
#1272 = DIRECTION ( 'NONE',  ( -0.000000000000000000, -1.000000000000000000, -0.000000000000000000 ) ) ;
#1273 = CARTESIAN_POINT ( 'NONE',  ( -1.034382033905950747E-14, 0.000000000000000000, -126.4999999999991900 ) ) ;
#1274 = CARTESIAN_POINT ( 'NONE',  ( 108.4393398282202696, 0.000000000000000000, 74.49821433126690806 ) ) ;
#1275 = VECTOR ( 'NONE', #572, 1000.000000000000000 ) ;
#1276 = ORIENTED_EDGE ( 'NONE', *, *, #340, .T. ) ;
#1277 = AXIS2_PLACEMENT_3D ( 'NONE', #475, #903, #1330 ) ;
#1278 = ORIENTED_EDGE ( 'NONE', *, *, #840, .F. ) ;
#1279 = CARTESIAN_POINT ( 'NONE',  ( 130.0000000000000000, -3.122849337825750222E-15, -53.84776310850193681 ) ) ;
#1280 = DIRECTION ( 'NONE',  ( -0.000000000000000000, 0.000000000000000000, -1.000000000000000000 ) ) ;
#1281 = CIRCLE ( 'NONE', #885, 25.75000000000000711 ) ;
#1282 = VERTEX_POINT ( 'NONE', #253 ) ;
#1283 = ORIENTED_EDGE ( 'NONE', *, *, #1158, .T. ) ;
#1284 = CARTESIAN_POINT ( 'NONE',  ( -25.75000000000001421, 0.000000000000000000, -126.4999999999991900 ) ) ;
#1285 = DIRECTION ( 'NONE',  ( -0.000000000000000000, -0.000000000000000000, -1.000000000000000000 ) ) ;
#1286 = EDGE_CURVE ( 'NONE', #1000, #383, #210, .T. ) ;
#1287 = DIRECTION ( 'NONE',  ( -1.000000000000000000, 0.000000000000000000, -2.721134864277344655E-16 ) ) ;
#1288 = ADVANCED_FACE ( 'NONE', ( #674 ), #361, .F. ) ;
#1289 = ORIENTED_EDGE ( 'NONE', *, *, #1270, .T. ) ;
#1290 = DIRECTION ( 'NONE',  ( -0.000000000000000000, -1.000000000000000000, -0.000000000000000000 ) ) ;
#1291 = CARTESIAN_POINT ( 'NONE',  ( -2.249999999999964917, -25.65151067676132968, -126.4999999999991900 ) ) ;
#1292 = CARTESIAN_POINT ( 'NONE',  ( -2.249999999999964917, 25.65151067676132968, -152.4999999999992042 ) ) ;
#1293 = LINE ( 'NONE', #180, #323 ) ;
#1294 = ORIENTED_EDGE ( 'NONE', *, *, #811, .F. ) ;
#1295 = AXIS2_PLACEMENT_3D ( 'NONE', #1341, #288, #65 ) ;
#1296 = CARTESIAN_POINT ( 'NONE',  ( 2.250000000000035083, -27.15695122800054051, -152.4999999999992042 ) ) ;
#1297 = SECURITY_CLASSIFICATION ( '', '', #364 ) ;
#1298 = ORIENTED_EDGE ( 'NONE', *, *, #331, .T. ) ;
#1299 = AXIS2_PLACEMENT_3D ( 'NONE', #237, #774, #247 ) ;
#1300 = CARTESIAN_POINT ( 'NONE',  ( -2.249999999999964917, 27.24999999999999645, -152.4999999999992042 ) ) ;
#1301 = AXIS2_PLACEMENT_3D ( 'NONE', #207, #933, #294 ) ;
#1302 = CYLINDRICAL_SURFACE ( 'NONE', #1299, 23.99999999999999645 ) ;
#1303 = TOROIDAL_SURFACE ( 'NONE', #618, 130.0000000000000000, 23.99999999999999645 ) ;
#1304 = ORIENTED_EDGE ( 'NONE', *, *, #1143, .T. ) ;
#1305 = EDGE_CURVE ( 'NONE', #446, #220, #29, .T. ) ;
#1306 = ORIENTED_EDGE ( 'NONE', *, *, #1029, .T. ) ;
#1307 = EDGE_CURVE ( 'NONE', #1314, #1235, #495, .T. ) ;
#1308 = AXIS2_PLACEMENT_3D ( 'NONE', #73, #190, #296 ) ;
#1309 = CYLINDRICAL_SURFACE ( 'NONE', #966, 23.99999999999999645 ) ;
#1310 = DIRECTION ( 'NONE',  ( 0.000000000000000000, 0.000000000000000000, 1.000000000000000000 ) ) ;
#1311 = ORIENTED_EDGE ( 'NONE', *, *, #259, .F. ) ;
#1312 = EDGE_CURVE ( 'NONE', #921, #1041, #757, .T. ) ;
#1313 = DIRECTION ( 'NONE',  ( -1.000000000000000000, 0.000000000000000000, 0.000000000000000000 ) ) ;
#1314 = VERTEX_POINT ( 'NONE', #1095 ) ;
#1315 = DIRECTION ( 'NONE',  ( -0.000000000000000000, -0.000000000000000000, 1.000000000000000000 ) ) ;
#1316 = PLANE ( 'NONE',  #363 ) ;
#1317 = EDGE_LOOP ( 'NONE', ( #890, #666, #536, #980 ) ) ;
#1318 = ORIENTED_EDGE ( 'NONE', *, *, #919, .F. ) ;
#1319 = VERTEX_POINT ( 'NONE', #1207 ) ;
#1320 = AXIS2_PLACEMENT_3D ( 'NONE', #1108, #1197, #131 ) ;
#1321 = PERSON_AND_ORGANIZATION ( #377, #677 ) ;
#1322 = CARTESIAN_POINT ( 'NONE',  ( -22.24999999999998934, 2.724839128102859807E-15, -88.38163490354155272 ) ) ;
#1323 = CIRCLE ( 'NONE', #1081, 3.499999999999999556 ) ;
#1324 = CARTESIAN_POINT ( 'NONE',  ( -1.034382033905950747E-14, 0.000000000000000000, -152.4999999999992610 ) ) ;
#1325 = ORIENTED_EDGE ( 'NONE', *, *, #174, .F. ) ;
#1326 = AXIS2_PLACEMENT_3D ( 'NONE', #741, #749, #1170 ) ;
#1327 = PERSON_AND_ORGANIZATION ( #377, #677 ) ;
#1328 = VECTOR ( 'NONE', #837, 1000.000000000000000 ) ;
#1329 = CIRCLE ( 'NONE', #725, 27.25000000000000711 ) ;
#1330 = DIRECTION ( 'NONE',  ( -0.7071067811865516806, 0.000000000000000000, 0.7071067811865434649 ) ) ;
#1331 = CARTESIAN_POINT ( 'NONE',  ( 73.43755415948594134, 3.122849337825750222E-15, 109.5000000000007958 ) ) ;
#1332 = ADVANCED_FACE ( 'NONE', ( #440 ), #145, .T. ) ;
#1333 = CYLINDRICAL_SURFACE ( 'NONE', #346, 23.99999999999999645 ) ;
#1334 = DIRECTION ( 'NONE',  ( 1.000000000000000000, 0.000000000000000000, -0.000000000000000000 ) ) ;
#1335 = EDGE_CURVE ( 'NONE', #245, #64, #403, .T. ) ;
#1336 = VERTEX_POINT ( 'NONE', #1291 ) ;
#1337 = PERSON_AND_ORGANIZATION_ROLE ( 'creator' ) ;
#1338 = DIRECTION ( 'NONE',  ( -1.000000000000000000, 0.000000000000000000, 0.000000000000000000 ) ) ;
#1339 = FACE_OUTER_BOUND ( 'NONE', #454, .T. ) ;
#1340 = ORIENTED_EDGE ( 'NONE', *, *, #1270, .F. ) ;
#1341 = CARTESIAN_POINT ( 'NONE',  ( -22.24999999999998934, 2.724839128102859807E-15, -88.38163490354155272 ) ) ;
#1342 = DIRECTION ( 'NONE',  ( 0.000000000000000000, 0.000000000000000000, 1.000000000000000000 ) ) ;
#1343 = DIRECTION ( 'NONE',  ( -1.000000000000000000, 0.000000000000000000, 0.000000000000000000 ) ) ;
#1344 = VERTEX_POINT ( 'NONE', #344 ) ;
#1345 = CIRCLE ( 'NONE', #765, 25.53892417275067217 ) ;
#1346 = FACE_OUTER_BOUND ( 'NONE', #945, .T. ) ;
#1347 = DIRECTION ( 'NONE',  ( 0.000000000000000000, -1.000000000000000000, 0.000000000000000000 ) ) ;
#1348 = VERTEX_POINT ( 'NONE', #334 ) ;
#1349 = COORDINATED_UNIVERSAL_TIME_OFFSET ( 1, 0, .AHEAD. ) ;
#1350 = VECTOR ( 'NONE', #1290, 1000.000000000000000 ) ;
#1351 = CARTESIAN_POINT ( 'NONE',  ( 4.232725281383386591E-14, 0.000000000000000000, -126.4999999999991900 ) ) ;
#1352 = CIRCLE ( 'NONE', #931, 3.500000000000003109 ) ;
#1353 = CARTESIAN_POINT ( 'NONE',  ( 91.46877707974300620, 0.000000000000000000, 91.46877707974394411 ) ) ;
#1354 = ORIENTED_EDGE ( 'NONE', *, *, #754, .F. ) ;
#1355 = LINE ( 'NONE', #1266, #657 ) ;
#1356 = DIRECTION ( 'NONE',  ( 0.000000000000000000, -1.000000000000000000, 0.000000000000000000 ) ) ;
#1357 = DIRECTION ( 'NONE',  ( -0.000000000000000000, -0.000000000000000000, 1.000000000000000000 ) ) ;
#1358 = ORIENTED_EDGE ( 'NONE', *, *, #107, .F. ) ;
#1359 = CARTESIAN_POINT ( 'NONE',  ( 27.25000000000000355, -2.250000000000000000, -152.4999999999992042 ) ) ;
#1360 = CARTESIAN_POINT ( 'NONE',  ( 27.24999999999999645, 3.337162527676538309E-15, -152.4999999999992610 ) ) ;
#1361 = CIRCLE ( 'NONE', #788, 104.5000000000000142 ) ;
#1362 = DIRECTION ( 'NONE',  ( -1.000000000000000000, 0.000000000000000000, 0.000000000000000000 ) ) ;
#1363 = CARTESIAN_POINT ( 'NONE',  ( -25.75000000000001421, 0.000000000000000000, -88.38163490354155272 ) ) ;
#1364 = AXIS2_PLACEMENT_3D ( 'NONE', #963, #429, #1280 ) ;
#1365 = EDGE_CURVE ( 'NONE', #1282, #1348, #864, .T. ) ;
#1366 = AXIS2_PLACEMENT_3D ( 'NONE', #441, #892, #1096 ) ;
#1367 = EDGE_LOOP ( 'NONE', ( #1028, #882, #1152, #125 ) ) ;
#1368 = CC_DESIGN_PERSON_AND_ORGANIZATION_ASSIGNMENT ( #793, #1213, ( #1297 ) ) ;
#1369 = VERTEX_POINT ( 'NONE', #1090 ) ;
#1370 = CARTESIAN_POINT ( 'NONE',  ( -2.249999999999964917, 27.24999999999999645, -126.4999999999991900 ) ) ;
#1371 = CARTESIAN_POINT ( 'NONE',  ( 25.50000000000001066, 0.000000000000000000, -81.81027961241134960 ) ) ;
#1372 = CIRCLE ( 'NONE', #457, 5.000000000000004441 ) ;
#1373 = DIRECTION ( 'NONE',  ( 1.000000000000000000, 0.000000000000000000, 0.000000000000000000 ) ) ;
#1374 = AXIS2_PLACEMENT_3D ( 'NONE', #924, #380, #1005 ) ;
#1375 = CARTESIAN_POINT ( 'NONE',  ( 1.387778780781445676E-14, 0.000000000000000000, -83.52038032903969622 ) ) ;
#1376 = EDGE_CURVE ( 'NONE', #685, #665, #762, .T. ) ;
#1377 = AXIS2_PLACEMENT_3D ( 'NONE', #204, #105, #1053 ) ;
#1378 = VERTEX_POINT ( 'NONE', #562 ) ;
#1379 = ORIENTED_EDGE ( 'NONE', *, *, #15, .T. ) ;
#1380 = FACE_OUTER_BOUND ( 'NONE', #639, .T. ) ;
#1381 = CARTESIAN_POINT ( 'NONE',  ( -25.49999999999998579, 3.122849337825750222E-15, -81.81027961241134960 ) ) ;
#1382 = CARTESIAN_POINT ( 'NONE',  ( 1.387778780781445676E-14, 0.000000000000000000, -83.52038032903969622 ) ) ;
#1383 = DIRECTION ( 'NONE',  ( -1.000000000000000000, 0.000000000000000000, 0.000000000000000000 ) ) ;
#1384 = ORIENTED_EDGE ( 'NONE', *, *, #1394, .F. ) ;
#1385 = VERTEX_POINT ( 'NONE', #988 ) ;
#1386 = DIRECTION ( 'NONE',  ( 0.000000000000000000, 0.000000000000000000, -1.000000000000000000 ) ) ;
#1387 = DIRECTION ( 'NONE',  ( -1.000000000000000000, 0.000000000000000000, 0.000000000000000000 ) ) ;
#1388 = DIRECTION ( 'NONE',  ( 0.7071067811865436870, 0.000000000000000000, 0.7071067811865514585 ) ) ;
#1389 = AXIS2_PLACEMENT_3D ( 'NONE', #836, #428, #95 ) ;
#1390 = VERTEX_POINT ( 'NONE', #821 ) ;
#1391 = AXIS2_PLACEMENT_3D ( 'NONE', #254, #345, #669 ) ;
#1392 = ORIENTED_EDGE ( 'NONE', *, *, #636, .F. ) ;
#1393 = LINE ( 'NONE', #863, #1085 ) ;
#1394 = EDGE_CURVE ( 'NONE', #921, #51, #513, .T. ) ;
#1395 = DIRECTION ( 'NONE',  ( 0.000000000000000000, 1.000000000000000000, 0.000000000000000000 ) ) ;
ENDSEC;
END-ISO-10303-21;
