ISO-10303-21;
HEADER;
FILE_DESCRIPTION (( 'STEP AP203' ),
    '1' );
FILE_NAME ('79-8537 - 63.5mm 90deg.STEP',
    '2026-09-15T22:03:46',
    ( '' ),
    ( '' ),
    'SwSTEP 2.0',
    'SolidWorks 2026',
    '' );
FILE_SCHEMA (( 'CONFIG_CONTROL_DESIGN' ));
ENDSEC;

DATA;
#1 = DIRECTION ( 'NONE',  ( 0.000000000000000000, 1.000000000000000000, 0.000000000000000000 ) ) ;
#2 = CARTESIAN_POINT ( 'NONE',  ( -6.352855270576900799E-15, 0.000000000000000000, -154.1316349035422490 ) ) ;
#3 = CIRCLE ( 'NONE', #791, 31.75000000000000000 ) ;
#4 = AXIS2_PLACEMENT_3D ( 'NONE', #525, #1098, #21 ) ;
#5 = ORIENTED_EDGE ( 'NONE', *, *, #758, .F. ) ;
#6 = LINE ( 'NONE', #543, #1125 ) ;
#7 = EDGE_CURVE ( 'NONE', #532, #159, #248, .T. ) ;
#8 = CARTESIAN_POINT ( 'NONE',  ( -2.250000000000008882, 33.50000000000001421, -192.2500000000000000 ) ) ;
#9 = CARTESIAN_POINT ( 'NONE',  ( -36.75000000000000000, 4.500576986866523006E-15, -147.5602796124119038 ) ) ;
#10 = ORIENTED_EDGE ( 'NONE', *, *, #540, .T. ) ;
#11 = DIRECTION ( 'NONE',  ( 1.000000000000000000, 0.000000000000000000, 0.000000000000000000 ) ) ;
#12 = CARTESIAN_POINT ( 'NONE',  ( -33.50000000000002842, 0.000000000000000000, -154.1316349035422490 ) ) ;
#13 = ORIENTED_EDGE ( 'NONE', *, *, #1041, .F. ) ;
#14 = DIRECTION ( 'NONE',  ( 0.000000000000000000, 0.000000000000000000, -1.000000000000000000 ) ) ;
#15 = ORIENTED_EDGE ( 'NONE', *, *, #1198, .T. ) ;
#16 = DIRECTION ( 'NONE',  ( -1.000000000000000000, 0.000000000000000000, 0.000000000000000000 ) ) ;
#17 = EDGE_CURVE ( 'NONE', #723, #84, #1078, .T. ) ;
#18 = AXIS2_PLACEMENT_3D ( 'NONE', #1021, #387, #932 ) ;
#19 = CARTESIAN_POINT ( 'NONE',  ( 218.2500000000000000, 0.000000000000000000, 0.000000000000000000 ) ) ;
#20 = ORIENTED_EDGE ( 'NONE', *, *, #188, .F. ) ;
#21 = DIRECTION ( 'NONE',  ( -1.000000000000000000, 0.000000000000000000, 0.000000000000000000 ) ) ;
#22 = AXIS2_PLACEMENT_3D ( 'NONE', #45, #1003, #1053 ) ;
#23 = EDGE_LOOP ( 'NONE', ( #1313, #44, #245, #1203 ) ) ;
#24 = DESIGN_CONTEXT ( 'detailed design', #113, 'design' ) ;
#25 = DIRECTION ( 'NONE',  ( -1.000000000000000000, 0.000000000000000000, 0.000000000000000000 ) ) ;
#26 = EDGE_CURVE ( 'NONE', #794, #342, #1150, .T. ) ;
#27 = DIRECTION ( 'NONE',  ( 0.000000000000000000, 0.000000000000000000, -1.000000000000000000 ) ) ;
#28 = LINE ( 'NONE', #1105, #840 ) ;
#29 = ORIENTED_EDGE ( 'NONE', *, *, #1123, .T. ) ;
#30 = FACE_OUTER_BOUND ( 'NONE', #1226, .T. ) ;
#31 = EDGE_CURVE ( 'NONE', #557, #328, #1393, .T. ) ;
#32 = ORIENTED_EDGE ( 'NONE', *, *, #188, .T. ) ;
#33 = DIRECTION ( 'NONE',  ( 0.000000000000000000, 0.000000000000000000, 1.000000000000000000 ) ) ;
#34 = DIRECTION ( 'NONE',  ( -1.000000000000000000, 0.000000000000000000, 0.000000000000000000 ) ) ;
#35 = ORIENTED_EDGE ( 'NONE', *, *, #1073, .T. ) ;
#36 = EDGE_CURVE ( 'NONE', #1183, #150, #478, .T. ) ;
#37 = FACE_OUTER_BOUND ( 'NONE', #1306, .T. ) ;
#38 = EDGE_CURVE ( 'NONE', #614, #69, #183, .T. ) ;
#39 = EDGE_CURVE ( 'NONE', #1355, #1097, #3, .T. ) ;
#40 = ORIENTED_EDGE ( 'NONE', *, *, #75, .T. ) ;
#41 = AXIS2_PLACEMENT_3D ( 'NONE', #827, #1149, #1222 ) ;
#42 = DIRECTION ( 'NONE',  ( -0.000000000000000000, -0.000000000000000000, -1.000000000000000000 ) ) ;
#43 = FACE_OUTER_BOUND ( 'NONE', #375, .T. ) ;
#44 = ORIENTED_EDGE ( 'NONE', *, *, #153, .T. ) ;
#45 = CARTESIAN_POINT ( 'NONE',  ( 218.2500000000000000, 0.000000000000000000, 0.000000000000000000 ) ) ;
#46 = AXIS2_PLACEMENT_3D ( 'NONE', #410, #203, #192 ) ;
#47 = AXIS2_PLACEMENT_3D ( 'NONE', #363, #14, #350 ) ;
#48 = ORIENTED_EDGE ( 'NONE', *, *, #921, .F. ) ;
#49 = AXIS2_PLACEMENT_3D ( 'NONE', #166, #596, #519 ) ;
#50 = COORDINATED_UNIVERSAL_TIME_OFFSET ( 1, 0, .AHEAD. ) ;
#51 = FACE_OUTER_BOUND ( 'NONE', #726, .T. ) ;
#52 = EDGE_CURVE ( 'NONE', #1144, #176, #184, .T. ) ;
#53 = LINE ( 'NONE', #488, #399 ) ;
#54 = DIRECTION ( 'NONE',  ( 1.000000000000000000, 0.000000000000000000, 0.000000000000000000 ) ) ;
#55 = ORIENTED_EDGE ( 'NONE', *, *, #758, .T. ) ;
#56 = DIRECTION ( 'NONE',  ( 0.000000000000000000, -1.000000000000000000, 0.000000000000000000 ) ) ;
#57 = AXIS2_PLACEMENT_3D ( 'NONE', #1291, #861, #329 ) ;
#58 = APPROVAL_DATE_TIME ( #1316, #453 ) ;
#59 = AXIS2_PLACEMENT_3D ( 'NONE', #875, #536, #335 ) ;
#60 = DIRECTION ( 'NONE',  ( 0.000000000000000000, 0.000000000000000000, -1.000000000000000000 ) ) ;
#61 = CARTESIAN_POINT ( 'NONE',  ( 30.25000000000000000, 0.000000000000000000, -130.0000000000000000 ) ) ;
#62 = LINE ( 'NONE', #364, #151 ) ;
#63 = PRODUCT_DEFINITION ( 'UNKNOWN', '', #1146, #24 ) ;
#64 = ORIENTED_EDGE ( 'NONE', *, *, #774, .F. ) ;
#65 = ORIENTED_EDGE ( 'NONE', *, *, #1050, .F. ) ;
#66 = DIRECTION ( 'NONE',  ( 0.000000000000000000, -1.000000000000000000, 0.000000000000000000 ) ) ;
#67 = ORIENTED_EDGE ( 'NONE', *, *, #367, .T. ) ;
#68 = EDGE_CURVE ( 'NONE', #69, #376, #1325, .T. ) ;
#69 = VERTEX_POINT ( 'NONE', #1254 ) ;
#70 = DIRECTION ( 'NONE',  ( -0.000000000000000000, -1.000000000000000000, -0.000000000000000000 ) ) ;
#71 = TOROIDAL_SURFACE ( 'NONE', #1315, 36.75000000000000000, 6.500000000000000888 ) ;
#72 = CARTESIAN_POINT ( 'NONE',  ( 0.000000000000000000, 0.000000000000000000, -152.9345644019024633 ) ) ;
#73 = AXIS2_PLACEMENT_3D ( 'NONE', #253, #806, #578 ) ;
#74 = ORIENTED_EDGE ( 'NONE', *, *, #390, .T. ) ;
#75 = EDGE_CURVE ( 'NONE', #1140, #826, #1362, .T. ) ;
#76 = ORIENTED_EDGE ( 'NONE', *, *, #17, .T. ) ;
#77 = PLANE ( 'NONE',  #264 ) ;
#78 = DIRECTION ( 'NONE',  ( 0.000000000000000000, 0.000000000000000000, 1.000000000000000000 ) ) ;
#79 = VERTEX_POINT ( 'NONE', #507 ) ;
#80 = CARTESIAN_POINT ( 'NONE',  ( -2.250000000000007994, 33.42435489280234862, -218.2499999999999716 ) ) ;
#81 = EDGE_CURVE ( 'NONE', #1335, #79, #1128, .T. ) ;
#82 = CARTESIAN_POINT ( 'NONE',  ( -32.00000000000002842, 0.000000000000000000, -218.2499999999999716 ) ) ;
#83 = DIRECTION ( 'NONE',  ( -0.000000000000000000, -0.000000000000000000, -1.000000000000000000 ) ) ;
#84 = VERTEX_POINT ( 'NONE', #945 ) ;
#85 = EDGE_CURVE ( 'NONE', #704, #1317, #273, .T. ) ;
#86 = LINE ( 'NONE', #964, #1045 ) ;
#87 = FACE_OUTER_BOUND ( 'NONE', #23, .T. ) ;
#88 = FACE_OUTER_BOUND ( 'NONE', #1131, .T. ) ;
#89 = CARTESIAN_POINT ( 'NONE',  ( 130.0000000000000000, 0.000000000000000000, 0.000000000000000000 ) ) ;
#90 = CIRCLE ( 'NONE', #263, 31.75000000000000000 ) ;
#91 = AXIS2_PLACEMENT_3D ( 'NONE', #320, #953, #748 ) ;
#92 = TOROIDAL_SURFACE ( 'NONE', #1299, 36.75000000000000000, 5.000000000000000000 ) ;
#93 = FACE_OUTER_BOUND ( 'NONE', #123, .T. ) ;
#94 = VECTOR ( 'NONE', #636, 1000.000000000000000 ) ;
#95 = DIRECTION ( 'NONE',  ( -1.000000000000000000, 0.000000000000000000, 0.000000000000000000 ) ) ;
#96 = EDGE_CURVE ( 'NONE', #817, #1236, #908, .T. ) ;
#97 = CARTESIAN_POINT ( 'NONE',  ( 0.000000000000000000, 0.000000000000000000, -152.4215341869139593 ) ) ;
#98 = CARTESIAN_POINT ( 'NONE',  ( 0.000000000000000000, 0.000000000000000000, -147.5602796124119038 ) ) ;
#99 = LINE ( 'NONE', #624, #879 ) ;
#100 = DIRECTION ( 'NONE',  ( -1.000000000000000000, 1.224646799147351728E-16, 0.000000000000000000 ) ) ;
#101 = DIRECTION ( 'NONE',  ( 0.000000000000000000, 0.000000000000000000, -1.000000000000000000 ) ) ;
#102 = AXIS2_PLACEMENT_3D ( 'NONE', #210, #449, #661 ) ;
#103 = VECTOR ( 'NONE', #819, 1000.000000000000000 ) ;
#104 = EDGE_LOOP ( 'NONE', ( #1024, #606, #298, #29 ) ) ;
#105 = LINE ( 'NONE', #1270, #839 ) ;
#106 = ADVANCED_FACE ( 'NONE', ( #93 ), #312, .T. ) ;
#107 = DIRECTION ( 'NONE',  ( 0.000000000000000000, 0.000000000000000000, -1.000000000000000000 ) ) ;
#108 = FACE_OUTER_BOUND ( 'NONE', #461, .T. ) ;
#109 = AXIS2_PLACEMENT_3D ( 'NONE', #813, #1047, #1241 ) ;
#110 = APPROVAL_PERSON_ORGANIZATION ( #1202, #918, #1019 ) ;
#111 = EDGE_CURVE ( 'NONE', #826, #349, #105, .T. ) ;
#112 = DIRECTION ( 'NONE',  ( -0.000000000000000000, -0.000000000000000000, 1.000000000000000000 ) ) ;
#113 = APPLICATION_CONTEXT ( 'configuration controlled 3d designs of mechanical parts and assemblies' ) ;
#114 = DIRECTION ( 'NONE',  ( 1.000000000000000000, 0.000000000000000000, 0.000000000000000000 ) ) ;
#115 = DIRECTION ( 'NONE',  ( -1.000000000000000000, 1.224646799147354193E-16, 0.000000000000000000 ) ) ;
#116 = AXIS2_PLACEMENT_3D ( 'NONE', #669, #877, #138 ) ;
#117 = EDGE_LOOP ( 'NONE', ( #929, #15, #277, #741 ) ) ;
#118 = FACE_OUTER_BOUND ( 'NONE', #572, .T. ) ;
#119 = CARTESIAN_POINT ( 'NONE',  ( -6.352855270576900799E-15, 0.000000000000000000, -154.1316349035422490 ) ) ;
#120 = ORIENTED_EDGE ( 'NONE', *, *, #734, .T. ) ;
#121 = DIRECTION ( 'NONE',  ( -1.000000000000000000, 0.000000000000000000, 0.000000000000000000 ) ) ;
#122 = EDGE_CURVE ( 'NONE', #1140, #574, #86, .T. ) ;
#123 = EDGE_LOOP ( 'NONE', ( #940, #323, #55, #590 ) ) ;
#124 = CARTESIAN_POINT ( 'NONE',  ( 130.0000000000000000, -3.888253587292846476E-15, -130.0000000000000000 ) ) ;
#125 = DIRECTION ( 'NONE',  ( -0.000000000000000000, 0.000000000000000000, -1.000000000000000000 ) ) ;
#126 = ORIENTED_EDGE ( 'NONE', *, *, #1330, .F. ) ;
#127 = DIRECTION ( 'NONE',  ( -0.000000000000000000, -0.000000000000000000, -1.000000000000000000 ) ) ;
#128 = ORIENTED_EDGE ( 'NONE', *, *, #31, .T. ) ;
#129 = CARTESIAN_POINT ( 'NONE',  ( 0.000000000000000000, 0.000000000000000000, -147.5602796124119038 ) ) ;
#130 = VECTOR ( 'NONE', #358, 1000.000000000000000 ) ;
#131 = CARTESIAN_POINT ( 'NONE',  ( 0.000000000000000000, 0.000000000000000000, -192.2500000000000000 ) ) ;
#132 = VERTEX_POINT ( 'NONE', #305 ) ;
#133 = DIRECTION ( 'NONE',  ( -0.000000000000000000, -0.000000000000000000, -1.000000000000000000 ) ) ;
#134 = ORIENTED_EDGE ( 'NONE', *, *, #972, .T. ) ;
#135 = CARTESIAN_POINT ( 'NONE',  ( -2.250000000000008882, -31.92080042856069966, -218.2500000000000000 ) ) ;
#136 = DATE_TIME_ROLE ( 'creation_date' ) ;
#137 = ORIENTED_EDGE ( 'NONE', *, *, #446, .T. ) ;
#138 = DIRECTION ( 'NONE',  ( 1.000000000000000000, 0.000000000000000000, 0.000000000000000000 ) ) ;
#139 = CARTESIAN_POINT ( 'NONE',  ( -2.250000000000008882, 33.42435489280235572, -218.2500000000000000 ) ) ;
#140 = EDGE_CURVE ( 'NONE', #723, #817, #746, .T. ) ;
#141 = EDGE_LOOP ( 'NONE', ( #1185, #511, #1037, #249 ) ) ;
#142 = DIRECTION ( 'NONE',  ( -0.000000000000000000, -0.000000000000000000, -1.000000000000000000 ) ) ;
#143 = ORIENTED_EDGE ( 'NONE', *, *, #140, .F. ) ;
#144 = MECHANICAL_CONTEXT ( 'NONE', #975, 'mechanical' ) ;
#145 = DIRECTION ( 'NONE',  ( 0.000000000000000000, 1.000000000000000000, 0.000000000000000000 ) ) ;
#146 = DIRECTION ( 'NONE',  ( -1.000000000000000000, 0.000000000000000000, 0.000000000000000000 ) ) ;
#147 = VERTEX_POINT ( 'NONE', #220 ) ;
#148 = DIRECTION ( 'NONE',  ( 1.000000000000000000, 0.000000000000000000, 0.000000000000000000 ) ) ;
#149 = EDGE_CURVE ( 'NONE', #867, #1290, #1093, .T. ) ;
#150 = VERTEX_POINT ( 'NONE', #333 ) ;
#151 = VECTOR ( 'NONE', #260, 1000.000000000000000 ) ;
#152 = CIRCLE ( 'NONE', #1181, 33.50000000000001421 ) ;
#153 = EDGE_CURVE ( 'NONE', #236, #1317, #6, .T. ) ;
#154 = LOCAL_TIME ( 0, 3, 46.00000000000000000, #50 ) ;
#155 = FACE_OUTER_BOUND ( 'NONE', #1018, .T. ) ;
#156 = CARTESIAN_POINT ( 'NONE',  ( 33.50000000000000000, -2.250000000000000000, -192.2500000000000000 ) ) ;
#157 = ORIENTED_EDGE ( 'NONE', *, *, #789, .T. ) ;
#158 = FACE_OUTER_BOUND ( 'NONE', #803, .T. ) ;
#159 = VERTEX_POINT ( 'NONE', #997 ) ;
#160 = APPROVAL_STATUS ( 'not_yet_approved' ) ;
#161 = DIRECTION ( 'NONE',  ( -1.000000000000000000, 0.000000000000000000, 0.000000000000000000 ) ) ;
#162 = CARTESIAN_POINT ( 'NONE',  ( 218.2500000000000000, 0.000000000000000000, 0.000000000000000000 ) ) ;
#163 = ADVANCED_FACE ( 'NONE', ( #30 ), #92, .F. ) ;
#164 = ORIENTED_EDGE ( 'NONE', *, *, #290, .F. ) ;
#165 = ORIENTED_EDGE ( 'NONE', *, *, #357, .T. ) ;
#166 = CARTESIAN_POINT ( 'NONE',  ( 36.75000000000000000, 0.000000000000000000, -147.5602796124119038 ) ) ;
#167 = ORIENTED_EDGE ( 'NONE', *, *, #1345, .F. ) ;
#168 = ORIENTED_EDGE ( 'NONE', *, *, #1292, .F. ) ;
#169 = AXIS2_PLACEMENT_3D ( 'NONE', #131, #216, #547 ) ;
#170 = CARTESIAN_POINT ( 'NONE',  ( 33.50000000000000000, 2.250000000000000000, -192.2500000000000000 ) ) ;
#171 = AXIS2_PLACEMENT_3D ( 'NONE', #683, #56, #296 ) ;
#172 = LINE ( 'NONE', #711, #471 ) ;
#173 = CARTESIAN_POINT ( 'NONE',  ( -31.92080042856071387, 2.250000000000000000, -218.2500000000000000 ) ) ;
#174 = ORIENTED_EDGE ( 'NONE', *, *, #860, .T. ) ;
#175 = ORIENTED_EDGE ( 'NONE', *, *, #39, .F. ) ;
#176 = VERTEX_POINT ( 'NONE', #1314 ) ;
#177 = DIRECTION ( 'NONE',  ( -0.000000000000000000, -0.000000000000000000, -1.000000000000000000 ) ) ;
#178 = AXIS2_PLACEMENT_3D ( 'NONE', #302, #306, #199 ) ;
#179 = DIRECTION ( 'NONE',  ( 1.000000000000000000, 0.000000000000000000, 0.000000000000000000 ) ) ;
#180 = CIRCLE ( 'NONE', #1166, 4.999999999999997335 ) ;
#181 = ORIENTED_EDGE ( 'NONE', *, *, #725, .F. ) ;
#182 = EDGE_LOOP ( 'NONE', ( #892, #1170, #1043, #770, #1028, #717, #934, #255, #887, #876, #772, #213 ) ) ;
#183 = LINE ( 'NONE', #628, #545 ) ;
#184 = CIRCLE ( 'NONE', #359, 32.00000000000001421 ) ;
#185 = VECTOR ( 'NONE', #798, 1000.000000000000000 ) ;
#186 = DIRECTION ( 'NONE',  ( 0.000000000000000000, 0.000000000000000000, -1.000000000000000000 ) ) ;
#187 = DIRECTION ( 'NONE',  ( -1.000000000000000000, 0.000000000000000000, 0.000000000000000000 ) ) ;
#188 = EDGE_CURVE ( 'NONE', #150, #1183, #881, .T. ) ;
#189 = ORIENTED_EDGE ( 'NONE', *, *, #874, .F. ) ;
#190 = ORIENTED_EDGE ( 'NONE', *, *, #52, .T. ) ;
#191 = EDGE_CURVE ( 'NONE', #1361, #1034, #1228, .T. ) ;
#192 = DIRECTION ( 'NONE',  ( -1.000000000000000000, 0.000000000000000000, 0.000000000000000000 ) ) ;
#193 = CARTESIAN_POINT ( 'NONE',  ( -30.64199796489156569, 0.000000000000000000, -149.7834105440287260 ) ) ;
#194 = CARTESIAN_POINT ( 'NONE',  ( 32.00000000000000000, 3.918869757271532630E-15, -218.2499999999999716 ) ) ;
#195 = DIRECTION ( 'NONE',  ( 0.000000000000000000, -0.000000000000000000, -1.000000000000000000 ) ) ;
#196 = ORIENTED_EDGE ( 'NONE', *, *, #575, .F. ) ;
#197 = CARTESIAN_POINT ( 'NONE',  ( 0.000000000000000000, 0.000000000000000000, -147.5602796124119038 ) ) ;
#198 = ADVANCED_FACE ( 'NONE', ( #439 ), #1180, .T. ) ;
#199 = DIRECTION ( 'NONE',  ( -1.000000000000000000, 0.000000000000000000, 0.000000000000000000 ) ) ;
#200 = FACE_OUTER_BOUND ( 'NONE', #283, .T. ) ;
#201 = CARTESIAN_POINT ( 'NONE',  ( 0.000000000000000000, 0.000000000000000000, -147.5602796124119038 ) ) ;
#202 = AXIS2_PLACEMENT_3D ( 'NONE', #687, #680, #1111 ) ;
#203 = DIRECTION ( 'NONE',  ( -0.000000000000000000, -0.000000000000000000, -1.000000000000000000 ) ) ;
#204 = LINE ( 'NONE', #314, #1056 ) ;
#205 = VECTOR ( 'NONE', #852, 1000.000000000000000 ) ;
#206 = DIRECTION ( 'NONE',  ( -1.000000000000000000, 0.000000000000000000, 0.000000000000000000 ) ) ;
#207 = DIRECTION ( 'NONE',  ( 0.000000000000000000, 0.000000000000000000, 1.000000000000000000 ) ) ;
#208 = VERTEX_POINT ( 'NONE', #970 ) ;
#209 = CARTESIAN_POINT ( 'NONE',  ( 31.92080042856067834, -2.250000000000000000, -218.2500000000000000 ) ) ;
#210 = CARTESIAN_POINT ( 'NONE',  ( -1.270571054115380160E-14, 0.000000000000000000, -192.2500000000000000 ) ) ;
#211 = CARTESIAN_POINT ( 'NONE',  ( 33.50000000000000000, 4.102566777143634563E-15, -218.2499999999999716 ) ) ;
#212 = ADVANCED_FACE ( 'NONE', ( #561 ), #1032, .F. ) ;
#213 = ORIENTED_EDGE ( 'NONE', *, *, #738, .F. ) ;
#214 = LINE ( 'NONE', #647, #716 ) ;
#215 = DIRECTION ( 'NONE',  ( 0.000000000000000000, 0.000000000000000000, 1.000000000000000000 ) ) ;
#216 = DIRECTION ( 'NONE',  ( 0.000000000000000000, 0.000000000000000000, -1.000000000000000000 ) ) ;
#217 = LINE ( 'NONE', #423, #776 ) ;
#218 = AXIS2_PLACEMENT_3D ( 'NONE', #1000, #33, #1300 ) ;
#219 = EDGE_LOOP ( 'NONE', ( #1369, #1114, #600, #673 ) ) ;
#220 = CARTESIAN_POINT ( 'NONE',  ( 130.0000000000000000, 0.000000000000000000, -30.25000000000000000 ) ) ;
#221 = ADVANCED_FACE ( 'NONE', ( #118 ), #990, .T. ) ;
#222 = EDGE_CURVE ( 'NONE', #555, #147, #498, .T. ) ;
#223 = PLANE ( 'NONE',  #169 ) ;
#224 = EDGE_LOOP ( 'NONE', ( #40, #1264, #48, #332 ) ) ;
#225 = LINE ( 'NONE', #1169, #491 ) ;
#226 = ADVANCED_FACE ( 'NONE', ( #1072 ), #556, .F. ) ;
#227 = VECTOR ( 'NONE', #133, 1000.000000000000000 ) ;
#228 = CIRCLE ( 'NONE', #49, 6.500000000000005329 ) ;
#229 = CARTESIAN_POINT ( 'NONE',  ( 30.64199796489156569, 3.822791448184061598E-15, -149.7834105440287260 ) ) ;
#230 = APPROVAL_DATE_TIME ( #440, #623 ) ;
#231 = ORIENTED_EDGE ( 'NONE', *, *, #26, .F. ) ;
#232 = FACE_OUTER_BOUND ( 'NONE', #718, .T. ) ;
#233 = TOROIDAL_SURFACE ( 'NONE', #413, 28.50000000000000355, 3.500000000000000000 ) ;
#234 = CARTESIAN_POINT ( 'NONE',  ( 0.000000000000000000, 0.000000000000000000, -147.5602796124119038 ) ) ;
#235 =( NAMED_UNIT ( * ) SI_UNIT ( $, .STERADIAN. ) SOLID_ANGLE_UNIT ( ) );
#236 = VERTEX_POINT ( 'NONE', #229 ) ;
#237 = DIRECTION ( 'NONE',  ( 0.000000000000000000, 0.000000000000000000, -1.000000000000000000 ) ) ;
#238 = ORIENTED_EDGE ( 'NONE', *, *, #789, .F. ) ;
#239 = CIRCLE ( 'NONE', #422, 5.000000000000004441 ) ;
#240 = DIRECTION ( 'NONE',  ( -0.000000000000000000, -1.000000000000000000, -0.000000000000000000 ) ) ;
#241 = VECTOR ( 'NONE', #436, 1000.000000000000000 ) ;
#242 = CIRCLE ( 'NONE', #1394, 31.78892417275069704 ) ;
#243 = EDGE_CURVE ( 'NONE', #1097, #84, #239, .T. ) ;
#244 = PERSON_AND_ORGANIZATION ( #824, #517 ) ;
#245 = ORIENTED_EDGE ( 'NONE', *, *, #959, .F. ) ;
#246 = LINE ( 'NONE', #664, #185 ) ;
#247 = DIRECTION ( 'NONE',  ( 0.000000000000000000, 0.000000000000000000, 1.000000000000000000 ) ) ;
#248 = CIRCLE ( 'NONE', #1256, 30.25000000000000000 ) ;
#249 = ORIENTED_EDGE ( 'NONE', *, *, #1284, .T. ) ;
#250 = DIRECTION ( 'NONE',  ( 1.000000000000000000, 0.000000000000000000, 0.000000000000000000 ) ) ;
#251 = PERSON_AND_ORGANIZATION_ROLE ( 'creator' ) ;
#252 = DIRECTION ( 'NONE',  ( 0.000000000000000000, 0.000000000000000000, 1.000000000000000000 ) ) ;
#253 = CARTESIAN_POINT ( 'NONE',  ( -1.270571054115380160E-14, 0.000000000000000000, -218.2500000000000000 ) ) ;
#254 = EDGE_CURVE ( 'NONE', #236, #867, #1201, .T. ) ;
#255 = ORIENTED_EDGE ( 'NONE', *, *, #308, .T. ) ;
#256 = CARTESIAN_POINT ( 'NONE',  ( 2.249999999999989786, 31.92080042856069255, -218.2499999999999716 ) ) ;
#257 = ORIENTED_EDGE ( 'NONE', *, *, #243, .F. ) ;
#258 = APPROVAL_STATUS ( 'not_yet_approved' ) ;
#259 = DIRECTION ( 'NONE',  ( -1.000000000000000000, 0.000000000000000000, 0.000000000000000000 ) ) ;
#260 = DIRECTION ( 'NONE',  ( -0.000000000000000000, -1.000000000000000000, -0.000000000000000000 ) ) ;
#261 = EDGE_LOOP ( 'NONE', ( #952, #838, #504, #164 ) ) ;
#262 = DIRECTION ( 'NONE',  ( -0.000000000000000000, -0.000000000000000000, -1.000000000000000000 ) ) ;
#263 = AXIS2_PLACEMENT_3D ( 'NONE', #394, #206, #1249 ) ;
#264 = AXIS2_PLACEMENT_3D ( 'NONE', #1141, #509, #1020 ) ;
#265 = CARTESIAN_POINT ( 'NONE',  ( 0.000000000000000000, 0.000000000000000000, 0.000000000000000000 ) ) ;
#266 = CARTESIAN_POINT ( 'NONE',  ( 0.000000000000000000, 0.000000000000000000, -130.0000000000000000 ) ) ;
#267 = EDGE_CURVE ( 'NONE', #1034, #614, #1094, .T. ) ;
#268 = FACE_BOUND ( 'NONE', #863, .T. ) ;
#269 = VECTOR ( 'NONE', #655, 1000.000000000000000 ) ;
#270 = ORIENTED_EDGE ( 'NONE', *, *, #243, .T. ) ;
#271 = VERTEX_POINT ( 'NONE', #1192 ) ;
#272 = CARTESIAN_POINT ( 'NONE',  ( -2.250000000000008882, 31.92080042856069966, -192.2500000000000000 ) ) ;
#273 = CIRCLE ( 'NONE', #405, 3.500000000000003109 ) ;
#274 = VERTEX_POINT ( 'NONE', #135 ) ;
#275 = LINE ( 'NONE', #82, #1143 ) ;
#276 = CARTESIAN_POINT ( 'NONE',  ( -1.270571054115380160E-14, 0.000000000000000000, -218.2499999999999716 ) ) ;
#277 = ORIENTED_EDGE ( 'NONE', *, *, #446, .F. ) ;
#278 = ORIENTED_EDGE ( 'NONE', *, *, #430, .F. ) ;
#279 = ORIENTED_EDGE ( 'NONE', *, *, #1253, .F. ) ;
#280 = AXIS2_PLACEMENT_3D ( 'NONE', #626, #142, #580 ) ;
#281 = DIRECTION ( 'NONE',  ( -0.000000000000000000, -0.000000000000000000, -1.000000000000000000 ) ) ;
#282 = CARTESIAN_POINT ( 'NONE',  ( 33.42435489280233440, -2.250000000000000000, -192.2500000000000000 ) ) ;
#283 = EDGE_LOOP ( 'NONE', ( #67, #128, #361, #1044 ) ) ;
#284 = EDGE_LOOP ( 'NONE', ( #345, #1065, #1153, #1090 ) ) ;
#285 = FACE_OUTER_BOUND ( 'NONE', #261, .T. ) ;
#286 = EDGE_CURVE ( 'NONE', #533, #662, #780, .T. ) ;
#287 = AXIS2_PLACEMENT_3D ( 'NONE', #1129, #822, #916 ) ;
#288 = AXIS2_PLACEMENT_3D ( 'NONE', #265, #691, #1116 ) ;
#289 = CARTESIAN_POINT ( 'NONE',  ( -31.92080042856070676, -2.249999999999999112, -218.2499999999999716 ) ) ;
#290 = EDGE_CURVE ( 'NONE', #938, #557, #214, .T. ) ;
#291 = ORIENTED_EDGE ( 'NONE', *, *, #401, .T. ) ;
#292 = CARTESIAN_POINT ( 'NONE',  ( 0.000000000000000000, 0.000000000000000000, -152.4215341869139593 ) ) ;
#293 = AXIS2_PLACEMENT_3D ( 'NONE', #292, #1155, #1265 ) ;
#294 = DIRECTION ( 'NONE',  ( -1.000000000000000000, 0.000000000000000000, 0.000000000000000000 ) ) ;
#295 = PLANE ( 'NONE',  #425 ) ;
#296 = DIRECTION ( 'NONE',  ( 0.000000000000000000, -0.000000000000000000, -1.000000000000000000 ) ) ;
#297 = ORIENTED_EDGE ( 'NONE', *, *, #1284, .F. ) ;
#298 = ORIENTED_EDGE ( 'NONE', *, *, #85, .T. ) ;
#299 = ADVANCED_FACE ( 'NONE', ( #760 ), #1229, .T. ) ;
#300 = DIRECTION ( 'NONE',  ( -0.000000000000000000, -1.000000000000000000, -0.000000000000000000 ) ) ;
#301 = ADVANCED_FACE ( 'NONE', ( #588 ), #1017, .T. ) ;
#302 = CARTESIAN_POINT ( 'NONE',  ( 0.000000000000000000, 0.000000000000000000, -153.7630302149884756 ) ) ;
#303 = LINE ( 'NONE', #729, #581 ) ;
#304 = LINE ( 'NONE', #961, #94 ) ;
#305 = CARTESIAN_POINT ( 'NONE',  ( 2.249999999999990674, -31.92080042856069966, -218.2500000000000000 ) ) ;
#306 = DIRECTION ( 'NONE',  ( -0.000000000000000000, -0.000000000000000000, -1.000000000000000000 ) ) ;
#307 = DIRECTION ( 'NONE',  ( 0.000000000000000000, 0.000000000000000000, 1.000000000000000000 ) ) ;
#308 = EDGE_CURVE ( 'NONE', #533, #274, #802, .T. ) ;
#309 = DIRECTION ( 'NONE',  ( 1.224646799147353207E-16, 1.000000000000000000, -0.000000000000000000 ) ) ;
#310 = AXIS2_PLACEMENT_3D ( 'NONE', #468, #571, #1136 ) ;
#311 = ORIENTED_EDGE ( 'NONE', *, *, #608, .T. ) ;
#312 = PLANE ( 'NONE',  #1079 ) ;
#313 = EDGE_CURVE ( 'NONE', #925, #328, #1220, .T. ) ;
#314 = CARTESIAN_POINT ( 'NONE',  ( 31.75000000000000000, 0.000000000000000000, -218.2500000000000000 ) ) ;
#315 = EDGE_CURVE ( 'NONE', #704, #933, #894, .T. ) ;
#316 = DIRECTION ( 'NONE',  ( -1.000000000000000000, 0.000000000000000000, 0.000000000000000000 ) ) ;
#317 = CARTESIAN_POINT ( 'NONE',  ( 2.249999999999990674, 33.42435489280235572, -192.2500000000000000 ) ) ;
#318 = ORIENTED_EDGE ( 'NONE', *, *, #480, .T. ) ;
#319 = DIRECTION ( 'NONE',  ( -1.000000000000000000, 0.000000000000000000, 0.000000000000000000 ) ) ;
#320 = CARTESIAN_POINT ( 'NONE',  ( -2.250000000000008882, 33.50000000000001421, -192.2500000000000000 ) ) ;
#321 = FACE_OUTER_BOUND ( 'NONE', #1240, .T. ) ;
#322 = LINE ( 'NONE', #211, #205 ) ;
#323 = ORIENTED_EDGE ( 'NONE', *, *, #747, .T. ) ;
#324 = DIRECTION ( 'NONE',  ( -0.000000000000000000, -0.000000000000000000, -1.000000000000000000 ) ) ;
#325 = EDGE_CURVE ( 'NONE', #621, #1213, #346, .T. ) ;
#326 = PLANE ( 'NONE',  #91 ) ;
#327 = CARTESIAN_POINT ( 'NONE',  ( -33.50000000000002842, 0.000000000000000000, -218.2499999999999716 ) ) ;
#328 = VERTEX_POINT ( 'NONE', #920 ) ;
#329 = DIRECTION ( 'NONE',  ( 0.000000000000000000, 0.000000000000000000, 1.000000000000000000 ) ) ;
#330 = AXIS2_PLACEMENT_3D ( 'NONE', #162, #603, #379 ) ;
#331 = AXIS2_PLACEMENT_3D ( 'NONE', #1312, #42, #259 ) ;
#332 = ORIENTED_EDGE ( 'NONE', *, *, #122, .F. ) ;
#333 = CARTESIAN_POINT ( 'NONE',  ( -30.25000000000000000, 3.704556567420743754E-15, -147.5602796124119038 ) ) ;
#334 = AXIS2_PLACEMENT_3D ( 'NONE', #124, #868, #773 ) ;
#335 = DIRECTION ( 'NONE',  ( 0.000000000000000000, 0.000000000000000000, 1.000000000000000000 ) ) ;
#336 = EDGE_LOOP ( 'NONE', ( #796, #919, #189, #318 ) ) ;
#337 = DIRECTION ( 'NONE',  ( 1.000000000000000000, 0.000000000000000000, 0.000000000000000000 ) ) ;
#338 = ORIENTED_EDGE ( 'NONE', *, *, #725, .T. ) ;
#339 = CC_DESIGN_PERSON_AND_ORGANIZATION_ASSIGNMENT ( #487, #473, ( #1237 ) ) ;
#340 = CARTESIAN_POINT ( 'NONE',  ( 0.000000000000000000, 0.000000000000000000, -218.2500000000000000 ) ) ;
#341 = DIRECTION ( 'NONE',  ( -0.000000000000000000, -0.000000000000000000, -1.000000000000000000 ) ) ;
#342 = VERTEX_POINT ( 'NONE', #374 ) ;
#343 = FACE_OUTER_BOUND ( 'NONE', #1219, .T. ) ;
#344 = AXIS2_PLACEMENT_3D ( 'NONE', #1242, #83, #721 ) ;
#345 = ORIENTED_EDGE ( 'NONE', *, *, #935, .T. ) ;
#346 = CIRCLE ( 'NONE', #530, 33.50000000000001421 ) ;
#347 = CARTESIAN_POINT ( 'NONE',  ( 36.75000000000000000, 0.000000000000000000, -147.5602796124119038 ) ) ;
#348 = CALENDAR_DATE ( 2026, 16, 9 ) ;
#349 = VERTEX_POINT ( 'NONE', #272 ) ;
#350 = DIRECTION ( 'NONE',  ( -1.000000000000000000, 0.000000000000000000, 0.000000000000000000 ) ) ;
#351 = ORIENTED_EDGE ( 'NONE', *, *, #829, .T. ) ;
#352 = DIRECTION ( 'NONE',  ( -0.000000000000000000, -0.000000000000000000, 1.000000000000000000 ) ) ;
#353 = AXIS2_PLACEMENT_3D ( 'NONE', #1271, #60, #710 ) ;
#354 = LOCAL_TIME ( 0, 3, 46.00000000000000000, #492 ) ;
#355 = VECTOR ( 'NONE', #930, 1000.000000000000000 ) ;
#356 = SECURITY_CLASSIFICATION_LEVEL ( 'unclassified' ) ;
#357 = EDGE_CURVE ( 'NONE', #925, #389, #1138, .T. ) ;
#358 = DIRECTION ( 'NONE',  ( -1.000000000000000000, 0.000000000000000000, 0.000000000000000000 ) ) ;
#359 = AXIS2_PLACEMENT_3D ( 'NONE', #404, #957, #1054 ) ;
#360 = CIRCLE ( 'NONE', #429, 31.75000000000000000 ) ;
#361 = ORIENTED_EDGE ( 'NONE', *, *, #648, .F. ) ;
#362 = DIRECTION ( 'NONE',  ( 0.000000000000000000, -1.000000000000000000, 0.000000000000000000 ) ) ;
#363 = CARTESIAN_POINT ( 'NONE',  ( -1.270571054115380160E-14, 0.000000000000000000, -192.2500000000000000 ) ) ;
#364 = CARTESIAN_POINT ( 'NONE',  ( 2.249999999999990674, 33.50000000000001421, -192.2500000000000000 ) ) ;
#365 = ORIENTED_EDGE ( 'NONE', *, *, #222, .T. ) ;
#366 = DIRECTION ( 'NONE',  ( 0.3420201433256638279, 4.188538737676931984E-17, -0.9396926207859102043 ) ) ;
#367 = EDGE_CURVE ( 'NONE', #826, #557, #1260, .T. ) ;
#368 = ORIENTED_EDGE ( 'NONE', *, *, #456, .F. ) ;
#369 = COORDINATED_UNIVERSAL_TIME_OFFSET ( 1, 0, .AHEAD. ) ;
#370 = FACE_OUTER_BOUND ( 'NONE', #587, .T. ) ;
#371 = DIRECTION ( 'NONE',  ( -0.000000000000000000, -0.000000000000000000, 1.000000000000000000 ) ) ;
#372 = ORIENTED_EDGE ( 'NONE', *, *, #1320, .T. ) ;
#373 = ORIENTED_EDGE ( 'NONE', *, *, #977, .F. ) ;
#374 = CARTESIAN_POINT ( 'NONE',  ( 2.249999999999990674, -33.42435489280236283, -218.2500000000000000 ) ) ;
#375 = EDGE_LOOP ( 'NONE', ( #64, #196, #1027, #566 ) ) ;
#376 = VERTEX_POINT ( 'NONE', #573 ) ;
#377 = AXIS2_PLACEMENT_3D ( 'NONE', #1040, #78, #179 ) ;
#378 = CARTESIAN_POINT ( 'NONE',  ( 2.249999999999990674, -33.42435489280235572, -192.2500000000000000 ) ) ;
#379 = DIRECTION ( 'NONE',  ( 0.000000000000000000, 0.000000000000000000, 1.000000000000000000 ) ) ;
#380 = ORIENTED_EDGE ( 'NONE', *, *, #38, .T. ) ;
#381 = ORIENTED_EDGE ( 'NONE', *, *, #901, .F. ) ;
#382 = DIRECTION ( 'NONE',  ( -0.000000000000000000, -0.000000000000000000, -1.000000000000000000 ) ) ;
#383 = AXIS2_PLACEMENT_3D ( 'NONE', #9, #309, #437 ) ;
#384 = EDGE_LOOP ( 'NONE', ( #279, #311, #1132, #1005 ) ) ;
#385 = DIRECTION ( 'NONE',  ( -0.000000000000000000, -0.000000000000000000, 1.000000000000000000 ) ) ;
#386 = DIRECTION ( 'NONE',  ( 1.000000000000000000, 0.000000000000000000, 0.000000000000000000 ) ) ;
#387 = DIRECTION ( 'NONE',  ( -0.000000000000000000, -0.000000000000000000, -1.000000000000000000 ) ) ;
#388 = ORIENTED_EDGE ( 'NONE', *, *, #315, .T. ) ;
#389 = VERTEX_POINT ( 'NONE', #740 ) ;
#390 = EDGE_CURVE ( 'NONE', #84, #1236, #1158, .T. ) ;
#391 = ADVANCED_FACE ( 'NONE', ( #158 ), #1126, .F. ) ;
#392 = VERTEX_POINT ( 'NONE', #482 ) ;
#393 = CARTESIAN_POINT ( 'NONE',  ( 33.42435489280234151, -2.250000000000000000, -218.2500000000000000 ) ) ;
#394 = CARTESIAN_POINT ( 'NONE',  ( 130.0000000000000000, 0.000000000000000000, 0.000000000000000000 ) ) ;
#395 = ORIENTED_EDGE ( 'NONE', *, *, #747, .F. ) ;
#396 = CARTESIAN_POINT ( 'NONE',  ( -1.270571054115380160E-14, 0.000000000000000000, -154.1316349035422490 ) ) ;
#397 = CARTESIAN_POINT ( 'NONE',  ( 2.249999999999990674, 33.50000000000001421, -218.2500000000000000 ) ) ;
#398 = VECTOR ( 'NONE', #1063, 1000.000000000000000 ) ;
#399 = VECTOR ( 'NONE', #1339, 1000.000000000000000 ) ;
#400 = DIRECTION ( 'NONE',  ( 1.224646799147353207E-16, 1.000000000000000000, -0.000000000000000000 ) ) ;
#401 = EDGE_CURVE ( 'NONE', #1183, #236, #228, .T. ) ;
#402 = ORIENTED_EDGE ( 'NONE', *, *, #935, .F. ) ;
#403 = ORIENTED_EDGE ( 'NONE', *, *, #865, .F. ) ;
#404 = CARTESIAN_POINT ( 'NONE',  ( -1.270571054115380160E-14, 0.000000000000000000, -192.2500000000000000 ) ) ;
#405 = AXIS2_PLACEMENT_3D ( 'NONE', #1384, #1049, #419 ) ;
#406 = FACE_OUTER_BOUND ( 'NONE', #1275, .T. ) ;
#407 = AXIS2_PLACEMENT_3D ( 'NONE', #1026, #66, #1324 ) ;
#408 = CARTESIAN_POINT ( 'NONE',  ( 0.000000000000000000, 0.000000000000000000, -192.2500000000000000 ) ) ;
#409 = DIRECTION ( 'NONE',  ( 0.000000000000000000, 0.000000000000000000, 1.000000000000000000 ) ) ;
#410 = CARTESIAN_POINT ( 'NONE',  ( 0.000000000000000000, 0.000000000000000000, -149.2703803290402220 ) ) ;
#411 = EDGE_CURVE ( 'NONE', #79, #1236, #1014, .T. ) ;
#412 = DIRECTION ( 'NONE',  ( -1.000000000000000000, 0.000000000000000000, 0.000000000000000000 ) ) ;
#413 = AXIS2_PLACEMENT_3D ( 'NONE', #2, #1376, #432 ) ;
#414 = TOROIDAL_SURFACE ( 'NONE', #1243, 130.0000000000000000, 30.25000000000000000 ) ;
#415 = DIRECTION ( 'NONE',  ( -1.000000000000000000, 0.000000000000000000, 0.000000000000000000 ) ) ;
#416 = PLANE ( 'NONE',  #1022 ) ;
#417 = ORIENTED_EDGE ( 'NONE', *, *, #950, .F. ) ;
#418 = ADVANCED_FACE ( 'NONE', ( #927 ), #787, .F. ) ;
#419 = DIRECTION ( 'NONE',  ( 0.000000000000000000, 0.000000000000000000, -1.000000000000000000 ) ) ;
#420 = CARTESIAN_POINT ( 'NONE',  ( -1.270571054115380160E-14, 0.000000000000000000, -192.2500000000000000 ) ) ;
#421 = DIRECTION ( 'NONE',  ( -0.000000000000000000, -0.000000000000000000, -1.000000000000000000 ) ) ;
#422 = AXIS2_PLACEMENT_3D ( 'NONE', #347, #660, #756 ) ;
#423 = CARTESIAN_POINT ( 'NONE',  ( 33.50000000000000000, -2.250000000000000000, -218.2500000000000000 ) ) ;
#424 = AXIS2_PLACEMENT_3D ( 'NONE', #869, #761, #850 ) ;
#425 = AXIS2_PLACEMENT_3D ( 'NONE', #510, #1151, #836 ) ;
#426 = ORIENTED_EDGE ( 'NONE', *, *, #1088, .T. ) ;
#427 = DIRECTION ( 'NONE',  ( 0.000000000000000000, 0.000000000000000000, 1.000000000000000000 ) ) ;
#428 = CARTESIAN_POINT ( 'NONE',  ( 2.249999999999990674, 33.42435489280235572, -218.2500000000000000 ) ) ;
#429 = AXIS2_PLACEMENT_3D ( 'NONE', #201, #745, #651 ) ;
#430 = EDGE_CURVE ( 'NONE', #159, #532, #1083, .T. ) ;
#431 = DIRECTION ( 'NONE',  ( 0.000000000000000000, 0.000000000000000000, 1.000000000000000000 ) ) ;
#432 = DIRECTION ( 'NONE',  ( 1.000000000000000000, 0.000000000000000000, 0.000000000000000000 ) ) ;
#433 = ORIENTED_EDGE ( 'NONE', *, *, #941, .F. ) ;
#434 = DIRECTION ( 'NONE',  ( 1.000000000000000000, 0.000000000000000000, -0.000000000000000000 ) ) ;
#435 = ADVANCED_FACE ( 'NONE', ( #951 ), #1208, .F. ) ;
#436 = DIRECTION ( 'NONE',  ( -1.000000000000000000, 0.000000000000000000, 0.000000000000000000 ) ) ;
#437 = DIRECTION ( 'NONE',  ( -1.000000000000000000, 1.224646799147352961E-16, 0.000000000000000000 ) ) ;
#438 = ORIENTED_EDGE ( 'NONE', *, *, #96, .T. ) ;
#439 = FACE_OUTER_BOUND ( 'NONE', #1016, .T. ) ;
#440 = DATE_AND_TIME ( #348, #766 ) ;
#441 = EDGE_LOOP ( 'NONE', ( #882, #1245, #1179, #1261 ) ) ;
#442 = DIRECTION ( 'NONE',  ( 0.000000000000000000, 0.000000000000000000, 1.000000000000000000 ) ) ;
#443 = ADVANCED_FACE ( 'NONE', ( #37 ), #470, .T. ) ;
#444 = CIRCLE ( 'NONE', #749, 33.50000000000001421 ) ;
#445 = VECTOR ( 'NONE', #215, 1000.000000000000000 ) ;
#446 = EDGE_CURVE ( 'NONE', #1236, #817, #816, .T. ) ;
#447 = ORIENTED_EDGE ( 'NONE', *, *, #191, .T. ) ;
#448 = AXIS2_PLACEMENT_3D ( 'NONE', #340, #1293, #16 ) ;
#449 = DIRECTION ( 'NONE',  ( 0.000000000000000000, 0.000000000000000000, -1.000000000000000000 ) ) ;
#450 = EDGE_LOOP ( 'NONE', ( #157, #1372, #980, #1196, #1311, #373 ) ) ;
#451 = DIRECTION ( 'NONE',  ( 0.000000000000000000, 0.000000000000000000, 1.000000000000000000 ) ) ;
#452 = AXIS2_PLACEMENT_3D ( 'NONE', #905, #362, #1059 ) ;
#453 = APPROVAL ( #160, 'UNSPECIFIED' ) ;
#454 = VERTEX_POINT ( 'NONE', #1268 ) ;
#455 = CARTESIAN_POINT ( 'NONE',  ( 0.000000000000000000, 0.000000000000000000, -218.2500000000000000 ) ) ;
#456 = EDGE_CURVE ( 'NONE', #79, #392, #322, .T. ) ;
#457 = DATE_AND_TIME ( #915, #354 ) ;
#458 = ORIENTED_EDGE ( 'NONE', *, *, #68, .T. ) ;
#459 = DIRECTION ( 'NONE',  ( -1.000000000000000000, 0.000000000000000000, 0.000000000000000000 ) ) ;
#460 = AXIS2_PLACEMENT_3D ( 'NONE', #19, #316, #1182 ) ;
#461 = EDGE_LOOP ( 'NONE', ( #388, #1360, #767, #466 ) ) ;
#462 = AXIS2_PLACEMENT_3D ( 'NONE', #89, #148, #1352 ) ;
#463 = DIRECTION ( 'NONE',  ( 0.000000000000000000, 0.000000000000000000, -1.000000000000000000 ) ) ;
#464 = EDGE_CURVE ( 'NONE', #812, #922, #884, .T. ) ;
#465 = APPROVAL_STATUS ( 'not_yet_approved' ) ;
#466 = ORIENTED_EDGE ( 'NONE', *, *, #85, .F. ) ;
#467 = FACE_OUTER_BOUND ( 'NONE', #830, .T. ) ;
#468 = CARTESIAN_POINT ( 'NONE',  ( 0.000000000000000000, 0.000000000000000000, -218.2500000000000000 ) ) ;
#469 = ORIENTED_EDGE ( 'NONE', *, *, #1061, .F. ) ;
#470 = PLANE ( 'NONE',  #452 ) ;
#471 = VECTOR ( 'NONE', #602, 1000.000000000000000 ) ;
#472 = ORIENTED_EDGE ( 'NONE', *, *, #1186, .T. ) ;
#473 = PERSON_AND_ORGANIZATION_ROLE ( 'design_owner' ) ;
#474 = LINE ( 'NONE', #1117, #1349 ) ;
#475 = CARTESIAN_POINT ( 'NONE',  ( -1.270571054115380160E-14, 0.000000000000000000, -192.2500000000000000 ) ) ;
#476 = EDGE_CURVE ( 'NONE', #150, #867, #991, .T. ) ;
#477 = PLANE ( 'NONE',  #330 ) ;
#478 = CIRCLE ( 'NONE', #615, 30.25000000000000000 ) ;
#479 = VECTOR ( 'NONE', #442, 1000.000000000000000 ) ;
#480 = EDGE_CURVE ( 'NONE', #1086, #271, #304, .T. ) ;
#481 = EDGE_LOOP ( 'NONE', ( #782, #714, #495, #999 ) ) ;
#482 = CARTESIAN_POINT ( 'NONE',  ( 33.50000000000000000, 4.102566777143634563E-15, -192.2500000000000000 ) ) ;
#483 = AXIS2_PLACEMENT_3D ( 'NONE', #706, #1133, #914 ) ;
#484 = ADVANCED_FACE ( 'NONE', ( #554 ), #967, .T. ) ;
#485 = EDGE_CURVE ( 'NONE', #1355, #723, #848, .T. ) ;
#486 = ORIENTED_EDGE ( 'NONE', *, *, #1042, .T. ) ;
#487 = PERSON_AND_ORGANIZATION ( #824, #517 ) ;
#488 = CARTESIAN_POINT ( 'NONE',  ( 30.25000000000000000, 0.000000000000000000, -218.2500000000000000 ) ) ;
#489 = ORIENTED_EDGE ( 'NONE', *, *, #1042, .F. ) ;
#490 = CARTESIAN_POINT ( 'NONE',  ( -1.270571054115380160E-14, 0.000000000000000000, -218.2500000000000000 ) ) ;
#491 = VECTOR ( 'NONE', #409, 1000.000000000000000 ) ;
#492 = COORDINATED_UNIVERSAL_TIME_OFFSET ( 1, 0, .AHEAD. ) ;
#493 = DIRECTION ( 'NONE',  ( -0.000000000000000000, -0.000000000000000000, -1.000000000000000000 ) ) ;
#494 = LINE ( 'NONE', #156, #130 ) ;
#495 = ORIENTED_EDGE ( 'NONE', *, *, #1250, .F. ) ;
#496 = ORIENTED_EDGE ( 'NONE', *, *, #1198, .F. ) ;
#497 = DIRECTION ( 'NONE',  ( -1.000000000000000000, 0.000000000000000000, 0.000000000000000000 ) ) ;
#498 = CIRCLE ( 'NONE', #670, 30.25000000000000000 ) ;
#499 = ORIENTED_EDGE ( 'NONE', *, *, #941, .T. ) ;
#500 = AXIS2_PLACEMENT_3D ( 'NONE', #629, #971, #1385 ) ;
#501 = CIRCLE ( 'NONE', #1277, 33.50000000000001421 ) ;
#502 = CARTESIAN_POINT ( 'NONE',  ( -33.19846310392956212, 0.000000000000000000, -152.4215341869139593 ) ) ;
#503 = ORIENTED_EDGE ( 'NONE', *, *, #286, .T. ) ;
#504 = ORIENTED_EDGE ( 'NONE', *, *, #31, .F. ) ;
#505 = LINE ( 'NONE', #289, #785 ) ;
#506 = ORIENTED_EDGE ( 'NONE', *, *, #153, .F. ) ;
#507 = CARTESIAN_POINT ( 'NONE',  ( 33.50000000000000000, 4.102566777143634563E-15, -154.1316349035422490 ) ) ;
#508 = ADVANCED_FACE ( 'NONE', ( #644 ), #416, .F. ) ;
#509 = DIRECTION ( 'NONE',  ( 1.000000000000000000, 0.000000000000000000, -0.000000000000000000 ) ) ;
#510 = CARTESIAN_POINT ( 'NONE',  ( 0.000000000000000000, 0.000000000000000000, -192.2500000000000000 ) ) ;
#511 = ORIENTED_EDGE ( 'NONE', *, *, #534, .F. ) ;
#512 = DIRECTION ( 'NONE',  ( 1.000000000000000000, 0.000000000000000000, 0.000000000000000000 ) ) ;
#513 = DIRECTION ( 'NONE',  ( -0.000000000000000000, -0.000000000000000000, 1.000000000000000000 ) ) ;
#514 = VECTOR ( 'NONE', #95, 1000.000000000000000 ) ;
#515 = VECTOR ( 'NONE', #1068, 1000.000000000000000 ) ;
#516 = CC_DESIGN_DATE_AND_TIME_ASSIGNMENT ( #584, #136, ( #63 ) ) ;
#517 = ORGANIZATION ( 'UNSPECIFIED', 'UNSPECIFIED', '' ) ;
#518 = FACE_OUTER_BOUND ( 'NONE', #1343, .T. ) ;
#519 = DIRECTION ( 'NONE',  ( 0.000000000000000000, 0.000000000000000000, -1.000000000000000000 ) ) ;
#520 = VECTOR ( 'NONE', #1080, 1000.000000000000000 ) ;
#521 = ADVANCED_FACE ( 'NONE', ( #108 ), #233, .F. ) ;
#522 = DIRECTION ( 'NONE',  ( -1.000000000000000000, 0.000000000000000000, 0.000000000000000000 ) ) ;
#523 = CARTESIAN_POINT ( 'NONE',  ( -1.270571054115380160E-14, 0.000000000000000000, -218.2500000000000000 ) ) ;
#524 = CARTESIAN_POINT ( 'NONE',  ( 33.19846310392956212, 4.065639157683884351E-15, -152.4215341869139593 ) ) ;
#525 = CARTESIAN_POINT ( 'NONE',  ( -1.270571054115380160E-14, 0.000000000000000000, -218.2500000000000000 ) ) ;
#526 = DIRECTION ( 'NONE',  ( 0.000000000000000000, 0.000000000000000000, 1.000000000000000000 ) ) ;
#527 = CARTESIAN_POINT ( 'NONE',  ( 31.92080042856067834, -2.250000000000000000, -192.2500000000000000 ) ) ;
#528 = CIRCLE ( 'NONE', #778, 31.75000000000000000 ) ;
#529 = DIRECTION ( 'NONE',  ( 1.224646799147353207E-16, 1.000000000000000000, -0.000000000000000000 ) ) ;
#530 = AXIS2_PLACEMENT_3D ( 'NONE', #490, #262, #497 ) ;
#531 = DIRECTION ( 'NONE',  ( 1.000000000000000000, 0.000000000000000000, 0.000000000000000000 ) ) ;
#532 = VERTEX_POINT ( 'NONE', #537 ) ;
#533 = VERTEX_POINT ( 'NONE', #1163 ) ;
#534 = EDGE_CURVE ( 'NONE', #1034, #1361, #1382, .T. ) ;
#535 = LINE ( 'NONE', #948, #445 ) ;
#536 = DIRECTION ( 'NONE',  ( 0.000000000000000000, 1.000000000000000000, 0.000000000000000000 ) ) ;
#537 = CARTESIAN_POINT ( 'NONE',  ( 218.2500000000000000, 0.000000000000000000, -30.25000000000000000 ) ) ;
#538 = AXIS2_PLACEMENT_3D ( 'NONE', #475, #237, #570 ) ;
#539 = CIRCLE ( 'NONE', #18, 33.50000000000001421 ) ;
#540 = EDGE_CURVE ( 'NONE', #1238, #1213, #217, .T. ) ;
#541 = EDGE_CURVE ( 'NONE', #871, #922, #225, .T. ) ;
#542 = ORIENTED_EDGE ( 'NONE', *, *, #1015, .F. ) ;
#543 = CARTESIAN_POINT ( 'NONE',  ( 32.09046106882114913, 3.929948043109457220E-15, -153.7630302149884756 ) ) ;
#544 = ADVANCED_FACE ( 'NONE', ( #1381 ), #663, .T. ) ;
#545 = VECTOR ( 'NONE', #1161, 1000.000000000000000 ) ;
#546 = AXIS2_PLACEMENT_3D ( 'NONE', #548, #974, #1184 ) ;
#547 = DIRECTION ( 'NONE',  ( -1.000000000000000000, 0.000000000000000000, 0.000000000000000000 ) ) ;
#548 = CARTESIAN_POINT ( 'NONE',  ( 130.0000000000000000, 0.000000000000000000, 0.000000000000000000 ) ) ;
#549 = VERTEX_POINT ( 'NONE', #763 ) ;
#550 = DIRECTION ( 'NONE',  ( -1.000000000000000000, 0.000000000000000000, 0.000000000000000000 ) ) ;
#551 = EDGE_CURVE ( 'NONE', #1097, #1355, #360, .T. ) ;
#552 =( LENGTH_UNIT ( ) NAMED_UNIT ( * ) SI_UNIT ( .MILLI., .METRE. ) );
#553 = ORIENTED_EDGE ( 'NONE', *, *, #390, .F. ) ;
#554 = FACE_OUTER_BOUND ( 'NONE', #336, .T. ) ;
#555 = VERTEX_POINT ( 'NONE', #1280 ) ;
#556 = PLANE ( 'NONE',  #855 ) ;
#557 = VERTEX_POINT ( 'NONE', #317 ) ;
#558 = FACE_OUTER_BOUND ( 'NONE', #698, .T. ) ;
#559 = CIRCLE ( 'NONE', #630, 33.50000000000001421 ) ;
#560 = ORIENTED_EDGE ( 'NONE', *, *, #909, .F. ) ;
#561 = FACE_OUTER_BOUND ( 'NONE', #1368, .T. ) ;
#562 = LINE ( 'NONE', #327, #640 ) ;
#563 = ORIENTED_EDGE ( 'NONE', *, *, #1389, .F. ) ;
#564 = CARTESIAN_POINT ( 'NONE',  ( 32.00000000000000000, 3.918869757271532630E-15, -154.1316349035422490 ) ) ;
#565 = ADVANCED_FACE ( 'NONE', ( #1085 ), #1173, .F. ) ;
#566 = ORIENTED_EDGE ( 'NONE', *, *, #26, .T. ) ;
#567 = DIRECTION ( 'NONE',  ( -1.000000000000000000, 0.000000000000000000, 0.000000000000000000 ) ) ;
#568 = APPROVAL_DATE_TIME ( #457, #918 ) ;
#569 = ORIENTED_EDGE ( 'NONE', *, *, #988, .T. ) ;
#570 = DIRECTION ( 'NONE',  ( -1.000000000000000000, 0.000000000000000000, 0.000000000000000000 ) ) ;
#571 = DIRECTION ( 'NONE',  ( 0.000000000000000000, 0.000000000000000000, -1.000000000000000000 ) ) ;
#572 = EDGE_LOOP ( 'NONE', ( #926, #426, #447, #560 ) ) ;
#573 = CARTESIAN_POINT ( 'NONE',  ( 218.2500000000000000, 3.888253587292846476E-15, 31.75000000000000000 ) ) ;
#574 = VERTEX_POINT ( 'NONE', #631 ) ;
#575 = EDGE_CURVE ( 'NONE', #871, #132, #1209, .T. ) ;
#576 = PERSON_AND_ORGANIZATION_ROLE ( 'design_supplier' ) ;
#577 = FACE_OUTER_BOUND ( 'NONE', #182, .T. ) ;
#578 = DIRECTION ( 'NONE',  ( -1.000000000000000000, 0.000000000000000000, 0.000000000000000000 ) ) ;
#579 = ORIENTED_EDGE ( 'NONE', *, *, #1077, .F. ) ;
#580 = DIRECTION ( 'NONE',  ( -1.000000000000000000, 0.000000000000000000, 0.000000000000000000 ) ) ;
#581 = VECTOR ( 'NONE', #1364, 1000.000000000000000 ) ;
#582 = TOROIDAL_SURFACE ( 'NONE', #1121, 28.50000000000000355, 5.000000000000000000 ) ;
#583 = ORIENTED_EDGE ( 'NONE', *, *, #1081, .F. ) ;
#584 = DATE_AND_TIME ( #781, #154 ) ;
#585 = DIRECTION ( 'NONE',  ( -0.000000000000000000, -0.000000000000000000, -1.000000000000000000 ) ) ;
#586 = CARTESIAN_POINT ( 'NONE',  ( -2.250000000000008882, 33.50000000000001421, -218.2500000000000000 ) ) ;
#587 = EDGE_LOOP ( 'NONE', ( #895, #1145, #968, #1199 ) ) ;
#588 = FACE_OUTER_BOUND ( 'NONE', #284, .T. ) ;
#589 = AXIS2_PLACEMENT_3D ( 'NONE', #1109, #1113, #195 ) ;
#590 = ORIENTED_EDGE ( 'NONE', *, *, #357, .F. ) ;
#591 = APPROVAL_ROLE ( '' ) ;
#592 = ADVANCED_FACE ( 'NONE', ( #577 ), #679, .F. ) ;
#593 = LINE ( 'NONE', #397, #610 ) ;
#594 = DIRECTION ( 'NONE',  ( 0.000000000000000000, 0.000000000000000000, 1.000000000000000000 ) ) ;
#595 = ORIENTED_EDGE ( 'NONE', *, *, #1081, .T. ) ;
#596 = DIRECTION ( 'NONE',  ( 0.000000000000000000, -1.000000000000000000, 0.000000000000000000 ) ) ;
#597 = AXIS2_PLACEMENT_3D ( 'NONE', #872, #1387, #1064 ) ;
#598 = VECTOR ( 'NONE', #341, 1000.000000000000000 ) ;
#599 = ORIENTED_EDGE ( 'NONE', *, *, #1041, .T. ) ;
#600 = ORIENTED_EDGE ( 'NONE', *, *, #1253, .T. ) ;
#601 = CARTESIAN_POINT ( 'NONE',  ( -1.270571054115380160E-14, 0.000000000000000000, -192.2500000000000000 ) ) ;
#602 = DIRECTION ( 'NONE',  ( -0.000000000000000000, -0.000000000000000000, -1.000000000000000000 ) ) ;
#603 = DIRECTION ( 'NONE',  ( -1.000000000000000000, 0.000000000000000000, 0.000000000000000000 ) ) ;
#604 = CC_DESIGN_PERSON_AND_ORGANIZATION_ASSIGNMENT ( #797, #251, ( #63 ) ) ;
#605 = ORIENTED_EDGE ( 'NONE', *, *, #1107, .F. ) ;
#606 = ORIENTED_EDGE ( 'NONE', *, *, #1292, .T. ) ;
#607 = AXIS2_PLACEMENT_3D ( 'NONE', #883, #324, #567 ) ;
#608 = EDGE_CURVE ( 'NONE', #831, #376, #246, .T. ) ;
#609 = EDGE_LOOP ( 'NONE', ( #681, #904, #486, #1337 ) ) ;
#610 = VECTOR ( 'NONE', #70, 1000.000000000000000 ) ;
#611 = VECTOR ( 'NONE', #744, 1000.000000000000000 ) ;
#612 = DIRECTION ( 'NONE',  ( 1.000000000000000000, 0.000000000000000000, 0.000000000000000000 ) ) ;
#613 = CARTESIAN_POINT ( 'NONE',  ( -32.00000000000002842, 0.000000000000000000, -192.2500000000000000 ) ) ;
#614 = VERTEX_POINT ( 'NONE', #994 ) ;
#615 = AXIS2_PLACEMENT_3D ( 'NONE', #98, #622, #512 ) ;
#616 = EDGE_LOOP ( 'NONE', ( #1071, #365, #694, #278 ) ) ;
#617 = ADVANCED_FACE ( 'NONE', ( #155 ), #969, .F. ) ;
#618 = DIRECTION ( 'NONE',  ( 0.000000000000000000, 0.000000000000000000, 1.000000000000000000 ) ) ;
#619 = CARTESIAN_POINT ( 'NONE',  ( 33.50000000000000000, 2.250000000000000000, -218.2500000000000000 ) ) ;
#620 = CARTESIAN_POINT ( 'NONE',  ( -31.78892417275069704, 0.000000000000000000, -152.9345644019024633 ) ) ;
#621 = VERTEX_POINT ( 'NONE', #777 ) ;
#622 = DIRECTION ( 'NONE',  ( -0.000000000000000000, -0.000000000000000000, 1.000000000000000000 ) ) ;
#623 = APPROVAL ( #258, 'UNSPECIFIED' ) ;
#624 = CARTESIAN_POINT ( 'NONE',  ( 130.0000000000000000, 0.000000000000000000, -30.25000000000000000 ) ) ;
#625 = CARTESIAN_POINT ( 'NONE',  ( -28.50000000000001066, 3.490243377569957244E-15, -154.1316349035422490 ) ) ;
#626 = CARTESIAN_POINT ( 'NONE',  ( -1.270571054115380160E-14, 0.000000000000000000, -154.1316349035422490 ) ) ;
#627 = EDGE_CURVE ( 'NONE', #1361, #831, #1152, .T. ) ;
#628 = CARTESIAN_POINT ( 'NONE',  ( 130.0000000000000000, 0.000000000000000000, -31.75000000000000000 ) ) ;
#629 = CARTESIAN_POINT ( 'NONE',  ( 0.000000000000000000, 0.000000000000000000, -147.5602796124119038 ) ) ;
#630 = AXIS2_PLACEMENT_3D ( 'NONE', #601, #719, #1353 ) ;
#631 = CARTESIAN_POINT ( 'NONE',  ( -2.250000000000008882, 31.92080042856069966, -218.2500000000000000 ) ) ;
#632 = DIRECTION ( 'NONE',  ( 1.000000000000000000, 0.000000000000000000, 0.000000000000000000 ) ) ;
#633 = AXIS2_PLACEMENT_3D ( 'NONE', #97, #207, #531 ) ;
#634 = DIRECTION ( 'NONE',  ( -1.000000000000000000, 0.000000000000000000, 0.000000000000000000 ) ) ;
#635 = CARTESIAN_POINT ( 'NONE',  ( -28.50000000000001066, 3.490243377569957244E-15, -154.1316349035422490 ) ) ;
#636 = DIRECTION ( 'NONE',  ( -1.000000000000000000, 0.000000000000000000, 0.000000000000000000 ) ) ;
#637 = ORIENTED_EDGE ( 'NONE', *, *, #1389, .T. ) ;
#638 = DIRECTION ( 'NONE',  ( 0.000000000000000000, 0.000000000000000000, -1.000000000000000000 ) ) ;
#639 = DIRECTION ( 'NONE',  ( 0.000000000000000000, 0.000000000000000000, -1.000000000000000000 ) ) ;
#640 = VECTOR ( 'NONE', #870, 1000.000000000000000 ) ;
#641 = CARTESIAN_POINT ( 'NONE',  ( 130.0000000000000000, 0.000000000000000000, -130.0000000000000000 ) ) ;
#642 = EDGE_CURVE ( 'NONE', #794, #1159, #28, .T. ) ;
#643 = ADVANCED_FACE ( 'NONE', ( #1217 ), #783, .F. ) ;
#644 = FACE_OUTER_BOUND ( 'NONE', #1329, .T. ) ;
#645 = CIRCLE ( 'NONE', #344, 32.00000000000001421 ) ;
#646 = EDGE_LOOP ( 'NONE', ( #801, #742, #1247, #913 ) ) ;
#647 = CARTESIAN_POINT ( 'NONE',  ( 2.249999999999989786, 33.42435489280234862, -218.2499999999999716 ) ) ;
#648 = EDGE_CURVE ( 'NONE', #349, #328, #1258, .T. ) ;
#649 = CARTESIAN_POINT ( 'NONE',  ( -33.42435489280236283, 2.249999999999999112, -218.2499999999999716 ) ) ;
#650 = DIRECTION ( 'NONE',  ( 0.000000000000000000, 0.000000000000000000, 1.000000000000000000 ) ) ;
#651 = DIRECTION ( 'NONE',  ( 1.000000000000000000, 0.000000000000000000, 0.000000000000000000 ) ) ;
#652 = CIRCLE ( 'NONE', #287, 33.50000000000001421 ) ;
#653 = ORIENTED_EDGE ( 'NONE', *, *, #608, .F. ) ;
#654 = ADVANCED_FACE ( 'NONE', ( #343 ), #1082, .T. ) ;
#655 = DIRECTION ( 'NONE',  ( -0.3420201433256638279, 0.000000000000000000, -0.9396926207859102043 ) ) ;
#656 = VECTOR ( 'NONE', #1148, 1000.000000000000000 ) ;
#657 = PLANE ( 'NONE',  #1195 ) ;
#658 = DIRECTION ( 'NONE',  ( -1.000000000000000000, 0.000000000000000000, 0.000000000000000000 ) ) ;
#659 = ORIENTED_EDGE ( 'NONE', *, *, #485, .T. ) ;
#660 = DIRECTION ( 'NONE',  ( 0.000000000000000000, -1.000000000000000000, 0.000000000000000000 ) ) ;
#661 = DIRECTION ( 'NONE',  ( -1.000000000000000000, 0.000000000000000000, 0.000000000000000000 ) ) ;
#662 = VERTEX_POINT ( 'NONE', #1190 ) ;
#663 = TOROIDAL_SURFACE ( 'NONE', #57, 130.0000000000000000, 31.75000000000000000 ) ;
#664 = CARTESIAN_POINT ( 'NONE',  ( 130.0000000000000000, 3.888253587292846476E-15, 31.75000000000000000 ) ) ;
#665 = EDGE_CURVE ( 'NONE', #389, #1025, #1118, .T. ) ;
#666 = CARTESIAN_POINT ( 'NONE',  ( 0.000000000000000000, 0.000000000000000000, -130.0000000000000000 ) ) ;
#667 = DIRECTION ( 'NONE',  ( 1.000000000000000000, 0.000000000000000000, 0.000000000000000000 ) ) ;
#668 = EDGE_LOOP ( 'NONE', ( #825, #499, #417, #689, #605, #599 ) ) ;
#669 = CARTESIAN_POINT ( 'NONE',  ( 0.000000000000000000, 0.000000000000000000, -218.2500000000000000 ) ) ;
#670 = AXIS2_PLACEMENT_3D ( 'NONE', #1301, #1101, #768 ) ;
#671 = CIRCLE ( 'NONE', #765, 32.05153689607044498 ) ;
#672 = VECTOR ( 'NONE', #371, 1000.000000000000000 ) ;
#673 = ORIENTED_EDGE ( 'NONE', *, *, #267, .F. ) ;
#674 = UNCERTAINTY_MEASURE_WITH_UNIT (LENGTH_MEASURE( 1.000000000000000082E-05 ), #552, 'distance_accuracy_value', 'NONE');
#675 = DIRECTION ( 'NONE',  ( 0.000000000000000000, 0.000000000000000000, 1.000000000000000000 ) ) ;
#676 = SHAPE_DEFINITION_REPRESENTATION ( #1031, #843 ) ;
#677 = PERSON_AND_ORGANIZATION ( #824, #517 ) ;
#678 = ORIENTED_EDGE ( 'NONE', *, *, #308, .F. ) ;
#679 = CYLINDRICAL_SURFACE ( 'NONE', #1327, 32.00000000000001421 ) ;
#680 = DIRECTION ( 'NONE',  ( 0.000000000000000000, 0.000000000000000000, -1.000000000000000000 ) ) ;
#681 = ORIENTED_EDGE ( 'NONE', *, *, #734, .F. ) ;
#682 = EDGE_CURVE ( 'NONE', #176, #1086, #1197, .T. ) ;
#683 = CARTESIAN_POINT ( 'NONE',  ( 33.50000000000000000, 2.250000000000000000, -192.2500000000000000 ) ) ;
#684 = DATE_TIME_ROLE ( 'classification_date' ) ;
#685 = CARTESIAN_POINT ( 'NONE',  ( 0.000000000000000000, 0.000000000000000000, -153.2499999999999716 ) ) ;
#686 = LINE ( 'NONE', #692, #1251 ) ;
#687 = CARTESIAN_POINT ( 'NONE',  ( -1.270571054115380160E-14, 0.000000000000000000, -192.2500000000000000 ) ) ;
#688 = EDGE_CURVE ( 'NONE', #392, #1159, #733, .T. ) ;
#689 = ORIENTED_EDGE ( 'NONE', *, *, #52, .F. ) ;
#690 = DIRECTION ( 'NONE',  ( 0.000000000000000000, 0.000000000000000000, -1.000000000000000000 ) ) ;
#691 = DIRECTION ( 'NONE',  ( 0.000000000000000000, 0.000000000000000000, 1.000000000000000000 ) ) ;
#692 = CARTESIAN_POINT ( 'NONE',  ( -2.250000000000007994, -33.42435489280234862, -218.2499999999999716 ) ) ;
#693 = CARTESIAN_POINT ( 'NONE',  ( 0.000000000000000000, 0.000000000000000000, -149.7834105440287260 ) ) ;
#694 = ORIENTED_EDGE ( 'NONE', *, *, #901, .T. ) ;
#695 = CARTESIAN_POINT ( 'NONE',  ( -1.270571054115380160E-14, 0.000000000000000000, -192.2500000000000000 ) ) ;
#696 = AXIS2_PLACEMENT_3D ( 'NONE', #523, #639, #634 ) ;
#697 = ADVANCED_FACE ( 'NONE', ( #232 ), #946, .T. ) ;
#698 = EDGE_LOOP ( 'NONE', ( #1010, #708, #1304, #775 ) ) ;
#699 = AXIS2_PLACEMENT_3D ( 'NONE', #234, #1307, #978 ) ;
#700 = APPLICATION_PROTOCOL_DEFINITION ( 'international standard', 'config_control_design', 1994, #975 ) ;
#701 = CARTESIAN_POINT ( 'NONE',  ( -31.92080042856070676, -2.249999999999999112, -192.2500000000000000 ) ) ;
#702 = FACE_OUTER_BOUND ( 'NONE', #705, .T. ) ;
#703 = VECTOR ( 'NONE', #526, 1000.000000000000000 ) ;
#704 = VERTEX_POINT ( 'NONE', #564 ) ;
#705 = EDGE_LOOP ( 'NONE', ( #976, #126 ) ) ;
#706 = CARTESIAN_POINT ( 'NONE',  ( 130.0000000000000000, 0.000000000000000000, 0.000000000000000000 ) ) ;
#707 = ORIENTED_EDGE ( 'NONE', *, *, #7, .T. ) ;
#708 = ORIENTED_EDGE ( 'NONE', *, *, #476, .T. ) ;
#709 = CC_DESIGN_DATE_AND_TIME_ASSIGNMENT ( #1210, #684, ( #965 ) ) ;
#710 = DIRECTION ( 'NONE',  ( 1.000000000000000000, 0.000000000000000000, 0.000000000000000000 ) ) ;
#711 = CARTESIAN_POINT ( 'NONE',  ( -33.42435489280236283, -2.249999999999999112, -218.2499999999999716 ) ) ;
#712 = DIRECTION ( 'NONE',  ( -0.000000000000000000, -0.000000000000000000, -1.000000000000000000 ) ) ;
#713 = ADVANCED_FACE ( 'NONE', ( #467 ), #1091, .T. ) ;
#714 = ORIENTED_EDGE ( 'NONE', *, *, #541, .T. ) ;
#715 = VECTOR ( 'NONE', #1279, 1000.000000000000000 ) ;
#716 = VECTOR ( 'NONE', #1288, 1000.000000000000000 ) ;
#717 = ORIENTED_EDGE ( 'NONE', *, *, #1178, .F. ) ;
#718 = EDGE_LOOP ( 'NONE', ( #496, #583, #1104, #1189 ) ) ;
#719 = DIRECTION ( 'NONE',  ( 0.000000000000000000, 0.000000000000000000, -1.000000000000000000 ) ) ;
#720 = CARTESIAN_POINT ( 'NONE',  ( 0.000000000000000000, 0.000000000000000000, -218.2500000000000000 ) ) ;
#721 = DIRECTION ( 'NONE',  ( -1.000000000000000000, 0.000000000000000000, 0.000000000000000000 ) ) ;
#722 = ADVANCED_FACE ( 'NONE', ( #558 ), #71, .T. ) ;
#723 = VERTEX_POINT ( 'NONE', #792 ) ;
#724 = ORIENTED_EDGE ( 'NONE', *, *, #81, .T. ) ;
#725 = EDGE_CURVE ( 'NONE', #662, #621, #686, .T. ) ;
#726 = EDGE_LOOP ( 'NONE', ( #76, #74, #137, #143 ) ) ;
#727 = CIRCLE ( 'NONE', #109, 160.2500000000000000 ) ;
#728 = CARTESIAN_POINT ( 'NONE',  ( -6.352855270576900799E-15, 0.000000000000000000, -154.1316349035422490 ) ) ;
#729 = CARTESIAN_POINT ( 'NONE',  ( 33.50000000000000000, -2.250000000000000000, -218.2500000000000000 ) ) ;
#730 = AXIS2_PLACEMENT_3D ( 'NONE', #1046, #735, #753 ) ;
#731 = ORIENTED_EDGE ( 'NONE', *, *, #648, .T. ) ;
#732 = AXIS2_PLACEMENT_3D ( 'NONE', #1332, #145, #1205 ) ;
#733 = CIRCLE ( 'NONE', #538, 33.50000000000001421 ) ;
#734 = EDGE_CURVE ( 'NONE', #1112, #555, #727, .T. ) ;
#735 = DIRECTION ( 'NONE',  ( -1.000000000000000000, 0.000000000000000000, 0.000000000000000000 ) ) ;
#736 = DIRECTION ( 'NONE',  ( -0.000000000000000000, -1.000000000000000000, -0.000000000000000000 ) ) ;
#737 = LINE ( 'NONE', #1162, #611 ) ;
#738 = EDGE_CURVE ( 'NONE', #933, #1144, #275, .T. ) ;
#739 = ADVANCED_FACE ( 'NONE', ( #285 ), #77, .F. ) ;
#740 = CARTESIAN_POINT ( 'NONE',  ( 31.92080042856067834, 2.250000000000000000, -218.2500000000000000 ) ) ;
#741 = ORIENTED_EDGE ( 'NONE', *, *, #411, .F. ) ;
#742 = ORIENTED_EDGE ( 'NONE', *, *, #1178, .T. ) ;
#743 = ORIENTED_EDGE ( 'NONE', *, *, #688, .F. ) ;
#744 = DIRECTION ( 'NONE',  ( -0.000000000000000000, -0.000000000000000000, -1.000000000000000000 ) ) ;
#745 = DIRECTION ( 'NONE',  ( 0.000000000000000000, 0.000000000000000000, 1.000000000000000000 ) ) ;
#746 = LINE ( 'NONE', #1165, #520 ) ;
#747 = EDGE_CURVE ( 'NONE', #938, #1252, #152, .T. ) ;
#748 = DIRECTION ( 'NONE',  ( -0.000000000000000000, 0.000000000000000000, -1.000000000000000000 ) ) ;
#749 = AXIS2_PLACEMENT_3D ( 'NONE', #900, #917, #1013 ) ;
#750 = DIRECTION ( 'NONE',  ( -1.000000000000000000, 1.224646799147354193E-16, 0.000000000000000000 ) ) ;
#751 = DIRECTION ( 'NONE',  ( -1.000000000000000000, 0.000000000000000000, 0.000000000000000000 ) ) ;
#752 = VERTEX_POINT ( 'NONE', #701 ) ;
#753 = DIRECTION ( 'NONE',  ( 0.000000000000000000, 0.000000000000000000, 1.000000000000000000 ) ) ;
#754 = FACE_OUTER_BOUND ( 'NONE', #104, .T. ) ;
#755 = DIRECTION ( 'NONE',  ( 0.000000000000000000, 0.000000000000000000, -1.000000000000000000 ) ) ;
#756 = DIRECTION ( 'NONE',  ( 0.000000000000000000, 0.000000000000000000, -1.000000000000000000 ) ) ;
#757 = DIRECTION ( 'NONE',  ( 1.224646799147353207E-16, 1.000000000000000000, -0.000000000000000000 ) ) ;
#758 = EDGE_CURVE ( 'NONE', #1252, #389, #923, .T. ) ;
#759 = ORIENTED_EDGE ( 'NONE', *, *, #476, .F. ) ;
#760 = FACE_OUTER_BOUND ( 'NONE', #811, .T. ) ;
#761 = DIRECTION ( 'NONE',  ( 0.000000000000000000, 0.000000000000000000, 1.000000000000000000 ) ) ;
#762 = ORIENTED_EDGE ( 'NONE', *, *, #665, .T. ) ;
#763 = CARTESIAN_POINT ( 'NONE',  ( 33.42435489280233440, 2.250000000000000000, -192.2500000000000000 ) ) ;
#764 = AXIS2_PLACEMENT_3D ( 'NONE', #685, #912, #34 ) ;
#765 = AXIS2_PLACEMENT_3D ( 'NONE', #1255, #585, #161 ) ;
#766 = LOCAL_TIME ( 0, 3, 46.00000000000000000, #1310 ) ;
#767 = ORIENTED_EDGE ( 'NONE', *, *, #959, .T. ) ;
#768 = DIRECTION ( 'NONE',  ( 0.000000000000000000, 0.000000000000000000, 1.000000000000000000 ) ) ;
#769 = ADVANCED_FACE ( 'NONE', ( #942 ), #582, .T. ) ;
#770 = ORIENTED_EDGE ( 'NONE', *, *, #541, .F. ) ;
#771 = CARTESIAN_POINT ( 'NONE',  ( 130.0000000000000000, 0.000000000000000000, -130.0000000000000000 ) ) ;
#772 = ORIENTED_EDGE ( 'NONE', *, *, #1107, .T. ) ;
#773 = DIRECTION ( 'NONE',  ( 0.000000000000000000, 0.000000000000000000, 1.000000000000000000 ) ) ;
#774 = EDGE_CURVE ( 'NONE', #132, #342, #936, .T. ) ;
#775 = ORIENTED_EDGE ( 'NONE', *, *, #401, .F. ) ;
#776 = VECTOR ( 'NONE', #751, 1000.000000000000000 ) ;
#777 = CARTESIAN_POINT ( 'NONE',  ( -2.250000000000008882, -33.42435489280236283, -218.2500000000000000 ) ) ;
#778 = AXIS2_PLACEMENT_3D ( 'NONE', #851, #187, #307 ) ;
#779 = ORIENTED_EDGE ( 'NONE', *, *, #540, .F. ) ;
#780 = LINE ( 'NONE', #1200, #1067 ) ;
#781 = CALENDAR_DATE ( 2026, 16, 9 ) ;
#782 = ORIENTED_EDGE ( 'NONE', *, *, #1266, .T. ) ;
#783 = CYLINDRICAL_SURFACE ( 'NONE', #116, 30.25000000000000000 ) ;
#784 = CONICAL_SURFACE ( 'NONE', #178, 32.09046106882114913, 0.3490658503988606776 ) ;
#785 = VECTOR ( 'NONE', #1168, 1000.000000000000000 ) ;
#786 = ORIENTED_EDGE ( 'NONE', *, *, #1283, .F. ) ;
#787 = PLANE ( 'NONE',  #589 ) ;
#788 = ADVANCED_FACE ( 'NONE', ( #370 ), #1038, .T. ) ;
#789 = EDGE_CURVE ( 'NONE', #549, #392, #652, .T. ) ;
#790 = PERSON_AND_ORGANIZATION_ROLE ( 'classification_officer' ) ;
#791 = AXIS2_PLACEMENT_3D ( 'NONE', #197, #618, #632 ) ;
#792 = CARTESIAN_POINT ( 'NONE',  ( -32.05153689607044498, 0.000000000000000000, -149.2703803290402220 ) ) ;
#793 = CARTESIAN_POINT ( 'NONE',  ( -1.270571054115380160E-14, 0.000000000000000000, -154.1316349035422490 ) ) ;
#794 = VERTEX_POINT ( 'NONE', #393 ) ;
#795 = DIRECTION ( 'NONE',  ( -1.000000000000000000, 0.000000000000000000, 0.000000000000000000 ) ) ;
#796 = ORIENTED_EDGE ( 'NONE', *, *, #1050, .T. ) ;
#797 = PERSON_AND_ORGANIZATION ( #824, #517 ) ;
#798 = DIRECTION ( 'NONE',  ( 1.000000000000000000, 0.000000000000000000, 0.000000000000000000 ) ) ;
#799 = CARTESIAN_POINT ( 'NONE',  ( 31.92080042856067834, 2.249999999999999112, -192.2500000000000000 ) ) ;
#800 = ADVANCED_FACE ( 'NONE', ( #1363 ), #1234, .T. ) ;
#801 = ORIENTED_EDGE ( 'NONE', *, *, #1073, .F. ) ;
#802 = LINE ( 'NONE', #1214, #1309 ) ;
#803 = EDGE_LOOP ( 'NONE', ( #1002, #372, #1035, #381 ) ) ;
#804 = CALENDAR_DATE ( 2026, 16, 9 ) ;
#805 = DIRECTION ( 'NONE',  ( -0.000000000000000000, -0.000000000000000000, 1.000000000000000000 ) ) ;
#806 = DIRECTION ( 'NONE',  ( 0.000000000000000000, 0.000000000000000000, -1.000000000000000000 ) ) ;
#807 = ORIENTED_EDGE ( 'NONE', *, *, #140, .T. ) ;
#808 = DIRECTION ( 'NONE',  ( -1.000000000000000000, 0.000000000000000000, 0.000000000000000000 ) ) ;
#809 = CIRCLE ( 'NONE', #1147, 99.75000000000000000 ) ;
#810 = PRODUCT_RELATED_PRODUCT_CATEGORY ( 'detail', '', ( #1237 ) ) ;
#811 = EDGE_LOOP ( 'NONE', ( #653, #297, #380, #458 ) ) ;
#812 = VERTEX_POINT ( 'NONE', #1248 ) ;
#813 = CARTESIAN_POINT ( 'NONE',  ( 130.0000000000000000, 0.000000000000000000, -130.0000000000000000 ) ) ;
#814 = EDGE_CURVE ( 'NONE', #1112, #853, #1074, .T. ) ;
#815 = FACE_OUTER_BOUND ( 'NONE', #985, .T. ) ;
#816 = CIRCLE ( 'NONE', #633, 33.19846310392956212 ) ;
#817 = VERTEX_POINT ( 'NONE', #502 ) ;
#818 = ORIENTED_EDGE ( 'NONE', *, *, #430, .T. ) ;
#819 = DIRECTION ( 'NONE',  ( 0.000000000000000000, 0.000000000000000000, 1.000000000000000000 ) ) ;
#820 = ORIENTED_EDGE ( 'NONE', *, *, #313, .F. ) ;
#821 = EDGE_CURVE ( 'NONE', #938, #925, #593, .T. ) ;
#822 = DIRECTION ( 'NONE',  ( 0.000000000000000000, 0.000000000000000000, -1.000000000000000000 ) ) ;
#823 = LINE ( 'NONE', #586, #1224 ) ;
#824 = PERSON ( 'UNSPECIFIED', 'UNSPECIFIED', 'UNSPECIFIED', ('UNSPECIFIED'), ('UNSPECIFIED'), ('UNSPECIFIED') ) ;
#825 = ORIENTED_EDGE ( 'NONE', *, *, #1015, .T. ) ;
#826 = VERTEX_POINT ( 'NONE', #835 ) ;
#827 = CARTESIAN_POINT ( 'NONE',  ( 0.000000000000000000, 0.000000000000000000, -192.2500000000000000 ) ) ;
#828 = CARTESIAN_POINT ( 'NONE',  ( -1.270571054115380160E-14, 0.000000000000000000, -218.2499999999999716 ) ) ;
#829 = EDGE_CURVE ( 'NONE', #84, #723, #671, .T. ) ;
#830 = EDGE_LOOP ( 'NONE', ( #368, #595, #637, #542, #174, #996, #181, #1215, #1092, #231, #906, #743 ) ) ;
#831 = VERTEX_POINT ( 'NONE', #1012 ) ;
#832 = DIRECTION ( 'NONE',  ( -0.000000000000000000, -0.000000000000000000, -1.000000000000000000 ) ) ;
#833 = AXIS2_PLACEMENT_3D ( 'NONE', #266, #186, #386 ) ;
#834 = CC_DESIGN_APPROVAL ( #918, ( #63 ) ) ;
#835 = CARTESIAN_POINT ( 'NONE',  ( -2.250000000000008882, 33.42435489280235572, -192.2500000000000000 ) ) ;
#836 = DIRECTION ( 'NONE',  ( -1.000000000000000000, 0.000000000000000000, 0.000000000000000000 ) ) ;
#837 = VERTEX_POINT ( 'NONE', #378 ) ;
#838 = ORIENTED_EDGE ( 'NONE', *, *, #313, .T. ) ;
#839 = VECTOR ( 'NONE', #842, 1000.000000000000000 ) ;
#840 = VECTOR ( 'NONE', #888, 1000.000000000000000 ) ;
#841 = AXIS2_PLACEMENT_3D ( 'NONE', #1259, #1344, #795 ) ;
#842 = DIRECTION ( 'NONE',  ( -0.000000000000000000, -1.000000000000000000, -0.000000000000000000 ) ) ;
#843 = ADVANCED_BREP_SHAPE_REPRESENTATION ( '79-8537 - 63.5mm 90deg', ( #1323, #288 ), #880 ) ;
#844 = DIRECTION ( 'NONE',  ( -0.000000000000000000, -0.000000000000000000, -1.000000000000000000 ) ) ;
#845 = CARTESIAN_POINT ( 'NONE',  ( 33.42435489280234151, 2.250000000000000000, -218.2500000000000000 ) ) ;
#846 = CARTESIAN_POINT ( 'NONE',  ( -1.270571054115380160E-14, 0.000000000000000000, -192.2500000000000000 ) ) ;
#847 = EDGE_CURVE ( 'NONE', #1183, #853, #53, .T. ) ;
#848 = CIRCLE ( 'NONE', #1269, 4.999999999999997335 ) ;
#849 = DIRECTION ( 'NONE',  ( -1.000000000000000000, 0.000000000000000000, 0.000000000000000000 ) ) ;
#850 = DIRECTION ( 'NONE',  ( -1.000000000000000000, 0.000000000000000000, 0.000000000000000000 ) ) ;
#851 = CARTESIAN_POINT ( 'NONE',  ( 130.0000000000000000, 0.000000000000000000, 0.000000000000000000 ) ) ;
#852 = DIRECTION ( 'NONE',  ( -0.000000000000000000, -0.000000000000000000, -1.000000000000000000 ) ) ;
#853 = VERTEX_POINT ( 'NONE', #61 ) ;
#854 = DIRECTION ( 'NONE',  ( -0.000000000000000000, -0.000000000000000000, -1.000000000000000000 ) ) ;
#855 = AXIS2_PLACEMENT_3D ( 'NONE', #896, #434, #1187 ) ;
#856 = CIRCLE ( 'NONE', #1274, 33.50000000000001421 ) ;
#857 = DIRECTION ( 'NONE',  ( 0.000000000000000000, 0.000000000000000000, -1.000000000000000000 ) ) ;
#858 = CIRCLE ( 'NONE', #202, 32.00000000000001421 ) ;
#859 = LINE ( 'NONE', #1089, #598 ) ;
#860 = EDGE_CURVE ( 'NONE', #454, #1213, #172, .T. ) ;
#861 = DIRECTION ( 'NONE',  ( 0.000000000000000000, 1.000000000000000000, 0.000000000000000000 ) ) ;
#862 = CLOSED_SHELL ( 'NONE', ( #617, #1302, #521, #722, #963, #391, #435, #769, #163, #998, #1365, #221, #592, #1119, #713, #484, #198, #106, #1239, #788, #299, #544, #1115, #1004, #654, #939, #697, #643, #565, #1333, #212, #1176, #1326, #418, #443, #800, #301, #508, #1164, #1371, #1373, #226, #739, #897, #1154 ) ) ;
#863 = EDGE_LOOP ( 'NONE', ( #707, #818 ) ) ;
#864 = CARTESIAN_POINT ( 'NONE',  ( 33.50000000000000000, 2.250000000000000000, -192.2500000000000000 ) ) ;
#865 = EDGE_CURVE ( 'NONE', #1252, #549, #1029, .T. ) ;
#866 = FACE_OUTER_BOUND ( 'NONE', #384, .T. ) ;
#867 = VERTEX_POINT ( 'NONE', #193 ) ;
#868 = DIRECTION ( 'NONE',  ( 0.000000000000000000, 1.000000000000000000, 0.000000000000000000 ) ) ;
#869 = CARTESIAN_POINT ( 'NONE',  ( 0.000000000000000000, 0.000000000000000000, -152.9345644019024633 ) ) ;
#870 = DIRECTION ( 'NONE',  ( -0.000000000000000000, -0.000000000000000000, -1.000000000000000000 ) ) ;
#871 = VERTEX_POINT ( 'NONE', #209 ) ;
#872 = CARTESIAN_POINT ( 'NONE',  ( 0.000000000000000000, 0.000000000000000000, -218.2500000000000000 ) ) ;
#873 = DIRECTION ( 'NONE',  ( 0.3420201433256638279, 4.188538737676931984E-17, -0.9396926207859102043 ) ) ;
#874 = EDGE_CURVE ( 'NONE', #1086, #574, #1295, .T. ) ;
#875 = CARTESIAN_POINT ( 'NONE',  ( 130.0000000000000000, 0.000000000000000000, -130.0000000000000000 ) ) ;
#876 = ORIENTED_EDGE ( 'NONE', *, *, #1186, .F. ) ;
#877 = DIRECTION ( 'NONE',  ( -0.000000000000000000, -0.000000000000000000, 1.000000000000000000 ) ) ;
#878 = AXIS2_PLACEMENT_3D ( 'NONE', #635, #400, #100 ) ;
#879 = VECTOR ( 'NONE', #1379, 1000.000000000000000 ) ;
#880 =( GEOMETRIC_REPRESENTATION_CONTEXT ( 3 ) GLOBAL_UNCERTAINTY_ASSIGNED_CONTEXT ( ( #674 ) ) GLOBAL_UNIT_ASSIGNED_CONTEXT ( ( #552, #984, #235 ) ) REPRESENTATION_CONTEXT ( 'NONE', 'WORKASPACE' ) );
#881 = CIRCLE ( 'NONE', #699, 30.25000000000000000 ) ;
#882 = ORIENTED_EDGE ( 'NONE', *, *, #995, .F. ) ;
#883 = CARTESIAN_POINT ( 'NONE',  ( 0.000000000000000000, 0.000000000000000000, -153.7630302149884756 ) ) ;
#884 = CIRCLE ( 'NONE', #1233, 32.00000000000001421 ) ;
#885 = AXIS2_PLACEMENT_3D ( 'NONE', #396, #832, #1378 ) ;
#886 = DIRECTION ( 'NONE',  ( -1.000000000000000000, 0.000000000000000000, 0.000000000000000000 ) ) ;
#887 = ORIENTED_EDGE ( 'NONE', *, *, #1102, .T. ) ;
#888 = DIRECTION ( 'NONE',  ( 0.000000000000000000, 0.000000000000000000, 1.000000000000000000 ) ) ;
#889 = ORIENTED_EDGE ( 'NONE', *, *, #847, .F. ) ;
#890 = DIRECTION ( 'NONE',  ( 1.000000000000000000, 0.000000000000000000, 0.000000000000000000 ) ) ;
#891 = PERSON_AND_ORGANIZATION_ROLE ( 'creator' ) ;
#892 = ORIENTED_EDGE ( 'NONE', *, *, #315, .F. ) ;
#893 = CIRCLE ( 'NONE', #1246, 32.00000000000001421 ) ;
#894 = CIRCLE ( 'NONE', #280, 32.00000000000001421 ) ;
#895 = ORIENTED_EDGE ( 'NONE', *, *, #1088, .F. ) ;
#896 = CARTESIAN_POINT ( 'NONE',  ( 2.249999999999990674, 33.50000000000001421, -192.2500000000000000 ) ) ;
#897 = ADVANCED_FACE ( 'NONE', ( #1278 ), #326, .T. ) ;
#898 = COORDINATED_UNIVERSAL_TIME_OFFSET ( 1, 0, .AHEAD. ) ;
#899 = ORIENTED_EDGE ( 'NONE', *, *, #829, .F. ) ;
#900 = CARTESIAN_POINT ( 'NONE',  ( -1.270571054115380160E-14, 0.000000000000000000, -192.2500000000000000 ) ) ;
#901 = EDGE_CURVE ( 'NONE', #147, #532, #99, .T. ) ;
#902 = VECTOR ( 'NONE', #1135, 1000.000000000000000 ) ;
#903 = LOCAL_TIME ( 0, 3, 46.00000000000000000, #898 ) ;
#904 = ORIENTED_EDGE ( 'NONE', *, *, #814, .T. ) ;
#905 = CARTESIAN_POINT ( 'NONE',  ( 33.50000000000000000, 2.250000000000000000, -192.2500000000000000 ) ) ;
#906 = ORIENTED_EDGE ( 'NONE', *, *, #642, .T. ) ;
#907 = APPROVAL_ROLE ( '' ) ;
#908 = CIRCLE ( 'NONE', #293, 33.19846310392956212 ) ;
#909 = EDGE_CURVE ( 'NONE', #1097, #1034, #204, .T. ) ;
#910 = DIRECTION ( 'NONE',  ( -0.000000000000000000, -0.000000000000000000, -1.000000000000000000 ) ) ;
#911 = AXIS2_PLACEMENT_3D ( 'NONE', #986, #127, #459 ) ;
#912 = DIRECTION ( 'NONE',  ( -0.000000000000000000, -0.000000000000000000, -1.000000000000000000 ) ) ;
#913 = ORIENTED_EDGE ( 'NONE', *, *, #1357, .F. ) ;
#914 = DIRECTION ( 'NONE',  ( 0.000000000000000000, 0.000000000000000000, -1.000000000000000000 ) ) ;
#915 = CALENDAR_DATE ( 2026, 16, 9 ) ;
#916 = DIRECTION ( 'NONE',  ( -1.000000000000000000, 0.000000000000000000, 0.000000000000000000 ) ) ;
#917 = DIRECTION ( 'NONE',  ( 0.000000000000000000, 0.000000000000000000, -1.000000000000000000 ) ) ;
#918 = APPROVAL ( #465, 'UNSPECIFIED' ) ;
#919 = ORIENTED_EDGE ( 'NONE', *, *, #122, .T. ) ;
#920 = CARTESIAN_POINT ( 'NONE',  ( 2.249999999999990674, 31.92080042856069966, -192.2500000000000000 ) ) ;
#921 = EDGE_CURVE ( 'NONE', #574, #349, #535, .T. ) ;
#922 = VERTEX_POINT ( 'NONE', #527 ) ;
#923 = LINE ( 'NONE', #619, #902 ) ;
#924 = DIRECTION ( 'NONE',  ( -0.000000000000000000, -0.000000000000000000, -1.000000000000000000 ) ) ;
#925 = VERTEX_POINT ( 'NONE', #1167 ) ;
#926 = ORIENTED_EDGE ( 'NONE', *, *, #551, .T. ) ;
#927 = FACE_OUTER_BOUND ( 'NONE', #481, .T. ) ;
#928 = CONICAL_SURFACE ( 'NONE', #764, 33.50000000000001421, 0.3490658503988606776 ) ;
#929 = ORIENTED_EDGE ( 'NONE', *, *, #81, .F. ) ;
#930 = DIRECTION ( 'NONE',  ( -1.000000000000000000, 0.000000000000000000, 0.000000000000000000 ) ) ;
#931 = CARTESIAN_POINT ( 'NONE',  ( 33.42435489280233440, 2.249999999999999112, -218.2499999999999716 ) ) ;
#932 = DIRECTION ( 'NONE',  ( -1.000000000000000000, 0.000000000000000000, 0.000000000000000000 ) ) ;
#933 = VERTEX_POINT ( 'NONE', #1374 ) ;
#934 = ORIENTED_EDGE ( 'NONE', *, *, #1345, .T. ) ;
#935 = EDGE_CURVE ( 'NONE', #1207, #271, #1395, .T. ) ;
#936 = LINE ( 'NONE', #1156, #1367 ) ;
#937 = LINE ( 'NONE', #1267, #514 ) ;
#938 = VERTEX_POINT ( 'NONE', #428 ) ;
#939 = ADVANCED_FACE ( 'NONE', ( #406 ), #1095, .F. ) ;
#940 = ORIENTED_EDGE ( 'NONE', *, *, #821, .F. ) ;
#941 = EDGE_CURVE ( 'NONE', #1232, #1207, #856, .T. ) ;
#942 = FACE_OUTER_BOUND ( 'NONE', #117, .T. ) ;
#943 = CARTESIAN_POINT ( 'NONE',  ( -33.50000000000002842, 0.000000000000000000, -192.2500000000000000 ) ) ;
#944 = ORIENTED_EDGE ( 'NONE', *, *, #1077, .T. ) ;
#945 = CARTESIAN_POINT ( 'NONE',  ( 32.05153689607044498, 3.995410182218240519E-15, -149.2703803290402220 ) ) ;
#946 = TOROIDAL_SURFACE ( 'NONE', #218, 28.50000000000000355, 5.000000000000000000 ) ;
#947 = CC_DESIGN_APPROVAL ( #623, ( #965 ) ) ;
#948 = CARTESIAN_POINT ( 'NONE',  ( -2.250000000000007994, 31.92080042856069255, -218.2499999999999716 ) ) ;
#949 = CYLINDRICAL_SURFACE ( 'NONE', #1120, 32.00000000000001421 ) ;
#950 = EDGE_CURVE ( 'NONE', #176, #1207, #1051, .T. ) ;
#951 = FACE_OUTER_BOUND ( 'NONE', #1356, .T. ) ;
#952 = ORIENTED_EDGE ( 'NONE', *, *, #821, .T. ) ;
#953 = DIRECTION ( 'NONE',  ( 1.000000000000000000, 0.000000000000000000, -0.000000000000000000 ) ) ;
#954 = CARTESIAN_POINT ( 'NONE',  ( 130.0000000000000000, 0.000000000000000000, 0.000000000000000000 ) ) ;
#955 = DIRECTION ( 'NONE',  ( 0.000000000000000000, -0.000000000000000000, -1.000000000000000000 ) ) ;
#956 = CC_DESIGN_PERSON_AND_ORGANIZATION_ASSIGNMENT ( #1331, #576, ( #1146 ) ) ;
#957 = DIRECTION ( 'NONE',  ( 0.000000000000000000, 0.000000000000000000, -1.000000000000000000 ) ) ;
#958 = TOROIDAL_SURFACE ( 'NONE', #59, 130.0000000000000000, 31.75000000000000000 ) ;
#959 = EDGE_CURVE ( 'NONE', #1290, #1317, #1033, .T. ) ;
#960 = CARTESIAN_POINT ( 'NONE',  ( -33.42435489280237704, -2.250000000000000000, -218.2500000000000000 ) ) ;
#961 = CARTESIAN_POINT ( 'NONE',  ( 33.50000000000000000, 2.250000000000000000, -218.2500000000000000 ) ) ;
#962 = ORIENTED_EDGE ( 'NONE', *, *, #977, .T. ) ;
#963 = ADVANCED_FACE ( 'NONE', ( #87 ), #784, .F. ) ;
#964 = CARTESIAN_POINT ( 'NONE',  ( -2.250000000000008882, 33.50000000000001421, -218.2500000000000000 ) ) ;
#965 = SECURITY_CLASSIFICATION ( '', '', #356 ) ;
#966 = CIRCLE ( 'NONE', #878, 3.500000000000003109 ) ;
#967 = PLANE ( 'NONE',  #597 ) ;
#968 = ORIENTED_EDGE ( 'NONE', *, *, #909, .T. ) ;
#969 = TOROIDAL_SURFACE ( 'NONE', #732, 130.0000000000000000, 30.25000000000000000 ) ;
#970 = CARTESIAN_POINT ( 'NONE',  ( 2.249999999999990674, -31.92080042856069966, -192.2500000000000000 ) ) ;
#971 = DIRECTION ( 'NONE',  ( 0.000000000000000000, 0.000000000000000000, 1.000000000000000000 ) ) ;
#972 = EDGE_CURVE ( 'NONE', #853, #1112, #1390, .T. ) ;
#973 = FACE_OUTER_BOUND ( 'NONE', #1351, .T. ) ;
#974 = DIRECTION ( 'NONE',  ( 1.000000000000000000, 0.000000000000000000, 0.000000000000000000 ) ) ;
#975 = APPLICATION_CONTEXT ( 'configuration controlled 3d designs of mechanical parts and assemblies' ) ;
#976 = ORIENTED_EDGE ( 'NONE', *, *, #68, .F. ) ;
#977 = EDGE_CURVE ( 'NONE', #549, #1025, #1134, .T. ) ;
#978 = DIRECTION ( 'NONE',  ( 1.000000000000000000, 0.000000000000000000, 0.000000000000000000 ) ) ;
#979 = LINE ( 'NONE', #1289, #715 ) ;
#980 = ORIENTED_EDGE ( 'NONE', *, *, #1250, .T. ) ;
#981 = DIRECTION ( 'NONE',  ( 0.000000000000000000, 1.000000000000000000, 0.000000000000000000 ) ) ;
#982 = ORIENTED_EDGE ( 'NONE', *, *, #995, .T. ) ;
#983 = CARTESIAN_POINT ( 'NONE',  ( -32.09046106882114913, 0.000000000000000000, -153.7630302149884756 ) ) ;
#984 =( NAMED_UNIT ( * ) PLANE_ANGLE_UNIT ( ) SI_UNIT ( $, .RADIAN. ) );
#985 = EDGE_LOOP ( 'NONE', ( #724, #1230, #238, #403, #395, #1263, #1342, #1124, #65, #402, #433, #563 ) ) ;
#986 = CARTESIAN_POINT ( 'NONE',  ( 0.000000000000000000, 0.000000000000000000, -153.2499999999999716 ) ) ;
#987 = TOROIDAL_SURFACE ( 'NONE', #377, 36.75000000000000000, 6.500000000000000888 ) ;
#988 = EDGE_CURVE ( 'NONE', #837, #662, #559, .T. ) ;
#989 = ORIENTED_EDGE ( 'NONE', *, *, #1123, .F. ) ;
#990 = CYLINDRICAL_SURFACE ( 'NONE', #1273, 31.75000000000000000 ) ;
#991 = CIRCLE ( 'NONE', #383, 6.499999999999999112 ) ;
#992 = CARTESIAN_POINT ( 'NONE',  ( -1.270571054115380160E-14, 0.000000000000000000, -192.2500000000000000 ) ) ;
#993 = ORIENTED_EDGE ( 'NONE', *, *, #1102, .F. ) ;
#994 = CARTESIAN_POINT ( 'NONE',  ( 130.0000000000000000, 0.000000000000000000, -31.75000000000000000 ) ) ;
#995 = EDGE_CURVE ( 'NONE', #150, #1112, #474, .T. ) ;
#996 = ORIENTED_EDGE ( 'NONE', *, *, #325, .F. ) ;
#997 = CARTESIAN_POINT ( 'NONE',  ( 218.2500000000000000, 3.704556567420743754E-15, 30.25000000000000000 ) ) ;
#998 = ADVANCED_FACE ( 'NONE', ( #51 ), #928, .T. ) ;
#999 = ORIENTED_EDGE ( 'NONE', *, *, #642, .F. ) ;
#1000 = CARTESIAN_POINT ( 'NONE',  ( -6.352855270576900799E-15, 0.000000000000000000, -154.1316349035422490 ) ) ;
#1001 = PLANE ( 'NONE',  #310 ) ;
#1002 = ORIENTED_EDGE ( 'NONE', *, *, #1283, .T. ) ;
#1003 = DIRECTION ( 'NONE',  ( -1.000000000000000000, 0.000000000000000000, 0.000000000000000000 ) ) ;
#1004 = ADVANCED_FACE ( 'NONE', ( #43 ), #1001, .T. ) ;
#1005 = ORIENTED_EDGE ( 'NONE', *, *, #38, .F. ) ;
#1006 = CARTESIAN_POINT ( 'NONE',  ( -31.92080042856070676, 2.249999999999999112, -218.2499999999999716 ) ) ;
#1007 = DIRECTION ( 'NONE',  ( -0.000000000000000000, -1.000000000000000000, -0.000000000000000000 ) ) ;
#1008 = AXIS2_PLACEMENT_3D ( 'NONE', #720, #805, #1358 ) ;
#1009 = APPROVAL_PERSON_ORGANIZATION ( #244, #453, #907 ) ;
#1010 = ORIENTED_EDGE ( 'NONE', *, *, #36, .T. ) ;
#1011 = CARTESIAN_POINT ( 'NONE',  ( 33.50000000000001421, 4.102566777143634563E-15, -153.2499999999999716 ) ) ;
#1012 = CARTESIAN_POINT ( 'NONE',  ( 130.0000000000000000, 3.888253587292846476E-15, 31.75000000000000000 ) ) ;
#1013 = DIRECTION ( 'NONE',  ( -1.000000000000000000, 0.000000000000000000, 0.000000000000000000 ) ) ;
#1014 = CIRCLE ( 'NONE', #407, 5.000000000000004441 ) ;
#1015 = EDGE_CURVE ( 'NONE', #454, #1232, #444, .T. ) ;
#1016 = EDGE_LOOP ( 'NONE', ( #993, #944, #1221, #779 ) ) ;
#1017 = PLANE ( 'NONE',  #171 ) ;
#1018 = EDGE_LOOP ( 'NONE', ( #134, #120, #786, #489 ) ) ;
#1019 = APPROVAL_ROLE ( '' ) ;
#1020 = DIRECTION ( 'NONE',  ( -0.000000000000000000, 0.000000000000000000, -1.000000000000000000 ) ) ;
#1021 = CARTESIAN_POINT ( 'NONE',  ( -1.270571054115380160E-14, 0.000000000000000000, -218.2500000000000000 ) ) ;
#1022 = AXIS2_PLACEMENT_3D ( 'NONE', #1286, #1070, #955 ) ;
#1023 = AXIS2_PLACEMENT_3D ( 'NONE', #1285, #114, #107 ) ;
#1024 = ORIENTED_EDGE ( 'NONE', *, *, #1231, .F. ) ;
#1025 = VERTEX_POINT ( 'NONE', #799 ) ;
#1026 = CARTESIAN_POINT ( 'NONE',  ( 28.49999999999999645, 0.000000000000000000, -154.1316349035422490 ) ) ;
#1027 = ORIENTED_EDGE ( 'NONE', *, *, #1266, .F. ) ;
#1028 = ORIENTED_EDGE ( 'NONE', *, *, #575, .T. ) ;
#1029 = LINE ( 'NONE', #931, #515 ) ;
#1030 = DIRECTION ( 'NONE',  ( -1.000000000000000000, 0.000000000000000000, 0.000000000000000000 ) ) ;
#1031 = PRODUCT_DEFINITION_SHAPE ( 'NONE', 'NONE',  #63 ) ;
#1032 = CONICAL_SURFACE ( 'NONE', #607, 32.09046106882114913, 0.3490658503988606776 ) ;
#1033 = CIRCLE ( 'NONE', #424, 31.78892417275069704 ) ;
#1034 = VERTEX_POINT ( 'NONE', #1321 ) ;
#1035 = ORIENTED_EDGE ( 'NONE', *, *, #7, .F. ) ;
#1036 = AXIS2_PLACEMENT_3D ( 'NONE', #276, #712, #1030 ) ;
#1037 = ORIENTED_EDGE ( 'NONE', *, *, #267, .T. ) ;
#1038 = CYLINDRICAL_SURFACE ( 'NONE', #1008, 31.75000000000000000 ) ;
#1039 = AXIS2_PLACEMENT_3D ( 'NONE', #1282, #854, #319 ) ;
#1040 = CARTESIAN_POINT ( 'NONE',  ( 0.000000000000000000, 0.000000000000000000, -147.5602796124119038 ) ) ;
#1041 = EDGE_CURVE ( 'NONE', #752, #454, #494, .T. ) ;
#1042 = EDGE_CURVE ( 'NONE', #853, #147, #809, .T. ) ;
#1043 = ORIENTED_EDGE ( 'NONE', *, *, #464, .T. ) ;
#1044 = ORIENTED_EDGE ( 'NONE', *, *, #111, .F. ) ;
#1045 = VECTOR ( 'NONE', #300, 1000.000000000000000 ) ;
#1046 = CARTESIAN_POINT ( 'NONE',  ( 218.2500000000000000, 0.000000000000000000, 0.000000000000000000 ) ) ;
#1047 = DIRECTION ( 'NONE',  ( 0.000000000000000000, 1.000000000000000000, 0.000000000000000000 ) ) ;
#1048 = DIRECTION ( 'NONE',  ( -1.000000000000000000, 0.000000000000000000, 0.000000000000000000 ) ) ;
#1049 = DIRECTION ( 'NONE',  ( 0.000000000000000000, -1.000000000000000000, 0.000000000000000000 ) ) ;
#1050 = EDGE_CURVE ( 'NONE', #271, #1140, #539, .T. ) ;
#1051 = LINE ( 'NONE', #864, #241 ) ;
#1052 = CARTESIAN_POINT ( 'NONE',  ( -33.42435489280236283, 2.250000000000000000, -192.2500000000000000 ) ) ;
#1053 = DIRECTION ( 'NONE',  ( 0.000000000000000000, 0.000000000000000000, 1.000000000000000000 ) ) ;
#1054 = DIRECTION ( 'NONE',  ( -1.000000000000000000, 0.000000000000000000, 0.000000000000000000 ) ) ;
#1055 = AXIS2_PLACEMENT_3D ( 'NONE', #954, #1048, #1272 ) ;
#1056 = VECTOR ( 'NONE', #513, 1000.000000000000000 ) ;
#1057 = AXIS2_PLACEMENT_3D ( 'NONE', #666, #463, #550 ) ;
#1058 = CARTESIAN_POINT ( 'NONE',  ( -31.92080042856071387, -2.250000000000000000, -218.2500000000000000 ) ) ;
#1059 = DIRECTION ( 'NONE',  ( 0.000000000000000000, -0.000000000000000000, -1.000000000000000000 ) ) ;
#1060 = AXIS2_PLACEMENT_3D ( 'NONE', #1336, #352, #250 ) ;
#1061 = EDGE_CURVE ( 'NONE', #867, #236, #1099, .T. ) ;
#1062 = CARTESIAN_POINT ( 'NONE',  ( 218.2500000000000000, 0.000000000000000000, 0.000000000000000000 ) ) ;
#1063 = DIRECTION ( 'NONE',  ( -0.000000000000000000, -0.000000000000000000, -1.000000000000000000 ) ) ;
#1064 = DIRECTION ( 'NONE',  ( -1.000000000000000000, 0.000000000000000000, 0.000000000000000000 ) ) ;
#1065 = ORIENTED_EDGE ( 'NONE', *, *, #480, .F. ) ;
#1066 = AXIS2_PLACEMENT_3D ( 'NONE', #119, #431, #667 ) ;
#1067 = VECTOR ( 'NONE', #240, 1000.000000000000000 ) ;
#1068 = DIRECTION ( 'NONE',  ( 0.000000000000000000, 0.000000000000000000, 1.000000000000000000 ) ) ;
#1069 = CYLINDRICAL_SURFACE ( 'NONE', #1023, 31.75000000000000000 ) ;
#1070 = DIRECTION ( 'NONE',  ( 0.000000000000000000, -1.000000000000000000, 0.000000000000000000 ) ) ;
#1071 = ORIENTED_EDGE ( 'NONE', *, *, #1320, .F. ) ;
#1072 = FACE_OUTER_BOUND ( 'NONE', #646, .T. ) ;
#1073 = EDGE_CURVE ( 'NONE', #208, #837, #62, .T. ) ;
#1074 = CIRCLE ( 'NONE', #833, 30.25000000000000000 ) ;
#1075 = CARTESIAN_POINT ( 'NONE',  ( -31.75000000000000000, 3.888253587292846476E-15, -147.5602796124119038 ) ) ;
#1076 = CARTESIAN_POINT ( 'NONE',  ( -36.75000000000000000, 4.500576986866523006E-15, -147.5602796124119038 ) ) ;
#1077 = EDGE_CURVE ( 'NONE', #274, #621, #823, .T. ) ;
#1078 = CIRCLE ( 'NONE', #46, 32.05153689607044498 ) ;
#1079 = AXIS2_PLACEMENT_3D ( 'NONE', #1171, #638, #849 ) ;
#1080 = DIRECTION ( 'NONE',  ( -0.3420201433256638279, 0.000000000000000000, -0.9396926207859102043 ) ) ;
#1081 = EDGE_CURVE ( 'NONE', #79, #1335, #501, .T. ) ;
#1082 = CONICAL_SURFACE ( 'NONE', #911, 33.50000000000001421, 0.3490658503988606776 ) ;
#1083 = CIRCLE ( 'NONE', #22, 30.25000000000000000 ) ;
#1084 = ORIENTED_EDGE ( 'NONE', *, *, #874, .T. ) ;
#1085 = FACE_OUTER_BOUND ( 'NONE', #616, .T. ) ;
#1086 = VERTEX_POINT ( 'NONE', #173 ) ;
#1087 = CARTESIAN_POINT ( 'NONE',  ( 0.000000000000000000, 0.000000000000000000, -149.7834105440287260 ) ) ;
#1088 = EDGE_CURVE ( 'NONE', #1355, #1361, #1212, .T. ) ;
#1089 = CARTESIAN_POINT ( 'NONE',  ( 2.249999999999989786, -33.42435489280234862, -218.2499999999999716 ) ) ;
#1090 = ORIENTED_EDGE ( 'NONE', *, *, #950, .T. ) ;
#1091 = CYLINDRICAL_SURFACE ( 'NONE', #331, 33.50000000000001421 ) ;
#1092 = ORIENTED_EDGE ( 'NONE', *, *, #1357, .T. ) ;
#1093 = LINE ( 'NONE', #983, #269 ) ;
#1094 = CIRCLE ( 'NONE', #334, 98.25000000000000000 ) ;
#1095 = TOROIDAL_SURFACE ( 'NONE', #500, 36.75000000000000000, 5.000000000000000000 ) ;
#1096 = CARTESIAN_POINT ( 'NONE',  ( 31.78892417275069704, 3.893020423649707008E-15, -152.9345644019024633 ) ) ;
#1097 = VERTEX_POINT ( 'NONE', #1130 ) ;
#1098 = DIRECTION ( 'NONE',  ( 0.000000000000000000, 0.000000000000000000, -1.000000000000000000 ) ) ;
#1099 = CIRCLE ( 'NONE', #1319, 30.64199796489156569 ) ;
#1100 = ORIENTED_EDGE ( 'NONE', *, *, #1204, .F. ) ;
#1101 = DIRECTION ( 'NONE',  ( -1.000000000000000000, 0.000000000000000000, 0.000000000000000000 ) ) ;
#1102 = EDGE_CURVE ( 'NONE', #274, #1238, #1294, .T. ) ;
#1103 = PERSON_AND_ORGANIZATION ( #824, #517 ) ;
#1104 = ORIENTED_EDGE ( 'NONE', *, *, #411, .T. ) ;
#1105 = CARTESIAN_POINT ( 'NONE',  ( 33.42435489280233440, -2.249999999999999112, -218.2499999999999716 ) ) ;
#1106 = DIRECTION ( 'NONE',  ( -1.000000000000000000, 0.000000000000000000, 0.000000000000000000 ) ) ;
#1107 = EDGE_CURVE ( 'NONE', #752, #1144, #858, .T. ) ;
#1108 = ORIENTED_EDGE ( 'NONE', *, *, #682, .T. ) ;
#1109 = CARTESIAN_POINT ( 'NONE',  ( 33.50000000000000000, -2.250000000000000000, -192.2500000000000000 ) ) ;
#1110 = DIRECTION ( 'NONE',  ( -1.000000000000000000, 0.000000000000000000, 0.000000000000000000 ) ) ;
#1111 = DIRECTION ( 'NONE',  ( -1.000000000000000000, 0.000000000000000000, 0.000000000000000000 ) ) ;
#1112 = VERTEX_POINT ( 'NONE', #1223 ) ;
#1113 = DIRECTION ( 'NONE',  ( 0.000000000000000000, -1.000000000000000000, 0.000000000000000000 ) ) ;
#1114 = ORIENTED_EDGE ( 'NONE', *, *, #627, .T. ) ;
#1115 = ADVANCED_FACE ( 'NONE', ( #268, #702 ), #477, .F. ) ;
#1116 = DIRECTION ( 'NONE',  ( 1.000000000000000000, 0.000000000000000000, 0.000000000000000000 ) ) ;
#1117 = CARTESIAN_POINT ( 'NONE',  ( -30.25000000000000000, 3.704556567420743754E-15, -218.2500000000000000 ) ) ;
#1118 = LINE ( 'NONE', #1305, #479 ) ;
#1119 = ADVANCED_FACE ( 'NONE', ( #815 ), #1235, .T. ) ;
#1120 = AXIS2_PLACEMENT_3D ( 'NONE', #828, #421, #1375 ) ;
#1121 = AXIS2_PLACEMENT_3D ( 'NONE', #728, #1347, #612 ) ;
#1122 = LOCAL_TIME ( 0, 3, 46.00000000000000000, #369 ) ;
#1123 = EDGE_CURVE ( 'NONE', #1317, #1290, #242, .T. ) ;
#1124 = ORIENTED_EDGE ( 'NONE', *, *, #75, .F. ) ;
#1125 = VECTOR ( 'NONE', #873, 1000.000000000000000 ) ;
#1126 = CYLINDRICAL_SURFACE ( 'NONE', #483, 30.25000000000000000 ) ;
#1127 = APPLICATION_PROTOCOL_DEFINITION ( 'international standard', 'config_control_design', 1994, #113 ) ;
#1128 = CIRCLE ( 'NONE', #885, 33.50000000000001421 ) ;
#1129 = CARTESIAN_POINT ( 'NONE',  ( -1.270571054115380160E-14, 0.000000000000000000, -192.2500000000000000 ) ) ;
#1130 = CARTESIAN_POINT ( 'NONE',  ( 31.75000000000000000, 0.000000000000000000, -147.5602796124119038 ) ) ;
#1131 = EDGE_LOOP ( 'NONE', ( #759, #32, #291, #1281 ) ) ;
#1132 = ORIENTED_EDGE ( 'NONE', *, *, #1330, .T. ) ;
#1133 = DIRECTION ( 'NONE',  ( 1.000000000000000000, 0.000000000000000000, 0.000000000000000000 ) ) ;
#1134 = LINE ( 'NONE', #170, #355 ) ;
#1135 = DIRECTION ( 'NONE',  ( -1.000000000000000000, 0.000000000000000000, 0.000000000000000000 ) ) ;
#1136 = DIRECTION ( 'NONE',  ( -1.000000000000000000, 0.000000000000000000, 0.000000000000000000 ) ) ;
#1137 = CIRCLE ( 'NONE', #102, 32.00000000000001421 ) ;
#1138 = CIRCLE ( 'NONE', #841, 32.00000000000001421 ) ;
#1139 = ORIENTED_EDGE ( 'NONE', *, *, #17, .F. ) ;
#1140 = VERTEX_POINT ( 'NONE', #139 ) ;
#1141 = CARTESIAN_POINT ( 'NONE',  ( 2.249999999999990674, 33.50000000000001421, -192.2500000000000000 ) ) ;
#1142 = FACE_OUTER_BOUND ( 'NONE', #219, .T. ) ;
#1143 = VECTOR ( 'NONE', #281, 1000.000000000000000 ) ;
#1144 = VERTEX_POINT ( 'NONE', #613 ) ;
#1145 = ORIENTED_EDGE ( 'NONE', *, *, #39, .T. ) ;
#1146 = PRODUCT_DEFINITION_FORMATION_WITH_SPECIFIED_SOURCE ( 'ANY', '', #1237, .NOT_KNOWN. ) ;
#1147 = AXIS2_PLACEMENT_3D ( 'NONE', #1218, #1348, #594 ) ;
#1148 = DIRECTION ( 'NONE',  ( -0.000000000000000000, -1.000000000000000000, -0.000000000000000000 ) ) ;
#1149 = DIRECTION ( 'NONE',  ( 0.000000000000000000, 0.000000000000000000, -1.000000000000000000 ) ) ;
#1150 = CIRCLE ( 'NONE', #1039, 33.50000000000001421 ) ;
#1151 = DIRECTION ( 'NONE',  ( 0.000000000000000000, 0.000000000000000000, -1.000000000000000000 ) ) ;
#1152 = CIRCLE ( 'NONE', #1328, 161.7500000000000000 ) ;
#1153 = ORIENTED_EDGE ( 'NONE', *, *, #682, .F. ) ;
#1154 = ADVANCED_FACE ( 'NONE', ( #200 ), #295, .T. ) ;
#1155 = DIRECTION ( 'NONE',  ( 0.000000000000000000, 0.000000000000000000, 1.000000000000000000 ) ) ;
#1156 = CARTESIAN_POINT ( 'NONE',  ( 2.249999999999990674, 33.50000000000001421, -218.2500000000000000 ) ) ;
#1157 = PLANE ( 'NONE',  #1206 ) ;
#1158 = LINE ( 'NONE', #1011, #1188 ) ;
#1159 = VERTEX_POINT ( 'NONE', #282 ) ;
#1160 = ORIENTED_EDGE ( 'NONE', *, *, #286, .F. ) ;
#1161 = DIRECTION ( 'NONE',  ( 1.000000000000000000, 0.000000000000000000, 0.000000000000000000 ) ) ;
#1162 = CARTESIAN_POINT ( 'NONE',  ( 2.249999999999989786, -31.92080042856069255, -218.2499999999999716 ) ) ;
#1163 = CARTESIAN_POINT ( 'NONE',  ( -2.250000000000008882, -31.92080042856069966, -192.2500000000000000 ) ) ;
#1164 = ADVANCED_FACE ( 'NONE', ( #1359 ), #1157, .T. ) ;
#1165 = CARTESIAN_POINT ( 'NONE',  ( -33.50000000000001421, 0.000000000000000000, -153.2499999999999716 ) ) ;
#1166 = AXIS2_PLACEMENT_3D ( 'NONE', #625, #529, #750 ) ;
#1167 = CARTESIAN_POINT ( 'NONE',  ( 2.249999999999990674, 31.92080042856069966, -218.2500000000000000 ) ) ;
#1168 = DIRECTION ( 'NONE',  ( -0.000000000000000000, -0.000000000000000000, -1.000000000000000000 ) ) ;
#1169 = CARTESIAN_POINT ( 'NONE',  ( 31.92080042856067834, -2.249999999999999112, -218.2499999999999716 ) ) ;
#1170 = ORIENTED_EDGE ( 'NONE', *, *, #1204, .T. ) ;
#1171 = CARTESIAN_POINT ( 'NONE',  ( 0.000000000000000000, 0.000000000000000000, -218.2500000000000000 ) ) ;
#1172 = CARTESIAN_POINT ( 'NONE',  ( -31.75000000000000000, 3.888253587292846476E-15, -130.0000000000000000 ) ) ;
#1173 = CYLINDRICAL_SURFACE ( 'NONE', #546, 30.25000000000000000 ) ;
#1174 = ORIENTED_EDGE ( 'NONE', *, *, #551, .F. ) ;
#1175 = DIRECTION ( 'NONE',  ( -0.000000000000000000, -0.000000000000000000, -1.000000000000000000 ) ) ;
#1176 = ADVANCED_FACE ( 'NONE', ( #88 ), #987, .T. ) ;
#1177 = CARTESIAN_POINT ( 'NONE',  ( 0.000000000000000000, 0.000000000000000000, -130.0000000000000000 ) ) ;
#1178 = EDGE_CURVE ( 'NONE', #208, #132, #737, .T. ) ;
#1179 = ORIENTED_EDGE ( 'NONE', *, *, #847, .T. ) ;
#1180 = PLANE ( 'NONE',  #448 ) ;
#1181 = AXIS2_PLACEMENT_3D ( 'NONE', #1354, #493, #294 ) ;
#1182 = DIRECTION ( 'NONE',  ( 0.000000000000000000, 0.000000000000000000, 1.000000000000000000 ) ) ;
#1183 = VERTEX_POINT ( 'NONE', #1380 ) ;
#1184 = DIRECTION ( 'NONE',  ( 0.000000000000000000, 0.000000000000000000, -1.000000000000000000 ) ) ;
#1185 = ORIENTED_EDGE ( 'NONE', *, *, #627, .F. ) ;
#1186 = EDGE_CURVE ( 'NONE', #752, #1238, #505, .T. ) ;
#1187 = DIRECTION ( 'NONE',  ( -0.000000000000000000, 0.000000000000000000, -1.000000000000000000 ) ) ;
#1188 = VECTOR ( 'NONE', #366, 1000.000000000000000 ) ;
#1189 = ORIENTED_EDGE ( 'NONE', *, *, #96, .F. ) ;
#1190 = CARTESIAN_POINT ( 'NONE',  ( -2.250000000000008882, -33.42435489280235572, -192.2500000000000000 ) ) ;
#1191 = ORIENTED_EDGE ( 'NONE', *, *, #149, .T. ) ;
#1192 = CARTESIAN_POINT ( 'NONE',  ( -33.42435489280237704, 2.250000000000000000, -218.2500000000000000 ) ) ;
#1193 = AXIS2_PLACEMENT_3D ( 'NONE', #1177, #755, #658 ) ;
#1194 = CC_DESIGN_PERSON_AND_ORGANIZATION_ASSIGNMENT ( #1216, #891, ( #1146 ) ) ;
#1195 = AXIS2_PLACEMENT_3D ( 'NONE', #8, #1303, #125 ) ;
#1196 = ORIENTED_EDGE ( 'NONE', *, *, #464, .F. ) ;
#1197 = LINE ( 'NONE', #1006, #227 ) ;
#1198 = EDGE_CURVE ( 'NONE', #1335, #817, #180, .T. ) ;
#1199 = ORIENTED_EDGE ( 'NONE', *, *, #534, .T. ) ;
#1200 = CARTESIAN_POINT ( 'NONE',  ( -2.250000000000008882, 33.50000000000001421, -192.2500000000000000 ) ) ;
#1201 = CIRCLE ( 'NONE', #1388, 30.64199796489156569 ) ;
#1202 = PERSON_AND_ORGANIZATION ( #824, #517 ) ;
#1203 = ORIENTED_EDGE ( 'NONE', *, *, #149, .F. ) ;
#1204 = EDGE_CURVE ( 'NONE', #704, #812, #1386, .T. ) ;
#1205 = DIRECTION ( 'NONE',  ( 0.000000000000000000, 0.000000000000000000, 1.000000000000000000 ) ) ;
#1206 = AXIS2_PLACEMENT_3D ( 'NONE', #408, #1257, #415 ) ;
#1207 = VERTEX_POINT ( 'NONE', #1052 ) ;
#1208 = CYLINDRICAL_SURFACE ( 'NONE', #1060, 30.25000000000000000 ) ;
#1209 = CIRCLE ( 'NONE', #4, 32.00000000000001421 ) ;
#1210 = DATE_AND_TIME ( #804, #1122 ) ;
#1211 = CARTESIAN_POINT ( 'NONE',  ( 0.000000000000000000, 0.000000000000000000, -147.5602796124119038 ) ) ;
#1212 = LINE ( 'NONE', #1340, #672 ) ;
#1213 = VERTEX_POINT ( 'NONE', #960 ) ;
#1214 = CARTESIAN_POINT ( 'NONE',  ( -2.250000000000007994, -31.92080042856069255, -218.2499999999999716 ) ) ;
#1215 = ORIENTED_EDGE ( 'NONE', *, *, #988, .F. ) ;
#1216 = PERSON_AND_ORGANIZATION ( #824, #517 ) ;
#1217 = FACE_OUTER_BOUND ( 'NONE', #441, .T. ) ;
#1218 = CARTESIAN_POINT ( 'NONE',  ( 130.0000000000000000, -3.704556567420743754E-15, -130.0000000000000000 ) ) ;
#1219 = EDGE_LOOP ( 'NONE', ( #553, #351, #807, #438 ) ) ;
#1220 = LINE ( 'NONE', #256, #103 ) ;
#1221 = ORIENTED_EDGE ( 'NONE', *, *, #325, .T. ) ;
#1222 = DIRECTION ( 'NONE',  ( -1.000000000000000000, 0.000000000000000000, 0.000000000000000000 ) ) ;
#1223 = CARTESIAN_POINT ( 'NONE',  ( -30.25000000000000000, 3.704556567420743754E-15, -130.0000000000000000 ) ) ;
#1224 = VECTOR ( 'NONE', #1007, 1000.000000000000000 ) ;
#1225 = VECTOR ( 'NONE', #844, 1000.000000000000000 ) ;
#1226 = EDGE_LOOP ( 'NONE', ( #175, #659, #899, #257 ) ) ;
#1227 = ORIENTED_EDGE ( 'NONE', *, *, #485, .F. ) ;
#1228 = CIRCLE ( 'NONE', #1057, 31.75000000000000000 ) ;
#1229 = CYLINDRICAL_SURFACE ( 'NONE', #462, 31.75000000000000000 ) ;
#1230 = ORIENTED_EDGE ( 'NONE', *, *, #456, .T. ) ;
#1231 = EDGE_CURVE ( 'NONE', #933, #1290, #966, .T. ) ;
#1232 = VERTEX_POINT ( 'NONE', #943 ) ;
#1233 = AXIS2_PLACEMENT_3D ( 'NONE', #846, #101, #121 ) ;
#1234 = PLANE ( 'NONE',  #41 ) ;
#1235 = CYLINDRICAL_SURFACE ( 'NONE', #1036, 33.50000000000001421 ) ;
#1236 = VERTEX_POINT ( 'NONE', #524 ) ;
#1237 = PRODUCT ( '79-8537 - 63.5mm 90deg', '79-8537 - 63.5mm 90deg', '', ( #144 ) ) ;
#1238 = VERTEX_POINT ( 'NONE', #1058 ) ;
#1239 = ADVANCED_FACE ( 'NONE', ( #518 ), #949, .F. ) ;
#1240 = EDGE_LOOP ( 'NONE', ( #569, #1160, #167, #35 ) ) ;
#1241 = DIRECTION ( 'NONE',  ( 0.000000000000000000, 0.000000000000000000, 1.000000000000000000 ) ) ;
#1242 = CARTESIAN_POINT ( 'NONE',  ( -1.270571054115380160E-14, 0.000000000000000000, -154.1316349035422490 ) ) ;
#1243 = AXIS2_PLACEMENT_3D ( 'NONE', #641, #1, #650 ) ;
#1244 = ORIENTED_EDGE ( 'NONE', *, *, #972, .F. ) ;
#1245 = ORIENTED_EDGE ( 'NONE', *, *, #36, .F. ) ;
#1246 = AXIS2_PLACEMENT_3D ( 'NONE', #992, #27, #886 ) ;
#1247 = ORIENTED_EDGE ( 'NONE', *, *, #774, .T. ) ;
#1248 = CARTESIAN_POINT ( 'NONE',  ( 32.00000000000000000, 3.918869757271532630E-15, -192.2500000000000000 ) ) ;
#1249 = DIRECTION ( 'NONE',  ( 0.000000000000000000, 0.000000000000000000, 1.000000000000000000 ) ) ;
#1250 = EDGE_CURVE ( 'NONE', #1159, #922, #937, .T. ) ;
#1251 = VECTOR ( 'NONE', #177, 1000.000000000000000 ) ;
#1252 = VERTEX_POINT ( 'NONE', #845 ) ;
#1253 = EDGE_CURVE ( 'NONE', #831, #614, #90, .T. ) ;
#1254 = CARTESIAN_POINT ( 'NONE',  ( 218.2500000000000000, 0.000000000000000000, -31.75000000000000000 ) ) ;
#1255 = CARTESIAN_POINT ( 'NONE',  ( 0.000000000000000000, 0.000000000000000000, -149.2703803290402220 ) ) ;
#1256 = AXIS2_PLACEMENT_3D ( 'NONE', #1062, #522, #427 ) ;
#1257 = DIRECTION ( 'NONE',  ( 0.000000000000000000, 0.000000000000000000, -1.000000000000000000 ) ) ;
#1258 = CIRCLE ( 'NONE', #47, 32.00000000000001421 ) ;
#1259 = CARTESIAN_POINT ( 'NONE',  ( -1.270571054115380160E-14, 0.000000000000000000, -218.2500000000000000 ) ) ;
#1260 = CIRCLE ( 'NONE', #1377, 33.50000000000001421 ) ;
#1261 = ORIENTED_EDGE ( 'NONE', *, *, #814, .F. ) ;
#1262 = CC_DESIGN_PERSON_AND_ORGANIZATION_ASSIGNMENT ( #677, #790, ( #965 ) ) ;
#1263 = ORIENTED_EDGE ( 'NONE', *, *, #290, .T. ) ;
#1264 = ORIENTED_EDGE ( 'NONE', *, *, #111, .T. ) ;
#1265 = DIRECTION ( 'NONE',  ( 1.000000000000000000, 0.000000000000000000, 0.000000000000000000 ) ) ;
#1266 = EDGE_CURVE ( 'NONE', #794, #871, #303, .T. ) ;
#1267 = CARTESIAN_POINT ( 'NONE',  ( 33.50000000000000000, -2.250000000000000000, -192.2500000000000000 ) ) ;
#1268 = CARTESIAN_POINT ( 'NONE',  ( -33.42435489280236283, -2.250000000000000000, -192.2500000000000000 ) ) ;
#1269 = AXIS2_PLACEMENT_3D ( 'NONE', #1076, #757, #115 ) ;
#1270 = CARTESIAN_POINT ( 'NONE',  ( -2.250000000000008882, 33.50000000000001421, -192.2500000000000000 ) ) ;
#1271 = CARTESIAN_POINT ( 'NONE',  ( 0.000000000000000000, 0.000000000000000000, -130.0000000000000000 ) ) ;
#1272 = DIRECTION ( 'NONE',  ( 0.000000000000000000, 0.000000000000000000, 1.000000000000000000 ) ) ;
#1273 = AXIS2_PLACEMENT_3D ( 'NONE', #455, #112, #11 ) ;
#1274 = AXIS2_PLACEMENT_3D ( 'NONE', #420, #857, #412 ) ;
#1275 = EDGE_LOOP ( 'NONE', ( #1227, #1174, #270, #1139 ) ) ;
#1276 = CARTESIAN_POINT ( 'NONE',  ( 2.249999999999990674, 33.50000000000001421, -192.2500000000000000 ) ) ;
#1277 = AXIS2_PLACEMENT_3D ( 'NONE', #793, #924, #54 ) ;
#1278 = FACE_OUTER_BOUND ( 'NONE', #224, .T. ) ;
#1279 = DIRECTION ( 'NONE',  ( 1.000000000000000000, 0.000000000000000000, 0.000000000000000000 ) ) ;
#1280 = CARTESIAN_POINT ( 'NONE',  ( 130.0000000000000000, 3.704556567420743754E-15, 30.25000000000000000 ) ) ;
#1281 = ORIENTED_EDGE ( 'NONE', *, *, #254, .T. ) ;
#1282 = CARTESIAN_POINT ( 'NONE',  ( -1.270571054115380160E-14, 0.000000000000000000, -218.2500000000000000 ) ) ;
#1283 = EDGE_CURVE ( 'NONE', #147, #555, #1366, .T. ) ;
#1284 = EDGE_CURVE ( 'NONE', #614, #831, #528, .T. ) ;
#1285 = CARTESIAN_POINT ( 'NONE',  ( 130.0000000000000000, 0.000000000000000000, 0.000000000000000000 ) ) ;
#1286 = CARTESIAN_POINT ( 'NONE',  ( 33.50000000000000000, -2.250000000000000000, -192.2500000000000000 ) ) ;
#1287 = ORIENTED_EDGE ( 'NONE', *, *, #738, .T. ) ;
#1288 = DIRECTION ( 'NONE',  ( 0.000000000000000000, 0.000000000000000000, 1.000000000000000000 ) ) ;
#1289 = CARTESIAN_POINT ( 'NONE',  ( 130.0000000000000000, 3.704556567420743754E-15, 30.25000000000000000 ) ) ;
#1290 = VERTEX_POINT ( 'NONE', #620 ) ;
#1291 = CARTESIAN_POINT ( 'NONE',  ( 130.0000000000000000, 0.000000000000000000, -130.0000000000000000 ) ) ;
#1292 = EDGE_CURVE ( 'NONE', #933, #704, #645, .T. ) ;
#1293 = DIRECTION ( 'NONE',  ( 0.000000000000000000, 0.000000000000000000, -1.000000000000000000 ) ) ;
#1294 = CIRCLE ( 'NONE', #73, 32.00000000000001421 ) ;
#1295 = CIRCLE ( 'NONE', #696, 32.00000000000001421 ) ;
#1296 = CC_DESIGN_SECURITY_CLASSIFICATION ( #965, ( #1146 ) ) ;
#1297 = FACE_OUTER_BOUND ( 'NONE', #609, .T. ) ;
#1298 = ORIENTED_EDGE ( 'NONE', *, *, #1341, .T. ) ;
#1299 = AXIS2_PLACEMENT_3D ( 'NONE', #129, #675, #890 ) ;
#1300 = DIRECTION ( 'NONE',  ( 1.000000000000000000, 0.000000000000000000, 0.000000000000000000 ) ) ;
#1301 = CARTESIAN_POINT ( 'NONE',  ( 130.0000000000000000, 0.000000000000000000, 0.000000000000000000 ) ) ;
#1302 = ADVANCED_FACE ( 'NONE', ( #1142 ), #958, .T. ) ;
#1303 = DIRECTION ( 'NONE',  ( 1.000000000000000000, 0.000000000000000000, -0.000000000000000000 ) ) ;
#1304 = ORIENTED_EDGE ( 'NONE', *, *, #1061, .T. ) ;
#1305 = CARTESIAN_POINT ( 'NONE',  ( 31.92080042856067834, 2.249999999999999112, -218.2499999999999716 ) ) ;
#1306 = EDGE_LOOP ( 'NONE', ( #1392, #962, #1346, #5 ) ) ;
#1307 = DIRECTION ( 'NONE',  ( -0.000000000000000000, -0.000000000000000000, 1.000000000000000000 ) ) ;
#1308 = TOROIDAL_SURFACE ( 'NONE', #1066, 28.50000000000000355, 3.500000000000000000 ) ;
#1309 = VECTOR ( 'NONE', #382, 1000.000000000000000 ) ;
#1310 = COORDINATED_UNIVERSAL_TIME_OFFSET ( 1, 0, .AHEAD. ) ;
#1311 = ORIENTED_EDGE ( 'NONE', *, *, #1341, .F. ) ;
#1312 = CARTESIAN_POINT ( 'NONE',  ( -1.270571054115380160E-14, 0.000000000000000000, -218.2499999999999716 ) ) ;
#1313 = ORIENTED_EDGE ( 'NONE', *, *, #254, .F. ) ;
#1314 = CARTESIAN_POINT ( 'NONE',  ( -31.92080042856071387, 2.250000000000000000, -192.2500000000000000 ) ) ;
#1315 = AXIS2_PLACEMENT_3D ( 'NONE', #1211, #252, #337 ) ;
#1316 = DATE_AND_TIME ( #1338, #903 ) ;
#1317 = VERTEX_POINT ( 'NONE', #1096 ) ;
#1318 = CARTESIAN_POINT ( 'NONE',  ( -1.270571054115380160E-14, 0.000000000000000000, -218.2499999999999716 ) ) ;
#1319 = AXIS2_PLACEMENT_3D ( 'NONE', #693, #1334, #146 ) ;
#1320 = EDGE_CURVE ( 'NONE', #555, #159, #979, .T. ) ;
#1321 = CARTESIAN_POINT ( 'NONE',  ( 31.75000000000000000, 0.000000000000000000, -130.0000000000000000 ) ) ;
#1322 = ORIENTED_EDGE ( 'NONE', *, *, #921, .T. ) ;
#1323 = MANIFOLD_SOLID_BREP ( 'Cut-Extrude-Thin1', #862 ) ;
#1324 = DIRECTION ( 'NONE',  ( 0.000000000000000000, 0.000000000000000000, -1.000000000000000000 ) ) ;
#1325 = CIRCLE ( 'NONE', #730, 31.75000000000000000 ) ;
#1326 = ADVANCED_FACE ( 'NONE', ( #754 ), #1308, .F. ) ;
#1327 = AXIS2_PLACEMENT_3D ( 'NONE', #1318, #910, #1110 ) ;
#1328 = AXIS2_PLACEMENT_3D ( 'NONE', #771, #981, #451 ) ;
#1329 = EDGE_LOOP ( 'NONE', ( #13, #472, #10, #1350 ) ) ;
#1330 = EDGE_CURVE ( 'NONE', #376, #69, #1383, .T. ) ;
#1331 = PERSON_AND_ORGANIZATION ( #824, #517 ) ;
#1332 = CARTESIAN_POINT ( 'NONE',  ( 130.0000000000000000, 0.000000000000000000, -130.0000000000000000 ) ) ;
#1333 = ADVANCED_FACE ( 'NONE', ( #1297 ), #414, .F. ) ;
#1334 = DIRECTION ( 'NONE',  ( -0.000000000000000000, -0.000000000000000000, -1.000000000000000000 ) ) ;
#1335 = VERTEX_POINT ( 'NONE', #12 ) ;
#1336 = CARTESIAN_POINT ( 'NONE',  ( 0.000000000000000000, 0.000000000000000000, -218.2500000000000000 ) ) ;
#1337 = ORIENTED_EDGE ( 'NONE', *, *, #222, .F. ) ;
#1338 = CALENDAR_DATE ( 2026, 16, 9 ) ;
#1339 = DIRECTION ( 'NONE',  ( -0.000000000000000000, -0.000000000000000000, 1.000000000000000000 ) ) ;
#1340 = CARTESIAN_POINT ( 'NONE',  ( -31.75000000000000000, 3.888253587292846476E-15, -218.2500000000000000 ) ) ;
#1341 = EDGE_CURVE ( 'NONE', #1025, #812, #1137, .T. ) ;
#1342 = ORIENTED_EDGE ( 'NONE', *, *, #367, .F. ) ;
#1343 = EDGE_LOOP ( 'NONE', ( #1100, #168, #1287, #190, #1108, #1084, #1322, #731, #820, #165, #762, #1298 ) ) ;
#1344 = DIRECTION ( 'NONE',  ( 0.000000000000000000, 0.000000000000000000, -1.000000000000000000 ) ) ;
#1345 = EDGE_CURVE ( 'NONE', #208, #533, #893, .T. ) ;
#1346 = ORIENTED_EDGE ( 'NONE', *, *, #665, .F. ) ;
#1347 = DIRECTION ( 'NONE',  ( 0.000000000000000000, 0.000000000000000000, 1.000000000000000000 ) ) ;
#1348 = DIRECTION ( 'NONE',  ( 0.000000000000000000, 1.000000000000000000, 0.000000000000000000 ) ) ;
#1349 = VECTOR ( 'NONE', #385, 1000.000000000000000 ) ;
#1350 = ORIENTED_EDGE ( 'NONE', *, *, #860, .F. ) ;
#1351 = EDGE_LOOP ( 'NONE', ( #338, #579, #678, #503 ) ) ;
#1352 = DIRECTION ( 'NONE',  ( 0.000000000000000000, 0.000000000000000000, -1.000000000000000000 ) ) ;
#1353 = DIRECTION ( 'NONE',  ( -1.000000000000000000, 0.000000000000000000, 0.000000000000000000 ) ) ;
#1354 = CARTESIAN_POINT ( 'NONE',  ( -1.270571054115380160E-14, 0.000000000000000000, -218.2500000000000000 ) ) ;
#1355 = VERTEX_POINT ( 'NONE', #1075 ) ;
#1356 = EDGE_LOOP ( 'NONE', ( #20, #982, #1244, #889 ) ) ;
#1357 = EDGE_CURVE ( 'NONE', #837, #342, #859, .T. ) ;
#1358 = DIRECTION ( 'NONE',  ( 1.000000000000000000, 0.000000000000000000, 0.000000000000000000 ) ) ;
#1359 = FACE_OUTER_BOUND ( 'NONE', #668, .T. ) ;
#1360 = ORIENTED_EDGE ( 'NONE', *, *, #1231, .T. ) ;
#1361 = VERTEX_POINT ( 'NONE', #1172 ) ;
#1362 = LINE ( 'NONE', #80, #703 ) ;
#1363 = FACE_OUTER_BOUND ( 'NONE', #450, .T. ) ;
#1364 = DIRECTION ( 'NONE',  ( -1.000000000000000000, 0.000000000000000000, 0.000000000000000000 ) ) ;
#1365 = ADVANCED_FACE ( 'NONE', ( #866 ), #1069, .T. ) ;
#1366 = CIRCLE ( 'NONE', #1055, 30.25000000000000000 ) ;
#1367 = VECTOR ( 'NONE', #736, 1000.000000000000000 ) ;
#1368 = EDGE_LOOP ( 'NONE', ( #506, #469, #1191, #989 ) ) ;
#1369 = ORIENTED_EDGE ( 'NONE', *, *, #191, .F. ) ;
#1370 = CC_DESIGN_APPROVAL ( #453, ( #1146 ) ) ;
#1371 = ADVANCED_FACE ( 'NONE', ( #321 ), #223, .T. ) ;
#1372 = ORIENTED_EDGE ( 'NONE', *, *, #688, .T. ) ;
#1373 = ADVANCED_FACE ( 'NONE', ( #973 ), #657, .T. ) ;
#1374 = CARTESIAN_POINT ( 'NONE',  ( -32.00000000000002842, 0.000000000000000000, -154.1316349035422490 ) ) ;
#1375 = DIRECTION ( 'NONE',  ( -1.000000000000000000, 0.000000000000000000, 0.000000000000000000 ) ) ;
#1376 = DIRECTION ( 'NONE',  ( 0.000000000000000000, 0.000000000000000000, 1.000000000000000000 ) ) ;
#1377 = AXIS2_PLACEMENT_3D ( 'NONE', #695, #690, #808 ) ;
#1378 = DIRECTION ( 'NONE',  ( 1.000000000000000000, 0.000000000000000000, 0.000000000000000000 ) ) ;
#1379 = DIRECTION ( 'NONE',  ( 1.000000000000000000, 0.000000000000000000, 0.000000000000000000 ) ) ;
#1380 = CARTESIAN_POINT ( 'NONE',  ( 30.25000000000000000, 0.000000000000000000, -147.5602796124119038 ) ) ;
#1381 = FACE_OUTER_BOUND ( 'NONE', #141, .T. ) ;
#1382 = CIRCLE ( 'NONE', #1193, 31.75000000000000000 ) ;
#1383 = CIRCLE ( 'NONE', #460, 31.75000000000000000 ) ;
#1384 = CARTESIAN_POINT ( 'NONE',  ( 28.49999999999999645, 0.000000000000000000, -154.1316349035422490 ) ) ;
#1385 = DIRECTION ( 'NONE',  ( 1.000000000000000000, 0.000000000000000000, 0.000000000000000000 ) ) ;
#1386 = LINE ( 'NONE', #194, #398 ) ;
#1387 = DIRECTION ( 'NONE',  ( 0.000000000000000000, 0.000000000000000000, -1.000000000000000000 ) ) ;
#1388 = AXIS2_PLACEMENT_3D ( 'NONE', #1087, #1175, #25 ) ;
#1389 = EDGE_CURVE ( 'NONE', #1335, #1232, #562, .T. ) ;
#1390 = CIRCLE ( 'NONE', #353, 30.25000000000000000 ) ;
#1391 = APPROVAL_PERSON_ORGANIZATION ( #1103, #623, #591 ) ;
#1392 = ORIENTED_EDGE ( 'NONE', *, *, #865, .T. ) ;
#1393 = LINE ( 'NONE', #1276, #656 ) ;
#1394 = AXIS2_PLACEMENT_3D ( 'NONE', #72, #247, #1106 ) ;
#1395 = LINE ( 'NONE', #649, #1225 ) ;
ENDSEC;
END-ISO-10303-21;
