ISO-10303-21;
HEADER;
FILE_DESCRIPTION (( 'STEP AP203' ),
    '1' );
FILE_NAME ('79-8535 - 63.5mm 45deg.STEP',
    '2026-09-15T22:03:43',
    ( '' ),
    ( '' ),
    'SwSTEP 2.0',
    'SolidWorks 2026',
    '' );
FILE_SCHEMA (( 'CONFIG_CONTROL_DESIGN' ));
ENDSEC;

DATA;
#1 = ORIENTED_EDGE ( 'NONE', *, *, #656, .T. ) ;
#2 = ADVANCED_FACE ( 'NONE', ( #255 ), #1216, .F. ) ;
#3 = AXIS2_PLACEMENT_3D ( 'NONE', #259, #1343, #381 ) ;
#4 = DIRECTION ( 'NONE',  ( 0.7071067811865513475, 0.000000000000000000, -0.7071067811865436870 ) ) ;
#5 = ORIENTED_EDGE ( 'NONE', *, *, #903, .F. ) ;
#6 = COORDINATED_UNIVERSAL_TIME_OFFSET ( 1, 0, .AHEAD. ) ;
#7 = DIRECTION ( 'NONE',  ( -0.7071067811865512365, 0.000000000000000000, 0.7071067811865437980 ) ) ;
#8 = CARTESIAN_POINT ( 'NONE',  ( 1.387778780781445676E-14, 0.000000000000000000, -53.84776310850197945 ) ) ;
#9 = AXIS2_PLACEMENT_3D ( 'NONE', #437, #840, #208 ) ;
#10 = ORIENTED_EDGE ( 'NONE', *, *, #1324, .T. ) ;
#11 = AXIS2_PLACEMENT_3D ( 'NONE', #941, #194, #275 ) ;
#12 = ORIENTED_EDGE ( 'NONE', *, *, #304, .F. ) ;
#13 = DIRECTION ( 'NONE',  ( 1.000000000000000000, 0.000000000000000000, 0.000000000000000000 ) ) ;
#14 = CYLINDRICAL_SURFACE ( 'NONE', #634, 30.25000000000000711 ) ;
#15 = EDGE_CURVE ( 'NONE', #711, #1014, #587, .T. ) ;
#16 = EDGE_CURVE ( 'NONE', #1051, #696, #1199, .T. ) ;
#17 = VECTOR ( 'NONE', #403, 1000.000000000000000 ) ;
#18 = VERTEX_POINT ( 'NONE', #695 ) ;
#19 = COORDINATED_UNIVERSAL_TIME_OFFSET ( 1, 0, .AHEAD. ) ;
#20 = DIRECTION ( 'NONE',  ( -0.000000000000000000, -0.000000000000000000, -1.000000000000000000 ) ) ;
#21 = DIRECTION ( 'NONE',  ( 0.000000000000000000, 0.000000000000000000, -1.000000000000000000 ) ) ;
#22 = ORIENTED_EDGE ( 'NONE', *, *, #155, .T. ) ;
#23 = DIRECTION ( 'NONE',  ( -0.000000000000000000, -0.000000000000000000, 1.000000000000000000 ) ) ;
#24 = ORIENTED_EDGE ( 'NONE', *, *, #525, .F. ) ;
#25 = CIRCLE ( 'NONE', #1143, 32.00000000000000000 ) ;
#26 = COORDINATED_UNIVERSAL_TIME_OFFSET ( 1, 0, .AHEAD. ) ;
#27 = EDGE_CURVE ( 'NONE', #202, #433, #923, .T. ) ;
#28 = CARTESIAN_POINT ( 'NONE',  ( 1.387778780781445676E-14, 0.000000000000000000, -84.43456440190151113 ) ) ;
#29 = DIRECTION ( 'NONE',  ( 0.000000000000000000, -0.000000000000000000, -1.000000000000000000 ) ) ;
#30 = TOROIDAL_SURFACE ( 'NONE', #393, 28.49999999999999289, 3.500000000000000000 ) ;
#31 = LINE ( 'NONE', #1352, #1042 ) ;
#32 = VERTEX_POINT ( 'NONE', #1340 ) ;
#33 = AXIS2_PLACEMENT_3D ( 'NONE', #954, #744, #212 ) ;
#34 = ADVANCED_FACE ( 'NONE', ( #377 ), #30, .F. ) ;
#35 = CARTESIAN_POINT ( 'NONE',  ( 1.387778780781445676E-14, 0.000000000000000000, -85.26303021498767976 ) ) ;
#36 = ORIENTED_EDGE ( 'NONE', *, *, #1055, .T. ) ;
#37 = ORIENTED_EDGE ( 'NONE', *, *, #1320, .T. ) ;
#38 = DIRECTION ( 'NONE',  ( -0.000000000000000000, -0.000000000000000000, -1.000000000000000000 ) ) ;
#39 = CARTESIAN_POINT ( 'NONE',  ( -8.585916553777130231E-15, 0.000000000000000000, -123.7499999999992184 ) ) ;
#40 = EDGE_CURVE ( 'NONE', #535, #144, #1308, .T. ) ;
#41 = ORIENTED_EDGE ( 'NONE', *, *, #228, .F. ) ;
#42 = EDGE_CURVE ( 'NONE', #1244, #535, #585, .T. ) ;
#43 = ORIENTED_EDGE ( 'NONE', *, *, #573, .F. ) ;
#44 = AXIS2_PLACEMENT_3D ( 'NONE', #88, #1259, #513 ) ;
#45 = CARTESIAN_POINT ( 'NONE',  ( 38.07611844574832816, 0.000000000000000000, 38.07611844574869764 ) ) ;
#46 = FACE_OUTER_BOUND ( 'NONE', #986, .T. ) ;
#47 = EDGE_LOOP ( 'NONE', ( #577, #137, #875, #500 ) ) ;
#48 = TOROIDAL_SURFACE ( 'NONE', #11, 28.49999999999999289, 3.500000000000000000 ) ;
#49 = ORIENTED_EDGE ( 'NONE', *, *, #935, .F. ) ;
#50 = DIRECTION ( 'NONE',  ( 0.000000000000000000, 0.000000000000000000, -1.000000000000000000 ) ) ;
#51 = CIRCLE ( 'NONE', #476, 32.00000000000000000 ) ;
#52 = CARTESIAN_POINT ( 'NONE',  ( 32.09046106882119176, 3.929948043109461164E-15, -85.26303021498767976 ) ) ;
#53 = DIRECTION ( 'NONE',  ( -1.000000000000000000, 0.000000000000000000, 0.000000000000000000 ) ) ;
#54 = DIRECTION ( 'NONE',  ( -0.000000000000000000, 0.000000000000000000, -1.000000000000000000 ) ) ;
#55 = EDGE_CURVE ( 'NONE', #845, #920, #341, .T. ) ;
#56 = FACE_OUTER_BOUND ( 'NONE', #1139, .T. ) ;
#57 = ORIENTED_EDGE ( 'NONE', *, *, #761, .F. ) ;
#58 = AXIS2_PLACEMENT_3D ( 'NONE', #427, #106, #532 ) ;
#59 = FACE_OUTER_BOUND ( 'NONE', #263, .T. ) ;
#60 = EDGE_CURVE ( 'NONE', #1223, #906, #170, .T. ) ;
#61 = CARTESIAN_POINT ( 'NONE',  ( 2.249999999999974243, 33.42435489280234862, -123.7499999999992184 ) ) ;
#62 = DIRECTION ( 'NONE',  ( 1.000000000000000000, 0.000000000000000000, 0.000000000000000000 ) ) ;
#63 = DIRECTION ( 'NONE',  ( -1.000000000000000000, 0.000000000000000000, 0.000000000000000000 ) ) ;
#64 = ORIENTED_EDGE ( 'NONE', *, *, #391, .T. ) ;
#65 = ADVANCED_BREP_SHAPE_REPRESENTATION ( '79-8535 - 63.5mm 45deg', ( #357, #58 ), #862 ) ;
#66 = VERTEX_POINT ( 'NONE', #882 ) ;
#67 = DIRECTION ( 'NONE',  ( 0.000000000000000000, 0.000000000000000000, 1.000000000000000000 ) ) ;
#68 = VECTOR ( 'NONE', #342, 1000.000000000000000 ) ;
#69 = ADVANCED_FACE ( 'NONE', ( #346 ), #1001, .F. ) ;
#70 = DIRECTION ( 'NONE',  ( -0.7071067811865430208, 0.000000000000000000, -0.7071067811865520136 ) ) ;
#71 = CARTESIAN_POINT ( 'NONE',  ( -33.42435489280234862, 2.250000000000000000, -123.7499999999992184 ) ) ;
#72 = ORIENTED_EDGE ( 'NONE', *, *, #209, .F. ) ;
#73 = DIRECTION ( 'NONE',  ( -1.110223024625156540E-16, 0.000000000000000000, -1.000000000000000000 ) ) ;
#74 = ORIENTED_EDGE ( 'NONE', *, *, #1218, .T. ) ;
#75 = AXIS2_PLACEMENT_3D ( 'NONE', #1209, #142, #354 ) ;
#76 = ADVANCED_FACE ( 'NONE', ( #465 ), #720, .T. ) ;
#77 = EDGE_CURVE ( 'NONE', #683, #1223, #1148, .T. ) ;
#78 = DIRECTION ( 'NONE',  ( -0.000000000000000000, -0.000000000000000000, -1.000000000000000000 ) ) ;
#79 = VECTOR ( 'NONE', #586, 1000.000000000000000 ) ;
#80 = CARTESIAN_POINT ( 'NONE',  ( 2.249999999999974243, 33.50000000000001421, -123.7499999999992184 ) ) ;
#81 = DIRECTION ( 'NONE',  ( -0.000000000000000000, -0.000000000000000000, -1.000000000000000000 ) ) ;
#82 = ORIENTED_EDGE ( 'NONE', *, *, #1335, .F. ) ;
#83 = DIRECTION ( 'NONE',  ( -0.000000000000000000, -0.000000000000000000, -1.000000000000000000 ) ) ;
#84 = ORIENTED_EDGE ( 'NONE', *, *, #529, .T. ) ;
#85 = CIRCLE ( 'NONE', #932, 32.00000000000000000 ) ;
#86 = DIRECTION ( 'NONE',  ( -1.000000000000000000, 0.000000000000000000, 0.000000000000000000 ) ) ;
#87 = ADVANCED_FACE ( 'NONE', ( #1250 ), #917, .T. ) ;
#88 = CARTESIAN_POINT ( 'NONE',  ( 1.387778780781445676E-14, 0.000000000000000000, -79.06027961241113644 ) ) ;
#89 = ORIENTED_EDGE ( 'NONE', *, *, #27, .F. ) ;
#90 = ORIENTED_EDGE ( 'NONE', *, *, #774, .F. ) ;
#91 = CARTESIAN_POINT ( 'NONE',  ( 33.49999999999998579, 2.250000000000000000, -123.7499999999992184 ) ) ;
#92 = LINE ( 'NONE', #822, #1012 ) ;
#93 = DIRECTION ( 'NONE',  ( 0.000000000000000000, 0.000000000000000000, -1.000000000000000000 ) ) ;
#94 = VERTEX_POINT ( 'NONE', #71 ) ;
#95 = CARTESIAN_POINT ( 'NONE',  ( -36.74999999999999289, 4.500576986866523794E-15, -79.06027961241113644 ) ) ;
#96 = ADVANCED_FACE ( 'NONE', ( #926 ), #1028, .F. ) ;
#97 = ORIENTED_EDGE ( 'NONE', *, *, #1031, .T. ) ;
#98 = AXIS2_PLACEMENT_3D ( 'NONE', #1159, #81, #1346 ) ;
#99 = PLANE ( 'NONE',  #1133 ) ;
#100 = AXIS2_PLACEMENT_3D ( 'NONE', #162, #176, #700 ) ;
#101 = DIRECTION ( 'NONE',  ( -0.7071067811865437980, 0.000000000000000000, -0.7071067811865512365 ) ) ;
#102 = EDGE_CURVE ( 'NONE', #796, #1077, #1307, .T. ) ;
#103 = ORIENTED_EDGE ( 'NONE', *, *, #1023, .F. ) ;
#104 = ORIENTED_EDGE ( 'NONE', *, *, #1332, .T. ) ;
#105 = EDGE_CURVE ( 'NONE', #727, #18, #1020, .T. ) ;
#106 = DIRECTION ( 'NONE',  ( 0.000000000000000000, 0.000000000000000000, 1.000000000000000000 ) ) ;
#107 = EDGE_CURVE ( 'NONE', #361, #325, #1353, .T. ) ;
#108 = CARTESIAN_POINT ( 'NONE',  ( 31.99999999999999289, 3.918869757271530263E-15, -123.7499999999992184 ) ) ;
#109 = DIRECTION ( 'NONE',  ( -1.000000000000000000, 0.000000000000000000, 0.000000000000000000 ) ) ;
#110 = ORIENTED_EDGE ( 'NONE', *, *, #1354, .T. ) ;
#111 = CARTESIAN_POINT ( 'NONE',  ( 38.07611844574832816, 0.000000000000000000, 38.07611844574869764 ) ) ;
#112 = EDGE_LOOP ( 'NONE', ( #424, #241, #369, #1180 ) ) ;
#113 =( LENGTH_UNIT ( ) NAMED_UNIT ( * ) SI_UNIT ( .MILLI., .METRE. ) );
#114 = CARTESIAN_POINT ( 'NONE',  ( 31.75000000000002132, 0.000000000000000000, -79.06027961241113644 ) ) ;
#115 = CARTESIAN_POINT ( 'NONE',  ( 38.07611844574832816, 0.000000000000000000, 38.07611844574869764 ) ) ;
#116 = EDGE_LOOP ( 'NONE', ( #753, #776, #1170, #151 ) ) ;
#117 = VECTOR ( 'NONE', #1109, 1000.000000000000000 ) ;
#118 = VERTEX_POINT ( 'NONE', #823 ) ;
#119 = APPROVAL_STATUS ( 'not_yet_approved' ) ;
#120 = ADVANCED_FACE ( 'NONE', ( #56 ), #946, .T. ) ;
#121 = EDGE_CURVE ( 'NONE', #273, #683, #274, .T. ) ;
#122 = CIRCLE ( 'NONE', #901, 32.00000000000000000 ) ;
#123 = DIRECTION ( 'NONE',  ( 0.000000000000000000, -1.000000000000000000, 0.000000000000000000 ) ) ;
#124 = FACE_OUTER_BOUND ( 'NONE', #116, .T. ) ;
#125 = CIRCLE ( 'NONE', #704, 33.50000000000000711 ) ;
#126 = ORIENTED_EDGE ( 'NONE', *, *, #1361, .T. ) ;
#127 = AXIS2_PLACEMENT_3D ( 'NONE', #813, #584, #1016 ) ;
#128 = PLANE ( 'NONE',  #237 ) ;
#129 = VERTEX_POINT ( 'NONE', #1142 ) ;
#130 = TOROIDAL_SURFACE ( 'NONE', #729, 130.0000000000000000, 31.75000000000000711 ) ;
#131 = PERSON_AND_ORGANIZATION ( #1155, #1093 ) ;
#132 = CARTESIAN_POINT ( 'NONE',  ( 130.0000000000000000, 0.000000000000000000, -53.84776310850193681 ) ) ;
#133 = PLANE ( 'NONE',  #1085 ) ;
#134 = AXIS2_PLACEMENT_3D ( 'NONE', #1221, #1024, #678 ) ;
#135 = EDGE_LOOP ( 'NONE', ( #662, #929, #1002, #1153, #1105, #1299, #311, #853, #412, #41, #186, #57 ) ) ;
#136 = DIRECTION ( 'NONE',  ( 0.000000000000000000, -0.000000000000000000, -1.000000000000000000 ) ) ;
#137 = ORIENTED_EDGE ( 'NONE', *, *, #725, .F. ) ;
#138 = DIRECTION ( 'NONE',  ( 0.000000000000000000, 0.000000000000000000, 1.000000000000000000 ) ) ;
#139 = DIRECTION ( 'NONE',  ( -0.000000000000000000, -0.000000000000000000, -1.000000000000000000 ) ) ;
#140 = CARTESIAN_POINT ( 'NONE',  ( 1.387778780781445676E-14, 0.000000000000000000, -149.7499999999992042 ) ) ;
#141 = ADVANCED_FACE ( 'NONE', ( #610, #506 ), #1368, .F. ) ;
#142 = DIRECTION ( 'NONE',  ( 0.000000000000000000, -1.000000000000000000, 0.000000000000000000 ) ) ;
#143 = LINE ( 'NONE', #565, #855 ) ;
#144 = VERTEX_POINT ( 'NONE', #945 ) ;
#145 = CIRCLE ( 'NONE', #1261, 30.64199796489159056 ) ;
#146 = DIRECTION ( 'NONE',  ( 0.000000000000000000, -1.000000000000000000, 0.000000000000000000 ) ) ;
#147 = CYLINDRICAL_SURFACE ( 'NONE', #710, 31.75000000000000711 ) ;
#148 = DIRECTION ( 'NONE',  ( 0.3420201433256656598, 4.188538737676954171E-17, -0.9396926207859095381 ) ) ;
#149 = CARTESIAN_POINT ( 'NONE',  ( 2.645935627018663262E-15, 0.000000000000000000, -85.63163490354133955 ) ) ;
#150 = AXIS2_PLACEMENT_3D ( 'NONE', #323, #330, #1081 ) ;
#151 = ORIENTED_EDGE ( 'NONE', *, *, #1230, .F. ) ;
#152 = VECTOR ( 'NONE', #598, 1000.000000000000000 ) ;
#153 = DIRECTION ( 'NONE',  ( 1.224646799147353207E-16, 1.000000000000000000, -0.000000000000000000 ) ) ;
#154 = CARTESIAN_POINT ( 'NONE',  ( 33.49999999999998579, -2.250000000000000000, -149.7499999999992042 ) ) ;
#155 = EDGE_CURVE ( 'NONE', #551, #948, #724, .T. ) ;
#156 = DIRECTION ( 'NONE',  ( -0.000000000000000000, -0.000000000000000000, -1.000000000000000000 ) ) ;
#157 = VECTOR ( 'NONE', #270, 1000.000000000000000 ) ;
#158 = ORIENTED_EDGE ( 'NONE', *, *, #77, .F. ) ;
#159 = CARTESIAN_POINT ( 'NONE',  ( -28.49999999999998934, 3.490243377569955667E-15, -85.63163490354133955 ) ) ;
#160 = EDGE_CURVE ( 'NONE', #520, #94, #233, .T. ) ;
#161 = LINE ( 'NONE', #583, #157 ) ;
#162 = CARTESIAN_POINT ( 'NONE',  ( -8.585916553777130231E-15, 0.000000000000000000, -123.7499999999992184 ) ) ;
#163 = ORIENTED_EDGE ( 'NONE', *, *, #538, .T. ) ;
#164 = ORIENTED_EDGE ( 'NONE', *, *, #997, .T. ) ;
#165 = CC_DESIGN_DATE_AND_TIME_ASSIGNMENT ( #231, #1392, ( #279 ) ) ;
#166 = CARTESIAN_POINT ( 'NONE',  ( 130.0000000000000000, 0.000000000000000000, -53.84776310850193681 ) ) ;
#167 = EDGE_CURVE ( 'NONE', #653, #841, #1062, .T. ) ;
#168 = DIRECTION ( 'NONE',  ( -1.110223024625156540E-16, 0.000000000000000000, -1.000000000000000000 ) ) ;
#169 = DIRECTION ( 'NONE',  ( -0.000000000000000000, -0.000000000000000000, -1.000000000000000000 ) ) ;
#170 = LINE ( 'NONE', #1118, #366 ) ;
#171 = ORIENTED_EDGE ( 'NONE', *, *, #438, .T. ) ;
#172 = AXIS2_PLACEMENT_3D ( 'NONE', #910, #192, #1135 ) ;
#173 = AXIS2_PLACEMENT_3D ( 'NONE', #752, #864, #989 ) ;
#174 = CIRCLE ( 'NONE', #749, 6.499999999999999112 ) ;
#175 = CARTESIAN_POINT ( 'NONE',  ( -2.250000000000025313, -33.42435489280234862, -123.7499999999992184 ) ) ;
#176 = DIRECTION ( 'NONE',  ( 0.000000000000000000, 0.000000000000000000, -1.000000000000000000 ) ) ;
#177 = FACE_OUTER_BOUND ( 'NONE', #493, .T. ) ;
#178 = ORIENTED_EDGE ( 'NONE', *, *, #105, .T. ) ;
#179 = ORIENTED_EDGE ( 'NONE', *, *, #1023, .T. ) ;
#180 = VECTOR ( 'NONE', #38, 1000.000000000000000 ) ;
#181 = DIRECTION ( 'NONE',  ( -0.000000000000000000, -0.000000000000000000, 1.000000000000000000 ) ) ;
#182 = CARTESIAN_POINT ( 'NONE',  ( -8.585916553777130231E-15, 0.000000000000000000, -149.7499999999992042 ) ) ;
#183 = CARTESIAN_POINT ( 'NONE',  ( -2.250000000000025313, 33.50000000000001421, -123.7499999999992184 ) ) ;
#184 = CARTESIAN_POINT ( 'NONE',  ( 2.249999999999974243, 33.50000000000001421, -149.7499999999992042 ) ) ;
#185 = EDGE_CURVE ( 'NONE', #380, #315, #125, .T. ) ;
#186 = ORIENTED_EDGE ( 'NONE', *, *, #976, .T. ) ;
#187 = PLANE ( 'NONE',  #795 ) ;
#188 = ORIENTED_EDGE ( 'NONE', *, *, #732, .F. ) ;
#189 = DIRECTION ( 'NONE',  ( 1.000000000000000000, 0.000000000000000000, 0.000000000000000000 ) ) ;
#190 = AXIS2_PLACEMENT_3D ( 'NONE', #363, #1015, #375 ) ;
#191 = FACE_OUTER_BOUND ( 'NONE', #1029, .T. ) ;
#192 = DIRECTION ( 'NONE',  ( 0.000000000000000000, -1.000000000000000000, 0.000000000000000000 ) ) ;
#193 = ORIENTED_EDGE ( 'NONE', *, *, #1348, .F. ) ;
#194 = DIRECTION ( 'NONE',  ( 0.000000000000000000, 0.000000000000000000, 1.000000000000000000 ) ) ;
#195 = VERTEX_POINT ( 'NONE', #1183 ) ;
#196 = AXIS2_PLACEMENT_3D ( 'NONE', #1305, #1117, #1096 ) ;
#197 = CARTESIAN_POINT ( 'NONE',  ( 1.387778780781445676E-14, 0.000000000000000000, -83.92153418691302136 ) ) ;
#198 = ADVANCED_FACE ( 'NONE', ( #124 ), #14, .F. ) ;
#199 = CIRCLE ( 'NONE', #1178, 30.25000000000000711 ) ;
#200 = PLANE ( 'NONE',  #252 ) ;
#201 = DIRECTION ( 'NONE',  ( -0.000000000000000000, -0.000000000000000000, -1.000000000000000000 ) ) ;
#202 = VERTEX_POINT ( 'NONE', #738 ) ;
#203 = FACE_OUTER_BOUND ( 'NONE', #835, .T. ) ;
#204 = ORIENTED_EDGE ( 'NONE', *, *, #1046, .T. ) ;
#205 = LOCAL_TIME ( 0, 3, 43.00000000000000000, #26 ) ;
#206 = DIRECTION ( 'NONE',  ( 1.000000000000000000, 0.000000000000000000, 0.000000000000000000 ) ) ;
#207 = CARTESIAN_POINT ( 'NONE',  ( 1.387778780781445676E-14, 0.000000000000000000, -84.43456440190151113 ) ) ;
#208 = DIRECTION ( 'NONE',  ( -1.000000000000000000, 0.000000000000000000, 0.000000000000000000 ) ) ;
#209 = EDGE_CURVE ( 'NONE', #803, #1270, #1064, .T. ) ;
#210 = ORIENTED_EDGE ( 'NONE', *, *, #529, .F. ) ;
#211 = CC_DESIGN_PERSON_AND_ORGANIZATION_ASSIGNMENT ( #131, #1303, ( #421 ) ) ;
#212 = DIRECTION ( 'NONE',  ( -0.7071067811865511255, 0.000000000000000000, 0.7071067811865437980 ) ) ;
#213 = VECTOR ( 'NONE', #863, 1000.000000000000000 ) ;
#214 = ORIENTED_EDGE ( 'NONE', *, *, #1156, .F. ) ;
#215 = ORIENTED_EDGE ( 'NONE', *, *, #379, .F. ) ;
#216 = APPROVAL_ROLE ( '' ) ;
#217 = CIRCLE ( 'NONE', #415, 31.75000000000000711 ) ;
#218 = LINE ( 'NONE', #422, #374 ) ;
#219 = CIRCLE ( 'NONE', #9, 32.00000000000000000 ) ;
#220 = DIRECTION ( 'NONE',  ( -1.000000000000000000, 0.000000000000000000, 0.000000000000000000 ) ) ;
#221 = VERTEX_POINT ( 'NONE', #1285 ) ;
#222 = ORIENTED_EDGE ( 'NONE', *, *, #573, .T. ) ;
#223 = MECHANICAL_CONTEXT ( 'NONE', #722, 'mechanical' ) ;
#224 = CARTESIAN_POINT ( 'NONE',  ( -2.250000000000025313, 31.92080042856068545, -123.7499999999992184 ) ) ;
#225 = DIRECTION ( 'NONE',  ( 0.000000000000000000, 0.000000000000000000, 1.000000000000000000 ) ) ;
#226 = EDGE_LOOP ( 'NONE', ( #1063, #690, #24, #861 ) ) ;
#227 = EDGE_CURVE ( 'NONE', #549, #495, #1266, .T. ) ;
#228 = EDGE_CURVE ( 'NONE', #1262, #1362, #637, .T. ) ;
#229 = ORIENTED_EDGE ( 'NONE', *, *, #602, .F. ) ;
#230 = PRODUCT_DEFINITION_SHAPE ( 'NONE', 'NONE',  #279 ) ;
#231 = DATE_AND_TIME ( #1171, #1048 ) ;
#232 = DIRECTION ( 'NONE',  ( 0.000000000000000000, 1.000000000000000000, 0.000000000000000000 ) ) ;
#233 = LINE ( 'NONE', #1298, #1040 ) ;
#234 = ORIENTED_EDGE ( 'NONE', *, *, #580, .F. ) ;
#235 = CIRCLE ( 'NONE', #563, 99.75000000000000000 ) ;
#236 = EDGE_LOOP ( 'NONE', ( #1356, #797, #715, #1280 ) ) ;
#237 = AXIS2_PLACEMENT_3D ( 'NONE', #1186, #1268, #735 ) ;
#238 = LINE ( 'NONE', #659, #68 ) ;
#239 = CARTESIAN_POINT ( 'NONE',  ( 1.387778780781445676E-14, 0.000000000000000000, -53.84776310850197945 ) ) ;
#240 = VECTOR ( 'NONE', #1388, 1000.000000000000000 ) ;
#241 = ORIENTED_EDGE ( 'NONE', *, *, #1279, .T. ) ;
#242 = ORIENTED_EDGE ( 'NONE', *, *, #962, .F. ) ;
#243 = DIRECTION ( 'NONE',  ( -1.000000000000000000, 0.000000000000000000, 0.000000000000000000 ) ) ;
#244 = PLANE ( 'NONE',  #320 ) ;
#245 = CARTESIAN_POINT ( 'NONE',  ( -33.50000000000002842, 0.000000000000000000, -84.74999999999918998 ) ) ;
#246 = ORIENTED_EDGE ( 'NONE', *, *, #77, .T. ) ;
#247 = CARTESIAN_POINT ( 'NONE',  ( 2.249999999999973355, 31.92080042856067834, -149.7499999999991758 ) ) ;
#248 = CARTESIAN_POINT ( 'NONE',  ( 2.249999999999973355, 33.42435489280234151, -149.7499999999991758 ) ) ;
#249 = EDGE_CURVE ( 'NONE', #195, #711, #1287, .T. ) ;
#250 = ORIENTED_EDGE ( 'NONE', *, *, #512, .T. ) ;
#251 = ORIENTED_EDGE ( 'NONE', *, *, #304, .T. ) ;
#252 = AXIS2_PLACEMENT_3D ( 'NONE', #1068, #499, #399 ) ;
#253 = FACE_OUTER_BOUND ( 'NONE', #112, .T. ) ;
#254 = CARTESIAN_POINT ( 'NONE',  ( 1.387778780781445676E-14, 0.000000000000000000, -79.06027961241113644 ) ) ;
#255 = FACE_OUTER_BOUND ( 'NONE', #414, .T. ) ;
#256 = ORIENTED_EDGE ( 'NONE', *, *, #1376, .F. ) ;
#257 = AXIS2_PLACEMENT_3D ( 'NONE', #491, #1121, #800 ) ;
#258 = EDGE_CURVE ( 'NONE', #646, #444, #900, .T. ) ;
#259 = CARTESIAN_POINT ( 'NONE',  ( -8.585916553777130231E-15, 0.000000000000000000, -123.7499999999992184 ) ) ;
#260 = CARTESIAN_POINT ( 'NONE',  ( 33.49999999999999289, 4.102566777143633774E-15, -123.7499999999992184 ) ) ;
#261 = DIRECTION ( 'NONE',  ( 0.000000000000000000, 0.000000000000000000, -1.000000000000000000 ) ) ;
#262 = LOCAL_TIME ( 0, 3, 43.00000000000000000, #959 ) ;
#263 = EDGE_LOOP ( 'NONE', ( #1333, #1, #251, #1057 ) ) ;
#264 = DIRECTION ( 'NONE',  ( 0.7071067811865436870, 0.000000000000000000, 0.7071067811865513475 ) ) ;
#265 = CARTESIAN_POINT ( 'NONE',  ( 2.249999999999974243, 33.50000000000001421, -149.7499999999992042 ) ) ;
#266 = CARTESIAN_POINT ( 'NONE',  ( 31.75000000000002132, 0.000000000000000000, -149.7499999999992042 ) ) ;
#267 = ORIENTED_EDGE ( 'NONE', *, *, #1335, .T. ) ;
#268 = ORIENTED_EDGE ( 'NONE', *, *, #976, .F. ) ;
#269 = VECTOR ( 'NONE', #335, 1000.000000000000000 ) ;
#270 = DIRECTION ( 'NONE',  ( -0.000000000000000000, -1.000000000000000000, -0.000000000000000000 ) ) ;
#271 = CARTESIAN_POINT ( 'NONE',  ( -1.662558979376163084E-14, 0.000000000000000000, -123.7499999999992184 ) ) ;
#272 = EDGE_CURVE ( 'NONE', #664, #860, #219, .T. ) ;
#273 = VERTEX_POINT ( 'NONE', #527 ) ;
#274 = CIRCLE ( 'NONE', #172, 6.500000000000005329 ) ;
#275 = DIRECTION ( 'NONE',  ( 1.000000000000000000, 0.000000000000000000, 0.000000000000000000 ) ) ;
#276 = AXIS2_PLACEMENT_3D ( 'NONE', #1395, #978, #109 ) ;
#277 = CARTESIAN_POINT ( 'NONE',  ( 1.387778780781445676E-14, 0.000000000000000000, -79.06027961241113644 ) ) ;
#278 = LINE ( 'NONE', #265, #1086 ) ;
#279 = PRODUCT_DEFINITION ( 'UNKNOWN', '', #421, #1106 ) ;
#280 = LINE ( 'NONE', #1134, #79 ) ;
#281 = DIRECTION ( 'NONE',  ( 0.000000000000000000, 0.000000000000000000, 1.000000000000000000 ) ) ;
#282 = ORIENTED_EDGE ( 'NONE', *, *, #477, .T. ) ;
#283 = LINE ( 'NONE', #697, #834 ) ;
#284 = ORIENTED_EDGE ( 'NONE', *, *, #685, .T. ) ;
#285 = FACE_OUTER_BOUND ( 'NONE', #432, .T. ) ;
#286 = DIRECTION ( 'NONE',  ( 0.000000000000000000, 0.000000000000000000, 1.000000000000000000 ) ) ;
#287 = DIRECTION ( 'NONE',  ( -0.000000000000000000, -0.000000000000000000, -1.000000000000000000 ) ) ;
#288 = ORIENTED_EDGE ( 'NONE', *, *, #538, .F. ) ;
#289 = EDGE_CURVE ( 'NONE', #845, #948, #858, .T. ) ;
#290 = LINE ( 'NONE', #716, #897 ) ;
#291 = ORIENTED_EDGE ( 'NONE', *, *, #107, .T. ) ;
#292 = CARTESIAN_POINT ( 'NONE',  ( -31.92080042856068545, -2.250000000000000000, -149.7499999999992042 ) ) ;
#293 = AXIS2_PLACEMENT_3D ( 'NONE', #891, #799, #1240 ) ;
#294 = FACE_OUTER_BOUND ( 'NONE', #521, .T. ) ;
#295 = EDGE_LOOP ( 'NONE', ( #1099, #1136, #980, #332 ) ) ;
#296 = AXIS2_PLACEMENT_3D ( 'NONE', #382, #807, #592 ) ;
#297 = ORIENTED_EDGE ( 'NONE', *, *, #379, .T. ) ;
#298 = CIRCLE ( 'NONE', #276, 33.50000000000000711 ) ;
#299 = CARTESIAN_POINT ( 'NONE',  ( -8.585916553777130231E-15, 0.000000000000000000, -149.7499999999991758 ) ) ;
#300 = AXIS2_PLACEMENT_3D ( 'NONE', #452, #169, #307 ) ;
#301 = CARTESIAN_POINT ( 'NONE',  ( -2.250000000000025313, -33.42435489280234862, -149.7499999999992042 ) ) ;
#302 = EDGE_LOOP ( 'NONE', ( #229, #126, #1036, #677 ) ) ;
#303 = ORIENTED_EDGE ( 'NONE', *, *, #1079, .T. ) ;
#304 = EDGE_CURVE ( 'NONE', #433, #202, #1128, .T. ) ;
#305 = EDGE_CURVE ( 'NONE', #841, #18, #1293, .T. ) ;
#306 = DIRECTION ( 'NONE',  ( 0.000000000000000000, -1.000000000000000000, 0.000000000000000000 ) ) ;
#307 = DIRECTION ( 'NONE',  ( -1.000000000000000000, 0.000000000000000000, 0.000000000000000000 ) ) ;
#308 = CARTESIAN_POINT ( 'NONE',  ( 33.42435489280233440, -2.249999999999999112, -149.7499999999991758 ) ) ;
#309 = EDGE_LOOP ( 'NONE', ( #89, #12 ) ) ;
#310 = FACE_OUTER_BOUND ( 'NONE', #958, .T. ) ;
#311 = ORIENTED_EDGE ( 'NONE', *, *, #272, .T. ) ;
#312 = DIRECTION ( 'NONE',  ( 1.000000000000000000, 0.000000000000000000, 0.000000000000000000 ) ) ;
#313 = DIRECTION ( 'NONE',  ( -0.000000000000000000, -0.000000000000000000, -1.000000000000000000 ) ) ;
#314 = AXIS2_PLACEMENT_3D ( 'NONE', #988, #764, #329 ) ;
#315 = VERTEX_POINT ( 'NONE', #758 ) ;
#316 = DIRECTION ( 'NONE',  ( 1.000000000000000000, 0.000000000000000000, 0.000000000000000000 ) ) ;
#317 = ORIENTED_EDGE ( 'NONE', *, *, #121, .T. ) ;
#318 = AXIS2_PLACEMENT_3D ( 'NONE', #873, #1104, #773 ) ;
#319 = COORDINATED_UNIVERSAL_TIME_OFFSET ( 1, 0, .AHEAD. ) ;
#320 = AXIS2_PLACEMENT_3D ( 'NONE', #140, #464, #886 ) ;
#321 = DIRECTION ( 'NONE',  ( 1.000000000000000000, 0.000000000000000000, 0.000000000000000000 ) ) ;
#322 = AXIS2_PLACEMENT_3D ( 'NONE', #1025, #707, #1344 ) ;
#323 = CARTESIAN_POINT ( 'NONE',  ( -2.250000000000025313, 33.50000000000001421, -123.7499999999992184 ) ) ;
#324 = EDGE_CURVE ( 'NONE', #911, #619, #298, .T. ) ;
#325 = VERTEX_POINT ( 'NONE', #534 ) ;
#326 = ADVANCED_FACE ( 'NONE', ( #961 ), #850, .T. ) ;
#327 = ORIENTED_EDGE ( 'NONE', *, *, #1067, .T. ) ;
#328 = APPROVAL_DATE_TIME ( #333, #714 ) ;
#329 = DIRECTION ( 'NONE',  ( -1.000000000000000000, 0.000000000000000000, 0.000000000000000000 ) ) ;
#330 = DIRECTION ( 'NONE',  ( 1.000000000000000000, 0.000000000000000000, -0.000000000000000000 ) ) ;
#331 = ORIENTED_EDGE ( 'NONE', *, *, #761, .T. ) ;
#332 = ORIENTED_EDGE ( 'NONE', *, *, #350, .F. ) ;
#333 = DATE_AND_TIME ( #642, #262 ) ;
#334 = EDGE_CURVE ( 'NONE', #1385, #129, #1107, .T. ) ;
#335 = DIRECTION ( 'NONE',  ( -0.000000000000000000, -1.000000000000000000, -0.000000000000000000 ) ) ;
#336 = DIRECTION ( 'NONE',  ( -1.000000000000000000, 0.000000000000000000, 0.000000000000000000 ) ) ;
#337 = EDGE_LOOP ( 'NONE', ( #503, #297, #740, #964 ) ) ;
#338 = CARTESIAN_POINT ( 'NONE',  ( 38.07611844574823579, 0.000000000000000000, 38.07611844574866922 ) ) ;
#339 = ORIENTED_EDGE ( 'NONE', *, *, #1218, .F. ) ;
#340 = APPROVAL_DATE_TIME ( #869, #1222 ) ;
#341 = CIRCLE ( 'NONE', #971, 32.00000000000000000 ) ;
#342 = DIRECTION ( 'NONE',  ( -0.000000000000000000, -1.000000000000000000, -0.000000000000000000 ) ) ;
#343 = LINE ( 'NONE', #248, #395 ) ;
#344 = AXIS2_PLACEMENT_3D ( 'NONE', #423, #1272, #430 ) ;
#345 = VECTOR ( 'NONE', #688, 1000.000000000000000 ) ;
#346 = FACE_OUTER_BOUND ( 'NONE', #1059, .T. ) ;
#347 = DIRECTION ( 'NONE',  ( -1.000000000000000000, 0.000000000000000000, 0.000000000000000000 ) ) ;
#348 = ORIENTED_EDGE ( 'NONE', *, *, #1100, .T. ) ;
#349 = CARTESIAN_POINT ( 'NONE',  ( 28.49999999999999645, 0.000000000000000000, -85.63163490354133955 ) ) ;
#350 = EDGE_CURVE ( 'NONE', #195, #118, #794, .T. ) ;
#351 = CARTESIAN_POINT ( 'NONE',  ( 1.387778780781445676E-14, 0.000000000000000000, -149.7499999999992042 ) ) ;
#352 = ADVANCED_FACE ( 'NONE', ( #46 ), #872, .F. ) ;
#353 = VECTOR ( 'NONE', #181, 1000.000000000000000 ) ;
#354 = DIRECTION ( 'NONE',  ( 0.000000000000000000, -0.000000000000000000, -1.000000000000000000 ) ) ;
#355 = CARTESIAN_POINT ( 'NONE',  ( 2.249999999999974243, 33.42435489280235572, -149.7499999999992042 ) ) ;
#356 = ORIENTED_EDGE ( 'NONE', *, *, #889, .F. ) ;
#357 = MANIFOLD_SOLID_BREP ( 'Cut-Extrude-Thin1', #1286 ) ;
#358 = FACE_OUTER_BOUND ( 'NONE', #621, .T. ) ;
#359 = DIRECTION ( 'NONE',  ( 0.000000000000000000, 0.000000000000000000, 1.000000000000000000 ) ) ;
#360 = CARTESIAN_POINT ( 'NONE',  ( 2.249999999999974243, 33.50000000000001421, -123.7499999999992184 ) ) ;
#361 = VERTEX_POINT ( 'NONE', #1314 ) ;
#362 = AXIS2_PLACEMENT_3D ( 'NONE', #1054, #843, #1172 ) ;
#363 = CARTESIAN_POINT ( 'NONE',  ( -8.585916553777130231E-15, 0.000000000000000000, -123.7499999999992184 ) ) ;
#364 = LINE ( 'NONE', #793, #345 ) ;
#365 = AXIS2_PLACEMENT_3D ( 'NONE', #338, #70, #1310 ) ;
#366 = VECTOR ( 'NONE', #1097, 1000.000000000000000 ) ;
#367 = ADVANCED_FACE ( 'NONE', ( #1323 ), #133, .T. ) ;
#368 = EDGE_CURVE ( 'NONE', #94, #380, #1011, .T. ) ;
#369 = ORIENTED_EDGE ( 'NONE', *, *, #405, .T. ) ;
#370 = AXIS2_PLACEMENT_3D ( 'NONE', #254, #679, #1110 ) ;
#371 = EDGE_LOOP ( 'NONE', ( #558, #450 ) ) ;
#372 = AXIS2_PLACEMENT_3D ( 'NONE', #1027, #23, #1129 ) ;
#373 = FACE_OUTER_BOUND ( 'NONE', #302, .T. ) ;
#374 = VECTOR ( 'NONE', #737, 1000.000000000000000 ) ;
#375 = DIRECTION ( 'NONE',  ( -1.000000000000000000, 0.000000000000000000, 0.000000000000000000 ) ) ;
#376 = DIRECTION ( 'NONE',  ( 0.000000000000000000, 1.000000000000000000, 0.000000000000000000 ) ) ;
#377 = FACE_OUTER_BOUND ( 'NONE', #1256, .T. ) ;
#378 = CC_DESIGN_APPROVAL ( #947, ( #421 ) ) ;
#379 = EDGE_CURVE ( 'NONE', #696, #549, #562, .T. ) ;
#380 = VERTEX_POINT ( 'NONE', #1198 ) ;
#381 = DIRECTION ( 'NONE',  ( -1.000000000000000000, 0.000000000000000000, 0.000000000000000000 ) ) ;
#382 = CARTESIAN_POINT ( 'NONE',  ( 1.387778780781445676E-14, 0.000000000000000000, -79.06027961241113644 ) ) ;
#383 = ADVANCED_FACE ( 'NONE', ( #881 ), #1382, .F. ) ;
#384 = CARTESIAN_POINT ( 'NONE',  ( -36.74999999999999289, 4.500576986866523794E-15, -79.06027961241113644 ) ) ;
#385 = DIRECTION ( 'NONE',  ( -0.000000000000000000, -1.000000000000000000, -0.000000000000000000 ) ) ;
#386 = ORIENTED_EDGE ( 'NONE', *, *, #391, .F. ) ;
#387 = CARTESIAN_POINT ( 'NONE',  ( -28.49999999999998934, 3.490243377569955667E-15, -85.63163490354133955 ) ) ;
#388 = CARTESIAN_POINT ( 'NONE',  ( 1.387778780781445676E-14, 0.000000000000000000, -149.7499999999992042 ) ) ;
#389 = CARTESIAN_POINT ( 'NONE',  ( 38.07611844574823579, 0.000000000000000000, 38.07611844574866922 ) ) ;
#390 = DIRECTION ( 'NONE',  ( -0.000000000000000000, -1.000000000000000000, -0.000000000000000000 ) ) ;
#391 = EDGE_CURVE ( 'NONE', #803, #535, #343, .T. ) ;
#392 = CARTESIAN_POINT ( 'NONE',  ( 1.387778780781445676E-14, 0.000000000000000000, -84.74999999999918998 ) ) ;
#393 = AXIS2_PLACEMENT_3D ( 'NONE', #149, #1330, #1111 ) ;
#394 = ORIENTED_EDGE ( 'NONE', *, *, #102, .F. ) ;
#395 = VECTOR ( 'NONE', #359, 1000.000000000000000 ) ;
#396 = TOROIDAL_SURFACE ( 'NONE', #296, 36.75000000000000711, 6.500000000000000888 ) ;
#397 = ORIENTED_EDGE ( 'NONE', *, *, #411, .F. ) ;
#398 = DIRECTION ( 'NONE',  ( -0.000000000000000000, -0.000000000000000000, 1.000000000000000000 ) ) ;
#399 = DIRECTION ( 'NONE',  ( -1.000000000000000000, 0.000000000000000000, 0.000000000000000000 ) ) ;
#400 = EDGE_CURVE ( 'NONE', #1362, #619, #1000, .T. ) ;
#401 = ORIENTED_EDGE ( 'NONE', *, *, #626, .F. ) ;
#402 = ORIENTED_EDGE ( 'NONE', *, *, #249, .T. ) ;
#403 = DIRECTION ( 'NONE',  ( 0.000000000000000000, 0.000000000000000000, 1.000000000000000000 ) ) ;
#404 = DIRECTION ( 'NONE',  ( -0.000000000000000000, 0.000000000000000000, -1.000000000000000000 ) ) ;
#405 = EDGE_CURVE ( 'NONE', #711, #195, #217, .T. ) ;
#406 = ORIENTED_EDGE ( 'NONE', *, *, #512, .F. ) ;
#407 = VERTEX_POINT ( 'NONE', #260 ) ;
#408 = FACE_OUTER_BOUND ( 'NONE', #1311, .T. ) ;
#409 = AXIS2_PLACEMENT_3D ( 'NONE', #960, #649, #321 ) ;
#410 = DIRECTION ( 'NONE',  ( 0.000000000000000000, 0.000000000000000000, 1.000000000000000000 ) ) ;
#411 = EDGE_CURVE ( 'NONE', #1372, #94, #1176, .T. ) ;
#412 = ORIENTED_EDGE ( 'NONE', *, *, #903, .T. ) ;
#413 = DIRECTION ( 'NONE',  ( -1.000000000000000000, 1.224646799147354193E-16, 0.000000000000000000 ) ) ;
#414 = EDGE_LOOP ( 'NONE', ( #645, #1217, #331, #461, #1390, #84, #222, #1252, #837, #1070, #110, #22 ) ) ;
#415 = AXIS2_PLACEMENT_3D ( 'NONE', #239, #1215, #674 ) ;
#416 = PLANE ( 'NONE',  #508 ) ;
#417 = AXIS2_PLACEMENT_3D ( 'NONE', #271, #909, #1122 ) ;
#418 = DIRECTION ( 'NONE',  ( 0.7071067811865436870, 0.000000000000000000, 0.7071067811865513475 ) ) ;
#419 = ORIENTED_EDGE ( 'NONE', *, *, #1279, .F. ) ;
#420 = DIRECTION ( 'NONE',  ( 1.224646799147353207E-16, 1.000000000000000000, -0.000000000000000000 ) ) ;
#421 = PRODUCT_DEFINITION_FORMATION_WITH_SPECIFIED_SOURCE ( 'ANY', '', #686, .NOT_KNOWN. ) ;
#422 = CARTESIAN_POINT ( 'NONE',  ( 33.49999999999998579, -2.250000000000000000, -123.7499999999992184 ) ) ;
#423 = CARTESIAN_POINT ( 'NONE',  ( 95.79935969732699164, 0.000000000000000000, 95.79935969732800061 ) ) ;
#424 = ORIENTED_EDGE ( 'NONE', *, *, #902, .T. ) ;
#425 = CARTESIAN_POINT ( 'NONE',  ( 1.387778780781445676E-14, 0.000000000000000000, -149.7499999999992042 ) ) ;
#426 = EDGE_LOOP ( 'NONE', ( #1090, #596, #1275, #984 ) ) ;
#427 = CARTESIAN_POINT ( 'NONE',  ( 0.000000000000000000, 0.000000000000000000, 0.000000000000000000 ) ) ;
#428 = EDGE_CURVE ( 'NONE', #1092, #911, #1228, .T. ) ;
#429 = CARTESIAN_POINT ( 'NONE',  ( 33.49999999999998579, -2.250000000000000000, -149.7499999999992042 ) ) ;
#430 = DIRECTION ( 'NONE',  ( -0.7071067811865512365, 0.000000000000000000, 0.7071067811865439090 ) ) ;
#431 = AXIS2_PLACEMENT_3D ( 'NONE', #1080, #123, #546 ) ;
#432 = EDGE_LOOP ( 'NONE', ( #1187, #394, #36, #193 ) ) ;
#433 = VERTEX_POINT ( 'NONE', #1089 ) ;
#434 = AXIS2_PLACEMENT_3D ( 'NONE', #8, #650, #540 ) ;
#435 = DIRECTION ( 'NONE',  ( -1.000000000000000000, 0.000000000000000000, 0.000000000000000000 ) ) ;
#436 = AXIS2_PLACEMENT_3D ( 'NONE', #702, #663, #1091 ) ;
#437 = CARTESIAN_POINT ( 'NONE',  ( -8.585916553777130231E-15, 0.000000000000000000, -123.7499999999992184 ) ) ;
#438 = EDGE_CURVE ( 'NONE', #696, #32, #925, .T. ) ;
#439 = ORIENTED_EDGE ( 'NONE', *, *, #40, .F. ) ;
#440 = EDGE_LOOP ( 'NONE', ( #1347, #1288, #291, #49 ) ) ;
#441 = APPROVAL_PERSON_ORGANIZATION ( #1087, #947, #216 ) ;
#442 = LINE ( 'NONE', #1304, #213 ) ;
#443 = DIRECTION ( 'NONE',  ( -1.000000000000000000, 0.000000000000000000, 0.000000000000000000 ) ) ;
#444 = VERTEX_POINT ( 'NONE', #772 ) ;
#445 = ORIENTED_EDGE ( 'NONE', *, *, #760, .T. ) ;
#446 = CALENDAR_DATE ( 2026, 16, 9 ) ;
#447 = DIRECTION ( 'NONE',  ( 0.000000000000000000, 0.000000000000000000, 1.000000000000000000 ) ) ;
#448 = DIRECTION ( 'NONE',  ( -1.000000000000000000, 0.000000000000000000, 0.000000000000000000 ) ) ;
#449 = AXIS2_PLACEMENT_3D ( 'NONE', #977, #20, #13 ) ;
#450 = ORIENTED_EDGE ( 'NONE', *, *, #1009, .T. ) ;
#451 = ADVANCED_FACE ( 'NONE', ( #1208 ), #244, .T. ) ;
#452 = CARTESIAN_POINT ( 'NONE',  ( 1.387778780781445676E-14, 0.000000000000000000, -80.77038032903945464 ) ) ;
#453 = EDGE_LOOP ( 'NONE', ( #1034, #214, #681, #1290 ) ) ;
#454 = LINE ( 'NONE', #481, #836 ) ;
#455 = PERSON_AND_ORGANIZATION ( #1155, #1093 ) ;
#456 = CARTESIAN_POINT ( 'NONE',  ( -33.50000000000000711, 0.000000000000000000, -85.63163490354133955 ) ) ;
#457 = DIRECTION ( 'NONE',  ( -0.000000000000000000, -0.000000000000000000, -1.000000000000000000 ) ) ;
#458 = AXIS2_PLACEMENT_3D ( 'NONE', #1056, #93, #1192 ) ;
#459 = DIRECTION ( 'NONE',  ( 0.000000000000000000, 0.000000000000000000, -1.000000000000000000 ) ) ;
#460 = DIRECTION ( 'NONE',  ( 1.000000000000000000, 0.000000000000000000, -0.000000000000000000 ) ) ;
#461 = ORIENTED_EDGE ( 'NONE', *, *, #1146, .T. ) ;
#462 = DIRECTION ( 'NONE',  ( -1.110223024625156540E-16, 0.000000000000000000, -1.000000000000000000 ) ) ;
#463 = FACE_OUTER_BOUND ( 'NONE', #226, .T. ) ;
#464 = DIRECTION ( 'NONE',  ( -1.110223024625156540E-16, 0.000000000000000000, -1.000000000000000000 ) ) ;
#465 = FACE_OUTER_BOUND ( 'NONE', #453, .T. ) ;
#466 = ORIENTED_EDGE ( 'NONE', *, *, #1324, .F. ) ;
#467 = ADVANCED_FACE ( 'NONE', ( #785 ), #973, .F. ) ;
#468 = CARTESIAN_POINT ( 'NONE',  ( -31.92080042856068545, -2.249999999999999112, -123.7499999999992184 ) ) ;
#469 = CARTESIAN_POINT ( 'NONE',  ( 33.49999999999998579, -2.250000000000000000, -123.7499999999992184 ) ) ;
#470 = EDGE_CURVE ( 'NONE', #1385, #942, #1150, .T. ) ;
#471 = ORIENTED_EDGE ( 'NONE', *, *, #305, .F. ) ;
#472 = CIRCLE ( 'NONE', #409, 31.75000000000000711 ) ;
#473 = CARTESIAN_POINT ( 'NONE',  ( -31.74999999999999289, 3.888253587292847265E-15, -79.06027961241113644 ) ) ;
#474 = CARTESIAN_POINT ( 'NONE',  ( 33.42435489280234151, 2.250000000000000000, -149.7499999999992042 ) ) ;
#475 = DIRECTION ( 'NONE',  ( -1.000000000000000000, 0.000000000000000000, 1.110223024625156540E-16 ) ) ;
#476 = AXIS2_PLACEMENT_3D ( 'NONE', #684, #50, #1239 ) ;
#477 = EDGE_CURVE ( 'NONE', #1270, #589, #364, .T. ) ;
#478 = CARTESIAN_POINT ( 'NONE',  ( 130.0000000000000000, 0.000000000000000000, -53.84776310850193681 ) ) ;
#479 = VECTOR ( 'NONE', #668, 1000.000000000000000 ) ;
#480 = CIRCLE ( 'NONE', #257, 33.50000000000000000 ) ;
#481 = CARTESIAN_POINT ( 'NONE',  ( -2.250000000000024425, 31.92080042856067834, -149.7499999999991758 ) ) ;
#482 = CIRCLE ( 'NONE', #905, 31.78892417275067217 ) ;
#483 = DIRECTION ( 'NONE',  ( 0.000000000000000000, 0.000000000000000000, 1.000000000000000000 ) ) ;
#484 = DIRECTION ( 'NONE',  ( -0.7071067811865430208, 0.000000000000000000, -0.7071067811865520136 ) ) ;
#485 = CARTESIAN_POINT ( 'NONE',  ( 1.387778780781445676E-14, 0.000000000000000000, -79.06027961241113644 ) ) ;
#486 = DIRECTION ( 'NONE',  ( -0.000000000000000000, -0.000000000000000000, -1.000000000000000000 ) ) ;
#487 = APPROVAL_PERSON_ORGANIZATION ( #455, #714, #856 ) ;
#488 = ORIENTED_EDGE ( 'NONE', *, *, #1071, .F. ) ;
#489 = CC_DESIGN_APPROVAL ( #1222, ( #1213 ) ) ;
#490 = CYLINDRICAL_SURFACE ( 'NONE', #595, 31.75000000000000711 ) ;
#491 = CARTESIAN_POINT ( 'NONE',  ( -8.585916553777130231E-15, 0.000000000000000000, -123.7499999999992184 ) ) ;
#492 = DIRECTION ( 'NONE',  ( -0.000000000000000000, -0.000000000000000000, 1.000000000000000000 ) ) ;
#493 = EDGE_LOOP ( 'NONE', ( #163, #759, #560, #768, #268, #1318 ) ) ;
#494 = EDGE_CURVE ( 'NONE', #1043, #144, #523, .T. ) ;
#495 = VERTEX_POINT ( 'NONE', #1234 ) ;
#496 = VECTOR ( 'NONE', #139, 1000.000000000000000 ) ;
#497 = ADVANCED_FACE ( 'NONE', ( #908 ), #396, .T. ) ;
#498 = CARTESIAN_POINT ( 'NONE',  ( 1.387778780781445676E-14, 0.000000000000000000, -149.7499999999992042 ) ) ;
#499 = DIRECTION ( 'NONE',  ( 0.000000000000000000, 0.000000000000000000, -1.000000000000000000 ) ) ;
#500 = ORIENTED_EDGE ( 'NONE', *, *, #470, .F. ) ;
#501 = DIRECTION ( 'NONE',  ( 0.7071067811865436870, 0.000000000000000000, 0.7071067811865513475 ) ) ;
#502 = VECTOR ( 'NONE', #814, 1000.000000000000000 ) ;
#503 = ORIENTED_EDGE ( 'NONE', *, *, #810, .T. ) ;
#504 = CARTESIAN_POINT ( 'NONE',  ( -30.24999999999999289, 3.704556567420744543E-15, -149.7499999999992042 ) ) ;
#505 = CARTESIAN_POINT ( 'NONE',  ( 33.42435489280233440, -2.250000000000000000, -123.7499999999992184 ) ) ;
#506 = FACE_OUTER_BOUND ( 'NONE', #309, .T. ) ;
#507 = ORIENTED_EDGE ( 'NONE', *, *, #921, .T. ) ;
#508 = AXIS2_PLACEMENT_3D ( 'NONE', #842, #306, #1386 ) ;
#509 = ORIENTED_EDGE ( 'NONE', *, *, #400, .F. ) ;
#510 = LINE ( 'NONE', #91, #801 ) ;
#511 = CC_DESIGN_DATE_AND_TIME_ASSIGNMENT ( #975, #1189, ( #1213 ) ) ;
#512 = EDGE_CURVE ( 'NONE', #803, #537, #278, .T. ) ;
#513 = DIRECTION ( 'NONE',  ( 1.000000000000000000, 0.000000000000000000, 0.000000000000000000 ) ) ;
#514 = CARTESIAN_POINT ( 'NONE',  ( -8.585916553777130231E-15, 0.000000000000000000, -149.7499999999991758 ) ) ;
#515 = ORIENTED_EDGE ( 'NONE', *, *, #568, .F. ) ;
#516 = EDGE_LOOP ( 'NONE', ( #884, #955, #356, #74 ) ) ;
#517 = EDGE_CURVE ( 'NONE', #942, #1385, #660, .T. ) ;
#518 = DIRECTION ( 'NONE',  ( -1.000000000000000000, 0.000000000000000000, 0.000000000000000000 ) ) ;
#519 = CARTESIAN_POINT ( 'NONE',  ( -31.92080042856068545, -2.249999999999999112, -149.7499999999991758 ) ) ;
#520 = VERTEX_POINT ( 'NONE', #1241 ) ;
#521 = EDGE_LOOP ( 'NONE', ( #158, #691, #103, #717 ) ) ;
#522 = VECTOR ( 'NONE', #281, 1000.000000000000000 ) ;
#523 = CIRCLE ( 'NONE', #100, 32.00000000000000000 ) ;
#524 = DIRECTION ( 'NONE',  ( -1.000000000000000000, 0.000000000000000000, 0.000000000000000000 ) ) ;
#525 = EDGE_CURVE ( 'NONE', #530, #129, #721, .T. ) ;
#526 = DIRECTION ( 'NONE',  ( 0.000000000000000000, 1.000000000000000000, 0.000000000000000000 ) ) ;
#527 = CARTESIAN_POINT ( 'NONE',  ( 30.25000000000002132, 0.000000000000000000, -79.06027961241113644 ) ) ;
#528 = ORIENTED_EDGE ( 'NONE', *, *, #1046, .F. ) ;
#529 = EDGE_CURVE ( 'NONE', #66, #829, #1384, .T. ) ;
#530 = VERTEX_POINT ( 'NONE', #1127 ) ;
#531 = AXIS2_PLACEMENT_3D ( 'NONE', #498, #398, #189 ) ;
#532 = DIRECTION ( 'NONE',  ( 1.000000000000000000, 0.000000000000000000, 0.000000000000000000 ) ) ;
#533 = DIRECTION ( 'NONE',  ( -1.000000000000000000, 0.000000000000000000, 0.000000000000000000 ) ) ;
#534 = CARTESIAN_POINT ( 'NONE',  ( 2.249999999999974243, -33.42435489280236283, -149.7499999999992042 ) ) ;
#535 = VERTEX_POINT ( 'NONE', #61 ) ;
#536 = FACE_OUTER_BOUND ( 'NONE', #723, .T. ) ;
#537 = VERTEX_POINT ( 'NONE', #1247 ) ;
#538 = EDGE_CURVE ( 'NONE', #221, #1372, #480, .T. ) ;
#539 = DIRECTION ( 'NONE',  ( -1.000000000000000000, 0.000000000000000000, 0.000000000000000000 ) ) ;
#540 = DIRECTION ( 'NONE',  ( -1.000000000000000000, 0.000000000000000000, 2.185478394931410082E-16 ) ) ;
#541 = AXIS2_PLACEMENT_3D ( 'NONE', #857, #1292, #757 ) ;
#542 = ORIENTED_EDGE ( 'NONE', *, *, #640, .T. ) ;
#543 = ORIENTED_EDGE ( 'NONE', *, *, #602, .T. ) ;
#544 = AXIS2_PLACEMENT_3D ( 'NONE', #183, #460, #54 ) ;
#545 = PERSON_AND_ORGANIZATION ( #1155, #1093 ) ;
#546 = DIRECTION ( 'NONE',  ( 0.000000000000000000, 0.000000000000000000, -1.000000000000000000 ) ) ;
#547 = CIRCLE ( 'NONE', #300, 32.05153689607045919 ) ;
#548 = DIRECTION ( 'NONE',  ( 1.000000000000000000, 0.000000000000000000, 0.000000000000000000 ) ) ;
#549 = VERTEX_POINT ( 'NONE', #915 ) ;
#550 = AXIS2_PLACEMENT_3D ( 'NONE', #730, #1149, #1141 ) ;
#551 = VERTEX_POINT ( 'NONE', #1350 ) ;
#552 = CALENDAR_DATE ( 2026, 16, 9 ) ;
#553 = AXIS2_PLACEMENT_3D ( 'NONE', #197, #617, #206 ) ;
#554 = DIRECTION ( 'NONE',  ( 0.000000000000000000, 0.000000000000000000, -1.000000000000000000 ) ) ;
#555 = APPLICATION_CONTEXT ( 'configuration controlled 3d designs of mechanical parts and assemblies' ) ;
#556 = DIRECTION ( 'NONE',  ( -1.110223024625156540E-16, 0.000000000000000000, -1.000000000000000000 ) ) ;
#557 = EDGE_CURVE ( 'NONE', #537, #589, #122, .T. ) ;
#558 = ORIENTED_EDGE ( 'NONE', *, *, #258, .T. ) ;
#559 = LINE ( 'NONE', #245, #1147 ) ;
#560 = ORIENTED_EDGE ( 'NONE', *, *, #160, .F. ) ;
#561 = CARTESIAN_POINT ( 'NONE',  ( -8.585916553777130231E-15, 0.000000000000000000, -123.7499999999992184 ) ) ;
#562 = LINE ( 'NONE', #1004, #1312 ) ;
#563 = AXIS2_PLACEMENT_3D ( 'NONE', #1039, #743, #1047 ) ;
#564 = DIRECTION ( 'NONE',  ( -1.000000000000000000, 0.000000000000000000, 0.000000000000000000 ) ) ;
#565 = CARTESIAN_POINT ( 'NONE',  ( -32.00000000000000711, 0.000000000000000000, -149.7499999999991758 ) ) ;
#566 = ORIENTED_EDGE ( 'NONE', *, *, #597, .F. ) ;
#567 = CARTESIAN_POINT ( 'NONE',  ( 31.92080042856067124, 2.250000000000000000, -149.7499999999992042 ) ) ;
#568 = EDGE_CURVE ( 'NONE', #948, #18, #51, .T. ) ;
#569 = DIRECTION ( 'NONE',  ( 0.7071067811865513475, 0.000000000000000000, -0.7071067811865436870 ) ) ;
#570 = CARTESIAN_POINT ( 'NONE',  ( -2.250000000000024425, -33.42435489280234151, -149.7499999999991758 ) ) ;
#571 = CARTESIAN_POINT ( 'NONE',  ( -8.585916553777130231E-15, 0.000000000000000000, -85.63163490354133955 ) ) ;
#572 = ORIENTED_EDGE ( 'NONE', *, *, #902, .F. ) ;
#573 = EDGE_CURVE ( 'NONE', #829, #1043, #454, .T. ) ;
#574 = CYLINDRICAL_SURFACE ( 'NONE', #134, 31.75000000000000711 ) ;
#575 = CARTESIAN_POINT ( 'NONE',  ( 1.387778780781445676E-14, 0.000000000000000000, -53.84776310850197945 ) ) ;
#576 = DIRECTION ( 'NONE',  ( -0.000000000000000000, -0.000000000000000000, -1.000000000000000000 ) ) ;
#577 = ORIENTED_EDGE ( 'NONE', *, *, #1320, .F. ) ;
#578 = LINE ( 'NONE', #806, #1342 ) ;
#579 = DIRECTION ( 'NONE',  ( 0.000000000000000000, 0.000000000000000000, 1.000000000000000000 ) ) ;
#580 = EDGE_CURVE ( 'NONE', #845, #896, #654, .T. ) ;
#581 = CARTESIAN_POINT ( 'NONE',  ( 36.75000000000002132, 0.000000000000000000, -79.06027961241113644 ) ) ;
#582 = ORIENTED_EDGE ( 'NONE', *, *, #167, .F. ) ;
#583 = CARTESIAN_POINT ( 'NONE',  ( -2.250000000000025313, 33.50000000000001421, -123.7499999999992184 ) ) ;
#584 = DIRECTION ( 'NONE',  ( -1.110223024625156540E-16, 0.000000000000000000, -1.000000000000000000 ) ) ;
#585 = CIRCLE ( 'NONE', #1379, 33.50000000000000000 ) ;
#586 = DIRECTION ( 'NONE',  ( -0.000000000000000000, -1.000000000000000000, -0.000000000000000000 ) ) ;
#587 = CIRCLE ( 'NONE', #852, 161.7500000000000000 ) ;
#588 = AXIS2_PLACEMENT_3D ( 'NONE', #1383, #225, #548 ) ;
#589 = VERTEX_POINT ( 'NONE', #567 ) ;
#590 = AXIS2_PLACEMENT_3D ( 'NONE', #387, #605, #413 ) ;
#591 = DIRECTION ( 'NONE',  ( 0.000000000000000000, 0.000000000000000000, 1.000000000000000000 ) ) ;
#592 = DIRECTION ( 'NONE',  ( 1.000000000000000000, 0.000000000000000000, 0.000000000000000000 ) ) ;
#593 = FACE_OUTER_BOUND ( 'NONE', #337, .T. ) ;
#594 = CARTESIAN_POINT ( 'NONE',  ( -8.585916553777130231E-15, 0.000000000000000000, -149.7499999999991758 ) ) ;
#595 = AXIS2_PLACEMENT_3D ( 'NONE', #388, #687, #692 ) ;
#596 = ORIENTED_EDGE ( 'NONE', *, *, #40, .T. ) ;
#597 = EDGE_CURVE ( 'NONE', #727, #361, #1331, .T. ) ;
#598 = DIRECTION ( 'NONE',  ( 0.000000000000000000, 0.000000000000000000, 1.000000000000000000 ) ) ;
#599 = ORIENTED_EDGE ( 'NONE', *, *, #810, .F. ) ;
#600 = LOCAL_TIME ( 0, 3, 43.00000000000000000, #6 ) ;
#601 = CYLINDRICAL_SURFACE ( 'NONE', #531, 30.25000000000000711 ) ;
#602 = EDGE_CURVE ( 'NONE', #920, #906, #974, .T. ) ;
#603 = PLANE ( 'NONE',  #1289 ) ;
#604 = ORIENTED_EDGE ( 'NONE', *, *, #400, .T. ) ;
#605 = DIRECTION ( 'NONE',  ( 1.224646799147353207E-16, 1.000000000000000000, -0.000000000000000000 ) ) ;
#606 = ORIENTED_EDGE ( 'NONE', *, *, #935, .T. ) ;
#607 = CIRCLE ( 'NONE', #449, 33.50000000000000000 ) ;
#608 = FACE_OUTER_BOUND ( 'NONE', #951, .T. ) ;
#609 = CARTESIAN_POINT ( 'NONE',  ( -2.250000000000025313, 31.92080042856068545, -149.7499999999992042 ) ) ;
#610 = FACE_BOUND ( 'NONE', #371, .T. ) ;
#611 = AXIS2_PLACEMENT_3D ( 'NONE', #581, #676, #459 ) ;
#612 = ORIENTED_EDGE ( 'NONE', *, *, #1156, .T. ) ;
#613 = VECTOR ( 'NONE', #1278, 1000.000000000000000 ) ;
#614 = CARTESIAN_POINT ( 'NONE',  ( 117.1893398282201559, 0.000000000000000000, 74.40937956643503526 ) ) ;
#615 = CIRCLE ( 'NONE', #372, 30.25000000000000711 ) ;
#616 = VERTEX_POINT ( 'NONE', #473 ) ;
#617 = DIRECTION ( 'NONE',  ( 0.000000000000000000, 0.000000000000000000, 1.000000000000000000 ) ) ;
#618 = ADVANCED_FACE ( 'NONE', ( #373 ), #48, .F. ) ;
#619 = VERTEX_POINT ( 'NONE', #819 ) ;
#620 = AXIS2_PLACEMENT_3D ( 'NONE', #299, #728, #524 ) ;
#621 = EDGE_LOOP ( 'NONE', ( #970, #963, #317, #246 ) ) ;
#622 = DIRECTION ( 'NONE',  ( 0.000000000000000000, 0.000000000000000000, 1.000000000000000000 ) ) ;
#623 = EDGE_CURVE ( 'NONE', #796, #407, #1022, .T. ) ;
#624 = CARTESIAN_POINT ( 'NONE',  ( -8.585916553777130231E-15, 0.000000000000000000, -149.7499999999991758 ) ) ;
#625 = ORIENTED_EDGE ( 'NONE', *, *, #725, .T. ) ;
#626 = EDGE_CURVE ( 'NONE', #1270, #747, #913, .T. ) ;
#627 = CARTESIAN_POINT ( 'NONE',  ( 2.249999999999974243, -31.92080042856068545, -123.7499999999992184 ) ) ;
#628 = CARTESIAN_POINT ( 'NONE',  ( -30.24999999999999289, 3.704556567420744543E-15, -53.84776310850197945 ) ) ;
#629 = AXIS2_PLACEMENT_3D ( 'NONE', #561, #554, #243 ) ;
#630 = CARTESIAN_POINT ( 'NONE',  ( 31.99999999999999289, 3.918869757271530263E-15, -85.63163490354133955 ) ) ;
#631 = CARTESIAN_POINT ( 'NONE',  ( 33.49999999999998579, -2.250000000000000000, -123.7499999999992184 ) ) ;
#632 = ORIENTED_EDGE ( 'NONE', *, *, #185, .F. ) ;
#633 = ORIENTED_EDGE ( 'NONE', *, *, #1162, .F. ) ;
#634 = AXIS2_PLACEMENT_3D ( 'NONE', #115, #418, #844 ) ;
#635 = PERSON_AND_ORGANIZATION ( #1155, #1093 ) ;
#636 = CARTESIAN_POINT ( 'NONE',  ( -32.00000000000000711, 0.000000000000000000, -123.7499999999992184 ) ) ;
#637 = LINE ( 'NONE', #519, #613 ) ;
#638 = ORIENTED_EDGE ( 'NONE', *, *, #778, .F. ) ;
#639 = ORIENTED_EDGE ( 'NONE', *, *, #1031, .F. ) ;
#640 = EDGE_CURVE ( 'NONE', #1077, #495, #726, .T. ) ;
#641 = EDGE_CURVE ( 'NONE', #129, #444, #283, .T. ) ;
#642 = CALENDAR_DATE ( 2026, 16, 9 ) ;
#643 = DIRECTION ( 'NONE',  ( -1.000000000000000000, 0.000000000000000000, 0.000000000000000000 ) ) ;
#644 = CARTESIAN_POINT ( 'NONE',  ( -8.585916553777130231E-15, 0.000000000000000000, -149.7499999999991758 ) ) ;
#645 = ORIENTED_EDGE ( 'NONE', *, *, #289, .F. ) ;
#646 = VERTEX_POINT ( 'NONE', #614 ) ;
#647 = PERSON_AND_ORGANIZATION ( #1155, #1093 ) ;
#648 = ADVANCED_FACE ( 'NONE', ( #1138 ), #187, .T. ) ;
#649 = DIRECTION ( 'NONE',  ( 0.000000000000000000, 0.000000000000000000, 1.000000000000000000 ) ) ;
#650 = DIRECTION ( 'NONE',  ( -1.110223024625156540E-16, 0.000000000000000000, -1.000000000000000000 ) ) ;
#651 = CIRCLE ( 'NONE', #967, 31.78892417275067217 ) ;
#652 = ORIENTED_EDGE ( 'NONE', *, *, #272, .F. ) ;
#653 = VERTEX_POINT ( 'NONE', #936 ) ;
#654 = CIRCLE ( 'NONE', #1082, 3.500000000000003109 ) ;
#655 = APPLICATION_PROTOCOL_DEFINITION ( 'international standard', 'config_control_design', 1994, #555 ) ;
#656 = EDGE_CURVE ( 'NONE', #1014, #433, #290, .T. ) ;
#657 = ADVANCED_FACE ( 'NONE', ( #203 ), #128, .T. ) ;
#658 = ADVANCED_FACE ( 'NONE', ( #536 ), #1163, .F. ) ;
#659 = CARTESIAN_POINT ( 'NONE',  ( -2.250000000000025313, 33.50000000000001421, -123.7499999999992184 ) ) ;
#660 = CIRCLE ( 'NONE', #322, 30.25000000000000711 ) ;
#661 = CARTESIAN_POINT ( 'NONE',  ( -33.42435489280234862, 2.249999999999999112, -149.7499999999991758 ) ) ;
#662 = ORIENTED_EDGE ( 'NONE', *, *, #55, .F. ) ;
#663 = DIRECTION ( 'NONE',  ( 0.000000000000000000, 1.000000000000000000, 0.000000000000000000 ) ) ;
#664 = VERTEX_POINT ( 'NONE', #627 ) ;
#665 = APPROVAL_STATUS ( 'not_yet_approved' ) ;
#666 = TOROIDAL_SURFACE ( 'NONE', #1273, 28.49999999999999289, 5.000000000000000000 ) ;
#667 = LINE ( 'NONE', #247, #987 ) ;
#668 = DIRECTION ( 'NONE',  ( -1.000000000000000000, 0.000000000000000000, 0.000000000000000000 ) ) ;
#669 = DIRECTION ( 'NONE',  ( -1.000000000000000000, 0.000000000000000000, 0.000000000000000000 ) ) ;
#670 = PLANE ( 'NONE',  #417 ) ;
#671 = EDGE_LOOP ( 'NONE', ( #242, #445, #979, #866 ) ) ;
#672 = EDGE_CURVE ( 'NONE', #993, #1223, #174, .T. ) ;
#673 = CARTESIAN_POINT ( 'NONE',  ( 1.387778780781445676E-14, 0.000000000000000000, -81.28341054402794441 ) ) ;
#674 = DIRECTION ( 'NONE',  ( -1.000000000000000000, 0.000000000000000000, 2.185478394931410082E-16 ) ) ;
#675 = CIRCLE ( 'NONE', #314, 33.50000000000000000 ) ;
#676 = DIRECTION ( 'NONE',  ( 0.000000000000000000, -1.000000000000000000, 0.000000000000000000 ) ) ;
#677 = ORIENTED_EDGE ( 'NONE', *, *, #859, .T. ) ;
#678 = DIRECTION ( 'NONE',  ( 1.000000000000000000, 0.000000000000000000, 0.000000000000000000 ) ) ;
#679 = DIRECTION ( 'NONE',  ( 0.000000000000000000, 0.000000000000000000, 1.000000000000000000 ) ) ;
#680 = AXIS2_PLACEMENT_3D ( 'NONE', #384, #1248, #992 ) ;
#681 = ORIENTED_EDGE ( 'NONE', *, *, #1188, .T. ) ;
#682 = ADVANCED_FACE ( 'NONE', ( #310 ), #957, .F. ) ;
#683 = VERTEX_POINT ( 'NONE', #1179 ) ;
#684 = CARTESIAN_POINT ( 'NONE',  ( -8.585916553777130231E-15, 0.000000000000000000, -123.7499999999992184 ) ) ;
#685 = EDGE_CURVE ( 'NONE', #664, #762, #280, .T. ) ;
#686 = PRODUCT ( '79-8535 - 63.5mm 45deg', '79-8535 - 63.5mm 45deg', '', ( #223 ) ) ;
#687 = DIRECTION ( 'NONE',  ( -0.000000000000000000, -0.000000000000000000, 1.000000000000000000 ) ) ;
#688 = DIRECTION ( 'NONE',  ( -1.000000000000000000, 0.000000000000000000, 0.000000000000000000 ) ) ;
#689 = VECTOR ( 'NONE', #930, 1000.000000000000000 ) ;
#690 = ORIENTED_EDGE ( 'NONE', *, *, #334, .T. ) ;
#691 = ORIENTED_EDGE ( 'NONE', *, *, #1162, .T. ) ;
#692 = DIRECTION ( 'NONE',  ( 1.000000000000000000, 0.000000000000000000, 0.000000000000000000 ) ) ;
#693 = DIRECTION ( 'NONE',  ( -0.000000000000000000, -1.000000000000000000, -0.000000000000000000 ) ) ;
#694 = DIRECTION ( 'NONE',  ( -0.000000000000000000, -0.000000000000000000, 1.000000000000000000 ) ) ;
#695 = CARTESIAN_POINT ( 'NONE',  ( 31.92080042856067124, -2.250000000000000000, -123.7499999999992184 ) ) ;
#696 = VERTEX_POINT ( 'NONE', #782 ) ;
#697 = CARTESIAN_POINT ( 'NONE',  ( 16.68613831485514609, 3.704556567420744543E-15, 59.46609857664165588 ) ) ;
#698 = ADVANCED_FACE ( 'NONE', ( #593 ), #1359, .T. ) ;
#699 = CARTESIAN_POINT ( 'NONE',  ( -31.92080042856068545, 2.249999999999999112, -149.7499999999991758 ) ) ;
#700 = DIRECTION ( 'NONE',  ( -1.000000000000000000, 0.000000000000000000, 0.000000000000000000 ) ) ;
#701 = AXIS2_PLACEMENT_3D ( 'NONE', #594, #201, #1375 ) ;
#702 = CARTESIAN_POINT ( 'NONE',  ( 130.0000000000000000, 0.000000000000000000, -53.84776310850193681 ) ) ;
#703 = CARTESIAN_POINT ( 'NONE',  ( 38.07611844574832816, 0.000000000000000000, 38.07611844574869764 ) ) ;
#704 = AXIS2_PLACEMENT_3D ( 'NONE', #644, #1075, #336 ) ;
#705 = ORIENTED_EDGE ( 'NONE', *, *, #350, .T. ) ;
#706 = DIRECTION ( 'NONE',  ( 0.000000000000000000, 0.000000000000000000, -1.000000000000000000 ) ) ;
#707 = DIRECTION ( 'NONE',  ( 0.000000000000000000, 0.000000000000000000, -1.000000000000000000 ) ) ;
#708 = DIRECTION ( 'NONE',  ( -0.3420201433256656598, 0.000000000000000000, -0.9396926207859095381 ) ) ;
#709 = CARTESIAN_POINT ( 'NONE',  ( 1.387778780781445676E-14, 0.000000000000000000, -81.28341054402794441 ) ) ;
#710 = AXIS2_PLACEMENT_3D ( 'NONE', #45, #1003, #569 ) ;
#711 = VERTEX_POINT ( 'NONE', #1301 ) ;
#712 = ORIENTED_EDGE ( 'NONE', *, *, #1055, .F. ) ;
#713 = CARTESIAN_POINT ( 'NONE',  ( -2.250000000000024425, 33.42435489280234151, -149.7499999999991758 ) ) ;
#714 = APPROVAL ( #665, 'UNSPECIFIED' ) ;
#715 = ORIENTED_EDGE ( 'NONE', *, *, #1354, .F. ) ;
#716 = CARTESIAN_POINT ( 'NONE',  ( 15.62547814307531802, 3.888253587292847265E-15, 60.52675874842146442 ) ) ;
#717 = ORIENTED_EDGE ( 'NONE', *, *, #60, .F. ) ;
#718 = AXIS2_PLACEMENT_3D ( 'NONE', #1328, #1233, #898 ) ;
#719 = LINE ( 'NONE', #504, #689 ) ;
#720 = CYLINDRICAL_SURFACE ( 'NONE', #1174, 31.75000000000000711 ) ;
#721 = CIRCLE ( 'NONE', #1263, 30.25000000000000711 ) ;
#722 = APPLICATION_CONTEXT ( 'configuration controlled 3d designs of mechanical parts and assemblies' ) ;
#723 = EDGE_LOOP ( 'NONE', ( #746, #825, #1267, #1369 ) ) ;
#724 = CIRCLE ( 'NONE', #458, 32.00000000000000000 ) ;
#725 = EDGE_CURVE ( 'NONE', #273, #993, #199, .T. ) ;
#726 = CIRCLE ( 'NONE', #590, 4.999999999999997335 ) ;
#727 = VERTEX_POINT ( 'NONE', #867 ) ;
#728 = DIRECTION ( 'NONE',  ( -0.000000000000000000, -0.000000000000000000, -1.000000000000000000 ) ) ;
#729 = AXIS2_PLACEMENT_3D ( 'NONE', #1164, #526, #286 ) ;
#730 = CARTESIAN_POINT ( 'NONE',  ( 1.387778780781445676E-14, 0.000000000000000000, -85.26303021498767976 ) ) ;
#731 = DIRECTION ( 'NONE',  ( -0.000000000000000000, -0.000000000000000000, -1.000000000000000000 ) ) ;
#732 = EDGE_CURVE ( 'NONE', #273, #942, #874, .T. ) ;
#733 = ORIENTED_EDGE ( 'NONE', *, *, #623, .F. ) ;
#734 = TOROIDAL_SURFACE ( 'NONE', #755, 36.75000000000000711, 6.500000000000000888 ) ;
#735 = DIRECTION ( 'NONE',  ( -1.000000000000000000, 0.000000000000000000, 1.110223024625156540E-16 ) ) ;
#736 = DIRECTION ( 'NONE',  ( 1.000000000000000000, 0.000000000000000000, 0.000000000000000000 ) ) ;
#737 = DIRECTION ( 'NONE',  ( -1.000000000000000000, 0.000000000000000000, 0.000000000000000000 ) ) ;
#738 = CARTESIAN_POINT ( 'NONE',  ( 118.2500000000000000, 0.000000000000000000, 73.34871939465523383 ) ) ;
#739 = ADVANCED_FACE ( 'NONE', ( #177 ), #670, .T. ) ;
#740 = ORIENTED_EDGE ( 'NONE', *, *, #227, .T. ) ;
#741 =( NAMED_UNIT ( * ) PLANE_ANGLE_UNIT ( ) SI_UNIT ( $, .RADIAN. ) );
#742 = VECTOR ( 'NONE', #779, 1000.000000000000000 ) ;
#743 = DIRECTION ( 'NONE',  ( 0.000000000000000000, 1.000000000000000000, 0.000000000000000000 ) ) ;
#744 = DIRECTION ( 'NONE',  ( -0.7071067811865437980, 0.000000000000000000, -0.7071067811865512365 ) ) ;
#745 = ADVANCED_FACE ( 'NONE', ( #775 ), #603, .T. ) ;
#746 = ORIENTED_EDGE ( 'NONE', *, *, #641, .F. ) ;
#747 = VERTEX_POINT ( 'NONE', #1345 ) ;
#748 = VECTOR ( 'NONE', #1103, 1000.000000000000000 ) ;
#749 = AXIS2_PLACEMENT_3D ( 'NONE', #95, #420, #1276 ) ;
#750 = PERSON_AND_ORGANIZATION_ROLE ( 'creator' ) ;
#751 = LINE ( 'NONE', #1182, #269 ) ;
#752 = CARTESIAN_POINT ( 'NONE',  ( 130.0000000000000000, 0.000000000000000000, -53.84776310850193681 ) ) ;
#753 = ORIENTED_EDGE ( 'NONE', *, *, #525, .T. ) ;
#754 = ORIENTED_EDGE ( 'NONE', *, *, #324, .F. ) ;
#755 = AXIS2_PLACEMENT_3D ( 'NONE', #277, #591, #1321 ) ;
#756 = PERSON_AND_ORGANIZATION_ROLE ( 'classification_officer' ) ;
#757 = DIRECTION ( 'NONE',  ( -0.7071067811865511255, 0.000000000000000000, 0.7071067811865437980 ) ) ;
#758 = CARTESIAN_POINT ( 'NONE',  ( -2.250000000000025313, 33.42435489280234862, -149.7499999999992042 ) ) ;
#759 = ORIENTED_EDGE ( 'NONE', *, *, #411, .T. ) ;
#760 = EDGE_CURVE ( 'NONE', #616, #32, #1204, .T. ) ;
#761 = EDGE_CURVE ( 'NONE', #920, #820, #143, .T. ) ;
#762 = VERTEX_POINT ( 'NONE', #916 ) ;
#763 = PERSON_AND_ORGANIZATION ( #1155, #1093 ) ;
#764 = DIRECTION ( 'NONE',  ( 0.000000000000000000, 0.000000000000000000, -1.000000000000000000 ) ) ;
#765 = DIRECTION ( 'NONE',  ( -0.7071067811865512365, 0.000000000000000000, 0.7071067811865437980 ) ) ;
#766 = EDGE_LOOP ( 'NONE', ( #1030, #1084, #210, #1072 ) ) ;
#767 = CARTESIAN_POINT ( 'NONE',  ( -2.250000000000025313, -31.92080042856068545, -149.7499999999992042 ) ) ;
#768 = ORIENTED_EDGE ( 'NONE', *, *, #1146, .F. ) ;
#769 = SHAPE_DEFINITION_REPRESENTATION ( #230, #65 ) ;
#770 = DIRECTION ( 'NONE',  ( 0.000000000000000000, 0.000000000000000000, 1.000000000000000000 ) ) ;
#771 = AXIS2_PLACEMENT_3D ( 'NONE', #159, #153, #1007 ) ;
#772 = CARTESIAN_POINT ( 'NONE',  ( 74.40937956643381312, 3.704556567420744543E-15, 117.1893398282209375 ) ) ;
#773 = DIRECTION ( 'NONE',  ( -0.7071067811865511255, 0.000000000000000000, 0.7071067811865437980 ) ) ;
#774 = EDGE_CURVE ( 'NONE', #129, #530, #950, .T. ) ;
#775 = FACE_OUTER_BOUND ( 'NONE', #236, .T. ) ;
#776 = ORIENTED_EDGE ( 'NONE', *, *, #641, .T. ) ;
#777 = AXIS2_PLACEMENT_3D ( 'NONE', #922, #67, #1264 ) ;
#778 = EDGE_CURVE ( 'NONE', #315, #829, #31, .T. ) ;
#779 = DIRECTION ( 'NONE',  ( -1.000000000000000000, 0.000000000000000000, 0.000000000000000000 ) ) ;
#780 = DIRECTION ( 'NONE',  ( -0.000000000000000000, -0.000000000000000000, -1.000000000000000000 ) ) ;
#781 = ORIENTED_EDGE ( 'NONE', *, *, #160, .T. ) ;
#782 = CARTESIAN_POINT ( 'NONE',  ( 32.05153689607047340, 3.995410182218240519E-15, -80.77038032903945464 ) ) ;
#783 = ORIENTED_EDGE ( 'NONE', *, *, #1067, .F. ) ;
#784 = LINE ( 'NONE', #1126, #1327 ) ;
#785 = FACE_OUTER_BOUND ( 'NONE', #671, .T. ) ;
#786 = CIRCLE ( 'NONE', #190, 32.00000000000000000 ) ;
#787 = ORIENTED_EDGE ( 'NONE', *, *, #368, .F. ) ;
#788 = EDGE_CURVE ( 'NONE', #32, #495, #559, .T. ) ;
#789 = ADVANCED_FACE ( 'NONE', ( #883 ), #808, .T. ) ;
#790 = VERTEX_POINT ( 'NONE', #767 ) ;
#791 = VECTOR ( 'NONE', #1229, 1000.000000000000000 ) ;
#792 = FACE_OUTER_BOUND ( 'NONE', #1130, .T. ) ;
#793 = CARTESIAN_POINT ( 'NONE',  ( 33.49999999999998579, 2.250000000000000000, -149.7499999999992042 ) ) ;
#794 = CIRCLE ( 'NONE', #1225, 98.25000000000000000 ) ;
#795 = AXIS2_PLACEMENT_3D ( 'NONE', #1035, #73, #1257 ) ;
#796 = VERTEX_POINT ( 'NONE', #1317 ) ;
#797 = ORIENTED_EDGE ( 'NONE', *, *, #1376, .T. ) ;
#798 = ADVANCED_FACE ( 'NONE', ( #1201 ), #1152, .T. ) ;
#799 = DIRECTION ( 'NONE',  ( -0.000000000000000000, -0.000000000000000000, -1.000000000000000000 ) ) ;
#800 = DIRECTION ( 'NONE',  ( -1.000000000000000000, 0.000000000000000000, 0.000000000000000000 ) ) ;
#801 = VECTOR ( 'NONE', #518, 1000.000000000000000 ) ;
#802 = EDGE_LOOP ( 'NONE', ( #625, #830, #164, #1185 ) ) ;
#803 = VERTEX_POINT ( 'NONE', #355 ) ;
#804 = EDGE_CURVE ( 'NONE', #1051, #195, #985, .T. ) ;
#805 = EDGE_CURVE ( 'NONE', #993, #273, #615, .T. ) ;
#806 = CARTESIAN_POINT ( 'NONE',  ( 59.46609857664150667, 0.000000000000000000, 16.68613831485575005 ) ) ;
#807 = DIRECTION ( 'NONE',  ( 0.000000000000000000, 0.000000000000000000, 1.000000000000000000 ) ) ;
#808 = PLANE ( 'NONE',  #544 ) ;
#809 = CARTESIAN_POINT ( 'NONE',  ( 31.92080042856067124, -2.249999999999999112, -149.7499999999991758 ) ) ;
#810 = EDGE_CURVE ( 'NONE', #32, #696, #547, .T. ) ;
#811 = CIRCLE ( 'NONE', #1351, 30.25000000000000000 ) ;
#812 = ORIENTED_EDGE ( 'NONE', *, *, #962, .T. ) ;
#813 = CARTESIAN_POINT ( 'NONE',  ( -8.585916553777130231E-15, 0.000000000000000000, -149.7499999999992042 ) ) ;
#814 = DIRECTION ( 'NONE',  ( -0.000000000000000000, -0.000000000000000000, 1.000000000000000000 ) ) ;
#815 = VECTOR ( 'NONE', #313, 1000.000000000000000 ) ;
#816 = AXIS2_PLACEMENT_3D ( 'NONE', #469, #1338, #29 ) ;
#817 = EDGE_CURVE ( 'NONE', #1262, #221, #218, .T. ) ;
#818 = ORIENTED_EDGE ( 'NONE', *, *, #16, .T. ) ;
#819 = CARTESIAN_POINT ( 'NONE',  ( -33.42435489280236283, -2.250000000000000000, -149.7499999999992042 ) ) ;
#820 = VERTEX_POINT ( 'NONE', #636 ) ;
#821 = ADVANCED_FACE ( 'NONE', ( #294 ), #1269, .F. ) ;
#822 = CARTESIAN_POINT ( 'NONE',  ( -2.250000000000024425, -31.92080042856067834, -149.7499999999991758 ) ) ;
#823 = CARTESIAN_POINT ( 'NONE',  ( 60.52675874842133652, 0.000000000000000000, 15.62547814307593441 ) ) ;
#824 = ORIENTED_EDGE ( 'NONE', *, *, #334, .F. ) ;
#825 = ORIENTED_EDGE ( 'NONE', *, *, #774, .T. ) ;
#826 = DIRECTION ( 'NONE',  ( -1.000000000000000000, 0.000000000000000000, 0.000000000000000000 ) ) ;
#827 = CARTESIAN_POINT ( 'NONE',  ( 31.78892417275068638, 3.893020423649703853E-15, -84.43456440190151113 ) ) ;
#828 = ADVANCED_FACE ( 'NONE', ( #1158 ), #1154, .F. ) ;
#829 = VERTEX_POINT ( 'NONE', #609 ) ;
#830 = ORIENTED_EDGE ( 'NONE', *, *, #672, .T. ) ;
#831 = CIRCLE ( 'NONE', #541, 31.75000000000000711 ) ;
#832 = DIRECTION ( 'NONE',  ( 0.000000000000000000, 0.000000000000000000, -1.000000000000000000 ) ) ;
#833 = DIRECTION ( 'NONE',  ( -1.000000000000000000, 0.000000000000000000, 0.000000000000000000 ) ) ;
#834 = VECTOR ( 'NONE', #501, 1000.000000000000000 ) ;
#835 = EDGE_LOOP ( 'NONE', ( #1076, #566, #639, #10 ) ) ;
#836 = VECTOR ( 'NONE', #138, 1000.000000000000000 ) ;
#837 = ORIENTED_EDGE ( 'NONE', *, *, #921, .F. ) ;
#838 = DIRECTION ( 'NONE',  ( -1.000000000000000000, 0.000000000000000000, 0.000000000000000000 ) ) ;
#839 = ADVANCED_FACE ( 'NONE', ( #1360 ), #130, .T. ) ;
#840 = DIRECTION ( 'NONE',  ( 0.000000000000000000, 0.000000000000000000, -1.000000000000000000 ) ) ;
#841 = VERTEX_POINT ( 'NONE', #505 ) ;
#842 = CARTESIAN_POINT ( 'NONE',  ( 33.49999999999998579, 2.250000000000000000, -123.7499999999992184 ) ) ;
#843 = DIRECTION ( 'NONE',  ( 1.000000000000000000, 0.000000000000000000, -0.000000000000000000 ) ) ;
#844 = DIRECTION ( 'NONE',  ( 0.7071067811865513475, 0.000000000000000000, -0.7071067811865436870 ) ) ;
#845 = VERTEX_POINT ( 'NONE', #630 ) ;
#846 = ORIENTED_EDGE ( 'NONE', *, *, #227, .F. ) ;
#847 = PERSON_AND_ORGANIZATION ( #1155, #1093 ) ;
#848 = CIRCLE ( 'NONE', #3, 33.50000000000000000 ) ;
#849 = CARTESIAN_POINT ( 'NONE',  ( -32.00000000000000711, 0.000000000000000000, -85.63163490354133955 ) ) ;
#850 = PLANE ( 'NONE',  #150 ) ;
#851 = EDGE_LOOP ( 'NONE', ( #824, #868, #928, #90 ) ) ;
#852 = AXIS2_PLACEMENT_3D ( 'NONE', #478, #1237, #990 ) ;
#853 = ORIENTED_EDGE ( 'NONE', *, *, #889, .T. ) ;
#854 = VECTOR ( 'NONE', #1069, 1000.000000000000000 ) ;
#855 = VECTOR ( 'NONE', #1032, 1000.000000000000000 ) ;
#856 = APPROVAL_ROLE ( '' ) ;
#857 = CARTESIAN_POINT ( 'NONE',  ( 38.07611844574833526, 0.000000000000000000, 38.07611844574870474 ) ) ;
#858 = LINE ( 'NONE', #1165, #815 ) ;
#859 = EDGE_CURVE ( 'NONE', #896, #906, #482, .T. ) ;
#860 = VERTEX_POINT ( 'NONE', #953 ) ;
#861 = ORIENTED_EDGE ( 'NONE', *, *, #865, .F. ) ;
#862 =( GEOMETRIC_REPRESENTATION_CONTEXT ( 3 ) GLOBAL_UNCERTAINTY_ASSIGNED_CONTEXT ( ( #876 ) ) GLOBAL_UNIT_ASSIGNED_CONTEXT ( ( #113, #741, #1195 ) ) REPRESENTATION_CONTEXT ( 'NONE', 'WORKASPACE' ) );
#863 = DIRECTION ( 'NONE',  ( -0.000000000000000000, -0.000000000000000000, -1.000000000000000000 ) ) ;
#864 = DIRECTION ( 'NONE',  ( 0.000000000000000000, 1.000000000000000000, 0.000000000000000000 ) ) ;
#865 = EDGE_CURVE ( 'NONE', #942, #530, #235, .T. ) ;
#866 = ORIENTED_EDGE ( 'NONE', *, *, #16, .F. ) ;
#867 = CARTESIAN_POINT ( 'NONE',  ( 31.92080042856067124, -2.250000000000000000, -149.7499999999992042 ) ) ;
#868 = ORIENTED_EDGE ( 'NONE', *, *, #470, .T. ) ;
#869 = DATE_AND_TIME ( #446, #1322 ) ;
#870 = ADVANCED_FACE ( 'NONE', ( #944 ), #1387, .F. ) ;
#871 = DIRECTION ( 'NONE',  ( -0.7071067811865437980, 0.000000000000000000, -0.7071067811865512365 ) ) ;
#872 = PLANE ( 'NONE',  #816 ) ;
#873 = CARTESIAN_POINT ( 'NONE',  ( 95.79935969732699164, 0.000000000000000000, 95.79935969732800061 ) ) ;
#874 = LINE ( 'NONE', #1018, #502 ) ;
#875 = ORIENTED_EDGE ( 'NONE', *, *, #732, .T. ) ;
#876 = UNCERTAINTY_MEASURE_WITH_UNIT (LENGTH_MEASURE( 1.000000000000000082E-05 ), #113, 'distance_accuracy_value', 'NONE');
#877 = VECTOR ( 'NONE', #385, 1000.000000000000000 ) ;
#878 = CALENDAR_DATE ( 2026, 16, 9 ) ;
#879 = AXIS2_PLACEMENT_3D ( 'NONE', #35, #780, #448 ) ;
#880 = DIRECTION ( 'NONE',  ( -0.000000000000000000, -0.000000000000000000, -1.000000000000000000 ) ) ;
#881 = FACE_OUTER_BOUND ( 'NONE', #1145, .T. ) ;
#882 = CARTESIAN_POINT ( 'NONE',  ( -31.92080042856068545, 2.250000000000000000, -149.7499999999992042 ) ) ;
#883 = FACE_OUTER_BOUND ( 'NONE', #516, .T. ) ;
#884 = ORIENTED_EDGE ( 'NONE', *, *, #428, .T. ) ;
#885 = DIRECTION ( 'NONE',  ( 0.7071067811865436870, 0.000000000000000000, 0.7071067811865513475 ) ) ;
#886 = DIRECTION ( 'NONE',  ( -1.000000000000000000, 0.000000000000000000, 1.110223024625156540E-16 ) ) ;
#887 = ADVANCED_FACE ( 'NONE', ( #1381 ), #200, .T. ) ;
#888 = EDGE_LOOP ( 'NONE', ( #104, #303, #43, #638 ) ) ;
#889 = EDGE_CURVE ( 'NONE', #860, #790, #92, .T. ) ;
#890 = EDGE_LOOP ( 'NONE', ( #733, #1119, #904, #288, #267, #754, #1065, #1212, #606, #466, #1296, #1166 ) ) ;
#891 = CARTESIAN_POINT ( 'NONE',  ( -8.585916553777130231E-15, 0.000000000000000000, -149.7499999999991758 ) ) ;
#892 = DIRECTION ( 'NONE',  ( 0.000000000000000000, 0.000000000000000000, -1.000000000000000000 ) ) ;
#893 = VECTOR ( 'NONE', #264, 1000.000000000000000 ) ;
#894 = ADVANCED_FACE ( 'NONE', ( #191 ), #1367, .F. ) ;
#895 = CARTESIAN_POINT ( 'NONE',  ( -8.585916553777130231E-15, 0.000000000000000000, -149.7499999999991758 ) ) ;
#896 = VERTEX_POINT ( 'NONE', #827 ) ;
#897 = VECTOR ( 'NONE', #1371, 1000.000000000000000 ) ;
#898 = DIRECTION ( 'NONE',  ( -0.7071067811865511255, 0.000000000000000000, 0.7071067811865437980 ) ) ;
#899 = DIRECTION ( 'NONE',  ( -1.000000000000000000, 0.000000000000000000, 0.000000000000000000 ) ) ;
#900 = CIRCLE ( 'NONE', #1357, 30.25000000000000000 ) ;
#901 = AXIS2_PLACEMENT_3D ( 'NONE', #182, #168, #53 ) ;
#902 = EDGE_CURVE ( 'NONE', #1051, #616, #1220, .T. ) ;
#903 = EDGE_CURVE ( 'NONE', #790, #1362, #25, .T. ) ;
#904 = ORIENTED_EDGE ( 'NONE', *, *, #1071, .T. ) ;
#905 = AXIS2_PLACEMENT_3D ( 'NONE', #207, #410, #1061 ) ;
#906 = VERTEX_POINT ( 'NONE', #1265 ) ;
#907 = CARTESIAN_POINT ( 'NONE',  ( -30.64199796489157634, 0.000000000000000000, -81.28341054402794441 ) ) ;
#908 = FACE_OUTER_BOUND ( 'NONE', #802, .T. ) ;
#909 = DIRECTION ( 'NONE',  ( 0.000000000000000000, 0.000000000000000000, -1.000000000000000000 ) ) ;
#910 = CARTESIAN_POINT ( 'NONE',  ( 36.75000000000002132, 0.000000000000000000, -79.06027961241113644 ) ) ;
#911 = VERTEX_POINT ( 'NONE', #301 ) ;
#912 = APPROVAL_PERSON_ORGANIZATION ( #647, #1222, #981 ) ;
#913 = LINE ( 'NONE', #1378, #152 ) ;
#914 = DIRECTION ( 'NONE',  ( -0.000000000000000000, -0.000000000000000000, -1.000000000000000000 ) ) ;
#915 = CARTESIAN_POINT ( 'NONE',  ( 33.19846310392954791, 4.065639157683881196E-15, -83.92153418691302136 ) ) ;
#916 = CARTESIAN_POINT ( 'NONE',  ( 2.249999999999974243, -33.42435489280234862, -123.7499999999992184 ) ) ;
#917 = CYLINDRICAL_SURFACE ( 'NONE', #1334, 33.50000000000000000 ) ;
#918 = AXIS2_PLACEMENT_3D ( 'NONE', #80, #931, #404 ) ;
#919 = ORIENTED_EDGE ( 'NONE', *, *, #209, .T. ) ;
#920 = VERTEX_POINT ( 'NONE', #849 ) ;
#921 = EDGE_CURVE ( 'NONE', #537, #144, #667, .T. ) ;
#922 = CARTESIAN_POINT ( 'NONE',  ( 2.645935627018663262E-15, 0.000000000000000000, -85.63163490354133955 ) ) ;
#923 = CIRCLE ( 'NONE', #318, 31.75000000000000711 ) ;
#924 = CARTESIAN_POINT ( 'NONE',  ( 1.387778780781445676E-14, 0.000000000000000000, -79.06027961241113644 ) ) ;
#925 = CIRCLE ( 'NONE', #196, 32.05153689607045919 ) ;
#926 = FACE_OUTER_BOUND ( 'NONE', #135, .T. ) ;
#927 = VECTOR ( 'NONE', #83, 1000.000000000000000 ) ;
#928 = ORIENTED_EDGE ( 'NONE', *, *, #865, .T. ) ;
#929 = ORIENTED_EDGE ( 'NONE', *, *, #289, .T. ) ;
#930 = DIRECTION ( 'NONE',  ( -0.000000000000000000, -0.000000000000000000, 1.000000000000000000 ) ) ;
#931 = DIRECTION ( 'NONE',  ( 1.000000000000000000, 0.000000000000000000, -0.000000000000000000 ) ) ;
#932 = AXIS2_PLACEMENT_3D ( 'NONE', #1060, #1258, #826 ) ;
#933 = ADVANCED_FACE ( 'NONE', ( #1284 ), #1078, .F. ) ;
#934 = ORIENTED_EDGE ( 'NONE', *, *, #305, .T. ) ;
#935 = EDGE_CURVE ( 'NONE', #762, #325, #1207, .T. ) ;
#936 = CARTESIAN_POINT ( 'NONE',  ( 33.42435489280234151, -2.250000000000000000, -149.7499999999992042 ) ) ;
#937 = CARTESIAN_POINT ( 'NONE',  ( -31.74999999999999289, 3.888253587292847265E-15, -149.7499999999992042 ) ) ;
#938 = CARTESIAN_POINT ( 'NONE',  ( -8.585916553777130231E-15, 0.000000000000000000, -149.7499999999992042 ) ) ;
#939 = DIRECTION ( 'NONE',  ( -1.000000000000000000, 0.000000000000000000, 0.000000000000000000 ) ) ;
#940 = ORIENTED_EDGE ( 'NONE', *, *, #368, .T. ) ;
#941 = CARTESIAN_POINT ( 'NONE',  ( 2.645935627018663262E-15, 0.000000000000000000, -85.63163490354133955 ) ) ;
#942 = VERTEX_POINT ( 'NONE', #968 ) ;
#943 = FACE_OUTER_BOUND ( 'NONE', #1112, .T. ) ;
#944 = FACE_OUTER_BOUND ( 'NONE', #440, .T. ) ;
#945 = CARTESIAN_POINT ( 'NONE',  ( 2.249999999999974243, 31.92080042856068545, -123.7499999999992184 ) ) ;
#946 = CONICAL_SURFACE ( 'NONE', #1309, 33.50000000000004263, 0.3490658503988626205 ) ;
#947 = APPROVAL ( #1291, 'UNSPECIFIED' ) ;
#948 = VERTEX_POINT ( 'NONE', #108 ) ;
#949 = AXIS2_PLACEMENT_3D ( 'NONE', #39, #21, #899 ) ;
#950 = CIRCLE ( 'NONE', #365, 30.25000000000000711 ) ;
#951 = EDGE_LOOP ( 'NONE', ( #1083, #339, #652, #284 ) ) ;
#952 = LINE ( 'NONE', #1038, #1364 ) ;
#953 = CARTESIAN_POINT ( 'NONE',  ( -2.250000000000025313, -31.92080042856068545, -123.7499999999992184 ) ) ;
#954 = CARTESIAN_POINT ( 'NONE',  ( 95.79935969732699164, 0.000000000000000000, 95.79935969732800061 ) ) ;
#955 = ORIENTED_EDGE ( 'NONE', *, *, #1037, .F. ) ;
#956 = TOROIDAL_SURFACE ( 'NONE', #777, 28.49999999999999289, 5.000000000000000000 ) ;
#957 = CYLINDRICAL_SURFACE ( 'NONE', #1019, 30.25000000000000711 ) ;
#958 = EDGE_LOOP ( 'NONE', ( #1177, #37, #1049, #188 ) ) ;
#959 = COORDINATED_UNIVERSAL_TIME_OFFSET ( 1, 0, .AHEAD. ) ;
#960 = CARTESIAN_POINT ( 'NONE',  ( 1.387778780781445676E-14, 0.000000000000000000, -79.06027961241113644 ) ) ;
#961 = FACE_OUTER_BOUND ( 'NONE', #888, .T. ) ;
#962 = EDGE_CURVE ( 'NONE', #616, #1051, #472, .T. ) ;
#963 = ORIENTED_EDGE ( 'NONE', *, *, #805, .T. ) ;
#964 = ORIENTED_EDGE ( 'NONE', *, *, #788, .F. ) ;
#965 = APPROVAL_DATE_TIME ( #1073, #947 ) ;
#966 = EDGE_CURVE ( 'NONE', #66, #380, #1095, .T. ) ;
#967 = AXIS2_PLACEMENT_3D ( 'NONE', #28, #1191, #539 ) ;
#968 = CARTESIAN_POINT ( 'NONE',  ( 30.25000000000002132, 0.000000000000000000, -53.84776310850197945 ) ) ;
#969 = CARTESIAN_POINT ( 'NONE',  ( 95.79935969732699164, 0.000000000000000000, 95.79935969732798640 ) ) ;
#970 = ORIENTED_EDGE ( 'NONE', *, *, #672, .F. ) ;
#971 = AXIS2_PLACEMENT_3D ( 'NONE', #571, #576, #1123 ) ;
#972 = EDGE_LOOP ( 'NONE', ( #1193, #572, #818, #599 ) ) ;
#973 = TOROIDAL_SURFACE ( 'NONE', #370, 36.75000000000000711, 5.000000000000000000 ) ;
#974 = CIRCLE ( 'NONE', #771, 3.500000000000003109 ) ;
#975 = DATE_AND_TIME ( #552, #600 ) ;
#976 = EDGE_CURVE ( 'NONE', #1262, #820, #1167, .T. ) ;
#977 = CARTESIAN_POINT ( 'NONE',  ( -8.585916553777130231E-15, 0.000000000000000000, -85.63163490354133955 ) ) ;
#978 = DIRECTION ( 'NONE',  ( -0.000000000000000000, -0.000000000000000000, -1.000000000000000000 ) ) ;
#979 = ORIENTED_EDGE ( 'NONE', *, *, #438, .F. ) ;
#980 = ORIENTED_EDGE ( 'NONE', *, *, #1053, .T. ) ;
#981 = APPROVAL_ROLE ( '' ) ;
#982 = DIRECTION ( 'NONE',  ( 0.000000000000000000, 0.000000000000000000, -1.000000000000000000 ) ) ;
#983 = CARTESIAN_POINT ( 'NONE',  ( 130.0000000000000000, -3.888253587292847265E-15, -53.84776310850193681 ) ) ;
#984 = ORIENTED_EDGE ( 'NONE', *, *, #1079, .F. ) ;
#985 = LINE ( 'NONE', #266, #1226 ) ;
#986 = EDGE_LOOP ( 'NONE', ( #97, #178, #471, #582 ) ) ;
#987 = VECTOR ( 'NONE', #770, 1000.000000000000000 ) ;
#988 = CARTESIAN_POINT ( 'NONE',  ( -8.585916553777130231E-15, 0.000000000000000000, -123.7499999999992184 ) ) ;
#989 = DIRECTION ( 'NONE',  ( 0.000000000000000000, 0.000000000000000000, 1.000000000000000000 ) ) ;
#990 = DIRECTION ( 'NONE',  ( 0.000000000000000000, 0.000000000000000000, 1.000000000000000000 ) ) ;
#991 = PRODUCT_RELATED_PRODUCT_CATEGORY ( 'detail', '', ( #686 ) ) ;
#992 = DIRECTION ( 'NONE',  ( -1.000000000000000000, 1.224646799147354193E-16, 0.000000000000000000 ) ) ;
#993 = VERTEX_POINT ( 'NONE', #1313 ) ;
#994 = AXIS2_PLACEMENT_3D ( 'NONE', #895, #156, #564 ) ;
#995 = CARTESIAN_POINT ( 'NONE',  ( -8.585916553777130231E-15, 0.000000000000000000, -149.7499999999992042 ) ) ;
#996 = VECTOR ( 'NONE', #457, 1000.000000000000000 ) ;
#997 = EDGE_CURVE ( 'NONE', #1223, #683, #145, .T. ) ;
#998 = AXIS2_PLACEMENT_3D ( 'NONE', #111, #1169, #4 ) ;
#999 = FACE_OUTER_BOUND ( 'NONE', #1391, .T. ) ;
#1000 = LINE ( 'NONE', #154, #479 ) ;
#1001 = PLANE ( 'NONE',  #75 ) ;
#1002 = ORIENTED_EDGE ( 'NONE', *, *, #568, .T. ) ;
#1003 = DIRECTION ( 'NONE',  ( 0.7071067811865436870, 0.000000000000000000, 0.7071067811865513475 ) ) ;
#1004 = CARTESIAN_POINT ( 'NONE',  ( 33.50000000000005684, 4.102566777143638507E-15, -84.74999999999918998 ) ) ;
#1005 = ORIENTED_EDGE ( 'NONE', *, *, #817, .F. ) ;
#1006 = ORIENTED_EDGE ( 'NONE', *, *, #42, .F. ) ;
#1007 = DIRECTION ( 'NONE',  ( -1.000000000000000000, 1.224646799147351728E-16, 0.000000000000000000 ) ) ;
#1008 = EDGE_CURVE ( 'NONE', #762, #1092, #675, .T. ) ;
#1009 = EDGE_CURVE ( 'NONE', #444, #646, #811, .T. ) ;
#1010 = FACE_OUTER_BOUND ( 'NONE', #1144, .T. ) ;
#1011 = LINE ( 'NONE', #661, #996 ) ;
#1012 = VECTOR ( 'NONE', #1254, 1000.000000000000000 ) ;
#1013 = ORIENTED_EDGE ( 'NONE', *, *, #966, .F. ) ;
#1014 = VERTEX_POINT ( 'NONE', #1394 ) ;
#1015 = DIRECTION ( 'NONE',  ( 0.000000000000000000, 0.000000000000000000, -1.000000000000000000 ) ) ;
#1016 = DIRECTION ( 'NONE',  ( -1.000000000000000000, 0.000000000000000000, 0.000000000000000000 ) ) ;
#1017 = AXIS2_PLACEMENT_3D ( 'NONE', #624, #1173, #220 ) ;
#1018 = CARTESIAN_POINT ( 'NONE',  ( 30.25000000000002132, 0.000000000000000000, -149.7499999999992042 ) ) ;
#1019 = AXIS2_PLACEMENT_3D ( 'NONE', #425, #1282, #316 ) ;
#1020 = LINE ( 'NONE', #809, #522 ) ;
#1021 = ORIENTED_EDGE ( 'NONE', *, *, #859, .F. ) ;
#1022 = LINE ( 'NONE', #1050, #927 ) ;
#1023 = EDGE_CURVE ( 'NONE', #906, #896, #651, .T. ) ;
#1024 = DIRECTION ( 'NONE',  ( -0.000000000000000000, -0.000000000000000000, 1.000000000000000000 ) ) ;
#1025 = CARTESIAN_POINT ( 'NONE',  ( 1.387778780781445676E-14, 0.000000000000000000, -53.84776310850197945 ) ) ;
#1026 = CC_DESIGN_APPROVAL ( #714, ( #279 ) ) ;
#1027 = CARTESIAN_POINT ( 'NONE',  ( 1.387778780781445676E-14, 0.000000000000000000, -79.06027961241113644 ) ) ;
#1028 = CYLINDRICAL_SURFACE ( 'NONE', #701, 32.00000000000000000 ) ;
#1029 = EDGE_LOOP ( 'NONE', ( #250, #507, #439, #386 ) ) ;
#1030 = ORIENTED_EDGE ( 'NONE', *, *, #185, .T. ) ;
#1031 = EDGE_CURVE ( 'NONE', #653, #727, #1088, .T. ) ;
#1032 = DIRECTION ( 'NONE',  ( -0.000000000000000000, -0.000000000000000000, -1.000000000000000000 ) ) ;
#1033 = AXIS2_PLACEMENT_3D ( 'NONE', #132, #232, #447 ) ;
#1034 = ORIENTED_EDGE ( 'NONE', *, *, #656, .F. ) ;
#1035 = CARTESIAN_POINT ( 'NONE',  ( 1.387778780781445676E-14, 0.000000000000000000, -149.7499999999992042 ) ) ;
#1036 = ORIENTED_EDGE ( 'NONE', *, *, #580, .T. ) ;
#1037 = EDGE_CURVE ( 'NONE', #790, #911, #751, .T. ) ;
#1038 = CARTESIAN_POINT ( 'NONE',  ( -33.42435489280234862, -2.249999999999999112, -149.7499999999991758 ) ) ;
#1039 = CARTESIAN_POINT ( 'NONE',  ( 130.0000000000000000, -3.704556567420744543E-15, -53.84776310850193681 ) ) ;
#1040 = VECTOR ( 'NONE', #443, 1000.000000000000000 ) ;
#1041 = DIRECTION ( 'NONE',  ( 0.7071067811865436870, 0.000000000000000000, 0.7071067811865513475 ) ) ;
#1042 = VECTOR ( 'NONE', #390, 1000.000000000000000 ) ;
#1043 = VERTEX_POINT ( 'NONE', #224 ) ;
#1044 = ORIENTED_EDGE ( 'NONE', *, *, #623, .T. ) ;
#1045 = CARTESIAN_POINT ( 'NONE',  ( -33.50000000000000711, 0.000000000000000000, -123.7499999999992184 ) ) ;
#1046 = EDGE_CURVE ( 'NONE', #747, #407, #1101, .T. ) ;
#1047 = DIRECTION ( 'NONE',  ( 0.000000000000000000, 0.000000000000000000, 1.000000000000000000 ) ) ;
#1048 = LOCAL_TIME ( 0, 3, 43.00000000000000000, #319 ) ;
#1049 = ORIENTED_EDGE ( 'NONE', *, *, #517, .F. ) ;
#1050 = CARTESIAN_POINT ( 'NONE',  ( 33.49999999999999289, 4.102566777143633774E-15, -149.7499999999991758 ) ) ;
#1051 = VERTEX_POINT ( 'NONE', #114 ) ;
#1052 = LINE ( 'NONE', #1365, #17 ) ;
#1053 = EDGE_CURVE ( 'NONE', #1014, #118, #831, .T. ) ;
#1054 = CARTESIAN_POINT ( 'NONE',  ( 2.249999999999974243, 33.50000000000001421, -123.7499999999992184 ) ) ;
#1055 = EDGE_CURVE ( 'NONE', #796, #549, #1058, .T. ) ;
#1056 = CARTESIAN_POINT ( 'NONE',  ( -8.585916553777130231E-15, 0.000000000000000000, -123.7499999999992184 ) ) ;
#1057 = ORIENTED_EDGE ( 'NONE', *, *, #1188, .F. ) ;
#1058 = CIRCLE ( 'NONE', #431, 5.000000000000004441 ) ;
#1059 = EDGE_LOOP ( 'NONE', ( #1005, #1377, #604, #82 ) ) ;
#1060 = CARTESIAN_POINT ( 'NONE',  ( -8.585916553777130231E-15, 0.000000000000000000, -85.63163490354133955 ) ) ;
#1061 = DIRECTION ( 'NONE',  ( -1.000000000000000000, 0.000000000000000000, 0.000000000000000000 ) ) ;
#1062 = LINE ( 'NONE', #308, #240 ) ;
#1063 = ORIENTED_EDGE ( 'NONE', *, *, #517, .T. ) ;
#1064 = CIRCLE ( 'NONE', #1017, 33.50000000000000711 ) ;
#1065 = ORIENTED_EDGE ( 'NONE', *, *, #428, .F. ) ;
#1066 = PERSON_AND_ORGANIZATION_ROLE ( 'design_owner' ) ;
#1067 = EDGE_CURVE ( 'NONE', #1077, #796, #607, .T. ) ;
#1068 = CARTESIAN_POINT ( 'NONE',  ( -1.662558979376163084E-14, 0.000000000000000000, -123.7499999999992184 ) ) ;
#1069 = DIRECTION ( 'NONE',  ( -1.000000000000000000, 0.000000000000000000, 0.000000000000000000 ) ) ;
#1070 = ORIENTED_EDGE ( 'NONE', *, *, #557, .T. ) ;
#1071 = EDGE_CURVE ( 'NONE', #1077, #1372, #442, .T. ) ;
#1072 = ORIENTED_EDGE ( 'NONE', *, *, #966, .T. ) ;
#1073 = DATE_AND_TIME ( #878, #205 ) ;
#1074 = CARTESIAN_POINT ( 'NONE',  ( 2.249999999999973355, -33.42435489280234151, -149.7499999999991758 ) ) ;
#1075 = DIRECTION ( 'NONE',  ( -0.000000000000000000, -0.000000000000000000, -1.000000000000000000 ) ) ;
#1076 = ORIENTED_EDGE ( 'NONE', *, *, #107, .F. ) ;
#1077 = VERTEX_POINT ( 'NONE', #456 ) ;
#1078 = TOROIDAL_SURFACE ( 'NONE', #1033, 130.0000000000000000, 30.25000000000000711 ) ;
#1079 = EDGE_CURVE ( 'NONE', #1244, #1043, #238, .T. ) ;
#1080 = CARTESIAN_POINT ( 'NONE',  ( 28.49999999999999645, 0.000000000000000000, -85.63163490354133955 ) ) ;
#1081 = DIRECTION ( 'NONE',  ( -0.000000000000000000, 0.000000000000000000, -1.000000000000000000 ) ) ;
#1082 = AXIS2_PLACEMENT_3D ( 'NONE', #349, #146, #1114 ) ;
#1083 = ORIENTED_EDGE ( 'NONE', *, *, #1008, .T. ) ;
#1084 = ORIENTED_EDGE ( 'NONE', *, *, #778, .T. ) ;
#1085 = AXIS2_PLACEMENT_3D ( 'NONE', #351, #556, #475 ) ;
#1086 = VECTOR ( 'NONE', #693, 1000.000000000000000 ) ;
#1087 = PERSON_AND_ORGANIZATION ( #1155, #1093 ) ;
#1088 = LINE ( 'NONE', #429, #1196 ) ;
#1089 = CARTESIAN_POINT ( 'NONE',  ( 73.34871939465398327, 3.888253587292847265E-15, 118.2500000000007674 ) ) ;
#1090 = ORIENTED_EDGE ( 'NONE', *, *, #42, .T. ) ;
#1091 = DIRECTION ( 'NONE',  ( 0.000000000000000000, 0.000000000000000000, 1.000000000000000000 ) ) ;
#1092 = VERTEX_POINT ( 'NONE', #175 ) ;
#1093 = ORGANIZATION ( 'UNSPECIFIED', 'UNSPECIFIED', '' ) ;
#1094 = PERSON_AND_ORGANIZATION_ROLE ( 'creator' ) ;
#1095 = LINE ( 'NONE', #1214, #742 ) ;
#1096 = DIRECTION ( 'NONE',  ( -1.000000000000000000, 0.000000000000000000, 0.000000000000000000 ) ) ;
#1097 = DIRECTION ( 'NONE',  ( -0.3420201433256656598, 0.000000000000000000, -0.9396926207859095381 ) ) ;
#1098 = CARTESIAN_POINT ( 'NONE',  ( 1.387778780781445676E-14, 0.000000000000000000, -84.74999999999918998 ) ) ;
#1099 = ORIENTED_EDGE ( 'NONE', *, *, #405, .F. ) ;
#1100 = EDGE_CURVE ( 'NONE', #407, #841, #848, .T. ) ;
#1101 = CIRCLE ( 'NONE', #1281, 33.50000000000000000 ) ;
#1102 = CARTESIAN_POINT ( 'NONE',  ( -2.250000000000025313, 33.42435489280234862, -123.7499999999992184 ) ) ;
#1103 = DIRECTION ( 'NONE',  ( -0.000000000000000000, -0.000000000000000000, -1.000000000000000000 ) ) ;
#1104 = DIRECTION ( 'NONE',  ( -0.7071067811865437980, 0.000000000000000000, -0.7071067811865512365 ) ) ;
#1105 = ORIENTED_EDGE ( 'NONE', *, *, #597, .T. ) ;
#1106 = DESIGN_CONTEXT ( 'detailed design', #555, 'design' ) ;
#1107 = CIRCLE ( 'NONE', #173, 160.2500000000000000 ) ;
#1108 = AXIS2_PLACEMENT_3D ( 'NONE', #1098, #1236, #347 ) ;
#1109 = DIRECTION ( 'NONE',  ( 0.3420201433256656598, 4.188538737676954171E-17, -0.9396926207859095381 ) ) ;
#1110 = DIRECTION ( 'NONE',  ( 1.000000000000000000, 0.000000000000000000, 0.000000000000000000 ) ) ;
#1111 = DIRECTION ( 'NONE',  ( 1.000000000000000000, 0.000000000000000000, 0.000000000000000000 ) ) ;
#1112 = EDGE_LOOP ( 'NONE', ( #940, #1013, #1341, #781 ) ) ;
#1113 = CC_DESIGN_PERSON_AND_ORGANIZATION_ASSIGNMENT ( #763, #1094, ( #279 ) ) ;
#1114 = DIRECTION ( 'NONE',  ( 0.000000000000000000, 0.000000000000000000, -1.000000000000000000 ) ) ;
#1115 = CIRCLE ( 'NONE', #553, 33.19846310392952660 ) ;
#1116 = DIRECTION ( 'NONE',  ( 0.000000000000000000, 1.000000000000000000, 0.000000000000000000 ) ) ;
#1117 = DIRECTION ( 'NONE',  ( -0.000000000000000000, -0.000000000000000000, -1.000000000000000000 ) ) ;
#1118 = CARTESIAN_POINT ( 'NONE',  ( -32.09046106882116334, 0.000000000000000000, -85.26303021498767976 ) ) ;
#1119 = ORIENTED_EDGE ( 'NONE', *, *, #102, .T. ) ;
#1120 = LINE ( 'NONE', #699, #180 ) ;
#1121 = DIRECTION ( 'NONE',  ( 0.000000000000000000, 0.000000000000000000, -1.000000000000000000 ) ) ;
#1122 = DIRECTION ( 'NONE',  ( -1.000000000000000000, 0.000000000000000000, 0.000000000000000000 ) ) ;
#1123 = DIRECTION ( 'NONE',  ( -1.000000000000000000, 0.000000000000000000, 0.000000000000000000 ) ) ;
#1124 = EDGE_LOOP ( 'NONE', ( #5, #1231, #1363, #509 ) ) ;
#1125 = AXIS2_PLACEMENT_3D ( 'NONE', #709, #287, #63 ) ;
#1126 = CARTESIAN_POINT ( 'NONE',  ( 2.249999999999973355, -31.92080042856067834, -149.7499999999991758 ) ) ;
#1127 = CARTESIAN_POINT ( 'NONE',  ( 59.46609857664146404, 0.000000000000000000, 16.68613831485570742 ) ) ;
#1128 = CIRCLE ( 'NONE', #33, 31.75000000000000711 ) ;
#1129 = DIRECTION ( 'NONE',  ( 1.000000000000000000, 0.000000000000000000, 0.000000000000000000 ) ) ;
#1130 = EDGE_LOOP ( 'NONE', ( #327, #1044, #528, #401, #72, #64, #1006, #1202, #632, #787, #397, #488 ) ) ;
#1131 = CARTESIAN_POINT ( 'NONE',  ( -1.662558979376163084E-14, 0.000000000000000000, -123.7499999999992184 ) ) ;
#1132 = DIRECTION ( 'NONE',  ( -0.7071067811865520136, 0.000000000000000000, 0.7071067811865430208 ) ) ;
#1133 = AXIS2_PLACEMENT_3D ( 'NONE', #1131, #832, #838 ) ;
#1134 = CARTESIAN_POINT ( 'NONE',  ( 2.249999999999974243, 33.50000000000001421, -123.7499999999992184 ) ) ;
#1135 = DIRECTION ( 'NONE',  ( 0.000000000000000000, 0.000000000000000000, -1.000000000000000000 ) ) ;
#1136 = ORIENTED_EDGE ( 'NONE', *, *, #15, .T. ) ;
#1137 = EDGE_CURVE ( 'NONE', #664, #361, #784, .T. ) ;
#1138 = FACE_OUTER_BOUND ( 'NONE', #1124, .T. ) ;
#1139 = EDGE_LOOP ( 'NONE', ( #215, #171, #1283, #1238 ) ) ;
#1140 = DIRECTION ( 'NONE',  ( 0.000000000000000000, 0.000000000000000000, 1.000000000000000000 ) ) ;
#1141 = DIRECTION ( 'NONE',  ( -1.000000000000000000, 0.000000000000000000, 0.000000000000000000 ) ) ;
#1142 = CARTESIAN_POINT ( 'NONE',  ( 16.68613831485506083, 3.704556567420744543E-15, 59.46609857664157062 ) ) ;
#1143 = AXIS2_PLACEMENT_3D ( 'NONE', #938, #1374, #833 ) ;
#1144 = EDGE_LOOP ( 'NONE', ( #419, #812, #1194, #402 ) ) ;
#1145 = EDGE_LOOP ( 'NONE', ( #633, #1251, #1294, #1021 ) ) ;
#1146 = EDGE_CURVE ( 'NONE', #820, #520, #786, .T. ) ;
#1147 = VECTOR ( 'NONE', #708, 1000.000000000000000 ) ;
#1148 = CIRCLE ( 'NONE', #1125, 30.64199796489159056 ) ;
#1149 = DIRECTION ( 'NONE',  ( -0.000000000000000000, -0.000000000000000000, -1.000000000000000000 ) ) ;
#1150 = CIRCLE ( 'NONE', #1203, 30.25000000000000711 ) ;
#1151 = DIRECTION ( 'NONE',  ( 0.7071067811865513475, 0.000000000000000000, -0.7071067811865436870 ) ) ;
#1152 = TOROIDAL_SURFACE ( 'NONE', #436, 130.0000000000000000, 31.75000000000000711 ) ;
#1153 = ORIENTED_EDGE ( 'NONE', *, *, #105, .F. ) ;
#1154 = TOROIDAL_SURFACE ( 'NONE', #1339, 36.75000000000000711, 5.000000000000000000 ) ;
#1155 = PERSON ( 'UNSPECIFIED', 'UNSPECIFIED', 'UNSPECIFIED', ('UNSPECIFIED'), ('UNSPECIFIED'), ('UNSPECIFIED') ) ;
#1156 = EDGE_CURVE ( 'NONE', #118, #1014, #1242, .T. ) ;
#1157 = LINE ( 'NONE', #937, #353 ) ;
#1158 = FACE_OUTER_BOUND ( 'NONE', #972, .T. ) ;
#1159 = CARTESIAN_POINT ( 'NONE',  ( -8.585916553777130231E-15, 0.000000000000000000, -85.63163490354133955 ) ) ;
#1160 = AXIS2_PLACEMENT_3D ( 'NONE', #166, #1116, #483 ) ;
#1161 = ORIENTED_EDGE ( 'NONE', *, *, #557, .F. ) ;
#1162 = EDGE_CURVE ( 'NONE', #683, #896, #1349, .T. ) ;
#1163 = CYLINDRICAL_SURFACE ( 'NONE', #998, 30.25000000000000711 ) ;
#1164 = CARTESIAN_POINT ( 'NONE',  ( 130.0000000000000000, 0.000000000000000000, -53.84776310850193681 ) ) ;
#1165 = CARTESIAN_POINT ( 'NONE',  ( 31.99999999999999289, 3.918869757271530263E-15, -149.7499999999991758 ) ) ;
#1166 = ORIENTED_EDGE ( 'NONE', *, *, #1100, .F. ) ;
#1167 = CIRCLE ( 'NONE', #629, 32.00000000000000000 ) ;
#1168 = ADVANCED_FACE ( 'NONE', ( #792 ), #1337, .T. ) ;
#1169 = DIRECTION ( 'NONE',  ( 0.7071067811865436870, 0.000000000000000000, 0.7071067811865513475 ) ) ;
#1170 = ORIENTED_EDGE ( 'NONE', *, *, #258, .F. ) ;
#1171 = CALENDAR_DATE ( 2026, 16, 9 ) ;
#1172 = DIRECTION ( 'NONE',  ( -0.000000000000000000, 0.000000000000000000, -1.000000000000000000 ) ) ;
#1173 = DIRECTION ( 'NONE',  ( -0.000000000000000000, -0.000000000000000000, -1.000000000000000000 ) ) ;
#1174 = AXIS2_PLACEMENT_3D ( 'NONE', #703, #1041, #1151 ) ;
#1175 = CC_DESIGN_PERSON_AND_ORGANIZATION_ASSIGNMENT ( #847, #756, ( #1213 ) ) ;
#1176 = CIRCLE ( 'NONE', #949, 33.50000000000000000 ) ;
#1177 = ORIENTED_EDGE ( 'NONE', *, *, #805, .F. ) ;
#1178 = AXIS2_PLACEMENT_3D ( 'NONE', #485, #492, #62 ) ;
#1179 = CARTESIAN_POINT ( 'NONE',  ( 30.64199796489160477, 3.822791448184060810E-15, -81.28341054402794441 ) ) ;
#1180 = ORIENTED_EDGE ( 'NONE', *, *, #804, .F. ) ;
#1181 = APPLICATION_PROTOCOL_DEFINITION ( 'international standard', 'config_control_design', 1994, #722 ) ;
#1182 = CARTESIAN_POINT ( 'NONE',  ( -2.250000000000025313, 33.50000000000001421, -149.7499999999992042 ) ) ;
#1183 = CARTESIAN_POINT ( 'NONE',  ( 31.75000000000002132, 0.000000000000000000, -53.84776310850198655 ) ) ;
#1184 = VECTOR ( 'NONE', #1140, 1000.000000000000000 ) ;
#1185 = ORIENTED_EDGE ( 'NONE', *, *, #121, .F. ) ;
#1186 = CARTESIAN_POINT ( 'NONE',  ( 1.387778780781445676E-14, 0.000000000000000000, -149.7499999999992042 ) ) ;
#1187 = ORIENTED_EDGE ( 'NONE', *, *, #640, .F. ) ;
#1188 = EDGE_CURVE ( 'NONE', #118, #202, #1227, .T. ) ;
#1189 = DATE_TIME_ROLE ( 'classification_date' ) ;
#1190 = ADVANCED_FACE ( 'NONE', ( #253 ), #490, .T. ) ;
#1191 = DIRECTION ( 'NONE',  ( 0.000000000000000000, 0.000000000000000000, 1.000000000000000000 ) ) ;
#1192 = DIRECTION ( 'NONE',  ( -1.000000000000000000, 0.000000000000000000, 0.000000000000000000 ) ) ;
#1193 = ORIENTED_EDGE ( 'NONE', *, *, #760, .F. ) ;
#1194 = ORIENTED_EDGE ( 'NONE', *, *, #804, .T. ) ;
#1195 =( NAMED_UNIT ( * ) SI_UNIT ( $, .STERADIAN. ) SOLID_ANGLE_UNIT ( ) );
#1196 = VECTOR ( 'NONE', #435, 1000.000000000000000 ) ;
#1197 = CARTESIAN_POINT ( 'NONE',  ( -8.585916553777130231E-15, 0.000000000000000000, -123.7499999999992184 ) ) ;
#1198 = CARTESIAN_POINT ( 'NONE',  ( -33.42435489280236283, 2.250000000000000000, -149.7499999999992042 ) ) ;
#1199 = CIRCLE ( 'NONE', #611, 5.000000000000004441 ) ;
#1200 = EDGE_LOOP ( 'NONE', ( #1355, #1325, #705, #612 ) ) ;
#1201 = FACE_OUTER_BOUND ( 'NONE', #295, .T. ) ;
#1202 = ORIENTED_EDGE ( 'NONE', *, *, #1332, .F. ) ;
#1203 = AXIS2_PLACEMENT_3D ( 'NONE', #575, #892, #1329 ) ;
#1204 = CIRCLE ( 'NONE', #680, 4.999999999999997335 ) ;
#1205 = SECURITY_CLASSIFICATION_LEVEL ( 'unclassified' ) ;
#1206 = EDGE_CURVE ( 'NONE', #520, #66, #1120, .T. ) ;
#1207 = LINE ( 'NONE', #1074, #496 ) ;
#1208 = FACE_OUTER_BOUND ( 'NONE', #1302, .T. ) ;
#1209 = CARTESIAN_POINT ( 'NONE',  ( 33.49999999999998579, -2.250000000000000000, -123.7499999999992184 ) ) ;
#1210 = CARTESIAN_POINT ( 'NONE',  ( 33.49999999999998579, 2.250000000000000000, -123.7499999999992184 ) ) ;
#1211 = ADVANCED_FACE ( 'NONE', ( #463 ), #1389, .F. ) ;
#1212 = ORIENTED_EDGE ( 'NONE', *, *, #1008, .F. ) ;
#1213 = SECURITY_CLASSIFICATION ( '', '', #1205 ) ;
#1214 = CARTESIAN_POINT ( 'NONE',  ( 33.49999999999998579, 2.250000000000000000, -149.7499999999992042 ) ) ;
#1215 = DIRECTION ( 'NONE',  ( -1.110223024625156540E-16, 0.000000000000000000, -1.000000000000000000 ) ) ;
#1216 = CYLINDRICAL_SURFACE ( 'NONE', #994, 32.00000000000000000 ) ;
#1217 = ORIENTED_EDGE ( 'NONE', *, *, #1361, .F. ) ;
#1218 = EDGE_CURVE ( 'NONE', #860, #1092, #161, .T. ) ;
#1219 = DIRECTION ( 'NONE',  ( -1.000000000000000000, 0.000000000000000000, 0.000000000000000000 ) ) ;
#1220 = CIRCLE ( 'NONE', #44, 31.75000000000000711 ) ;
#1221 = CARTESIAN_POINT ( 'NONE',  ( 1.387778780781445676E-14, 0.000000000000000000, -149.7499999999992042 ) ) ;
#1222 = APPROVAL ( #119, 'UNSPECIFIED' ) ;
#1223 = VERTEX_POINT ( 'NONE', #907 ) ;
#1224 = ORIENTED_EDGE ( 'NONE', *, *, #55, .T. ) ;
#1225 = AXIS2_PLACEMENT_3D ( 'NONE', #983, #376, #579 ) ;
#1226 = VECTOR ( 'NONE', #694, 1000.000000000000000 ) ;
#1227 = LINE ( 'NONE', #1246, #893 ) ;
#1228 = LINE ( 'NONE', #570, #748 ) ;
#1229 = DIRECTION ( 'NONE',  ( -0.000000000000000000, -1.000000000000000000, -0.000000000000000000 ) ) ;
#1230 = EDGE_CURVE ( 'NONE', #530, #646, #578, .T. ) ;
#1231 = ORIENTED_EDGE ( 'NONE', *, *, #1037, .T. ) ;
#1232 = AXIS2_PLACEMENT_3D ( 'NONE', #1358, #706, #86 ) ;
#1233 = DIRECTION ( 'NONE',  ( -0.7071067811865437980, 0.000000000000000000, -0.7071067811865512365 ) ) ;
#1234 = CARTESIAN_POINT ( 'NONE',  ( -33.19846310392951949, 0.000000000000000000, -83.92153418691302136 ) ) ;
#1235 = ADVANCED_FACE ( 'NONE', ( #358 ), #734, .T. ) ;
#1236 = DIRECTION ( 'NONE',  ( -0.000000000000000000, -0.000000000000000000, -1.000000000000000000 ) ) ;
#1237 = DIRECTION ( 'NONE',  ( 0.000000000000000000, 1.000000000000000000, 0.000000000000000000 ) ) ;
#1238 = ORIENTED_EDGE ( 'NONE', *, *, #1348, .T. ) ;
#1239 = DIRECTION ( 'NONE',  ( -1.000000000000000000, 0.000000000000000000, 0.000000000000000000 ) ) ;
#1240 = DIRECTION ( 'NONE',  ( -1.000000000000000000, 0.000000000000000000, 0.000000000000000000 ) ) ;
#1241 = CARTESIAN_POINT ( 'NONE',  ( -31.92080042856068545, 2.250000000000000000, -123.7499999999992184 ) ) ;
#1242 = CIRCLE ( 'NONE', #718, 31.75000000000000711 ) ;
#1243 = DIRECTION ( 'NONE',  ( 0.000000000000000000, -1.000000000000000000, 0.000000000000000000 ) ) ;
#1244 = VERTEX_POINT ( 'NONE', #1102 ) ;
#1245 = CC_DESIGN_PERSON_AND_ORGANIZATION_ASSIGNMENT ( #545, #1066, ( #686 ) ) ;
#1246 = CARTESIAN_POINT ( 'NONE',  ( 60.52675874842133652, 0.000000000000000000, 15.62547814307593441 ) ) ;
#1247 = CARTESIAN_POINT ( 'NONE',  ( 2.249999999999974243, 31.92080042856068545, -149.7499999999992042 ) ) ;
#1248 = DIRECTION ( 'NONE',  ( 1.224646799147353207E-16, 1.000000000000000000, -0.000000000000000000 ) ) ;
#1249 = ADVANCED_FACE ( 'NONE', ( #1010 ), #574, .T. ) ;
#1250 = FACE_OUTER_BOUND ( 'NONE', #890, .T. ) ;
#1251 = ORIENTED_EDGE ( 'NONE', *, *, #997, .F. ) ;
#1252 = ORIENTED_EDGE ( 'NONE', *, *, #494, .T. ) ;
#1253 = LINE ( 'NONE', #713, #1184 ) ;
#1254 = DIRECTION ( 'NONE',  ( -0.000000000000000000, -0.000000000000000000, -1.000000000000000000 ) ) ;
#1255 = DIRECTION ( 'NONE',  ( -1.000000000000000000, 0.000000000000000000, 0.000000000000000000 ) ) ;
#1256 = EDGE_LOOP ( 'NONE', ( #1224, #543, #179, #234 ) ) ;
#1257 = DIRECTION ( 'NONE',  ( -1.000000000000000000, 0.000000000000000000, 1.110223024625156540E-16 ) ) ;
#1258 = DIRECTION ( 'NONE',  ( -0.000000000000000000, -0.000000000000000000, -1.000000000000000000 ) ) ;
#1259 = DIRECTION ( 'NONE',  ( 0.000000000000000000, 0.000000000000000000, 1.000000000000000000 ) ) ;
#1260 = ADVANCED_FACE ( 'NONE', ( #59 ), #147, .T. ) ;
#1261 = AXIS2_PLACEMENT_3D ( 'NONE', #673, #880, #533 ) ;
#1262 = VERTEX_POINT ( 'NONE', #468 ) ;
#1263 = AXIS2_PLACEMENT_3D ( 'NONE', #389, #484, #1132 ) ;
#1264 = DIRECTION ( 'NONE',  ( 1.000000000000000000, 0.000000000000000000, 0.000000000000000000 ) ) ;
#1265 = CARTESIAN_POINT ( 'NONE',  ( -31.78892417275065796, 0.000000000000000000, -84.43456440190151113 ) ) ;
#1266 = CIRCLE ( 'NONE', #588, 33.19846310392952660 ) ;
#1267 = ORIENTED_EDGE ( 'NONE', *, *, #1230, .T. ) ;
#1268 = DIRECTION ( 'NONE',  ( -1.110223024625156540E-16, 0.000000000000000000, -1.000000000000000000 ) ) ;
#1269 = CONICAL_SURFACE ( 'NONE', #550, 32.09046106882117755, 0.3490658503988626205 ) ;
#1270 = VERTEX_POINT ( 'NONE', #474 ) ;
#1271 = PLANE ( 'NONE',  #1232 ) ;
#1272 = DIRECTION ( 'NONE',  ( -0.7071067811865439090, 0.000000000000000000, -0.7071067811865512365 ) ) ;
#1273 = AXIS2_PLACEMENT_3D ( 'NONE', #1373, #622, #736 ) ;
#1274 = ADVANCED_FACE ( 'NONE', ( #999 ), #666, .T. ) ;
#1275 = ORIENTED_EDGE ( 'NONE', *, *, #494, .F. ) ;
#1276 = DIRECTION ( 'NONE',  ( -1.000000000000000000, 1.224646799147352961E-16, 0.000000000000000000 ) ) ;
#1277 = DIRECTION ( 'NONE',  ( 0.000000000000000000, 0.000000000000000000, 1.000000000000000000 ) ) ;
#1278 = DIRECTION ( 'NONE',  ( -0.000000000000000000, -0.000000000000000000, -1.000000000000000000 ) ) ;
#1279 = EDGE_CURVE ( 'NONE', #616, #711, #1157, .T. ) ;
#1280 = ORIENTED_EDGE ( 'NONE', *, *, #477, .F. ) ;
#1281 = AXIS2_PLACEMENT_3D ( 'NONE', #1197, #982, #643 ) ;
#1282 = DIRECTION ( 'NONE',  ( -0.000000000000000000, -0.000000000000000000, 1.000000000000000000 ) ) ;
#1283 = ORIENTED_EDGE ( 'NONE', *, *, #788, .T. ) ;
#1284 = FACE_OUTER_BOUND ( 'NONE', #851, .T. ) ;
#1285 = CARTESIAN_POINT ( 'NONE',  ( -33.42435489280234862, -2.250000000000000000, -123.7499999999992184 ) ) ;
#1286 = CLOSED_SHELL ( 'NONE', ( #1211, #798, #34, #497, #821, #198, #682, #1274, #467, #698, #1260, #1190, #96, #1168, #87, #367, #648, #451, #2, #1249, #76, #839, #141, #657, #120, #828, #1300, #1316, #658, #933, #383, #1235, #618, #352, #745, #1295, #1393, #69, #739, #1306, #789, #870, #894, #326, #887 ) ) ;
#1287 = CIRCLE ( 'NONE', #434, 31.75000000000000711 ) ;
#1288 = ORIENTED_EDGE ( 'NONE', *, *, #1137, .T. ) ;
#1289 = AXIS2_PLACEMENT_3D ( 'NONE', #1210, #1243, #136 ) ;
#1290 = ORIENTED_EDGE ( 'NONE', *, *, #27, .T. ) ;
#1291 = APPROVAL_STATUS ( 'not_yet_approved' ) ;
#1292 = DIRECTION ( 'NONE',  ( -0.7071067811865437980, 0.000000000000000000, -0.7071067811865512365 ) ) ;
#1293 = LINE ( 'NONE', #631, #854 ) ;
#1294 = ORIENTED_EDGE ( 'NONE', *, *, #60, .T. ) ;
#1295 = ADVANCED_FACE ( 'NONE', ( #408 ), #99, .T. ) ;
#1296 = ORIENTED_EDGE ( 'NONE', *, *, #167, .T. ) ;
#1297 = CARTESIAN_POINT ( 'NONE',  ( 95.79935969732699164, 0.000000000000000000, 95.79935969732798640 ) ) ;
#1298 = CARTESIAN_POINT ( 'NONE',  ( 33.49999999999998579, 2.250000000000000000, -123.7499999999992184 ) ) ;
#1299 = ORIENTED_EDGE ( 'NONE', *, *, #1137, .F. ) ;
#1300 = ADVANCED_FACE ( 'NONE', ( #285 ), #956, .T. ) ;
#1301 = CARTESIAN_POINT ( 'NONE',  ( -31.74999999999999289, 3.888253587292847265E-15, -53.84776310850197234 ) ) ;
#1302 = EDGE_LOOP ( 'NONE', ( #406, #919, #282, #1161 ) ) ;
#1303 = PERSON_AND_ORGANIZATION_ROLE ( 'design_supplier' ) ;
#1304 = CARTESIAN_POINT ( 'NONE',  ( -33.50000000000000711, 0.000000000000000000, -149.7499999999991758 ) ) ;
#1305 = CARTESIAN_POINT ( 'NONE',  ( 1.387778780781445676E-14, 0.000000000000000000, -80.77038032903945464 ) ) ;
#1306 = ADVANCED_FACE ( 'NONE', ( #608 ), #1271, .T. ) ;
#1307 = CIRCLE ( 'NONE', #98, 33.50000000000000000 ) ;
#1308 = LINE ( 'NONE', #360, #791 ) ;
#1309 = AXIS2_PLACEMENT_3D ( 'NONE', #392, #486, #1255 ) ;
#1310 = DIRECTION ( 'NONE',  ( -0.7071067811865520136, 0.000000000000000000, 0.7071067811865430208 ) ) ;
#1311 = EDGE_LOOP ( 'NONE', ( #204, #348, #934, #515, #1326, #256 ) ) ;
#1312 = VECTOR ( 'NONE', #148, 1000.000000000000000 ) ;
#1313 = CARTESIAN_POINT ( 'NONE',  ( -30.24999999999999289, 3.704556567420744543E-15, -79.06027961241113644 ) ) ;
#1314 = CARTESIAN_POINT ( 'NONE',  ( 2.249999999999974243, -31.92080042856068545, -149.7499999999992042 ) ) ;
#1315 = CARTESIAN_POINT ( 'NONE',  ( -8.585916553777130231E-15, 0.000000000000000000, -123.7499999999992184 ) ) ;
#1316 = ADVANCED_FACE ( 'NONE', ( #1380 ), #601, .F. ) ;
#1317 = CARTESIAN_POINT ( 'NONE',  ( 33.49999999999999289, 4.102566777143633774E-15, -85.63163490354133955 ) ) ;
#1318 = ORIENTED_EDGE ( 'NONE', *, *, #817, .T. ) ;
#1319 = CIRCLE ( 'NONE', #620, 33.50000000000000711 ) ;
#1320 = EDGE_CURVE ( 'NONE', #993, #1385, #719, .T. ) ;
#1321 = DIRECTION ( 'NONE',  ( 1.000000000000000000, 0.000000000000000000, 0.000000000000000000 ) ) ;
#1322 = LOCAL_TIME ( 0, 3, 43.00000000000000000, #19 ) ;
#1323 = FACE_OUTER_BOUND ( 'NONE', #766, .T. ) ;
#1324 = EDGE_CURVE ( 'NONE', #653, #325, #1319, .T. ) ;
#1325 = ORIENTED_EDGE ( 'NONE', *, *, #249, .F. ) ;
#1326 = ORIENTED_EDGE ( 'NONE', *, *, #155, .F. ) ;
#1327 = VECTOR ( 'NONE', #914, 1000.000000000000000 ) ;
#1328 = CARTESIAN_POINT ( 'NONE',  ( 38.07611844574833526, 0.000000000000000000, 38.07611844574870474 ) ) ;
#1329 = DIRECTION ( 'NONE',  ( 1.000000000000000000, 0.000000000000000000, 0.000000000000000000 ) ) ;
#1330 = DIRECTION ( 'NONE',  ( 0.000000000000000000, 0.000000000000000000, 1.000000000000000000 ) ) ;
#1331 = CIRCLE ( 'NONE', #1336, 32.00000000000000000 ) ;
#1332 = EDGE_CURVE ( 'NONE', #315, #1244, #1253, .T. ) ;
#1333 = ORIENTED_EDGE ( 'NONE', *, *, #1053, .F. ) ;
#1334 = AXIS2_PLACEMENT_3D ( 'NONE', #514, #731, #939 ) ;
#1335 = EDGE_CURVE ( 'NONE', #221, #619, #952, .T. ) ;
#1336 = AXIS2_PLACEMENT_3D ( 'NONE', #995, #462, #1219 ) ;
#1337 = CYLINDRICAL_SURFACE ( 'NONE', #293, 33.50000000000000000 ) ;
#1338 = DIRECTION ( 'NONE',  ( 0.000000000000000000, -1.000000000000000000, 0.000000000000000000 ) ) ;
#1339 = AXIS2_PLACEMENT_3D ( 'NONE', #924, #1277, #312 ) ;
#1340 = CARTESIAN_POINT ( 'NONE',  ( -32.05153689607044498, 0.000000000000000000, -80.77038032903945464 ) ) ;
#1341 = ORIENTED_EDGE ( 'NONE', *, *, #1206, .F. ) ;
#1342 = VECTOR ( 'NONE', #885, 1000.000000000000000 ) ;
#1343 = DIRECTION ( 'NONE',  ( 0.000000000000000000, 0.000000000000000000, -1.000000000000000000 ) ) ;
#1344 = DIRECTION ( 'NONE',  ( 1.000000000000000000, 0.000000000000000000, 0.000000000000000000 ) ) ;
#1345 = CARTESIAN_POINT ( 'NONE',  ( 33.42435489280233440, 2.250000000000000000, -123.7499999999992184 ) ) ;
#1346 = DIRECTION ( 'NONE',  ( 1.000000000000000000, 0.000000000000000000, 0.000000000000000000 ) ) ;
#1347 = ORIENTED_EDGE ( 'NONE', *, *, #685, .F. ) ;
#1348 = EDGE_CURVE ( 'NONE', #495, #549, #1115, .T. ) ;
#1349 = LINE ( 'NONE', #52, #117 ) ;
#1350 = CARTESIAN_POINT ( 'NONE',  ( 31.92080042856067124, 2.249999999999999112, -123.7499999999992184 ) ) ;
#1351 = AXIS2_PLACEMENT_3D ( 'NONE', #1297, #871, #7 ) ;
#1352 = CARTESIAN_POINT ( 'NONE',  ( -2.250000000000025313, 33.50000000000001421, -149.7499999999992042 ) ) ;
#1353 = LINE ( 'NONE', #184, #877 ) ;
#1354 = EDGE_CURVE ( 'NONE', #589, #551, #1052, .T. ) ;
#1355 = ORIENTED_EDGE ( 'NONE', *, *, #15, .F. ) ;
#1356 = ORIENTED_EDGE ( 'NONE', *, *, #626, .T. ) ;
#1357 = AXIS2_PLACEMENT_3D ( 'NONE', #969, #101, #765 ) ;
#1358 = CARTESIAN_POINT ( 'NONE',  ( -1.662558979376163084E-14, 0.000000000000000000, -123.7499999999992184 ) ) ;
#1359 = CONICAL_SURFACE ( 'NONE', #1108, 33.50000000000004263, 0.3490658503988626205 ) ;
#1360 = FACE_OUTER_BOUND ( 'NONE', #1200, .T. ) ;
#1361 = EDGE_CURVE ( 'NONE', #920, #845, #85, .T. ) ;
#1362 = VERTEX_POINT ( 'NONE', #292 ) ;
#1363 = ORIENTED_EDGE ( 'NONE', *, *, #324, .T. ) ;
#1364 = VECTOR ( 'NONE', #78, 1000.000000000000000 ) ;
#1365 = CARTESIAN_POINT ( 'NONE',  ( 31.92080042856067124, 2.249999999999999112, -149.7499999999991758 ) ) ;
#1366 = CC_DESIGN_PERSON_AND_ORGANIZATION_ASSIGNMENT ( #635, #750, ( #421 ) ) ;
#1367 = PLANE ( 'NONE',  #918 ) ;
#1368 = PLANE ( 'NONE',  #344 ) ;
#1369 = ORIENTED_EDGE ( 'NONE', *, *, #1009, .F. ) ;
#1370 = CC_DESIGN_SECURITY_CLASSIFICATION ( #1213, ( #421 ) ) ;
#1371 = DIRECTION ( 'NONE',  ( 0.7071067811865436870, 0.000000000000000000, 0.7071067811865513475 ) ) ;
#1372 = VERTEX_POINT ( 'NONE', #1045 ) ;
#1373 = CARTESIAN_POINT ( 'NONE',  ( 2.645935627018663262E-15, 0.000000000000000000, -85.63163490354133955 ) ) ;
#1374 = DIRECTION ( 'NONE',  ( -1.110223024625156540E-16, 0.000000000000000000, -1.000000000000000000 ) ) ;
#1375 = DIRECTION ( 'NONE',  ( -1.000000000000000000, 0.000000000000000000, 0.000000000000000000 ) ) ;
#1376 = EDGE_CURVE ( 'NONE', #747, #551, #510, .T. ) ;
#1377 = ORIENTED_EDGE ( 'NONE', *, *, #228, .T. ) ;
#1378 = CARTESIAN_POINT ( 'NONE',  ( 33.42435489280233440, 2.249999999999999112, -149.7499999999991758 ) ) ;
#1379 = AXIS2_PLACEMENT_3D ( 'NONE', #1315, #261, #669 ) ;
#1380 = FACE_OUTER_BOUND ( 'NONE', #47, .T. ) ;
#1381 = FACE_OUTER_BOUND ( 'NONE', #426, .T. ) ;
#1382 = CONICAL_SURFACE ( 'NONE', #879, 32.09046106882117755, 0.3490658503988626205 ) ;
#1383 = CARTESIAN_POINT ( 'NONE',  ( 1.387778780781445676E-14, 0.000000000000000000, -83.92153418691302136 ) ) ;
#1384 = CIRCLE ( 'NONE', #127, 32.00000000000000000 ) ;
#1385 = VERTEX_POINT ( 'NONE', #628 ) ;
#1386 = DIRECTION ( 'NONE',  ( 0.000000000000000000, -0.000000000000000000, -1.000000000000000000 ) ) ;
#1387 = PLANE ( 'NONE',  #362 ) ;
#1388 = DIRECTION ( 'NONE',  ( 0.000000000000000000, 0.000000000000000000, 1.000000000000000000 ) ) ;
#1389 = TOROIDAL_SURFACE ( 'NONE', #1160, 130.0000000000000000, 30.25000000000000711 ) ;
#1390 = ORIENTED_EDGE ( 'NONE', *, *, #1206, .T. ) ;
#1391 = EDGE_LOOP ( 'NONE', ( #783, #542, #846, #712 ) ) ;
#1392 = DATE_TIME_ROLE ( 'creation_date' ) ;
#1393 = ADVANCED_FACE ( 'NONE', ( #943 ), #416, .T. ) ;
#1394 = CARTESIAN_POINT ( 'NONE',  ( 15.62547814307533045, 3.888253587292847265E-15, 60.52675874842147863 ) ) ;
#1395 = CARTESIAN_POINT ( 'NONE',  ( -8.585916553777130231E-15, 0.000000000000000000, -149.7499999999991758 ) ) ;
ENDSEC;
END-ISO-10303-21;
