ISO-10303-21;
HEADER;
FILE_DESCRIPTION (( 'STEP AP203' ),
    '1' );
FILE_NAME ('79-8534 - 63.5mm 30deg.STEP',
    '2026-09-15T22:03:41',
    ( '' ),
    ( '' ),
    'SwSTEP 2.0',
    'SolidWorks 2026',
    '' );
FILE_SCHEMA (( 'CONFIG_CONTROL_DESIGN' ));
ENDSEC;

DATA;
#1 = VERTEX_POINT ( 'NONE', #1081 ) ;
#2 = CARTESIAN_POINT ( 'NONE',  ( 85.75369342984400589, 0.000000000000000000, 148.5297539571772347 ) ) ;
#3 = VERTEX_POINT ( 'NONE', #527 ) ;
#4 = LINE ( 'NONE', #1043, #1251 ) ;
#5 = ADVANCED_FACE ( 'NONE', ( #640 ), #756, .T. ) ;
#6 = ORIENTED_EDGE ( 'NONE', *, *, #307, .F. ) ;
#7 = EDGE_CURVE ( 'NONE', #479, #1283, #533, .T. ) ;
#8 = DIRECTION ( 'NONE',  ( -0.000000000000000000, -0.000000000000000000, 1.000000000000000000 ) ) ;
#9 = CARTESIAN_POINT ( 'NONE',  ( -2.250000000000000000, 33.50000000000001421, -160.5952460428229358 ) ) ;
#10 = FACE_OUTER_BOUND ( 'NONE', #177, .T. ) ;
#11 = EDGE_CURVE ( 'NONE', #1297, #1388, #1197, .T. ) ;
#12 = ORIENTED_EDGE ( 'NONE', *, *, #514, .F. ) ;
#13 = CARTESIAN_POINT ( 'NONE',  ( 0.000000000000000000, 0.000000000000000000, -96.10827625781139716 ) ) ;
#14 = CARTESIAN_POINT ( 'NONE',  ( 0.000000000000000000, 0.000000000000000000, -160.5952460428229358 ) ) ;
#15 = LINE ( 'NONE', #329, #1374 ) ;
#16 = DIRECTION ( 'NONE',  ( 0.000000000000000000, 0.000000000000000000, 1.000000000000000000 ) ) ;
#17 = CARTESIAN_POINT ( 'NONE',  ( 33.50000000000000711, 2.250000000000000000, -134.5952460428229358 ) ) ;
#18 = ORIENTED_EDGE ( 'NONE', *, *, #150, .T. ) ;
#19 = AXIS2_PLACEMENT_3D ( 'NONE', #466, #1116, #35 ) ;
#20 = AXIS2_PLACEMENT_3D ( 'NONE', #1234, #737, #1155 ) ;
#21 = DIRECTION ( 'NONE',  ( 0.000000000000000000, 0.000000000000000000, 1.000000000000000000 ) ) ;
#22 = AXIS2_PLACEMENT_3D ( 'NONE', #945, #968, #1272 ) ;
#23 = AXIS2_PLACEMENT_3D ( 'NONE', #1387, #1077, #1068 ) ;
#24 = TOROIDAL_SURFACE ( 'NONE', #391, 130.0000000000000000, 30.25000000000000000 ) ;
#25 = CARTESIAN_POINT ( 'NONE',  ( 31.92080042856067124, -2.250000000000000000, -134.5952460428229358 ) ) ;
#26 = EDGE_CURVE ( 'NONE', #105, #1305, #473, .T. ) ;
#27 = DIRECTION ( 'NONE',  ( -0.000000000000000000, -0.000000000000000000, -1.000000000000000000 ) ) ;
#28 = ORIENTED_EDGE ( 'NONE', *, *, #702, .T. ) ;
#29 = PLANE ( 'NONE',  #879 ) ;
#30 = LINE ( 'NONE', #9, #132 ) ;
#31 = PRODUCT ( '79-8534 - 63.5mm 30deg', '79-8534 - 63.5mm 30deg', '', ( #1103 ) ) ;
#32 = DIRECTION ( 'NONE',  ( -0.000000000000000000, -0.000000000000000000, -1.000000000000000000 ) ) ;
#33 = EDGE_CURVE ( 'NONE', #45, #1336, #1086, .T. ) ;
#34 = ORIENTED_EDGE ( 'NONE', *, *, #617, .F. ) ;
#35 = DIRECTION ( 'NONE',  ( -1.000000000000000000, 0.000000000000000000, 0.000000000000000000 ) ) ;
#36 = DIRECTION ( 'NONE',  ( 0.000000000000000000, 0.000000000000000000, 1.000000000000000000 ) ) ;
#37 = DIRECTION ( 'NONE',  ( 0.000000000000000000, -0.000000000000000000, -1.000000000000000000 ) ) ;
#38 = EDGE_LOOP ( 'NONE', ( #215, #1153 ) ) ;
#39 = AXIS2_PLACEMENT_3D ( 'NONE', #1192, #217, #240 ) ;
#40 = CARTESIAN_POINT ( 'NONE',  ( 0.000000000000000000, 0.000000000000000000, -160.5952460428229358 ) ) ;
#41 = VECTOR ( 'NONE', #260, 1000.000000000000000 ) ;
#42 = AXIS2_PLACEMENT_3D ( 'NONE', #1044, #47, #812 ) ;
#43 = ORIENTED_EDGE ( 'NONE', *, *, #1012, .T. ) ;
#44 = DIRECTION ( 'NONE',  ( 1.000000000000000000, 0.000000000000000000, 0.000000000000000000 ) ) ;
#45 = VERTEX_POINT ( 'NONE', #1369 ) ;
#46 = DIRECTION ( 'NONE',  ( 0.000000000000000000, 0.000000000000000000, -1.000000000000000000 ) ) ;
#47 = DIRECTION ( 'NONE',  ( 0.000000000000000000, 1.000000000000000000, 0.000000000000000000 ) ) ;
#48 = APPROVAL_DATE_TIME ( #611, #920 ) ;
#49 = ORIENTED_EDGE ( 'NONE', *, *, #1145, .T. ) ;
#50 = EDGE_CURVE ( 'NONE', #778, #1305, #637, .T. ) ;
#51 = DIRECTION ( 'NONE',  ( 0.000000000000000000, 0.000000000000000000, 1.000000000000000000 ) ) ;
#52 = ORIENTED_EDGE ( 'NONE', *, *, #806, .T. ) ;
#53 = FACE_OUTER_BOUND ( 'NONE', #136, .T. ) ;
#54 = CARTESIAN_POINT ( 'NONE',  ( 0.000000000000000000, 0.000000000000000000, -89.90552565523476858 ) ) ;
#55 = APPROVAL_ROLE ( '' ) ;
#56 = ORIENTED_EDGE ( 'NONE', *, *, #1049, .F. ) ;
#57 = DIRECTION ( 'NONE',  ( -1.000000000000000000, 0.000000000000000000, 0.000000000000000000 ) ) ;
#58 = EDGE_LOOP ( 'NONE', ( #83, #625, #962, #622 ) ) ;
#59 = FACE_OUTER_BOUND ( 'NONE', #1175, .T. ) ;
#60 = SECURITY_CLASSIFICATION_LEVEL ( 'unclassified' ) ;
#61 = AXIS2_PLACEMENT_3D ( 'NONE', #400, #1366, #876 ) ;
#62 = AXIS2_PLACEMENT_3D ( 'NONE', #393, #381, #1148 ) ;
#63 = ORIENTED_EDGE ( 'NONE', *, *, #508, .F. ) ;
#64 = DIRECTION ( 'NONE',  ( 0.000000000000000000, 1.000000000000000000, 0.000000000000000000 ) ) ;
#65 = CIRCLE ( 'NONE', #1334, 32.00000000000000000 ) ;
#66 = ORIENTED_EDGE ( 'NONE', *, *, #1166, .F. ) ;
#67 = DIRECTION ( 'NONE',  ( 0.000000000000000000, 0.000000000000000000, 1.000000000000000000 ) ) ;
#68 = PRODUCT_RELATED_PRODUCT_CATEGORY ( 'detail', '', ( #31 ) ) ;
#69 = CARTESIAN_POINT ( 'NONE',  ( -6.632044609226839342E-15, 0.000000000000000000, -160.5952460428229074 ) ) ;
#70 = PERSON_AND_ORGANIZATION ( #1138, #749 ) ;
#71 = ORIENTED_EDGE ( 'NONE', *, *, #1299, .T. ) ;
#72 = CYLINDRICAL_SURFACE ( 'NONE', #62, 30.25000000000000000 ) ;
#73 = ORIENTED_EDGE ( 'NONE', *, *, #1301, .F. ) ;
#74 = EDGE_CURVE ( 'NONE', #706, #116, #965, .T. ) ;
#75 = CARTESIAN_POINT ( 'NONE',  ( -10.07960906213343399, 3.888253587292846476E-15, 46.04160498395354040 ) ) ;
#76 = LINE ( 'NONE', #188, #1021 ) ;
#77 = EDGE_LOOP ( 'NONE', ( #510, #1025, #204, #1267 ) ) ;
#78 = DIRECTION ( 'NONE',  ( 0.4999999999999947264, 0.000000000000000000, 0.8660254037844417052 ) ) ;
#79 = ORIENTED_EDGE ( 'NONE', *, *, #514, .T. ) ;
#80 = CARTESIAN_POINT ( 'NONE',  ( 0.000000000000000000, 0.000000000000000000, -160.5952460428229358 ) ) ;
#81 = CARTESIAN_POINT ( 'NONE',  ( -2.250000000000000000, 31.92080042856068545, -160.5952460428229358 ) ) ;
#82 = AXIS2_PLACEMENT_3D ( 'NONE', #1329, #1231, #476 ) ;
#83 = ORIENTED_EDGE ( 'NONE', *, *, #642, .F. ) ;
#84 = DIRECTION ( 'NONE',  ( -0.000000000000000000, -1.000000000000000000, -0.000000000000000000 ) ) ;
#85 = ADVANCED_FACE ( 'NONE', ( #94 ), #315, .F. ) ;
#86 = VECTOR ( 'NONE', #919, 1000.000000000000000 ) ;
#87 = EDGE_CURVE ( 'NONE', #219, #1147, #337, .T. ) ;
#88 = ORIENTED_EDGE ( 'NONE', *, *, #92, .T. ) ;
#89 = CIRCLE ( 'NONE', #884, 30.25000000000000355 ) ;
#90 = CIRCLE ( 'NONE', #499, 6.499999999999999112 ) ;
#91 = AXIS2_PLACEMENT_3D ( 'NONE', #1130, #1356, #478 ) ;
#92 = EDGE_CURVE ( 'NONE', #1045, #926, #1060, .T. ) ;
#93 = LINE ( 'NONE', #1073, #735 ) ;
#94 = FACE_OUTER_BOUND ( 'NONE', #887, .T. ) ;
#95 = DIRECTION ( 'NONE',  ( -0.4999999999999946709, 0.000000000000000000, -0.8660254037844417052 ) ) ;
#96 = ORIENTED_EDGE ( 'NONE', *, *, #865, .T. ) ;
#97 = ORIENTED_EDGE ( 'NONE', *, *, #584, .T. ) ;
#98 = CARTESIAN_POINT ( 'NONE',  ( 0.000000000000000000, 0.000000000000000000, -91.61562637186307256 ) ) ;
#99 = LINE ( 'NONE', #1091, #193 ) ;
#100 = ORIENTED_EDGE ( 'NONE', *, *, #307, .T. ) ;
#101 = ADVANCED_FACE ( 'NONE', ( #1302 ), #1286, .F. ) ;
#102 = CARTESIAN_POINT ( 'NONE',  ( -33.42435489280235572, 2.250000000000000000, -160.5952460428229358 ) ) ;
#103 = DIRECTION ( 'NONE',  ( 0.000000000000000000, -1.000000000000000000, 0.000000000000000000 ) ) ;
#104 = PLANE ( 'NONE',  #991 ) ;
#105 = VERTEX_POINT ( 'NONE', #139 ) ;
#106 = CARTESIAN_POINT ( 'NONE',  ( 130.0000000000000000, 0.000000000000000000, -34.83339501604551458 ) ) ;
#107 = EDGE_CURVE ( 'NONE', #921, #285, #427, .T. ) ;
#108 = VECTOR ( 'NONE', #1201, 1000.000000000000000 ) ;
#109 = CLOSED_SHELL ( 'NONE', ( #535, #889, #746, #258, #785, #1072, #553, #443, #101, #1266, #288, #5, #85, #475, #961, #1200, #1360, #348, #679, #743, #1056, #254, #1281, #888, #164, #914, #1075, #624, #1180, #1083, #345, #281, #1380, #552, #1100, #603, #360, #1051, #707, #1328, #1395, #1032, #209, #529, #1377 ) ) ;
#110 = VECTOR ( 'NONE', #753, 1000.000000000000000 ) ;
#111 = AXIS2_PLACEMENT_3D ( 'NONE', #69, #500, #379 ) ;
#112 = DIRECTION ( 'NONE',  ( 1.000000000000000000, 0.000000000000000000, 0.000000000000000000 ) ) ;
#113 = CC_DESIGN_PERSON_AND_ORGANIZATION_ASSIGNMENT ( #507, #390, ( #616 ) ) ;
#114 = PLANE ( 'NONE',  #319 ) ;
#115 = CARTESIAN_POINT ( 'NONE',  ( 2.250000000000000000, 31.92080042856068545, -134.5952460428229358 ) ) ;
#116 = VERTEX_POINT ( 'NONE', #1110 ) ;
#117 = DIRECTION ( 'NONE',  ( 0.000000000000000000, 0.000000000000000000, -1.000000000000000000 ) ) ;
#118 = VERTEX_POINT ( 'NONE', #226 ) ;
#119 = CARTESIAN_POINT ( 'NONE',  ( 0.000000000000000000, 0.000000000000000000, -34.83339501604554300 ) ) ;
#120 = DIRECTION ( 'NONE',  ( 0.000000000000000000, -1.000000000000000000, 0.000000000000000000 ) ) ;
#121 = LINE ( 'NONE', #17, #317 ) ;
#122 = VERTEX_POINT ( 'NONE', #1212 ) ;
#123 = CARTESIAN_POINT ( 'NONE',  ( -31.92080042856068545, -2.249999999999999112, -134.5952460428229358 ) ) ;
#124 = DIRECTION ( 'NONE',  ( -1.000000000000000000, 0.000000000000000000, 0.000000000000000000 ) ) ;
#125 = PERSON_AND_ORGANIZATION ( #1138, #749 ) ;
#126 = DIRECTION ( 'NONE',  ( 1.000000000000000000, 0.000000000000000000, 0.000000000000000000 ) ) ;
#127 = EDGE_LOOP ( 'NONE', ( #676, #895, #206, #460 ) ) ;
#128 = VECTOR ( 'NONE', #944, 1000.000000000000000 ) ;
#129 = LOCAL_TIME ( 0, 3, 41.00000000000000000, #1259 ) ;
#130 = EDGE_CURVE ( 'NONE', #754, #924, #221, .T. ) ;
#131 = VECTOR ( 'NONE', #27, 1000.000000000000000 ) ;
#132 = VECTOR ( 'NONE', #660, 1000.000000000000000 ) ;
#133 = CIRCLE ( 'NONE', #539, 32.00000000000000000 ) ;
#134 = CARTESIAN_POINT ( 'NONE',  ( 28.49999999999999289, 0.000000000000000000, -96.47688094636507117 ) ) ;
#135 = APPROVAL_ROLE ( '' ) ;
#136 = EDGE_LOOP ( 'NONE', ( #608, #43, #287, #773 ) ) ;
#137 = DIRECTION ( 'NONE',  ( 0.000000000000000000, 0.000000000000000000, 1.000000000000000000 ) ) ;
#138 = ORIENTED_EDGE ( 'NONE', *, *, #862, .F. ) ;
#139 = CARTESIAN_POINT ( 'NONE',  ( 31.75000000000000000, 0.000000000000000000, -89.90552565523476858 ) ) ;
#140 = CARTESIAN_POINT ( 'NONE',  ( 8.914826990104204086E-15, 0.000000000000000000, -134.5952460428229358 ) ) ;
#141 = VERTEX_POINT ( 'NONE', #1102 ) ;
#142 = LINE ( 'NONE', #565, #131 ) ;
#143 = VERTEX_POINT ( 'NONE', #467 ) ;
#144 = DIRECTION ( 'NONE',  ( -0.000000000000000000, -0.000000000000000000, -1.000000000000000000 ) ) ;
#145 = DIRECTION ( 'NONE',  ( -1.000000000000000000, 0.000000000000000000, 0.000000000000000000 ) ) ;
#146 = CALENDAR_DATE ( 2026, 16, 9 ) ;
#147 = ORIENTED_EDGE ( 'NONE', *, *, #849, .T. ) ;
#148 = CARTESIAN_POINT ( 'NONE',  ( 33.49999999999999289, 4.102566777143633774E-15, -96.47688094636507117 ) ) ;
#149 = ORIENTED_EDGE ( 'NONE', *, *, #989, .T. ) ;
#150 = EDGE_CURVE ( 'NONE', #105, #222, #1018, .T. ) ;
#151 = EDGE_CURVE ( 'NONE', #1305, #778, #594, .T. ) ;
#152 = LINE ( 'NONE', #1129, #1176 ) ;
#153 = CC_DESIGN_DATE_AND_TIME_ASSIGNMENT ( #291, #1028, ( #938 ) ) ;
#154 = AXIS2_PLACEMENT_3D ( 'NONE', #243, #236, #347 ) ;
#155 = VECTOR ( 'NONE', #994, 1000.000000000000000 ) ;
#156 = EDGE_LOOP ( 'NONE', ( #1092, #1016, #1262, #967 ) ) ;
#157 = DIRECTION ( 'NONE',  ( -0.000000000000000000, -0.000000000000000000, -1.000000000000000000 ) ) ;
#158 = ORIENTED_EDGE ( 'NONE', *, *, #323, .F. ) ;
#159 = CARTESIAN_POINT ( 'NONE',  ( 0.000000000000000000, 0.000000000000000000, -160.5952460428229358 ) ) ;
#160 = CARTESIAN_POINT ( 'NONE',  ( -6.632044609226839342E-15, 0.000000000000000000, -134.5952460428229358 ) ) ;
#161 = ORIENTED_EDGE ( 'NONE', *, *, #644, .F. ) ;
#162 = CARTESIAN_POINT ( 'NONE',  ( -3.316022304613419671E-15, 0.000000000000000000, -96.47688094636507117 ) ) ;
#163 = EDGE_LOOP ( 'NONE', ( #940, #700, #656, #704 ) ) ;
#164 = ADVANCED_FACE ( 'NONE', ( #351 ), #839, .T. ) ;
#165 = DIRECTION ( 'NONE',  ( -0.000000000000000000, -0.000000000000000000, -1.000000000000000000 ) ) ;
#166 = CARTESIAN_POINT ( 'NONE',  ( 17.41669750802252281, 0.000000000000000000, 30.16660498395369672 ) ) ;
#167 = EDGE_CURVE ( 'NONE', #921, #1128, #1096, .T. ) ;
#168 = APPROVAL_STATUS ( 'not_yet_approved' ) ;
#169 = ORIENTED_EDGE ( 'NONE', *, *, #657, .T. ) ;
#170 = ORIENTED_EDGE ( 'NONE', *, *, #262, .T. ) ;
#171 = CARTESIAN_POINT ( 'NONE',  ( 2.250000000000000000, 33.50000000000001421, -134.5952460428229358 ) ) ;
#172 = DIRECTION ( 'NONE',  ( 1.000000000000000000, 0.000000000000000000, 0.000000000000000000 ) ) ;
#173 = APPROVAL_DATE_TIME ( #284, #811 ) ;
#174 = AXIS2_PLACEMENT_3D ( 'NONE', #14, #8, #112 ) ;
#175 = CC_DESIGN_APPROVAL ( #1079, ( #938 ) ) ;
#176 = AXIS2_PLACEMENT_3D ( 'NONE', #495, #1163, #930 ) ;
#177 = EDGE_LOOP ( 'NONE', ( #1359, #1170, #1011, #280 ) ) ;
#178 = DIRECTION ( 'NONE',  ( 1.000000000000000000, 0.000000000000000000, 0.000000000000000000 ) ) ;
#179 = VECTOR ( 'NONE', #916, 1000.000000000000000 ) ;
#180 = ORIENTED_EDGE ( 'NONE', *, *, #232, .T. ) ;
#181 = DIRECTION ( 'NONE',  ( -1.000000000000000000, 0.000000000000000000, 0.000000000000000000 ) ) ;
#182 = CARTESIAN_POINT ( 'NONE',  ( -2.249999999999999112, 31.92080042856067834, -160.5952460428229074 ) ) ;
#183 = DIRECTION ( 'NONE',  ( -1.000000000000000000, 0.000000000000000000, 0.000000000000000000 ) ) ;
#184 = DIRECTION ( 'NONE',  ( 0.000000000000000000, 0.000000000000000000, -1.000000000000000000 ) ) ;
#185 = VERTEX_POINT ( 'NONE', #1217 ) ;
#186 = DIRECTION ( 'NONE',  ( 5.551115123125782702E-17, 0.000000000000000000, -1.000000000000000000 ) ) ;
#187 = EDGE_CURVE ( 'NONE', #567, #1045, #30, .T. ) ;
#188 = CARTESIAN_POINT ( 'NONE',  ( -31.75000000000000000, 3.888253587292846476E-15, -160.5952460428229358 ) ) ;
#189 = CARTESIAN_POINT ( 'NONE',  ( 31.92080042856067124, 2.249999999999999112, -160.5952460428229074 ) ) ;
#190 = DIRECTION ( 'NONE',  ( -1.000000000000000000, 0.000000000000000000, 0.000000000000000000 ) ) ;
#191 = ORIENTED_EDGE ( 'NONE', *, *, #892, .T. ) ;
#192 = DIRECTION ( 'NONE',  ( -0.000000000000000000, -0.000000000000000000, -1.000000000000000000 ) ) ;
#193 = VECTOR ( 'NONE', #534, 1000.000000000000000 ) ;
#194 = EDGE_CURVE ( 'NONE', #954, #951, #1295, .T. ) ;
#195 = VECTOR ( 'NONE', #1195, 1000.000000000000000 ) ;
#196 = ORIENTED_EDGE ( 'NONE', *, *, #385, .T. ) ;
#197 = DIRECTION ( 'NONE',  ( -0.000000000000000000, -1.000000000000000000, -0.000000000000000000 ) ) ;
#198 = AXIS2_PLACEMENT_3D ( 'NONE', #326, #1319, #126 ) ;
#199 = VERTEX_POINT ( 'NONE', #25 ) ;
#200 = CIRCLE ( 'NONE', #996, 5.000000000000000888 ) ;
#201 = VECTOR ( 'NONE', #197, 1000.000000000000000 ) ;
#202 = CIRCLE ( 'NONE', #455, 6.500000000000005329 ) ;
#203 = LINE ( 'NONE', #518, #1089 ) ;
#204 = ORIENTED_EDGE ( 'NONE', *, *, #358, .F. ) ;
#205 = PLANE ( 'NONE',  #569 ) ;
#206 = ORIENTED_EDGE ( 'NONE', *, *, #1279, .T. ) ;
#207 = EDGE_CURVE ( 'NONE', #1209, #1104, #15, .T. ) ;
#208 = CARTESIAN_POINT ( 'NONE',  ( -2.250000000000000000, -31.92080042856068545, -134.5952460428229358 ) ) ;
#209 = ADVANCED_FACE ( 'NONE', ( #457 ), #114, .F. ) ;
#210 = DIRECTION ( 'NONE',  ( 1.000000000000000000, 0.000000000000000000, 0.000000000000000000 ) ) ;
#211 = CARTESIAN_POINT ( 'NONE',  ( 30.25000000000000000, 0.000000000000000000, -160.5952460428229358 ) ) ;
#212 = ORIENTED_EDGE ( 'NONE', *, *, #509, .F. ) ;
#213 = DIRECTION ( 'NONE',  ( -0.000000000000000000, -0.000000000000000000, -1.000000000000000000 ) ) ;
#214 = EDGE_CURVE ( 'NONE', #1104, #1250, #501, .T. ) ;
#215 = ORIENTED_EDGE ( 'NONE', *, *, #509, .T. ) ;
#216 = CYLINDRICAL_SURFACE ( 'NONE', #682, 30.25000000000000000 ) ;
#217 = DIRECTION ( 'NONE',  ( 0.000000000000000000, 0.000000000000000000, 1.000000000000000000 ) ) ;
#218 = LINE ( 'NONE', #541, #201 ) ;
#219 = VERTEX_POINT ( 'NONE', #439 ) ;
#220 = FACE_OUTER_BOUND ( 'NONE', #127, .T. ) ;
#221 = CIRCLE ( 'NONE', #409, 32.00000000000000000 ) ;
#222 = VERTEX_POINT ( 'NONE', #445 ) ;
#223 = CIRCLE ( 'NONE', #270, 32.00000000000000000 ) ;
#224 = CIRCLE ( 'NONE', #22, 30.24999999999999645 ) ;
#225 = CARTESIAN_POINT ( 'NONE',  ( -2.250000000000000000, -31.92080042856068545, -160.5952460428229358 ) ) ;
#226 = CARTESIAN_POINT ( 'NONE',  ( 59.55642496536463426, 3.704556567420743754E-15, 163.6547539571770358 ) ) ;
#227 =( NAMED_UNIT ( * ) SI_UNIT ( $, .STERADIAN. ) SOLID_ANGLE_UNIT ( ) );
#228 = ORIENTED_EDGE ( 'NONE', *, *, #1279, .F. ) ;
#229 = DIRECTION ( 'NONE',  ( -0.000000000000000000, -0.000000000000000000, -1.000000000000000000 ) ) ;
#230 = ORIENTED_EDGE ( 'NONE', *, *, #320, .T. ) ;
#231 = DIRECTION ( 'NONE',  ( 0.000000000000000000, -0.000000000000000000, -1.000000000000000000 ) ) ;
#232 = EDGE_CURVE ( 'NONE', #1220, #122, #341, .T. ) ;
#233 = DIRECTION ( 'NONE',  ( 0.000000000000000000, 0.000000000000000000, -1.000000000000000000 ) ) ;
#234 = DIRECTION ( 'NONE',  ( 0.000000000000000000, 0.000000000000000000, -1.000000000000000000 ) ) ;
#235 = EDGE_CURVE ( 'NONE', #1250, #118, #1151, .T. ) ;
#236 = DIRECTION ( 'NONE',  ( -0.000000000000000000, -0.000000000000000000, -1.000000000000000000 ) ) ;
#237 = ORIENTED_EDGE ( 'NONE', *, *, #943, .T. ) ;
#238 = EDGE_CURVE ( 'NONE', #1209, #850, #453, .T. ) ;
#239 = CARTESIAN_POINT ( 'NONE',  ( -2.250000000000000000, 33.42435489280234862, -134.5952460428229358 ) ) ;
#240 = DIRECTION ( 'NONE',  ( 1.000000000000000000, 0.000000000000000000, 0.000000000000000000 ) ) ;
#241 = PERSON_AND_ORGANIZATION ( #1138, #749 ) ;
#242 = ORIENTED_EDGE ( 'NONE', *, *, #1252, .F. ) ;
#243 = CARTESIAN_POINT ( 'NONE',  ( -6.632044609226839342E-15, 0.000000000000000000, -160.5952460428229074 ) ) ;
#244 = ORIENTED_EDGE ( 'NONE', *, *, #1301, .T. ) ;
#245 = AXIS2_PLACEMENT_3D ( 'NONE', #406, #67, #505 ) ;
#246 = APPROVAL_PERSON_ORGANIZATION ( #70, #811, #55 ) ;
#247 = AXIS2_PLACEMENT_3D ( 'NONE', #1261, #184, #178 ) ;
#248 = CARTESIAN_POINT ( 'NONE',  ( -32.00000000000000711, 0.000000000000000000, -96.47688094636507117 ) ) ;
#249 = AXIS2_PLACEMENT_3D ( 'NONE', #373, #1237, #172 ) ;
#250 = DIRECTION ( 'NONE',  ( -0.000000000000000000, 0.000000000000000000, -1.000000000000000000 ) ) ;
#251 = DATE_AND_TIME ( #463, #338 ) ;
#252 = FACE_OUTER_BOUND ( 'NONE', #1121, .T. ) ;
#253 = VERTEX_POINT ( 'NONE', #718 ) ;
#254 = ADVANCED_FACE ( 'NONE', ( #59 ), #1113, .T. ) ;
#255 = CARTESIAN_POINT ( 'NONE',  ( 0.000000000000000000, 0.000000000000000000, -95.27981044472525696 ) ) ;
#256 = DIRECTION ( 'NONE',  ( -0.3420201433256616075, 0.000000000000000000, -0.9396926207859109814 ) ) ;
#257 = DIRECTION ( 'NONE',  ( 1.000000000000000000, 0.000000000000000000, -0.000000000000000000 ) ) ;
#258 = ADVANCED_FACE ( 'NONE', ( #388 ), #795, .T. ) ;
#259 = VERTEX_POINT ( 'NONE', #713 ) ;
#260 = DIRECTION ( 'NONE',  ( -1.000000000000000000, 0.000000000000000000, 0.000000000000000000 ) ) ;
#261 = ORIENTED_EDGE ( 'NONE', *, *, #1036, .F. ) ;
#262 = EDGE_CURVE ( 'NONE', #794, #901, #597, .T. ) ;
#263 = DIRECTION ( 'NONE',  ( 1.000000000000000000, 0.000000000000000000, 0.000000000000000000 ) ) ;
#264 = CARTESIAN_POINT ( 'NONE',  ( 17.41669750802259031, 0.000000000000000000, 30.16660498395371093 ) ) ;
#265 = COORDINATED_UNIVERSAL_TIME_OFFSET ( 1, 0, .AHEAD. ) ;
#266 = DIRECTION ( 'NONE',  ( 5.551115123125782702E-17, 0.000000000000000000, -1.000000000000000000 ) ) ;
#267 = ORIENTED_EDGE ( 'NONE', *, *, #865, .F. ) ;
#268 = AXIS2_PLACEMENT_3D ( 'NONE', #717, #46, #482 ) ;
#269 = DIRECTION ( 'NONE',  ( -0.000000000000000000, -0.000000000000000000, -1.000000000000000000 ) ) ;
#270 = AXIS2_PLACEMENT_3D ( 'NONE', #699, #900, #1326 ) ;
#271 = CARTESIAN_POINT ( 'NONE',  ( -8.780570956456768883, 3.704556567420743754E-15, 45.29160498395354750 ) ) ;
#272 = AXIS2_PLACEMENT_3D ( 'NONE', #264, #904, #822 ) ;
#273 = CIRCLE ( 'NONE', #470, 32.00000000000000000 ) ;
#274 = APPROVAL_STATUS ( 'not_yet_approved' ) ;
#275 = ADVANCED_BREP_SHAPE_REPRESENTATION ( '79-8534 - 63.5mm 30deg', ( #903, #1177 ), #907 ) ;
#276 = AXIS2_PLACEMENT_3D ( 'NONE', #937, #701, #820 ) ;
#277 = UNCERTAINTY_MEASURE_WITH_UNIT (LENGTH_MEASURE( 1.000000000000000082E-05 ), #797, 'distance_accuracy_value', 'NONE');
#278 = ORIENTED_EDGE ( 'NONE', *, *, #150, .F. ) ;
#279 = CARTESIAN_POINT ( 'NONE',  ( 33.50000000000000711, 2.250000000000000000, -134.5952460428229358 ) ) ;
#280 = ORIENTED_EDGE ( 'NONE', *, *, #7, .T. ) ;
#281 = ADVANCED_FACE ( 'NONE', ( #1232 ), #1042, .T. ) ;
#282 = DIRECTION ( 'NONE',  ( 0.000000000000000000, 0.000000000000000000, -1.000000000000000000 ) ) ;
#283 = DIRECTION ( 'NONE',  ( 5.551115123125782702E-17, 0.000000000000000000, -1.000000000000000000 ) ) ;
#284 = DATE_AND_TIME ( #146, #972 ) ;
#285 = VERTEX_POINT ( 'NONE', #1139 ) ;
#286 = DIRECTION ( 'NONE',  ( 0.000000000000000000, 1.000000000000000000, 0.000000000000000000 ) ) ;
#287 = ORIENTED_EDGE ( 'NONE', *, *, #1315, .T. ) ;
#288 = ADVANCED_FACE ( 'NONE', ( #939 ), #587, .T. ) ;
#289 = EDGE_CURVE ( 'NONE', #727, #479, #1136, .T. ) ;
#290 = CARTESIAN_POINT ( 'NONE',  ( 2.249999999999999112, -31.92080042856067834, -160.5952460428229074 ) ) ;
#291 = DATE_AND_TIME ( #829, #472 ) ;
#292 = ORIENTED_EDGE ( 'NONE', *, *, #1206, .F. ) ;
#293 = DIRECTION ( 'NONE',  ( 0.000000000000000000, 0.000000000000000000, -1.000000000000000000 ) ) ;
#294 = VERTEX_POINT ( 'NONE', #1331 ) ;
#295 = DIRECTION ( 'NONE',  ( 1.224646799147353207E-16, 1.000000000000000000, -0.000000000000000000 ) ) ;
#296 = VECTOR ( 'NONE', #1057, 1000.000000000000000 ) ;
#297 = DIRECTION ( 'NONE',  ( 0.000000000000000000, -0.000000000000000000, -1.000000000000000000 ) ) ;
#298 = AXIS2_PLACEMENT_3D ( 'NONE', #973, #777, #787 ) ;
#299 = APPROVAL_PERSON_ORGANIZATION ( #241, #1079, #135 ) ;
#300 = AXIS2_PLACEMENT_3D ( 'NONE', #655, #1271, #732 ) ;
#301 = CYLINDRICAL_SURFACE ( 'NONE', #663, 30.25000000000000000 ) ;
#302 = CIRCLE ( 'NONE', #712, 30.25000000000000355 ) ;
#303 = VERTEX_POINT ( 'NONE', #483 ) ;
#304 = FACE_OUTER_BOUND ( 'NONE', #683, .T. ) ;
#305 = DIRECTION ( 'NONE',  ( -0.8660254037844418162, 0.000000000000000000, 0.4999999999999945599 ) ) ;
#306 = LINE ( 'NONE', #869, #956 ) ;
#307 = EDGE_CURVE ( 'NONE', #222, #778, #1309, .T. ) ;
#308 = ORIENTED_EDGE ( 'NONE', *, *, #87, .F. ) ;
#309 = DIRECTION ( 'NONE',  ( 0.000000000000000000, 0.000000000000000000, 1.000000000000000000 ) ) ;
#310 = CARTESIAN_POINT ( 'NONE',  ( 0.000000000000000000, 0.000000000000000000, -34.83339501604554300 ) ) ;
#311 = FACE_BOUND ( 'NONE', #38, .T. ) ;
#312 = VERTEX_POINT ( 'NONE', #395 ) ;
#313 = CARTESIAN_POINT ( 'NONE',  ( -28.50000000000000000, 3.490243377569956456E-15, -96.47688094636507117 ) ) ;
#314 = AXIS2_PLACEMENT_3D ( 'NONE', #828, #282, #596 ) ;
#315 = CYLINDRICAL_SURFACE ( 'NONE', #768, 32.00000000000000000 ) ;
#316 = DIRECTION ( 'NONE',  ( -0.000000000000000000, -0.000000000000000000, -1.000000000000000000 ) ) ;
#317 = VECTOR ( 'NONE', #1218, 1000.000000000000000 ) ;
#318 = ORIENTED_EDGE ( 'NONE', *, *, #1228, .T. ) ;
#319 = AXIS2_PLACEMENT_3D ( 'NONE', #680, #548, #250 ) ;
#320 = EDGE_CURVE ( 'NONE', #253, #706, #65, .T. ) ;
#321 = FACE_OUTER_BOUND ( 'NONE', #1339, .T. ) ;
#322 = CARTESIAN_POINT ( 'NONE',  ( 32.05153689607043788, 3.995410182218238942E-15, -91.61562637186307256 ) ) ;
#323 = EDGE_CURVE ( 'NONE', #727, #1037, #1027, .T. ) ;
#324 = CC_DESIGN_DATE_AND_TIME_ASSIGNMENT ( #484, #374, ( #1391 ) ) ;
#325 = VERTEX_POINT ( 'NONE', #724 ) ;
#326 = CARTESIAN_POINT ( 'NONE',  ( 0.000000000000000000, 0.000000000000000000, -89.90552565523476858 ) ) ;
#327 = ORIENTED_EDGE ( 'NONE', *, *, #323, .T. ) ;
#328 = DIRECTION ( 'NONE',  ( -1.000000000000000000, 0.000000000000000000, 0.000000000000000000 ) ) ;
#329 = CARTESIAN_POINT ( 'NONE',  ( -30.25000000000000000, 3.704556567420743754E-15, -160.5952460428229358 ) ) ;
#330 = CARTESIAN_POINT ( 'NONE',  ( 33.42435489280234151, -2.250000000000000000, -160.5952460428229358 ) ) ;
#331 = ORIENTED_EDGE ( 'NONE', *, *, #1208, .F. ) ;
#332 = PLANE ( 'NONE',  #772 ) ;
#333 = CARTESIAN_POINT ( 'NONE',  ( -2.250000000000000000, 33.50000000000001421, -134.5952460428229358 ) ) ;
#334 = DIRECTION ( 'NONE',  ( -0.000000000000000000, -0.000000000000000000, -1.000000000000000000 ) ) ;
#335 = AXIS2_PLACEMENT_3D ( 'NONE', #159, #490, #372 ) ;
#336 = FACE_OUTER_BOUND ( 'NONE', #985, .T. ) ;
#337 = CIRCLE ( 'NONE', #519, 3.500000000000003109 ) ;
#338 = LOCAL_TIME ( 0, 3, 41.00000000000000000, #1226 ) ;
#339 = ORIENTED_EDGE ( 'NONE', *, *, #1206, .T. ) ;
#340 = VECTOR ( 'NONE', #1038, 1000.000000000000000 ) ;
#341 = CIRCLE ( 'NONE', #976, 33.50000000000000000 ) ;
#342 = EDGE_CURVE ( 'NONE', #778, #3, #1146, .T. ) ;
#343 = DIRECTION ( 'NONE',  ( 5.551115123125782702E-17, 0.000000000000000000, -1.000000000000000000 ) ) ;
#344 = CARTESIAN_POINT ( 'NONE',  ( -6.632044609226839342E-15, 0.000000000000000000, -160.5952460428229074 ) ) ;
#345 = ADVANCED_FACE ( 'NONE', ( #696 ), #689, .F. ) ;
#346 = ORIENTED_EDGE ( 'NONE', *, *, #722, .T. ) ;
#347 = DIRECTION ( 'NONE',  ( -1.000000000000000000, 0.000000000000000000, 0.000000000000000000 ) ) ;
#348 = ADVANCED_FACE ( 'NONE', ( #1014 ), #598, .T. ) ;
#349 = ORIENTED_EDGE ( 'NONE', *, *, #1343, .T. ) ;
#350 = CARTESIAN_POINT ( 'NONE',  ( 28.49999999999999289, 0.000000000000000000, -96.47688094636507117 ) ) ;
#351 = FACE_OUTER_BOUND ( 'NONE', #1260, .T. ) ;
#352 = APPLICATION_PROTOCOL_DEFINITION ( 'international standard', 'config_control_design', 1994, #1199 ) ;
#353 = LINE ( 'NONE', #480, #474 ) ;
#354 = ORIENTED_EDGE ( 'NONE', *, *, #1036, .T. ) ;
#355 = CARTESIAN_POINT ( 'NONE',  ( 0.000000000000000000, 0.000000000000000000, -89.90552565523476858 ) ) ;
#356 = CARTESIAN_POINT ( 'NONE',  ( -6.632044609226839342E-15, 0.000000000000000000, -160.5952460428229074 ) ) ;
#357 = PLANE ( 'NONE',  #730 ) ;
#358 = EDGE_CURVE ( 'NONE', #954, #1250, #302, .T. ) ;
#359 = LINE ( 'NONE', #779, #1062 ) ;
#360 = ADVANCED_FACE ( 'NONE', ( #1055 ), #1385, .T. ) ;
#361 = EDGE_LOOP ( 'NONE', ( #845, #354, #963, #929 ) ) ;
#362 = TOROIDAL_SURFACE ( 'NONE', #1156, 28.49999999999999645, 3.500000000000000000 ) ;
#363 = VECTOR ( 'NONE', #1340, 1000.000000000000000 ) ;
#364 = AXIS2_PLACEMENT_3D ( 'NONE', #160, #928, #605 ) ;
#365 = EDGE_CURVE ( 'NONE', #253, #1341, #852, .T. ) ;
#366 = CARTESIAN_POINT ( 'NONE',  ( -33.50000000000004263, 0.000000000000000000, -95.59524604282290738 ) ) ;
#367 = DIRECTION ( 'NONE',  ( -0.000000000000000000, -1.000000000000000000, -0.000000000000000000 ) ) ;
#368 = EDGE_CURVE ( 'NONE', #1250, #954, #89, .T. ) ;
#369 = DIRECTION ( 'NONE',  ( 0.000000000000000000, -1.000000000000000000, 0.000000000000000000 ) ) ;
#370 = CC_DESIGN_PERSON_AND_ORGANIZATION_ASSIGNMENT ( #725, #1035, ( #616 ) ) ;
#371 = VERTEX_POINT ( 'NONE', #834 ) ;
#372 = DIRECTION ( 'NONE',  ( 1.000000000000000000, 0.000000000000000000, 0.000000000000000000 ) ) ;
#373 = CARTESIAN_POINT ( 'NONE',  ( 0.000000000000000000, 0.000000000000000000, -89.90552565523476858 ) ) ;
#374 = DATE_TIME_ROLE ( 'classification_date' ) ;
#375 = EDGE_LOOP ( 'NONE', ( #543, #946, #1020, #1053 ) ) ;
#376 = FACE_OUTER_BOUND ( 'NONE', #1069, .T. ) ;
#377 = ORIENTED_EDGE ( 'NONE', *, *, #385, .F. ) ;
#378 = LINE ( 'NONE', #1342, #931 ) ;
#379 = DIRECTION ( 'NONE',  ( -1.000000000000000000, 0.000000000000000000, 0.000000000000000000 ) ) ;
#380 = ORIENTED_EDGE ( 'NONE', *, *, #783, .T. ) ;
#381 = DIRECTION ( 'NONE',  ( 0.4999999999999947264, 0.000000000000000000, 0.8660254037844417052 ) ) ;
#382 = ORIENTED_EDGE ( 'NONE', *, *, #74, .T. ) ;
#383 = CIRCLE ( 'NONE', #731, 30.64199796489157279 ) ;
#384 = CARTESIAN_POINT ( 'NONE',  ( -3.316022304613419671E-15, 0.000000000000000000, -96.47688094636507117 ) ) ;
#385 = EDGE_CURVE ( 'NONE', #141, #649, #203, .T. ) ;
#386 = AXIS2_PLACEMENT_3D ( 'NONE', #162, #404, #925 ) ;
#387 = EDGE_CURVE ( 'NONE', #394, #371, #419, .T. ) ;
#388 = FACE_OUTER_BOUND ( 'NONE', #747, .T. ) ;
#389 = AXIS2_PLACEMENT_3D ( 'NONE', #1368, #506, #305 ) ;
#390 = PERSON_AND_ORGANIZATION_ROLE ( 'creator' ) ;
#391 = AXIS2_PLACEMENT_3D ( 'NONE', #1394, #554, #21 ) ;
#392 = ORIENTED_EDGE ( 'NONE', *, *, #1210, .T. ) ;
#393 = CARTESIAN_POINT ( 'NONE',  ( 17.41669750802259031, 0.000000000000000000, 30.16660498395371093 ) ) ;
#394 = VERTEX_POINT ( 'NONE', #81 ) ;
#395 = CARTESIAN_POINT ( 'NONE',  ( -31.92080042856067834, 2.250000000000000000, -160.5952460428229358 ) ) ;
#396 = COORDINATED_UNIVERSAL_TIME_OFFSET ( 1, 0, .AHEAD. ) ;
#397 = ORIENTED_EDGE ( 'NONE', *, *, #1228, .F. ) ;
#398 = DIRECTION ( 'NONE',  ( 0.000000000000000000, -1.000000000000000000, 0.000000000000000000 ) ) ;
#399 = EDGE_LOOP ( 'NONE', ( #1157, #327, #1327, #56 ) ) ;
#400 = CARTESIAN_POINT ( 'NONE',  ( 0.000000000000000000, 0.000000000000000000, -95.27981044472525696 ) ) ;
#401 = DIRECTION ( 'NONE',  ( -0.000000000000000000, -0.000000000000000000, 1.000000000000000000 ) ) ;
#402 = PERSON_AND_ORGANIZATION ( #1138, #749 ) ;
#403 = ORIENTED_EDGE ( 'NONE', *, *, #489, .F. ) ;
#404 = DIRECTION ( 'NONE',  ( 0.000000000000000000, 0.000000000000000000, 1.000000000000000000 ) ) ;
#405 = ORIENTED_EDGE ( 'NONE', *, *, #1222, .F. ) ;
#406 = CARTESIAN_POINT ( 'NONE',  ( 0.000000000000000000, 0.000000000000000000, -94.76678022973676718 ) ) ;
#407 = DIRECTION ( 'NONE',  ( 0.000000000000000000, 0.000000000000000000, 1.000000000000000000 ) ) ;
#408 = CIRCLE ( 'NONE', #661, 98.25000000000000000 ) ;
#409 = AXIS2_PLACEMENT_3D ( 'NONE', #897, #233, #674 ) ;
#410 = VECTOR ( 'NONE', #316, 1000.000000000000000 ) ;
#411 = ORIENTED_EDGE ( 'NONE', *, *, #289, .T. ) ;
#412 = CARTESIAN_POINT ( 'NONE',  ( 17.41669750802259031, 0.000000000000000000, 30.16660498395373935 ) ) ;
#413 = AXIS2_PLACEMENT_3D ( 'NONE', #1167, #1265, #734 ) ;
#414 = ORIENTED_EDGE ( 'NONE', *, *, #1367, .T. ) ;
#415 = DIRECTION ( 'NONE',  ( -0.000000000000000000, -0.000000000000000000, -1.000000000000000000 ) ) ;
#416 = CARTESIAN_POINT ( 'NONE',  ( 8.914826990104204086E-15, 0.000000000000000000, -134.5952460428229358 ) ) ;
#417 = ORIENTED_EDGE ( 'NONE', *, *, #512, .T. ) ;
#418 = ORIENTED_EDGE ( 'NONE', *, *, #289, .F. ) ;
#419 = LINE ( 'NONE', #182, #523 ) ;
#420 = DIRECTION ( 'NONE',  ( 0.000000000000000000, 0.000000000000000000, -1.000000000000000000 ) ) ;
#421 = ORIENTED_EDGE ( 'NONE', *, *, #7, .F. ) ;
#422 = EDGE_CURVE ( 'NONE', #219, #564, #1248, .T. ) ;
#423 = CARTESIAN_POINT ( 'NONE',  ( -6.632044609226839342E-15, 0.000000000000000000, -160.5952460428229074 ) ) ;
#424 = CIRCLE ( 'NONE', #1306, 3.499999999999999556 ) ;
#425 = ORIENTED_EDGE ( 'NONE', *, *, #648, .F. ) ;
#426 = DIRECTION ( 'NONE',  ( -1.000000000000000000, 0.000000000000000000, 0.000000000000000000 ) ) ;
#427 = CIRCLE ( 'NONE', #1270, 30.64199796489157279 ) ;
#428 = CIRCLE ( 'NONE', #975, 99.75000000000000000 ) ;
#429 = EDGE_LOOP ( 'NONE', ( #863, #1135, #88, #403 ) ) ;
#430 = FACE_OUTER_BOUND ( 'NONE', #1119, .T. ) ;
#431 = VECTOR ( 'NONE', #256, 1000.000000000000000 ) ;
#432 = EDGE_LOOP ( 'NONE', ( #1230, #716, #575, #1084 ) ) ;
#433 = PLANE ( 'NONE',  #1131 ) ;
#434 = DIRECTION ( 'NONE',  ( -1.000000000000000000, 0.000000000000000000, 0.000000000000000000 ) ) ;
#435 = EDGE_LOOP ( 'NONE', ( #645, #1125, #1001, #1189 ) ) ;
#436 = CARTESIAN_POINT ( 'NONE',  ( 0.000000000000000000, 0.000000000000000000, -34.83339501604554300 ) ) ;
#437 = PRODUCT_DEFINITION_SHAPE ( 'NONE', 'NONE',  #938 ) ;
#438 = DIRECTION ( 'NONE',  ( 1.000000000000000000, 0.000000000000000000, 0.000000000000000000 ) ) ;
#439 = CARTESIAN_POINT ( 'NONE',  ( 31.99999999999999289, 3.918869757271530263E-15, -96.47688094636507117 ) ) ;
#440 = CARTESIAN_POINT ( 'NONE',  ( 0.000000000000000000, 0.000000000000000000, -160.5952460428229358 ) ) ;
#441 = ORIENTED_EDGE ( 'NONE', *, *, #365, .F. ) ;
#442 = CARTESIAN_POINT ( 'NONE',  ( 2.250000000000000000, 33.42435489280234862, -160.5952460428229358 ) ) ;
#443 = ADVANCED_FACE ( 'NONE', ( #1280 ), #1159, .T. ) ;
#444 = FACE_OUTER_BOUND ( 'NONE', #432, .T. ) ;
#445 = CARTESIAN_POINT ( 'NONE',  ( -31.75000000000000000, 3.888253587292846476E-15, -89.90552565523476858 ) ) ;
#446 = DIRECTION ( 'NONE',  ( 1.000000000000000000, 0.000000000000000000, 0.000000000000000000 ) ) ;
#447 = EDGE_CURVE ( 'NONE', #285, #1147, #846, .T. ) ;
#448 = AXIS2_PLACEMENT_3D ( 'NONE', #355, #890, #982 ) ;
#449 = TOROIDAL_SURFACE ( 'NONE', #1198, 28.49999999999999645, 3.500000000000000000 ) ;
#450 = CARTESIAN_POINT ( 'NONE',  ( -31.92080042856068545, 2.249999999999999112, -160.5952460428229074 ) ) ;
#451 = EDGE_CURVE ( 'NONE', #118, #951, #224, .T. ) ;
#452 = ORIENTED_EDGE ( 'NONE', *, *, #151, .T. ) ;
#453 = CIRCLE ( 'NONE', #666, 30.25000000000000000 ) ;
#454 = AXIS2_PLACEMENT_3D ( 'NONE', #844, #853, #426 ) ;
#455 = AXIS2_PLACEMENT_3D ( 'NONE', #1054, #1048, #1304 ) ;
#456 = LINE ( 'NONE', #658, #108 ) ;
#457 = FACE_OUTER_BOUND ( 'NONE', #163, .T. ) ;
#458 = CARTESIAN_POINT ( 'NONE',  ( 33.50000000000000711, -2.250000000000000000, -134.5952460428229358 ) ) ;
#459 = CARTESIAN_POINT ( 'NONE',  ( 2.250000000000000000, -31.92080042856068545, -160.5952460428229358 ) ) ;
#460 = ORIENTED_EDGE ( 'NONE', *, *, #1378, .F. ) ;
#461 = CARTESIAN_POINT ( 'NONE',  ( -6.632044609226839342E-15, 0.000000000000000000, -134.5952460428229358 ) ) ;
#462 = DIRECTION ( 'NONE',  ( 1.000000000000000000, 0.000000000000000000, 0.000000000000000000 ) ) ;
#463 = CALENDAR_DATE ( 2026, 16, 9 ) ;
#464 = DIRECTION ( 'NONE',  ( 1.000000000000000000, 0.000000000000000000, -0.000000000000000000 ) ) ;
#465 = ORIENTED_EDGE ( 'NONE', *, *, #851, .F. ) ;
#466 = CARTESIAN_POINT ( 'NONE',  ( -6.632044609226839342E-15, 0.000000000000000000, -160.5952460428229074 ) ) ;
#467 = CARTESIAN_POINT ( 'NONE',  ( 2.250000000000000000, 33.42435489280234862, -134.5952460428229358 ) ) ;
#468 = PERSON_AND_ORGANIZATION_ROLE ( 'design_owner' ) ;
#469 = LINE ( 'NONE', #450, #935 ) ;
#470 = AXIS2_PLACEMENT_3D ( 'NONE', #861, #528, #1173 ) ;
#471 = ORIENTED_EDGE ( 'NONE', *, *, #684, .T. ) ;
#472 = LOCAL_TIME ( 0, 3, 41.00000000000000000, #396 ) ;
#473 = CIRCLE ( 'NONE', #592, 5.000000000000004441 ) ;
#474 = VECTOR ( 'NONE', #137, 1000.000000000000000 ) ;
#475 = ADVANCED_FACE ( 'NONE', ( #321 ), #750, .T. ) ;
#476 = DIRECTION ( 'NONE',  ( -1.000000000000000000, 0.000000000000000000, 0.000000000000000000 ) ) ;
#477 = CIRCLE ( 'NONE', #389, 30.24999999999999645 ) ;
#478 = DIRECTION ( 'NONE',  ( -1.000000000000000000, 1.224646799147354193E-16, 0.000000000000000000 ) ) ;
#479 = VERTEX_POINT ( 'NONE', #208 ) ;
#480 = CARTESIAN_POINT ( 'NONE',  ( 33.42435489280233440, 2.249999999999999112, -160.5952460428229074 ) ) ;
#481 = ORIENTED_EDGE ( 'NONE', *, *, #953, .F. ) ;
#482 = DIRECTION ( 'NONE',  ( -1.000000000000000000, 0.000000000000000000, 0.000000000000000000 ) ) ;
#483 = CARTESIAN_POINT ( 'NONE',  ( -33.50000000000000711, 0.000000000000000000, -96.47688094636507117 ) ) ;
#484 = DATE_AND_TIME ( #804, #1285 ) ;
#485 = ORIENTED_EDGE ( 'NONE', *, *, #487, .T. ) ;
#486 = CARTESIAN_POINT ( 'NONE',  ( 85.75369342984400589, 0.000000000000000000, 148.5297539571772347 ) ) ;
#487 = EDGE_CURVE ( 'NONE', #185, #540, #859, .T. ) ;
#488 = ORIENTED_EDGE ( 'NONE', *, *, #1219, .T. ) ;
#489 = EDGE_CURVE ( 'NONE', #1, #926, #1050, .T. ) ;
#490 = DIRECTION ( 'NONE',  ( -0.000000000000000000, -0.000000000000000000, 1.000000000000000000 ) ) ;
#491 = EDGE_CURVE ( 'NONE', #303, #3, #200, .T. ) ;
#492 = DIRECTION ( 'NONE',  ( 5.551115123125782702E-17, 0.000000000000000000, -1.000000000000000000 ) ) ;
#493 = APPROVAL_ROLE ( '' ) ;
#494 = EDGE_LOOP ( 'NONE', ( #688, #421, #418, #516 ) ) ;
#495 = CARTESIAN_POINT ( 'NONE',  ( -6.632044609226839342E-15, 0.000000000000000000, -96.47688094636507117 ) ) ;
#496 = ORIENTED_EDGE ( 'NONE', *, *, #487, .F. ) ;
#497 = CIRCLE ( 'NONE', #61, 31.78892417275068638 ) ;
#498 = AXIS2_PLACEMENT_3D ( 'NONE', #344, #1010, #987 ) ;
#499 = AXIS2_PLACEMENT_3D ( 'NONE', #871, #295, #665 ) ;
#500 = DIRECTION ( 'NONE',  ( -0.000000000000000000, -0.000000000000000000, -1.000000000000000000 ) ) ;
#501 = CIRCLE ( 'NONE', #751, 160.2500000000000000 ) ;
#502 = ORIENTED_EDGE ( 'NONE', *, *, #1008, .T. ) ;
#503 = DIRECTION ( 'NONE',  ( -1.000000000000000000, 0.000000000000000000, -5.551115123125782702E-17 ) ) ;
#504 = EDGE_LOOP ( 'NONE', ( #63, #170, #582, #1023 ) ) ;
#505 = DIRECTION ( 'NONE',  ( 1.000000000000000000, 0.000000000000000000, 0.000000000000000000 ) ) ;
#506 = DIRECTION ( 'NONE',  ( -0.4999999999999946709, 0.000000000000000000, -0.8660254037844417052 ) ) ;
#507 = PERSON_AND_ORGANIZATION ( #1138, #749 ) ;
#508 = EDGE_CURVE ( 'NONE', #794, #253, #93, .T. ) ;
#509 = EDGE_CURVE ( 'NONE', #951, #118, #477, .T. ) ;
#510 = ORIENTED_EDGE ( 'NONE', *, *, #1097, .T. ) ;
#511 = ORIENTED_EDGE ( 'NONE', *, *, #1127, .F. ) ;
#512 = EDGE_CURVE ( 'NONE', #222, #45, #76, .T. ) ;
#513 = CARTESIAN_POINT ( 'NONE',  ( 31.99999999999999289, 3.918869757271530263E-15, -160.5952460428229074 ) ) ;
#514 = EDGE_CURVE ( 'NONE', #371, #1341, #1178, .T. ) ;
#515 = CARTESIAN_POINT ( 'NONE',  ( -2.249999999999999112, -33.42435489280234151, -160.5952460428229074 ) ) ;
#516 = ORIENTED_EDGE ( 'NONE', *, *, #805, .T. ) ;
#517 = CARTESIAN_POINT ( 'NONE',  ( 33.42435489280234151, 2.250000000000000000, -160.5952460428229358 ) ) ;
#518 = CARTESIAN_POINT ( 'NONE',  ( -2.249999999999999112, 33.42435489280234151, -160.5952460428229074 ) ) ;
#519 = AXIS2_PLACEMENT_3D ( 'NONE', #134, #120, #788 ) ;
#520 = CIRCLE ( 'NONE', #911, 31.75000000000000355 ) ;
#521 = DIRECTION ( 'NONE',  ( -0.000000000000000000, -0.000000000000000000, -1.000000000000000000 ) ) ;
#522 = CARTESIAN_POINT ( 'NONE',  ( 30.25000000000000000, 0.000000000000000000, -34.83339501604554300 ) ) ;
#523 = VECTOR ( 'NONE', #531, 1000.000000000000000 ) ;
#524 = ORIENTED_EDGE ( 'NONE', *, *, #26, .T. ) ;
#525 = ORIENTED_EDGE ( 'NONE', *, *, #491, .T. ) ;
#526 = DIRECTION ( 'NONE',  ( 0.3420201433256616075, 4.188538737676904867E-17, -0.9396926207859109814 ) ) ;
#527 = CARTESIAN_POINT ( 'NONE',  ( -33.19846310392954791, 0.000000000000000000, -94.76678022973676718 ) ) ;
#528 = DIRECTION ( 'NONE',  ( 5.551115123125782702E-17, 0.000000000000000000, -1.000000000000000000 ) ) ;
#529 = ADVANCED_FACE ( 'NONE', ( #992 ), #1221, .T. ) ;
#530 = ORIENTED_EDGE ( 'NONE', *, *, #1244, .T. ) ;
#531 = DIRECTION ( 'NONE',  ( 0.000000000000000000, 0.000000000000000000, 1.000000000000000000 ) ) ;
#532 = EDGE_CURVE ( 'NONE', #721, #3, #1393, .T. ) ;
#533 = LINE ( 'NONE', #860, #934 ) ;
#534 = DIRECTION ( 'NONE',  ( -0.000000000000000000, -0.000000000000000000, 1.000000000000000000 ) ) ;
#535 = ADVANCED_FACE ( 'NONE', ( #767 ), #24, .F. ) ;
#536 = ORIENTED_EDGE ( 'NONE', *, *, #668, .T. ) ;
#537 = CARTESIAN_POINT ( 'NONE',  ( 33.50000000000004263, 4.102566777143638507E-15, -95.59524604282290738 ) ) ;
#538 = VECTOR ( 'NONE', #367, 1000.000000000000000 ) ;
#539 = AXIS2_PLACEMENT_3D ( 'NONE', #461, #547, #896 ) ;
#540 = VERTEX_POINT ( 'NONE', #1002 ) ;
#541 = CARTESIAN_POINT ( 'NONE',  ( -2.250000000000000000, 33.50000000000001421, -134.5952460428229358 ) ) ;
#542 = VECTOR ( 'NONE', #1142, 1000.000000000000000 ) ;
#543 = ORIENTED_EDGE ( 'NONE', *, *, #1318, .T. ) ;
#544 = DIRECTION ( 'NONE',  ( 0.000000000000000000, 0.000000000000000000, 1.000000000000000000 ) ) ;
#545 = AXIS2_PLACEMENT_3D ( 'NONE', #1186, #755, #1171 ) ;
#546 = ORIENTED_EDGE ( 'NONE', *, *, #766, .F. ) ;
#547 = DIRECTION ( 'NONE',  ( 0.000000000000000000, 0.000000000000000000, -1.000000000000000000 ) ) ;
#548 = DIRECTION ( 'NONE',  ( 1.000000000000000000, 0.000000000000000000, -0.000000000000000000 ) ) ;
#549 = CARTESIAN_POINT ( 'NONE',  ( 2.250000000000000000, -33.42435489280234862, -160.5952460428229358 ) ) ;
#550 = DIRECTION ( 'NONE',  ( -1.000000000000000000, 0.000000000000000000, 0.000000000000000000 ) ) ;
#551 = ORIENTED_EDGE ( 'NONE', *, *, #235, .T. ) ;
#552 = ADVANCED_FACE ( 'NONE', ( #1300 ), #29, .F. ) ;
#553 = ADVANCED_FACE ( 'NONE', ( #444 ), #690, .F. ) ;
#554 = DIRECTION ( 'NONE',  ( 0.000000000000000000, 1.000000000000000000, 0.000000000000000000 ) ) ;
#555 = DIRECTION ( 'NONE',  ( -0.000000000000000000, -0.000000000000000000, -1.000000000000000000 ) ) ;
#556 = LINE ( 'NONE', #458, #1109 ) ;
#557 = EDGE_CURVE ( 'NONE', #1164, #199, #456, .T. ) ;
#558 = DIRECTION ( 'NONE',  ( -0.000000000000000000, -1.000000000000000000, -0.000000000000000000 ) ) ;
#559 = VERTEX_POINT ( 'NONE', #102 ) ;
#560 = CARTESIAN_POINT ( 'NONE',  ( 85.75369342984400589, 0.000000000000000000, 148.5297539571772347 ) ) ;
#561 = DIRECTION ( 'NONE',  ( -0.000000000000000000, -0.000000000000000000, -1.000000000000000000 ) ) ;
#562 = APPLICATION_PROTOCOL_DEFINITION ( 'international standard', 'config_control_design', 1994, #1074 ) ;
#563 = CIRCLE ( 'NONE', #276, 32.00000000000000000 ) ;
#564 = VERTEX_POINT ( 'NONE', #248 ) ;
#565 = CARTESIAN_POINT ( 'NONE',  ( -33.42435489280234862, -2.249999999999999112, -160.5952460428229074 ) ) ;
#566 = CIRCLE ( 'NONE', #882, 33.50000000000000000 ) ;
#567 = VERTEX_POINT ( 'NONE', #225 ) ;
#568 = AXIS2_PLACEMENT_3D ( 'NONE', #54, #803, #1258 ) ;
#569 = AXIS2_PLACEMENT_3D ( 'NONE', #2, #745, #650 ) ;
#570 = CIRCLE ( 'NONE', #790, 31.78892417275068638 ) ;
#571 = EDGE_CURVE ( 'NONE', #654, #754, #133, .T. ) ;
#572 = DIRECTION ( 'NONE',  ( 1.000000000000000000, 0.000000000000000000, -0.000000000000000000 ) ) ;
#573 = DIRECTION ( 'NONE',  ( -1.000000000000000000, 0.000000000000000000, 0.000000000000000000 ) ) ;
#574 = FACE_OUTER_BOUND ( 'NONE', #786, .T. ) ;
#575 = ORIENTED_EDGE ( 'NONE', *, *, #1097, .F. ) ;
#576 = FACE_OUTER_BOUND ( 'NONE', #399, .T. ) ;
#577 = ORIENTED_EDGE ( 'NONE', *, *, #557, .F. ) ;
#578 = CC_DESIGN_PERSON_AND_ORGANIZATION_ASSIGNMENT ( #402, #1152, ( #1391 ) ) ;
#579 = DIRECTION ( 'NONE',  ( -1.000000000000000000, 0.000000000000000000, 0.000000000000000000 ) ) ;
#580 = DIRECTION ( 'NONE',  ( -0.3420201433256616075, 0.000000000000000000, -0.9396926207859109814 ) ) ;
#581 = CARTESIAN_POINT ( 'NONE',  ( -2.250000000000000000, 33.50000000000001421, -134.5952460428229358 ) ) ;
#582 = ORIENTED_EDGE ( 'NONE', *, *, #810, .T. ) ;
#583 = PLANE ( 'NONE',  #840 ) ;
#584 = EDGE_CURVE ( 'NONE', #850, #1209, #955, .T. ) ;
#585 = EDGE_LOOP ( 'NONE', ( #196, #835, #765, #405 ) ) ;
#586 = DIRECTION ( 'NONE',  ( 1.224646799147353207E-16, 1.000000000000000000, -0.000000000000000000 ) ) ;
#587 = CYLINDRICAL_SURFACE ( 'NONE', #272, 31.75000000000000355 ) ;
#588 = PERSON_AND_ORGANIZATION_ROLE ( 'creator' ) ;
#589 = EDGE_LOOP ( 'NONE', ( #899, #525, #854, #161 ) ) ;
#590 = CARTESIAN_POINT ( 'NONE',  ( 111.9509618943233562, 0.000000000000000000, 133.4047539571773768 ) ) ;
#591 = ORIENTED_EDGE ( 'NONE', *, *, #708, .T. ) ;
#592 = AXIS2_PLACEMENT_3D ( 'NONE', #1289, #103, #843 ) ;
#593 = APPROVAL_PERSON_ORGANIZATION ( #917, #920, #493 ) ;
#594 = CIRCLE ( 'NONE', #771, 32.05153689607043788 ) ;
#595 = AXIS2_PLACEMENT_3D ( 'NONE', #947, #286, #1030 ) ;
#596 = DIRECTION ( 'NONE',  ( -1.000000000000000000, 0.000000000000000000, 0.000000000000000000 ) ) ;
#597 = CIRCLE ( 'NONE', #111, 33.50000000000000711 ) ;
#598 = PLANE ( 'NONE',  #1227 ) ;
#599 = EDGE_CURVE ( 'NONE', #1305, #721, #1322, .T. ) ;
#600 = ORIENTED_EDGE ( 'NONE', *, *, #726, .F. ) ;
#601 = PLANE ( 'NONE',  #1225 ) ;
#602 = ORIENTED_EDGE ( 'NONE', *, *, #800, .T. ) ;
#603 = ADVANCED_FACE ( 'NONE', ( #878 ), #433, .T. ) ;
#604 = CARTESIAN_POINT ( 'NONE',  ( 33.19846310392954791, 4.065639157683882774E-15, -94.76678022973676718 ) ) ;
#605 = DIRECTION ( 'NONE',  ( -1.000000000000000000, 0.000000000000000000, 0.000000000000000000 ) ) ;
#606 = EDGE_LOOP ( 'NONE', ( #339, #830, #481, #502 ) ) ;
#607 = FACE_OUTER_BOUND ( 'NONE', #758, .T. ) ;
#608 = ORIENTED_EDGE ( 'NONE', *, *, #512, .F. ) ;
#609 = CARTESIAN_POINT ( 'NONE',  ( 2.250000000000000000, -33.42435489280234862, -134.5952460428229358 ) ) ;
#610 = DIRECTION ( 'NONE',  ( -0.4999999999999938938, 0.000000000000000000, -0.8660254037844421493 ) ) ;
#611 = DATE_AND_TIME ( #1015, #129 ) ;
#612 = ORIENTED_EDGE ( 'NONE', *, *, #1166, .T. ) ;
#613 = CARTESIAN_POINT ( 'NONE',  ( 130.0000000000000000, -3.704556567420743754E-15, -34.83339501604551458 ) ) ;
#614 = ORIENTED_EDGE ( 'NONE', *, *, #387, .T. ) ;
#615 = AXIS2_PLACEMENT_3D ( 'NONE', #1144, #711, #802 ) ;
#616 = PRODUCT_DEFINITION_FORMATION_WITH_SPECIFIED_SOURCE ( 'ANY', '', #31, .NOT_KNOWN. ) ;
#617 = EDGE_CURVE ( 'NONE', #325, #1384, #971, .T. ) ;
#618 = DIRECTION ( 'NONE',  ( -0.000000000000000000, -0.000000000000000000, -1.000000000000000000 ) ) ;
#619 = CIRCLE ( 'NONE', #1019, 32.00000000000000000 ) ;
#620 = DIRECTION ( 'NONE',  ( 0.4999999999999947264, 0.000000000000000000, 0.8660254037844417052 ) ) ;
#621 = AXIS2_PLACEMENT_3D ( 'NONE', #333, #572, #1087 ) ;
#622 = ORIENTED_EDGE ( 'NONE', *, *, #167, .F. ) ;
#623 = FACE_OUTER_BOUND ( 'NONE', #698, .T. ) ;
#624 = ADVANCED_FACE ( 'NONE', ( #1191 ), #216, .F. ) ;
#625 = ORIENTED_EDGE ( 'NONE', *, *, #447, .T. ) ;
#626 = LINE ( 'NONE', #513, #1355 ) ;
#627 = CARTESIAN_POINT ( 'NONE',  ( 32.09046106882117755, 3.929948043109461164E-15, -96.10827625781139716 ) ) ;
#628 = ORIENTED_EDGE ( 'NONE', *, *, #33, .T. ) ;
#629 = FACE_OUTER_BOUND ( 'NONE', #651, .T. ) ;
#630 = ORIENTED_EDGE ( 'NONE', *, *, #571, .T. ) ;
#631 = CARTESIAN_POINT ( 'NONE',  ( -6.632044609226839342E-15, 0.000000000000000000, -96.47688094636507117 ) ) ;
#632 = VERTEX_POINT ( 'NONE', #1107 ) ;
#633 = CARTESIAN_POINT ( 'NONE',  ( -31.92080042856068545, -2.249999999999999112, -160.5952460428229074 ) ) ;
#634 = ORIENTED_EDGE ( 'NONE', *, *, #1244, .F. ) ;
#635 = AXIS2_PLACEMENT_3D ( 'NONE', #13, #213, #181 ) ;
#636 = CARTESIAN_POINT ( 'NONE',  ( 33.50000000000000711, -2.250000000000000000, -160.5952460428229358 ) ) ;
#637 = CIRCLE ( 'NONE', #659, 32.05153689607043788 ) ;
#638 = VECTOR ( 'NONE', #526, 1000.000000000000000 ) ;
#639 = AXIS2_PLACEMENT_3D ( 'NONE', #412, #95, #1290 ) ;
#640 = FACE_OUTER_BOUND ( 'NONE', #1269, .T. ) ;
#641 = CARTESIAN_POINT ( 'NONE',  ( -10.07960906213342334, 3.888253587292846476E-15, 46.04160498395356171 ) ) ;
#642 = EDGE_CURVE ( 'NONE', #285, #921, #383, .T. ) ;
#643 = CIRCLE ( 'NONE', #615, 32.00000000000000000 ) ;
#644 = EDGE_CURVE ( 'NONE', #998, #721, #993, .T. ) ;
#645 = ORIENTED_EDGE ( 'NONE', *, *, #50, .T. ) ;
#646 = ORIENTED_EDGE ( 'NONE', *, *, #1070, .T. ) ;
#647 = DIRECTION ( 'NONE',  ( -1.000000000000000000, 1.224646799147353454E-16, 0.000000000000000000 ) ) ;
#648 = EDGE_CURVE ( 'NONE', #1336, #45, #1108, .T. ) ;
#649 = VERTEX_POINT ( 'NONE', #239 ) ;
#650 = DIRECTION ( 'NONE',  ( -0.8660254037844418162, 0.000000000000000000, 0.4999999999999947264 ) ) ;
#651 = EDGE_LOOP ( 'NONE', ( #1196, #380, #646, #870 ) ) ;
#652 = DIRECTION ( 'NONE',  ( 1.224646799147353207E-16, 1.000000000000000000, -0.000000000000000000 ) ) ;
#653 = DIRECTION ( 'NONE',  ( -0.000000000000000000, -0.000000000000000000, 1.000000000000000000 ) ) ;
#654 = VERTEX_POINT ( 'NONE', #123 ) ;
#655 = CARTESIAN_POINT ( 'NONE',  ( 17.41669750802259031, 0.000000000000000000, 30.16660498395373935 ) ) ;
#656 = ORIENTED_EDGE ( 'NONE', *, *, #1367, .F. ) ;
#657 = EDGE_CURVE ( 'NONE', #564, #754, #152, .T. ) ;
#658 = CARTESIAN_POINT ( 'NONE',  ( 31.92080042856067124, -2.249999999999999112, -160.5952460428229074 ) ) ;
#659 = AXIS2_PLACEMENT_3D ( 'NONE', #98, #1386, #740 ) ;
#660 = DIRECTION ( 'NONE',  ( -0.000000000000000000, -1.000000000000000000, -0.000000000000000000 ) ) ;
#661 = AXIS2_PLACEMENT_3D ( 'NONE', #1310, #1004, #16 ) ;
#662 = CARTESIAN_POINT ( 'NONE',  ( -2.250000000000000000, -33.42435489280234862, -134.5952460428229358 ) ) ;
#663 = AXIS2_PLACEMENT_3D ( 'NONE', #728, #78, #1255 ) ;
#664 = EDGE_LOOP ( 'NONE', ( #807, #776, #714, #465 ) ) ;
#665 = DIRECTION ( 'NONE',  ( -1.000000000000000000, 1.224646799147352961E-16, 0.000000000000000000 ) ) ;
#666 = AXIS2_PLACEMENT_3D ( 'NONE', #1034, #1344, #1338 ) ;
#667 = ORIENTED_EDGE ( 'NONE', *, *, #571, .F. ) ;
#668 = EDGE_CURVE ( 'NONE', #294, #1220, #1390, .T. ) ;
#669 = DIRECTION ( 'NONE',  ( -0.000000000000000000, -0.000000000000000000, -1.000000000000000000 ) ) ;
#670 = DIRECTION ( 'NONE',  ( -0.000000000000000000, -0.000000000000000000, 1.000000000000000000 ) ) ;
#671 = DIRECTION ( 'NONE',  ( -0.000000000000000000, -0.000000000000000000, -1.000000000000000000 ) ) ;
#672 = ORIENTED_EDGE ( 'NONE', *, *, #915, .T. ) ;
#673 = DIRECTION ( 'NONE',  ( -1.000000000000000000, 0.000000000000000000, 0.000000000000000000 ) ) ;
#674 = DIRECTION ( 'NONE',  ( -1.000000000000000000, 0.000000000000000000, 0.000000000000000000 ) ) ;
#675 = CARTESIAN_POINT ( 'NONE',  ( 0.000000000000000000, 0.000000000000000000, 0.000000000000000000 ) ) ;
#676 = ORIENTED_EDGE ( 'NONE', *, *, #33, .F. ) ;
#677 = ORIENTED_EDGE ( 'NONE', *, *, #1343, .F. ) ;
#678 = DIRECTION ( 'NONE',  ( 0.3420201433256616075, 4.188538737676904867E-17, -0.9396926207859109814 ) ) ;
#679 = ADVANCED_FACE ( 'NONE', ( #1013 ), #1257, .F. ) ;
#680 = CARTESIAN_POINT ( 'NONE',  ( 2.250000000000000000, 33.50000000000001421, -134.5952460428229358 ) ) ;
#681 = APPROVAL_STATUS ( 'not_yet_approved' ) ;
#682 = AXIS2_PLACEMENT_3D ( 'NONE', #1314, #1216, #438 ) ;
#683 = EDGE_LOOP ( 'NONE', ( #798, #73, #1291, #1277 ) ) ;
#684 = EDGE_CURVE ( 'NONE', #564, #1128, #424, .T. ) ;
#685 = CARTESIAN_POINT ( 'NONE',  ( 0.000000000000000000, 0.000000000000000000, -89.90552565523476858 ) ) ;
#686 = CC_DESIGN_PERSON_AND_ORGANIZATION_ASSIGNMENT ( #125, #468, ( #31 ) ) ;
#687 = AXIS2_PLACEMENT_3D ( 'NONE', #685, #1229, #886 ) ;
#688 = ORIENTED_EDGE ( 'NONE', *, *, #905, .T. ) ;
#689 = CONICAL_SURFACE ( 'NONE', #842, 32.09046106882117755, 0.3490658503988583461 ) ;
#690 = CYLINDRICAL_SURFACE ( 'NONE', #174, 30.25000000000000000 ) ;
#691 = DIRECTION ( 'NONE',  ( 0.000000000000000000, 1.000000000000000000, 0.000000000000000000 ) ) ;
#692 = PERSON_AND_ORGANIZATION ( #1138, #749 ) ;
#693 = PLANE ( 'NONE',  #1203 ) ;
#694 = EDGE_LOOP ( 'NONE', ( #536, #180, #824, #1071, #511, #397 ) ) ;
#695 = LINE ( 'NONE', #1026, #821 ) ;
#696 = FACE_OUTER_BOUND ( 'NONE', #664, .T. ) ;
#697 = PLANE ( 'NONE',  #791 ) ;
#698 = EDGE_LOOP ( 'NONE', ( #1311, #318, #1115, #1278 ) ) ;
#699 = CARTESIAN_POINT ( 'NONE',  ( -6.632044609226839342E-15, 0.000000000000000000, -96.47688094636507117 ) ) ;
#700 = ORIENTED_EDGE ( 'NONE', *, *, #365, .T. ) ;
#701 = DIRECTION ( 'NONE',  ( 5.551115123125782702E-17, 0.000000000000000000, -1.000000000000000000 ) ) ;
#702 = EDGE_CURVE ( 'NONE', #1128, #1147, #570, .T. ) ;
#703 = DIRECTION ( 'NONE',  ( -0.000000000000000000, -0.000000000000000000, -1.000000000000000000 ) ) ;
#704 = ORIENTED_EDGE ( 'NONE', *, *, #915, .F. ) ;
#705 = LINE ( 'NONE', #515, #363 ) ;
#706 = VERTEX_POINT ( 'NONE', #913 ) ;
#707 = ADVANCED_FACE ( 'NONE', ( #1241 ), #1122, .T. ) ;
#708 = EDGE_CURVE ( 'NONE', #303, #185, #378, .T. ) ;
#709 = AXIS2_PLACEMENT_3D ( 'NONE', #964, #1181, #297 ) ;
#710 = CIRCLE ( 'NONE', #1111, 161.7500000000000000 ) ;
#711 = DIRECTION ( 'NONE',  ( 5.551115123125782702E-17, 0.000000000000000000, -1.000000000000000000 ) ) ;
#712 = AXIS2_PLACEMENT_3D ( 'NONE', #166, #610, #1161 ) ;
#713 = CARTESIAN_POINT ( 'NONE',  ( 31.99999999999999289, 3.918869757271530263E-15, -134.5952460428229358 ) ) ;
#714 = ORIENTED_EDGE ( 'NONE', *, *, #167, .T. ) ;
#715 = CARTESIAN_POINT ( 'NONE',  ( 33.42435489280233440, -2.249999999999999112, -160.5952460428229074 ) ) ;
#716 = ORIENTED_EDGE ( 'NONE', *, *, #207, .T. ) ;
#717 = CARTESIAN_POINT ( 'NONE',  ( 8.914826990104204086E-15, 0.000000000000000000, -134.5952460428229358 ) ) ;
#718 = CARTESIAN_POINT ( 'NONE',  ( 2.250000000000000000, 31.92080042856068545, -160.5952460428229358 ) ) ;
#719 = ORIENTED_EDGE ( 'NONE', *, *, #151, .F. ) ;
#720 = CARTESIAN_POINT ( 'NONE',  ( 33.50000000000000711, -2.250000000000000000, -134.5952460428229358 ) ) ;
#721 = VERTEX_POINT ( 'NONE', #604 ) ;
#722 = EDGE_CURVE ( 'NONE', #479, #567, #695, .T. ) ;
#723 = LINE ( 'NONE', #171, #748 ) ;
#724 = CARTESIAN_POINT ( 'NONE',  ( 113.2500000000000426, 0.000000000000000000, 132.6547539571774053 ) ) ;
#725 = PERSON_AND_ORGANIZATION ( #1138, #749 ) ;
#726 = EDGE_CURVE ( 'NONE', #312, #394, #643, .T. ) ;
#727 = VERTEX_POINT ( 'NONE', #1337 ) ;
#728 = CARTESIAN_POINT ( 'NONE',  ( 17.41669750802259031, 0.000000000000000000, 30.16660498395371093 ) ) ;
#729 = VERTEX_POINT ( 'NONE', #1007 ) ;
#730 = AXIS2_PLACEMENT_3D ( 'NONE', #140, #234, #984 ) ;
#731 = AXIS2_PLACEMENT_3D ( 'NONE', #872, #669, #673 ) ;
#732 = DIRECTION ( 'NONE',  ( -0.8660254037844417052, 0.000000000000000000, 0.4999999999999946709 ) ) ;
#733 = VECTOR ( 'NONE', #84, 1000.000000000000000 ) ;
#734 = DIRECTION ( 'NONE',  ( -1.000000000000000000, 0.000000000000000000, 0.000000000000000000 ) ) ;
#735 = VECTOR ( 'NONE', #1080, 1000.000000000000000 ) ;
#736 = ORIENTED_EDGE ( 'NONE', *, *, #827, .T. ) ;
#737 = DIRECTION ( 'NONE',  ( 0.4999999999999947264, 0.000000000000000000, 0.8660254037844417052 ) ) ;
#738 = EDGE_LOOP ( 'NONE', ( #979, #1256, #809, #1061 ) ) ;
#739 = DIRECTION ( 'NONE',  ( 0.000000000000000000, 0.000000000000000000, 1.000000000000000000 ) ) ;
#740 = DIRECTION ( 'NONE',  ( -1.000000000000000000, 0.000000000000000000, 0.000000000000000000 ) ) ;
#741 = CARTESIAN_POINT ( 'NONE',  ( 33.49999999999999289, 4.102566777143633774E-15, -134.5952460428229358 ) ) ;
#742 = VERTEX_POINT ( 'NONE', #609 ) ;
#743 = ADVANCED_FACE ( 'NONE', ( #53 ), #1137, .T. ) ;
#744 = DIRECTION ( 'NONE',  ( -1.000000000000000000, 0.000000000000000000, 0.000000000000000000 ) ) ;
#745 = DIRECTION ( 'NONE',  ( -0.4999999999999947264, 0.000000000000000000, -0.8660254037844418162 ) ) ;
#746 = ADVANCED_FACE ( 'NONE', ( #927 ), #362, .F. ) ;
#747 = EDGE_LOOP ( 'NONE', ( #97, #191, #1143, #1006 ) ) ;
#748 = VECTOR ( 'NONE', #1190, 1000.000000000000000 ) ;
#749 = ORGANIZATION ( 'UNSPECIFIED', 'UNSPECIFIED', '' ) ;
#750 = CYLINDRICAL_SURFACE ( 'NONE', #818, 33.50000000000000000 ) ;
#751 = AXIS2_PLACEMENT_3D ( 'NONE', #891, #691, #983 ) ;
#752 = DIRECTION ( 'NONE',  ( 5.551115123125782702E-17, 0.000000000000000000, -1.000000000000000000 ) ) ;
#753 = DIRECTION ( 'NONE',  ( -1.000000000000000000, 0.000000000000000000, 0.000000000000000000 ) ) ;
#754 = VERTEX_POINT ( 'NONE', #1033 ) ;
#755 = DIRECTION ( 'NONE',  ( 0.000000000000000000, 0.000000000000000000, -1.000000000000000000 ) ) ;
#756 = CYLINDRICAL_SURFACE ( 'NONE', #881, 31.75000000000000000 ) ;
#757 = LINE ( 'NONE', #211, #1154 ) ;
#758 = EDGE_LOOP ( 'NONE', ( #837, #551, #212, #990 ) ) ;
#759 = DIRECTION ( 'NONE',  ( -1.000000000000000000, 0.000000000000000000, -5.551115123125782702E-17 ) ) ;
#760 = ORIENTED_EDGE ( 'NONE', *, *, #11, .F. ) ;
#761 = EDGE_CURVE ( 'NONE', #567, #1, #563, .T. ) ;
#762 = DIRECTION ( 'NONE',  ( -0.8660254037844417052, 0.000000000000000000, 0.4999999999999946709 ) ) ;
#763 = DIRECTION ( 'NONE',  ( -1.000000000000000000, 0.000000000000000000, 0.000000000000000000 ) ) ;
#764 = CARTESIAN_POINT ( 'NONE',  ( 31.75000000000000000, 0.000000000000000000, -34.83339501604554300 ) ) ;
#765 = ORIENTED_EDGE ( 'NONE', *, *, #387, .F. ) ;
#766 = EDGE_CURVE ( 'NONE', #559, #141, #1350, .T. ) ;
#767 = FACE_OUTER_BOUND ( 'NONE', #77, .T. ) ;
#768 = AXIS2_PLACEMENT_3D ( 'NONE', #356, #555, #124 ) ;
#769 = CARTESIAN_POINT ( 'NONE',  ( 43.61396597250195128, 0.000000000000000000, 15.04160498395386902 ) ) ;
#770 = DIRECTION ( 'NONE',  ( 0.000000000000000000, 0.000000000000000000, 1.000000000000000000 ) ) ;
#771 = AXIS2_PLACEMENT_3D ( 'NONE', #1205, #334, #763 ) ;
#772 = AXIS2_PLACEMENT_3D ( 'NONE', #80, #186, #759 ) ;
#773 = ORIENTED_EDGE ( 'NONE', *, *, #648, .T. ) ;
#774 = CYLINDRICAL_SURFACE ( 'NONE', #154, 33.50000000000000000 ) ;
#775 = AXIS2_PLACEMENT_3D ( 'NONE', #631, #415, #744 ) ;
#776 = ORIENTED_EDGE ( 'NONE', *, *, #107, .F. ) ;
#777 = DIRECTION ( 'NONE',  ( 0.000000000000000000, 0.000000000000000000, 1.000000000000000000 ) ) ;
#778 = VERTEX_POINT ( 'NONE', #902 ) ;
#779 = CARTESIAN_POINT ( 'NONE',  ( 2.249999999999999112, -33.42435489280234151, -160.5952460428229074 ) ) ;
#780 = ORIENTED_EDGE ( 'NONE', *, *, #766, .T. ) ;
#781 = DIRECTION ( 'NONE',  ( -0.4999999999999946709, 0.000000000000000000, -0.8660254037844417052 ) ) ;
#782 = DIRECTION ( 'NONE',  ( -1.000000000000000000, 0.000000000000000000, 0.000000000000000000 ) ) ;
#783 = EDGE_CURVE ( 'NONE', #1104, #1345, #1330, .T. ) ;
#784 = CARTESIAN_POINT ( 'NONE',  ( 2.249999999999999112, 33.42435489280234151, -160.5952460428229074 ) ) ;
#785 = ADVANCED_FACE ( 'NONE', ( #1165 ), #1059, .F. ) ;
#786 = EDGE_LOOP ( 'NONE', ( #488, #414, #12, #242 ) ) ;
#787 = DIRECTION ( 'NONE',  ( 1.000000000000000000, 0.000000000000000000, 0.000000000000000000 ) ) ;
#788 = DIRECTION ( 'NONE',  ( 0.000000000000000000, 0.000000000000000000, -1.000000000000000000 ) ) ;
#789 = DIRECTION ( 'NONE',  ( 0.000000000000000000, 0.000000000000000000, 1.000000000000000000 ) ) ;
#790 = AXIS2_PLACEMENT_3D ( 'NONE', #255, #1348, #579 ) ;
#791 = AXIS2_PLACEMENT_3D ( 'NONE', #581, #257, #1118 ) ;
#792 = LINE ( 'NONE', #894, #1245 ) ;
#793 = CIRCLE ( 'NONE', #176, 33.50000000000000000 ) ;
#794 = VERTEX_POINT ( 'NONE', #442 ) ;
#795 = TOROIDAL_SURFACE ( 'NONE', #568, 36.75000000000000000, 6.500000000000000888 ) ;
#796 = DIRECTION ( 'NONE',  ( -1.000000000000000000, 0.000000000000000000, 0.000000000000000000 ) ) ;
#797 =( LENGTH_UNIT ( ) NAMED_UNIT ( * ) SI_UNIT ( .MILLI., .METRE. ) );
#798 = ORIENTED_EDGE ( 'NONE', *, *, #1009, .F. ) ;
#799 = LINE ( 'NONE', #1005, #41 ) ;
#800 = EDGE_CURVE ( 'NONE', #850, #285, #202, .T. ) ;
#801 = ORIENTED_EDGE ( 'NONE', *, *, #342, .T. ) ;
#802 = DIRECTION ( 'NONE',  ( -1.000000000000000000, 0.000000000000000000, 0.000000000000000000 ) ) ;
#803 = DIRECTION ( 'NONE',  ( 0.000000000000000000, 0.000000000000000000, 1.000000000000000000 ) ) ;
#804 = CALENDAR_DATE ( 2026, 16, 9 ) ;
#805 = EDGE_CURVE ( 'NONE', #727, #742, #723, .T. ) ;
#806 = EDGE_CURVE ( 'NONE', #1293, #1384, #1150, .T. ) ;
#807 = ORIENTED_EDGE ( 'NONE', *, *, #447, .F. ) ;
#808 = PLANE ( 'NONE',  #1134 ) ;
#809 = ORIENTED_EDGE ( 'NONE', *, *, #194, .T. ) ;
#810 = EDGE_CURVE ( 'NONE', #901, #706, #4, .T. ) ;
#811 = APPROVAL ( #274, 'UNSPECIFIED' ) ;
#812 = DIRECTION ( 'NONE',  ( 0.000000000000000000, 0.000000000000000000, 1.000000000000000000 ) ) ;
#813 = EDGE_LOOP ( 'NONE', ( #893, #1320, #602, #1149 ) ) ;
#814 = LINE ( 'NONE', #715, #542 ) ;
#815 = CC_DESIGN_APPROVAL ( #811, ( #1391 ) ) ;
#816 = EDGE_LOOP ( 'NONE', ( #1357, #66, #1238, #138 ) ) ;
#817 = TOROIDAL_SURFACE ( 'NONE', #1088, 130.0000000000000000, 31.75000000000000000 ) ;
#818 = AXIS2_PLACEMENT_3D ( 'NONE', #423, #192, #1275 ) ;
#819 = CIRCLE ( 'NONE', #1179, 33.50000000000000000 ) ;
#820 = DIRECTION ( 'NONE',  ( -1.000000000000000000, 0.000000000000000000, 0.000000000000000000 ) ) ;
#821 = VECTOR ( 'NONE', #165, 1000.000000000000000 ) ;
#822 = DIRECTION ( 'NONE',  ( 0.8660254037844417052, 0.000000000000000000, -0.4999999999999946709 ) ) ;
#823 = COORDINATED_UNIVERSAL_TIME_OFFSET ( 1, 0, .AHEAD. ) ;
#824 = ORIENTED_EDGE ( 'NONE', *, *, #1382, .T. ) ;
#825 = CARTESIAN_POINT ( 'NONE',  ( 31.92080042856067124, -2.250000000000000000, -160.5952460428229358 ) ) ;
#826 = ORIENTED_EDGE ( 'NONE', *, *, #761, .T. ) ;
#827 = EDGE_CURVE ( 'NONE', #729, #325, #833, .T. ) ;
#828 = CARTESIAN_POINT ( 'NONE',  ( -6.632044609226839342E-15, 0.000000000000000000, -134.5952460428229358 ) ) ;
#829 = CALENDAR_DATE ( 2026, 16, 9 ) ;
#830 = ORIENTED_EDGE ( 'NONE', *, *, #943, .F. ) ;
#831 = FACE_OUTER_BOUND ( 'NONE', #816, .T. ) ;
#832 = ORIENTED_EDGE ( 'NONE', *, *, #1315, .F. ) ;
#833 = LINE ( 'NONE', #838, #128 ) ;
#834 = CARTESIAN_POINT ( 'NONE',  ( -2.250000000000000000, 31.92080042856068545, -134.5952460428229358 ) ) ;
#835 = ORIENTED_EDGE ( 'NONE', *, *, #1252, .T. ) ;
#836 = CARTESIAN_POINT ( 'NONE',  ( -30.25000000000000000, 3.704556567420743754E-15, -34.83339501604554300 ) ) ;
#837 = ORIENTED_EDGE ( 'NONE', *, *, #358, .T. ) ;
#838 = CARTESIAN_POINT ( 'NONE',  ( 44.91300407817861640, 0.000000000000000000, 14.29160498395387613 ) ) ;
#839 = CONICAL_SURFACE ( 'NONE', #1204, 33.50000000000004263, 0.3490658503988583461 ) ;
#840 = AXIS2_PLACEMENT_3D ( 'NONE', #909, #464, #1335 ) ;
#841 = CARTESIAN_POINT ( 'NONE',  ( 2.249999999999999112, 31.92080042856067834, -160.5952460428229074 ) ) ;
#842 = AXIS2_PLACEMENT_3D ( 'NONE', #1123, #703, #145 ) ;
#843 = DIRECTION ( 'NONE',  ( 0.000000000000000000, 0.000000000000000000, -1.000000000000000000 ) ) ;
#844 = CARTESIAN_POINT ( 'NONE',  ( 0.000000000000000000, 0.000000000000000000, -95.59524604282290738 ) ) ;
#845 = ORIENTED_EDGE ( 'NONE', *, *, #684, .F. ) ;
#846 = LINE ( 'NONE', #627, #638 ) ;
#847 = ORIENTED_EDGE ( 'NONE', *, *, #1378, .T. ) ;
#848 = LINE ( 'NONE', #1375, #733 ) ;
#849 = EDGE_CURVE ( 'NONE', #219, #259, #626, .T. ) ;
#850 = VERTEX_POINT ( 'NONE', #1085 ) ;
#851 = EDGE_CURVE ( 'NONE', #1147, #1128, #497, .T. ) ;
#852 = LINE ( 'NONE', #841, #1063 ) ;
#853 = DIRECTION ( 'NONE',  ( -0.000000000000000000, -0.000000000000000000, -1.000000000000000000 ) ) ;
#854 = ORIENTED_EDGE ( 'NONE', *, *, #532, .F. ) ;
#855 = ORIENTED_EDGE ( 'NONE', *, *, #1012, .F. ) ;
#856 = CIRCLE ( 'NONE', #245, 33.19846310392954081 ) ;
#857 = DIRECTION ( 'NONE',  ( 1.000000000000000000, 0.000000000000000000, 0.000000000000000000 ) ) ;
#858 = TOROIDAL_SURFACE ( 'NONE', #595, 130.0000000000000000, 30.25000000000000000 ) ;
#859 = CIRCLE ( 'NONE', #545, 33.50000000000000000 ) ;
#860 = CARTESIAN_POINT ( 'NONE',  ( -2.250000000000000000, 33.50000000000001421, -134.5952460428229358 ) ) ;
#861 = CARTESIAN_POINT ( 'NONE',  ( -6.632044609226839342E-15, 0.000000000000000000, -160.5952460428229358 ) ) ;
#862 = EDGE_CURVE ( 'NONE', #3, #721, #856, .T. ) ;
#863 = ORIENTED_EDGE ( 'NONE', *, *, #761, .F. ) ;
#864 = ORIENTED_EDGE ( 'NONE', *, *, #668, .F. ) ;
#865 = EDGE_CURVE ( 'NONE', #729, #1293, #1039, .T. ) ;
#866 = EDGE_CURVE ( 'NONE', #45, #1293, #710, .T. ) ;
#867 = CARTESIAN_POINT ( 'NONE',  ( 8.914826990104204086E-15, 0.000000000000000000, -134.5952460428229358 ) ) ;
#868 = DIRECTION ( 'NONE',  ( -0.000000000000000000, -1.000000000000000000, -0.000000000000000000 ) ) ;
#869 = CARTESIAN_POINT ( 'NONE',  ( 33.50000000000000711, -2.250000000000000000, -160.5952460428229358 ) ) ;
#870 = ORIENTED_EDGE ( 'NONE', *, *, #368, .F. ) ;
#871 = CARTESIAN_POINT ( 'NONE',  ( -36.75000000000000000, 4.500576986866523006E-15, -89.90552565523476858 ) ) ;
#872 = CARTESIAN_POINT ( 'NONE',  ( 0.000000000000000000, 0.000000000000000000, -92.12865658685157655 ) ) ;
#873 = DIRECTION ( 'NONE',  ( 0.000000000000000000, 0.000000000000000000, -1.000000000000000000 ) ) ;
#874 = DIRECTION ( 'NONE',  ( 5.551115123125782702E-17, 0.000000000000000000, -1.000000000000000000 ) ) ;
#875 = ORIENTED_EDGE ( 'NONE', *, *, #862, .T. ) ;
#876 = DIRECTION ( 'NONE',  ( -1.000000000000000000, 0.000000000000000000, 0.000000000000000000 ) ) ;
#877 = ORIENTED_EDGE ( 'NONE', *, *, #92, .F. ) ;
#878 = FACE_OUTER_BOUND ( 'NONE', #694, .T. ) ;
#879 = AXIS2_PLACEMENT_3D ( 'NONE', #1211, #986, #231 ) ;
#880 = CC_DESIGN_SECURITY_CLASSIFICATION ( #1391, ( #616 ) ) ;
#881 = AXIS2_PLACEMENT_3D ( 'NONE', #1162, #1187, #210 ) ;
#882 = AXIS2_PLACEMENT_3D ( 'NONE', #1207, #32, #44 ) ;
#883 = PLANE ( 'NONE',  #1174 ) ;
#884 = AXIS2_PLACEMENT_3D ( 'NONE', #1362, #1379, #950 ) ;
#885 = AXIS2_PLACEMENT_3D ( 'NONE', #1389, #117, #550 ) ;
#886 = DIRECTION ( 'NONE',  ( 1.000000000000000000, 0.000000000000000000, 0.000000000000000000 ) ) ;
#887 = EDGE_LOOP ( 'NONE', ( #1078, #147, #71, #577, #244, #158, #411, #346, #826, #677, #630, #1194 ) ) ;
#888 = ADVANCED_FACE ( 'NONE', ( #304 ), #332, .T. ) ;
#889 = ADVANCED_FACE ( 'NONE', ( #220 ), #817, .T. ) ;
#890 = DIRECTION ( 'NONE',  ( -0.000000000000000000, -0.000000000000000000, 1.000000000000000000 ) ) ;
#891 = CARTESIAN_POINT ( 'NONE',  ( 130.0000000000000000, 0.000000000000000000, -34.83339501604551458 ) ) ;
#892 = EDGE_CURVE ( 'NONE', #1209, #921, #90, .T. ) ;
#893 = ORIENTED_EDGE ( 'NONE', *, *, #892, .F. ) ;
#894 = CARTESIAN_POINT ( 'NONE',  ( 2.250000000000000000, 33.50000000000001421, -160.5952460428229358 ) ) ;
#895 = ORIENTED_EDGE ( 'NONE', *, *, #866, .T. ) ;
#896 = DIRECTION ( 'NONE',  ( -1.000000000000000000, 0.000000000000000000, 0.000000000000000000 ) ) ;
#897 = CARTESIAN_POINT ( 'NONE',  ( -6.632044609226839342E-15, 0.000000000000000000, -134.5952460428229358 ) ) ;
#898 = DIRECTION ( 'NONE',  ( -1.000000000000000000, 0.000000000000000000, -5.551115123125782702E-17 ) ) ;
#899 = ORIENTED_EDGE ( 'NONE', *, *, #959, .F. ) ;
#900 = DIRECTION ( 'NONE',  ( -0.000000000000000000, -0.000000000000000000, -1.000000000000000000 ) ) ;
#901 = VERTEX_POINT ( 'NONE', #517 ) ;
#902 = CARTESIAN_POINT ( 'NONE',  ( -32.05153689607043788, 0.000000000000000000, -91.61562637186307256 ) ) ;
#903 = MANIFOLD_SOLID_BREP ( 'Cut-Extrude-Thin1', #109 ) ;
#904 = DIRECTION ( 'NONE',  ( 0.4999999999999947264, 0.000000000000000000, 0.8660254037844417052 ) ) ;
#905 = EDGE_CURVE ( 'NONE', #742, #1283, #1373, .T. ) ;
#906 = AXIS2_PLACEMENT_3D ( 'NONE', #560, #781, #762 ) ;
#907 =( GEOMETRIC_REPRESENTATION_CONTEXT ( 3 ) GLOBAL_UNCERTAINTY_ASSIGNED_CONTEXT ( ( #277 ) ) GLOBAL_UNIT_ASSIGNED_CONTEXT ( ( #797, #1303, #227 ) ) REPRESENTATION_CONTEXT ( 'NONE', 'WORKASPACE' ) );
#908 = ORIENTED_EDGE ( 'NONE', *, *, #866, .F. ) ;
#909 = CARTESIAN_POINT ( 'NONE',  ( 2.250000000000000000, 33.50000000000001421, -134.5952460428229358 ) ) ;
#910 = AXIS2_PLACEMENT_3D ( 'NONE', #1067, #521, #183 ) ;
#911 = AXIS2_PLACEMENT_3D ( 'NONE', #486, #1024, #1247 ) ;
#912 = ORIENTED_EDGE ( 'NONE', *, *, #422, .T. ) ;
#913 = CARTESIAN_POINT ( 'NONE',  ( 31.92080042856067124, 2.250000000000000000, -160.5952460428229358 ) ) ;
#914 = ADVANCED_FACE ( 'NONE', ( #430 ), #1392, .F. ) ;
#915 = EDGE_CURVE ( 'NONE', #794, #143, #1292, .T. ) ;
#916 = DIRECTION ( 'NONE',  ( -0.000000000000000000, -0.000000000000000000, -1.000000000000000000 ) ) ;
#917 = PERSON_AND_ORGANIZATION ( #1138, #749 ) ;
#918 = ORIENTED_EDGE ( 'NONE', *, *, #1145, .F. ) ;
#919 = DIRECTION ( 'NONE',  ( 0.000000000000000000, 0.000000000000000000, 1.000000000000000000 ) ) ;
#920 = APPROVAL ( #168, 'UNSPECIFIED' ) ;
#921 = VERTEX_POINT ( 'NONE', #1114 ) ;
#922 = DIRECTION ( 'NONE',  ( -1.000000000000000000, 1.224646799147352961E-16, 0.000000000000000000 ) ) ;
#923 = SHAPE_DEFINITION_REPRESENTATION ( #437, #275 ) ;
#924 = VERTEX_POINT ( 'NONE', #1105 ) ;
#925 = DIRECTION ( 'NONE',  ( 1.000000000000000000, 0.000000000000000000, 0.000000000000000000 ) ) ;
#926 = VERTEX_POINT ( 'NONE', #1017 ) ;
#927 = FACE_OUTER_BOUND ( 'NONE', #1254, .T. ) ;
#928 = DIRECTION ( 'NONE',  ( 0.000000000000000000, 0.000000000000000000, -1.000000000000000000 ) ) ;
#929 = ORIENTED_EDGE ( 'NONE', *, *, #851, .T. ) ;
#930 = DIRECTION ( 'NONE',  ( 1.000000000000000000, 0.000000000000000000, 0.000000000000000000 ) ) ;
#931 = VECTOR ( 'NONE', #269, 1000.000000000000000 ) ;
#932 = CC_DESIGN_APPROVAL ( #920, ( #616 ) ) ;
#933 = ORIENTED_EDGE ( 'NONE', *, *, #1184, .F. ) ;
#934 = VECTOR ( 'NONE', #868, 1000.000000000000000 ) ;
#935 = VECTOR ( 'NONE', #671, 1000.000000000000000 ) ;
#936 = VECTOR ( 'NONE', #620, 1000.000000000000000 ) ;
#937 = CARTESIAN_POINT ( 'NONE',  ( -6.632044609226839342E-15, 0.000000000000000000, -160.5952460428229358 ) ) ;
#938 = PRODUCT_DEFINITION ( 'UNKNOWN', '', #616, #1140 ) ;
#939 = FACE_OUTER_BOUND ( 'NONE', #1354, .T. ) ;
#940 = ORIENTED_EDGE ( 'NONE', *, *, #508, .T. ) ;
#941 = CARTESIAN_POINT ( 'NONE',  ( -33.42435489280234862, 2.249999999999999112, -160.5952460428229074 ) ) ;
#942 = ORIENTED_EDGE ( 'NONE', *, *, #50, .F. ) ;
#943 = EDGE_CURVE ( 'NONE', #312, #559, #799, .T. ) ;
#944 = DIRECTION ( 'NONE',  ( 0.4999999999999947264, 0.000000000000000000, 0.8660254037844417052 ) ) ;
#945 = CARTESIAN_POINT ( 'NONE',  ( 85.75369342984400589, 0.000000000000000000, 148.5297539571772063 ) ) ;
#946 = ORIENTED_EDGE ( 'NONE', *, *, #557, .T. ) ;
#947 = CARTESIAN_POINT ( 'NONE',  ( 130.0000000000000000, 0.000000000000000000, -34.83339501604551458 ) ) ;
#948 = ORIENTED_EDGE ( 'NONE', *, *, #130, .T. ) ;
#949 = DIRECTION ( 'NONE',  ( 1.000000000000000000, 0.000000000000000000, 0.000000000000000000 ) ) ;
#950 = DIRECTION ( 'NONE',  ( -0.8660254037844420383, 0.000000000000000000, 0.4999999999999939493 ) ) ;
#951 = VERTEX_POINT ( 'NONE', #590 ) ;
#952 = LINE ( 'NONE', #633, #296 ) ;
#953 = EDGE_CURVE ( 'NONE', #924, #312, #469, .T. ) ;
#954 = VERTEX_POINT ( 'NONE', #999 ) ;
#955 = CIRCLE ( 'NONE', #448, 30.25000000000000000 ) ;
#956 = VECTOR ( 'NONE', #969, 1000.000000000000000 ) ;
#957 = CIRCLE ( 'NONE', #247, 30.25000000000000000 ) ;
#958 = VECTOR ( 'NONE', #1288, 1000.000000000000000 ) ;
#959 = EDGE_CURVE ( 'NONE', #303, #998, #566, .T. ) ;
#960 = FACE_OUTER_BOUND ( 'NONE', #429, .T. ) ;
#961 = ADVANCED_FACE ( 'NONE', ( #336 ), #774, .T. ) ;
#962 = ORIENTED_EDGE ( 'NONE', *, *, #702, .F. ) ;
#963 = ORIENTED_EDGE ( 'NONE', *, *, #87, .T. ) ;
#964 = CARTESIAN_POINT ( 'NONE',  ( 33.50000000000000711, 2.250000000000000000, -134.5952460428229358 ) ) ;
#965 = LINE ( 'NONE', #189, #1371 ) ;
#966 = CARTESIAN_POINT ( 'NONE',  ( 33.49999999999999289, 4.102566777143633774E-15, -160.5952460428229074 ) ) ;
#967 = ORIENTED_EDGE ( 'NONE', *, *, #783, .F. ) ;
#968 = DIRECTION ( 'NONE',  ( -0.4999999999999946709, 0.000000000000000000, -0.8660254037844417052 ) ) ;
#969 = DIRECTION ( 'NONE',  ( -1.000000000000000000, 0.000000000000000000, 0.000000000000000000 ) ) ;
#970 = ORIENTED_EDGE ( 'NONE', *, *, #130, .F. ) ;
#971 = CIRCLE ( 'NONE', #906, 31.75000000000000355 ) ;
#972 = LOCAL_TIME ( 0, 3, 41.00000000000000000, #823 ) ;
#973 = CARTESIAN_POINT ( 'NONE',  ( 0.000000000000000000, 0.000000000000000000, -94.76678022973676718 ) ) ;
#974 = CC_DESIGN_PERSON_AND_ORGANIZATION_ASSIGNMENT ( #692, #588, ( #938 ) ) ;
#975 = AXIS2_PLACEMENT_3D ( 'NONE', #613, #64, #51 ) ;
#976 = AXIS2_PLACEMENT_3D ( 'NONE', #1316, #873, #1242 ) ;
#977 = ORIENTED_EDGE ( 'NONE', *, *, #1263, .F. ) ;
#978 = CARTESIAN_POINT ( 'NONE',  ( -6.632044609226839342E-15, 0.000000000000000000, -134.5952460428229358 ) ) ;
#979 = ORIENTED_EDGE ( 'NONE', *, *, #235, .F. ) ;
#980 = CARTESIAN_POINT ( 'NONE',  ( 130.0000000000000000, 0.000000000000000000, -34.83339501604551458 ) ) ;
#981 = ORIENTED_EDGE ( 'NONE', *, *, #262, .F. ) ;
#982 = DIRECTION ( 'NONE',  ( 1.000000000000000000, 0.000000000000000000, 0.000000000000000000 ) ) ;
#983 = DIRECTION ( 'NONE',  ( 0.000000000000000000, 0.000000000000000000, 1.000000000000000000 ) ) ;
#984 = DIRECTION ( 'NONE',  ( -1.000000000000000000, 0.000000000000000000, 0.000000000000000000 ) ) ;
#985 = EDGE_LOOP ( 'NONE', ( #634, #612, #591, #977, #149, #877, #933, #1215, #1031, #760, #392, #1325 ) ) ;
#986 = DIRECTION ( 'NONE',  ( 0.000000000000000000, -1.000000000000000000, 0.000000000000000000 ) ) ;
#987 = DIRECTION ( 'NONE',  ( -1.000000000000000000, 0.000000000000000000, 0.000000000000000000 ) ) ;
#988 = LINE ( 'NONE', #1112, #538 ) ;
#989 = EDGE_CURVE ( 'NONE', #632, #926, #142, .T. ) ;
#990 = ORIENTED_EDGE ( 'NONE', *, *, #194, .F. ) ;
#991 = AXIS2_PLACEMENT_3D ( 'NONE', #416, #1296, #190 ) ;
#992 = FACE_OUTER_BOUND ( 'NONE', #585, .T. ) ;
#993 = CIRCLE ( 'NONE', #1284, 5.000000000000004441 ) ;
#994 = DIRECTION ( 'NONE',  ( 0.4999999999999947264, 0.000000000000000000, 0.8660254037844417052 ) ) ;
#995 = TOROIDAL_SURFACE ( 'NONE', #386, 28.49999999999999645, 5.000000000000000000 ) ;
#996 = AXIS2_PLACEMENT_3D ( 'NONE', #313, #652, #647 ) ;
#997 = CIRCLE ( 'NONE', #23, 32.00000000000000000 ) ;
#998 = VERTEX_POINT ( 'NONE', #148 ) ;
#999 = CARTESIAN_POINT ( 'NONE',  ( 43.61396597250194418, 0.000000000000000000, 15.04160498395385304 ) ) ;
#1000 = EDGE_CURVE ( 'NONE', #901, #294, #353, .T. ) ;
#1001 = ORIENTED_EDGE ( 'NONE', *, *, #532, .T. ) ;
#1002 = CARTESIAN_POINT ( 'NONE',  ( -33.42435489280234151, 2.250000000000000000, -134.5952460428229358 ) ) ;
#1003 = CARTESIAN_POINT ( 'NONE',  ( -32.09046106882117755, 0.000000000000000000, -96.10827625781139716 ) ) ;
#1004 = DIRECTION ( 'NONE',  ( 0.000000000000000000, 1.000000000000000000, 0.000000000000000000 ) ) ;
#1005 = CARTESIAN_POINT ( 'NONE',  ( 33.50000000000000711, 2.250000000000000000, -160.5952460428229358 ) ) ;
#1006 = ORIENTED_EDGE ( 'NONE', *, *, #800, .F. ) ;
#1007 = CARTESIAN_POINT ( 'NONE',  ( 44.91300407817863061, 0.000000000000000000, 14.29160498395389745 ) ) ;
#1008 = EDGE_CURVE ( 'NONE', #924, #540, #121, .T. ) ;
#1009 = EDGE_CURVE ( 'NONE', #1037, #1388, #792, .T. ) ;
#1010 = DIRECTION ( 'NONE',  ( -0.000000000000000000, -0.000000000000000000, -1.000000000000000000 ) ) ;
#1011 = ORIENTED_EDGE ( 'NONE', *, *, #722, .F. ) ;
#1012 = EDGE_CURVE ( 'NONE', #222, #105, #1287, .T. ) ;
#1013 = FACE_OUTER_BOUND ( 'NONE', #1235, .T. ) ;
#1014 = FACE_OUTER_BOUND ( 'NONE', #504, .T. ) ;
#1015 = CALENDAR_DATE ( 2026, 16, 9 ) ;
#1016 = ORIENTED_EDGE ( 'NONE', *, *, #584, .F. ) ;
#1017 = CARTESIAN_POINT ( 'NONE',  ( -33.42435489280235572, -2.250000000000000000, -160.5952460428229358 ) ) ;
#1018 = CIRCLE ( 'NONE', #39, 31.75000000000000000 ) ;
#1019 = AXIS2_PLACEMENT_3D ( 'NONE', #1352, #293, #57 ) ;
#1020 = ORIENTED_EDGE ( 'NONE', *, *, #1382, .F. ) ;
#1021 = VECTOR ( 'NONE', #401, 1000.000000000000000 ) ;
#1022 = CARTESIAN_POINT ( 'NONE',  ( -28.50000000000000000, 3.490243377569956456E-15, -96.47688094636507117 ) ) ;
#1023 = ORIENTED_EDGE ( 'NONE', *, *, #320, .F. ) ;
#1024 = DIRECTION ( 'NONE',  ( -0.4999999999999946709, 0.000000000000000000, -0.8660254037844417052 ) ) ;
#1025 = ORIENTED_EDGE ( 'NONE', *, *, #214, .T. ) ;
#1026 = CARTESIAN_POINT ( 'NONE',  ( -2.249999999999999112, -31.92080042856067834, -160.5952460428229074 ) ) ;
#1027 = LINE ( 'NONE', #290, #179 ) ;
#1028 = DATE_TIME_ROLE ( 'creation_date' ) ;
#1029 = ORIENTED_EDGE ( 'NONE', *, *, #489, .T. ) ;
#1030 = DIRECTION ( 'NONE',  ( 0.000000000000000000, 0.000000000000000000, 1.000000000000000000 ) ) ;
#1031 = ORIENTED_EDGE ( 'NONE', *, *, #1049, .T. ) ;
#1032 = ADVANCED_FACE ( 'NONE', ( #576 ), #583, .F. ) ;
#1033 = CARTESIAN_POINT ( 'NONE',  ( -32.00000000000000711, 0.000000000000000000, -134.5952460428229358 ) ) ;
#1034 = CARTESIAN_POINT ( 'NONE',  ( 0.000000000000000000, 0.000000000000000000, -89.90552565523476858 ) ) ;
#1035 = PERSON_AND_ORGANIZATION_ROLE ( 'design_supplier' ) ;
#1036 = EDGE_CURVE ( 'NONE', #564, #219, #223, .T. ) ;
#1037 = VERTEX_POINT ( 'NONE', #459 ) ;
#1038 = DIRECTION ( 'NONE',  ( -1.000000000000000000, 0.000000000000000000, 0.000000000000000000 ) ) ;
#1039 = CIRCLE ( 'NONE', #300, 31.75000000000000355 ) ;
#1040 = ORIENTED_EDGE ( 'NONE', *, *, #849, .F. ) ;
#1041 = AXIS2_PLACEMENT_3D ( 'NONE', #1323, #36, #462 ) ;
#1042 = TOROIDAL_SURFACE ( 'NONE', #249, 36.75000000000000000, 6.500000000000000888 ) ;
#1043 = CARTESIAN_POINT ( 'NONE',  ( 33.50000000000000711, 2.250000000000000000, -160.5952460428229358 ) ) ;
#1044 = CARTESIAN_POINT ( 'NONE',  ( 130.0000000000000000, 0.000000000000000000, -34.83339501604551458 ) ) ;
#1045 = VERTEX_POINT ( 'NONE', #1312 ) ;
#1046 = CARTESIAN_POINT ( 'NONE',  ( 31.78892417275068638, 3.893020423649705430E-15, -95.27981044472525696 ) ) ;
#1047 = ORIENTED_EDGE ( 'NONE', *, *, #1263, .T. ) ;
#1048 = DIRECTION ( 'NONE',  ( 0.000000000000000000, -1.000000000000000000, 0.000000000000000000 ) ) ;
#1049 = EDGE_CURVE ( 'NONE', #742, #1388, #359, .T. ) ;
#1050 = LINE ( 'NONE', #636, #958 ) ;
#1051 = ADVANCED_FACE ( 'NONE', ( #252 ), #693, .F. ) ;
#1052 = FACE_OUTER_BOUND ( 'NONE', #738, .T. ) ;
#1053 = ORIENTED_EDGE ( 'NONE', *, *, #1210, .F. ) ;
#1054 = CARTESIAN_POINT ( 'NONE',  ( 36.75000000000000000, 0.000000000000000000, -89.90552565523476858 ) ) ;
#1055 = FACE_OUTER_BOUND ( 'NONE', #606, .T. ) ;
#1056 = ADVANCED_FACE ( 'NONE', ( #1126 ), #1098, .T. ) ;
#1057 = DIRECTION ( 'NONE',  ( -0.000000000000000000, -0.000000000000000000, -1.000000000000000000 ) ) ;
#1058 = ORIENTED_EDGE ( 'NONE', *, *, #708, .F. ) ;
#1059 = CONICAL_SURFACE ( 'NONE', #635, 32.09046106882117755, 0.3490658503988583461 ) ;
#1060 = CIRCLE ( 'NONE', #498, 33.50000000000000711 ) ;
#1061 = ORIENTED_EDGE ( 'NONE', *, *, #451, .F. ) ;
#1062 = VECTOR ( 'NONE', #229, 1000.000000000000000 ) ;
#1063 = VECTOR ( 'NONE', #309, 1000.000000000000000 ) ;
#1064 = CONICAL_SURFACE ( 'NONE', #454, 33.50000000000004263, 0.3490658503988583461 ) ;
#1065 = CARTESIAN_POINT ( 'NONE',  ( -3.316022304613419671E-15, 0.000000000000000000, -96.47688094636507117 ) ) ;
#1066 = AXIS2_PLACEMENT_3D ( 'NONE', #436, #1298, #949 ) ;
#1067 = CARTESIAN_POINT ( 'NONE',  ( -6.632044609226839342E-15, 0.000000000000000000, -160.5952460428229074 ) ) ;
#1068 = DIRECTION ( 'NONE',  ( -1.000000000000000000, 0.000000000000000000, 0.000000000000000000 ) ) ;
#1069 = EDGE_LOOP ( 'NONE', ( #780, #1246, #600, #237 ) ) ;
#1070 = EDGE_CURVE ( 'NONE', #1345, #954, #428, .T. ) ;
#1071 = ORIENTED_EDGE ( 'NONE', *, *, #1299, .F. ) ;
#1072 = ADVANCED_FACE ( 'NONE', ( #607 ), #72, .F. ) ;
#1073 = CARTESIAN_POINT ( 'NONE',  ( 2.250000000000000000, 33.50000000000001421, -160.5952460428229358 ) ) ;
#1074 = APPLICATION_CONTEXT ( 'configuration controlled 3d designs of mechanical parts and assemblies' ) ;
#1075 = ADVANCED_FACE ( 'NONE', ( #831 ), #995, .T. ) ;
#1076 = ORIENTED_EDGE ( 'NONE', *, *, #989, .F. ) ;
#1077 = DIRECTION ( 'NONE',  ( 0.000000000000000000, 0.000000000000000000, -1.000000000000000000 ) ) ;
#1078 = ORIENTED_EDGE ( 'NONE', *, *, #422, .F. ) ;
#1079 = APPROVAL ( #681, 'UNSPECIFIED' ) ;
#1080 = DIRECTION ( 'NONE',  ( -0.000000000000000000, -1.000000000000000000, -0.000000000000000000 ) ) ;
#1081 = CARTESIAN_POINT ( 'NONE',  ( -31.92080042856067834, -2.250000000000000000, -160.5952460428229358 ) ) ;
#1082 = FACE_OUTER_BOUND ( 'NONE', #494, .T. ) ;
#1083 = ADVANCED_FACE ( 'NONE', ( #629 ), #858, .F. ) ;
#1084 = ORIENTED_EDGE ( 'NONE', *, *, #1321, .F. ) ;
#1085 = CARTESIAN_POINT ( 'NONE',  ( 30.25000000000000000, 0.000000000000000000, -89.90552565523476858 ) ) ;
#1086 = CIRCLE ( 'NONE', #1223, 31.75000000000000000 ) ;
#1087 = DIRECTION ( 'NONE',  ( -0.000000000000000000, 0.000000000000000000, -1.000000000000000000 ) ) ;
#1088 = AXIS2_PLACEMENT_3D ( 'NONE', #980, #1264, #1093 ) ;
#1089 = VECTOR ( 'NONE', #739, 1000.000000000000000 ) ;
#1090 = CARTESIAN_POINT ( 'NONE',  ( 0.000000000000000000, 0.000000000000000000, -92.12865658685157655 ) ) ;
#1091 = CARTESIAN_POINT ( 'NONE',  ( 31.75000000000000000, 0.000000000000000000, -160.5952460428229358 ) ) ;
#1092 = ORIENTED_EDGE ( 'NONE', *, *, #207, .F. ) ;
#1093 = DIRECTION ( 'NONE',  ( 0.000000000000000000, 0.000000000000000000, 1.000000000000000000 ) ) ;
#1094 = ORIENTED_EDGE ( 'NONE', *, *, #1000, .F. ) ;
#1095 = DIRECTION ( 'NONE',  ( 0.000000000000000000, -1.000000000000000000, 0.000000000000000000 ) ) ;
#1096 = LINE ( 'NONE', #1003, #1202 ) ;
#1097 = EDGE_CURVE ( 'NONE', #1345, #1104, #957, .T. ) ;
#1098 = CYLINDRICAL_SURFACE ( 'NONE', #20, 31.75000000000000355 ) ;
#1099 = ORIENTED_EDGE ( 'NONE', *, *, #959, .T. ) ;
#1100 = ADVANCED_FACE ( 'NONE', ( #623 ), #601, .T. ) ;
#1101 = DIRECTION ( 'NONE',  ( -1.000000000000000000, 0.000000000000000000, 0.000000000000000000 ) ) ;
#1102 = CARTESIAN_POINT ( 'NONE',  ( -2.250000000000000000, 33.42435489280234862, -160.5952460428229358 ) ) ;
#1103 = MECHANICAL_CONTEXT ( 'NONE', #1199, 'mechanical' ) ;
#1104 = VERTEX_POINT ( 'NONE', #836 ) ;
#1105 = CARTESIAN_POINT ( 'NONE',  ( -31.92080042856067834, 2.250000000000000000, -134.5952460428229358 ) ) ;
#1106 = EDGE_LOOP ( 'NONE', ( #34, #331 ) ) ;
#1107 = CARTESIAN_POINT ( 'NONE',  ( -33.42435489280234151, -2.250000000000000000, -134.5952460428229358 ) ) ;
#1108 = CIRCLE ( 'NONE', #1182, 31.75000000000000000 ) ;
#1109 = VECTOR ( 'NONE', #1213, 1000.000000000000000 ) ;
#1110 = CARTESIAN_POINT ( 'NONE',  ( 31.92080042856067124, 2.249999999999999112, -134.5952460428229358 ) ) ;
#1111 = AXIS2_PLACEMENT_3D ( 'NONE', #106, #1361, #544 ) ;
#1112 = CARTESIAN_POINT ( 'NONE',  ( 2.250000000000000000, 33.50000000000001421, -134.5952460428229358 ) ) ;
#1113 = TOROIDAL_SURFACE ( 'NONE', #42, 130.0000000000000000, 31.75000000000000000 ) ;
#1114 = CARTESIAN_POINT ( 'NONE',  ( -30.64199796489157279, 0.000000000000000000, -92.12865658685157655 ) ) ;
#1115 = ORIENTED_EDGE ( 'NONE', *, *, #74, .F. ) ;
#1116 = DIRECTION ( 'NONE',  ( -0.000000000000000000, -0.000000000000000000, -1.000000000000000000 ) ) ;
#1117 = DIRECTION ( 'NONE',  ( -0.000000000000000000, -0.000000000000000000, -1.000000000000000000 ) ) ;
#1118 = DIRECTION ( 'NONE',  ( -0.000000000000000000, 0.000000000000000000, -1.000000000000000000 ) ) ;
#1119 = EDGE_LOOP ( 'NONE', ( #6, #278, #524, #942 ) ) ;
#1120 = CARTESIAN_POINT ( 'NONE',  ( 33.50000000000000711, -2.250000000000000000, -134.5952460428229358 ) ) ;
#1121 = EDGE_LOOP ( 'NONE', ( #918, #349, #1029, #1076 ) ) ;
#1122 = PLANE ( 'NONE',  #268 ) ;
#1123 = CARTESIAN_POINT ( 'NONE',  ( 0.000000000000000000, 0.000000000000000000, -96.10827625781139716 ) ) ;
#1124 = CARTESIAN_POINT ( 'NONE',  ( 58.25738685968796915, 3.888253587292846476E-15, 164.4047539571770642 ) ) ;
#1125 = ORIENTED_EDGE ( 'NONE', *, *, #599, .T. ) ;
#1126 = FACE_OUTER_BOUND ( 'NONE', #1214, .T. ) ;
#1127 = EDGE_CURVE ( 'NONE', #116, #259, #619, .T. ) ;
#1128 = VERTEX_POINT ( 'NONE', #1364 ) ;
#1129 = CARTESIAN_POINT ( 'NONE',  ( -32.00000000000000711, 0.000000000000000000, -160.5952460428229074 ) ) ;
#1130 = CARTESIAN_POINT ( 'NONE',  ( -36.75000000000000000, 4.500576986866523006E-15, -89.90552565523476858 ) ) ;
#1131 = AXIS2_PLACEMENT_3D ( 'NONE', #867, #1294, #328 ) ;
#1132 = ORIENTED_EDGE ( 'NONE', *, *, #1208, .T. ) ;
#1133 = LINE ( 'NONE', #941, #1158 ) ;
#1134 = AXIS2_PLACEMENT_3D ( 'NONE', #1239, #266, #503 ) ;
#1135 = ORIENTED_EDGE ( 'NONE', *, *, #187, .T. ) ;
#1136 = CIRCLE ( 'NONE', #364, 32.00000000000000000 ) ;
#1137 = CYLINDRICAL_SURFACE ( 'NONE', #335, 31.75000000000000000 ) ;
#1138 = PERSON ( 'UNSPECIFIED', 'UNSPECIFIED', 'UNSPECIFIED', ('UNSPECIFIED'), ('UNSPECIFIED'), ('UNSPECIFIED') ) ;
#1139 = CARTESIAN_POINT ( 'NONE',  ( 30.64199796489157279, 3.822791448184060810E-15, -92.12865658685157655 ) ) ;
#1140 = DESIGN_CONTEXT ( 'detailed design', #1074, 'design' ) ;
#1141 = ORIENTED_EDGE ( 'NONE', *, *, #953, .T. ) ;
#1142 = DIRECTION ( 'NONE',  ( 0.000000000000000000, 0.000000000000000000, 1.000000000000000000 ) ) ;
#1143 = ORIENTED_EDGE ( 'NONE', *, *, #107, .T. ) ;
#1144 = CARTESIAN_POINT ( 'NONE',  ( -6.632044609226839342E-15, 0.000000000000000000, -160.5952460428229358 ) ) ;
#1145 = EDGE_CURVE ( 'NONE', #654, #632, #1358, .T. ) ;
#1146 = LINE ( 'NONE', #366, #431 ) ;
#1147 = VERTEX_POINT ( 'NONE', #1046 ) ;
#1148 = DIRECTION ( 'NONE',  ( 0.8660254037844417052, 0.000000000000000000, -0.4999999999999947264 ) ) ;
#1149 = ORIENTED_EDGE ( 'NONE', *, *, #642, .T. ) ;
#1150 = LINE ( 'NONE', #75, #195 ) ;
#1151 = LINE ( 'NONE', #271, #936 ) ;
#1152 = PERSON_AND_ORGANIZATION_ROLE ( 'classification_officer' ) ;
#1153 = ORIENTED_EDGE ( 'NONE', *, *, #451, .T. ) ;
#1154 = VECTOR ( 'NONE', #653, 1000.000000000000000 ) ;
#1155 = DIRECTION ( 'NONE',  ( 0.8660254037844417052, 0.000000000000000000, -0.4999999999999946709 ) ) ;
#1156 = AXIS2_PLACEMENT_3D ( 'NONE', #384, #1236, #263 ) ;
#1157 = ORIENTED_EDGE ( 'NONE', *, *, #805, .F. ) ;
#1158 = VECTOR ( 'NONE', #157, 1000.000000000000000 ) ;
#1159 = TOROIDAL_SURFACE ( 'NONE', #1353, 28.49999999999999645, 5.000000000000000000 ) ;
#1160 = DIRECTION ( 'NONE',  ( -1.000000000000000000, 0.000000000000000000, 0.000000000000000000 ) ) ;
#1161 = DIRECTION ( 'NONE',  ( -0.8660254037844420383, 0.000000000000000000, 0.4999999999999939493 ) ) ;
#1162 = CARTESIAN_POINT ( 'NONE',  ( 0.000000000000000000, 0.000000000000000000, -160.5952460428229358 ) ) ;
#1163 = DIRECTION ( 'NONE',  ( -0.000000000000000000, -0.000000000000000000, -1.000000000000000000 ) ) ;
#1164 = VERTEX_POINT ( 'NONE', #825 ) ;
#1165 = FACE_OUTER_BOUND ( 'NONE', #58, .T. ) ;
#1166 = EDGE_CURVE ( 'NONE', #998, #303, #793, .T. ) ;
#1167 = CARTESIAN_POINT ( 'NONE',  ( -6.632044609226839342E-15, 0.000000000000000000, -134.5952460428229358 ) ) ;
#1168 = DIRECTION ( 'NONE',  ( 0.000000000000000000, 0.000000000000000000, 1.000000000000000000 ) ) ;
#1169 = CARTESIAN_POINT ( 'NONE',  ( -6.632044609226839342E-15, 0.000000000000000000, -134.5952460428229358 ) ) ;
#1170 = ORIENTED_EDGE ( 'NONE', *, *, #187, .F. ) ;
#1171 = DIRECTION ( 'NONE',  ( -1.000000000000000000, 0.000000000000000000, 0.000000000000000000 ) ) ;
#1172 = DIRECTION ( 'NONE',  ( -1.000000000000000000, 0.000000000000000000, 0.000000000000000000 ) ) ;
#1173 = DIRECTION ( 'NONE',  ( -1.000000000000000000, 0.000000000000000000, 0.000000000000000000 ) ) ;
#1174 = AXIS2_PLACEMENT_3D ( 'NONE', #440, #874, #898 ) ;
#1175 = EDGE_LOOP ( 'NONE', ( #908, #425, #847, #96 ) ) ;
#1176 = VECTOR ( 'NONE', #144, 1000.000000000000000 ) ;
#1177 = AXIS2_PLACEMENT_3D ( 'NONE', #675, #789, #1317 ) ;
#1178 = CIRCLE ( 'NONE', #413, 32.00000000000000000 ) ;
#1179 = AXIS2_PLACEMENT_3D ( 'NONE', #1169, #420, #1183 ) ;
#1180 = ADVANCED_FACE ( 'NONE', ( #1052 ), #301, .F. ) ;
#1181 = DIRECTION ( 'NONE',  ( 0.000000000000000000, -1.000000000000000000, 0.000000000000000000 ) ) ;
#1182 = AXIS2_PLACEMENT_3D ( 'NONE', #119, #343, #1101 ) ;
#1183 = DIRECTION ( 'NONE',  ( -1.000000000000000000, 0.000000000000000000, 0.000000000000000000 ) ) ;
#1184 = EDGE_CURVE ( 'NONE', #1283, #1045, #705, .T. ) ;
#1185 = ORIENTED_EDGE ( 'NONE', *, *, #26, .F. ) ;
#1186 = CARTESIAN_POINT ( 'NONE',  ( -6.632044609226839342E-15, 0.000000000000000000, -134.5952460428229358 ) ) ;
#1187 = DIRECTION ( 'NONE',  ( -0.000000000000000000, -0.000000000000000000, 1.000000000000000000 ) ) ;
#1188 = FACE_OUTER_BOUND ( 'NONE', #435, .T. ) ;
#1189 = ORIENTED_EDGE ( 'NONE', *, *, #342, .F. ) ;
#1190 = DIRECTION ( 'NONE',  ( -0.000000000000000000, -1.000000000000000000, -0.000000000000000000 ) ) ;
#1191 = FACE_OUTER_BOUND ( 'NONE', #156, .T. ) ;
#1192 = CARTESIAN_POINT ( 'NONE',  ( 0.000000000000000000, 0.000000000000000000, -89.90552565523476858 ) ) ;
#1193 = LINE ( 'NONE', #966, #410 ) ;
#1194 = ORIENTED_EDGE ( 'NONE', *, *, #657, .F. ) ;
#1195 = DIRECTION ( 'NONE',  ( 0.4999999999999947264, 0.000000000000000000, 0.8660254037844417052 ) ) ;
#1196 = ORIENTED_EDGE ( 'NONE', *, *, #214, .F. ) ;
#1197 = CIRCLE ( 'NONE', #910, 33.50000000000000711 ) ;
#1198 = AXIS2_PLACEMENT_3D ( 'NONE', #1233, #770, #446 ) ;
#1199 = APPLICATION_CONTEXT ( 'configuration controlled 3d designs of mechanical parts and assemblies' ) ;
#1200 = ADVANCED_FACE ( 'NONE', ( #376 ), #808, .T. ) ;
#1201 = DIRECTION ( 'NONE',  ( 0.000000000000000000, 0.000000000000000000, 1.000000000000000000 ) ) ;
#1202 = VECTOR ( 'NONE', #580, 1000.000000000000000 ) ;
#1203 = AXIS2_PLACEMENT_3D ( 'NONE', #1120, #369, #37 ) ;
#1204 = AXIS2_PLACEMENT_3D ( 'NONE', #1224, #561, #782 ) ;
#1205 = CARTESIAN_POINT ( 'NONE',  ( 0.000000000000000000, 0.000000000000000000, -91.61562637186307256 ) ) ;
#1206 = EDGE_CURVE ( 'NONE', #540, #559, #1133, .T. ) ;
#1207 = CARTESIAN_POINT ( 'NONE',  ( -6.632044609226839342E-15, 0.000000000000000000, -96.47688094636507117 ) ) ;
#1208 = EDGE_CURVE ( 'NONE', #1384, #325, #520, .T. ) ;
#1209 = VERTEX_POINT ( 'NONE', #1346 ) ;
#1210 = EDGE_CURVE ( 'NONE', #1297, #122, #814, .T. ) ;
#1211 = CARTESIAN_POINT ( 'NONE',  ( 33.50000000000000711, -2.250000000000000000, -134.5952460428229358 ) ) ;
#1212 = CARTESIAN_POINT ( 'NONE',  ( 33.42435489280233440, -2.250000000000000000, -134.5952460428229358 ) ) ;
#1213 = DIRECTION ( 'NONE',  ( -1.000000000000000000, 0.000000000000000000, 0.000000000000000000 ) ) ;
#1214 = EDGE_LOOP ( 'NONE', ( #1372, #267, #736, #1365 ) ) ;
#1215 = ORIENTED_EDGE ( 'NONE', *, *, #905, .F. ) ;
#1216 = DIRECTION ( 'NONE',  ( -0.000000000000000000, -0.000000000000000000, 1.000000000000000000 ) ) ;
#1217 = CARTESIAN_POINT ( 'NONE',  ( -33.50000000000000711, 0.000000000000000000, -134.5952460428229358 ) ) ;
#1218 = DIRECTION ( 'NONE',  ( -1.000000000000000000, 0.000000000000000000, 0.000000000000000000 ) ) ;
#1219 = EDGE_CURVE ( 'NONE', #649, #143, #1308, .T. ) ;
#1220 = VERTEX_POINT ( 'NONE', #741 ) ;
#1221 = PLANE ( 'NONE',  #621 ) ;
#1222 = EDGE_CURVE ( 'NONE', #141, #394, #848, .T. ) ;
#1223 = AXIS2_PLACEMENT_3D ( 'NONE', #310, #752, #1172 ) ;
#1224 = CARTESIAN_POINT ( 'NONE',  ( 0.000000000000000000, 0.000000000000000000, -95.59524604282290738 ) ) ;
#1225 = AXIS2_PLACEMENT_3D ( 'NONE', #279, #398, #1268 ) ;
#1226 = COORDINATED_UNIVERSAL_TIME_OFFSET ( 1, 0, .AHEAD. ) ;
#1227 = AXIS2_PLACEMENT_3D ( 'NONE', #40, #492, #1349 ) ;
#1228 = EDGE_CURVE ( 'NONE', #294, #116, #1381, .T. ) ;
#1229 = DIRECTION ( 'NONE',  ( 0.000000000000000000, 0.000000000000000000, 1.000000000000000000 ) ) ;
#1230 = ORIENTED_EDGE ( 'NONE', *, *, #238, .F. ) ;
#1231 = DIRECTION ( 'NONE',  ( -0.000000000000000000, -0.000000000000000000, -1.000000000000000000 ) ) ;
#1232 = FACE_OUTER_BOUND ( 'NONE', #813, .T. ) ;
#1233 = CARTESIAN_POINT ( 'NONE',  ( -3.316022304613419671E-15, 0.000000000000000000, -96.47688094636507117 ) ) ;
#1234 = CARTESIAN_POINT ( 'NONE',  ( 17.41669750802259031, 0.000000000000000000, 30.16660498395371093 ) ) ;
#1235 = EDGE_LOOP ( 'NONE', ( #1040, #261, #169, #948, #1141, #1351, #614, #79, #441, #230, #382, #1376 ) ) ;
#1236 = DIRECTION ( 'NONE',  ( 0.000000000000000000, 0.000000000000000000, 1.000000000000000000 ) ) ;
#1237 = DIRECTION ( 'NONE',  ( 0.000000000000000000, 0.000000000000000000, 1.000000000000000000 ) ) ;
#1238 = ORIENTED_EDGE ( 'NONE', *, *, #644, .T. ) ;
#1239 = CARTESIAN_POINT ( 'NONE',  ( 0.000000000000000000, 0.000000000000000000, -160.5952460428229358 ) ) ;
#1240 = EDGE_LOOP ( 'NONE', ( #855, #100, #719, #1185 ) ) ;
#1241 = FACE_OUTER_BOUND ( 'NONE', #1347, .T. ) ;
#1242 = DIRECTION ( 'NONE',  ( -1.000000000000000000, 0.000000000000000000, 0.000000000000000000 ) ) ;
#1243 = VECTOR ( 'NONE', #678, 1000.000000000000000 ) ;
#1244 = EDGE_CURVE ( 'NONE', #998, #1220, #1193, .T. ) ;
#1245 = VECTOR ( 'NONE', #558, 1000.000000000000000 ) ;
#1246 = ORIENTED_EDGE ( 'NONE', *, *, #1222, .T. ) ;
#1247 = DIRECTION ( 'NONE',  ( -0.8660254037844417052, 0.000000000000000000, 0.4999999999999946709 ) ) ;
#1248 = CIRCLE ( 'NONE', #775, 32.00000000000000000 ) ;
#1249 = CIRCLE ( 'NONE', #639, 31.75000000000000355 ) ;
#1250 = VERTEX_POINT ( 'NONE', #1282 ) ;
#1251 = VECTOR ( 'NONE', #1160, 1000.000000000000000 ) ;
#1252 = EDGE_CURVE ( 'NONE', #649, #371, #218, .T. ) ;
#1253 = CARTESIAN_POINT ( 'NONE',  ( -6.632044609226839342E-15, 0.000000000000000000, -160.5952460428229358 ) ) ;
#1254 = EDGE_LOOP ( 'NONE', ( #912, #471, #28, #308 ) ) ;
#1255 = DIRECTION ( 'NONE',  ( 0.8660254037844417052, 0.000000000000000000, -0.4999999999999947264 ) ) ;
#1256 = ORIENTED_EDGE ( 'NONE', *, *, #368, .T. ) ;
#1257 = CYLINDRICAL_SURFACE ( 'NONE', #82, 32.00000000000000000 ) ;
#1258 = DIRECTION ( 'NONE',  ( 1.000000000000000000, 0.000000000000000000, 0.000000000000000000 ) ) ;
#1259 = COORDINATED_UNIVERSAL_TIME_OFFSET ( 1, 0, .AHEAD. ) ;
#1260 = EDGE_LOOP ( 'NONE', ( #1383, #452, #801, #875 ) ) ;
#1261 = CARTESIAN_POINT ( 'NONE',  ( 0.000000000000000000, 0.000000000000000000, -34.83339501604554300 ) ) ;
#1262 = ORIENTED_EDGE ( 'NONE', *, *, #1321, .T. ) ;
#1263 = EDGE_CURVE ( 'NONE', #632, #185, #819, .T. ) ;
#1264 = DIRECTION ( 'NONE',  ( 0.000000000000000000, 1.000000000000000000, 0.000000000000000000 ) ) ;
#1265 = DIRECTION ( 'NONE',  ( 0.000000000000000000, 0.000000000000000000, -1.000000000000000000 ) ) ;
#1266 = ADVANCED_FACE ( 'NONE', ( #1188 ), #1064, .T. ) ;
#1267 = ORIENTED_EDGE ( 'NONE', *, *, #1070, .F. ) ;
#1268 = DIRECTION ( 'NONE',  ( 0.000000000000000000, -0.000000000000000000, -1.000000000000000000 ) ) ;
#1269 = EDGE_LOOP ( 'NONE', ( #18, #417, #628, #832 ) ) ;
#1270 = AXIS2_PLACEMENT_3D ( 'NONE', #1090, #1117, #573 ) ;
#1271 = DIRECTION ( 'NONE',  ( -0.4999999999999946709, 0.000000000000000000, -0.8660254037844417052 ) ) ;
#1272 = DIRECTION ( 'NONE',  ( -0.8660254037844418162, 0.000000000000000000, 0.4999999999999945599 ) ) ;
#1273 = FACE_OUTER_BOUND ( 'NONE', #1106, .T. ) ;
#1274 = ORIENTED_EDGE ( 'NONE', *, *, #1219, .F. ) ;
#1275 = DIRECTION ( 'NONE',  ( -1.000000000000000000, 0.000000000000000000, 0.000000000000000000 ) ) ;
#1276 = CARTESIAN_POINT ( 'NONE',  ( 33.50000000000000711, 2.250000000000000000, -134.5952460428229358 ) ) ;
#1277 = ORIENTED_EDGE ( 'NONE', *, *, #11, .T. ) ;
#1278 = ORIENTED_EDGE ( 'NONE', *, *, #810, .F. ) ;
#1279 = EDGE_CURVE ( 'NONE', #1293, #729, #1249, .T. ) ;
#1280 = FACE_OUTER_BOUND ( 'NONE', #589, .T. ) ;
#1281 = ADVANCED_FACE ( 'NONE', ( #311, #1273 ), #205, .F. ) ;
#1282 = CARTESIAN_POINT ( 'NONE',  ( -8.780570956456807963, 3.704556567420743754E-15, 45.29160498395349066 ) ) ;
#1283 = VERTEX_POINT ( 'NONE', #662 ) ;
#1284 = AXIS2_PLACEMENT_3D ( 'NONE', #350, #1095, #1307 ) ;
#1285 = LOCAL_TIME ( 0, 3, 41.00000000000000000, #265 ) ;
#1286 = TOROIDAL_SURFACE ( 'NONE', #1041, 36.75000000000000000, 5.000000000000000000 ) ;
#1287 = CIRCLE ( 'NONE', #687, 31.75000000000000000 ) ;
#1288 = DIRECTION ( 'NONE',  ( -1.000000000000000000, 0.000000000000000000, 0.000000000000000000 ) ) ;
#1289 = CARTESIAN_POINT ( 'NONE',  ( 36.75000000000000000, 0.000000000000000000, -89.90552565523476858 ) ) ;
#1290 = DIRECTION ( 'NONE',  ( -0.8660254037844417052, 0.000000000000000000, 0.4999999999999946709 ) ) ;
#1291 = ORIENTED_EDGE ( 'NONE', *, *, #1318, .F. ) ;
#1292 = LINE ( 'NONE', #784, #86 ) ;
#1293 = VERTEX_POINT ( 'NONE', #641 ) ;
#1294 = DIRECTION ( 'NONE',  ( 0.000000000000000000, 0.000000000000000000, -1.000000000000000000 ) ) ;
#1295 = LINE ( 'NONE', #769, #155 ) ;
#1296 = DIRECTION ( 'NONE',  ( 0.000000000000000000, 0.000000000000000000, -1.000000000000000000 ) ) ;
#1297 = VERTEX_POINT ( 'NONE', #330 ) ;
#1298 = DIRECTION ( 'NONE',  ( 0.000000000000000000, 0.000000000000000000, -1.000000000000000000 ) ) ;
#1299 = EDGE_CURVE ( 'NONE', #259, #199, #997, .T. ) ;
#1300 = FACE_OUTER_BOUND ( 'NONE', #375, .T. ) ;
#1301 = EDGE_CURVE ( 'NONE', #1164, #1037, #273, .T. ) ;
#1302 = FACE_OUTER_BOUND ( 'NONE', #1240, .T. ) ;
#1303 =( NAMED_UNIT ( * ) PLANE_ANGLE_UNIT ( ) SI_UNIT ( $, .RADIAN. ) );
#1304 = DIRECTION ( 'NONE',  ( 0.000000000000000000, 0.000000000000000000, -1.000000000000000000 ) ) ;
#1305 = VERTEX_POINT ( 'NONE', #322 ) ;
#1306 = AXIS2_PLACEMENT_3D ( 'NONE', #1022, #586, #922 ) ;
#1307 = DIRECTION ( 'NONE',  ( 0.000000000000000000, 0.000000000000000000, -1.000000000000000000 ) ) ;
#1308 = CIRCLE ( 'NONE', #1332, 33.50000000000000000 ) ;
#1309 = CIRCLE ( 'NONE', #91, 4.999999999999997335 ) ;
#1310 = CARTESIAN_POINT ( 'NONE',  ( 130.0000000000000000, -3.888253587292846476E-15, -34.83339501604551458 ) ) ;
#1311 = ORIENTED_EDGE ( 'NONE', *, *, #1000, .T. ) ;
#1312 = CARTESIAN_POINT ( 'NONE',  ( -2.250000000000000000, -33.42435489280234862, -160.5952460428229358 ) ) ;
#1313 = ORIENTED_EDGE ( 'NONE', *, *, #1008, .F. ) ;
#1314 = CARTESIAN_POINT ( 'NONE',  ( 0.000000000000000000, 0.000000000000000000, -160.5952460428229358 ) ) ;
#1315 = EDGE_CURVE ( 'NONE', #105, #1336, #99, .T. ) ;
#1316 = CARTESIAN_POINT ( 'NONE',  ( -6.632044609226839342E-15, 0.000000000000000000, -134.5952460428229358 ) ) ;
#1317 = DIRECTION ( 'NONE',  ( 1.000000000000000000, 0.000000000000000000, 0.000000000000000000 ) ) ;
#1318 = EDGE_CURVE ( 'NONE', #1297, #1164, #306, .T. ) ;
#1319 = DIRECTION ( 'NONE',  ( 0.000000000000000000, 0.000000000000000000, 1.000000000000000000 ) ) ;
#1320 = ORIENTED_EDGE ( 'NONE', *, *, #238, .T. ) ;
#1321 = EDGE_CURVE ( 'NONE', #850, #1345, #757, .T. ) ;
#1322 = LINE ( 'NONE', #537, #1243 ) ;
#1323 = CARTESIAN_POINT ( 'NONE',  ( 0.000000000000000000, 0.000000000000000000, -89.90552565523476858 ) ) ;
#1324 = APPROVAL_DATE_TIME ( #251, #1079 ) ;
#1325 = ORIENTED_EDGE ( 'NONE', *, *, #232, .F. ) ;
#1326 = DIRECTION ( 'NONE',  ( -1.000000000000000000, 0.000000000000000000, 0.000000000000000000 ) ) ;
#1327 = ORIENTED_EDGE ( 'NONE', *, *, #1009, .T. ) ;
#1328 = ADVANCED_FACE ( 'NONE', ( #1082 ), #104, .T. ) ;
#1329 = CARTESIAN_POINT ( 'NONE',  ( -6.632044609226839342E-15, 0.000000000000000000, -160.5952460428229074 ) ) ;
#1330 = CIRCLE ( 'NONE', #1066, 30.25000000000000000 ) ;
#1331 = CARTESIAN_POINT ( 'NONE',  ( 33.42435489280233440, 2.250000000000000000, -134.5952460428229358 ) ) ;
#1332 = AXIS2_PLACEMENT_3D ( 'NONE', #978, #1370, #434 ) ;
#1333 = FACE_OUTER_BOUND ( 'NONE', #361, .T. ) ;
#1334 = AXIS2_PLACEMENT_3D ( 'NONE', #1253, #283, #796 ) ;
#1335 = DIRECTION ( 'NONE',  ( -0.000000000000000000, 0.000000000000000000, -1.000000000000000000 ) ) ;
#1336 = VERTEX_POINT ( 'NONE', #764 ) ;
#1337 = CARTESIAN_POINT ( 'NONE',  ( 2.250000000000000000, -31.92080042856068545, -134.5952460428229358 ) ) ;
#1338 = DIRECTION ( 'NONE',  ( 1.000000000000000000, 0.000000000000000000, 0.000000000000000000 ) ) ;
#1339 = EDGE_LOOP ( 'NONE', ( #1099, #530, #864, #1094, #981, #672, #1274, #377, #546, #292, #496, #1058 ) ) ;
#1340 = DIRECTION ( 'NONE',  ( -0.000000000000000000, -0.000000000000000000, -1.000000000000000000 ) ) ;
#1341 = VERTEX_POINT ( 'NONE', #115 ) ;
#1342 = CARTESIAN_POINT ( 'NONE',  ( -33.50000000000000711, 0.000000000000000000, -160.5952460428229074 ) ) ;
#1343 = EDGE_CURVE ( 'NONE', #654, #1, #952, .T. ) ;
#1344 = DIRECTION ( 'NONE',  ( -0.000000000000000000, -0.000000000000000000, 1.000000000000000000 ) ) ;
#1345 = VERTEX_POINT ( 'NONE', #522 ) ;
#1346 = CARTESIAN_POINT ( 'NONE',  ( -30.25000000000000000, 3.704556567420743754E-15, -89.90552565523476858 ) ) ;
#1347 = EDGE_LOOP ( 'NONE', ( #1047, #485, #1313, #970, #667, #49 ) ) ;
#1348 = DIRECTION ( 'NONE',  ( 0.000000000000000000, 0.000000000000000000, 1.000000000000000000 ) ) ;
#1349 = DIRECTION ( 'NONE',  ( -1.000000000000000000, 0.000000000000000000, -5.551115123125782702E-17 ) ) ;
#1350 = CIRCLE ( 'NONE', #19, 33.50000000000000711 ) ;
#1351 = ORIENTED_EDGE ( 'NONE', *, *, #726, .T. ) ;
#1352 = CARTESIAN_POINT ( 'NONE',  ( -6.632044609226839342E-15, 0.000000000000000000, -134.5952460428229358 ) ) ;
#1353 = AXIS2_PLACEMENT_3D ( 'NONE', #1065, #407, #857 ) ;
#1354 = EDGE_LOOP ( 'NONE', ( #228, #52, #1132, #1363 ) ) ;
#1355 = VECTOR ( 'NONE', #618, 1000.000000000000000 ) ;
#1356 = DIRECTION ( 'NONE',  ( 1.224646799147353207E-16, 1.000000000000000000, -0.000000000000000000 ) ) ;
#1357 = ORIENTED_EDGE ( 'NONE', *, *, #491, .F. ) ;
#1358 = LINE ( 'NONE', #720, #340 ) ;
#1359 = ORIENTED_EDGE ( 'NONE', *, *, #1184, .T. ) ;
#1360 = ADVANCED_FACE ( 'NONE', ( #960 ), #883, .T. ) ;
#1361 = DIRECTION ( 'NONE',  ( 0.000000000000000000, 1.000000000000000000, 0.000000000000000000 ) ) ;
#1362 = CARTESIAN_POINT ( 'NONE',  ( 17.41669750802252281, 0.000000000000000000, 30.16660498395369672 ) ) ;
#1363 = ORIENTED_EDGE ( 'NONE', *, *, #827, .F. ) ;
#1364 = CARTESIAN_POINT ( 'NONE',  ( -31.78892417275068638, 0.000000000000000000, -95.27981044472525696 ) ) ;
#1365 = ORIENTED_EDGE ( 'NONE', *, *, #617, .T. ) ;
#1366 = DIRECTION ( 'NONE',  ( 0.000000000000000000, 0.000000000000000000, 1.000000000000000000 ) ) ;
#1367 = EDGE_CURVE ( 'NONE', #143, #1341, #988, .T. ) ;
#1368 = CARTESIAN_POINT ( 'NONE',  ( 85.75369342984400589, 0.000000000000000000, 148.5297539571772063 ) ) ;
#1369 = CARTESIAN_POINT ( 'NONE',  ( -31.75000000000000000, 3.888253587292846476E-15, -34.83339501604554300 ) ) ;
#1370 = DIRECTION ( 'NONE',  ( 0.000000000000000000, 0.000000000000000000, -1.000000000000000000 ) ) ;
#1371 = VECTOR ( 'NONE', #1168, 1000.000000000000000 ) ;
#1372 = ORIENTED_EDGE ( 'NONE', *, *, #806, .F. ) ;
#1373 = CIRCLE ( 'NONE', #885, 33.50000000000000000 ) ;
#1374 = VECTOR ( 'NONE', #670, 1000.000000000000000 ) ;
#1375 = CARTESIAN_POINT ( 'NONE',  ( -2.250000000000000000, 33.50000000000001421, -160.5952460428229358 ) ) ;
#1376 = ORIENTED_EDGE ( 'NONE', *, *, #1127, .T. ) ;
#1377 = ADVANCED_FACE ( 'NONE', ( #574 ), #357, .T. ) ;
#1378 = EDGE_CURVE ( 'NONE', #1336, #729, #408, .T. ) ;
#1379 = DIRECTION ( 'NONE',  ( -0.4999999999999938938, 0.000000000000000000, -0.8660254037844421493 ) ) ;
#1380 = ADVANCED_FACE ( 'NONE', ( #1333 ), #449, .F. ) ;
#1381 = LINE ( 'NONE', #1276, #110 ) ;
#1382 = EDGE_CURVE ( 'NONE', #122, #199, #556, .T. ) ;
#1383 = ORIENTED_EDGE ( 'NONE', *, *, #599, .F. ) ;
#1384 = VERTEX_POINT ( 'NONE', #1124 ) ;
#1385 = PLANE ( 'NONE',  #709 ) ;
#1386 = DIRECTION ( 'NONE',  ( -0.000000000000000000, -0.000000000000000000, -1.000000000000000000 ) ) ;
#1387 = CARTESIAN_POINT ( 'NONE',  ( -6.632044609226839342E-15, 0.000000000000000000, -134.5952460428229358 ) ) ;
#1388 = VERTEX_POINT ( 'NONE', #549 ) ;
#1389 = CARTESIAN_POINT ( 'NONE',  ( -6.632044609226839342E-15, 0.000000000000000000, -134.5952460428229358 ) ) ;
#1390 = CIRCLE ( 'NONE', #314, 33.50000000000000000 ) ;
#1391 = SECURITY_CLASSIFICATION ( '', '', #60 ) ;
#1392 = TOROIDAL_SURFACE ( 'NONE', #198, 36.75000000000000000, 5.000000000000000000 ) ;
#1393 = CIRCLE ( 'NONE', #298, 33.19846310392954081 ) ;
#1394 = CARTESIAN_POINT ( 'NONE',  ( 130.0000000000000000, 0.000000000000000000, -34.83339501604551458 ) ) ;
#1395 = ADVANCED_FACE ( 'NONE', ( #10 ), #697, .T. ) ;
ENDSEC;
END-ISO-10303-21;
