ISO-10303-21;
HEADER;
FILE_DESCRIPTION (( 'STEP AP203' ),
    '1' );
FILE_NAME ('79-8536 - 63.5mm 60deg.STEP',
    '2026-09-15T22:03:44',
    ( '' ),
    ( '' ),
    'SwSTEP 2.0',
    'SolidWorks 2026',
    '' );
FILE_SCHEMA (( 'CONFIG_CONTROL_DESIGN' ));
ENDSEC;

DATA;
#1 = CARTESIAN_POINT ( 'NONE',  ( 33.50000000000002842, -2.250000000000000000, -147.1902001999184506 ) ) ;
#2 = DIRECTION ( 'NONE',  ( -1.000000000000000000, 0.000000000000000000, 0.000000000000000000 ) ) ;
#3 = VERTEX_POINT ( 'NONE', #156 ) ;
#4 = ORIENTED_EDGE ( 'NONE', *, *, #500, .F. ) ;
#5 = EDGE_CURVE ( 'NONE', #667, #645, #309, .T. ) ;
#6 = EDGE_CURVE ( 'NONE', #305, #726, #890, .T. ) ;
#7 = CARTESIAN_POINT ( 'NONE',  ( 36.75000000000000000, 0.000000000000000000, -102.5004798123303686 ) ) ;
#8 = ORIENTED_EDGE ( 'NONE', *, *, #61, .T. ) ;
#9 = VERTEX_POINT ( 'NONE', #594 ) ;
#10 = CARTESIAN_POINT ( 'NONE',  ( -33.50000000000002132, 0.000000000000000000, -109.0718351034606144 ) ) ;
#11 = ORIENTED_EDGE ( 'NONE', *, *, #844, .F. ) ;
#12 = PRODUCT_DEFINITION_SHAPE ( 'NONE', 'NONE',  #646 ) ;
#13 = AXIS2_PLACEMENT_3D ( 'NONE', #729, #942, #1273 ) ;
#14 = CARTESIAN_POINT ( 'NONE',  ( 33.50000000000002842, 2.250000000000000000, -173.1902001999184506 ) ) ;
#15 = ORIENTED_EDGE ( 'NONE', *, *, #633, .T. ) ;
#16 = AXIS2_PLACEMENT_3D ( 'NONE', #812, #481, #54 ) ;
#17 = VECTOR ( 'NONE', #342, 1000.000000000000000 ) ;
#18 = DIRECTION ( 'NONE',  ( 1.000000000000000000, 0.000000000000000000, 0.000000000000000000 ) ) ;
#19 = EDGE_CURVE ( 'NONE', #1296, #1202, #968, .T. ) ;
#20 = DIRECTION ( 'NONE',  ( 0.000000000000000000, -0.000000000000000000, -1.000000000000000000 ) ) ;
#21 = CARTESIAN_POINT ( 'NONE',  ( -2.249999999999980016, 33.50000000000001421, -147.1902001999184506 ) ) ;
#22 = CARTESIAN_POINT ( 'NONE',  ( 130.0000000000000000, 0.000000000000000000, -75.05553499465096934 ) ) ;
#23 = ORIENTED_EDGE ( 'NONE', *, *, #984, .F. ) ;
#24 = LINE ( 'NONE', #887, #1147 ) ;
#25 = DIRECTION ( 'NONE',  ( 1.224646799147353207E-16, 1.000000000000000000, -0.000000000000000000 ) ) ;
#26 = CARTESIAN_POINT ( 'NONE',  ( -31.92080042856069966, 2.250000000000000000, -147.1902001999184506 ) ) ;
#27 = CARTESIAN_POINT ( 'NONE',  ( 30.25000000000000000, 0.000000000000000000, -102.5004798123303686 ) ) ;
#28 = EDGE_CURVE ( 'NONE', #201, #763, #236, .T. ) ;
#29 = DIRECTION ( 'NONE',  ( -0.000000000000000000, -1.000000000000000000, -0.000000000000000000 ) ) ;
#30 = VERTEX_POINT ( 'NONE', #27 ) ;
#31 = DIRECTION ( 'NONE',  ( -0.5000000000000044409, 0.000000000000000000, 0.8660254037844361541 ) ) ;
#32 = COORDINATED_UNIVERSAL_TIME_OFFSET ( 1, 0, .AHEAD. ) ;
#33 = LINE ( 'NONE', #259, #830 ) ;
#34 = DIRECTION ( 'NONE',  ( -1.000000000000000000, 1.224646799147354193E-16, 0.000000000000000000 ) ) ;
#35 = LINE ( 'NONE', #677, #424 ) ;
#36 = EDGE_LOOP ( 'NONE', ( #69, #785, #965, #866 ) ) ;
#37 = LOCAL_TIME ( 0, 3, 44.00000000000000000, #400 ) ;
#38 = PRODUCT_RELATED_PRODUCT_CATEGORY ( 'detail', '', ( #573 ) ) ;
#39 = CIRCLE ( 'NONE', #488, 31.78892417275068638 ) ;
#40 = CIRCLE ( 'NONE', #1188, 30.25000000000000355 ) ;
#41 = CARTESIAN_POINT ( 'NONE',  ( 32.00000000000000711, 3.918869757271532630E-15, -109.0718351034606144 ) ) ;
#42 = AXIS2_PLACEMENT_3D ( 'NONE', #22, #1196, #143 ) ;
#43 = PLANE ( 'NONE',  #759 ) ;
#44 = DIRECTION ( 'NONE',  ( 1.665334536937734811E-16, 0.000000000000000000, -1.000000000000000000 ) ) ;
#45 = DIRECTION ( 'NONE',  ( -1.000000000000000000, 0.000000000000000000, 0.000000000000000000 ) ) ;
#46 = ORIENTED_EDGE ( 'NONE', *, *, #1030, .F. ) ;
#47 = CARTESIAN_POINT ( 'NONE',  ( -31.75000000000000000, 3.888253587292846476E-15, -102.5004798123303686 ) ) ;
#48 = DATE_AND_TIME ( #1021, #535 ) ;
#49 = ADVANCED_FACE ( 'NONE', ( #51 ), #915, .T. ) ;
#50 = DIRECTION ( 'NONE',  ( -1.000000000000000000, 1.224646799147354193E-16, 0.000000000000000000 ) ) ;
#51 = FACE_OUTER_BOUND ( 'NONE', #1078, .T. ) ;
#52 = DIRECTION ( 'NONE',  ( -0.000000000000000000, -0.000000000000000000, 1.000000000000000000 ) ) ;
#53 = EDGE_LOOP ( 'NONE', ( #1019, #520, #185, #8 ) ) ;
#54 = DIRECTION ( 'NONE',  ( -1.000000000000000000, 0.000000000000000000, 0.000000000000000000 ) ) ;
#55 = DIRECTION ( 'NONE',  ( 1.224646799147353207E-16, 1.000000000000000000, -0.000000000000000000 ) ) ;
#56 = DIRECTION ( 'NONE',  ( -0.8660254037844363761, 0.000000000000000000, -0.5000000000000041078 ) ) ;
#57 = CARTESIAN_POINT ( 'NONE',  ( -5.715319939156700554E-15, 0.000000000000000000, -173.1902001999184506 ) ) ;
#58 = VERTEX_POINT ( 'NONE', #1094 ) ;
#59 = COORDINATED_UNIVERSAL_TIME_OFFSET ( 1, 0, .AHEAD. ) ;
#60 = AXIS2_PLACEMENT_3D ( 'NONE', #298, #1371, #405 ) ;
#61 = EDGE_CURVE ( 'NONE', #1009, #1354, #239, .T. ) ;
#62 = AXIS2_PLACEMENT_3D ( 'NONE', #599, #483, #920 ) ;
#63 = DIRECTION ( 'NONE',  ( 1.000000000000000000, 0.000000000000000000, 0.000000000000000000 ) ) ;
#64 = VECTOR ( 'NONE', #643, 1000.000000000000000 ) ;
#65 = CIRCLE ( 'NONE', #176, 31.75000000000000355 ) ;
#66 = CARTESIAN_POINT ( 'NONE',  ( 64.99999999999951683, 0.000000000000000000, 37.52776749732568362 ) ) ;
#67 = CARTESIAN_POINT ( 'NONE',  ( -2.249999999999980016, 33.42435489280235572, -173.1902001999184506 ) ) ;
#68 = VERTEX_POINT ( 'NONE', #562 ) ;
#69 = ORIENTED_EDGE ( 'NONE', *, *, #252, .F. ) ;
#70 = CARTESIAN_POINT ( 'NONE',  ( 2.250000000000019984, 33.42435489280234862, -173.1902001999184506 ) ) ;
#71 = DIRECTION ( 'NONE',  ( -0.8660254037844363761, 0.000000000000000000, -0.5000000000000041078 ) ) ;
#72 = DIRECTION ( 'NONE',  ( 0.000000000000000000, 0.000000000000000000, 1.000000000000000000 ) ) ;
#73 = EDGE_CURVE ( 'NONE', #1077, #763, #1059, .T. ) ;
#74 = ORIENTED_EDGE ( 'NONE', *, *, #631, .T. ) ;
#75 = ORIENTED_EDGE ( 'NONE', *, *, #1395, .T. ) ;
#76 = DIRECTION ( 'NONE',  ( 1.000000000000000000, 0.000000000000000000, 0.000000000000000000 ) ) ;
#77 = DIRECTION ( 'NONE',  ( -0.000000000000000000, -0.000000000000000000, -1.000000000000000000 ) ) ;
#78 = EDGE_LOOP ( 'NONE', ( #373, #425, #101, #23 ) ) ;
#79 = VERTEX_POINT ( 'NONE', #367 ) ;
#80 = AXIS2_PLACEMENT_3D ( 'NONE', #93, #72, #828 ) ;
#81 = CARTESIAN_POINT ( 'NONE',  ( -5.715319939156700554E-15, 0.000000000000000000, -109.0718351034606144 ) ) ;
#82 = EDGE_CURVE ( 'NONE', #1270, #1208, #455, .T. ) ;
#83 = EDGE_CURVE ( 'NONE', #731, #68, #1213, .T. ) ;
#84 = CIRCLE ( 'NONE', #356, 5.000000000000004441 ) ;
#85 = CARTESIAN_POINT ( 'NONE',  ( -30.25000000000000000, 3.704556567420743754E-15, -102.5004798123303686 ) ) ;
#86 = AXIS2_PLACEMENT_3D ( 'NONE', #1136, #604, #827 ) ;
#87 = ORIENTED_EDGE ( 'NONE', *, *, #1243, .F. ) ;
#88 = CIRCLE ( 'NONE', #465, 32.05153689607046630 ) ;
#89 = EDGE_CURVE ( 'NONE', #1178, #1290, #683, .T. ) ;
#90 = DIRECTION ( 'NONE',  ( 0.000000000000000000, 1.000000000000000000, 0.000000000000000000 ) ) ;
#91 = ORIENTED_EDGE ( 'NONE', *, *, #297, .F. ) ;
#92 = CARTESIAN_POINT ( 'NONE',  ( 0.000000000000000000, 0.000000000000000000, -108.7032304149069830 ) ) ;
#93 = CARTESIAN_POINT ( 'NONE',  ( 0.000000000000000000, 0.000000000000000000, -102.5004798123303686 ) ) ;
#94 = EDGE_LOOP ( 'NONE', ( #139, #295, #1197, #777 ) ) ;
#95 = FACE_OUTER_BOUND ( 'NONE', #103, .T. ) ;
#96 = ORIENTED_EDGE ( 'NONE', *, *, #335, .F. ) ;
#97 = DIRECTION ( 'NONE',  ( 1.665334536937734811E-16, 0.000000000000000000, -1.000000000000000000 ) ) ;
#98 = FACE_OUTER_BOUND ( 'NONE', #1264, .T. ) ;
#99 = FACE_OUTER_BOUND ( 'NONE', #1276, .T. ) ;
#100 = DESIGN_CONTEXT ( 'detailed design', #172, 'design' ) ;
#101 = ORIENTED_EDGE ( 'NONE', *, *, #952, .F. ) ;
#102 = DIRECTION ( 'NONE',  ( -0.000000000000000000, -0.000000000000000000, 1.000000000000000000 ) ) ;
#103 = EDGE_LOOP ( 'NONE', ( #122, #205, #917, #1365, #770, #1291 ) ) ;
#104 = EDGE_CURVE ( 'NONE', #961, #615, #757, .T. ) ;
#105 = FACE_OUTER_BOUND ( 'NONE', #602, .T. ) ;
#106 = CARTESIAN_POINT ( 'NONE',  ( 0.000000000000000000, 0.000000000000000000, -102.5004798123303686 ) ) ;
#107 = CC_DESIGN_SECURITY_CLASSIFICATION ( #627, ( #1210 ) ) ;
#108 = EDGE_CURVE ( 'NONE', #656, #407, #459, .T. ) ;
#109 = CIRCLE ( 'NONE', #1035, 32.00000000000001421 ) ;
#110 = ORIENTED_EDGE ( 'NONE', *, *, #317, .T. ) ;
#111 = AXIS2_PLACEMENT_3D ( 'NONE', #788, #1027, #384 ) ;
#112 = ORIENTED_EDGE ( 'NONE', *, *, #444, .T. ) ;
#113 = VECTOR ( 'NONE', #283, 1000.000000000000000 ) ;
#114 = CARTESIAN_POINT ( 'NONE',  ( 0.000000000000000000, 0.000000000000000000, -173.1902001999184506 ) ) ;
#115 = CARTESIAN_POINT ( 'NONE',  ( 0.000000000000000000, 0.000000000000000000, -75.05553499465092671 ) ) ;
#116 = ORIENTED_EDGE ( 'NONE', *, *, #1317, .T. ) ;
#117 = ORIENTED_EDGE ( 'NONE', *, *, #1198, .T. ) ;
#118 = DIRECTION ( 'NONE',  ( 1.000000000000000000, 0.000000000000000000, 0.000000000000000000 ) ) ;
#119 = DIRECTION ( 'NONE',  ( 1.000000000000000000, 0.000000000000000000, 0.000000000000000000 ) ) ;
#120 = ORIENTED_EDGE ( 'NONE', *, *, #1298, .F. ) ;
#121 = DIRECTION ( 'NONE',  ( -1.000000000000000000, 0.000000000000000000, 0.000000000000000000 ) ) ;
#122 = ORIENTED_EDGE ( 'NONE', *, *, #994, .T. ) ;
#123 = DIRECTION ( 'NONE',  ( 0.000000000000000000, 0.000000000000000000, 1.000000000000000000 ) ) ;
#124 = CARTESIAN_POINT ( 'NONE',  ( 30.25000000000000000, 0.000000000000000000, -173.1902001999184506 ) ) ;
#125 = ORIENTED_EDGE ( 'NONE', *, *, #1243, .T. ) ;
#126 = AXIS2_PLACEMENT_3D ( 'NONE', #1081, #674, #554 ) ;
#127 = PLANE ( 'NONE',  #490 ) ;
#128 = ORIENTED_EDGE ( 'NONE', *, *, #1298, .T. ) ;
#129 = AXIS2_PLACEMENT_3D ( 'NONE', #935, #1063, #940 ) ;
#130 = EDGE_CURVE ( 'NONE', #934, #1270, #514, .T. ) ;
#131 = CIRCLE ( 'NONE', #310, 31.75000000000000000 ) ;
#132 = VECTOR ( 'NONE', #381, 1000.000000000000000 ) ;
#133 = VECTOR ( 'NONE', #442, 1000.000000000000000 ) ;
#134 = DIRECTION ( 'NONE',  ( 0.5000000000000038858, 0.000000000000000000, -0.8660254037844363761 ) ) ;
#135 = FACE_OUTER_BOUND ( 'NONE', #78, .T. ) ;
#136 = CARTESIAN_POINT ( 'NONE',  ( 33.50000000000002842, 2.250000000000000000, -147.1902001999184506 ) ) ;
#137 = DIRECTION ( 'NONE',  ( -0.000000000000000000, -0.000000000000000000, -1.000000000000000000 ) ) ;
#138 = LINE ( 'NONE', #891, #589 ) ;
#139 = ORIENTED_EDGE ( 'NONE', *, *, #464, .F. ) ;
#140 = LINE ( 'NONE', #574, #198 ) ;
#141 = DIRECTION ( 'NONE',  ( -1.000000000000000000, 0.000000000000000000, -1.665334536937734811E-16 ) ) ;
#142 = CARTESIAN_POINT ( 'NONE',  ( 33.50000000000002842, -2.250000000000000000, -147.1902001999184506 ) ) ;
#143 = DIRECTION ( 'NONE',  ( 0.000000000000000000, 0.000000000000000000, 1.000000000000000000 ) ) ;
#144 = ORIENTED_EDGE ( 'NONE', *, *, #192, .F. ) ;
#145 = DIRECTION ( 'NONE',  ( -0.3420201433256698786, 0.000000000000000000, -0.9396926207859079838 ) ) ;
#146 = CARTESIAN_POINT ( 'NONE',  ( 80.12499999999955946, 0.000000000000000000, 11.33049903284654292 ) ) ;
#147 = FACE_OUTER_BOUND ( 'NONE', #94, .T. ) ;
#148 = ADVANCED_FACE ( 'NONE', ( #147 ), #583, .T. ) ;
#149 = CARTESIAN_POINT ( 'NONE',  ( -33.19846310392954791, 0.000000000000000000, -107.3617343868322678 ) ) ;
#150 = EDGE_CURVE ( 'NONE', #746, #1354, #909, .T. ) ;
#151 = VERTEX_POINT ( 'NONE', #260 ) ;
#152 = AXIS2_PLACEMENT_3D ( 'NONE', #507, #1050, #76 ) ;
#153 = AXIS2_PLACEMENT_3D ( 'NONE', #168, #613, #1386 ) ;
#154 = CIRCLE ( 'NONE', #739, 33.50000000000001421 ) ;
#155 = CARTESIAN_POINT ( 'NONE',  ( 28.50000000000001066, 0.000000000000000000, -109.0718351034606144 ) ) ;
#156 = CARTESIAN_POINT ( 'NONE',  ( 152.5000000000000284, 0.000000000000000000, 53.11622476544642524 ) ) ;
#157 = DIRECTION ( 'NONE',  ( -0.000000000000000000, -0.000000000000000000, -1.000000000000000000 ) ) ;
#158 = ORIENTED_EDGE ( 'NONE', *, *, #857, .T. ) ;
#159 = CALENDAR_DATE ( 2026, 16, 9 ) ;
#160 = CARTESIAN_POINT ( 'NONE',  ( -33.42435489280235572, -2.249999999999999112, -173.1902001999184222 ) ) ;
#161 = CARTESIAN_POINT ( 'NONE',  ( 0.000000000000000000, 0.000000000000000000, -102.5004798123303686 ) ) ;
#162 = ADVANCED_FACE ( 'NONE', ( #600 ), #760, .F. ) ;
#163 = DIRECTION ( 'NONE',  ( 0.000000000000000000, 0.000000000000000000, 1.000000000000000000 ) ) ;
#164 = ORIENTED_EDGE ( 'NONE', *, *, #444, .F. ) ;
#165 = EDGE_CURVE ( 'NONE', #746, #730, #402, .T. ) ;
#166 = PERSON_AND_ORGANIZATION ( #1222, #287 ) ;
#167 = DIRECTION ( 'NONE',  ( -1.000000000000000000, 0.000000000000000000, 0.000000000000000000 ) ) ;
#168 = CARTESIAN_POINT ( 'NONE',  ( 64.99999999999951683, 0.000000000000000000, 37.52776749732568362 ) ) ;
#169 = LINE ( 'NONE', #1225, #449 ) ;
#170 = ORIENTED_EDGE ( 'NONE', *, *, #844, .T. ) ;
#171 = ORIENTED_EDGE ( 'NONE', *, *, #895, .T. ) ;
#172 = APPLICATION_CONTEXT ( 'configuration controlled 3d designs of mechanical parts and assemblies' ) ;
#173 = CC_DESIGN_APPROVAL ( #544, ( #627 ) ) ;
#174 = AXIS2_PLACEMENT_3D ( 'NONE', #605, #1045, #916 ) ;
#175 = FACE_OUTER_BOUND ( 'NONE', #849, .T. ) ;
#176 = AXIS2_PLACEMENT_3D ( 'NONE', #66, #56, #1259 ) ;
#177 = DIRECTION ( 'NONE',  ( -1.000000000000000000, 0.000000000000000000, 0.000000000000000000 ) ) ;
#178 = DIRECTION ( 'NONE',  ( -0.000000000000000000, -0.000000000000000000, -1.000000000000000000 ) ) ;
#179 = ORIENTED_EDGE ( 'NONE', *, *, #351, .F. ) ;
#180 = EDGE_LOOP ( 'NONE', ( #417, #1118, #712, #1372 ) ) ;
#181 = DIRECTION ( 'NONE',  ( 0.000000000000000000, 1.000000000000000000, 0.000000000000000000 ) ) ;
#182 = CARTESIAN_POINT ( 'NONE',  ( 32.05153689607046630, 3.995410182218241308E-15, -104.2105805289587295 ) ) ;
#183 = ORIENTED_EDGE ( 'NONE', *, *, #1032, .F. ) ;
#184 = CARTESIAN_POINT ( 'NONE',  ( 2.884196218520847955E-14, 0.000000000000000000, -147.1902001999184506 ) ) ;
#185 = ORIENTED_EDGE ( 'NONE', *, *, #1217, .T. ) ;
#186 = EDGE_CURVE ( 'NONE', #3, #659, #40, .T. ) ;
#187 = CARTESIAN_POINT ( 'NONE',  ( 64.99999999999947420, 0.000000000000000000, 37.52776749732576889 ) ) ;
#188 = FACE_OUTER_BOUND ( 'NONE', #1183, .T. ) ;
#189 = ORIENTED_EDGE ( 'NONE', *, *, #1317, .F. ) ;
#190 = ORIENTED_EDGE ( 'NONE', *, *, #82, .F. ) ;
#191 = APPROVAL_STATUS ( 'not_yet_approved' ) ;
#192 = EDGE_CURVE ( 'NONE', #1126, #876, #1262, .T. ) ;
#193 = APPROVAL_PERSON_ORGANIZATION ( #1244, #346, #1233 ) ;
#194 = AXIS2_PLACEMENT_3D ( 'NONE', #57, #584, #595 ) ;
#195 = DIRECTION ( 'NONE',  ( -0.8660254037844363761, 0.000000000000000000, -0.5000000000000041078 ) ) ;
#196 = AXIS2_PLACEMENT_3D ( 'NONE', #1328, #1340, #691 ) ;
#197 = DIRECTION ( 'NONE',  ( -0.000000000000000000, -1.000000000000000000, -0.000000000000000000 ) ) ;
#198 = VECTOR ( 'NONE', #1003, 1000.000000000000000 ) ;
#199 = ORIENTED_EDGE ( 'NONE', *, *, #710, .F. ) ;
#200 = AXIS2_PLACEMENT_3D ( 'NONE', #841, #634, #524 ) ;
#201 = VERTEX_POINT ( 'NONE', #502 ) ;
#202 = CARTESIAN_POINT ( 'NONE',  ( 30.64199796489159766, 3.822791448184062387E-15, -104.7236107439472477 ) ) ;
#203 = CC_DESIGN_PERSON_AND_ORGANIZATION_ASSIGNMENT ( #1004, #803, ( #573 ) ) ;
#204 = DIRECTION ( 'NONE',  ( -0.000000000000000000, -0.000000000000000000, -1.000000000000000000 ) ) ;
#205 = ORIENTED_EDGE ( 'NONE', *, *, #476, .T. ) ;
#206 = EDGE_CURVE ( 'NONE', #30, #738, #333, .T. ) ;
#207 = ORIENTED_EDGE ( 'NONE', *, *, #550, .T. ) ;
#208 = EDGE_CURVE ( 'NONE', #726, #510, #741, .T. ) ;
#209 = CARTESIAN_POINT ( 'NONE',  ( -36.75000000000000000, 4.500576986866523006E-15, -102.5004798123303686 ) ) ;
#210 = PLANE ( 'NONE',  #896 ) ;
#211 = ORIENTED_EDGE ( 'NONE', *, *, #1048, .T. ) ;
#212 = ADVANCED_FACE ( 'NONE', ( #962 ), #1028, .F. ) ;
#213 = ORIENTED_EDGE ( 'NONE', *, *, #349, .F. ) ;
#214 = CARTESIAN_POINT ( 'NONE',  ( 31.78892417275068638, 3.893020423649704642E-15, -107.8747646018207860 ) ) ;
#215 = DIRECTION ( 'NONE',  ( 0.000000000000000000, 1.000000000000000000, 0.000000000000000000 ) ) ;
#216 = ORIENTED_EDGE ( 'NONE', *, *, #879, .T. ) ;
#217 = AXIS2_PLACEMENT_3D ( 'NONE', #639, #181, #282 ) ;
#218 = AXIS2_PLACEMENT_3D ( 'NONE', #1016, #44, #469 ) ;
#219 = CARTESIAN_POINT ( 'NONE',  ( 33.50000000000002842, 2.250000000000000000, -173.1902001999184506 ) ) ;
#220 = EDGE_LOOP ( 'NONE', ( #170, #164, #471, #892 ) ) ;
#221 = VECTOR ( 'NONE', #974, 1000.000000000000000 ) ;
#222 = DIRECTION ( 'NONE',  ( 1.000000000000000000, 0.000000000000000000, 0.000000000000000000 ) ) ;
#223 = LINE ( 'NONE', #539, #133 ) ;
#224 = ORIENTED_EDGE ( 'NONE', *, *, #796, .T. ) ;
#225 = CARTESIAN_POINT ( 'NONE',  ( 0.000000000000000000, 0.000000000000000000, -104.2105805289587295 ) ) ;
#226 = ORIENTED_EDGE ( 'NONE', *, *, #228, .F. ) ;
#227 = ADVANCED_FACE ( 'NONE', ( #1251 ), #902, .F. ) ;
#228 = EDGE_CURVE ( 'NONE', #961, #800, #1100, .T. ) ;
#229 = DIRECTION ( 'NONE',  ( -1.000000000000000000, 0.000000000000000000, 0.000000000000000000 ) ) ;
#230 = EDGE_LOOP ( 'NONE', ( #512, #207, #1058, #792 ) ) ;
#231 = FACE_OUTER_BOUND ( 'NONE', #995, .T. ) ;
#232 = EDGE_LOOP ( 'NONE', ( #224, #1311, #939, #1331 ) ) ;
#233 = EDGE_CURVE ( 'NONE', #730, #746, #65, .T. ) ;
#234 = CARTESIAN_POINT ( 'NONE',  ( -5.715319939156700554E-15, 0.000000000000000000, -147.1902001999184506 ) ) ;
#235 = LINE ( 'NONE', #124, #699 ) ;
#236 = LINE ( 'NONE', #1023, #1284 ) ;
#237 = CIRCLE ( 'NONE', #922, 33.50000000000000711 ) ;
#238 = ORIENTED_EDGE ( 'NONE', *, *, #1008, .T. ) ;
#239 = CIRCLE ( 'NONE', #1037, 31.75000000000000711 ) ;
#240 = AXIS2_PLACEMENT_3D ( 'NONE', #1119, #786, #590 ) ;
#241 = AXIS2_PLACEMENT_3D ( 'NONE', #440, #482, #365 ) ;
#242 = CARTESIAN_POINT ( 'NONE',  ( 0.000000000000000000, 0.000000000000000000, -108.7032304149069830 ) ) ;
#243 = PERSON_AND_ORGANIZATION ( #1222, #287 ) ;
#244 = CC_DESIGN_DATE_AND_TIME_ASSIGNMENT ( #48, #348, ( #646 ) ) ;
#245 = DIRECTION ( 'NONE',  ( 0.000000000000000000, -1.000000000000000000, 0.000000000000000000 ) ) ;
#246 = DIRECTION ( 'NONE',  ( -0.000000000000000000, -0.000000000000000000, -1.000000000000000000 ) ) ;
#247 = DIRECTION ( 'NONE',  ( -0.000000000000000000, -0.000000000000000000, -1.000000000000000000 ) ) ;
#248 = EDGE_CURVE ( 'NONE', #453, #659, #921, .T. ) ;
#249 = EDGE_LOOP ( 'NONE', ( #911, #87, #621, #120 ) ) ;
#250 = DIRECTION ( 'NONE',  ( 0.8660254037844364872, 0.000000000000000000, 0.5000000000000039968 ) ) ;
#251 = DIRECTION ( 'NONE',  ( -1.000000000000000000, 0.000000000000000000, 0.000000000000000000 ) ) ;
#252 = EDGE_CURVE ( 'NONE', #934, #1282, #494, .T. ) ;
#253 = CARTESIAN_POINT ( 'NONE',  ( 31.75000000000000000, 0.000000000000000000, -102.5004798123303686 ) ) ;
#254 = DIRECTION ( 'NONE',  ( -0.8660254037844363761, 0.000000000000000000, -0.5000000000000041078 ) ) ;
#255 = CARTESIAN_POINT ( 'NONE',  ( 33.50000000000002842, 2.250000000000000000, -147.1902001999184506 ) ) ;
#256 = ORIENTED_EDGE ( 'NONE', *, *, #130, .F. ) ;
#257 = ADVANCED_FACE ( 'NONE', ( #936 ), #371, .T. ) ;
#258 = APPROVAL_DATE_TIME ( #467, #346 ) ;
#259 = CARTESIAN_POINT ( 'NONE',  ( 2.250000000000019096, -31.92080042856069255, -173.1902001999184222 ) ) ;
#260 = CARTESIAN_POINT ( 'NONE',  ( -2.249999999999980016, 33.42435489280236283, -147.1902001999184506 ) ) ;
#261 = FACE_OUTER_BOUND ( 'NONE', #332, .T. ) ;
#262 = ORIENTED_EDGE ( 'NONE', *, *, #941, .T. ) ;
#263 = VECTOR ( 'NONE', #1241, 1000.000000000000000 ) ;
#264 = CIRCLE ( 'NONE', #1040, 33.50000000000001421 ) ;
#265 = CALENDAR_DATE ( 2026, 16, 9 ) ;
#266 = AXIS2_PLACEMENT_3D ( 'NONE', #839, #529, #1272 ) ;
#267 = AXIS2_PLACEMENT_3D ( 'NONE', #106, #450, #865 ) ;
#268 = CARTESIAN_POINT ( 'NONE',  ( 32.00000000000000711, 3.918869757271532630E-15, -147.1902001999184506 ) ) ;
#269 = FACE_OUTER_BOUND ( 'NONE', #410, .T. ) ;
#270 = CARTESIAN_POINT ( 'NONE',  ( -31.92080042856069966, 2.249999999999999112, -173.1902001999184222 ) ) ;
#271 = ORIENTED_EDGE ( 'NONE', *, *, #666, .F. ) ;
#272 = ADVANCED_FACE ( 'NONE', ( #269 ), #822, .F. ) ;
#273 = DIRECTION ( 'NONE',  ( 0.000000000000000000, 0.000000000000000000, -1.000000000000000000 ) ) ;
#274 =( LENGTH_UNIT ( ) NAMED_UNIT ( * ) SI_UNIT ( .MILLI., .METRE. ) );
#275 = CARTESIAN_POINT ( 'NONE',  ( 0.000000000000000000, 0.000000000000000000, -173.1902001999184506 ) ) ;
#276 = DIRECTION ( 'NONE',  ( -1.000000000000000000, 0.000000000000000000, 0.000000000000000000 ) ) ;
#277 = DIRECTION ( 'NONE',  ( 0.000000000000000000, 0.000000000000000000, 1.000000000000000000 ) ) ;
#278 = ADVANCED_FACE ( 'NONE', ( #793 ), #1010, .T. ) ;
#279 = ORIENTED_EDGE ( 'NONE', *, *, #633, .F. ) ;
#280 = ORIENTED_EDGE ( 'NONE', *, *, #376, .F. ) ;
#281 = ADVANCED_FACE ( 'NONE', ( #918 ), #669, .T. ) ;
#282 = DIRECTION ( 'NONE',  ( 0.000000000000000000, 0.000000000000000000, 1.000000000000000000 ) ) ;
#283 = DIRECTION ( 'NONE',  ( -0.000000000000000000, -1.000000000000000000, -0.000000000000000000 ) ) ;
#284 = CARTESIAN_POINT ( 'NONE',  ( -2.249999999999980016, -31.92080042856069966, -173.1902001999184506 ) ) ;
#285 = ORIENTED_EDGE ( 'NONE', *, *, #1360, .T. ) ;
#286 = VERTEX_POINT ( 'NONE', #1127 ) ;
#287 = ORGANIZATION ( 'UNSPECIFIED', 'UNSPECIFIED', '' ) ;
#288 = AXIS2_PLACEMENT_3D ( 'NONE', #1029, #495, #1334 ) ;
#289 = AXIS2_PLACEMENT_3D ( 'NONE', #275, #1033, #63 ) ;
#290 = LINE ( 'NONE', #612, #898 ) ;
#291 = VECTOR ( 'NONE', #304, 1000.000000000000000 ) ;
#292 = CARTESIAN_POINT ( 'NONE',  ( 0.000000000000000000, 0.000000000000000000, -173.1902001999184506 ) ) ;
#293 = FACE_OUTER_BOUND ( 'NONE', #343, .T. ) ;
#294 = ORIENTED_EDGE ( 'NONE', *, *, #130, .T. ) ;
#295 = ORIENTED_EDGE ( 'NONE', *, *, #596, .F. ) ;
#296 = DIRECTION ( 'NONE',  ( 0.8660254037844363761, 0.000000000000000000, 0.5000000000000038858 ) ) ;
#297 = EDGE_CURVE ( 'NONE', #305, #1025, #970, .T. ) ;
#298 = CARTESIAN_POINT ( 'NONE',  ( -5.715319939156700554E-15, 0.000000000000000000, -147.1902001999184506 ) ) ;
#299 = ORIENTED_EDGE ( 'NONE', *, *, #233, .T. ) ;
#300 = ORIENTED_EDGE ( 'NONE', *, *, #500, .T. ) ;
#301 = DIRECTION ( 'NONE',  ( -1.000000000000000000, 0.000000000000000000, -1.665334536937734811E-16 ) ) ;
#302 = DIRECTION ( 'NONE',  ( -1.000000000000000000, 0.000000000000000000, 0.000000000000000000 ) ) ;
#303 = ORIENTED_EDGE ( 'NONE', *, *, #228, .T. ) ;
#304 = DIRECTION ( 'NONE',  ( 0.000000000000000000, 0.000000000000000000, 1.000000000000000000 ) ) ;
#305 = VERTEX_POINT ( 'NONE', #47 ) ;
#306 = CIRCLE ( 'NONE', #967, 32.00000000000001421 ) ;
#307 = CYLINDRICAL_SURFACE ( 'NONE', #538, 31.75000000000000355 ) ;
#308 = AXIS2_PLACEMENT_3D ( 'NONE', #992, #215, #652 ) ;
#309 = CIRCLE ( 'NONE', #871, 3.500000000000003109 ) ;
#310 = AXIS2_PLACEMENT_3D ( 'NONE', #1375, #1069, #523 ) ;
#311 = CARTESIAN_POINT ( 'NONE',  ( -30.25000000000000000, 3.704556567420743754E-15, -173.1902001999184506 ) ) ;
#312 = VECTOR ( 'NONE', #29, 1000.000000000000000 ) ;
#313 = ORIENTED_EDGE ( 'NONE', *, *, #19, .F. ) ;
#314 = DIRECTION ( 'NONE',  ( -1.000000000000000000, 0.000000000000000000, 0.000000000000000000 ) ) ;
#315 = VERTEX_POINT ( 'NONE', #41 ) ;
#316 = ADVANCED_FACE ( 'NONE', ( #472 ), #1214, .T. ) ;
#317 = EDGE_CURVE ( 'NONE', #151, #1077, #1338, .T. ) ;
#318 = DIRECTION ( 'NONE',  ( -0.000000000000000000, 0.000000000000000000, -1.000000000000000000 ) ) ;
#319 = ORIENTED_EDGE ( 'NONE', *, *, #657, .T. ) ;
#320 = ORIENTED_EDGE ( 'NONE', *, *, #73, .F. ) ;
#321 = DIRECTION ( 'NONE',  ( -0.000000000000000000, -0.000000000000000000, 1.000000000000000000 ) ) ;
#322 = ADVANCED_BREP_SHAPE_REPRESENTATION ( '79-8536 - 63.5mm 60deg', ( #1336, #1012 ), #1141 ) ;
#323 = FACE_OUTER_BOUND ( 'NONE', #1242, .T. ) ;
#324 = ORIENTED_EDGE ( 'NONE', *, *, #1366, .F. ) ;
#325 = ORIENTED_EDGE ( 'NONE', *, *, #710, .T. ) ;
#326 = DIRECTION ( 'NONE',  ( 1.000000000000000000, 0.000000000000000000, 0.000000000000000000 ) ) ;
#327 = AXIS2_PLACEMENT_3D ( 'NONE', #386, #363, #485 ) ;
#328 = LOCAL_TIME ( 0, 3, 44.00000000000000000, #59 ) ;
#329 = VECTOR ( 'NONE', #362, 1000.000000000000000 ) ;
#330 = EDGE_LOOP ( 'NONE', ( #216, #1096, #506, #1249 ) ) ;
#331 = LINE ( 'NONE', #14, #809 ) ;
#332 = EDGE_LOOP ( 'NONE', ( #838, #1195, #1343, #189 ) ) ;
#333 = CIRCLE ( 'NONE', #676, 30.25000000000000000 ) ;
#334 = EDGE_CURVE ( 'NONE', #453, #1061, #357, .T. ) ;
#335 = EDGE_CURVE ( 'NONE', #961, #286, #24, .T. ) ;
#336 = DIRECTION ( 'NONE',  ( 0.000000000000000000, 0.000000000000000000, 1.000000000000000000 ) ) ;
#337 = DIRECTION ( 'NONE',  ( -1.000000000000000000, 0.000000000000000000, 0.000000000000000000 ) ) ;
#338 = ORIENTED_EDGE ( 'NONE', *, *, #186, .T. ) ;
#339 = ADVANCED_FACE ( 'NONE', ( #347 ), #991, .F. ) ;
#340 = DIRECTION ( 'NONE',  ( -0.000000000000000000, -0.000000000000000000, -1.000000000000000000 ) ) ;
#341 = ORIENTED_EDGE ( 'NONE', *, *, #5, .T. ) ;
#342 = DIRECTION ( 'NONE',  ( -0.000000000000000000, -0.000000000000000000, -1.000000000000000000 ) ) ;
#343 = EDGE_LOOP ( 'NONE', ( #837, #609, #1090, #750 ) ) ;
#344 = LINE ( 'NONE', #885, #312 ) ;
#345 = ORIENTED_EDGE ( 'NONE', *, *, #1312, .F. ) ;
#346 = APPROVAL ( #1011, 'UNSPECIFIED' ) ;
#347 = FACE_OUTER_BOUND ( 'NONE', #959, .T. ) ;
#348 = DATE_TIME_ROLE ( 'creation_date' ) ;
#349 = EDGE_CURVE ( 'NONE', #557, #718, #140, .T. ) ;
#350 = DIRECTION ( 'NONE',  ( 1.665334536937734811E-16, 0.000000000000000000, -1.000000000000000000 ) ) ;
#351 = EDGE_CURVE ( 'NONE', #68, #615, #893, .T. ) ;
#352 = DIRECTION ( 'NONE',  ( -0.000000000000000000, -1.000000000000000000, -0.000000000000000000 ) ) ;
#353 = AXIS2_PLACEMENT_3D ( 'NONE', #1052, #640, #1160 ) ;
#354 = CARTESIAN_POINT ( 'NONE',  ( 49.87499999999930367, 3.704556567420743754E-15, 63.72503596180494156 ) ) ;
#355 = ORIENTED_EDGE ( 'NONE', *, *, #608, .T. ) ;
#356 = AXIS2_PLACEMENT_3D ( 'NONE', #155, #914, #593 ) ;
#357 = CIRCLE ( 'NONE', #629, 30.24999999999999289 ) ;
#358 = ADVANCED_FACE ( 'NONE', ( #542 ), #1286, .T. ) ;
#359 = PERSON_AND_ORGANIZATION ( #1222, #287 ) ;
#360 = EDGE_CURVE ( 'NONE', #1031, #496, #647, .T. ) ;
#361 = LINE ( 'NONE', #458, #421 ) ;
#362 = DIRECTION ( 'NONE',  ( -0.000000000000000000, -1.000000000000000000, -0.000000000000000000 ) ) ;
#363 = DIRECTION ( 'NONE',  ( 0.000000000000000000, 0.000000000000000000, 1.000000000000000000 ) ) ;
#364 = ORIENTED_EDGE ( 'NONE', *, *, #1337, .T. ) ;
#365 = DIRECTION ( 'NONE',  ( -0.5000000000000044409, 0.000000000000000000, 0.8660254037844361541 ) ) ;
#366 = CARTESIAN_POINT ( 'NONE',  ( -31.92080042856069966, 2.250000000000000000, -173.1902001999184506 ) ) ;
#367 = CARTESIAN_POINT ( 'NONE',  ( 31.92080042856068545, -2.250000000000000000, -147.1902001999184506 ) ) ;
#368 = CARTESIAN_POINT ( 'NONE',  ( -5.715319939156700554E-15, 0.000000000000000000, -147.1902001999184506 ) ) ;
#369 = ORIENTED_EDGE ( 'NONE', *, *, #108, .F. ) ;
#370 = CARTESIAN_POINT ( 'NONE',  ( -36.75000000000000000, 4.500576986866523006E-15, -102.5004798123303686 ) ) ;
#371 = PLANE ( 'NONE',  #701 ) ;
#372 = CARTESIAN_POINT ( 'NONE',  ( -2.249999999999979128, -31.92080042856069255, -173.1902001999184222 ) ) ;
#373 = ORIENTED_EDGE ( 'NONE', *, *, #414, .F. ) ;
#374 = APPROVAL_PERSON_ORGANIZATION ( #1355, #544, #393 ) ;
#375 = AXIS2_PLACEMENT_3D ( 'NONE', #1151, #204, #302 ) ;
#376 = EDGE_CURVE ( 'NONE', #986, #1335, #1275, .T. ) ;
#377 = AXIS2_PLACEMENT_3D ( 'NONE', #1236, #1122, #1114 ) ;
#378 = ADVANCED_FACE ( 'NONE', ( #95 ), #636, .T. ) ;
#379 = AXIS2_PLACEMENT_3D ( 'NONE', #370, #55, #50 ) ;
#380 = VECTOR ( 'NONE', #340, 1000.000000000000000 ) ;
#381 = DIRECTION ( 'NONE',  ( -0.000000000000000000, -0.000000000000000000, -1.000000000000000000 ) ) ;
#382 = AXIS2_PLACEMENT_3D ( 'NONE', #1159, #420, #412 ) ;
#383 = AXIS2_PLACEMENT_3D ( 'NONE', #807, #52, #903 ) ;
#384 = DIRECTION ( 'NONE',  ( 0.000000000000000000, 0.000000000000000000, -1.000000000000000000 ) ) ;
#385 = CARTESIAN_POINT ( 'NONE',  ( 0.000000000000000000, 0.000000000000000000, -75.05553499465092671 ) ) ;
#386 = CARTESIAN_POINT ( 'NONE',  ( -2.857659969578350277E-15, 0.000000000000000000, -109.0718351034606144 ) ) ;
#387 = ORIENTED_EDGE ( 'NONE', *, *, #5, .F. ) ;
#388 = CYLINDRICAL_SURFACE ( 'NONE', #377, 33.50000000000001421 ) ;
#389 = CARTESIAN_POINT ( 'NONE',  ( 137.3749999999999147, 0.000000000000000000, 79.31349322992561213 ) ) ;
#390 = CARTESIAN_POINT ( 'NONE',  ( 33.42435489280234151, 2.250000000000000000, -173.1902001999184506 ) ) ;
#391 = ORIENTED_EDGE ( 'NONE', *, *, #89, .F. ) ;
#392 = ORIENTED_EDGE ( 'NONE', *, *, #522, .T. ) ;
#393 = APPROVAL_ROLE ( '' ) ;
#394 = CC_DESIGN_DATE_AND_TIME_ASSIGNMENT ( #491, #1271, ( #627 ) ) ;
#395 = CARTESIAN_POINT ( 'NONE',  ( 137.3749999999999147, 0.000000000000000000, 79.31349322992562634 ) ) ;
#396 = DIRECTION ( 'NONE',  ( 1.665334536937734811E-16, 0.000000000000000000, -1.000000000000000000 ) ) ;
#397 = DIRECTION ( 'NONE',  ( -1.000000000000000000, 0.000000000000000000, 0.000000000000000000 ) ) ;
#398 = ORIENTED_EDGE ( 'NONE', *, *, #82, .T. ) ;
#399 = VERTEX_POINT ( 'NONE', #737 ) ;
#400 = COORDINATED_UNIVERSAL_TIME_OFFSET ( 1, 0, .AHEAD. ) ;
#401 = AXIS2_PLACEMENT_3D ( 'NONE', #1170, #1267, #301 ) ;
#402 = CIRCLE ( 'NONE', #153, 31.75000000000000355 ) ;
#403 = FACE_OUTER_BOUND ( 'NONE', #654, .T. ) ;
#404 = VECTOR ( 'NONE', #802, 1000.000000000000000 ) ;
#405 = DIRECTION ( 'NONE',  ( -1.000000000000000000, 0.000000000000000000, 0.000000000000000000 ) ) ;
#406 = EDGE_LOOP ( 'NONE', ( #325, #341, #966, #641 ) ) ;
#407 = VERTEX_POINT ( 'NONE', #416 ) ;
#408 = CARTESIAN_POINT ( 'NONE',  ( -30.25000000000000000, 3.704556567420743754E-15, -75.05553499465092671 ) ) ;
#409 = FACE_OUTER_BOUND ( 'NONE', #580, .T. ) ;
#410 = EDGE_LOOP ( 'NONE', ( #411, #1322, #642, #1392, #355, #747, #661, #973, #1152, #706, #606, #319 ) ) ;
#411 = ORIENTED_EDGE ( 'NONE', *, *, #1383, .F. ) ;
#412 = DIRECTION ( 'NONE',  ( -1.000000000000000000, 0.000000000000000000, 0.000000000000000000 ) ) ;
#413 = LINE ( 'NONE', #964, #567 ) ;
#414 = EDGE_CURVE ( 'NONE', #738, #30, #762, .T. ) ;
#415 = ORIENTED_EDGE ( 'NONE', *, *, #28, .T. ) ;
#416 = CARTESIAN_POINT ( 'NONE',  ( -2.249999999999980016, -33.42435489280236283, -173.1902001999184506 ) ) ;
#417 = ORIENTED_EDGE ( 'NONE', *, *, #895, .F. ) ;
#418 = CARTESIAN_POINT ( 'NONE',  ( -5.715319939156700554E-15, 0.000000000000000000, -173.1902001999184222 ) ) ;
#419 = VECTOR ( 'NONE', #197, 1000.000000000000000 ) ;
#420 = DIRECTION ( 'NONE',  ( -0.000000000000000000, -0.000000000000000000, -1.000000000000000000 ) ) ;
#421 = VECTOR ( 'NONE', #821, 1000.000000000000000 ) ;
#422 = VECTOR ( 'NONE', #352, 1000.000000000000000 ) ;
#423 = FACE_OUTER_BOUND ( 'NONE', #1157, .T. ) ;
#424 = VECTOR ( 'NONE', #556, 1000.000000000000000 ) ;
#425 = ORIENTED_EDGE ( 'NONE', *, *, #801, .T. ) ;
#426 = DATE_AND_TIME ( #1164, #37 ) ;
#427 = EDGE_LOOP ( 'NONE', ( #620, #1065, #648, #179 ) ) ;
#428 = CARTESIAN_POINT ( 'NONE',  ( -5.715319939156700554E-15, 0.000000000000000000, -147.1902001999184506 ) ) ;
#429 = DIRECTION ( 'NONE',  ( -1.000000000000000000, 0.000000000000000000, 0.000000000000000000 ) ) ;
#430 = ORIENTED_EDGE ( 'NONE', *, *, #297, .T. ) ;
#431 = DIRECTION ( 'NONE',  ( 1.000000000000000000, 0.000000000000000000, 0.000000000000000000 ) ) ;
#432 = ORIENTED_EDGE ( 'NONE', *, *, #335, .T. ) ;
#433 = CARTESIAN_POINT ( 'NONE',  ( 80.12499999999960210, 0.000000000000000000, 11.33049903284656246 ) ) ;
#434 = PLANE ( 'NONE',  #850 ) ;
#435 = VERTEX_POINT ( 'NONE', #985 ) ;
#436 = EDGE_CURVE ( 'NONE', #68, #731, #88, .T. ) ;
#437 = CARTESIAN_POINT ( 'NONE',  ( 33.42435489280234151, -2.250000000000000000, -147.1902001999184506 ) ) ;
#438 = EDGE_LOOP ( 'NONE', ( #829, #262, #1248, #713 ) ) ;
#439 = ADVANCED_FACE ( 'NONE', ( #1323 ), #1007, .T. ) ;
#440 = CARTESIAN_POINT ( 'NONE',  ( 64.99999999999943157, 0.000000000000000000, 37.52776749732574046 ) ) ;
#441 = AXIS2_PLACEMENT_3D ( 'NONE', #1131, #1024, #163 ) ;
#442 = DIRECTION ( 'NONE',  ( -0.3420201433256698786, 0.000000000000000000, -0.9396926207859079838 ) ) ;
#443 = ORIENTED_EDGE ( 'NONE', *, *, #1297, .F. ) ;
#444 = EDGE_CURVE ( 'NONE', #1126, #1042, #764, .T. ) ;
#445 = AXIS2_PLACEMENT_3D ( 'NONE', #1103, #546, #229 ) ;
#446 = CARTESIAN_POINT ( 'NONE',  ( 31.75000000000000000, 0.000000000000000000, -75.05553499465092671 ) ) ;
#447 = CIRCLE ( 'NONE', #1189, 32.00000000000001421 ) ;
#448 = ORIENTED_EDGE ( 'NONE', *, *, #550, .F. ) ;
#449 = VECTOR ( 'NONE', #157, 1000.000000000000000 ) ;
#450 = DIRECTION ( 'NONE',  ( 0.000000000000000000, 0.000000000000000000, 1.000000000000000000 ) ) ;
#451 = DIRECTION ( 'NONE',  ( -1.000000000000000000, 0.000000000000000000, 0.000000000000000000 ) ) ;
#452 = DIRECTION ( 'NONE',  ( -0.000000000000000000, -0.000000000000000000, -1.000000000000000000 ) ) ;
#453 = VERTEX_POINT ( 'NONE', #354 ) ;
#454 = DIRECTION ( 'NONE',  ( -1.000000000000000000, 1.224646799147352961E-16, 0.000000000000000000 ) ) ;
#455 = LINE ( 'NONE', #21, #422 ) ;
#456 = ORIENTED_EDGE ( 'NONE', *, *, #499, .T. ) ;
#457 = COORDINATED_UNIVERSAL_TIME_OFFSET ( 1, 0, .AHEAD. ) ;
#458 = CARTESIAN_POINT ( 'NONE',  ( 2.250000000000019096, -33.42435489280234862, -173.1902001999184222 ) ) ;
#459 = LINE ( 'NONE', #1329, #329 ) ;
#460 = LOCAL_TIME ( 0, 3, 44.00000000000000000, #1227 ) ;
#461 = CARTESIAN_POINT ( 'NONE',  ( 2.250000000000019984, -31.92080042856069966, -173.1902001999184506 ) ) ;
#462 = ORIENTED_EDGE ( 'NONE', *, *, #1171, .T. ) ;
#463 = CIRCLE ( 'NONE', #111, 3.500000000000003109 ) ;
#464 = EDGE_CURVE ( 'NONE', #585, #1385, #655, .T. ) ;
#465 = AXIS2_PLACEMENT_3D ( 'NONE', #225, #247, #1083 ) ;
#466 = DIRECTION ( 'NONE',  ( 1.000000000000000000, 0.000000000000000000, 0.000000000000000000 ) ) ;
#467 = DATE_AND_TIME ( #265, #460 ) ;
#468 = DIRECTION ( 'NONE',  ( 1.665334536937734811E-16, 0.000000000000000000, -1.000000000000000000 ) ) ;
#469 = DIRECTION ( 'NONE',  ( -1.000000000000000000, 0.000000000000000000, -1.665334536937734811E-16 ) ) ;
#470 = CARTESIAN_POINT ( 'NONE',  ( 2.250000000000019096, 33.42435489280234862, -173.1902001999184222 ) ) ;
#471 = ORIENTED_EDGE ( 'NONE', *, *, #608, .F. ) ;
#472 = FACE_OUTER_BOUND ( 'NONE', #1166, .T. ) ;
#473 =( NAMED_UNIT ( * ) SI_UNIT ( $, .STERADIAN. ) SOLID_ANGLE_UNIT ( ) );
#474 = DIRECTION ( 'NONE',  ( -0.000000000000000000, -0.000000000000000000, 1.000000000000000000 ) ) ;
#475 = CARTESIAN_POINT ( 'NONE',  ( 0.000000000000000000, 0.000000000000000000, -173.1902001999184506 ) ) ;
#476 = EDGE_CURVE ( 'NONE', #286, #956, #264, .T. ) ;
#477 = DIRECTION ( 'NONE',  ( 1.665334536937734811E-16, 0.000000000000000000, -1.000000000000000000 ) ) ;
#478 = ADVANCED_FACE ( 'NONE', ( #231 ), #1216, .T. ) ;
#479 = ORIENTED_EDGE ( 'NONE', *, *, #414, .T. ) ;
#480 = ADVANCED_FACE ( 'NONE', ( #1220 ), #653, .T. ) ;
#481 = DIRECTION ( 'NONE',  ( 0.000000000000000000, 0.000000000000000000, -1.000000000000000000 ) ) ;
#482 = DIRECTION ( 'NONE',  ( -0.8660254037844361541, 0.000000000000000000, -0.5000000000000043299 ) ) ;
#483 = DIRECTION ( 'NONE',  ( 0.000000000000000000, 0.000000000000000000, -1.000000000000000000 ) ) ;
#484 = DIRECTION ( 'NONE',  ( 0.000000000000000000, 0.000000000000000000, 1.000000000000000000 ) ) ;
#485 = DIRECTION ( 'NONE',  ( 1.000000000000000000, 0.000000000000000000, 0.000000000000000000 ) ) ;
#486 = ORIENTED_EDGE ( 'NONE', *, *, #666, .T. ) ;
#487 = CIRCLE ( 'NONE', #811, 32.00000000000001421 ) ;
#488 = AXIS2_PLACEMENT_3D ( 'NONE', #1245, #703, #1129 ) ;
#489 = AXIS2_PLACEMENT_3D ( 'NONE', #1123, #137, #768 ) ;
#490 = AXIS2_PLACEMENT_3D ( 'NONE', #564, #1207, #1105 ) ;
#491 = DATE_AND_TIME ( #894, #1368 ) ;
#492 = AXIS2_PLACEMENT_3D ( 'NONE', #1192, #336, #118 ) ;
#493 = LINE ( 'NONE', #929, #1165 ) ;
#494 = LINE ( 'NONE', #930, #113 ) ;
#495 = DIRECTION ( 'NONE',  ( 0.000000000000000000, -1.000000000000000000, 0.000000000000000000 ) ) ;
#496 = VERTEX_POINT ( 'NONE', #437 ) ;
#497 = EDGE_CURVE ( 'NONE', #659, #3, #1238, .T. ) ;
#498 = ORIENTED_EDGE ( 'NONE', *, *, #840, .F. ) ;
#499 = EDGE_CURVE ( 'NONE', #557, #986, #331, .T. ) ;
#500 = EDGE_CURVE ( 'NONE', #689, #763, #344, .T. ) ;
#501 = DIRECTION ( 'NONE',  ( -1.000000000000000000, 0.000000000000000000, 0.000000000000000000 ) ) ;
#502 = CARTESIAN_POINT ( 'NONE',  ( 2.250000000000019984, 31.92080042856069966, -173.1902001999184506 ) ) ;
#503 = CARTESIAN_POINT ( 'NONE',  ( -31.75000000000000000, 3.888253587292846476E-15, -75.05553499465092671 ) ) ;
#504 = EDGE_LOOP ( 'NONE', ( #1173, #751, #280, #1226 ) ) ;
#505 = EDGE_CURVE ( 'NONE', #496, #79, #35, .T. ) ;
#506 = ORIENTED_EDGE ( 'NONE', *, *, #208, .T. ) ;
#507 = CARTESIAN_POINT ( 'NONE',  ( 0.000000000000000000, 0.000000000000000000, -107.3617343868322678 ) ) ;
#508 = CARTESIAN_POINT ( 'NONE',  ( 64.99999999999947420, 0.000000000000000000, 37.52776749732576889 ) ) ;
#509 = UNCERTAINTY_MEASURE_WITH_UNIT (LENGTH_MEASURE( 1.000000000000000082E-05 ), #274, 'distance_accuracy_value', 'NONE');
#510 = VERTEX_POINT ( 'NONE', #446 ) ;
#511 = CARTESIAN_POINT ( 'NONE',  ( 130.0000000000000000, 0.000000000000000000, -75.05553499465096934 ) ) ;
#512 = ORIENTED_EDGE ( 'NONE', *, *, #668, .F. ) ;
#513 = CIRCLE ( 'NONE', #60, 33.50000000000001421 ) ;
#514 = CIRCLE ( 'NONE', #695, 32.00000000000001421 ) ;
#515 = CIRCLE ( 'NONE', #1237, 30.25000000000000000 ) ;
#516 = DIRECTION ( 'NONE',  ( -0.000000000000000000, -0.000000000000000000, -1.000000000000000000 ) ) ;
#517 = AXIS2_PLACEMENT_3D ( 'NONE', #209, #25, #454 ) ;
#518 = AXIS2_PLACEMENT_3D ( 'NONE', #912, #250, #134 ) ;
#519 = CARTESIAN_POINT ( 'NONE',  ( 2.250000000000019984, 31.92080042856069966, -147.1902001999184506 ) ) ;
#520 = ORIENTED_EDGE ( 'NONE', *, *, #233, .F. ) ;
#521 = ORIENTED_EDGE ( 'NONE', *, *, #673, .F. ) ;
#522 = EDGE_CURVE ( 'NONE', #1208, #407, #776, .T. ) ;
#523 = DIRECTION ( 'NONE',  ( -1.000000000000000000, 0.000000000000000000, 0.000000000000000000 ) ) ;
#524 = DIRECTION ( 'NONE',  ( -0.000000000000000000, 0.000000000000000000, -1.000000000000000000 ) ) ;
#525 = ORIENTED_EDGE ( 'NONE', *, *, #1337, .F. ) ;
#526 = EDGE_LOOP ( 'NONE', ( #1301, #75, #456, #1053 ) ) ;
#527 = EDGE_CURVE ( 'NONE', #1354, #1009, #1190, .T. ) ;
#528 = DIRECTION ( 'NONE',  ( -0.000000000000000000, -0.000000000000000000, -1.000000000000000000 ) ) ;
#529 = DIRECTION ( 'NONE',  ( 0.8660254037844364872, 0.000000000000000000, 0.5000000000000039968 ) ) ;
#530 = ADVANCED_FACE ( 'NONE', ( #1095 ), #127, .T. ) ;
#531 = CARTESIAN_POINT ( 'NONE',  ( -2.249999999999980016, 33.50000000000001421, -173.1902001999184506 ) ) ;
#532 = EDGE_LOOP ( 'NONE', ( #1353, #462, #541, #904 ) ) ;
#533 = SHAPE_DEFINITION_REPRESENTATION ( #12, #322 ) ;
#534 = ORIENTED_EDGE ( 'NONE', *, *, #1325, .F. ) ;
#535 = LOCAL_TIME ( 0, 3, 44.00000000000000000, #457 ) ;
#536 = VECTOR ( 'NONE', #1300, 1000.000000000000000 ) ;
#537 = CARTESIAN_POINT ( 'NONE',  ( 33.50000000000007105, 4.102566777143641663E-15, -108.1902001999184648 ) ) ;
#538 = AXIS2_PLACEMENT_3D ( 'NONE', #187, #851, #622 ) ;
#539 = CARTESIAN_POINT ( 'NONE',  ( -32.09046106882120597, 0.000000000000000000, -108.7032304149069830 ) ) ;
#540 = VECTOR ( 'NONE', #145, 1000.000000000000000 ) ;
#541 = ORIENTED_EDGE ( 'NONE', *, *, #1381, .F. ) ;
#542 = FACE_OUTER_BOUND ( 'NONE', #954, .T. ) ;
#543 = ORIENTED_EDGE ( 'NONE', *, *, #551, .F. ) ;
#544 = APPROVAL ( #191, 'UNSPECIFIED' ) ;
#545 = DIRECTION ( 'NONE',  ( 0.000000000000000000, 0.000000000000000000, -1.000000000000000000 ) ) ;
#546 = DIRECTION ( 'NONE',  ( -0.000000000000000000, -0.000000000000000000, -1.000000000000000000 ) ) ;
#547 = EDGE_LOOP ( 'NONE', ( #387, #74, #624, #1082 ) ) ;
#548 = CARTESIAN_POINT ( 'NONE',  ( 2.250000000000019984, 33.50000000000001421, -173.1902001999184506 ) ) ;
#549 = ORIENTED_EDGE ( 'NONE', *, *, #853, .F. ) ;
#550 = EDGE_CURVE ( 'NONE', #1202, #1377, #138, .T. ) ;
#551 = EDGE_CURVE ( 'NONE', #1282, #1208, #154, .T. ) ;
#552 = LINE ( 'NONE', #537, #1350 ) ;
#553 = EDGE_CURVE ( 'NONE', #856, #956, #705, .T. ) ;
#554 = DIRECTION ( 'NONE',  ( 1.000000000000000000, 0.000000000000000000, 0.000000000000000000 ) ) ;
#555 = ORIENTED_EDGE ( 'NONE', *, *, #592, .T. ) ;
#556 = DIRECTION ( 'NONE',  ( -1.000000000000000000, 0.000000000000000000, 0.000000000000000000 ) ) ;
#557 = VERTEX_POINT ( 'NONE', #390 ) ;
#558 = AXIS2_PLACEMENT_3D ( 'NONE', #1363, #1177, #644 ) ;
#559 = CC_DESIGN_PERSON_AND_ORGANIZATION_ASSIGNMENT ( #243, #888, ( #1210 ) ) ;
#560 = DIRECTION ( 'NONE',  ( 0.000000000000000000, 0.000000000000000000, -1.000000000000000000 ) ) ;
#561 = VECTOR ( 'NONE', #742, 1000.000000000000000 ) ;
#562 = CARTESIAN_POINT ( 'NONE',  ( -32.05153689607046630, 0.000000000000000000, -104.2105805289587295 ) ) ;
#563 = AXIS2_PLACEMENT_3D ( 'NONE', #418, #528, #276 ) ;
#564 = CARTESIAN_POINT ( 'NONE',  ( -2.249999999999980016, 33.50000000000001421, -147.1902001999184506 ) ) ;
#565 = AXIS2_PLACEMENT_3D ( 'NONE', #662, #1099, #326 ) ;
#566 = ORIENTED_EDGE ( 'NONE', *, *, #165, .F. ) ;
#567 = VECTOR ( 'NONE', #847, 1000.000000000000000 ) ;
#568 = ADVANCED_FACE ( 'NONE', ( #1247 ), #875, .F. ) ;
#569 = DIRECTION ( 'NONE',  ( 0.000000000000000000, -0.000000000000000000, -1.000000000000000000 ) ) ;
#570 = FACE_OUTER_BOUND ( 'NONE', #232, .T. ) ;
#571 = DIRECTION ( 'NONE',  ( 0.000000000000000000, 0.000000000000000000, -1.000000000000000000 ) ) ;
#572 = ORIENTED_EDGE ( 'NONE', *, *, #334, .F. ) ;
#573 = PRODUCT ( '79-8536 - 63.5mm 60deg', '79-8536 - 63.5mm 60deg', '', ( #1344 ) ) ;
#574 = CARTESIAN_POINT ( 'NONE',  ( 33.42435489280234151, 2.249999999999999112, -173.1902001999184222 ) ) ;
#575 = CARTESIAN_POINT ( 'NONE',  ( 0.000000000000000000, 0.000000000000000000, 0.000000000000000000 ) ) ;
#576 = CARTESIAN_POINT ( 'NONE',  ( 33.19846310392954791, 4.065639157683881985E-15, -107.3617343868322678 ) ) ;
#577 = DIRECTION ( 'NONE',  ( -1.000000000000000000, 0.000000000000000000, 0.000000000000000000 ) ) ;
#578 = ADVANCED_FACE ( 'NONE', ( #261 ), #910, .F. ) ;
#579 = CARTESIAN_POINT ( 'NONE',  ( 137.3749999999999147, 0.000000000000000000, 79.31349322992561213 ) ) ;
#580 = EDGE_LOOP ( 'NONE', ( #285, #415, #4, #625 ) ) ;
#581 = CARTESIAN_POINT ( 'NONE',  ( -5.715319939156700554E-15, 0.000000000000000000, -173.1902001999184790 ) ) ;
#582 = PLANE ( 'NONE',  #1163 ) ;
#583 = PLANE ( 'NONE',  #218 ) ;
#584 = DIRECTION ( 'NONE',  ( 1.665334536937734811E-16, 0.000000000000000000, -1.000000000000000000 ) ) ;
#585 = VERTEX_POINT ( 'NONE', #461 ) ;
#586 = CIRCLE ( 'NONE', #129, 32.00000000000001421 ) ;
#587 = AXIS2_PLACEMENT_3D ( 'NONE', #1051, #704, #805 ) ;
#588 = VECTOR ( 'NONE', #296, 1000.000000000000114 ) ;
#589 = VECTOR ( 'NONE', #791, 1000.000000000000000 ) ;
#590 = DIRECTION ( 'NONE',  ( 0.000000000000000000, -0.000000000000000000, -1.000000000000000000 ) ) ;
#591 = PERSON_AND_ORGANIZATION_ROLE ( 'creator' ) ;
#592 = EDGE_CURVE ( 'NONE', #1178, #9, #169, .T. ) ;
#593 = DIRECTION ( 'NONE',  ( 0.000000000000000000, 0.000000000000000000, -1.000000000000000000 ) ) ;
#594 = CARTESIAN_POINT ( 'NONE',  ( -31.92080042856069966, -2.250000000000000000, -173.1902001999184506 ) ) ;
#595 = DIRECTION ( 'NONE',  ( -1.000000000000000000, 0.000000000000000000, 0.000000000000000000 ) ) ;
#596 = EDGE_CURVE ( 'NONE', #1285, #585, #1057, .T. ) ;
#597 = ORIENTED_EDGE ( 'NONE', *, *, #673, .T. ) ;
#598 = CARTESIAN_POINT ( 'NONE',  ( 2.250000000000019984, -33.42435489280234862, -173.1902001999184506 ) ) ;
#599 = CARTESIAN_POINT ( 'NONE',  ( -5.715319939156700554E-15, 0.000000000000000000, -147.1902001999184506 ) ) ;
#600 = FACE_OUTER_BOUND ( 'NONE', #925, .T. ) ;
#601 = CARTESIAN_POINT ( 'NONE',  ( -5.715319939156700554E-15, 0.000000000000000000, -173.1902001999184506 ) ) ;
#602 = EDGE_LOOP ( 'NONE', ( #391, #555, #1148, #983 ) ) ;
#603 = CARTESIAN_POINT ( 'NONE',  ( -2.249999999999980016, 31.92080042856069966, -147.1902001999184506 ) ) ;
#604 = DIRECTION ( 'NONE',  ( -0.000000000000000000, -0.000000000000000000, -1.000000000000000000 ) ) ;
#605 = CARTESIAN_POINT ( 'NONE',  ( 0.000000000000000000, 0.000000000000000000, -104.7236107439472477 ) ) ;
#606 = ORIENTED_EDGE ( 'NONE', *, *, #376, .T. ) ;
#607 = CIRCLE ( 'NONE', #1345, 6.500000000000005329 ) ;
#608 = EDGE_CURVE ( 'NONE', #856, #1126, #1253, .T. ) ;
#609 = ORIENTED_EDGE ( 'NONE', *, *, #334, .T. ) ;
#610 = VECTOR ( 'NONE', #996, 1000.000000000000114 ) ;
#611 = AXIS2_PLACEMENT_3D ( 'NONE', #1349, #484, #618 ) ;
#612 = CARTESIAN_POINT ( 'NONE',  ( 31.92080042856068545, -2.249999999999999112, -173.1902001999184222 ) ) ;
#613 = DIRECTION ( 'NONE',  ( -0.8660254037844363761, 0.000000000000000000, -0.5000000000000041078 ) ) ;
#614 = EDGE_CURVE ( 'NONE', #201, #986, #109, .T. ) ;
#615 = VERTEX_POINT ( 'NONE', #149 ) ;
#616 = ORIENTED_EDGE ( 'NONE', *, *, #61, .F. ) ;
#617 = FACE_BOUND ( 'NONE', #1294, .T. ) ;
#618 = DIRECTION ( 'NONE',  ( 1.000000000000000000, 0.000000000000000000, 0.000000000000000000 ) ) ;
#619 = DIRECTION ( 'NONE',  ( 0.8660254037844364872, 0.000000000000000000, 0.5000000000000039968 ) ) ;
#620 = ORIENTED_EDGE ( 'NONE', *, *, #436, .T. ) ;
#621 = ORIENTED_EDGE ( 'NONE', *, *, #1002, .T. ) ;
#622 = DIRECTION ( 'NONE',  ( 0.5000000000000038858, 0.000000000000000000, -0.8660254037844363761 ) ) ;
#623 = CARTESIAN_POINT ( 'NONE',  ( 33.42435489280234151, 2.250000000000000000, -147.1902001999184506 ) ) ;
#624 = ORIENTED_EDGE ( 'NONE', *, *, #1001, .T. ) ;
#625 = ORIENTED_EDGE ( 'NONE', *, *, #649, .F. ) ;
#626 = CIRCLE ( 'NONE', #375, 32.00000000000001421 ) ;
#627 = SECURITY_CLASSIFICATION ( '', '', #1134 ) ;
#628 = CIRCLE ( 'NONE', #196, 33.50000000000001421 ) ;
#629 = AXIS2_PLACEMENT_3D ( 'NONE', #1112, #1232, #31 ) ;
#630 = PLANE ( 'NONE',  #1187 ) ;
#631 = EDGE_CURVE ( 'NONE', #667, #315, #487, .T. ) ;
#632 = CIRCLE ( 'NONE', #288, 5.000000000000004441 ) ;
#633 = EDGE_CURVE ( 'NONE', #1025, #731, #632, .T. ) ;
#634 = DIRECTION ( 'NONE',  ( 1.000000000000000000, 0.000000000000000000, -0.000000000000000000 ) ) ;
#635 = ORIENTED_EDGE ( 'NONE', *, *, #1133, .F. ) ;
#636 = PLANE ( 'NONE',  #1348 ) ;
#637 = ORIENTED_EDGE ( 'NONE', *, *, #858, .F. ) ;
#638 = ADVANCED_FACE ( 'NONE', ( #1144 ), #1169, .T. ) ;
#639 = CARTESIAN_POINT ( 'NONE',  ( 130.0000000000000000, 0.000000000000000000, -75.05553499465096934 ) ) ;
#640 = DIRECTION ( 'NONE',  ( 0.000000000000000000, -1.000000000000000000, 0.000000000000000000 ) ) ;
#641 = ORIENTED_EDGE ( 'NONE', *, *, #1001, .F. ) ;
#642 = ORIENTED_EDGE ( 'NONE', *, *, #755, .T. ) ;
#643 = DIRECTION ( 'NONE',  ( 0.000000000000000000, 0.000000000000000000, 1.000000000000000000 ) ) ;
#644 = DIRECTION ( 'NONE',  ( 0.000000000000000000, 0.000000000000000000, 1.000000000000000000 ) ) ;
#645 = VERTEX_POINT ( 'NONE', #924 ) ;
#646 = PRODUCT_DEFINITION ( 'UNKNOWN', '', #1210, #100 ) ;
#647 = LINE ( 'NONE', #843, #221 ) ;
#648 = ORIENTED_EDGE ( 'NONE', *, *, #1186, .T. ) ;
#649 = EDGE_CURVE ( 'NONE', #1184, #689, #817, .T. ) ;
#650 = CIRCLE ( 'NONE', #671, 33.50000000000000711 ) ;
#651 = VECTOR ( 'NONE', #577, 1000.000000000000000 ) ;
#652 = DIRECTION ( 'NONE',  ( 0.000000000000000000, 0.000000000000000000, 1.000000000000000000 ) ) ;
#653 = TOROIDAL_SURFACE ( 'NONE', #42, 130.0000000000000000, 31.75000000000000000 ) ;
#654 = EDGE_LOOP ( 'NONE', ( #486, #1145, #144, #112 ) ) ;
#655 = LINE ( 'NONE', #548, #873 ) ;
#656 = VERTEX_POINT ( 'NONE', #284 ) ;
#657 = EDGE_CURVE ( 'NONE', #1335, #1054, #1234, .T. ) ;
#658 = CARTESIAN_POINT ( 'NONE',  ( 2.250000000000019984, -31.92080042856069966, -147.1902001999184506 ) ) ;
#659 = VERTEX_POINT ( 'NONE', #717 ) ;
#660 = DIRECTION ( 'NONE',  ( 0.000000000000000000, 0.000000000000000000, -1.000000000000000000 ) ) ;
#661 = ORIENTED_EDGE ( 'NONE', *, *, #1168, .T. ) ;
#662 = CARTESIAN_POINT ( 'NONE',  ( 0.000000000000000000, 0.000000000000000000, -107.3617343868322678 ) ) ;
#663 = CARTESIAN_POINT ( 'NONE',  ( -5.715319939156700554E-15, 0.000000000000000000, -173.1902001999184506 ) ) ;
#664 = CARTESIAN_POINT ( 'NONE',  ( -31.75000000000000000, 3.888253587292846476E-15, -173.1902001999184506 ) ) ;
#665 = DIRECTION ( 'NONE',  ( -0.5000000000000042188, 0.000000000000000000, 0.8660254037844360431 ) ) ;
#666 = EDGE_CURVE ( 'NONE', #1042, #679, #1389, .T. ) ;
#667 = VERTEX_POINT ( 'NONE', #1137 ) ;
#668 = EDGE_CURVE ( 'NONE', #1202, #1296, #779, .T. ) ;
#669 = PLANE ( 'NONE',  #240 ) ;
#670 = CARTESIAN_POINT ( 'NONE',  ( 31.92080042856068545, -2.250000000000000000, -173.1902001999184506 ) ) ;
#671 = AXIS2_PLACEMENT_3D ( 'NONE', #581, #778, #251 ) ;
#672 = AXIS2_PLACEMENT_3D ( 'NONE', #696, #711, #1125 ) ;
#673 = EDGE_CURVE ( 'NONE', #1270, #656, #1342, .T. ) ;
#674 = DIRECTION ( 'NONE',  ( 0.000000000000000000, 0.000000000000000000, 1.000000000000000000 ) ) ;
#675 = ORIENTED_EDGE ( 'NONE', *, *, #351, .T. ) ;
#676 = AXIS2_PLACEMENT_3D ( 'NONE', #161, #815, #1034 ) ;
#677 = CARTESIAN_POINT ( 'NONE',  ( 33.50000000000002842, -2.250000000000000000, -147.1902001999184506 ) ) ;
#678 = AXIS2_PLACEMENT_3D ( 'NONE', #1199, #123, #18 ) ;
#679 = VERTEX_POINT ( 'NONE', #67 ) ;
#680 = DIRECTION ( 'NONE',  ( -0.000000000000000000, -0.000000000000000000, -1.000000000000000000 ) ) ;
#681 = PERSON_AND_ORGANIZATION_ROLE ( 'classification_officer' ) ;
#682 = CARTESIAN_POINT ( 'NONE',  ( 0.000000000000000000, 0.000000000000000000, -173.1902001999184506 ) ) ;
#683 = LINE ( 'NONE', #142, #651 ) ;
#684 = DIRECTION ( 'NONE',  ( -0.000000000000000000, -0.000000000000000000, -1.000000000000000000 ) ) ;
#685 = EDGE_LOOP ( 'NONE', ( #868, #190, #256, #1071 ) ) ;
#686 = CARTESIAN_POINT ( 'NONE',  ( -2.249999999999980016, 33.50000000000001421, -147.1902001999184506 ) ) ;
#687 = DIRECTION ( 'NONE',  ( -0.000000000000000000, -0.000000000000000000, -1.000000000000000000 ) ) ;
#688 = CARTESIAN_POINT ( 'NONE',  ( 137.3749999999999147, 0.000000000000000000, 79.31349322992562634 ) ) ;
#689 = VERTEX_POINT ( 'NONE', #1358 ) ;
#690 = ADVANCED_FACE ( 'NONE', ( #725 ), #1156, .T. ) ;
#691 = DIRECTION ( 'NONE',  ( -1.000000000000000000, 0.000000000000000000, 0.000000000000000000 ) ) ;
#692 = DIRECTION ( 'NONE',  ( -0.5000000000000042188, 0.000000000000000000, 0.8660254037844360431 ) ) ;
#693 = AXIS2_PLACEMENT_3D ( 'NONE', #1268, #953, #397 ) ;
#694 = ADVANCED_FACE ( 'NONE', ( #293 ), #958, .F. ) ;
#695 = AXIS2_PLACEMENT_3D ( 'NONE', #1115, #789, #1224 ) ;
#696 = CARTESIAN_POINT ( 'NONE',  ( -5.715319939156700554E-15, 0.000000000000000000, -173.1902001999184790 ) ) ;
#697 = EDGE_CURVE ( 'NONE', #718, #1324, #513, .T. ) ;
#698 = ORIENTED_EDGE ( 'NONE', *, *, #932, .F. ) ;
#699 = VECTOR ( 'NONE', #474, 1000.000000000000000 ) ;
#700 = AXIS2_PLACEMENT_3D ( 'NONE', #999, #452, #1110 ) ;
#701 = AXIS2_PLACEMENT_3D ( 'NONE', #292, #1362, #1239 ) ;
#702 = LINE ( 'NONE', #907, #132 ) ;
#703 = DIRECTION ( 'NONE',  ( 0.000000000000000000, 0.000000000000000000, 1.000000000000000000 ) ) ;
#704 = DIRECTION ( 'NONE',  ( 0.000000000000000000, 1.000000000000000000, 0.000000000000000000 ) ) ;
#705 = LINE ( 'NONE', #255, #263 ) ;
#706 = ORIENTED_EDGE ( 'NONE', *, *, #614, .T. ) ;
#707 =( NAMED_UNIT ( * ) PLANE_ANGLE_UNIT ( ) SI_UNIT ( $, .RADIAN. ) );
#708 = FACE_OUTER_BOUND ( 'NONE', #36, .T. ) ;
#709 = DIRECTION ( 'NONE',  ( -1.000000000000000000, 0.000000000000000000, 0.000000000000000000 ) ) ;
#710 = EDGE_CURVE ( 'NONE', #315, #667, #626, .T. ) ;
#711 = DIRECTION ( 'NONE',  ( -0.000000000000000000, -0.000000000000000000, -1.000000000000000000 ) ) ;
#712 = ORIENTED_EDGE ( 'NONE', *, *, #881, .T. ) ;
#713 = ORIENTED_EDGE ( 'NONE', *, *, #771, .F. ) ;
#714 = ADVANCED_FACE ( 'NONE', ( #188 ), #210, .T. ) ;
#715 = DIRECTION ( 'NONE',  ( -0.5000000000000041078, 0.000000000000000000, 0.8660254037844363761 ) ) ;
#716 = CARTESIAN_POINT ( 'NONE',  ( -5.715319939156700554E-15, 0.000000000000000000, -173.1902001999184222 ) ) ;
#717 = CARTESIAN_POINT ( 'NONE',  ( 122.2499999999997868, 3.704556567420743754E-15, 105.5107616944048203 ) ) ;
#718 = VERTEX_POINT ( 'NONE', #623 ) ;
#719 = AXIS2_PLACEMENT_3D ( 'NONE', #780, #972, #860 ) ;
#720 = AXIS2_PLACEMENT_3D ( 'NONE', #1293, #753, #773 ) ;
#721 = ORIENTED_EDGE ( 'NONE', *, *, #360, .T. ) ;
#722 = CIRCLE ( 'NONE', #948, 30.25000000000000000 ) ;
#723 = AXIS2_PLACEMENT_3D ( 'NONE', #511, #90, #955 ) ;
#724 = CARTESIAN_POINT ( 'NONE',  ( -2.249999999999979128, 31.92080042856069255, -173.1902001999184222 ) ) ;
#725 = FACE_OUTER_BOUND ( 'NONE', #1374, .T. ) ;
#726 = VERTEX_POINT ( 'NONE', #503 ) ;
#727 = ORIENTED_EDGE ( 'NONE', *, *, #1186, .F. ) ;
#728 = FACE_OUTER_BOUND ( 'NONE', #53, .T. ) ;
#729 = CARTESIAN_POINT ( 'NONE',  ( 0.000000000000000000, 0.000000000000000000, -102.5004798123303686 ) ) ;
#730 = VERTEX_POINT ( 'NONE', #836 ) ;
#731 = VERTEX_POINT ( 'NONE', #182 ) ;
#732 = ADVANCED_FACE ( 'NONE', ( #937 ), #749, .T. ) ;
#733 = PLANE ( 'NONE',  #1261 ) ;
#734 = ADVANCED_FACE ( 'NONE', ( #423 ), #1302, .T. ) ;
#735 = CARTESIAN_POINT ( 'NONE',  ( 49.12499999999934630, 3.888253587292847265E-15, 65.02407406748162089 ) ) ;
#736 = ORIENTED_EDGE ( 'NONE', *, *, #206, .T. ) ;
#737 = CARTESIAN_POINT ( 'NONE',  ( -32.00000000000002132, 0.000000000000000000, -147.1902001999184506 ) ) ;
#738 = VERTEX_POINT ( 'NONE', #85 ) ;
#739 = AXIS2_PLACEMENT_3D ( 'NONE', #1330, #1230, #1117 ) ;
#740 = AXIS2_PLACEMENT_3D ( 'NONE', #1347, #1332, #167 ) ;
#741 = CIRCLE ( 'NONE', #783, 31.75000000000000000 ) ;
#742 = DIRECTION ( 'NONE',  ( 0.000000000000000000, 0.000000000000000000, 1.000000000000000000 ) ) ;
#743 = CIRCLE ( 'NONE', #1101, 33.50000000000001421 ) ;
#744 = TOROIDAL_SURFACE ( 'NONE', #267, 36.75000000000000000, 5.000000000000000000 ) ;
#745 = DIRECTION ( 'NONE',  ( -0.000000000000000000, -0.000000000000000000, 1.000000000000000000 ) ) ;
#746 = VERTEX_POINT ( 'NONE', #735 ) ;
#747 = ORIENTED_EDGE ( 'NONE', *, *, #192, .T. ) ;
#748 = DIRECTION ( 'NONE',  ( 0.000000000000000000, -1.000000000000000000, 0.000000000000000000 ) ) ;
#749 = PLANE ( 'NONE',  #353 ) ;
#750 = ORIENTED_EDGE ( 'NONE', *, *, #497, .F. ) ;
#751 = ORIENTED_EDGE ( 'NONE', *, *, #853, .T. ) ;
#752 = CARTESIAN_POINT ( 'NONE',  ( 121.4999999999997868, 3.888253587292847265E-15, 106.8097998000814783 ) ) ;
#753 = DIRECTION ( 'NONE',  ( 0.000000000000000000, 0.000000000000000000, 1.000000000000000000 ) ) ;
#754 = EDGE_LOOP ( 'NONE', ( #199, #998, #980, #635, #1304, #183, #294, #597, #171, #1319, #117, #1139 ) ) ;
#755 = EDGE_CURVE ( 'NONE', #667, #399, #854, .T. ) ;
#756 = EDGE_LOOP ( 'NONE', ( #226, #1380, #727, #1221 ) ) ;
#757 = CIRCLE ( 'NONE', #945, 4.999999999999997335 ) ;
#758 = FACE_OUTER_BOUND ( 'NONE', #547, .T. ) ;
#759 = AXIS2_PLACEMENT_3D ( 'NONE', #682, #468, #141 ) ;
#760 = TOROIDAL_SURFACE ( 'NONE', #587, 130.0000000000000000, 30.25000000000000000 ) ;
#761 = LINE ( 'NONE', #889, #536 ) ;
#762 = CIRCLE ( 'NONE', #1306, 30.25000000000000000 ) ;
#763 = VERTEX_POINT ( 'NONE', #519 ) ;
#764 = LINE ( 'NONE', #219, #927 ) ;
#765 = EDGE_LOOP ( 'NONE', ( #364, #110, #1046, #947 ) ) ;
#766 = CARTESIAN_POINT ( 'NONE',  ( 33.50000000000000711, 4.102566777143634563E-15, -147.1902001999184506 ) ) ;
#767 = DIRECTION ( 'NONE',  ( 0.000000000000000000, -1.000000000000000000, 0.000000000000000000 ) ) ;
#768 = DIRECTION ( 'NONE',  ( -1.000000000000000000, 0.000000000000000000, 0.000000000000000000 ) ) ;
#769 = DIRECTION ( 'NONE',  ( -0.8660254037844363761, 0.000000000000000000, -0.5000000000000041078 ) ) ;
#770 = ORIENTED_EDGE ( 'NONE', *, *, #1198, .F. ) ;
#771 = EDGE_CURVE ( 'NONE', #510, #730, #1161, .T. ) ;
#772 = DIRECTION ( 'NONE',  ( 0.000000000000000000, 0.000000000000000000, -1.000000000000000000 ) ) ;
#773 = DIRECTION ( 'NONE',  ( -1.000000000000000000, 0.000000000000000000, 0.000000000000000000 ) ) ;
#774 = ADVANCED_FACE ( 'NONE', ( #99 ), #943, .F. ) ;
#775 = DIRECTION ( 'NONE',  ( 1.224646799147353207E-16, 1.000000000000000000, -0.000000000000000000 ) ) ;
#776 = LINE ( 'NONE', #1310, #380 ) ;
#777 = ORIENTED_EDGE ( 'NONE', *, *, #950, .T. ) ;
#778 = DIRECTION ( 'NONE',  ( -0.000000000000000000, -0.000000000000000000, -1.000000000000000000 ) ) ;
#779 = CIRCLE ( 'NONE', #174, 30.64199796489159766 ) ;
#780 = CARTESIAN_POINT ( 'NONE',  ( 0.000000000000000000, 0.000000000000000000, -102.5004798123303686 ) ) ;
#781 = CARTESIAN_POINT ( 'NONE',  ( -5.715319939156700554E-15, 0.000000000000000000, -147.1902001999184506 ) ) ;
#782 = CIRCLE ( 'NONE', #969, 33.50000000000001421 ) ;
#783 = AXIS2_PLACEMENT_3D ( 'NONE', #385, #396, #709 ) ;
#784 = DIRECTION ( 'NONE',  ( -1.000000000000000000, 0.000000000000000000, 0.000000000000000000 ) ) ;
#785 = ORIENTED_EDGE ( 'NONE', *, *, #1032, .T. ) ;
#786 = DIRECTION ( 'NONE',  ( 0.000000000000000000, -1.000000000000000000, 0.000000000000000000 ) ) ;
#787 = APPLICATION_PROTOCOL_DEFINITION ( 'international standard', 'config_control_design', 1994, #1209 ) ;
#788 = CARTESIAN_POINT ( 'NONE',  ( 28.50000000000001066, 0.000000000000000000, -109.0718351034606144 ) ) ;
#789 = DIRECTION ( 'NONE',  ( 0.000000000000000000, 0.000000000000000000, -1.000000000000000000 ) ) ;
#790 = EDGE_CURVE ( 'NONE', #679, #876, #1376, .T. ) ;
#791 = DIRECTION ( 'NONE',  ( 0.3420201433256698786, 4.188538737677005940E-17, -0.9396926207859079838 ) ) ;
#792 = ORIENTED_EDGE ( 'NONE', *, *, #857, .F. ) ;
#793 = FACE_OUTER_BOUND ( 'NONE', #685, .T. ) ;
#794 = APPLICATION_PROTOCOL_DEFINITION ( 'international standard', 'config_control_design', 1994, #172 ) ;
#795 = ADVANCED_FACE ( 'NONE', ( #409 ), #1263, .F. ) ;
#796 = EDGE_CURVE ( 'NONE', #1031, #1285, #413, .T. ) ;
#797 = CARTESIAN_POINT ( 'NONE',  ( 153.2500000000000568, 0.000000000000000000, 51.81718665976976723 ) ) ;
#798 = CARTESIAN_POINT ( 'NONE',  ( 49.12499999999934630, 3.888253587292847265E-15, 65.02407406748162089 ) ) ;
#799 = DIRECTION ( 'NONE',  ( 0.000000000000000000, 0.000000000000000000, -1.000000000000000000 ) ) ;
#800 = VERTEX_POINT ( 'NONE', #1070 ) ;
#801 = EDGE_CURVE ( 'NONE', #738, #1154, #1280, .T. ) ;
#802 = DIRECTION ( 'NONE',  ( -0.000000000000000000, -1.000000000000000000, -0.000000000000000000 ) ) ;
#803 = PERSON_AND_ORGANIZATION_ROLE ( 'design_owner' ) ;
#804 = FACE_OUTER_BOUND ( 'NONE', #824, .T. ) ;
#805 = DIRECTION ( 'NONE',  ( 0.000000000000000000, 0.000000000000000000, 1.000000000000000000 ) ) ;
#806 = AXIS2_PLACEMENT_3D ( 'NONE', #508, #619, #1388 ) ;
#807 = CARTESIAN_POINT ( 'NONE',  ( 0.000000000000000000, 0.000000000000000000, -173.1902001999184506 ) ) ;
#808 = ORIENTED_EDGE ( 'NONE', *, *, #657, .F. ) ;
#809 = VECTOR ( 'NONE', #1318, 1000.000000000000000 ) ;
#810 = APPROVAL ( #913, 'UNSPECIFIED' ) ;
#811 = AXIS2_PLACEMENT_3D ( 'NONE', #1352, #823, #45 ) ;
#812 = CARTESIAN_POINT ( 'NONE',  ( 2.884196218520847955E-14, 0.000000000000000000, -147.1902001999184506 ) ) ;
#813 = APPROVAL_DATE_TIME ( #1026, #810 ) ;
#814 = CYLINDRICAL_SURFACE ( 'NONE', #289, 31.75000000000000000 ) ;
#815 = DIRECTION ( 'NONE',  ( -0.000000000000000000, -0.000000000000000000, 1.000000000000000000 ) ) ;
#816 = ADVANCED_FACE ( 'NONE', ( #570 ), #434, .F. ) ;
#817 = LINE ( 'NONE', #470, #987 ) ;
#818 = ORIENTED_EDGE ( 'NONE', *, *, #858, .T. ) ;
#819 = ADVANCED_FACE ( 'NONE', ( #1218 ), #744, .F. ) ;
#820 = ORIENTED_EDGE ( 'NONE', *, *, #436, .F. ) ;
#821 = DIRECTION ( 'NONE',  ( -0.000000000000000000, -0.000000000000000000, -1.000000000000000000 ) ) ;
#822 = CYLINDRICAL_SURFACE ( 'NONE', #949, 32.00000000000001421 ) ;
#823 = DIRECTION ( 'NONE',  ( -0.000000000000000000, -0.000000000000000000, -1.000000000000000000 ) ) ;
#824 = EDGE_LOOP ( 'NONE', ( #303, #818, #1255, #213, #1109, #1309, #1088, #525, #271, #11, #944, #96 ) ) ;
#825 = ORIENTED_EDGE ( 'NONE', *, *, #840, .T. ) ;
#826 = FACE_OUTER_BOUND ( 'NONE', #427, .T. ) ;
#827 = DIRECTION ( 'NONE',  ( 1.000000000000000000, 0.000000000000000000, 0.000000000000000000 ) ) ;
#828 = DIRECTION ( 'NONE',  ( 1.000000000000000000, 0.000000000000000000, 0.000000000000000000 ) ) ;
#829 = ORIENTED_EDGE ( 'NONE', *, *, #208, .F. ) ;
#830 = VECTOR ( 'NONE', #687, 1000.000000000000000 ) ;
#831 = ORIENTED_EDGE ( 'NONE', *, *, #150, .T. ) ;
#832 = AXIS2_PLACEMENT_3D ( 'NONE', #1246, #97, #1130 ) ;
#833 = AXIS2_PLACEMENT_3D ( 'NONE', #92, #835, #1361 ) ;
#834 = AXIS2_PLACEMENT_3D ( 'NONE', #1098, #1020, #466 ) ;
#835 = DIRECTION ( 'NONE',  ( -0.000000000000000000, -0.000000000000000000, -1.000000000000000000 ) ) ;
#836 = CARTESIAN_POINT ( 'NONE',  ( 80.87499999999960210, 0.000000000000000000, 10.03146092716990978 ) ) ;
#837 = ORIENTED_EDGE ( 'NONE', *, *, #248, .F. ) ;
#838 = ORIENTED_EDGE ( 'NONE', *, *, #801, .F. ) ;
#839 = CARTESIAN_POINT ( 'NONE',  ( 64.99999999999947420, 0.000000000000000000, 37.52776749732576889 ) ) ;
#840 = EDGE_CURVE ( 'NONE', #30, #1202, #607, .T. ) ;
#841 = CARTESIAN_POINT ( 'NONE',  ( 2.250000000000019984, 33.50000000000001421, -147.1902001999184506 ) ) ;
#842 = ORIENTED_EDGE ( 'NONE', *, *, #950, .F. ) ;
#843 = CARTESIAN_POINT ( 'NONE',  ( 33.42435489280234151, -2.249999999999999112, -173.1902001999184222 ) ) ;
#844 = EDGE_CURVE ( 'NONE', #956, #1042, #977, .T. ) ;
#845 = ORIENTED_EDGE ( 'NONE', *, *, #881, .F. ) ;
#846 = CARTESIAN_POINT ( 'NONE',  ( -2.249999999999980016, -33.42435489280236283, -147.1902001999184506 ) ) ;
#847 = DIRECTION ( 'NONE',  ( -1.000000000000000000, 0.000000000000000000, 0.000000000000000000 ) ) ;
#848 = EDGE_LOOP ( 'NONE', ( #46, #1039, #15, #820 ) ) ;
#849 = EDGE_LOOP ( 'NONE', ( #1106, #300, #320, #855 ) ) ;
#850 = AXIS2_PLACEMENT_3D ( 'NONE', #1204, #767, #20 ) ;
#851 = DIRECTION ( 'NONE',  ( 0.8660254037844364872, 0.000000000000000000, 0.5000000000000039968 ) ) ;
#852 = CIRCLE ( 'NONE', #241, 30.24999999999999289 ) ;
#853 = EDGE_CURVE ( 'NONE', #718, #1335, #997, .T. ) ;
#854 = LINE ( 'NONE', #1289, #1240 ) ;
#855 = ORIENTED_EDGE ( 'NONE', *, *, #317, .F. ) ;
#856 = VERTEX_POINT ( 'NONE', #26 ) ;
#857 = EDGE_CURVE ( 'NONE', #1296, #645, #223, .T. ) ;
#858 = EDGE_CURVE ( 'NONE', #800, #1324, #761, .T. ) ;
#859 = DIRECTION ( 'NONE',  ( -1.000000000000000000, 0.000000000000000000, 0.000000000000000000 ) ) ;
#860 = DIRECTION ( 'NONE',  ( 1.000000000000000000, 0.000000000000000000, 0.000000000000000000 ) ) ;
#861 = ORIENTED_EDGE ( 'NONE', *, *, #905, .T. ) ;
#862 = CARTESIAN_POINT ( 'NONE',  ( 137.3749999999999147, 0.000000000000000000, 79.31349322992562634 ) ) ;
#863 = ORIENTED_EDGE ( 'NONE', *, *, #1278, .F. ) ;
#864 = CYLINDRICAL_SURFACE ( 'NONE', #1146, 30.25000000000000000 ) ;
#865 = DIRECTION ( 'NONE',  ( 1.000000000000000000, 0.000000000000000000, 0.000000000000000000 ) ) ;
#866 = ORIENTED_EDGE ( 'NONE', *, *, #1048, .F. ) ;
#867 = CARTESIAN_POINT ( 'NONE',  ( 0.000000000000000000, 0.000000000000000000, -108.1902001999184648 ) ) ;
#868 = ORIENTED_EDGE ( 'NONE', *, *, #551, .T. ) ;
#869 = TOROIDAL_SURFACE ( 'NONE', #126, 36.75000000000000000, 6.500000000000000888 ) ;
#870 = APPROVAL_PERSON_ORGANIZATION ( #1128, #810, #1339 ) ;
#871 = AXIS2_PLACEMENT_3D ( 'NONE', #1201, #775, #1104 ) ;
#872 = DIRECTION ( 'NONE',  ( 1.000000000000000000, 0.000000000000000000, 0.000000000000000000 ) ) ;
#873 = VECTOR ( 'NONE', #1295, 1000.000000000000000 ) ;
#874 = CARTESIAN_POINT ( 'NONE',  ( -33.42435489280235572, 2.249999999999999112, -173.1902001999184222 ) ) ;
#875 = TOROIDAL_SURFACE ( 'NONE', #441, 130.0000000000000000, 30.25000000000000000 ) ;
#876 = VERTEX_POINT ( 'NONE', #1182 ) ;
#877 = DIRECTION ( 'NONE',  ( -1.000000000000000000, 0.000000000000000000, 0.000000000000000000 ) ) ;
#878 = EDGE_LOOP ( 'NONE', ( #616, #978 ) ) ;
#879 = EDGE_CURVE ( 'NONE', #1025, #305, #1326, .T. ) ;
#880 = ADVANCED_FACE ( 'NONE', ( #323 ), #869, .T. ) ;
#881 = EDGE_CURVE ( 'NONE', #407, #58, #237, .T. ) ;
#882 = CARTESIAN_POINT ( 'NONE',  ( -30.64199796489159766, 0.000000000000000000, -104.7236107439472477 ) ) ;
#883 = DIRECTION ( 'NONE',  ( -1.000000000000000000, 0.000000000000000000, 0.000000000000000000 ) ) ;
#884 = EDGE_LOOP ( 'NONE', ( #637, #125, #432, #1359, #238, #845, #1073, #543, #211, #842, #721, #324 ) ) ;
#885 = CARTESIAN_POINT ( 'NONE',  ( 2.250000000000019984, 33.50000000000001421, -147.1902001999184506 ) ) ;
#886 = ORIENTED_EDGE ( 'NONE', *, *, #1217, .F. ) ;
#887 = CARTESIAN_POINT ( 'NONE',  ( -33.50000000000002132, 0.000000000000000000, -173.1902001999184222 ) ) ;
#888 = PERSON_AND_ORGANIZATION_ROLE ( 'design_supplier' ) ;
#889 = CARTESIAN_POINT ( 'NONE',  ( 33.50000000000000711, 4.102566777143634563E-15, -173.1902001999184222 ) ) ;
#890 = LINE ( 'NONE', #664, #899 ) ;
#891 = CARTESIAN_POINT ( 'NONE',  ( 32.09046106882120597, 3.929948043109464319E-15, -108.7032304149069830 ) ) ;
#892 = ORIENTED_EDGE ( 'NONE', *, *, #553, .T. ) ;
#893 = LINE ( 'NONE', #1327, #540 ) ;
#894 = CALENDAR_DATE ( 2026, 16, 9 ) ;
#895 = EDGE_CURVE ( 'NONE', #656, #9, #306, .T. ) ;
#896 = AXIS2_PLACEMENT_3D ( 'NONE', #1172, #1064, #318 ) ;
#897 = CARTESIAN_POINT ( 'NONE',  ( 31.92080042856068545, 2.250000000000000000, -173.1902001999184506 ) ) ;
#898 = VECTOR ( 'NONE', #1155, 1000.000000000000000 ) ;
#899 = VECTOR ( 'NONE', #1206, 1000.000000000000000 ) ;
#900 = CARTESIAN_POINT ( 'NONE',  ( -28.50000000000001776, 3.490243377569958033E-15, -109.0718351034606144 ) ) ;
#901 = CONICAL_SURFACE ( 'NONE', #833, 32.09046106882120597, 0.3490658503988671169 ) ;
#902 = TOROIDAL_SURFACE ( 'NONE', #611, 28.50000000000001421, 3.500000000000000000 ) ;
#903 = DIRECTION ( 'NONE',  ( 1.000000000000000000, 0.000000000000000000, 0.000000000000000000 ) ) ;
#904 = ORIENTED_EDGE ( 'NONE', *, *, #905, .F. ) ;
#905 = EDGE_CURVE ( 'NONE', #435, #1061, #1060, .T. ) ;
#906 = EDGE_CURVE ( 'NONE', #9, #58, #1076, .T. ) ;
#907 = CARTESIAN_POINT ( 'NONE',  ( 32.00000000000000711, 3.918869757271532630E-15, -173.1902001999184222 ) ) ;
#908 = FACE_OUTER_BOUND ( 'NONE', #180, .T. ) ;
#909 = LINE ( 'NONE', #798, #1015 ) ;
#910 = CYLINDRICAL_SURFACE ( 'NONE', #383, 30.25000000000000000 ) ;
#911 = ORIENTED_EDGE ( 'NONE', *, *, #104, .F. ) ;
#912 = CARTESIAN_POINT ( 'NONE',  ( 64.99999999999947420, 0.000000000000000000, 37.52776749732576889 ) ) ;
#913 = APPROVAL_STATUS ( 'not_yet_approved' ) ;
#914 = DIRECTION ( 'NONE',  ( 0.000000000000000000, -1.000000000000000000, 0.000000000000000000 ) ) ;
#915 = CYLINDRICAL_SURFACE ( 'NONE', #1079, 31.75000000000000000 ) ;
#916 = DIRECTION ( 'NONE',  ( -1.000000000000000000, 0.000000000000000000, 0.000000000000000000 ) ) ;
#917 = ORIENTED_EDGE ( 'NONE', *, *, #553, .F. ) ;
#918 = FACE_OUTER_BOUND ( 'NONE', #504, .T. ) ;
#919 = DIRECTION ( 'NONE',  ( 1.000000000000000000, 0.000000000000000000, 0.000000000000000000 ) ) ;
#920 = DIRECTION ( 'NONE',  ( -1.000000000000000000, 0.000000000000000000, 0.000000000000000000 ) ) ;
#921 = LINE ( 'NONE', #1357, #1393 ) ;
#922 = AXIS2_PLACEMENT_3D ( 'NONE', #1193, #1321, #883 ) ;
#923 = CONICAL_SURFACE ( 'NONE', #382, 33.50000000000007105, 0.3490658503988671169 ) ;
#924 = CARTESIAN_POINT ( 'NONE',  ( -31.78892417275068638, 0.000000000000000000, -107.8747646018207860 ) ) ;
#925 = EDGE_LOOP ( 'NONE', ( #975, #116, #861, #572 ) ) ;
#926 = AXIS2_PLACEMENT_3D ( 'NONE', #1, #748, #569 ) ;
#927 = VECTOR ( 'NONE', #121, 1000.000000000000000 ) ;
#928 = VECTOR ( 'NONE', #971, 1000.000000000000000 ) ;
#929 = CARTESIAN_POINT ( 'NONE',  ( 31.75000000000000000, 0.000000000000000000, -173.1902001999184506 ) ) ;
#930 = CARTESIAN_POINT ( 'NONE',  ( 2.250000000000019984, 33.50000000000001421, -147.1902001999184506 ) ) ;
#931 = DIRECTION ( 'NONE',  ( -1.000000000000000000, 0.000000000000000000, 0.000000000000000000 ) ) ;
#932 = EDGE_CURVE ( 'NONE', #1377, #645, #946, .T. ) ;
#933 = ORIENTED_EDGE ( 'NONE', *, *, #505, .T. ) ;
#934 = VERTEX_POINT ( 'NONE', #658 ) ;
#935 = CARTESIAN_POINT ( 'NONE',  ( -5.715319939156700554E-15, 0.000000000000000000, -147.1902001999184506 ) ) ;
#936 = FACE_OUTER_BOUND ( 'NONE', #526, .T. ) ;
#937 = FACE_OUTER_BOUND ( 'NONE', #220, .T. ) ;
#938 = ORIENTED_EDGE ( 'NONE', *, *, #497, .T. ) ;
#939 = ORIENTED_EDGE ( 'NONE', *, *, #505, .F. ) ;
#940 = DIRECTION ( 'NONE',  ( -1.000000000000000000, 0.000000000000000000, 0.000000000000000000 ) ) ;
#941 = EDGE_CURVE ( 'NONE', #726, #746, #1370, .T. ) ;
#942 = DIRECTION ( 'NONE',  ( 0.000000000000000000, 0.000000000000000000, 1.000000000000000000 ) ) ;
#943 = TOROIDAL_SURFACE ( 'NONE', #80, 36.75000000000000000, 5.000000000000000000 ) ;
#944 = ORIENTED_EDGE ( 'NONE', *, *, #476, .F. ) ;
#945 = AXIS2_PLACEMENT_3D ( 'NONE', #900, #1006, #34 ) ;
#946 = CIRCLE ( 'NONE', #720, 31.78892417275068638 ) ;
#947 = ORIENTED_EDGE ( 'NONE', *, *, #790, .F. ) ;
#948 = AXIS2_PLACEMENT_3D ( 'NONE', #981, #772, #872 ) ;
#949 = AXIS2_PLACEMENT_3D ( 'NONE', #716, #1150, #177 ) ;
#950 = EDGE_CURVE ( 'NONE', #1031, #1385, #1080, .T. ) ;
#951 = DIRECTION ( 'NONE',  ( 1.000000000000000000, 0.000000000000000000, 0.000000000000000000 ) ) ;
#952 = EDGE_CURVE ( 'NONE', #435, #1154, #515, .T. ) ;
#953 = DIRECTION ( 'NONE',  ( 0.000000000000000000, 0.000000000000000000, -1.000000000000000000 ) ) ;
#954 = EDGE_LOOP ( 'NONE', ( #1269, #1138, #1364, #299 ) ) ;
#955 = DIRECTION ( 'NONE',  ( 0.000000000000000000, 0.000000000000000000, 1.000000000000000000 ) ) ;
#956 = VERTEX_POINT ( 'NONE', #982 ) ;
#957 = CARTESIAN_POINT ( 'NONE',  ( -2.249999999999980016, -31.92080042856069966, -147.1902001999184506 ) ) ;
#958 = CYLINDRICAL_SURFACE ( 'NONE', #806, 30.25000000000000711 ) ;
#959 = EDGE_LOOP ( 'NONE', ( #448, #313, #158, #698 ) ) ;
#960 = CC_DESIGN_PERSON_AND_ORGANIZATION_ASSIGNMENT ( #166, #681, ( #627 ) ) ;
#961 = VERTEX_POINT ( 'NONE', #10 ) ;
#962 = FACE_OUTER_BOUND ( 'NONE', #754, .T. ) ;
#963 = LINE ( 'NONE', #724, #561 ) ;
#964 = CARTESIAN_POINT ( 'NONE',  ( 33.50000000000002842, -2.250000000000000000, -173.1902001999184506 ) ) ;
#965 = ORIENTED_EDGE ( 'NONE', *, *, #464, .T. ) ;
#966 = ORIENTED_EDGE ( 'NONE', *, *, #1068, .T. ) ;
#967 = AXIS2_PLACEMENT_3D ( 'NONE', #663, #350, #2 ) ;
#968 = CIRCLE ( 'NONE', #489, 30.64199796489159766 ) ;
#969 = AXIS2_PLACEMENT_3D ( 'NONE', #81, #516, #951 ) ;
#970 = CIRCLE ( 'NONE', #834, 31.75000000000000000 ) ;
#971 = DIRECTION ( 'NONE',  ( -0.000000000000000000, -1.000000000000000000, -0.000000000000000000 ) ) ;
#972 = DIRECTION ( 'NONE',  ( 0.000000000000000000, 0.000000000000000000, 1.000000000000000000 ) ) ;
#973 = ORIENTED_EDGE ( 'NONE', *, *, #73, .T. ) ;
#974 = DIRECTION ( 'NONE',  ( 0.000000000000000000, 0.000000000000000000, 1.000000000000000000 ) ) ;
#975 = ORIENTED_EDGE ( 'NONE', *, *, #1171, .F. ) ;
#976 = CARTESIAN_POINT ( 'NONE',  ( 2.250000000000019984, -33.42435489280235572, -147.1902001999184506 ) ) ;
#977 = LINE ( 'NONE', #874, #17 ) ;
#978 = ORIENTED_EDGE ( 'NONE', *, *, #527, .F. ) ;
#979 = CARTESIAN_POINT ( 'NONE',  ( -5.715319939156700554E-15, 0.000000000000000000, -147.1902001999184506 ) ) ;
#980 = ORIENTED_EDGE ( 'NONE', *, *, #1297, .T. ) ;
#981 = CARTESIAN_POINT ( 'NONE',  ( 0.000000000000000000, 0.000000000000000000, -75.05553499465092671 ) ) ;
#982 = CARTESIAN_POINT ( 'NONE',  ( -33.42435489280234862, 2.250000000000000000, -147.1902001999184506 ) ) ;
#983 = ORIENTED_EDGE ( 'NONE', *, *, #1008, .F. ) ;
#984 = EDGE_CURVE ( 'NONE', #30, #435, #235, .T. ) ;
#985 = CARTESIAN_POINT ( 'NONE',  ( 30.25000000000000000, 0.000000000000000000, -75.05553499465092671 ) ) ;
#986 = VERTEX_POINT ( 'NONE', #897 ) ;
#987 = VECTOR ( 'NONE', #277, 1000.000000000000000 ) ;
#988 = CC_DESIGN_APPROVAL ( #810, ( #1210 ) ) ;
#989 = PLANE ( 'NONE',  #926 ) ;
#990 = AXIS2_PLACEMENT_3D ( 'NONE', #1093, #1308, #1200 ) ;
#991 = CONICAL_SURFACE ( 'NONE', #1373, 32.09046106882120597, 0.3490658503988671169 ) ;
#992 = CARTESIAN_POINT ( 'NONE',  ( 130.0000000000000000, 0.000000000000000000, -75.05553499465096934 ) ) ;
#993 = DIRECTION ( 'NONE',  ( -1.000000000000000000, 0.000000000000000000, 0.000000000000000000 ) ) ;
#994 = EDGE_CURVE ( 'NONE', #1290, #286, #628, .T. ) ;
#995 = EDGE_LOOP ( 'NONE', ( #345, #1158, #675, #128 ) ) ;
#996 = DIRECTION ( 'NONE',  ( 0.8660254037844363761, 0.000000000000000000, 0.5000000000000038858 ) ) ;
#997 = LINE ( 'NONE', #136, #1351 ) ;
#998 = ORIENTED_EDGE ( 'NONE', *, *, #1383, .T. ) ;
#999 = CARTESIAN_POINT ( 'NONE',  ( -5.715319939156700554E-15, 0.000000000000000000, -173.1902001999184222 ) ) ;
#1000 = ORIENTED_EDGE ( 'NONE', *, *, #83, .F. ) ;
#1001 = EDGE_CURVE ( 'NONE', #315, #1377, #463, .T. ) ;
#1002 = EDGE_CURVE ( 'NONE', #800, #1132, #84, .T. ) ;
#1003 = DIRECTION ( 'NONE',  ( 0.000000000000000000, 0.000000000000000000, 1.000000000000000000 ) ) ;
#1004 = PERSON_AND_ORGANIZATION ( #1222, #287 ) ;
#1005 = DIRECTION ( 'NONE',  ( -0.000000000000000000, -0.000000000000000000, -1.000000000000000000 ) ) ;
#1006 = DIRECTION ( 'NONE',  ( 1.224646799147353207E-16, 1.000000000000000000, -0.000000000000000000 ) ) ;
#1007 = CYLINDRICAL_SURFACE ( 'NONE', #700, 33.50000000000001421 ) ;
#1008 = EDGE_CURVE ( 'NONE', #1290, #58, #1223, .T. ) ;
#1009 = VERTEX_POINT ( 'NONE', #797 ) ;
#1010 = PLANE ( 'NONE',  #16 ) ;
#1011 = APPROVAL_STATUS ( 'not_yet_approved' ) ;
#1012 = AXIS2_PLACEMENT_3D ( 'NONE', #575, #1113, #919 ) ;
#1013 = FACE_OUTER_BOUND ( 'NONE', #330, .T. ) ;
#1014 = CIRCLE ( 'NONE', #152, 33.19846310392954791 ) ;
#1015 = VECTOR ( 'NONE', #1229, 1000.000000000000114 ) ;
#1016 = CARTESIAN_POINT ( 'NONE',  ( 0.000000000000000000, 0.000000000000000000, -173.1902001999184506 ) ) ;
#1017 = AXIS2_PLACEMENT_3D ( 'NONE', #579, #1303, #1089 ) ;
#1018 = DIRECTION ( 'NONE',  ( -1.000000000000000000, 0.000000000000000000, 0.000000000000000000 ) ) ;
#1019 = ORIENTED_EDGE ( 'NONE', *, *, #150, .F. ) ;
#1020 = DIRECTION ( 'NONE',  ( 0.000000000000000000, 0.000000000000000000, 1.000000000000000000 ) ) ;
#1021 = CALENDAR_DATE ( 2026, 16, 9 ) ;
#1022 = DIRECTION ( 'NONE',  ( -0.000000000000000000, 0.000000000000000000, -1.000000000000000000 ) ) ;
#1023 = CARTESIAN_POINT ( 'NONE',  ( 2.250000000000019096, 31.92080042856069255, -173.1902001999184222 ) ) ;
#1024 = DIRECTION ( 'NONE',  ( 0.000000000000000000, 1.000000000000000000, 0.000000000000000000 ) ) ;
#1025 = VERTEX_POINT ( 'NONE', #253 ) ;
#1026 = DATE_AND_TIME ( #159, #328 ) ;
#1027 = DIRECTION ( 'NONE',  ( 0.000000000000000000, -1.000000000000000000, 0.000000000000000000 ) ) ;
#1028 = CYLINDRICAL_SURFACE ( 'NONE', #563, 32.00000000000001421 ) ;
#1029 = CARTESIAN_POINT ( 'NONE',  ( 36.75000000000000000, 0.000000000000000000, -102.5004798123303686 ) ) ;
#1030 = EDGE_CURVE ( 'NONE', #305, #68, #1305, .T. ) ;
#1031 = VERTEX_POINT ( 'NONE', #1228 ) ;
#1032 = EDGE_CURVE ( 'NONE', #934, #585, #33, .T. ) ;
#1033 = DIRECTION ( 'NONE',  ( -0.000000000000000000, -0.000000000000000000, 1.000000000000000000 ) ) ;
#1034 = DIRECTION ( 'NONE',  ( 1.000000000000000000, 0.000000000000000000, 0.000000000000000000 ) ) ;
#1035 = AXIS2_PLACEMENT_3D ( 'NONE', #601, #477, #1018 ) ;
#1036 = VECTOR ( 'NONE', #1005, 1000.000000000000000 ) ;
#1037 = AXIS2_PLACEMENT_3D ( 'NONE', #688, #254, #692 ) ;
#1038 = DIRECTION ( 'NONE',  ( -0.000000000000000000, -0.000000000000000000, -1.000000000000000000 ) ) ;
#1039 = ORIENTED_EDGE ( 'NONE', *, *, #879, .F. ) ;
#1040 = AXIS2_PLACEMENT_3D ( 'NONE', #979, #660, #877 ) ;
#1041 = TOROIDAL_SURFACE ( 'NONE', #492, 28.50000000000001421, 5.000000000000000000 ) ;
#1042 = VERTEX_POINT ( 'NONE', #1135 ) ;
#1043 = FACE_OUTER_BOUND ( 'NONE', #878, .T. ) ;
#1044 = DIRECTION ( 'NONE',  ( -0.5000000000000039968, 0.000000000000000000, 0.8660254037844362651 ) ) ;
#1045 = DIRECTION ( 'NONE',  ( -0.000000000000000000, -0.000000000000000000, -1.000000000000000000 ) ) ;
#1046 = ORIENTED_EDGE ( 'NONE', *, *, #1168, .F. ) ;
#1047 = ORIENTED_EDGE ( 'NONE', *, *, #1325, .T. ) ;
#1048 = EDGE_CURVE ( 'NONE', #1282, #1385, #361, .T. ) ;
#1049 = ADVANCED_FACE ( 'NONE', ( #804 ), #388, .T. ) ;
#1050 = DIRECTION ( 'NONE',  ( 0.000000000000000000, 0.000000000000000000, 1.000000000000000000 ) ) ;
#1051 = CARTESIAN_POINT ( 'NONE',  ( 130.0000000000000000, 0.000000000000000000, -75.05553499465096934 ) ) ;
#1052 = CARTESIAN_POINT ( 'NONE',  ( 33.50000000000002842, 2.250000000000000000, -147.1902001999184506 ) ) ;
#1053 = ORIENTED_EDGE ( 'NONE', *, *, #614, .F. ) ;
#1054 = VERTEX_POINT ( 'NONE', #268 ) ;
#1055 = EDGE_CURVE ( 'NONE', #151, #689, #1212, .T. ) ;
#1056 = PLANE ( 'NONE',  #401 ) ;
#1057 = CIRCLE ( 'NONE', #194, 32.00000000000001421 ) ;
#1058 = ORIENTED_EDGE ( 'NONE', *, *, #1068, .F. ) ;
#1059 = CIRCLE ( 'NONE', #1369, 32.00000000000001421 ) ;
#1060 = CIRCLE ( 'NONE', #990, 99.75000000000000000 ) ;
#1061 = VERTEX_POINT ( 'NONE', #146 ) ;
#1062 = CIRCLE ( 'NONE', #565, 33.19846310392954791 ) ;
#1063 = DIRECTION ( 'NONE',  ( 0.000000000000000000, 0.000000000000000000, -1.000000000000000000 ) ) ;
#1064 = DIRECTION ( 'NONE',  ( 1.000000000000000000, 0.000000000000000000, -0.000000000000000000 ) ) ;
#1065 = ORIENTED_EDGE ( 'NONE', *, *, #1312, .T. ) ;
#1066 = ORIENTED_EDGE ( 'NONE', *, *, #668, .T. ) ;
#1067 = ADVANCED_FACE ( 'NONE', ( #708 ), #582, .F. ) ;
#1068 = EDGE_CURVE ( 'NONE', #645, #1377, #39, .T. ) ;
#1069 = DIRECTION ( 'NONE',  ( 1.665334536937734811E-16, 0.000000000000000000, -1.000000000000000000 ) ) ;
#1070 = CARTESIAN_POINT ( 'NONE',  ( 33.50000000000000711, 4.102566777143634563E-15, -109.0718351034606144 ) ) ;
#1071 = ORIENTED_EDGE ( 'NONE', *, *, #252, .T. ) ;
#1072 = APPROVAL_DATE_TIME ( #426, #544 ) ;
#1073 = ORIENTED_EDGE ( 'NONE', *, *, #522, .F. ) ;
#1074 = LINE ( 'NONE', #1299, #928 ) ;
#1075 = EDGE_CURVE ( 'NONE', #399, #856, #1283, .T. ) ;
#1076 = LINE ( 'NONE', #1315, #1391 ) ;
#1077 = VERTEX_POINT ( 'NONE', #603 ) ;
#1078 = EDGE_LOOP ( 'NONE', ( #1084, #430, #1266, #1274 ) ) ;
#1079 = AXIS2_PLACEMENT_3D ( 'NONE', #475, #1341, #1333 ) ;
#1080 = CIRCLE ( 'NONE', #445, 33.50000000000000711 ) ;
#1081 = CARTESIAN_POINT ( 'NONE',  ( 0.000000000000000000, 0.000000000000000000, -102.5004798123303686 ) ) ;
#1082 = ORIENTED_EDGE ( 'NONE', *, *, #932, .T. ) ;
#1083 = DIRECTION ( 'NONE',  ( -1.000000000000000000, 0.000000000000000000, 0.000000000000000000 ) ) ;
#1084 = ORIENTED_EDGE ( 'NONE', *, *, #6, .F. ) ;
#1085 = ADVANCED_FACE ( 'NONE', ( #1013 ), #814, .T. ) ;
#1086 = DIRECTION ( 'NONE',  ( 0.3420201433256698786, 4.188538737677005940E-17, -0.9396926207859079838 ) ) ;
#1087 = DIRECTION ( 'NONE',  ( 0.000000000000000000, 0.000000000000000000, -1.000000000000000000 ) ) ;
#1088 = ORIENTED_EDGE ( 'NONE', *, *, #1055, .F. ) ;
#1089 = DIRECTION ( 'NONE',  ( -0.5000000000000039968, 0.000000000000000000, 0.8660254037844362651 ) ) ;
#1090 = ORIENTED_EDGE ( 'NONE', *, *, #1278, .T. ) ;
#1091 = EDGE_CURVE ( 'NONE', #1025, #510, #493, .T. ) ;
#1092 = CARTESIAN_POINT ( 'NONE',  ( 31.92080042856068545, 2.249999999999999112, -147.1902001999184506 ) ) ;
#1093 = CARTESIAN_POINT ( 'NONE',  ( 130.0000000000000000, -3.704556567420743754E-15, -75.05553499465096934 ) ) ;
#1094 = CARTESIAN_POINT ( 'NONE',  ( -33.42435489280234862, -2.250000000000000000, -173.1902001999184506 ) ) ;
#1095 = FACE_OUTER_BOUND ( 'NONE', #765, .T. ) ;
#1096 = ORIENTED_EDGE ( 'NONE', *, *, #6, .T. ) ;
#1097 = VECTOR ( 'NONE', #178, 1000.000000000000000 ) ;
#1098 = CARTESIAN_POINT ( 'NONE',  ( 0.000000000000000000, 0.000000000000000000, -102.5004798123303686 ) ) ;
#1099 = DIRECTION ( 'NONE',  ( 0.000000000000000000, 0.000000000000000000, 1.000000000000000000 ) ) ;
#1100 = CIRCLE ( 'NONE', #86, 33.50000000000001421 ) ;
#1101 = AXIS2_PLACEMENT_3D ( 'NONE', #428, #545, #859 ) ;
#1102 = CC_DESIGN_PERSON_AND_ORGANIZATION_ASSIGNMENT ( #1120, #591, ( #646 ) ) ;
#1103 = CARTESIAN_POINT ( 'NONE',  ( -5.715319939156700554E-15, 0.000000000000000000, -173.1902001999184790 ) ) ;
#1104 = DIRECTION ( 'NONE',  ( -1.000000000000000000, 1.224646799147351728E-16, 0.000000000000000000 ) ) ;
#1105 = DIRECTION ( 'NONE',  ( -0.000000000000000000, 0.000000000000000000, -1.000000000000000000 ) ) ;
#1106 = ORIENTED_EDGE ( 'NONE', *, *, #1055, .T. ) ;
#1107 = DIRECTION ( 'NONE',  ( -1.000000000000000000, 0.000000000000000000, 0.000000000000000000 ) ) ;
#1108 = CARTESIAN_POINT ( 'NONE',  ( 2.250000000000019984, 33.50000000000001421, -147.1902001999184506 ) ) ;
#1109 = ORIENTED_EDGE ( 'NONE', *, *, #1395, .F. ) ;
#1110 = DIRECTION ( 'NONE',  ( -1.000000000000000000, 0.000000000000000000, 0.000000000000000000 ) ) ;
#1111 = ORIENTED_EDGE ( 'NONE', *, *, #527, .T. ) ;
#1112 = CARTESIAN_POINT ( 'NONE',  ( 64.99999999999943157, 0.000000000000000000, 37.52776749732574046 ) ) ;
#1113 = DIRECTION ( 'NONE',  ( 0.000000000000000000, 0.000000000000000000, 1.000000000000000000 ) ) ;
#1114 = DIRECTION ( 'NONE',  ( -1.000000000000000000, 0.000000000000000000, 0.000000000000000000 ) ) ;
#1115 = CARTESIAN_POINT ( 'NONE',  ( -5.715319939156700554E-15, 0.000000000000000000, -147.1902001999184506 ) ) ;
#1116 = ADVANCED_FACE ( 'NONE', ( #908 ), #43, .T. ) ;
#1117 = DIRECTION ( 'NONE',  ( -1.000000000000000000, 0.000000000000000000, 0.000000000000000000 ) ) ;
#1118 = ORIENTED_EDGE ( 'NONE', *, *, #108, .T. ) ;
#1119 = CARTESIAN_POINT ( 'NONE',  ( 33.50000000000002842, 2.250000000000000000, -147.1902001999184506 ) ) ;
#1120 = PERSON_AND_ORGANIZATION ( #1222, #287 ) ;
#1121 = VECTOR ( 'NONE', #1038, 1000.000000000000000 ) ;
#1122 = DIRECTION ( 'NONE',  ( -0.000000000000000000, -0.000000000000000000, -1.000000000000000000 ) ) ;
#1123 = CARTESIAN_POINT ( 'NONE',  ( 0.000000000000000000, 0.000000000000000000, -104.7236107439472477 ) ) ;
#1124 = CIRCLE ( 'NONE', #517, 6.499999999999999112 ) ;
#1125 = DIRECTION ( 'NONE',  ( -1.000000000000000000, 0.000000000000000000, 0.000000000000000000 ) ) ;
#1126 = VERTEX_POINT ( 'NONE', #366 ) ;
#1127 = CARTESIAN_POINT ( 'NONE',  ( -33.50000000000002132, 0.000000000000000000, -147.1902001999184506 ) ) ;
#1128 = PERSON_AND_ORGANIZATION ( #1222, #287 ) ;
#1129 = DIRECTION ( 'NONE',  ( -1.000000000000000000, 0.000000000000000000, 0.000000000000000000 ) ) ;
#1130 = DIRECTION ( 'NONE',  ( -1.000000000000000000, 0.000000000000000000, 0.000000000000000000 ) ) ;
#1131 = CARTESIAN_POINT ( 'NONE',  ( 130.0000000000000000, 0.000000000000000000, -75.05553499465096934 ) ) ;
#1132 = VERTEX_POINT ( 'NONE', #576 ) ;
#1133 = EDGE_CURVE ( 'NONE', #1285, #79, #290, .T. ) ;
#1134 = SECURITY_CLASSIFICATION_LEVEL ( 'unclassified' ) ;
#1135 = CARTESIAN_POINT ( 'NONE',  ( -33.42435489280234862, 2.250000000000000000, -173.1902001999184506 ) ) ;
#1136 = CARTESIAN_POINT ( 'NONE',  ( -5.715319939156700554E-15, 0.000000000000000000, -109.0718351034606144 ) ) ;
#1137 = CARTESIAN_POINT ( 'NONE',  ( -32.00000000000002132, 0.000000000000000000, -109.0718351034606144 ) ) ;
#1138 = ORIENTED_EDGE ( 'NONE', *, *, #1252, .F. ) ;
#1139 = ORIENTED_EDGE ( 'NONE', *, *, #755, .F. ) ;
#1140 = CARTESIAN_POINT ( 'NONE',  ( -31.92080042856069966, -2.249999999999999112, -147.1902001999184506 ) ) ;
#1141 =( GEOMETRIC_REPRESENTATION_CONTEXT ( 3 ) GLOBAL_UNCERTAINTY_ASSIGNED_CONTEXT ( ( #509 ) ) GLOBAL_UNIT_ASSIGNED_CONTEXT ( ( #274, #707, #473 ) ) REPRESENTATION_CONTEXT ( 'NONE', 'WORKASPACE' ) );
#1142 = DIRECTION ( 'NONE',  ( 0.8660254037844363761, 0.000000000000000000, 0.5000000000000038858 ) ) ;
#1143 = VECTOR ( 'NONE', #745, 1000.000000000000000 ) ;
#1144 = FACE_OUTER_BOUND ( 'NONE', #249, .T. ) ;
#1145 = ORIENTED_EDGE ( 'NONE', *, *, #790, .T. ) ;
#1146 = AXIS2_PLACEMENT_3D ( 'NONE', #114, #321, #222 ) ;
#1147 = VECTOR ( 'NONE', #1320, 1000.000000000000000 ) ;
#1148 = ORIENTED_EDGE ( 'NONE', *, *, #906, .T. ) ;
#1149 = FACE_OUTER_BOUND ( 'NONE', #230, .T. ) ;
#1150 = DIRECTION ( 'NONE',  ( -0.000000000000000000, -0.000000000000000000, -1.000000000000000000 ) ) ;
#1151 = CARTESIAN_POINT ( 'NONE',  ( -5.715319939156700554E-15, 0.000000000000000000, -109.0718351034606144 ) ) ;
#1152 = ORIENTED_EDGE ( 'NONE', *, *, #28, .F. ) ;
#1153 = ADVANCED_FACE ( 'NONE', ( #617, #1043 ), #733, .F. ) ;
#1154 = VERTEX_POINT ( 'NONE', #408 ) ;
#1155 = DIRECTION ( 'NONE',  ( 0.000000000000000000, 0.000000000000000000, 1.000000000000000000 ) ) ;
#1156 = PLANE ( 'NONE',  #693 ) ;
#1157 = EDGE_LOOP ( 'NONE', ( #534, #479, #825, #1066 ) ) ;
#1158 = ORIENTED_EDGE ( 'NONE', *, *, #83, .T. ) ;
#1159 = CARTESIAN_POINT ( 'NONE',  ( 0.000000000000000000, 0.000000000000000000, -108.1902001999184648 ) ) ;
#1160 = DIRECTION ( 'NONE',  ( 0.000000000000000000, -0.000000000000000000, -1.000000000000000000 ) ) ;
#1161 = CIRCLE ( 'NONE', #558, 98.25000000000000000 ) ;
#1162 = ORIENTED_EDGE ( 'NONE', *, *, #1030, .T. ) ;
#1163 = AXIS2_PLACEMENT_3D ( 'NONE', #1108, #1356, #1022 ) ;
#1164 = CALENDAR_DATE ( 2026, 16, 9 ) ;
#1165 = VECTOR ( 'NONE', #1250, 1000.000000000000000 ) ;
#1166 = EDGE_LOOP ( 'NONE', ( #566, #831, #1111, #886 ) ) ;
#1167 = AXIS2_PLACEMENT_3D ( 'NONE', #862, #769, #665 ) ;
#1168 = EDGE_CURVE ( 'NONE', #876, #1077, #963, .T. ) ;
#1169 = TOROIDAL_SURFACE ( 'NONE', #327, 28.50000000000001421, 5.000000000000000000 ) ;
#1170 = CARTESIAN_POINT ( 'NONE',  ( 0.000000000000000000, 0.000000000000000000, -173.1902001999184506 ) ) ;
#1171 = EDGE_CURVE ( 'NONE', #1154, #453, #1346, .T. ) ;
#1172 = CARTESIAN_POINT ( 'NONE',  ( -2.249999999999980016, 33.50000000000001421, -147.1902001999184506 ) ) ;
#1173 = ORIENTED_EDGE ( 'NONE', *, *, #349, .T. ) ;
#1174 = CARTESIAN_POINT ( 'NONE',  ( 0.000000000000000000, 0.000000000000000000, -102.5004798123303686 ) ) ;
#1175 = ORIENTED_EDGE ( 'NONE', *, *, #1381, .T. ) ;
#1176 = CARTESIAN_POINT ( 'NONE',  ( -33.42435489280234862, -2.250000000000000000, -147.1902001999184506 ) ) ;
#1177 = DIRECTION ( 'NONE',  ( 0.000000000000000000, 1.000000000000000000, 0.000000000000000000 ) ) ;
#1178 = VERTEX_POINT ( 'NONE', #1140 ) ;
#1179 = CARTESIAN_POINT ( 'NONE',  ( 31.92080042856068545, 2.249999999999999112, -173.1902001999184222 ) ) ;
#1180 = ORIENTED_EDGE ( 'NONE', *, *, #697, .T. ) ;
#1181 = DIRECTION ( 'NONE',  ( 0.000000000000000000, 0.000000000000000000, -1.000000000000000000 ) ) ;
#1182 = CARTESIAN_POINT ( 'NONE',  ( -2.249999999999980016, 31.92080042856069966, -173.1902001999184506 ) ) ;
#1183 = EDGE_LOOP ( 'NONE', ( #392, #369, #521, #398 ) ) ;
#1184 = VERTEX_POINT ( 'NONE', #70 ) ;
#1185 = CLOSED_SHELL ( 'NONE', ( #568, #480, #227, #880, #1211, #1256, #1314, #1378, #774, #1205, #316, #1085, #212, #1049, #439, #1191, #1116, #257, #272, #49, #1235, #358, #1153, #148, #478, #819, #638, #578, #694, #162, #339, #734, #1379, #816, #281, #690, #732, #1277, #378, #278, #714, #1067, #795, #530, #1194 ) ) ;
#1186 = EDGE_CURVE ( 'NONE', #1132, #615, #1014, .T. ) ;
#1187 = AXIS2_PLACEMENT_3D ( 'NONE', #1382, #1387, #501 ) ;
#1188 = AXIS2_PLACEMENT_3D ( 'NONE', #389, #71, #1044 ) ;
#1189 = AXIS2_PLACEMENT_3D ( 'NONE', #234, #1181, #1288 ) ;
#1190 = CIRCLE ( 'NONE', #1167, 31.75000000000000711 ) ;
#1191 = ADVANCED_FACE ( 'NONE', ( #403 ), #1056, .T. ) ;
#1192 = CARTESIAN_POINT ( 'NONE',  ( -2.857659969578350277E-15, 0.000000000000000000, -109.0718351034606144 ) ) ;
#1193 = CARTESIAN_POINT ( 'NONE',  ( -5.715319939156700554E-15, 0.000000000000000000, -173.1902001999184790 ) ) ;
#1194 = ADVANCED_FACE ( 'NONE', ( #175 ), #630, .T. ) ;
#1195 = ORIENTED_EDGE ( 'NONE', *, *, #206, .F. ) ;
#1196 = DIRECTION ( 'NONE',  ( 0.000000000000000000, 1.000000000000000000, 0.000000000000000000 ) ) ;
#1197 = ORIENTED_EDGE ( 'NONE', *, *, #796, .F. ) ;
#1198 = EDGE_CURVE ( 'NONE', #1178, #399, #586, .T. ) ;
#1199 = CARTESIAN_POINT ( 'NONE',  ( -2.857659969578350277E-15, 0.000000000000000000, -109.0718351034606144 ) ) ;
#1200 = DIRECTION ( 'NONE',  ( 0.000000000000000000, 0.000000000000000000, 1.000000000000000000 ) ) ;
#1201 = CARTESIAN_POINT ( 'NONE',  ( -28.50000000000001776, 3.490243377569958033E-15, -109.0718351034606144 ) ) ;
#1202 = VERTEX_POINT ( 'NONE', #202 ) ;
#1203 = CARTESIAN_POINT ( 'NONE',  ( -2.249999999999979128, 33.42435489280235572, -173.1902001999184222 ) ) ;
#1204 = CARTESIAN_POINT ( 'NONE',  ( 33.50000000000002842, -2.250000000000000000, -147.1902001999184506 ) ) ;
#1205 = ADVANCED_FACE ( 'NONE', ( #826 ), #923, .T. ) ;
#1206 = DIRECTION ( 'NONE',  ( -0.000000000000000000, -0.000000000000000000, 1.000000000000000000 ) ) ;
#1207 = DIRECTION ( 'NONE',  ( 1.000000000000000000, 0.000000000000000000, -0.000000000000000000 ) ) ;
#1208 = VERTEX_POINT ( 'NONE', #846 ) ;
#1209 = APPLICATION_CONTEXT ( 'configuration controlled 3d designs of mechanical parts and assemblies' ) ;
#1210 = PRODUCT_DEFINITION_FORMATION_WITH_SPECIFIED_SOURCE ( 'ANY', '', #573, .NOT_KNOWN. ) ;
#1211 = ADVANCED_FACE ( 'NONE', ( #1149 ), #901, .F. ) ;
#1212 = CIRCLE ( 'NONE', #740, 33.50000000000001421 ) ;
#1213 = CIRCLE ( 'NONE', #1260, 32.05153689607046630 ) ;
#1214 = CYLINDRICAL_SURFACE ( 'NONE', #518, 31.75000000000000355 ) ;
#1215 = PERSON_AND_ORGANIZATION_ROLE ( 'creator' ) ;
#1216 = CONICAL_SURFACE ( 'NONE', #1265, 33.50000000000007105, 0.3490658503988671169 ) ;
#1217 = EDGE_CURVE ( 'NONE', #730, #1009, #1257, .T. ) ;
#1218 = FACE_OUTER_BOUND ( 'NONE', #848, .T. ) ;
#1219 = CARTESIAN_POINT ( 'NONE',  ( 0.000000000000000000, 0.000000000000000000, -104.2105805289587295 ) ) ;
#1220 = FACE_OUTER_BOUND ( 'NONE', #438, .T. ) ;
#1221 = ORIENTED_EDGE ( 'NONE', *, *, #1002, .F. ) ;
#1222 = PERSON ( 'UNSPECIFIED', 'UNSPECIFIED', 'UNSPECIFIED', ('UNSPECIFIED'), ('UNSPECIFIED'), ('UNSPECIFIED') ) ;
#1223 = LINE ( 'NONE', #160, #1036 ) ;
#1224 = DIRECTION ( 'NONE',  ( -1.000000000000000000, 0.000000000000000000, 0.000000000000000000 ) ) ;
#1225 = CARTESIAN_POINT ( 'NONE',  ( -31.92080042856069966, -2.249999999999999112, -173.1902001999184222 ) ) ;
#1226 = ORIENTED_EDGE ( 'NONE', *, *, #499, .F. ) ;
#1227 = COORDINATED_UNIVERSAL_TIME_OFFSET ( 1, 0, .AHEAD. ) ;
#1228 = CARTESIAN_POINT ( 'NONE',  ( 33.42435489280234151, -2.250000000000000000, -173.1902001999184506 ) ) ;
#1229 = DIRECTION ( 'NONE',  ( 0.8660254037844363761, 0.000000000000000000, 0.5000000000000038858 ) ) ;
#1230 = DIRECTION ( 'NONE',  ( 0.000000000000000000, 0.000000000000000000, -1.000000000000000000 ) ) ;
#1231 = ORIENTED_EDGE ( 'NONE', *, *, #1366, .T. ) ;
#1232 = DIRECTION ( 'NONE',  ( -0.8660254037844361541, 0.000000000000000000, -0.5000000000000043299 ) ) ;
#1233 = APPROVAL_ROLE ( '' ) ;
#1234 = CIRCLE ( 'NONE', #1281, 32.00000000000001421 ) ;
#1235 = ADVANCED_FACE ( 'NONE', ( #728 ), #307, .T. ) ;
#1236 = CARTESIAN_POINT ( 'NONE',  ( -5.715319939156700554E-15, 0.000000000000000000, -173.1902001999184222 ) ) ;
#1237 = AXIS2_PLACEMENT_3D ( 'NONE', #115, #1087, #119 ) ;
#1238 = CIRCLE ( 'NONE', #1017, 30.25000000000000355 ) ;
#1239 = DIRECTION ( 'NONE',  ( -1.000000000000000000, 0.000000000000000000, -1.665334536937734811E-16 ) ) ;
#1240 = VECTOR ( 'NONE', #77, 1000.000000000000000 ) ;
#1241 = DIRECTION ( 'NONE',  ( -1.000000000000000000, 0.000000000000000000, 0.000000000000000000 ) ) ;
#1242 = EDGE_LOOP ( 'NONE', ( #736, #1047, #1384, #498 ) ) ;
#1243 = EDGE_CURVE ( 'NONE', #800, #961, #782, .T. ) ;
#1244 = PERSON_AND_ORGANIZATION ( #1222, #287 ) ;
#1245 = CARTESIAN_POINT ( 'NONE',  ( 0.000000000000000000, 0.000000000000000000, -107.8747646018207860 ) ) ;
#1246 = CARTESIAN_POINT ( 'NONE',  ( -5.715319939156700554E-15, 0.000000000000000000, -173.1902001999184506 ) ) ;
#1247 = FACE_OUTER_BOUND ( 'NONE', #532, .T. ) ;
#1248 = ORIENTED_EDGE ( 'NONE', *, *, #165, .T. ) ;
#1249 = ORIENTED_EDGE ( 'NONE', *, *, #1091, .F. ) ;
#1250 = DIRECTION ( 'NONE',  ( -0.000000000000000000, -0.000000000000000000, 1.000000000000000000 ) ) ;
#1251 = FACE_OUTER_BOUND ( 'NONE', #406, .T. ) ;
#1252 = EDGE_CURVE ( 'NONE', #510, #726, #131, .T. ) ;
#1253 = LINE ( 'NONE', #270, #1097 ) ;
#1254 = ORIENTED_EDGE ( 'NONE', *, *, #186, .F. ) ;
#1255 = ORIENTED_EDGE ( 'NONE', *, *, #697, .F. ) ;
#1256 = ADVANCED_FACE ( 'NONE', ( #98 ), #1279, .F. ) ;
#1257 = LINE ( 'NONE', #1367, #588 ) ;
#1258 = CC_DESIGN_APPROVAL ( #346, ( #646 ) ) ;
#1259 = DIRECTION ( 'NONE',  ( -0.5000000000000041078, 0.000000000000000000, 0.8660254037844361541 ) ) ;
#1260 = AXIS2_PLACEMENT_3D ( 'NONE', #1219, #246, #451 ) ;
#1261 = AXIS2_PLACEMENT_3D ( 'NONE', #395, #195, #715 ) ;
#1262 = CIRCLE ( 'NONE', #832, 32.00000000000001421 ) ;
#1263 = PLANE ( 'NONE',  #200 ) ;
#1264 = EDGE_LOOP ( 'NONE', ( #1175, #1390, #1254, #863 ) ) ;
#1265 = AXIS2_PLACEMENT_3D ( 'NONE', #867, #684, #784 ) ;
#1266 = ORIENTED_EDGE ( 'NONE', *, *, #1091, .T. ) ;
#1267 = DIRECTION ( 'NONE',  ( 1.665334536937734811E-16, 0.000000000000000000, -1.000000000000000000 ) ) ;
#1268 = CARTESIAN_POINT ( 'NONE',  ( 2.884196218520847955E-14, 0.000000000000000000, -147.1902001999184506 ) ) ;
#1269 = ORIENTED_EDGE ( 'NONE', *, *, #941, .F. ) ;
#1270 = VERTEX_POINT ( 'NONE', #957 ) ;
#1271 = DATE_TIME_ROLE ( 'classification_date' ) ;
#1272 = DIRECTION ( 'NONE',  ( 0.5000000000000039968, 0.000000000000000000, -0.8660254037844362651 ) ) ;
#1273 = DIRECTION ( 'NONE',  ( 1.000000000000000000, 0.000000000000000000, 0.000000000000000000 ) ) ;
#1274 = ORIENTED_EDGE ( 'NONE', *, *, #1252, .T. ) ;
#1275 = LINE ( 'NONE', #1179, #291 ) ;
#1276 = EDGE_LOOP ( 'NONE', ( #91, #1162, #1000, #279 ) ) ;
#1277 = ADVANCED_FACE ( 'NONE', ( #105 ), #989, .F. ) ;
#1278 = EDGE_CURVE ( 'NONE', #1061, #3, #1313, .T. ) ;
#1279 = CYLINDRICAL_SURFACE ( 'NONE', #266, 30.25000000000000711 ) ;
#1280 = LINE ( 'NONE', #311, #1143 ) ;
#1281 = AXIS2_PLACEMENT_3D ( 'NONE', #368, #799, #931 ) ;
#1282 = VERTEX_POINT ( 'NONE', #976 ) ;
#1283 = CIRCLE ( 'NONE', #62, 32.00000000000001421 ) ;
#1284 = VECTOR ( 'NONE', #1316, 1000.000000000000000 ) ;
#1285 = VERTEX_POINT ( 'NONE', #670 ) ;
#1286 = TOROIDAL_SURFACE ( 'NONE', #723, 130.0000000000000000, 31.75000000000000000 ) ;
#1287 = TOROIDAL_SURFACE ( 'NONE', #678, 28.50000000000001421, 3.500000000000000000 ) ;
#1288 = DIRECTION ( 'NONE',  ( -1.000000000000000000, 0.000000000000000000, 0.000000000000000000 ) ) ;
#1289 = CARTESIAN_POINT ( 'NONE',  ( -32.00000000000002132, 0.000000000000000000, -173.1902001999184222 ) ) ;
#1290 = VERTEX_POINT ( 'NONE', #1176 ) ;
#1291 = ORIENTED_EDGE ( 'NONE', *, *, #89, .T. ) ;
#1292 = FACE_OUTER_BOUND ( 'NONE', #756, .T. ) ;
#1293 = CARTESIAN_POINT ( 'NONE',  ( 0.000000000000000000, 0.000000000000000000, -107.8747646018207860 ) ) ;
#1294 = EDGE_LOOP ( 'NONE', ( #338, #938 ) ) ;
#1295 = DIRECTION ( 'NONE',  ( -0.000000000000000000, -1.000000000000000000, -0.000000000000000000 ) ) ;
#1296 = VERTEX_POINT ( 'NONE', #882 ) ;
#1297 = EDGE_CURVE ( 'NONE', #1054, #79, #447, .T. ) ;
#1298 = EDGE_CURVE ( 'NONE', #615, #1132, #1062, .T. ) ;
#1299 = CARTESIAN_POINT ( 'NONE',  ( 2.250000000000019984, 33.50000000000001421, -173.1902001999184506 ) ) ;
#1300 = DIRECTION ( 'NONE',  ( -0.000000000000000000, -0.000000000000000000, -1.000000000000000000 ) ) ;
#1301 = ORIENTED_EDGE ( 'NONE', *, *, #1360, .F. ) ;
#1302 = TOROIDAL_SURFACE ( 'NONE', #13, 36.75000000000000000, 6.500000000000000888 ) ;
#1303 = DIRECTION ( 'NONE',  ( -0.8660254037844363761, 0.000000000000000000, -0.5000000000000041078 ) ) ;
#1304 = ORIENTED_EDGE ( 'NONE', *, *, #596, .T. ) ;
#1305 = CIRCLE ( 'NONE', #379, 4.999999999999997335 ) ;
#1306 = AXIS2_PLACEMENT_3D ( 'NONE', #1174, #102, #431 ) ;
#1307 = LINE ( 'NONE', #1203, #64 ) ;
#1308 = DIRECTION ( 'NONE',  ( 0.000000000000000000, 1.000000000000000000, 0.000000000000000000 ) ) ;
#1309 = ORIENTED_EDGE ( 'NONE', *, *, #649, .T. ) ;
#1310 = CARTESIAN_POINT ( 'NONE',  ( -2.249999999999979128, -33.42435489280235572, -173.1902001999184222 ) ) ;
#1311 = ORIENTED_EDGE ( 'NONE', *, *, #1133, .T. ) ;
#1312 = EDGE_CURVE ( 'NONE', #731, #1132, #552, .T. ) ;
#1313 = LINE ( 'NONE', #433, #610 ) ;
#1314 = ADVANCED_FACE ( 'NONE', ( #135 ), #864, .F. ) ;
#1315 = CARTESIAN_POINT ( 'NONE',  ( 33.50000000000002842, -2.250000000000000000, -173.1902001999184506 ) ) ;
#1316 = DIRECTION ( 'NONE',  ( 0.000000000000000000, 0.000000000000000000, 1.000000000000000000 ) ) ;
#1317 = EDGE_CURVE ( 'NONE', #1154, #435, #722, .T. ) ;
#1318 = DIRECTION ( 'NONE',  ( -1.000000000000000000, 0.000000000000000000, 0.000000000000000000 ) ) ;
#1319 = ORIENTED_EDGE ( 'NONE', *, *, #592, .F. ) ;
#1320 = DIRECTION ( 'NONE',  ( -0.000000000000000000, -0.000000000000000000, -1.000000000000000000 ) ) ;
#1321 = DIRECTION ( 'NONE',  ( -0.000000000000000000, -0.000000000000000000, -1.000000000000000000 ) ) ;
#1322 = ORIENTED_EDGE ( 'NONE', *, *, #631, .F. ) ;
#1323 = FACE_OUTER_BOUND ( 'NONE', #884, .T. ) ;
#1324 = VERTEX_POINT ( 'NONE', #766 ) ;
#1325 = EDGE_CURVE ( 'NONE', #738, #1296, #1124, .T. ) ;
#1326 = CIRCLE ( 'NONE', #719, 31.75000000000000000 ) ;
#1327 = CARTESIAN_POINT ( 'NONE',  ( -33.50000000000007105, 0.000000000000000000, -108.1902001999184648 ) ) ;
#1328 = CARTESIAN_POINT ( 'NONE',  ( -5.715319939156700554E-15, 0.000000000000000000, -147.1902001999184506 ) ) ;
#1329 = CARTESIAN_POINT ( 'NONE',  ( -2.249999999999980016, 33.50000000000001421, -173.1902001999184506 ) ) ;
#1330 = CARTESIAN_POINT ( 'NONE',  ( -5.715319939156700554E-15, 0.000000000000000000, -147.1902001999184506 ) ) ;
#1331 = ORIENTED_EDGE ( 'NONE', *, *, #360, .F. ) ;
#1332 = DIRECTION ( 'NONE',  ( 0.000000000000000000, 0.000000000000000000, -1.000000000000000000 ) ) ;
#1333 = DIRECTION ( 'NONE',  ( 1.000000000000000000, 0.000000000000000000, 0.000000000000000000 ) ) ;
#1334 = DIRECTION ( 'NONE',  ( 0.000000000000000000, 0.000000000000000000, -1.000000000000000000 ) ) ;
#1335 = VERTEX_POINT ( 'NONE', #1092 ) ;
#1336 = MANIFOLD_SOLID_BREP ( 'Cut-Extrude-Thin1', #1185 ) ;
#1337 = EDGE_CURVE ( 'NONE', #679, #151, #1307, .T. ) ;
#1338 = LINE ( 'NONE', #686, #404 ) ;
#1339 = APPROVAL_ROLE ( '' ) ;
#1340 = DIRECTION ( 'NONE',  ( 0.000000000000000000, 0.000000000000000000, -1.000000000000000000 ) ) ;
#1341 = DIRECTION ( 'NONE',  ( -0.000000000000000000, -0.000000000000000000, 1.000000000000000000 ) ) ;
#1342 = LINE ( 'NONE', #372, #1121 ) ;
#1343 = ORIENTED_EDGE ( 'NONE', *, *, #984, .T. ) ;
#1344 = MECHANICAL_CONTEXT ( 'NONE', #1209, 'mechanical' ) ;
#1345 = AXIS2_PLACEMENT_3D ( 'NONE', #7, #245, #560 ) ;
#1346 = CIRCLE ( 'NONE', #217, 160.2500000000000000 ) ;
#1347 = CARTESIAN_POINT ( 'NONE',  ( -5.715319939156700554E-15, 0.000000000000000000, -147.1902001999184506 ) ) ;
#1348 = AXIS2_PLACEMENT_3D ( 'NONE', #184, #273, #314 ) ;
#1349 = CARTESIAN_POINT ( 'NONE',  ( -2.857659969578350277E-15, 0.000000000000000000, -109.0718351034606144 ) ) ;
#1350 = VECTOR ( 'NONE', #1086, 1000.000000000000000 ) ;
#1351 = VECTOR ( 'NONE', #337, 1000.000000000000000 ) ;
#1352 = CARTESIAN_POINT ( 'NONE',  ( -5.715319939156700554E-15, 0.000000000000000000, -109.0718351034606144 ) ) ;
#1353 = ORIENTED_EDGE ( 'NONE', *, *, #952, .T. ) ;
#1354 = VERTEX_POINT ( 'NONE', #752 ) ;
#1355 = PERSON_AND_ORGANIZATION ( #1222, #287 ) ;
#1356 = DIRECTION ( 'NONE',  ( 1.000000000000000000, 0.000000000000000000, -0.000000000000000000 ) ) ;
#1357 = CARTESIAN_POINT ( 'NONE',  ( 49.87499999999935341, 3.704556567420743754E-15, 63.72503596180496999 ) ) ;
#1358 = CARTESIAN_POINT ( 'NONE',  ( 2.250000000000019984, 33.42435489280235572, -147.1902001999184506 ) ) ;
#1359 = ORIENTED_EDGE ( 'NONE', *, *, #994, .F. ) ;
#1360 = EDGE_CURVE ( 'NONE', #1184, #201, #1074, .T. ) ;
#1361 = DIRECTION ( 'NONE',  ( -1.000000000000000000, 0.000000000000000000, 0.000000000000000000 ) ) ;
#1362 = DIRECTION ( 'NONE',  ( 1.665334536937734811E-16, 0.000000000000000000, -1.000000000000000000 ) ) ;
#1363 = CARTESIAN_POINT ( 'NONE',  ( 130.0000000000000000, -3.888253587292846476E-15, -75.05553499465096934 ) ) ;
#1364 = ORIENTED_EDGE ( 'NONE', *, *, #771, .T. ) ;
#1365 = ORIENTED_EDGE ( 'NONE', *, *, #1075, .F. ) ;
#1366 = EDGE_CURVE ( 'NONE', #1324, #496, #743, .T. ) ;
#1367 = CARTESIAN_POINT ( 'NONE',  ( 80.87499999999960210, 0.000000000000000000, 10.03146092716990978 ) ) ;
#1368 = LOCAL_TIME ( 0, 3, 44.00000000000000000, #32 ) ;
#1369 = AXIS2_PLACEMENT_3D ( 'NONE', #781, #571, #993 ) ;
#1370 = CIRCLE ( 'NONE', #308, 161.7500000000000000 ) ;
#1371 = DIRECTION ( 'NONE',  ( 0.000000000000000000, 0.000000000000000000, -1.000000000000000000 ) ) ;
#1372 = ORIENTED_EDGE ( 'NONE', *, *, #906, .F. ) ;
#1373 = AXIS2_PLACEMENT_3D ( 'NONE', #242, #680, #1107 ) ;
#1374 = EDGE_LOOP ( 'NONE', ( #1180, #1231, #933, #443, #808, #549 ) ) ;
#1375 = CARTESIAN_POINT ( 'NONE',  ( 0.000000000000000000, 0.000000000000000000, -75.05553499465092671 ) ) ;
#1376 = LINE ( 'NONE', #531, #419 ) ;
#1377 = VERTEX_POINT ( 'NONE', #214 ) ;
#1378 = ADVANCED_FACE ( 'NONE', ( #1292 ), #1041, .T. ) ;
#1379 = ADVANCED_FACE ( 'NONE', ( #758 ), #1287, .F. ) ;
#1380 = ORIENTED_EDGE ( 'NONE', *, *, #104, .T. ) ;
#1381 = EDGE_CURVE ( 'NONE', #1061, #453, #852, .T. ) ;
#1382 = CARTESIAN_POINT ( 'NONE',  ( 2.884196218520847955E-14, 0.000000000000000000, -147.1902001999184506 ) ) ;
#1383 = EDGE_CURVE ( 'NONE', #315, #1054, #702, .T. ) ;
#1384 = ORIENTED_EDGE ( 'NONE', *, *, #19, .T. ) ;
#1385 = VERTEX_POINT ( 'NONE', #598 ) ;
#1386 = DIRECTION ( 'NONE',  ( -0.5000000000000041078, 0.000000000000000000, 0.8660254037844361541 ) ) ;
#1387 = DIRECTION ( 'NONE',  ( 0.000000000000000000, 0.000000000000000000, -1.000000000000000000 ) ) ;
#1388 = DIRECTION ( 'NONE',  ( 0.5000000000000039968, 0.000000000000000000, -0.8660254037844362651 ) ) ;
#1389 = CIRCLE ( 'NONE', #672, 33.50000000000000711 ) ;
#1390 = ORIENTED_EDGE ( 'NONE', *, *, #248, .T. ) ;
#1391 = VECTOR ( 'NONE', #429, 1000.000000000000000 ) ;
#1392 = ORIENTED_EDGE ( 'NONE', *, *, #1075, .T. ) ;
#1393 = VECTOR ( 'NONE', #1142, 1000.000000000000114 ) ;
#1394 = CC_DESIGN_PERSON_AND_ORGANIZATION_ASSIGNMENT ( #359, #1215, ( #1210 ) ) ;
#1395 = EDGE_CURVE ( 'NONE', #1184, #557, #650, .T. ) ;
ENDSEC;
END-ISO-10303-21;
