ISO-10303-21;
HEADER;
FILE_DESCRIPTION (( 'STEP AP203' ),
    '1' );
FILE_NAME ('79-8567 - 63.5mm Y-rör.STEP',
    '2026-09-15T22:03:48',
    ( '' ),
    ( '' ),
    'SwSTEP 2.0',
    'SolidWorks 2026',
    '' );
FILE_SCHEMA (( 'CONFIG_CONTROL_DESIGN' ));
ENDSEC;

DATA;
#1 = CARTESIAN_POINT ( 'NONE',  ( 22.81325366004093880, -26.43640544653671753, 7.061663713234917594 ) ) ;
#2 = ADVANCED_FACE ( 'NONE', ( #444 ), #6167, .T. ) ;
#3 = CARTESIAN_POINT ( 'NONE',  ( 33.25000000000000711, 8.425209529378074436, 3.901368665479250541 ) ) ;
#4 = CARTESIAN_POINT ( 'NONE',  ( -17.56681607373800347, -26.45855396561679740, 9.903581935568427141 ) ) ;
#5 = CARTESIAN_POINT ( 'NONE',  ( 17.63964993285854632, 29.05197958286432325, 7.305211428378673766 ) ) ;
#6 = CARTESIAN_POINT ( 'NONE',  ( 8.572824532778556558E-16, 31.75000000000000000, 4.999999999999999112 ) ) ;
#7 = CARTESIAN_POINT ( 'NONE',  ( 12.27080395298755988, -30.65527977630374679, 6.856903413847749817 ) ) ;
#8 = CARTESIAN_POINT ( 'NONE',  ( -26.13479647945015216, -22.25639674024222359, 5.786064077548981111 ) ) ;
#9 = CARTESIAN_POINT ( 'NONE',  ( -34.74999999999999289, -7.827113324876946443, -12.00000000000000178 ) ) ;
#10 = CARTESIAN_POINT ( 'NONE',  ( -192.2911684466441500, 2.939152317953647106E-15, -124.8941410357254114 ) ) ;
#11 = DIRECTION ( 'NONE',  ( 0.000000000000000000, 0.000000000000000000, -1.000000000000000000 ) ) ;
#12 = ORIENTED_EDGE ( 'NONE', *, *, #1471, .T. ) ;
#13 = DIRECTION ( 'NONE',  ( 1.000000000000000000, 0.000000000000000000, -0.000000000000000000 ) ) ;
#14 = ORIENTED_EDGE ( 'NONE', *, *, #4833, .T. ) ;
#15 = FACE_OUTER_BOUND ( 'NONE', #5760, .T. ) ;
#16 = EDGE_CURVE ( 'NONE', #2182, #494, #816, .T. ) ;
#17 = CARTESIAN_POINT ( 'NONE',  ( 27.73658683185686868, 21.87186771272955355, 6.924842826774105120 ) ) ;
#18 = ORIENTED_EDGE ( 'NONE', *, *, #1616, .T. ) ;
#19 = CARTESIAN_POINT ( 'NONE',  ( 14.75000000000001243, -31.75000000000000000, 1.114006583038532394 ) ) ;
#20 = CARTESIAN_POINT ( 'NONE',  ( -33.25000000000000000, 3.219097295802931136, 1.534917355319293630 ) ) ;
#21 = CARTESIAN_POINT ( 'NONE',  ( -34.05514722114372006, -17.07542974391552448, 4.108649707266001982 ) ) ;
#22 = CARTESIAN_POINT ( 'NONE',  ( 1.967283608494391151E-14, -22.02740699009505221, -18.50000000000000000 ) ) ;
#23 = ORIENTED_EDGE ( 'NONE', *, *, #3025, .T. ) ;
#24 = ADVANCED_FACE ( 'NONE', ( #2681 ), #1121, .F. ) ;
#25 =( BOUNDED_SURFACE ( )  B_SPLINE_SURFACE ( 3, 2, ( 
 ( #5705, #1130, #4777 ),
 ( #2194, #1513, #88 ),
 ( #3098, #6246, #2058 ),
 ( #5192, #484, #4680 ),
 ( #2092, #1542, #3638 ),
 ( #4160, #2583, #6759 ),
 ( #4741, #5738, #4191 ),
 ( #5261, #551, #47 ),
 ( #2127, #1875, #6095 ),
 ( #2423, #4525, #3456 ),
 ( #6059, #3821, #3486 ),
 ( #2949, #3852, #846 ) ),
 .UNSPECIFIED., .F., .F., .F. ) 
 B_SPLINE_SURFACE_WITH_KNOTS ( ( 4, 2, 2, 2, 2, 4 ),
 ( 3, 3 ),
 ( 0.03241287845847234950, 0.03846102603606454950, 0.04148509982486064951, 0.04450917361365674257, 0.05055732119124893564, 0.05660546876884113565 ),
 ( 0.000000000000000000, 0.6979017427251972272 ),
 .UNSPECIFIED. ) 
 GEOMETRIC_REPRESENTATION_ITEM ( )  RATIONAL_B_SPLINE_SURFACE ( (
 ( 1.000000000000000000, 0.9084644385489596408, 0.9446945328139402243),
 ( 1.000000000000000000, 0.9205652915954468662, 0.9520058260477048950),
 ( 1.000000000000000000, 0.9297906790099212948, 0.9575797729688999560),
 ( 1.000000000000000000, 0.9391625018047429219, 0.9632421956365075921),
 ( 1.000000000000000000, 0.9415403123668070196, 0.9646788604903662190),
 ( 1.000000000000000000, 0.9447340450345784735, 0.9666085026366368904),
 ( 1.000000000000000000, 0.9455414433149996745, 0.9670963298635206762),
 ( 1.000000000000000000, 0.9455124666991726601, 0.9670788222932347189),
 ( 1.000000000000000000, 0.9423022195236987475, 0.9651392021389706422),
 ( 1.000000000000000000, 0.9298883570848324176, 0.9576387897213092248),
 ( 1.000000000000000000, 0.9206753026622847003, 0.9520722943508499458),
 ( 1.000000000000000000, 0.9084644385489643037, 0.9446945328139431108) ) ) 
 REPRESENTATION_ITEM ( '' )  SURFACE ( )  );
#26 = CARTESIAN_POINT ( 'NONE',  ( -12.76763915081966516, -27.42940423219978996, 12.81034483991757433 ) ) ;
#27 = FACE_OUTER_BOUND ( 'NONE', #265, .T. ) ;
#28 = CYLINDRICAL_SURFACE ( 'NONE', #5429, 30.25000000000000000 ) ;
#29 = CARTESIAN_POINT ( 'NONE',  ( -33.24999999999999289, -3.378757336140659540, 4.010009821074940639 ) ) ;
#30 = CARTESIAN_POINT ( 'NONE',  ( -33.25000000000000000, 10.11111797280306490, 3.841740598619107772 ) ) ;
#31 = ORIENTED_EDGE ( 'NONE', *, *, #3397, .T. ) ;
#32 = CARTESIAN_POINT ( 'NONE',  ( -30.61983763230588096, -23.93961546786006878, -0.7193195454629429664 ) ) ;
#33 = EDGE_CURVE ( 'NONE', #2943, #1271, #1672, .T. ) ;
#34 = CARTESIAN_POINT ( 'NONE',  ( 14.72135053609830990, 26.43262305025426073, 13.45955782550115387 ) ) ;
#35 = CARTESIAN_POINT ( 'NONE',  ( 21.14132858178216523, 30.74616529714857194, -0.03252753541979720719 ) ) ;
#36 = CARTESIAN_POINT ( 'NONE',  ( 11.21706586826348584, 29.70252402249745671, 11.82629151725428329 ) ) ;
#37 = CARTESIAN_POINT ( 'NONE',  ( 14.74999999999985612, 31.75000000000000000, 1.114006583038567477 ) ) ;
#38 = CARTESIAN_POINT ( 'NONE',  ( -7.747759323233353257, 31.33196590389896485, 6.231616361149836969 ) ) ;
#39 = CARTESIAN_POINT ( 'NONE',  ( 34.43056623237686864, -11.09525567450399386, -14.28756572115943335 ) ) ;
#40 = B_SPLINE_CURVE_WITH_KNOTS ( 'NONE', 3,
 ( #1060, #3157, #2683, #4736, #39, #144 ),
 .UNSPECIFIED., .F., .F.,
 ( 4, 2, 4 ),
 ( 0.001633595377139930235, 0.004034473619598421407, 0.006435351862056912578 ),
 .UNSPECIFIED. ) ;
#41 = AXIS2_PLACEMENT_3D ( 'NONE', #5838, #45, #2126 ) ;
#42 = CARTESIAN_POINT ( 'NONE',  ( -29.56748619915710208, -16.82759413038987972, 5.916503544038712370 ) ) ;
#43 = CARTESIAN_POINT ( 'NONE',  ( -34.74999999999999289, -1.753459490339471127, -9.389532520053903042 ) ) ;
#44 = CARTESIAN_POINT ( 'NONE',  ( 23.37121849656758243, 28.14394934934162151, 3.453815614668075185 ) ) ;
#45 = DIRECTION ( 'NONE',  ( 0.000000000000000000, 0.000000000000000000, -1.000000000000000000 ) ) ;
#46 = VERTEX_POINT ( 'NONE', #2050 ) ;
#47 = CARTESIAN_POINT ( 'NONE',  ( -31.98725436005488731, -1.843756575223170824, 6.063199177094416470 ) ) ;
#48 = AXIS2_PLACEMENT_3D ( 'NONE', #5412, #2252, #5859 ) ;
#49 = CARTESIAN_POINT ( 'NONE',  ( -15.35321801841729794, 31.75000000000004974, 0.9732352041099977535 ) ) ;
#50 = EDGE_CURVE ( 'NONE', #4229, #6112, #3720, .T. ) ;
#51 = ORIENTED_EDGE ( 'NONE', *, *, #1822, .F. ) ;
#52 = CARTESIAN_POINT ( 'NONE',  ( 13.89313416795980061, -30.25000000000000000, 1.506687882921011967 ) ) ;
#53 = CARTESIAN_POINT ( 'NONE',  ( 11.21706586826348229, -29.70252402249745671, 11.82629151725428507 ) ) ;
#54 = B_SPLINE_CURVE_WITH_KNOTS ( 'NONE', 3,
 ( #5227, #516, #2582, #3569, #4643, #6279, #2614, #2027 ),
 .UNSPECIFIED., .F., .F.,
 ( 4, 2, 2, 4 ),
 ( 0.000000000000000000, 0.004355876270332183567, 0.006533814405498275350, 0.008711752540664367134 ),
 .UNSPECIFIED. ) ;
#55 = VECTOR ( 'NONE', #5249, 1000.000000000000000 ) ;
#56 = CARTESIAN_POINT ( 'NONE',  ( 31.98725436005720368, 1.843756575223781224, 6.063199177092934100 ) ) ;
#57 = VERTEX_POINT ( 'NONE', #5728 ) ;
#58 = DIRECTION ( 'NONE',  ( 0.000000000000000000, 0.000000000000000000, -1.000000000000000000 ) ) ;
#59 = DIRECTION ( 'NONE',  ( -1.674938480883984114E-14, -0.9559765314379555790, 0.2934431313557292476 ) ) ;
#60 = CARTESIAN_POINT ( 'NONE',  ( 13.89291220237359603, 30.25000000000000000, 1.506774838207424416 ) ) ;
#61 = CARTESIAN_POINT ( 'NONE',  ( -31.13295958120710338, -15.60536804457153970, 7.091411146567943469 ) ) ;
#62 = DIRECTION ( 'NONE',  ( 1.000000000000000000, 0.000000000000000000, 0.000000000000000000 ) ) ;
#63 = EDGE_CURVE ( 'NONE', #1804, #6054, #5867, .T. ) ;
#64 = EDGE_LOOP ( 'NONE', ( #5489, #4241, #6768, #2654 ) ) ;
#65 = AXIS2_PLACEMENT_3D ( 'NONE', #191, #729, #5340 ) ;
#66 = CARTESIAN_POINT ( 'NONE',  ( -18.35350153014800512, -27.78848827650395847, 6.041314290759469685 ) ) ;
#67 = AXIS2_PLACEMENT_3D ( 'NONE', #2033, #5709, #3643 ) ;
#68 = AXIS2_PLACEMENT_3D ( 'NONE', #5459, #646, #777 ) ;
#69 = CARTESIAN_POINT ( 'NONE',  ( 32.95724507192011288, 7.277747369229975227, 6.921201808931820132 ) ) ;
#70 = CARTESIAN_POINT ( 'NONE',  ( -25.99062685070156675, -26.49322414845784834, -0.6022755813006215320 ) ) ;
#71 = CARTESIAN_POINT ( 'NONE',  ( -31.69023764077171634, 6.958961059291278062, 6.144013740568477822 ) ) ;
#72 = EDGE_CURVE ( 'NONE', #4762, #5020, #6729, .T. ) ;
#73 = CARTESIAN_POINT ( 'NONE',  ( 1.359454034622565097E-14, 18.64306801538802816, -30.63137441715848652 ) ) ;
#74 = CARTESIAN_POINT ( 'NONE',  ( 27.70748194172008638, -22.06039872113250766, 6.860999884179704189 ) ) ;
#75 = CARTESIAN_POINT ( 'NONE',  ( -34.08151724775323288, -16.91916970443134005, -0.3690780017768970911 ) ) ;
#76 = AXIS2_PLACEMENT_3D ( 'NONE', #3699, #2711, #6374 ) ;
#77 = CARTESIAN_POINT ( 'NONE',  ( -34.74999999999999289, 13.06059333679931278, 0.05345832110580942681 ) ) ;
#78 = CARTESIAN_POINT ( 'NONE',  ( 14.75000000000000888, 31.75000000000000000, 1.114006583038570364 ) ) ;
#79 = CARTESIAN_POINT ( 'NONE',  ( -12.47601265892913780, -30.69394372310879859, 6.719246437044378517 ) ) ;
#80 = CARTESIAN_POINT ( 'NONE',  ( 25.68431330679515057, 28.52020903801434670, 4.042474324088373372 ) ) ;
#81 = EDGE_CURVE ( 'NONE', #2931, #2428, #2804, .T. ) ;
#82 = CARTESIAN_POINT ( 'NONE',  ( 6.123233995736767268E-16, -31.75000000000000000, 5.000000000000000000 ) ) ;
#83 = VECTOR ( 'NONE', #1225, 1000.000000000000000 ) ;
#84 = CARTESIAN_POINT ( 'NONE',  ( -33.25000000000002132, -12.81673320018167495, 3.729800163470914143 ) ) ;
#85 = CARTESIAN_POINT ( 'NONE',  ( -12.57859486657658188, -31.75000000000000000, 2.017941623740473034 ) ) ;
#86 = CARTESIAN_POINT ( 'NONE',  ( 27.97431511333361343, 19.87406182378968111, 5.794749429075426228 ) ) ;
#87 = CARTESIAN_POINT ( 'NONE',  ( 2.103205148795184165, -30.25000000000720135, 4.897597527948709839 ) ) ;
#88 = CARTESIAN_POINT ( 'NONE',  ( -31.60414721822237638, 8.936613655071333540, 6.015099482241491380 ) ) ;
#89 = DIRECTION ( 'NONE',  ( 0.8750219591144486886, -0.3304493228969191398, 0.3537510651072020007 ) ) ;
#90 = VERTEX_POINT ( 'NONE', #3323 ) ;
#91 = CARTESIAN_POINT ( 'NONE',  ( 13.37358598397976550, -30.25000000000041211, 4.395060431244858457 ) ) ;
#92 = CARTESIAN_POINT ( 'NONE',  ( 31.07014338154079525, 11.53002042287104345, 6.231968066082864688 ) ) ;
#93 = DIRECTION ( 'NONE',  ( 0.000000000000000000, 0.000000000000000000, -1.000000000000000000 ) ) ;
#94 = ORIENTED_EDGE ( 'NONE', *, *, #6154, .T. ) ;
#95 = CARTESIAN_POINT ( 'NONE',  ( 19.90455353980431141, -28.10487992318233808, 7.200719463849734936 ) ) ;
#96 = ADVANCED_FACE ( 'NONE', ( #5425 ), #345, .T. ) ;
#97 = CARTESIAN_POINT ( 'NONE',  ( 15.01974171923678547, 27.97920281588098490, 13.34052633183010883 ) ) ;
#98 = CARTESIAN_POINT ( 'NONE',  ( -30.19230273143210042, -17.87796015378387082, 7.004372245692126242 ) ) ;
#99 = DIRECTION ( 'NONE',  ( 0.2771544855772439253, -0.9449777077964656158, -0.1737887306247190566 ) ) ;
#100 = ORIENTED_EDGE ( 'NONE', *, *, #3765, .T. ) ;
#101 = CARTESIAN_POINT ( 'NONE',  ( -32.95537936414401514, 7.300469187085805167, 6.921478264265280345 ) ) ;
#102 = ADVANCED_FACE ( 'NONE', ( #1710 ), #711, .F. ) ;
#103 = CARTESIAN_POINT ( 'NONE',  ( 32.95537936414222457, -7.300469187089272616, 6.921478264265846114 ) ) ;
#104 = DIRECTION ( 'NONE',  ( -1.000000000000000000, 0.000000000000000000, 0.000000000000000000 ) ) ;
#105 = FACE_OUTER_BOUND ( 'NONE', #6431, .T. ) ;
#106 = CARTESIAN_POINT ( 'NONE',  ( -1.561902729558327724E-15, 4.761566741427208704, -51.65907277649714047 ) ) ;
#107 = CARTESIAN_POINT ( 'NONE',  ( 32.04461197877556344, -13.02712462432259066, 7.025432079509912775 ) ) ;
#108 = ORIENTED_EDGE ( 'NONE', *, *, #6441, .F. ) ;
#109 = CARTESIAN_POINT ( 'NONE',  ( 16.22725713116629365, 25.53586613580482734, 13.83231656793177677 ) ) ;
#110 = CARTESIAN_POINT ( 'NONE',  ( 24.71283187967146588, 29.10442860056821957, -0.4263315482894851627 ) ) ;
#111 = EDGE_CURVE ( 'NONE', #4353, #5195, #1696, .T. ) ;
#112 = CARTESIAN_POINT ( 'NONE',  ( -13.55413071397723357, -30.50089875094195335, 6.791223507207060806 ) ) ;
#113 = CARTESIAN_POINT ( 'NONE',  ( 18.63609513460946587, 31.42381825228001446, 4.483944937057262159 ) ) ;
#114 = CARTESIAN_POINT ( 'NONE',  ( 32.25097152739827067, -12.54980940731348227, -15.50714470398815514 ) ) ;
#115 = CARTESIAN_POINT ( 'NONE',  ( 4.243101958638823668, -31.75000000005013590, 4.915616690808824352 ) ) ;
#116 = CARTESIAN_POINT ( 'NONE',  ( -32.88385171024481934, -15.54185051249454830, 3.514367392379914357 ) ) ;
#117 = CARTESIAN_POINT ( 'NONE',  ( -14.45095253918893263, -31.75000000000000355, 4.826506343156122369 ) ) ;
#118 = CARTESIAN_POINT ( 'NONE',  ( 17.60223081634388009, 27.83098887862076865, 6.339935232789655650 ) ) ;
#119 = CARTESIAN_POINT ( 'NONE',  ( 11.50000000000001066, 3.122849337825749828E-15, -214.9999999999998863 ) ) ;
#120 = CARTESIAN_POINT ( 'NONE',  ( -31.07014338154077748, -11.53002042287104345, 6.231968066082866464 ) ) ;
#121 = B_SPLINE_CURVE_WITH_KNOTS ( 'NONE', 3,
 ( #6130, #2922, #1431, #2425 ),
 .UNSPECIFIED., .F., .F.,
 ( 4, 4 ),
 ( 0.000000000000000000, 0.007124216799822376787 ),
 .UNSPECIFIED. ) ;
#122 = CARTESIAN_POINT ( 'NONE',  ( -6.684919280089931526, 25.15555227005274830, -19.87671845188871345 ) ) ;
#123 = VERTEX_POINT ( 'NONE', #4359 ) ;
#124 = CARTESIAN_POINT ( 'NONE',  ( 12.57542490862122087, -30.25000000000000000, 2.019005016415531983 ) ) ;
#125 = DIRECTION ( 'NONE',  ( 0.000000000000000000, 0.000000000000000000, 1.000000000000000000 ) ) ;
#126 = FACE_OUTER_BOUND ( 'NONE', #5408, .T. ) ;
#127 = ORIENTED_EDGE ( 'NONE', *, *, #707, .F. ) ;
#128 = CARTESIAN_POINT ( 'NONE',  ( 28.07648509235777112, -26.71664110186940277, 3.958816124571891581 ) ) ;
#129 = CARTESIAN_POINT ( 'NONE',  ( -13.24006461110266564, -29.10575112202171866, 6.264833989106761258 ) ) ;
#130 = CARTESIAN_POINT ( 'NONE',  ( 15.59320433313396492, 29.96802386098407567, 7.000523548478990499 ) ) ;
#131 = CARTESIAN_POINT ( 'NONE',  ( 13.80860003000181280, 29.10114522324510133, 6.128305103565667267 ) ) ;
#132 = ORIENTED_EDGE ( 'NONE', *, *, #518, .F. ) ;
#133 = CARTESIAN_POINT ( 'NONE',  ( 14.74999999999971578, -25.33714599355027630, -19.84098001496989738 ) ) ;
#134 = CARTESIAN_POINT ( 'NONE',  ( 14.75000000000000888, -21.75000000000000000, 1.114006583038533060 ) ) ;
#135 = CARTESIAN_POINT ( 'NONE',  ( -31.37411247912426404, -19.95872992546104996, -0.6333812221726606850 ) ) ;
#136 = DIRECTION ( 'NONE',  ( 1.000000000000000000, 0.000000000000000000, 0.000000000000000000 ) ) ;
#137 = CARTESIAN_POINT ( 'NONE',  ( -1.365219375338378098E-14, 18.02316093616906656, -32.31265502255193667 ) ) ;
#138 = CARTESIAN_POINT ( 'NONE',  ( 20.95040732587945698, -27.74710614273828213, 7.002447032051311027 ) ) ;
#139 = ORIENTED_EDGE ( 'NONE', *, *, #1237, .T. ) ;
#140 = CARTESIAN_POINT ( 'NONE',  ( -26.90935894004991980, 27.68296929849939403, -0.6027327562342641443 ) ) ;
#141 = DIRECTION ( 'NONE',  ( 1.000000000000000000, 0.000000000000000000, 0.000000000000000000 ) ) ;
#142 = CARTESIAN_POINT ( 'NONE',  ( -7.253130000541335498, -30.93565270531079392, 7.655952732624756507 ) ) ;
#143 = CARTESIAN_POINT ( 'NONE',  ( 31.89738284326895723, -13.33810561658063776, -15.93019663993211843 ) ) ;
#144 = CARTESIAN_POINT ( 'NONE',  ( 34.26889299532912503, -11.75000000000001776, -14.73244361786125722 ) ) ;
#145 = CARTESIAN_POINT ( 'NONE',  ( -16.42012677307761948, -31.75000000000001776, 4.692328251775142789 ) ) ;
#146 = CARTESIAN_POINT ( 'NONE',  ( 19.34304100329545761, 29.70969395130285307, 0.1674732975722316997 ) ) ;
#147 = CARTESIAN_POINT ( 'NONE',  ( 8.440319186149947583, -30.25000000000716227, 4.581924984691630343 ) ) ;
#148 = ORIENTED_EDGE ( 'NONE', *, *, #5030, .F. ) ;
#149 = CARTESIAN_POINT ( 'NONE',  ( 29.42719834634207032, 23.02855438006886502, -0.7193395062874022861 ) ) ;
#150 = VECTOR ( 'NONE', #2361, 1000.000000000000000 ) ;
#151 = CARTESIAN_POINT ( 'NONE',  ( -11.86370787881000588, 25.50319195169926445, -19.80553228069030069 ) ) ;
#152 = ORIENTED_EDGE ( 'NONE', *, *, #5174, .T. ) ;
#153 = CARTESIAN_POINT ( 'NONE',  ( 13.90304835771667591, 28.93193519622241183, 6.395867237069544409 ) ) ;
#154 = DIRECTION ( 'NONE',  ( 0.000000000000000000, 0.000000000000000000, -1.000000000000000000 ) ) ;
#155 = ORIENTED_EDGE ( 'NONE', *, *, #2955, .F. ) ;
#156 = CARTESIAN_POINT ( 'NONE',  ( 33.25000000000000711, -7.096594077037829074, -12.00000000000000000 ) ) ;
#157 = CARTESIAN_POINT ( 'NONE',  ( -62.50000000000000000, 3.122849337825749828E-15, -214.9999999999998863 ) ) ;
#158 = CARTESIAN_POINT ( 'NONE',  ( 12.12402541061341665, 30.25000000000000000, 2.154191468302071755 ) ) ;
#159 = CARTESIAN_POINT ( 'NONE',  ( 6.123233995736767268E-16, -31.75000000000000000, 5.000000000000000000 ) ) ;
#160 = ORIENTED_EDGE ( 'NONE', *, *, #271, .T. ) ;
#161 = AXIS2_PLACEMENT_3D ( 'NONE', #411, #4149, #3061 ) ;
#162 = CARTESIAN_POINT ( 'NONE',  ( -31.58855339796010853, 3.313833498317386272, 9.356215466410073844 ) ) ;
#163 = CARTESIAN_POINT ( 'NONE',  ( -62.50000000000000000, 3.122849337825749828E-15, -124.8941410357254114 ) ) ;
#164 = CARTESIAN_POINT ( 'NONE',  ( 4.430371728346877980, 30.16185251777644893, 5.487792982381338724 ) ) ;
#165 = DIRECTION ( 'NONE',  ( 0.000000000000000000, 0.000000000000000000, -1.000000000000000000 ) ) ;
#166 = EDGE_CURVE ( 'NONE', #5246, #2899, #3886, .T. ) ;
#167 = CARTESIAN_POINT ( 'NONE',  ( 10.11975831913348145, -25.49140777541591518, -19.80817288341646787 ) ) ;
#168 = CIRCLE ( 'NONE', #3545, 254.7911684466444058 ) ;
#169 = CARTESIAN_POINT ( 'NONE',  ( 32.47620085046501259, -10.70779288203521773, 7.040804708758973796 ) ) ;
#170 = EDGE_LOOP ( 'NONE', ( #2725, #2373, #5001 ) ) ;
#171 = CARTESIAN_POINT ( 'NONE',  ( -16.04145920253811397, 31.71878824058458335, 0.8264038036954461930 ) ) ;
#172 = CIRCLE ( 'NONE', #1800, 10.00000000000000000 ) ;
#173 = FACE_OUTER_BOUND ( 'NONE', #2743, .T. ) ;
#174 = CARTESIAN_POINT ( 'NONE',  ( -3.412498783983789338E-15, -31.75000000000000000, 4.999999999999999112 ) ) ;
#175 = CARTESIAN_POINT ( 'NONE',  ( -9.816188901565052305, -28.62816176402271751, 11.34033594082396590 ) ) ;
#176 = ADVANCED_FACE ( 'NONE', ( #3488 ), #5111, .T. ) ;
#177 = CARTESIAN_POINT ( 'NONE',  ( 16.65660846318244381, -23.44893480450415879, -18.49736731374224874 ) ) ;
#178 = CARTESIAN_POINT ( 'NONE',  ( -29.57000618412470061, 16.82182405589152907, 5.916801992791254072 ) ) ;
#179 = CIRCLE ( 'NONE', #1921, 6.500000000000002665 ) ;
#180 = CARTESIAN_POINT ( 'NONE',  ( -20.36721467434960076, -26.68149745062078182, 6.104073701648540684 ) ) ;
#181 = CARTESIAN_POINT ( 'NONE',  ( 16.16960775711597620, 30.25000000000002132, 4.155580001464650231 ) ) ;
#182 = CARTESIAN_POINT ( 'NONE',  ( 3.963144949319943761E-16, -30.25000000000000000, 4.999999999999999112 ) ) ;
#183 = EDGE_LOOP ( 'NONE', ( #6485, #3637, #1993 ) ) ;
#184 = EDGE_CURVE ( 'NONE', #2339, #3071, #121, .T. ) ;
#185 = CARTESIAN_POINT ( 'NONE',  ( 29.57000618412276438, -16.82182405589418650, 5.916801992791770104 ) ) ;
#186 = ORIENTED_EDGE ( 'NONE', *, *, #1222, .F. ) ;
#187 =( BOUNDED_SURFACE ( )  B_SPLINE_SURFACE ( 3, 2, ( 
 ( #4815, #6390, #4716 ),
 ( #2061, #5742, #2197 ),
 ( #3752, #2655, #52 ),
 ( #2692, #4781, #1615 ),
 ( #1034, #2165, #3642 ),
 ( #6323, #91, #124 ),
 ( #5809, #5843, #5338 ),
 ( #1069, #3198, #1650 ) ),
 .UNSPECIFIED., .F., .F., .F. ) 
 B_SPLINE_SURFACE_WITH_KNOTS ( ( 4, 2, 2, 4 ),
 ( 3, 3 ),
 ( 0.000000000000000000, 0.001413360555026234831, 0.002120040832539352247, 0.002826721110052469663 ),
 ( 0.000000000000000000, 1.000000000000000000 ),
 .UNSPECIFIED. ) 
 GEOMETRIC_REPRESENTATION_ITEM ( )  RATIONAL_B_SPLINE_SURFACE ( (
 ( 1.000000000000000000, 0.9301069718818443244, 1.000000000000000000),
 ( 1.000000000000000000, 0.9357408456368245808, 1.000000000000000000),
 ( 1.000000000000000000, 0.9414178394317834764, 1.000000000000000000),
 ( 1.000000000000000000, 0.9501746536313545599, 1.000000000000000000),
 ( 1.000000000000000000, 0.9531345776570154804, 1.000000000000000000),
 ( 1.000000000000000000, 0.9592322713195835515, 1.000000000000000000),
 ( 1.000000000000000000, 0.9623577978462626303, 1.000000000000000000),
 ( 1.000000000000000000, 0.9657594123133713682, 1.000000000000000000) ) ) 
 REPRESENTATION_ITEM ( '' )  SURFACE ( )  );
#188 = CARTESIAN_POINT ( 'NONE',  ( 33.25000000000000711, -12.39244126826482173, 3.768328509984982588 ) ) ;
#189 = DIRECTION ( 'NONE',  ( 0.000000000000000000, -0.1677653266206194649, -0.9858269600613875916 ) ) ;
#190 = B_SPLINE_CURVE_WITH_KNOTS ( 'NONE', 3,
 ( #5475, #3828, #2278, #1763 ),
 .UNSPECIFIED., .F., .F.,
 ( 4, 4 ),
 ( 0.000000000000000000, 0.007124216799758695089 ),
 .UNSPECIFIED. ) ;
#191 = CARTESIAN_POINT ( 'NONE',  ( -12.12402541061334027, 21.75000000000000000, 2.154191468302079304 ) ) ;
#192 = VERTEX_POINT ( 'NONE', #5142 ) ;
#193 = CARTESIAN_POINT ( 'NONE',  ( -14.21590068282303676, -26.70754154947924519, 13.31167126948790980 ) ) ;
#194 = DIRECTION ( 'NONE',  ( 0.9595796706112637020, -0.2814371257485029920, 0.000000000000000000 ) ) ;
#195 = CARTESIAN_POINT ( 'NONE',  ( -1.123589701386998430, -31.75000000000000711, 5.183680726643241421 ) ) ;
#196 = VERTEX_POINT ( 'NONE', #5658 ) ;
#197 = CARTESIAN_POINT ( 'NONE',  ( 34.75000000000000711, -11.04036685313881172, 0.4724322874106595682 ) ) ;
#198 = PLANE ( 'NONE',  #815 ) ;
#199 = B_SPLINE_CURVE_WITH_KNOTS ( 'NONE', 3,
 ( #2028, #326, #2475, #6658, #1961, #1894, #4062, #4128, #6213, #2409, #4510, #6143, #6355, #5297 ),
 .UNSPECIFIED., .F., .F.,
 ( 4, 2, 2, 2, 2, 2, 4 ),
 ( 0.05101127294735878503, 0.05307638614123288273, 0.05410894273816992811, 0.05514149933510698043, 0.05720661252898107813, 0.05823916912591813044, 0.05927172572285518276 ),
 .UNSPECIFIED. ) ;
#200 = DIRECTION ( 'NONE',  ( 0.000000000000000000, 0.000000000000000000, -1.000000000000000000 ) ) ;
#201 = CARTESIAN_POINT ( 'NONE',  ( -11.78187267449060371, 27.88582739740855487, 8.732182026886828652 ) ) ;
#202 = CARTESIAN_POINT ( 'NONE',  ( 14.75000000000000888, 31.75000000000000000, 1.114006583038570364 ) ) ;
#203 = CARTESIAN_POINT ( 'NONE',  ( -62.50000000000000000, 3.122849337825749828E-15, -214.9999999999998863 ) ) ;
#204 = CARTESIAN_POINT ( 'NONE',  ( 18.70139775175416830, -23.78372807863210880, 14.25622735872104130 ) ) ;
#205 = ORIENTED_EDGE ( 'NONE', *, *, #615, .T. ) ;
#206 = CARTESIAN_POINT ( 'NONE',  ( 14.83913326218209683, -29.99217393103221596, 7.245899930920038479 ) ) ;
#207 = ADVANCED_FACE ( 'NONE', ( #3553 ), #5480, .F. ) ;
#208 = CARTESIAN_POINT ( 'NONE',  ( -15.65076519894115492, 30.25000000000000355, 4.232453153644001098 ) ) ;
#209 = CARTESIAN_POINT ( 'NONE',  ( -34.05832257393624474, 17.06416028670769336, 4.109167575877618717 ) ) ;
#210 = CARTESIAN_POINT ( 'NONE',  ( -12.31413176886575656, -29.37170758851362962, 6.025647139077394243 ) ) ;
#211 = CARTESIAN_POINT ( 'NONE',  ( 14.75000000000000888, -31.75000000000000000, 1.114006583038533060 ) ) ;
#212 = CARTESIAN_POINT ( 'NONE',  ( -32.78649701262127536, 15.90921565341940891, -0.3062004874967960144 ) ) ;
#213 = B_SPLINE_CURVE_WITH_KNOTS ( 'NONE', 3,
 ( #5772, #1645, #3265, #651 ),
 .UNSPECIFIED., .F., .F.,
 ( 4, 4 ),
 ( 0.000000000000000000, 0.003110864611183508828 ),
 .UNSPECIFIED. ) ;
#214 = CARTESIAN_POINT ( 'NONE',  ( 1.993397596923309356E-14, 23.34889057605980156, -19.99999999998605205 ) ) ;
#215 = EDGE_CURVE ( 'NONE', #1033, #3573, #4051, .T. ) ;
#216 = CARTESIAN_POINT ( 'NONE',  ( 14.74999999999993427, 21.75000000000000000, 1.114006583038570142 ) ) ;
#217 = CARTESIAN_POINT ( 'NONE',  ( -26.32419696336829062, -17.79361157775754165, 14.54847340633704711 ) ) ;
#218 = EDGE_LOOP ( 'NONE', ( #5466, #3201, #1293, #5083 ) ) ;
#219 = CARTESIAN_POINT ( 'NONE',  ( 31.21462944436512288, -20.26657778662800169, 3.277809079499123701 ) ) ;
#220 = ORIENTED_EDGE ( 'NONE', *, *, #3853, .F. ) ;
#221 = CARTESIAN_POINT ( 'NONE',  ( 33.25000000000000711, -11.95741055861169855, 3.800589835807507644 ) ) ;
#222 = CARTESIAN_POINT ( 'NONE',  ( 30.46665454190762645, 8.935628742514968081, 13.47218163977897909 ) ) ;
#223 = CARTESIAN_POINT ( 'NONE',  ( -31.78476559698068726, -13.38749959061865624, 7.188719163914178090 ) ) ;
#224 = ORIENTED_EDGE ( 'NONE', *, *, #6567, .F. ) ;
#225 = CARTESIAN_POINT ( 'NONE',  ( -15.72792134226031635, -25.84635783191099989, 13.72018135309387965 ) ) ;
#226 = CARTESIAN_POINT ( 'NONE',  ( 34.75000000000000711, 11.75000000000000000, -12.00000000000000000 ) ) ;
#227 = APPROVAL_DATE_TIME ( #4442, #2969 ) ;
#228 = CARTESIAN_POINT ( 'NONE',  ( -32.50938952718515651, -11.75000000000001243, -15.01320962997100494 ) ) ;
#229 = ORIENTED_EDGE ( 'NONE', *, *, #3801, .T. ) ;
#230 = CARTESIAN_POINT ( 'NONE',  ( 34.75000000000000711, -11.75000000000000000, 0.2546058388727132638 ) ) ;
#231 = ADVANCED_FACE ( 'NONE', ( #4629 ), #6088, .F. ) ;
#232 = CARTESIAN_POINT ( 'NONE',  ( -30.89233627731510623, -7.484236932137527276, 13.12118943778028068 ) ) ;
#233 = CARTESIAN_POINT ( 'NONE',  ( 6.912824193706812892, 23.75000000000000355, -18.50000000000000000 ) ) ;
#234 = CARTESIAN_POINT ( 'NONE',  ( -25.99078372645903201, 26.49310612361857764, -0.6022866172083698455 ) ) ;
#235 = CARTESIAN_POINT ( 'NONE',  ( 2.236422203146521959, 22.87389915741781010, -18.50000000000000000 ) ) ;
#236 = CARTESIAN_POINT ( 'NONE',  ( -7.470206097545187163, 30.87401299332007554, 9.703911349199254133 ) ) ;
#237 = CARTESIAN_POINT ( 'NONE',  ( 26.87630228019363443, -13.93163497735458023, 14.36711891095697524 ) ) ;
#238 = ADVANCED_FACE ( 'NONE', ( #105 ), #4515, .T. ) ;
#239 = ORIENTED_EDGE ( 'NONE', *, *, #1995, .F. ) ;
#240 = ORIENTED_EDGE ( 'NONE', *, *, #3112, .T. ) ;
#241 = CARTESIAN_POINT ( 'NONE',  ( -27.88011950651720383, -20.61980252907448019, -19.02287614716788156 ) ) ;
#242 = CARTESIAN_POINT ( 'NONE',  ( -12.12402541061325500, 30.25000000000000000, 2.154191468302120160 ) ) ;
#243 = CARTESIAN_POINT ( 'NONE',  ( 26.30159195729668298, -17.82836949069185195, 14.54979902461150232 ) ) ;
#244 = CARTESIAN_POINT ( 'NONE',  ( 27.92463044637791469, -26.85575293837870348, -0.6598223841682665514 ) ) ;
#245 = CARTESIAN_POINT ( 'NONE',  ( 18.52561671449470992, -23.01716184045658409, -18.49814902632533276 ) ) ;
#246 = ADVANCED_FACE ( 'NONE', ( #1012 ), #3327, .F. ) ;
#247 = CARTESIAN_POINT ( 'NONE',  ( -30.66961281099111503, 21.24448239207689326, 3.252204315346369334 ) ) ;
#248 = CARTESIAN_POINT ( 'NONE',  ( 23.88733955945027532, 20.98554607109717907, -18.43427852505737619 ) ) ;
#249 =( BOUNDED_SURFACE ( )  B_SPLINE_SURFACE ( 3, 2, ( 
 ( #1930, #3038, #2508 ),
 ( #4033, #4610, #1990 ),
 ( #6113, #4094, #2935 ),
 ( #3068, #1414, #3502 ),
 ( #3570, #5674, #5156 ),
 ( #2999, #5025, #451 ),
 ( #2543, #6591, #3437 ),
 ( #4000, #5089, #4644 ) ),
 .UNSPECIFIED., .F., .F., .F. ) 
 B_SPLINE_SURFACE_WITH_KNOTS ( ( 4, 2, 2, 4 ),
 ( 3, 3 ),
 ( -3.563707374592947939E-05, 0.006191740903887276055, 0.009305429892703878311, 0.01241911888152048143 ),
 ( 0.000000000000000000, 1.000000000000000000 ),
 .UNSPECIFIED. ) 
 GEOMETRIC_REPRESENTATION_ITEM ( )  RATIONAL_B_SPLINE_SURFACE ( (
 ( 1.000000000000000000, 1.000000000000000000, 1.000000000000000000),
 ( 1.000000000000000000, 0.9999719249407879040, 1.000000000000000000),
 ( 1.000000000000000000, 0.9975259294853373593, 1.000000000000000000),
 ( 1.000000000000000000, 0.9895006360690672409, 1.000000000000000000),
 ( 1.000000000000000000, 0.9860966030941339389, 1.000000000000000000),
 ( 1.000000000000000000, 0.9774752146313646639, 1.000000000000000000),
 ( 1.000000000000000000, 0.9722623321140686503, 1.000000000000000000),
 ( 1.000000000000000000, 0.9657594123133692587, 1.000000000000000000) ) ) 
 REPRESENTATION_ITEM ( '' )  SURFACE ( )  );
#250 = FACE_OUTER_BOUND ( 'NONE', #2877, .T. ) ;
#251 = CARTESIAN_POINT ( 'NONE',  ( 1.671223744726410499E-15, 31.75000000000000000, 4.999999999999999112 ) ) ;
#252 = EDGE_LOOP ( 'NONE', ( #5914, #4474, #3182, #4306 ) ) ;
#253 = CARTESIAN_POINT ( 'NONE',  ( 26.42009348515632894, -21.93107025708005153, 5.782156872645221490 ) ) ;
#254 = ORIENTED_EDGE ( 'NONE', *, *, #1732, .T. ) ;
#255 = CARTESIAN_POINT ( 'NONE',  ( -12.12402541061334205, 30.25000000000000000, 2.154191468302085521 ) ) ;
#256 = CARTESIAN_POINT ( 'NONE',  ( -0.4459401664902352125, 30.24753349671611957, 5.301216946088710635 ) ) ;
#257 = CARTESIAN_POINT ( 'NONE',  ( -34.74999999999999289, -9.591564683836157457, 0.7887280973505712556 ) ) ;
#258 = VERTEX_POINT ( 'NONE', #4143 ) ;
#259 = CARTESIAN_POINT ( 'NONE',  ( 34.75000000000000711, -12.11885068325699066, 4.389369184244488409 ) ) ;
#260 = CIRCLE ( 'NONE', #3988, 10.00000000000000000 ) ;
#261 = CARTESIAN_POINT ( 'NONE',  ( -11.04904060988105385, -29.48149841275789029, 6.110865185194603200 ) ) ;
#262 = APPROVAL_ROLE ( '' ) ;
#263 = CARTESIAN_POINT ( 'NONE',  ( -23.30436960869050367, -24.86013089641431151, 5.897139328417254411 ) ) ;
#264 = B_SPLINE_CURVE_WITH_KNOTS ( 'NONE', 3,
 ( #2844, #6438, #5000, #2350, #5515, #2317, #5992, #5416, #3385, #2812 ),
 .UNSPECIFIED., .F., .F.,
 ( 4, 2, 2, 2, 4 ),
 ( 0.008711752540664360195, 0.01088601776883436900, 0.01306028299700437954, 0.01523454822517439008, 0.01740881345334439889 ),
 .UNSPECIFIED. ) ;
#265 = EDGE_LOOP ( 'NONE', ( #1308, #1774, #4344, #4297 ) ) ;
#266 = CARTESIAN_POINT ( 'NONE',  ( 34.75000000000560618, 6.792038049832406443, 4.422477759014474152 ) ) ;
#267 = LOCAL_TIME ( 0, 3, 48.00000000000000000, #695 ) ;
#268 = CARTESIAN_POINT ( 'NONE',  ( -30.54326291644942160, 17.29063617694146160, 7.017529795043430774 ) ) ;
#269 = CARTESIAN_POINT ( 'NONE',  ( -14.74999999999999289, 30.25000000000000000, 1.114006583039234721 ) ) ;
#270 = CARTESIAN_POINT ( 'NONE',  ( -26.93094005705182070, 25.72779328137769639, -0.6595389639285517136 ) ) ;
#271 = EDGE_CURVE ( 'NONE', #5468, #5847, #5849, .T. ) ;
#272 = CARTESIAN_POINT ( 'NONE',  ( -3.412498783288752788E-15, -31.75000000000000000, 4.999999999999999112 ) ) ;
#273 = CARTESIAN_POINT ( 'NONE',  ( 23.42671646954828901, -24.92375185188551612, 5.798005739162801042 ) ) ;
#274 = EDGE_LOOP ( 'NONE', ( #2070, #4729, #2257, #1231 ) ) ;
#275 = ORIENTED_EDGE ( 'NONE', *, *, #6523, .F. ) ;
#276 = CIRCLE ( 'NONE', #5423, 8.500000000000000000 ) ;
#277 = CARTESIAN_POINT ( 'NONE',  ( 16.24094504831280261, -29.54105652492195944, 7.336288839237612436 ) ) ;
#278 = FACE_OUTER_BOUND ( 'NONE', #5176, .T. ) ;
#279 = CARTESIAN_POINT ( 'NONE',  ( 6.123233995736767268E-16, 31.75000000000000000, 5.000000000000000000 ) ) ;
#280 = DIRECTION ( 'NONE',  ( -1.000000000000000000, 0.000000000000000000, 0.000000000000000000 ) ) ;
#281 = CARTESIAN_POINT ( 'NONE',  ( 12.12402541061334205, -30.25000000000000000, 2.154191468302088186 ) ) ;
#282 = FACE_OUTER_BOUND ( 'NONE', #4045, .T. ) ;
#283 = VECTOR ( 'NONE', #1794, 1000.000000000000000 ) ;
#284 = CIRCLE ( 'NONE', #4331, 31.75000000000000000 ) ;
#285 = CARTESIAN_POINT ( 'NONE',  ( 14.75000000000001243, 23.74530653910391820, -18.49999830549399604 ) ) ;
#286 = CARTESIAN_POINT ( 'NONE',  ( -12.47601265988668295, 30.69394372386308234, 6.719246435364338410 ) ) ;
#287 = CARTESIAN_POINT ( 'NONE',  ( -29.69636175706445158, -11.25004852065695893, 13.94470258691885789 ) ) ;
#288 = ORIENTED_EDGE ( 'NONE', *, *, #2993, .F. ) ;
#289 = AXIS2_PLACEMENT_3D ( 'NONE', #2286, #4279, #1150 ) ;
#290 = CARTESIAN_POINT ( 'NONE',  ( 32.10548470995007619, -18.20446948288738298, 3.361455140318826640 ) ) ;
#291 = ORIENTED_EDGE ( 'NONE', *, *, #1806, .F. ) ;
#292 = CARTESIAN_POINT ( 'NONE',  ( 40.06245124802025970, -11.74999999999999822, 13.47218163977897554 ) ) ;
#293 = AXIS2_PLACEMENT_3D ( 'NONE', #4528, #1950, #6643 ) ;
#294 = CARTESIAN_POINT ( 'NONE',  ( 6.684919280089816063, 25.15555227005272698, -19.87671845188870634 ) ) ;
#295 = EDGE_CURVE ( 'NONE', #4818, #6063, #284, .T. ) ;
#296 = DIRECTION ( 'NONE',  ( 1.224646799147353454E-16, 0.000000000000000000, 1.000000000000000000 ) ) ;
#297 = CARTESIAN_POINT ( 'NONE',  ( -21.26631315865131455, -21.54552045370145308, 14.50500010010121521 ) ) ;
#298 = CARTESIAN_POINT ( 'NONE',  ( 30.29496810938203666, 9.521005707025816278, 13.61374420572703769 ) ) ;
#299 = APPROVAL_STATUS ( 'not_yet_approved' ) ;
#300 = ORIENTED_EDGE ( 'NONE', *, *, #5336, .T. ) ;
#301 = CARTESIAN_POINT ( 'NONE',  ( 34.75000000000000711, -9.591564683836152128, 0.7887280973505833570 ) ) ;
#302 = ADVANCED_FACE ( 'NONE', ( #2211 ), #6404, .T. ) ;
#303 = CARTESIAN_POINT ( 'NONE',  ( -28.59302496201672028, -17.70218161674946700, -17.73760628100556502 ) ) ;
#304 = CARTESIAN_POINT ( 'NONE',  ( -13.89322202771185211, 30.25000000000000355, 1.506648183612121272 ) ) ;
#305 = CARTESIAN_POINT ( 'NONE',  ( -20.65261464298091809, 29.32459018829724329, -0.03118337230118820719 ) ) ;
#306 = CARTESIAN_POINT ( 'NONE',  ( -4.670528328092922621, 31.41889033679996146, 7.983262178719347624 ) ) ;
#307 = VERTEX_POINT ( 'NONE', #5861 ) ;
#308 = ORIENTED_EDGE ( 'NONE', *, *, #6190, .F. ) ;
#309 = EDGE_CURVE ( 'NONE', #1271, #572, #1370, .T. ) ;
#310 = CARTESIAN_POINT ( 'NONE',  ( -24.36734864973599457, -24.15796322042969635, 5.760460557519976099 ) ) ;
#311 = CARTESIAN_POINT ( 'NONE',  ( -16.64461830866116543, 28.13492145131194988, 6.428424548174438868 ) ) ;
#312 = CARTESIAN_POINT ( 'NONE',  ( 33.01281380394989640, 14.76369158725464814, -0.1768825693901326657 ) ) ;
#313 = CARTESIAN_POINT ( 'NONE',  ( -12.35387471658721026, -30.25000000000000000, 2.091787379385237955 ) ) ;
#314 = CARTESIAN_POINT ( 'NONE',  ( 13.89313416795982725, -31.75000000000000000, 1.506687882921104116 ) ) ;
#315 = CARTESIAN_POINT ( 'NONE',  ( -17.33204495707068915, -31.59322054131070345, 0.5738682152102548839 ) ) ;
#316 = CARTESIAN_POINT ( 'NONE',  ( 28.07409118065038456, 11.28085814759108452, 14.03697030462745765 ) ) ;
#317 = ADVANCED_FACE ( 'NONE', ( #4383 ), #5208, .F. ) ;
#318 = DIRECTION ( 'NONE',  ( 0.2771544855772439253, 0.9449777077964653937, 0.1737887306247200558 ) ) ;
#319 = CARTESIAN_POINT ( 'NONE',  ( -28.08039636801549577, -14.86502373559198809, 9.923585464608256856 ) ) ;
#320 = CARTESIAN_POINT ( 'NONE',  ( 31.93999441576156784, 22.04659514763814343, 3.946370193181736763 ) ) ;
#321 = CARTESIAN_POINT ( 'NONE',  ( -32.50938952718515651, 11.75000000000001421, -15.01320962997101915 ) ) ;
#322 = EDGE_LOOP ( 'NONE', ( #4073, #3931, #6636, #659, #2995, #18, #3476, #5128, #3678 ) ) ;
#323 = CARTESIAN_POINT ( 'NONE',  ( 33.25000000000001421, -12.81673320018201601, 3.729800163470889718 ) ) ;
#324 = CARTESIAN_POINT ( 'NONE',  ( 14.45095253918812794, 31.74999999999999645, 4.826506343154900236 ) ) ;
#325 = CARTESIAN_POINT ( 'NONE',  ( -8.100491907650024359, -31.75000000000000000, 3.176517749449508710 ) ) ;
#326 = CARTESIAN_POINT ( 'NONE',  ( -34.74999999999999289, 0.6975660750413377187, -9.261760844064793829 ) ) ;
#327 = DATE_AND_TIME ( #5476, #4754 ) ;
#328 = EDGE_LOOP ( 'NONE', ( #523, #3935, #1358, #2637 ) ) ;
#329 = CARTESIAN_POINT ( 'NONE',  ( 34.75000000000000711, 10.31957669094625629, 0.6466832212039376193 ) ) ;
#330 = CARTESIAN_POINT ( 'NONE',  ( -31.65752670660294754, 13.87186118481144526, 7.167187115787835516 ) ) ;
#331 = DIRECTION ( 'NONE',  ( -1.674938480883984114E-14, -0.9559765314379555790, 0.2934431313557292476 ) ) ;
#332 = CARTESIAN_POINT ( 'NONE',  ( -31.19314536071583888, 11.64532429073951647, 6.042707359120105259 ) ) ;
#333 = EDGE_LOOP ( 'NONE', ( #3924, #2215, #2207 ) ) ;
#334 = CARTESIAN_POINT ( 'NONE',  ( 28.81852892629671459, -9.225241689410792034, 9.269013901334069772 ) ) ;
#335 = VERTEX_POINT ( 'NONE', #5924 ) ;
#336 = CARTESIAN_POINT ( 'NONE',  ( 10.90043436653212439, 28.25741182024606601, 8.502376059954359633 ) ) ;
#337 = CARTESIAN_POINT ( 'NONE',  ( -22.53494272028700962, -20.18873507259575106, 14.55726684203114907 ) ) ;
#338 = CARTESIAN_POINT ( 'NONE',  ( 29.42924949795115808, -7.142946955107069229, 13.12431045170641042 ) ) ;
#339 = CARTESIAN_POINT ( 'NONE',  ( 32.28128590292152467, 17.68888852286754343, -0.4731295711066852427 ) ) ;
#340 = CARTESIAN_POINT ( 'NONE',  ( 62.50000000000000000, 0.000000000000000000, -214.9999999999998863 ) ) ;
#341 = CARTESIAN_POINT ( 'NONE',  ( 16.04145920253826674, -31.71878824058457624, 0.8264038036954054478 ) ) ;
#342 = FACE_OUTER_BOUND ( 'NONE', #5103, .T. ) ;
#343 = CARTESIAN_POINT ( 'NONE',  ( -22.57755967009607900, 25.36108817572579710, 5.943877661686929770 ) ) ;
#344 = CARTESIAN_POINT ( 'NONE',  ( -6.912824193641142756, 23.75000000000000355, -18.50000000000000000 ) ) ;
#345 =( BOUNDED_SURFACE ( )  B_SPLINE_SURFACE ( 3, 2, ( 
 ( #5391, #2262, #678 ),
 ( #175, #2359, #210 ),
 ( #2748, #6445, #1159 ),
 ( #3880, #1298, #6545 ),
 ( #2294, #6413, #2781 ),
 ( #1843, #3950, #3259 ),
 ( #5902, #4836, #3393 ),
 ( #3918, #5361, #5495 ) ),
 .UNSPECIFIED., .F., .F., .F. ) 
 B_SPLINE_SURFACE_WITH_KNOTS ( ( 4, 2, 2, 4 ),
 ( 3, 3 ),
 ( 0.03332163778764041934, 0.03747841449120205282, 0.04163519119476369323, 0.04994874460188697407 ),
 ( 0.000000000000000000, 0.6925434644056038813 ),
 .UNSPECIFIED. ) 
 GEOMETRIC_REPRESENTATION_ITEM ( )  RATIONAL_B_SPLINE_SURFACE ( (
 ( 1.000000000000000000, 0.9428703182965996188, 0.9648702119677239342),
 ( 1.000000000000000000, 0.9523821870847445359, 0.9707191844169869022),
 ( 1.000000000000000000, 0.9607324631451782393, 0.9758538783145824791),
 ( 1.000000000000000000, 0.9751024544482210787, 0.9846901737996929249),
 ( 1.000000000000000000, 0.9810442262931430291, 0.9883438469731566922),
 ( 1.000000000000000000, 0.9952660518602070017, 0.9970890334105113606),
 ( 1.000000000000000000, 0.9999818985463954091, 0.9999888691795708606),
 ( 1.000000000000000000, 1.000000000000000000, 1.000000000000000000) ) ) 
 REPRESENTATION_ITEM ( '' )  SURFACE ( )  );
#346 = CARTESIAN_POINT ( 'NONE',  ( -2.306841934864537258, 31.74999999999999289, 5.374679617975173684 ) ) ;
#347 = CARTESIAN_POINT ( 'NONE',  ( -30.28492512415435201, -9.555247971372109461, 9.813178667619331108 ) ) ;
#348 = CARTESIAN_POINT ( 'NONE',  ( 33.80282256460579049, 17.84085587189197497, -0.4457842213756668670 ) ) ;
#349 = CARTESIAN_POINT ( 'NONE',  ( 22.21765975907241852, -25.59997775951704924, 5.967858956443018670 ) ) ;
#350 = EDGE_LOOP ( 'NONE', ( #6570, #1499, #5372, #2729 ) ) ;
#351 = FACE_OUTER_BOUND ( 'NONE', #454, .T. ) ;
#352 = CARTESIAN_POINT ( 'NONE',  ( 13.60196200354457297, 25.43698702314235760, -19.82015654276158401 ) ) ;
#353 = CARTESIAN_POINT ( 'NONE',  ( -30.25000000000000000, 3.704556567420743754E-15, 3.704556567420743754E-15 ) ) ;
#354 = CARTESIAN_POINT ( 'NONE',  ( 7.744941301009868440, -29.88543758392268046, 5.818223077553394518 ) ) ;
#355 = B_SPLINE_CURVE_WITH_KNOTS ( 'NONE', 3,
 ( #3140, #4167, #2589, #1655, #4687, #560 ),
 .UNSPECIFIED., .F., .F.,
 ( 4, 2, 4 ),
 ( 0.000000000000000000, 0.002796521179539541817, 0.005593042359079083634 ),
 .UNSPECIFIED. ) ;
#356 = CARTESIAN_POINT ( 'NONE',  ( -21.69908919362104527, 27.16041958588430916, 7.113253090821221036 ) ) ;
#357 = EDGE_LOOP ( 'NONE', ( #1561, #4205, #2419, #4179, #1730, #5536, #1795, #1115, #5500 ) ) ;
#358 = CARTESIAN_POINT ( 'NONE',  ( 31.78476559698027870, 13.38749959061810380, 7.188719163914774057 ) ) ;
#359 = CARTESIAN_POINT ( 'NONE',  ( -27.73658683185685092, -21.87186771272956420, 6.924842826774106008 ) ) ;
#360 = CARTESIAN_POINT ( 'NONE',  ( 33.59406881423431912, -18.49238848375113520, 4.049423204810696397 ) ) ;
#361 = EDGE_CURVE ( 'NONE', #3945, #3810, #5026, .T. ) ;
#362 = CARTESIAN_POINT ( 'NONE',  ( -32.40622562401012630, 10.67078234191807695, 7.130454868564774173 ) ) ;
#363 = CARTESIAN_POINT ( 'NONE',  ( -14.81789653850843891, 26.39715988660664792, 13.50804326731103089 ) ) ;
#364 = ORIENTED_EDGE ( 'NONE', *, *, #2656, .F. ) ;
#365 = CARTESIAN_POINT ( 'NONE',  ( 28.86479561854752518, 9.067492148754993764, 13.61280448478291305 ) ) ;
#366 = AXIS2_PLACEMENT_3D ( 'NONE', #5399, #4504, #2930 ) ;
#367 = VERTEX_POINT ( 'NONE', #2254 ) ;
#368 = CARTESIAN_POINT ( 'NONE',  ( 8.936413401266596779, 28.91462770156721973, 10.82039598713669193 ) ) ;
#369 = CARTESIAN_POINT ( 'NONE',  ( -31.33263180365787903, -10.54849906277994798, 6.083227182841788760 ) ) ;
#370 = CARTESIAN_POINT ( 'NONE',  ( 29.73602164338920062, 5.733726176065599311, 12.78252839951441544 ) ) ;
#371 = AXIS2_PLACEMENT_3D ( 'NONE', #134, #2668, #4725 ) ;
#372 = CARTESIAN_POINT ( 'NONE',  ( -33.24999999999999289, -11.04036685313883659, 0.4724322874107657055 ) ) ;
#373 = CARTESIAN_POINT ( 'NONE',  ( -28.60787114345753324, 13.82349396279946241, 9.937452121064573873 ) ) ;
#374 = CARTESIAN_POINT ( 'NONE',  ( -14.74999999999998401, -30.25000000000000000, 1.114006583038551712 ) ) ;
#375 = DIRECTION ( 'NONE',  ( 0.8750219591144483555, 0.3304493228969174745, -0.3537510651072044432 ) ) ;
#376 = CARTESIAN_POINT ( 'NONE',  ( -37.00000000000000711, 0.000000000000000000, -124.8941410357254114 ) ) ;
#377 = CARTESIAN_POINT ( 'NONE',  ( 13.24214410508132644, 30.25000000000000000, 1.773383837395823504 ) ) ;
#378 = AXIS2_PLACEMENT_3D ( 'NONE', #1239, #2657, #2132 ) ;
#379 = ADVANCED_FACE ( 'NONE', ( #4861 ), #3805, .T. ) ;
#380 = CARTESIAN_POINT ( 'NONE',  ( -34.74999999999999289, 9.591564683836164562, 0.7887280973505852444 ) ) ;
#381 = CARTESIAN_POINT ( 'NONE',  ( -22.49055156781305698, -22.44227996532608316, 9.889916343087850947 ) ) ;
#382 = ORIENTED_EDGE ( 'NONE', *, *, #3521, .T. ) ;
#383 = AXIS2_PLACEMENT_3D ( 'NONE', #5097, #396, #2382 ) ;
#384 = CARTESIAN_POINT ( 'NONE',  ( 15.30797581325666812, -30.25000000000000355, 0.9732354195097567828 ) ) ;
#385 = ORIENTED_EDGE ( 'NONE', *, *, #6214, .F. ) ;
#386 = CARTESIAN_POINT ( 'NONE',  ( -24.54302799047900407, -29.20100687776037773, -0.4107087443177788733 ) ) ;
#387 = EDGE_CURVE ( 'NONE', #2444, #529, #4009, .T. ) ;
#388 = CARTESIAN_POINT ( 'NONE',  ( 6.123233995736767268E-16, 31.75000000000000000, 5.000000000000000000 ) ) ;
#389 = CARTESIAN_POINT ( 'NONE',  ( -17.67053245241825365, 24.55938114934252781, 14.10480789327884921 ) ) ;
#390 = ORIENTED_EDGE ( 'NONE', *, *, #1722, .T. ) ;
#391 = CARTESIAN_POINT ( 'NONE',  ( 13.24006461110268518, -29.10575112202171155, 6.264833989106764811 ) ) ;
#392 = CARTESIAN_POINT ( 'NONE',  ( -26.77508758937985789, 27.78568630442000753, -0.5942491073223704623 ) ) ;
#393 = ORIENTED_EDGE ( 'NONE', *, *, #6282, .F. ) ;
#394 = CARTESIAN_POINT ( 'NONE',  ( -7.156131611976734419, 29.40586608060799279, 9.728282363146361078 ) ) ;
#395 = CIRCLE ( 'NONE', #1376, 11.50000000000000000 ) ;
#396 = DIRECTION ( 'NONE',  ( 0.000000000000000000, 0.000000000000000000, -1.000000000000000000 ) ) ;
#397 = CARTESIAN_POINT ( 'NONE',  ( 30.91873609319121385, -23.53750467584035633, 3.931939686092027930 ) ) ;
#398 = CARTESIAN_POINT ( 'NONE',  ( 32.29460865024179128, 11.85054897435428956, 7.040804456599244254 ) ) ;
#399 = CARTESIAN_POINT ( 'NONE',  ( -23.68298611584088320, 18.85685439909496353, 14.58075818007565871 ) ) ;
#400 = ORIENTED_EDGE ( 'NONE', *, *, #3238, .T. ) ;
#401 = CARTESIAN_POINT ( 'NONE',  ( 25.08053411471015792, 16.95296851108508207, 14.54847340633845576 ) ) ;
#402 = VERTEX_POINT ( 'NONE', #3384 ) ;
#403 = CARTESIAN_POINT ( 'NONE',  ( -28.48033226873601009, -10.22866757715634911, 9.307518022663614943 ) ) ;
#404 = CARTESIAN_POINT ( 'NONE',  ( 3.594901103309019850E-16, -30.25000000000000000, 4.999999999999999112 ) ) ;
#405 = CARTESIAN_POINT ( 'NONE',  ( -12.72231514984770762, 30.24999999999999289, 4.357837398283404440 ) ) ;
#406 = CARTESIAN_POINT ( 'NONE',  ( 11.12224263268790914, 31.75000000000000000, 2.426175432392506881 ) ) ;
#407 = CARTESIAN_POINT ( 'NONE',  ( -31.04919994311275744, -11.59918208902362302, 6.211872719643249496 ) ) ;
#408 = DIRECTION ( 'NONE',  ( -1.000000000000000000, 0.000000000000000000, 0.000000000000000000 ) ) ;
#409 = CARTESIAN_POINT ( 'NONE',  ( 33.25000000000000711, 9.591564683836153904, 0.7887280973505710335 ) ) ;
#410 = CARTESIAN_POINT ( 'NONE',  ( -32.90919831563347486, 7.113854894612052782, 7.007616542541124538 ) ) ;
#411 = CARTESIAN_POINT ( 'NONE',  ( 14.75000000000000888, 23.75000000000000000, -12.00000000000000000 ) ) ;
#412 = CARTESIAN_POINT ( 'NONE',  ( -25.03399324162776196, -24.87801956840872464, 6.896136467351357879 ) ) ;
#413 = EDGE_LOOP ( 'NONE', ( #5446, #1920, #639, #205 ) ) ;
#414 = B_SPLINE_CURVE_WITH_KNOTS ( 'NONE', 3,
 ( #1891, #2438, #4476, #6526, #294, #5471, #2932, #2965, #6110, #352, #4031, #3963 ),
 .UNSPECIFIED., .F., .F.,
 ( 4, 2, 2, 2, 2, 4 ),
 ( 2.168404344971008868E-19, 0.003444105372616337347, 0.006888210745232673828, 0.01033231611784900771, 0.01205436880415717768, 0.01377642149046534766 ),
 .UNSPECIFIED. ) ;
#415 = CARTESIAN_POINT ( 'NONE',  ( 21.43839970461305100, 23.45131480562059068, 14.44699326616226998 ) ) ;
#416 = CARTESIAN_POINT ( 'NONE',  ( 15.87391641578360790, -30.22477749033187422, 0.8425422415768797357 ) ) ;
#417 = FACE_OUTER_BOUND ( 'NONE', #3010, .T. ) ;
#418 = CARTESIAN_POINT ( 'NONE',  ( -25.68431330679513991, -28.52020903801317431, 4.042474324088948912 ) ) ;
#419 = CARTESIAN_POINT ( 'NONE',  ( 32.46632077159455321, 17.14681072021155472, 3.415744848570040570 ) ) ;
#420 = CARTESIAN_POINT ( 'NONE',  ( 33.25000000000000711, 4.928789851662837229, -10.68013790989113865 ) ) ;
#421 = VERTEX_POINT ( 'NONE', #2843 ) ;
#422 = CARTESIAN_POINT ( 'NONE',  ( 6.221025202867735082, 29.61715418560234525, 9.133631811884129093 ) ) ;
#423 = CARTESIAN_POINT ( 'NONE',  ( -29.70754369105193859, 25.04377847817749725, -0.7141097527422631819 ) ) ;
#424 = ORIENTED_EDGE ( 'NONE', *, *, #6040, .T. ) ;
#425 = CARTESIAN_POINT ( 'NONE',  ( 34.75000000000002132, 13.00498023550805016, 4.343069750165100551 ) ) ;
#426 = B_SPLINE_CURVE_WITH_KNOTS ( 'NONE', 3,
 ( #4758, #1663, #3804, #3147, #2739, #2771, #2144, #2706, #4794, #6337, #4860, #70, #3693, #5242, #1555, #2074, #3213, #5351, #135, #5860, #4175, #6260, #1628, #1149, #6369, #5757, #1049, #3729 ),
 .UNSPECIFIED., .F., .F.,
 ( 4, 2, 2, 2, 2, 2, 2, 2, 2, 2, 2, 2, 2, 4 ),
 ( 0.000000000000000000, 0.001834515603278534654, 0.003669031206557069307, 0.007338062413114129073, 0.009172578016392658740, 0.01100709361967118841, 0.01467612482622825468, 0.01651064042950678087, 0.01834515603278530360, 0.02201418723934235253, 0.02384870284262087178, 0.02568321844589939451, 0.02751773404917792071, 0.02935224965245645037 ),
 .UNSPECIFIED. ) ;
#427 = CARTESIAN_POINT ( 'NONE',  ( 28.77776884813712144, 20.39580185728534900, 6.940069251297403596 ) ) ;
#428 = CARTESIAN_POINT ( 'NONE',  ( -23.60501124052980160, -21.24267671495642418, 14.55590417504897616 ) ) ;
#429 = CARTESIAN_POINT ( 'NONE',  ( -25.02218451976028035, 17.03632375908631857, 9.180910691630510101 ) ) ;
#430 = CARTESIAN_POINT ( 'NONE',  ( 28.09340542882817360, -11.24308061642423873, 9.318991806236073927 ) ) ;
#431 = EDGE_CURVE ( 'NONE', #4590, #5418, #2232, .T. ) ;
#432 = VERTEX_POINT ( 'NONE', #3836 ) ;
#433 = CARTESIAN_POINT ( 'NONE',  ( -33.71583254756416181, -13.53392137355470659, -15.86778882352160558 ) ) ;
#434 = CARTESIAN_POINT ( 'NONE',  ( -26.30159195729667232, 17.82836949069185195, 14.54979902461150054 ) ) ;
#435 = CARTESIAN_POINT ( 'NONE',  ( 28.81335525908928474, -9.242881671561413270, 9.164845495787577789 ) ) ;
#436 = CARTESIAN_POINT ( 'NONE',  ( -29.46767360853845474, 11.83609231924854299, 14.03623645037151135 ) ) ;
#437 = CARTESIAN_POINT ( 'NONE',  ( -16.64604300882042764, -28.13446927176162049, 6.428292897083063728 ) ) ;
#438 = EDGE_CURVE ( 'NONE', #402, #2880, #3069, .T. ) ;
#439 = CARTESIAN_POINT ( 'NONE',  ( -33.24999999999999289, 12.81673320018199291, 3.729800163470888386 ) ) ;
#440 = CARTESIAN_POINT ( 'NONE',  ( -15.30797581325450274, 30.25000000000004619, 0.9732354195063098734 ) ) ;
#441 = CARTESIAN_POINT ( 'NONE',  ( 192.2911684466444058, 0.000000000000000000, -124.8941410357254966 ) ) ;
#442 = FACE_OUTER_BOUND ( 'NONE', #6657, .T. ) ;
#443 = CARTESIAN_POINT ( 'NONE',  ( -21.50196379839751870, -23.39281596870465663, 14.45178302725566333 ) ) ;
#444 = FACE_OUTER_BOUND ( 'NONE', #723, .T. ) ;
#445 = CARTESIAN_POINT ( 'NONE',  ( 30.32858612842244384, 18.54448942792868849, -18.28881167786587625 ) ) ;
#446 = CARTESIAN_POINT ( 'NONE',  ( 18.23674273819044700, -29.96735250967666886, 3.900267213414639222 ) ) ;
#447 = CC_DESIGN_DATE_AND_TIME_ASSIGNMENT ( #2410, #4512, ( #4095 ) ) ;
#448 = CARTESIAN_POINT ( 'NONE',  ( -33.35568423438948571, -19.09441151123208158, -0.5373698964621911323 ) ) ;
#449 = CARTESIAN_POINT ( 'NONE',  ( 32.99092254986391737, 15.00108195696206081, 3.551986523118660255 ) ) ;
#450 = DIRECTION ( 'NONE',  ( 0.000000000000000000, 0.000000000000000000, 1.000000000000000000 ) ) ;
#451 = CARTESIAN_POINT ( 'NONE',  ( 10.11650683574742970, 30.25000000000000000, 2.682374083963972478 ) ) ;
#452 = EDGE_CURVE ( 'NONE', #5341, #367, #6417, .T. ) ;
#453 = CARTESIAN_POINT ( 'NONE',  ( -30.91873609318966842, 23.53750467584089279, 3.931939686090851982 ) ) ;
#454 = EDGE_LOOP ( 'NONE', ( #5565, #3751, #3194, #1016 ) ) ;
#455 = DIRECTION ( 'NONE',  ( -0.000000000000000000, -0.000000000000000000, 1.000000000000000000 ) ) ;
#456 = CARTESIAN_POINT ( 'NONE',  ( 11.79889898907233281, -27.87939746263222318, 8.684060145671441688 ) ) ;
#457 = CARTESIAN_POINT ( 'NONE',  ( 34.66889376459193528, -14.17963151167010416, 4.261681308086692432 ) ) ;
#458 =( BOUNDED_SURFACE ( )  B_SPLINE_SURFACE ( 3, 2, ( 
 ( #6196, #2524, #3584 ),
 ( #634, #2143, #4793 ),
 ( #5380, #2738, #103 ),
 ( #3279, #4826, #5893 ),
 ( #4348, #667, #6368 ),
 ( #1662, #3692, #5350 ),
 ( #1181, #2177, #3803 ),
 ( #603, #3212, #1080 ),
 ( #6434, #4309, #3728 ),
 ( #4757, #5821, #69 ),
 ( #6336, #1735, #3766 ),
 ( #1110, #2631, #4244 ) ),
 .UNSPECIFIED., .F., .F., .T. ) 
 B_SPLINE_SURFACE_WITH_KNOTS ( ( 4, 2, 2, 2, 2, 4 ),
 ( 3, 3 ),
 ( 0.03241287845847282134, 0.03846102603606489645, 0.04148509982486093400, 0.04450917361365697156, 0.05055732119124904667, 0.05660546876884111483 ),
 ( 0.000000000000000000, 0.6979017427251972272 ),
 .UNSPECIFIED. ) 
 GEOMETRIC_REPRESENTATION_ITEM ( )  RATIONAL_B_SPLINE_SURFACE ( (
 ( 1.000000000000000000, 0.9084644385489624163, 0.9446945328139417786),
 ( 1.000000000000000000, 0.9205652915953908000, 0.9520058260476709222),
 ( 1.000000000000000000, 0.9297906790099995655, 0.9575797729689472515),
 ( 1.000000000000000000, 0.9391625018047050633, 0.9632421956364849436),
 ( 1.000000000000000000, 0.9415403123668071306, 0.9646788604903662190),
 ( 1.000000000000000000, 0.9447340450345784735, 0.9666085026366368904),
 ( 1.000000000000000000, 0.9455414433150381992, 0.9670963298635439909),
 ( 1.000000000000000000, 0.9455124666990943894, 0.9670788222931872014),
 ( 1.000000000000000000, 0.9423022195236977483, 0.9651392021389699760),
 ( 1.000000000000000000, 0.9298883570848315294, 0.9576387897213087808),
 ( 1.000000000000000000, 0.9206753026622841451, 0.9520722943508497238),
 ( 1.000000000000000000, 0.9084644385489637486, 0.9446945328139426667) ) ) 
 REPRESENTATION_ITEM ( '' )  SURFACE ( )  );
#459 = CARTESIAN_POINT ( 'NONE',  ( -33.24999999999999289, -9.591564683836159233, 0.7887280973505726989 ) ) ;
#460 = CARTESIAN_POINT ( 'NONE',  ( 32.39519488888923604, 11.27618588450284243, 7.044217234879522671 ) ) ;
#461 = CARTESIAN_POINT ( 'NONE',  ( -28.86354504151468703, 9.071756079087757385, 13.61388676883736792 ) ) ;
#462 = ORIENTED_EDGE ( 'NONE', *, *, #2369, .F. ) ;
#463 = CARTESIAN_POINT ( 'NONE',  ( -15.28559058372932000, -28.78153169811780643, 6.134473396957162095 ) ) ;
#464 = DIRECTION ( 'NONE',  ( 0.000000000000000000, 1.000000000000000000, 0.000000000000000000 ) ) ;
#465 = CARTESIAN_POINT ( 'NONE',  ( -29.30453745724958381, 12.24013730719018866, 9.926454318267305510 ) ) ;
#466 = CARTESIAN_POINT ( 'NONE',  ( -33.25000000000000000, 10.11111797280307556, 3.841740598619107772 ) ) ;
#467 = VECTOR ( 'NONE', #1647, 1000.000000000000000 ) ;
#468 = CARTESIAN_POINT ( 'NONE',  ( -31.91824145926848999, 3.518122027815544950, 6.100098824596186020 ) ) ;
#469 = VERTEX_POINT ( 'NONE', #1771 ) ;
#470 = DIRECTION ( 'NONE',  ( -1.000000000000000000, 0.000000000000000000, 0.000000000000000000 ) ) ;
#471 = CARTESIAN_POINT ( 'NONE',  ( 22.87641065056885381, 19.80116457747590886, 14.56604186840857373 ) ) ;
#472 = CIRCLE ( 'NONE', #5081, 8.500000000000000000 ) ;
#473 = CARTESIAN_POINT ( 'NONE',  ( -30.24999999999998934, 3.704556567420743754E-15, 80.00000000000000000 ) ) ;
#474 = CARTESIAN_POINT ( 'NONE',  ( -12.44593422417841388, -25.49132131978938531, -19.80823754958790772 ) ) ;
#475 = CARTESIAN_POINT ( 'NONE',  ( 19.69905869747649518, 28.20262961640685617, 7.210577289408250934 ) ) ;
#476 = DIRECTION ( 'NONE',  ( 0.000000000000000000, 0.000000000000000000, 1.000000000000000000 ) ) ;
#477 = CARTESIAN_POINT ( 'NONE',  ( 22.16358511807121090, -28.71028582005268603, -0.2264962296644965900 ) ) ;
#478 = AXIS2_PLACEMENT_3D ( 'NONE', #6581, #4977, #1883 ) ;
#479 = CARTESIAN_POINT ( 'NONE',  ( 32.79761447121961027, -15.30008833619450925, -16.81275583644107030 ) ) ;
#480 = CARTESIAN_POINT ( 'NONE',  ( -19.48175963572785463, -31.23153317925432404, 4.415231002302308916 ) ) ;
#481 = DIRECTION ( 'NONE',  ( 1.000000000000000000, 0.000000000000000000, 0.000000000000000000 ) ) ;
#482 = CARTESIAN_POINT ( 'NONE',  ( -0.9162333807212093006, -23.68654456144165010, -19.99999999999999645 ) ) ;
#483 = ORIENTED_EDGE ( 'NONE', *, *, #2799, .F. ) ;
#484 = CARTESIAN_POINT ( 'NONE',  ( -29.99701454583881244, 3.998842927801734781, 8.945165574824549992 ) ) ;
#485 = CARTESIAN_POINT ( 'NONE',  ( -32.09624085586935394, 21.79536865489224695, -0.6823423311138806513 ) ) ;
#486 = VERTEX_POINT ( 'NONE', #3354 ) ;
#487 = CARTESIAN_POINT ( 'NONE',  ( -14.02565424964812912, 30.36770034178091393, 6.903821137182842627 ) ) ;
#488 = AXIS2_PLACEMENT_3D ( 'NONE', #4484, #3974, #6118 ) ;
#489 = CARTESIAN_POINT ( 'NONE',  ( 23.19885922788870758, -26.16931719476542284, 7.044426995180590012 ) ) ;
#490 = CARTESIAN_POINT ( 'NONE',  ( 28.60517377161700381, 13.83008600042858838, 9.938562973923433574 ) ) ;
#491 = CARTESIAN_POINT ( 'NONE',  ( -34.74999999999999289, -11.74999999999965006, 0.2546058388727707733 ) ) ;
#492 = CIRCLE ( 'NONE', #1042, 31.75000000000000000 ) ;
#493 = CARTESIAN_POINT ( 'NONE',  ( 33.25000000000000711, 11.95370481135730323, 3.800834545612219895 ) ) ;
#494 = VERTEX_POINT ( 'NONE', #2179 ) ;
#495 = EDGE_CURVE ( 'NONE', #469, #3810, #3674, .T. ) ;
#496 = CARTESIAN_POINT ( 'NONE',  ( -18.15004985187627540, -24.22819888507617847, 9.316587361907759046 ) ) ;
#497 = CARTESIAN_POINT ( 'NONE',  ( -2.178244003500587223, 30.25000000000000000, 5.239681029983636051 ) ) ;
#498 = CARTESIAN_POINT ( 'NONE',  ( 4.055493624791675522, 31.75000000000000000, 4.111731725731897491 ) ) ;
#499 = CARTESIAN_POINT ( 'NONE',  ( -14.74999999999852029, 31.75000000000000000, 1.114006583039230058 ) ) ;
#500 = CARTESIAN_POINT ( 'NONE',  ( 1.893810412999577197, -31.75000000000000000, 6.218767535133705948 ) ) ;
#501 = CARTESIAN_POINT ( 'NONE',  ( 24.09932748259897650, -20.70460760475078743, 9.865141064720681641 ) ) ;
#502 = ORIENTED_EDGE ( 'NONE', *, *, #5778, .F. ) ;
#503 = CARTESIAN_POINT ( 'NONE',  ( 14.75000000000000888, 11.75000000000000000, -12.00000000000000000 ) ) ;
#504 = ADVANCED_FACE ( 'NONE', ( #6502 ), #768, .T. ) ;
#505 = CARTESIAN_POINT ( 'NONE',  ( 34.75000000000000000, 3.210863276645637310, 1.535482916122691277 ) ) ;
#506 = DIRECTION ( 'NONE',  ( 0.000000000000000000, 0.000000000000000000, -1.000000000000000000 ) ) ;
#507 = CARTESIAN_POINT ( 'NONE',  ( -26.40865382393243266, -23.50883180835615960, 6.873800618509372740 ) ) ;
#508 = CARTESIAN_POINT ( 'NONE',  ( 21.99143627010260360, 30.46190784193338530, 4.235160327923151335 ) ) ;
#509 = CARTESIAN_POINT ( 'NONE',  ( 31.97360866544887159, 16.56903454468459458, -17.43196683602161556 ) ) ;
#510 = CARTESIAN_POINT ( 'NONE',  ( -192.2911684466441500, 0.000000000000000000, -124.8941410357254114 ) ) ;
#511 = ADVANCED_FACE ( 'NONE', ( #2451 ), #5582, .F. ) ;
#512 = CARTESIAN_POINT ( 'NONE',  ( -29.36917749291280799, -23.10130135150936326, 3.232632397639759070 ) ) ;
#513 = CARTESIAN_POINT ( 'NONE',  ( -13.43701270530676339, -30.40382484943728159, 6.990241492778197951 ) ) ;
#514 = CARTESIAN_POINT ( 'NONE',  ( 33.15702290091943638, 13.91023863760092638, 3.635144393655900252 ) ) ;
#515 = B_SPLINE_CURVE_WITH_KNOTS ( 'NONE', 3,
 ( #3939, #3413, #6021, #3975, #1321 ),
 .UNSPECIFIED., .F., .F.,
 ( 4, 1, 4 ),
 ( 0.1034759799405900738, 0.1040568587988470739, 0.1046377376571040602 ),
 .UNSPECIFIED. ) ;
#516 = CARTESIAN_POINT ( 'NONE',  ( 29.42817856709711322, -7.146598369160638953, 13.12523726644747235 ) ) ;
#517 = CARTESIAN_POINT ( 'NONE',  ( 29.02728503599072596, -8.513473053892219866, 13.47218163977899508 ) ) ;
#518 = EDGE_CURVE ( 'NONE', #4229, #6036, #4622, .T. ) ;
#519 = CARTESIAN_POINT ( 'NONE',  ( -14.74999999999837286, 31.75000000000000000, 1.114006583038916975 ) ) ;
#520 = ORIENTED_EDGE ( 'NONE', *, *, #6592, .F. ) ;
#521 = CARTESIAN_POINT ( 'NONE',  ( -14.64795032083707760, 28.18535739033378462, 9.658311280197120041 ) ) ;
#522 = CARTESIAN_POINT ( 'NONE',  ( 29.48072508277009618, 19.24572613003804733, 6.963771036220209432 ) ) ;
#523 = ORIENTED_EDGE ( 'NONE', *, *, #6576, .F. ) ;
#524 = CARTESIAN_POINT ( 'NONE',  ( 20.89142204428845417, -30.85744592866926084, 4.307385072584938968 ) ) ;
#525 = CARTESIAN_POINT ( 'NONE',  ( -33.24999999999997868, -3.210863276645635089, 1.535482916122693053 ) ) ;
#526 = CARTESIAN_POINT ( 'NONE',  ( 13.94307021436645755, 28.53102214295925521, 13.00219207130452581 ) ) ;
#527 = CARTESIAN_POINT ( 'NONE',  ( 10.68712574850298225, -28.29925517104089039, 11.82629151725428507 ) ) ;
#528 = DIRECTION ( 'NONE',  ( -0.000000000000000000, -1.000000000000000000, -0.000000000000000000 ) ) ;
#529 = VERTEX_POINT ( 'NONE', #5631 ) ;
#530 = CARTESIAN_POINT ( 'NONE',  ( 4.550301600416641001, 30.15392196927881585, 5.495145488326846461 ) ) ;
#531 = CARTESIAN_POINT ( 'NONE',  ( -14.31014762226668324, -26.65735071434242087, 13.34052633183011238 ) ) ;
#532 = CARTESIAN_POINT ( 'NONE',  ( -11.12287330129939811, 30.25000000000000000, 2.426004205867991814 ) ) ;
#533 = DIRECTION ( 'NONE',  ( 0.000000000000000000, -0.2934431313557296916, 0.9559765314379552459 ) ) ;
#534 = CARTESIAN_POINT ( 'NONE',  ( -13.89313416796008127, 31.75000000000000000, 1.506687882922502331 ) ) ;
#535 = CARTESIAN_POINT ( 'NONE',  ( -31.04919994311268638, 11.59918208902471015, 6.211872719643240615 ) ) ;
#536 = CARTESIAN_POINT ( 'NONE',  ( 30.11305546997436977, -10.09692237862519981, 9.852958900059286762 ) ) ;
#537 = EDGE_LOOP ( 'NONE', ( #6145, #689, #4401, #4262, #5692, #5354, #2593, #4557, #5378 ) ) ;
#538 = CARTESIAN_POINT ( 'NONE',  ( -34.58911071581286478, -14.36486417995326192, -0.1029927831744514299 ) ) ;
#539 = CARTESIAN_POINT ( 'NONE',  ( 29.46548013945167810, -19.27264674176491965, 6.963090583081533502 ) ) ;
#540 = CARTESIAN_POINT ( 'NONE',  ( 32.10417040555638124, 21.77744308012722740, -0.6813248848922998091 ) ) ;
#541 = CARTESIAN_POINT ( 'NONE',  ( -28.72927937427859035, 19.96646677803016345, -18.80765087167139882 ) ) ;
#542 = CARTESIAN_POINT ( 'NONE',  ( 19.71544973329205419, 31.16588535275990424, 0.1674732975726689332 ) ) ;
#543 = ADVANCED_FACE ( 'NONE', ( #351 ), #6734, .T. ) ;
#544 = DIRECTION ( 'NONE',  ( 0.3748062816633053185, 1.387778780781445873E-15, -0.9271031502620014075 ) ) ;
#545 = LINE ( 'NONE', #6240, #1233 ) ;
#546 = CARTESIAN_POINT ( 'NONE',  ( -25.24683434343502952, -23.20255022312858273, 5.806048359426653427 ) ) ;
#547 = DIRECTION ( 'NONE',  ( 1.000000000000000000, 0.000000000000000000, -0.000000000000000000 ) ) ;
#548 = CARTESIAN_POINT ( 'NONE',  ( 17.20620244292975443, 27.95668264543467529, 6.376530701577658000 ) ) ;
#549 = CARTESIAN_POINT ( 'NONE',  ( -25.69854286952881495, 16.00099160313784097, 14.51097435821818848 ) ) ;
#550 = ORIENTED_EDGE ( 'NONE', *, *, #6098, .F. ) ;
#551 = CARTESIAN_POINT ( 'NONE',  ( -30.24922816255858748, -1.626425659744004326, 8.854257992564791735 ) ) ;
#552 = ADVANCED_FACE ( 'NONE', ( #417 ), #1404, .F. ) ;
#553 = CARTESIAN_POINT ( 'NONE',  ( -8.900188754422510229, -28.92593266831967469, 10.79876842470756415 ) ) ;
#554 = EDGE_LOOP ( 'NONE', ( #1614, #3002, #2268, #5612, #4071, #6644, #2627 ) ) ;
#555 = CARTESIAN_POINT ( 'NONE',  ( -20.41113725738768636, 28.04012798025074815, 7.014765230036098309 ) ) ;
#556 = CARTESIAN_POINT ( 'NONE',  ( 23.93819019683488847, 25.63911890038311014, 7.012147905797883496 ) ) ;
#557 = LINE ( 'NONE', #6156, #5535 ) ;
#558 = VERTEX_POINT ( 'NONE', #1336 ) ;
#559 = CARTESIAN_POINT ( 'NONE',  ( 21.99138783765218719, -30.46192619535739254, 4.235163441427507891 ) ) ;
#560 = CARTESIAN_POINT ( 'NONE',  ( 32.50938952718515651, -11.75000000000001421, -15.01320962997106179 ) ) ;
#561 = DIRECTION ( 'NONE',  ( 0.000000000000000000, 0.000000000000000000, -1.000000000000000000 ) ) ;
#562 = FACE_OUTER_BOUND ( 'NONE', #218, .T. ) ;
#563 = CARTESIAN_POINT ( 'NONE',  ( 14.81926692374621446, 26.37790606208377042, 13.48692241386708268 ) ) ;
#564 = ORIENTED_EDGE ( 'NONE', *, *, #4379, .T. ) ;
#565 = CARTESIAN_POINT ( 'NONE',  ( 1.804331479081061174, 30.25000000000000355, 6.218762007489505805 ) ) ;
#566 = CARTESIAN_POINT ( 'NONE',  ( -16.32502125839921803, -25.47345927216588635, 13.85321155682729710 ) ) ;
#567 = CARTESIAN_POINT ( 'NONE',  ( 2.681155542760415745E-14, -15.95491601560994610, -37.21548536537066099 ) ) ;
#568 = CARTESIAN_POINT ( 'NONE',  ( 33.25000000000000711, -9.591564683836152128, 0.7887280973505831350 ) ) ;
#569 = CARTESIAN_POINT ( 'NONE',  ( -33.24999999999440092, 1.673643446543280788, 4.026177909311611458 ) ) ;
#570 = CARTESIAN_POINT ( 'NONE',  ( 13.55413071500696631, -30.50089875181630816, 6.791223505476583711 ) ) ;
#571 = CARTESIAN_POINT ( 'NONE',  ( 20.33253452288188967, -24.39406018208327254, 9.927469468847025524 ) ) ;
#572 = VERTEX_POINT ( 'NONE', #3921 ) ;
#573 = CARTESIAN_POINT ( 'NONE',  ( 37.00000000000000711, 0.000000000000000000, -124.8941410357253972 ) ) ;
#574 = CARTESIAN_POINT ( 'NONE',  ( 24.25908079937910600, -25.36888522419735992, 7.000827334001245461 ) ) ;
#575 = CARTESIAN_POINT ( 'NONE',  ( 25.27583313719298275, 28.76864283570678182, -0.4756674836499146242 ) ) ;
#576 = CARTESIAN_POINT ( 'NONE',  ( -32.26477192889025503, 16.15423228601718719, -17.23684125053322447 ) ) ;
#577 = CARTESIAN_POINT ( 'NONE',  ( 18.14615098546399707, 31.46213273409976452, 0.4311435049170166400 ) ) ;
#578 = FACE_OUTER_BOUND ( 'NONE', #1386, .T. ) ;
#579 = DIRECTION ( 'NONE',  ( 0.000000000000000000, -0.000000000000000000, 1.000000000000000000 ) ) ;
#580 = VECTOR ( 'NONE', #3219, 1000.000000000000000 ) ;
#581 = CARTESIAN_POINT ( 'NONE',  ( -32.28584646523886192, -17.67584842889580088, -0.4720842562732697756 ) ) ;
#582 = EDGE_CURVE ( 'NONE', #3831, #1170, #1087, .T. ) ;
#583 = CARTESIAN_POINT ( 'NONE',  ( -14.14977478892031648, -31.75000000000081357, 4.830746283732692881 ) ) ;
#584 = CARTESIAN_POINT ( 'NONE',  ( 22.21770130446159541, 25.59995090443605292, 5.967856124429514963 ) ) ;
#585 = CARTESIAN_POINT ( 'NONE',  ( -15.89061789302979832, 28.36588360904583084, 6.469959042636141966 ) ) ;
#586 = CARTESIAN_POINT ( 'NONE',  ( 20.42252603499170505, -22.34646890616154380, 14.44686491759680713 ) ) ;
#587 = CARTESIAN_POINT ( 'NONE',  ( -8.967818026455521618, 25.42084675358312751, -19.82473909342766305 ) ) ;
#588 = ORIENTED_EDGE ( 'NONE', *, *, #5721, .T. ) ;
#589 = CARTESIAN_POINT ( 'NONE',  ( -14.15586244185766773, 28.43697958432932182, 9.584428479054199812 ) ) ;
#590 = EDGE_CURVE ( 'NONE', #5064, #5597, #3626, .T. ) ;
#591 = CARTESIAN_POINT ( 'NONE',  ( 4.670528328092927950, -31.41889033679995435, 7.983262178719347624 ) ) ;
#592 = B_SPLINE_CURVE_WITH_KNOTS ( 'NONE', 3,
 ( #281, #3324, #4907, #1366, #3423, #2923 ),
 .UNSPECIFIED., .F., .F.,
 ( 4, 2, 4 ),
 ( 0.000000000000000000, 0.006226941612531938959, 0.01245388322506387792 ),
 .UNSPECIFIED. ) ;
#593 = CARTESIAN_POINT ( 'NONE',  ( 18.82722722132324122, 27.38681019653559190, 6.231461945416127968 ) ) ;
#594 = EDGE_LOOP ( 'NONE', ( #3978, #4925, #1861 ) ) ;
#595 = CARTESIAN_POINT ( 'NONE',  ( 24.54294622224662703, -29.20105255134805589, -0.4107010894896719888 ) ) ;
#596 = DIRECTION ( 'NONE',  ( -0.000000000000000000, -1.000000000000000000, 0.000000000000000000 ) ) ;
#597 = CARTESIAN_POINT ( 'NONE',  ( 13.51812925083594941, 30.47055398239675128, 6.851929084399032810 ) ) ;
#598 = CARTESIAN_POINT ( 'NONE',  ( -34.24599329390575519, -16.25900910473770367, -0.3074173290029701966 ) ) ;
#599 = CARTESIAN_POINT ( 'NONE',  ( 20.42543332980653048, 26.84980407998981988, 5.942699155399730593 ) ) ;
#600 = ORIENTED_EDGE ( 'NONE', *, *, #5551, .F. ) ;
#601 = DIRECTION ( 'NONE',  ( 1.000000000000000000, -0.000000000000000000, 0.000000000000000000 ) ) ;
#602 = AXIS2_PLACEMENT_3D ( 'NONE', #3253, #2740, #4828 ) ;
#603 = CARTESIAN_POINT ( 'NONE',  ( 31.74933218344346031, 1.542704789405736410, 12.14228918907092414 ) ) ;
#604 = DIRECTION ( 'NONE',  ( 0.000000000000000000, 0.000000000000000000, 1.000000000000000000 ) ) ;
#605 = CARTESIAN_POINT ( 'NONE',  ( -31.68824464569878430, -6.981000179366808389, 6.144333491812520087 ) ) ;
#606 = CARTESIAN_POINT ( 'NONE',  ( -3.495256016952978456E-15, 1.244817518749737470E-11, -53.00137102640701414 ) ) ;
#607 = CARTESIAN_POINT ( 'NONE',  ( 22.39698982005748462, -22.53760546544647880, 14.50915833703035318 ) ) ;
#608 = VERTEX_POINT ( 'NONE', #3426 ) ;
#609 = AXIS2_PLACEMENT_3D ( 'NONE', #5561, #849, #1813 ) ;
#610 = CARTESIAN_POINT ( 'NONE',  ( 34.75000000000001421, -6.413756703894887501, 1.260734812504461289 ) ) ;
#611 = LINE ( 'NONE', #1157, #3335 ) ;
#612 = CARTESIAN_POINT ( 'NONE',  ( -27.44251245367124881, 20.92989967412940189, -19.11837301736825268 ) ) ;
#613 = CARTESIAN_POINT ( 'NONE',  ( 22.82834662759301025, 26.42622922399018037, 7.060978521255504070 ) ) ;
#614 = CARTESIAN_POINT ( 'NONE',  ( 27.15306767900935014, -18.94547251883863836, -18.08889864499506217 ) ) ;
#615 = EDGE_CURVE ( 'NONE', #5400, #90, #3539, .T. ) ;
#616 = CARTESIAN_POINT ( 'NONE',  ( 12.82789569206553182, -31.75000000000000711, 4.746716091809513038 ) ) ;
#617 = CARTESIAN_POINT ( 'NONE',  ( -28.42168120116530972, -19.14892755650141964, 5.814206757974498707 ) ) ;
#618 = CARTESIAN_POINT ( 'NONE',  ( 11.50000000000001066, 3.122849337825749828E-15, -124.8941410357253972 ) ) ;
#619 = CARTESIAN_POINT ( 'NONE',  ( 23.80855089119177492, 27.89218136192902975, -0.4107087443190473586 ) ) ;
#620 = CARTESIAN_POINT ( 'NONE',  ( -15.70965030071293178, 23.61995067853301933, -18.49990778965045379 ) ) ;
#621 = FACE_OUTER_BOUND ( 'NONE', #6331, .T. ) ;
#622 = CARTESIAN_POINT ( 'NONE',  ( -31.75000000000000000, 2.031979488074577363E-11, 12.14142842854283444 ) ) ;
#623 = ORIENTED_EDGE ( 'NONE', *, *, #5518, .F. ) ;
#624 = CARTESIAN_POINT ( 'NONE',  ( -13.02129084310375795, 31.75000000000000000, 1.863816414613251427 ) ) ;
#625 = CARTESIAN_POINT ( 'NONE',  ( -3.307201090652064516E-15, -30.25000000000000000, 4.999999999999999112 ) ) ;
#626 = FACE_OUTER_BOUND ( 'NONE', #252, .T. ) ;
#627 = VERTEX_POINT ( 'NONE', #3987 ) ;
#628 = CARTESIAN_POINT ( 'NONE',  ( 23.92670879576708032, -25.63067696173470367, 7.013871358415004309 ) ) ;
#629 = CARTESIAN_POINT ( 'NONE',  ( 14.73796611989595640, -23.74687848400439805, -18.49999944054997059 ) ) ;
#630 = CARTESIAN_POINT ( 'NONE',  ( 13.16423905203618361, 28.91216845460525775, 9.394240198065423542 ) ) ;
#631 = CARTESIAN_POINT ( 'NONE',  ( 18.15004985186317299, 24.22819888508980668, 9.316587361906996989 ) ) ;
#632 = ORIENTED_EDGE ( 'NONE', *, *, #2398, .T. ) ;
#633 = CARTESIAN_POINT ( 'NONE',  ( -33.13595108001702272, 4.599997885211196014, 6.888162859956256767 ) ) ;
#634 = CARTESIAN_POINT ( 'NONE',  ( 30.88855136470648688, -7.497141857827855915, 13.12431025483951785 ) ) ;
#635 = CARTESIAN_POINT ( 'NONE',  ( -24.74999999999999289, -11.74999999999982414, 0.2546058388727735489 ) ) ;
#636 = CARTESIAN_POINT ( 'NONE',  ( 14.32267036027788265, 31.75000000000000000, 1.313456140205258471 ) ) ;
#637 = EDGE_CURVE ( 'NONE', #5320, #6670, #4446, .T. ) ;
#638 = CARTESIAN_POINT ( 'NONE',  ( -6.123929759895780569E-15, 11.98252934820817295, -44.32053756618108054 ) ) ;
#639 = ORIENTED_EDGE ( 'NONE', *, *, #6464, .T. ) ;
#640 = CARTESIAN_POINT ( 'NONE',  ( 30.29479540262612858, -9.521594562854689414, 13.61388660908123605 ) ) ;
#641 = ORIENTED_EDGE ( 'NONE', *, *, #5551, .T. ) ;
#642 = PLANE ( 'NONE',  #2251 ) ;
#643 = DIRECTION ( 'NONE',  ( -0.9061595253463935462, 0.000000000000000000, 0.4229360644636481759 ) ) ;
#644 = EDGE_CURVE ( 'NONE', #3536, #1037, #4539, .T. ) ;
#645 = CARTESIAN_POINT ( 'NONE',  ( -3.181156787634626600E-15, 22.02740699009505221, -18.50000000000000000 ) ) ;
#646 = DIRECTION ( 'NONE',  ( -0.2771544855772439253, 0.9449777077964655048, -0.1737887306247200558 ) ) ;
#647 = CARTESIAN_POINT ( 'NONE',  ( 24.76245813936299456, -20.51594711905511659, -18.38263529642087235 ) ) ;
#648 = CARTESIAN_POINT ( 'NONE',  ( 10.65072406147510797, -31.74999999998914646, 4.787518440676099551 ) ) ;
#649 = CARTESIAN_POINT ( 'NONE',  ( -26.42071073596365594, -21.93039574182926188, 5.782144936137753710 ) ) ;
#650 = CARTESIAN_POINT ( 'NONE',  ( -34.75000000000000711, -8.476652026478936008, -12.47050447195617728 ) ) ;
#651 = CARTESIAN_POINT ( 'NONE',  ( 31.25779178040861339, -10.50889969320579098, 6.179195852882642725 ) ) ;
#652 = CARTESIAN_POINT ( 'NONE',  ( 10.57139879942101501, -30.24999999999275957, 4.471547869136274223 ) ) ;
#653 = CARTESIAN_POINT ( 'NONE',  ( -16.89350135781282347, 31.63723197128393139, 0.6592236016244154007 ) ) ;
#654 = ORIENTED_EDGE ( 'NONE', *, *, #1557, .F. ) ;
#655 = CARTESIAN_POINT ( 'NONE',  ( -21.51112944351661582, 23.38463555493466828, 14.45256509299717074 ) ) ;
#656 = DIRECTION ( 'NONE',  ( -1.000000000000000000, 0.000000000000000000, 0.000000000000000000 ) ) ;
#657 = ADVANCED_FACE ( 'NONE', ( #5592 ), #2097, .F. ) ;
#658 = CARTESIAN_POINT ( 'NONE',  ( -33.25000000000000711, 4.905820154705723191, -10.72407365227165421 ) ) ;
#659 = ORIENTED_EDGE ( 'NONE', *, *, #1890, .F. ) ;
#660 = CARTESIAN_POINT ( 'NONE',  ( 34.75000000000000711, -11.75000000000000000, -12.00000000000000000 ) ) ;
#661 = CARTESIAN_POINT ( 'NONE',  ( 34.75000000000000711, -1.662676546101684744E-14, -9.261760844064832909 ) ) ;
#662 = CARTESIAN_POINT ( 'NONE',  ( 12.66710887700003241, 29.13482135650501448, 9.278134507673987841 ) ) ;
#663 = CARTESIAN_POINT ( 'NONE',  ( -31.78476559690709990, 13.38749959060416117, 7.188719163991668992 ) ) ;
#664 = B_SPLINE_CURVE_WITH_KNOTS ( 'NONE', 3,
 ( #3871, #3355, #1184, #4862, #802, #167, #3415, #2913, #5453, #4416, #6505, #740 ),
 .UNSPECIFIED., .F., .F.,
 ( 4, 2, 2, 2, 2, 4 ),
 ( 0.007583111062876436714, 0.009305919406622391310, 0.01102872775036834591, 0.01447434443786025510, 0.01791996112535216429, 0.02136557781284407348 ),
 .UNSPECIFIED. ) ;
#665 = ORIENTED_EDGE ( 'NONE', *, *, #6033, .T. ) ;
#666 = CARTESIAN_POINT ( 'NONE',  ( -31.74921429305845777, -1.678888026336309514, 9.283131629175422006 ) ) ;
#667 = CARTESIAN_POINT ( 'NONE',  ( 31.58855339796248884, -3.313833498317946713, 9.356215466410938930 ) ) ;
#668 = FACE_OUTER_BOUND ( 'NONE', #6257, .T. ) ;
#669 = CARTESIAN_POINT ( 'NONE',  ( 31.72178106942150677, -1.540546112155938729, 12.17831378154122746 ) ) ;
#670 = CARTESIAN_POINT ( 'NONE',  ( -0.4687989995337314975, 31.74740284154731285, 5.301697096422315347 ) ) ;
#671 = CARTESIAN_POINT ( 'NONE',  ( 15.81909919015587995, -25.81069692325266018, 13.75437665655491415 ) ) ;
#672 = ORIENTED_EDGE ( 'NONE', *, *, #2426, .T. ) ;
#673 = CARTESIAN_POINT ( 'NONE',  ( -33.47974390770380637, 18.79455070927063431, -0.5185268142150063486 ) ) ;
#674 = EDGE_CURVE ( 'NONE', #2302, #2659, #179, .T. ) ;
#675 = CARTESIAN_POINT ( 'NONE',  ( 30.46665454190762645, 8.935628742514968081, 13.47218163977897909 ) ) ;
#676 = B_SPLINE_CURVE_WITH_KNOTS ( 'NONE', 3,
 ( #5977, #787, #5503, #2335, #3373, #1275, #861, #5470, #6555, #2370, #1889, #4370, #756, #3338, #2897, #2861, #1853, #2303, #3472, #4402, #6039, #3856, #4950, #2829, #6488, #2272, #4916, #6524, #5537, #1823, #3928, #6010, #826, #1441 ),
 .UNSPECIFIED., .F., .F.,
 ( 4, 2, 2, 2, 2, 2, 2, 2, 2, 2, 2, 2, 2, 2, 2, 2, 4 ),
 ( 0.06603768936620653396, 0.06676022201087927765, 0.06748275465555202135, 0.06892781994489750874, 0.07037288523424301001, 0.07181795052358849740, 0.07326301581293398479, 0.07470808110227947219, 0.07759821168097046085, 0.08048834225966144951, 0.08337847283835243817, 0.08915873399573442937, 0.09493899515311640669, 0.1007192563104983840, 0.1064995174678803613, 0.1093896480465713500, 0.1122797786252623387 ),
 .UNSPECIFIED. ) ;
#677 = FACE_OUTER_BOUND ( 'NONE', #6193, .T. ) ;
#678 = CARTESIAN_POINT ( 'NONE',  ( -13.37475027976009656, -29.21738607367433005, 6.035963375124485886 ) ) ;
#679 = CARTESIAN_POINT ( 'NONE',  ( -12.12402541061334382, 31.75000000000000000, 2.154191468302089074 ) ) ;
#680 = CARTESIAN_POINT ( 'NONE',  ( -29.38083845619732415, 23.08913016286614450, -0.7196660534928347452 ) ) ;
#681 = CARTESIAN_POINT ( 'NONE',  ( -17.60223081634368469, -27.83098887862329818, 6.339935232786768182 ) ) ;
#682 = CARTESIAN_POINT ( 'NONE',  ( 21.12182407070991275, 26.27826067280171785, 6.045207903863485832 ) ) ;
#683 = CARTESIAN_POINT ( 'NONE',  ( -14.74999999999998579, 23.74530653910392530, -18.49999830549399604 ) ) ;
#684 = ORIENTED_EDGE ( 'NONE', *, *, #5302, .T. ) ;
#685 = CARTESIAN_POINT ( 'NONE',  ( 17.73017633502515267, 30.01830798038977122, 0.4592307411191055011 ) ) ;
#686 = B_SPLINE_CURVE_WITH_KNOTS ( 'NONE', 3,
 ( #4227, #5807, #3196, #4844, #5775, #4742, #2233, #622 ),
 .UNSPECIFIED., .F., .F.,
 ( 4, 2, 2, 4 ),
 ( 0.000000000000000000, 0.004566745042806414322, 0.006850117564209622784, 0.009133490085612830378 ),
 .UNSPECIFIED. ) ;
#687 = CIRCLE ( 'NONE', #366, 23.99999999999999289 ) ;
#688 = CARTESIAN_POINT ( 'NONE',  ( 33.25000000000004263, -12.81673320018149909, 3.729800163470919472 ) ) ;
#689 = ORIENTED_EDGE ( 'NONE', *, *, #5817, .F. ) ;
#690 = CARTESIAN_POINT ( 'NONE',  ( -33.24999999999999289, -7.096594077037920556, -12.00000000000000000 ) ) ;
#691 = CARTESIAN_POINT ( 'NONE',  ( 22.60048543840249380, 25.36185570490902919, 5.940940352818847359 ) ) ;
#692 = ORIENTED_EDGE ( 'NONE', *, *, #5620, .T. ) ;
#693 = CARTESIAN_POINT ( 'NONE',  ( -25.05270013981846589, -16.99465834495520156, 14.54994354030418613 ) ) ;
#694 = CARTESIAN_POINT ( 'NONE',  ( -4.430371728346873539, -30.16185251777644893, 5.487792982381340501 ) ) ;
#695 = COORDINATED_UNIVERSAL_TIME_OFFSET ( 1, 0, .AHEAD. ) ;
#696 = CARTESIAN_POINT ( 'NONE',  ( -6.912824193641142756, -23.75000000000001066, -18.50000000000000000 ) ) ;
#697 = VERTEX_POINT ( 'NONE', #5044 ) ;
#698 = CARTESIAN_POINT ( 'NONE',  ( 34.75000000000000000, -6.408618579388056347, 1.261388080703149672 ) ) ;
#699 = B_SPLINE_CURVE_WITH_KNOTS ( 'NONE', 3,
 ( #1480, #994, #6212, #2507, #962, #1541, #4159, #1575 ),
 .UNSPECIFIED., .F., .F.,
 ( 4, 2, 2, 4 ),
 ( 0.000000000000000000, 0.003346783985934053025, 0.006693567971868106051, 0.01338713594373621210 ),
 .UNSPECIFIED. ) ;
#700 = AXIS2_PLACEMENT_3D ( 'NONE', #917, #2499, #6680 ) ;
#701 = CARTESIAN_POINT ( 'NONE',  ( -30.74727117704319923, -8.089297943159877491, 9.657653643784476216 ) ) ;
#702 = CARTESIAN_POINT ( 'NONE',  ( 62.50000000000000000, 0.000000000000000000, -214.9999999999998863 ) ) ;
#703 = CARTESIAN_POINT ( 'NONE',  ( -12.76976164597204999, 27.42843076290717619, 12.81119475558855214 ) ) ;
#704 = CARTESIAN_POINT ( 'NONE',  ( 31.52905110804393018, -3.813877340606777633, 12.41744436013171793 ) ) ;
#705 = CARTESIAN_POINT ( 'NONE',  ( 26.75000000000001066, 11.75000000000000000, -12.00000000000000000 ) ) ;
#706 = CARTESIAN_POINT ( 'NONE',  ( 11.20435647053632700, -28.10392459665122189, 12.11489011440133012 ) ) ;
#707 = EDGE_CURVE ( 'NONE', #2837, #5003, #6737, .T. ) ;
#708 = ORIENTED_EDGE ( 'NONE', *, *, #6072, .F. ) ;
#709 = ORIENTED_EDGE ( 'NONE', *, *, #4034, .F. ) ;
#710 = CARTESIAN_POINT ( 'NONE',  ( -33.25000000000007105, -7.870467577398220449, -12.53515679499016144 ) ) ;
#711 = TOROIDAL_SURFACE ( 'NONE', #5323, 229.2911684466444058, 23.99999999999999289 ) ;
#712 = CARTESIAN_POINT ( 'NONE',  ( 31.92026594907997605, -3.468158098792575750, 6.099552709741019818 ) ) ;
#713 = CARTESIAN_POINT ( 'NONE',  ( -34.48677054903037487, 15.33959023390708687, 4.194156472208296016 ) ) ;
#714 = CARTESIAN_POINT ( 'NONE',  ( 33.70203560057332481, -18.17303611197448276, -0.4733635947578774816 ) ) ;
#715 = CARTESIAN_POINT ( 'NONE',  ( -33.24999999999999289, -11.75000000000000000, -12.00000000000000000 ) ) ;
#716 = CARTESIAN_POINT ( 'NONE',  ( -13.89291220237358360, -30.25000000000000000, 1.506774838207427081 ) ) ;
#717 = AXIS2_PLACEMENT_3D ( 'NONE', #1314, #920, #4119 ) ;
#718 = CARTESIAN_POINT ( 'NONE',  ( 32.37995876191916977, 12.15059107237444813, -15.26060104494388092 ) ) ;
#719 =( BOUNDED_SURFACE ( )  B_SPLINE_SURFACE ( 3, 2, ( 
 ( #2131, #5708, #4230 ),
 ( #4266, #6358, #487 ),
 ( #1000, #3101, #2586 ),
 ( #4683, #589, #5231 ),
 ( #2619, #521, #4163 ),
 ( #6249, #2095, #4194 ),
 ( #6285, #3679, #5777 ),
 ( #3167, #5264, #555 ),
 ( #1787, #1274, #2271 ),
 ( #5469, #4334, #2236 ),
 ( #3927, #3788, #1236 ),
 ( #655, #2758, #6158 ),
 ( #6741, #2008, #1461 ),
 ( #4663, #6197, #1496 ),
 ( #5141, #1399, #881 ),
 ( #4594, #5689, #5719 ),
 ( #2042, #1011, #4078 ),
 ( #4628, #3552, #1527 ),
 ( #5617, #373, #3487 ),
 ( #436, #465, #4142 ),
 ( #3114, #949, #3018 ),
 ( #979, #3618, #2985 ),
 ( #2461, #2525, #6675 ),
 ( #1430, #5210, #3517 ) ),
 .UNSPECIFIED., .F., .F., .F. ) 
 B_SPLINE_SURFACE_WITH_KNOTS ( ( 4, 2, 2, 2, 2, 2, 2, 2, 2, 2, 2, 4 ),
 ( 3, 3 ),
 ( 0.01038269182054149531, 0.01284103905978008220, 0.01529938629901866735, 0.02021608077749583940, 0.02267442801673442282, 0.02513277525597300971, 0.03004946973445018349, 0.03496616421292735033, 0.03988285869140452411, 0.04479955316988169789, 0.04725790040912028478, 0.04971624764835887167 ),
 ( 0.000000000000000000, 0.6833664064755238243 ),
 .UNSPECIFIED. ) 
 GEOMETRIC_REPRESENTATION_ITEM ( )  RATIONAL_B_SPLINE_SURFACE ( (
 ( 1.000000000000000000, 0.9436273572774951379, 0.9643010551166038002),
 ( 1.000000000000000000, 0.9393091411084851794, 0.9615664705101856224),
 ( 1.000000000000000000, 0.9349467126694609442, 0.9588038877239022373),
 ( 1.000000000000000000, 0.9264186291711895560, 0.9534033322760333551),
 ( 1.000000000000000000, 0.9222340955210501789, 0.9507534044222978320),
 ( 1.000000000000000000, 0.9100225718518508700, 0.9430202471787223484),
 ( 1.000000000000000000, 0.9023307880602490227, 0.9381492928936259190),
 ( 1.000000000000000000, 0.8919734386873910958, 0.9315903233909930137),
 ( 1.000000000000000000, 0.8887120211752175258, 0.9295249746972666927),
 ( 1.000000000000000000, 0.8827596721434889382, 0.9257555473696101878),
 ( 1.000000000000000000, 0.8800594159719545839, 0.9240455637395512678),
 ( 1.000000000000000000, 0.8728924567442033489, 0.9195069636296986371),
 ( 1.000000000000000000, 0.8693662210570628490, 0.9172739142752315278),
 ( 1.000000000000000000, 0.8652977810930073677, 0.9146975047435166317),
 ( 1.000000000000000000, 0.8647612705101901387, 0.9143577501959139209),
 ( 1.000000000000000000, 0.8668811811908663234, 0.9157002200694606131),
 ( 1.000000000000000000, 0.8695115563125062064, 0.9173659503236251123),
 ( 1.000000000000000000, 0.8774107408721774082, 0.9223682447097087955),
 ( 1.000000000000000000, 0.8826721165221951271, 0.9257001012676033813),
 ( 1.000000000000000000, 0.8920606373878462447, 0.9316455434667445523),
 ( 1.000000000000000000, 0.8954393273580132373, 0.9337851569600625901),
 ( 1.000000000000000000, 0.9026209716341230260, 0.9383330566291809838),
 ( 1.000000000000000000, 0.9064358468475722796, 0.9407488919245448056),
 ( 1.000000000000000000, 0.9103708676105940478, 0.9432408114541226407) ) ) 
 REPRESENTATION_ITEM ( '' )  SURFACE ( )  );
#720 = CARTESIAN_POINT ( 'NONE',  ( -14.74999999999999645, -23.75000000000000000, -12.00000000000000000 ) ) ;
#721 = AXIS2_PLACEMENT_3D ( 'NONE', #3910, #1324, #4487 ) ;
#722 = FACE_OUTER_BOUND ( 'NONE', #5716, .T. ) ;
#723 = EDGE_LOOP ( 'NONE', ( #5057, #1346, #3961, #1072 ) ) ;
#724 = EDGE_CURVE ( 'NONE', #5741, #5723, #5441, .T. ) ;
#725 = CARTESIAN_POINT ( 'NONE',  ( 30.66961281099132464, -21.24448239207947609, 3.252204315343006691 ) ) ;
#726 = ORIENTED_EDGE ( 'NONE', *, *, #111, .T. ) ;
#727 = CARTESIAN_POINT ( 'NONE',  ( -4.055553041119612345, 30.25000000000000000, 4.111718540497383501 ) ) ;
#728 = CARTESIAN_POINT ( 'NONE',  ( 15.06948143519972483, 29.91734894543577639, 7.258925528154218654 ) ) ;
#729 = DIRECTION ( 'NONE',  ( -0.9650638603872344623, 3.034303317825564270E-18, -0.2620147808320905658 ) ) ;
#730 = VERTEX_POINT ( 'NONE', #6343 ) ;
#731 = CARTESIAN_POINT ( 'NONE',  ( 0.000000000000000000, -30.25000000000000000, 5.000000000000000000 ) ) ;
#732 = CARTESIAN_POINT ( 'NONE',  ( -18.02508319185007934, -27.69678155578031564, 6.300861060107490808 ) ) ;
#733 = ORIENTED_EDGE ( 'NONE', *, *, #5745, .T. ) ;
#734 = FACE_OUTER_BOUND ( 'NONE', #1108, .T. ) ;
#735 = CARTESIAN_POINT ( 'NONE',  ( -33.26054142227622634, -1.867869238337283244, 6.856123962612411304 ) ) ;
#736 = EDGE_CURVE ( 'NONE', #697, #4419, #2183, .T. ) ;
#737 = CARTESIAN_POINT ( 'NONE',  ( 32.75881967160920283, 10.97800820321178605, -14.53645376563582836 ) ) ;
#738 = CARTESIAN_POINT ( 'NONE',  ( -32.63436183138445301, 16.52201903080341694, -0.3681949302677313685 ) ) ;
#739 = CARTESIAN_POINT ( 'NONE',  ( 24.75000000000000711, -9.591564683836152128, 0.7887280973505833570 ) ) ;
#740 = CARTESIAN_POINT ( 'NONE',  ( 1.100908770256612934, -23.75000000000001066, -20.00000000000000000 ) ) ;
#741 = CARTESIAN_POINT ( 'NONE',  ( 18.13062653093201249, -24.22482963968243297, 9.310299340905949350 ) ) ;
#742 = ORIENTED_EDGE ( 'NONE', *, *, #3158, .F. ) ;
#743 = CARTESIAN_POINT ( 'NONE',  ( 14.13718949577929962, -30.20434608298180024, 7.157098963663323765 ) ) ;
#744 = CARTESIAN_POINT ( 'NONE',  ( -14.75714266481156045, 28.69375586651702648, 6.448662722503161859 ) ) ;
#745 = CARTESIAN_POINT ( 'NONE',  ( -34.24891568931939645, 16.24644935505195065, -0.3062004874969815327 ) ) ;
#746 = DIRECTION ( 'NONE',  ( 0.000000000000000000, 0.000000000000000000, 1.000000000000000000 ) ) ;
#747 = CARTESIAN_POINT ( 'NONE',  ( 19.44771759928632449, -22.75658931717730837, -18.50133580099909381 ) ) ;
#748 = CARTESIAN_POINT ( 'NONE',  ( -26.83133120455198295, 25.81562638452895087, -0.6543908444020329895 ) ) ;
#749 = CARTESIAN_POINT ( 'NONE',  ( 18.82722422002524354, -27.38681135639864905, 6.231462207253028573 ) ) ;
#750 = EDGE_CURVE ( 'NONE', #3489, #5881, #2405, .T. ) ;
#751 = FACE_OUTER_BOUND ( 'NONE', #170, .T. ) ;
#752 = CARTESIAN_POINT ( 'NONE',  ( 11.21706586826352847, 29.70252402249744250, 11.82629151725430994 ) ) ;
#753 = ORIENTED_EDGE ( 'NONE', *, *, #5778, .T. ) ;
#754 = DIRECTION ( 'NONE',  ( -0.4229360644637016886, 0.000000000000000000, 0.9061595253463684552 ) ) ;
#755 = ORIENTED_EDGE ( 'NONE', *, *, #2479, .F. ) ;
#756 = CARTESIAN_POINT ( 'NONE',  ( -5.832791579661164101E-15, 6.310552906756633718, -55.05400808661154599 ) ) ;
#757 = CARTESIAN_POINT ( 'NONE',  ( 34.75000000000000711, 11.04036685313870692, 0.4724322874106831049 ) ) ;
#758 = CARTESIAN_POINT ( 'NONE',  ( -14.74999999999999467, 31.75000000000000000, -12.00000000000000000 ) ) ;
#759 = ORIENTED_EDGE ( 'NONE', *, *, #3973, .T. ) ;
#760 = CARTESIAN_POINT ( 'NONE',  ( 14.75000000000000888, 30.25000000000000000, 1.114006583038570364 ) ) ;
#761 = CALENDAR_DATE ( 2026, 16, 9 ) ;
#762 = CARTESIAN_POINT ( 'NONE',  ( -25.26011200393070411, -23.18941955305146863, 5.805629840171288691 ) ) ;
#763 = ORIENTED_EDGE ( 'NONE', *, *, #5428, .F. ) ;
#764 = CARTESIAN_POINT ( 'NONE',  ( -13.37475034312073063, 29.21738612747121522, 6.035963268651725500 ) ) ;
#765 = CARTESIAN_POINT ( 'NONE',  ( -29.25507592313105576, -19.63296722142172612, 6.954604991356046817 ) ) ;
#766 = CARTESIAN_POINT ( 'NONE',  ( -3.495256016952978456E-15, 1.244817518749737470E-11, -53.00137102640701414 ) ) ;
#767 = PLANE ( 'NONE',  #6410 ) ;
#768 = PLANE ( 'NONE',  #602 ) ;
#769 = FACE_OUTER_BOUND ( 'NONE', #4127, .T. ) ;
#770 = CARTESIAN_POINT ( 'NONE',  ( 14.09316201183964878, -26.78648477923415783, 9.161634923927692853 ) ) ;
#771 = EDGE_LOOP ( 'NONE', ( #6593, #4891 ) ) ;
#772 = EDGE_LOOP ( 'NONE', ( #4388, #300, #4831, #152, #5589, #2828 ) ) ;
#773 = CARTESIAN_POINT ( 'NONE',  ( -21.14142385594103146, 30.74613467727611393, -0.03254042486495471731 ) ) ;
#774 = CARTESIAN_POINT ( 'NONE',  ( -30.86646985262533249, -13.30246647761427070, 5.969471382528217518 ) ) ;
#775 = DIRECTION ( 'NONE',  ( -1.000000000000000000, 6.123233995736766036E-17, 0.000000000000000000 ) ) ;
#776 = CARTESIAN_POINT ( 'NONE',  ( -29.42817856709710966, 7.146598369160640729, 13.12523726644745636 ) ) ;
#777 = DIRECTION ( 'NONE',  ( -0.9595796706112637020, -0.2814371257485029920, 0.000000000000000000 ) ) ;
#778 = CARTESIAN_POINT ( 'NONE',  ( 33.25000000000000711, -6.030962335717845235, -11.30822946961188791 ) ) ;
#779 = CARTESIAN_POINT ( 'NONE',  ( -14.74999999999999645, -30.25000000000000000, 1.114006583038579912 ) ) ;
#780 = CARTESIAN_POINT ( 'NONE',  ( -17.99910232200815585, -27.69199820644605481, 6.304514205675352478 ) ) ;
#781 = CARTESIAN_POINT ( 'NONE',  ( 32.40622562401014051, 10.67078234191807873, 7.130454868564774173 ) ) ;
#782 = CARTESIAN_POINT ( 'NONE',  ( -30.46665454190762645, -8.935628742514962752, 13.47218163977896666 ) ) ;
#783 = EDGE_LOOP ( 'NONE', ( #4328, #4522, #2229 ) ) ;
#784 = CARTESIAN_POINT ( 'NONE',  ( 28.42659583555192881, -19.13985607443392922, 5.814546347499893741 ) ) ;
#785 = EDGE_CURVE ( 'NONE', #1219, #469, #1751, .T. ) ;
#786 = ORIENTED_EDGE ( 'NONE', *, *, #3158, .T. ) ;
#787 = CARTESIAN_POINT ( 'NONE',  ( 2.200249214202214111E-14, 0.2434416045417515384, -57.40379450918272397 ) ) ;
#788 = CARTESIAN_POINT ( 'NONE',  ( -3.557426589898013525, 30.05331643825493870, 7.391701612819806755 ) ) ;
#789 = CARTESIAN_POINT ( 'NONE',  ( -21.27373557371285173, 21.53773456647825668, 14.50534229849938939 ) ) ;
#790 = ORIENTED_EDGE ( 'NONE', *, *, #1502, .F. ) ;
#791 = CARTESIAN_POINT ( 'NONE',  ( -22.87641065056885026, -19.80116457747591951, 14.56604186840856130 ) ) ;
#792 = AXIS2_PLACEMENT_3D ( 'NONE', #3127, #4838, #579 ) ;
#793 = CARTESIAN_POINT ( 'NONE',  ( 9.513331823708556456, -23.99977009230393676, -18.49519937751777121 ) ) ;
#794 = PERSON_AND_ORGANIZATION_ROLE ( 'creator' ) ;
#795 = CARTESIAN_POINT ( 'NONE',  ( -29.58435122926400496, -16.82281232532440285, 5.914983586893389322 ) ) ;
#796 = ORIENTED_EDGE ( 'NONE', *, *, #3951, .F. ) ;
#797 = CARTESIAN_POINT ( 'NONE',  ( 33.25021100788639217, -1.756101966728366603, 6.873507008638788385 ) ) ;
#798 = APPROVAL_PERSON_ORGANIZATION ( #6016, #4684, #262 ) ;
#799 = CARTESIAN_POINT ( 'NONE',  ( -15.71047378170784015, -23.61984311000653136, -18.49990771197832373 ) ) ;
#800 = CARTESIAN_POINT ( 'NONE',  ( 1.046320216695472682E-14, -7.994987745634202447, -49.20440683774692303 ) ) ;
#801 = FACE_OUTER_BOUND ( 'NONE', #6426, .T. ) ;
#802 = CARTESIAN_POINT ( 'NONE',  ( 11.86370787880978206, -25.50319195169926445, -19.80553228069030425 ) ) ;
#803 = ORIENTED_EDGE ( 'NONE', *, *, #3597, .F. ) ;
#804 = FACE_OUTER_BOUND ( 'NONE', #2767, .T. ) ;
#805 = ADVANCED_FACE ( 'NONE', ( #4214 ), #2604, .F. ) ;
#806 = ORIENTED_EDGE ( 'NONE', *, *, #5460, .F. ) ;
#807 = CYLINDRICAL_SURFACE ( 'NONE', #4775, 8.000000000000000000 ) ;
#808 = CARTESIAN_POINT ( 'NONE',  ( -22.58737558494366127, -20.12940830821783322, 9.175310142589179208 ) ) ;
#809 = CARTESIAN_POINT ( 'NONE',  ( 33.25000000000000711, 3.231528390682397944, 1.534230525830189373 ) ) ;
#810 = CARTESIAN_POINT ( 'NONE',  ( 33.25000000000000711, 11.75000000000000178, 0.2546058388728121291 ) ) ;
#811 = CARTESIAN_POINT ( 'NONE',  ( 28.19758937680702005, -14.64511076685150925, 14.36916128311026064 ) ) ;
#812 = CARTESIAN_POINT ( 'NONE',  ( -12.57859486657657833, -30.25000000000000000, 2.017941623740517443 ) ) ;
#813 = CARTESIAN_POINT ( 'NONE',  ( 14.32286504219346313, -31.75000000000000000, 1.313365277743890891 ) ) ;
#814 = CARTESIAN_POINT ( 'NONE',  ( -29.02734931991616563, 18.00225251335698218, 5.859311040427777506 ) ) ;
#815 = AXIS2_PLACEMENT_3D ( 'NONE', #5315, #601, #2703 ) ;
#816 = CIRCLE ( 'NONE', #3448, 25.49999999999999645 ) ;
#817 = CARTESIAN_POINT ( 'NONE',  ( 29.02728503599072596, 8.513473053892212761, 13.47218163977897909 ) ) ;
#818 = DIRECTION ( 'NONE',  ( 0.000000000000000000, 0.000000000000000000, 1.000000000000000000 ) ) ;
#819 = CARTESIAN_POINT ( 'NONE',  ( -28.60517377162427977, -13.83008600043148206, 9.938562973920161525 ) ) ;
#820 = EDGE_LOOP ( 'NONE', ( #2366, #5826, #483 ) ) ;
#821 = EDGE_CURVE ( 'NONE', #4682, #3945, #3303, .T. ) ;
#822 = B_SPLINE_CURVE_WITH_KNOTS ( 'NONE', 3,
 ( #3714, #1134, #4298, #624, #1685, #4744 ),
 .UNSPECIFIED., .F., .F.,
 ( 4, 2, 4 ),
 ( 1.354439788542086256E-15, 0.001413215967196082990, 0.002826431934390811595 ),
 .UNSPECIFIED. ) ;
#823 = AXIS2_PLACEMENT_3D ( 'NONE', #4199, #4237, #6328 ) ;
#824 = CARTESIAN_POINT ( 'NONE',  ( 23.28467344308981879, -24.85740435885877631, 5.900185491243086666 ) ) ;
#825 = ORIENTED_EDGE ( 'NONE', *, *, #2096, .T. ) ;
#826 = CARTESIAN_POINT ( 'NONE',  ( -4.604952319562780539E-15, 23.14966044597378314, -20.94762291797850651 ) ) ;
#827 = AXIS2_PLACEMENT_3D ( 'NONE', #4019, #6099, #1401 ) ;
#828 = CARTESIAN_POINT ( 'NONE',  ( 13.89519065036479084, 31.75000000000000000, 1.505770537014916588 ) ) ;
#829 = CARTESIAN_POINT ( 'NONE',  ( -7.090119924189803413, -31.75000000000000000, 3.414310382336062766 ) ) ;
#830 = ORIENTED_EDGE ( 'NONE', *, *, #821, .T. ) ;
#831 = CARTESIAN_POINT ( 'NONE',  ( 11.04920925925411446, -29.48147306465790862, 6.110878481196873935 ) ) ;
#832 = COORDINATED_UNIVERSAL_TIME_OFFSET ( 1, 0, .AHEAD. ) ;
#833 = ORIENTED_EDGE ( 'NONE', *, *, #4927, .F. ) ;
#834 = CARTESIAN_POINT ( 'NONE',  ( 34.75000000000001421, 12.11502209031585053, 4.389510556515856088 ) ) ;
#835 = B_SPLINE_CURVE_WITH_KNOTS ( 'NONE', 3,
 ( #6743, #2563, #2528, #468, #5588, #4596, #4630, #3519, #4144, #4111 ),
 .UNSPECIFIED., .F., .F.,
 ( 4, 2, 2, 2, 4 ),
 ( 0.000000000000000000, 0.005279112363255435147, 0.01055822472651087029, 0.01583733708976630544, 0.02111644945302174059 ),
 .UNSPECIFIED. ) ;
#836 = CARTESIAN_POINT ( 'NONE',  ( -32.22578717894526790, -12.55019740730279842, -15.49093175102222020 ) ) ;
#837 = CARTESIAN_POINT ( 'NONE',  ( -1.097720221096317211E-14, -0.9035006624178069101, -52.96474186437693987 ) ) ;
#838 = CARTESIAN_POINT ( 'NONE',  ( -13.33027253173123583, 29.17991732052058040, 6.110980766519943153 ) ) ;
#839 = CARTESIAN_POINT ( 'NONE',  ( 30.99174143823577765, 12.74071422480261262, 5.995174663395289372 ) ) ;
#840 = VERTEX_POINT ( 'NONE', #2677 ) ;
#841 = CARTESIAN_POINT ( 'NONE',  ( -26.74999999999999645, -11.75000000000000000, -12.00000000000000000 ) ) ;
#842 = CARTESIAN_POINT ( 'NONE',  ( -31.72240114241675712, -1.524840771867389533, 12.17749972952721826 ) ) ;
#843 = B_SPLINE_CURVE_WITH_KNOTS ( 'NONE', 3,
 ( #233, #2808, #4413, #5989, #5483, #2347 ),
 .UNSPECIFIED., .F., .F.,
 ( 4, 2, 4 ),
 ( 0.000000000000000000, 0.003918588605841571114, 0.007837177211683142228 ),
 .UNSPECIFIED. ) ;
#844 = CARTESIAN_POINT ( 'NONE',  ( -7.090119924189806966, -30.25000000000000000, 3.414310382336061434 ) ) ;
#845 = EDGE_CURVE ( 'NONE', #4105, #258, #5359, .T. ) ;
#846 = CARTESIAN_POINT ( 'NONE',  ( -31.44266128850626529, -10.60597041864695100, 5.946198822176275378 ) ) ;
#847 = CARTESIAN_POINT ( 'NONE',  ( -34.74999999999999289, 11.74999999999998934, 0.2546058388727208133 ) ) ;
#848 = CARTESIAN_POINT ( 'NONE',  ( -15.11780457009547796, -30.25000000000000355, 4.301056762269983125 ) ) ;
#849 = DIRECTION ( 'NONE',  ( 0.000000000000000000, 0.000000000000000000, -1.000000000000000000 ) ) ;
#850 = B_SPLINE_CURVE_WITH_KNOTS ( 'NONE', 3,
 ( #4676, #4029, #1508, #3598, #5187, #479, #3633, #2964, #5052, #6115, #965, #1992, #2545, #4005, #5579, #870, #5061, #4653, #1004, #3721, #2035, #1039, #3106, #6764 ),
 .UNSPECIFIED., .F., .F.,
 ( 4, 2, 2, 2, 2, 2, 2, 2, 2, 2, 2, 4 ),
 ( 0.0008701777869523595870, 0.004146181062566425650, 0.004965181881469944714, 0.005784182700373462910, 0.007422184338180482822, 0.01069818761379453219, 0.01233618925160155817, 0.01397419088940858416, 0.01725019416502262398, 0.02052619744063665860, 0.02380220071625069669, 0.02707820399186473478 ),
 .UNSPECIFIED. ) ;
#851 = CARTESIAN_POINT ( 'NONE',  ( -22.71769502570824883, 28.45757890923657385, -0.2925685613477922997 ) ) ;
#852 = CARTESIAN_POINT ( 'NONE',  ( 13.98083294780308705, 30.25000000000000000, 4.384932269039435226 ) ) ;
#853 = EDGE_CURVE ( 'NONE', #1271, #123, #2700, .T. ) ;
#854 = CARTESIAN_POINT ( 'NONE',  ( -9.125221863121476318, 31.18429947236498023, 6.368623608028673999 ) ) ;
#855 = CARTESIAN_POINT ( 'NONE',  ( 7.859972962327215263E-16, 31.75000000000000000, 4.999999999999999112 ) ) ;
#856 = CARTESIAN_POINT ( 'NONE',  ( 34.45908589433261682, 15.34653311499141104, 4.196394020195897134 ) ) ;
#857 = CARTESIAN_POINT ( 'NONE',  ( -32.71053531540363224, 8.839614766271676416, 7.074691621882164050 ) ) ;
#858 = B_SPLINE_CURVE_WITH_KNOTS ( 'NONE', 3,
 ( #78, #1086, #4252, #4801, #4834, #6345, #35, #5286, #4316, #110, #575, #4216, #2679, #3701, #6375, #6411, #2185, #540, #6308, #1708, #3286, #2083, #1565, #4284, #1669, #3775, #3812, #1056 ),
 .UNSPECIFIED., .F., .F.,
 ( 4, 2, 2, 2, 2, 2, 2, 2, 2, 2, 2, 2, 2, 4 ),
 ( 7.817360815058285763E-17, 0.001981387398887928582, 0.003962774797775779102, 0.007925549595551469734, 0.009906936994439320687, 0.01188832439332716817, 0.01585109919110286314, 0.01783248658999071062, 0.01981387398887855811, 0.02377664878665423920, 0.02575803618554207627, 0.02773942358442991335, 0.02972081098331775043, 0.03170219838220558056 ),
 .UNSPECIFIED. ) ;
#859 = VERTEX_POINT ( 'NONE', #6474 ) ;
#860 = EDGE_CURVE ( 'NONE', #2428, #3433, #4697, .T. ) ;
#861 = CARTESIAN_POINT ( 'NONE',  ( 1.992384048639656843E-14, 2.422352190461552812, -57.06907423582057959 ) ) ;
#862 = CARTESIAN_POINT ( 'NONE',  ( -1.114024324304878855, 30.23029965299707911, 5.752134149069407343 ) ) ;
#863 = CARTESIAN_POINT ( 'NONE',  ( -32.40622562401012630, -10.67078234191807873, 7.130454868564768844 ) ) ;
#864 = CARTESIAN_POINT ( 'NONE',  ( 9.792859619121868420, 28.63697199501946500, 11.32731892981597888 ) ) ;
#865 = ORIENTED_EDGE ( 'NONE', *, *, #2752, .T. ) ;
#866 = CARTESIAN_POINT ( 'NONE',  ( -9.816188901570631842, 28.62816176402060719, 11.34033594081807550 ) ) ;
#867 = ADVANCED_FACE ( 'NONE', ( #4354 ), #642, .F. ) ;
#868 = CARTESIAN_POINT ( 'NONE',  ( -28.77776884813711433, -20.39580185728535611, 6.940069251297405373 ) ) ;
#869 = CARTESIAN_POINT ( 'NONE',  ( 33.47520029498429750, -18.78401613942051540, -0.5163011025442107993 ) ) ;
#870 = CARTESIAN_POINT ( 'NONE',  ( 26.09307859797495510, -21.81302193570643411, -19.37287345599657939 ) ) ;
#871 = DIRECTION ( 'NONE',  ( 0.000000000000000000, 0.000000000000000000, -1.000000000000000000 ) ) ;
#872 = CARTESIAN_POINT ( 'NONE',  ( -17.30965757603181387, 28.19862730757082403, 6.088607928041387396 ) ) ;
#873 = CARTESIAN_POINT ( 'NONE',  ( 26.12824797051840875, 22.38897413234435163, 5.720399779216837288 ) ) ;
#874 = ORIENTED_EDGE ( 'NONE', *, *, #1385, .T. ) ;
#875 = ADVANCED_FACE ( 'NONE', ( #3774 ), #1259, .F. ) ;
#876 =( BOUNDED_SURFACE ( )  B_SPLINE_SURFACE ( 3, 2, ( 
 ( #2946, #5555, #1943 ),
 ( #877, #336, #5067 ),
 ( #368, #1426, #4046 ),
 ( #6125, #3512, #5613 ),
 ( #6671, #4074, #5650 ),
 ( #3946, #5276, #530 ),
 ( #565, #3651, #1045 ),
 ( #976, #1525, #2140 ) ),
 .UNSPECIFIED., .F., .F., .F. ) 
 B_SPLINE_SURFACE_WITH_KNOTS ( ( 4, 2, 2, 4 ),
 ( 3, 3 ),
 ( 0.03332163778764039852, 0.03747841449120205282, 0.04163519119476370017, 0.04994874460188700183 ),
 ( 0.000000000000000000, 0.6925434643753229924 ),
 .UNSPECIFIED. ) 
 GEOMETRIC_REPRESENTATION_ITEM ( )  RATIONAL_B_SPLINE_SURFACE ( (
 ( 1.000000000000000000, 0.9428703182990973986, 0.9648702119657999177),
 ( 1.000000000000000000, 0.9523821870868265371, 0.9707191844153832960),
 ( 1.000000000000000000, 0.9607324631468949772, 0.9758538783132599814),
 ( 1.000000000000000000, 0.9751024544493096524, 0.9846901737988542624),
 ( 1.000000000000000000, 0.9810442262939719216, 0.9883438469725185360),
 ( 1.000000000000000000, 0.9952660518604141693, 0.9970890334103521546),
 ( 1.000000000000000000, 0.9999818985463962973, 0.9999888691795704165),
 ( 1.000000000000000000, 1.000000000000000000, 1.000000000000000000) ) ) 
 REPRESENTATION_ITEM ( '' )  SURFACE ( )  );
#877 = CARTESIAN_POINT ( 'NONE',  ( 9.816188901565013225, 28.62816176402272816, 11.34033594083163798 ) ) ;
#878 = CARTESIAN_POINT ( 'NONE',  ( -18.71090273480396249, -23.79752948229040399, 14.26524941772000155 ) ) ;
#879 = CARTESIAN_POINT ( 'NONE',  ( 4.132171842949916084E-16, -30.25000000000000000, 4.999999999999999112 ) ) ;
#880 = FACE_OUTER_BOUND ( 'NONE', #537, .T. ) ;
#881 = CARTESIAN_POINT ( 'NONE',  ( -27.70748194171584089, 22.06039872114093114, 6.860999884179760144 ) ) ;
#882 = CARTESIAN_POINT ( 'NONE',  ( -16.05875596938233940, -28.31510078476253511, 6.463479576030789708 ) ) ;
#883 = CYLINDRICAL_SURFACE ( 'NONE', #1381, 6.500000000000000888 ) ;
#884 = CARTESIAN_POINT ( 'NONE',  ( -18.79192658401113647, 27.38684195959651291, 6.235376224985742510 ) ) ;
#885 = EDGE_CURVE ( 'NONE', #3242, #4682, #4778, .T. ) ;
#886 = CARTESIAN_POINT ( 'NONE',  ( -13.44390573769060637, 23.91591719812928574, -18.50012149851943022 ) ) ;
#887 = DIRECTION ( 'NONE',  ( 5.551115123125782702E-17, 0.000000000000000000, -1.000000000000000000 ) ) ;
#888 = CARTESIAN_POINT ( 'NONE',  ( 11.37059955797126776, 30.87213445400882250, 6.617434039466541407 ) ) ;
#889 = CARTESIAN_POINT ( 'NONE',  ( 32.52830897582073533, 20.99945150643557312, 3.967667795243021711 ) ) ;
#890 = CARTESIAN_POINT ( 'NONE',  ( -33.18434092555887105, -3.538655601720181565, 6.905518514605433644 ) ) ;
#891 = ORIENTED_EDGE ( 'NONE', *, *, #4935, .F. ) ;
#892 = CARTESIAN_POINT ( 'NONE',  ( -1.289082704485159890E-14, -0.9653753138834443304, -57.36214090705534829 ) ) ;
#893 = CARTESIAN_POINT ( 'NONE',  ( -19.28850719574245076, -28.39068701451696342, 7.230073228299818133 ) ) ;
#894 = CARTESIAN_POINT ( 'NONE',  ( 32.62156558869263989, 16.61483683909129994, 3.446230064033461993 ) ) ;
#895 = CARTESIAN_POINT ( 'NONE',  ( 32.70177680896028249, -8.892318618265063535, 7.076296574934664463 ) ) ;
#896 = CARTESIAN_POINT ( 'NONE',  ( 12.14640203140063690, -29.31055107972509788, 6.195285930338830127 ) ) ;
#897 = CARTESIAN_POINT ( 'NONE',  ( -29.25080861748168815, 25.54056033441429108, -0.7044050498026014351 ) ) ;
#898 = ORIENTED_EDGE ( 'NONE', *, *, #3690, .T. ) ;
#899 = CARTESIAN_POINT ( 'NONE',  ( 32.28446640823844405, 11.26880972406618397, 7.175681401852474828 ) ) ;
#900 = CARTESIAN_POINT ( 'NONE',  ( -14.74999999999999645, 31.75000000000000000, -12.00000000000000000 ) ) ;
#901 = CARTESIAN_POINT ( 'NONE',  ( 31.94842622552981481, -22.03359252694478698, 3.946537294625894088 ) ) ;
#902 = CARTESIAN_POINT ( 'NONE',  ( 30.94140824347959651, 16.53519841200265716, 6.948125090890249211 ) ) ;
#903 = CARTESIAN_POINT ( 'NONE',  ( -19.41551052205318939, 23.20578364348164513, 9.276690571842689081 ) ) ;
#904 = EDGE_CURVE ( 'NONE', #3283, #123, #4455, .T. ) ;
#905 = CARTESIAN_POINT ( 'NONE',  ( 28.09870685223943454, 11.22981530022583030, 9.318669146812068149 ) ) ;
#906 = CIRCLE ( 'NONE', #1119, 203.7911684466444058 ) ;
#907 = VERTEX_POINT ( 'NONE', #3546 ) ;
#908 = CARTESIAN_POINT ( 'NONE',  ( -34.74999999999999289, -10.32424625193604761, 0.6640423588173889335 ) ) ;
#909 = CARTESIAN_POINT ( 'NONE',  ( -4.354383175947734053, -30.16549904154377160, 5.479572636982852352 ) ) ;
#910 = CARTESIAN_POINT ( 'NONE',  ( -37.00000000000000711, 0.000000000000000000, -214.9999999999998863 ) ) ;
#911 = CARTESIAN_POINT ( 'NONE',  ( 2.116243427720045922, 31.75000000001440981, 4.957967348301068000 ) ) ;
#912 = CARTESIAN_POINT ( 'NONE',  ( -33.24999999999999289, -11.95370481135762653, 3.800834545611421866 ) ) ;
#913 = DIRECTION ( 'NONE',  ( 0.2620147808320935634, 0.000000000000000000, 0.9650638603872335741 ) ) ;
#914 = AXIS2_PLACEMENT_3D ( 'NONE', #1533, #887, #2572 ) ;
#915 = CARTESIAN_POINT ( 'NONE',  ( -34.54958090637614276, 10.44019703690054968, -13.83830479547764725 ) ) ;
#916 = CARTESIAN_POINT ( 'NONE',  ( 13.24006461110276689, 29.10575112202168668, 6.264833989106774581 ) ) ;
#917 = CARTESIAN_POINT ( 'NONE',  ( 24.75000000000000711, -11.74999999999998579, 0.2546058388727134858 ) ) ;
#918 = CARTESIAN_POINT ( 'NONE',  ( -24.06315842492003654, -20.72222421624952915, 14.56705320438759976 ) ) ;
#919 = CARTESIAN_POINT ( 'NONE',  ( 34.08827469548673861, 16.89445561006659702, -0.3668841166807522702 ) ) ;
#920 = DIRECTION ( 'NONE',  ( 1.224646799147353454E-16, 0.000000000000000000, 1.000000000000000000 ) ) ;
#921 = CARTESIAN_POINT ( 'NONE',  ( 24.34827142974328140, -27.58730833666298210, 3.393225803224187764 ) ) ;
#922 = DIRECTION ( 'NONE',  ( 0.000000000000000000, -0.000000000000000000, 1.000000000000000000 ) ) ;
#923 = CARTESIAN_POINT ( 'NONE',  ( 22.87993349787146968, -28.37907169554438624, -0.3111162623796837057 ) ) ;
#924 = CARTESIAN_POINT ( 'NONE',  ( -18.14615098546454064, -31.46213273409965439, 0.4311435049175370571 ) ) ;
#925 = CARTESIAN_POINT ( 'NONE',  ( 31.20895040046608671, 20.27884440719040526, 3.277355240305198869 ) ) ;
#926 = B_SPLINE_CURVE_WITH_KNOTS ( 'NONE', 3,
 ( #4296, #1032, #2163, #1579, #6388, #1718 ),
 .UNSPECIFIED., .F., .F.,
 ( 4, 2, 4 ),
 ( 0.000000000000000000, 0.002212964716816159805, 0.004425929433632314405 ),
 .UNSPECIFIED. ) ;
#927 = AXIS2_PLACEMENT_3D ( 'NONE', #4972, #4870, #280 ) ;
#928 = CARTESIAN_POINT ( 'NONE',  ( -27.15306767900933949, 18.94547251883862060, -18.08889864499506928 ) ) ;
#929 = CARTESIAN_POINT ( 'NONE',  ( -14.74999999999999645, -30.25000000000000000, 1.114006583038579912 ) ) ;
#930 = ADVANCED_FACE ( 'NONE', ( #6055 ), #1839, .T. ) ;
#931 = CARTESIAN_POINT ( 'NONE',  ( -22.82830383883265668, 26.42625817622808526, 7.060980459832376432 ) ) ;
#932 = ORIENTED_EDGE ( 'NONE', *, *, #2273, .F. ) ;
#933 = CARTESIAN_POINT ( 'NONE',  ( -4.083624113228899510, 30.04298877365373954, 6.466708355735060643 ) ) ;
#934 = AXIS2_PLACEMENT_3D ( 'NONE', #292, #3895, #4882 ) ;
#935 = ADVANCED_FACE ( 'NONE', ( #5585 ), #807, .T. ) ;
#936 = CARTESIAN_POINT ( 'NONE',  ( -33.24999999999999289, -2.192263272545558195, -9.838461719680118733 ) ) ;
#937 = CARTESIAN_POINT ( 'NONE',  ( 30.56712265534726214, -24.00851909499198200, -0.7196660534923270403 ) ) ;
#938 =( BOUNDED_SURFACE ( )  B_SPLINE_SURFACE ( 3, 2, ( 
 ( #4905, #4495, #847 ),
 ( #6607, #1911, #1223 ),
 ( #3322, #713, #2819 ),
 ( #2851, #209, #745 ),
 ( #3604, #1446, #998 ),
 ( #4580, #3099, #3535 ),
 ( #5706, #3001, #1514 ),
 ( #6144, #964, #2443 ),
 ( #6760, #3070, #3039 ),
 ( #2476, #5158, #6215 ),
 ( #5091, #5638, #485 ),
 ( #5127, #453, #5194 ),
 ( #2584, #2544, #5603 ),
 ( #4681, #1543, #423 ),
 ( #6114, #2970, #897 ),
 ( #2510, #2059, #4161 ),
 ( #6247, #6660, #392 ),
 ( #1415, #1962, #3640 ),
 ( #5740, #6181, #5056 ),
 ( #4064, #4611, #6691 ),
 ( #931, #4646, #6724 ),
 ( #356, #4545, #6623 ),
 ( #1482, #1991, #4035 ),
 ( #3572, #1932, #4096 ),
 ( #3503, #5675, #2029 ),
 ( #4129, #1098, #5368 ),
 ( #3268, #2617, #653 ),
 ( #5880, #5229, #5262 ),
 ( #5299, #4192, #49 ),
 ( #3235, #2756, #519 ) ),
 .UNSPECIFIED., .F., .F., .T. ) 
 B_SPLINE_SURFACE_WITH_KNOTS ( ( 4, 2, 2, 2, 2, 2, 2, 2, 2, 2, 2, 2, 2, 2, 4 ),
 ( 3, 3 ),
 ( 0.006147956974343382446, 0.008143088909264229597, 0.009140654876724652739, 0.009639437860454864310, 0.01013822084418507588, 0.01213335277910592216, 0.01313091874656634531, 0.01412848471402677018, 0.01612361664894761820, 0.01712118261640804134, 0.01811874858386846449, 0.02011388051878931077, 0.02061266350251952234, 0.02111144648624973391, 0.02210901245371015705 ),
 ( 0.000000000000000000, 1.000000000000000000 ),
 .UNSPECIFIED. ) 
 GEOMETRIC_REPRESENTATION_ITEM ( )  RATIONAL_B_SPLINE_SURFACE ( (
 ( 1.000000000000000000, 0.9194434921897852719, 1.000000000000000000),
 ( 1.000000000000000000, 0.9168835073319155926, 1.000000000000000000),
 ( 1.000000000000000000, 0.9147574736213123225, 1.000000000000000000),
 ( 1.000000000000000000, 0.9121336375806325947, 1.000000000000000000),
 ( 1.000000000000000000, 0.9113532811831516200, 1.000000000000000000),
 ( 1.000000000000000000, 0.9103177722638081670, 1.000000000000000000),
 ( 1.000000000000000000, 0.9099957191759048269, 1.000000000000000000),
 ( 1.000000000000000000, 0.9094028050257626505, 1.000000000000000000),
 ( 1.000000000000000000, 0.9091308643064632822, 1.000000000000000000),
 ( 1.000000000000000000, 0.9078879203565470846, 1.000000000000000000),
 ( 1.000000000000000000, 0.9072609860790279424, 1.000000000000000000),
 ( 1.000000000000000000, 0.9068358836492391717, 1.000000000000000000),
 ( 1.000000000000000000, 0.9067824086781700599, 1.000000000000000000),
 ( 1.000000000000000000, 0.9068536119961218001, 1.000000000000000000),
 ( 1.000000000000000000, 0.9069779313642633012, 1.000000000000000000),
 ( 1.000000000000000000, 0.9076199941580995745, 1.000000000000000000),
 ( 1.000000000000000000, 0.9083929936131943661, 1.000000000000000000),
 ( 1.000000000000000000, 0.9101075382124710345, 1.000000000000000000),
 ( 1.000000000000000000, 0.9107727460587182744, 1.000000000000000000),
 ( 1.000000000000000000, 0.9123113217806861908, 1.000000000000000000),
 ( 1.000000000000000000, 0.9131737978738474482, 1.000000000000000000),
 ( 1.000000000000000000, 0.9160405060944601940, 1.000000000000000000),
 ( 1.000000000000000000, 0.9183302663927834786, 1.000000000000000000),
 ( 1.000000000000000000, 0.9217179776643781297, 1.000000000000000000),
 ( 1.000000000000000000, 0.9224226940399500307, 1.000000000000000000),
 ( 1.000000000000000000, 0.9238670999951947849, 1.000000000000000000),
 ( 1.000000000000000000, 0.9246086443697763002, 1.000000000000000000),
 ( 1.000000000000000000, 0.9268857192299085890, 1.000000000000000000),
 ( 1.000000000000000000, 0.9284745722149753133, 1.000000000000000000),
 ( 1.000000000000000000, 0.9301069718818489873, 1.000000000000000000) ) ) 
 REPRESENTATION_ITEM ( '' )  SURFACE ( )  );
#939 = CARTESIAN_POINT ( 'NONE',  ( 22.01995778210752164, 27.13793858730330655, 6.976464028885552615 ) ) ;
#940 = CARTESIAN_POINT ( 'NONE',  ( -19.15856546235229629, 23.41695851017791696, 14.31235530859057903 ) ) ;
#941 = VERTEX_POINT ( 'NONE', #4623 ) ;
#942 = CARTESIAN_POINT ( 'NONE',  ( 31.19526172012266940, 11.63377809201296920, 6.042816621181904324 ) ) ;
#943 = ORIENTED_EDGE ( 'NONE', *, *, #2426, .F. ) ;
#944 = B_SPLINE_CURVE_WITH_KNOTS ( 'NONE', 3,
 ( #6354, #1230, #4776, #585, #3331, #6420 ),
 .UNSPECIFIED., .F., .F.,
 ( 4, 2, 4 ),
 ( 0.000000000000000000, 0.002072306640302867039, 0.004144613280605734078 ),
 .UNSPECIFIED. ) ;
#945 = ADVANCED_FACE ( 'NONE', ( #6637 ), #876, .T. ) ;
#946 = CARTESIAN_POINT ( 'NONE',  ( -20.03780832649298205, 24.63591863071854249, 14.30441921369690661 ) ) ;
#947 = CARTESIAN_POINT ( 'NONE',  ( -10.57040238681445032, -30.25000000000721556, 4.471600095348808424 ) ) ;
#948 = CARTESIAN_POINT ( 'NONE',  ( -32.40622562401012630, -10.67078234191807695, 7.130454868564777726 ) ) ;
#949 = CARTESIAN_POINT ( 'NONE',  ( -29.52110788593120105, 11.70978218067982546, 9.917255454026840056 ) ) ;
#950 = CARTESIAN_POINT ( 'NONE',  ( -33.24999999999998579, 11.95370481135664953, 3.800834545611317505 ) ) ;
#951 = CARTESIAN_POINT ( 'NONE',  ( -22.87465734600931100, 28.39764547382529614, 3.487541672067514753 ) ) ;
#952 = CARTESIAN_POINT ( 'NONE',  ( 12.57859486657658898, 30.25000000000000000, 2.017941623740513446 ) ) ;
#953 = DIRECTION ( 'NONE',  ( 0.000000000000000000, 0.000000000000000000, -1.000000000000000000 ) ) ;
#954 = CARTESIAN_POINT ( 'NONE',  ( -15.62791684544899695, -27.65170274159301300, 9.776570634752276945 ) ) ;
#955 = CARTESIAN_POINT ( 'NONE',  ( 29.25091195423319235, 25.54045201022422162, -0.7044077686505878511 ) ) ;
#956 = CARTESIAN_POINT ( 'NONE',  ( 29.69148236870882940, 11.26308954042121968, 13.94690586327784132 ) ) ;
#957 = CARTESIAN_POINT ( 'NONE',  ( 20.36718745958624766, -26.68151093336257773, 6.104075888700223551 ) ) ;
#958 = ADVANCED_FACE ( 'NONE', ( #6332 ), #1625, .F. ) ;
#959 = CARTESIAN_POINT ( 'NONE',  ( 14.75000000000001243, -30.25000000000000000, 1.114006583038533060 ) ) ;
#960 = CARTESIAN_POINT ( 'NONE',  ( -32.71573573675201629, -20.63944316902000509, -0.6343302303633715500 ) ) ;
#961 = CYLINDRICAL_SURFACE ( 'NONE', #6173, 23.99999999999999289 ) ;
#962 = CARTESIAN_POINT ( 'NONE',  ( -6.536119518960774144, -31.08439508827653697, 9.137670894166884494 ) ) ;
#963 = CARTESIAN_POINT ( 'NONE',  ( 10.68712574850300889, 28.29925517104087973, 11.82629151725428329 ) ) ;
#964 = CARTESIAN_POINT ( 'NONE',  ( -33.26678111727872533, 19.33737239711375011, 4.018967990541716162 ) ) ;
#965 = CARTESIAN_POINT ( 'NONE',  ( 30.32858612842244739, -18.54448942792868493, -18.28881167786586914 ) ) ;
#966 = VERTEX_POINT ( 'NONE', #3726 ) ;
#967 = CARTESIAN_POINT ( 'NONE',  ( -3.591462486134977095, 30.09061173671752698, 7.426381034647296708 ) ) ;
#968 = ADVANCED_FACE ( 'NONE', ( #3209 ), #4980, .F. ) ;
#969 = CARTESIAN_POINT ( 'NONE',  ( -18.49058851398880776, -28.74706719320449366, 7.267666140219438020 ) ) ;
#970 = CARTESIAN_POINT ( 'NONE',  ( 30.47874718788188986, -17.26374800135518228, 7.025547011431028110 ) ) ;
#971 = CARTESIAN_POINT ( 'NONE',  ( -33.24999999999999289, 9.591564683836164562, 0.7887280973505849113 ) ) ;
#972 = CARTESIAN_POINT ( 'NONE',  ( 30.10807758395399247, 10.09659138136146339, 13.73382226203436751 ) ) ;
#973 = CARTESIAN_POINT ( 'NONE',  ( -28.28790078180997014, 10.73309852907697071, 13.94724874354526811 ) ) ;
#974 = CARTESIAN_POINT ( 'NONE',  ( 25.01829230471359011, 17.04127954300838610, 9.180533995492787369 ) ) ;
#975 = ORIENTED_EDGE ( 'NONE', *, *, #4140, .T. ) ;
#976 = CARTESIAN_POINT ( 'NONE',  ( 2.464601683284047618E-15, 30.25000000000000355, 4.999999999999999112 ) ) ;
#977 = CARTESIAN_POINT ( 'NONE',  ( -12.28120092795233553, 29.28439356082171585, 12.35400862724260840 ) ) ;
#978 = CARTESIAN_POINT ( 'NONE',  ( 8.940263113334823176E-16, 30.25000000000000000, 4.999999999999999112 ) ) ;
#979 = CARTESIAN_POINT ( 'NONE',  ( -30.10396595339899051, 10.10894409348758849, 13.73632037686387619 ) ) ;
#980 = CARTESIAN_POINT ( 'NONE',  ( -14.30244443245394415, 30.15234510161270265, 7.164176986952500492 ) ) ;
#981 = FACE_OUTER_BOUND ( 'NONE', #3332, .T. ) ;
#982 = ORIENTED_EDGE ( 'NONE', *, *, #2640, .F. ) ;
#983 = CARTESIAN_POINT ( 'NONE',  ( -16.04143930176730493, -31.71878920068214214, 0.8264080272723864917 ) ) ;
#984 = CARTESIAN_POINT ( 'NONE',  ( 25.29770435826430131, -24.49843704895287999, 6.963881452907035197 ) ) ;
#985 = CARTESIAN_POINT ( 'NONE',  ( 14.75000000000000888, 31.75000000000000000, 5.000000000000000000 ) ) ;
#986 = CARTESIAN_POINT ( 'NONE',  ( -5.553986659443688190, -24.96065885834452303, -19.91209095855209199 ) ) ;
#987 = CARTESIAN_POINT ( 'NONE',  ( 30.91741938816591428, 23.53908104951138469, 3.931945007430057704 ) ) ;
#988 = DIRECTION ( 'NONE',  ( 1.224646799147353454E-16, 0.000000000000000000, 1.000000000000000000 ) ) ;
#989 = EDGE_CURVE ( 'NONE', #1893, #2893, #1479, .T. ) ;
#990 = CARTESIAN_POINT ( 'NONE',  ( 22.57755967009495635, -25.36108817572572960, 5.943877661687621661 ) ) ;
#991 = CARTESIAN_POINT ( 'NONE',  ( 26.93094005705190597, -25.72779328137763954, -0.6595389639285579308 ) ) ;
#992 = CARTESIAN_POINT ( 'NONE',  ( -18.63609513460973943, -31.42381825227943182, 4.483944937058139679 ) ) ;
#993 = CARTESIAN_POINT ( 'NONE',  ( 33.25000000000000711, -11.75000000000000000, -12.00000000000000000 ) ) ;
#994 = CARTESIAN_POINT ( 'NONE',  ( -10.28138446217200119, -30.05588119698834504, 11.32887574310696799 ) ) ;
#995 = EDGE_LOOP ( 'NONE', ( #623, #5455, #3085 ) ) ;
#996 = CARTESIAN_POINT ( 'NONE',  ( 18.61517480355477971, -23.85133511197533807, 14.24490296624435359 ) ) ;
#997 = EDGE_CURVE ( 'NONE', #1469, #335, #2564, .T. ) ;
#998 = CARTESIAN_POINT ( 'NONE',  ( -34.09094765857307863, 16.88517672985297935, -0.3660864459494090339 ) ) ;
#999 = ORIENTED_EDGE ( 'NONE', *, *, #1299, .F. ) ;
#1000 = CARTESIAN_POINT ( 'NONE',  ( -12.31193480324476752, 29.27173941098832088, 12.36800253450403098 ) ) ;
#1001 = B_SPLINE_CURVE_WITH_KNOTS ( 'NONE', 3,
 ( #4662, #5109, #6640, #2491 ),
 .UNSPECIFIED., .F., .F.,
 ( 4, 4 ),
 ( 0.007801072753711148222, 0.007837177211748784164 ),
 .UNSPECIFIED. ) ;
#1002 = CARTESIAN_POINT ( 'NONE',  ( -33.25000000000000711, -1.260766168263351750, -9.677301779638936452 ) ) ;
#1003 = CARTESIAN_POINT ( 'NONE',  ( -12.27130346005246864, -29.30439447300397049, 12.38673271491089167 ) ) ;
#1004 = CARTESIAN_POINT ( 'NONE',  ( 22.14669386800042616, -23.67090020070254397, -19.75103365452311621 ) ) ;
#1005 = CARTESIAN_POINT ( 'NONE',  ( 26.91151505084527074, 16.88867221931093709, 9.892075299610556982 ) ) ;
#1006 = CARTESIAN_POINT ( 'NONE',  ( -28.68173134142745795, 9.631356183558837714, 13.73632037686246576 ) ) ;
#1007 = CARTESIAN_POINT ( 'NONE',  ( 17.78134911757294034, 24.49999814429544642, 14.13597008436428659 ) ) ;
#1008 = ORIENTED_EDGE ( 'NONE', *, *, #4083, .F. ) ;
#1009 = CARTESIAN_POINT ( 'NONE',  ( -14.09211244804665597, -26.78708472647246097, 9.161303821645329748 ) ) ;
#1010 = CARTESIAN_POINT ( 'NONE',  ( 192.2911684466444058, 0.000000000000000000, -124.8941410357254966 ) ) ;
#1011 = CARTESIAN_POINT ( 'NONE',  ( -26.91822530878901532, 16.87798526471596006, 9.891177494205635412 ) ) ;
#1012 = FACE_OUTER_BOUND ( 'NONE', #6700, .T. ) ;
#1013 = EDGE_CURVE ( 'NONE', #5468, #3810, #1815, .T. ) ;
#1014 = CIRCLE ( 'NONE', #4422, 25.49999999999999645 ) ;
#1015 = CARTESIAN_POINT ( 'NONE',  ( 1.522749488574289316E-14, 21.65780985111105039, -20.26482268619948002 ) ) ;
#1016 = ORIENTED_EDGE ( 'NONE', *, *, #309, .F. ) ;
#1017 = CARTESIAN_POINT ( 'NONE',  ( -28.19034288565010726, -14.65888578940278819, 14.37029193418371875 ) ) ;
#1018 = CARTESIAN_POINT ( 'NONE',  ( 20.41309484256810691, 22.35482639223390322, 14.44600027141626342 ) ) ;
#1019 = AXIS2_PLACEMENT_3D ( 'NONE', #3276, #2765, #561 ) ;
#1020 = FACE_OUTER_BOUND ( 'NONE', #6366, .T. ) ;
#1021 = EDGE_CURVE ( 'NONE', #6036, #5064, #676, .T. ) ;
#1022 = CARTESIAN_POINT ( 'NONE',  ( -22.38959175271257962, -22.54537818114807735, 14.50883644005871176 ) ) ;
#1023 = CARTESIAN_POINT ( 'NONE',  ( 0.5479846326694463032, -23.55621497290486843, -20.00000000000000000 ) ) ;
#1024 = DIRECTION ( 'NONE',  ( 1.000000000000000000, 0.000000000000000000, 0.000000000000000000 ) ) ;
#1025 = CARTESIAN_POINT ( 'NONE',  ( -12.12402541061340955, -31.75000000000000000, 2.154191468302061097 ) ) ;
#1026 = CIRCLE ( 'NONE', #2011, 6.500000000000002665 ) ;
#1027 = CARTESIAN_POINT ( 'NONE',  ( -22.16364894238141758, -28.71025812334087490, -0.2265041244868633563 ) ) ;
#1028 = CARTESIAN_POINT ( 'NONE',  ( -29.78715857397586575, -18.68115673651097097, 6.979333283185014558 ) ) ;
#1029 = CARTESIAN_POINT ( 'NONE',  ( 29.72912871579057992, 16.43138636318115076, 5.938495722749694394 ) ) ;
#1030 = CARTESIAN_POINT ( 'NONE',  ( 17.63964993285865646, -29.05197958286428417, 7.305211428378672878 ) ) ;
#1031 = CARTESIAN_POINT ( 'NONE',  ( 22.88180493992141962, -19.82091920693176235, 14.57230753884430108 ) ) ;
#1032 = CARTESIAN_POINT ( 'NONE',  ( 16.94101716223637411, 29.30231702473016497, 7.336036648050434650 ) ) ;
#1033 = VERTEX_POINT ( 'NONE', #1475 ) ;
#1034 = CARTESIAN_POINT ( 'NONE',  ( 14.75714266481240955, -28.69375586651639409, 6.448662722503834210 ) ) ;
#1035 = VECTOR ( 'NONE', #547, 1000.000000000000000 ) ;
#1036 = CARTESIAN_POINT ( 'NONE',  ( 23.20783719414010449, 26.17937189769642714, 7.043416337272117467 ) ) ;
#1037 = VERTEX_POINT ( 'NONE', #5700 ) ;
#1038 = CARTESIAN_POINT ( 'NONE',  ( 23.36372435211578491, -29.81224746944558746, -0.2925685613472234214 ) ) ;
#1039 = CARTESIAN_POINT ( 'NONE',  ( 16.91899721817911484, -25.06310055442954265, -19.86851230064455720 ) ) ;
#1040 = CARTESIAN_POINT ( 'NONE',  ( 17.19059766585935378, 29.45373842373736650, 7.040309730991848980 ) ) ;
#1041 = CARTESIAN_POINT ( 'NONE',  ( 9.792845017879956870, -28.63697750913307871, 11.32731078277875802 ) ) ;
#1042 = AXIS2_PLACEMENT_3D ( 'NONE', #1348, #476, #1024 ) ;
#1043 = CARTESIAN_POINT ( 'NONE',  ( 15.00834418216901334, 26.28136211143406697, 9.246145429960986206 ) ) ;
#1044 = ORIENTED_EDGE ( 'NONE', *, *, #6301, .T. ) ;
#1045 = CARTESIAN_POINT ( 'NONE',  ( 2.279307323493031223, 30.25000000000000355, 5.248064841454907814 ) ) ;
#1046 = CARTESIAN_POINT ( 'NONE',  ( -21.44427841791507561, -26.27751195715877941, 5.889298939663804688 ) ) ;
#1047 = CIRCLE ( 'NONE', #721, 10.00000000000000000 ) ;
#1048 = CARTESIAN_POINT ( 'NONE',  ( -2.027706192702714905, -31.74999999999999289, 4.555639384455433927 ) ) ;
#1049 = CARTESIAN_POINT ( 'NONE',  ( -33.25000000000000000, -12.35556410295638230, 0.1541291969037030807 ) ) ;
#1050 = CARTESIAN_POINT ( 'NONE',  ( 11.21706586826346275, -29.70252402249746737, 11.82629151725428329 ) ) ;
#1051 = CARTESIAN_POINT ( 'NONE',  ( 18.64416699364499053, -25.70677245811068090, 14.11977938425798129 ) ) ;
#1052 = ORIENTED_EDGE ( 'NONE', *, *, #2541, .F. ) ;
#1053 = CARTESIAN_POINT ( 'NONE',  ( -26.29903490752786510, -17.83126956679174668, 14.54973351853204733 ) ) ;
#1054 = CARTESIAN_POINT ( 'NONE',  ( 34.75000000000002132, -3.219097295802923142, 1.534917355319294963 ) ) ;
#1055 = EDGE_CURVE ( 'NONE', #840, #3734, #5528, .T. ) ;
#1056 = CARTESIAN_POINT ( 'NONE',  ( 34.75000000000000711, 11.75000000000000000, 0.2546058388728121291 ) ) ;
#1057 = CARTESIAN_POINT ( 'NONE',  ( -26.09307859797509366, 21.81302193570635950, -19.37287345599655097 ) ) ;
#1058 = CARTESIAN_POINT ( 'NONE',  ( 17.83067569252521167, 31.51383765736512999, 0.4862778411202773876 ) ) ;
#1059 = CARTESIAN_POINT ( 'NONE',  ( 26.38015034467150244, -19.50352817160150920, -18.21054245507187375 ) ) ;
#1060 = CARTESIAN_POINT ( 'NONE',  ( 34.75000000000000711, -7.827113324887223555, -12.00000000000749090 ) ) ;
#1061 = EDGE_CURVE ( 'NONE', #6408, #529, #2742, .T. ) ;
#1062 = CARTESIAN_POINT ( 'NONE',  ( -30.52419231244226339, -13.97148949981040111, 6.099154847728559758 ) ) ;
#1063 = CARTESIAN_POINT ( 'NONE',  ( -34.74999999999999289, -11.04036685313870869, 0.4724322874106898218 ) ) ;
#1064 = CARTESIAN_POINT ( 'NONE',  ( 24.34833916390799757, 27.58726716148000691, 3.393221863282720463 ) ) ;
#1065 = CARTESIAN_POINT ( 'NONE',  ( 33.25000000000002132, 6.045843970136081325, -11.27337470622369686 ) ) ;
#1066 = FACE_OUTER_BOUND ( 'NONE', #4282, .T. ) ;
#1067 = DIRECTION ( 'NONE',  ( 1.000000000000000000, -0.000000000000000000, -0.000000000000000000 ) ) ;
#1068 = ORIENTED_EDGE ( 'NONE', *, *, #1154, .T. ) ;
#1069 = CARTESIAN_POINT ( 'NONE',  ( 13.24006461110247912, -29.10575112202176840, 6.264833989106719514 ) ) ;
#1070 = CARTESIAN_POINT ( 'NONE',  ( 13.43701270530673497, 30.40382484943732067, 6.990241492778180188 ) ) ;
#1071 = CARTESIAN_POINT ( 'NONE',  ( 31.74490357729313317, 7.181238755406632812, 6.041858516314740690 ) ) ;
#1072 = ORIENTED_EDGE ( 'NONE', *, *, #4236, .F. ) ;
#1073 = CARTESIAN_POINT ( 'NONE',  ( 29.77375638749388287, -24.96605466626605363, 3.932546336334537429 ) ) ;
#1074 = CARTESIAN_POINT ( 'NONE',  ( -34.74999999999999289, -11.75000000000000000, -12.00000000000000000 ) ) ;
#1075 = CARTESIAN_POINT ( 'NONE',  ( 11.76272959584330380, 29.49645581194575072, 12.11637074978952455 ) ) ;
#1076 = CARTESIAN_POINT ( 'NONE',  ( 1.781283648651733387, -30.20079134366515561, 6.201794668083855377 ) ) ;
#1077 = CARTESIAN_POINT ( 'NONE',  ( 14.09211244804961538, 26.78708472646959748, 9.161303821644393608 ) ) ;
#1078 = ORIENTED_EDGE ( 'NONE', *, *, #5302, .F. ) ;
#1079 = CARTESIAN_POINT ( 'NONE',  ( 6.123233995736767268E-16, -31.75000000000000000, 5.000000000000000000 ) ) ;
#1080 = CARTESIAN_POINT ( 'NONE',  ( 33.26054142227534527, 1.867869238337766191, 6.856123962615382261 ) ) ;
#1081 = CARTESIAN_POINT ( 'NONE',  ( -33.24999999999999289, -6.738427629939427455, 3.947889816854763811 ) ) ;
#1082 = CARTESIAN_POINT ( 'NONE',  ( 12.47601265985380969, -30.69394372383156266, 6.719246435423978703 ) ) ;
#1083 = ORIENTED_EDGE ( 'NONE', *, *, #1021, .F. ) ;
#1084 = CARTESIAN_POINT ( 'NONE',  ( -30.10568358873176464, -10.10391641404759611, 13.73533924877169454 ) ) ;
#1085 = CARTESIAN_POINT ( 'NONE',  ( 34.75000000000000711, 8.005386317502736659, 1.058659578723240013 ) ) ;
#1086 = CARTESIAN_POINT ( 'NONE',  ( 15.39564113984557814, 31.74999999999999289, 0.9633350317806409491 ) ) ;
#1087 = B_SPLINE_CURVE_WITH_KNOTS ( 'NONE', 3,
 ( #285, #5394, #4396, #6516, #3328, #6548, #6003, #248, #1267, #2855, #6418, #1302, #5937, #3396, #2823, #1227, #2889, #1780, #4362, #4975, #718, #5498 ),
 .UNSPECIFIED., .F., .F.,
 ( 4, 2, 2, 2, 2, 2, 2, 2, 2, 2, 4 ),
 ( 0.000000000000000000, 0.002863486918561581555, 0.005726973837123163109, 0.008590460755684745098, 0.01145394767424632622, 0.01431743459280790734, 0.01574917805208870050, 0.01718092151136949366, 0.02004440842993107999, 0.02147615188921186274, 0.02290789534849265244 ),
 .UNSPECIFIED. ) ;
#1088 = CARTESIAN_POINT ( 'NONE',  ( -10.27008801460939580, -30.07563404494402093, 8.603076578673181984 ) ) ;
#1089 = CARTESIAN_POINT ( 'NONE',  ( -37.00000000000000711, 0.000000000000000000, -214.9999999999998863 ) ) ;
#1090 = CARTESIAN_POINT ( 'NONE',  ( -13.43701270530672254, -30.40382484943732067, 6.990241492778177523 ) ) ;
#1091 = EDGE_CURVE ( 'NONE', #4098, #3282, #850, .T. ) ;
#1092 = CARTESIAN_POINT ( 'NONE',  ( 12.12402541061334205, -31.75000000000000000, 2.154191468302082857 ) ) ;
#1093 = CARTESIAN_POINT ( 'NONE',  ( -30.62139770061256527, -13.55358200708947791, 6.130299924250593335 ) ) ;
#1094 = CARTESIAN_POINT ( 'NONE',  ( -34.74999999999999289, -11.75000000000000000, 0.2546058388728190680 ) ) ;
#1095 = CARTESIAN_POINT ( 'NONE',  ( 22.16364894238093441, 28.71025812334108096, -0.2265041244877137316 ) ) ;
#1096 = CARTESIAN_POINT ( 'NONE',  ( -23.91759363621516243, 20.97020994113833225, -18.43282888567767941 ) ) ;
#1097 = CARTESIAN_POINT ( 'NONE',  ( 25.05406909075774635, -16.99346842761418230, 14.55005975446617761 ) ) ;
#1098 = CARTESIAN_POINT ( 'NONE',  ( -18.63607530410550339, 31.42382227942950479, 4.483946613818567073 ) ) ;
#1099 = ORIENTED_EDGE ( 'NONE', *, *, #1061, .F. ) ;
#1100 = CARTESIAN_POINT ( 'NONE',  ( 4.550301619599877334, -30.15392197382528394, 5.495145448389863851 ) ) ;
#1101 = CARTESIAN_POINT ( 'NONE',  ( 25.26011200393072897, 23.18941955305145797, 5.805629840171294020 ) ) ;
#1102 = EDGE_LOOP ( 'NONE', ( #3718, #6423, #424, #3809, #755, #1929 ) ) ;
#1103 = CARTESIAN_POINT ( 'NONE',  ( 21.69908919362162791, -27.16041958588229477, 7.113253090822497349 ) ) ;
#1104 = ADVANCED_FACE ( 'NONE', ( #5815 ), #1520, .T. ) ;
#1105 = CARTESIAN_POINT ( 'NONE',  ( -14.74999999999999112, 39.05764969887461291, 11.82629151725428152 ) ) ;
#1106 = CARTESIAN_POINT ( 'NONE',  ( 6.220952575075203939, -29.61716987221776165, 9.133585417818970598 ) ) ;
#1107 = CARTESIAN_POINT ( 'NONE',  ( 11.72940986113376560, 27.88916940908231723, 12.36758123373392060 ) ) ;
#1108 = EDGE_LOOP ( 'NONE', ( #6602, #2388, #4275, #4845 ) ) ;
#1109 = CARTESIAN_POINT ( 'NONE',  ( 13.43701270530668346, -30.40382484943730645, 6.990241492778181076 ) ) ;
#1110 = CARTESIAN_POINT ( 'NONE',  ( 30.46665454190761935, 8.935628742514976963, 13.47218163977898620 ) ) ;
#1111 = CARTESIAN_POINT ( 'NONE',  ( 33.25000000000000711, -3.219097295802926251, 1.534917355319297183 ) ) ;
#1112 = CARTESIAN_POINT ( 'NONE',  ( -33.24999999999999289, -9.591564683836162786, 0.7887280973505841342 ) ) ;
#1113 = CARTESIAN_POINT ( 'NONE',  ( 4.605201017590049517, -31.63742184159807636, 5.747928221874507138 ) ) ;
#1114 =( BOUNDED_SURFACE ( )  B_SPLINE_SURFACE ( 3, 2, ( 
 ( #6639, #435, #3052 ),
 ( #338, #1945, #4015 ),
 ( #3515, #2523, #5069 ),
 ( #4625, #4592, #5587 ),
 ( #6673, #6702, #4107 ),
 ( #1585, #3682, #4048 ),
 ( #3014, #2983, #6127 ),
 ( #4747, #4561, #56 ),
 ( #1428, #2422, #5615 ),
 ( #370, #3548, #1071 ),
 ( #6195, #1972, #6093 ),
 ( #5780, #4076, #6605 ) ),
 .UNSPECIFIED., .F., .F., .T. ) 
 B_SPLINE_SURFACE_WITH_KNOTS ( ( 4, 2, 2, 2, 2, 4 ),
 ( 3, 3 ),
 ( 0.03241287845847231480, 0.03846102603606450787, 0.04148509982486060788, 0.04450917361365670788, 0.05055732119124890789, 0.05660546876884110790 ),
 ( 0.000000000000000000, 0.6979017427251956729 ),
 .UNSPECIFIED. ) 
 GEOMETRIC_REPRESENTATION_ITEM ( )  RATIONAL_B_SPLINE_SURFACE ( (
 ( 1.000000000000000000, 0.9084644385489595297, 0.9446945328139397802),
 ( 1.000000000000000000, 0.9205652915955629956, 0.9520058260477746170),
 ( 1.000000000000000000, 0.9297906790097665297, 0.9575797729688062532),
 ( 1.000000000000000000, 0.9391625018048200824, 0.9632421956365542215),
 ( 1.000000000000000000, 0.9415403123666896690, 0.9646788604902949427),
 ( 1.000000000000000000, 0.9447340450346951579, 0.9666085026367070565),
 ( 1.000000000000000000, 0.9455414433150771680, 0.9670963298635673056),
 ( 1.000000000000000000, 0.9455124666990165627, 0.9670788222931401279),
 ( 1.000000000000000000, 0.9423022195236984144, 0.9651392021389699760),
 ( 1.000000000000000000, 0.9298883570848320845, 0.9576387897213087808),
 ( 1.000000000000000000, 0.9206753026622844782, 0.9520722943508497238),
 ( 1.000000000000000000, 0.9084644385489640817, 0.9446945328139424447) ) ) 
 REPRESENTATION_ITEM ( '' )  SURFACE ( )  );
#1115 = ORIENTED_EDGE ( 'NONE', *, *, #5190, .F. ) ;
#1116 = CARTESIAN_POINT ( 'NONE',  ( -34.23952464891245739, -16.28677326058708275, -0.3101057051259406006 ) ) ;
#1117 = CARTESIAN_POINT ( 'NONE',  ( 34.75000000000000711, 8.476652026478918245, -12.47050447195620038 ) ) ;
#1118 = CARTESIAN_POINT ( 'NONE',  ( 4.499643865109418606, 31.61674813486319735, 5.729578968951784645 ) ) ;
#1119 = AXIS2_PLACEMENT_3D ( 'NONE', #4056, #5390, #4285 ) ;
#1120 = CARTESIAN_POINT ( 'NONE',  ( -2.100141996928618582, -31.74999999999999645, 5.796687951572654818 ) ) ;
#1121 = CYLINDRICAL_SURFACE ( 'NONE', #3023, 30.25000000000000000 ) ;
#1122 = CARTESIAN_POINT ( 'NONE',  ( 14.75000000000000888, 30.25000000000000000, 5.000000000000000000 ) ) ;
#1123 =( BOUNDED_SURFACE ( )  B_SPLINE_SURFACE ( 3, 2, ( 
 ( #1300, #5461, #211 ),
 ( #3881, #6546, #813 ),
 ( #2821, #6480, #314 ),
 ( #2325, #2396, #5426 ),
 ( #1333, #4497, #4425 ),
 ( #6577, #2295, #5010 ),
 ( #4393, #1264, #3363 ),
 ( #3985, #6446, #2853 ) ),
 .UNSPECIFIED., .F., .F., .F. ) 
 B_SPLINE_SURFACE_WITH_KNOTS ( ( 4, 2, 2, 4 ),
 ( 3, 3 ),
 ( 0.000000000000000000, 0.001413360555026188427, 0.002120040832539282424, 0.002826721110052376855 ),
 ( 0.000000000000000000, 1.000000000000000000 ),
 .UNSPECIFIED. ) 
 GEOMETRIC_REPRESENTATION_ITEM ( )  RATIONAL_B_SPLINE_SURFACE ( (
 ( 1.000000000000000000, 0.9301069718818443244, 1.000000000000000000),
 ( 1.000000000000000000, 0.9357408456368240257, 1.000000000000000000),
 ( 1.000000000000000000, 0.9414178394317831433, 1.000000000000000000),
 ( 1.000000000000000000, 0.9501746536313540048, 1.000000000000000000),
 ( 1.000000000000000000, 0.9531345776570014916, 1.000000000000000000),
 ( 1.000000000000000000, 0.9592322713195955419, 1.000000000000000000),
 ( 1.000000000000000000, 0.9623577978462521942, 1.000000000000000000),
 ( 1.000000000000000000, 0.9657594123133699249, 1.000000000000000000) ) ) 
 REPRESENTATION_ITEM ( '' )  SURFACE ( )  );
#1124 = CARTESIAN_POINT ( 'NONE',  ( 17.20620244292985745, -27.95668264543463621, 6.376530701577650007 ) ) ;
#1125 = AXIS2_PLACEMENT_3D ( 'NONE', #1681, #3267, #4329 ) ;
#1126 = CARTESIAN_POINT ( 'NONE',  ( -32.10606633571755708, -18.20248047480520270, 3.361569008801358116 ) ) ;
#1127 = DIRECTION ( 'NONE',  ( 0.000000000000000000, 0.000000000000000000, 1.000000000000000000 ) ) ;
#1128 = CARTESIAN_POINT ( 'NONE',  ( 24.33719160419924421, 27.58380045776168288, -0.4619242119424636361 ) ) ;
#1129 = CARTESIAN_POINT ( 'NONE',  ( 12.09861004017490060, -29.31950063872587364, 6.192246747797173434 ) ) ;
#1130 = CARTESIAN_POINT ( 'NONE',  ( -28.81335525908929540, 9.242881671561415047, 9.164845495787558249 ) ) ;
#1131 = CARTESIAN_POINT ( 'NONE',  ( -1.784792091543687231, -30.25000000000001066, 6.205564182579286658 ) ) ;
#1132 = VECTOR ( 'NONE', #4710, 1000.000000000000000 ) ;
#1133 = ORIENTED_EDGE ( 'NONE', *, *, #1941, .F. ) ;
#1134 = CARTESIAN_POINT ( 'NONE',  ( -14.32290145493889177, 31.74999999999999289, 1.313348280315552730 ) ) ;
#1135 = EDGE_CURVE ( 'NONE', #421, #4482, #4114, .T. ) ;
#1136 = CARTESIAN_POINT ( 'NONE',  ( 13.43701270530677050, 30.40382484943728159, 6.990241492778194399 ) ) ;
#1137 = CARTESIAN_POINT ( 'NONE',  ( 33.25000000000000711, 11.75000000000000178, 5.000000000000000000 ) ) ;
#1138 = ORIENTED_EDGE ( 'NONE', *, *, #1850, .F. ) ;
#1139 = CARTESIAN_POINT ( 'NONE',  ( 25.68423790949987762, -28.52025838069300789, 4.042477506666162235 ) ) ;
#1140 = CARTESIAN_POINT ( 'NONE',  ( -13.90304835771665815, -28.93193519622241183, 6.395867237069539080 ) ) ;
#1141 = CARTESIAN_POINT ( 'NONE',  ( -10.12050734920466333, -30.25000000000000000, 2.698146503093759918 ) ) ;
#1142 = CARTESIAN_POINT ( 'NONE',  ( 8.900159601138946996, -28.92594211379215352, 10.79875117484947111 ) ) ;
#1143 = DIRECTION ( 'NONE',  ( 0.9595796706112637020, 0.2814371257485029365, 0.000000000000000000 ) ) ;
#1144 = AXIS2_PLACEMENT_3D ( 'NONE', #5957, #6536, #4451 ) ;
#1145 = ORIENTED_EDGE ( 'NONE', *, *, #6401, .T. ) ;
#1146 = CARTESIAN_POINT ( 'NONE',  ( 12.12402541061334205, -21.75000000000000000, 2.154191468302088186 ) ) ;
#1147 = B_SPLINE_CURVE_WITH_KNOTS ( 'NONE', 3,
 ( #696, #1765, #1729, #2800, #1210, #5510 ),
 .UNSPECIFIED., .F., .F.,
 ( 4, 2, 4 ),
 ( 0.000000000000000000, 0.003900536376855574111, 0.007801072753711148222 ),
 .UNSPECIFIED. ) ;
#1148 = DIRECTION ( 'NONE',  ( -1.000000000000000000, 0.000000000000000000, 0.000000000000000000 ) ) ;
#1149 = CARTESIAN_POINT ( 'NONE',  ( -33.01281380394988929, -14.76369158725464992, -0.1768825693901256990 ) ) ;
#1150 = DIRECTION ( 'NONE',  ( 0.000000000000000000, 0.000000000000000000, 1.000000000000000000 ) ) ;
#1151 = DIRECTION ( 'NONE',  ( -2.668805347656626678E-16, -1.000000000000000000, 0.000000000000000000 ) ) ;
#1152 = CARTESIAN_POINT ( 'NONE',  ( 19.62873978902250727, -24.96308649576096528, 14.25622735872174296 ) ) ;
#1153 = ORIENTED_EDGE ( 'NONE', *, *, #2231, .F. ) ;
#1154 = EDGE_CURVE ( 'NONE', #3761, #6266, #5763, .T. ) ;
#1155 = CIRCLE ( 'NONE', #609, 25.49999999999999645 ) ;
#1156 = CARTESIAN_POINT ( 'NONE',  ( -14.74999999999999645, -25.33714599355024788, -19.84098001496990094 ) ) ;
#1157 = CARTESIAN_POINT ( 'NONE',  ( 61.00000000000000000, 0.000000000000000000, -214.9999999999998863 ) ) ;
#1158 = CARTESIAN_POINT ( 'NONE',  ( -6.912824193641142756, 23.75000000000000355, -18.50000000000000000 ) ) ;
#1159 = CARTESIAN_POINT ( 'NONE',  ( -11.22529599293112668, -29.51713999068188699, 5.986618968974927846 ) ) ;
#1160 = CARTESIAN_POINT ( 'NONE',  ( -12.27080395299342186, 30.65527977631372636, 6.856903413828311145 ) ) ;
#1161 = PERSON ( 'UNSPECIFIED', 'UNSPECIFIED', 'UNSPECIFIED', ('UNSPECIFIED'), ('UNSPECIFIED'), ('UNSPECIFIED') ) ;
#1162 = DIRECTION ( 'NONE',  ( -0.000000000000000000, -1.000000000000000000, 0.000000000000000000 ) ) ;
#1163 = B_SPLINE_CURVE_WITH_KNOTS ( 'NONE', 3,
 ( #5950, #4441, #6493, #3304, #1244, #6529, #2732, #1175, #3900, #4303 ),
 .UNSPECIFIED., .F., .F.,
 ( 4, 2, 2, 2, 4 ),
 ( 0.000000000000000000, 0.004817999540737222253, 0.009635999081474444505, 0.01445399862221166849, 0.01927199816294888901 ),
 .UNSPECIFIED. ) ;
#1164 = CARTESIAN_POINT ( 'NONE',  ( -28.58665155951779724, -24.04580199176032096, -0.7141394422165281419 ) ) ;
#1165 = CARTESIAN_POINT ( 'NONE',  ( -34.70919339261255487, -9.131044303602079637, -12.92955224445848650 ) ) ;
#1166 = CARTESIAN_POINT ( 'NONE',  ( 16.67983413804478943, 30.20710601008938667, 4.085566481800347205 ) ) ;
#1167 = CARTESIAN_POINT ( 'NONE',  ( 8.101630523367848724, -30.25000000000000000, 3.176245534200694554 ) ) ;
#1168 = CARTESIAN_POINT ( 'NONE',  ( 14.75000000000000888, 30.25000000000000000, 1.114006583038570364 ) ) ;
#1169 = CARTESIAN_POINT ( 'NONE',  ( -6.221025202867732418, -29.61715418560235591, 9.133631811884116658 ) ) ;
#1170 = VERTEX_POINT ( 'NONE', #2171 ) ;
#1171 = CARTESIAN_POINT ( 'NONE',  ( 14.75000000000000888, 11.75000000000000000, -12.00000000000000000 ) ) ;
#1172 = CARTESIAN_POINT ( 'NONE',  ( -33.25000000000000000, 4.318622742494913958, -10.46840659141926189 ) ) ;
#1173 = ORIENTED_EDGE ( 'NONE', *, *, #4532, .T. ) ;
#1174 = CARTESIAN_POINT ( 'NONE',  ( 31.91824145926850420, -3.518122027815550279, 6.100098824596190461 ) ) ;
#1175 = CARTESIAN_POINT ( 'NONE',  ( -34.74999999999999289, 6.413756703894895494, 1.260734812504459290 ) ) ;
#1176 = CARTESIAN_POINT ( 'NONE',  ( 12.17004355909817015, 29.34263495983793746, 9.132867816009381912 ) ) ;
#1177 = CARTESIAN_POINT ( 'NONE',  ( -34.74999999999999289, 11.39499420791143613, 0.3635771470734656674 ) ) ;
#1178 = EDGE_CURVE ( 'NONE', #5929, #2893, #355, .T. ) ;
#1179 = ORIENTED_EDGE ( 'NONE', *, *, #6218, .T. ) ;
#1180 = CARTESIAN_POINT ( 'NONE',  ( 12.57941513618670193, -30.25000000000000000, 2.030553184829928970 ) ) ;
#1181 = CARTESIAN_POINT ( 'NONE',  ( 31.75032940582788044, -0.7506434985366624568, 12.14100385157050610 ) ) ;
#1182 = CARTESIAN_POINT ( 'NONE',  ( 12.12402541061341665, 31.75000000000000000, 2.154191468302071311 ) ) ;
#1183 = DIRECTION ( 'NONE',  ( 0.000000000000000000, -0.000000000000000000, 1.000000000000000000 ) ) ;
#1184 = CARTESIAN_POINT ( 'NONE',  ( 13.60196200354457474, -25.43698702314236115, -19.82015654276158756 ) ) ;
#1185 = B_SPLINE_CURVE_WITH_KNOTS ( 'NONE', 3,
 ( #6589, #4542, #3474, #1928, #2966, #5505, #4032, #6111, #389, #4577, #3930, #6656, #789, #5980, #2863, #4952, #549, #5773, #1512, #4126, #5155, #2091 ),
 .UNSPECIFIED., .F., .F.,
 ( 4, 2, 2, 2, 2, 2, 2, 2, 2, 2, 4 ),
 ( 0.000000000000000000, 0.001800092717943636280, 0.003600185435887272561, 0.007200370871774545121, 0.009000463589718175547, 0.01080055630766180511, 0.01440074174354905555, 0.01800092717943630599, 0.02160111261532355470, 0.02520129805121080688, 0.02880148348709805212 ),
 .UNSPECIFIED. ) ;
#1186 = CARTESIAN_POINT ( 'NONE',  ( 24.85519609682529207, -19.79176379356806947, 9.861276312810458577 ) ) ;
#1187 = ORIENTED_EDGE ( 'NONE', *, *, #5130, .F. ) ;
#1188 = ORIENTED_EDGE ( 'NONE', *, *, #4690, .T. ) ;
#1189 = CARTESIAN_POINT ( 'NONE',  ( -22.95235290525124583, 30.00232217318092509, -0.2476647895817860046 ) ) ;
#1190 = CARTESIAN_POINT ( 'NONE',  ( 31.25779178040861339, 10.50889969320579276, 6.179195852882645390 ) ) ;
#1191 = CARTESIAN_POINT ( 'NONE',  ( -7.510981113396975495, -30.86400820030758396, 9.728282363139170386 ) ) ;
#1192 = DIRECTION ( 'NONE',  ( -1.224646799147353207E-16, -1.000000000000000000, -0.000000000000000000 ) ) ;
#1193 = CARTESIAN_POINT ( 'NONE',  ( -2.204757969481694779, 31.75000000000000000, 5.360426648593420218 ) ) ;
#1194 = CARTESIAN_POINT ( 'NONE',  ( -26.96716852533224440, 21.26309577722159005, 5.779922318823193628 ) ) ;
#1195 = CARTESIAN_POINT ( 'NONE',  ( 27.98437797543335037, -19.85894243641464030, 5.795044621974859922 ) ) ;
#1196 = CARTESIAN_POINT ( 'NONE',  ( 24.82153224106946254, 27.28848235468020533, 3.366810388757131012 ) ) ;
#1197 = CARTESIAN_POINT ( 'NONE',  ( -19.44771759928630672, 22.75658931717730127, -18.50133580099909736 ) ) ;
#1198 = ORIENTED_EDGE ( 'NONE', *, *, #5434, .T. ) ;
#1199 = CARTESIAN_POINT ( 'NONE',  ( 17.13227358929336575, 30.10573198531385231, 0.5751048422187626796 ) ) ;
#1200 = EDGE_CURVE ( 'NONE', #196, #840, #6320, .T. ) ;
#1201 = CARTESIAN_POINT ( 'NONE',  ( 27.23078933087736075, -20.91803055800077260, 5.781607293653154400 ) ) ;
#1202 = ORIENTED_EDGE ( 'NONE', *, *, #6214, .T. ) ;
#1203 = CARTESIAN_POINT ( 'NONE',  ( 31.25779178040862050, 10.50889969320578921, 6.179195852882646278 ) ) ;
#1204 = CARTESIAN_POINT ( 'NONE',  ( 30.62139770061260791, 13.55358200708946015, 6.130299924250560473 ) ) ;
#1205 = EDGE_LOOP ( 'NONE', ( #825, #3689, #796, #3851 ) ) ;
#1206 = CARTESIAN_POINT ( 'NONE',  ( -24.00220384336825319, -18.42023709947165955, 14.57300115577732491 ) ) ;
#1207 = EDGE_CURVE ( 'NONE', #2501, #1211, #6525, .T. ) ;
#1208 = CARTESIAN_POINT ( 'NONE',  ( 14.71389834628843651, -23.74999999999736744, -18.50000000000000000 ) ) ;
#1209 = PERSON_AND_ORGANIZATION ( #1161, #4427 ) ;
#1210 = CARTESIAN_POINT ( 'NONE',  ( -13.41382005910423025, -23.91821351682160568, -18.50000000000000355 ) ) ;
#1211 = VERTEX_POINT ( 'NONE', #6363 ) ;
#1212 = CARTESIAN_POINT ( 'NONE',  ( 14.32290145493993627, -31.74999999999999289, 1.313348280315077998 ) ) ;
#1213 = CARTESIAN_POINT ( 'NONE',  ( 12.12402541061334205, -30.25000000000000000, 2.154191468302088186 ) ) ;
#1214 = CARTESIAN_POINT ( 'NONE',  ( -14.74999999999999645, -31.75000000000000000, 5.000000000000000000 ) ) ;
#1215 = CARTESIAN_POINT ( 'NONE',  ( -12.70981053252272019, 27.47556281422565050, 8.951960164801391784 ) ) ;
#1216 = CARTESIAN_POINT ( 'NONE',  ( 6.912824193706812892, 23.75000000000000355, -18.50000000000000000 ) ) ;
#1217 = CARTESIAN_POINT ( 'NONE',  ( -1.872441054402924854, 31.69819422887645288, 6.203609061832706217 ) ) ;
#1218 = CARTESIAN_POINT ( 'NONE',  ( 18.99298878196131923, -23.55343495349486815, 9.290238737580610362 ) ) ;
#1219 = VERTEX_POINT ( 'NONE', #5746 ) ;
#1220 = CARTESIAN_POINT ( 'NONE',  ( -34.08404592655573850, 16.91039866783188472, -0.3683243979704629578 ) ) ;
#1221 = CARTESIAN_POINT ( 'NONE',  ( -12.72231514984757084, 30.25000000000000000, 4.357837398283394670 ) ) ;
#1222 = EDGE_CURVE ( 'NONE', #432, #4657, #3959, .T. ) ;
#1223 = CARTESIAN_POINT ( 'NONE',  ( -34.74999999999999289, 13.03884598914884840, 0.05679606723666441592 ) ) ;
#1224 = CARTESIAN_POINT ( 'NONE',  ( 34.24233740915764201, -16.27481435250271957, -0.3089533703453551383 ) ) ;
#1225 = DIRECTION ( 'NONE',  ( -0.000000000000000000, -1.000000000000000000, 0.000000000000000000 ) ) ;
#1226 = DIRECTION ( 'NONE',  ( 0.000000000000000000, 0.000000000000000000, -1.000000000000000000 ) ) ;
#1227 = CARTESIAN_POINT ( 'NONE',  ( 30.47372168715819285, 15.64312058146097684, -17.00122487988855013 ) ) ;
#1228 = EDGE_CURVE ( 'NONE', #307, #5639, #1408, .T. ) ;
#1229 = DIRECTION ( 'NONE',  ( 0.000000000000000000, 1.000000000000000000, 0.000000000000000000 ) ) ;
#1230 = CARTESIAN_POINT ( 'NONE',  ( -13.89798103480149827, 28.93326370755973187, 6.394865722653156226 ) ) ;
#1231 = ORIENTED_EDGE ( 'NONE', *, *, #5655, .T. ) ;
#1232 = CARTESIAN_POINT ( 'NONE',  ( 33.22005545886729294, 12.96360618958015642, 0.06261748261635248503 ) ) ;
#1233 = VECTOR ( 'NONE', #4186, 1000.000000000000000 ) ;
#1234 = CARTESIAN_POINT ( 'NONE',  ( 29.38083845619644308, -23.08913016286729203, -0.7196660534928522868 ) ) ;
#1235 = ORIENTED_EDGE ( 'NONE', *, *, #4355, .T. ) ;
#1236 = CARTESIAN_POINT ( 'NONE',  ( -22.53164971546709694, 26.77716967426373529, 6.961498857214326819 ) ) ;
#1237 = EDGE_CURVE ( 'NONE', #4513, #1893, #2693, .T. ) ;
#1238 = CARTESIAN_POINT ( 'NONE',  ( 30.83594376590257724, -12.61168061376735494, 6.190208058077953268 ) ) ;
#1239 = CARTESIAN_POINT ( 'NONE',  ( 14.75000000000000888, 11.75000000000000000, -12.00000000000000000 ) ) ;
#1240 = AXIS2_PLACEMENT_3D ( 'NONE', #5879, #5070, #2984 ) ;
#1241 = LINE ( 'NONE', #1137, #2459 ) ;
#1242 = ORIENTED_EDGE ( 'NONE', *, *, #5336, .F. ) ;
#1243 = CARTESIAN_POINT ( 'NONE',  ( 31.65752670660295465, -13.87186118481143460, 7.167187115787838181 ) ) ;
#1244 = CARTESIAN_POINT ( 'NONE',  ( -34.75000000000000000, -1.601872233442317217, 1.605981011861053354 ) ) ;
#1245 = SHAPE_DEFINITION_REPRESENTATION ( #3772, #1734 ) ;
#1246 = CARTESIAN_POINT ( 'NONE',  ( -29.23491462346909842, -17.60795719453708941, 5.874918485947301150 ) ) ;
#1247 = ORIENTED_EDGE ( 'NONE', *, *, #615, .F. ) ;
#1248 = CARTESIAN_POINT ( 'NONE',  ( 34.75000000000000711, 3.231528390683788832, 1.534230525829841651 ) ) ;
#1249 = VECTOR ( 'NONE', #1959, 1000.000000000000000 ) ;
#1250 = CARTESIAN_POINT ( 'NONE',  ( -24.74999999999999289, -9.591564683836161009, 0.7887280973505833570 ) ) ;
#1251 = DIRECTION ( 'NONE',  ( 0.000000000000000000, 0.9858269600613879247, 0.1677653266206188820 ) ) ;
#1252 = CARTESIAN_POINT ( 'NONE',  ( -29.42481283727693864, 23.03159386294086985, -0.7193456701456647506 ) ) ;
#1253 = DIRECTION ( 'NONE',  ( -1.000000000000000000, 0.000000000000000000, 0.000000000000000000 ) ) ;
#1254 = AXIS2_PLACEMENT_3D ( 'NONE', #1699, #5822, #604 ) ;
#1255 = CARTESIAN_POINT ( 'NONE',  ( -10.28136904541243801, 30.05588701907968385, 11.32886754743337399 ) ) ;
#1256 = CARTESIAN_POINT ( 'NONE',  ( 12.24301358348854230, -27.68871142282659292, 8.855082474798077641 ) ) ;
#1257 = ORIENTED_EDGE ( 'NONE', *, *, #6273, .T. ) ;
#1258 = ADVANCED_FACE ( 'NONE', ( #6731 ), #4993, .T. ) ;
#1259 = CYLINDRICAL_SURFACE ( 'NONE', #3454, 6.500000000000002665 ) ;
#1260 = B_SPLINE_CURVE_WITH_KNOTS ( 'NONE', 3,
 ( #5968, #1749, #4974, #716, #1301, #779 ),
 .UNSPECIFIED., .F., .F.,
 ( 4, 2, 4 ),
 ( 0.000000000000000000, 0.001412243528896012365, 0.002824487057792024729 ),
 .UNSPECIFIED. ) ;
#1261 = CARTESIAN_POINT ( 'NONE',  ( -192.2911684466441500, 0.000000000000000000, -124.8941410357254114 ) ) ;
#1262 = CARTESIAN_POINT ( 'NONE',  ( 19.55510636581226080, -25.02086026109484251, 14.24702938821946674 ) ) ;
#1263 = CARTESIAN_POINT ( 'NONE',  ( 26.90935894004999795, -27.68296929849934074, -0.6027327562342769118 ) ) ;
#1264 = CARTESIAN_POINT ( 'NONE',  ( 13.18674435070029993, -31.75000000000082068, 4.795575111005836000 ) ) ;
#1265 = CARTESIAN_POINT ( 'NONE',  ( -30.42511021971854746, 14.39746535760004065, 6.067408467051991217 ) ) ;
#1266 = ADVANCED_FACE ( 'NONE', ( #2552 ), #4335, .T. ) ;
#1267 = CARTESIAN_POINT ( 'NONE',  ( 24.74763477278557033, 20.52461748781047746, -18.38389194701092677 ) ) ;
#1268 = CARTESIAN_POINT ( 'NONE',  ( 34.75000000000000711, -1.411370542412861306, -9.342561325305391406 ) ) ;
#1269 = CIRCLE ( 'NONE', #1485, 6.499999999999999112 ) ;
#1270 = CARTESIAN_POINT ( 'NONE',  ( -24.85308077087574574, -19.76791708925462743, 14.57467371536512069 ) ) ;
#1271 = VERTEX_POINT ( 'NONE', #1074 ) ;
#1272 = CARTESIAN_POINT ( 'NONE',  ( 31.37417147596652356, -19.95918338997007169, -0.6334588898881619023 ) ) ;
#1273 = VERTEX_POINT ( 'NONE', #2834 ) ;
#1274 = CARTESIAN_POINT ( 'NONE',  ( -18.96426711509508323, 25.47367507701946465, 9.931917873219159532 ) ) ;
#1275 = CARTESIAN_POINT ( 'NONE',  ( -5.621165313792763404E-15, 1.949679350076109818, -57.19259808438621207 ) ) ;
#1276 = CARTESIAN_POINT ( 'NONE',  ( -0.8914556309328280914, 30.23768265137278632, 5.601971871520872170 ) ) ;
#1277 = CARTESIAN_POINT ( 'NONE',  ( -12.12402541061340955, -31.75000000000000000, 2.154191468302061097 ) ) ;
#1278 = VERTEX_POINT ( 'NONE', #226 ) ;
#1279 = DIRECTION ( 'NONE',  ( -0.000000000000000000, 1.000000000000000000, -0.000000000000000000 ) ) ;
#1280 = CARTESIAN_POINT ( 'NONE',  ( 34.75000000000000711, 2.789004799399966483, -9.594031420977769287 ) ) ;
#1281 = CARTESIAN_POINT ( 'NONE',  ( -28.43146283618018799, -19.13186494948527994, 5.814770253492670626 ) ) ;
#1282 = VERTEX_POINT ( 'NONE', #661 ) ;
#1283 = LINE ( 'NONE', #3832, #3015 ) ;
#1284 = CARTESIAN_POINT ( 'NONE',  ( -28.23950811153867235, -18.02565717807820178, -17.83499370751901481 ) ) ;
#1285 = CARTESIAN_POINT ( 'NONE',  ( -24.74999999999999289, -9.591564683836161009, 0.7887280973505833570 ) ) ;
#1286 = CARTESIAN_POINT ( 'NONE',  ( -22.87993349787135244, 28.37907169554443954, -0.3111162623796697724 ) ) ;
#1287 = CARTESIAN_POINT ( 'NONE',  ( 31.65752670660296175, -13.87186118481144348, 7.167187115787837293 ) ) ;
#1288 = CARTESIAN_POINT ( 'NONE',  ( 15.55266826767997657, -27.70610996363395628, 13.50804326730682092 ) ) ;
#1289 = EDGE_CURVE ( 'NONE', #6532, #3348, #1491, .T. ) ;
#1290 = DIRECTION ( 'NONE',  ( 0.000000000000000000, -0.000000000000000000, 1.000000000000000000 ) ) ;
#1291 = CARTESIAN_POINT ( 'NONE',  ( 22.93280711343482636, -19.76148284702132685, 14.57324412693503390 ) ) ;
#1292 = ORIENTED_EDGE ( 'NONE', *, *, #4955, .T. ) ;
#1293 = ORIENTED_EDGE ( 'NONE', *, *, #2759, .F. ) ;
#1294 = DIRECTION ( 'NONE',  ( 0.000000000000000000, 0.000000000000000000, -1.000000000000000000 ) ) ;
#1295 = CARTESIAN_POINT ( 'NONE',  ( -15.88598014856445317, -31.75000000000000000, 4.747637884384262819 ) ) ;
#1296 = DIRECTION ( 'NONE',  ( 0.000000000000000000, 1.000000000000000000, 0.000000000000000000 ) ) ;
#1297 = CARTESIAN_POINT ( 'NONE',  ( 6.123233995736767268E-16, -31.75000000000000000, 5.000000000000000000 ) ) ;
#1298 = CARTESIAN_POINT ( 'NONE',  ( -8.027272884855676693, -29.19613370086750948, 7.732142500165264387 ) ) ;
#1299 = EDGE_CURVE ( 'NONE', #941, #2099, #5873, .T. ) ;
#1300 = CARTESIAN_POINT ( 'NONE',  ( 17.63964993285865290, -29.05197958286428062, 7.305211428378672878 ) ) ;
#1301 = CARTESIAN_POINT ( 'NONE',  ( -14.32267036027793772, -30.25000000000000000, 1.313456140205225831 ) ) ;
#1302 = CARTESIAN_POINT ( 'NONE',  ( 28.23950811153867591, 18.02565717807821599, -17.83499370751901836 ) ) ;
#1303 = CARTESIAN_POINT ( 'NONE',  ( -4.605201017607277514, 31.63742184160615878, 5.747928221845561403 ) ) ;
#1304 = CARTESIAN_POINT ( 'NONE',  ( 29.02728503599072596, 8.513473053892212761, 13.47218163977897909 ) ) ;
#1305 = ORIENTED_EDGE ( 'NONE', *, *, #1941, .T. ) ;
#1306 = EDGE_CURVE ( 'NONE', #2039, #6013, #395, .T. ) ;
#1307 = CARTESIAN_POINT ( 'NONE',  ( 32.46887034436107200, -17.13905383294283169, 3.416154764655395581 ) ) ;
#1308 = ORIENTED_EDGE ( 'NONE', *, *, #5715, .T. ) ;
#1309 = B_SPLINE_CURVE_WITH_KNOTS ( 'NONE', 3,
 ( #1388, #799, #1863, #1832, #2908, #6020, #3506, #5512, #5607, #5547, #4994, #1284, #303, #6499, #1320, #2414, #6628, #3005, #6084, #836, #2872, #2974 ),
 .UNSPECIFIED., .F., .F.,
 ( 4, 2, 2, 2, 2, 2, 2, 2, 2, 2, 4 ),
 ( 0.000000000000000000, 0.002863486918561588927, 0.005726973837123177855, 0.008590460755684765914, 0.01145394767424635571, 0.01431743459280794550, 0.01574917805208874214, 0.01718092151136953877, 0.02004440842993112856, 0.02147615188921192172, 0.02290789534849271142 ),
 .UNSPECIFIED. ) ;
#1310 = CARTESIAN_POINT ( 'NONE',  ( 16.42012677307767987, 31.75000000000000000, 4.692328251775139236 ) ) ;
#1311 = CARTESIAN_POINT ( 'NONE',  ( 32.40622562401014051, 10.67078234191807873, 7.130454868564774173 ) ) ;
#1312 = CARTESIAN_POINT ( 'NONE',  ( 14.75000000000000888, -23.75000000000000000, -18.50000000000000355 ) ) ;
#1313 = EDGE_CURVE ( 'NONE', #2182, #6421, #6461, .T. ) ;
#1314 = CARTESIAN_POINT ( 'NONE',  ( 0.000000000000000000, 0.000000000000000000, 0.000000000000000000 ) ) ;
#1315 = CALENDAR_DATE ( 2026, 16, 9 ) ;
#1316 = FACE_OUTER_BOUND ( 'NONE', #3926, .T. ) ;
#1317 = ORIENTED_EDGE ( 'NONE', *, *, #2723, .T. ) ;
#1318 = CARTESIAN_POINT ( 'NONE',  ( 34.75000000000001421, -8.481306988097752964, 4.403948626166775959 ) ) ;
#1319 = EDGE_CURVE ( 'NONE', #3755, #2339, #190, .T. ) ;
#1320 = CARTESIAN_POINT ( 'NONE',  ( -29.57872485260915596, -16.69577687984223502, -17.39935746922587612 ) ) ;
#1321 = CARTESIAN_POINT ( 'NONE',  ( 1.993397596923309356E-14, 23.34889057605980156, -19.99999999998605205 ) ) ;
#1322 = CARTESIAN_POINT ( 'NONE',  ( 14.75000000000000888, 31.75000000000000000, 5.000000000000000000 ) ) ;
#1323 = CARTESIAN_POINT ( 'NONE',  ( 13.40297296725716336, -28.78851823875502802, 12.81119475558785048 ) ) ;
#1324 = DIRECTION ( 'NONE',  ( 1.051487022857843870E-15, -0.9559765314379583545, 0.2934431313557199217 ) ) ;
#1325 = ORIENTED_EDGE ( 'NONE', *, *, #2509, .T. ) ;
#1326 = CARTESIAN_POINT ( 'NONE',  ( 12.76976164597960661, -27.42843076290382953, 12.81119475558784515 ) ) ;
#1327 = EDGE_LOOP ( 'NONE', ( #3820, #3236, #3994, #3965, #3621, #393, #3047, #6100, #1761, #2320 ) ) ;
#1328 = DIRECTION ( 'NONE',  ( -0.000000000000000000, -0.000000000000000000, 1.000000000000000000 ) ) ;
#1329 = CARTESIAN_POINT ( 'NONE',  ( -26.93984423858497834, -21.43002854840005256, 5.714886828689016873 ) ) ;
#1330 = CARTESIAN_POINT ( 'NONE',  ( 33.25000000000000000, 3.378757336137190315, 4.010009821067316516 ) ) ;
#1331 = CARTESIAN_POINT ( 'NONE',  ( 16.51989541670380746, -27.14159932055023106, 13.73589029280943485 ) ) ;
#1332 = CARTESIAN_POINT ( 'NONE',  ( -30.83684482141516980, -12.60757313389332523, 6.190387503597460928 ) ) ;
#1333 = CARTESIAN_POINT ( 'NONE',  ( 15.06381232053664299, -29.91912454903371810, 7.258389950753902475 ) ) ;
#1334 = CARTESIAN_POINT ( 'NONE',  ( -29.21679412500279938, 17.61305112579938736, 5.876882043577206005 ) ) ;
#1335 = B_SPLINE_CURVE_WITH_KNOTS ( 'NONE', 3,
 ( #5851, #4751, #3204, #3173, #1141, #2203 ),
 .UNSPECIFIED., .F., .F.,
 ( 4, 2, 4 ),
 ( -3.563707374603954623E-05, 0.006191837442070849060, 0.01241931195788773673 ),
 .UNSPECIFIED. ) ;
#1336 = CARTESIAN_POINT ( 'NONE',  ( 30.25000000000001066, 0.000000000000000000, 80.00000000000000000 ) ) ;
#1337 = DIRECTION ( 'NONE',  ( 1.000000000000000000, 0.000000000000000000, 0.000000000000000000 ) ) ;
#1338 = CARTESIAN_POINT ( 'NONE',  ( 6.575954937948631951, 31.07608301324107458, 9.161994681961980191 ) ) ;
#1339 = ORIENTED_EDGE ( 'NONE', *, *, #81, .T. ) ;
#1340 = CARTESIAN_POINT ( 'NONE',  ( 24.82146177299295431, -27.28852814251786185, 3.366814201560079933 ) ) ;
#1341 = VERTEX_POINT ( 'NONE', #2797 ) ;
#1342 = CARTESIAN_POINT ( 'NONE',  ( -2.027532701813025806, 30.25000000000000000, 4.555677527815803707 ) ) ;
#1343 = CARTESIAN_POINT ( 'NONE',  ( -2.225527350209402844, 30.17131387980260726, 6.500468327557085146 ) ) ;
#1344 = B_SPLINE_CURVE_WITH_KNOTS ( 'NONE', 3,
 ( #2827, #5910, #1821, #5019, #4368, #321 ),
 .UNSPECIFIED., .F., .F.,
 ( 4, 2, 4 ),
 ( 0.000000000000000000, 0.002796521179539492811, 0.005593042359078985622 ),
 .UNSPECIFIED. ) ;
#1345 = CARTESIAN_POINT ( 'NONE',  ( -4.242476075745755359, -31.75000000001429257, 4.915629208938334216 ) ) ;
#1346 = ORIENTED_EDGE ( 'NONE', *, *, #3377, .F. ) ;
#1347 = DIRECTION ( 'NONE',  ( -8.896636538292433236E-16, -0.9858269600613880357, 0.1677653266206178273 ) ) ;
#1348 = CARTESIAN_POINT ( 'NONE',  ( 9.797174393178827630E-15, 0.000000000000000000, 80.00000000000000000 ) ) ;
#1349 = CALENDAR_DATE ( 2026, 16, 9 ) ;
#1350 = VERTEX_POINT ( 'NONE', #4407 ) ;
#1351 = CARTESIAN_POINT ( 'NONE',  ( -34.74999999999999289, 9.957630807190909650, 0.7264319640393001043 ) ) ;
#1352 = CC_DESIGN_SECURITY_CLASSIFICATION ( #4095, ( #2337 ) ) ;
#1353 = CARTESIAN_POINT ( 'NONE',  ( -20.91520073160508275, 27.60548494649411566, 7.151952546090534213 ) ) ;
#1354 = CARTESIAN_POINT ( 'NONE',  ( 1.861778379204185313E-14, -6.624559974951420571, -50.38869881651591953 ) ) ;
#1355 = CARTESIAN_POINT ( 'NONE',  ( -32.28091840156677961, 17.69049356062594214, -0.4732983750054135519 ) ) ;
#1356 = CARTESIAN_POINT ( 'NONE',  ( 12.66472444408286613, -29.13582256249161162, 9.276770233313774483 ) ) ;
#1357 = CARTESIAN_POINT ( 'NONE',  ( 23.68298611584260271, -18.85685439909262229, 14.58075818007708513 ) ) ;
#1358 = ORIENTED_EDGE ( 'NONE', *, *, #3534, .T. ) ;
#1359 = CIRCLE ( 'NONE', #3223, 6.500000000000002665 ) ;
#1360 = DIRECTION ( 'NONE',  ( 0.000000000000000000, 1.000000000000000000, 0.000000000000000000 ) ) ;
#1361 = CARTESIAN_POINT ( 'NONE',  ( -25.69896779523124764, -22.85072417827118940, 5.727515693449335643 ) ) ;
#1362 = CARTESIAN_POINT ( 'NONE',  ( -13.01934794929582395, 30.25000000000000000, 1.860208429780713324 ) ) ;
#1363 = CARTESIAN_POINT ( 'NONE',  ( 20.65252187984599885, 29.32461994349000634, -0.03116979209559384012 ) ) ;
#1364 = CARTESIAN_POINT ( 'NONE',  ( 2.250724320392814448, -31.75000000000000711, 5.367940964659933201 ) ) ;
#1365 = CARTESIAN_POINT ( 'NONE',  ( 17.33208471476054768, -31.59321569693102205, 0.5738607651076623739 ) ) ;
#1366 = CARTESIAN_POINT ( 'NONE',  ( 4.055553041119621227, -30.25000000000000000, 4.111718540497375507 ) ) ;
#1367 = ORIENTED_EDGE ( 'NONE', *, *, #3347, .T. ) ;
#1368 = CARTESIAN_POINT ( 'NONE',  ( -23.28467344308868903, 24.85740435885870525, 5.900185491243780334 ) ) ;
#1369 = AXIS2_PLACEMENT_3D ( 'NONE', #4523, #4559, #6638 ) ;
#1370 = CIRCLE ( 'NONE', #1473, 20.00000000000000000 ) ;
#1371 = CARTESIAN_POINT ( 'NONE',  ( 29.23390318714376690, -17.60978112805804585, 5.874853463428852507 ) ) ;
#1372 = APPROVAL ( #299, 'UNSPECIFIED' ) ;
#1373 = CARTESIAN_POINT ( 'NONE',  ( -12.18382520098058031, 29.33743036562061235, 9.093916431055475869 ) ) ;
#1374 = CARTESIAN_POINT ( 'NONE',  ( 2.306841934668073080, 31.74999999999999645, 5.374679618384940127 ) ) ;
#1375 = CARTESIAN_POINT ( 'NONE',  ( 33.88642456122107660, 17.64522476338068202, 4.083274570989081198 ) ) ;
#1376 = AXIS2_PLACEMENT_3D ( 'NONE', #5375, #3378, #194 ) ;
#1377 = EDGE_CURVE ( 'NONE', #5881, #1282, #3526, .T. ) ;
#1378 = CARTESIAN_POINT ( 'NONE',  ( -33.18560699891349230, 3.513891999190401183, 6.904961296940772542 ) ) ;
#1379 = ORIENTED_EDGE ( 'NONE', *, *, #6226, .F. ) ;
#1380 = CARTESIAN_POINT ( 'NONE',  ( 30.72899632801444270, -13.09099167490565030, 6.164775045541901477 ) ) ;
#1381 = AXIS2_PLACEMENT_3D ( 'NONE', #3020, #408, #6609 ) ;
#1382 = CARTESIAN_POINT ( 'NONE',  ( 14.75000000000000888, 23.75000000000000355, -12.00000000000000000 ) ) ;
#1383 = CARTESIAN_POINT ( 'NONE',  ( -11.73550413075896870, -31.74999999999641886, 4.766216361622819697 ) ) ;
#1384 = DIRECTION ( 'NONE',  ( -0.8750219591144487996, 0.3304493228969189178, 0.3537510651072020562 ) ) ;
#1385 = EDGE_CURVE ( 'NONE', #46, #2164, #1163, .T. ) ;
#1386 = EDGE_LOOP ( 'NONE', ( #1717, #4387, #2674 ) ) ;
#1387 = CARTESIAN_POINT ( 'NONE',  ( -7.895906590930561464, 29.88553668928691920, 5.781948279965962278 ) ) ;
#1388 = CARTESIAN_POINT ( 'NONE',  ( -14.74999999999998579, -23.74530653910392175, -18.49999830549399604 ) ) ;
#1389 = CARTESIAN_POINT ( 'NONE',  ( 34.24891568931946750, -16.24644935505169130, -0.3062004874967946266 ) ) ;
#1390 = LINE ( 'NONE', #702, #4536 ) ;
#1391 = CARTESIAN_POINT ( 'NONE',  ( -13.28559238145900956, 27.18243802623252847, 13.00257948368216709 ) ) ;
#1392 = CARTESIAN_POINT ( 'NONE',  ( 14.02565424965258956, -30.36770034178455901, 6.903821137182815981 ) ) ;
#1393 = CARTESIAN_POINT ( 'NONE',  ( 31.33234563756336399, -10.54834844691410645, 6.083589786439446812 ) ) ;
#1394 = ORIENTED_EDGE ( 'NONE', *, *, #1714, .F. ) ;
#1395 = CARTESIAN_POINT ( 'NONE',  ( -24.02328245759105130, -18.39178728249448369, 9.165685187683662249 ) ) ;
#1396 = B_SPLINE_CURVE_WITH_KNOTS ( 'NONE', 3,
 ( #6011, #3997, #3473, #6077, #4951, #2336, #2830, #4917, #2898, #222 ),
 .UNSPECIFIED., .F., .F.,
 ( 4, 2, 2, 2, 4 ),
 ( 0.009133490085612835582, 0.01141402955607865449, 0.01369456902654447340, 0.01597510849701028884, 0.01825564796747610949 ),
 .UNSPECIFIED. ) ;
#1397 = CARTESIAN_POINT ( 'NONE',  ( -4.055493624792576135, -30.25000000000000000, 4.111731725732350462 ) ) ;
#1398 = CARTESIAN_POINT ( 'NONE',  ( 28.23464336795304419, 24.43031469807531053, -0.7062811747465967960 ) ) ;
#1399 = CARTESIAN_POINT ( 'NONE',  ( -24.85519609682571129, 19.79176379357469884, 9.861276312809810207 ) ) ;
#1400 = CARTESIAN_POINT ( 'NONE',  ( 17.97949076510780131, -31.49829367409736491, 0.4578818040306284476 ) ) ;
#1401 = DIRECTION ( 'NONE',  ( 1.000000000000000000, 0.000000000000000000, 0.000000000000000000 ) ) ;
#1402 = VERTEX_POINT ( 'NONE', #3344 ) ;
#1403 = CARTESIAN_POINT ( 'NONE',  ( -14.74999999999849365, 30.25000000000000355, 1.114006583038916975 ) ) ;
#1404 =( BOUNDED_SURFACE ( )  B_SPLINE_SURFACE ( 3, 2, ( 
 ( #5835, #84, #1093 ),
 ( #1538, #2158, #1062 ),
 ( #4737, #3159, #2718 ),
 ( #6276, #4806, #5256 ),
 ( #5330, #116, #5292 ),
 ( #4708, #2685, #4154 ),
 ( #1677, #4222, #42 ),
 ( #581, #1126, #3781 ),
 ( #4772, #2190, #4290 ),
 ( #2123, #4257, #617 ),
 ( #6314, #6754, #6381 ),
 ( #5874, #3263, #1607 ),
 ( #5224, #512, #3228 ),
 ( #1164, #5364, #649 ),
 ( #4675, #2611, #8 ),
 ( #2053, #6241, #546 ),
 ( #2088, #3632, #4187 ),
 ( #1572, #3670, #5733 ),
 ( #3743, #5770, #2646 ),
 ( #3190, #3707, #5802 ),
 ( #1027, #6351, #1643 ),
 ( #3128, #3848, #5905 ),
 ( #5430, #2328, #180 ),
 ( #2265, #4428, #5970 ),
 ( #1816, #2298, #6482 ),
 ( #1713, #4874, #780 ),
 ( #4909, #2362, #681 ),
 ( #3954, #4943, #6449 ) ),
 .UNSPECIFIED., .F., .F., .F. ) 
 B_SPLINE_SURFACE_WITH_KNOTS ( ( 4, 2, 2, 2, 2, 2, 2, 2, 2, 2, 2, 2, 2, 4 ),
 ( 3, 3 ),
 ( 0.005577528999902551382, 0.006575342335778486258, 0.007573155671654421134, 0.008570969007530356010, 0.009568782343406290886, 0.01156440901515816064, 0.01256222235103409551, 0.01356003568691003212, 0.01555566235866190361, 0.01655347569453783849, 0.01755128903041377336, 0.01954691570216564311, 0.02054472903804157799, 0.02154254237391751287 ),
 ( 0.000000000000000000, 1.000000000000000000 ),
 .UNSPECIFIED. ) 
 GEOMETRIC_REPRESENTATION_ITEM ( )  RATIONAL_B_SPLINE_SURFACE ( (
 ( 1.000000000000000000, 0.9194434921897859381, 1.000000000000000000),
 ( 1.000000000000000000, 0.9181746106212197445, 1.000000000000000000),
 ( 1.000000000000000000, 0.9169857232909763844, 1.000000000000000000),
 ( 1.000000000000000000, 0.9148323432700924407, 1.000000000000000000),
 ( 1.000000000000000000, 0.9138624569971396383, 1.000000000000000000),
 ( 1.000000000000000000, 0.9121177707693886028, 1.000000000000000000),
 ( 1.000000000000000000, 0.9113429062784990098, 1.000000000000000000),
 ( 1.000000000000000000, 0.9099754850861430100, 1.000000000000000000),
 ( 1.000000000000000000, 0.9093807879405640948, 1.000000000000000000),
 ( 1.000000000000000000, 0.9078766665656049506, 1.000000000000000000),
 ( 1.000000000000000000, 0.9072561134095279423, 1.000000000000000000),
 ( 1.000000000000000000, 0.9068360406527798956, 1.000000000000000000),
 ( 1.000000000000000000, 0.9067824230556884579, 1.000000000000000000),
 ( 1.000000000000000000, 0.9068532314977719722, 1.000000000000000000),
 ( 1.000000000000000000, 0.9069778965056989328, 1.000000000000000000),
 ( 1.000000000000000000, 0.9076199276954604045, 1.000000000000000000),
 ( 1.000000000000000000, 0.9083929125578021901, 1.000000000000000000),
 ( 1.000000000000000000, 0.9101074423684549775, 1.000000000000000000),
 ( 1.000000000000000000, 0.9107726465158795248, 1.000000000000000000),
 ( 1.000000000000000000, 0.9123112173640043343, 1.000000000000000000),
 ( 1.000000000000000000, 0.9131736947750813682, 1.000000000000000000),
 ( 1.000000000000000000, 0.9160404082737253484, 1.000000000000000000),
 ( 1.000000000000000000, 0.9183301779754827754, 1.000000000000000000),
 ( 1.000000000000000000, 0.9223954563457106293, 1.000000000000000000),
 ( 1.000000000000000000, 0.9238495669831022772, 1.000000000000000000),
 ( 1.000000000000000000, 0.9268856911673289956, 1.000000000000000000),
 ( 1.000000000000000000, 0.9284745577693547247, 1.000000000000000000),
 ( 1.000000000000000000, 0.9301069718818449905, 1.000000000000000000) ) ) 
 REPRESENTATION_ITEM ( '' )  SURFACE ( )  );
#1405 = CARTESIAN_POINT ( 'NONE',  ( 34.75000000000001421, -7.259206572310353600, -11.58862702703004288 ) ) ;
#1406 = CARTESIAN_POINT ( 'NONE',  ( 12.47601265871482745, 30.69394372293487905, 6.719246437413691986 ) ) ;
#1407 = CARTESIAN_POINT ( 'NONE',  ( 33.59384988021358964, 18.49287368300227286, 4.049408637758205920 ) ) ;
#1408 = B_SPLINE_CURVE_WITH_KNOTS ( 'NONE', 3,
 ( #4750, #2135, #1588, #3685 ),
 .UNSPECIFIED., .F., .F.,
 ( 4, 4 ),
 ( 0.000000000000000000, 0.002223539880700301386 ),
 .UNSPECIFIED. ) ;
#1409 = CARTESIAN_POINT ( 'NONE',  ( 32.18766226403079855, 11.74426880893141778, 7.211638568967599028 ) ) ;
#1410 = ORIENTED_EDGE ( 'NONE', *, *, #4602, .F. ) ;
#1411 = CARTESIAN_POINT ( 'NONE',  ( -30.55309886995917523, -24.02322171750001445, 3.930096651671923347 ) ) ;
#1412 = CARTESIAN_POINT ( 'NONE',  ( 33.25000000000000711, 11.75000000000000178, -12.00000000000000000 ) ) ;
#1413 = FACE_OUTER_BOUND ( 'NONE', #3903, .T. ) ;
#1414 = CARTESIAN_POINT ( 'NONE',  ( 7.377715486180767002, 30.25000000001081801, 4.636031077311679738 ) ) ;
#1415 = CARTESIAN_POINT ( 'NONE',  ( -24.27866917231273547, 25.35298360701158771, 7.000093318214476668 ) ) ;
#1416 = EDGE_LOOP ( 'NONE', ( #3429, #5819, #5584 ) ) ;
#1417 = CARTESIAN_POINT ( 'NONE',  ( -26.43895697872288153, 21.93126899103555871, 5.779340450111189575 ) ) ;
#1418 = B_SPLINE_CURVE_WITH_KNOTS ( 'NONE', 3,
 ( #5886, #5813, #6362, #1174, #3274, #4686, #1587, #4198, #5782, #6252 ),
 .UNSPECIFIED., .F., .F.,
 ( 4, 2, 2, 2, 4 ),
 ( 0.000000000000000000, 0.005279112363255434280, 0.01055822472651086856, 0.01583733708976630197, 0.02111644945302174059 ),
 .UNSPECIFIED. ) ;
#1419 = EDGE_CURVE ( 'NONE', #4823, #6532, #6723, .T. ) ;
#1420 = CARTESIAN_POINT ( 'NONE',  ( -21.68997031501399775, 27.16560419872717347, 7.113702804354856468 ) ) ;
#1421 = CARTESIAN_POINT ( 'NONE',  ( 30.19249228728207868, -17.87761298508569396, 7.004381932556389856 ) ) ;
#1422 = CARTESIAN_POINT ( 'NONE',  ( 29.92921231950440486, 10.62718012918732668, 9.880841020712395562 ) ) ;
#1423 = CARTESIAN_POINT ( 'NONE',  ( -21.43424304149282378, 26.25328871837768574, 5.891632908455052053 ) ) ;
#1424 = CARTESIAN_POINT ( 'NONE',  ( 27.22641901269693676, 13.23333890373280575, 9.294659359393133258 ) ) ;
#1425 = ORIENTED_EDGE ( 'NONE', *, *, #184, .T. ) ;
#1426 = CARTESIAN_POINT ( 'NONE',  ( 9.959163886910834762, 28.60131461482560766, 8.269866136778844634 ) ) ;
#1427 = CARTESIAN_POINT ( 'NONE',  ( -28.81851540773809717, -9.225287781886958527, 9.268741713997865617 ) ) ;
#1428 = CARTESIAN_POINT ( 'NONE',  ( 30.14425054019600836, 2.903576830067307935, 12.29120925965086109 ) ) ;
#1429 = FACE_OUTER_BOUND ( 'NONE', #4811, .T. ) ;
#1430 = CARTESIAN_POINT ( 'NONE',  ( -30.46665454190762645, 8.935628742514969858, 13.47218163977896488 ) ) ;
#1431 = CARTESIAN_POINT ( 'NONE',  ( 4.541298327244784439, -23.44568341742399653, -18.50000000000000000 ) ) ;
#1432 = CARTESIAN_POINT ( 'NONE',  ( -14.74999999999999112, 39.05764969887461291, 11.82629151725428152 ) ) ;
#1433 = CARTESIAN_POINT ( 'NONE',  ( 17.63964993285859606, 29.05197958286430193, 7.305211428378672878 ) ) ;
#1434 = CARTESIAN_POINT ( 'NONE',  ( -33.18365393718762135, -3.556927447306022838, 6.905872981836226110 ) ) ;
#1435 = EDGE_CURVE ( 'NONE', #1273, #966, #4848, .T. ) ;
#1436 = CARTESIAN_POINT ( 'NONE',  ( -14.74999999999992362, -21.75000000000000000, 1.114006583038579912 ) ) ;
#1437 = CARTESIAN_POINT ( 'NONE',  ( -26.85244538757535793, -23.02709072727873618, 6.868888172663838887 ) ) ;
#1438 = CARTESIAN_POINT ( 'NONE',  ( 31.41405356183358322, 14.74604785524691053, 7.128415173934111948 ) ) ;
#1439 = CARTESIAN_POINT ( 'NONE',  ( 17.01901286937753000, -30.11932693447259268, 0.5981173883066273067 ) ) ;
#1440 = CARTESIAN_POINT ( 'NONE',  ( 3.234044672315733073E-15, -12.67940746143838027, -47.82627013290496620 ) ) ;
#1441 = CARTESIAN_POINT ( 'NONE',  ( 1.993397596923309356E-14, 23.34889057605980156, -19.99999999998605205 ) ) ;
#1442 = CARTESIAN_POINT ( 'NONE',  ( -33.26771444734239225, -19.33511536476689940, 4.019043929656733738 ) ) ;
#1443 = CARTESIAN_POINT ( 'NONE',  ( 30.41210878602245060, 14.39351280241777964, 6.068963424956912434 ) ) ;
#1444 = CARTESIAN_POINT ( 'NONE',  ( -14.74999999999999645, -23.75000000000000000, -12.00000000000000000 ) ) ;
#1445 = DIRECTION ( 'NONE',  ( -0.8750219591144487996, 0.3304493228969189178, 0.3537510651072020562 ) ) ;
#1446 = CARTESIAN_POINT ( 'NONE',  ( -33.88918843987259777, 17.63691694476084493, 4.083616195321237541 ) ) ;
#1447 = ORIENTED_EDGE ( 'NONE', *, *, #2441, .F. ) ;
#1448 = CARTESIAN_POINT ( 'NONE',  ( -7.043139612122777393, 29.44658771467526037, 7.429627085369912898 ) ) ;
#1449 = CARTESIAN_POINT ( 'NONE',  ( 10.90043438996366376, -28.25741181220756104, 8.502375998605703700 ) ) ;
#1450 = CIRCLE ( 'NONE', #4196, 10.00000000000000000 ) ;
#1451 = CARTESIAN_POINT ( 'NONE',  ( 28.00184943311629127, -21.50214110951798219, 6.928153784301006368 ) ) ;
#1452 = CARTESIAN_POINT ( 'NONE',  ( 26.85244538757685717, 23.02709072727758510, 6.868888172663305980 ) ) ;
#1453 = CARTESIAN_POINT ( 'NONE',  ( -23.42671646953924380, 24.92375185189337472, 5.798005739164273642 ) ) ;
#1454 = CARTESIAN_POINT ( 'NONE',  ( 14.75000000000000888, -23.75000000000000000, -12.00000000000000000 ) ) ;
#1455 = CARTESIAN_POINT ( 'NONE',  ( 28.29338403625929033, 10.71855016534741800, 13.94470258692027897 ) ) ;
#1456 = ORIENTED_EDGE ( 'NONE', *, *, #2441, .T. ) ;
#1457 = CARTESIAN_POINT ( 'NONE',  ( -31.53249003540819473, -3.785994080308359155, 12.41334909315640189 ) ) ;
#1458 = CARTESIAN_POINT ( 'NONE',  ( -8.750953537791779979, -29.78025478503986889, 5.913500501801390641 ) ) ;
#1459 = CC_DESIGN_APPROVAL ( #2969, ( #3762 ) ) ;
#1460 = FACE_OUTER_BOUND ( 'NONE', #4012, .T. ) ;
#1461 = CARTESIAN_POINT ( 'NONE',  ( -25.04303788188111923, 24.87117893578200878, 6.894836205297855791 ) ) ;
#1462 = CARTESIAN_POINT ( 'NONE',  ( -13.02278510587395921, -30.25000000000000000, 1.858907320899056081 ) ) ;
#1463 = DIRECTION ( 'NONE',  ( 1.000000000000000000, -0.000000000000000000, 0.000000000000000000 ) ) ;
#1464 = EDGE_CURVE ( 'NONE', #486, #3489, #2148, .T. ) ;
#1465 = CARTESIAN_POINT ( 'NONE',  ( -16.67982962016404258, 30.20710638990370356, 4.085567101736995888 ) ) ;
#1466 = CARTESIAN_POINT ( 'NONE',  ( 13.37798013455190116, 30.25000000000000000, 4.395105616748068655 ) ) ;
#1467 = DIRECTION ( 'NONE',  ( 0.000000000000000000, -0.000000000000000000, 1.000000000000000000 ) ) ;
#1468 = CARTESIAN_POINT ( 'NONE',  ( -15.59320433312859677, -29.96802386098642401, 7.000523548479086422 ) ) ;
#1469 = VERTEX_POINT ( 'NONE', #2575 ) ;
#1470 = CARTESIAN_POINT ( 'NONE',  ( 28.73869404478353573, 13.55318960630988911, 14.26830775127587003 ) ) ;
#1471 = EDGE_CURVE ( 'NONE', #966, #3071, #6406, .T. ) ;
#1472 = CARTESIAN_POINT ( 'NONE',  ( 16.16960775711610765, -30.25000000000000000, 4.155580001464636908 ) ) ;
#1473 = AXIS2_PLACEMENT_3D ( 'NONE', #1700, #5451, #136 ) ;
#1474 = CARTESIAN_POINT ( 'NONE',  ( 3.098074650744741711E-15, -12.14058973975869016, -48.63960092251666367 ) ) ;
#1475 = CARTESIAN_POINT ( 'NONE',  ( 13.00000000000001066, 2.939152317953647106E-15, -214.9999999999998863 ) ) ;
#1476 = CARTESIAN_POINT ( 'NONE',  ( -30.91741938816474189, -23.53908104951139890, 3.931945007431501438 ) ) ;
#1477 = CARTESIAN_POINT ( 'NONE',  ( 32.78379379686309392, 15.92083342188108119, -0.3074173290036253392 ) ) ;
#1478 = B_SPLINE_CURVE_WITH_KNOTS ( 'NONE', 3,
 ( #6727, #4582, #6662, #6117, #1964, #2512, #3072, #2031, #4131, #1417, #5160, #4066, #3505, #2973, #1934, #6625, #4613, #3574 ),
 .UNSPECIFIED., .F., .F.,
 ( 4, 2, 2, 2, 2, 2, 2, 2, 4 ),
 ( 0.000000000000000000, 0.002583530849231966547, 0.005167061698463933095, 0.007750592547695899642, 0.01033412339692786619, 0.01291765424615983274, 0.01550118509539179928, 0.01808471594462376583, 0.02066824679385573238 ),
 .UNSPECIFIED. ) ;
#1479 = CIRCLE ( 'NONE', #5329, 6.500000000000002665 ) ;
#1480 = CARTESIAN_POINT ( 'NONE',  ( -11.21706586826347340, -29.70252402249746382, 11.82629151725428152 ) ) ;
#1481 = CARTESIAN_POINT ( 'NONE',  ( 0.000000000000000000, -30.25000000000000000, 5.000000000000000000 ) ) ;
#1482 = CARTESIAN_POINT ( 'NONE',  ( -20.92033180202397347, 27.60331616860120363, 7.151710439991195045 ) ) ;
#1483 = ORIENTED_EDGE ( 'NONE', *, *, #3492, .F. ) ;
#1484 = CARTESIAN_POINT ( 'NONE',  ( -10.90043439000007197, 28.25741181221993159, 8.502375998516967570 ) ) ;
#1485 = AXIS2_PLACEMENT_3D ( 'NONE', #2076, #5791, #1151 ) ;
#1486 = CARTESIAN_POINT ( 'NONE',  ( -21.70059263977282527, -27.15957353716944667, 7.113178601282417191 ) ) ;
#1487 = CARTESIAN_POINT ( 'NONE',  ( 34.75000000000000711, -11.74999999999997158, 0.2546058388727107658 ) ) ;
#1488 = CARTESIAN_POINT ( 'NONE',  ( 18.98537450188994669, 25.47736935056386898, 9.940883809875781907 ) ) ;
#1489 = CARTESIAN_POINT ( 'NONE',  ( -26.87630228019338929, 13.93163497735501899, 14.36711891095696458 ) ) ;
#1490 = CARTESIAN_POINT ( 'NONE',  ( 31.27400859483995532, 11.08761005340771000, 6.064821712324803826 ) ) ;
#1491 = B_SPLINE_CURVE_WITH_KNOTS ( 'NONE', 3,
 ( #129, #3795, #261, #2308, #1793, #694, #4887, #731 ),
 .UNSPECIFIED., .F., .F.,
 ( 4, 2, 2, 4 ),
 ( 0.000000000000000000, 0.003344368324488727028, 0.006688736648977454055, 0.01337747329795490811 ),
 .UNSPECIFIED. ) ;
#1492 = ORIENTED_EDGE ( 'NONE', *, *, #63, .T. ) ;
#1493 = CC_DESIGN_PERSON_AND_ORGANIZATION_ASSIGNMENT ( #3305, #3440, ( #4095 ) ) ;
#1494 = CARTESIAN_POINT ( 'NONE',  ( 4.055553041119621227, -31.75000000000000000, 4.111718540497375507 ) ) ;
#1495 = CARTESIAN_POINT ( 'NONE',  ( -10.12050734920466155, -31.75000000000000000, 2.698146503093759918 ) ) ;
#1496 = CARTESIAN_POINT ( 'NONE',  ( -26.86556648472141617, 23.05545223252729059, 6.865253137623682278 ) ) ;
#1497 = CARTESIAN_POINT ( 'NONE',  ( -33.25000000000000711, 8.411575707884674458, 3.901850873717528589 ) ) ;
#1498 = DIRECTION ( 'NONE',  ( 0.000000000000000000, 0.000000000000000000, -1.000000000000000000 ) ) ;
#1499 = ORIENTED_EDGE ( 'NONE', *, *, #1091, .F. ) ;
#1500 = CARTESIAN_POINT ( 'NONE',  ( -14.74999999999999645, -31.75000000000000000, 1.114006583038579912 ) ) ;
#1501 = DIRECTION ( 'NONE',  ( 0.000000000000000000, 1.000000000000000000, 0.000000000000000000 ) ) ;
#1502 = EDGE_CURVE ( 'NONE', #6063, #4818, #492, .T. ) ;
#1503 = PLANE ( 'NONE',  #914 ) ;
#1504 = CARTESIAN_POINT ( 'NONE',  ( -18.98537450189590103, -25.47736935055743857, 9.940883809877695043 ) ) ;
#1505 = CARTESIAN_POINT ( 'NONE',  ( 29.78715857397618194, 18.68115673651115216, 6.979333283184692149 ) ) ;
#1506 = CARTESIAN_POINT ( 'NONE',  ( 27.44251245367113512, 20.92989967412948005, -19.11837301736827754 ) ) ;
#1507 = CARTESIAN_POINT ( 'NONE',  ( 17.19560368426225949, -30.14276955996016127, 4.021078512714077569 ) ) ;
#1508 = CARTESIAN_POINT ( 'NONE',  ( 33.71583254756416181, -13.53392137355472791, -15.86778882352164466 ) ) ;
#1509 = CARTESIAN_POINT ( 'NONE',  ( -28.00089046198491260, -21.50330542840233861, 6.928157241743367223 ) ) ;
#1510 = ADVANCED_FACE ( 'NONE', ( #4705 ), #1827, .T. ) ;
#1511 = CARTESIAN_POINT ( 'NONE',  ( -8.900159601138943444, 28.92594211379214642, 10.79875117484947289 ) ) ;
#1512 = CARTESIAN_POINT ( 'NONE',  ( -27.38471460441956040, 12.90422227788252485, 14.26712967772828833 ) ) ;
#1513 = CARTESIAN_POINT ( 'NONE',  ( -29.26315345572350779, 7.835173731207454750, 9.137690152054810611 ) ) ;
#1514 = CARTESIAN_POINT ( 'NONE',  ( -33.69862323828107264, 18.15782229080848609, -0.4705623835795598731 ) ) ;
#1515 = ORIENTED_EDGE ( 'NONE', *, *, #3853, .T. ) ;
#1516 = CARTESIAN_POINT ( 'NONE',  ( 34.75000000000000711, 11.39499420783289096, 0.3635771468183133792 ) ) ;
#1517 = EDGE_CURVE ( 'NONE', #3071, #3755, #1536, .T. ) ;
#1518 = CARTESIAN_POINT ( 'NONE',  ( 21.70059263977283948, 27.15957353716943956, 7.113178601282412750 ) ) ;
#1519 = DIRECTION ( 'NONE',  ( -1.000000000000000000, 0.000000000000000000, 0.000000000000000000 ) ) ;
#1520 = CYLINDRICAL_SURFACE ( 'NONE', #3239, 25.49999999999999645 ) ;
#1521 = CARTESIAN_POINT ( 'NONE',  ( 32.04728854988974973, 13.01110217844620287, 7.026805618590125313 ) ) ;
#1522 = CARTESIAN_POINT ( 'NONE',  ( -26.73599356719257614, 14.19631227628479664, 9.263095531908076552 ) ) ;
#1523 = CARTESIAN_POINT ( 'NONE',  ( 14.31014762226609704, 26.65735071434271930, 13.34052633183081760 ) ) ;
#1524 = EDGE_LOOP ( 'NONE', ( #5436, #6216, #1394 ) ) ;
#1525 = CARTESIAN_POINT ( 'NONE',  ( 1.536345571297331275E-15, 30.25000000000000711, 4.999999999999999112 ) ) ;
#1526 = CARTESIAN_POINT ( 'NONE',  ( 14.75000000000001243, -30.25000000000000000, 1.114006583038533060 ) ) ;
#1527 = CARTESIAN_POINT ( 'NONE',  ( -30.94775147553066219, 16.52308137632874363, 6.947288628268339927 ) ) ;
#1528 = CARTESIAN_POINT ( 'NONE',  ( -33.25000000000000000, -10.11111797280307734, 3.841740598619107327 ) ) ;
#1529 = CARTESIAN_POINT ( 'NONE',  ( 31.75000000000000000, 0.000000000000000000, -3.888253587292847265E-15 ) ) ;
#1530 = ORIENTED_EDGE ( 'NONE', *, *, #6265, .T. ) ;
#1531 = CARTESIAN_POINT ( 'NONE',  ( -34.71756925892787393, -13.06301430449271983, 0.06247927878666362927 ) ) ;
#1532 = CARTESIAN_POINT ( 'NONE',  ( 34.75000000000000711, 6.411906330773105900, 1.261034303617978969 ) ) ;
#1533 = CARTESIAN_POINT ( 'NONE',  ( -37.00000000000000711, 0.000000000000000000, -214.9999999999998863 ) ) ;
#1534 = LINE ( 'NONE', #3560, #3878 ) ;
#1535 = CARTESIAN_POINT ( 'NONE',  ( 1.100908770256612934, -23.75000000000001066, -20.00000000000000000 ) ) ;
#1536 = LINE ( 'NONE', #5149, #2807 ) ;
#1537 = CARTESIAN_POINT ( 'NONE',  ( 30.46665454190762645, -8.935628742514971634, 13.47218163977899508 ) ) ;
#1538 = CARTESIAN_POINT ( 'NONE',  ( -33.25000000000001421, -12.34042705535981632, 0.1566407725803005135 ) ) ;
#1539 = CARTESIAN_POINT ( 'NONE',  ( -25.94677593325185327, -23.88188270469715846, 6.946126778411287006 ) ) ;
#1540 = FACE_OUTER_BOUND ( 'NONE', #3787, .T. ) ;
#1541 = CARTESIAN_POINT ( 'NONE',  ( -3.737893981694797585, -31.58611331047954351, 7.406158783526947786 ) ) ;
#1542 = CARTESIAN_POINT ( 'NONE',  ( -30.09146372753692233, 3.209411535941662841, 8.912398339183152274 ) ) ;
#1543 = CARTESIAN_POINT ( 'NONE',  ( -29.77375638749454723, 24.96605466626663983, 3.932546336334686199 ) ) ;
#1544 = ORIENTED_EDGE ( 'NONE', *, *, #2871, .T. ) ;
#1545 = DIRECTION ( 'NONE',  ( 0.000000000000000000, 0.000000000000000000, -1.000000000000000000 ) ) ;
#1546 = CARTESIAN_POINT ( 'NONE',  ( -33.25000000000000000, -3.116093921387194765, -10.06492247475768309 ) ) ;
#1547 = CARTESIAN_POINT ( 'NONE',  ( 17.51988152363005469, -31.62626074101121176, 4.582032000393242654 ) ) ;
#1548 = CARTESIAN_POINT ( 'NONE',  ( 33.25000000000000711, -10.32424625193626788, 0.6640423588173539615 ) ) ;
#1549 = CARTESIAN_POINT ( 'NONE',  ( 16.61271249982560150, 27.06394561512831487, 13.74360719311455092 ) ) ;
#1550 = CARTESIAN_POINT ( 'NONE',  ( 1.114024324304887514, -30.23029965299708621, 5.752134149069393132 ) ) ;
#1551 = CARTESIAN_POINT ( 'NONE',  ( 33.25000000000000711, 11.05549784160372440, 3.842503624652453986 ) ) ;
#1552 = ORIENTED_EDGE ( 'NONE', *, *, #989, .F. ) ;
#1553 = CARTESIAN_POINT ( 'NONE',  ( -13.80860002999945912, -29.10114522324924380, 6.128305103566397349 ) ) ;
#1554 = CARTESIAN_POINT ( 'NONE',  ( -10.11744384865472490, 30.25000000000000000, 2.682137536598927952 ) ) ;
#1555 = CARTESIAN_POINT ( 'NONE',  ( -28.64820695776852943, -23.97561996632773074, -0.7151121415143044668 ) ) ;
#1556 = CARTESIAN_POINT ( 'NONE',  ( -12.12402541061334027, 31.75000000000000000, 2.154191468302077972 ) ) ;
#1557 = EDGE_CURVE ( 'NONE', #1695, #6357, #4560, .T. ) ;
#1558 = CIRCLE ( 'NONE', #1670, 25.49999999999999645 ) ;
#1559 = CARTESIAN_POINT ( 'NONE',  ( 2.931392053298002893E-14, 10.39801972571740407, -46.51055676515041881 ) ) ;
#1560 = CARTESIAN_POINT ( 'NONE',  ( 32.29326079174672515, -11.86332856511453215, 7.039599937660674378 ) ) ;
#1561 = ORIENTED_EDGE ( 'NONE', *, *, #2206, .F. ) ;
#1562 = CARTESIAN_POINT ( 'NONE',  ( -24.81601292540391412, -19.81455320683385324, 14.57469681877350887 ) ) ;
#1563 = CARTESIAN_POINT ( 'NONE',  ( 21.68997031501478290, -27.16560419872671162, 7.113702804354815612 ) ) ;
#1564 = CIRCLE ( 'NONE', #1240, 20.00000000000000000 ) ;
#1565 = CARTESIAN_POINT ( 'NONE',  ( 34.23952464891247871, 16.28677326058709696, -0.3101057051259520914 ) ) ;
#1566 = CARTESIAN_POINT ( 'NONE',  ( -2.202006242892969645, -24.12834290317407593, -19.99999999999999645 ) ) ;
#1567 = CARTESIAN_POINT ( 'NONE',  ( 16.42012677307763369, 31.75000000000002487, 4.692328251775140124 ) ) ;
#1568 = ADVANCED_FACE ( 'NONE', ( #6206 ), #5667, .T. ) ;
#1569 = DIRECTION ( 'NONE',  ( 0.000000000000000000, 0.000000000000000000, -1.000000000000000000 ) ) ;
#1570 = CARTESIAN_POINT ( 'NONE',  ( -32.40622562401012630, 10.67078234191806807, 7.130454868564775950 ) ) ;
#1571 = B_SPLINE_CURVE_WITH_KNOTS ( 'NONE', 3,
 ( #606, #5244, #4829, #2635, #2708, #4247, #2212, #4760, #106, #2180, #3770, #6774, #2112, #5862, #1559, #3180, #638, #5759, #4211, #4312, #3216, #137, #73, #6302, #4696, #1598, #1015, #3695 ),
 .UNSPECIFIED., .F., .F.,
 ( 4, 2, 2, 2, 2, 2, 2, 2, 2, 2, 2, 2, 2, 4 ),
 ( 0.04290816503616575600, 0.04424934897984023063, 0.04559053292351470527, 0.04693171686718917296, 0.04827290081086364759, 0.05095526869821259686, 0.05363763658556153918, 0.05632000447291048151, 0.05900237236025943077, 0.06436710813495730155, 0.06973184390965520008, 0.07509657968435308473, 0.08046131545905095550, 0.08582605123374882627 ),
 .UNSPECIFIED. ) ;
#1572 = CARTESIAN_POINT ( 'NONE',  ( -24.33719160419923000, -27.58380045776168288, -0.4619242119424457060 ) ) ;
#1573 = CARTESIAN_POINT ( 'NONE',  ( -34.74999999999999289, -7.827113324876946443, -12.00000000000000178 ) ) ;
#1574 = CARTESIAN_POINT ( 'NONE',  ( 33.21590817594839251, 13.35841940279435747, 3.680874643717175321 ) ) ;
#1575 = CARTESIAN_POINT ( 'NONE',  ( 6.123233995736767268E-16, -31.75000000000000000, 5.000000000000000000 ) ) ;
#1576 = CARTESIAN_POINT ( 'NONE',  ( 17.18553481988816500, -24.90105800103487255, 14.02211061983144447 ) ) ;
#1577 = AXIS2_PLACEMENT_3D ( 'NONE', #5301, #3237, #1545 ) ;
#1578 = AXIS2_PLACEMENT_3D ( 'NONE', #5998, #3948, #6027 ) ;
#1579 = CARTESIAN_POINT ( 'NONE',  ( 14.83913326218219808, 29.99217393103218399, 7.245899930920052689 ) ) ;
#1580 = ORIENTED_EDGE ( 'NONE', *, *, #3534, .F. ) ;
#1581 = CARTESIAN_POINT ( 'NONE',  ( 31.25779178040862050, 10.50889969320578921, 6.179195852882646278 ) ) ;
#1582 = AXIS2_PLACEMENT_3D ( 'NONE', #1733, #4308, #5858 ) ;
#1583 = B_SPLINE_CURVE_WITH_KNOTS ( 'NONE', 3,
 ( #4526, #2424, #2358, #4462, #2322, #6544, #1331, #2394, #1842, #1262, #6512, #3457, #3949, #1811, #3361, #243, #4938, #811, #1876, #3421, #5458, #5525 ),
 .UNSPECIFIED., .F., .F.,
 ( 4, 2, 2, 2, 2, 2, 2, 2, 2, 2, 4 ),
 ( 0.000000000000000000, 0.001885867818562045242, 0.003771735637124090483, 0.007543471274248180966, 0.009429339092810223172, 0.01131520691137226364, 0.01508694254849634285, 0.01885867818562041859, 0.02263041382274449606, 0.02640214945986858047, 0.03017388509699266488 ),
 .UNSPECIFIED. ) ;
#1584 = CARTESIAN_POINT ( 'NONE',  ( -23.20783719414009738, -26.17937189769644135, 7.043416337272126349 ) ) ;
#1585 = CARTESIAN_POINT ( 'NONE',  ( 30.22384981189367892, -1.452845010648107227, 12.17732122170313502 ) ) ;
#1586 = ORIENTED_EDGE ( 'NONE', *, *, #4447, .F. ) ;
#1587 = CARTESIAN_POINT ( 'NONE',  ( 31.91847254312361315, 3.513868944215340573, 6.100048067806886465 ) ) ;
#1588 = CARTESIAN_POINT ( 'NONE',  ( 33.25000000000000711, 10.32424625193625722, 0.6640423588173450797 ) ) ;
#1589 = CARTESIAN_POINT ( 'NONE',  ( 13.40074522441179816, 28.78953997925201236, 12.81034483991474993 ) ) ;
#1590 = CARTESIAN_POINT ( 'NONE',  ( -30.65226966910585205, -16.85965962390472583, 7.040715673026844534 ) ) ;
#1591 = AXIS2_PLACEMENT_3D ( 'NONE', #2902, #6239, #3629 ) ;
#1592 = CARTESIAN_POINT ( 'NONE',  ( 23.41725004422341883, 24.93125106803476854, 5.798048362146703383 ) ) ;
#1593 = ORIENTED_EDGE ( 'NONE', *, *, #1377, .F. ) ;
#1594 = CARTESIAN_POINT ( 'NONE',  ( -14.81926692374515397, -26.37790606208439570, 13.48692241386849844 ) ) ;
#1595 = CARTESIAN_POINT ( 'NONE',  ( 3.163145698249423106E-15, -18.65839838260043848, -30.58797784986356305 ) ) ;
#1596 = DIRECTION ( 'NONE',  ( 1.224646799147353454E-16, 0.000000000000000000, 1.000000000000000000 ) ) ;
#1597 = CARTESIAN_POINT ( 'NONE',  ( -13.51431344060546991, 31.75000000000082778, 4.814408862351636564 ) ) ;
#1598 = CARTESIAN_POINT ( 'NONE',  ( 5.540445028208514671E-15, 21.23903348929529855, -22.01736383843039491 ) ) ;
#1599 = CARTESIAN_POINT ( 'NONE',  ( 24.06666758854511912, -25.68887177368372576, 6.919991422573148476 ) ) ;
#1600 = EDGE_LOOP ( 'NONE', ( #4748, #5369, #3255 ) ) ;
#1601 = CARTESIAN_POINT ( 'NONE',  ( -34.49332173237326771, -15.00962108695809860, -0.1770579984553318220 ) ) ;
#1602 = CARTESIAN_POINT ( 'NONE',  ( 18.62455091679273522, 23.86543121811112300, 14.25410898560063622 ) ) ;
#1603 = CARTESIAN_POINT ( 'NONE',  ( 33.25000000000000711, 10.11111797280307023, 3.841740598619105551 ) ) ;
#1604 = CARTESIAN_POINT ( 'NONE',  ( -31.97360866544890357, 16.56903454468452352, -17.43196683602158714 ) ) ;
#1605 = CARTESIAN_POINT ( 'NONE',  ( 17.20480156108722625, 31.60129192180909641, 0.6002452427193037954 ) ) ;
#1606 = CARTESIAN_POINT ( 'NONE',  ( 8.101630523367848724, -31.75000000000000000, 3.176245534200694554 ) ) ;
#1607 = CARTESIAN_POINT ( 'NONE',  ( -27.22986456577131165, -20.91915083091748429, 5.781612056914957165 ) ) ;
#1608 = CARTESIAN_POINT ( 'NONE',  ( -34.75000000000000000, -6.352096964207740726, -11.03918780633999752 ) ) ;
#1609 = CARTESIAN_POINT ( 'NONE',  ( 29.38402035928610445, 23.08512775067324441, -0.7196649340109320114 ) ) ;
#1610 = CARTESIAN_POINT ( 'NONE',  ( 30.22364908153632612, 1.454235024245196684, 12.17757686718455368 ) ) ;
#1611 = ORIENTED_EDGE ( 'NONE', *, *, #6567, .T. ) ;
#1612 = CARTESIAN_POINT ( 'NONE',  ( 11.69394032302580477, -27.90377873657972074, 12.35063676898302276 ) ) ;
#1613 = CARTESIAN_POINT ( 'NONE',  ( -5.553986659443716611, 24.96065885834453368, -19.91209095855208844 ) ) ;
#1614 = ORIENTED_EDGE ( 'NONE', *, *, #5729, .F. ) ;
#1615 = CARTESIAN_POINT ( 'NONE',  ( 13.23911685007748673, -30.25000000000000000, 1.774586726685038363 ) ) ;
#1616 = EDGE_CURVE ( 'NONE', #4197, #6562, #2392, .T. ) ;
#1617 = CARTESIAN_POINT ( 'NONE',  ( -7.648177398358995127, -29.89477399490741050, 5.808880362166679134 ) ) ;
#1618 = ORIENTED_EDGE ( 'NONE', *, *, #518, .T. ) ;
#1619 = CARTESIAN_POINT ( 'NONE',  ( 18.46525523600299934, -28.74299497721166219, 7.268392348797111602 ) ) ;
#1620 = CARTESIAN_POINT ( 'NONE',  ( -192.2911684466441500, 0.000000000000000000, -124.8941410357254114 ) ) ;
#1621 = CARTESIAN_POINT ( 'NONE',  ( 12.58119367276255218, 30.24999999999999645, 2.030070312255129128 ) ) ;
#1622 = CARTESIAN_POINT ( 'NONE',  ( 0.4459401664901950224, -30.24753349671612668, 5.301216946088770143 ) ) ;
#1623 = DIRECTION ( 'NONE',  ( 0.000000000000000000, 0.000000000000000000, 1.000000000000000000 ) ) ;
#1624 = ORIENTED_EDGE ( 'NONE', *, *, #6226, .T. ) ;
#1625 = CYLINDRICAL_SURFACE ( 'NONE', #3131, 6.500000000000002665 ) ;
#1626 = CARTESIAN_POINT ( 'NONE',  ( -31.21053511330850938, -6.018043176537280381, 12.78252839951440478 ) ) ;
#1627 = CARTESIAN_POINT ( 'NONE',  ( -26.74999999999999645, 11.75000000000000000, -12.00000000000000000 ) ) ;
#1628 = CARTESIAN_POINT ( 'NONE',  ( -32.77813812920566505, -15.94510913029841603, -0.3099585516703508570 ) ) ;
#1629 = CARTESIAN_POINT ( 'NONE',  ( -15.88462884185542379, 31.75000000000000355, 4.747777809020997886 ) ) ;
#1630 = CARTESIAN_POINT ( 'NONE',  ( 7.253130000811784051, -30.93565270526406152, 7.655952732023622254 ) ) ;
#1631 = CARTESIAN_POINT ( 'NONE',  ( 29.46767360853848317, -11.83609231924848260, 14.03623645037152379 ) ) ;
#1632 = ORIENTED_EDGE ( 'NONE', *, *, #387, .T. ) ;
#1633 = CARTESIAN_POINT ( 'NONE',  ( -13.43701270530666925, 30.40382484943730645, 6.990241492778173082 ) ) ;
#1634 = CARTESIAN_POINT ( 'NONE',  ( 10.68712574850300889, 28.29925517104087973, 11.82629151725428329 ) ) ;
#1635 = CARTESIAN_POINT ( 'NONE',  ( 61.00000000000000000, 0.000000000000000000, -124.8941410357253972 ) ) ;
#1636 = CARTESIAN_POINT ( 'NONE',  ( -5.220056981365591212E-15, -31.75000000000000000, 4.999999999999999112 ) ) ;
#1637 = CARTESIAN_POINT ( 'NONE',  ( 26.77518161411843778, 27.78561675500568739, -0.5942553891956038337 ) ) ;
#1638 =( BOUNDED_SURFACE ( )  B_SPLINE_SURFACE ( 3, 2, ( 
 ( #2960, #3564, #5184 ),
 ( #5629, #5668, #1956 ),
 ( #2537, #6753, #3993 ),
 ( #890, #6070, #6138 ),
 ( #4638, #2469, #4121 ),
 ( #5596, #6207, #2504 ),
 ( #1378, #3496, #3469 ),
 ( #4604, #1983, #5566 ),
 ( #857, #5049, #4537 ),
 ( #1570, #2157, #5328 ) ),
 .UNSPECIFIED., .F., .F., .F. ) 
 B_SPLINE_SURFACE_WITH_KNOTS ( ( 4, 2, 2, 2, 4 ),
 ( 3, 3 ),
 ( 0.006629677831291982786, 0.01142453572708015605, 0.01621939362286832845, 0.02101425151865650431, 0.02580910941444467671 ),
 ( 0.000000000000000000, 1.000000000000000000 ),
 .UNSPECIFIED. ) 
 GEOMETRIC_REPRESENTATION_ITEM ( )  RATIONAL_B_SPLINE_SURFACE ( (
 ( 1.000000000000000000, 0.9395803750613923588, 1.000000000000000000),
 ( 1.000000000000000000, 0.9475777910673887083, 1.000000000000000000),
 ( 1.000000000000000000, 0.9529662349993014425, 1.000000000000000000),
 ( 1.000000000000000000, 0.9600675254244567247, 1.000000000000000000),
 ( 1.000000000000000000, 0.9617636917940740604, 1.000000000000000000),
 ( 1.000000000000000000, 0.9617746879723610975, 1.000000000000000000),
 ( 1.000000000000000000, 0.9601004405319982782, 1.000000000000000000),
 ( 1.000000000000000000, 0.9530276905311182434, 1.000000000000000000),
 ( 1.000000000000000000, 0.9476416231482188701, 1.000000000000000000),
 ( 1.000000000000000000, 0.9395803750613922478, 1.000000000000000000) ) ) 
 REPRESENTATION_ITEM ( '' )  SURFACE ( )  );
#1639 = CARTESIAN_POINT ( 'NONE',  ( -7.091116676549813036, 31.75000000000000000, 3.414078052986742495 ) ) ;
#1640 =( BOUNDED_SURFACE ( )  B_SPLINE_SURFACE ( 3, 2, ( 
 ( #764, #3308, #5677 ),
 ( #1994, #1484, #866 ),
 ( #6081, #4037, #5640 ),
 ( #6217, #4648, #394 ),
 ( #1387, #1448, #4099 ),
 ( #4547, #933, #967 ),
 ( #3477, #3003, #3041 ),
 ( #5129, #5093, #2938 ) ),
 .UNSPECIFIED., .F., .F., .F. ) 
 B_SPLINE_SURFACE_WITH_KNOTS ( ( 4, 2, 2, 4 ),
 ( 3, 3 ),
 ( 0.03332163778764047485, 0.03747841449120209445, 0.04163519119476372099, 0.04994874460188696713 ),
 ( 0.3074565213468977154, 1.000000000000000000 ),
 .UNSPECIFIED. ) 
 GEOMETRIC_REPRESENTATION_ITEM ( )  RATIONAL_B_SPLINE_SURFACE ( (
 ( 0.9648702128729191863, 0.9428703171212873269, 1.000000000000000000),
 ( 0.9707191851714214170, 0.9523821861050371096, 1.000000000000000000),
 ( 0.9758538789368254029, 0.9607324623374454697, 1.000000000000000000),
 ( 0.9846901741941183062, 0.9751024539359047782, 1.000000000000000000),
 ( 0.9883438472735355251, 0.9810442259032244872, 1.000000000000000000),
 ( 0.9970890334854538573, 0.9952660517627111014, 1.000000000000000000),
 ( 0.9999888691799069251, 0.9999818985461027543, 1.000000000000000000),
 ( 1.000000000000000000, 1.000000000000000000, 1.000000000000000000) ) ) 
 REPRESENTATION_ITEM ( '' )  SURFACE ( )  );
#1641 = CARTESIAN_POINT ( 'NONE',  ( 4.066006332482649149E-16, -31.75000000000000000, 4.999999999999999112 ) ) ;
#1642 = ADVANCED_FACE ( 'NONE', ( #578 ), #3022, .T. ) ;
#1643 = CARTESIAN_POINT ( 'NONE',  ( -22.21770130446132185, -25.59995090443627319, 5.967856124429490983 ) ) ;
#1644 = CARTESIAN_POINT ( 'NONE',  ( -17.63964993285752669, 29.05197958286468563, 7.305211428378719063 ) ) ;
#1645 = CARTESIAN_POINT ( 'NONE',  ( 30.85614282466540104, -12.54436073105658345, 6.205513396328902864 ) ) ;
#1646 = CARTESIAN_POINT ( 'NONE',  ( 3.380263778064610762E-16, -30.25000000000000000, 4.999999999999999112 ) ) ;
#1647 = DIRECTION ( 'NONE',  ( 0.000000000000000000, 1.000000000000000000, 0.000000000000000000 ) ) ;
#1648 = CARTESIAN_POINT ( 'NONE',  ( 34.75000000000000711, -11.75000000000000000, 0.2546058388727132638 ) ) ;
#1649 = VERTEX_POINT ( 'NONE', #2782 ) ;
#1650 = CARTESIAN_POINT ( 'NONE',  ( 12.12402541061324968, -30.25000000000000000, 2.154191468302105950 ) ) ;
#1651 = CYLINDRICAL_SURFACE ( 'NONE', #2465, 18.50000000000000000 ) ;
#1652 = CARTESIAN_POINT ( 'NONE',  ( 29.58435122926401561, 16.82281232532439930, 5.914983586893389322 ) ) ;
#1653 = ORIENTED_EDGE ( 'NONE', *, *, #438, .T. ) ;
#1654 = CARTESIAN_POINT ( 'NONE',  ( 15.35321801842158962, -31.75000000000000000, 0.9732352041139240573 ) ) ;
#1655 = CARTESIAN_POINT ( 'NONE',  ( 32.94075756896853591, -10.20349287695371743, -14.04700629908089127 ) ) ;
#1656 = CARTESIAN_POINT ( 'NONE',  ( 14.15366761561685038, 28.43805937952701157, 9.584786528549100737 ) ) ;
#1657 = CARTESIAN_POINT ( 'NONE',  ( 0.000000000000000000, -30.25000000000000000, 5.000000000000000000 ) ) ;
#1658 = EDGE_CURVE ( 'NONE', #6578, #2114, #2086, .T. ) ;
#1659 = CARTESIAN_POINT ( 'NONE',  ( 33.25000000000000711, 11.39499420783289096, 0.3635771468183133792 ) ) ;
#1660 = VERTEX_POINT ( 'NONE', #1090 ) ;
#1661 = CARTESIAN_POINT ( 'NONE',  ( -31.20715978979851357, 6.036872777952446256, 12.78622757406529686 ) ) ;
#1662 = CARTESIAN_POINT ( 'NONE',  ( 31.72255310835127418, -1.524886912001714556, 12.17732122170922437 ) ) ;
#1663 = CARTESIAN_POINT ( 'NONE',  ( -15.34522337851916163, -30.24999999999999645, 0.9638382665716935804 ) ) ;
#1664 = DIRECTION ( 'NONE',  ( 0.000000000000000000, 0.000000000000000000, 1.000000000000000000 ) ) ;
#1665 = CARTESIAN_POINT ( 'NONE',  ( -33.24999999999999289, 11.05549784160430704, 3.842503624653642813 ) ) ;
#1666 = CARTESIAN_POINT ( 'NONE',  ( 26.32847856632991679, -17.78815683518595492, 14.54845826219845328 ) ) ;
#1667 = ORIENTED_EDGE ( 'NONE', *, *, #3370, .F. ) ;
#1668 = CARTESIAN_POINT ( 'NONE',  ( 17.63964993285865646, -29.05197958286428417, 7.305211428378672878 ) ) ;
#1669 = CARTESIAN_POINT ( 'NONE',  ( 34.58911071581288610, 14.36486417995326548, -0.1029927831744578554 ) ) ;
#1670 = AXIS2_PLACEMENT_3D ( 'NONE', #573, #5284, #470 ) ;
#1671 = CARTESIAN_POINT ( 'NONE',  ( -1.604940586601986676E-15, -31.75000000000000000, 4.999999999999999112 ) ) ;
#1672 = LINE ( 'NONE', #2085, #5755 ) ;
#1673 = EDGE_CURVE ( 'NONE', #5919, #3683, #3188, .T. ) ;
#1674 = CARTESIAN_POINT ( 'NONE',  ( 30.18043985264353779, -15.98781241309404599, -17.13152022956569809 ) ) ;
#1675 = CARTESIAN_POINT ( 'NONE',  ( 4.407775188080970352, -31.65055765034976432, 5.721062209615241478 ) ) ;
#1676 = CC_DESIGN_APPROVAL ( #1372, ( #4095 ) ) ;
#1677 = CARTESIAN_POINT ( 'NONE',  ( -32.63790409332511189, -16.50862143931196968, -0.3668841166814250099 ) ) ;
#1678 = CARTESIAN_POINT ( 'NONE',  ( -17.05581093375416302, -29.26118356853687530, 7.330971695808266020 ) ) ;
#1679 = CARTESIAN_POINT ( 'NONE',  ( 17.01903322668971086, 30.11932458399587276, 0.5981132189656485076 ) ) ;
#1680 = CARTESIAN_POINT ( 'NONE',  ( 7.649262926231562787, -29.89467101831980500, 5.808985614922323570 ) ) ;
#1681 = CARTESIAN_POINT ( 'NONE',  ( -192.2911684466441500, 0.000000000000000000, -124.8941410357254114 ) ) ;
#1682 = CARTESIAN_POINT ( 'NONE',  ( -9.792859619121848880, -28.63697199501946145, 11.32731892981597888 ) ) ;
#1683 = AXIS2_PLACEMENT_3D ( 'NONE', #2605, #6748, #6613 ) ;
#1684 = EDGE_LOOP ( 'NONE', ( #1153, #2585 ) ) ;
#1685 = CARTESIAN_POINT ( 'NONE',  ( -12.57941513618621876, 31.75000000000000000, 2.030553184830060864 ) ) ;
#1686 = FACE_OUTER_BOUND ( 'NONE', #1205, .T. ) ;
#1687 = AXIS2_PLACEMENT_3D ( 'NONE', #1261, #5457, #2850 ) ;
#1688 = CARTESIAN_POINT ( 'NONE',  ( -32.28446640823908353, -11.26880972406589621, 7.175681401851737640 ) ) ;
#1689 = ORIENTED_EDGE ( 'NONE', *, *, #1797, .T. ) ;
#1690 = CARTESIAN_POINT ( 'NONE',  ( 18.35592388636428041, -31.47914603646376719, 4.507845181513620680 ) ) ;
#1691 = CARTESIAN_POINT ( 'NONE',  ( 20.08799956630848627, 24.34497732477748144, -19.83265958765570147 ) ) ;
#1692 = CARTESIAN_POINT ( 'NONE',  ( 15.62791684544775528, 27.65170274159435237, 9.776570634749210953 ) ) ;
#1693 = DIRECTION ( 'NONE',  ( 1.000000000000000000, 0.000000000000000000, -0.000000000000000000 ) ) ;
#1694 = CIRCLE ( 'NONE', #5641, 30.25000000000000000 ) ;
#1695 = VERTEX_POINT ( 'NONE', #5768 ) ;
#1696 = CIRCLE ( 'NONE', #6185, 23.99999999999999289 ) ;
#1697 = CARTESIAN_POINT ( 'NONE',  ( -32.56698171800807984, 10.75519166838885177, 6.927848754907056872 ) ) ;
#1698 = CARTESIAN_POINT ( 'NONE',  ( 1.967283608494391151E-14, -22.02740699009505221, -18.50000000000000000 ) ) ;
#1699 = CARTESIAN_POINT ( 'NONE',  ( 26.75000000000001066, -11.75000000000000000, -12.00000000000000000 ) ) ;
#1700 = CARTESIAN_POINT ( 'NONE',  ( -14.74999999999999645, -11.75000000000000000, -12.00000000000000000 ) ) ;
#1701 = CARTESIAN_POINT ( 'NONE',  ( 11.24733061961644509, -29.72475629748274173, 8.873172246297826860 ) ) ;
#1702 = CARTESIAN_POINT ( 'NONE',  ( 21.51112944351799428, -23.38463555493349588, 14.45256509299997560 ) ) ;
#1703 = EDGE_LOOP ( 'NONE', ( #155, #6006, #6558, #6586, #3248, #803 ) ) ;
#1704 = ORIENTED_EDGE ( 'NONE', *, *, #4927, .T. ) ;
#1705 = AXIS2_PLACEMENT_3D ( 'NONE', #5722, #1463, #1498 ) ;
#1706 = CARTESIAN_POINT ( 'NONE',  ( -30.32858612842250778, -18.54448942792861388, -18.28881167786584072 ) ) ;
#1707 = ADVANCED_FACE ( 'NONE', ( #2156 ), #6378, .F. ) ;
#1708 = CARTESIAN_POINT ( 'NONE',  ( 33.48038623349309262, 18.79334092735450668, -0.5184757186688265795 ) ) ;
#1709 = CARTESIAN_POINT ( 'NONE',  ( -33.71583254756416181, 13.53392137355470481, -15.86778882352159847 ) ) ;
#1710 = FACE_OUTER_BOUND ( 'NONE', #1327, .T. ) ;
#1711 = CARTESIAN_POINT ( 'NONE',  ( -4.056089166218440845, 31.75000000000000000, 4.111601362674109694 ) ) ;
#1712 = FACE_BOUND ( 'NONE', #1684, .T. ) ;
#1713 = CARTESIAN_POINT ( 'NONE',  ( -15.87392641833805484, -30.22477704499236140, 0.8425399305044074527 ) ) ;
#1714 = EDGE_CURVE ( 'NONE', #4566, #3242, #2925, .T. ) ;
#1715 = CARTESIAN_POINT ( 'NONE',  ( 22.57760443653429761, 25.36105783196065033, 5.943874741691401731 ) ) ;
#1716 = CARTESIAN_POINT ( 'NONE',  ( 12.12402541061334205, -30.25000000000000000, 2.154191468302082857 ) ) ;
#1717 = ORIENTED_EDGE ( 'NONE', *, *, #4796, .F. ) ;
#1718 = CARTESIAN_POINT ( 'NONE',  ( 13.43701270530673497, 30.40382484943732067, 6.990241492778180188 ) ) ;
#1719 = VERTEX_POINT ( 'NONE', #82 ) ;
#1720 = EDGE_CURVE ( 'NONE', #2893, #1273, #1820, .T. ) ;
#1721 = B_SPLINE_CURVE_WITH_KNOTS ( 'NONE', 3,
 ( #9, #3744, #5836, #2647, #1608, #6315, #6382, #3264, #4807, #43, #3708, #2089, #6277, #5331 ),
 .UNSPECIFIED., .F., .F.,
 ( 4, 2, 2, 2, 2, 2, 4 ),
 ( 0.04274191738804602320, 0.04377558683296011582, 0.04480925627787421539, 0.04687659516770240758, 0.04894393405753059978, 0.04997760350244469241, 0.05101127294735878503 ),
 .UNSPECIFIED. ) ;
#1722 = EDGE_CURVE ( 'NONE', #3641, #5003, #6630, .T. ) ;
#1723 = CARTESIAN_POINT ( 'NONE',  ( 15.88826121012844972, 28.36657371565443242, 6.469952290214594726 ) ) ;
#1724 = CARTESIAN_POINT ( 'NONE',  ( -34.74999999999999289, -13.00498023550804660, 4.343069750165096998 ) ) ;
#1725 = ORIENTED_EDGE ( 'NONE', *, *, #2206, .T. ) ;
#1726 = CARTESIAN_POINT ( 'NONE',  ( -28.07409118065040232, -11.28085814759108274, 14.03697030462745055 ) ) ;
#1727 = CARTESIAN_POINT ( 'NONE',  ( 19.04191859538595466, 24.62166756930004041, -19.85340208011841767 ) ) ;
#1728 = CARTESIAN_POINT ( 'NONE',  ( 0.000000000000000000, 0.000000000000000000, 0.000000000000000000 ) ) ;
#1729 = CARTESIAN_POINT ( 'NONE',  ( -9.513331823657999564, -23.99977009230210712, -18.49519937751784937 ) ) ;
#1730 = ORIENTED_EDGE ( 'NONE', *, *, #4690, .F. ) ;
#1731 = CARTESIAN_POINT ( 'NONE',  ( 12.12402541061334205, -31.75000000000000000, 2.154191468302088186 ) ) ;
#1732 = EDGE_CURVE ( 'NONE', #4419, #1341, #5967, .T. ) ;
#1733 = CARTESIAN_POINT ( 'NONE',  ( -14.74999999999999467, 23.75000000000000000, -12.00000000000000000 ) ) ;
#1734 = ADVANCED_BREP_SHAPE_REPRESENTATION ( '79-8567 - 63.5mm Y-r\X2\00f6\X0\r', ( #2514, #5312 ), #4970 ) ;
#1735 = CARTESIAN_POINT ( 'NONE',  ( 30.74727117702296297, 8.089297943156202209, 9.657653643781957342 ) ) ;
#1736 = CARTESIAN_POINT ( 'NONE',  ( 8.848598631180568219, 29.76901234062681567, 5.922388517761630666 ) ) ;
#1737 = DIRECTION ( 'NONE',  ( 0.000000000000000000, -0.000000000000000000, 1.000000000000000000 ) ) ;
#1738 = CARTESIAN_POINT ( 'NONE',  ( 13.94438208633013154, -28.53032751513386245, 13.00257948368427741 ) ) ;
#1739 = DIRECTION ( 'NONE',  ( 1.000000000000000000, 0.000000000000000000, 0.000000000000000000 ) ) ;
#1740 = CARTESIAN_POINT ( 'NONE',  ( 37.00000000000000711, 0.000000000000000000, -214.9999999999998863 ) ) ;
#1741 = EDGE_CURVE ( 'NONE', #608, #3348, #592, .T. ) ;
#1742 = ORIENTED_EDGE ( 'NONE', *, *, #5460, .T. ) ;
#1743 = ORIENTED_EDGE ( 'NONE', *, *, #2184, .F. ) ;
#1744 = CARTESIAN_POINT ( 'NONE',  ( 13.43701270530668346, -30.40382484943730645, 6.990241492778181076 ) ) ;
#1745 = CARTESIAN_POINT ( 'NONE',  ( -14.74999999999852029, 30.25000000000000000, 1.114006583039230058 ) ) ;
#1746 = CARTESIAN_POINT ( 'NONE',  ( -11.24733061924315791, -29.72475629762952209, 8.873172247283337200 ) ) ;
#1747 = DIRECTION ( 'NONE',  ( 5.551115123125782702E-17, 0.000000000000000000, -1.000000000000000000 ) ) ;
#1748 = CARTESIAN_POINT ( 'NONE',  ( 15.70965030071296376, -23.61995067853301578, -18.49990778965045024 ) ) ;
#1749 = CARTESIAN_POINT ( 'NONE',  ( -12.58119367276254152, -30.24999999999999645, 2.030070312255118470 ) ) ;
#1750 = CARTESIAN_POINT ( 'NONE',  ( 17.20620244292985745, -27.95668264543463621, 6.376530701577650007 ) ) ;
#1751 = B_SPLINE_CURVE_WITH_KNOTS ( 'NONE', 3,
 ( #3736, #1085, #1532, #505, #5321, #4283, #1054, #610, #6235, #3624 ),
 .UNSPECIFIED., .F., .F.,
 ( 4, 2, 2, 2, 4 ),
 ( 0.000000000000000000, 0.004817999540737217049, 0.009635999081474434097, 0.01445399862221165461, 0.01927199816294887513 ),
 .UNSPECIFIED. ) ;
#1752 = CYLINDRICAL_SURFACE ( 'NONE', #4976, 8.000000000000000000 ) ;
#1753 = FACE_OUTER_BOUND ( 'NONE', #5786, .T. ) ;
#1754 = ORIENTED_EDGE ( 'NONE', *, *, #674, .T. ) ;
#1755 = CARTESIAN_POINT ( 'NONE',  ( 32.63200055159776269, 16.53021323475011073, -0.3689562863865218367 ) ) ;
#1756 = CARTESIAN_POINT ( 'NONE',  ( 29.36627220160702123, -23.10495512953574604, 3.232631810870694622 ) ) ;
#1757 = ORIENTED_EDGE ( 'NONE', *, *, #2357, .T. ) ;
#1758 = CARTESIAN_POINT ( 'NONE',  ( 33.25000000000000711, -11.39680943592414053, 0.3630199509642217381 ) ) ;
#1759 = CARTESIAN_POINT ( 'NONE',  ( 3.591462486136139276, -30.09061173671731737, 7.426381034628186661 ) ) ;
#1760 = CARTESIAN_POINT ( 'NONE',  ( 27.98190253076437983, 19.86256675384614212, 5.794983263456824574 ) ) ;
#1761 = ORIENTED_EDGE ( 'NONE', *, *, #6517, .T. ) ;
#1762 = CARTESIAN_POINT ( 'NONE',  ( 34.75000000000000711, -10.32293820815835872, 0.6459049794147417867 ) ) ;
#1763 = CARTESIAN_POINT ( 'NONE',  ( 1.967283608494391151E-14, -22.02740699009505221, -18.50000000000000000 ) ) ;
#1764 = COORDINATED_UNIVERSAL_TIME_OFFSET ( 1, 0, .AHEAD. ) ;
#1765 = CARTESIAN_POINT ( 'NONE',  ( -8.213103142639029741, -23.91685310152298882, -18.50000000000000000 ) ) ;
#1766 = ORIENTED_EDGE ( 'NONE', *, *, #724, .T. ) ;
#1767 = CARTESIAN_POINT ( 'NONE',  ( -34.74999999999871392, 12.11502209031483979, 4.389510556516474260 ) ) ;
#1768 = CARTESIAN_POINT ( 'NONE',  ( -33.26111303081643200, 0.9088443373682071336, 6.855961643086366131 ) ) ;
#1769 = CARTESIAN_POINT ( 'NONE',  ( -1.097720221096319894E-14, -1.799077133369290094, -52.82071652655968563 ) ) ;
#1770 = CARTESIAN_POINT ( 'NONE',  ( -22.32785943031279885, 28.63757876168015670, -0.2465389324068272270 ) ) ;
#1771 = CARTESIAN_POINT ( 'NONE',  ( 34.75000000000000711, -9.591564683836152128, 0.7887280973505833570 ) ) ;
#1772 = ADVANCED_FACE ( 'NONE', ( #5527 ), #1123, .T. ) ;
#1773 = CARTESIAN_POINT ( 'NONE',  ( 25.72233297960805132, -15.96206952386685529, 14.50890263055777751 ) ) ;
#1774 = ORIENTED_EDGE ( 'NONE', *, *, #1237, .F. ) ;
#1775 = CARTESIAN_POINT ( 'NONE',  ( -33.24999999999999289, -7.096594077037920556, -12.00000000000000000 ) ) ;
#1776 = CARTESIAN_POINT ( 'NONE',  ( 31.25779178040861339, -10.50889969320578565, 6.179195852882649831 ) ) ;
#1777 = CARTESIAN_POINT ( 'NONE',  ( 13.43701270530668346, -30.40382484943730645, 6.990241492778181076 ) ) ;
#1778 = CARTESIAN_POINT ( 'NONE',  ( 29.77767594645855809, -24.96384829519803361, -0.7151387633288175394 ) ) ;
#1779 = CARTESIAN_POINT ( 'NONE',  ( -29.75618019061084141, 22.58743091742181619, -0.7154894867763473831 ) ) ;
#1780 = CARTESIAN_POINT ( 'NONE',  ( 31.66678036581816613, 13.74226023776755135, -16.12618819419741101 ) ) ;
#1781 = CARTESIAN_POINT ( 'NONE',  ( 34.75000000000000711, -1.662676546101684744E-14, -9.261760844064832909 ) ) ;
#1782 = CARTESIAN_POINT ( 'NONE',  ( -25.23237137757322301, -19.28129402687492799, 14.57256339704740888 ) ) ;
#1783 = ORIENTED_EDGE ( 'NONE', *, *, #4330, .T. ) ;
#1784 = CIRCLE ( 'NONE', #6160, 8.500000000000000000 ) ;
#1785 = CARTESIAN_POINT ( 'NONE',  ( 26.96716852533168662, -21.26309577722184230, 5.779922318823443206 ) ) ;
#1786 = ORIENTED_EDGE ( 'NONE', *, *, #1061, .T. ) ;
#1787 = CARTESIAN_POINT ( 'NONE',  ( -18.64416699364001673, 25.70677245811442191, 14.11977938425797774 ) ) ;
#1788 = CYLINDRICAL_SURFACE ( 'NONE', #5855, 8.000000000000000000 ) ;
#1789 = AXIS2_PLACEMENT_3D ( 'NONE', #6259, #4627, #5171 ) ;
#1790 = CARTESIAN_POINT ( 'NONE',  ( -11.12224263268735136, -30.25000000000000000, 2.426175432388865350 ) ) ;
#1791 = ORIENTED_EDGE ( 'NONE', *, *, #1228, .F. ) ;
#1792 = CARTESIAN_POINT ( 'NONE',  ( -20.41309484256809625, -22.35482639223390322, 14.44600027141626342 ) ) ;
#1793 = CARTESIAN_POINT ( 'NONE',  ( -7.744742744212699037, -29.88545672641011208, 5.818203906879314324 ) ) ;
#1794 = DIRECTION ( 'NONE',  ( 1.224646799147353454E-16, 0.000000000000000000, 1.000000000000000000 ) ) ;
#1795 = ORIENTED_EDGE ( 'NONE', *, *, #2911, .F. ) ;
#1796 = CARTESIAN_POINT ( 'NONE',  ( 13.89322202771204218, -31.75000000000000000, 1.506648183612047109 ) ) ;
#1797 = EDGE_CURVE ( 'NONE', #6562, #3418, #2704, .T. ) ;
#1798 = CARTESIAN_POINT ( 'NONE',  ( -25.94685433675737229, 23.88136067013049413, 6.946164093307863219 ) ) ;
#1799 = CARTESIAN_POINT ( 'NONE',  ( 2.228603687588219904E-14, -13.43036034600788220, -42.00740266807918744 ) ) ;
#1800 = AXIS2_PLACEMENT_3D ( 'NONE', #5317, #2178, #3252 ) ;
#1801 = CARTESIAN_POINT ( 'NONE',  ( -2.339337044633796658, 31.66716546583407066, 6.502677778305955947 ) ) ;
#1802 = CARTESIAN_POINT ( 'NONE',  ( 14.81789653851508781, -26.39715988660324797, 13.50804326730682092 ) ) ;
#1803 = ORIENTED_EDGE ( 'NONE', *, *, #6627, .T. ) ;
#1804 = VERTEX_POINT ( 'NONE', #6062 ) ;
#1805 = DIRECTION ( 'NONE',  ( 0.000000000000000000, 0.000000000000000000, -1.000000000000000000 ) ) ;
#1806 = EDGE_CURVE ( 'NONE', #5020, #4762, #1155, .T. ) ;
#1807 = AXIS2_PLACEMENT_3D ( 'NONE', #3137, #3042, #3073 ) ;
#1808 = CARTESIAN_POINT ( 'NONE',  ( -12.12402541061339356, -31.75000000000000000, 2.154191468302065537 ) ) ;
#1809 = B_SPLINE_CURVE_WITH_KNOTS ( 'NONE', 3,
 ( #1526, #3616, #5956, #4276, #1180, #1213 ),
 .UNSPECIFIED., .F., .F.,
 ( 4, 2, 4 ),
 ( 0.000000000000000000, 0.001413215967196230875, 0.002826431934392461751 ),
 .UNSPECIFIED. ) ;
#1810 = CARTESIAN_POINT ( 'NONE',  ( -14.32286504219281476, 30.25000000000000000, 1.313365277743787418 ) ) ;
#1811 = CARTESIAN_POINT ( 'NONE',  ( 24.02583262436342082, -20.79283643064896481, 14.57247300165447434 ) ) ;
#1812 = CARTESIAN_POINT ( 'NONE',  ( 22.95235290525136662, -30.00232217318088601, -0.2476647895818040457 ) ) ;
#1813 = DIRECTION ( 'NONE',  ( -1.000000000000000000, 0.000000000000000000, 0.000000000000000000 ) ) ;
#1814 = CARTESIAN_POINT ( 'NONE',  ( 37.00000000000000711, 0.000000000000000000, -214.9999999999998863 ) ) ;
#1815 = CIRCLE ( 'NONE', #934, 10.00000000000000000 ) ;
#1816 = CARTESIAN_POINT ( 'NONE',  ( -17.01903322668801977, -30.11932458399602552, 0.5981132189641809038 ) ) ;
#1817 = CARTESIAN_POINT ( 'NONE',  ( -10.30294494422074436, 30.04773894796233691, 11.34033746866298031 ) ) ;
#1818 = CARTESIAN_POINT ( 'NONE',  ( 29.70849887243146625, 5.742701830161090371, 12.80858658926096361 ) ) ;
#1819 = ORIENTED_EDGE ( 'NONE', *, *, #1673, .T. ) ;
#1820 = B_SPLINE_CURVE_WITH_KNOTS ( 'NONE', 3,
 ( #5289, #114, #143, #6414, #4255, #3226, #1674, #2222, #4804, #614, #1059, #647, #3779, #5871, #2715, #6001, #2263, #747, #245, #177, #1748, #4940 ),
 .UNSPECIFIED., .F., .F.,
 ( 4, 2, 2, 2, 2, 2, 2, 2, 2, 2, 4 ),
 ( 0.000000000000000000, 0.002882560350634570147, 0.004323840525951854787, 0.005765120701269140294, 0.008647681051903711308, 0.01153024140253828579, 0.01441280175317285854, 0.01585408192849014145, 0.01729536210380742609, 0.02017792245444200577, 0.02306048280507658546 ),
 .UNSPECIFIED. ) ;
#1821 = CARTESIAN_POINT ( 'NONE',  ( -33.18601733619399141, 8.650124905544071652, -13.04565525601334919 ) ) ;
#1822 = EDGE_CURVE ( 'NONE', #6091, #5929, #3613, .T. ) ;
#1823 = CARTESIAN_POINT ( 'NONE',  ( 9.429814381204955930E-15, 22.24792125419752864, -24.71538748167345645 ) ) ;
#1824 = CARTESIAN_POINT ( 'NONE',  ( -11.12224263269381197, -31.75000000000000000, 2.426175432412675192 ) ) ;
#1825 = EDGE_LOOP ( 'NONE', ( #1869, #1410, #3316, #564, #2352, #2235, #5676, #186, #385 ) ) ;
#1826 = CARTESIAN_POINT ( 'NONE',  ( 34.75000000000000711, -10.20280384732663670, 4.380507510607664301 ) ) ;
#1827 = CYLINDRICAL_SURFACE ( 'NONE', #717, 31.75000000000000000 ) ;
#1828 = DIRECTION ( 'NONE',  ( 1.224646799147353454E-16, 0.000000000000000000, 1.000000000000000000 ) ) ;
#1829 = ADVANCED_FACE ( 'NONE', ( #2360 ), #4464, .T. ) ;
#1830 = ORIENTED_EDGE ( 'NONE', *, *, #5753, .T. ) ;
#1831 = CARTESIAN_POINT ( 'NONE',  ( 34.75000000000000000, -3.379925213906652015, 4.447120054257945654 ) ) ;
#1832 = CARTESIAN_POINT ( 'NONE',  ( -18.52197916705291902, -23.01806093726700553, -18.49814530967287141 ) ) ;
#1833 = DIRECTION ( 'NONE',  ( 1.000000000000000000, 0.000000000000000000, 0.000000000000000000 ) ) ;
#1834 = CARTESIAN_POINT ( 'NONE',  ( -32.78076177252297185, 15.93394928022467560, -0.3087957600765688371 ) ) ;
#1835 = FACE_OUTER_BOUND ( 'NONE', #5386, .T. ) ;
#1836 = CARTESIAN_POINT ( 'NONE',  ( 19.41551052205373651, -23.20578364348311595, 9.276690571843666078 ) ) ;
#1837 = ORIENTED_EDGE ( 'NONE', *, *, #6218, .F. ) ;
#1838 = ORIENTED_EDGE ( 'NONE', *, *, #3261, .F. ) ;
#1839 = CYLINDRICAL_SURFACE ( 'NONE', #5653, 25.49999999999999645 ) ;
#1840 = CARTESIAN_POINT ( 'NONE',  ( -23.67891947460985946, -18.83399974646007280, 14.57467371536653644 ) ) ;
#1841 = CARTESIAN_POINT ( 'NONE',  ( 33.25000000000000711, 1.619045829285866045, 1.605549023641311024 ) ) ;
#1842 = CARTESIAN_POINT ( 'NONE',  ( 18.56503696447503060, -25.76402599927158121, 14.10763842270454660 ) ) ;
#1843 = CARTESIAN_POINT ( 'NONE',  ( -3.591462486137644738, -30.09061173671704736, 7.426381034644927048 ) ) ;
#1844 = CARTESIAN_POINT ( 'NONE',  ( 33.25000000000000000, -3.123748636855270266, -10.05451178622844388 ) ) ;
#1845 = CARTESIAN_POINT ( 'NONE',  ( -33.13561966097098122, 14.13247498074981578, -0.1051838210320675121 ) ) ;
#1846 = CARTESIAN_POINT ( 'NONE',  ( 21.14345965203019162, -26.26600284426094589, 6.043580737277815196 ) ) ;
#1847 = CARTESIAN_POINT ( 'NONE',  ( -6.575954937953151891, 31.07608301324025390, 9.161994681957192910 ) ) ;
#1848 = CARTESIAN_POINT ( 'NONE',  ( 4.605201017207929404, 31.63742184149952053, 5.747928222672419096 ) ) ;
#1849 = VERTEX_POINT ( 'NONE', #4080 ) ;
#1850 = EDGE_CURVE ( 'NONE', #196, #6013, #4782, .T. ) ;
#1851 = CARTESIAN_POINT ( 'NONE',  ( 29.73224236983179480, -16.42353801222608567, 5.938941969463332526 ) ) ;
#1852 = ORIENTED_EDGE ( 'NONE', *, *, #4558, .T. ) ;
#1853 = CARTESIAN_POINT ( 'NONE',  ( 9.817963579212177274E-15, 9.191156823113926677, -52.41691935278045378 ) ) ;
#1854 = CARTESIAN_POINT ( 'NONE',  ( 13.24214410508110085, 31.75000000000000000, 1.773383837395885232 ) ) ;
#1855 = CARTESIAN_POINT ( 'NONE',  ( -10.64971712953035521, -31.75000000001445954, 4.787538143360161591 ) ) ;
#1856 = ORIENTED_EDGE ( 'NONE', *, *, #2357, .F. ) ;
#1857 = CARTESIAN_POINT ( 'NONE',  ( 34.75000000000382983, -12.56790763508203845, 4.369333925070548297 ) ) ;
#1858 = EDGE_CURVE ( 'NONE', #1849, #1660, #4120, .T. ) ;
#1859 = CARTESIAN_POINT ( 'NONE',  ( 26.97050792476522219, 16.79791852812290287, 14.51107421320330459 ) ) ;
#1860 =( BOUNDED_SURFACE ( )  B_SPLINE_SURFACE ( 3, 2, ( 
 ( #5124, #2090, #4092 ),
 ( #5702, #1574, #4060 ),
 ( #3635, #514, #1443 ),
 ( #3568, #449, #5599 ),
 ( #5736, #3530, #2540 ),
 ( #1477, #894, #1029 ),
 ( #2997, #419, #5672 ),
 ( #4642, #6211, #3130 ),
 ( #5226, #5086, #2473 ),
 ( #4576, #925, #4326 ),
 ( #2227, #2125, #86 ),
 ( #6383, #4774, #3709 ),
 ( #1609, #4224, #3818 ),
 ( #5332, #3161, #3783 ),
 ( #3292, #6316, #5837 ),
 ( #2687, #5366, #6419 ),
 ( #5804, #5294, #5906 ),
 ( #1128, #1196, #6450 ),
 ( #619, #1064, #3745 ),
 ( #5395, #44, #1715 ),
 ( #1095, #3192, #584 ),
 ( #2160, #5258, #682 ),
 ( #146, #4260, #4841 ),
 ( #5877, #6353, #3231 ),
 ( #1679, #2785, #2266 ),
 ( #4875, #2720, #2192 ),
 ( #4738, #1166, #118 ),
 ( #4808, #181, #548 ) ),
 .UNSPECIFIED., .F., .F., .F. ) 
 B_SPLINE_SURFACE_WITH_KNOTS ( ( 4, 2, 2, 2, 2, 2, 2, 2, 2, 2, 2, 2, 2, 4 ),
 ( 3, 3 ),
 ( 0.005577528999902546178, 0.006575342335778481054, 0.007573155671654416797, 0.008570969007530352540, 0.009568782343406287416, 0.01156440901515815717, 0.01256222235103409204, 0.01356003568691002692, 0.01555566235866189667, 0.01655347569453783155, 0.01755128903041376642, 0.01954691570216563618, 0.02054472903804157452, 0.02154254237391750940 ),
 ( 0.000000000000000000, 1.000000000000000000 ),
 .UNSPECIFIED. ) 
 GEOMETRIC_REPRESENTATION_ITEM ( )  RATIONAL_B_SPLINE_SURFACE ( (
 ( 1.000000000000000000, 0.9194434921897858271, 1.000000000000000000),
 ( 1.000000000000000000, 0.9181746106212196334, 1.000000000000000000),
 ( 1.000000000000000000, 0.9169857232909763844, 1.000000000000000000),
 ( 1.000000000000000000, 0.9148323432700924407, 1.000000000000000000),
 ( 1.000000000000000000, 0.9138624569971394163, 1.000000000000000000),
 ( 1.000000000000000000, 0.9121177707693883807, 1.000000000000000000),
 ( 1.000000000000000000, 0.9113429062784619283, 1.000000000000000000),
 ( 1.000000000000000000, 0.9099754850861798694, 1.000000000000000000),
 ( 1.000000000000000000, 0.9093807879405265693, 1.000000000000000000),
 ( 1.000000000000000000, 0.9078766665656795576, 1.000000000000000000),
 ( 1.000000000000000000, 0.9072561134095650237, 1.000000000000000000),
 ( 1.000000000000000000, 0.9068360406527613549, 1.000000000000000000),
 ( 1.000000000000000000, 0.9067824230557258725, 1.000000000000000000),
 ( 1.000000000000000000, 0.9068532314977343356, 1.000000000000000000),
 ( 1.000000000000000000, 0.9069778965057173625, 1.000000000000000000),
 ( 1.000000000000000000, 0.9076199276954226569, 1.000000000000000000),
 ( 1.000000000000000000, 0.9083929125578390495, 1.000000000000000000),
 ( 1.000000000000000000, 0.9101074423684364367, 1.000000000000000000),
 ( 1.000000000000000000, 0.9107726465158607621, 1.000000000000000000),
 ( 1.000000000000000000, 0.9123112173640228750, 1.000000000000000000),
 ( 1.000000000000000000, 0.9131736947750629385, 1.000000000000000000),
 ( 1.000000000000000000, 0.9160404082737624298, 1.000000000000000000),
 ( 1.000000000000000000, 0.9183301779754825533, 1.000000000000000000),
 ( 1.000000000000000000, 0.9223954563457104072, 1.000000000000000000),
 ( 1.000000000000000000, 0.9238495669831393586, 1.000000000000000000),
 ( 1.000000000000000000, 0.9268856911672919141, 1.000000000000000000),
 ( 1.000000000000000000, 0.9284745577693827023, 1.000000000000000000),
 ( 1.000000000000000000, 0.9301069718818448795, 1.000000000000000000) ) ) 
 REPRESENTATION_ITEM ( '' )  SURFACE ( )  );
#1861 = ORIENTED_EDGE ( 'NONE', *, *, #3973, .F. ) ;
#1862 = CARTESIAN_POINT ( 'NONE',  ( 34.75000000000000711, -8.003018991566236195, 1.059062443889342120 ) ) ;
#1863 = CARTESIAN_POINT ( 'NONE',  ( -16.65679875017616496, -23.44883197528154284, -18.49736959263898228 ) ) ;
#1864 = CARTESIAN_POINT ( 'NONE',  ( -12.12402541061334205, 30.25000000000000000, 2.154191468302085521 ) ) ;
#1865 = FACE_OUTER_BOUND ( 'NONE', #2060, .T. ) ;
#1866 = DIRECTION ( 'NONE',  ( -1.000000000000000000, 0.000000000000000000, 0.000000000000000000 ) ) ;
#1867 = EDGE_LOOP ( 'NONE', ( #1138, #5533, #31, #100 ) ) ;
#1868 = CARTESIAN_POINT ( 'NONE',  ( 13.80589951311829111, -29.10139096295822725, 6.128532764087137430 ) ) ;
#1869 = ORIENTED_EDGE ( 'NONE', *, *, #2541, .T. ) ;
#1870 = CARTESIAN_POINT ( 'NONE',  ( -31.97360866544888580, -16.56903454468451997, -17.43196683602158714 ) ) ;
#1871 =( BOUNDED_SURFACE ( )  B_SPLINE_SURFACE ( 3, 2, ( 
 ( #2311, #2345, #3349 ),
 ( #3936, #6048, #3971 ),
 ( #6466, #266, #5954 ),
 ( #6563, #5545, #1248 ),
 ( #5920, #2803, #2768 ),
 ( #797, #6497, #3904 ),
 ( #6533, #1831, #5479 ),
 ( #4892, #6019, #698 ),
 ( #3381, #1318, #1862 ),
 ( #2870, #2906, #2380 ) ),
 .UNSPECIFIED., .F., .F., .F. ) 
 B_SPLINE_SURFACE_WITH_KNOTS ( ( 4, 2, 2, 2, 4 ),
 ( 3, 3 ),
 ( 0.006629677831292038297, 0.01142453572708021156, 0.01621939362286838396, 0.02101425151865655636, 0.02580910941444472875 ),
 ( 0.000000000000000000, 1.000000000000000000 ),
 .UNSPECIFIED. ) 
 GEOMETRIC_REPRESENTATION_ITEM ( )  RATIONAL_B_SPLINE_SURFACE ( (
 ( 1.000000000000000000, 0.9395803750613921368, 1.000000000000000000),
 ( 1.000000000000000000, 0.9475777910673217619, 1.000000000000000000),
 ( 1.000000000000000000, 0.9529662349993902604, 1.000000000000000000),
 ( 1.000000000000000000, 0.9600675254243674628, 1.000000000000000000),
 ( 1.000000000000000000, 0.9617636917940739494, 1.000000000000000000),
 ( 1.000000000000000000, 0.9617746879723609865, 1.000000000000000000),
 ( 1.000000000000000000, 0.9601004405319981672, 1.000000000000000000),
 ( 1.000000000000000000, 0.9530276905311181324, 1.000000000000000000),
 ( 1.000000000000000000, 0.9476416231482186481, 1.000000000000000000),
 ( 1.000000000000000000, 0.9395803750613920258, 1.000000000000000000) ) ) 
 REPRESENTATION_ITEM ( '' )  SURFACE ( )  );
#1872 = CARTESIAN_POINT ( 'NONE',  ( -25.08053411470881855, -16.95296851108691527, 14.54847340633704711 ) ) ;
#1873 = CARTESIAN_POINT ( 'NONE',  ( -13.89313416795964429, 30.25000000000000000, 1.506687882921138311 ) ) ;
#1874 = EDGE_CURVE ( 'NONE', #529, #6054, #835, .T. ) ;
#1875 = CARTESIAN_POINT ( 'NONE',  ( -30.11918472011377190, -3.222973038663095480, 8.909367166808952021 ) ) ;
#1876 = CARTESIAN_POINT ( 'NONE',  ( 28.74357562219416096, -13.54197569201719098, 14.26686637510625921 ) ) ;
#1877 = DIRECTION ( 'NONE',  ( -0.000000000000000000, -0.000000000000000000, 1.000000000000000000 ) ) ;
#1878 = DIRECTION ( 'NONE',  ( -0.9595796706112637020, -0.2814371257485029365, 0.000000000000000000 ) ) ;
#1879 = ORIENTED_EDGE ( 'NONE', *, *, #3607, .F. ) ;
#1880 = CARTESIAN_POINT ( 'NONE',  ( -20.48580324801357833, 29.37954108033293821, -0.007031227023133833527 ) ) ;
#1881 = CARTESIAN_POINT ( 'NONE',  ( 27.38042267995227519, 12.91411547607238575, 14.26847385334264828 ) ) ;
#1882 = EDGE_CURVE ( 'NONE', #3416, #2702, #3872, .T. ) ;
#1883 = DIRECTION ( 'NONE',  ( 1.000000000000000000, 0.000000000000000000, 0.000000000000000000 ) ) ;
#1884 = CARTESIAN_POINT ( 'NONE',  ( 1.893810413085194488, 31.75000000000000000, 6.218767535017782677 ) ) ;
#1885 = CARTESIAN_POINT ( 'NONE',  ( 28.77827473143155856, 20.42008677463326904, 6.937832643244713715 ) ) ;
#1886 = CARTESIAN_POINT ( 'NONE',  ( 30.79527279168007681, -21.04196600577385112, -0.6823423311160150551 ) ) ;
#1887 = EDGE_LOOP ( 'NONE', ( #2958, #5004, #6318, #6633 ) ) ;
#1888 = CARTESIAN_POINT ( 'NONE',  ( 2.317635566046208491E-14, -10.41171826160888969, -50.98871539847888812 ) ) ;
#1889 = CARTESIAN_POINT ( 'NONE',  ( 1.316083877220116777E-14, 5.101912221987753959, -55.87241486702783533 ) ) ;
#1890 = EDGE_CURVE ( 'NONE', #5847, #4818, #5619, .T. ) ;
#1891 = CARTESIAN_POINT ( 'NONE',  ( 1.100908770256621594, 23.75000000000000355, -20.00000000000000000 ) ) ;
#1892 = CARTESIAN_POINT ( 'NONE',  ( -2.204441963956801587, -31.75000000000000000, 5.360374786861286545 ) ) ;
#1893 = VERTEX_POINT ( 'NONE', #3620 ) ;
#1894 = CARTESIAN_POINT ( 'NONE',  ( -34.74999999999998579, 3.459016056282952611, -9.776838509509998332 ) ) ;
#1895 = AXIS2_PLACEMENT_3D ( 'NONE', #6427, #1384, #5055 ) ;
#1896 = ORIENTED_EDGE ( 'NONE', *, *, #5663, .T. ) ;
#1897 = CARTESIAN_POINT ( 'NONE',  ( 34.75000000000000711, 11.18513797703854173, 4.406529539640946069 ) ) ;
#1898 = CIRCLE ( 'NONE', #6166, 10.00000000000000355 ) ;
#1899 = CARTESIAN_POINT ( 'NONE',  ( -24.25908079937863704, 25.36888522419772229, 7.000827334001265889 ) ) ;
#1900 = CARTESIAN_POINT ( 'NONE',  ( 30.65567493310559399, -16.85153448304924240, 7.041025932419334055 ) ) ;
#1901 = DIRECTION ( 'NONE',  ( 0.000000000000000000, -0.2934431313557291365, -0.9559765314379555790 ) ) ;
#1902 = FACE_OUTER_BOUND ( 'NONE', #6153, .T. ) ;
#1903 = CARTESIAN_POINT ( 'NONE',  ( 24.02328245759170855, 18.39178728249568451, 9.165685187683289215 ) ) ;
#1904 = ORIENTED_EDGE ( 'NONE', *, *, #2601, .T. ) ;
#1905 = CIRCLE ( 'NONE', #4317, 8.500000000000001776 ) ;
#1906 = ADVANCED_FACE ( 'NONE', ( #981 ), #2427, .F. ) ;
#1907 = DIRECTION ( 'NONE',  ( 1.000000000000000000, 0.000000000000000000, 0.000000000000000000 ) ) ;
#1908 = CARTESIAN_POINT ( 'NONE',  ( -28.86479561854627818, -9.067492148759219717, 13.61280448477586980 ) ) ;
#1909 = CARTESIAN_POINT ( 'NONE',  ( -12.09789317785773832, -29.31963487882595132, 6.192201161172091517 ) ) ;
#1910 = CARTESIAN_POINT ( 'NONE',  ( 26.93077563817006848, 25.72793458508732201, -0.6595299558605695056 ) ) ;
#1911 = CARTESIAN_POINT ( 'NONE',  ( -34.66889376460827066, 14.17963151167110070, 4.261681308086330944 ) ) ;
#1912 = CARTESIAN_POINT ( 'NONE',  ( -13.89519065036440715, -30.25000000000000000, 1.505770537015004074 ) ) ;
#1913 = DIRECTION ( 'NONE',  ( 0.000000000000000000, -1.000000000000000000, 0.000000000000000000 ) ) ;
#1914 = VERTEX_POINT ( 'NONE', #4052 ) ;
#1915 = DIRECTION ( 'NONE',  ( -0.000000000000000000, -0.000000000000000000, 1.000000000000000000 ) ) ;
#1916 = CIRCLE ( 'NONE', #1577, 8.000000000000000000 ) ;
#1917 = CARTESIAN_POINT ( 'NONE',  ( 28.86385448447827073, 9.070701011543725656, 13.61361896884047873 ) ) ;
#1918 = CARTESIAN_POINT ( 'NONE',  ( 34.75000000000001421, -5.435148642517814821, -10.55385752943751143 ) ) ;
#1919 = CARTESIAN_POINT ( 'NONE',  ( 29.40406534532753469, 7.139640798465006100, 13.12722632987413540 ) ) ;
#1920 = ORIENTED_EDGE ( 'NONE', *, *, #1055, .T. ) ;
#1921 = AXIS2_PLACEMENT_3D ( 'NONE', #6165, #2530, #4530 ) ;
#1922 = EDGE_CURVE ( 'NONE', #6389, #2846, #3798, .T. ) ;
#1923 = ORIENTED_EDGE ( 'NONE', *, *, #3724, .T. ) ;
#1924 = CARTESIAN_POINT ( 'NONE',  ( 28.64718646885792452, -23.97672074381540597, -0.7150874103836165618 ) ) ;
#1925 = VECTOR ( 'NONE', #5273, 1000.000000000000000 ) ;
#1926 = CARTESIAN_POINT ( 'NONE',  ( -21.99143627010723634, -30.46190784193105827, 4.235160327924596402 ) ) ;
#1927 = CARTESIAN_POINT ( 'NONE',  ( 15.42384785912822842, 29.80492038643860653, 7.286698773775949434 ) ) ;
#1928 = CARTESIAN_POINT ( 'NONE',  ( -12.70731375386193207, 27.45711720518741572, 12.78627269150068102 ) ) ;
#1929 = ORIENTED_EDGE ( 'NONE', *, *, #6154, .F. ) ;
#1930 = CARTESIAN_POINT ( 'NONE',  ( 7.724860988027166831E-16, 30.25000000000000000, 4.999999999999999112 ) ) ;
#1931 = B_SPLINE_CURVE_WITH_KNOTS ( 'NONE', 3,
 ( #1781, #3888, #5971, #1268, #5464, #2329, #4430, #6518, #6648, #1918, #3493, #4570, #1405, #2048 ),
 .UNSPECIFIED., .F., .F.,
 ( 4, 2, 2, 2, 2, 2, 4 ),
 ( 0.05456885887982779876, 0.05560812646881119897, 0.05664739405779459919, 0.05872592923576140655, 0.05976519682474480677, 0.06080446441372820698, 0.06288299959169500741 ),
 .UNSPECIFIED. ) ;
#1932 = CARTESIAN_POINT ( 'NONE',  ( -19.48173217925195644, 31.23154000674406916, 4.415233157228398042 ) ) ;
#1933 = ORIENTED_EDGE ( 'NONE', *, *, #2527, .T. ) ;
#1934 = CARTESIAN_POINT ( 'NONE',  ( -29.58556538074325815, 16.81997802064923775, 5.915134035358691200 ) ) ;
#1935 = CARTESIAN_POINT ( 'NONE',  ( -27.16973153805188446, -22.56440447243891612, 6.926591394047640904 ) ) ;
#1936 = CARTESIAN_POINT ( 'NONE',  ( -16.52631116462117333, -27.11674445210484308, 13.72434228741768258 ) ) ;
#1937 = CARTESIAN_POINT ( 'NONE',  ( 31.38216790710682247, 15.36803869381528109, 6.978977273861481478 ) ) ;
#1938 = CARTESIAN_POINT ( 'NONE',  ( -18.33980201466802384, 27.81780611224251132, 6.043426446482301095 ) ) ;
#1939 = ORIENTED_EDGE ( 'NONE', *, *, #5174, .F. ) ;
#1940 = CARTESIAN_POINT ( 'NONE',  ( 20.48612298902754603, 22.28764356073169139, 14.45178302725846287 ) ) ;
#1941 = EDGE_CURVE ( 'NONE', #2139, #3242, #2471, .T. ) ;
#1942 = ORIENTED_EDGE ( 'NONE', *, *, #4658, .F. ) ;
#1943 = CARTESIAN_POINT ( 'NONE',  ( 13.37475027962545227, 29.21738607355999306, 6.035963375350777760 ) ) ;
#1944 = CARTESIAN_POINT ( 'NONE',  ( -31.31707885368803446, -5.279417683905363035, 12.66035759363024837 ) ) ;
#1945 = CARTESIAN_POINT ( 'NONE',  ( 29.26315345573974724, -7.835173731220897331, 9.137690152058592474 ) ) ;
#1946 = CARTESIAN_POINT ( 'NONE',  ( -4.056089166218442621, 30.25000000000000000, 4.111601362674108806 ) ) ;
#1947 = CARTESIAN_POINT ( 'NONE',  ( 12.27007193093709247, 30.65543761301514536, 6.856819718352160642 ) ) ;
#1948 = DIRECTION ( 'NONE',  ( 0.000000000000000000, 0.000000000000000000, 1.000000000000000000 ) ) ;
#1949 = ADVANCED_FACE ( 'NONE', ( #342 ), #883, .F. ) ;
#1950 = DIRECTION ( 'NONE',  ( 0.000000000000000000, -0.9858269600613879247, -0.1677653266206189375 ) ) ;
#1951 = CARTESIAN_POINT ( 'NONE',  ( -22.21765975907274537, 25.59997775951663357, 5.967858956443160778 ) ) ;
#1952 = CARTESIAN_POINT ( 'NONE',  ( 16.16960775711608989, 30.24999999999999645, 4.155580001464642237 ) ) ;
#1953 = CYLINDRICAL_SURFACE ( 'NONE', #4651, 20.00000000000000000 ) ;
#1954 = CARTESIAN_POINT ( 'NONE',  ( -14.74999999999999645, -25.33714599355024788, -19.84098001496990094 ) ) ;
#1955 = CARTESIAN_POINT ( 'NONE',  ( 34.05514722114489246, 17.07542974391496315, 4.108649707264414808 ) ) ;
#1956 = CARTESIAN_POINT ( 'NONE',  ( -34.74999999999999289, -8.015906772531444346, 1.056869236126486422 ) ) ;
#1957 = CARTESIAN_POINT ( 'NONE',  ( 3.098074650744729878E-15, -11.00714055055379248, -50.21995550575902456 ) ) ;
#1958 = CARTESIAN_POINT ( 'NONE',  ( -31.93999441576381670, -22.04659514763821804, 3.946370193178844854 ) ) ;
#1959 = DIRECTION ( 'NONE',  ( 0.000000000000000000, 1.000000000000000000, -0.000000000000000000 ) ) ;
#1960 = CARTESIAN_POINT ( 'NONE',  ( -30.99277951404091880, 14.87407574680410605, -16.66271063079669901 ) ) ;
#1961 = CARTESIAN_POINT ( 'NONE',  ( -34.74999999999999289, 2.777235014918596256, -9.591213213479473865 ) ) ;
#1962 = CARTESIAN_POINT ( 'NONE',  ( -25.68423790949959340, 28.52025838069360830, 4.042477506667647269 ) ) ;
#1963 = ORIENTED_EDGE ( 'NONE', *, *, #6448, .T. ) ;
#1964 = CARTESIAN_POINT ( 'NONE',  ( -21.14345965202940292, 26.26600284426137577, 6.043580737277868487 ) ) ;
#1965 = CARTESIAN_POINT ( 'NONE',  ( 20.92200976655750111, 27.60191988480768899, 7.151621015437333639 ) ) ;
#1966 = CARTESIAN_POINT ( 'NONE',  ( 33.14978142369994885, -19.61453538084895953, 4.009860865921044848 ) ) ;
#1967 = CARTESIAN_POINT ( 'NONE',  ( -32.18766226403076303, 11.74426880893149239, 7.211638568967605245 ) ) ;
#1968 = CARTESIAN_POINT ( 'NONE',  ( -21.33886431674855899, 21.47283670329845506, 14.50915833702894986 ) ) ;
#1969 = CARTESIAN_POINT ( 'NONE',  ( 29.00319203676222202, 18.32850369263113777, 5.761986916951466142 ) ) ;
#1970 = ORIENTED_EDGE ( 'NONE', *, *, #4210, .T. ) ;
#1971 = CARTESIAN_POINT ( 'NONE',  ( -27.32189373443643987, -20.93352157451034401, 5.716457830732784018 ) ) ;
#1972 = CARTESIAN_POINT ( 'NONE',  ( 29.26713866061686886, 7.822701845356636596, 9.137447494929050507 ) ) ;
#1973 = CARTESIAN_POINT ( 'NONE',  ( -12.12402541061334738, 30.25000000000000000, 2.154191468302087742 ) ) ;
#1974 = CARTESIAN_POINT ( 'NONE',  ( 7.427985052443432323, 31.75000000001441691, 4.851739756820855121 ) ) ;
#1975 = CARTESIAN_POINT ( 'NONE',  ( -15.09659229604749164, -28.59668232856210679, 6.459701533381995375 ) ) ;
#1976 = CARTESIAN_POINT ( 'NONE',  ( -30.72954718276379538, 13.08862342807022117, 6.164951542149258223 ) ) ;
#1977 = CARTESIAN_POINT ( 'NONE',  ( -18.23674273818941316, 29.96735250967568120, 3.900267213413882494 ) ) ;
#1978 = CARTESIAN_POINT ( 'NONE',  ( 14.04867743884294740, 28.89055251734214380, 6.392975890413689299 ) ) ;
#1979 = CARTESIAN_POINT ( 'NONE',  ( -12.14640203140062091, 29.31055107972509788, 6.195285930338823910 ) ) ;
#1980 = CARTESIAN_POINT ( 'NONE',  ( -24.05565807567026582, -25.69558258545320939, 6.921415536001787494 ) ) ;
#1981 = CARTESIAN_POINT ( 'NONE',  ( 33.35568423438947860, 19.09441151123212776, -0.5373698964629600727 ) ) ;
#1982 = CARTESIAN_POINT ( 'NONE',  ( 12.11369014936522248, -24.00022895528489997, -18.49518171590709770 ) ) ;
#1983 = CARTESIAN_POINT ( 'NONE',  ( -34.74999999999440803, 6.770631809642213561, 4.422686206436863721 ) ) ;
#1984 = CARTESIAN_POINT ( 'NONE',  ( -9.123897327979965752E-15, -8.474344948758760765, -53.17679278749070448 ) ) ;
#1985 = EDGE_CURVE ( 'NONE', #4885, #627, #3084, .T. ) ;
#1986 = CARTESIAN_POINT ( 'NONE',  ( 29.79188913731001875, -22.53722718867908270, -0.7147519177226772102 ) ) ;
#1987 = CARTESIAN_POINT ( 'NONE',  ( -29.89209619971877174, -18.48085943122815067, 6.985223019128317112 ) ) ;
#1988 = CARTESIAN_POINT ( 'NONE',  ( 37.00000000000000711, 0.000000000000000000, -214.9999999999998863 ) ) ;
#1989 = CARTESIAN_POINT ( 'NONE',  ( -0.5480701868387520825, -23.55624613616892304, -20.00000000000000000 ) ) ;
#1990 = CARTESIAN_POINT ( 'NONE',  ( 2.027695093806779258, 30.25000000000000000, 4.555641855163535148 ) ) ;
#1991 = CARTESIAN_POINT ( 'NONE',  ( -20.89142204428711835, 30.85744592867313330, 4.307385072584743568 ) ) ;
#1992 = CARTESIAN_POINT ( 'NONE',  ( 29.14241729201335218, -19.62177840168947185, -18.68739383071429927 ) ) ;
#1993 = ORIENTED_EDGE ( 'NONE', *, *, #5620, .F. ) ;
#1994 = CARTESIAN_POINT ( 'NONE',  ( -12.31413182593364120, 29.37170763348732905, 6.025647039106172720 ) ) ;
#1995 = EDGE_CURVE ( 'NONE', #5320, #5341, #5221, .T. ) ;
#1996 = CARTESIAN_POINT ( 'NONE',  ( -23.93819019683488136, -25.63911890038312436, 7.012147905797879943 ) ) ;
#1997 = VECTOR ( 'NONE', #1915, 1000.000000000000000 ) ;
#1998 = CARTESIAN_POINT ( 'NONE',  ( 37.00000000000000711, 0.000000000000000000, -124.8941410357253972 ) ) ;
#1999 = CARTESIAN_POINT ( 'NONE',  ( 26.32419696337160531, 17.79361157775301194, 14.54847340633564734 ) ) ;
#2000 = CARTESIAN_POINT ( 'NONE',  ( -20.66193872733872894, 22.12260634519217462, 9.233761986440033098 ) ) ;
#2001 = CARTESIAN_POINT ( 'NONE',  ( 26.93984423858819355, 21.43002854840021243, 5.714886828688875653 ) ) ;
#2002 = CIRCLE ( 'NONE', #3883, 18.50000000000000000 ) ;
#2003 = ORIENTED_EDGE ( 'NONE', *, *, #6523, .T. ) ;
#2004 = ADVANCED_FACE ( 'NONE', ( #2987 ), #6646, .F. ) ;
#2005 = CARTESIAN_POINT ( 'NONE',  ( 31.25779178040862050, -10.50889969320578388, 6.179195852882641837 ) ) ;
#2006 = CARTESIAN_POINT ( 'NONE',  ( -13.33045122805359028, -29.18006667246237740, 6.110678265782627072 ) ) ;
#2007 = CYLINDRICAL_SURFACE ( 'NONE', #5415, 23.99999999999999289 ) ;
#2008 = CARTESIAN_POINT ( 'NONE',  ( -22.49762391994854127, 22.43479863121434903, 9.888721135554536801 ) ) ;
#2009 = CARTESIAN_POINT ( 'NONE',  ( -33.25000000000000711, -12.81673320018180817, 3.729800163471323149 ) ) ;
#2010 = CARTESIAN_POINT ( 'NONE',  ( -4.055553041119612345, 31.75000000000000000, 4.111718540497383501 ) ) ;
#2011 = AXIS2_PLACEMENT_3D ( 'NONE', #4501, #3955, #3398 ) ;
#2012 = DIRECTION ( 'NONE',  ( -0.2620147808320876792, 0.000000000000000000, -0.9650638603872352395 ) ) ;
#2013 = CARTESIAN_POINT ( 'NONE',  ( 15.65207467060480617, 30.24999999999999645, 4.232259138696880640 ) ) ;
#2014 = AXIS2_PLACEMENT_3D ( 'NONE', #4969, #5006, #4493 ) ;
#2015 = CARTESIAN_POINT ( 'NONE',  ( 9.797174393178827630E-15, 0.000000000000000000, 80.00000000000000000 ) ) ;
#2016 = CARTESIAN_POINT ( 'NONE',  ( -14.15366761560890652, -28.43805937953106522, 9.584786528549381401 ) ) ;
#2017 = ORIENTED_EDGE ( 'NONE', *, *, #166, .T. ) ;
#2018 = CARTESIAN_POINT ( 'NONE',  ( 15.46940271386414167, 27.73327189617076982, 13.46440240687116940 ) ) ;
#2019 = TOROIDAL_SURFACE ( 'NONE', #4008, 229.2911684466441500, 23.99999999999999289 ) ;
#2020 = CARTESIAN_POINT ( 'NONE',  ( 21.12179094278777924, -26.27827889777861614, 6.045210443073631090 ) ) ;
#2021 = EDGE_CURVE ( 'NONE', #367, #5418, #1571, .T. ) ;
#2022 = CARTESIAN_POINT ( 'NONE',  ( 1.754620438604165239E-14, -18.71433674131501590, -35.71606091384990833 ) ) ;
#2023 = CARTESIAN_POINT ( 'NONE',  ( 31.37956344147957566, -19.94620435813349246, -0.6325813889715531380 ) ) ;
#2024 = CARTESIAN_POINT ( 'NONE',  ( -29.24911884805525730, -19.67025802211365360, 6.952183873549076409 ) ) ;
#2025 = CYLINDRICAL_SURFACE ( 'NONE', #6066, 8.000000000000000000 ) ;
#2026 = AXIS2_PLACEMENT_3D ( 'NONE', #6221, #5711, #3172 ) ;
#2027 = CARTESIAN_POINT ( 'NONE',  ( 30.25000000000000000, -2.072236573767427323E-11, 12.14142842854286464 ) ) ;
#2028 = CARTESIAN_POINT ( 'NONE',  ( -34.74999999999999289, 1.190356522316421925E-19, -9.261760844064783171 ) ) ;
#2029 = CARTESIAN_POINT ( 'NONE',  ( -17.83064794856771940, 31.51384193496553010, 0.4862827713798369977 ) ) ;
#2030 = ORIENTED_EDGE ( 'NONE', *, *, #3112, .F. ) ;
#2031 = CARTESIAN_POINT ( 'NONE',  ( -24.63270290837005305, 23.77464039905400028, 5.829608122583107566 ) ) ;
#2032 = AXIS2_PLACEMENT_3D ( 'NONE', #1432, #375, #2952 ) ;
#2033 = CARTESIAN_POINT ( 'NONE',  ( 24.75000000000000711, -11.74999999999998579, 0.2546058388727134858 ) ) ;
#2034 = CARTESIAN_POINT ( 'NONE',  ( 33.88918843987271856, -17.63691694476230865, 4.083616195323573450 ) ) ;
#2035 = CARTESIAN_POINT ( 'NONE',  ( 19.04191859538595821, -24.62166756930004041, -19.85340208011842833 ) ) ;
#2036 = CARTESIAN_POINT ( 'NONE',  ( 27.69381186326357636, 22.02940329887503168, 6.865088440360268329 ) ) ;
#2037 = CARTESIAN_POINT ( 'NONE',  ( -23.68069127243851923, 18.85645032695121870, 9.160988718162345279 ) ) ;
#2038 = CARTESIAN_POINT ( 'NONE',  ( 28.68173134142924141, -9.631356183553846151, 13.73632037686247465 ) ) ;
#2039 = VERTEX_POINT ( 'NONE', #6339 ) ;
#2040 = CARTESIAN_POINT ( 'NONE',  ( -29.70591235896709748, 11.27550513783508634, 13.96062260785001108 ) ) ;
#2041 = CARTESIAN_POINT ( 'NONE',  ( -2.103205148776087441, 30.25000000000720135, 4.897597527563313236 ) ) ;
#2042 = CARTESIAN_POINT ( 'NONE',  ( -26.99782056537990371, 16.75357710355190122, 14.50890263055776686 ) ) ;
#2043 = CARTESIAN_POINT ( 'NONE',  ( -31.97481977998803515, -1.749947865557298865, 6.083474421613187744 ) ) ;
#2044 = CARTESIAN_POINT ( 'NONE',  ( -12.12402541061340955, -21.75000000000000000, 2.154191468302061097 ) ) ;
#2045 = ORIENTED_EDGE ( 'NONE', *, *, #2021, .F. ) ;
#2046 = CARTESIAN_POINT ( 'NONE',  ( -28.73869404478353928, -13.55318960630989622, 14.26830775127586470 ) ) ;
#2047 = CARTESIAN_POINT ( 'NONE',  ( 14.21590068282304209, 26.70754154947922743, 13.31167126948790269 ) ) ;
#2048 = CARTESIAN_POINT ( 'NONE',  ( 34.75000000000000711, -7.827113324887223555, -12.00000000000749090 ) ) ;
#2049 = CARTESIAN_POINT ( 'NONE',  ( -15.55410660591416239, -27.68590140400604582, 13.48692241386778434 ) ) ;
#2050 = CARTESIAN_POINT ( 'NONE',  ( -34.74999999999999289, -9.591564683836159233, 0.7887280973505726989 ) ) ;
#2051 = CARTESIAN_POINT ( 'NONE',  ( 25.14476641057242290, 22.33908270586146827, -19.49985724189170710 ) ) ;
#2052 = CARTESIAN_POINT ( 'NONE',  ( 11.73618576907938582, -31.74999999998928146, 4.766204193667898714 ) ) ;
#2053 = CARTESIAN_POINT ( 'NONE',  ( -26.83142253487753948, -25.81554906374422487, -0.6543960145805945983 ) ) ;
#2054 = CARTESIAN_POINT ( 'NONE',  ( 17.73022477347294767, -30.01830039540785577, 0.4592214939251130223 ) ) ;
#2055 = CARTESIAN_POINT ( 'NONE',  ( -27.16037655176891263, -22.55404567482439759, 6.928548061718031725 ) ) ;
#2056 = CARTESIAN_POINT ( 'NONE',  ( 14.75000000000000888, -23.75000000000000000, -12.00000000000000000 ) ) ;
#2057 = DIRECTION ( 'NONE',  ( 1.000000000000000000, 0.000000000000000000, 0.000000000000000000 ) ) ;
#2058 = CARTESIAN_POINT ( 'NONE',  ( -31.74342598007015681, 7.203643075628498593, 6.041619742531569415 ) ) ;
#2059 = CARTESIAN_POINT ( 'NONE',  ( -28.07648509235241363, 26.71664110186890895, 3.958816124575119222 ) ) ;
#2060 = EDGE_LOOP ( 'NONE', ( #5567, #1852, #1632, #1099, #4780, #3470 ) ) ;
#2061 = CARTESIAN_POINT ( 'NONE',  ( 16.64461830866177650, -28.13492145130947364, 6.428424548177140707 ) ) ;
#2062 = EDGE_CURVE ( 'NONE', #4513, #1914, #1269, .T. ) ;
#2063 = CARTESIAN_POINT ( 'NONE',  ( 7.156131611974905660, -29.40586608060849727, 9.728282363141554256 ) ) ;
#2064 = CARTESIAN_POINT ( 'NONE',  ( 19.48173217925331713, -31.23154000674457720, 4.415233157228228400 ) ) ;
#2065 = CARTESIAN_POINT ( 'NONE',  ( 33.25000000000000711, -11.75000000000000000, 0.2546058388727132638 ) ) ;
#2066 = CARTESIAN_POINT ( 'NONE',  ( 21.64876529756531198, 23.25487492056818795, 9.909425631656157307 ) ) ;
#2067 = CARTESIAN_POINT ( 'NONE',  ( 14.75000000000000888, -31.75000000000000000, 1.114006583038533060 ) ) ;
#2068 = B_SPLINE_CURVE_WITH_KNOTS ( 'NONE', 3,
 ( #963, #864, #4543, #2440, #422, #6179, #5637, #2968 ),
 .UNSPECIFIED., .F., .F.,
 ( 4, 2, 2, 4 ),
 ( 0.000000000000000000, 0.003230704402021539363, 0.006461408804043082196, 0.01292281760808616092 ),
 .UNSPECIFIED. ) ;
#2069 = CARTESIAN_POINT ( 'NONE',  ( 40.06245124802025970, 11.75000000000000000, 13.47218163977898264 ) ) ;
#2070 = ORIENTED_EDGE ( 'NONE', *, *, #1313, .F. ) ;
#2071 = ADVANCED_FACE ( 'NONE', ( #4797 ), #3369, .F. ) ;
#2072 = CARTESIAN_POINT ( 'NONE',  ( -26.97667805768957550, 16.78815525923380392, 14.51065322450843631 ) ) ;
#2073 = CARTESIAN_POINT ( 'NONE',  ( -7.649262926232082371, 29.89467101831935736, 5.808985614923997787 ) ) ;
#2074 = CARTESIAN_POINT ( 'NONE',  ( -29.42719834634207032, -23.02855438006886146, -0.7193395062873938484 ) ) ;
#2075 = CARTESIAN_POINT ( 'NONE',  ( -13.18674435069734585, 31.74999999999918643, 4.795575111018361092 ) ) ;
#2076 = CARTESIAN_POINT ( 'NONE',  ( 14.75000000000000711, -23.75000000000000000, -12.00000000000000000 ) ) ;
#2077 = CARTESIAN_POINT ( 'NONE',  ( 21.65749979069207498, -23.24696438122048647, 9.908206571310037347 ) ) ;
#2078 =( BOUNDED_SURFACE ( )  B_SPLINE_SURFACE ( 3, 2, ( 
 ( #6126, #1427, #369 ),
 ( #1908, #4492, #5036 ),
 ( #3484, #403, #5492 ),
 ( #2489, #4013, #6092 ),
 ( #6542, #2456, #774 ),
 ( #2355, #3513, #4968 ),
 ( #6056, #3947, #4591 ),
 ( #5614, #6572, #2947 ),
 ( #1872, #2917, #6672 ),
 ( #4460, #1395, #1971 ),
 ( #1840, #6026, #1329 ),
 ( #3419, #5068, #5586 ),
 ( #337, #808, #1361 ),
 ( #5521, #5005, #310 ),
 ( #2390, #3980, #3453 ),
 ( #878, #2982, #1046 ),
 ( #5717, #496, #2629 ),
 ( #566, #4242, #2559 ),
 ( #6701, #3583, #66 ),
 ( #1594, #2595, #4693 ),
 ( #531, #4724, #6258 ),
 ( #3111, #1009, #6738 ),
 ( #26, #2667, #463 ),
 ( #3691, #3177, #6194 ),
 ( #5752, #6296, #1553 ),
 ( #5651, #4206, #2006 ) ),
 .UNSPECIFIED., .F., .F., .T. ) 
 B_SPLINE_SURFACE_WITH_KNOTS ( ( 4, 2, 2, 2, 2, 2, 2, 2, 2, 2, 2, 2, 4 ),
 ( 3, 3 ),
 ( 0.01689948557017354608, 0.01935703440893982163, 0.02181458324770609719, 0.02672968092523865177, 0.03164477860277120636, 0.03410232744153748191, 0.03655987628030375747, 0.04147497395783630858, 0.04639007163536885969, 0.04884762047413513525, 0.05130516931290141081, 0.05376271815166769330, 0.05622026699043396886 ),
 ( 0.000000000000000000, 0.6825748848285524417 ),
 .UNSPECIFIED. ) 
 GEOMETRIC_REPRESENTATION_ITEM ( )  RATIONAL_B_SPLINE_SURFACE ( (
 ( 1.000000000000000000, 0.9104746821935371104, 0.9431648313690461638),
 ( 1.000000000000000000, 0.9065748887981089910, 0.9406890466336688128),
 ( 1.000000000000000000, 0.9028130586847294969, 0.9383008479196790486),
 ( 1.000000000000000000, 0.8956525541388596912, 0.9337549999593621752),
 ( 1.000000000000000000, 0.8922472352968516818, 0.9315931325081225900),
 ( 1.000000000000000000, 0.8827667932057240430, 0.9255744716628175883),
 ( 1.000000000000000000, 0.8774996990255097273, 0.9222306557092709856),
 ( 1.000000000000000000, 0.8696298302723483031, 0.9172344677185579886),
 ( 1.000000000000000000, 0.8670342607920910050, 0.9155866698361456724),
 ( 1.000000000000000000, 0.8654551879644140078, 0.9145841950877666715),
 ( 1.000000000000000000, 0.8653126061984108830, 0.9144936770207767740),
 ( 1.000000000000000000, 0.8658167764314126380, 0.9148137496093300403),
 ( 1.000000000000000000, 0.8664670443050649373, 0.9152265723187027469),
 ( 1.000000000000000000, 0.8695377201912606324, 0.9171759916123625178),
 ( 1.000000000000000000, 0.8730824245890798085, 0.9194263480158155755),
 ( 1.000000000000000000, 0.8826005828495178118, 0.9254689529798947323),
 ( 1.000000000000000000, 0.8885669666560279678, 0.9292567131137717817),
 ( 1.000000000000000000, 0.8988608723655518995, 0.9357918015245911825),
 ( 1.000000000000000000, 0.9025269967130497006, 0.9381192414110657296),
 ( 1.000000000000000000, 0.9101901601926967178, 0.9429842025112749049),
 ( 1.000000000000000000, 0.9141686362795159448, 0.9455099389714058944),
 ( 1.000000000000000000, 0.9223340327318154674, 0.9506937427899893045),
 ( 1.000000000000000000, 0.9265211577988934355, 0.9533519401032981566),
 ( 1.000000000000000000, 0.9350291903205688593, 0.9587532665094488094),
 ( 1.000000000000000000, 0.9393571087679007947, 0.9615008465326427833),
 ( 1.000000000000000000, 0.9436926519226355170, 0.9642532671030874525) ) ) 
 REPRESENTATION_ITEM ( '' )  SURFACE ( )  );
#2079 = ORIENTED_EDGE ( 'NONE', *, *, #2849, .T. ) ;
#2080 = DIRECTION ( 'NONE',  ( -1.000000000000000000, 0.000000000000000000, 0.000000000000000000 ) ) ;
#2081 = CARTESIAN_POINT ( 'NONE',  ( 23.63711600885596553, 18.88658332419159791, 14.57469884889072276 ) ) ;
#2082 = B_SPLINE_CURVE_WITH_KNOTS ( 'NONE', 3,
 ( #3026, #4634, #6103, #5217, #3625, #3559, #1979, #5116 ),
 .UNSPECIFIED., .F., .F.,
 ( 4, 2, 2, 4 ),
 ( -4.055234150829784462E-05, 0.006646410602843787208, 0.009989892075019829107, 0.01333337354719587101 ),
 .UNSPECIFIED. ) ;
#2083 = CARTESIAN_POINT ( 'NONE',  ( 34.08151724775325420, 16.91916970443135071, -0.3690780017769031418 ) ) ;
#2084 = CARTESIAN_POINT ( 'NONE',  ( -16.12260043284358701, -29.81041944122406662, 7.018620893023638452 ) ) ;
#2085 = CARTESIAN_POINT ( 'NONE',  ( -34.74999999999999289, -11.75000000000000000, 5.000000000000000000 ) ) ;
#2086 = LINE ( 'NONE', #4185, #6306 ) ;
#2087 = FACE_OUTER_BOUND ( 'NONE', #554, .T. ) ;
#2088 = CARTESIAN_POINT ( 'NONE',  ( -25.87329299306018626, -26.58294549837984633, -0.5942553891956402490 ) ) ;
#2089 = CARTESIAN_POINT ( 'NONE',  ( -34.75000000000000711, -0.6990229036536963481, -9.277552671367708115 ) ) ;
#2090 = CARTESIAN_POINT ( 'NONE',  ( 33.25000000000003553, 12.81673320018166429, 3.729800163470911034 ) ) ;
#2091 = CARTESIAN_POINT ( 'NONE',  ( -29.02728503599072596, 8.513473053892216313, 13.47218163977897731 ) ) ;
#2092 = CARTESIAN_POINT ( 'NONE',  ( -30.11905470709331212, 2.904203785546347394, 12.31487966400209721 ) ) ;
#2093 = CARTESIAN_POINT ( 'NONE',  ( -13.60196200354483231, 25.43698702314234694, -19.82015654276159822 ) ) ;
#2094 = ORIENTED_EDGE ( 'NONE', *, *, #5985, .F. ) ;
#2095 = CARTESIAN_POINT ( 'NONE',  ( -16.12029817229650419, 27.38359963869077163, 9.834799666315849009 ) ) ;
#2096 = EDGE_CURVE ( 'NONE', #1278, #3489, #5548, .T. ) ;
#2097 =( BOUNDED_SURFACE ( )  B_SPLINE_SURFACE ( 3, 2, ( 
 ( #916, #2989, #6102 ),
 ( #6647, #2430, #5661 ),
 ( #1978, #1466, #952 ),
 ( #5114, #852, #5622 ),
 ( #6202, #4632, #377 ),
 ( #3491, #4569, #2497 ),
 ( #6708, #2013, #5076 ),
 ( #4054, #1952, #2954 ) ),
 .UNSPECIFIED., .F., .F., .T. ) 
 B_SPLINE_SURFACE_WITH_KNOTS ( ( 4, 2, 2, 4 ),
 ( 3, 3 ),
 ( 0.000000000000000000, 0.0007052287085510713493, 0.001410457417102142699, 0.002820914834204285397 ),
 ( 0.000000000000000000, 1.000000000000000000 ),
 .UNSPECIFIED. ) 
 GEOMETRIC_REPRESENTATION_ITEM ( )  RATIONAL_B_SPLINE_SURFACE ( (
 ( 1.000000000000000000, 0.9657594123133690367, 1.000000000000000000),
 ( 1.000000000000000000, 0.9623238112215316553, 1.000000000000000000),
 ( 1.000000000000000000, 0.9591880960305745329, 1.000000000000000000),
 ( 1.000000000000000000, 0.9530880076123839917, 1.000000000000000000),
 ( 1.000000000000000000, 0.9501339448288133038, 1.000000000000000000),
 ( 1.000000000000000000, 0.9413906600759840426, 1.000000000000000000),
 ( 1.000000000000000000, 0.9357265141434910616, 1.000000000000000000),
 ( 1.000000000000000000, 0.9301069718818445464, 1.000000000000000000) ) ) 
 REPRESENTATION_ITEM ( '' )  SURFACE ( )  );
#2098 = CARTESIAN_POINT ( 'NONE',  ( 25.31013139793824962, 24.48668377839073429, 6.963536159473982856 ) ) ;
#2099 = VERTEX_POINT ( 'NONE', #5959 ) ;
#2100 = CARTESIAN_POINT ( 'NONE',  ( 20.92033180202463782, -27.60331616860240089, 7.151710439989690471 ) ) ;
#2101 = CARTESIAN_POINT ( 'NONE',  ( 33.25000000000000711, -9.591564683836152128, 0.7887280973505831350 ) ) ;
#2102 = CARTESIAN_POINT ( 'NONE',  ( -10.68712574850298935, -28.29925517104088684, 11.82629151725428152 ) ) ;
#2103 = DIRECTION ( 'NONE',  ( -0.000000000000000000, -1.000000000000000000, 0.000000000000000000 ) ) ;
#2104 = CARTESIAN_POINT ( 'NONE',  ( 13.63211401945630641, 27.02583666663907280, 9.104623602605633081 ) ) ;
#2105 = VERTEX_POINT ( 'NONE', #4962 ) ;
#2106 = DIRECTION ( 'NONE',  ( 0.000000000000000000, -1.000000000000000000, 0.000000000000000000 ) ) ;
#2107 = LINE ( 'NONE', #6770, #4215 ) ;
#2108 = CYLINDRICAL_SURFACE ( 'NONE', #6504, 18.50000000000000000 ) ;
#2109 = CARTESIAN_POINT ( 'NONE',  ( 0.000000000000000000, 0.000000000000000000, 0.000000000000000000 ) ) ;
#2110 = CARTESIAN_POINT ( 'NONE',  ( -33.24999999999999289, -3.231528390685878716, 1.534230525839758608 ) ) ;
#2111 = AXIS2_PLACEMENT_3D ( 'NONE', #4391, #2950, #5039 ) ;
#2112 = CARTESIAN_POINT ( 'NONE',  ( -1.676066719224147329E-14, 8.636226182620864833, -48.55449037182616934 ) ) ;
#2113 = EDGE_CURVE ( 'NONE', #2702, #3761, #3060, .T. ) ;
#2114 = VERTEX_POINT ( 'NONE', #4452 ) ;
#2115 = CARTESIAN_POINT ( 'NONE',  ( -34.75000000000001421, -12.40528515208716875, 0.1540338474922701428 ) ) ;
#2116 = CARTESIAN_POINT ( 'NONE',  ( 20.91520073160593896, -27.60548494649364670, 7.151952546090494245 ) ) ;
#2117 = AXIS2_PLACEMENT_3D ( 'NONE', #1285, #1251, #6598 ) ;
#2118 = DIRECTION ( 'NONE',  ( -0.000000000000000000, -0.000000000000000000, 1.000000000000000000 ) ) ;
#2119 = CARTESIAN_POINT ( 'NONE',  ( 10.28138446217201007, 30.05588119698834504, 11.32887574310696621 ) ) ;
#2120 = CARTESIAN_POINT ( 'NONE',  ( 25.11453146399952630, 28.86762211649888954, -0.4619242119424636361 ) ) ;
#2121 =( BOUNDED_SURFACE ( )  B_SPLINE_SURFACE ( 3, 2, ( 
 ( #1190, #1603, #5388 ),
 ( #4702, #3, #4182 ),
 ( #6269, #3664, #5932 ),
 ( #6057, #1330, #809 ),
 ( #3916, #6543, #1841 ),
 ( #5493, #3876, #2818 ),
 ( #712, #3320, #2919 ),
 ( #4421, #2260, #2883 ),
 ( #2391, #5422, #4937 ),
 ( #1776, #4461, #5523 ) ),
 .UNSPECIFIED., .F., .F., .F. ) 
 B_SPLINE_SURFACE_WITH_KNOTS ( ( 4, 2, 2, 2, 4 ),
 ( 3, 3 ),
 ( 0.006629677831292037429, 0.01142453572708021156, 0.01621939362286838396, 0.02101425151865655636, 0.02580910941444472875 ),
 ( 0.000000000000000000, 1.000000000000000000 ),
 .UNSPECIFIED. ) 
 GEOMETRIC_REPRESENTATION_ITEM ( )  RATIONAL_B_SPLINE_SURFACE ( (
 ( 1.000000000000000000, 0.9395803750613921368, 1.000000000000000000),
 ( 1.000000000000000000, 0.9475777910673884863, 1.000000000000000000),
 ( 1.000000000000000000, 0.9529662349993012205, 1.000000000000000000),
 ( 1.000000000000000000, 0.9600675254244565027, 1.000000000000000000),
 ( 1.000000000000000000, 0.9617636917939844654, 1.000000000000000000),
 ( 1.000000000000000000, 0.9617746879724502485, 1.000000000000000000),
 ( 1.000000000000000000, 0.9601004405319980561, 1.000000000000000000),
 ( 1.000000000000000000, 0.9530276905311180213, 1.000000000000000000),
 ( 1.000000000000000000, 0.9476416231482186481, 1.000000000000000000),
 ( 1.000000000000000000, 0.9395803750613920258, 1.000000000000000000) ) ) 
 REPRESENTATION_ITEM ( '' )  SURFACE ( )  );
#2122 = CARTESIAN_POINT ( 'NONE',  ( 2.116487379372155697, -31.74999999999279865, 4.957962691942448430 ) ) ;
#2123 = CARTESIAN_POINT ( 'NONE',  ( -31.36830555649559216, -19.97273493134358091, -0.6343302303624948069 ) ) ;
#2124 = CARTESIAN_POINT ( 'NONE',  ( 14.75000000000000888, 23.75000000000000355, -20.00000000000000000 ) ) ;
#2125 = CARTESIAN_POINT ( 'NONE',  ( 30.66175962625479912, 21.25661953077089450, 3.252005335463032498 ) ) ;
#2126 = DIRECTION ( 'NONE',  ( -1.000000000000000000, 0.000000000000000000, 0.000000000000000000 ) ) ;
#2127 = CARTESIAN_POINT ( 'NONE',  ( -30.14425054019498162, -2.903576830074420467, 12.29120925965083977 ) ) ;
#2128 = AXIS2_PLACEMENT_3D ( 'NONE', #6476, #775, #1296 ) ;
#2129 = CARTESIAN_POINT ( 'NONE',  ( -7.111138001953700716, -29.41691107022765195, 9.700058951531893570 ) ) ;
#2130 = ORIENTED_EDGE ( 'NONE', *, *, #431, .T. ) ;
#2131 = CARTESIAN_POINT ( 'NONE',  ( -11.21706586826346097, 29.70252402249746382, 11.82629151725427796 ) ) ;
#2132 = DIRECTION ( 'NONE',  ( 1.000000000000000000, 0.000000000000000000, 0.000000000000000000 ) ) ;
#2133 = ORIENTED_EDGE ( 'NONE', *, *, #1720, .F. ) ;
#2134 = CARTESIAN_POINT ( 'NONE',  ( 29.36376912534906225, -25.41868199059324240, 3.936826652505426072 ) ) ;
#2135 = CARTESIAN_POINT ( 'NONE',  ( 33.25000000000000711, 11.04036685313883659, 0.4724322874107593773 ) ) ;
#2136 =( LENGTH_UNIT ( ) NAMED_UNIT ( * ) SI_UNIT ( .MILLI., .METRE. ) );
#2137 = CARTESIAN_POINT ( 'NONE',  ( -34.49822733203362191, -14.97992799686710796, -0.1737513778782779905 ) ) ;
#2138 = FACE_OUTER_BOUND ( 'NONE', #328, .T. ) ;
#2139 = VERTEX_POINT ( 'NONE', #5926 ) ;
#2140 = CARTESIAN_POINT ( 'NONE',  ( 6.080894593106151306E-16, 30.25000000000000711, 4.999999999999999112 ) ) ;
#2141 = CARTESIAN_POINT ( 'NONE',  ( -15.47274324572572901, 27.75016340291275796, 13.48639783429104355 ) ) ;
#2142 = VECTOR ( 'NONE', #5311, 1000.000000000000000 ) ;
#2143 = CARTESIAN_POINT ( 'NONE',  ( 30.74317495734189620, -8.102294456145848756, 9.658261511931710785 ) ) ;
#2144 = CARTESIAN_POINT ( 'NONE',  ( -20.65252187984598464, -29.32461994348999212, -0.03116979209558398689 ) ) ;
#2145 = CARTESIAN_POINT ( 'NONE',  ( -12.35155825587852085, 31.75000000000000000, 2.092416299207183528 ) ) ;
#2146 = ADVANCED_FACE ( 'NONE', ( #1835 ), #5444, .F. ) ;
#2147 = CARTESIAN_POINT ( 'NONE',  ( 9.125221863101982578, -31.18429947235462407, 6.368623608069038156 ) ) ;
#2148 = B_SPLINE_CURVE_WITH_KNOTS ( 'NONE', 3,
 ( #3244, #2243, #6395, #1727, #1691, #5405, #4637, #2051, #3125, #1506, #3064, #4988, #3968, #445, #5220, #509, #3933, #5508, #6560, #3407, #4152, #2502, #5730, #3091 ),
 .UNSPECIFIED., .F., .F.,
 ( 4, 2, 2, 2, 2, 2, 2, 2, 2, 2, 2, 4 ),
 ( 1.734723475976807094E-18, 0.003246679860060750628, 0.006493359720121499520, 0.009740039580182248413, 0.01298671944024299731, 0.01461005937027337782, 0.01623339930030375661, 0.01948007916036452458, 0.02110341909039490510, 0.02191508905541009883, 0.02272675902042529256, 0.02597343888048606747 ),
 .UNSPECIFIED. ) ;
#2149 = CARTESIAN_POINT ( 'NONE',  ( 28.08636688993395225, -14.85375637108619351, 9.922714985066129145 ) ) ;
#2150 = EDGE_LOOP ( 'NONE', ( #3807, #1339, #2557 ) ) ;
#2151 = CARTESIAN_POINT ( 'NONE',  ( 14.74999999999993427, 21.75000000000000000, 1.114006583038570142 ) ) ;
#2152 = CARTESIAN_POINT ( 'NONE',  ( 31.65752670660296175, -13.87186118481144348, 7.167187115787837293 ) ) ;
#2153 = CARTESIAN_POINT ( 'NONE',  ( 1.123589701384526851, 31.75000000000000000, 5.183680726659047444 ) ) ;
#2154 = CARTESIAN_POINT ( 'NONE',  ( -33.04439325032468844, 14.86346144971265559, -16.58686647258473101 ) ) ;
#2155 = CARTESIAN_POINT ( 'NONE',  ( 24.27872160273377133, 25.35294148165573347, 7.000091321773192377 ) ) ;
#2156 = FACE_OUTER_BOUND ( 'NONE', #64, .T. ) ;
#2157 = CARTESIAN_POINT ( 'NONE',  ( -34.75000000000000000, 10.20280384732663492, 4.380507510607669630 ) ) ;
#2158 = CARTESIAN_POINT ( 'NONE',  ( -33.21590817595289025, -13.35841940279526519, 3.680874643717354289 ) ) ;
#2159 = CARTESIAN_POINT ( 'NONE',  ( -16.44056161397487514, -29.47364798228493044, 7.338369406592737398 ) ) ;
#2160 = CARTESIAN_POINT ( 'NONE',  ( 20.48585353097220008, 29.37952549775872058, -0.007038711938696427459 ) ) ;
#2161 = CARTESIAN_POINT ( 'NONE',  ( 10.11744384865653323, -30.25000000000000000, 2.682137536603657502 ) ) ;
#2162 = CARTESIAN_POINT ( 'NONE',  ( 28.70050252372265476, -9.627661008483306304, 13.75498828328269951 ) ) ;
#2163 = CARTESIAN_POINT ( 'NONE',  ( 16.24094504831286656, 29.54105652492194167, 7.336288839237619541 ) ) ;
#2164 = VERTEX_POINT ( 'NONE', #2773 ) ;
#2165 = CARTESIAN_POINT ( 'NONE',  ( 13.97625727424020070, -30.24999999999959499, 4.385127813684587927 ) ) ;
#2166 = CARTESIAN_POINT ( 'NONE',  ( 12.12402541061340422, 31.75000000000000000, 2.154191468302061985 ) ) ;
#2167 = B_SPLINE_CURVE_WITH_KNOTS ( 'NONE', 3,
 ( #388, #4608, #2506, #3600, #4125, #3036 ),
 .UNSPECIFIED., .F., .F.,
 ( 4, 2, 4 ),
 ( -3.563707374576810944E-05, 0.006191837442071118809, 0.01241931195788800561 ),
 .UNSPECIFIED. ) ;
#2168 = CARTESIAN_POINT ( 'NONE',  ( -34.74999999999999289, -11.18513797703822554, 4.406529539639987725 ) ) ;
#2169 = ORIENTED_EDGE ( 'NONE', *, *, #72, .F. ) ;
#2170 = CARTESIAN_POINT ( 'NONE',  ( 19.19859587197381856, -31.30014035086039570, 4.437667113345328040 ) ) ;
#2171 = CARTESIAN_POINT ( 'NONE',  ( 32.50938952718515651, 11.75000000000001421, -15.01320962997106179 ) ) ;
#2172 = CARTESIAN_POINT ( 'NONE',  ( 0.2217610088104873256, -30.25000000000000711, 5.149791749180248068 ) ) ;
#2173 = CARTESIAN_POINT ( 'NONE',  ( 33.25000000000000711, 11.74999999999980638, 0.2546058388732764244 ) ) ;
#2174 = ORIENTED_EDGE ( 'NONE', *, *, #4498, .T. ) ;
#2175 = EDGE_CURVE ( 'NONE', #5908, #4105, #1047, .T. ) ;
#2176 = FACE_OUTER_BOUND ( 'NONE', #5511, .T. ) ;
#2177 = CARTESIAN_POINT ( 'NONE',  ( 31.75038754431969679, -0.8168819859213372059, 9.282577143249280738 ) ) ;
#2178 = DIRECTION ( 'NONE',  ( -8.896636538292433236E-16, -0.9858269600613880357, 0.1677653266206178273 ) ) ;
#2179 = CARTESIAN_POINT ( 'NONE',  ( -11.50000000000001066, 0.000000000000000000, -214.9999999999998863 ) ) ;
#2180 = CARTESIAN_POINT ( 'NONE',  ( -1.335501685102107394E-15, 5.914715184705372941, -50.94983803407143341 ) ) ;
#2181 = CARTESIAN_POINT ( 'NONE',  ( 30.10396595340109371, -10.10894409348170164, 13.73632037686247465 ) ) ;
#2182 = VERTEX_POINT ( 'NONE', #203 ) ;
#2183 = LINE ( 'NONE', #5795, #5107 ) ;
#2184 = EDGE_CURVE ( 'NONE', #3282, #6112, #664, .T. ) ;
#2185 = CARTESIAN_POINT ( 'NONE',  ( 31.01172007318827184, 23.41128944666224143, -0.7147131302027631694 ) ) ;
#2186 = CARTESIAN_POINT ( 'NONE',  ( -8.269676028457666916, -30.68130640641330231, 7.993033361907759371 ) ) ;
#2187 = DIRECTION ( 'NONE',  ( 1.224646799147353454E-16, 0.000000000000000000, 1.000000000000000000 ) ) ;
#2188 = CARTESIAN_POINT ( 'NONE',  ( 1.102241506982034585E-15, 31.75000000000000000, 4.999999999999999112 ) ) ;
#2189 = CARTESIAN_POINT ( 'NONE',  ( 2.027985662236156728, -31.75000000000000000, 4.555578264384939402 ) ) ;
#2190 = CARTESIAN_POINT ( 'NONE',  ( -31.90005684398147423, -18.72817078980103744, 3.337816868700920203 ) ) ;
#2191 = CARTESIAN_POINT ( 'NONE',  ( -15.33308426162873239, -31.75000000000000355, 4.794537507302108814 ) ) ;
#2192 = CARTESIAN_POINT ( 'NONE',  ( 17.99910232200734583, 27.69199820644627152, 6.304514205675521232 ) ) ;
#2193 = CARTESIAN_POINT ( 'NONE',  ( -4.500786482261654342, 31.64538114710543937, 5.736090391516204257 ) ) ;
#2194 = CARTESIAN_POINT ( 'NONE',  ( -29.42924949795377287, 7.142946955098163464, 13.12431045169983435 ) ) ;
#2195 = CARTESIAN_POINT ( 'NONE',  ( -2.202006242893006061, 24.12834290317410080, -19.99999999999999645 ) ) ;
#2196 = ORIENTED_EDGE ( 'NONE', *, *, #271, .F. ) ;
#2197 = CARTESIAN_POINT ( 'NONE',  ( 14.32286504219341516, -30.25000000000000000, 1.313365277743913540 ) ) ;
#2198 = CARTESIAN_POINT ( 'NONE',  ( -4.944511451557436340E-15, -30.25000000000000355, 4.999999999999999112 ) ) ;
#2199 = CARTESIAN_POINT ( 'NONE',  ( -34.74999999999999289, -11.39499420783369743, 0.3635771468209612056 ) ) ;
#2200 = ORIENTED_EDGE ( 'NONE', *, *, #1882, .T. ) ;
#2201 = CARTESIAN_POINT ( 'NONE',  ( 20.95086837623223985, -30.80896333008914212, -0.007031227024697199283 ) ) ;
#2202 = DIRECTION ( 'NONE',  ( -0.000000000000000000, -0.000000000000000000, 1.000000000000000000 ) ) ;
#2203 = CARTESIAN_POINT ( 'NONE',  ( -12.12402541061341132, -30.25000000000000000, 2.154191468302061097 ) ) ;
#2204 = B_SPLINE_CURVE_WITH_KNOTS ( 'NONE', 3,
 ( #4403, #757, #6489, #3500 ),
 .UNSPECIFIED., .F., .F.,
 ( 4, 4 ),
 ( 3.270152181076079935E-16, 0.002223539880699969620 ),
 .UNSPECIFIED. ) ;
#2205 = CARTESIAN_POINT ( 'NONE',  ( -14.74999999999999645, -30.25000000000000000, -12.00000000000000000 ) ) ;
#2206 = EDGE_CURVE ( 'NONE', #2945, #1804, #264, .T. ) ;
#2207 = ORIENTED_EDGE ( 'NONE', *, *, #2799, .T. ) ;
#2208 = DIRECTION ( 'NONE',  ( 0.000000000000000000, -0.1677653266206188543, 0.9858269600613878136 ) ) ;
#2209 = DIRECTION ( 'NONE',  ( -0.9650638603872356835, -0.000000000000000000, -0.2620147808320862914 ) ) ;
#2210 = DIRECTION ( 'NONE',  ( 1.674938480883984114E-14, 0.9559765314379553569, 0.2934431313557298582 ) ) ;
#2211 = FACE_OUTER_BOUND ( 'NONE', #1600, .T. ) ;
#2212 = CARTESIAN_POINT ( 'NONE',  ( 9.860895834519858741E-15, 3.541043998809196403, -52.26488637614988164 ) ) ;
#2213 = CARTESIAN_POINT ( 'NONE',  ( 19.88293190865836735, -24.76234013326384442, 9.932045087521075288 ) ) ;
#2214 = EDGE_CURVE ( 'NONE', #494, #2182, #4889, .T. ) ;
#2215 = ORIENTED_EDGE ( 'NONE', *, *, #4589, .T. ) ;
#2216 = CARTESIAN_POINT ( 'NONE',  ( -19.04191859538618559, -24.62166756929999067, -19.85340208011842478 ) ) ;
#2217 = B_SPLINE_CURVE_WITH_KNOTS ( 'NONE', 3,
 ( #4208, #3179, #6299, #3280, #5789, #5381, #1111, #5279, #3654, #568 ),
 .UNSPECIFIED., .F., .F.,
 ( 4, 2, 2, 2, 4 ),
 ( 0.000000000000000000, 0.004817999540737218783, 0.009635999081474437566, 0.01445399862221165635, 0.01927199816294887513 ),
 .UNSPECIFIED. ) ;
#2218 = DIRECTION ( 'NONE',  ( 0.4229360644636479538, 0.000000000000000000, 0.9061595253463933242 ) ) ;
#2219 = CIRCLE ( 'NONE', #3763, 8.500000000000000000 ) ;
#2220 = CARTESIAN_POINT ( 'NONE',  ( -34.26889299532911792, 11.75000000000000178, -14.73244361786123768 ) ) ;
#2221 = CARTESIAN_POINT ( 'NONE',  ( 192.2911684466444058, 0.000000000000000000, -124.8941410357254966 ) ) ;
#2222 = CARTESIAN_POINT ( 'NONE',  ( 29.28127104081875487, -17.04613146374903110, -17.53201220333602706 ) ) ;
#2223 = ADVANCED_FACE ( 'NONE', ( #769 ), #4289, .F. ) ;
#2224 = CARTESIAN_POINT ( 'NONE',  ( -27.23078933087862197, 20.91803055799978495, 5.781607293652796464 ) ) ;
#2225 = CARTESIAN_POINT ( 'NONE',  ( 26.43895697872322614, -21.93126899103516436, 5.779340450111180694 ) ) ;
#2226 = FACE_OUTER_BOUND ( 'NONE', #3823, .T. ) ;
#2227 = CARTESIAN_POINT ( 'NONE',  ( 30.78680629635129051, 21.05535280584970792, -0.6827221177699551724 ) ) ;
#2228 = CARTESIAN_POINT ( 'NONE',  ( 11.12287330130658525, -30.25000000000000000, 2.426004205895882393 ) ) ;
#2229 = ORIENTED_EDGE ( 'NONE', *, *, #1154, .F. ) ;
#2230 = CARTESIAN_POINT ( 'NONE',  ( 23.95720285985375853, 27.80768502406538545, -0.4255030050710453260 ) ) ;
#2231 = EDGE_CURVE ( 'NONE', #5092, #1033, #3563, .T. ) ;
#2232 = B_SPLINE_CURVE_WITH_KNOTS ( 'NONE', 3,
 ( #1216, #3768, #235, #2316 ),
 .UNSPECIFIED., .F., .F.,
 ( 4, 4 ),
 ( 0.000000000000000000, 0.007124216799822398472 ),
 .UNSPECIFIED. ) ;
#2233 = CARTESIAN_POINT ( 'NONE',  ( -31.74999999999951328, 0.7658937362126581050, 12.14142842854346505 ) ) ;
#2234 = TOROIDAL_SURFACE ( 'NONE', #6717, 12.00000000000000000, 8.000000000000000000 ) ;
#2235 = ORIENTED_EDGE ( 'NONE', *, *, #736, .F. ) ;
#2236 = CARTESIAN_POINT ( 'NONE',  ( -22.01023552724959487, 27.11586102251864361, 6.975818886516796269 ) ) ;
#2237 = CARTESIAN_POINT ( 'NONE',  ( 0.4687989995337360494, -31.74740284154731995, 5.301697096422326894 ) ) ;
#2238 = VECTOR ( 'NONE', #6689, 1000.000000000000000 ) ;
#2239 = CARTESIAN_POINT ( 'NONE',  ( 20.38855913193840763, 26.67044509026664656, 6.102388629112768470 ) ) ;
#2240 = ORIENTED_EDGE ( 'NONE', *, *, #3958, .T. ) ;
#2241 = CARTESIAN_POINT ( 'NONE',  ( -22.48102231048993005, -20.24887386056140670, 14.55563414806248268 ) ) ;
#2242 = ADVANCED_FACE ( 'NONE', ( #804 ), #3460, .T. ) ;
#2243 = CARTESIAN_POINT ( 'NONE',  ( 15.84212076477619924, 25.22768425873366738, -19.86313690779829244 ) ) ;
#2244 = CARTESIAN_POINT ( 'NONE',  ( 13.02161936878528259, 30.25000000000000355, 1.863682099810862525 ) ) ;
#2245 = LINE ( 'NONE', #3902, #4878 ) ;
#2246 = VERTEX_POINT ( 'NONE', #2979 ) ;
#2247 = CARTESIAN_POINT ( 'NONE',  ( 34.75000000000000711, -10.32424625193626611, 0.6640423588173487435 ) ) ;
#2248 = AXIS2_PLACEMENT_3D ( 'NONE', #2810, #1737, #2772 ) ;
#2249 = CARTESIAN_POINT ( 'NONE',  ( -33.18249809025078179, 3.689589440949359922, 6.876855922546091904 ) ) ;
#2250 = ADVANCED_FACE ( 'NONE', ( #3482 ), #5623, .T. ) ;
#2251 = AXIS2_PLACEMENT_3D ( 'NONE', #4967, #4458, #1805 ) ;
#2252 = DIRECTION ( 'NONE',  ( 0.2771544855772439253, -0.9449777077964656158, -0.1737887306247190566 ) ) ;
#2253 = CARTESIAN_POINT ( 'NONE',  ( -12.24301358348425062, 27.68871142282754150, 8.855082474794626179 ) ) ;
#2254 = CARTESIAN_POINT ( 'NONE',  ( -3.495256016952978456E-15, 1.244817518749737470E-11, -53.00137102640701414 ) ) ;
#2255 = DIRECTION ( 'NONE',  ( -0.000000000000000000, 1.000000000000000000, 0.000000000000000000 ) ) ;
#2256 = CARTESIAN_POINT ( 'NONE',  ( 30.46665454190762645, -8.935628742514973410, 13.47218163977897731 ) ) ;
#2257 = ORIENTED_EDGE ( 'NONE', *, *, #5644, .T. ) ;
#2258 = AXIS2_PLACEMENT_3D ( 'NONE', #3942, #1290, #1739 ) ;
#2259 = CARTESIAN_POINT ( 'NONE',  ( -33.70203560057331771, 18.17303611197450763, -0.4733635947578807568 ) ) ;
#2260 = CARTESIAN_POINT ( 'NONE',  ( 33.25000000000000711, -6.717220280879631744, 3.948415182397586154 ) ) ;
#2261 = CARTESIAN_POINT ( 'NONE',  ( -32.66853373838367247, 15.51567051652071783, -16.92160512359858160 ) ) ;
#2262 = CARTESIAN_POINT ( 'NONE',  ( -11.79889896484266210, -27.87939747178248240, 8.684060214152486523 ) ) ;
#2263 = CARTESIAN_POINT ( 'NONE',  ( 20.81121549153216677, -22.29507393451302022, -18.49861214473096283 ) ) ;
#2264 = CARTESIAN_POINT ( 'NONE',  ( -32.46887034436071673, 17.13905383294041940, 3.416154764655657150 ) ) ;
#2265 = CARTESIAN_POINT ( 'NONE',  ( -17.60111939320473695, -30.03852854459039534, 0.4838775463845998992 ) ) ;
#2266 = CARTESIAN_POINT ( 'NONE',  ( 18.79194059089893543, 27.38683632477260232, 6.235375018895135568 ) ) ;
#2267 = CARTESIAN_POINT ( 'NONE',  ( 2.027985662236156728, -30.25000000000000000, 4.555578264384939402 ) ) ;
#2268 = ORIENTED_EDGE ( 'NONE', *, *, #6627, .F. ) ;
#2269 = CARTESIAN_POINT ( 'NONE',  ( 30.80179466369717645, 21.02693477931746457, -0.6813979019859381925 ) ) ;
#2270 = ORIENTED_EDGE ( 'NONE', *, *, #2062, .F. ) ;
#2271 = CARTESIAN_POINT ( 'NONE',  ( -20.95040732588115162, 27.74710614273624998, 7.002447032050816311 ) ) ;
#2272 = CARTESIAN_POINT ( 'NONE',  ( 2.433772304934966783E-15, 19.07894755517070351, -34.80853238348497314 ) ) ;
#2273 = EDGE_CURVE ( 'NONE', #2899, #4692, #4691, .T. ) ;
#2274 = CARTESIAN_POINT ( 'NONE',  ( 13.00000000000001066, 2.939152317953647106E-15, -124.8941410357253972 ) ) ;
#2275 = CARTESIAN_POINT ( 'NONE',  ( -33.24999999999999289, 0.6309550603457031448, -9.622299943510896014 ) ) ;
#2276 = ORIENTED_EDGE ( 'NONE', *, *, #6190, .T. ) ;
#2277 = CARTESIAN_POINT ( 'NONE',  ( -11.68352652130581504, -27.92296751645461939, 12.38225204779010191 ) ) ;
#2278 = CARTESIAN_POINT ( 'NONE',  ( -2.236422203125917996, -22.87389915741003676, -18.50000000000000000 ) ) ;
#2279 = DIRECTION ( 'NONE',  ( 1.000000000000000000, 0.000000000000000000, 0.000000000000000000 ) ) ;
#2280 = CARTESIAN_POINT ( 'NONE',  ( 33.25000000000000711, 9.957630807191053535, 0.7264319640395454636 ) ) ;
#2281 = ORIENTED_EDGE ( 'NONE', *, *, #6576, .T. ) ;
#2282 = LINE ( 'NONE', #3443, #2349 ) ;
#2283 = FACE_OUTER_BOUND ( 'NONE', #4901, .T. ) ;
#2284 = CARTESIAN_POINT ( 'NONE',  ( -14.74999999999999289, 30.25000000000000000, 1.114006583039234721 ) ) ;
#2285 = CARTESIAN_POINT ( 'NONE',  ( 2.216202994461060172, 30.24999999999999645, 5.243857700357721363 ) ) ;
#2286 = CARTESIAN_POINT ( 'NONE',  ( 192.2911684466444058, -2.939152317953647106E-15, -124.8941410357254966 ) ) ;
#2287 = CARTESIAN_POINT ( 'NONE',  ( -0.2330930861234610796, 31.74999999999999289, 5.150007767715674589 ) ) ;
#2288 = CARTESIAN_POINT ( 'NONE',  ( 23.68069127244077521, -18.85645032694521461, 9.160988718158364463 ) ) ;
#2289 = ORIENTED_EDGE ( 'NONE', *, *, #590, .F. ) ;
#2290 = EDGE_LOOP ( 'NONE', ( #2353, #1515, #1611 ) ) ;
#2291 = CARTESIAN_POINT ( 'NONE',  ( -34.24233740915760649, 16.27481435250273734, -0.3089533703453442026 ) ) ;
#2292 = CARTESIAN_POINT ( 'NONE',  ( -14.26577058051892699, 30.25000000000040856, 4.368753800038799540 ) ) ;
#2293 = CARTESIAN_POINT ( 'NONE',  ( 4.500786482261658783, -31.64538114710543937, 5.736090391516202480 ) ) ;
#2294 = CARTESIAN_POINT ( 'NONE',  ( -6.265279901509688720, -29.60792161104078346, 9.161994681952437602 ) ) ;
#2295 = CARTESIAN_POINT ( 'NONE',  ( 13.51431344060445205, -31.75000000000000000, 4.814408862350012974 ) ) ;
#2296 = B_SPLINE_CURVE_WITH_KNOTS ( 'NONE', 3,
 ( #2587, #5266, #5131, #4583, #1546, #6286, #936, #1002, #2549, #4100 ),
 .UNSPECIFIED., .F., .F.,
 ( 4, 2, 2, 2, 4 ),
 ( 0.000000000000000000, 0.003793052765198374598, 0.004741315956497967922, 0.005689579147797562547, 0.007586105530396747461 ),
 .UNSPECIFIED. ) ;
#2297 = DIRECTION ( 'NONE',  ( -1.000000000000000000, 0.000000000000000000, 0.000000000000000000 ) ) ;
#2298 = CARTESIAN_POINT ( 'NONE',  ( -18.23676124019989331, -29.96734899157881316, 3.900265150279043080 ) ) ;
#2299 = DIRECTION ( 'NONE',  ( 0.9061595253463915478, 0.000000000000000000, -0.4229360644636520616 ) ) ;
#2300 = CARTESIAN_POINT ( 'NONE',  ( -26.26986222459042608, -17.87069521889863211, 9.875555699025619916 ) ) ;
#2301 = CARTESIAN_POINT ( 'NONE',  ( 27.98052491963247235, -19.86498547118630498, 5.794901521014971912 ) ) ;
#2302 = VERTEX_POINT ( 'NONE', #2205 ) ;
#2303 = CARTESIAN_POINT ( 'NONE',  ( 9.324423307164916302E-15, 10.45018902347091050, -50.94035016035454078 ) ) ;
#2304 = CARTESIAN_POINT ( 'NONE',  ( 12.57859486657679504, 31.75000000000000000, 2.017941623741236423 ) ) ;
#2305 = CARTESIAN_POINT ( 'NONE',  ( -34.74999999999999289, -12.56567594154211598, 4.369468029942245479 ) ) ;
#2306 = ORIENTED_EDGE ( 'NONE', *, *, #5593, .T. ) ;
#2307 = CARTESIAN_POINT ( 'NONE',  ( 14.75000000000000888, 11.75000000000000000, -12.00000000000000000 ) ) ;
#2308 = CARTESIAN_POINT ( 'NONE',  ( -8.848598631180555785, -29.76901234062680501, 5.922388517761631554 ) ) ;
#2309 = CARTESIAN_POINT ( 'NONE',  ( -8.989213291855921995, -31.20966604766649155, 6.420535655954220822 ) ) ;
#2310 = ORIENTED_EDGE ( 'NONE', *, *, #3673, .T. ) ;
#2311 = CARTESIAN_POINT ( 'NONE',  ( 32.40622562401013340, 10.67078234191808228, 7.130454868564775950 ) ) ;
#2312 = CARTESIAN_POINT ( 'NONE',  ( -32.78110555351154431, -9.043658562345550322, 6.942857117423625546 ) ) ;
#2313 = B_SPLINE_CURVE_WITH_KNOTS ( 'NONE', 3,
 ( #4226, #2616, #1612, #5806, #2722, #4812, #3747, #1576, #3163, #996, #4712, #586, #6319, #1031, #3676, #1097, #4263, #3195, #5774, #3603, #2162, #517 ),
 .UNSPECIFIED., .F., .F.,
 ( 4, 2, 2, 2, 2, 2, 2, 2, 2, 2, 4 ),
 ( 0.000000000000000000, 0.001800092717943620234, 0.003600185435887240468, 0.007200370871774487876, 0.009000463589718116567, 0.01080055630766174786, 0.01440074174354901392, 0.01800092717943627824, 0.02160111261532354776, 0.02520129805121080341, 0.02880148348709806599 ),
 .UNSPECIFIED. ) ;
#2314 = CARTESIAN_POINT ( 'NONE',  ( -5.305351444008369353E-15, -8.636942023555969072, -48.55405627162170390 ) ) ;
#2315 = CARTESIAN_POINT ( 'NONE',  ( -19.50258998612503447, 29.66962735586058741, 0.1413873526763194111 ) ) ;
#2316 = CARTESIAN_POINT ( 'NONE',  ( -3.181156787634626600E-15, 22.02740699009505221, -18.50000000000000000 ) ) ;
#2317 = CARTESIAN_POINT ( 'NONE',  ( -29.83691912158445447, -5.033684642426893951, 12.66107307043634123 ) ) ;
#2318 = CARTESIAN_POINT ( 'NONE',  ( 25.02218451975766911, -17.03632375909280938, 9.180910691634480258 ) ) ;
#2319 = ORIENTED_EDGE ( 'NONE', *, *, #4034, .T. ) ;
#2320 = ORIENTED_EDGE ( 'NONE', *, *, #452, .F. ) ;
#2321 = CARTESIAN_POINT ( 'NONE',  ( -23.15974595283247339, -23.27347277664386027, -19.68987198716016351 ) ) ;
#2322 = CARTESIAN_POINT ( 'NONE',  ( 13.88295980592255141, -28.56010574448676920, 12.98136691256363662 ) ) ;
#2323 = DIRECTION ( 'NONE',  ( -1.000000000000000000, 0.000000000000000000, 0.000000000000000000 ) ) ;
#2324 = EDGE_CURVE ( 'NONE', #4885, #5554, #2816, .T. ) ;
#2325 = CARTESIAN_POINT ( 'NONE',  ( 15.41902154940041569, -29.80646704603626063, 7.286367247224278643 ) ) ;
#2326 = CARTESIAN_POINT ( 'NONE',  ( -33.25000000000024158, 12.81673320017825546, 3.729800163471219232 ) ) ;
#2327 = B_SPLINE_CURVE_WITH_KNOTS ( 'NONE', 3,
 ( #36, #2119, #3917, #4971, #6574, #4423, #3983, #279 ),
 .UNSPECIFIED., .F., .F.,
 ( 4, 2, 2, 4 ),
 ( 0.000000000000000000, 0.003346783985934059097, 0.006693567971868118194, 0.01338713594373623639 ),
 .UNSPECIFIED. ) ;
#2328 = CARTESIAN_POINT ( 'NONE',  ( -20.34292884147557245, -29.44745752957676288, 3.686302551901279756 ) ) ;
#2329 = CARTESIAN_POINT ( 'NONE',  ( 34.75000000000000711, -2.793170428515538095, -9.579357962207847521 ) ) ;
#2330 = CARTESIAN_POINT ( 'NONE',  ( 9.379541338523070593, 30.34841089337948006, 10.82039598713789808 ) ) ;
#2331 = ORIENTED_EDGE ( 'NONE', *, *, #2487, .F. ) ;
#2332 =( BOUNDED_SURFACE ( )  B_SPLINE_SURFACE ( 3, 2, ( 
 ( #3247, #5203, #2173 ),
 ( #4274, #6365, #1659 ),
 ( #3612, #493, #2592 ),
 ( #6767, #1551, #5889 ),
 ( #2766, #4923, #2280 ),
 ( #3829, #3409, #5918 ) ),
 .UNSPECIFIED., .F., .F., .T. ) 
 B_SPLINE_SURFACE_WITH_KNOTS ( ( 4, 2, 4 ),
 ( 3, 3 ),
 ( -1.925543058334255875E-16, 0.001111716428892173735, 0.002223432857784540025 ),
 ( 0.000000000000000000, 1.000000000000000000 ),
 .UNSPECIFIED. ) 
 GEOMETRIC_REPRESENTATION_ITEM ( )  RATIONAL_B_SPLINE_SURFACE ( (
 ( 1.000000000000000000, 0.9194434921897896018, 1.000000000000000000),
 ( 1.000000000000000000, 0.9229021562078930652, 1.000000000000000000),
 ( 1.000000000000000000, 0.9263158095359652622, 1.000000000000000000),
 ( 1.000000000000000000, 0.9330340061262961671, 1.000000000000000000),
 ( 1.000000000000000000, 0.9363382082413709284, 1.000000000000000000),
 ( 1.000000000000000000, 0.9395803750613922478, 1.000000000000000000) ) ) 
 REPRESENTATION_ITEM ( '' )  SURFACE ( )  );
#2333 = CARTESIAN_POINT ( 'NONE',  ( 32.64037658418018850, -16.50003847511366928, -0.3660864459488854528 ) ) ;
#2334 = ORIENTED_EDGE ( 'NONE', *, *, #4083, .T. ) ;
#2335 = CARTESIAN_POINT ( 'NONE',  ( 5.449747594814812037E-15, 0.9779021951362985021, -57.35073224350409049 ) ) ;
#2336 = CARTESIAN_POINT ( 'NONE',  ( 31.31707885368804156, 5.279417683905360370, 12.66035759363026791 ) ) ;
#2337 = PRODUCT_DEFINITION_FORMATION_WITH_SPECIFIED_SOURCE ( 'ANY', '', #3329, .NOT_KNOWN. ) ;
#2338 = CARTESIAN_POINT ( 'NONE',  ( -34.74999999999999289, -9.957630807191382161, 0.7264319640414539370 ) ) ;
#2339 = VERTEX_POINT ( 'NONE', #22 ) ;
#2340 = CARTESIAN_POINT ( 'NONE',  ( 31.25779178040861339, -10.50889969320579098, 6.179195852882642725 ) ) ;
#2341 = CARTESIAN_POINT ( 'NONE',  ( 34.75000000000001421, 3.812627227888932158, -9.889731269431313976 ) ) ;
#2342 = PERSON_AND_ORGANIZATION ( #1161, #4427 ) ;
#2343 = DIRECTION ( 'NONE',  ( 1.000000000000000000, 0.000000000000000000, -0.000000000000000000 ) ) ;
#2344 = ORIENTED_EDGE ( 'NONE', *, *, #4532, .F. ) ;
#2345 = CARTESIAN_POINT ( 'NONE',  ( 34.75000000000001421, 10.20280384732664558, 4.380507510607668742 ) ) ;
#2346 = CARTESIAN_POINT ( 'NONE',  ( -29.48072508277009263, -19.24572613003805444, 6.963771036220206767 ) ) ;
#2347 = CARTESIAN_POINT ( 'NONE',  ( 14.75000000000001243, 23.74530653910391820, -18.49999830549399604 ) ) ;
#2348 = FACE_OUTER_BOUND ( 'NONE', #2860, .T. ) ;
#2349 = VECTOR ( 'NONE', #5987, 1000.000000000000000 ) ;
#2350 = CARTESIAN_POINT ( 'NONE',  ( -30.11985722551611744, -2.894471285764899093, 12.31383404097915069 ) ) ;
#2351 = CARTESIAN_POINT ( 'NONE',  ( 26.14018607779625469, -22.41667980711079622, 5.716997956121553592 ) ) ;
#2352 = ORIENTED_EDGE ( 'NONE', *, *, #1732, .F. ) ;
#2353 = ORIENTED_EDGE ( 'NONE', *, *, #6134, .T. ) ;
#2354 = CARTESIAN_POINT ( 'NONE',  ( -32.75881967160918862, -10.97800820321180026, -14.53645376563578573 ) ) ;
#2355 = CARTESIAN_POINT ( 'NONE',  ( -27.38990932539240930, -12.89354047764608424, 14.26604045940650423 ) ) ;
#2356 = CARTESIAN_POINT ( 'NONE',  ( -13.97625727423941555, 30.25000000000040146, 4.385127813683163289 ) ) ;
#2357 = EDGE_CURVE ( 'NONE', #1350, #1271, #3143, .T. ) ;
#2358 = CARTESIAN_POINT ( 'NONE',  ( 12.28120092795234974, -29.28439356082170875, 12.35400862724261906 ) ) ;
#2359 = CARTESIAN_POINT ( 'NONE',  ( -10.90043436657895803, -28.25741182023153186, 8.502376059817361664 ) ) ;
#2360 = FACE_OUTER_BOUND ( 'NONE', #274, .T. ) ;
#2361 = DIRECTION ( 'NONE',  ( -0.000000000000000000, -0.000000000000000000, 1.000000000000000000 ) ) ;
#2362 = CARTESIAN_POINT ( 'NONE',  ( -16.67983413804316228, -30.20710601008880047, 4.085566481795424920 ) ) ;
#2363 = EDGE_CURVE ( 'NONE', #558, #3957, #1694, .T. ) ;
#2364 = CARTESIAN_POINT ( 'NONE',  ( -11.24733061963709346, 29.72475629749022730, 8.873172246255313311 ) ) ;
#2365 = CARTESIAN_POINT ( 'NONE',  ( -29.30891910829521052, -12.22994453672384374, 9.927288053756516462 ) ) ;
#2366 = ORIENTED_EDGE ( 'NONE', *, *, #5223, .F. ) ;
#2367 = CARTESIAN_POINT ( 'NONE',  ( 33.01694479861372855, -14.99450899628169509, 3.549216989272067302 ) ) ;
#2368 = ORIENTED_EDGE ( 'NONE', *, *, #5253, .F. ) ;
#2369 = EDGE_CURVE ( 'NONE', #4197, #3855, #5969, .T. ) ;
#2370 = CARTESIAN_POINT ( 'NONE',  ( 2.229178739775559188E-14, 4.680703542475060708, -56.11797541220667540 ) ) ;
#2371 = CARTESIAN_POINT ( 'NONE',  ( -4.444224463883427845, 29.93536154944113292, 7.979539536693606827 ) ) ;
#2372 = CARTESIAN_POINT ( 'NONE',  ( 32.70177680896027539, 8.892318618265072416, 7.076296574934661798 ) ) ;
#2373 = ORIENTED_EDGE ( 'NONE', *, *, #750, .F. ) ;
#2374 = CARTESIAN_POINT ( 'NONE',  ( -18.62455091679273167, -23.86543121811113011, 14.25410898560063799 ) ) ;
#2375 = CARTESIAN_POINT ( 'NONE',  ( 30.10568358873176109, 10.10391641404759255, 13.73533924877170520 ) ) ;
#2376 = DATE_AND_TIME ( #5951, #5193 ) ;
#2377 = CARTESIAN_POINT ( 'NONE',  ( -34.74999999999999289, 11.74999999999998579, 0.2546058388727250876 ) ) ;
#2378 = B_SPLINE_CURVE_WITH_KNOTS ( 'NONE', 3,
 ( #4376, #5984, #6463, #795, #1246, #1281, #2836, #2904, #3345, #762, #4954, #263, #5377, #5445, #4443, #4854, #732, #6017 ),
 .UNSPECIFIED., .F., .F.,
 ( 4, 2, 2, 2, 2, 2, 2, 2, 4 ),
 ( 0.000000000000000000, 0.002587006336573039605, 0.005174012673146083548, 0.007761019009719127490, 0.01034802534629217230, 0.01293503168286521537, 0.01552203801943825845, 0.01810904435601130499, 0.02069605069258434807 ),
 .UNSPECIFIED. ) ;
#2379 = ORIENTED_EDGE ( 'NONE', *, *, #1874, .T. ) ;
#2380 = CARTESIAN_POINT ( 'NONE',  ( 34.75000000000000711, -9.591564683836150351, 0.7887280973505750303 ) ) ;
#2381 = ADVANCED_FACE ( 'NONE', ( #2138 ), #2332, .F. ) ;
#2382 = DIRECTION ( 'NONE',  ( -1.000000000000000000, 0.000000000000000000, 0.000000000000000000 ) ) ;
#2383 = CARTESIAN_POINT ( 'NONE',  ( -1.505726570236416349E-14, -11.99263156490343896, -44.30535014795733417 ) ) ;
#2384 = CARTESIAN_POINT ( 'NONE',  ( -17.13231223959344263, 30.10572728848692137, 0.5750970080225515924 ) ) ;
#2385 = CARTESIAN_POINT ( 'NONE',  ( -37.00000000000000711, 0.000000000000000000, -214.9999999999998863 ) ) ;
#2386 = ORIENTED_EDGE ( 'NONE', *, *, #5105, .F. ) ;
#2387 = CARTESIAN_POINT ( 'NONE',  ( 32.39547581707273594, -11.28100118166856625, 7.043133367762623109 ) ) ;
#2388 = ORIENTED_EDGE ( 'NONE', *, *, #4498, .F. ) ;
#2389 = B_SPLINE_CURVE_WITH_KNOTS ( 'NONE', 3,
 ( #3647, #5747, #3141, #4238 ),
 .UNSPECIFIED., .F., .F.,
 ( 4, 4 ),
 ( 0.000000000000000000, 0.002223539880700314397 ),
 .UNSPECIFIED. ) ;
#2390 = CARTESIAN_POINT ( 'NONE',  ( -20.48612298902364159, -22.28764356073500608, 14.45178302725426711 ) ) ;
#2391 = CARTESIAN_POINT ( 'NONE',  ( 31.51648653325895566, -8.714107920129027463, 6.172312172292165222 ) ) ;
#2392 = B_SPLINE_CURVE_WITH_KNOTS ( 'NONE', 3,
 ( #6751, #298, #2375, #956, #6683, #1470, #4480, #1859, #6045, #3439, #5628, #3029, #3594, #5119, #415, #3562, #4603, #6171, #6714, #2018, #3289, #4287, #4735, #6348 ),
 .UNSPECIFIED., .F., .F.,
 ( 4, 2, 2, 2, 2, 2, 2, 2, 2, 2, 2, 4 ),
 ( 0.000000000000000000, 0.001873466577712401852, 0.003746933155424803704, 0.007493866310849610878, 0.01124079946627441762, 0.01311426604398682055, 0.01498773262169922176, 0.01873466577712403977, 0.02248159893254885952, 0.02435506551026128327, 0.02622853208797370009, 0.02997546524339853025 ),
 .UNSPECIFIED. ) ;
#2393 = CARTESIAN_POINT ( 'NONE',  ( 33.10135084624992174, 14.16737683344215704, -0.1028142932664263820 ) ) ;
#2394 = CARTESIAN_POINT ( 'NONE',  ( 18.05659298476727415, -26.12278056307338048, 14.02534064987266227 ) ) ;
#2395 = CARTESIAN_POINT ( 'NONE',  ( -12.12402541061339356, -30.25000000000000000, 2.154191468302065537 ) ) ;
#2396 = CARTESIAN_POINT ( 'NONE',  ( 14.44682658340699355, -31.75000000000000000, 4.826596400377620277 ) ) ;
#2397 = CARTESIAN_POINT ( 'NONE',  ( -17.97944096274132164, -31.49830149247228306, 0.4578905927481308757 ) ) ;
#2398 = EDGE_CURVE ( 'NONE', #3755, #57, #1147, .T. ) ;
#2399 = CARTESIAN_POINT ( 'NONE',  ( -12.13775933000565033, 23.99945693939146807, -18.49521143057717509 ) ) ;
#2400 = CARTESIAN_POINT ( 'NONE',  ( 32.40622562401013340, -10.67078234191807518, 7.130454868564775950 ) ) ;
#2401 = CARTESIAN_POINT ( 'NONE',  ( -26.99083952736632597, -16.76481109056625129, 14.50942973989236862 ) ) ;
#2402 = CARTESIAN_POINT ( 'NONE',  ( 28.00089046198540288, 21.50330542840284664, 6.928157241742789019 ) ) ;
#2403 = FACE_OUTER_BOUND ( 'NONE', #413, .T. ) ;
#2404 = EDGE_LOOP ( 'NONE', ( #2792, #1624, #2281, #5961 ) ) ;
#2405 = B_SPLINE_CURVE_WITH_KNOTS ( 'NONE', 3,
 ( #2569, #4701, #4668, #5216, #1117, #6747 ),
 .UNSPECIFIED., .F., .F.,
 ( 4, 2, 4 ),
 ( 0.000000000000000000, 0.002400878242464838525, 0.004801756484929677049 ),
 .UNSPECIFIED. ) ;
#2406 = CARTESIAN_POINT ( 'NONE',  ( -10.12049021318307851, 30.24999999999999645, 2.698151155522608757 ) ) ;
#2407 = CARTESIAN_POINT ( 'NONE',  ( -14.74999999999999467, 31.75000000000000000, 5.000000000000000000 ) ) ;
#2408 = ORIENTED_EDGE ( 'NONE', *, *, #6441, .T. ) ;
#2409 = CARTESIAN_POINT ( 'NONE',  ( -34.74999999999998579, 6.353740491835512927, -11.04014301561909406 ) ) ;
#2410 = DATE_AND_TIME ( #1349, #6710 ) ;
#2411 = EDGE_CURVE ( 'NONE', #6761, #558, #3306, .T. ) ;
#2412 = ORIENTED_EDGE ( 'NONE', *, *, #853, .F. ) ;
#2413 = CARTESIAN_POINT ( 'NONE',  ( 34.75000000000000000, 10.70619998916420990, 4.403988271107170505 ) ) ;
#2414 = CARTESIAN_POINT ( 'NONE',  ( -30.47372168715820351, -15.64312058146096263, -17.00122487988853237 ) ) ;
#2415 = DIRECTION ( 'NONE',  ( 0.000000000000000000, -0.1677653266206193539, -0.9858269600613877026 ) ) ;
#2416 = CARTESIAN_POINT ( 'NONE',  ( 2.058768905200667443E-14, -2.247144733574732101, -52.71201186068685018 ) ) ;
#2417 = CARTESIAN_POINT ( 'NONE',  ( 14.75000000000000888, 31.75000000000000000, 1.114006583038570364 ) ) ;
#2418 = CARTESIAN_POINT ( 'NONE',  ( 26.87037010728990793, 13.94306165791090102, 14.36813472868458064 ) ) ;
#2419 = ORIENTED_EDGE ( 'NONE', *, *, #2961, .T. ) ;
#2420 = CARTESIAN_POINT ( 'NONE',  ( -34.26889299532912503, -11.75000000000001243, -14.73244361786122880 ) ) ;
#2421 = CARTESIAN_POINT ( 'NONE',  ( -31.18238137271717747, -6.023774471411758924, 12.80782108495669824 ) ) ;
#2422 = CARTESIAN_POINT ( 'NONE',  ( 30.11918472011641512, 3.222973038657332534, 8.909367166811870575 ) ) ;
#2423 = CARTESIAN_POINT ( 'NONE',  ( -29.73602164339023091, -5.733726176058477897, 12.78252839951439412 ) ) ;
#2424 = CARTESIAN_POINT ( 'NONE',  ( 11.74389581778641656, -29.50356832968506993, 12.10635856302426738 ) ) ;
#2425 = CARTESIAN_POINT ( 'NONE',  ( 6.912824193706812892, -23.75000000000001066, -18.50000000000000000 ) ) ;
#2426 = EDGE_CURVE ( 'NONE', #1037, #4590, #3864, .T. ) ;
#2427 = PLANE ( 'NONE',  #1705 ) ;
#2428 = VERTEX_POINT ( 'NONE', #228 ) ;
#2429 = CARTESIAN_POINT ( 'NONE',  ( -17.01901286937645352, 30.11932693447272769, 0.5981173883059449636 ) ) ;
#2430 = CARTESIAN_POINT ( 'NONE',  ( 13.06501096547344076, 30.24999999999958433, 4.390438949683583836 ) ) ;
#2431 = FACE_OUTER_BOUND ( 'NONE', #3100, .T. ) ;
#2432 = CARTESIAN_POINT ( 'NONE',  ( -32.47534016937152757, -10.70734022114963757, 7.041893460714723219 ) ) ;
#2433 = CARTESIAN_POINT ( 'NONE',  ( 30.19230273143244148, 17.87796015378374648, 7.004372245691897980 ) ) ;
#2434 = FACE_OUTER_BOUND ( 'NONE', #2980, .T. ) ;
#2435 = ORIENTED_EDGE ( 'NONE', *, *, #4459, .T. ) ;
#2436 = CARTESIAN_POINT ( 'NONE',  ( 3.234044672315731101E-15, -14.21898298986936204, -45.34723696506986101 ) ) ;
#2437 = CARTESIAN_POINT ( 'NONE',  ( -27.81099733500190396, -26.95599898783241599, -0.6543960145821283714 ) ) ;
#2438 = CARTESIAN_POINT ( 'NONE',  ( 2.202006242892988741, 24.12834290317407593, -19.99999999999999645 ) ) ;
#2439 = CARTESIAN_POINT ( 'NONE',  ( -7.427985052442526381, -31.74999999999273470, 4.851739756812272653 ) ) ;
#2440 = CARTESIAN_POINT ( 'NONE',  ( 7.111138001953710486, 29.41691107022765905, 9.700058951531893570 ) ) ;
#2441 = EDGE_CURVE ( 'NONE', #1660, #1719, #2716, .T. ) ;
#2442 = AXIS2_PLACEMENT_3D ( 'NONE', #4779, #3165, #3749 ) ;
#2443 = CARTESIAN_POINT ( 'NONE',  ( -33.47520029498415539, 18.78401613942083515, -0.5163011025437906909 ) ) ;
#2444 = VERTEX_POINT ( 'NONE', #5952 ) ;
#2445 = CARTESIAN_POINT ( 'NONE',  ( 34.75000000000001421, 10.20280384732664380, 4.380507510607664301 ) ) ;
#2446 = AXIS2_PLACEMENT_3D ( 'NONE', #1010, #464, #5656 ) ;
#2447 = CARTESIAN_POINT ( 'NONE',  ( -17.63964993285752669, 29.05197958286468563, 7.305211428378719063 ) ) ;
#2448 = CARTESIAN_POINT ( 'NONE',  ( 29.25434122373003731, -19.66087836513824172, 6.952429624660646290 ) ) ;
#2449 = CARTESIAN_POINT ( 'NONE',  ( 29.85458740442793513, 18.81726085439834861, 6.897558692515708856 ) ) ;
#2450 = CARTESIAN_POINT ( 'NONE',  ( -22.96613213727226821, 19.71965719863213806, 9.166528840342557771 ) ) ;
#2451 = FACE_OUTER_BOUND ( 'NONE', #6491, .T. ) ;
#2452 = CARTESIAN_POINT ( 'NONE',  ( 22.92631629460851883, 19.74322149737199084, 14.56705320438619466 ) ) ;
#2453 = EDGE_LOOP ( 'NONE', ( #2916, #291, #6284, #1830 ) ) ;
#2454 = CIRCLE ( 'NONE', #3438, 205.2911684466441500 ) ;
#2455 = CARTESIAN_POINT ( 'NONE',  ( -33.04439325032468133, -14.86346144971265559, -16.58686647258474167 ) ) ;
#2456 = CARTESIAN_POINT ( 'NONE',  ( -27.89241439568932179, -11.73108605225559486, 9.316191664686931162 ) ) ;
#2457 = CARTESIAN_POINT ( 'NONE',  ( -10.11650683574563203, -30.25000000000000000, 2.682374083959478739 ) ) ;
#2458 = CIRCLE ( 'NONE', #2801, 30.25000000000000000 ) ;
#2459 = VECTOR ( 'NONE', #154, 1000.000000000000000 ) ;
#2460 = DIRECTION ( 'NONE',  ( -0.000000000000000000, -0.000000000000000000, 1.000000000000000000 ) ) ;
#2461 = CARTESIAN_POINT ( 'NONE',  ( -30.29479540262690662, 9.521594562852040866, 13.61388660907178583 ) ) ;
#2462 = CARTESIAN_POINT ( 'NONE',  ( -33.24999999999999289, -11.74999999999980460, 0.2546058388732788114 ) ) ;
#2463 = CARTESIAN_POINT ( 'NONE',  ( -33.24999999999999289, 11.39499420791123363, 0.3635771470735280619 ) ) ;
#2464 = CARTESIAN_POINT ( 'NONE',  ( -21.14132858178214391, -30.74616529714856838, -0.03252753541979680474 ) ) ;
#2465 = AXIS2_PLACEMENT_3D ( 'NONE', #6359, #5370, #2760 ) ;
#2466 = CARTESIAN_POINT ( 'NONE',  ( 34.26889299532912503, -11.75000000000001776, -14.73244361786125722 ) ) ;
#2467 = CARTESIAN_POINT ( 'NONE',  ( -22.01995778210860522, -27.13793858730184283, 6.976464028882667812 ) ) ;
#2468 = CARTESIAN_POINT ( 'NONE',  ( 29.70854222650643806, 25.04275891001032406, -0.7141394422157864019 ) ) ;
#2469 = CARTESIAN_POINT ( 'NONE',  ( -34.74999999999440803, -1.702300059258485376, 4.453228969586283448 ) ) ;
#2470 = ORIENTED_EDGE ( 'NONE', *, *, #2184, .T. ) ;
#2471 = CIRCLE ( 'NONE', #3680, 10.00000000000000178 ) ;
#2472 = CARTESIAN_POINT ( 'NONE',  ( -23.19890531593349436, -26.16928461529733951, 7.044424972587409073 ) ) ;
#2473 = CARTESIAN_POINT ( 'NONE',  ( 29.02807708629743644, 18.00099139594521702, 5.859352015887118625 ) ) ;
#2474 = CARTESIAN_POINT ( 'NONE',  ( -2.027695093806990201, -31.75000000000000000, 4.555641855167256615 ) ) ;
#2475 = CARTESIAN_POINT ( 'NONE',  ( -34.74999999999998579, 1.392322946504394476, -9.324684535600010094 ) ) ;
#2476 = CARTESIAN_POINT ( 'NONE',  ( -29.25434122372932322, 19.66087836513709775, 6.952429624661668583 ) ) ;
#2477 = ORIENTED_EDGE ( 'NONE', *, *, #1200, .F. ) ;
#2478 = CARTESIAN_POINT ( 'NONE',  ( -37.00000000000000711, 0.000000000000000000, -214.9999999999998863 ) ) ;
#2479 = EDGE_CURVE ( 'NONE', #1211, #4823, #2378, .T. ) ;
#2480 = CARTESIAN_POINT ( 'NONE',  ( -23.90361334270775018, 25.64839039736314774, 7.014805295402882557 ) ) ;
#2481 = CARTESIAN_POINT ( 'NONE',  ( 30.97289750336200242, -23.46614153234937916, -0.7154894867753687215 ) ) ;
#2482 = CARTESIAN_POINT ( 'NONE',  ( 24.85308077087447387, 19.76791708925614799, 14.57467371536583656 ) ) ;
#2483 = CARTESIAN_POINT ( 'NONE',  ( -28.07550005222974576, 11.27690685534657966, 14.03623645037011158 ) ) ;
#2484 = B_SPLINE_CURVE_WITH_KNOTS ( 'NONE', 3,
 ( #1297, #1364, #2293, #5934, #3879, #1777 ),
 .UNSPECIFIED., .F., .F.,
 ( 4, 2, 4 ),
 ( -4.140809217325266007E-05, 0.006800394372429225016, 0.01364219683703169796 ),
 .UNSPECIFIED. ) ;
#2485 = ORIENTED_EDGE ( 'NONE', *, *, #1858, .F. ) ;
#2486 = CARTESIAN_POINT ( 'NONE',  ( 22.95973137847759915, 19.70362591050949774, 9.169094682075028757 ) ) ;
#2487 = EDGE_CURVE ( 'NONE', #1402, #6063, #2245, .T. ) ;
#2488 = ORIENTED_EDGE ( 'NONE', *, *, #4935, .T. ) ;
#2489 = CARTESIAN_POINT ( 'NONE',  ( -28.29338403625815346, -10.71855016535061722, 13.94470258692096820 ) ) ;
#2490 = FACE_OUTER_BOUND ( 'NONE', #2934, .T. ) ;
#2491 = CARTESIAN_POINT ( 'NONE',  ( -14.74999999999998579, -23.74530653910392175, -18.49999830549399604 ) ) ;
#2492 = CARTESIAN_POINT ( 'NONE',  ( 4.407128390858215283, 31.65058710770944472, 5.720956327204144820 ) ) ;
#2493 = CARTESIAN_POINT ( 'NONE',  ( -33.24999999999999289, -10.31957669094625452, 0.6466832212039863581 ) ) ;
#2494 = CARTESIAN_POINT ( 'NONE',  ( -37.00000000000000711, 0.000000000000000000, -214.9999999999998863 ) ) ;
#2495 = ADVANCED_FACE ( 'NONE', ( #4409 ), #6495, .T. ) ;
#2496 = CARTESIAN_POINT ( 'NONE',  ( -25.27583313719295788, -28.76864283570677472, -0.4756674836499145687 ) ) ;
#2497 = CARTESIAN_POINT ( 'NONE',  ( 13.89519065036442136, 30.25000000000000000, 1.505770537015000743 ) ) ;
#2498 = B_SPLINE_CURVE_WITH_KNOTS ( 'NONE', 3,
 ( #5846, #2275, #3754, #6360, #5947, #1172, #658, #5305, #5913, #3858 ),
 .UNSPECIFIED., .F., .F.,
 ( 4, 2, 2, 2, 4 ),
 ( 0.007586105530396747461, 0.009474679908519261298, 0.01136325428664177600, 0.01325182866476429244, 0.01514040304288680715 ),
 .UNSPECIFIED. ) ;
#2499 = DIRECTION ( 'NONE',  ( 0.000000000000000000, -0.9559765314379584655, -0.2934431313557196996 ) ) ;
#2500 = CARTESIAN_POINT ( 'NONE',  ( -17.13452644476589626, -26.73660601293460104, 13.85321155682730243 ) ) ;
#2501 = VERTEX_POINT ( 'NONE', #3934 ) ;
#2502 = CARTESIAN_POINT ( 'NONE',  ( 33.71583254756415471, 13.53392137355473146, -15.86778882352164111 ) ) ;
#2503 = ADVANCED_FACE ( 'NONE', ( #1316 ), #5569, .T. ) ;
#2504 = CARTESIAN_POINT ( 'NONE',  ( -34.74999999999999289, 1.603571479111920883, 1.605999246799310498 ) ) ;
#2505 = CARTESIAN_POINT ( 'NONE',  ( -25.17802907435833504, -28.84230706494491869, 4.064512539377755473 ) ) ;
#2506 = CARTESIAN_POINT ( 'NONE',  ( 4.055517716115817350, 31.75000000000000000, 4.111726352711068344 ) ) ;
#2507 = CARTESIAN_POINT ( 'NONE',  ( -7.470268003576026494, -30.87399751953551075, 9.703948225494729130 ) ) ;
#2508 = CARTESIAN_POINT ( 'NONE',  ( 8.908672243198332069E-16, 30.25000000000000000, 4.999999999999999112 ) ) ;
#2509 = EDGE_CURVE ( 'NONE', #2302, #4513, #2282, .T. ) ;
#2510 = CARTESIAN_POINT ( 'NONE',  ( -25.94671423756317807, 23.88194326543822754, 6.946128284315641999 ) ) ;
#2511 = ORIENTED_EDGE ( 'NONE', *, *, #4558, .F. ) ;
#2512 = CARTESIAN_POINT ( 'NONE',  ( -22.60047614752092926, 25.36186194875075373, 5.940940965050767630 ) ) ;
#2513 = CARTESIAN_POINT ( 'NONE',  ( 0.000000000000000000, -30.25000000000000000, 5.000000000000000000 ) ) ;
#2514 = MANIFOLD_SOLID_BREP ( 'Shell2', #5101 ) ;
#2515 = FACE_OUTER_BOUND ( 'NONE', #3298, .T. ) ;
#2516 = CARTESIAN_POINT ( 'NONE',  ( 25.23237137757158521, 19.28129402687715555, 14.57256339704811587 ) ) ;
#2517 = CARTESIAN_POINT ( 'NONE',  ( -28.65497171735422199, 9.731993962410083299, 9.294535402989806627 ) ) ;
#2518 = ADVANCED_FACE ( 'NONE', ( #734 ), #1871, .T. ) ;
#2519 = CARTESIAN_POINT ( 'NONE',  ( 27.89241439569151382, 11.73108605225513479, 9.316191664689871033 ) ) ;
#2520 = ORIENTED_EDGE ( 'NONE', *, *, #4910, .F. ) ;
#2521 = CARTESIAN_POINT ( 'NONE',  ( -34.04926122587184523, -12.63946480800859895, -15.33680659981972383 ) ) ;
#2522 = CARTESIAN_POINT ( 'NONE',  ( -28.19758937680701649, 14.64511076685151103, 14.36916128311025531 ) ) ;
#2523 = CARTESIAN_POINT ( 'NONE',  ( 29.62758460565892449, -6.330849072041885961, 9.053024853945176531 ) ) ;
#2524 = CARTESIAN_POINT ( 'NONE',  ( 30.28062864894993922, -9.569897105705306828, 9.726671949351661794 ) ) ;
#2525 = CARTESIAN_POINT ( 'NONE',  ( -30.11305546998486093, 10.09692237862424768, 9.852958900058849778 ) ) ;
#2526 = CARTESIAN_POINT ( 'NONE',  ( -14.32395074985145378, -30.25000000000000000, 1.312858540343418312 ) ) ;
#2527 = EDGE_CURVE ( 'NONE', #469, #5246, #3046, .T. ) ;
#2528 = CARTESIAN_POINT ( 'NONE',  ( -31.68490863575758354, 7.019970949462768672, 6.144883986814360100 ) ) ;
#2529 = CARTESIAN_POINT ( 'NONE',  ( -17.20620244292877388, 27.95668264543498793, 6.376530701577749483 ) ) ;
#2530 = DIRECTION ( 'NONE',  ( 1.000000000000000000, 0.000000000000000000, 0.000000000000000000 ) ) ;
#2531 = PLANE ( 'NONE',  #6399 ) ;
#2532 = EDGE_CURVE ( 'NONE', #2899, #2139, #3126, .T. ) ;
#2533 = CARTESIAN_POINT ( 'NONE',  ( -12.66710887699812815, -29.13482135651467786, 9.278134507678647225 ) ) ;
#2534 = CARTESIAN_POINT ( 'NONE',  ( 34.34146316395710130, 15.92595308987640657, 4.165223139466847080 ) ) ;
#2535 = B_SPLINE_CURVE_WITH_KNOTS ( 'NONE', 3,
 ( #5482, #6596, #4003, #2346, #765, #868, #5059, #359, #1935, #4038, #5679, #1996, #1584, #1486, #3681, #3608, #969, #6148 ),
 .UNSPECIFIED., .F., .F.,
 ( 4, 2, 2, 2, 2, 2, 2, 2, 4 ),
 ( 0.000000000000000000, 0.005350911351130133511, 0.006688639188912665588, 0.008026367026695197665, 0.01070182270226027570, 0.01337727837782535373, 0.01605273405339043349, 0.01872818972895550979, 0.02140364540452058956 ),
 .UNSPECIFIED. ) ;
#2536 = CARTESIAN_POINT ( 'NONE',  ( 0.000000000000000000, 0.000000000000000000, 0.000000000000000000 ) ) ;
#2537 = CARTESIAN_POINT ( 'NONE',  ( -32.91264075965176517, -7.078468598401596701, 7.006438681215970909 ) ) ;
#2538 = CARTESIAN_POINT ( 'NONE',  ( 33.25000000000000711, -11.75000000000000000, 0.2546058388727132638 ) ) ;
#2539 = CARTESIAN_POINT ( 'NONE',  ( -19.90457343793787004, -28.10487035883801354, 7.200718507731910911 ) ) ;
#2540 = CARTESIAN_POINT ( 'NONE',  ( 30.02724776245394622, 15.62810631942731376, 5.986626586187141719 ) ) ;
#2541 = EDGE_CURVE ( 'NONE', #2501, #2931, #1283, .T. ) ;
#2542 = CARTESIAN_POINT ( 'NONE',  ( -0.1822907884722433092, -23.41914801165426141, -20.00000000000000355 ) ) ;
#2543 = CARTESIAN_POINT ( 'NONE',  ( 12.09789317785364204, 29.31963487882620711, 6.192201161172747881 ) ) ;
#2544 = CARTESIAN_POINT ( 'NONE',  ( -30.54998439634574936, 24.02713849604083052, 3.930096159123900978 ) ) ;
#2545 = CARTESIAN_POINT ( 'NONE',  ( 28.72927937427850864, -19.96646677803024517, -18.80765087167142724 ) ) ;
#2546 = ORIENTED_EDGE ( 'NONE', *, *, #590, .T. ) ;
#2547 = CARTESIAN_POINT ( 'NONE',  ( 31.65752670660312162, 13.87186118481127650, 7.167187115788232532 ) ) ;
#2548 = B_SPLINE_CURVE_WITH_KNOTS ( 'NONE', 3,
 ( #5771, #1063, #908, #4075 ),
 .UNSPECIFIED., .F., .F.,
 ( 4, 4 ),
 ( 3.270152181076080921E-16, 0.002223539880699966151 ),
 .UNSPECIFIED. ) ;
#2549 = CARTESIAN_POINT ( 'NONE',  ( -33.25000000000000000, -0.6336117507692256012, -9.622299943510899567 ) ) ;
#2550 = TOROIDAL_SURFACE ( 'NONE', #6387, 229.2911684466444058, 23.99999999999999289 ) ;
#2551 = CARTESIAN_POINT ( 'NONE',  ( 33.26678111727888165, -19.33737239711397038, 4.018967990540855517 ) ) ;
#2552 = FACE_OUTER_BOUND ( 'NONE', #4647, .T. ) ;
#2553 = CARTESIAN_POINT ( 'NONE',  ( 24.09226684870164092, 20.68773139872417488, 9.867993451967317142 ) ) ;
#2554 = CARTESIAN_POINT ( 'NONE',  ( -28.09340542882790359, 11.24308061641738732, 9.318991806238052789 ) ) ;
#2555 = CARTESIAN_POINT ( 'NONE',  ( 30.86341580234387649, -13.31300054236716335, 5.969360269810978892 ) ) ;
#2556 = AXIS2_PLACEMENT_3D ( 'NONE', #6535, #1833, #200 ) ;
#2557 = ORIENTED_EDGE ( 'NONE', *, *, #860, .T. ) ;
#2558 = ADVANCED_FACE ( 'NONE', ( #3411 ), #1640, .T. ) ;
#2559 = CARTESIAN_POINT ( 'NONE',  ( -18.87379547561305060, -27.57107420585688473, 6.017409093677745346 ) ) ;
#2560 = CARTESIAN_POINT ( 'NONE',  ( -13.43701270530666925, 30.40382484943730645, 6.990241492778173082 ) ) ;
#2561 = CARTESIAN_POINT ( 'NONE',  ( 8.908672243198332069E-16, 31.75000000000000000, 4.999999999999999112 ) ) ;
#2562 = CARTESIAN_POINT ( 'NONE',  ( -33.24999999999999289, 9.591564683836162786, 0.7887280973505756965 ) ) ;
#2563 = CARTESIAN_POINT ( 'NONE',  ( -31.50883322258284736, 8.767205630398640537, 6.172515821365502475 ) ) ;
#2564 = B_SPLINE_CURVE_WITH_KNOTS ( 'NONE', 3,
 ( #255, #2406, #5437, #727, #1342, #6587 ),
 .UNSPECIFIED., .F., .F.,
 ( 4, 2, 4 ),
 ( 0.000000000000000000, 0.006226941612531948500, 0.01245388322506389700 ),
 .UNSPECIFIED. ) ;
#2565 = CIRCLE ( 'NONE', #700, 10.00000000000000000 ) ;
#2566 =( BOUNDED_SURFACE ( )  B_SPLINE_SURFACE ( 3, 2, ( 
 ( #1136, #3716, #2166 ),
 ( #4268, #4541, #4436 ),
 ( #6556, #3929, #2304 ),
 ( #728, #2862, #3434 ),
 ( #1927, #324, #1854 ),
 ( #5538, #5022, #828 ),
 ( #4507, #5053, #3374 ),
 ( #6588, #1310, #6621 ) ),
 .UNSPECIFIED., .F., .F., .T. ) 
 B_SPLINE_SURFACE_WITH_KNOTS ( ( 4, 2, 2, 4 ),
 ( 3, 3 ),
 ( 1.051676107310939301E-17, 0.0007052287085510624588, 0.001410457417102114292, 0.002820914834204218177 ),
 ( 0.000000000000000000, 1.000000000000000000 ),
 .UNSPECIFIED. ) 
 GEOMETRIC_REPRESENTATION_ITEM ( )  RATIONAL_B_SPLINE_SURFACE ( (
 ( 1.000000000000000000, 0.9657594123133691477, 1.000000000000000000),
 ( 1.000000000000000000, 0.9623238112215317663, 1.000000000000000000),
 ( 1.000000000000000000, 0.9591880960305745329, 1.000000000000000000),
 ( 1.000000000000000000, 0.9530880076123842137, 1.000000000000000000),
 ( 1.000000000000000000, 0.9501339448288136369, 1.000000000000000000),
 ( 1.000000000000000000, 0.9413906600759845977, 1.000000000000000000),
 ( 1.000000000000000000, 0.9357265141434906175, 1.000000000000000000),
 ( 1.000000000000000000, 0.9301069718818453236, 1.000000000000000000) ) ) 
 REPRESENTATION_ITEM ( '' )  SURFACE ( )  );
#2567 = ORIENTED_EDGE ( 'NONE', *, *, #904, .T. ) ;
#2568 = CARTESIAN_POINT ( 'NONE',  ( 4.055517716115816462, 30.25000000000000355, 4.111726352711070120 ) ) ;
#2569 = CARTESIAN_POINT ( 'NONE',  ( 34.26889299532912503, 11.75000000000001776, -14.73244361786125722 ) ) ;
#2570 = ADVANCED_FACE ( 'NONE', ( #6146 ), #4002, .T. ) ;
#2571 = CIRCLE ( 'NONE', #65, 8.500000000000001776 ) ;
#2572 = DIRECTION ( 'NONE',  ( -1.000000000000000000, 0.000000000000000000, -5.551115123125782702E-17 ) ) ;
#2573 = CARTESIAN_POINT ( 'NONE',  ( -19.35433327430161654, -28.56434390272259449, 7.034233846982492544 ) ) ;
#2574 = CARTESIAN_POINT ( 'NONE',  ( 15.35322334978989112, 31.75000000000000711, 0.9732339599413259990 ) ) ;
#2575 = CARTESIAN_POINT ( 'NONE',  ( -12.12402541061334205, 30.25000000000000000, 2.154191468302085521 ) ) ;
#2576 = CARTESIAN_POINT ( 'NONE',  ( 17.60109357357548632, -30.03853240027648397, 0.4838825351685014375 ) ) ;
#2577 = DIRECTION ( 'NONE',  ( 0.000000000000000000, 0.000000000000000000, -1.000000000000000000 ) ) ;
#2578 = CARTESIAN_POINT ( 'NONE',  ( 23.95733984939246852, -27.80760682770498704, -0.4255165870174149600 ) ) ;
#2579 = CARTESIAN_POINT ( 'NONE',  ( -17.83067569252454732, -31.51383765736522236, 0.4862778411197469786 ) ) ;
#2580 = CARTESIAN_POINT ( 'NONE',  ( -6.220952575075209268, 29.61716987221776876, 9.133585417818968821 ) ) ;
#2581 = AXIS2_PLACEMENT_3D ( 'NONE', #6508, #5865, #1294 ) ;
#2582 = CARTESIAN_POINT ( 'NONE',  ( 29.73063111783054424, -5.761926021923613028, 12.78865388004599879 ) ) ;
#2583 = CARTESIAN_POINT ( 'NONE',  ( -30.21811166454683928, 1.608968665960543110, 8.866650547392332271 ) ) ;
#2584 = CARTESIAN_POINT ( 'NONE',  ( -27.72751097197900094, 21.86024334717584594, 6.926908502171026605 ) ) ;
#2585 = ORIENTED_EDGE ( 'NONE', *, *, #3319, .F. ) ;
#2586 = CARTESIAN_POINT ( 'NONE',  ( -14.54760584506491483, 30.24632538825359873, 6.942778852774845966 ) ) ;
#2587 = CARTESIAN_POINT ( 'NONE',  ( -33.24999999999999289, -7.096594077037920556, -12.00000000000000000 ) ) ;
#2588 = CARTESIAN_POINT ( 'NONE',  ( 24.27866917231342470, -25.35298360701066045, 7.000093318214697824 ) ) ;
#2589 = CARTESIAN_POINT ( 'NONE',  ( 33.18601733619402694, -8.650124905544064546, -13.04565525601327813 ) ) ;
#2590 = CARTESIAN_POINT ( 'NONE',  ( -31.65752670660294754, 13.87186118481144526, 7.167187115787835516 ) ) ;
#2591 = CARTESIAN_POINT ( 'NONE',  ( -34.71884344660064414, -13.04162833957187217, 0.06540351428204188577 ) ) ;
#2592 = CARTESIAN_POINT ( 'NONE',  ( 33.25000000000000711, 11.03827046459005423, 0.4653326329044322751 ) ) ;
#2593 = ORIENTED_EDGE ( 'NONE', *, *, #1464, .T. ) ;
#2594 = CARTESIAN_POINT ( 'NONE',  ( 33.25000000000000711, -9.591564683836152128, 0.7887280973505721438 ) ) ;
#2595 = CARTESIAN_POINT ( 'NONE',  ( -15.46435366651760290, -26.01425370209044274, 9.273966840804886758 ) ) ;
#2596 = CARTESIAN_POINT ( 'NONE',  ( -8.101681429652275668, -31.75000000000000000, 3.181831977695484426 ) ) ;
#2597 = CARTESIAN_POINT ( 'NONE',  ( 7.746658129094362799, 31.33208705282680739, 6.231451535077654924 ) ) ;
#2598 = CARTESIAN_POINT ( 'NONE',  ( -12.57542490862115159, 31.75000000000000000, 2.019005016415582165 ) ) ;
#2599 = CARTESIAN_POINT ( 'NONE',  ( -33.24999999999999289, 9.591564683836152128, 0.7887280973505802484 ) ) ;
#2600 = CARTESIAN_POINT ( 'NONE',  ( 28.60787114346112858, -13.82349396280046072, 9.937452121063669708 ) ) ;
#2601 = EDGE_CURVE ( 'NONE', #192, #6408, #1478, .T. ) ;
#2602 = ORIENTED_EDGE ( 'NONE', *, *, #6372, .F. ) ;
#2603 = CARTESIAN_POINT ( 'NONE',  ( -25.19846806405388051, -19.32569365074891721, 14.57293612289647200 ) ) ;
#2604 = CYLINDRICAL_SURFACE ( 'NONE', #76, 23.99999999999999289 ) ;
#2605 = CARTESIAN_POINT ( 'NONE',  ( 14.75000000000000888, 23.75000000000000355, -12.00000000000000000 ) ) ;
#2606 = CARTESIAN_POINT ( 'NONE',  ( -19.89339875937250213, -24.77389599037366708, 9.934818421048182913 ) ) ;
#2607 = CARTESIAN_POINT ( 'NONE',  ( 18.46526253291482433, 28.74299213047550339, 7.268392019014911831 ) ) ;
#2608 = CARTESIAN_POINT ( 'NONE',  ( 13.41382005913211728, -23.91821351681889851, -18.50000000000006750 ) ) ;
#2609 = ADVANCED_FACE ( 'NONE', ( #5058 ), #3058, .T. ) ;
#2610 = CARTESIAN_POINT ( 'NONE',  ( -13.02161936878527904, -31.75000000000000000, 1.863682099810868742 ) ) ;
#2611 = CARTESIAN_POINT ( 'NONE',  ( -28.25935938518588841, -24.40257114618907508, 3.240639881064242278 ) ) ;
#2612 = CARTESIAN_POINT ( 'NONE',  ( -30.25000000000000000, 2.072801627379523591E-11, 12.14142842854284154 ) ) ;
#2613 = LINE ( 'NONE', #993, #1132 ) ;
#2614 = CARTESIAN_POINT ( 'NONE',  ( 30.24999999999950262, -0.7308213023223871785, 12.14142842854354143 ) ) ;
#2615 = VERTEX_POINT ( 'NONE', #1581 ) ;
#2616 = CARTESIAN_POINT ( 'NONE',  ( 11.18501438229905354, -28.11122907615010291, 12.10409783429915898 ) ) ;
#2617 = CARTESIAN_POINT ( 'NONE',  ( -18.35592388636171890, 31.47914603646515985, 4.507845181513390642 ) ) ;
#2618 = ORIENTED_EDGE ( 'NONE', *, *, #4626, .F. ) ;
#2619 = CARTESIAN_POINT ( 'NONE',  ( -13.94438208632561427, 28.53032751513618237, 13.00257948368005678 ) ) ;
#2620 = ORIENTED_EDGE ( 'NONE', *, *, #5270, .T. ) ;
#2621 = CARTESIAN_POINT ( 'NONE',  ( 18.14612038636948554, -31.46213795996687779, 0.4311487955566440933 ) ) ;
#2622 = CARTESIAN_POINT ( 'NONE',  ( -33.25000000000000000, -1.601872233442316107, 1.605981011861053132 ) ) ;
#2623 = CARTESIAN_POINT ( 'NONE',  ( 30.25000000000000000, -2.072236573767427323E-11, 12.14142842854286464 ) ) ;
#2624 = CARTESIAN_POINT ( 'NONE',  ( -30.47601834938915388, -17.26971759957044483, 7.025336660668649813 ) ) ;
#2625 = B_SPLINE_CURVE_WITH_KNOTS ( 'NONE', 3,
 ( #3727, #3802, #2806, #5921, #6367, #5892 ),
 .UNSPECIFIED., .F., .F.,
 ( 4, 2, 4 ),
 ( 0.000000000000000000, 0.002072306640303421717, 0.004144613280606843433 ),
 .UNSPECIFIED. ) ;
#2626 = CARTESIAN_POINT ( 'NONE',  ( 16.32502125840478513, 25.47345927216217731, 13.85321155682942162 ) ) ;
#2627 = ORIENTED_EDGE ( 'NONE', *, *, #6725, .F. ) ;
#2628 = CARTESIAN_POINT ( 'NONE',  ( 33.25000000000000711, -10.11111797280306313, 3.841740598619102887 ) ) ;
#2629 = CARTESIAN_POINT ( 'NONE',  ( -20.42543332982053172, -26.84980407997708696, 5.942699155400880784 ) ) ;
#2630 = ADVANCED_FACE ( 'NONE', ( #2726 ), #187, .F. ) ;
#2631 = CARTESIAN_POINT ( 'NONE',  ( 30.28062864894999606, 9.569897105705116758, 9.726671949351654689 ) ) ;
#2632 = CARTESIAN_POINT ( 'NONE',  ( 30.62139770061260791, 13.55358200708946015, 6.130299924250560473 ) ) ;
#2633 = CARTESIAN_POINT ( 'NONE',  ( -13.01934794929628758, 31.75000000000000000, 1.860208429782141959 ) ) ;
#2634 =( BOUNDED_SURFACE ( )  B_SPLINE_SURFACE ( 3, 2, ( 
 ( #491, #3108, #5202 ),
 ( #2663, #6292, #4752 ),
 ( #2591, #4689, #6766 ),
 ( #4169, #5816, #61 ),
 ( #2137, #3687, #4788 ),
 ( #598, #21, #1590 ),
 ( #4239, #2699, #2624 ),
 ( #6255, #3142, #98 ),
 ( #3648, #5748, #5237 ),
 ( #6176, #1442, #1987 ),
 ( #448, #4677, #1028 ),
 ( #960, #5123, #2024 ),
 ( #6243, #1958, #4124 ),
 ( #3634, #1476, #1509 ),
 ( #3095, #1411, #4575 ),
 ( #5598, #4607, #2055 ),
 ( #4059, #5735, #4641 ),
 ( #2437, #5153, #1539 ),
 ( #3129, #6210, #4156 ),
 ( #3567, #418, #4091 ),
 ( #386, #2505, #3034 ),
 ( #4540, #6109, #2472 ),
 ( #3599, #6687, #5225 ),
 ( #6619, #1926, #6655 ),
 ( #4030, #5671, #3066 ),
 ( #924, #480, #2539 ),
 ( #2579, #6719, #5701 ),
 ( #6140, #992, #893 ),
 ( #5188, #3499, #2996 ),
 ( #6756, #5085, #5634 ),
 ( #3529, #2753, #6509 ),
 ( #5365, #145, #3160 ) ),
 .UNSPECIFIED., .F., .F., .F. ) 
 B_SPLINE_SURFACE_WITH_KNOTS ( ( 4, 2, 2, 2, 2, 2, 2, 2, 2, 2, 2, 2, 2, 2, 2, 4 ),
 ( 3, 3 ),
 ( 0.005577528999902576536, 0.006575342335778510544, 0.007573155671654443685, 0.008570969007530376826, 0.009069875675468342530, 0.009568782343406309968, 0.01156440901515817798, 0.01256222235103411113, 0.01356003568691004427, 0.01555566235866191228, 0.01655347569453784543, 0.01755128903041378030, 0.01954691570216564658, 0.02004582237010361229, 0.02054472903804158146, 0.02154254237391751287 ),
 ( 0.000000000000000000, 1.000000000000000000 ),
 .UNSPECIFIED. ) 
 GEOMETRIC_REPRESENTATION_ITEM ( )  RATIONAL_B_SPLINE_SURFACE ( (
 ( 1.000000000000000000, 0.9194434921897859381, 1.000000000000000000),
 ( 1.000000000000000000, 0.9181746106212191894, 1.000000000000000000),
 ( 1.000000000000000000, 0.9169857232909763844, 1.000000000000000000),
 ( 1.000000000000000000, 0.9148323432700924407, 1.000000000000000000),
 ( 1.000000000000000000, 0.9138624569971209866, 1.000000000000000000),
 ( 1.000000000000000000, 0.9121177707694068104, 1.000000000000000000),
 ( 1.000000000000000000, 0.9113429062784991208, 1.000000000000000000),
 ( 1.000000000000000000, 0.9103173403842320655, 1.000000000000000000),
 ( 1.000000000000000000, 0.9099983251519385696, 1.000000000000000000),
 ( 1.000000000000000000, 0.9094050761494829604, 1.000000000000000000),
 ( 1.000000000000000000, 0.9091301010447094821, 1.000000000000000000),
 ( 1.000000000000000000, 0.9078766665657170831, 1.000000000000000000),
 ( 1.000000000000000000, 0.9072561134095650237, 1.000000000000000000),
 ( 1.000000000000000000, 0.9068360406527613549, 1.000000000000000000),
 ( 1.000000000000000000, 0.9067824230557258725, 1.000000000000000000),
 ( 1.000000000000000000, 0.9068532314977343356, 1.000000000000000000),
 ( 1.000000000000000000, 0.9069778965057363473, 1.000000000000000000),
 ( 1.000000000000000000, 0.9076199276953855755, 1.000000000000000000),
 ( 1.000000000000000000, 0.9083929125578391606, 1.000000000000000000),
 ( 1.000000000000000000, 0.9101074423684364367, 1.000000000000000000),
 ( 1.000000000000000000, 0.9107726465158795248, 1.000000000000000000),
 ( 1.000000000000000000, 0.9123112173640043343, 1.000000000000000000),
 ( 1.000000000000000000, 0.9131736947750814792, 1.000000000000000000),
 ( 1.000000000000000000, 0.9160404082737254594, 1.000000000000000000),
 ( 1.000000000000000000, 0.9183301779754827754, 1.000000000000000000),
 ( 1.000000000000000000, 0.9217179099506727091, 1.000000000000000000),
 ( 1.000000000000000000, 0.9224226312362279190, 1.000000000000000000),
 ( 1.000000000000000000, 0.9238670479126910307, 1.000000000000000000),
 ( 1.000000000000000000, 0.9246085980291590678, 1.000000000000000000),
 ( 1.000000000000000000, 0.9268856911673291066, 1.000000000000000000),
 ( 1.000000000000000000, 0.9284745577693553908, 1.000000000000000000),
 ( 1.000000000000000000, 0.9301069718818449905, 1.000000000000000000) ) ) 
 REPRESENTATION_ITEM ( '' )  SURFACE ( )  );
#2635 = CARTESIAN_POINT ( 'NONE',  ( 1.512778126870705819E-14, 1.811046540163052221, -52.81821180105552571 ) ) ;
#2636 = CARTESIAN_POINT ( 'NONE',  ( 30.94775147553676220, -16.52308137631810325, 6.947288628266137245 ) ) ;
#2637 = ORIENTED_EDGE ( 'NONE', *, *, #3571, .T. ) ;
#2638 = CARTESIAN_POINT ( 'NONE',  ( -16.24094504831209562, 29.54105652492217970, 7.336288839237589343 ) ) ;
#2639 = CARTESIAN_POINT ( 'NONE',  ( 30.54326291644948199, -17.29063617694137278, 7.017529795043433438 ) ) ;
#2640 = EDGE_CURVE ( 'NONE', #4692, #3282, #1916, .T. ) ;
#2641 = FACE_OUTER_BOUND ( 'NONE', #5506, .T. ) ;
#2642 = CARTESIAN_POINT ( 'NONE',  ( -15.84212076477646214, 25.22768425873363185, -19.86313690779829244 ) ) ;
#2643 = CARTESIAN_POINT ( 'NONE',  ( 25.30393021515059360, 24.49215052701119788, 6.963737228614824915 ) ) ;
#2644 = CARTESIAN_POINT ( 'NONE',  ( -10.65072406147504402, 31.75000000000361311, 4.787518440676557852 ) ) ;
#2645 = CARTESIAN_POINT ( 'NONE',  ( -12.58119367276253620, -31.74999999999999289, 2.030070312255109588 ) ) ;
#2646 = CARTESIAN_POINT ( 'NONE',  ( -23.28472241480125859, -24.85736793184948112, 5.900182619230927905 ) ) ;
#2647 = CARTESIAN_POINT ( 'NONE',  ( -34.75000000000000000, -6.657357764971418845, -11.21921827953904760 ) ) ;
#2648 = CARTESIAN_POINT ( 'NONE',  ( -14.74999999999999645, 11.75000000000000000, -12.00000000000000000 ) ) ;
#2649 = B_SPLINE_CURVE_WITH_KNOTS ( 'NONE', 3,
 ( #948, #6128, #3053, #4562 ),
 .UNSPECIFIED., .F., .F.,
 ( 4, 4 ),
 ( 6.938893903907228378E-18, 0.003287674723163878585 ),
 .UNSPECIFIED. ) ;
#2650 = CARTESIAN_POINT ( 'NONE',  ( -31.89738284326895723, 13.33810561658062710, -15.93019663993210422 ) ) ;
#2651 = EDGE_LOOP ( 'NONE', ( #6746, #6726, #6459, #6661 ) ) ;
#2652 = CARTESIAN_POINT ( 'NONE',  ( -30.62139770061259725, -13.55358200708946548, 6.130299924250565802 ) ) ;
#2653 = CARTESIAN_POINT ( 'NONE',  ( 14.75000000000000888, -31.75000000000000000, -12.00000000000000000 ) ) ;
#2654 = ORIENTED_EDGE ( 'NONE', *, *, #4157, .F. ) ;
#2655 = CARTESIAN_POINT ( 'NONE',  ( 15.11524127927656203, -30.24999999999999645, 4.301376790344336953 ) ) ;
#2656 = EDGE_CURVE ( 'NONE', #258, #3416, #822, .T. ) ;
#2657 = DIRECTION ( 'NONE',  ( 0.000000000000000000, -0.000000000000000000, 1.000000000000000000 ) ) ;
#2658 = CARTESIAN_POINT ( 'NONE',  ( -4.216056319364112071, -30.25000000000714806, 4.794670526963616730 ) ) ;
#2659 = VERTEX_POINT ( 'NONE', #3136 ) ;
#2660 = DIRECTION ( 'NONE',  ( -0.000000000000000000, -1.000000000000000000, 0.000000000000000000 ) ) ;
#2661 = CARTESIAN_POINT ( 'NONE',  ( -33.24999999999999289, 6.413756703894899047, 1.260734812504460178 ) ) ;
#2662 = CARTESIAN_POINT ( 'NONE',  ( 16.12260043284481270, 29.81041944122338450, 7.018620893025473428 ) ) ;
#2663 = CARTESIAN_POINT ( 'NONE',  ( -34.75000000000000711, -12.38829821665683362, 0.1566409725115819329 ) ) ;
#2664 = CARTESIAN_POINT ( 'NONE',  ( -34.74999999999999289, -11.75000000000000000, -12.00000000000000000 ) ) ;
#2665 = EDGE_LOOP ( 'NONE', ( #692, #1939, #3118, #3442 ) ) ;
#2666 = ADVANCED_FACE ( 'NONE', ( #15 ), #719, .F. ) ;
#2667 = CARTESIAN_POINT ( 'NONE',  ( -13.63211401945565449, -27.02583666663718276, 9.104623602606135790 ) ) ;
#2668 = DIRECTION ( 'NONE',  ( -0.9061595253463935462, 0.000000000000000000, 0.4229360644636481759 ) ) ;
#2669 = FACE_OUTER_BOUND ( 'NONE', #2290, .T. ) ;
#2670 = CARTESIAN_POINT ( 'NONE',  ( -33.24999999999444356, 3.355170227375648295, 4.010311910400832680 ) ) ;
#2671 = CIRCLE ( 'NONE', #3208, 253.2911684466441216 ) ;
#2672 = CARTESIAN_POINT ( 'NONE',  ( 9.379541338525386962, -30.34841089337884767, 10.82039598714146678 ) ) ;
#2673 = CARTESIAN_POINT ( 'NONE',  ( 18.49469560374417654, -25.81718259063413967, 9.927213850585129506 ) ) ;
#2674 = ORIENTED_EDGE ( 'NONE', *, *, #5374, .F. ) ;
#2675 = CARTESIAN_POINT ( 'NONE',  ( -14.13718949577915929, 30.20434608298184642, 7.157098963663285573 ) ) ;
#2676 = ADVANCED_FACE ( 'NONE', ( #5071 ), #3049, .T. ) ;
#2677 = CARTESIAN_POINT ( 'NONE',  ( 33.25000000000000711, -11.75000000000000000, 0.2546058388727132638 ) ) ;
#2678 = AXIS2_PLACEMENT_3D ( 'NONE', #2873, #331, #1901 ) ;
#2679 = CARTESIAN_POINT ( 'NONE',  ( 27.92446182068342964, 26.85589798038186160, -0.6598138546586941322 ) ) ;
#2680 = CARTESIAN_POINT ( 'NONE',  ( -14.13718949577938133, -30.20434608298176826, 7.157098963663331759 ) ) ;
#2681 = FACE_OUTER_BOUND ( 'NONE', #357, .T. ) ;
#2682 = CARTESIAN_POINT ( 'NONE',  ( -11.12287330130041774, 31.75000000000000000, 2.426004205871558739 ) ) ;
#2683 = CARTESIAN_POINT ( 'NONE',  ( 34.70919339261192960, -9.131044303608966572, -12.92955224446336437 ) ) ;
#2684 = CIRCLE ( 'NONE', #5095, 10.00000000000000355 ) ;
#2685 = CARTESIAN_POINT ( 'NONE',  ( -32.62156558869146039, -16.61483683909188613, 3.446230064035485707 ) ) ;
#2686 = CARTESIAN_POINT ( 'NONE',  ( -13.02278510587395211, -31.75000000000000000, 1.858907320899118254 ) ) ;
#2687 = CARTESIAN_POINT ( 'NONE',  ( 26.83142253487697104, 25.81554906374479685, -0.6543960145847668164 ) ) ;
#2688 = CARTESIAN_POINT ( 'NONE',  ( 29.83691912158445447, 5.033684642426899281, 12.66107307043636432 ) ) ;
#2689 = CARTESIAN_POINT ( 'NONE',  ( -30.85614282466545077, -12.54436073105641292, 6.205513396328868225 ) ) ;
#2690 = CARTESIAN_POINT ( 'NONE',  ( 0.000000000000000000, -30.25000000000000000, 5.000000000000000000 ) ) ;
#2691 = ORIENTED_EDGE ( 'NONE', *, *, #1178, .F. ) ;
#2692 = CARTESIAN_POINT ( 'NONE',  ( 15.09203584452772695, -28.59799698922006783, 6.459600169206283660 ) ) ;
#2693 = CIRCLE ( 'NONE', #823, 18.50000000000000000 ) ;
#2694 = CARTESIAN_POINT ( 'NONE',  ( 1.872441054402935956, -31.69819422887644578, 6.203609061832700000 ) ) ;
#2695 = CARTESIAN_POINT ( 'NONE',  ( 18.02508319185009000, 27.69678155578031564, 6.300861060107497913 ) ) ;
#2696 = ORIENTED_EDGE ( 'NONE', *, *, #16, .T. ) ;
#2697 = CARTESIAN_POINT ( 'NONE',  ( 25.30387198948561434, -24.49220320739435408, 6.963739018869228303 ) ) ;
#2698 = DIRECTION ( 'NONE',  ( 0.000000000000000000, -0.2934431313557291365, -0.9559765314379554679 ) ) ;
#2699 = CARTESIAN_POINT ( 'NONE',  ( -33.88642456121989710, -17.64522476338011359, 4.083274570989805063 ) ) ;
#2700 = CIRCLE ( 'NONE', #2581, 8.000000000000000000 ) ;
#2701 = CARTESIAN_POINT ( 'NONE',  ( 18.71090273480007937, 23.79752948229371512, 14.26524941771581467 ) ) ;
#2702 = VERTEX_POINT ( 'NONE', #5894 ) ;
#2703 = DIRECTION ( 'NONE',  ( 0.000000000000000000, 0.000000000000000000, -1.000000000000000000 ) ) ;
#2704 = CIRCLE ( 'NONE', #3913, 10.00000000000000178 ) ;
#2705 = DIRECTION ( 'NONE',  ( 0.000000000000000000, 0.000000000000000000, -1.000000000000000000 ) ) ;
#2706 = CARTESIAN_POINT ( 'NONE',  ( -22.32774274127385894, -28.63763075810563663, -0.2465247593856138841 ) ) ;
#2707 = CARTESIAN_POINT ( 'NONE',  ( -31.97517935670505906, 1.733222393586106636, 6.083380844361585993 ) ) ;
#2708 = CARTESIAN_POINT ( 'NONE',  ( 1.153757761476710031E-14, 2.250994448145761773, -52.71095255133675295 ) ) ;
#2709 = CARTESIAN_POINT ( 'NONE',  ( 24.85734906373230402, -19.79190503045710869, 14.58075818007708158 ) ) ;
#2710 = VERTEX_POINT ( 'NONE', #2632 ) ;
#2711 = DIRECTION ( 'NONE',  ( -0.000000000000000000, -0.000000000000000000, 1.000000000000000000 ) ) ;
#2712 = CARTESIAN_POINT ( 'NONE',  ( 5.622860916653075414, 31.53645467494497368, 5.907196603670981538 ) ) ;
#2713 = CARTESIAN_POINT ( 'NONE',  ( -2.306841934698656615, -31.74999999999998934, 5.374679618306552165 ) ) ;
#2714 = CARTESIAN_POINT ( 'NONE',  ( 16.96707496909955282, 31.69953619365494646, 4.634845958034635061 ) ) ;
#2715 = CARTESIAN_POINT ( 'NONE',  ( 22.15778990628612632, -21.77277278315012055, -18.48495595086875554 ) ) ;
#2716 = B_SPLINE_CURVE_WITH_KNOTS ( 'NONE', 3,
 ( #3379, #5477, #2309, #4890, #6430, #2868, #195, #159 ),
 .UNSPECIFIED., .F., .F.,
 ( 4, 2, 2, 4 ),
 ( 1.055191096010040543E-17, 0.006831026544224365685, 0.01024653981633654246, 0.01366205308844872096 ),
 .UNSPECIFIED. ) ;
#2717 = CARTESIAN_POINT ( 'NONE',  ( 8.867008081308892287, -31.19719163200030465, 6.396679827057695000 ) ) ;
#2718 = CARTESIAN_POINT ( 'NONE',  ( -30.41210878602286272, -14.39351280241714726, 6.068963424956743680 ) ) ;
#2719 = LINE ( 'NONE', #2124, #1035 ) ;
#2720 = CARTESIAN_POINT ( 'NONE',  ( 17.19561281498389960, 30.14276842101482146, 4.021077369689282754 ) ) ;
#2721 = CARTESIAN_POINT ( 'NONE',  ( 4.546026120575276759E-16, -30.25000000000000000, 4.999999999999999112 ) ) ;
#2722 = CARTESIAN_POINT ( 'NONE',  ( 13.21336972377429575, -27.21743101556621980, 12.97637133365205564 ) ) ;
#2723 = EDGE_CURVE ( 'NONE', #5639, #196, #2217, .T. ) ;
#2724 = CARTESIAN_POINT ( 'NONE',  ( -14.74999999999999822, 25.33714599355024788, -19.84098001496990094 ) ) ;
#2725 = ORIENTED_EDGE ( 'NONE', *, *, #6007, .F. ) ;
#2726 = FACE_OUTER_BOUND ( 'NONE', #6233, .T. ) ;
#2727 = DIRECTION ( 'NONE',  ( 1.000000000000000000, 0.000000000000000000, 0.000000000000000000 ) ) ;
#2728 = CARTESIAN_POINT ( 'NONE',  ( 14.75000000000000888, -11.75000000000000000, -20.00000000000000000 ) ) ;
#2729 = ORIENTED_EDGE ( 'NONE', *, *, #5481, .F. ) ;
#2730 = CARTESIAN_POINT ( 'NONE',  ( 25.17795660208286890, -28.84235147599980209, 4.064515823801839289 ) ) ;
#2731 = ADVANCED_FACE ( 'NONE', ( #668 ), #4245, .T. ) ;
#2732 = CARTESIAN_POINT ( 'NONE',  ( -34.75000000000000000, 3.219097295802928915, 1.534917355319292298 ) ) ;
#2733 = DIRECTION ( 'NONE',  ( 0.000000000000000000, 0.000000000000000000, -1.000000000000000000 ) ) ;
#2734 = CARTESIAN_POINT ( 'NONE',  ( 15.78736841035783733, 28.65109598350499809, 6.126643061686446678 ) ) ;
#2735 = ORIENTED_EDGE ( 'NONE', *, *, #6098, .T. ) ;
#2736 = CARTESIAN_POINT ( 'NONE',  ( -33.24510515654751686, 1.847195791171365675, 6.860706324138095447 ) ) ;
#2737 = ADVANCED_FACE ( 'NONE', ( #2669 ), #6403, .F. ) ;
#2738 = CARTESIAN_POINT ( 'NONE',  ( 31.11541456539793415, -6.542227941425583282, 9.540180929457324766 ) ) ;
#2739 = CARTESIAN_POINT ( 'NONE',  ( -17.73017633502513490, -30.01830798038976766, 0.4592307411191071664 ) ) ;
#2740 = DIRECTION ( 'NONE',  ( 0.000000000000000000, -1.000000000000000000, -0.000000000000000000 ) ) ;
#2741 = CARTESIAN_POINT ( 'NONE',  ( 10.30294494421608853, -30.04773894796409905, 11.34033746866052539 ) ) ;
#2742 = B_SPLINE_CURVE_WITH_KNOTS ( 'NONE', 3,
 ( #4123, #3094, #3498, #6209 ),
 .UNSPECIFIED., .F., .F.,
 ( 4, 4 ),
 ( 0.000000000000000000, 0.003110864611183521405 ),
 .UNSPECIFIED. ) ;
#2743 = EDGE_LOOP ( 'NONE', ( #6393, #2795, #1173, #2276 ) ) ;
#2744 = CARTESIAN_POINT ( 'NONE',  ( -15.39565108813377492, 31.75000000000004974, 0.9633327101751308907 ) ) ;
#2745 = DIRECTION ( 'NONE',  ( 0.000000000000000000, 0.000000000000000000, -1.000000000000000000 ) ) ;
#2746 = EDGE_CURVE ( 'NONE', #6038, #2501, #426, .T. ) ;
#2747 = CARTESIAN_POINT ( 'NONE',  ( -17.63964993285857830, -29.05197958286430904, 7.305211428378671989 ) ) ;
#2748 = CARTESIAN_POINT ( 'NONE',  ( -8.936413401271055434, -28.91462770156598694, 10.82039598713788919 ) ) ;
#2749 = CARTESIAN_POINT ( 'NONE',  ( -8.499310197193217675, 31.74999999999641176, 4.830176660594130311 ) ) ;
#2750 = DIRECTION ( 'NONE',  ( 0.000000000000000000, 0.000000000000000000, -1.000000000000000000 ) ) ;
#2751 = CARTESIAN_POINT ( 'NONE',  ( 25.26009937335056676, -23.18943177297897762, 5.805630270182666308 ) ) ;
#2752 = EDGE_CURVE ( 'NONE', #2837, #2164, #172, .T. ) ;
#2753 = CARTESIAN_POINT ( 'NONE',  ( -16.96707496909909096, -31.69953619365619701, 4.634845958031853286 ) ) ;
#2754 = DIRECTION ( 'NONE',  ( -1.000000000000000000, 8.439195288535818750E-16, 0.000000000000000000 ) ) ;
#2755 = CARTESIAN_POINT ( 'NONE',  ( -22.60325221000924856, 21.58121694141935620, -18.47594181206939012 ) ) ;
#2756 = CARTESIAN_POINT ( 'NONE',  ( -16.42012677307628365, 31.75000000000013856, 4.692328251775284009 ) ) ;
#2757 = ORIENTED_EDGE ( 'NONE', *, *, #6007, .T. ) ;
#2758 = CARTESIAN_POINT ( 'NONE',  ( -21.65749979069147457, 23.24696438122462183, 9.908206571310470778 ) ) ;
#2759 = EDGE_CURVE ( 'NONE', #2943, #2246, #2912, .T. ) ;
#2760 = DIRECTION ( 'NONE',  ( -1.000000000000000000, 0.000000000000000000, 0.000000000000000000 ) ) ;
#2761 = CARTESIAN_POINT ( 'NONE',  ( -13.24006461110274913, -29.10575112202169379, 6.264833989106774581 ) ) ;
#2762 = ORIENTED_EDGE ( 'NONE', *, *, #2746, .F. ) ;
#2763 = CARTESIAN_POINT ( 'NONE',  ( -17.68917956026647786, -24.56670022024886535, 14.12138775905256693 ) ) ;
#2764 = CARTESIAN_POINT ( 'NONE',  ( 14.75000000000001243, -23.74530653910391464, -18.49999830549399604 ) ) ;
#2765 = DIRECTION ( 'NONE',  ( 0.000000000000000000, -1.000000000000000000, 0.000000000000000000 ) ) ;
#2766 = CARTESIAN_POINT ( 'NONE',  ( 31.15428837113151417, 11.07213114615222693, 6.208304032930816341 ) ) ;
#2767 = EDGE_LOOP ( 'NONE', ( #999, #5812, #3400, #5137, #1247, #5928 ) ) ;
#2768 = CARTESIAN_POINT ( 'NONE',  ( 34.75000000000000711, 1.619045829285869598, 1.605549023641311024 ) ) ;
#2769 = CARTESIAN_POINT ( 'NONE',  ( -32.56698171800810115, -10.75519166838861196, 6.927848754907058648 ) ) ;
#2770 = CARTESIAN_POINT ( 'NONE',  ( -10.68712574850298935, 28.29925517104088684, 11.82629151725428329 ) ) ;
#2771 = CARTESIAN_POINT ( 'NONE',  ( -19.50251433867210693, -29.66964612590273376, 0.1413997967613406515 ) ) ;
#2772 = DIRECTION ( 'NONE',  ( 1.000000000000000000, 0.000000000000000000, 0.000000000000000000 ) ) ;
#2773 = CARTESIAN_POINT ( 'NONE',  ( -34.74999999999999289, 9.591564683836164562, 0.7887280973505852444 ) ) ;
#2774 = CARTESIAN_POINT ( 'NONE',  ( 15.46790855826279021, -26.02773729260337277, 9.289010780760053265 ) ) ;
#2775 = ORIENTED_EDGE ( 'NONE', *, *, #5434, .F. ) ;
#2776 = ORIENTED_EDGE ( 'NONE', *, *, #2175, .F. ) ;
#2777 = CARTESIAN_POINT ( 'NONE',  ( -32.11249671904108283, 21.76412602645405414, -0.6809599393512154597 ) ) ;
#2778 = CARTESIAN_POINT ( 'NONE',  ( -12.35155825587633416, 30.25000000000000000, 2.092416299199456819 ) ) ;
#2779 = CIRCLE ( 'NONE', #2442, 6.499999999999999112 ) ;
#2780 = CARTESIAN_POINT ( 'NONE',  ( -1.893810413097942069, -31.75000000000000000, 6.218767535002399427 ) ) ;
#2781 = CARTESIAN_POINT ( 'NONE',  ( -7.895906556101715879, -29.88553667134951652, 5.781948347253631937 ) ) ;
#2782 = CARTESIAN_POINT ( 'NONE',  ( 34.75000000000000711, -11.75000000000000000, -12.00000000000000000 ) ) ;
#2783 = CARTESIAN_POINT ( 'NONE',  ( -13.00000000000001066, 0.000000000000000000, -214.9999999999998863 ) ) ;
#2784 = CARTESIAN_POINT ( 'NONE',  ( 23.30435931074300271, -24.86013849952736621, 5.897139940057367191 ) ) ;
#2785 = CARTESIAN_POINT ( 'NONE',  ( 18.23676124020100531, 29.96734899157824117, 3.900265150279627058 ) ) ;
#2786 = CARTESIAN_POINT ( 'NONE',  ( -11.22044169468210306, 30.88175618055484151, 6.736810604220174525 ) ) ;
#2787 = ORIENTED_EDGE ( 'NONE', *, *, #166, .F. ) ;
#2788 = CARTESIAN_POINT ( 'NONE',  ( -33.24999999999999289, -9.591564683836159233, 0.7887280973505726989 ) ) ;
#2789 = ADVANCED_FACE ( 'NONE', ( #4726 ), #28, .F. ) ;
#2790 = CARTESIAN_POINT ( 'NONE',  ( 33.13561966097057621, -14.13247498075294928, -0.1051838210332774054 ) ) ;
#2791 = TOROIDAL_SURFACE ( 'NONE', #5964, 229.2911684466441500, 23.99999999999999289 ) ;
#2792 = ORIENTED_EDGE ( 'NONE', *, *, #3894, .F. ) ;
#2793 = CARTESIAN_POINT ( 'NONE',  ( 10.28136904541244689, -30.05588701907966964, 11.32886754743337399 ) ) ;
#2794 = CARTESIAN_POINT ( 'NONE',  ( -33.24999999999999289, 11.75000000000000000, -12.00000000000000000 ) ) ;
#2795 = ORIENTED_EDGE ( 'NONE', *, *, #845, .T. ) ;
#2796 = CARTESIAN_POINT ( 'NONE',  ( -16.22725713116629009, -25.53586613580483444, 13.83231656793177500 ) ) ;
#2797 = CARTESIAN_POINT ( 'NONE',  ( -33.24999999999999289, 7.096594077037920556, -12.00000000000000000 ) ) ;
#2798 = COORDINATED_UNIVERSAL_TIME_OFFSET ( 1, 0, .AHEAD. ) ;
#2799 = EDGE_CURVE ( 'NONE', #3387, #335, #5013, .T. ) ;
#2800 = CARTESIAN_POINT ( 'NONE',  ( -12.11369014932977528, -24.00022895528671896, -18.49518171590702664 ) ) ;
#2801 = AXIS2_PLACEMENT_3D ( 'NONE', #4188, #1127, #3191 ) ;
#2802 = ORIENTED_EDGE ( 'NONE', *, *, #736, .T. ) ;
#2803 = CARTESIAN_POINT ( 'NONE',  ( 34.75000000000560618, 1.702300059259986398, 4.453228969583489238 ) ) ;
#2804 = CIRCLE ( 'NONE', #4661, 6.499999999999999112 ) ;
#2805 = CC_DESIGN_PERSON_AND_ORGANIZATION_ASSIGNMENT ( #1209, #4989, ( #2337 ) ) ;
#2806 = CARTESIAN_POINT ( 'NONE',  ( 14.56494568446400173, -28.75016920291777467, 6.448112735605995738 ) ) ;
#2807 = VECTOR ( 'NONE', #4087, 1000.000000000000000 ) ;
#2808 = CARTESIAN_POINT ( 'NONE',  ( 8.219121015906001304, 23.91762532105737904, -18.50000000000000000 ) ) ;
#2809 = DIRECTION ( 'NONE',  ( 1.000000000000000000, 0.000000000000000000, -1.224646799147353207E-16 ) ) ;
#2810 = CARTESIAN_POINT ( 'NONE',  ( -14.74999999999999645, 11.75000000000000000, -12.00000000000000000 ) ) ;
#2811 = ADVANCED_FACE ( 'NONE', ( #2348 ), #767, .T. ) ;
#2812 = CARTESIAN_POINT ( 'NONE',  ( -29.02728503599072951, -8.513473053892207432, 13.47218163977896488 ) ) ;
#2813 = CARTESIAN_POINT ( 'NONE',  ( 21.45404601005322931, -21.35518826111044177, 9.203082137312701860 ) ) ;
#2814 = ORIENTED_EDGE ( 'NONE', *, *, #2746, .T. ) ;
#2815 = B_SPLINE_CURVE_WITH_KNOTS ( 'NONE', 3,
 ( #1481, #5542, #5602, #354, #4579, #831, #896, #391 ),
 .UNSPECIFIED., .F., .F.,
 ( 4, 2, 2, 4 ),
 ( -4.055234150957799601E-05, 0.006646410602842524329, 0.009989892075018571432, 0.01333337354719462201 ),
 .UNSPECIFIED. ) ;
#2816 = CIRCLE ( 'NONE', #3358, 8.000000000000000000 ) ;
#2817 = CARTESIAN_POINT ( 'NONE',  ( -26.09307859797508655, -21.81302193570635595, -19.37287345599655097 ) ) ;
#2818 = CARTESIAN_POINT ( 'NONE',  ( 33.25000000000000711, -1.603571479111932208, 1.605999246799303615 ) ) ;
#2819 = CARTESIAN_POINT ( 'NONE',  ( -34.62634557942764246, 14.32564862784126980, -0.1051838210329045509 ) ) ;
#2820 = CARTESIAN_POINT ( 'NONE',  ( 32.72817861013847107, -20.61008465177245697, -0.6325374820664926290 ) ) ;
#2821 = CARTESIAN_POINT ( 'NONE',  ( 16.43758431532134523, -29.47466934814180206, 7.338388997871057917 ) ) ;
#2822 = CARTESIAN_POINT ( 'NONE',  ( -26.42009348515692935, 21.93107025707886137, 5.782156872645473733 ) ) ;
#2823 = CARTESIAN_POINT ( 'NONE',  ( 29.57872485260914175, 16.69577687984224568, -17.39935746922588322 ) ) ;
#2824 = CARTESIAN_POINT ( 'NONE',  ( 2.556450193220098979E-15, 31.75000000000000000, 4.999999999999999112 ) ) ;
#2825 = CARTESIAN_POINT ( 'NONE',  ( -2.250724320391722433, 31.75000000000000711, 5.367940964666605197 ) ) ;
#2826 = ADVANCED_FACE ( 'NONE', ( #801 ), #5754, .T. ) ;
#2827 = CARTESIAN_POINT ( 'NONE',  ( -33.24999999999999289, 7.096594077037920556, -12.00000000000000000 ) ) ;
#2828 = ORIENTED_EDGE ( 'NONE', *, *, #1616, .F. ) ;
#2829 = CARTESIAN_POINT ( 'NONE',  ( 3.451138648253496265E-14, 16.87168674229086207, -40.12839189828498121 ) ) ;
#2830 = CARTESIAN_POINT ( 'NONE',  ( 31.18238137271718813, 6.023774471411757148, 12.80782108495670890 ) ) ;
#2831 = PLANE ( 'NONE',  #3663 ) ;
#2832 = ORIENTED_EDGE ( 'NONE', *, *, #2363, .F. ) ;
#2833 = CARTESIAN_POINT ( 'NONE',  ( -14.72135053609829747, -26.43262305025426073, 13.45955782550115032 ) ) ;
#2834 = CARTESIAN_POINT ( 'NONE',  ( 14.75000000000001243, -23.74530653910391464, -18.49999830549399604 ) ) ;
#2835 = APPLICATION_PROTOCOL_DEFINITION ( 'international standard', 'config_control_design', 1994, #5207 ) ;
#2836 = CARTESIAN_POINT ( 'NONE',  ( -27.98190253076437273, -19.86256675384614923, 5.794983263456827238 ) ) ;
#2837 = VERTEX_POINT ( 'NONE', #4349 ) ;
#2838 = CARTESIAN_POINT ( 'NONE',  ( 13.02129084310470120, -31.75000000000000000, 1.863816414612909256 ) ) ;
#2839 = B_SPLINE_CURVE_WITH_KNOTS ( 'NONE', 3,
 ( #4679, #1065, #420, #5259, #5737, #3675, #5125, #5703, #6721, #3601 ),
 .UNSPECIFIED., .F., .F.,
 ( 4, 2, 2, 2, 4 ),
 ( 0.000000000000000000, 0.003793052765198321255, 0.004741315956497900268, 0.005689579147797480148, 0.007586105530396639041 ),
 .UNSPECIFIED. ) ;
#2840 = CARTESIAN_POINT ( 'NONE',  ( -31.61696836124531274, -3.326969674732868310, 9.350688068838703515 ) ) ;
#2841 = CARTESIAN_POINT ( 'NONE',  ( 2.350263510791954475E-14, -14.32010458135030184, -40.42744004917962286 ) ) ;
#2842 = CARTESIAN_POINT ( 'NONE',  ( -28.23481500154421653, 24.43013271999675950, -0.7062857720027329034 ) ) ;
#2843 = CARTESIAN_POINT ( 'NONE',  ( 34.75000000000000711, 11.75000000000000000, 0.2546058388728121291 ) ) ;
#2844 = CARTESIAN_POINT ( 'NONE',  ( -30.25000000000000000, 2.072801627379523591E-11, 12.14142842854284154 ) ) ;
#2845 = CARTESIAN_POINT ( 'NONE',  ( 15.28744469459635447, -28.78083445656585226, 6.134797833215908547 ) ) ;
#2846 = VERTEX_POINT ( 'NONE', #5923 ) ;
#2847 = ORIENTED_EDGE ( 'NONE', *, *, #582, .F. ) ;
#2848 = CARTESIAN_POINT ( 'NONE',  ( 16.94101716223469722, -29.30231702472767452, 7.336036648055067388 ) ) ;
#2849 = EDGE_CURVE ( 'NONE', #697, #6578, #6228, .T. ) ;
#2850 = DIRECTION ( 'NONE',  ( 0.000000000000000000, 0.000000000000000000, -1.000000000000000000 ) ) ;
#2851 = CARTESIAN_POINT ( 'NONE',  ( -30.65567493310583558, 16.85153448304987478, 7.041025932418876643 ) ) ;
#2852 = CARTESIAN_POINT ( 'NONE',  ( 33.47974390770384900, -18.79455070927060945, -0.5185268142150113446 ) ) ;
#2853 = CARTESIAN_POINT ( 'NONE',  ( 12.12402541061334382, -31.75000000000000000, 2.154191468302097512 ) ) ;
#2854 = CARTESIAN_POINT ( 'NONE',  ( -24.62267276028366325, 23.78354919913928356, 5.830040799970074517 ) ) ;
#2855 = CARTESIAN_POINT ( 'NONE',  ( 26.37552226467411742, 19.50702411735026232, -18.21135127648500074 ) ) ;
#2856 = CARTESIAN_POINT ( 'NONE',  ( -11.37059955901812103, 30.87213445476739082, 6.617434037573593386 ) ) ;
#2857 = CARTESIAN_POINT ( 'NONE',  ( -26.91151505084138407, -16.88867221931149487, 9.892075299615219919 ) ) ;
#2858 = EDGE_LOOP ( 'NONE', ( #4338, #4036, #4979 ) ) ;
#2859 = CARTESIAN_POINT ( 'NONE',  ( 32.62448381691555710, -16.60431598998485470, 3.446852728989497905 ) ) ;
#2860 = EDGE_LOOP ( 'NONE', ( #3483, #1653, #2240, #3270, #2344, #4982, #2200 ) ) ;
#2861 = CARTESIAN_POINT ( 'NONE',  ( 2.752404129330316771E-14, 8.525260734130911899, -53.12593786146996422 ) ) ;
#2862 = CARTESIAN_POINT ( 'NONE',  ( 14.14977478891909257, 31.75000000000000000, 4.830746283730948498 ) ) ;
#2863 = CARTESIAN_POINT ( 'NONE',  ( -23.63869192144194997, 18.91286840878288800, 14.58083246818933887 ) ) ;
#2864 = ORIENTED_EDGE ( 'NONE', *, *, #4203, .T. ) ;
#2865 = DIRECTION ( 'NONE',  ( 1.000000000000000000, 0.000000000000000000, 0.000000000000000000 ) ) ;
#2866 = DIRECTION ( 'NONE',  ( 0.3748062816633064287, -1.810146235801886110E-15, -0.9271031502620009634 ) ) ;
#2867 = SECURITY_CLASSIFICATION_LEVEL ( 'unclassified' ) ;
#2868 = CARTESIAN_POINT ( 'NONE',  ( -2.250448549291497180, -31.72355758466183318, 5.367905899797731806 ) ) ;
#2869 = ORIENTED_EDGE ( 'NONE', *, *, #5985, .T. ) ;
#2870 = CARTESIAN_POINT ( 'NONE',  ( 32.40622562401013340, -10.67078234191807340, 7.130454868564781279 ) ) ;
#2871 = EDGE_CURVE ( 'NONE', #4162, #3573, #6728, .T. ) ;
#2872 = CARTESIAN_POINT ( 'NONE',  ( -32.37995876191919820, -12.15059107237445879, -15.26060104494385783 ) ) ;
#2873 = CARTESIAN_POINT ( 'NONE',  ( 24.75000000000000711, 11.74999999999982414, 0.2546058388727666100 ) ) ;
#2874 = CARTESIAN_POINT ( 'NONE',  ( 2.464601683284048801E-15, 30.25000000000000000, 5.000000000000000000 ) ) ;
#2875 = CARTESIAN_POINT ( 'NONE',  ( 12.58119367276255041, 31.74999999999999289, 2.030070312255120246 ) ) ;
#2876 = CARTESIAN_POINT ( 'NONE',  ( 13.51866626608198807, -30.47100334309710945, 6.851020509909210965 ) ) ;
#2877 = EDGE_LOOP ( 'NONE', ( #2905, #108, #254 ) ) ;
#2878 = CARTESIAN_POINT ( 'NONE',  ( 15.78841165316141648, -28.65049379494266546, 6.126953407846607469 ) ) ;
#2879 = ADVANCED_FACE ( 'NONE', ( #1865 ), #4472, .T. ) ;
#2880 = VERTEX_POINT ( 'NONE', #2417 ) ;
#2881 = CARTESIAN_POINT ( 'NONE',  ( -33.18601733619399852, -8.650124905544080534, -13.04565525601332432 ) ) ;
#2882 = CARTESIAN_POINT ( 'NONE',  ( -30.86261703917733712, -7.491704508928012984, 13.12676247374368366 ) ) ;
#2883 = CARTESIAN_POINT ( 'NONE',  ( 33.25000000000000711, -6.408618579388056347, 1.261388080703149672 ) ) ;
#2884 = CARTESIAN_POINT ( 'NONE',  ( 1.993397596923309356E-14, 23.34889057605980156, -19.99999999998605205 ) ) ;
#2885 = CARTESIAN_POINT ( 'NONE',  ( 34.75000000000000711, -11.75000000000000000, 0.2546058388727132638 ) ) ;
#2886 = CARTESIAN_POINT ( 'NONE',  ( 33.25000000000000000, -6.572807871886144682, -11.63778608948553028 ) ) ;
#2887 = ADVANCED_FACE ( 'NONE', ( #1902 ), #2019, .F. ) ;
#2888 = CARTESIAN_POINT ( 'NONE',  ( -30.62139770061318345, 13.55358200708683647, 6.130299924250784294 ) ) ;
#2889 = CARTESIAN_POINT ( 'NONE',  ( 30.99810338494105366, 14.90471117947413582, -16.68753935621655771 ) ) ;
#2890 = CIRCLE ( 'NONE', #5840, 10.00000000000000000 ) ;
#2891 = CARTESIAN_POINT ( 'NONE',  ( -8.269676028770101439, 30.68130640633859940, 7.993033361200887477 ) ) ;
#2892 = CARTESIAN_POINT ( 'NONE',  ( -32.39519488889308718, -11.27618588450415515, 7.044217234876472666 ) ) ;
#2893 = VERTEX_POINT ( 'NONE', #5310 ) ;
#2894 = CIRCLE ( 'NONE', #2678, 8.500000000000001776 ) ;
#2895 = CARTESIAN_POINT ( 'NONE',  ( 28.16324797117126266, -24.50626830933248712, -0.7044050498018638029 ) ) ;
#2896 = VERTEX_POINT ( 'NONE', #3174 ) ;
#2897 = CARTESIAN_POINT ( 'NONE',  ( 2.694036040342679731E-14, 7.447093492521994484, -54.12565370202753456 ) ) ;
#2898 = CARTESIAN_POINT ( 'NONE',  ( 30.67743782694375909, 8.216948310118562304, 13.29838210157592293 ) ) ;
#2899 = VERTEX_POINT ( 'NONE', #2067 ) ;
#2900 = LINE ( 'NONE', #1312, #4089 ) ;
#2901 = CIRCLE ( 'NONE', #161, 8.000000000000000000 ) ;
#2902 = CARTESIAN_POINT ( 'NONE',  ( -14.74999999999992362, -21.75000000000000000, 1.114006583038579912 ) ) ;
#2903 = EDGE_CURVE ( 'NONE', #4762, #2972, #5784, .T. ) ;
#2904 = CARTESIAN_POINT ( 'NONE',  ( -26.98676198910446189, -21.26126072112544918, 5.777223330058815165 ) ) ;
#2905 = ORIENTED_EDGE ( 'NONE', *, *, #5253, .T. ) ;
#2906 = CARTESIAN_POINT ( 'NONE',  ( 34.75000000000000000, -10.20280384732663315, 4.380507510607674071 ) ) ;
#2907 = CIRCLE ( 'NONE', #2128, 6.499999999999999112 ) ;
#2908 = CARTESIAN_POINT ( 'NONE',  ( -19.44088592647621994, -22.75847125999398557, -18.50130038376230246 ) ) ;
#2909 = CARTESIAN_POINT ( 'NONE',  ( 3.045383741953835143E-14, -10.40849959458477869, -46.49723764180707519 ) ) ;
#2910 = CARTESIAN_POINT ( 'NONE',  ( 37.00000000000000711, 0.000000000000000000, -124.8941410357253972 ) ) ;
#2911 = EDGE_CURVE ( 'NONE', #3348, #941, #4924, .T. ) ;
#2912 = CIRCLE ( 'NONE', #3234, 10.00000000000000178 ) ;
#2913 = CARTESIAN_POINT ( 'NONE',  ( 6.684919280089813398, -25.15555227005272698, -19.87671845188870634 ) ) ;
#2914 = ORIENTED_EDGE ( 'NONE', *, *, #1471, .F. ) ;
#2915 = CARTESIAN_POINT ( 'NONE',  ( 20.41000509414692488, -26.83273002658783213, 5.942671592996954466 ) ) ;
#2916 = ORIENTED_EDGE ( 'NONE', *, *, #2903, .F. ) ;
#2917 = CARTESIAN_POINT ( 'NONE',  ( -25.01829230471483712, -17.04127954301090142, 9.180533995492055510 ) ) ;
#2918 = VECTOR ( 'NONE', #2202, 1000.000000000000000 ) ;
#2919 = CARTESIAN_POINT ( 'NONE',  ( 33.25000000000000711, -3.208999329841278225, 1.535570715591835889 ) ) ;
#2920 = CARTESIAN_POINT ( 'NONE',  ( 17.20620244292976508, 27.95668264543467174, 6.376530701577657112 ) ) ;
#2921 = CARTESIAN_POINT ( 'NONE',  ( 61.00000000000000000, 0.000000000000000000, -214.9999999999998863 ) ) ;
#2922 = CARTESIAN_POINT ( 'NONE',  ( 2.236422203146539722, -22.87389915741781365, -18.50000000000000000 ) ) ;
#2923 = CARTESIAN_POINT ( 'NONE',  ( 0.000000000000000000, -30.25000000000000000, 5.000000000000000000 ) ) ;
#2924 = CARTESIAN_POINT ( 'NONE',  ( -33.01694479861440357, 14.99450899627773737, 3.549216989273537237 ) ) ;
#2925 = CIRCLE ( 'NONE', #6086, 9.999999999999998224 ) ;
#2926 = CARTESIAN_POINT ( 'NONE',  ( 28.68359349933745861, 9.625898007709761117, 13.73520026396734117 ) ) ;
#2927 = CARTESIAN_POINT ( 'NONE',  ( -7.994364412374570072, 31.31740199377860989, 6.223046486004072619 ) ) ;
#2928 = CARTESIAN_POINT ( 'NONE',  ( -31.38216790711171811, -15.36803869381852650, 6.978977273859314323 ) ) ;
#2929 = ORIENTED_EDGE ( 'NONE', *, *, #2993, .T. ) ;
#2930 = DIRECTION ( 'NONE',  ( 1.000000000000000000, 0.000000000000000000, 0.000000000000000000 ) ) ;
#2931 = VERTEX_POINT ( 'NONE', #3246 ) ;
#2932 = CARTESIAN_POINT ( 'NONE',  ( 10.11975831913348145, 25.49140777541591518, -19.80817288341646787 ) ) ;
#2933 = CARTESIAN_POINT ( 'NONE',  ( 14.75000000000001243, -30.25000000000000000, -12.00000000000000000 ) ) ;
#2934 = EDGE_LOOP ( 'NONE', ( #4444, #1188, #14, #1963, #3580 ) ) ;
#2935 = CARTESIAN_POINT ( 'NONE',  ( 4.055493624791675522, 30.25000000000000000, 4.111731725731897491 ) ) ;
#2936 = PERSON_AND_ORGANIZATION ( #1161, #4427 ) ;
#2937 = ORIENTED_EDGE ( 'NONE', *, *, #3025, .F. ) ;
#2938 = CARTESIAN_POINT ( 'NONE',  ( 2.464601683284047618E-15, 30.25000000000000355, 4.999999999999999112 ) ) ;
#2939 = ADVANCED_FACE ( 'NONE', ( #562 ), #2634, .T. ) ;
#2940 = CARTESIAN_POINT ( 'NONE',  ( -25.29770435826385366, 24.49843704895327079, 6.963881452907051184 ) ) ;
#2941 = CARTESIAN_POINT ( 'NONE',  ( 33.25000000000009237, 7.870467577398158276, -12.53515679499014368 ) ) ;
#2942 = CARTESIAN_POINT ( 'NONE',  ( -11.20435647053506401, 28.10392459665169440, 12.11489011439261176 ) ) ;
#2943 = VERTEX_POINT ( 'NONE', #1094 ) ;
#2944 = CARTESIAN_POINT ( 'NONE',  ( 30.86646985262203557, 13.30246647761415701, 5.969471382532220538 ) ) ;
#2945 = VERTEX_POINT ( 'NONE', #2612 ) ;
#2946 = CARTESIAN_POINT ( 'NONE',  ( 10.68712574850304442, 28.29925517104086552, 11.82629151725431171 ) ) ;
#2947 = CARTESIAN_POINT ( 'NONE',  ( -29.00319203675676150, -18.32850369263627854, 5.761986916950381676 ) ) ;
#2948 = CARTESIAN_POINT ( 'NONE',  ( -8.439121723020965860, -30.24999999999281286, 4.581986392828757637 ) ) ;
#2949 = CARTESIAN_POINT ( 'NONE',  ( -29.02728503599072241, -8.513473053892221643, 13.47218163977897021 ) ) ;
#2950 = DIRECTION ( 'NONE',  ( 5.551115123125782702E-17, 0.000000000000000000, -1.000000000000000000 ) ) ;
#2951 = DIRECTION ( 'NONE',  ( -1.000000000000000000, 0.000000000000000000, 0.000000000000000000 ) ) ;
#2952 = DIRECTION ( 'NONE',  ( 0.3748062816633058181, 0.000000000000000000, 0.9271031502620011855 ) ) ;
#2953 = CARTESIAN_POINT ( 'NONE',  ( -21.12179094278650382, 26.27827889777980275, 6.045210443073401940 ) ) ;
#2954 = CARTESIAN_POINT ( 'NONE',  ( 14.75000000000000000, 30.25000000000000000, 1.114006583038541720 ) ) ;
#2955 = EDGE_CURVE ( 'NONE', #5597, #5356, #2719, .T. ) ;
#2956 = CARTESIAN_POINT ( 'NONE',  ( -2.100141997008921457, 31.74999999999999289, 5.796687951413511897 ) ) ;
#2957 = CARTESIAN_POINT ( 'NONE',  ( 7.994364411666168735, 31.31740199341827235, 6.223046487376781677 ) ) ;
#2958 = ORIENTED_EDGE ( 'NONE', *, *, #4589, .F. ) ;
#2959 = B_SPLINE_CURVE_WITH_KNOTS ( 'NONE', 3,
 ( #2447, #6564, #6049, #1353, #1420, #4448, #3444, #2480, #1899, #2940, #1798, #4516, #3905, #4958, #5988, #5577, #3382, #268, #5031, #330 ),
 .UNSPECIFIED., .F., .F.,
 ( 4, 2, 2, 2, 2, 2, 2, 2, 2, 4 ),
 ( 0.000000000000000000, 0.002675238386568459890, 0.005350476773136919779, 0.006688095966421146905, 0.008025715159705374899, 0.01070095354627382915, 0.01337619193284228514, 0.01471381112612651226, 0.01605143031941073939, 0.02140190709254764095 ),
 .UNSPECIFIED. ) ;
#2960 = CARTESIAN_POINT ( 'NONE',  ( -32.40622562401012630, -10.67078234191808939, 7.130454868564775950 ) ) ;
#2961 = EDGE_CURVE ( 'NONE', #3957, #558, #2458, .T. ) ;
#2962 = ORIENTED_EDGE ( 'NONE', *, *, #6282, .T. ) ;
#2963 = CARTESIAN_POINT ( 'NONE',  ( -1.289082704485161468E-14, -1.921264046686840921, -57.19877390260764116 ) ) ;
#2964 = CARTESIAN_POINT ( 'NONE',  ( 32.26477192889023371, -16.15423228601725825, -17.23684125053325644 ) ) ;
#2965 = CARTESIAN_POINT ( 'NONE',  ( 11.86370787880977495, 25.50319195169925734, -19.80553228069030069 ) ) ;
#2966 = CARTESIAN_POINT ( 'NONE',  ( -13.21336972377429930, 27.21743101556621625, 12.97637133365205919 ) ) ;
#2967 = ORIENTED_EDGE ( 'NONE', *, *, #6635, .T. ) ;
#2968 = CARTESIAN_POINT ( 'NONE',  ( 2.464601683284048801E-15, 30.25000000000000000, 5.000000000000000000 ) ) ;
#2969 = APPROVAL ( #5543, 'UNSPECIFIED' ) ;
#2970 = CARTESIAN_POINT ( 'NONE',  ( -29.36376912535081729, 25.41868199059440769, 3.936826652503830459 ) ) ;
#2971 = ADVANCED_FACE ( 'NONE', ( #2226 ), #5814, .T. ) ;
#2972 = VERTEX_POINT ( 'NONE', #618 ) ;
#2973 = CARTESIAN_POINT ( 'NONE',  ( -29.23390318714366387, 17.60978112805825901, 5.874853463428840961 ) ) ;
#2974 = CARTESIAN_POINT ( 'NONE',  ( -32.50938952718515651, -11.75000000000001243, -15.01320962997100494 ) ) ;
#2975 = CARTESIAN_POINT ( 'NONE',  ( 33.35592388770451322, -19.09366670253641374, -0.5373110540563375004 ) ) ;
#2976 = CARTESIAN_POINT ( 'NONE',  ( 29.20922610488483073, 19.92736693495369593, 6.877988821190636592 ) ) ;
#2977 = CARTESIAN_POINT ( 'NONE',  ( -26.95319673647916758, 21.45947267760078603, 5.710983690850459205 ) ) ;
#2978 = VERTEX_POINT ( 'NONE', #1644 ) ;
#2979 = CARTESIAN_POINT ( 'NONE',  ( -31.65752670660302570, -13.87186118481122143, 7.167187115787833740 ) ) ;
#2980 = EDGE_LOOP ( 'NONE', ( #5649, #127, #865, #5994 ) ) ;
#2981 = CARTESIAN_POINT ( 'NONE',  ( 37.00000000000000711, 0.000000000000000000, -214.9999999999998863 ) ) ;
#2982 = CARTESIAN_POINT ( 'NONE',  ( -19.00248006066801665, -23.56439794113555308, 9.290566668335543454 ) ) ;
#2983 = CARTESIAN_POINT ( 'NONE',  ( 30.25038070328923823, -0.7913558269336498086, 8.853813136344877321 ) ) ;
#2984 = DIRECTION ( 'NONE',  ( 1.000000000000000000, 0.000000000000000000, 0.000000000000000000 ) ) ;
#2985 = CARTESIAN_POINT ( 'NONE',  ( -32.29326079174390429, 11.86332856511974221, 7.039599937661904505 ) ) ;
#2986 = CARTESIAN_POINT ( 'NONE',  ( -13.06501096547343010, -30.25000000000000355, 4.390438949681435332 ) ) ;
#2987 = FACE_OUTER_BOUND ( 'NONE', #6455, .T. ) ;
#2988 = DIRECTION ( 'NONE',  ( 0.9650638603872353505, 0.000000000000000000, -0.2620147808320876237 ) ) ;
#2989 = CARTESIAN_POINT ( 'NONE',  ( 12.72231514984778578, 30.25000000000000000, 4.357837398283395558 ) ) ;
#2990 = CARTESIAN_POINT ( 'NONE',  ( -34.74999999999999289, 11.04036685313881527, 0.4724322874106710590 ) ) ;
#2991 = CARTESIAN_POINT ( 'NONE',  ( -11.86370787880999700, -25.50319195169926800, -19.80553228069030069 ) ) ;
#2992 = CARTESIAN_POINT ( 'NONE',  ( 30.55309886995921431, 24.02322171750000024, 3.930096651671485919 ) ) ;
#2993 = EDGE_CURVE ( 'NONE', #1350, #907, #1721, .T. ) ;
#2994 = CARTESIAN_POINT ( 'NONE',  ( 22.71769502570764487, -28.45757890923689004, -0.2925685613472675528 ) ) ;
#2995 = ORIENTED_EDGE ( 'NONE', *, *, #3630, .T. ) ;
#2996 = CARTESIAN_POINT ( 'NONE',  ( -19.08290233073951825, -28.48127594036143861, 7.239737448272406617 ) ) ;
#2997 = CARTESIAN_POINT ( 'NONE',  ( 32.63790409332512610, 16.50862143931196258, -0.3668841166819609700 ) ) ;
#2998 = CARTESIAN_POINT ( 'NONE',  ( 32.90919831563347486, -7.113854894612050117, 7.007616542541134308 ) ) ;
#2999 = CARTESIAN_POINT ( 'NONE',  ( 10.97584134508282006, 29.49246662356899407, 6.105080851674815179 ) ) ;
#3000 = EDGE_CURVE ( 'NONE', #123, #1350, #4108, .T. ) ;
#3001 = CARTESIAN_POINT ( 'NONE',  ( -33.48878211330191590, 18.77671604099232994, 4.038732411676032363 ) ) ;
#3002 = ORIENTED_EDGE ( 'NONE', *, *, #997, .F. ) ;
#3003 = CARTESIAN_POINT ( 'NONE',  ( -2.041610139699418625, 30.25000000000000355, 5.733381140396396347 ) ) ;
#3004 = CIRCLE ( 'NONE', #1789, 23.99999999999999289 ) ;
#3005 = CARTESIAN_POINT ( 'NONE',  ( -31.66678036581814482, -13.74226023776752825, -16.12618819419738969 ) ) ;
#3006 = DIRECTION ( 'NONE',  ( 0.000000000000000000, 0.000000000000000000, -1.000000000000000000 ) ) ;
#3007 = CARTESIAN_POINT ( 'NONE',  ( 26.99083952736717507, 16.76481109056474850, 14.50942973988817997 ) ) ;
#3008 = CARTESIAN_POINT ( 'NONE',  ( -19.88979110488649837, 27.09894133504275260, 5.968882646965049332 ) ) ;
#3009 = CARTESIAN_POINT ( 'NONE',  ( 30.41370147056481343, 14.99976812462551301, 5.892018931821549899 ) ) ;
#3010 = EDGE_LOOP ( 'NONE', ( #709, #2814, #5953, #5975 ) ) ;
#3011 =( BOUNDED_SURFACE ( )  B_SPLINE_SURFACE ( 3, 2, ( 
 ( #1646, #182, #2721 ),
 ( #2267, #87, #5396 ),
 ( #3232, #4842, #6317 ),
 ( #3850, #6384, #1680 ),
 ( #1167, #147, #4365 ),
 ( #2161, #652, #6451 ),
 ( #2228, #4261, #1129 ),
 ( #1716, #5940, #4327 ) ),
 .UNSPECIFIED., .F., .F., .T. ) 
 B_SPLINE_SURFACE_WITH_KNOTS ( ( 4, 2, 2, 4 ),
 ( 3, 3 ),
 ( -3.563705591919535839E-05, 0.006192698582699859670, 0.009306866402009388028, 0.01242103422131891552 ),
 ( 0.000000000000000000, 1.000000000000000000 ),
 .UNSPECIFIED. ) 
 GEOMETRIC_REPRESENTATION_ITEM ( )  RATIONAL_B_SPLINE_SURFACE ( (
 ( 1.000000000000000000, 1.000000000000000000, 1.000000000000000000),
 ( 1.000000000000000000, 1.000000000000000000, 1.000000000000000000),
 ( 1.000000000000000000, 0.9975251995529734739, 1.000000000000000000),
 ( 1.000000000000000000, 0.9894975773029877075, 1.000000000000000000),
 ( 1.000000000000000000, 0.9860923716807190598, 1.000000000000000000),
 ( 1.000000000000000000, 0.9774705690642100375, 1.000000000000000000),
 ( 1.000000000000000000, 0.9722583237139630352, 1.000000000000000000),
 ( 1.000000000000000000, 0.9657594123133698139, 1.000000000000000000) ) ) 
 REPRESENTATION_ITEM ( '' )  SURFACE ( )  );
#3012 = CARTESIAN_POINT ( 'NONE',  ( -33.16234932786893097, -14.64183196376348839, -16.46949618684083205 ) ) ;
#3013 = CARTESIAN_POINT ( 'NONE',  ( -31.61364369056302692, -3.035359324046748686, 12.31353775867898293 ) ) ;
#3014 = CARTESIAN_POINT ( 'NONE',  ( 30.25031384334780427, -0.7151800261650682611, 12.14100385157050788 ) ) ;
#3015 = VECTOR ( 'NONE', #5447, 1000.000000000000000 ) ;
#3016 = EDGE_CURVE ( 'NONE', #2943, #46, #2548, .T. ) ;
#3017 = AXIS2_PLACEMENT_3D ( 'NONE', #4093, #3067, #6178 ) ;
#3018 = CARTESIAN_POINT ( 'NONE',  ( -32.04461197877839851, 13.02712462431734330, 7.025432079508671102 ) ) ;
#3019 = CARTESIAN_POINT ( 'NONE',  ( -33.24999999999999289, -11.03827046459005778, 0.4653326329044233378 ) ) ;
#3020 = CARTESIAN_POINT ( 'NONE',  ( 14.75000000000000888, 23.75000000000000355, -12.00000000000000000 ) ) ;
#3021 = CARTESIAN_POINT ( 'NONE',  ( -34.43056623237672653, 11.09525567450449834, -14.28756572115979928 ) ) ;
#3022 =( BOUNDED_SURFACE ( )  B_SPLINE_SURFACE ( 3, 2, ( 
 ( #2188, #3704, #6 ),
 ( #5903, #5252, #1193 ),
 ( #1711, #3156, #3740 ),
 ( #1639, #3815, #38 ),
 ( #6272, #2749, #4837 ),
 ( #4321, #2644, #5833 ),
 ( #2682, #5392, #1160 ),
 ( #679, #4219, #5799 ) ),
 .UNSPECIFIED., .F., .F., .F. ) 
 B_SPLINE_SURFACE_WITH_KNOTS ( ( 4, 2, 2, 4 ),
 ( 3, 3 ),
 ( -3.563705591723077728E-05, 0.006192698582701817306, 0.009306866402011341327, 0.01242103422132086535 ),
 ( 0.000000000000000000, 1.000000000000000000 ),
 .UNSPECIFIED. ) 
 GEOMETRIC_REPRESENTATION_ITEM ( )  RATIONAL_B_SPLINE_SURFACE ( (
 ( 1.000000000000000000, 1.000000000000000000, 1.000000000000000000),
 ( 1.000000000000000000, 1.000000000000000000, 1.000000000000000000),
 ( 1.000000000000000000, 0.9975251995530888260, 1.000000000000000000),
 ( 1.000000000000000000, 0.9894975773029301980, 1.000000000000000000),
 ( 1.000000000000000000, 0.9860923716806615502, 1.000000000000000000),
 ( 1.000000000000000000, 0.9774705690642677691, 1.000000000000000000),
 ( 1.000000000000000000, 0.9722583237139197365, 1.000000000000000000),
 ( 1.000000000000000000, 0.9657594123133697028, 1.000000000000000000) ) ) 
 REPRESENTATION_ITEM ( '' )  SURFACE ( )  );
#3023 = AXIS2_PLACEMENT_3D ( 'NONE', #4803, #2187, #6377 ) ;
#3024 = CARTESIAN_POINT ( 'NONE',  ( -32.40622562401012630, 10.67078234191807695, 7.130454868564774173 ) ) ;
#3025 = EDGE_CURVE ( 'NONE', #1402, #3641, #5254, .T. ) ;
#3026 = CARTESIAN_POINT ( 'NONE',  ( 2.464601683284048801E-15, 30.25000000000000000, 5.000000000000000000 ) ) ;
#3027 = CARTESIAN_POINT ( 'NONE',  ( -16.61271249982640441, -27.06394561512785302, 13.74360719311454204 ) ) ;
#3028 = ORIENTED_EDGE ( 'NONE', *, *, #821, .F. ) ;
#3029 = CARTESIAN_POINT ( 'NONE',  ( 24.01919932450486428, 20.77327802995880290, 14.56620759182929348 ) ) ;
#3030 = AXIS2_PLACEMENT_3D ( 'NONE', #1105, #4272, #3203 ) ;
#3031 = CARTESIAN_POINT ( 'NONE',  ( 21.37043399904843355, -29.08448404184355596, 3.598788454089414834 ) ) ;
#3032 = CARTESIAN_POINT ( 'NONE',  ( -8.722126509136696095E-15, -7.050867787425715072, -54.48917281467688412 ) ) ;
#3033 = CARTESIAN_POINT ( 'NONE',  ( 22.32785943031291254, -28.63757876168011762, -0.2465389324068457122 ) ) ;
#3034 = CARTESIAN_POINT ( 'NONE',  ( -23.92675919470040569, -25.63063813645364775, 7.013869330428643245 ) ) ;
#3035 = EDGE_CURVE ( 'NONE', #1649, #4098, #6620, .T. ) ;
#3036 = CARTESIAN_POINT ( 'NONE',  ( 12.12402541061341665, 31.75000000000000000, 2.154191468302071755 ) ) ;
#3037 = CARTESIAN_POINT ( 'NONE',  ( -33.24999999999999289, 9.591564683836164562, 0.7887280973505849113 ) ) ;
#3038 = CARTESIAN_POINT ( 'NONE',  ( 8.316766615612749943E-16, 30.25000000000000000, 4.999999999999999112 ) ) ;
#3039 = CARTESIAN_POINT ( 'NONE',  ( -33.35592388770415084, 19.09366670253727349, -0.5373110540567224147 ) ) ;
#3040 = ORIENTED_EDGE ( 'NONE', *, *, #5593, .F. ) ;
#3041 = CARTESIAN_POINT ( 'NONE',  ( -1.804331479086399792, 30.25000000000000355, 6.218762007465831410 ) ) ;
#3042 = DIRECTION ( 'NONE',  ( 1.051487022857843870E-15, -0.9559765314379583545, 0.2934431313557199217 ) ) ;
#3043 = CARTESIAN_POINT ( 'NONE',  ( 27.15973848038270333, -22.55474926025348381, 6.928556865362869743 ) ) ;
#3044 = CARTESIAN_POINT ( 'NONE',  ( 29.69636175706451198, 11.25004852065678485, 13.94470258691886855 ) ) ;
#3045 = CARTESIAN_POINT ( 'NONE',  ( -25.72233297960830001, 15.96206952386642897, 14.50890263055776686 ) ) ;
#3046 = B_SPLINE_CURVE_WITH_KNOTS ( 'NONE', 3,
 ( #301, #2247, #197, #230 ),
 .UNSPECIFIED., .F., .F.,
 ( 4, 4 ),
 ( 1.084202172485504434E-19, 0.002223539880700328708 ),
 .UNSPECIFIED. ) ;
#3047 = ORIENTED_EDGE ( 'NONE', *, *, #2398, .F. ) ;
#3048 = CARTESIAN_POINT ( 'NONE',  ( 28.47650621427844086, -10.23932241243386265, 9.308052455488477150 ) ) ;
#3049 =( BOUNDED_SURFACE ( )  B_SPLINE_SURFACE ( 3, 2, ( 
 ( #5657, #5172, #2561 ),
 ( #3054, #911, #5110 ),
 ( #2492, #6230, #498 ),
 ( #2597, #1974, #4694 ),
 ( #4050, #6772, #4563 ),
 ( #4017, #6641, #6096 ),
 ( #1947, #6129, #406 ),
 ( #3767, #4310, #1182 ) ),
 .UNSPECIFIED., .F., .F., .T. ) 
 B_SPLINE_SURFACE_WITH_KNOTS ( ( 4, 2, 2, 4 ),
 ( 3, 3 ),
 ( -3.563707374592947939E-05, 0.006191740903887276055, 0.009305429892703878311, 0.01241911888152048143 ),
 ( 0.000000000000000000, 1.000000000000000000 ),
 .UNSPECIFIED. ) 
 GEOMETRIC_REPRESENTATION_ITEM ( )  RATIONAL_B_SPLINE_SURFACE ( (
 ( 1.000000000000000000, 1.000000000000000000, 1.000000000000000000),
 ( 1.000000000000000000, 0.9999719249407879040, 1.000000000000000000),
 ( 1.000000000000000000, 0.9975259294853373593, 1.000000000000000000),
 ( 1.000000000000000000, 0.9895006360690672409, 1.000000000000000000),
 ( 1.000000000000000000, 0.9860966030941339389, 1.000000000000000000),
 ( 1.000000000000000000, 0.9774752146313646639, 1.000000000000000000),
 ( 1.000000000000000000, 0.9722623321140686503, 1.000000000000000000),
 ( 1.000000000000000000, 0.9657594123133692587, 1.000000000000000000) ) ) 
 REPRESENTATION_ITEM ( '' )  SURFACE ( )  );
#3050 = EDGE_LOOP ( 'NONE', ( #6295, #1783, #5263, #4965, #4902, #2470, #3602, #1618, #4456 ) ) ;
#3051 = CARTESIAN_POINT ( 'NONE',  ( -24.02583262436341727, 20.79283643064897547, 14.57247300165447612 ) ) ;
#3052 = CARTESIAN_POINT ( 'NONE',  ( 31.44266128850621200, -10.60597041864756918, 5.946198822176262055 ) ) ;
#3053 = CARTESIAN_POINT ( 'NONE',  ( -31.93621773226571037, -12.81096519409026513, 7.214348705376067095 ) ) ;
#3054 = CARTESIAN_POINT ( 'NONE',  ( 2.204441963956076389, 31.75000000000000000, 5.360374786859285479 ) ) ;
#3055 = CARTESIAN_POINT ( 'NONE',  ( 14.75000000000000888, -31.75000000000000000, 1.114006583038533060 ) ) ;
#3056 = CARTESIAN_POINT ( 'NONE',  ( -30.83684482141541849, 12.60757313389197698, 6.190387503597757579 ) ) ;
#3057 = CARTESIAN_POINT ( 'NONE',  ( -18.76462017946890626, 29.85546563597445413, 3.843760693278109208 ) ) ;
#3058 =( BOUNDED_SURFACE ( )  B_SPLINE_SURFACE ( 3, 2, ( 
 ( #2547, #425, #5606 ),
 ( #358, #6693, #1516 ),
 ( #3606, #834, #6183 ),
 ( #5029, #1897, #329 ),
 ( #899, #2413, #4514 ),
 ( #6594, #2445, #5196 ) ),
 .UNSPECIFIED., .F., .F., .T. ) 
 B_SPLINE_SURFACE_WITH_KNOTS ( ( 4, 2, 4 ),
 ( 3, 3 ),
 ( -1.925543058334255875E-16, 0.001111716428892168965, 0.002223432857784530484 ),
 ( 0.000000000000000000, 1.000000000000000000 ),
 .UNSPECIFIED. ) 
 GEOMETRIC_REPRESENTATION_ITEM ( )  RATIONAL_B_SPLINE_SURFACE ( (
 ( 1.000000000000000000, 0.9194434921897896018, 1.000000000000000000),
 ( 1.000000000000000000, 0.9229021562078930652, 1.000000000000000000),
 ( 1.000000000000000000, 0.9263158095359653732, 1.000000000000000000),
 ( 1.000000000000000000, 0.9330340061262960560, 1.000000000000000000),
 ( 1.000000000000000000, 0.9363382082413713725, 1.000000000000000000),
 ( 1.000000000000000000, 0.9395803750613921368, 1.000000000000000000) ) ) 
 REPRESENTATION_ITEM ( '' )  SURFACE ( )  );
#3059 = CARTESIAN_POINT ( 'NONE',  ( 30.18086204661723571, -15.21240247911635812, 6.011614107626766845 ) ) ;
#3060 = B_SPLINE_CURVE_WITH_KNOTS ( 'NONE', 3,
 ( #4932, #2287, #670, #4384, #5896, #1217, #1801, #6023, #306, #5486, #236, #4351, #1255, #3314 ),
 .UNSPECIFIED., .F., .F.,
 ( 4, 2, 2, 2, 2, 2, 4 ),
 ( -3.570220501359798790E-05, 0.0007958700078795914647, 0.001627442220772780911, 0.003290586646559159802, 0.006616875498131914550, 0.009943164349704670599, 0.01326945320127742751 ),
 .UNSPECIFIED. ) ;
#3061 = DIRECTION ( 'NONE',  ( 0.000000000000000000, 0.000000000000000000, 1.000000000000000000 ) ) ;
#3062 = CARTESIAN_POINT ( 'NONE',  ( -27.69381186326507560, -22.02940329887386639, 6.865088440359730981 ) ) ;
#3063 = CARTESIAN_POINT ( 'NONE',  ( 29.36386175835167833, 25.41858305383978234, 3.936825454589610196 ) ) ;
#3064 = CARTESIAN_POINT ( 'NONE',  ( 27.88011950651710080, 20.61980252907455480, -19.02287614716790998 ) ) ;
#3065 = CARTESIAN_POINT ( 'NONE',  ( 23.80847525557785360, -27.89222360999708883, -0.4107010894896635511 ) ) ;
#3066 = CARTESIAN_POINT ( 'NONE',  ( -20.92035993447971975, -27.60330123423268489, 7.151709066970674655 ) ) ;
#3067 = DIRECTION ( 'NONE',  ( 0.9650638603872353505, 0.000000000000000000, -0.2620147808320876237 ) ) ;
#3068 = CARTESIAN_POINT ( 'NONE',  ( 7.648177398358977364, 29.89477399490709431, 5.808880362167949230 ) ) ;
#3069 = B_SPLINE_CURVE_WITH_KNOTS ( 'NONE', 3,
 ( #5484, #2875, #3313, #6469, #636, #202 ),
 .UNSPECIFIED., .F., .F.,
 ( 4, 2, 4 ),
 ( 0.000000000000000000, 0.001412243528896019737, 0.002824487057792039475 ),
 .UNSPECIFIED. ) ;
#3070 = CARTESIAN_POINT ( 'NONE',  ( -33.14978142369918146, 19.61453538084961323, 4.009860865920737538 ) ) ;
#3071 = VERTEX_POINT ( 'NONE', #5106 ) ;
#3072 = CARTESIAN_POINT ( 'NONE',  ( -23.30435931074240230, 24.86013849952781740, 5.897139940057400942 ) ) ;
#3073 = DIRECTION ( 'NONE',  ( 0.000000000000000000, -0.2934431313557198662, -0.9559765314379582435 ) ) ;
#3074 = CARTESIAN_POINT ( 'NONE',  ( -19.56386081304081515, -25.03646337035321778, 14.25606118441936410 ) ) ;
#3075 = DIRECTION ( 'NONE',  ( 0.000000000000000000, 0.000000000000000000, -1.000000000000000000 ) ) ;
#3076 = CARTESIAN_POINT ( 'NONE',  ( 17.13452644477178666, 26.73660601293067174, 13.85321155682871641 ) ) ;
#3077 = CARTESIAN_POINT ( 'NONE',  ( -26.14018607779306791, 22.41667980711621055, 5.716997956119992175 ) ) ;
#3078 = CARTESIAN_POINT ( 'NONE',  ( 27.32189373443824820, 20.93352157450947004, 5.716457830732603718 ) ) ;
#3079 = ORIENTED_EDGE ( 'NONE', *, *, #2532, .T. ) ;
#3080 = CARTESIAN_POINT ( 'NONE',  ( -21.44911215838003926, 23.44178075257641325, 14.44791472770555707 ) ) ;
#3081 = CARTESIAN_POINT ( 'NONE',  ( -17.63964993285857830, -29.05197958286430904, 7.305211428378671989 ) ) ;
#3082 = CARTESIAN_POINT ( 'NONE',  ( -31.51648653325142391, 8.714107920128348894, 6.172312172301356981 ) ) ;
#3083 = ADVANCED_FACE ( 'NONE', ( #6604 ), #2078, .T. ) ;
#3084 = LINE ( 'NONE', #5175, #4021 ) ;
#3085 = ORIENTED_EDGE ( 'NONE', *, *, #3035, .T. ) ;
#3086 = CARTESIAN_POINT ( 'NONE',  ( -29.77880499906790845, -24.96262623515996637, -0.7151635429631345575 ) ) ;
#3087 = CARTESIAN_POINT ( 'NONE',  ( 28.50758524728101406, -20.79806631597468680, 6.934392253786887395 ) ) ;
#3088 = CARTESIAN_POINT ( 'NONE',  ( -34.74999999999999289, 10.32424625193627499, 0.6640423588173561820 ) ) ;
#3089 = CARTESIAN_POINT ( 'NONE',  ( -8.967818026455505631, -25.42084675358312396, -19.82473909342766660 ) ) ;
#3090 = CARTESIAN_POINT ( 'NONE',  ( 19.48175963572699843, 31.23153317925461536, 4.415231002301580610 ) ) ;
#3091 = CARTESIAN_POINT ( 'NONE',  ( 34.26889299532912503, 11.75000000000001776, -14.73244361786125722 ) ) ;
#3092 = CARTESIAN_POINT ( 'NONE',  ( -61.00000000000000000, 2.939152317953647106E-15, -124.8941410357254114 ) ) ;
#3093 = PRODUCT_RELATED_PRODUCT_CATEGORY ( 'detail', '', ( #3329 ) ) ;
#3094 = CARTESIAN_POINT ( 'NONE',  ( -30.85614282466538683, 12.54436073105658167, 6.205513396328908193 ) ) ;
#3095 = CARTESIAN_POINT ( 'NONE',  ( -30.57056255057967675, -24.00419216288984359, -0.7196649340111858084 ) ) ;
#3096 = CARTESIAN_POINT ( 'NONE',  ( 14.75000000000001243, -30.25000000000000000, 1.114006583038533060 ) ) ;
#3097 = CARTESIAN_POINT ( 'NONE',  ( 192.2911684466444058, 0.000000000000000000, -124.8941410357254966 ) ) ;
#3098 = CARTESIAN_POINT ( 'NONE',  ( -29.73280578398100005, 5.751666190019429692, 12.78622757407054600 ) ) ;
#3099 = CARTESIAN_POINT ( 'NONE',  ( -33.59406881423419122, 18.49238848375233246, 4.049423204811861687 ) ) ;
#3100 = EDGE_LOOP ( 'NONE', ( #2270, #139, #4193, #4478, #6018 ) ) ;
#3101 = CARTESIAN_POINT ( 'NONE',  ( -13.16524736330604917, 28.91172569106391776, 9.393790921786143500 ) ) ;
#3102 = FACE_OUTER_BOUND ( 'NONE', #1416, .T. ) ;
#3103 = TOROIDAL_SURFACE ( 'NONE', #6705, 12.00000000000000000, 6.500000000000000888 ) ;
#3104 = CARTESIAN_POINT ( 'NONE',  ( -13.34127993686209912, -28.83574077935236701, 12.80891320139958545 ) ) ;
#3105 = EDGE_CURVE ( 'NONE', #2139, #1719, #4356, .T. ) ;
#3106 = CARTESIAN_POINT ( 'NONE',  ( 15.84212076477620101, -25.22768425873367093, -19.86313690779829599 ) ) ;
#3107 = FACE_OUTER_BOUND ( 'NONE', #772, .T. ) ;
#3108 = CARTESIAN_POINT ( 'NONE',  ( -34.75000000000000711, -13.00498023550792759, 4.343069750164700871 ) ) ;
#3109 = CARTESIAN_POINT ( 'NONE',  ( 17.31684647589575476, 28.17793701510145610, 6.083151278329242295 ) ) ;
#3110 = ORIENTED_EDGE ( 'NONE', *, *, #5374, .T. ) ;
#3111 = CARTESIAN_POINT ( 'NONE',  ( -13.28434248770175685, -27.18309983699355215, 13.00219207130452936 ) ) ;
#3112 = EDGE_CURVE ( 'NONE', #6112, #3307, #2107, .T. ) ;
#3113 = CARTESIAN_POINT ( 'NONE',  ( -4.055517716115815574, -31.75000000000000000, 4.111726352711071897 ) ) ;
#3114 = CARTESIAN_POINT ( 'NONE',  ( -29.69060660570144350, 11.26531829084916936, 13.94724874354385413 ) ) ;
#3115 = CARTESIAN_POINT ( 'NONE',  ( 30.46665454190762645, -8.935628742514971634, 13.47218163977899508 ) ) ;
#3116 = CARTESIAN_POINT ( 'NONE',  ( 7.994364412360178029, -31.31740199377223277, 6.223046486034692570 ) ) ;
#3117 = TOROIDAL_SURFACE ( 'NONE', #378, 12.00000000000000000, 8.000000000000000000 ) ;
#3118 = ORIENTED_EDGE ( 'NONE', *, *, #5739, .F. ) ;
#3119 = CARTESIAN_POINT ( 'NONE',  ( -26.97050792476522219, -16.79791852812289932, 14.51107421320329394 ) ) ;
#3120 = CARTESIAN_POINT ( 'NONE',  ( 12.69817535312211731, 27.47921531022229402, 12.80377131626281795 ) ) ;
#3121 = DESIGN_CONTEXT ( 'detailed design', #5207, 'design' ) ;
#3122 = AXIS2_PLACEMENT_3D ( 'NONE', #1444, #2057, #11 ) ;
#3123 = CARTESIAN_POINT ( 'NONE',  ( -17.08679114557052259, -26.77193679506944335, 9.883419898882795707 ) ) ;
#3124 = CARTESIAN_POINT ( 'NONE',  ( 25.94677593325156195, 23.88188270469559882, 6.946126778412366143 ) ) ;
#3125 = CARTESIAN_POINT ( 'NONE',  ( 26.09307859797495865, 21.81302193570643411, -19.37287345599658295 ) ) ;
#3126 = B_SPLINE_CURVE_WITH_KNOTS ( 'NONE', 3,
 ( #4345, #1212, #1796, #2838, #4411, #1731 ),
 .UNSPECIFIED., .F., .F.,
 ( 4, 2, 4 ),
 ( 0.000000000000000000, 0.001413215967196229357, 0.002826431934392458715 ),
 .UNSPECIFIED. ) ;
#3127 = CARTESIAN_POINT ( 'NONE',  ( 14.75000000000000888, 30.25000000000000000, 5.000000000000000000 ) ) ;
#3128 = CARTESIAN_POINT ( 'NONE',  ( -20.48585353097118400, -29.37952549775910782, -0.007038711940382281172 ) ) ;
#3129 = CARTESIAN_POINT ( 'NONE',  ( -26.77518161411736841, -27.78561675500638017, -0.5942553891971568136 ) ) ;
#3130 = CARTESIAN_POINT ( 'NONE',  ( 29.21739661902141094, 17.61157571801423671, 5.876963852848065883 ) ) ;
#3131 = AXIS2_PLACEMENT_3D ( 'NONE', #3615, #2106, #3581 ) ;
#3132 = LINE ( 'NONE', #3162, #2238 ) ;
#3133 = LINE ( 'NONE', #5228, #467 ) ;
#3134 = CARTESIAN_POINT ( 'NONE',  ( 14.75000000000006040, 39.05764969887460580, 11.82629151725432948 ) ) ;
#3135 = ORIENTED_EDGE ( 'NONE', *, *, #4649, .T. ) ;
#3136 = CARTESIAN_POINT ( 'NONE',  ( -14.74999999999999645, -23.75000000000000000, -18.50000000000000355 ) ) ;
#3137 = CARTESIAN_POINT ( 'NONE',  ( -24.74999999999999289, 11.74999999999999289, 0.2546058388727097666 ) ) ;
#3138 = EDGE_LOOP ( 'NONE', ( #1044, #6322, #2776, #5544 ) ) ;
#3139 = CARTESIAN_POINT ( 'NONE',  ( 27.81089859951523380, -26.95608257786943085, -0.6543908444004361558 ) ) ;
#3140 = CARTESIAN_POINT ( 'NONE',  ( 33.25000000000000711, -7.096594077037829074, -12.00000000000000000 ) ) ;
#3141 = CARTESIAN_POINT ( 'NONE',  ( -33.24999999999999289, 11.04036685313883126, 0.4724322874106667292 ) ) ;
#3142 = CARTESIAN_POINT ( 'NONE',  ( -33.59384988021415808, -18.49287368300255707, 4.049408637757844431 ) ) ;
#3143 = LINE ( 'NONE', #2664, #2142 ) ;
#3144 = ORIENTED_EDGE ( 'NONE', *, *, #1013, .F. ) ;
#3145 = EDGE_CURVE ( 'NONE', #3761, #5028, #6475, .T. ) ;
#3146 = CARTESIAN_POINT ( 'NONE',  ( 8.101727358673505464, -31.75000000000000000, 3.181821116001979366 ) ) ;
#3147 = CARTESIAN_POINT ( 'NONE',  ( -17.13227358929334798, -30.10573198531385231, 0.5751048422187596820 ) ) ;
#3148 = CARTESIAN_POINT ( 'NONE',  ( -33.24999999999999289, -8.425209529379737106, 3.901368665458880169 ) ) ;
#3149 = CARTESIAN_POINT ( 'NONE',  ( -33.24999999999999289, 9.957630807191037547, 0.7264319640393185340 ) ) ;
#3150 = EDGE_LOOP ( 'NONE', ( #5981, #3511, #2511, #4270, #708, #4621, #6116, #5283, #4865 ) ) ;
#3151 = CARTESIAN_POINT ( 'NONE',  ( -14.83913326218178064, 29.99217393103231899, 7.245899930919997622 ) ) ;
#3152 = CARTESIAN_POINT ( 'NONE',  ( 27.72495099249477946, -21.88614722360097531, 6.924871203209707282 ) ) ;
#3153 = FACE_OUTER_BOUND ( 'NONE', #995, .T. ) ;
#3154 = CARTESIAN_POINT ( 'NONE',  ( -25.14476641057256501, 22.33908270586137945, -19.49985724189169289 ) ) ;
#3155 = CARTESIAN_POINT ( 'NONE',  ( 16.89352056713610395, 31.63722994512981046, 0.6592198968494129563 ) ) ;
#3156 = CARTESIAN_POINT ( 'NONE',  ( -4.243101958640849602, 31.74999999999283773, 4.915616690810600709 ) ) ;
#3157 = CARTESIAN_POINT ( 'NONE',  ( 34.74999999999956657, -8.476652026487519365, -12.47050447196234302 ) ) ;
#3158 = EDGE_CURVE ( 'NONE', #3734, #608, #1809, .T. ) ;
#3159 = CARTESIAN_POINT ( 'NONE',  ( -33.15702290092173854, -13.91023863760035617, 3.635144393656923434 ) ) ;
#3160 = CARTESIAN_POINT ( 'NONE',  ( -17.63964993285853211, -29.05197958286432325, 7.305211428378677319 ) ) ;
#3161 = CARTESIAN_POINT ( 'NONE',  ( 28.64284436276875567, 23.97980962995110943, 3.235532326803264080 ) ) ;
#3162 = CARTESIAN_POINT ( 'NONE',  ( -33.24999999999999289, -11.75000000000000000, -12.00000000000000000 ) ) ;
#3163 = CARTESIAN_POINT ( 'NONE',  ( 17.67053245241826076, -24.55938114934252781, 14.10480789327885276 ) ) ;
#3164 = EDGE_CURVE ( 'NONE', #46, #5003, #3785, .T. ) ;
#3165 = DIRECTION ( 'NONE',  ( 1.000000000000000000, -1.836970198721029688E-16, -0.000000000000000000 ) ) ;
#3166 = EDGE_LOOP ( 'NONE', ( #5899, #5337, #4913, #3278 ) ) ;
#3167 = CARTESIAN_POINT ( 'NONE',  ( -18.13815673150428509, 26.06622405496264250, 14.03916405345564478 ) ) ;
#3168 = CARTESIAN_POINT ( 'NONE',  ( 27.16973153805189511, 22.56440447243890191, 6.926591394047638239 ) ) ;
#3169 = CARTESIAN_POINT ( 'NONE',  ( -2.177931810462312434, -30.25000000000000000, 5.239646471249897353 ) ) ;
#3170 = ORIENTED_EDGE ( 'NONE', *, *, #5491, .F. ) ;
#3171 = CARTESIAN_POINT ( 'NONE',  ( 16.42012677307777224, -31.75000000000000000, 4.692328251775125914 ) ) ;
#3172 = DIRECTION ( 'NONE',  ( 0.000000000000000000, 0.000000000000000000, 1.000000000000000000 ) ) ;
#3173 = CARTESIAN_POINT ( 'NONE',  ( -8.101681429652277444, -30.25000000000000000, 3.181831977695484426 ) ) ;
#3174 = CARTESIAN_POINT ( 'NONE',  ( -11.21706586826347340, -29.70252402249746382, 11.82629151725428152 ) ) ;
#3175 = CARTESIAN_POINT ( 'NONE',  ( 12.24548666401136998, 27.68765504248731801, 8.855512821725088912 ) ) ;
#3176 = ORIENTED_EDGE ( 'NONE', *, *, #81, .F. ) ;
#3177 = CARTESIAN_POINT ( 'NONE',  ( -12.70910520086010820, -27.47588346295661665, 8.951580226357300774 ) ) ;
#3178 = CARTESIAN_POINT ( 'NONE',  ( 8.443343453305588131E-15, -16.68904750348734822, -35.57956054788916589 ) ) ;
#3179 = CARTESIAN_POINT ( 'NONE',  ( 33.25000000000000000, 8.005386317502731330, 1.058659578723240013 ) ) ;
#3180 = CARTESIAN_POINT ( 'NONE',  ( 2.984864702569282510E-14, 11.47226593404646522, -45.06529925670832881 ) ) ;
#3181 = CARTESIAN_POINT ( 'NONE',  ( 28.20901148417019755, -14.62245985226469713, 14.36711891095837146 ) ) ;
#3182 = ORIENTED_EDGE ( 'NONE', *, *, #3164, .F. ) ;
#3183 = CARTESIAN_POINT ( 'NONE',  ( 2.027706192702730892, 30.24999999999999645, 4.555639384455491658 ) ) ;
#3184 = CARTESIAN_POINT ( 'NONE',  ( 25.94685433675779507, -23.88136067013008557, 6.946164093307849896 ) ) ;
#3185 = DIRECTION ( 'NONE',  ( 0.000000000000000000, -1.000000000000000000, 0.000000000000000000 ) ) ;
#3186 = CARTESIAN_POINT ( 'NONE',  ( -3.769551535033929035, -31.58270818647217126, 7.426381034623422472 ) ) ;
#3187 = DIRECTION ( 'NONE',  ( -1.000000000000000000, 0.000000000000000000, 0.000000000000000000 ) ) ;
#3188 = LINE ( 'NONE', #1122, #4231 ) ;
#3189 = CARTESIAN_POINT ( 'NONE',  ( 34.75000000000000711, -11.75000000000000000, 5.000000000000000000 ) ) ;
#3190 = CARTESIAN_POINT ( 'NONE',  ( -22.71776398878812842, -28.45754621088008207, -0.2925765666231684992 ) ) ;
#3191 = DIRECTION ( 'NONE',  ( 1.000000000000000000, 0.000000000000000000, 0.000000000000000000 ) ) ;
#3192 = CARTESIAN_POINT ( 'NONE',  ( 22.87471458427776128, 28.39761743510100089, 3.487537651182187393 ) ) ;
#3193 = CARTESIAN_POINT ( 'NONE',  ( -17.20620244292974732, -27.95668264543467529, 6.376530701577658000 ) ) ;
#3194 = ORIENTED_EDGE ( 'NONE', *, *, #4649, .F. ) ;
#3195 = CARTESIAN_POINT ( 'NONE',  ( 26.86374741779078335, -13.95657237912796589, 14.36948656024190107 ) ) ;
#3196 = CARTESIAN_POINT ( 'NONE',  ( -31.20560196105738981, 6.043988982403344146, 12.78787489499734775 ) ) ;
#3197 = EDGE_LOOP ( 'NONE', ( #5520, #2602 ) ) ;
#3198 = CARTESIAN_POINT ( 'NONE',  ( 12.72231514984755307, -30.25000000000000000, 4.357837398283378683 ) ) ;
#3199 = FACE_OUTER_BOUND ( 'NONE', #4366, .T. ) ;
#3200 = CARTESIAN_POINT ( 'NONE',  ( -12.72231514984777512, -30.24999999999998934, 4.357837398283397334 ) ) ;
#3201 = ORIENTED_EDGE ( 'NONE', *, *, #3347, .F. ) ;
#3202 = CARTESIAN_POINT ( 'NONE',  ( 15.96504477381926712, -31.72273242198048138, 0.8425422415762438000 ) ) ;
#3203 = DIRECTION ( 'NONE',  ( 0.3748062816633058181, 0.000000000000000000, 0.9271031502620011855 ) ) ;
#3204 = CARTESIAN_POINT ( 'NONE',  ( -4.055517716115817350, -30.25000000000000355, 4.111726352711071897 ) ) ;
#3205 = CARTESIAN_POINT ( 'NONE',  ( 11.50000000000001066, 3.122849337825749828E-15, -214.9999999999998863 ) ) ;
#3206 = CARTESIAN_POINT ( 'NONE',  ( 11.20700557709481338, 28.10292416979402219, 12.11636823319650880 ) ) ;
#3207 = ORIENTED_EDGE ( 'NONE', *, *, #6584, .F. ) ;
#3208 = AXIS2_PLACEMENT_3D ( 'NONE', #510, #1162, #3262 ) ;
#3209 = FACE_OUTER_BOUND ( 'NONE', #1867, .T. ) ;
#3210 = EDGE_CURVE ( 'NONE', #2099, #5400, #2625, .T. ) ;
#3211 = CARTESIAN_POINT ( 'NONE',  ( -31.49232716669031973, 4.129630519535542277, 9.397878814054280383 ) ) ;
#3212 = CARTESIAN_POINT ( 'NONE',  ( 31.74921429305845777, 1.678888026337307160, 9.283131629178994260 ) ) ;
#3213 = CARTESIAN_POINT ( 'NONE',  ( -29.79013346094077264, -22.53945286765698697, -0.7147546519280277844 ) ) ;
#3214 = CARTESIAN_POINT ( 'NONE',  ( -14.32286504219297285, 31.75000000000000000, 1.313365277743713699 ) ) ;
#3215 = CIRCLE ( 'NONE', #48, 11.50000000000000000 ) ;
#3216 = CARTESIAN_POINT ( 'NONE',  ( -1.202303826373635698E-14, 16.66889757149066043, -35.62579487093194075 ) ) ;
#3217 = CARTESIAN_POINT ( 'NONE',  ( 20.10857697288672696, -24.57813000654650537, 14.31235530858917926 ) ) ;
#3218 = ORIENTED_EDGE ( 'NONE', *, *, #4112, .F. ) ;
#3219 = DIRECTION ( 'NONE',  ( 0.000000000000000000, 0.000000000000000000, -1.000000000000000000 ) ) ;
#3220 = B_SPLINE_CURVE_WITH_KNOTS ( 'NONE', 3,
 ( #1168, #5007, #4016, #1199, #685, #5398, #1363, #6606, #3982, #2230, #4877, #4843, #1910, #1398, #4494, #149, #6385, #2269, #4367, #6453, #339, #1755, #5942, #312, #2393, #1232, #3333, #810 ),
 .UNSPECIFIED., .F., .F.,
 ( 4, 2, 2, 2, 2, 2, 2, 2, 2, 2, 2, 2, 2, 4 ),
 ( 0.000000000000000000, 0.001834515603278530534, 0.003669031206557061067, 0.007338062413114110859, 0.009172578016392636188, 0.01100709361967116065, 0.01467612482622821825, 0.01651064042950674618, 0.01834515603278527238, 0.02201418723934233171, 0.02384870284262086484, 0.02568321844589939451, 0.02751773404917792071, 0.02935224965245644344 ),
 .UNSPECIFIED. ) ;
#3221 = DIRECTION ( 'NONE',  ( -0.000000000000000000, -0.000000000000000000, -1.000000000000000000 ) ) ;
#3222 = CARTESIAN_POINT ( 'NONE',  ( 13.43701270530673497, 30.40382484943732067, 6.990241492778180188 ) ) ;
#3223 = AXIS2_PLACEMENT_3D ( 'NONE', #720, #1337, #6067 ) ;
#3224 = CARTESIAN_POINT ( 'NONE',  ( -30.32858612842251134, 18.54448942792861033, -18.28881167786584427 ) ) ;
#3225 = CARTESIAN_POINT ( 'NONE',  ( 27.15770147606114548, 27.48863139116249243, 3.985192965707229806 ) ) ;
#3226 = CARTESIAN_POINT ( 'NONE',  ( 30.46320033401695682, -15.62409139176613415, -16.98501816613642390 ) ) ;
#3227 = DIRECTION ( 'NONE',  ( -0.9650638603872344623, 3.034303317825564270E-18, -0.2620147808320905658 ) ) ;
#3228 = CARTESIAN_POINT ( 'NONE',  ( -26.96937618737729281, -21.26032068676949294, 5.779922765439921228 ) ) ;
#3229 = ADVANCED_FACE ( 'NONE', ( #2283 ), #3979, .F. ) ;
#3230 = CARTESIAN_POINT ( 'NONE',  ( -12.82789569206560998, -31.75000000000000000, 4.746716091809519256 ) ) ;
#3231 = CARTESIAN_POINT ( 'NONE',  ( 19.18987556050621279, 27.21976022193873845, 6.201523968416006838 ) ) ;
#3232 = CARTESIAN_POINT ( 'NONE',  ( 4.056089166219349451, -30.25000000000000000, 4.111601362675018301 ) ) ;
#3233 = CARTESIAN_POINT ( 'NONE',  ( 192.2911684466444058, 0.000000000000000000, -124.8941410357254966 ) ) ;
#3234 = AXIS2_PLACEMENT_3D ( 'NONE', #635, #2210, #533 ) ;
#3235 = CARTESIAN_POINT ( 'NONE',  ( -17.63964993285752314, 29.05197958286468918, 7.305211428378719951 ) ) ;
#3236 = ORIENTED_EDGE ( 'NONE', *, *, #637, .T. ) ;
#3237 = DIRECTION ( 'NONE',  ( 1.000000000000000000, 0.000000000000000000, 0.000000000000000000 ) ) ;
#3238 = EDGE_CURVE ( 'NONE', #4490, #4876, #4555, .T. ) ;
#3239 = AXIS2_PLACEMENT_3D ( 'NONE', #5235, #5271, #6253 ) ;
#3240 = FACE_OUTER_BOUND ( 'NONE', #1825, .T. ) ;
#3241 = CARTESIAN_POINT ( 'NONE',  ( -14.74999999999998579, -23.74530653910392175, -18.49999830549399604 ) ) ;
#3242 = VERTEX_POINT ( 'NONE', #1109 ) ;
#3243 = CARTESIAN_POINT ( 'NONE',  ( 27.15761804246620059, -27.48869671045643415, 3.985195705849663206 ) ) ;
#3244 = CARTESIAN_POINT ( 'NONE',  ( 14.74999999999971578, 25.33714599355027985, -19.84098001496989738 ) ) ;
#3245 = CARTESIAN_POINT ( 'NONE',  ( 14.02779616982662425, 30.36667044591639453, 6.905038899004916964 ) ) ;
#3246 = CARTESIAN_POINT ( 'NONE',  ( -33.24999999999999289, -11.75000000000000000, -12.00000000000000000 ) ) ;
#3247 = CARTESIAN_POINT ( 'NONE',  ( 30.62139770061265409, 13.55358200708955607, 6.130299924250989463 ) ) ;
#3248 = ORIENTED_EDGE ( 'NONE', *, *, #3951, .T. ) ;
#3249 = ADVANCED_FACE ( 'NONE', ( #2176 ), #198, .T. ) ;
#3250 = CARTESIAN_POINT ( 'NONE',  ( -31.63900676533047829, -3.047555846428873227, 12.29120925965086464 ) ) ;
#3251 = CARTESIAN_POINT ( 'NONE',  ( -2.269097379977261686E-15, -20.35715327491227811, -25.49908213220734154 ) ) ;
#3252 = DIRECTION ( 'NONE',  ( 0.000000000000000000, -0.1677653266206177995, -0.9858269600613880357 ) ) ;
#3253 = CARTESIAN_POINT ( 'NONE',  ( 14.75000000000000888, -31.75000000000000000, 5.000000000000000000 ) ) ;
#3254 = CARTESIAN_POINT ( 'NONE',  ( 2.306841934844668263, -31.75000000000000355, 5.374679618035167472 ) ) ;
#3255 = ORIENTED_EDGE ( 'NONE', *, *, #1517, .F. ) ;
#3256 = CARTESIAN_POINT ( 'NONE',  ( -29.33248722888721716, 25.45363933514862254, -0.7063868955740650879 ) ) ;
#3257 = CARTESIAN_POINT ( 'NONE',  ( 2.250448549290774203, 31.72355758466186160, 5.367905899797574598 ) ) ;
#3258 = CARTESIAN_POINT ( 'NONE',  ( -16.24094504831284524, -29.54105652492194523, 7.336288839237614212 ) ) ;
#3259 = CARTESIAN_POINT ( 'NONE',  ( -4.550301600446105432, -30.15392196928952728, 5.495145488263781353 ) ) ;
#3260 = DIRECTION ( 'NONE',  ( 1.000000000000000000, 0.000000000000000000, 0.000000000000000000 ) ) ;
#3261 = EDGE_CURVE ( 'NONE', #608, #2099, #4548, .T. ) ;
#3262 = DIRECTION ( 'NONE',  ( 0.000000000000000000, 0.000000000000000000, -1.000000000000000000 ) ) ;
#3263 = CARTESIAN_POINT ( 'NONE',  ( -29.70890984633140874, -22.64956650929892490, 3.234831404854283665 ) ) ;
#3264 = CARTESIAN_POINT ( 'NONE',  ( -34.74999999999999289, -3.470444461300823402, -9.765961416711762766 ) ) ;
#3265 = CARTESIAN_POINT ( 'NONE',  ( 31.07014338154078459, -11.53002042287113760, 6.231968066082869129 ) ) ;
#3266 = CARTESIAN_POINT ( 'NONE',  ( -22.15778990628609435, 21.77277278315010633, -18.48495595086874488 ) ) ;
#3267 = DIRECTION ( 'NONE',  ( -0.000000000000000000, -1.000000000000000000, 0.000000000000000000 ) ) ;
#3268 = CARTESIAN_POINT ( 'NONE',  ( -19.08288960389741362, 28.48128145579125103, 7.239738043090919284 ) ) ;
#3269 =( BOUNDED_SURFACE ( )  B_SPLINE_SURFACE ( 3, 2, ( 
 ( #752, #6551, #4502 ),
 ( #4024, #6068, #1406 ),
 ( #2330, #3923, #888 ),
 ( #6035, #5564, #3399 ),
 ( #1338, #6519, #2957 ),
 ( #3466, #5047, #1848 ),
 ( #1884, #3990, #1374 ),
 ( #6005, #251, #855 ) ),
 .UNSPECIFIED., .F., .F., .F. ) 
 B_SPLINE_SURFACE_WITH_KNOTS ( ( 4, 2, 2, 4 ),
 ( 3, 3 ),
 ( 0.03332163778764040546, 0.03747841449120205282, 0.04163519119476370711, 0.04994874460188700183 ),
 ( 0.000000000000000000, 0.6925434736349465048 ),
 .UNSPECIFIED. ) 
 GEOMETRIC_REPRESENTATION_ITEM ( )  RATIONAL_B_SPLINE_SURFACE ( (
 ( 1.000000000000000000, 0.9428703175352474153, 0.9648702125540973285),
 ( 1.000000000000000000, 0.9523821864501544887, 0.9707191849057315025),
 ( 1.000000000000000000, 0.9607324626218700647, 0.9758538787176205265),
 ( 1.000000000000000000, 0.9751024541164180492, 0.9846901740552387317),
 ( 1.000000000000000000, 0.9810442260405245474, 0.9883438471677170600),
 ( 1.000000000000000000, 0.9952660517971191334, 0.9970890334591002713),
 ( 1.000000000000000000, 0.9999818985461542686, 0.9999888691797569340),
 ( 1.000000000000000000, 1.000000000000000000, 1.000000000000000000) ) ) 
 REPRESENTATION_ITEM ( '' )  SURFACE ( )  );
#3270 = ORIENTED_EDGE ( 'NONE', *, *, #3287, .T. ) ;
#3271 = DIRECTION ( 'NONE',  ( 0.000000000000000000, -0.000000000000000000, 1.000000000000000000 ) ) ;
#3272 = CARTESIAN_POINT ( 'NONE',  ( 29.23491462346911263, 17.60795719453708941, 5.874918485947299374 ) ) ;
#3273 = ORIENTED_EDGE ( 'NONE', *, *, #1890, .T. ) ;
#3274 = CARTESIAN_POINT ( 'NONE',  ( 31.97490935973575077, -1.763119858144739593, 6.083451109142916202 ) ) ;
#3275 = CARTESIAN_POINT ( 'NONE',  ( -13.24006461110266564, -29.10575112202171866, 6.264833989106761258 ) ) ;
#3276 = CARTESIAN_POINT ( 'NONE',  ( -26.75000000000000000, -11.75000000000000000, -12.00000000000000000 ) ) ;
#3277 = CARTESIAN_POINT ( 'NONE',  ( -34.75000000000000711, 12.56567594155631262, 4.369468030159071148 ) ) ;
#3278 = ORIENTED_EDGE ( 'NONE', *, *, #3450, .T. ) ;
#3279 = CARTESIAN_POINT ( 'NONE',  ( 31.53063951737838977, -3.801093315869199962, 12.41555608676099531 ) ) ;
#3280 = CARTESIAN_POINT ( 'NONE',  ( 33.25000000000000711, 3.210863276645634645, 1.535482916122691721 ) ) ;
#3281 = CARTESIAN_POINT ( 'NONE',  ( 14.75000000000000888, -11.75000000000000000, -18.50000000000000000 ) ) ;
#3282 = VERTEX_POINT ( 'NONE', #133 ) ;
#3283 = VERTEX_POINT ( 'NONE', #3478 ) ;
#3284 = ORIENTED_EDGE ( 'NONE', *, *, #707, .T. ) ;
#3285 = CARTESIAN_POINT ( 'NONE',  ( -19.89766316764966447, 31.12009082254561321, 0.1399245099570206319 ) ) ;
#3286 = CARTESIAN_POINT ( 'NONE',  ( 33.70243907817931017, 18.17128706111898140, -0.4731940174746046002 ) ) ;
#3287 = EDGE_CURVE ( 'NONE', #730, #4490, #3938, .T. ) ;
#3288 = CARTESIAN_POINT ( 'NONE',  ( -13.43701270530672254, -30.40382484943732067, 6.990241492778177523 ) ) ;
#3289 = CARTESIAN_POINT ( 'NONE',  ( 14.93818488005112322, 28.02266817509251950, 13.31676972172911810 ) ) ;
#3290 = CARTESIAN_POINT ( 'NONE',  ( -31.21462944436357034, 20.26657778662740128, 3.277809079497024491 ) ) ;
#3291 = CARTESIAN_POINT ( 'NONE',  ( 28.43340734845123663, -19.12827113991357919, 5.814905140663447547 ) ) ;
#3292 = CARTESIAN_POINT ( 'NONE',  ( 28.16334355766645103, 24.50616810945667368, -0.7044077686493143142 ) ) ;
#3293 = EDGE_CURVE ( 'NONE', #4432, #2428, #1309, .T. ) ;
#3294 = CARTESIAN_POINT ( 'NONE',  ( -21.26241954153865166, 22.12939098324198284, -18.49625998676655669 ) ) ;
#3295 = ORIENTED_EDGE ( 'NONE', *, *, #4267, .T. ) ;
#3296 = CARTESIAN_POINT ( 'NONE',  ( -33.24999999999999289, -11.75000000000000000, 0.2546058388728190680 ) ) ;
#3297 = CARTESIAN_POINT ( 'NONE',  ( -14.74999999999918643, 21.75000000000000000, 1.114006583038916531 ) ) ;
#3298 = EDGE_LOOP ( 'NONE', ( #975, #3028, #3874, #2787 ) ) ;
#3299 = CARTESIAN_POINT ( 'NONE',  ( 30.62139770061260791, 13.55358200708946015, 6.130299924250560473 ) ) ;
#3300 = CARTESIAN_POINT ( 'NONE',  ( 28.43146283618020931, 19.13186494948526928, 5.814770253492670626 ) ) ;
#3301 = VERTEX_POINT ( 'NONE', #4551 ) ;
#3302 = CARTESIAN_POINT ( 'NONE',  ( -25.69349518460743198, -16.00893878365434730, 14.51132439715064315 ) ) ;
#3303 = B_SPLINE_CURVE_WITH_KNOTS ( 'NONE', 3,
 ( #1668, #6268, #4800, #2116, #1563, #1, #3662, #5764, #574, #984, #3184, #5725, #3152, #3087, #4147, #5248, #539, #2639, #6307, #2152 ),
 .UNSPECIFIED., .F., .F.,
 ( 4, 2, 2, 2, 2, 2, 2, 2, 2, 4 ),
 ( 0.000000000000000000, 0.002675238386568248253, 0.005350476773136496507, 0.006688095966420622152, 0.008025715159704748664, 0.01070095354627300169, 0.01337619193284125471, 0.01471381112612538469, 0.01605143031940951120, 0.02140190709254601378 ),
 .UNSPECIFIED. ) ;
#3304 = CARTESIAN_POINT ( 'NONE',  ( -34.74999999999999289, -3.210863276645635089, 1.535482916122691943 ) ) ;
#3305 = PERSON_AND_ORGANIZATION ( #1161, #4427 ) ;
#3306 = LINE ( 'NONE', #4343, #283 ) ;
#3307 = VERTEX_POINT ( 'NONE', #6534 ) ;
#3308 = CARTESIAN_POINT ( 'NONE',  ( -11.79889898910066037, 27.87939746262151886, 8.684060145591384838 ) ) ;
#3309 = EDGE_CURVE ( 'NONE', #5341, #5320, #3339, .T. ) ;
#3310 = CARTESIAN_POINT ( 'NONE',  ( -33.19599916386684413, -3.696784790180225766, 6.877016156600509689 ) ) ;
#3311 = CARTESIAN_POINT ( 'NONE',  ( -30.62139770061250843, 13.55358200708972660, 6.130299924250572019 ) ) ;
#3312 = CARTESIAN_POINT ( 'NONE',  ( -10.68712574850298225, 28.29925517104089039, 11.82629151725427441 ) ) ;
#3313 = CARTESIAN_POINT ( 'NONE',  ( 13.02161936878528259, 31.75000000000000000, 1.863682099810864079 ) ) ;
#3314 = CARTESIAN_POINT ( 'NONE',  ( -11.21706586826346275, 29.70252402249745671, 11.82629151725428329 ) ) ;
#3315 = CARTESIAN_POINT ( 'NONE',  ( 30.28488449438137664, -9.555386501440150226, 9.812360613712913349 ) ) ;
#3316 = ORIENTED_EDGE ( 'NONE', *, *, #3425, .T. ) ;
#3317 = ORIENTED_EDGE ( 'NONE', *, *, #1135, .T. ) ;
#3318 = DIRECTION ( 'NONE',  ( 0.000000000000000000, 0.000000000000000000, -1.000000000000000000 ) ) ;
#3319 = EDGE_CURVE ( 'NONE', #1033, #5092, #6076, .T. ) ;
#3320 = CARTESIAN_POINT ( 'NONE',  ( 33.25000000000000711, -3.355170227375648295, 4.010311910401529900 ) ) ;
#3321 = AXIS2_PLACEMENT_3D ( 'NONE', #6321, #5841, #13 ) ;
#3322 = CARTESIAN_POINT ( 'NONE',  ( -31.14839775102788622, 15.60171360136995844, 7.090679724254112415 ) ) ;
#3323 = CARTESIAN_POINT ( 'NONE',  ( 30.62139770061252264, -13.55358200708972483, 6.130299924250567578 ) ) ;
#3324 = CARTESIAN_POINT ( 'NONE',  ( 10.12049021318308206, -30.24999999999999645, 2.698151155522609645 ) ) ;
#3325 = CARTESIAN_POINT ( 'NONE',  ( -27.98052491963193233, 19.86498547118546298, 5.794901521015717982 ) ) ;
#3326 = CIRCLE ( 'NONE', #371, 8.500000000000001776 ) ;
#3327 =( BOUNDED_SURFACE ( )  B_SPLINE_SURFACE ( 3, 2, ( 
 ( #5211, #1528, #1112 ),
 ( #5318, #3148, #5243 ),
 ( #605, #1081, #5823 ),
 ( #4727, #29, #2110 ),
 ( #2043, #6231, #3585 ),
 ( #2707, #569, #4795 ),
 ( #4209, #2670, #4759 ),
 ( #71, #4110, #6198 ),
 ( #3082, #1497, #5690 ),
 ( #5173, #466, #2562 ) ),
 .UNSPECIFIED., .F., .F., .F. ) 
 B_SPLINE_SURFACE_WITH_KNOTS ( ( 4, 2, 2, 2, 4 ),
 ( 3, 3 ),
 ( 0.006629677831291982786, 0.01142453572708015952, 0.01621939362286833539, 0.02101425151865651125, 0.02580910941444468712 ),
 ( 0.000000000000000000, 1.000000000000000000 ),
 .UNSPECIFIED. ) 
 GEOMETRIC_REPRESENTATION_ITEM ( )  RATIONAL_B_SPLINE_SURFACE ( (
 ( 1.000000000000000000, 0.9395803750613923588, 1.000000000000000000),
 ( 1.000000000000000000, 0.9475777910673887083, 1.000000000000000000),
 ( 1.000000000000000000, 0.9529662349993012205, 1.000000000000000000),
 ( 1.000000000000000000, 0.9600675254244567247, 1.000000000000000000),
 ( 1.000000000000000000, 0.9617636917940740604, 1.000000000000000000),
 ( 1.000000000000000000, 0.9617746879723610975, 1.000000000000000000),
 ( 1.000000000000000000, 0.9601004405319982782, 1.000000000000000000),
 ( 1.000000000000000000, 0.9530276905311182434, 1.000000000000000000),
 ( 1.000000000000000000, 0.9476416231482188701, 1.000000000000000000),
 ( 1.000000000000000000, 0.9395803750613922478, 1.000000000000000000) ) ) 
 REPRESENTATION_ITEM ( '' )  SURFACE ( )  );
#3328 = CARTESIAN_POINT ( 'NONE',  ( 19.44088592647624480, 22.75847125999398557, -18.50130038376230246 ) ) ;
#3329 = PRODUCT ( '79-8567 - 63.5mm Y-r\X2\00f6\X0\r', '79-8567 - 63.5mm Y-r\X2\00f6\X0\r', '', ( #3863 ) ) ;
#3330 = DIRECTION ( 'NONE',  ( 0.000000000000000000, 0.000000000000000000, 1.000000000000000000 ) ) ;
#3331 = CARTESIAN_POINT ( 'NONE',  ( -16.54984152971608324, 28.16500225335767027, 6.437182505938035426 ) ) ;
#3332 = EDGE_LOOP ( 'NONE', ( #6124, #1791, #3890, #3660, #4715, #4065, #5268, #6341, #2477 ) ) ;
#3333 = CARTESIAN_POINT ( 'NONE',  ( 33.25000000000000711, 12.35556410295638052, 0.1541291969036964749 ) ) ;
#3334 = DIRECTION ( 'NONE',  ( -0.9061595253463683441, 7.366813167069210901E-14, -0.4229360644637018551 ) ) ;
#3335 = VECTOR ( 'NONE', #2118, 1000.000000000000000 ) ;
#3336 = EDGE_CURVE ( 'NONE', #2978, #5908, #2959, .T. ) ;
#3337 = ORIENTED_EDGE ( 'NONE', *, *, #1741, .T. ) ;
#3338 = CARTESIAN_POINT ( 'NONE',  ( -5.655811721308958853E-15, 7.075110585118227213, -54.44716356726119955 ) ) ;
#3339 = CIRCLE ( 'NONE', #488, 23.99999999999999289 ) ;
#3340 = CARTESIAN_POINT ( 'NONE',  ( 34.26889299532912503, 11.75000000000001776, -14.73244361786125722 ) ) ;
#3341 = CARTESIAN_POINT ( 'NONE',  ( 30.42650814367807044, 14.39145537348457893, 6.067856368466415518 ) ) ;
#3342 = ORIENTED_EDGE ( 'NONE', *, *, #6517, .F. ) ;
#3343 = CARTESIAN_POINT ( 'NONE',  ( 34.75000000000000000, -11.74999999999998579, 0.2546058388727123756 ) ) ;
#3344 = CARTESIAN_POINT ( 'NONE',  ( -31.75000000000000000, 2.031979488074577363E-11, 12.14142842854283444 ) ) ;
#3345 = CARTESIAN_POINT ( 'NONE',  ( -26.43897066861031675, -21.93125311981296122, 5.779340293150522001 ) ) ;
#3346 = AXIS2_PLACEMENT_3D ( 'NONE', #3857, #5339, #189 ) ;
#3347 = EDGE_CURVE ( 'NONE', #2246, #6357, #2535, .T. ) ;
#3348 = VERTEX_POINT ( 'NONE', #2513 ) ;
#3349 = CARTESIAN_POINT ( 'NONE',  ( 34.75000000000000711, 9.591564683836155680, 0.7887280973505728099 ) ) ;
#3350 = CARTESIAN_POINT ( 'NONE',  ( -30.88855136470294838, 7.497141857839907608, 13.12431025482248792 ) ) ;
#3351 = AXIS2_PLACEMENT_3D ( 'NONE', #2536, #988, #4672 ) ;
#3352 = CARTESIAN_POINT ( 'NONE',  ( -5.305351444008370931E-15, -9.843015607887917184, -47.20088555204957714 ) ) ;
#3353 = CARTESIAN_POINT ( 'NONE',  ( 11.04904060988106274, 29.48149841275789029, 6.110865185194601423 ) ) ;
#3354 = CARTESIAN_POINT ( 'NONE',  ( 14.74999999999971578, 25.33714599355027985, -19.84098001496989738 ) ) ;
#3355 = CARTESIAN_POINT ( 'NONE',  ( 14.17728982903008372, -25.39454793194697757, -19.82936089894429443 ) ) ;
#3356 = CARTESIAN_POINT ( 'NONE',  ( 17.30965757604070987, -28.19862730756986835, 6.088607928037708561 ) ) ;
#3357 = ORIENTED_EDGE ( 'NONE', *, *, #5015, .F. ) ;
#3358 = AXIS2_PLACEMENT_3D ( 'NONE', #4305, #528, #3723 ) ;
#3359 = CARTESIAN_POINT ( 'NONE',  ( -31.01361389782129763, 23.40888571351045755, -0.7147100298949746744 ) ) ;
#3360 = CARTESIAN_POINT ( 'NONE',  ( -16.05591679316570719, 28.31596894574186152, 6.463633830503026090 ) ) ;
#3361 = CARTESIAN_POINT ( 'NONE',  ( 24.81879746464113268, -19.84066003422993063, 14.58082025111810154 ) ) ;
#3362 = CARTESIAN_POINT ( 'NONE',  ( 25.27597919023850537, -28.76855288241748099, -0.4756798754271079899 ) ) ;
#3363 = CARTESIAN_POINT ( 'NONE',  ( 12.35155825587516709, -31.75000000000000000, 2.092416299193813334 ) ) ;
#3364 = CARTESIAN_POINT ( 'NONE',  ( -25.24677449694014797, 23.20260796901005662, 5.806050414971991813 ) ) ;
#3365 = CARTESIAN_POINT ( 'NONE',  ( -1.100908770256619151, 23.75000000000000711, -20.00000000000000000 ) ) ;
#3366 = CARTESIAN_POINT ( 'NONE',  ( -10.27008801497316348, 30.07563404483178360, 8.603076577758260512 ) ) ;
#3367 = CARTESIAN_POINT ( 'NONE',  ( -30.11440863330816597, -10.09265639818502081, 9.853489423831881311 ) ) ;
#3368 = ORIENTED_EDGE ( 'NONE', *, *, #2752, .F. ) ;
#3369 =( BOUNDED_SURFACE ( )  B_SPLINE_SURFACE ( 3, 2, ( 
 ( #570, #6405, #1050 ),
 ( #1082, #1701, #2741 ),
 ( #5353, #5281, #2672 ),
 ( #2147, #3806, #4280 ),
 ( #3116, #1630, #5824 ),
 ( #1113, #5319, #6371 ),
 ( #3254, #5212, #500 ),
 ( #6470, #272, #6537 ) ),
 .UNSPECIFIED., .F., .F., .F. ) 
 B_SPLINE_SURFACE_WITH_KNOTS ( ( 4, 2, 2, 4 ),
 ( 3, 3 ),
 ( 0.03332163778764047485, 0.03747841449120209445, 0.04163519119476372099, 0.04994874460188696019 ),
 ( 0.3074565260381608711, 1.000000000000000000 ),
 .UNSPECIFIED. ) 
 GEOMETRIC_REPRESENTATION_ITEM ( )  RATIONAL_B_SPLINE_SURFACE ( (
 ( 0.9648702125748662706, 0.9428703175082815413, 1.000000000000000000),
 ( 0.9707191849230671910, 0.9523821864277187688, 1.000000000000000000),
 ( 0.9758538787318633556, 0.9607324626032823778, 1.000000000000000000),
 ( 0.9846901740643227985, 0.9751024541047197403, 1.000000000000000000),
 ( 0.9883438471746408549, 0.9810442260316302177, 1.000000000000000000),
 ( 0.9970890334607562799, 0.9952660517947786722, 1.000000000000000000),
 ( 0.9999888691798124452, 0.9999818985462253229, 1.000000000000000000),
 ( 1.000000000000000000, 1.000000000000000000, 1.000000000000000000) ) ) 
 REPRESENTATION_ITEM ( '' )  SURFACE ( )  );
#3370 = EDGE_CURVE ( 'NONE', #6408, #697, #5094, .T. ) ;
#3371 = CARTESIAN_POINT ( 'NONE',  ( 29.21679412500323636, -17.61305112580014764, 5.876882043576527437 ) ) ;
#3372 = ORIENTED_EDGE ( 'NONE', *, *, #3309, .F. ) ;
#3373 = CARTESIAN_POINT ( 'NONE',  ( -5.621165313792769715E-15, 1.223900783207980902, -57.31857213520912353 ) ) ;
#3374 = CARTESIAN_POINT ( 'NONE',  ( 14.32395074985122285, 31.75000000000000000, 1.312858540343741165 ) ) ;
#3375 = CARTESIAN_POINT ( 'NONE',  ( 4.226984326415956335E-16, -31.75000000000000000, 4.999999999999999112 ) ) ;
#3376 = CARTESIAN_POINT ( 'NONE',  ( -10.68712574850298935, -28.29925517104088684, 11.82629151725428152 ) ) ;
#3377 = EDGE_CURVE ( 'NONE', #4482, #5605, #3773, .T. ) ;
#3378 = DIRECTION ( 'NONE',  ( -0.2771544855772438698, -0.9449777077964656158, 0.1737887306247193620 ) ) ;
#3379 = CARTESIAN_POINT ( 'NONE',  ( -13.43701270530672254, -30.40382484943732067, 6.990241492778177523 ) ) ;
#3380 = ORIENTED_EDGE ( 'NONE', *, *, #5644, .F. ) ;
#3381 = CARTESIAN_POINT ( 'NONE',  ( 32.71053531540327697, -8.839614766275937896, 7.074691621881880721 ) ) ;
#3382 = CARTESIAN_POINT ( 'NONE',  ( -29.46548013945162836, 19.27264674176496584, 6.963090583081531726 ) ) ;
#3383 = CARTESIAN_POINT ( 'NONE',  ( 11.21706586826348584, 29.70252402249745671, 11.82629151725428329 ) ) ;
#3384 = CARTESIAN_POINT ( 'NONE',  ( 12.12402541061341665, 31.75000000000000000, 2.154191468302071755 ) ) ;
#3385 = CARTESIAN_POINT ( 'NONE',  ( -29.22784082549700102, -7.829663986691931754, 13.29861510076240805 ) ) ;
#3386 = CARTESIAN_POINT ( 'NONE',  ( 13.63395250394621527, -27.02491146045523251, 9.105135612054526817 ) ) ;
#3387 = VERTEX_POINT ( 'NONE', #5779 ) ;
#3388 = EDGE_LOOP ( 'NONE', ( #2620, #5750, #6182, #224, #2847, #520, #2130, #2045, #4785 ) ) ;
#3389 = CARTESIAN_POINT ( 'NONE',  ( -29.77767594645850835, 24.96384829519809045, -0.7151387633288095458 ) ) ;
#3390 = CARTESIAN_POINT ( 'NONE',  ( -14.32395074985104344, -31.75000000000000000, 1.312858540343620373 ) ) ;
#3391 = CARTESIAN_POINT ( 'NONE',  ( -16.16960775711429221, 30.25000000000000000, 4.155580001464908690 ) ) ;
#3392 = CARTESIAN_POINT ( 'NONE',  ( -30.25000000000000000, 2.072801627379523591E-11, 12.14142842854284154 ) ) ;
#3393 = CARTESIAN_POINT ( 'NONE',  ( -2.279307325993137123, -30.25000000000000355, 5.248064836910137920 ) ) ;
#3394 = CARTESIAN_POINT ( 'NONE',  ( 33.25000000000000711, -1.271439914259020698, -9.678502440477574353 ) ) ;
#3395 = CARTESIAN_POINT ( 'NONE',  ( -29.36627220160843166, 23.10495512953587394, 3.232631810869963207 ) ) ;
#3396 = CARTESIAN_POINT ( 'NONE',  ( 29.26218333733010013, 17.03747781939506467, -17.51979835790187323 ) ) ;
#3397 = EDGE_CURVE ( 'NONE', #840, #90, #4220, .T. ) ;
#3398 = DIRECTION ( 'NONE',  ( 1.601283208593975218E-15, 0.000000000000000000, -1.000000000000000000 ) ) ;
#3399 = CARTESIAN_POINT ( 'NONE',  ( 9.125221862298596776, 31.18429947188165130, 6.368623609587007017 ) ) ;
#3400 = ORIENTED_EDGE ( 'NONE', *, *, #1306, .T. ) ;
#3401 = CARTESIAN_POINT ( 'NONE',  ( 24.62267276028491381, -23.78354919913763510, 5.830040799970439558 ) ) ;
#3402 = ORIENTED_EDGE ( 'NONE', *, *, #3630, .F. ) ;
#3403 = CARTESIAN_POINT ( 'NONE',  ( 33.25000000000000711, -11.04128113609903572, 0.4645023336666033176 ) ) ;
#3404 = DIRECTION ( 'NONE',  ( -1.000000000000000000, 0.000000000000000000, 0.000000000000000000 ) ) ;
#3405 = CARTESIAN_POINT ( 'NONE',  ( -11.12748861142886270, -30.85878426301283994, 6.709087928325632610 ) ) ;
#3406 = DIRECTION ( 'NONE',  ( 1.000000000000000000, 0.000000000000000000, 0.000000000000000000 ) ) ;
#3407 = CARTESIAN_POINT ( 'NONE',  ( 33.04439325032465291, 14.86346144971269645, -16.58686647258475944 ) ) ;
#3408 = PERSON_AND_ORGANIZATION_ROLE ( 'design_owner' ) ;
#3409 = CARTESIAN_POINT ( 'NONE',  ( 33.25000000000000711, 10.11111797280305780, 3.841740598619101554 ) ) ;
#3410 = EDGE_LOOP ( 'NONE', ( #2832, #3713 ) ) ;
#3411 = FACE_OUTER_BOUND ( 'NONE', #594, .T. ) ;
#3412 = DIRECTION ( 'NONE',  ( -1.000000000000000000, 0.000000000000000000, -0.000000000000000000 ) ) ;
#3413 = CARTESIAN_POINT ( 'NONE',  ( 0.9157391495787053914, 23.68637474101254625, -19.99999999999999645 ) ) ;
#3414 = CARTESIAN_POINT ( 'NONE',  ( -32.07519878561522120, 18.26575195756690562, -0.5184950560829969524 ) ) ;
#3415 = CARTESIAN_POINT ( 'NONE',  ( 8.967818026455359970, -25.42084675358310619, -19.82473909342767016 ) ) ;
#3416 = VERTEX_POINT ( 'NONE', #5197 ) ;
#3417 = CARTESIAN_POINT ( 'NONE',  ( 13.28559238145568600, -27.18243802623424088, 13.00257948368427741 ) ) ;
#3418 = VERTEX_POINT ( 'NONE', #1070 ) ;
#3419 = CARTESIAN_POINT ( 'NONE',  ( -22.92631629461290643, -19.74322149736670085, 14.56705320438618934 ) ) ;
#3420 = CARTESIAN_POINT ( 'NONE',  ( -17.20620244292790701, 27.95668264543525794, 6.376530701577832083 ) ) ;
#3421 = CARTESIAN_POINT ( 'NONE',  ( 29.70591235896709392, -11.27550513783508634, 13.96062260785002174 ) ) ;
#3422 = CARTESIAN_POINT ( 'NONE',  ( -33.24999999999999289, -10.59410572238292936, 3.852328484342810277 ) ) ;
#3423 = CARTESIAN_POINT ( 'NONE',  ( 2.027532701882654997, -30.25000000000000000, 4.555677528133546872 ) ) ;
#3424 = CARTESIAN_POINT ( 'NONE',  ( -32.28530191083184064, 17.67803734256292003, -0.4723055118717248146 ) ) ;
#3425 = EDGE_CURVE ( 'NONE', #3433, #6670, #2296, .T. ) ;
#3426 = CARTESIAN_POINT ( 'NONE',  ( 12.12402541061334205, -30.25000000000000000, 2.154191468302088186 ) ) ;
#3427 = AXIS2_PLACEMENT_3D ( 'NONE', #1814, #1226, #2297 ) ;
#3428 = FACE_OUTER_BOUND ( 'NONE', #6287, .T. ) ;
#3429 = ORIENTED_EDGE ( 'NONE', *, *, #2911, .T. ) ;
#3430 = APPROVAL_PERSON_ORGANIZATION ( #2936, #2969, #5443 ) ;
#3431 = CARTESIAN_POINT ( 'NONE',  ( 26.83133120455079990, -25.81562638453003089, -0.6543908444019748138 ) ) ;
#3432 = ADVANCED_FACE ( 'NONE', ( #3102 ), #5632, .T. ) ;
#3433 = VERTEX_POINT ( 'NONE', #690 ) ;
#3434 = CARTESIAN_POINT ( 'NONE',  ( 13.02278510587375671, 31.75000000000000000, 1.858907320898346649 ) ) ;
#3435 = LINE ( 'NONE', #353, #4323 ) ;
#3436 = ORIENTED_EDGE ( 'NONE', *, *, #674, .F. ) ;
#3437 = CARTESIAN_POINT ( 'NONE',  ( 11.12224263268790914, 30.25000000000000000, 2.426175432392506881 ) ) ;
#3438 = AXIS2_PLACEMENT_3D ( 'NONE', #10, #5189, #6720 ) ;
#3439 = CARTESIAN_POINT ( 'NONE',  ( 25.19846806405388406, 19.32569365074891010, 14.57293612289647733 ) ) ;
#3440 = PERSON_AND_ORGANIZATION_ROLE ( 'classification_officer' ) ;
#3441 = ADVANCED_FACE ( 'NONE', ( #3240 ), #4847, .F. ) ;
#3442 = ORIENTED_EDGE ( 'NONE', *, *, #438, .F. ) ;
#3443 = CARTESIAN_POINT ( 'NONE',  ( 14.75000000000000888, -30.25000000000000000, -12.00000000000000000 ) ) ;
#3444 = CARTESIAN_POINT ( 'NONE',  ( -23.18118282431589350, 26.18174057142586619, 7.045206761502705639 ) ) ;
#3445 = CARTESIAN_POINT ( 'NONE',  ( 3.147082462460313949E-14, -11.48339384046062328, -45.04953210861818036 ) ) ;
#3446 = CARTESIAN_POINT ( 'NONE',  ( -31.37956344147954724, 19.94620435813353154, -0.6325813889715509175 ) ) ;
#3447 = VECTOR ( 'NONE', #3412, 1000.000000000000000 ) ;
#3448 = AXIS2_PLACEMENT_3D ( 'NONE', #1089, #4704, #3187 ) ;
#3449 = CARTESIAN_POINT ( 'NONE',  ( 28.07550005222952905, -11.27690685534708415, 14.03623645037152023 ) ) ;
#3450 = EDGE_CURVE ( 'NONE', #1278, #730, #6521, .T. ) ;
#3451 = ORIENTED_EDGE ( 'NONE', *, *, #4447, .T. ) ;
#3452 = DIRECTION ( 'NONE',  ( 0.000000000000000000, 0.000000000000000000, 1.000000000000000000 ) ) ;
#3453 = CARTESIAN_POINT ( 'NONE',  ( -23.41725004421195777, -24.93125106804726343, 5.798048362146580814 ) ) ;
#3454 = AXIS2_PLACEMENT_3D ( 'NONE', #3914, #3875, #3318 ) ;
#3455 = CARTESIAN_POINT ( 'NONE',  ( -14.04339150391674096, 28.89199333653298751, 6.392401191476557720 ) ) ;
#3456 = CARTESIAN_POINT ( 'NONE',  ( -31.74490357729460754, -7.181238755403891005, 6.041858516316450434 ) ) ;
#3457 = CARTESIAN_POINT ( 'NONE',  ( 21.44911215838003926, -23.44178075257640970, 14.44791472770555352 ) ) ;
#3458 = CARTESIAN_POINT ( 'NONE',  ( 15.39565108813541627, -31.75000000000000000, 0.9633327101747728438 ) ) ;
#3459 = DIRECTION ( 'NONE',  ( -0.2771544855772439253, 0.9449777077964655048, -0.1737887306247200558 ) ) ;
#3460 =( BOUNDED_SURFACE ( )  B_SPLINE_SURFACE ( 3, 2, ( 
 ( #4963, #6506, #3839 ),
 ( #706, #1256, #1868 ),
 ( #4352, #5417, #6439 ),
 ( #1326, #3386, #2845 ),
 ( #3417, #770, #2878 ),
 ( #1802, #2774, #3356 ),
 ( #671, #5927, #4489 ),
 ( #5517, #6569, #5454 ),
 ( #5993, #741, #2915 ),
 ( #204, #1218, #4863 ),
 ( #3911, #1836, #5002 ),
 ( #3977, #4385, #273 ),
 ( #6052, #2813, #6471 ),
 ( #1291, #4933, #2351 ),
 ( #1357, #2288, #4454 ),
 ( #5385, #2318, #6539 ),
 ( #1773, #3873, #5960 ),
 ( #237, #4417, #5487 ),
 ( #3943, #4656, #5648 ),
 ( #3449, #6152, #2555 ),
 ( #6735, #430, #5167 ),
 ( #2038, #3048, #4588 ),
 ( #3510, #5583, #6123 ),
 ( #5553, #334, #1393 ) ),
 .UNSPECIFIED., .F., .F., .F. ) 
 B_SPLINE_SURFACE_WITH_KNOTS ( ( 4, 2, 2, 2, 2, 2, 2, 2, 2, 2, 2, 4 ),
 ( 3, 3 ),
 ( 0.01038269182054149878, 0.01284103905978008567, 0.01529938629901867082, 0.02021608077749584287, 0.02267442801673442976, 0.02513277525597301665, 0.03004946973445019043, 0.03496616421292736421, 0.03988285869140453799, 0.04479955316988171177, 0.04725790040912029866, 0.04971624764835888555 ),
 ( 0.000000000000000000, 0.6825346424384964861 ),
 .UNSPECIFIED. ) 
 GEOMETRIC_REPRESENTATION_ITEM ( )  RATIONAL_B_SPLINE_SURFACE ( (
 ( 1.000000000000000000, 0.9436959716203197068, 0.9642508429965834793),
 ( 1.000000000000000000, 0.9393830113973072882, 0.9615124120778890671),
 ( 1.000000000000000000, 0.9350258927174676105, 0.9587459435986227518),
 ( 1.000000000000000000, 0.9265081892336857194, 0.9533377920344594525),
 ( 1.000000000000000000, 0.9223287488168787629, 0.9506841369418022047),
 ( 1.000000000000000000, 0.9101320884862809102, 0.9429401026759831606),
 ( 1.000000000000000000, 0.9024496668013943790, 0.9380622971817218492),
 ( 1.000000000000000000, 0.8921049239460002722, 0.9314941022027827255),
 ( 1.000000000000000000, 0.8888474760902096428, 0.9294258485062296682),
 ( 1.000000000000000000, 0.8829023720004298692, 0.9256511193150249728),
 ( 1.000000000000000000, 0.8802054024638704677, 0.9239387305185124966),
 ( 1.000000000000000000, 0.8730471665489480948, 0.9193937466700317085),
 ( 1.000000000000000000, 0.8695252228432677200, 0.9171575564343610321),
 ( 1.000000000000000000, 0.8654617348086369732, 0.9145775230706389980),
 ( 1.000000000000000000, 0.8649258772428671804, 0.9142372906432008062),
 ( 1.000000000000000000, 0.8670432076605599780, 0.9155816487594583553),
 ( 1.000000000000000000, 0.8696703812030452951, 0.9172497219355406628),
 ( 1.000000000000000000, 0.8775599512168794636, 0.9222590522664375623),
 ( 1.000000000000000000, 0.8828149229480513061, 0.9255955952256613717),
 ( 1.000000000000000000, 0.8921920165120298396, 0.9315493999480137788),
 ( 1.000000000000000000, 0.8955665940868493546, 0.9336920229008320860),
 ( 1.000000000000000000, 0.9027394971762479070, 0.9382463193888919140),
 ( 1.000000000000000000, 0.9065497290884573234, 0.9406655526616956031),
 ( 1.000000000000000000, 0.9104799603144274611, 0.9431609771845994583) ) ) 
 REPRESENTATION_ITEM ( '' )  SURFACE ( )  );
#3461 = CARTESIAN_POINT ( 'NONE',  ( -23.37115669764913406, 28.14398197536815616, 3.453819706999146533 ) ) ;
#3462 = AXIS2_PLACEMENT_3D ( 'NONE', #2044, #6706, #4665 ) ;
#3463 = CARTESIAN_POINT ( 'NONE',  ( 25.69349518460743198, 16.00893878365434020, 14.51132439715064848 ) ) ;
#3464 = CC_DESIGN_PERSON_AND_ORGANIZATION_ASSIGNMENT ( #3969, #794, ( #2337 ) ) ;
#3465 = CARTESIAN_POINT ( 'NONE',  ( -11.21706586826346985, 29.70252402249746382, 11.82629151725427974 ) ) ;
#3466 = CARTESIAN_POINT ( 'NONE',  ( 3.769551535036095746, 31.58270818647178402, 7.426381034625793021 ) ) ;
#3467 = CARTESIAN_POINT ( 'NONE',  ( 32.71573573675210156, 20.63944316901983811, -0.6343302303603528536 ) ) ;
#3468 = ADVANCED_FACE ( 'NONE', ( #3199 ), #1651, .F. ) ;
#3469 = CARTESIAN_POINT ( 'NONE',  ( -34.74999999999999289, 3.208999329841272008, 1.535570715591661806 ) ) ;
#3470 = ORIENTED_EDGE ( 'NONE', *, *, #4809, .F. ) ;
#3471 = CARTESIAN_POINT ( 'NONE',  ( -9.185753632629701707E-16, -5.065324424256686164, -55.89458060592660615 ) ) ;
#3472 = CARTESIAN_POINT ( 'NONE',  ( -4.236398867896734496E-15, 11.04292406408670502, -50.17247683298084127 ) ) ;
#3473 = CARTESIAN_POINT ( 'NONE',  ( 31.72240114241675712, 1.524840771867389755, 12.17749972952723780 ) ) ;
#3474 = CARTESIAN_POINT ( 'NONE',  ( -11.69394032302580833, 27.90377873657972074, 12.35063676898302454 ) ) ;
#3475 = CARTESIAN_POINT ( 'NONE',  ( 1.468480907148648911E-14, -1.664597593278067227E-12, -57.40379450918268844 ) ) ;
#3476 = ORIENTED_EDGE ( 'NONE', *, *, #4995, .T. ) ;
#3477 = CARTESIAN_POINT ( 'NONE',  ( -2.279307333302273531, 30.25000000000000355, 5.248064821436106087 ) ) ;
#3478 = CARTESIAN_POINT ( 'NONE',  ( -14.74999999999999645, -25.33714599355024788, -19.84098001496990094 ) ) ;
#3479 = CARTESIAN_POINT ( 'NONE',  ( 33.69862323828123607, -18.15782229080804555, -0.4705623835790911924 ) ) ;
#3480 = CARTESIAN_POINT ( 'NONE',  ( 2.071217097976590207E-14, -3.544322045675083022, -52.29801212728592930 ) ) ;
#3481 = CARTESIAN_POINT ( 'NONE',  ( -15.46790855825401501, 26.02773729260454161, 9.289010780766775000 ) ) ;
#3482 = FACE_OUTER_BOUND ( 'NONE', #3800, .T. ) ;
#3483 = ORIENTED_EDGE ( 'NONE', *, *, #3700, .T. ) ;
#3484 = CARTESIAN_POINT ( 'NONE',  ( -28.68564872172012059, -9.619587064131302157, 13.73382226203224121 ) ) ;
#3485 = CARTESIAN_POINT ( 'NONE',  ( -11.64451274453285201, -30.25000000000536104, 4.414927614704642345 ) ) ;
#3486 = CARTESIAN_POINT ( 'NONE',  ( -31.60558634645089526, -8.921789278835552395, 6.015713296661013842 ) ) ;
#3487 = CARTESIAN_POINT ( 'NONE',  ( -31.38508516543053872, 15.36138453491783196, 6.977961455658921786 ) ) ;
#3488 = FACE_OUTER_BOUND ( 'NONE', #4991, .T. ) ;
#3489 = VERTEX_POINT ( 'NONE', #3340 ) ;
#3490 = CARTESIAN_POINT ( 'NONE',  ( -19.89758543936192225, -31.12011014997404246, 0.1399363274133652024 ) ) ;
#3491 = CARTESIAN_POINT ( 'NONE',  ( 16.05875596938185623, 28.31510078476298986, 6.463479576030344731 ) ) ;
#3492 = EDGE_CURVE ( 'NONE', #6248, #3387, #5976, .T. ) ;
#3493 = CARTESIAN_POINT ( 'NONE',  ( 34.75000000000001421, -5.748521758101037271, -10.71080775649978989 ) ) ;
#3494 = CARTESIAN_POINT ( 'NONE',  ( -29.92921231950533212, -10.62718012918728228, 9.880841020712999523 ) ) ;
#3495 = CARTESIAN_POINT ( 'NONE',  ( 33.69951262590638663, 18.15519378546921914, -0.4703615276265025180 ) ) ;
#3496 = CARTESIAN_POINT ( 'NONE',  ( -34.75000000000555644, 3.379925213903174352, 4.447120054260013333 ) ) ;
#3497 = CARTESIAN_POINT ( 'NONE',  ( 3.413661810891907603E-14, -3.771221260772629869, -56.57297098171564187 ) ) ;
#3498 = CARTESIAN_POINT ( 'NONE',  ( -31.07014338154076682, 11.53002042287113227, 6.231968066082870017 ) ) ;
#3499 = CARTESIAN_POINT ( 'NONE',  ( -18.35594118896976923, -31.47914277885683276, 4.507843680212230808 ) ) ;
#3500 = CARTESIAN_POINT ( 'NONE',  ( 34.75000000000000711, 9.591564683836155680, 0.7887280973505710335 ) ) ;
#3501 = CARTESIAN_POINT ( 'NONE',  ( 4.859067549522893313E-16, -31.75000000000000000, 4.999999999999999112 ) ) ;
#3502 = CARTESIAN_POINT ( 'NONE',  ( 7.090119924190254608, 30.25000000000000000, 3.414310382336284810 ) ) ;
#3503 = CARTESIAN_POINT ( 'NONE',  ( -19.69904057323327606, 28.20263810887777112, 7.210578155264093070 ) ) ;
#3504 = ORIENTED_EDGE ( 'NONE', *, *, #2214, .T. ) ;
#3505 = CARTESIAN_POINT ( 'NONE',  ( -28.43340734845105544, 19.12827113991387051, 5.814905140663437777 ) ) ;
#3506 = CARTESIAN_POINT ( 'NONE',  ( -22.14018903908677771, -21.79517176842039561, -18.49065922393340955 ) ) ;
#3507 = CARTESIAN_POINT ( 'NONE',  ( 32.72207727131432620, -20.62479285402361029, -0.6334588898902042686 ) ) ;
#3508 = CARTESIAN_POINT ( 'NONE',  ( 29.30891910829882008, 12.22994453672525594, 9.927288053754914188 ) ) ;
#3509 = CARTESIAN_POINT ( 'NONE',  ( -28.39625366802615147, 19.39655389786981488, 5.734048496365658387 ) ) ;
#3510 = CARTESIAN_POINT ( 'NONE',  ( 28.86354504151412925, -9.071756079089661640, 13.61388676884558357 ) ) ;
#3511 = ORIENTED_EDGE ( 'NONE', *, *, #5073, .F. ) ;
#3512 = CARTESIAN_POINT ( 'NONE',  ( 8.027272884822924226, 29.19613370087490267, 7.732142500251081074 ) ) ;
#3513 = CARTESIAN_POINT ( 'NONE',  ( -27.22641901270161213, -13.23333890373136512, 9.294659359399087606 ) ) ;
#3514 = B_SPLINE_CURVE_WITH_KNOTS ( 'NONE', 3,
 ( #5883, #5810, #2237, #4336, #5912, #2694, #4745, #6324, #591, #4232, #4883, #5438, #2793, #53 ),
 .UNSPECIFIED., .F., .F.,
 ( 4, 2, 2, 2, 2, 2, 4 ),
 ( -3.570220501357137074E-05, 0.0007958700078796172687, 0.001627442220772806064, 0.003290586646559184956, 0.006616875498131941438, 0.009943164349704696620, 0.01326945320127745180 ),
 .UNSPECIFIED. ) ;
#3515 = CARTESIAN_POINT ( 'NONE',  ( 29.73280578398302865, -5.751666190005390256, 12.78622757406883181 ) ) ;
#3516 = CARTESIAN_POINT ( 'NONE',  ( -4.216678339786430030, 30.24999999998927080, 4.794640168559428872 ) ) ;
#3517 = CARTESIAN_POINT ( 'NONE',  ( -32.47620085046501259, 10.70779288203522306, 7.040804708758967578 ) ) ;
#3518 = CARTESIAN_POINT ( 'NONE',  ( -30.72954718284675835, -13.08862342808180479, 6.164951542063299428 ) ) ;
#3519 = CARTESIAN_POINT ( 'NONE',  ( -31.68497692948708888, -7.019729981622091941, 6.144877273815736451 ) ) ;
#3520 = CARTESIAN_POINT ( 'NONE',  ( -11.50000000000001066, 0.000000000000000000, -214.9999999999998863 ) ) ;
#3521 = EDGE_CURVE ( 'NONE', #1719, #4566, #3514, .T. ) ;
#3522 = CARTESIAN_POINT ( 'NONE',  ( -32.70177680896026828, -8.892318618265068864, 7.076296574934655581 ) ) ;
#3523 = FACE_OUTER_BOUND ( 'NONE', #3388, .T. ) ;
#3524 = CARTESIAN_POINT ( 'NONE',  ( -18.66306890853896761, -25.71487408532686558, 14.13597008436850011 ) ) ;
#3525 = CARTESIAN_POINT ( 'NONE',  ( 34.24599329390603231, 16.25900910473637495, -0.3074173290034656891 ) ) ;
#3526 = B_SPLINE_CURVE_WITH_KNOTS ( 'NONE', 3,
 ( #5442, #5983, #4953, #2341, #4340, #1280, #3862, #6428, #5887, #4852 ),
 .UNSPECIFIED., .F., .F.,
 ( 4, 2, 2, 2, 4 ),
 ( 0.04622840010346545431, 0.05039862949164662653, 0.05144118683869192132, 0.05248374418573720918, 0.05456885887982779876 ),
 .UNSPECIFIED. ) ;
#3527 = CARTESIAN_POINT ( 'NONE',  ( 32.40622562401014051, 10.67078234191807873, 7.130454868564774173 ) ) ;
#3528 = CARTESIAN_POINT ( 'NONE',  ( 32.78076177252300027, -15.93394928022465962, -0.3087957600765744437 ) ) ;
#3529 = CARTESIAN_POINT ( 'NONE',  ( -15.35322334979001546, -31.75000000000000711, 0.9732339599419428389 ) ) ;
#3530 = CARTESIAN_POINT ( 'NONE',  ( 32.88385171024368248, 15.54185051249511851, 3.514367392381931854 ) ) ;
#3531 = CARTESIAN_POINT ( 'NONE',  ( -29.28127104081874776, 17.04613146374900978, -17.53201220333604127 ) ) ;
#3532 = FACE_OUTER_BOUND ( 'NONE', #333, .T. ) ;
#3533 = AXIS2_PLACEMENT_3D ( 'NONE', #376, #3588, #6101 ) ;
#3534 = EDGE_CURVE ( 'NONE', #5639, #2615, #6297, .T. ) ;
#3535 = CARTESIAN_POINT ( 'NONE',  ( -33.80304927477636312, 17.84031094670590178, -0.4457507453915069973 ) ) ;
#3536 = VERTEX_POINT ( 'NONE', #4299 ) ;
#3537 = B_SPLINE_CURVE_WITH_KNOTS ( 'NONE', 3,
 ( #4593, #1048, #3113, #2596, #1495, #5688 ),
 .UNSPECIFIED., .F., .F.,
 ( 4, 2, 4 ),
 ( -3.563707374603901769E-05, 0.006191837442070846458, 0.01241931195788773153 ),
 .UNSPECIFIED. ) ;
#3538 = CARTESIAN_POINT ( 'NONE',  ( 8.027272903216315925, -29.19613369644300249, 7.732142458094063642 ) ) ;
#3539 = B_SPLINE_CURVE_WITH_KNOTS ( 'NONE', 3,
 ( #1750, #5463, #749, #4467, #1846, #6032, #2784, #5530, #2751, #2225, #4324, #1195, #3291, #1371, #4082, #3059, #5145, #4022 ),
 .UNSPECIFIED., .F., .F.,
 ( 4, 2, 2, 2, 2, 2, 2, 2, 4 ),
 ( 0.000000000000000000, 0.002583530849231829504, 0.005167061698463659009, 0.007750592547695488513, 0.01033412339692731802, 0.01291765424615914752, 0.01550118509539097703, 0.01808471594462280480, 0.02066824679385463603 ),
 .UNSPECIFIED. ) ;
#3540 = CARTESIAN_POINT ( 'NONE',  ( 30.54998439634737295, -24.02713849604029761, 3.930096159124043975 ) ) ;
#3541 = CARTESIAN_POINT ( 'NONE',  ( 19.63871609354964676, 24.97757226654040963, 14.26524941771720911 ) ) ;
#3542 = CARTESIAN_POINT ( 'NONE',  ( -17.28123594103966454, 24.83474890275958202, 14.03916405345564478 ) ) ;
#3543 = CARTESIAN_POINT ( 'NONE',  ( 28.65620682076541570, 9.728167198137290583, 9.294055273363463598 ) ) ;
#3544 = ORIENTED_EDGE ( 'NONE', *, *, #582, .T. ) ;
#3545 = AXIS2_PLACEMENT_3D ( 'NONE', #3097, #4609, #450 ) ;
#3546 = CARTESIAN_POINT ( 'NONE',  ( -34.74999999999999289, 1.190356522316421925E-19, -9.261760844064783171 ) ) ;
#3547 = CARTESIAN_POINT ( 'NONE',  ( -19.55510636581225015, 25.02086026109483896, 14.24702938821946319 ) ) ;
#3548 = CARTESIAN_POINT ( 'NONE',  ( 29.63142494019081141, 6.311303953505298381, 9.052033593373453257 ) ) ;
#3549 = VECTOR ( 'NONE', #2343, 1000.000000000000000 ) ;
#3550 = B_SPLINE_CURVE_WITH_KNOTS ( 'NONE', 3,
 ( #1500, #5693, #983, #315, #2397, #3490, #2464, #5113, #4499, #5590, #2496, #6579, #3986, #5214, #3086, #32, #3735, #6234, #5827, #5794, #6342, #75, #1116, #1601, #538, #1531, #2115, #6305 ),
 .UNSPECIFIED., .F., .F.,
 ( 4, 2, 2, 2, 2, 2, 2, 2, 2, 2, 2, 2, 2, 4 ),
 ( 7.643740655809233994E-17, 0.001981387398887919909, 0.003962774797775763490, 0.007925549595551461060, 0.009906936994439303340, 0.01188832439332714909, 0.01585109919110282845, 0.01783248658999066552, 0.01981387398887850260, 0.02377664878665418369, 0.02575803618554203117, 0.02773942358442987519, 0.02972081098331772961, 0.03170219838220558750 ),
 .UNSPECIFIED. ) ;
#3551 = DIRECTION ( 'NONE',  ( -0.000000000000000000, -0.000000000000000000, 1.000000000000000000 ) ) ;
#3552 = CARTESIAN_POINT ( 'NONE',  ( -28.08636688992813291, 14.85375637109908098, 9.922714985068548543 ) ) ;
#3553 = FACE_OUTER_BOUND ( 'NONE', #4966, .T. ) ;
#3554 = CARTESIAN_POINT ( 'NONE',  ( -33.24999999999999289, 11.03827046459019279, 0.4653326329046169607 ) ) ;
#3555 = CARTESIAN_POINT ( 'NONE',  ( -24.33711291187271897, 27.58384789692089356, -0.4619168274043094491 ) ) ;
#3556 = AXIS2_PLACEMENT_3D ( 'NONE', #1171, #3271, #2727 ) ;
#3557 = AXIS2_PLACEMENT_3D ( 'NONE', #1620, #596, #3075 ) ;
#3558 = DIRECTION ( 'NONE',  ( 0.000000000000000000, 0.000000000000000000, 1.000000000000000000 ) ) ;
#3559 = CARTESIAN_POINT ( 'NONE',  ( -11.04920925925410202, 29.48147306465790862, 6.110878481196870382 ) ) ;
#3560 = CARTESIAN_POINT ( 'NONE',  ( 34.75000000000000711, 11.75000000000000000, 5.000000000000000000 ) ) ;
#3561 = CARTESIAN_POINT ( 'NONE',  ( 31.54316623503266470, 14.30719836824447455, 7.147834423223210720 ) ) ;
#3562 = CARTESIAN_POINT ( 'NONE',  ( 19.56386081304082580, 25.03646337035321068, 14.25606118441936765 ) ) ;
#3563 = CIRCLE ( 'NONE', #5333, 23.99999999999999289 ) ;
#3564 = CARTESIAN_POINT ( 'NONE',  ( -34.75000000000000000, -10.20280384732665269, 4.380507510607669630 ) ) ;
#3565 = CARTESIAN_POINT ( 'NONE',  ( 3.426415758485676086E-14, -4.641167726697545071, -56.13962935814279831 ) ) ;
#3566 = AXIS2_PLACEMENT_3D ( 'NONE', #4769, #3667, #3260 ) ;
#3567 = CARTESIAN_POINT ( 'NONE',  ( -25.11453146400004144, -28.86762211649854137, -0.4619242119416860914 ) ) ;
#3568 = CARTESIAN_POINT ( 'NONE',  ( 33.10452963385819203, 14.14231725998609512, -0.09955888603744990351 ) ) ;
#3569 = CARTESIAN_POINT ( 'NONE',  ( 30.03899904365934859, -3.637714391165405292, 12.41805944472266532 ) ) ;
#3570 = CARTESIAN_POINT ( 'NONE',  ( 8.750953537786427816, 29.78025478504046575, 5.913500501801169484 ) ) ;
#3571 = EDGE_CURVE ( 'NONE', #2615, #2710, #4996, .T. ) ;
#3572 = CARTESIAN_POINT ( 'NONE',  ( -19.90455353980325270, 28.10487992318322981, 7.200719463849414304 ) ) ;
#3573 = VERTEX_POINT ( 'NONE', #2274 ) ;
#3574 = CARTESIAN_POINT ( 'NONE',  ( -30.62139770061250843, 13.55358200708972660, 6.130299924250572019 ) ) ;
#3575 = CARTESIAN_POINT ( 'NONE',  ( 31.19825875099204282, 15.62016123005222035, 7.089467329935197348 ) ) ;
#3576 = CARTESIAN_POINT ( 'NONE',  ( 34.75000000000000711, -13.03884598914827819, 0.05679606723385548922 ) ) ;
#3577 = CARTESIAN_POINT ( 'NONE',  ( 24.85225980158842773, 19.76823537086735527, 9.864797813296974027 ) ) ;
#3578 = CARTESIAN_POINT ( 'NONE',  ( -15.28744469459205568, 28.78083445656995565, 6.134797833212846996 ) ) ;
#3579 = CARTESIAN_POINT ( 'NONE',  ( 24.36734864974252446, 24.15796322043072308, 5.760460557516874580 ) ) ;
#3580 = ORIENTED_EDGE ( 'NONE', *, *, #5882, .F. ) ;
#3581 = DIRECTION ( 'NONE',  ( 0.000000000000000000, 0.000000000000000000, -1.000000000000000000 ) ) ;
#3582 = ADVANCED_FACE ( 'NONE', ( #1686 ), #3117, .T. ) ;
#3583 = CARTESIAN_POINT ( 'NONE',  ( -16.37203028676390204, -25.45013959739806353, 9.309007238374741533 ) ) ;
#3584 = CARTESIAN_POINT ( 'NONE',  ( 32.56698171800808694, -10.75519166838886598, 6.927848754907058648 ) ) ;
#3585 = CARTESIAN_POINT ( 'NONE',  ( -33.24999999999999289, -1.619045829286207105, 1.605549023641318129 ) ) ;
#3586 = CARTESIAN_POINT ( 'NONE',  ( 6.123233995736767268E-16, 31.75000000000000000, 5.000000000000000000 ) ) ;
#3587 = ORIENTED_EDGE ( 'NONE', *, *, #50, .T. ) ;
#3588 = DIRECTION ( 'NONE',  ( 5.551115123125782702E-17, 0.000000000000000000, -1.000000000000000000 ) ) ;
#3589 = CARTESIAN_POINT ( 'NONE',  ( -14.74999999999998579, 23.74530653910392530, -18.49999830549399604 ) ) ;
#3590 = ADVANCED_FACE ( 'NONE', ( #5945 ), #2566, .T. ) ;
#3591 = DIRECTION ( 'NONE',  ( -0.4229360644636520061, 0.000000000000000000, 0.9061595253463915478 ) ) ;
#3592 = CARTESIAN_POINT ( 'NONE',  ( -1.100908770256575631, -23.74999999999999289, -20.00000000000000000 ) ) ;
#3593 = CARTESIAN_POINT ( 'NONE',  ( 34.49822733203337322, 14.97992799686843846, -0.1737513778777813600 ) ) ;
#3594 = CARTESIAN_POINT ( 'NONE',  ( 23.60501124052981936, 21.24267671495643484, 14.55590417504898326 ) ) ;
#3595 = CARTESIAN_POINT ( 'NONE',  ( 31.65752670660303991, 13.87186118481121788, 7.167187115787830187 ) ) ;
#3596 = CARTESIAN_POINT ( 'NONE',  ( 3.261566655366991026E-14, -21.56731265065815251, -27.47153644573046805 ) ) ;
#3597 = EDGE_CURVE ( 'NONE', #5356, #486, #414, .T. ) ;
#3598 = CARTESIAN_POINT ( 'NONE',  ( 33.16234932786890255, -14.64183196376351681, -16.46949618684086758 ) ) ;
#3599 = CARTESIAN_POINT ( 'NONE',  ( -22.76475561338519427, -30.08541418739558893, -0.2265041244868633563 ) ) ;
#3600 = CARTESIAN_POINT ( 'NONE',  ( 8.101681429652273891, 31.75000000000000000, 3.181831977695481761 ) ) ;
#3601 = CARTESIAN_POINT ( 'NONE',  ( 33.25000000000000711, 2.098370007887891402E-25, -9.622299943510874698 ) ) ;
#3602 = ORIENTED_EDGE ( 'NONE', *, *, #50, .F. ) ;
#3603 = CARTESIAN_POINT ( 'NONE',  ( 28.30269434960445807, -10.74239447773994627, 13.96058837318084755 ) ) ;
#3604 = CARTESIAN_POINT ( 'NONE',  ( -30.47874718788222737, 17.26374800135501175, 7.025547011430835376 ) ) ;
#3605 = VERTEX_POINT ( 'NONE', #1412 ) ;
#3606 = CARTESIAN_POINT ( 'NONE',  ( 31.91099390766508037, 12.88450889909218589, 7.200691304416541705 ) ) ;
#3607 = EDGE_CURVE ( 'NONE', #421, #1219, #2204, .T. ) ;
#3608 = CARTESIAN_POINT ( 'NONE',  ( -19.31696835061839579, -28.39557303102086649, 7.229077474734165953 ) ) ;
#3609 = CARTESIAN_POINT ( 'NONE',  ( 34.62634557942767088, -14.32564862784111348, -0.1051838210332162044 ) ) ;
#3610 = CARTESIAN_POINT ( 'NONE',  ( 26.26986222459341036, 17.87069521889518953, 9.875555699025110101 ) ) ;
#3611 = CARTESIAN_POINT ( 'NONE',  ( -30.41491158211845303, 14.99263129287173157, 5.892718817886218652 ) ) ;
#3612 = CARTESIAN_POINT ( 'NONE',  ( 30.83684482141467242, 12.60757313389352419, 6.190387503597957419 ) ) ;
#3613 = B_SPLINE_CURVE_WITH_KNOTS ( 'NONE', 3,
 ( #4871, #3919, #3394, #5496, #1844, #3952, #6030, #778, #2886, #4973 ),
 .UNSPECIFIED., .F., .F.,
 ( 4, 2, 2, 2, 4 ),
 ( 0.007586105530396639041, 0.009474679908519120786, 0.01136325428664160253, 0.01325182866476408254, 0.01514040304288656255 ),
 .UNSPECIFIED. ) ;
#3614 = ORIENTED_EDGE ( 'NONE', *, *, #452, .T. ) ;
#3615 = CARTESIAN_POINT ( 'NONE',  ( -26.75000000000000000, -11.75000000000000000, -12.00000000000000000 ) ) ;
#3616 = CARTESIAN_POINT ( 'NONE',  ( 14.32290145493993805, -30.24999999999999645, 1.313348280315077554 ) ) ;
#3617 = CARTESIAN_POINT ( 'NONE',  ( -14.74999999999918643, 21.75000000000000000, 1.114006583038916531 ) ) ;
#3618 = CARTESIAN_POINT ( 'NONE',  ( -29.92512736072855972, 10.63871865309677567, 9.880508508873944606 ) ) ;
#3619 = CARTESIAN_POINT ( 'NONE',  ( 30.88797654909567569, -7.499101732073341076, 13.12478421558800257 ) ) ;
#3620 = CARTESIAN_POINT ( 'NONE',  ( 33.25000000000000711, -11.75000000000000000, -12.00000000000000000 ) ) ;
#3621 = ORIENTED_EDGE ( 'NONE', *, *, #3293, .F. ) ;
#3622 = CARTESIAN_POINT ( 'NONE',  ( 12.12402541061341665, 30.25000000000000000, 2.154191468302071755 ) ) ;
#3623 = B_SPLINE_CURVE_WITH_KNOTS ( 'NONE', 3,
 ( #5449, #737, #4006, #6050, #2941, #4450 ),
 .UNSPECIFIED., .F., .F.,
 ( 4, 2, 4 ),
 ( 0.000000000000000000, 0.002796521179539542250, 0.005593042359079084501 ),
 .UNSPECIFIED. ) ;
#3624 = CARTESIAN_POINT ( 'NONE',  ( 34.75000000000000711, -9.591564683836152128, 0.7887280973505833570 ) ) ;
#3625 = CARTESIAN_POINT ( 'NONE',  ( -8.848820930948303243, 29.76898660598117985, 5.922408707914808446 ) ) ;
#3626 = B_SPLINE_CURVE_WITH_KNOTS ( 'NONE', 3,
 ( #214, #3884, #4839, #3817, #3365 ),
 .UNSPECIFIED., .F., .F.,
 ( 4, 1, 4 ),
 ( 0.08860058714870010232, 0.08918317856416932421, 0.08976576997963853222 ),
 .UNSPECIFIED. ) ;
#3627 = CARTESIAN_POINT ( 'NONE',  ( -16.11602333146340982, -27.36912506564320680, 9.819705619043711309 ) ) ;
#3628 = CARTESIAN_POINT ( 'NONE',  ( 0.9161903716690574795, -23.68652978330435133, -20.00000000000000355 ) ) ;
#3629 = DIRECTION ( 'NONE',  ( -0.4229360644636518396, 0.000000000000000000, 0.9061595253463915478 ) ) ;
#3630 = EDGE_CURVE ( 'NONE', #5847, #4197, #1396, .T. ) ;
#3631 = DIRECTION ( 'NONE',  ( 0.000000000000000000, -0.000000000000000000, 1.000000000000000000 ) ) ;
#3632 = CARTESIAN_POINT ( 'NONE',  ( -26.19853935451792282, -26.33043986539879810, 3.298259061400923287 ) ) ;
#3633 = CARTESIAN_POINT ( 'NONE',  ( 32.66853373838367958, -15.51567051652078355, -16.92160512359860292 ) ) ;
#3634 = CARTESIAN_POINT ( 'NONE',  ( -30.97143564125159543, -23.46788289042624953, -0.7154773238323306472 ) ) ;
#3635 = CARTESIAN_POINT ( 'NONE',  ( 33.22118018810566298, 12.94475621410343358, 0.06540351428126324473 ) ) ;
#3636 = CARTESIAN_POINT ( 'NONE',  ( 6.168535983373453004E-15, -23.34889057605686347, -20.00000000000003553 ) ) ;
#3637 = ORIENTED_EDGE ( 'NONE', *, *, #4164, .F. ) ;
#3638 = CARTESIAN_POINT ( 'NONE',  ( -31.92449257517283101, 3.641635412655710002, 6.061142042914561046 ) ) ;
#3639 = ADVANCED_FACE ( 'NONE', ( #6041 ), #1788, .T. ) ;
#3640 = CARTESIAN_POINT ( 'NONE',  ( -25.11444639121271294, 28.86767340207725141, -0.4619168274041652866 ) ) ;
#3641 = VERTEX_POINT ( 'NONE', #3896 ) ;
#3642 = CARTESIAN_POINT ( 'NONE',  ( 13.01934794929651318, -30.25000000000000000, 1.860208429782086226 ) ) ;
#3643 = DIRECTION ( 'NONE',  ( 0.000000000000000000, 0.2934431313557196441, -0.9559765314379584655 ) ) ;
#3644 = TOROIDAL_SURFACE ( 'NONE', #1125, 229.2911684466441500, 25.49999999999999645 ) ;
#3645 = CARTESIAN_POINT ( 'NONE',  ( 22.76468661413067096, -30.08544412978683980, -0.2264962296652766605 ) ) ;
#3646 = DIRECTION ( 'NONE',  ( 1.674938480883984114E-14, 0.9559765314379553569, 0.2934431313557298582 ) ) ;
#3647 = CARTESIAN_POINT ( 'NONE',  ( -33.24999999999999289, 9.591564683836164562, 0.7887280973505849113 ) ) ;
#3648 = CARTESIAN_POINT ( 'NONE',  ( -33.69951262590621610, -18.15519378546966323, -0.4703615276262303468 ) ) ;
#3649 = CARTESIAN_POINT ( 'NONE',  ( 18.87379547562003168, 27.57107420585055735, 6.017409093678321774 ) ) ;
#3650 = ORIENTED_EDGE ( 'NONE', *, *, #4955, .F. ) ;
#3651 = CARTESIAN_POINT ( 'NONE',  ( 2.041610134797366527, 30.24999999999999645, 5.733381150415865157 ) ) ;
#3652 = CARTESIAN_POINT ( 'NONE',  ( -18.56503696447502350, 25.76402599927157411, 14.10763842270454482 ) ) ;
#3653 = CARTESIAN_POINT ( 'NONE',  ( -10.97688412207588904, 29.49231220207913751, 6.105163909579834680 ) ) ;
#3654 = CARTESIAN_POINT ( 'NONE',  ( 33.25000000000000711, -8.005548472028882756, 1.058631983710989211 ) ) ;
#3655 = CARTESIAN_POINT ( 'NONE',  ( -17.63964993285661720, 29.05197958286501247, 7.305211428378759919 ) ) ;
#3656 = EDGE_CURVE ( 'NONE', #335, #6389, #5652, .T. ) ;
#3657 = CARTESIAN_POINT ( 'NONE',  ( -31.15428837113217853, 11.07213114615161942, 6.208304032930113792 ) ) ;
#3658 = AXIS2_PLACEMENT_3D ( 'NONE', #5531, #4533, #818 ) ;
#3659 = CARTESIAN_POINT ( 'NONE',  ( 22.01023552725137833, -27.11586102251657948, 6.975818886516313100 ) ) ;
#3660 = ORIENTED_EDGE ( 'NONE', *, *, #6134, .F. ) ;
#3661 = CARTESIAN_POINT ( 'NONE',  ( -24.01919932450484652, -20.77327802995879935, 14.56620759182928282 ) ) ;
#3662 = CARTESIAN_POINT ( 'NONE',  ( 23.18118282431651878, -26.18174057142543987, 7.045206761502672776 ) ) ;
#3663 = AXIS2_PLACEMENT_3D ( 'NONE', #2728, #4918, #4849 ) ;
#3664 = CARTESIAN_POINT ( 'NONE',  ( 33.25000000000000000, 6.738427629942915331, 3.947889816862446999 ) ) ;
#3665 = CARTESIAN_POINT ( 'NONE',  ( -6.684919280089904881, -25.15555227005274475, -19.87671845188871345 ) ) ;
#3666 = CARTESIAN_POINT ( 'NONE',  ( 23.60124760249625808, 29.71762388142159139, 4.142970297179093819 ) ) ;
#3667 = DIRECTION ( 'NONE',  ( -0.000000000000000000, -0.000000000000000000, 1.000000000000000000 ) ) ;
#3668 = AXIS2_PLACEMENT_3D ( 'NONE', #1250, #4858, #2208 ) ;
#3669 = FACE_OUTER_BOUND ( 'NONE', #6540, .T. ) ;
#3670 = CARTESIAN_POINT ( 'NONE',  ( -24.82153224107003808, -27.28848235468020533, 3.366810388756695360 ) ) ;
#3671 = CARTESIAN_POINT ( 'NONE',  ( -31.75000000000000000, 2.031979488074577363E-11, 12.14142842854283444 ) ) ;
#3672 = CARTESIAN_POINT ( 'NONE',  ( -11.21706586826346275, 29.70252402249745671, 11.82629151725428329 ) ) ;
#3673 = EDGE_CURVE ( 'NONE', #1649, #2105, #4158, .T. ) ;
#3674 = CIRCLE ( 'NONE', #3789, 10.00000000000000000 ) ;
#3675 = CARTESIAN_POINT ( 'NONE',  ( 33.25000000000000711, 2.501220327931348297, -9.905315867202059366 ) ) ;
#3676 = CARTESIAN_POINT ( 'NONE',  ( 23.63869192144196418, -18.91286840878289155, 14.58083246818934953 ) ) ;
#3677 = CARTESIAN_POINT ( 'NONE',  ( -10.11975831913366797, 25.49140777541592229, -19.80817288341647142 ) ) ;
#3678 = ORIENTED_EDGE ( 'NONE', *, *, #3145, .T. ) ;
#3679 = CARTESIAN_POINT ( 'NONE',  ( -17.08155882523614721, 26.79334617963724341, 9.889596576422698959 ) ) ;
#3680 = AXIS2_PLACEMENT_3D ( 'NONE', #5691, #5659, #913 ) ;
#3681 = CARTESIAN_POINT ( 'NONE',  ( -20.92200976655747979, -27.60191988480768543, 7.151621015437330087 ) ) ;
#3682 = CARTESIAN_POINT ( 'NONE',  ( 30.21811166454814668, -1.608968665956165500, 8.866650547389600234 ) ) ;
#3683 = VERTEX_POINT ( 'NONE', #4189 ) ;
#3684 = CARTESIAN_POINT ( 'NONE',  ( -192.2911684466441500, 3.122849337825749828E-15, -124.8941410357254114 ) ) ;
#3685 = CARTESIAN_POINT ( 'NONE',  ( 33.25000000000000711, 9.591564683836153904, 0.7887280973505710335 ) ) ;
#3686 = CARTESIAN_POINT ( 'NONE',  ( 11.21706586826348229, 29.70252402249745671, 11.82629151725428862 ) ) ;
#3687 = CARTESIAN_POINT ( 'NONE',  ( -34.34146316395823817, -15.92595308987581504, 4.165223139465260793 ) ) ;
#3688 = CARTESIAN_POINT ( 'NONE',  ( 16.82124252397686703, 25.15429557797493842, 9.315909122973902612 ) ) ;
#3689 = ORIENTED_EDGE ( 'NONE', *, *, #1464, .F. ) ;
#3690 = EDGE_CURVE ( 'NONE', #3573, #367, #2454, .T. ) ;
#3691 = CARTESIAN_POINT ( 'NONE',  ( -11.72940986112746842, -27.88916940908510966, 12.36758123373108731 ) ) ;
#3692 = CARTESIAN_POINT ( 'NONE',  ( 31.71754747110173867, -1.660867427133723151, 9.298492320940477285 ) ) ;
#3693 = CARTESIAN_POINT ( 'NONE',  ( -26.93077563817004716, -25.72793458508731135, -0.6595299558605646206 ) ) ;
#3694 = CARTESIAN_POINT ( 'NONE',  ( -14.44682658340549608, 31.75000000000000355, 4.826596400376813811 ) ) ;
#3695 = CARTESIAN_POINT ( 'NONE',  ( -3.181156787634626600E-15, 22.02740699009505221, -18.50000000000000000 ) ) ;
#3696 = CARTESIAN_POINT ( 'NONE',  ( 24.06997110253193028, -20.74139108736826032, 14.57324412693503035 ) ) ;
#3697 = ORIENTED_EDGE ( 'NONE', *, *, #4809, .T. ) ;
#3698 = CARTESIAN_POINT ( 'NONE',  ( 33.25000000000000711, -11.75000000000000000, 5.000000000000000000 ) ) ;
#3699 = CARTESIAN_POINT ( 'NONE',  ( -37.00000000000000711, 0.000000000000000000, -214.9999999999998863 ) ) ;
#3700 = EDGE_CURVE ( 'NONE', #2702, #402, #2167, .T. ) ;
#3701 = CARTESIAN_POINT ( 'NONE',  ( 29.33231123076412672, 25.45382606003586901, -0.7063825501991705114 ) ) ;
#3702 = CARTESIAN_POINT ( 'NONE',  ( -14.83913326218218920, -29.99217393103218754, 7.245899930920050913 ) ) ;
#3703 = CARTESIAN_POINT ( 'NONE',  ( 18.35594118897007476, 31.47914277885799450, 4.507843680212302750 ) ) ;
#3704 = CARTESIAN_POINT ( 'NONE',  ( 9.797619801299451203E-16, 31.75000000000000000, 4.999999999999999112 ) ) ;
#3705 = B_SPLINE_CURVE_WITH_KNOTS ( 'NONE', 3,
 ( #4667, #6745, #1084, #4250, #5724, #2046, #1017, #3119, #1053, #2603, #1562, #3661, #428, #6664, #4517, #3074, #4615, #4039, #1936, #6695, #4133, #3104, #1003, #5199 ),
 .UNSPECIFIED., .F., .F.,
 ( 4, 2, 2, 2, 2, 2, 2, 2, 2, 2, 2, 4 ),
 ( 0.000000000000000000, 0.001873466577712413561, 0.003746933155424827123, 0.007493866310849648174, 0.01124079946627446966, 0.01311426604398687780, 0.01498773262169928941, 0.01873466577712410916, 0.02248159893254892891, 0.02435506551026133532, 0.02622853208797374172, 0.02997546524339855106 ),
 .UNSPECIFIED. ) ;
#3706 = CARTESIAN_POINT ( 'NONE',  ( 2.204757969431409226, -31.75000000000000000, 5.360426648904039304 ) ) ;
#3707 = CARTESIAN_POINT ( 'NONE',  ( -23.37121849656521277, -28.14394934934222192, 3.453815614665739275 ) ) ;
#3708 = CARTESIAN_POINT ( 'NONE',  ( -34.75000000000000000, -1.400183195388606139, -9.341220113436879302 ) ) ;
#3709 = CARTESIAN_POINT ( 'NONE',  ( 27.22986456577107717, 20.91915083091830496, 5.781612056914711140 ) ) ;
#3710 = CARTESIAN_POINT ( 'NONE',  ( 30.11985722551611744, 2.894471285764904867, 12.31383404097917733 ) ) ;
#3711 = CARTESIAN_POINT ( 'NONE',  ( 1.100908770256612934, -23.75000000000001066, -20.00000000000000000 ) ) ;
#3712 = CARTESIAN_POINT ( 'NONE',  ( -3.555976236205637964, -30.09444200382149504, 7.402593390580990196 ) ) ;
#3713 = ORIENTED_EDGE ( 'NONE', *, *, #2961, .F. ) ;
#3714 = CARTESIAN_POINT ( 'NONE',  ( -14.74999999999999467, 31.75000000000000000, 1.114006583039234721 ) ) ;
#3715 = B_SPLINE_CURVE_WITH_KNOTS ( 'NONE', 3,
 ( #2724, #4264, #2093, #4813, #151, #3677, #587, #122, #1613, #4332, #2195, #6422 ),
 .UNSPECIFIED., .F., .F.,
 ( 4, 2, 2, 2, 2, 4 ),
 ( 0.007583111062876228547, 0.009305919406622217838, 0.01102872775036820539, 0.01447434443786018224, 0.01791996112535216429, 0.02136557781284414287 ),
 .UNSPECIFIED. ) ;
#3716 = CARTESIAN_POINT ( 'NONE',  ( 12.82789569206561531, 31.75000000000000000, 4.746716091809510374 ) ) ;
#3717 = CARTESIAN_POINT ( 'NONE',  ( -7.377715486179864612, -30.24999999999636913, 4.636031077307167791 ) ) ;
#3718 = ORIENTED_EDGE ( 'NONE', *, *, #63, .F. ) ;
#3719 = CARTESIAN_POINT ( 'NONE',  ( 34.75000000000000711, 7.827113324876937561, -12.00000000000000355 ) ) ;
#3720 = B_SPLINE_CURVE_WITH_KNOTS ( 'NONE', 3,
 ( #6750, #4151, #1023, #3628, #1535 ),
 .UNSPECIFIED., .F., .F.,
 ( 4, 1, 4 ),
 ( 0.1662631376592539623, 0.1668408016922333093, 0.1674184657252126840 ),
 .UNSPECIFIED. ) ;
#3721 = CARTESIAN_POINT ( 'NONE',  ( 20.08799956630849337, -24.34497732477748144, -19.83265958765570147 ) ) ;
#3722 = CARTESIAN_POINT ( 'NONE',  ( 2.225527350209407729, -30.17131387980261081, 6.500468327557078929 ) ) ;
#3723 = DIRECTION ( 'NONE',  ( 0.000000000000000000, 0.000000000000000000, -1.000000000000000000 ) ) ;
#3724 = EDGE_CURVE ( 'NONE', #1893, #5929, #2613, .T. ) ;
#3725 = ORIENTED_EDGE ( 'NONE', *, *, #5223, .T. ) ;
#3726 = CARTESIAN_POINT ( 'NONE',  ( 14.71389834628843651, -23.74999999999736744, -18.50000000000000000 ) ) ;
#3727 = CARTESIAN_POINT ( 'NONE',  ( 13.24006461110268518, -29.10575112202171155, 6.264833989106764811 ) ) ;
#3728 = CARTESIAN_POINT ( 'NONE',  ( 33.19599916386830785, 3.696784790182590985, 6.877016156600533670 ) ) ;
#3729 = CARTESIAN_POINT ( 'NONE',  ( -33.24999999999999289, -11.75000000000000000, 0.2546058388728190680 ) ) ;
#3730 = CARTESIAN_POINT ( 'NONE',  ( -15.33043010344993640, 31.75000000000000355, 4.794752630682562078 ) ) ;
#3731 = B_SPLINE_CURVE_WITH_KNOTS ( 'NONE', 3,
 ( #5191, #482, #1989, #2542, #3636 ),
 .UNSPECIFIED., .F., .F.,
 ( 4, 1, 4 ),
 ( 0.02572687653998879595, 0.02631298732667111326, 0.02689909811335343057 ),
 .UNSPECIFIED. ) ;
#3732 = CARTESIAN_POINT ( 'NONE',  ( 29.30453745724778969, -12.24013730718973747, 9.926454318267756705 ) ) ;
#3733 = ADVANCED_FACE ( 'NONE', ( #6177 ), #961, .F. ) ;
#3734 = VERTEX_POINT ( 'NONE', #3096 ) ;
#3735 = CARTESIAN_POINT ( 'NONE',  ( -31.01172007318827184, -23.41128944666223788, -0.7147131302027525113 ) ) ;
#3736 = CARTESIAN_POINT ( 'NONE',  ( 34.75000000000000711, 9.591564683836155680, 0.7887280973505710335 ) ) ;
#3737 = CARTESIAN_POINT ( 'NONE',  ( 11.22043108132023903, 30.88175846898059973, 6.736809390745037263 ) ) ;
#3738 = CARTESIAN_POINT ( 'NONE',  ( -20.08799956630871364, 24.34497732477741749, -19.83265958765570147 ) ) ;
#3739 = CARTESIAN_POINT ( 'NONE',  ( 20.92035993448033082, 27.60330123423045023, 7.151709066972472328 ) ) ;
#3740 = CARTESIAN_POINT ( 'NONE',  ( -4.407775188083390638, 31.65055765035216240, 5.721062209605029203 ) ) ;
#3741 = ADVANCED_FACE ( 'NONE', ( #1540 ), #2025, .T. ) ;
#3742 = CARTESIAN_POINT ( 'NONE',  ( 4.056089166219349451, -31.75000000000000000, 4.111601362675018301 ) ) ;
#3743 = CARTESIAN_POINT ( 'NONE',  ( -23.80855089119337364, -27.89218136192819486, -0.4107087443177537267 ) ) ;
#3744 = CARTESIAN_POINT ( 'NONE',  ( -34.75000000000000000, -7.542817479421310978, -11.79406544011077607 ) ) ;
#3745 = CARTESIAN_POINT ( 'NONE',  ( 23.28472241480036686, 24.85736793184996074, 5.900182619231100212 ) ) ;
#3746 = CARTESIAN_POINT ( 'NONE',  ( 6.123233995736767268E-16, 31.75000000000000000, 5.000000000000000000 ) ) ;
#3747 = CARTESIAN_POINT ( 'NONE',  ( 15.72089063106350082, -25.87058724173278179, 13.73155346058934612 ) ) ;
#3748 = ADVANCED_FACE ( 'NONE', ( #6278 ), #1860, .F. ) ;
#3749 = DIRECTION ( 'NONE',  ( -2.668805347656626678E-16, -1.000000000000000000, 0.000000000000000000 ) ) ;
#3750 =( BOUNDED_SURFACE ( )  B_SPLINE_SURFACE ( 3, 2, ( 
 ( #3501, #3375, #6527 ),
 ( #1892, #5472, #2474 ),
 ( #5540, #1345, #4477 ),
 ( #3998, #2439, #829 ),
 ( #6557, #5087, #325 ),
 ( #3405, #1855, #3964 ),
 ( #6622, #1383, #1824 ),
 ( #3897, #5023, #1277 ) ),
 .UNSPECIFIED., .F., .F., .F. ) 
 B_SPLINE_SURFACE_WITH_KNOTS ( ( 4, 2, 2, 4 ),
 ( 3, 3 ),
 ( -3.563707374620040796E-05, 0.006191740903887005439, 0.009305429892703607694, 0.01241911888152021082 ),
 ( 0.000000000000000000, 1.000000000000000000 ),
 .UNSPECIFIED. ) 
 GEOMETRIC_REPRESENTATION_ITEM ( )  RATIONAL_B_SPLINE_SURFACE ( (
 ( 1.000000000000000000, 1.000000000000000000, 1.000000000000000000),
 ( 1.000000000000000000, 0.9999719249407879040, 1.000000000000000000),
 ( 1.000000000000000000, 0.9975259294853373593, 1.000000000000000000),
 ( 1.000000000000000000, 0.9895006360690672409, 1.000000000000000000),
 ( 1.000000000000000000, 0.9860966030941916705, 1.000000000000000000),
 ( 1.000000000000000000, 0.9774752146313071544, 1.000000000000000000),
 ( 1.000000000000000000, 0.9722623321141118380, 1.000000000000000000),
 ( 1.000000000000000000, 0.9657594123133692587, 1.000000000000000000) ) ) 
 REPRESENTATION_ITEM ( '' )  SURFACE ( )  );
#3751 = ORIENTED_EDGE ( 'NONE', *, *, #904, .F. ) ;
#3752 = CARTESIAN_POINT ( 'NONE',  ( 16.05591679316545495, -28.31596894574210310, 6.463633830502761413 ) ) ;
#3753 = CARTESIAN_POINT ( 'NONE',  ( 2.279307335739473750, -30.25000000000000355, 5.248064817001051097 ) ) ;
#3754 = CARTESIAN_POINT ( 'NONE',  ( -33.24999999999999289, 1.271439914259022252, -9.678502440477583235 ) ) ;
#3755 = VERTEX_POINT ( 'NONE', #4364 ) ;
#3756 = CARTESIAN_POINT ( 'NONE',  ( 17.20477952422068313, -31.60129460012073821, 0.6002493772175577780 ) ) ;
#3757 = CARTESIAN_POINT ( 'NONE',  ( -17.20620244292974732, -27.95668264543467529, 6.376530701577658000 ) ) ;
#3758 = CARTESIAN_POINT ( 'NONE',  ( 14.64661602852508082, 28.18609456987584139, 9.658925352666978270 ) ) ;
#3759 = CARTESIAN_POINT ( 'NONE',  ( 4.444224463883423404, -29.93536154944113292, 7.979539536693610380 ) ) ;
#3760 = CARTESIAN_POINT ( 'NONE',  ( 14.75000000000000888, -31.75000000000000000, 5.000000000000000000 ) ) ;
#3761 = VERTEX_POINT ( 'NONE', #3672 ) ;
#3762 = PRODUCT_DEFINITION ( 'UNKNOWN', '', #2337, #3121 ) ;
#3763 = AXIS2_PLACEMENT_3D ( 'NONE', #6044, #1347, #6492 ) ;
#3764 = CARTESIAN_POINT ( 'NONE',  ( -31.11541456539847772, 6.542227941417697146, 9.540180929459182835 ) ) ;
#3765 = EDGE_CURVE ( 'NONE', #90, #6013, #213, .T. ) ;
#3766 = CARTESIAN_POINT ( 'NONE',  ( 32.78110555350146171, 9.043658562343324547, 6.942857117421116442 ) ) ;
#3767 = CARTESIAN_POINT ( 'NONE',  ( 13.43701270530675806, 30.40382484943728869, 6.990241492778197063 ) ) ;
#3768 = CARTESIAN_POINT ( 'NONE',  ( 4.541298327244774669, 23.44568341742398943, -18.50000000000000000 ) ) ;
#3769 = CC_DESIGN_APPROVAL ( #4684, ( #2337 ) ) ;
#3770 = CARTESIAN_POINT ( 'NONE',  ( 1.766892234202519245E-14, 6.635028817689041958, -50.40115031154642367 ) ) ;
#3771 = EDGE_LOOP ( 'NONE', ( #3504, #2696 ) ) ;
#3772 = PRODUCT_DEFINITION_SHAPE ( 'NONE', 'NONE',  #3762 ) ;
#3773 = B_SPLINE_CURVE_WITH_KNOTS ( 'NONE', 3,
 ( #5161, #3575, #6251, #522, #6762, #427, #6186, #17, #3168, #6730, #2098, #556, #1036, #1518, #1965, #4650, #5232, #4195 ),
 .UNSPECIFIED., .F., .F.,
 ( 4, 2, 2, 2, 2, 2, 2, 2, 4 ),
 ( 0.000000000000000000, 0.005350911351130153461, 0.006688639188912692476, 0.008026367026695232360, 0.01070182270226030172, 0.01337727837782537454, 0.01605273405339044043, 0.01872818972895550979, 0.02140364540452057915 ),
 .UNSPECIFIED. ) ;
#3774 = FACE_OUTER_BOUND ( 'NONE', #4855, .T. ) ;
#3775 = CARTESIAN_POINT ( 'NONE',  ( 34.71756925892788814, 13.06301430449271450, 0.06247927878665705814 ) ) ;
#3776 = CIRCLE ( 'NONE', #1683, 6.500000000000000888 ) ;
#3777 = CARTESIAN_POINT ( 'NONE',  ( -7.994364411788102309, -31.31740199347569131, 6.223046487134026528 ) ) ;
#3778 = CARTESIAN_POINT ( 'NONE',  ( 26.86438597988896859, 22.89366216411815458, 6.931441462150945476 ) ) ;
#3779 = CARTESIAN_POINT ( 'NONE',  ( 23.91759363621517664, -20.97020994113834647, -18.43282888567767941 ) ) ;
#3780 = CARTESIAN_POINT ( 'NONE',  ( 4.751748886900687536E-16, -31.75000000000000000, 4.999999999999999112 ) ) ;
#3781 = CARTESIAN_POINT ( 'NONE',  ( -29.21739661902140028, -17.61157571801424382, 5.876963852848065883 ) ) ;
#3782 = CARTESIAN_POINT ( 'NONE',  ( -34.26889299532912503, -11.75000000000001243, -14.73244361786122880 ) ) ;
#3783 = CARTESIAN_POINT ( 'NONE',  ( 26.42071073596369146, 21.93039574182857621, 5.782144936138095659 ) ) ;
#3784 = CARTESIAN_POINT ( 'NONE',  ( -24.76245813936298745, 20.51594711905512014, -18.38263529642088301 ) ) ;
#3785 = CIRCLE ( 'NONE', #3668, 10.00000000000000000 ) ;
#3786 = CARTESIAN_POINT ( 'NONE',  ( -10.68712574850298935, -28.29925517104088684, 11.82629151725428152 ) ) ;
#3787 = EDGE_LOOP ( 'NONE', ( #2030, #1743, #982, #2386, #3135, #2520 ) ) ;
#3788 = CARTESIAN_POINT ( 'NONE',  ( -20.33253452288210639, 24.39406018208130078, 9.927469468846808809 ) ) ;
#3789 = AXIS2_PLACEMENT_3D ( 'NONE', #739, #6370, #4415 ) ;
#3790 = EDGE_CURVE ( 'NONE', #2114, #4419, #4544, .T. ) ;
#3791 = CARTESIAN_POINT ( 'NONE',  ( 17.20620244292976508, 27.95668264543467174, 6.376530701577657112 ) ) ;
#3792 = CARTESIAN_POINT ( 'NONE',  ( -34.74999999999999289, -10.70619998916459714, 4.403988271105077956 ) ) ;
#3793 = ORIENTED_EDGE ( 'NONE', *, *, #6265, .F. ) ;
#3794 = CARTESIAN_POINT ( 'NONE',  ( 18.05233685672548560, -28.90410362686724355, 7.287002770585452538 ) ) ;
#3795 = CARTESIAN_POINT ( 'NONE',  ( -12.14645451546257959, -29.31054125152591538, 6.195289267898973051 ) ) ;
#3796 = CARTESIAN_POINT ( 'NONE',  ( 12.31103349060708929, 29.27210342936933785, 12.36758123373391349 ) ) ;
#3797 = B_SPLINE_CURVE_WITH_KNOTS ( 'NONE', 3,
 ( #1698, #6298, #3251, #1595, #5788, #3178, #567, #5032, #2841, #1799, #6500, #2383, #3445, #2909, #3352, #2314, #800, #4959, #1354, #5549, #3868, #6087, #3480, #2416, #1769, #837, #4518, #766 ),
 .UNSPECIFIED., .F., .F.,
 ( 4, 2, 2, 2, 2, 2, 2, 2, 2, 2, 2, 2, 2, 4 ),
 ( 0.000000000000000000, 0.01072704125904143380, 0.01609056188856215763, 0.02145408251808287800, 0.02413584283284323645, 0.02681760314760359143, 0.02949936346236395335, 0.03218112377712431527, 0.03486288409188467025, 0.03620376424926485120, 0.03754464440664502523, 0.04022640472140538714, 0.04156728487878556810, 0.04290816503616575600 ),
 .UNSPECIFIED. ) ;
#3798 = CIRCLE ( 'NONE', #2032, 11.49999999999999822 ) ;
#3799 = CARTESIAN_POINT ( 'NONE',  ( -31.65752670660295465, 13.87186118481143815, 7.167187115787843510 ) ) ;
#3800 = EDGE_LOOP ( 'NONE', ( #5035, #1766, #3725, #1483, #6326, #4790 ) ) ;
#3801 = EDGE_CURVE ( 'NONE', #2659, #4432, #1359, .T. ) ;
#3802 = CARTESIAN_POINT ( 'NONE',  ( 13.89798103480169011, -28.93326370755967858, 6.394865722653197082 ) ) ;
#3803 = CARTESIAN_POINT ( 'NONE',  ( 33.26111303081687964, -0.9088443373683851023, 6.855961643084890866 ) ) ;
#3804 = CARTESIAN_POINT ( 'NONE',  ( -15.94099856046927322, -30.22131956845202794, 0.8272239857796263029 ) ) ;
#3805 = CYLINDRICAL_SURFACE ( 'NONE', #6626, 20.00000000000000000 ) ;
#3806 = CARTESIAN_POINT ( 'NONE',  ( 8.269676028758878417, -30.68130640634463546, 7.993033361222747324 ) ) ;
#3807 = ORIENTED_EDGE ( 'NONE', *, *, #4602, .T. ) ;
#3808 = CARTESIAN_POINT ( 'NONE',  ( 26.91822530878321373, -16.87798526472879246, 9.891177494208083232 ) ) ;
#3809 = ORIENTED_EDGE ( 'NONE', *, *, #1419, .F. ) ;
#3810 = VERTEX_POINT ( 'NONE', #2400 ) ;
#3811 = CARTESIAN_POINT ( 'NONE',  ( -20.08799956630870298, -24.34497732477742460, -19.83265958765569437 ) ) ;
#3812 = CARTESIAN_POINT ( 'NONE',  ( 34.75000000000000711, 12.40528515208716520, 0.1540338474922685608 ) ) ;
#3813 = CARTESIAN_POINT ( 'NONE',  ( -16.94101716223635279, -29.30231702473016142, 7.336036648050429321 ) ) ;
#3814 = DIRECTION ( 'NONE',  ( 0.000000000000000000, 1.000000000000000000, 0.000000000000000000 ) ) ;
#3815 = CARTESIAN_POINT ( 'NONE',  ( -7.429038308855093753, 31.75000000000359179, 4.851718614880478064 ) ) ;
#3816 = CARTESIAN_POINT ( 'NONE',  ( -32.10548470995199466, 18.20446948288515543, 3.361455140318787560 ) ) ;
#3817 = CARTESIAN_POINT ( 'NONE',  ( -0.9160227288779698718, 23.68647218035650681, -20.00000000000000355 ) ) ;
#3818 = CARTESIAN_POINT ( 'NONE',  ( 26.96937618737728926, 21.26032068677016085, 5.779922765439574839 ) ) ;
#3819 = CARTESIAN_POINT ( 'NONE',  ( 30.25000000000000000, -2.072236573767427323E-11, 12.14142842854286464 ) ) ;
#3820 = ORIENTED_EDGE ( 'NONE', *, *, #3309, .T. ) ;
#3821 = CARTESIAN_POINT ( 'NONE',  ( -29.26713866062072711, -7.822701845363993378, 9.137447494907695145 ) ) ;
#3822 = CARTESIAN_POINT ( 'NONE',  ( -61.00000000000000000, 2.939152317953647106E-15, -214.9999999999998863 ) ) ;
#3823 = EDGE_LOOP ( 'NONE', ( #4505, #891, #654, #3170 ) ) ;
#3824 = CARTESIAN_POINT ( 'NONE',  ( 14.56586862738724264, 28.74989470102512357, 6.448095826022727906 ) ) ;
#3825 = CARTESIAN_POINT ( 'NONE',  ( 26.98676198910447965, 21.26126072112543497, 5.777223330058813389 ) ) ;
#3826 = EDGE_LOOP ( 'NONE', ( #4372, #5066, #6361, #3380 ) ) ;
#3827 = CARTESIAN_POINT ( 'NONE',  ( -31.65752670660294754, 13.87186118481144526, 7.167187115787835516 ) ) ;
#3828 = CARTESIAN_POINT ( 'NONE',  ( -4.541298327200918195, -23.44568341742171569, -18.50000000000000000 ) ) ;
#3829 = CARTESIAN_POINT ( 'NONE',  ( 31.25779178040862050, 10.50889969320577677, 6.179195852882640949 ) ) ;
#3830 = ADVANCED_FACE ( 'NONE', ( #4944 ), #6334, .F. ) ;
#3831 = VERTEX_POINT ( 'NONE', #5046 ) ;
#3832 = CARTESIAN_POINT ( 'NONE',  ( -33.24999999999999289, -11.75000000000000000, 5.000000000000000000 ) ) ;
#3833 = CARTESIAN_POINT ( 'NONE',  ( -31.75032940582788044, 0.7506434985360406209, 12.14100385157048301 ) ) ;
#3834 = LINE ( 'NONE', #1214, #5524 ) ;
#3835 = CARTESIAN_POINT ( 'NONE',  ( -11.73026859206458816, 27.88882258842338402, 12.36800253450191178 ) ) ;
#3836 = CARTESIAN_POINT ( 'NONE',  ( -33.24999999999999289, -9.591564683836159233, 0.7887280973505726989 ) ) ;
#3837 = CARTESIAN_POINT ( 'NONE',  ( 17.72419076146824679, -29.27653155612798841, 7.050056540577728015 ) ) ;
#3838 = CARTESIAN_POINT ( 'NONE',  ( 11.21706586826346097, -29.70252402249746382, 11.82629151725428329 ) ) ;
#3839 = CARTESIAN_POINT ( 'NONE',  ( 13.33027253173123938, -29.17991732052058396, 6.110980766519941376 ) ) ;
#3840 = ORIENTED_EDGE ( 'NONE', *, *, #5832, .F. ) ;
#3841 = CARTESIAN_POINT ( 'NONE',  ( -17.97949076510765920, 31.49829367409740044, 0.4578818040306617543 ) ) ;
#3842 = CARTESIAN_POINT ( 'NONE',  ( -13.24006461110250576, 29.10575112202175774, 6.264833989106739942 ) ) ;
#3843 = CARTESIAN_POINT ( 'NONE',  ( -29.14241729201341968, 19.62177840168938303, -18.68739383071426730 ) ) ;
#3844 = CARTESIAN_POINT ( 'NONE',  ( 34.75000000000002132, -13.06059333679931633, 0.05345832110580107932 ) ) ;
#3845 = EDGE_CURVE ( 'NONE', #5028, #2837, #3887, .T. ) ;
#3846 = CARTESIAN_POINT ( 'NONE',  ( 14.75000000000006040, 39.05764969887460580, 11.82629151725432948 ) ) ;
#3847 = CARTESIAN_POINT ( 'NONE',  ( -26.13473223344080409, 22.25646820732868036, 5.786065169185446777 ) ) ;
#3848 = CARTESIAN_POINT ( 'NONE',  ( -21.37047924552624067, -29.08446717646562973, 3.598784684703531411 ) ) ;
#3849 = CYLINDRICAL_SURFACE ( 'NONE', #3658, 6.500000000000000888 ) ;
#3850 = CARTESIAN_POINT ( 'NONE',  ( 7.091116676549374276, -30.25000000000000000, 3.414078052986299294 ) ) ;
#3851 = ORIENTED_EDGE ( 'NONE', *, *, #3450, .F. ) ;
#3852 = CARTESIAN_POINT ( 'NONE',  ( -28.81335525908945883, -9.242881671560883916, 9.164845495787552920 ) ) ;
#3853 = EDGE_CURVE ( 'NONE', #3605, #1170, #1026, .T. ) ;
#3854 = CARTESIAN_POINT ( 'NONE',  ( 26.13473223344091068, -22.25646820732870879, 5.786065169185384605 ) ) ;
#3855 = VERTEX_POINT ( 'NONE', #781 ) ;
#3856 = CARTESIAN_POINT ( 'NONE',  ( -2.407006587240027991E-15, 14.25251855960290470, -45.28865065287401137 ) ) ;
#3857 = CARTESIAN_POINT ( 'NONE',  ( 24.75000000000000711, 9.591564683836155680, 0.7887280973505710335 ) ) ;
#3858 = CARTESIAN_POINT ( 'NONE',  ( -33.24999999999999289, 7.096594077037920556, -12.00000000000000000 ) ) ;
#3859 = ORIENTED_EDGE ( 'NONE', *, *, #3607, .T. ) ;
#3860 = FACE_OUTER_BOUND ( 'NONE', #5808, .T. ) ;
#3861 = ADVANCED_FACE ( 'NONE', ( #2431 ), #5198, .F. ) ;
#3862 = CARTESIAN_POINT ( 'NONE',  ( 34.75000000000001421, 2.445056382901308556, -9.515629510203647001 ) ) ;
#3863 = MECHANICAL_CONTEXT ( 'NONE', #6349, 'mechanical' ) ;
#3864 = LINE ( 'NONE', #5407, #3549 ) ;
#3865 = EDGE_LOOP ( 'NONE', ( #3944, #6776, #2962 ) ) ;
#3866 = CARTESIAN_POINT ( 'NONE',  ( -34.74999999999999289, 11.03827046459019279, 0.4653326329055814115 ) ) ;
#3867 = CARTESIAN_POINT ( 'NONE',  ( -31.53063951737753001, 3.801093315875117007, 12.41555608676010891 ) ) ;
#3868 = CARTESIAN_POINT ( 'NONE',  ( -2.584217631086151939E-14, -5.523384094812689327, -51.19102905238329271 ) ) ;
#3869 = DIRECTION ( 'NONE',  ( 0.000000000000000000, -0.000000000000000000, 1.000000000000000000 ) ) ;
#3870 = DIRECTION ( 'NONE',  ( 1.000000000000000000, 0.000000000000000000, -0.000000000000000000 ) ) ;
#3871 = CARTESIAN_POINT ( 'NONE',  ( 14.74999999999971578, -25.33714599355027630, -19.84098001496989738 ) ) ;
#3872 = B_SPLINE_CURVE_WITH_KNOTS ( 'NONE', 3,
 ( #6161, #6232, #6677, #2010, #6199, #3586 ),
 .UNSPECIFIED., .F., .F.,
 ( 4, 2, 4 ),
 ( 0.000000000000000000, 0.006226941612531948500, 0.01245388322506389700 ),
 .UNSPECIFIED. ) ;
#3873 = CARTESIAN_POINT ( 'NONE',  ( 25.63146836301864084, -16.10398533003888133, 9.205902695665571400 ) ) ;
#3874 = ORIENTED_EDGE ( 'NONE', *, *, #4210, .F. ) ;
#3875 = DIRECTION ( 'NONE',  ( 0.000000000000000000, -1.000000000000000000, 0.000000000000000000 ) ) ;
#3876 = CARTESIAN_POINT ( 'NONE',  ( 33.25000000000002132, -1.673643446543034763, 4.026177909315803660 ) ) ;
#3877 = ADVANCED_FACE ( 'NONE', ( #250 ), #3849, .F. ) ;
#3878 = VECTOR ( 'NONE', #4150, 1000.000000000000000 ) ;
#3879 = CARTESIAN_POINT ( 'NONE',  ( 11.22044169468211194, -30.88175618055483440, 6.736810604220178078 ) ) ;
#3880 = CARTESIAN_POINT ( 'NONE',  ( -7.156131611976666029, -29.40586608060799989, 9.728282363139173938 ) ) ;
#3881 = CARTESIAN_POINT ( 'NONE',  ( 17.05432632108484015, -29.26171554206586833, 7.331037200191190095 ) ) ;
#3882 = CARTESIAN_POINT ( 'NONE',  ( -28.16324797117173517, 24.50626830933196487, -0.7044050498018762374 ) ) ;
#3883 = AXIS2_PLACEMENT_3D ( 'NONE', #5909, #2460, #5038 ) ;
#3884 = CARTESIAN_POINT ( 'NONE',  ( -0.1820827360595506927, 23.41906782532608133, -19.99999999999999645 ) ) ;
#3885 = ADVANCED_FACE ( 'NONE', ( #751 ), #1752, .T. ) ;
#3886 = B_SPLINE_CURVE_WITH_KNOTS ( 'NONE', 3,
 ( #2885, #3844, #5935, #1224, #6478, #714, #2852, #2820, #4906, #4392, #4939, #1778, #5966, #244, #1263, #3362, #4424, #6513, #1812, #6061, #6608, #1400, #1365, #341, #3458, #3055 ),
 .UNSPECIFIED., .F., .F.,
 ( 4, 2, 2, 2, 2, 2, 2, 2, 2, 2, 2, 2, 4 ),
 ( 1.396055025299272671E-17, 0.003928987187208203904, 0.005893480780812304989, 0.007857974374416404340, 0.01178696156162458916, 0.01375145515522867290, 0.01571594874883276011, 0.01964493593604094493, 0.02160942952964503908, 0.02357392312324913322, 0.02750291031045730764, 0.02946740390406139831, 0.03143189749766548552 ),
 .UNSPECIFIED. ) ;
#3887 = CIRCLE ( 'NONE', #6612, 10.00000000000000000 ) ;
#3888 = CARTESIAN_POINT ( 'NONE',  ( 34.75000000000000711, -0.3527779867073857489, -9.261760844064724552 ) ) ;
#3889 = CARTESIAN_POINT ( 'NONE',  ( -25.21752713596823270, -19.29999293849397191, 9.865737152107916685 ) ) ;
#3890 = ORIENTED_EDGE ( 'NONE', *, *, #4386, .T. ) ;
#3891 = CARTESIAN_POINT ( 'NONE',  ( 28.64200997166755869, -23.98067832809196176, 3.235547906612923352 ) ) ;
#3892 = AXIS2_PLACEMENT_3D ( 'NONE', #5358, #3185, #2745 ) ;
#3893 = EDGE_LOOP ( 'NONE', ( #1689, #5403, #5213 ) ) ;
#3894 = EDGE_CURVE ( 'NONE', #5919, #6248, #276, .T. ) ;
#3895 = DIRECTION ( 'NONE',  ( -0.2771544855772438698, -0.9449777077964656158, 0.1737887306247193620 ) ) ;
#3896 = CARTESIAN_POINT ( 'NONE',  ( -30.46665454190762645, -8.935628742514968081, 13.47218163977896488 ) ) ;
#3897 = CARTESIAN_POINT ( 'NONE',  ( -13.43701270530674563, -30.40382484943728869, 6.990241492778186405 ) ) ;
#3898 = ORIENTED_EDGE ( 'NONE', *, *, #6667, .T. ) ;
#3899 = CARTESIAN_POINT ( 'NONE',  ( 34.75000000000000711, -9.960160439849500946, 0.7260014777859395974 ) ) ;
#3900 = CARTESIAN_POINT ( 'NONE',  ( -34.74999999999998579, 8.005548472028891638, 1.058631983711023850 ) ) ;
#3901 = APPLICATION_PROTOCOL_DEFINITION ( 'international standard', 'config_control_design', 1994, #6349 ) ;
#3902 = CARTESIAN_POINT ( 'NONE',  ( -31.75000000000000000, 3.888253587292846476E-15, 3.888253587292847265E-15 ) ) ;
#3903 = EDGE_LOOP ( 'NONE', ( #3793, #1447, #2485 ) ) ;
#3904 = CARTESIAN_POINT ( 'NONE',  ( 34.75000000000000711, -1.603571479111928877, 1.605999246799303615 ) ) ;
#3905 = CARTESIAN_POINT ( 'NONE',  ( -27.72495099249450234, 21.88614722360132347, 6.924871203209705506 ) ) ;
#3906 = AXIS2_PLACEMENT_3D ( 'NONE', #1454, #4605, #2577 ) ;
#3907 = DIRECTION ( 'NONE',  ( -0.000000000000000000, -0.000000000000000000, 1.000000000000000000 ) ) ;
#3908 = CARTESIAN_POINT ( 'NONE',  ( -15.94101789121905099, 30.22131863942084706, 0.8272195489953571013 ) ) ;
#3909 = CARTESIAN_POINT ( 'NONE',  ( 32.18766226403078434, -11.74426880893149239, 7.211638568967604357 ) ) ;
#3910 = CARTESIAN_POINT ( 'NONE',  ( -24.74999999999999289, 11.74999999999999289, 0.2546058388727097666 ) ) ;
#3911 = CARTESIAN_POINT ( 'NONE',  ( 19.15856546235624691, -23.41695851017457031, 14.31235530858988092 ) ) ;
#3912 = ORIENTED_EDGE ( 'NONE', *, *, #785, .T. ) ;
#3913 = AXIS2_PLACEMENT_3D ( 'NONE', #3846, #5936, #6514 ) ;
#3914 = CARTESIAN_POINT ( 'NONE',  ( 26.75000000000001066, -11.75000000000000000, -12.00000000000000000 ) ) ;
#3915 = CARTESIAN_POINT ( 'NONE',  ( -13.90238303974807721, -30.27124193495674831, 7.101142740858628066 ) ) ;
#3916 = CARTESIAN_POINT ( 'NONE',  ( 31.97481977998835490, 1.749947865557440085, 6.083474421612687699 ) ) ;
#3917 = CARTESIAN_POINT ( 'NONE',  ( 9.346191538315324010, 30.35880976933482600, 10.80142185105115971 ) ) ;
#3918 = CARTESIAN_POINT ( 'NONE',  ( -4.944511451557436340E-15, -30.25000000000000355, 4.999999999999999112 ) ) ;
#3919 = CARTESIAN_POINT ( 'NONE',  ( 33.25000000000000711, -0.6309550603457064755, -9.622299943510949305 ) ) ;
#3920 = CARTESIAN_POINT ( 'NONE',  ( -33.25000000000026290, 12.94217656901144231, 0.05679705796066442797 ) ) ;
#3921 = CARTESIAN_POINT ( 'NONE',  ( -14.74999999999999645, -31.75000000000000000, -12.00000000000000000 ) ) ;
#3922 = CARTESIAN_POINT ( 'NONE',  ( -13.55413071503973654, 30.50089875184413657, 6.791223505421505102 ) ) ;
#3923 = CARTESIAN_POINT ( 'NONE',  ( 10.27008801452790010, 30.07563404497061299, 8.603076578875478830 ) ) ;
#3924 = ORIENTED_EDGE ( 'NONE', *, *, #5729, .T. ) ;
#3925 = CARTESIAN_POINT ( 'NONE',  ( 30.17936400684554243, -15.21713020824161688, 6.011300192397483144 ) ) ;
#3926 = EDGE_LOOP ( 'NONE', ( #6507, #1008, #3368, #4439 ) ) ;
#3927 = CARTESIAN_POINT ( 'NONE',  ( -20.10857697288742330, 24.57813000654590851, 14.31235530859058080 ) ) ;
#3928 = CARTESIAN_POINT ( 'NONE',  ( 7.289758913015949889E-15, 22.48595659434922922, -23.77843486948118823 ) ) ;
#3929 = CARTESIAN_POINT ( 'NONE',  ( 13.51892349557032347, 31.75000000000000000, 4.814649765536411330 ) ) ;
#3930 = CARTESIAN_POINT ( 'NONE',  ( -19.07577098081686273, 23.48452462885749270, 14.30259287451490025 ) ) ;
#3931 = ORIENTED_EDGE ( 'NONE', *, *, #2487, .T. ) ;
#3932 = CARTESIAN_POINT ( 'NONE',  ( -28.68359349933745861, -9.625898007709759341, 13.73520026396732341 ) ) ;
#3933 = CARTESIAN_POINT ( 'NONE',  ( 32.26477192889024082, 16.15423228601725825, -17.23684125053324578 ) ) ;
#3934 = CARTESIAN_POINT ( 'NONE',  ( -33.24999999999999289, -11.75000000000000000, 0.2546058388728190680 ) ) ;
#3935 = ORIENTED_EDGE ( 'NONE', *, *, #1228, .T. ) ;
#3936 = CARTESIAN_POINT ( 'NONE',  ( 32.70807780109782215, 8.854402729783087622, 7.075141949175350220 ) ) ;
#3937 =( BOUNDED_SURFACE ( )  B_SPLINE_SURFACE ( 3, 2, ( 
 ( #6346, #5901, #112 ),
 ( #4869, #1746, #79 ),
 ( #4217, #1088, #4358 ),
 ( #1191, #2186, #6376 ),
 ( #4835, #142, #3777 ),
 ( #3186, #4318, #5797 ),
 ( #2780, #1120, #2713 ),
 ( #1636, #174, #1671 ) ),
 .UNSPECIFIED., .F., .F., .T. ) 
 B_SPLINE_SURFACE_WITH_KNOTS ( ( 4, 2, 2, 4 ),
 ( 3, 3 ),
 ( 0.03332163778764041934, 0.03747841449120205282, 0.04163519119476369323, 0.04994874460188697407 ),
 ( 0.000000000000000000, 0.6925434736955444759 ),
 .UNSPECIFIED. ) 
 GEOMETRIC_REPRESENTATION_ITEM ( )  RATIONAL_B_SPLINE_SURFACE ( (
 ( 1.000000000000000000, 0.9428703175302485251, 0.9648702125579473599),
 ( 1.000000000000000000, 0.9523821864460280118, 0.9707191849089651381),
 ( 1.000000000000000000, 0.9607324626183810778, 0.9758538787202342135),
 ( 1.000000000000000000, 0.9751024541142930824, 0.9846901740569495853),
 ( 1.000000000000000000, 0.9810442260388129165, 0.9883438471689618421),
 ( 1.000000000000000000, 0.9952660517968106024, 0.9970890334594841864),
 ( 1.000000000000000000, 0.9999818985460733334, 0.9999888691797091944),
 ( 1.000000000000000000, 1.000000000000000000, 1.000000000000000000) ) ) 
 REPRESENTATION_ITEM ( '' )  SURFACE ( )  );
#3938 = LINE ( 'NONE', #900, #3447 ) ;
#3939 = CARTESIAN_POINT ( 'NONE',  ( 1.100908770256621594, 23.75000000000000355, -20.00000000000000000 ) ) ;
#3940 = CARTESIAN_POINT ( 'NONE',  ( -28.64718646885785347, 23.97672074381545215, -0.7150874103836166729 ) ) ;
#3941 = EDGE_CURVE ( 'NONE', #1282, #2105, #1931, .T. ) ;
#3942 = CARTESIAN_POINT ( 'NONE',  ( -14.74999999999999645, -11.75000000000000000, -12.00000000000000000 ) ) ;
#3943 = CARTESIAN_POINT ( 'NONE',  ( 27.39251906325786123, -12.88688189581608690, 14.26495561389874389 ) ) ;
#3944 = ORIENTED_EDGE ( 'NONE', *, *, #3801, .F. ) ;
#3945 = VERTEX_POINT ( 'NONE', #5179 ) ;
#3946 = CARTESIAN_POINT ( 'NONE',  ( 3.591462486135310606, 30.09061173671746303, 7.426381034625802791 ) ) ;
#3947 = CARTESIAN_POINT ( 'NONE',  ( -26.73031215532209259, -14.20698712787751816, 9.262418031701095344 ) ) ;
#3948 = DIRECTION ( 'NONE',  ( 0.000000000000000000, 0.000000000000000000, -1.000000000000000000 ) ) ;
#3949 = CARTESIAN_POINT ( 'NONE',  ( 22.34100338725975377, -22.59341160108620272, 14.50603770403719039 ) ) ;
#3950 = CARTESIAN_POINT ( 'NONE',  ( -4.083624103058352439, -30.04298877467375206, 6.466708375582719270 ) ) ;
#3951 = EDGE_CURVE ( 'NONE', #730, #486, #2901, .T. ) ;
#3952 = CARTESIAN_POINT ( 'NONE',  ( 33.25000000000000711, -4.318622742494892641, -10.46840659141918195 ) ) ;
#3953 = PLANE ( 'NONE',  #3427 ) ;
#3954 = CARTESIAN_POINT ( 'NONE',  ( -14.74999999999985612, -30.25000000000000355, 1.114006583038575915 ) ) ;
#3955 = DIRECTION ( 'NONE',  ( -0.000000000000000000, 1.000000000000000000, 0.000000000000000000 ) ) ;
#3956 = CARTESIAN_POINT ( 'NONE',  ( 29.22784082549699392, 7.829663986691931754, 13.29861510076242226 ) ) ;
#3957 = VERTEX_POINT ( 'NONE', #473 ) ;
#3958 = EDGE_CURVE ( 'NONE', #2880, #730, #4055, .T. ) ;
#3959 = B_SPLINE_CURVE_WITH_KNOTS ( 'NONE', 3,
 ( #459, #5681, #4787, #525, #2622, #4720, #20, #2661, #5308, #971 ),
 .UNSPECIFIED., .F., .F.,
 ( 4, 2, 2, 2, 4 ),
 ( 0.000000000000000000, 0.004817999540737222253, 0.009635999081474444505, 0.01445399862221166676, 0.01927199816294888901 ),
 .UNSPECIFIED. ) ;
#3960 = CARTESIAN_POINT ( 'NONE',  ( 30.62139770061260791, -13.55358200708933936, 6.130299924250593335 ) ) ;
#3961 = ORIENTED_EDGE ( 'NONE', *, *, #1135, .F. ) ;
#3962 = DIRECTION ( 'NONE',  ( -0.000000000000000000, 1.000000000000000000, -0.000000000000000000 ) ) ;
#3963 = CARTESIAN_POINT ( 'NONE',  ( 14.74999999999971578, 25.33714599355027985, -19.84098001496989738 ) ) ;
#3964 = CARTESIAN_POINT ( 'NONE',  ( -10.11650683574563203, -31.75000000000000000, 2.682374083959478739 ) ) ;
#3965 = ORIENTED_EDGE ( 'NONE', *, *, #860, .F. ) ;
#3966 = CARTESIAN_POINT ( 'NONE',  ( 34.75000000000000000, -11.39680943592534135, 0.3630199509682033865 ) ) ;
#3967 = ADVANCED_FACE ( 'NONE', ( #5078 ), #2234, .T. ) ;
#3968 = CARTESIAN_POINT ( 'NONE',  ( 29.14241729201333797, 19.62177840168947185, -18.68739383071430282 ) ) ;
#3969 = PERSON_AND_ORGANIZATION ( #1161, #4427 ) ;
#3970 = ORIENTED_EDGE ( 'NONE', *, *, #5891, .F. ) ;
#3971 = CARTESIAN_POINT ( 'NONE',  ( 34.75000000000000711, 8.015906772535497993, 1.056869236151999125 ) ) ;
#3972 = B_SPLINE_CURVE_WITH_KNOTS ( 'NONE', 3,
 ( #3527, #1409, #6652, #3595 ),
 .UNSPECIFIED., .F., .F.,
 ( 4, 4 ),
 ( 5.204170427930421283E-18, 0.003287674723163874681 ),
 .UNSPECIFIED. ) ;
#3973 = EDGE_CURVE ( 'NONE', #335, #2846, #2082, .T. ) ;
#3974 = DIRECTION ( 'NONE',  ( 0.000000000000000000, 0.000000000000000000, -1.000000000000000000 ) ) ;
#3975 = CARTESIAN_POINT ( 'NONE',  ( 0.1818041493630705163, 23.41896045409217564, -20.00000000000000355 ) ) ;
#3976 = CARTESIAN_POINT ( 'NONE',  ( 13.24006461110267985, 29.10575112202171155, 6.264833989106764811 ) ) ;
#3977 = CARTESIAN_POINT ( 'NONE',  ( 20.49485561154156699, -22.27984962320368112, 14.45256509299857584 ) ) ;
#3978 = ORIENTED_EDGE ( 'NONE', *, *, #3656, .T. ) ;
#3979 =( BOUNDED_SURFACE ( )  B_SPLINE_SURFACE ( 3, 2, ( 
 ( #5379, #5820, #1697 ),
 ( #3350, #4792, #4380 ),
 ( #1661, #3764, #101 ),
 ( #3867, #3211, #633 ),
 ( #4347, #162, #2249 ),
 ( #5411, #5448, #2736 ),
 ( #3833, #6467, #1768 ),
 ( #6400, #666, #735 ),
 ( #3250, #2840, #3310 ),
 ( #1626, #6433, #4928 ),
 ( #232, #701, #2312 ),
 ( #4412, #4894, #2769 ) ),
 .UNSPECIFIED., .F., .F., .T. ) 
 B_SPLINE_SURFACE_WITH_KNOTS ( ( 4, 2, 2, 2, 2, 4 ),
 ( 3, 3 ),
 ( 0.03241287845847286297, 0.03846102603606493114, 0.04148509982486096870, 0.04450917361365699931, 0.05055732119124906748, 0.05660546876884113565 ),
 ( 0.000000000000000000, 0.6979017427251972272 ),
 .UNSPECIFIED. ) 
 GEOMETRIC_REPRESENTATION_ITEM ( )  RATIONAL_B_SPLINE_SURFACE ( (
 ( 1.000000000000000000, 0.9084644385489626384, 0.9446945328139420006),
 ( 1.000000000000000000, 0.9205652915954490867, 0.9520058260477060053),
 ( 1.000000000000000000, 0.9297906790099226271, 0.9575797729689008442),
 ( 1.000000000000000000, 0.9391625018047441431, 0.9632421956365084803),
 ( 1.000000000000000000, 0.9415403123667684948, 0.9646788604903429043),
 ( 1.000000000000000000, 0.9447340450346178864, 0.9666085026366606492),
 ( 1.000000000000000000, 0.9455414433150385323, 0.9670963298635442129),
 ( 1.000000000000000000, 0.9455124666990947224, 0.9670788222931874234),
 ( 1.000000000000000000, 0.9423022195236979703, 0.9651392021389699760),
 ( 1.000000000000000000, 0.9298883570848318625, 0.9576387897213090028),
 ( 1.000000000000000000, 0.9206753026622847003, 0.9520722943508499458),
 ( 1.000000000000000000, 0.9084644385489643037, 0.9446945328139431108) ) ) 
 REPRESENTATION_ITEM ( '' )  SURFACE ( )  );
#3980 = CARTESIAN_POINT ( 'NONE',  ( -20.65375841591092509, -22.13003679641490962, 9.233709412860692467 ) ) ;
#3981 = CARTESIAN_POINT ( 'NONE',  ( -15.09203584452666469, 28.59799698922045508, 6.459600169206142439 ) ) ;
#3982 = CARTESIAN_POINT ( 'NONE',  ( 22.87980829647234060, 28.37913256598801226, -0.3111020043368714072 ) ) ;
#3983 = CARTESIAN_POINT ( 'NONE',  ( 1.876234428671207377, 31.75000000000000000, 6.207456398758046667 ) ) ;
#3984 = CARTESIAN_POINT ( 'NONE',  ( 13.00000000000001066, 2.939152317953647106E-15, -214.9999999999998863 ) ) ;
#3985 = CARTESIAN_POINT ( 'NONE',  ( 13.43701270530666392, -30.40382484943731356, 6.990241492778181964 ) ) ;
#3986 = CARTESIAN_POINT ( 'NONE',  ( -27.92446182068341898, -26.85589798038186515, -0.6598138546586909126 ) ) ;
#3987 = CARTESIAN_POINT ( 'NONE',  ( -34.74999999999999289, 7.827113324890405011, -12.00000000000978417 ) ) ;
#3988 = AXIS2_PLACEMENT_3D ( 'NONE', #2151, #5177, #4763 ) ;
#3989 = CARTESIAN_POINT ( 'NONE',  ( -1.893810413086103539, 31.75000000000000000, 6.218767535019852133 ) ) ;
#3990 = CARTESIAN_POINT ( 'NONE',  ( 2.100141996914229647, 31.75000000000000711, 5.796687951619299284 ) ) ;
#3991 = CARTESIAN_POINT ( 'NONE',  ( 30.97143564125169490, 23.46788289042612163, -0.7154773238320990547 ) ) ;
#3992 = VECTOR ( 'NONE', #871, 1000.000000000000000 ) ;
#3993 = CARTESIAN_POINT ( 'NONE',  ( -34.74999999999999289, -6.428679138169656859, 1.259070751884569184 ) ) ;
#3994 = ORIENTED_EDGE ( 'NONE', *, *, #3425, .F. ) ;
#3995 = CARTESIAN_POINT ( 'NONE',  ( 5.610765809951748753E-15, -3.323952094330534290, -56.76229101640382879 ) ) ;
#3996 = CARTESIAN_POINT ( 'NONE',  ( 26.75000000000001066, -11.75000000000000000, -12.00000000000000000 ) ) ;
#3997 = CARTESIAN_POINT ( 'NONE',  ( 31.75000000000049383, 0.7649434681159195115, 12.14142842854222870 ) ) ;
#3998 = CARTESIAN_POINT ( 'NONE',  ( -7.746658129095766121, -31.33208705282778439, 6.231451535073397885 ) ) ;
#3999 = ORIENTED_EDGE ( 'NONE', *, *, #1658, .F. ) ;
#4000 = CARTESIAN_POINT ( 'NONE',  ( 13.24006461110275623, 29.10575112202169379, 6.264833989106778134 ) ) ;
#4001 = EDGE_LOOP ( 'NONE', ( #3898, #5911, #4578 ) ) ;
#4002 = CYLINDRICAL_SURFACE ( 'NONE', #5322, 25.49999999999999645 ) ;
#4003 = CARTESIAN_POINT ( 'NONE',  ( -30.54586008352083581, -17.28123130156451381, 7.018033043709144714 ) ) ;
#4004 = CARTESIAN_POINT ( 'NONE',  ( 24.75000000000000711, 9.591564683836155680, 0.7887280973505710335 ) ) ;
#4005 = CARTESIAN_POINT ( 'NONE',  ( 27.88011950651709725, -20.61980252907454769, -19.02287614716790287 ) ) ;
#4006 = CARTESIAN_POINT ( 'NONE',  ( 32.94075756896854301, 10.20349287695370499, -14.04700629908091791 ) ) ;
#4007 = CARTESIAN_POINT ( 'NONE',  ( -22.93280711343502887, 19.76148284702112079, 14.57324412693642834 ) ) ;
#4008 = AXIS2_PLACEMENT_3D ( 'NONE', #6330, #2103, #6364 ) ;
#4009 = CIRCLE ( 'NONE', #5546, 11.50000000000000000 ) ;
#4010 = CARTESIAN_POINT ( 'NONE',  ( 29.02728503599072951, 8.513473053892212761, 13.47218163977898087 ) ) ;
#4011 = ADVANCED_FACE ( 'NONE', ( #6203, #6236 ), #1503, .T. ) ;
#4012 = EDGE_LOOP ( 'NONE', ( #4212, #2174, #462, #3402, #2196 ) ) ;
#4013 = CARTESIAN_POINT ( 'NONE',  ( -28.09870685223904019, -11.22981530022512509, 9.318669146816198179 ) ) ;
#4014 = AXIS2_PLACEMENT_3D ( 'NONE', #4374, #4921, #2866 ) ;
#4015 = CARTESIAN_POINT ( 'NONE',  ( 31.60414721822757045, -8.936613655078694762, 6.015099482246045959 ) ) ;
#4016 = CARTESIAN_POINT ( 'NONE',  ( 15.94099856046929453, 30.22131956845203149, 0.8272239857796296336 ) ) ;
#4017 = CARTESIAN_POINT ( 'NONE',  ( 11.12748861143420953, 30.85878426301239585, 6.709087928325455863 ) ) ;
#4018 = CARTESIAN_POINT ( 'NONE',  ( -15.65207467060557711, -30.25000000000000000, 4.232259138704343115 ) ) ;
#4019 = CARTESIAN_POINT ( 'NONE',  ( -37.00000000000000711, 0.000000000000000000, -124.8941410357254114 ) ) ;
#4020 = CARTESIAN_POINT ( 'NONE',  ( -20.36718745958503263, 26.68151093336133073, 6.104075888702046981 ) ) ;
#4021 = VECTOR ( 'NONE', #1913, 1000.000000000000000 ) ;
#4022 = CARTESIAN_POINT ( 'NONE',  ( 30.62139770061252264, -13.55358200708972483, 6.130299924250567578 ) ) ;
#4023 = FACE_BOUND ( 'NONE', #3410, .T. ) ;
#4024 = CARTESIAN_POINT ( 'NONE',  ( 10.30294494421556628, 30.04773894796429801, 11.34033746866808379 ) ) ;
#4025 = CARTESIAN_POINT ( 'NONE',  ( 34.71884344660078625, 13.04162833957060386, 0.06540351428052613991 ) ) ;
#4026 = CARTESIAN_POINT ( 'NONE',  ( 22.87465734601008194, -28.39764547382520732, 3.487541672069813359 ) ) ;
#4027 = VERTEX_POINT ( 'NONE', #5625 ) ;
#4028 = CARTESIAN_POINT ( 'NONE',  ( 1.108775090161768807E-14, -19.72649294566928546, -32.98868092959077103 ) ) ;
#4029 = CARTESIAN_POINT ( 'NONE',  ( 34.04926122587183102, -12.63946480800860783, -15.33680659981976291 ) ) ;
#4030 = CARTESIAN_POINT ( 'NONE',  ( -19.71544973328978045, -31.16588535276032701, 0.1674732975706140214 ) ) ;
#4031 = CARTESIAN_POINT ( 'NONE',  ( 14.17728982903008372, 25.39454793194697402, -19.82936089894430509 ) ) ;
#4032 = CARTESIAN_POINT ( 'NONE',  ( -15.72089063106350793, 25.87058724173277824, 13.73155346058935145 ) ) ;
#4033 = CARTESIAN_POINT ( 'NONE',  ( 2.177931810462652606, 30.25000000000000000, 5.239646471248615711 ) ) ;
#4034 = EDGE_CURVE ( 'NONE', #6038, #4823, #1905, .T. ) ;
#4035 = CARTESIAN_POINT ( 'NONE',  ( -19.71540570429116457, 31.16589586641574883, 0.1674800974925327590 ) ) ;
#4036 = ORIENTED_EDGE ( 'NONE', *, *, #5190, .T. ) ;
#4037 = CARTESIAN_POINT ( 'NONE',  ( -9.959163908865177106, 28.60131460810021053, 8.269866082040174149 ) ) ;
#4038 = CARTESIAN_POINT ( 'NONE',  ( -25.95650684573477207, -23.87181551194897366, 6.945934679098817455 ) ) ;
#4039 = CARTESIAN_POINT ( 'NONE',  ( -17.04999006190687183, -26.79060837279142149, 13.83602409443450476 ) ) ;
#4040 = CARTESIAN_POINT ( 'NONE',  ( 28.09110696844802035, 21.51415494543025275, 6.866179486497519413 ) ) ;
#4041 = CARTESIAN_POINT ( 'NONE',  ( -16.36656330624952460, 25.47038425763529190, 9.315656336620989464 ) ) ;
#4042 = ADVANCED_FACE ( 'NONE', ( #1020 ), #1953, .T. ) ;
#4043 = CARTESIAN_POINT ( 'NONE',  ( 13.16524736330300982, -28.91172569106589307, 9.393790921787115167 ) ) ;
#4044 = CARTESIAN_POINT ( 'NONE',  ( 20.65375841591612982, 22.13003679640277710, 9.233709412862118882 ) ) ;
#4045 = EDGE_LOOP ( 'NONE', ( #1078, #1904, #4581, #2079 ) ) ;
#4046 = CARTESIAN_POINT ( 'NONE',  ( 11.22529599281753043, 29.51713999060436322, 5.986618969173570726 ) ) ;
#4047 = CARTESIAN_POINT ( 'NONE',  ( -30.46665454190762645, -8.935628742514968081, 13.47218163977896488 ) ) ;
#4048 = CARTESIAN_POINT ( 'NONE',  ( 31.97479549486866190, -1.823350265875509191, 6.063203791706332169 ) ) ;
#4049 = CARTESIAN_POINT ( 'NONE',  ( -10.57139879941823679, 30.24999999999639755, 4.471547869134922415 ) ) ;
#4050 = CARTESIAN_POINT ( 'NONE',  ( 8.865740884283317413, 31.19735857064579676, 6.396497458103530320 ) ) ;
#4051 = LINE ( 'NONE', #3984, #5539 ) ;
#4052 = CARTESIAN_POINT ( 'NONE',  ( 14.75000000000000711, -23.75000000000000000, -18.50000000000000355 ) ) ;
#4053 = CARTESIAN_POINT ( 'NONE',  ( -17.19560368426104091, 30.14276955996152196, 4.021078512715080322 ) ) ;
#4054 = CARTESIAN_POINT ( 'NONE',  ( 17.20620244292984324, 27.95668264543464332, 6.376530701577653559 ) ) ;
#4055 = LINE ( 'NONE', #985, #5630 ) ;
#4056 = CARTESIAN_POINT ( 'NONE',  ( 192.2911684466444058, -3.122849337825749828E-15, -124.8941410357254966 ) ) ;
#4057 = CARTESIAN_POINT ( 'NONE',  ( 30.09449924229511453, 18.07956624781852639, 6.997734406212051006 ) ) ;
#4058 = CARTESIAN_POINT ( 'NONE',  ( 18.76462017946868599, -29.85546563597304370, 3.843760693278230889 ) ) ;
#4059 = CARTESIAN_POINT ( 'NONE',  ( -29.25091195423405921, -25.54045201022335476, -0.7044077686506213798 ) ) ;
#4060 = CARTESIAN_POINT ( 'NONE',  ( 30.52419231244321907, 13.97148949981000854, 6.099154847727733753 ) ) ;
#4061 = CARTESIAN_POINT ( 'NONE',  ( -30.46320033401693550, 15.62409139176610751, -16.98501816613643101 ) ) ;
#4062 = CARTESIAN_POINT ( 'NONE',  ( -34.74999999999999289, 3.794246404865192712, -9.883630598743909701 ) ) ;
#4063 = B_SPLINE_CURVE_WITH_KNOTS ( 'NONE', 3,
 ( #4711, #4190, #2650, #4739, #1960, #4061, #6142, #3531, #5636, #928, #5367, #3784, #1096, #2755, #3266, #3294, #4293, #1197, #4225, #4810, #620, #683 ),
 .UNSPECIFIED., .F., .F.,
 ( 4, 2, 2, 2, 2, 2, 2, 2, 2, 2, 4 ),
 ( 0.000000000000000000, 0.002882560350634585759, 0.004323840525951875603, 0.005765120701269166315, 0.008647681051903737329, 0.01153024140253831008, 0.01441280175317287936, 0.01585408192849016573, 0.01729536210380745384, 0.02017792245444204047, 0.02306048280507662362 ),
 .UNSPECIFIED. ) ;
#4064 = CARTESIAN_POINT ( 'NONE',  ( -23.19885922788802901, 26.16931719476540863, 7.044426995180977258 ) ) ;
#4065 = ORIENTED_EDGE ( 'NONE', *, *, #1822, .T. ) ;
#4066 = CARTESIAN_POINT ( 'NONE',  ( -27.98437797543314076, 19.85894243641496359, 5.795044621974857257 ) ) ;
#4067 = CARTESIAN_POINT ( 'NONE',  ( 12.31413182586193322, -29.37170763342658830, 6.025647039226164736 ) ) ;
#4068 = CARTESIAN_POINT ( 'NONE',  ( 29.78738758543308762, -18.68068012257053923, 6.979349313396595811 ) ) ;
#4069 = CARTESIAN_POINT ( 'NONE',  ( 23.65237789649743405, 21.18982937371853126, 14.55726684203114907 ) ) ;
#4070 = CARTESIAN_POINT ( 'NONE',  ( -31.27326173156086497, 11.09157621650325432, 6.065048493069928881 ) ) ;
#4071 = ORIENTED_EDGE ( 'NONE', *, *, #4355, .F. ) ;
#4072 = CARTESIAN_POINT ( 'NONE',  ( 28.81851540773810427, 9.225287781886974514, 9.268741713997869169 ) ) ;
#4073 = ORIENTED_EDGE ( 'NONE', *, *, #5130, .T. ) ;
#4074 = CARTESIAN_POINT ( 'NONE',  ( 7.043139595769211780, 29.44658771804913044, 7.429627121787374833 ) ) ;
#4075 = CARTESIAN_POINT ( 'NONE',  ( -34.74999999999999289, -9.591564683836159233, 0.7887280973505726989 ) ) ;
#4076 = CARTESIAN_POINT ( 'NONE',  ( 28.81335525908946593, 9.242881671560880363, 9.164845495787567131 ) ) ;
#4077 = CARTESIAN_POINT ( 'NONE',  ( -13.24006461110267630, 29.10575112202170800, 6.264833989106771917 ) ) ;
#4078 = CARTESIAN_POINT ( 'NONE',  ( -29.86232370388948709, 18.80590496636199660, 6.896638903762279504 ) ) ;
#4079 = CARTESIAN_POINT ( 'NONE',  ( -30.62139770061264699, -13.55358200708955252, 6.130299924250985910 ) ) ;
#4080 = CARTESIAN_POINT ( 'NONE',  ( -12.12402541061340955, -31.75000000000000000, 2.154191468302061097 ) ) ;
#4081 = CARTESIAN_POINT ( 'NONE',  ( -17.99909530861376439, 27.69200066228060919, 6.304514832651681111 ) ) ;
#4082 = CARTESIAN_POINT ( 'NONE',  ( 29.58556538074334341, -16.81997802064906722, 5.915134035358701858 ) ) ;
#4083 = EDGE_CURVE ( 'NONE', #2164, #4105, #6263, .T. ) ;
#4084 = DIRECTION ( 'NONE',  ( 0.000000000000000000, 0.000000000000000000, -1.000000000000000000 ) ) ;
#4085 = CARTESIAN_POINT ( 'NONE',  ( -13.94307021436420513, -28.53102214296040628, 13.00219207130523102 ) ) ;
#4086 = CARTESIAN_POINT ( 'NONE',  ( 34.75000000000000711, 11.74999999999964650, 0.2546058388727641675 ) ) ;
#4087 = DIRECTION ( 'NONE',  ( -1.000000000000000000, -0.000000000000000000, 0.000000000000000000 ) ) ;
#4088 = CARTESIAN_POINT ( 'NONE',  ( 19.18985795344343259, -27.21976775134963944, 6.201525458561167881 ) ) ;
#4089 = VECTOR ( 'NONE', #3406, 1000.000000000000000 ) ;
#4090 = CARTESIAN_POINT ( 'NONE',  ( 17.13231223959359895, -30.10572728848690005, 0.5750970080225275005 ) ) ;
#4091 = CARTESIAN_POINT ( 'NONE',  ( -24.27872160273432200, -25.35294148165571926, 7.000091321772872632 ) ) ;
#4092 = CARTESIAN_POINT ( 'NONE',  ( 30.62139770061257593, 13.55358200708947081, 6.130299924250591559 ) ) ;
#4093 = CARTESIAN_POINT ( 'NONE',  ( 12.12402541061341665, 21.75000000000000000, 2.154191468302071755 ) ) ;
#4094 = CARTESIAN_POINT ( 'NONE',  ( 4.216056319362322391, 30.24999999997848832, 4.794670526954658563 ) ) ;
#4095 = SECURITY_CLASSIFICATION ( '', '', #2867 ) ;
#4096 = CARTESIAN_POINT ( 'NONE',  ( -18.14612038636751024, 31.46213795996722595, 0.4311487955559950014 ) ) ;
#4097 = ADVANCED_FACE ( 'NONE', ( #3523 ), #2791, .F. ) ;
#4098 = VERTEX_POINT ( 'NONE', #2466 ) ;
#4099 = CARTESIAN_POINT ( 'NONE',  ( -6.265279901510963256, 29.60792161104054898, 9.161994681951215469 ) ) ;
#4100 = CARTESIAN_POINT ( 'NONE',  ( -33.24999999999999289, -2.056954810363788283E-25, -9.622299943510947529 ) ) ;
#4101 = CARTESIAN_POINT ( 'NONE',  ( 31.65752670660296175, -13.87186118481143460, 7.167187115787840845 ) ) ;
#4102 = CARTESIAN_POINT ( 'NONE',  ( 30.28492512415435556, 9.555247971372116567, 9.813178667619336437 ) ) ;
#4103 = CARTESIAN_POINT ( 'NONE',  ( -21.45404601005688150, 21.35518826110855173, 9.203082137313316480 ) ) ;
#4104 = CARTESIAN_POINT ( 'NONE',  ( 23.67795370674435418, 18.83439278439529474, 9.164293820997464479 ) ) ;
#4105 = VERTEX_POINT ( 'NONE', #4669 ) ;
#4106 = CARTESIAN_POINT ( 'NONE',  ( -13.34989813905762901, 28.81291068487560736, 12.79103083701581234 ) ) ;
#4107 = CARTESIAN_POINT ( 'NONE',  ( 31.92449257517336036, -3.641635412657831417, 6.061142042914418937 ) ) ;
#4108 = B_SPLINE_CURVE_WITH_KNOTS ( 'NONE', 3,
 ( #3782, #5803, #5876, #1165, #650, #1573 ),
 .UNSPECIFIED., .F., .F.,
 ( 4, 2, 4 ),
 ( 0.000000000000000000, 0.002400878242464826381, 0.004801756484929652763 ),
 .UNSPECIFIED. ) ;
#4109 = FACE_OUTER_BOUND ( 'NONE', #5627, .T. ) ;
#4110 = CARTESIAN_POINT ( 'NONE',  ( -33.25000000000557776, 6.717220280879631744, 3.948415182398282486 ) ) ;
#4111 = CARTESIAN_POINT ( 'NONE',  ( -31.25779178040859918, -10.50889969320578743, 6.179195852882648055 ) ) ;
#4112 = EDGE_CURVE ( 'NONE', #3683, #3831, #3776, .T. ) ;
#4113 = CARTESIAN_POINT ( 'NONE',  ( -34.74999999999999289, 7.827113324890405011, -12.00000000000978417 ) ) ;
#4114 = CIRCLE ( 'NONE', #6083, 10.00000000000000355 ) ;
#4115 = CARTESIAN_POINT ( 'NONE',  ( -32.40622562401012630, -10.67078234191807695, 7.130454868564777726 ) ) ;
#4116 = DIRECTION ( 'NONE',  ( 0.000000000000000000, 0.000000000000000000, 1.000000000000000000 ) ) ;
#4117 = CARTESIAN_POINT ( 'NONE',  ( -11.76272959584284550, -29.49645581194592125, 12.11637074977641326 ) ) ;
#4118 = CARTESIAN_POINT ( 'NONE',  ( 30.98074201477600198, 16.02748437608111587, 7.073752109289179302 ) ) ;
#4119 = DIRECTION ( 'NONE',  ( 1.000000000000000000, 0.000000000000000000, -1.224646799147353454E-16 ) ) ;
#4120 = CIRCLE ( 'NONE', #3462, 10.00000000000000178 ) ;
#4121 = CARTESIAN_POINT ( 'NONE',  ( -34.74999999999999289, -1.619045829285875593, 1.605549023641318129 ) ) ;
#4122 = CARTESIAN_POINT ( 'NONE',  ( 1.655841290262049758E-14, -17.63028552103719093, -38.40958757210015051 ) ) ;
#4123 = CARTESIAN_POINT ( 'NONE',  ( -30.62139770061250843, 13.55358200708972660, 6.130299924250572019 ) ) ;
#4124 = CARTESIAN_POINT ( 'NONE',  ( -28.77827473143250359, -20.42008677463427446, 6.937832643243554642 ) ) ;
#4125 = CARTESIAN_POINT ( 'NONE',  ( 10.12050734920464912, 31.75000000000000000, 2.698146503093778570 ) ) ;
#4126 = CARTESIAN_POINT ( 'NONE',  ( -28.30269434960446162, 10.74239447773993739, 13.96058837318083334 ) ) ;
#4127 = EDGE_LOOP ( 'NONE', ( #4956, #5042, #830, #4718, #3144, #4934 ) ) ;
#4128 = CARTESIAN_POINT ( 'NONE',  ( -34.74999999999998579, 4.784168201132570353, -10.24295361440079688 ) ) ;
#4129 = CARTESIAN_POINT ( 'NONE',  ( -19.28849266550193420, 28.39069347975782520, 7.230073913113365336 ) ) ;
#4130 = ORIENTED_EDGE ( 'NONE', *, *, #997, .T. ) ;
#4131 = CARTESIAN_POINT ( 'NONE',  ( -25.26009937335012623, 23.18943177297940750, 5.805630270182683184 ) ) ;
#4132 = CARTESIAN_POINT ( 'NONE',  ( 9.816188901559844027, -28.62816176402468571, 11.34033594083383889 ) ) ;
#4133 = CARTESIAN_POINT ( 'NONE',  ( -14.93818488005110368, -28.02266817509251595, 13.31676972172911277 ) ) ;
#4134 = DIRECTION ( 'NONE',  ( 0.000000000000000000, -0.2934431313557298027, 0.9559765314379553569 ) ) ;
#4135 = CARTESIAN_POINT ( 'NONE',  ( 28.74808664730830543, 13.53288959225046995, 14.26604045940509202 ) ) ;
#4136 = CARTESIAN_POINT ( 'NONE',  ( -25.63146836302411202, 16.10398533003872856, 9.205902695663787938 ) ) ;
#4137 = CARTESIAN_POINT ( 'NONE',  ( 26.73031215531679550, 14.20698712787840101, 9.262418031699018783 ) ) ;
#4138 = ORIENTED_EDGE ( 'NONE', *, *, #1419, .T. ) ;
#4139 = CARTESIAN_POINT ( 'NONE',  ( -30.12330582903584286, 10.10630032298272063, 13.75528685720407651 ) ) ;
#4140 = EDGE_CURVE ( 'NONE', #5246, #3945, #2565, .T. ) ;
#4141 = DIRECTION ( 'NONE',  ( 1.000000000000000000, 0.000000000000000000, 0.000000000000000000 ) ) ;
#4142 = CARTESIAN_POINT ( 'NONE',  ( -31.89790281831313834, 13.61000665674899324, 7.014792352262461783 ) ) ;
#4143 = CARTESIAN_POINT ( 'NONE',  ( -14.74999999999999467, 31.75000000000000000, 1.114006583039234721 ) ) ;
#4144 = CARTESIAN_POINT ( 'NONE',  ( -31.50879838322751070, -8.767447341479439160, 6.172516748415586285 ) ) ;
#4145 = ORIENTED_EDGE ( 'NONE', *, *, #4626, .T. ) ;
#4146 = CARTESIAN_POINT ( 'NONE',  ( -17.63964993285752669, 29.05197958286468563, 7.305211428378719063 ) ) ;
#4147 = CARTESIAN_POINT ( 'NONE',  ( 28.75776486704814872, -20.42627677726171598, 6.939588802275775237 ) ) ;
#4148 = ADVANCED_FACE ( 'NONE', ( #4023, #442 ), #2531, .T. ) ;
#4149 = DIRECTION ( 'NONE',  ( -1.000000000000000000, 0.000000000000000000, 0.000000000000000000 ) ) ;
#4150 = DIRECTION ( 'NONE',  ( 0.000000000000000000, 0.000000000000000000, -1.000000000000000000 ) ) ;
#4151 = CARTESIAN_POINT ( 'NONE',  ( 0.1822482329533446910, -23.41913161015831690, -19.99999999999999645 ) ) ;
#4152 = CARTESIAN_POINT ( 'NONE',  ( 33.16234932786891676, 14.64183196376351503, -16.46949618684086758 ) ) ;
#4153 = CARTESIAN_POINT ( 'NONE',  ( 8.499310197193285177, -31.75000000001075406, 4.830176660594575289 ) ) ;
#4154 = CARTESIAN_POINT ( 'NONE',  ( -29.72912871579060123, -16.43138636318174761, 5.938495722749443928 ) ) ;
#4155 = CARTESIAN_POINT ( 'NONE',  ( 32.07519878561524251, -18.26575195756687719, -0.5184950560829992838 ) ) ;
#4156 = CARTESIAN_POINT ( 'NONE',  ( -25.30393021514946028, -24.49215052701124051, 6.963737228615459074 ) ) ;
#4157 = EDGE_CURVE ( 'NONE', #5092, #4162, #611, .T. ) ;
#4158 = LINE ( 'NONE', #6244, #1249 ) ;
#4159 = CARTESIAN_POINT ( 'NONE',  ( -1.876234428651236019, -31.75000000000000000, 6.207456398789070739 ) ) ;
#4160 = CARTESIAN_POINT ( 'NONE',  ( -30.22384981189320996, 1.452845010654745250, 12.17732122170834685 ) ) ;
#4161 = CARTESIAN_POINT ( 'NONE',  ( -27.81089859951327270, 26.95608257787126405, -0.6543908444004090663 ) ) ;
#4162 = VERTEX_POINT ( 'NONE', #1635 ) ;
#4163 = CARTESIAN_POINT ( 'NONE',  ( -16.12448226685048880, 29.81060508846819346, 7.017596180987760057 ) ) ;
#4164 = EDGE_CURVE ( 'NONE', #3418, #2702, #5045, .T. ) ;
#4165 = CARTESIAN_POINT ( 'NONE',  ( 10.68712574850298402, -28.29925517104089039, 11.82629151725428329 ) ) ;
#4166 = CARTESIAN_POINT ( 'NONE',  ( 19.69904057323408253, -28.20263810887745848, 7.210578155263991817 ) ) ;
#4167 = CARTESIAN_POINT ( 'NONE',  ( 33.25000000000001421, -7.870467577398166270, -12.53515679499008151 ) ) ;
#4168 = CARTESIAN_POINT ( 'NONE',  ( 24.05565807567171532, 25.69558258545149698, 6.921415535998880486 ) ) ;
#4169 = CARTESIAN_POINT ( 'NONE',  ( -34.59273473930618792, -14.33628892971419511, -0.09955888603822707350 ) ) ;
#4170 = CARTESIAN_POINT ( 'NONE',  ( 14.29659303758218769, 29.00641776318938270, 6.135256759788091152 ) ) ;
#4171 = ORIENTED_EDGE ( 'NONE', *, *, #3016, .T. ) ;
#4172 = ADVANCED_FACE ( 'NONE', ( #3153 ), #5829, .T. ) ;
#4173 = CARTESIAN_POINT ( 'NONE',  ( -13.88295980592253542, 28.56010574448677275, 12.98136691256362951 ) ) ;
#4174 = CARTESIAN_POINT ( 'NONE',  ( -8.752201447621921204, 29.78011288718928995, 5.913614683130266059 ) ) ;
#4175 = CARTESIAN_POINT ( 'NONE',  ( -32.28128590292151756, -17.68888852286753632, -0.4731295711066740295 ) ) ;
#4176 = CARTESIAN_POINT ( 'NONE',  ( -13.89781501434580946, 30.27254335388289874, 7.100054147460933329 ) ) ;
#4177 = CARTESIAN_POINT ( 'NONE',  ( -33.24999999999999289, 10.31957669094634511, 0.6466832212041500050 ) ) ;
#4178 = CARTESIAN_POINT ( 'NONE',  ( 31.89790281831205476, -13.61000665674839816, 7.014792352262761099 ) ) ;
#4179 = ORIENTED_EDGE ( 'NONE', *, *, #2411, .F. ) ;
#4180 = CARTESIAN_POINT ( 'NONE',  ( 10.12050734920465089, 30.25000000000000000, 2.698146503093778570 ) ) ;
#4181 = CARTESIAN_POINT ( 'NONE',  ( 22.48102231048994781, 20.24887386056141381, 14.55563414806248801 ) ) ;
#4182 = CARTESIAN_POINT ( 'NONE',  ( 33.25000000000000711, 8.015906772534451719, 1.056869236152263802 ) ) ;
#4183 = CARTESIAN_POINT ( 'NONE',  ( -13.40074522440360205, -28.78953997925563613, 12.81034483991404649 ) ) ;
#4184 = CARTESIAN_POINT ( 'NONE',  ( 24.54302799047972528, 29.20100687776001180, -0.4107087443181248188 ) ) ;
#4185 = CARTESIAN_POINT ( 'NONE',  ( -14.74999999999999289, 30.25000000000000000, 5.000000000000000000 ) ) ;
#4186 = DIRECTION ( 'NONE',  ( 1.000000000000000000, 0.000000000000000000, 0.000000000000000000 ) ) ;
#4187 = CARTESIAN_POINT ( 'NONE',  ( -24.62272930395329595, -23.78349920460487255, 5.830038335973983799 ) ) ;
#4188 = CARTESIAN_POINT ( 'NONE',  ( 9.797174393178827630E-15, 0.000000000000000000, 80.00000000000000000 ) ) ;
#4189 = CARTESIAN_POINT ( 'NONE',  ( 14.75000000000000888, 30.25000000000000000, -12.00000000000000000 ) ) ;
#4190 = CARTESIAN_POINT ( 'NONE',  ( -32.25097152739826356, 12.54980940731347872, -15.50714470398811073 ) ) ;
#4191 = CARTESIAN_POINT ( 'NONE',  ( -31.98771501248898019, 0.8971119007088207420, 6.063205311424914257 ) ) ;
#4192 = CARTESIAN_POINT ( 'NONE',  ( -16.96707012598386299, 31.69953664050207465, 4.634846467026777717 ) ) ;
#4193 = ORIENTED_EDGE ( 'NONE', *, *, #989, .T. ) ;
#4194 = CARTESIAN_POINT ( 'NONE',  ( -17.72419076146791284, 29.27653155612523506, 7.050056540584299647 ) ) ;
#4195 = CARTESIAN_POINT ( 'NONE',  ( 17.63964993285859606, 29.05197958286430193, 7.305211428378672878 ) ) ;
#4196 = AXIS2_PLACEMENT_3D ( 'NONE', #4221, #3227, #6350 ) ;
#4197 = VERTEX_POINT ( 'NONE', #675 ) ;
#4198 = CARTESIAN_POINT ( 'NONE',  ( 31.68497692948708888, 7.019729981622095494, 6.144877273815739116 ) ) ;
#4199 = CARTESIAN_POINT ( 'NONE',  ( 14.75000000000000888, -11.75000000000000000, -12.00000000000000000 ) ) ;
#4200 =( NAMED_UNIT ( * ) PLANE_ANGLE_UNIT ( ) SI_UNIT ( $, .RADIAN. ) );
#4201 = CARTESIAN_POINT ( 'NONE',  ( 3.557426589898015301, -30.05331643825492449, 7.391701612819799649 ) ) ;
#4202 = CARTESIAN_POINT ( 'NONE',  ( 12.76763915081337686, 27.42940423220257529, 12.81034483991475525 ) ) ;
#4203 = EDGE_CURVE ( 'NONE', #5195, #5320, #4732, .T. ) ;
#4204 = TOROIDAL_SURFACE ( 'NONE', #2446, 229.2911684466444058, 25.49999999999999645 ) ;
#4205 = ORIENTED_EDGE ( 'NONE', *, *, #4481, .T. ) ;
#4206 = CARTESIAN_POINT ( 'NONE',  ( -11.78194107230558707, -27.88580156718631997, 8.731988712502099403 ) ) ;
#4207 = CARTESIAN_POINT ( 'NONE',  ( 14.75000000000000888, -11.75000000000000000, 5.000000000000000000 ) ) ;
#4208 = CARTESIAN_POINT ( 'NONE',  ( 33.25000000000000711, 9.591564683836153904, 0.7887280973505710335 ) ) ;
#4209 = CARTESIAN_POINT ( 'NONE',  ( -31.92026594908122661, 3.468158098793342692, 6.099552709739068490 ) ) ;
#4210 = EDGE_CURVE ( 'NONE', #2899, #4682, #2684, .T. ) ;
#4211 = CARTESIAN_POINT ( 'NONE',  ( 1.445723612902817673E-14, 14.32435682230019935, -40.46028232312411177 ) ) ;
#4212 = ORIENTED_EDGE ( 'NONE', *, *, #1013, .T. ) ;
#4213 = LINE ( 'NONE', #3698, #580 ) ;
#4214 = FACE_OUTER_BOUND ( 'NONE', #6496, .T. ) ;
#4215 = VECTOR ( 'NONE', #4756, 1000.000000000000000 ) ;
#4216 = CARTESIAN_POINT ( 'NONE',  ( 26.90919803218453410, 27.68309047296388670, -0.6027223015479875601 ) ) ;
#4217 = CARTESIAN_POINT ( 'NONE',  ( -9.379541338524187921, -30.34841089337917808, 10.82039598713788564 ) ) ;
#4218 = CARTESIAN_POINT ( 'NONE',  ( 19.90457343793774214, 28.10487035883856066, 7.200718507731464157 ) ) ;
#4219 = CARTESIAN_POINT ( 'NONE',  ( -12.82789569206553004, 31.74999999999999645, 4.746716091809514815 ) ) ;
#4220 = CIRCLE ( 'NONE', #67, 8.500000000000000000 ) ;
#4221 = CARTESIAN_POINT ( 'NONE',  ( -12.12402541061334027, 21.75000000000000000, 2.154191468302079304 ) ) ;
#4222 = CARTESIAN_POINT ( 'NONE',  ( -32.46632077159338081, -17.14681072021043207, 3.415744848569170600 ) ) ;
#4223 = CARTESIAN_POINT ( 'NONE',  ( -17.63964993285852856, -29.05197958286432325, 7.305211428378672878 ) ) ;
#4224 = CARTESIAN_POINT ( 'NONE',  ( 29.36917749291340130, 23.10130135151113251, 3.232632397639680910 ) ) ;
#4225 = CARTESIAN_POINT ( 'NONE',  ( -18.52561671449467795, 23.01716184045659475, -18.49814902632533276 ) ) ;
#4226 = CARTESIAN_POINT ( 'NONE',  ( 10.68712574850298225, -28.29925517104089039, 11.82629151725428507 ) ) ;
#4227 = CARTESIAN_POINT ( 'NONE',  ( -30.46665454190762645, 8.935628742514964529, 13.47218163977897731 ) ) ;
#4228 =( BOUNDED_SURFACE ( )  B_SPLINE_SURFACE ( 3, 2, ( 
 ( #5474, #1826, #4406 ),
 ( #6528, #4851, #3899 ),
 ( #4373, #6460, #1762 ),
 ( #4479, #259, #5949 ),
 ( #4339, #1857, #3966 ),
 ( #1243, #5373, #3343 ) ),
 .UNSPECIFIED., .F., .F., .T. ) 
 B_SPLINE_SURFACE_WITH_KNOTS ( ( 4, 2, 4 ),
 ( 3, 3 ),
 ( 0.000000000000000000, 0.001107929378391254429, 0.002215858756782508859 ),
 ( 0.000000000000000000, 1.000000000000000000 ),
 .UNSPECIFIED. ) 
 GEOMETRIC_REPRESENTATION_ITEM ( )  RATIONAL_B_SPLINE_SURFACE ( (
 ( 1.000000000000000000, 0.9395803750613922478, 1.000000000000000000),
 ( 1.000000000000000000, 0.9363157625330993383, 1.000000000000000000),
 ( 1.000000000000000000, 0.9330030504993693796, 1.000000000000000000),
 ( 1.000000000000000000, 0.9262871951348916610, 1.000000000000000000),
 ( 1.000000000000000000, 0.9228844529222185455, 1.000000000000000000),
 ( 1.000000000000000000, 0.9194434921897851609, 1.000000000000000000) ) ) 
 REPRESENTATION_ITEM ( '' )  SURFACE ( )  );
#4229 = VERTEX_POINT ( 'NONE', #5796 ) ;
#4230 = CARTESIAN_POINT ( 'NONE',  ( -13.51866626608197919, 30.47100334309710590, 6.851020509909208300 ) ) ;
#4231 = VECTOR ( 'NONE', #5327, 1000.000000000000000 ) ;
#4232 = CARTESIAN_POINT ( 'NONE',  ( 6.536042598415239269, -31.08441172052450696, 9.137624085374746130 ) ) ;
#4233 = CARTESIAN_POINT ( 'NONE',  ( -2.027695093806989313, -30.25000000000000000, 4.555641855167256615 ) ) ;
#4234 = ORIENTED_EDGE ( 'NONE', *, *, #4379, .F. ) ;
#4235 = CARTESIAN_POINT ( 'NONE',  ( 19.71540570429075245, -31.16589586641572751, 0.1674800974886831439 ) ) ;
#4236 = EDGE_CURVE ( 'NONE', #2880, #421, #858, .T. ) ;
#4237 = DIRECTION ( 'NONE',  ( -0.000000000000000000, -0.000000000000000000, 1.000000000000000000 ) ) ;
#4238 = CARTESIAN_POINT ( 'NONE',  ( -33.24999999999999289, 11.75000000000000000, 0.2546058388727228117 ) ) ;
#4239 = CARTESIAN_POINT ( 'NONE',  ( -34.08827469548672440, -16.89445561006659702, -0.3668841166809487242 ) ) ;
#4240 = CARTESIAN_POINT ( 'NONE',  ( 16.80302339442642534, 28.34939136307777829, 6.101019389136284943 ) ) ;
#4241 = ORIENTED_EDGE ( 'NONE', *, *, #215, .T. ) ;
#4242 = CARTESIAN_POINT ( 'NONE',  ( -16.82124252397037623, -25.15429557798167082, 9.315909122973515366 ) ) ;
#4243 = ADVANCED_FACE ( 'NONE', ( #2641 ), #2121, .F. ) ;
#4244 = CARTESIAN_POINT ( 'NONE',  ( 32.56698171800810826, 10.75519166838865104, 6.927848754907061313 ) ) ;
#4245 = CYLINDRICAL_SURFACE ( 'NONE', #4765, 20.00000000000000000 ) ;
#4246 = CARTESIAN_POINT ( 'NONE',  ( -12.82789569206552116, 31.75000000000000000, 4.746716091809505045 ) ) ;
#4247 = CARTESIAN_POINT ( 'NONE',  ( 1.162046124716707197E-14, 3.114674861089536950, -52.43496523745430693 ) ) ;
#4248 = CARTESIAN_POINT ( 'NONE',  ( 28.75082579366721092, -13.52590083279900490, 14.26495561389874744 ) ) ;
#4249 = ORIENTED_EDGE ( 'NONE', *, *, #3210, .T. ) ;
#4250 = CARTESIAN_POINT ( 'NONE',  ( -29.69148236870883650, -11.26308954042122146, 13.94690586327782711 ) ) ;
#4251 = CARTESIAN_POINT ( 'NONE',  ( -34.62233525296612413, 14.35594358763994194, -0.1087710943422735138 ) ) ;
#4252 = CARTESIAN_POINT ( 'NONE',  ( 16.04143930176731558, 31.71878920068214214, 0.8264080272723851595 ) ) ;
#4253 = CARTESIAN_POINT ( 'NONE',  ( -27.88011950651720028, 20.61980252907446598, -19.02287614716788511 ) ) ;
#4254 = CARTESIAN_POINT ( 'NONE',  ( 19.28850719574259642, 28.39068701451692078, 7.230073228299786159 ) ) ;
#4255 = CARTESIAN_POINT ( 'NONE',  ( 30.99277951404093301, -14.87407574680412559, -16.66271063079670256 ) ) ;
#4256 = CARTESIAN_POINT ( 'NONE',  ( 3.380263778064610762E-16, -31.75000000000000000, 4.999999999999999112 ) ) ;
#4257 = CARTESIAN_POINT ( 'NONE',  ( -31.20895040046837465, -20.27884440719517656, 3.277355240306951245 ) ) ;
#4258 = ADVANCED_FACE ( 'NONE', ( #4904 ), #4357, .F. ) ;
#4259 = CARTESIAN_POINT ( 'NONE',  ( -14.30810377507957831, -30.15065002020400442, 7.165040760876377313 ) ) ;
#4260 = CARTESIAN_POINT ( 'NONE',  ( 20.34292884147325253, 29.44745752957676288, 3.686302551897477908 ) ) ;
#4261 = CARTESIAN_POINT ( 'NONE',  ( 11.64518554127647931, -30.24999999999285905, 4.414891977266320211 ) ) ;
#4262 = ORIENTED_EDGE ( 'NONE', *, *, #1021, .T. ) ;
#4263 = CARTESIAN_POINT ( 'NONE',  ( 25.69854286952880784, -16.00099160313785518, 14.51097435821819381 ) ) ;
#4264 = CARTESIAN_POINT ( 'NONE',  ( -14.17728982903035373, 25.39454793194694915, -19.82936089894430509 ) ) ;
#4265 = ORIENTED_EDGE ( 'NONE', *, *, #6592, .T. ) ;
#4266 = CARTESIAN_POINT ( 'NONE',  ( -11.75994368408542989, 29.49750790286124413, 12.11488973662887680 ) ) ;
#4267 = EDGE_CURVE ( 'NONE', #2114, #3536, #2907, .T. ) ;
#4268 = CARTESIAN_POINT ( 'NONE',  ( 13.90238303974813405, 30.27124193495827242, 7.101142740855886260 ) ) ;
#4269 = CARTESIAN_POINT ( 'NONE',  ( -34.74999999999999289, -10.31957669094625984, 0.6466832212039851369 ) ) ;
#4270 = ORIENTED_EDGE ( 'NONE', *, *, #3656, .F. ) ;
#4271 = CARTESIAN_POINT ( 'NONE',  ( 18.63607530410780555, -31.42382227942803752, 4.483946613819701277 ) ) ;
#4272 = DIRECTION ( 'NONE',  ( 0.8750219591144483555, 0.3304493228969174745, -0.3537510651072044432 ) ) ;
#4273 = CARTESIAN_POINT ( 'NONE',  ( 0.8914556309328078854, -30.23768265137278988, 5.601971871520902369 ) ) ;
#4274 = CARTESIAN_POINT ( 'NONE',  ( 30.72954718284693953, 13.08862342808162715, 6.164951542063185741 ) ) ;
#4275 = ORIENTED_EDGE ( 'NONE', *, *, #495, .F. ) ;
#4276 = CARTESIAN_POINT ( 'NONE',  ( 13.02129084310470120, -30.25000000000000000, 1.863816414612914141 ) ) ;
#4277 = DIRECTION ( 'NONE',  ( -0.000000000000000000, -1.000000000000000000, -0.000000000000000000 ) ) ;
#4278 = CARTESIAN_POINT ( 'NONE',  ( -14.74999999999999645, -11.75000000000000000, 5.000000000000000000 ) ) ;
#4279 = DIRECTION ( 'NONE',  ( 0.000000000000000000, 1.000000000000000000, 0.000000000000000000 ) ) ;
#4280 = CARTESIAN_POINT ( 'NONE',  ( 7.510981113395713393, -30.86400820030793568, 9.728282363135541289 ) ) ;
#4281 = CARTESIAN_POINT ( 'NONE',  ( 29.92512736073112833, -10.63871865309059217, 9.880508508872846818 ) ) ;
#4282 = EDGE_LOOP ( 'NONE', ( #5488, #5776, #1725, #1492, #4945 ) ) ;
#4283 = CARTESIAN_POINT ( 'NONE',  ( 34.75000000000001421, -1.616107873185653521, 1.605567424709625879 ) ) ;
#4284 = CARTESIAN_POINT ( 'NONE',  ( 34.49332173237328902, 15.00962108695810748, -0.1770579984553432018 ) ) ;
#4285 = DIRECTION ( 'NONE',  ( 0.000000000000000000, 0.000000000000000000, 1.000000000000000000 ) ) ;
#4286 = CARTESIAN_POINT ( 'NONE',  ( 22.76475561338761722, 30.08541418739462969, -0.2265041244863839898 ) ) ;
#4287 = CARTESIAN_POINT ( 'NONE',  ( 13.34127993686211866, 28.83574077935235636, 12.80891320139959255 ) ) ;
#4288 = CARTESIAN_POINT ( 'NONE',  ( 10.11744384865653323, -31.75000000000000000, 2.682137536603657502 ) ) ;
#4289 =( BOUNDED_SURFACE ( )  B_SPLINE_SURFACE ( 3, 2, ( 
 ( #3838, #4899, #2876 ),
 ( #5552, #1356, #1392 ),
 ( #4587, #4043, #5684 ),
 ( #1323, #4999, #6437 ),
 ( #1738, #6503, #4898 ),
 ( #1288, #5485, #3837 ),
 ( #5925, #5245, #6303 ),
 ( #5897, #2673, #4830 ),
 ( #1051, #5863, #138 ),
 ( #1152, #2213, #3659 ),
 ( #3217, #571, #4313 ),
 ( #1702, #2077, #1599 ),
 ( #607, #5825, #4761 ),
 ( #3696, #501, #5792 ),
 ( #2709, #1186, #74 ),
 ( #1666, #4698, #5282 ),
 ( #6775, #3808, #5355 ),
 ( #3181, #2149, #2636 ),
 ( #4248, #2600, #6340 ),
 ( #1631, #3732, #4178 ),
 ( #6264, #4798, #107 ),
 ( #2181, #4281, #1560 ),
 ( #640, #536, #2387 ),
 ( #2256, #3315, #169 ) ),
 .UNSPECIFIED., .F., .F., .T. ) 
 B_SPLINE_SURFACE_WITH_KNOTS ( ( 4, 2, 2, 2, 2, 2, 2, 2, 2, 2, 2, 4 ),
 ( 3, 3 ),
 ( 0.01038269182054151613, 0.01284103905978010128, 0.01529938629901868644, 0.02021608077749585675, 0.02267442801673444364, 0.02513277525597303053, 0.03004946973445020084, 0.03496616421292737115, 0.03988285869140454493, 0.04479955316988171177, 0.04725790040912029866, 0.04971624764835888555 ),
 ( 0.000000000000000000, 0.6833664064755233802 ),
 .UNSPECIFIED. ) 
 GEOMETRIC_REPRESENTATION_ITEM ( )  RATIONAL_B_SPLINE_SURFACE ( (
 ( 1.000000000000000000, 0.9436273572774949159, 0.9643010551166035782),
 ( 1.000000000000000000, 0.9393091411085082720, 0.9615664705102001664),
 ( 1.000000000000000000, 0.9349467126694298580, 0.9588038877238826974),
 ( 1.000000000000000000, 0.9264186291712203092, 0.9534033322760528950),
 ( 1.000000000000000000, 0.9222340955210500679, 0.9507534044222978320),
 ( 1.000000000000000000, 0.9100225718518508700, 0.9430202471787223484),
 ( 1.000000000000000000, 0.9023307880603725906, 0.9381492928937040787),
 ( 1.000000000000000000, 0.8919734386873292564, 0.9315903233909537118),
 ( 1.000000000000000000, 0.8887120211752793653, 0.9295249746973055505),
 ( 1.000000000000000000, 0.8827596721434272098, 0.9257555473695711079),
 ( 1.000000000000000000, 0.8800594159720158682, 0.9240455637395899036),
 ( 1.000000000000000000, 0.8728924567440806692, 0.9195069636296206994),
 ( 1.000000000000000000, 0.8693662210570016757, 0.9172739142751926700),
 ( 1.000000000000000000, 0.8652977810930686520, 0.9146975047435552675),
 ( 1.000000000000000000, 0.8647612705101280772, 0.9143577501958746190),
 ( 1.000000000000000000, 0.8668811811909281628, 0.9157002200694999150),
 ( 1.000000000000000000, 0.8695115563125670466, 0.9173659503236637480),
 ( 1.000000000000000000, 0.8774107408721157908, 0.9223682447096697157),
 ( 1.000000000000000000, 0.8826721165221945720, 0.9257001012676027152),
 ( 1.000000000000000000, 0.8920606373878456896, 0.9316455434667441082),
 ( 1.000000000000000000, 0.8954393273580437684, 0.9337851569600819079),
 ( 1.000000000000000000, 0.9026209716340918288, 0.9383330566291612218),
 ( 1.000000000000000000, 0.9064358468475953723, 0.9407488919245592385),
 ( 1.000000000000000000, 0.9103708676105938258, 0.9432408114541226407) ) ) 
 REPRESENTATION_ITEM ( '' )  SURFACE ( )  );
#4290 = CARTESIAN_POINT ( 'NONE',  ( -29.02807708629881134, -18.00099139594326658, 5.859352015886932996 ) ) ;
#4291 = CARTESIAN_POINT ( 'NONE',  ( -13.19034451053460977, -31.75000000000000000, 4.796065289048979885 ) ) ;
#4292 = DIRECTION ( 'NONE',  ( -0.000000000000000000, -0.000000000000000000, 1.000000000000000000 ) ) ;
#4293 = CARTESIAN_POINT ( 'NONE',  ( -20.81121549153214545, 22.29507393451302377, -18.49861214473096283 ) ) ;
#4294 = DIRECTION ( 'NONE',  ( 0.000000000000000000, 1.000000000000000000, 0.000000000000000000 ) ) ;
#4295 = ADVANCED_FACE ( 'NONE', ( #173 ), #6510, .T. ) ;
#4296 = CARTESIAN_POINT ( 'NONE',  ( 17.63964993285859606, 29.05197958286430193, 7.305211428378672878 ) ) ;
#4297 = ORIENTED_EDGE ( 'NONE', *, *, #1055, .F. ) ;
#4298 = CARTESIAN_POINT ( 'NONE',  ( -13.89322202771020542, 31.75000000000000000, 1.506648183612834035 ) ) ;
#4299 = CARTESIAN_POINT ( 'NONE',  ( -14.74999999999998579, 23.74530653910392530, -18.49999830549399604 ) ) ;
#4300 = CARTESIAN_POINT ( 'NONE',  ( -34.74999999999999289, -11.03827046459005956, 0.4653326329044228382 ) ) ;
#4301 = EDGE_LOOP ( 'NONE', ( #3587, #240, #6552 ) ) ;
#4302 = CARTESIAN_POINT ( 'NONE',  ( 26.86431951429618792, -22.89373668502672032, 6.931442266633001559 ) ) ;
#4303 = CARTESIAN_POINT ( 'NONE',  ( -34.74999999999999289, 9.591564683836164562, 0.7887280973505852444 ) ) ;
#4304 = CARTESIAN_POINT ( 'NONE',  ( -14.74999999999999645, 11.75000000000000000, 5.000000000000000000 ) ) ;
#4305 = CARTESIAN_POINT ( 'NONE',  ( -26.74999999999999645, 11.75000000000000000, -12.00000000000000000 ) ) ;
#4306 = ORIENTED_EDGE ( 'NONE', *, *, #3016, .F. ) ;
#4307 = CIRCLE ( 'NONE', #2111, 25.49999999999999645 ) ;
#4308 = DIRECTION ( 'NONE',  ( -1.000000000000000000, 0.000000000000000000, 0.000000000000000000 ) ) ;
#4309 = CARTESIAN_POINT ( 'NONE',  ( 31.61696836124503918, 3.326969674737090710, 9.350688068841035872 ) ) ;
#4310 = CARTESIAN_POINT ( 'NONE',  ( 12.82789569206560998, 31.74999999999999289, 4.746716091809510374 ) ) ;
#4311 = CARTESIAN_POINT ( 'NONE',  ( 9.797174393178827630E-15, 0.000000000000000000, 80.00000000000000000 ) ) ;
#4312 = CARTESIAN_POINT ( 'NONE',  ( 1.565117339851008635E-14, 15.93490218684344839, -37.25780995781137506 ) ) ;
#4313 = CARTESIAN_POINT ( 'NONE',  ( 22.53164971546615192, -26.77716967426460926, 6.961498857214942326 ) ) ;
#4314 = ORIENTED_EDGE ( 'NONE', *, *, #6372, .T. ) ;
#4315 = CARTESIAN_POINT ( 'NONE',  ( -25.14476641057255435, -22.33908270586138300, -19.49985724189169289 ) ) ;
#4316 = CARTESIAN_POINT ( 'NONE',  ( 23.54890067610390858, 29.72257794549452115, -0.3121403191013870093 ) ) ;
#4317 = AXIS2_PLACEMENT_3D ( 'NONE', #1436, #5726, #3591 ) ;
#4318 = CARTESIAN_POINT ( 'NONE',  ( -4.200575125321033276, -31.54074505754163482, 6.593320798186921294 ) ) ;
#4319 = CARTESIAN_POINT ( 'NONE',  ( -26.74999999999999645, -11.74999999999999822, -12.00000000000000000 ) ) ;
#4320 = ADVANCED_FACE ( 'NONE', ( #278 ), #6549, .F. ) ;
#4321 = CARTESIAN_POINT ( 'NONE',  ( -10.11744384865472490, 31.75000000000000000, 2.682137536599161987 ) ) ;
#4322 = CARTESIAN_POINT ( 'NONE',  ( -33.18106037654000318, 13.91211728360675615, 3.630864220286830868 ) ) ;
#4323 = VECTOR ( 'NONE', #296, 1000.000000000000000 ) ;
#4324 = CARTESIAN_POINT ( 'NONE',  ( 26.98646102572878647, -21.26182843715881177, 5.777200816157442631 ) ) ;
#4325 = CARTESIAN_POINT ( 'NONE',  ( -12.35387471658746250, -31.75000000000000000, 2.091787379386137680 ) ) ;
#4326 = CARTESIAN_POINT ( 'NONE',  ( 28.42168120116810215, 19.14892755649748679, 5.814206757974117679 ) ) ;
#4327 = CARTESIAN_POINT ( 'NONE',  ( 13.24006461110266741, -29.10575112202171155, 6.264833989106764811 ) ) ;
#4328 = ORIENTED_EDGE ( 'NONE', *, *, #2113, .F. ) ;
#4329 = DIRECTION ( 'NONE',  ( 0.000000000000000000, 0.000000000000000000, -1.000000000000000000 ) ) ;
#4330 = EDGE_CURVE ( 'NONE', #3301, #1282, #5751, .T. ) ;
#4331 = AXIS2_PLACEMENT_3D ( 'NONE', #4311, #1664, #4931 ) ;
#4332 = CARTESIAN_POINT ( 'NONE',  ( -3.312517712245516055, 24.44713234453426409, -19.97376226770612462 ) ) ;
#4333 = ORIENTED_EDGE ( 'NONE', *, *, #1435, .T. ) ;
#4334 = CARTESIAN_POINT ( 'NONE',  ( -19.88293190866011173, 24.76234013326342875, 9.932045087522270777 ) ) ;
#4335 = TOROIDAL_SURFACE ( 'NONE', #2026, 229.2911684466444058, 25.49999999999999645 ) ;
#4336 = CARTESIAN_POINT ( 'NONE',  ( 0.9371270596421249488, -31.73703124993792457, 5.602915148033010162 ) ) ;
#4337 = CARTESIAN_POINT ( 'NONE',  ( -31.65752670660311452, -13.87186118481127295, 7.167187115788228979 ) ) ;
#4338 = ORIENTED_EDGE ( 'NONE', *, *, #6040, .F. ) ;
#4339 = CARTESIAN_POINT ( 'NONE',  ( 31.78411780410180754, -13.38996555035284430, 7.188609540952056953 ) ) ;
#4340 = CARTESIAN_POINT ( 'NONE',  ( 34.75000000000001421, 3.473066587753227630, -9.781065137970303525 ) ) ;
#4341 = CARTESIAN_POINT ( 'NONE',  ( 14.32267036027795015, 30.25000000000000000, 1.313456140205226941 ) ) ;
#4342 = AXIS2_PLACEMENT_3D ( 'NONE', #705, #2255, #5383 ) ;
#4343 = CARTESIAN_POINT ( 'NONE',  ( 30.25000000000000000, 0.000000000000000000, -3.704556567420743754E-15 ) ) ;
#4344 = ORIENTED_EDGE ( 'NONE', *, *, #5801, .F. ) ;
#4345 = CARTESIAN_POINT ( 'NONE',  ( 14.75000000000000888, -31.75000000000000000, 1.114006583038533060 ) ) ;
#4346 = ADVANCED_FACE ( 'NONE', ( #2490 ), #1114, .T. ) ;
#4347 = CARTESIAN_POINT ( 'NONE',  ( -31.61256155207264840, 3.048213890621633393, 12.31487966400207412 ) ) ;
#4348 = CARTESIAN_POINT ( 'NONE',  ( 31.61256155207261997, -3.048213890622072153, 12.31487966400122502 ) ) ;
#4349 = CARTESIAN_POINT ( 'NONE',  ( -32.40622562401012630, 10.67078234191807695, 7.130454868564774173 ) ) ;
#4350 = DIRECTION ( 'NONE',  ( -0.9595796706112637020, 0.2814371257485029920, 0.000000000000000000 ) ) ;
#4351 = CARTESIAN_POINT ( 'NONE',  ( -9.346160718350095209, 30.35881976095690504, 10.80140447972176787 ) ) ;
#4352 = CARTESIAN_POINT ( 'NONE',  ( 11.73026859205704575, -27.88882258842672712, 12.36800253450261700 ) ) ;
#4353 = VERTEX_POINT ( 'NONE', #6325 ) ;
#4354 = FACE_OUTER_BOUND ( 'NONE', #5473, .T. ) ;
#4355 = EDGE_CURVE ( 'NONE', #3683, #2114, #557, .T. ) ;
#4356 = B_SPLINE_CURVE_WITH_KNOTS ( 'NONE', 3,
 ( #5240, #5787, #3146, #1494, #5170, #1079 ),
 .UNSPECIFIED., .F., .F.,
 ( 4, 2, 4 ),
 ( 0.000000000000000000, 0.006226941612531938959, 0.01245388322506387792 ),
 .UNSPECIFIED. ) ;
#4357 = CYLINDRICAL_SURFACE ( 'NONE', #2014, 6.500000000000002665 ) ;
#4358 = CARTESIAN_POINT ( 'NONE',  ( -11.37059955816162216, -30.87213445414518276, 6.617434039123945233 ) ) ;
#4359 = CARTESIAN_POINT ( 'NONE',  ( -34.26889299532912503, -11.75000000000001243, -14.73244361786122880 ) ) ;
#4360 = CARTESIAN_POINT ( 'NONE',  ( -40.06245124802025970, -11.74999999999999822, 13.47218163977896843 ) ) ;
#4361 = CARTESIAN_POINT ( 'NONE',  ( -32.07774122015975848, 18.25963336181860086, -0.5180814868896388425 ) ) ;
#4362 = CARTESIAN_POINT ( 'NONE',  ( 31.86985432172748034, 13.34500191023398230, -15.92328114046796372 ) ) ;
#4363 = ADVANCED_FACE ( 'NONE', ( #5037 ), #5420, .F. ) ;
#4364 = CARTESIAN_POINT ( 'NONE',  ( -6.912824193641142756, -23.75000000000001066, -18.50000000000000000 ) ) ;
#4365 = CARTESIAN_POINT ( 'NONE',  ( 8.752201447616728913, -29.78011288719140026, 5.913614683126142246 ) ) ;
#4366 = EDGE_LOOP ( 'NONE', ( #1819, #5419, #5986, #1379 ) ) ;
#4367 = CARTESIAN_POINT ( 'NONE',  ( 31.37411247912425694, 19.95872992546104285, -0.6333812221726596858 ) ) ;
#4368 = CARTESIAN_POINT ( 'NONE',  ( -32.75881967160917441, 10.97800820321178250, -14.53645376563582126 ) ) ;
#4369 = EDGE_LOOP ( 'NONE', ( #5541, #4314, #2306, #239 ) ) ;
#4370 = CARTESIAN_POINT ( 'NONE',  ( 1.301204480792781765E-14, 5.916852256271711852, -55.34045402223615184 ) ) ;
#4371 = CARTESIAN_POINT ( 'NONE',  ( -34.74999999999999289, -11.74999999999980460, 0.2546058388732788114 ) ) ;
#4372 = ORIENTED_EDGE ( 'NONE', *, *, #16, .F. ) ;
#4373 = CARTESIAN_POINT ( 'NONE',  ( 32.15966833274511316, -11.83008657873469005, 7.194088391371925795 ) ) ;
#4374 = CARTESIAN_POINT ( 'NONE',  ( 14.75000000000000888, -39.05764969887461291, 11.82629151725428329 ) ) ;
#4375 = APPROVAL_ROLE ( '' ) ;
#4376 = CARTESIAN_POINT ( 'NONE',  ( -30.62139770061259725, -13.55358200708946548, 6.130299924250565802 ) ) ;
#4377 = ORIENTED_EDGE ( 'NONE', *, *, #6651, .T. ) ;
#4378 = CARTESIAN_POINT ( 'NONE',  ( -32.16082346236764522, 11.82499480630536759, 7.193964983965075000 ) ) ;
#4379 = EDGE_CURVE ( 'NONE', #6670, #1341, #2498, .T. ) ;
#4380 = CARTESIAN_POINT ( 'NONE',  ( -32.77921720622121882, 9.058720569195408245, 6.942723540005253824 ) ) ;
#4381 = CARTESIAN_POINT ( 'NONE',  ( -13.02129084310459639, 30.25000000000000000, 1.863816414612938788 ) ) ;
#4382 = CARTESIAN_POINT ( 'NONE',  ( -29.79188913730998323, 22.53722718867914665, -0.7147519177226648868 ) ) ;
#4383 = FACE_OUTER_BOUND ( 'NONE', #4850, .T. ) ;
#4384 = CARTESIAN_POINT ( 'NONE',  ( -0.9371270596421188426, 31.73703124993792457, 5.602915148033003945 ) ) ;
#4385 = CARTESIAN_POINT ( 'NONE',  ( 20.66193872733770220, -22.12260634518919389, 9.233761986438038250 ) ) ;
#4386 = EDGE_CURVE ( 'NONE', #307, #3605, #1241, .T. ) ;
#4387 = ORIENTED_EDGE ( 'NONE', *, *, #1882, .F. ) ;
#4388 = ORIENTED_EDGE ( 'NONE', *, *, #2369, .T. ) ;
#4389 = CARTESIAN_POINT ( 'NONE',  ( -25.27597919023840944, 28.76855288241753072, -0.4756798754270927243 ) ) ;
#4390 = CARTESIAN_POINT ( 'NONE',  ( -13.66586837997581760, 28.99411722691117888, 6.348990529035903663 ) ) ;
#4391 = CARTESIAN_POINT ( 'NONE',  ( -37.00000000000000711, 0.000000000000000000, -124.8941410357254114 ) ) ;
#4392 = CARTESIAN_POINT ( 'NONE',  ( 31.01361389782135447, -23.40888571351040781, -0.7147100298949803365 ) ) ;
#4393 = CARTESIAN_POINT ( 'NONE',  ( 13.89781501434954869, -30.27254335388645856, 7.100054147453565001 ) ) ;
#4394 = EDGE_CURVE ( 'NONE', #2710, #6248, #6094, .T. ) ;
#4395 = FACE_OUTER_BOUND ( 'NONE', #771, .T. ) ;
#4396 = CARTESIAN_POINT ( 'NONE',  ( 16.65679875017617917, 23.44883197528152863, -18.49736959263898228 ) ) ;
#4397 = CARTESIAN_POINT ( 'NONE',  ( -4.200575125486351702, 31.54074505751882285, 6.593320797858492455 ) ) ;
#4398 = CARTESIAN_POINT ( 'NONE',  ( -30.10807758395406353, -10.09659138136127687, 13.73382226203435508 ) ) ;
#4399 = ORIENTED_EDGE ( 'NONE', *, *, #2324, .F. ) ;
#4400 = CARTESIAN_POINT ( 'NONE',  ( 29.75618019060957309, -22.58743091742361742, -0.7154894867748314846 ) ) ;
#4401 = ORIENTED_EDGE ( 'NONE', *, *, #5875, .T. ) ;
#4402 = CARTESIAN_POINT ( 'NONE',  ( -4.817760825921079776E-15, 12.17285443314654358, -48.59205094300387628 ) ) ;
#4403 = CARTESIAN_POINT ( 'NONE',  ( 34.75000000000000711, 11.75000000000000000, 0.2546058388728121291 ) ) ;
#4404 = CARTESIAN_POINT ( 'NONE',  ( -31.91099390766555999, -12.88450889909168318, 7.200691304416134919 ) ) ;
#4405 = ORIENTED_EDGE ( 'NONE', *, *, #644, .T. ) ;
#4406 = CARTESIAN_POINT ( 'NONE',  ( 34.75000000000000711, -9.591564683836152128, 0.7887280973505721438 ) ) ;
#4407 = CARTESIAN_POINT ( 'NONE',  ( -34.74999999999999289, -7.827113324876946443, -12.00000000000000178 ) ) ;
#4408 = ADVANCED_FACE ( 'NONE', ( #126 ), #2831, .F. ) ;
#4409 = FACE_OUTER_BOUND ( 'NONE', #5890, .T. ) ;
#4410 = ORIENTED_EDGE ( 'NONE', *, *, #2509, .F. ) ;
#4411 = CARTESIAN_POINT ( 'NONE',  ( 12.57941513618670015, -31.75000000000000000, 2.030553184829930746 ) ) ;
#4412 = CARTESIAN_POINT ( 'NONE',  ( -30.46665454190763356, -8.935628742514934331, 13.47218163977896133 ) ) ;
#4413 = CARTESIAN_POINT ( 'NONE',  ( 9.525367104972358945, 24.00053782459524143, -18.49516982772260221 ) ) ;
#4414 = DIRECTION ( 'NONE',  ( 0.000000000000000000, 0.000000000000000000, -1.000000000000000000 ) ) ;
#4415 = DIRECTION ( 'NONE',  ( 0.000000000000000000, 0.1677653266206188543, -0.9858269600613878136 ) ) ;
#4416 = CARTESIAN_POINT ( 'NONE',  ( 3.312517712245467205, -24.44713234453424633, -19.97376226770612817 ) ) ;
#4417 = CARTESIAN_POINT ( 'NONE',  ( 26.73599356719797626, -14.19631227628463854, 9.263095531906296642 ) ) ;
#4418 = CIRCLE ( 'NONE', #5298, 203.7911684466441500 ) ;
#4419 = VERTEX_POINT ( 'NONE', #2794 ) ;
#4420 = CARTESIAN_POINT ( 'NONE',  ( -28.72927937427859391, -19.96646677803017766, -18.80765087167139171 ) ) ;
#4421 = CARTESIAN_POINT ( 'NONE',  ( 31.69023764077298111, -6.958961059292046336, 6.144013740566541593 ) ) ;
#4422 = AXIS2_PLACEMENT_3D ( 'NONE', #1998, #3006, #1519 ) ;
#4423 = CARTESIAN_POINT ( 'NONE',  ( 3.737893981694804246, 31.58611331047954351, 7.406158783526951339 ) ) ;
#4424 = CARTESIAN_POINT ( 'NONE',  ( 24.71297242457359999, -29.10434827656273526, -0.4263444224548040840 ) ) ;
#4425 = CARTESIAN_POINT ( 'NONE',  ( 13.01934794929698569, -31.75000000000000000, 1.860208429782658213 ) ) ;
#4426 = CARTESIAN_POINT ( 'NONE',  ( -33.25000000000000000, 11.74999999999590372, 0.2546058388733922762 ) ) ;
#4427 = ORGANIZATION ( 'UNSPECIFIED', 'UNSPECIFIED', '' ) ;
#4428 = CARTESIAN_POINT ( 'NONE',  ( -18.76464359625700595, -29.85546044395404408, 3.843758221054184077 ) ) ;
#4429 = AXIS2_PLACEMENT_3D ( 'NONE', #2648, #4292, #2754 ) ;
#4430 = CARTESIAN_POINT ( 'NONE',  ( 34.75000000000000711, -3.469591914666165344, -9.765197783090835415 ) ) ;
#4431 = CARTESIAN_POINT ( 'NONE',  ( -31.90002363053353207, -13.59829572814737375, 7.016152252815186507 ) ) ;
#4432 = VERTEX_POINT ( 'NONE', #3241 ) ;
#4433 = CARTESIAN_POINT ( 'NONE',  ( 32.78649701262065008, -15.90921565342216759, -0.3062004874966833268 ) ) ;
#4434 = EDGE_LOOP ( 'NONE', ( #2169, #5995, #5941, #3207 ) ) ;
#4435 = AXIS2_PLACEMENT_3D ( 'NONE', #6531, #4990, #1693 ) ;
#4436 = CARTESIAN_POINT ( 'NONE',  ( 12.35387471658740921, 31.75000000000000000, 2.091787379385886769 ) ) ;
#4437 = AXIS2_PLACEMENT_3D ( 'NONE', #5040, #2951, #1948 ) ;
#4438 = CARTESIAN_POINT ( 'NONE',  ( 32.40622562401013340, -10.67078234191807518, 7.130454868564775950 ) ) ;
#4439 = ORIENTED_EDGE ( 'NONE', *, *, #6651, .F. ) ;
#4440 = DIRECTION ( 'NONE',  ( 0.000000000000000000, -0.000000000000000000, 1.000000000000000000 ) ) ;
#4441 = CARTESIAN_POINT ( 'NONE',  ( -34.75000000000000000, -8.005386317502736659, 1.058659578723241568 ) ) ;
#4442 = DATE_AND_TIME ( #761, #5304 ) ;
#4443 = CARTESIAN_POINT ( 'NONE',  ( -20.38855913193839342, -26.67044509026664656, 6.102388629112764029 ) ) ;
#4444 = ORIENTED_EDGE ( 'NONE', *, *, #1306, .F. ) ;
#4445 = CARTESIAN_POINT ( 'NONE',  ( -31.91099390766542143, 12.88450889909016972, 7.200691304416906746 ) ) ;
#4446 = CIRCLE ( 'NONE', #5215, 253.2911684466444058 ) ;
#4447 = EDGE_CURVE ( 'NONE', #2846, #1469, #2571, .T. ) ;
#4448 = CARTESIAN_POINT ( 'NONE',  ( -22.81325366004027444, 26.43640544653716162, 7.061663713234951345 ) ) ;
#4449 = B_SPLINE_CURVE_WITH_KNOTS ( 'NONE', 3,
 ( #2590, #4617, #1967, #362 ),
 .UNSPECIFIED., .F., .F.,
 ( 4, 4 ),
 ( 0.000000000000000000, 0.003287674723164120145 ),
 .UNSPECIFIED. ) ;
#4450 = CARTESIAN_POINT ( 'NONE',  ( 33.25000000000000711, 7.096594077037829074, -12.00000000000000355 ) ) ;
#4451 = DIRECTION ( 'NONE',  ( 1.000000000000000000, 0.000000000000000000, 0.000000000000000000 ) ) ;
#4452 = CARTESIAN_POINT ( 'NONE',  ( -14.74999999999999289, 30.25000000000000000, -12.00000000000000000 ) ) ;
#4453 = ORIENTED_EDGE ( 'NONE', *, *, #4910, .T. ) ;
#4454 = CARTESIAN_POINT ( 'NONE',  ( 26.95319673648662118, -21.45947267759928323, 5.710983690845632843 ) ) ;
#4455 = B_SPLINE_CURVE_WITH_KNOTS ( 'NONE', 3,
 ( #1156, #5930, #4936, #2216, #3811, #4832, #2321, #4315, #2817, #4903, #241, #4420, #6409, #1706, #5900, #1870, #5104, #6571, #4491, #2455, #3012, #433, #2521, #2420 ),
 .UNSPECIFIED., .F., .F.,
 ( 4, 2, 2, 2, 2, 2, 2, 2, 2, 2, 2, 4 ),
 ( 0.000000000000000000, 0.003246679860060726775, 0.006493359720121453550, 0.009740039580182179024, 0.01298671944024290710, 0.01461005937027326333, 0.01623339930030362477, 0.01948007916036434070, 0.02110341909039470387, 0.02191508905540988372, 0.02272675902042506010, 0.02597343888048579685 ),
 .UNSPECIFIED. ) ;
#4456 = ORIENTED_EDGE ( 'NONE', *, *, #5875, .F. ) ;
#4457 =( BOUNDED_SURFACE ( )  B_SPLINE_SURFACE ( 3, 2, ( 
 ( #782, #347, #2432 ),
 ( #4534, #3367, #2892 ),
 ( #4398, #3494, #6104 ),
 ( #287, #4978, #5532 ),
 ( #6614, #2365, #4431 ),
 ( #5594, #819, #2928 ),
 ( #5017, #319, #6582 ),
 ( #2401, #2857, #4912 ),
 ( #217, #2300, #6484 ),
 ( #1782, #3889, #5972 ),
 ( #1270, #5465, #3062 ),
 ( #918, #5117, #1437 ),
 ( #5218, #4571, #507 ),
 ( #1022, #381, #412 ),
 ( #443, #6136, #1980 ),
 ( #5181, #2606, #2467 ),
 ( #3524, #1504, #5665 ),
 ( #2500, #4, #2573 ),
 ( #3027, #3123, #6712 ),
 ( #2049, #3627, #5727 ),
 ( #6169, #954, #5147 ),
 ( #4085, #4600, #2084 ),
 ( #4183, #2016, #1468 ),
 ( #6270, #6749, #4703 ),
 ( #4117, #2533, #4635 ),
 ( #6681, #6237, #4670 ) ),
 .UNSPECIFIED., .F., .F., .F. ) 
 B_SPLINE_SURFACE_WITH_KNOTS ( ( 4, 2, 2, 2, 2, 2, 2, 2, 2, 2, 2, 2, 4 ),
 ( 3, 3 ),
 ( 0.01689948557017355996, 0.01935703440893983551, 0.02181458324770611107, 0.02672968092523866218, 0.03164477860277121329, 0.03410232744153748885, 0.03655987628030376441, 0.04147497395783631552, 0.04639007163536886663, 0.04884762047413514219, 0.05130516931290141774, 0.05376271815166769330, 0.05622026699043396886 ),
 ( 0.000000000000000000, 0.6832273463064922892 ),
 .UNSPECIFIED. ) 
 GEOMETRIC_REPRESENTATION_ITEM ( )  RATIONAL_B_SPLINE_SURFACE ( (
 ( 1.000000000000000000, 0.9103891064970569547, 0.9432274389304526885),
 ( 1.000000000000000000, 0.9064855853568734023, 0.9407543814298036100),
 ( 1.000000000000000000, 0.9027201593753680919, 0.9383688134689076588),
 ( 1.000000000000000000, 0.8955528102276228974, 0.9338279730499494669),
 ( 1.000000000000000000, 0.8921442363005370746, 0.9316684870335623092),
 ( 1.000000000000000000, 0.8826547320191853174, 0.9256564561266829028),
 ( 1.000000000000000000, 0.8773826031152437421, 0.9223163235996514331),
 ( 1.000000000000000000, 0.8695052116913416507, 0.9173256392285875638),
 ( 1.000000000000000000, 0.8669071611512350062, 0.9156796565005486110),
 ( 1.000000000000000000, 0.8653265789152662091, 0.9146782860420112904),
 ( 1.000000000000000000, 0.8651838608578293899, 0.9145878676864429568),
 ( 1.000000000000000000, 0.8656885130184007737, 0.9149075876946357599),
 ( 1.000000000000000000, 0.8663394024718508168, 0.9153199556534965531),
 ( 1.000000000000000000, 0.8694130135637044843, 0.9172672275374731399),
 ( 1.000000000000000000, 0.8729611062828961376, 0.9195151050298910889),
 ( 1.000000000000000000, 0.8824883627856330293, 0.9255510536794724352),
 ( 1.000000000000000000, 0.8884604497547429203, 0.9293346413540590767),
 ( 1.000000000000000000, 0.8987641952299574299, 0.9358625309483914467),
 ( 1.000000000000000000, 0.9024338239620174340, 0.9381874070114407660),
 ( 1.000000000000000000, 0.9101043125266083944, 0.9430470090469029731),
 ( 1.000000000000000000, 0.9140865915695309818, 0.9455699632472522875),
 ( 1.000000000000000000, 0.9222597931826119755, 0.9507480567755477452),
 ( 1.000000000000000000, 0.9264509206497298921, 0.9534033259150012096),
 ( 1.000000000000000000, 0.9349670858519932848, 0.9587987024158275418),
 ( 1.000000000000000000, 0.9392991412813513907, 0.9615432558044378908),
 ( 1.000000000000000000, 0.9436388287065138325, 0.9642926444081760806) ) ) 
 REPRESENTATION_ITEM ( '' )  SURFACE ( )  );
#4458 = DIRECTION ( 'NONE',  ( 0.000000000000000000, -1.000000000000000000, -0.000000000000000000 ) ) ;
#4459 = EDGE_CURVE ( 'NONE', #4105, #4885, #4884, .T. ) ;
#4460 = CARTESIAN_POINT ( 'NONE',  ( -24.04029084004828576, -18.37036675001712638, 14.57256339704740888 ) ) ;
#4461 = CARTESIAN_POINT ( 'NONE',  ( 33.25000000000000711, -10.11111797280306313, 3.841740598619107327 ) ) ;
#4462 = CARTESIAN_POINT ( 'NONE',  ( 13.34989813905763967, -28.81291068487560025, 12.79103083701581234 ) ) ;
#4463 = DIRECTION ( 'NONE',  ( -1.000000000000000000, 0.000000000000000000, 0.000000000000000000 ) ) ;
#4464 = CYLINDRICAL_SURFACE ( 'NONE', #6739, 25.49999999999999645 ) ;
#4465 = CARTESIAN_POINT ( 'NONE',  ( -34.26889299532911792, 11.75000000000000178, -14.73244361786123768 ) ) ;
#4466 = B_SPLINE_CURVE_WITH_KNOTS ( 'NONE', 3,
 ( #5761, #3183, #2568, #6267, #4180, #3622 ),
 .UNSPECIFIED., .F., .F.,
 ( 4, 2, 4 ),
 ( -3.563707374576822464E-05, 0.006191837442071118809, 0.01241931195788800561 ),
 .UNSPECIFIED. ) ;
#4467 = CARTESIAN_POINT ( 'NONE',  ( 20.38855341824604750, -26.67044792898521877, 6.102389087733061324 ) ) ;
#4468 = ADVANCED_FACE ( 'NONE', ( #626 ), #6289, .T. ) ;
#4469 = CARTESIAN_POINT ( 'NONE',  ( 7.859972953753670828E-16, 31.75000000000000000, 4.999999999999999112 ) ) ;
#4470 = FACE_OUTER_BOUND ( 'NONE', #3893, .T. ) ;
#4471 = ORIENTED_EDGE ( 'NONE', *, *, #4157, .T. ) ;
#4472 =( BOUNDED_SURFACE ( )  B_SPLINE_SURFACE ( 3, 2, ( 
 ( #3312, #201, #838 ),
 ( #2942, #2253, #6435 ),
 ( #3835, #1215, #5413 ),
 ( #703, #6468, #3578 ),
 ( #1391, #5683, #4554 ),
 ( #363, #3481, #872 ),
 ( #6599, #4041, #1938 ),
 ( #3542, #5646, #3008 ),
 ( #4655, #6122, #4618 ),
 ( #6733, #4519, #1423 ),
 ( #940, #903, #6697 ),
 ( #6632, #2000, #1453 ),
 ( #1968, #4103, #6189 ),
 ( #4007, #2450, #3077 ),
 ( #399, #2037, #2977 ),
 ( #6223, #429, #3509 ),
 ( #3045, #4136, #5581 ),
 ( #1489, #1522, #5063 ),
 ( #5100, #4586, #3611 ),
 ( #2483, #5610, #5713 ),
 ( #973, #2554, #6666 ),
 ( #1006, #5165, #332 ),
 ( #461, #2517, #4070 ),
 ( #6151, #5134, #5033 ) ),
 .UNSPECIFIED., .F., .F., .T. ) 
 B_SPLINE_SURFACE_WITH_KNOTS ( ( 4, 2, 2, 2, 2, 2, 2, 2, 2, 2, 2, 4 ),
 ( 3, 3 ),
 ( 0.01038269182054149184, 0.01284103905978007873, 0.01529938629901866388, 0.02021608077749583593, 0.02267442801673442282, 0.02513277525597300971, 0.03004946973445018349, 0.03496616421292735033, 0.03988285869140452411, 0.04479955316988169789, 0.04725790040912028478, 0.04971624764835887167 ),
 ( 0.000000000000000000, 0.6825346424384959310 ),
 .UNSPECIFIED. ) 
 GEOMETRIC_REPRESENTATION_ITEM ( )  RATIONAL_B_SPLINE_SURFACE ( (
 ( 1.000000000000000000, 0.9436959716203198179, 0.9642508429965834793),
 ( 1.000000000000000000, 0.9393830113972383433, 0.9615124120778453243),
 ( 1.000000000000000000, 0.9350258927175603141, 0.9587459435986813716),
 ( 1.000000000000000000, 0.9265081892335930158, 0.9533377920344003886),
 ( 1.000000000000000000, 0.9223287488169094051, 0.9506841369418215226),
 ( 1.000000000000000000, 0.9101320884862195149, 0.9429401026759440807),
 ( 1.000000000000000000, 0.9024496668013327616, 0.9380622971816823252),
 ( 1.000000000000000000, 0.8921049239460313585, 0.9314941022028022655),
 ( 1.000000000000000000, 0.8888474760902717042, 0.9294258485062689701),
 ( 1.000000000000000000, 0.8829023720003685849, 0.9256511193149858929),
 ( 1.000000000000000000, 0.8802054024638401586, 0.9239387305184931787),
 ( 1.000000000000000000, 0.8730471665490098232, 0.9193937466700705663),
 ( 1.000000000000000000, 0.8695252228434517949, 0.9171575564344778275),
 ( 1.000000000000000000, 0.8654617348084541195, 0.9145775230705228687),
 ( 1.000000000000000000, 0.8649258772431153153, 0.9142372906433582358),
 ( 1.000000000000000000, 0.8670432076603126204, 0.9155816487593011477),
 ( 1.000000000000000000, 0.8696703812030459613, 0.9172497219355408848),
 ( 1.000000000000000000, 0.8775599512168801297, 0.9222590522664377843),
 ( 1.000000000000000000, 0.8828149229478068349, 0.9255955952255061625),
 ( 1.000000000000000000, 0.8921920165121527413, 0.9315493999480917164),
 ( 1.000000000000000000, 0.8955665940868805519, 0.9336920229008518479),
 ( 1.000000000000000000, 0.9027394971762173759, 0.9382463193888722630),
 ( 1.000000000000000000, 0.9065497290884809711, 0.9406655526617104801),
 ( 1.000000000000000000, 0.9104799603144277942, 0.9431609771845994583) ) ) 
 REPRESENTATION_ITEM ( '' )  SURFACE ( )  );
#4473 = CARTESIAN_POINT ( 'NONE',  ( 28.25927289726759994, -24.40266336647781031, 3.240641307062495091 ) ) ;
#4474 = ORIENTED_EDGE ( 'NONE', *, *, #6273, .F. ) ;
#4475 = CARTESIAN_POINT ( 'NONE',  ( 33.25000000000000711, -10.32293820815836405, 0.6459049794146802803 ) ) ;
#4476 = CARTESIAN_POINT ( 'NONE',  ( 3.312517712245472534, 24.44713234453425343, -19.97376226770612462 ) ) ;
#4477 = CARTESIAN_POINT ( 'NONE',  ( -4.055493624792573470, -31.75000000000000000, 4.111731725732351350 ) ) ;
#4478 = ORIENTED_EDGE ( 'NONE', *, *, #1720, .T. ) ;
#4479 = CARTESIAN_POINT ( 'NONE',  ( 31.90993384236201535, -12.88880993338396053, 7.200626715438944281 ) ) ;
#4480 = CARTESIAN_POINT ( 'NONE',  ( 28.19034288565010726, 14.65888578940278641, 14.37029193418372763 ) ) ;
#4481 = EDGE_CURVE ( 'NONE', #2945, #3957, #3435, .T. ) ;
#4482 = VERTEX_POINT ( 'NONE', #6078 ) ;
#4483 = CARTESIAN_POINT ( 'NONE',  ( -32.40622562401012630, 10.67078234191807518, 7.130454868564774173 ) ) ;
#4484 = CARTESIAN_POINT ( 'NONE',  ( -37.00000000000000711, 0.000000000000000000, -124.8941410357254114 ) ) ;
#4485 = CARTESIAN_POINT ( 'NONE',  ( -12.57941513618665219, 30.25000000000000000, 2.030553184829944957 ) ) ;
#4486 = CARTESIAN_POINT ( 'NONE',  ( -33.24999999999999289, 11.75000000000000000, 0.2546058388727228117 ) ) ;
#4487 = DIRECTION ( 'NONE',  ( 0.000000000000000000, -0.2934431313557198662, -0.9559765314379582435 ) ) ;
#4488 = ORIENTED_EDGE ( 'NONE', *, *, #885, .F. ) ;
#4489 = CARTESIAN_POINT ( 'NONE',  ( 18.33980201466649618, -27.81780611224363042, 6.043426446481992009 ) ) ;
#4490 = VERTEX_POINT ( 'NONE', #758 ) ;
#4491 = CARTESIAN_POINT ( 'NONE',  ( -32.79761447121964579, -15.30008833619446484, -16.81275583644104543 ) ) ;
#4492 = CARTESIAN_POINT ( 'NONE',  ( -28.65620682077388182, -9.728167198140681649, 9.294055273366373271 ) ) ;
#4493 = DIRECTION ( 'NONE',  ( 0.000000000000000000, 0.000000000000000000, -1.000000000000000000 ) ) ;
#4494 = CARTESIAN_POINT ( 'NONE',  ( 28.64820695776853654, 23.97561996632773429, -0.7151121415143124604 ) ) ;
#4495 = CARTESIAN_POINT ( 'NONE',  ( -34.74999999999999289, 13.00498023550823667, 4.343069750164681331 ) ) ;
#4496 = CARTESIAN_POINT ( 'NONE',  ( -13.24214410508131046, -30.25000000000000000, 1.773383837395826390 ) ) ;
#4497 = CARTESIAN_POINT ( 'NONE',  ( 14.14499833137547924, -31.74999999999999645, 4.830746641890030446 ) ) ;
#4498 = EDGE_CURVE ( 'NONE', #3810, #3855, #4549, .T. ) ;
#4499 = CARTESIAN_POINT ( 'NONE',  ( -23.54890067610390147, -29.72257794549452825, -0.3121403191013866207 ) ) ;
#4500 = CARTESIAN_POINT ( 'NONE',  ( -33.18365393718762135, 3.556927447306025947, 6.905872981836225222 ) ) ;
#4501 = CARTESIAN_POINT ( 'NONE',  ( 26.75000000000001066, 11.75000000000000000, -12.00000000000000000 ) ) ;
#4502 = CARTESIAN_POINT ( 'NONE',  ( 13.55413071374290901, 30.50089875074298362, 6.791223507600847142 ) ) ;
#4503 = CARTESIAN_POINT ( 'NONE',  ( 30.57056255057944938, 24.00419216289013846, -0.7196649340124333660 ) ) ;
#4504 = DIRECTION ( 'NONE',  ( 0.000000000000000000, 0.000000000000000000, -1.000000000000000000 ) ) ;
#4505 = ORIENTED_EDGE ( 'NONE', *, *, #1858, .T. ) ;
#4506 = DIRECTION ( 'NONE',  ( 1.601283208593975218E-15, 0.000000000000000000, -1.000000000000000000 ) ) ;
#4507 = CARTESIAN_POINT ( 'NONE',  ( 17.05581093375306878, 29.26118356853879732, 7.330971695806521637 ) ) ;
#4508 = DIRECTION ( 'NONE',  ( 0.000000000000000000, 0.000000000000000000, -1.000000000000000000 ) ) ;
#4509 = ORIENTED_EDGE ( 'NONE', *, *, #1850, .T. ) ;
#4510 = CARTESIAN_POINT ( 'NONE',  ( -34.74999999999999289, 6.659417015255291616, -11.22046847013035809 ) ) ;
#4511 = ADVANCED_FACE ( 'NONE', ( #1413 ), #3750, .T. ) ;
#4512 = DATE_TIME_ROLE ( 'classification_date' ) ;
#4513 = VERTEX_POINT ( 'NONE', #2933 ) ;
#4514 = CARTESIAN_POINT ( 'NONE',  ( 34.75000000000000711, 9.957630807191700129, 0.7264319640433819503 ) ) ;
#4515 =( BOUNDED_SURFACE ( )  B_SPLINE_SURFACE ( 3, 2, ( 
 ( #3655, #6261, #499 ),
 ( #5790, #1629, #3214 ),
 ( #4695, #3730, #534 ),
 ( #5758, #3694, #6773 ),
 ( #5280, #6300, #2633 ),
 ( #980, #1597, #2598 ),
 ( #4176, #2075, #2145 ),
 ( #5720, #4246, #1556 ) ),
 .UNSPECIFIED., .F., .F., .F. ) 
 B_SPLINE_SURFACE_WITH_KNOTS ( ( 4, 2, 2, 4 ),
 ( 3, 3 ),
 ( -7.320533068622125938E-16, 0.001413360555024999275, 0.002120040832537865155, 0.002826721110050730602 ),
 ( 0.000000000000000000, 1.000000000000000000 ),
 .UNSPECIFIED. ) 
 GEOMETRIC_REPRESENTATION_ITEM ( )  RATIONAL_B_SPLINE_SURFACE ( (
 ( 1.000000000000000000, 0.9301069718818639753, 1.000000000000000000),
 ( 1.000000000000000000, 0.9357408456368256910, 1.000000000000000000),
 ( 1.000000000000000000, 0.9414178394317908039, 1.000000000000000000),
 ( 1.000000000000000000, 0.9501746536313587788, 1.000000000000000000),
 ( 1.000000000000000000, 0.9531345776570052664, 1.000000000000000000),
 ( 1.000000000000000000, 0.9592322713195975403, 1.000000000000000000),
 ( 1.000000000000000000, 0.9623577978462528604, 1.000000000000000000),
 ( 1.000000000000000000, 0.9657594123133699249, 1.000000000000000000) ) ) 
 REPRESENTATION_ITEM ( '' )  SURFACE ( )  );
#4516 = CARTESIAN_POINT ( 'NONE',  ( -27.16047998773257532, 22.57521770751308665, 6.926664548128441901 ) ) ;
#4517 = CARTESIAN_POINT ( 'NONE',  ( -21.43839970461304389, -23.45131480562060489, 14.44699326616226642 ) ) ;
#4518 = CARTESIAN_POINT ( 'NONE',  ( -1.591034827144426527E-15, -0.4531016665342953997, -53.00137102640768916 ) ) ;
#4519 = CARTESIAN_POINT ( 'NONE',  ( -18.99298878196414719, 23.55343495349207217, 9.290238737579469941 ) ) ;
#4520 = EDGE_LOOP ( 'NONE', ( #3970, #3436, #1325, #5296, #806, #12, #5233, #632 ) ) ;
#4521 = CARTESIAN_POINT ( 'NONE',  ( 30.01413459509032222, 16.12486074939199554, 5.841315016724633047 ) ) ;
#4522 = ORIENTED_EDGE ( 'NONE', *, *, #4796, .T. ) ;
#4523 = CARTESIAN_POINT ( 'NONE',  ( 26.75000000000001066, -11.75000000000000000, -12.00000000000000000 ) ) ;
#4524 = CARTESIAN_POINT ( 'NONE',  ( -8.100491907650024359, -30.25000000000000000, 3.176517749449508710 ) ) ;
#4525 = CARTESIAN_POINT ( 'NONE',  ( -29.63142494019350437, -6.311303953499458608, 9.052033593376371812 ) ) ;
#4526 = CARTESIAN_POINT ( 'NONE',  ( 11.21706586826348229, -29.70252402249745671, 11.82629151725428507 ) ) ;
#4527 = CARTESIAN_POINT ( 'NONE',  ( -12.72231514984777689, -30.24999999999999645, 4.357837398283403552 ) ) ;
#4528 = CARTESIAN_POINT ( 'NONE',  ( 24.75000000000000711, -9.591564683836152128, 0.7887280973505833570 ) ) ;
#4529 = CARTESIAN_POINT ( 'NONE',  ( -23.80847525557725319, 27.89222360999739436, -0.4107010894891307551 ) ) ;
#4530 = DIRECTION ( 'NONE',  ( 0.000000000000000000, 0.000000000000000000, -1.000000000000000000 ) ) ;
#4531 = CIRCLE ( 'NONE', #3533, 25.49999999999999645 ) ;
#4532 = EDGE_CURVE ( 'NONE', #258, #4490, #5054, .T. ) ;
#4533 = DIRECTION ( 'NONE',  ( 0.000000000000000000, 1.000000000000000000, 0.000000000000000000 ) ) ;
#4534 = CARTESIAN_POINT ( 'NONE',  ( -30.29610756880811451, -9.517120639987007635, 13.61280467374726655 ) ) ;
#4535 = B_SPLINE_CURVE_WITH_KNOTS ( 'NONE', 3,
 ( #2284, #5513, #304, #4381, #4485, #1864 ),
 .UNSPECIFIED., .F., .F.,
 ( 4, 2, 4 ),
 ( 0.000000000000000000, 0.001413215967196088194, 0.002826431934392176389 ),
 .UNSPECIFIED. ) ;
#4536 = VECTOR ( 'NONE', #3907, 1000.000000000000000 ) ;
#4537 = CARTESIAN_POINT ( 'NONE',  ( -34.74999999999999289, 8.003018991565614471, 1.059062443885577132 ) ) ;
#4538 = ORIENTED_EDGE ( 'NONE', *, *, #3261, .T. ) ;
#4539 = B_SPLINE_CURVE_WITH_KNOTS ( 'NONE', 3,
 ( #3589, #886, #2399, #6611, #6580, #344 ),
 .UNSPECIFIED., .F., .F.,
 ( 4, 2, 4 ),
 ( 0.000000000000000000, 0.003918588605874392082, 0.007837177211748784164 ),
 .UNSPECIFIED. ) ;
#4540 = CARTESIAN_POINT ( 'NONE',  ( -23.36379890679825522, -29.81221211987021036, -0.2925765666231388562 ) ) ;
#4541 = CARTESIAN_POINT ( 'NONE',  ( 13.19034451053382462, 31.75000000000331113, 4.796065289046707925 ) ) ;
#4542 = CARTESIAN_POINT ( 'NONE',  ( -11.18501438229906064, 28.11122907615009581, 12.10409783429915720 ) ) ;
#4543 = CARTESIAN_POINT ( 'NONE',  ( 8.900188754422524440, 28.92593266831968535, 10.79876842470757303 ) ) ;
#4544 = CIRCLE ( 'NONE', #4429, 18.50000000000000000 ) ;
#4545 = CARTESIAN_POINT ( 'NONE',  ( -21.99138783764991700, 30.46192619535675306, 4.235163441425841668 ) ) ;
#4546 = ORIENTED_EDGE ( 'NONE', *, *, #4658, .T. ) ;
#4547 = CARTESIAN_POINT ( 'NONE',  ( -4.550301619611237136, 30.15392197382568185, 5.495145448349412653 ) ) ;
#4548 = CIRCLE ( 'NONE', #6294, 8.500000000000000000 ) ;
#4549 = B_SPLINE_CURVE_WITH_KNOTS ( 'NONE', 3,
 ( #4438, #895, #2998, #5572, #4985, #6042, #6012, #2372, #1311 ),
 .UNSPECIFIED., .F., .F.,
 ( 4, 2, 1, 2, 4 ),
 ( 0.000000000000000000, 0.005335391170959038684, 0.01067078234191807737, 0.01600617351287711432, 0.02134156468383615474 ),
 .UNSPECIFIED. ) ;
#4550 = VECTOR ( 'NONE', #4508, 1000.000000000000000 ) ;
#4551 = CARTESIAN_POINT ( 'NONE',  ( 62.50000000000000000, 0.000000000000000000, -124.8941410357253972 ) ) ;
#4552 = CARTESIAN_POINT ( 'NONE',  ( 33.80304927477649102, -17.84031094670555362, -0.4457507453917737283 ) ) ;
#4553 = CARTESIAN_POINT ( 'NONE',  ( 17.56681607374101262, 26.45855396561358930, 9.903581935569381045 ) ) ;
#4554 = CARTESIAN_POINT ( 'NONE',  ( -15.78841165316585915, 28.65049379494217519, 6.126953407844783150 ) ) ;
#4555 = CIRCLE ( 'NONE', #1582, 8.000000000000000000 ) ;
#4556 = CARTESIAN_POINT ( 'NONE',  ( 28.39231210431912089, 19.40236885891741281, 5.733651102994177684 ) ) ;
#4557 = ORIENTED_EDGE ( 'NONE', *, *, #750, .T. ) ;
#4558 = EDGE_CURVE ( 'NONE', #6389, #2444, #1185, .T. ) ;
#4559 = DIRECTION ( 'NONE',  ( -0.000000000000000000, 1.000000000000000000, 0.000000000000000000 ) ) ;
#4560 = CIRCLE ( 'NONE', #1591, 10.00000000000000178 ) ;
#4561 = CARTESIAN_POINT ( 'NONE',  ( 30.24922816255621072, 1.626425659745189156, 8.854257992568625113 ) ) ;
#4562 = CARTESIAN_POINT ( 'NONE',  ( -31.65752670660302570, -13.87186118481122143, 7.167187115787833740 ) ) ;
#4563 = CARTESIAN_POINT ( 'NONE',  ( 8.100491907648221357, 31.75000000000000000, 3.176517749445001204 ) ) ;
#4564 = CARTESIAN_POINT ( 'NONE',  ( -13.67009774026879576, -28.99300840714342087, 6.349826425213530356 ) ) ;
#4565 = CARTESIAN_POINT ( 'NONE',  ( -33.24999999999999289, 12.39027407206312859, 3.768525305051906304 ) ) ;
#4566 = VERTEX_POINT ( 'NONE', #6245 ) ;
#4567 = CARTESIAN_POINT ( 'NONE',  ( -20.34289204120944206, 29.44746877329966139, 3.686305949886009348 ) ) ;
#4568 = AXIS2_PLACEMENT_3D ( 'NONE', #2385, #6568, #1866 ) ;
#4569 = CARTESIAN_POINT ( 'NONE',  ( 15.11780457009509071, 30.25000000000082423, 4.301056762270399680 ) ) ;
#4570 = CARTESIAN_POINT ( 'NONE',  ( 34.75000000000001421, -6.669888570353820434, -11.21272357993640867 ) ) ;
#4571 = CARTESIAN_POINT ( 'NONE',  ( -23.69810737777345722, -21.13809231085096485, 9.872143310310988795 ) ) ;
#4572 = CARTESIAN_POINT ( 'NONE',  ( 34.59273473930607423, 14.33628892971545810, -0.09955888603672730097 ) ) ;
#4573 = CARTESIAN_POINT ( 'NONE',  ( 17.99909530861552298, -27.69200066228022195, 6.304514832651251233 ) ) ;
#4574 = ORIENTED_EDGE ( 'NONE', *, *, #3105, .T. ) ;
#4575 = CARTESIAN_POINT ( 'NONE',  ( -27.72980470124223729, -21.85736032297707254, 6.926908830060677147 ) ) ;
#4576 = CARTESIAN_POINT ( 'NONE',  ( 31.36830555649677166, 19.97273493134075295, -0.6343302303619166027 ) ) ;
#4577 = CARTESIAN_POINT ( 'NONE',  ( -18.61517480355477616, 23.85133511197532741, 14.24490296624435715 ) ) ;
#4578 = ORIENTED_EDGE ( 'NONE', *, *, #1289, .T. ) ;
#4579 = CARTESIAN_POINT ( 'NONE',  ( 8.848820930948310348, -29.76898660598117630, 5.922408707914811998 ) ) ;
#4580 = CARTESIAN_POINT ( 'NONE',  ( -30.19249228728175538, 17.87761298508610253, 7.004381932556486667 ) ) ;
#4581 = ORIENTED_EDGE ( 'NONE', *, *, #3370, .T. ) ;
#4582 = CARTESIAN_POINT ( 'NONE',  ( -18.02508166824880576, 27.69678203934976679, 6.300861200897415415 ) ) ;
#4583 = CARTESIAN_POINT ( 'NONE',  ( -33.25000000000000000, -3.423317125214655032, -10.15818695171765285 ) ) ;
#4584 = CARTESIAN_POINT ( 'NONE',  ( 27.72751097197933845, -21.86024334717543738, 6.926908502171019499 ) ) ;
#4585 = CARTESIAN_POINT ( 'NONE',  ( 30.11440863329984552, 10.09265639818183757, 9.853489423838942329 ) ) ;
#4586 = CARTESIAN_POINT ( 'NONE',  ( -27.22901536801710165, 13.22706868549456871, 9.295026026505693650 ) ) ;
#4587 = CARTESIAN_POINT ( 'NONE',  ( 12.31193480324411205, -29.27173941098860865, 12.36800253450262232 ) ) ;
#4588 = CARTESIAN_POINT ( 'NONE',  ( 31.19314536071422239, -11.64532429073314646, 6.042707359122128530 ) ) ;
#4589 = EDGE_CURVE ( 'NONE', #5313, #3387, #5205, .T. ) ;
#4590 = VERTEX_POINT ( 'NONE', #6758 ) ;
#4591 = CARTESIAN_POINT ( 'NONE',  ( -30.01413459509567971, -16.12486074938693292, 5.841315016725726394 ) ) ;
#4592 = CARTESIAN_POINT ( 'NONE',  ( 29.99701454583613014, -3.998842927806715686, 8.945165574828216393 ) ) ;
#4593 = CARTESIAN_POINT ( 'NONE',  ( 6.123233995736767268E-16, -31.75000000000000000, 5.000000000000000000 ) ) ;
#4594 = CARTESIAN_POINT ( 'NONE',  ( -26.32847856632892913, 17.78815683518729784, 14.54845826219844973 ) ) ;
#4595 = CARTESIAN_POINT ( 'NONE',  ( -31.15428837113379501, -11.07213114615255378, 6.208304032927996374 ) ) ;
#4596 = CARTESIAN_POINT ( 'NONE',  ( -31.97509042566472459, -1.754780844256284444, 6.083403988010770647 ) ) ;
#4597 = CARTESIAN_POINT ( 'NONE',  ( -22.16358511807120379, 28.71028582005269669, -0.2264962296660215646 ) ) ;
#4598 = CARTESIAN_POINT ( 'NONE',  ( -33.31634606281238575, -3.903127820947815962E-15, 6.841330122396718671 ) ) ;
#4599 = CARTESIAN_POINT ( 'NONE',  ( -192.2911684466441500, 0.000000000000000000, -124.8941410357254114 ) ) ;
#4600 = CARTESIAN_POINT ( 'NONE',  ( -14.64661602852386935, -28.18609456987714523, 9.658925352663944253 ) ) ;
#4601 = CARTESIAN_POINT ( 'NONE',  ( 31.65752670660301860, 13.87186118481121078, 7.167187115787850615 ) ) ;
#4602 = EDGE_CURVE ( 'NONE', #3433, #2931, #3132, .T. ) ;
#4603 = CARTESIAN_POINT ( 'NONE',  ( 18.58328252568997740, 25.77265106565496211, 14.12396120977161651 ) ) ;
#4604 = CARTESIAN_POINT ( 'NONE',  ( -32.91498545973702505, 7.056080320456902477, 7.005653562898399578 ) ) ;
#4605 = DIRECTION ( 'NONE',  ( 1.000000000000000000, 0.000000000000000000, 0.000000000000000000 ) ) ;
#4606 = CARTESIAN_POINT ( 'NONE',  ( 30.80956024312166974, -21.01451951019353004, -0.6810306229239239117 ) ) ;
#4607 = CARTESIAN_POINT ( 'NONE',  ( -29.77464992210994410, -24.96512262614060873, 3.932533246253175019 ) ) ;
#4608 = CARTESIAN_POINT ( 'NONE',  ( 2.027706192702452448, 31.74999999999999289, 4.555639384454228669 ) ) ;
#4609 = DIRECTION ( 'NONE',  ( 0.000000000000000000, 1.000000000000000000, 0.000000000000000000 ) ) ;
#4610 = CARTESIAN_POINT ( 'NONE',  ( 2.102962743635758525, 30.25000000002880896, 4.897609150892386687 ) ) ;
#4611 = CARTESIAN_POINT ( 'NONE',  ( -24.13245892111480728, 29.44333263746240803, 4.114955837840823527 ) ) ;
#4612 = ORIENTED_EDGE ( 'NONE', *, *, #5481, .T. ) ;
#4613 = CARTESIAN_POINT ( 'NONE',  ( -30.42651365301894728, 14.39143168760778835, 6.067858133685890998 ) ) ;
#4614 = CARTESIAN_POINT ( 'NONE',  ( 7.043139612099082569, -29.44658771467426561, 7.429627085421226518 ) ) ;
#4615 = CARTESIAN_POINT ( 'NONE',  ( -18.58328252568996675, -25.77265106565497277, 14.12396120977161651 ) ) ;
#4616 = EDGE_CURVE ( 'NONE', #6398, #6091, #2839, .T. ) ;
#4617 = CARTESIAN_POINT ( 'NONE',  ( -31.93621773226565352, 12.81096519409040724, 7.214348705376091075 ) ) ;
#4618 = CARTESIAN_POINT ( 'NONE',  ( -20.41000509414169883, 26.83273002659019113, 5.942671592998198804 ) ) ;
#4619 = B_SPLINE_CURVE_WITH_KNOTS ( 'NONE', 3,
 ( #3819, #5907, #1610, #3710, #5805, #2688, #1818, #1919, #3956, #1304 ),
 .UNSPECIFIED., .F., .F.,
 ( 4, 2, 2, 2, 4 ),
 ( 0.008711752540664367134, 0.01088601776883437768, 0.01306028299700438822, 0.01523454822517439702, 0.01740881345334440583 ),
 .UNSPECIFIED. ) ;
#4620 = CARTESIAN_POINT ( 'NONE',  ( 31.33263180365788969, 10.54849906277996396, 6.083227182841789649 ) ) ;
#4621 = ORIENTED_EDGE ( 'NONE', *, *, #724, .F. ) ;
#4622 = B_SPLINE_CURVE_WITH_KNOTS ( 'NONE', 3,
 ( #6653, #6139, #3596, #6617, #4028, #6074, #2022, #4122, #6174, #6208, #2436, #1440, #1474, #1957, #1888, #5151, #1984, #3032, #6686, #3471, #3565, #3497, #3995, #5568, #2963, #892, #5669, #5051 ),
 .UNSPECIFIED., .F., .F.,
 ( 4, 2, 2, 2, 2, 2, 2, 2, 2, 2, 2, 2, 2, 4 ),
 ( 0.02003990337742218505, 0.03153934987461824713, 0.03441421149891726872, 0.03728907312321628337, 0.04303879637181431267, 0.04878851962041234891, 0.05166338124471137050, 0.05453824286901039209, 0.05741310449330942756, 0.06028796611760844915, 0.06172539692975796688, 0.06316282774190748461, 0.06460025855405700235, 0.06603768936620653396 ),
 .UNSPECIFIED. ) ;
#4623 = CARTESIAN_POINT ( 'NONE',  ( 10.68712574850298225, -28.29925517104089039, 11.82629151725428507 ) ) ;
#4624 = CARTESIAN_POINT ( 'NONE',  ( -28.74357562219417161, 13.54197569201719098, 14.26686637510625033 ) ) ;
#4625 = CARTESIAN_POINT ( 'NONE',  ( 30.04100300474457441, -3.621514104108099374, 12.41555608675844447 ) ) ;
#4626 = EDGE_CURVE ( 'NONE', #2896, #1719, #699, .T. ) ;
#4627 = DIRECTION ( 'NONE',  ( 5.551115123125782702E-17, 0.000000000000000000, -1.000000000000000000 ) ) ;
#4628 = CARTESIAN_POINT ( 'NONE',  ( -28.20901148416402293, 14.62245985227556844, 14.36711891095696458 ) ) ;
#4629 = FACE_OUTER_BOUND ( 'NONE', #5024, .T. ) ;
#4630 = CARTESIAN_POINT ( 'NONE',  ( -31.91847254312360604, -3.513868944215342793, 6.100048067806882912 ) ) ;
#4631 = CARTESIAN_POINT ( 'NONE',  ( -16.16960775711472209, 30.25000000000011369, 4.155580001464826978 ) ) ;
#4632 = CARTESIAN_POINT ( 'NONE',  ( 14.26973143138805611, 30.24999999999959499, 4.368496923616965510 ) ) ;
#4633 =( BOUNDED_SURFACE ( )  B_SPLINE_SURFACE ( 3, 2, ( 
 ( #4101, #5162, #1487 ),
 ( #6597, #457, #3576 ),
 ( #6119, #5680, #3609 ),
 ( #1900, #6085, #1389 ),
 ( #970, #2034, #5578 ),
 ( #1421, #360, #4552 ),
 ( #5060, #5710, #3479 ),
 ( #5643, #2551, #869 ),
 ( #4068, #1966, #2975 ),
 ( #2448, #6629, #3507 ),
 ( #5608, #901, #5098 ),
 ( #1451, #397, #2481 ),
 ( #4584, #3540, #937 ),
 ( #3043, #1073, #5744 ),
 ( #4302, #2134, #6763 ),
 ( #5342, #128, #3139 ),
 ( #2697, #3243, #5307 ),
 ( #2588, #1139, #4786 ),
 ( #628, #2730, #595 ),
 ( #489, #5234, #1038 ),
 ( #5848, #4819, #3645 ),
 ( #1103, #559, #2201 ),
 ( #2100, #524, #4235 ),
 ( #95, #2064, #2621 ),
 ( #4166, #2170, #6288 ),
 ( #4719, #4271, #3756 ),
 ( #6394, #1690, #6327 ),
 ( #1619, #1547, #3202 ),
 ( #3794, #4749, #1654 ),
 ( #5269, #3171, #19 ) ),
 .UNSPECIFIED., .F., .F., .T. ) 
 B_SPLINE_SURFACE_WITH_KNOTS ( ( 4, 2, 2, 2, 2, 2, 2, 2, 2, 2, 2, 2, 2, 2, 4 ),
 ( 3, 3 ),
 ( 0.006147956974343384180, 0.008143088909264120309, 0.009140654876724489675, 0.009639437860454673490, 0.01013822084418485731, 0.01213335277910559257, 0.01313091874656596020, 0.01412848471402632956, 0.01612361664894706656, 0.01712118261640743419, 0.01811874858386780182, 0.02011388051878854055, 0.02061266350251872437, 0.02111144648624890818, 0.02210901245370927581 ),
 ( 0.000000000000000000, 1.000000000000000000 ),
 .UNSPECIFIED. ) 
 GEOMETRIC_REPRESENTATION_ITEM ( )  RATIONAL_B_SPLINE_SURFACE ( (
 ( 1.000000000000000000, 0.9194434921897850499, 1.000000000000000000),
 ( 1.000000000000000000, 0.9168835073319429041, 1.000000000000000000),
 ( 1.000000000000000000, 0.9147574736212753521, 1.000000000000000000),
 ( 1.000000000000000000, 0.9121336375806512464, 1.000000000000000000),
 ( 1.000000000000000000, 0.9113532811831144276, 1.000000000000000000),
 ( 1.000000000000000000, 0.9103177722638270408, 1.000000000000000000),
 ( 1.000000000000000000, 0.9099957191759142638, 1.000000000000000000),
 ( 1.000000000000000000, 0.9094028050257534357, 1.000000000000000000),
 ( 1.000000000000000000, 0.9091308643064540673, 1.000000000000000000),
 ( 1.000000000000000000, 0.9078879203565843881, 1.000000000000000000),
 ( 1.000000000000000000, 0.9072609860790650238, 1.000000000000000000),
 ( 1.000000000000000000, 0.9068358836492202979, 1.000000000000000000),
 ( 1.000000000000000000, 0.9067824086781884896, 1.000000000000000000),
 ( 1.000000000000000000, 0.9068536119961029263, 1.000000000000000000),
 ( 1.000000000000000000, 0.9069779313642443164, 1.000000000000000000),
 ( 1.000000000000000000, 0.9076199941581366559, 1.000000000000000000),
 ( 1.000000000000000000, 0.9083929936132304483, 1.000000000000000000),
 ( 1.000000000000000000, 0.9101075382124514945, 1.000000000000000000),
 ( 1.000000000000000000, 0.9107727460586979573, 1.000000000000000000),
 ( 1.000000000000000000, 0.9123113217807031772, 1.000000000000000000),
 ( 1.000000000000000000, 0.9131737978738638795, 1.000000000000000000),
 ( 1.000000000000000000, 0.9160405060944210032, 1.000000000000000000),
 ( 1.000000000000000000, 0.9183302663927430665, 1.000000000000000000),
 ( 1.000000000000000000, 0.9217179776643842359, 1.000000000000000000),
 ( 1.000000000000000000, 0.9224226940399463670, 1.000000000000000000),
 ( 1.000000000000000000, 0.9238670999951908991, 1.000000000000000000),
 ( 1.000000000000000000, 0.9246086443697817403, 1.000000000000000000),
 ( 1.000000000000000000, 0.9268857192298860515, 1.000000000000000000),
 ( 1.000000000000000000, 0.9284745722149848612, 1.000000000000000000),
 ( 1.000000000000000000, 0.9301069718818444354, 1.000000000000000000) ) ) 
 REPRESENTATION_ITEM ( '' )  SURFACE ( )  );
#4634 = CARTESIAN_POINT ( 'NONE',  ( -2.215615306572126908, 30.25000000000000355, 5.243793034728650326 ) ) ;
#4635 = CARTESIAN_POINT ( 'NONE',  ( -14.02779616982447664, -30.36667044592293152, 6.905038899008546061 ) ) ;
#4636 = CARTESIAN_POINT ( 'NONE',  ( 34.75000000000002132, 12.38829821665751574, 0.1566409725109831896 ) ) ;
#4637 = CARTESIAN_POINT ( 'NONE',  ( 23.15974595283230286, 23.27347277664393488, -19.68987198716017062 ) ) ;
#4638 = CARTESIAN_POINT ( 'NONE',  ( -33.24978797645749751, -1.773048224896307312, 6.873696550667061977 ) ) ;
#4639 = VECTOR ( 'NONE', #1279, 1000.000000000000000 ) ;
#4640 = CARTESIAN_POINT ( 'NONE',  ( 32.63436183138447433, -16.52201903080339207, -0.3681949302677351987 ) ) ;
#4641 = CARTESIAN_POINT ( 'NONE',  ( -26.86438597988879806, -22.89366216411737653, 6.931441462151485489 ) ) ;
#4642 = CARTESIAN_POINT ( 'NONE',  ( 32.28584646523887614, 17.67584842889579377, -0.4720842562727385894 ) ) ;
#4643 = CARTESIAN_POINT ( 'NONE',  ( 30.11736273837223976, -2.921715140342468597, 12.31706672426297899 ) ) ;
#4644 = CARTESIAN_POINT ( 'NONE',  ( 12.12402541061341665, 30.25000000000000000, 2.154191468302071311 ) ) ;
#4645 = APPROVAL_PERSON_ORGANIZATION ( #2342, #1372, #4375 ) ;
#4646 = CARTESIAN_POINT ( 'NONE',  ( -23.60118635208327120, 29.71765422573560045, 4.142973634377072223 ) ) ;
#4647 = EDGE_LOOP ( 'NONE', ( #3357, #4546, #2735, #1896, #1292, #6520, #2289, #1083, #833 ) ) ;
#4648 = CARTESIAN_POINT ( 'NONE',  ( -8.027272903234043966, 29.19613369644262946, 7.732142458053452572 ) ) ;
#4649 = EDGE_CURVE ( 'NONE', #572, #3283, #6071, .T. ) ;
#4650 = CARTESIAN_POINT ( 'NONE',  ( 19.31696835061841000, 28.39557303102085939, 7.229077474734167730 ) ) ;
#4651 = AXIS2_PLACEMENT_3D ( 'NONE', #5664, #953, #5695 ) ;
#4652 = DIRECTION ( 'NONE',  ( 0.000000000000000000, -0.9858269600613877026, 0.1677653266206194371 ) ) ;
#4653 = CARTESIAN_POINT ( 'NONE',  ( 23.15974595283229931, -23.27347277664394554, -19.68987198716018128 ) ) ;
#4654 = CARTESIAN_POINT ( 'NONE',  ( 21.50196379840166472, 23.39281596870113589, 14.45178302725706132 ) ) ;
#4655 = CARTESIAN_POINT ( 'NONE',  ( -17.76334020653510137, 24.49227927111976655, 14.11977938425797774 ) ) ;
#4656 = CARTESIAN_POINT ( 'NONE',  ( 27.22901536802098121, -13.22706868549127535, 9.295026026508022454 ) ) ;
#4657 = VERTEX_POINT ( 'NONE', #3037 ) ;
#4658 = EDGE_CURVE ( 'NONE', #6421, #907, #168, .T. ) ;
#4659 = CARTESIAN_POINT ( 'NONE',  ( 33.25000000000000711, -9.960160439849492064, 0.7260014777859409296 ) ) ;
#4660 = CARTESIAN_POINT ( 'NONE',  ( -18.05659298476725994, 26.12278056307338403, 14.02534064987265516 ) ) ;
#4661 = AXIS2_PLACEMENT_3D ( 'NONE', #4319, #1192, #4463 ) ;
#4662 = CARTESIAN_POINT ( 'NONE',  ( -14.71389834626810611, -23.75000000000000000, -18.50000000000000355 ) ) ;
#4663 = CARTESIAN_POINT ( 'NONE',  ( -24.06997110253201910, 20.74139108736815729, 14.57324412693643012 ) ) ;
#4664 = CARTESIAN_POINT ( 'NONE',  ( -33.25000000000000000, -10.11111797280306313, 3.841740598619105551 ) ) ;
#4665 = DIRECTION ( 'NONE',  ( -0.2620147808320862359, 0.000000000000000000, 0.9650638603872355725 ) ) ;
#4666 = ORIENTED_EDGE ( 'NONE', *, *, #5491, .T. ) ;
#4667 = CARTESIAN_POINT ( 'NONE',  ( -30.46665454190762645, -8.935628742514968081, 13.47218163977896488 ) ) ;
#4668 = CARTESIAN_POINT ( 'NONE',  ( 34.54958090637700963, 10.44019703689604484, -13.83830479547453507 ) ) ;
#4669 = CARTESIAN_POINT ( 'NONE',  ( -34.74999999999999289, 11.75000000000000000, 0.2546058388727228117 ) ) ;
#4670 = CARTESIAN_POINT ( 'NONE',  ( -13.51812925083594052, -30.47055398239675483, 6.851929084399028369 ) ) ;
#4671 = CARTESIAN_POINT ( 'NONE',  ( 15.96505558739169039, 31.72273194053235912, 0.8425399305040396358 ) ) ;
#4672 = DIRECTION ( 'NONE',  ( 1.000000000000000000, 0.000000000000000000, -1.224646799147353454E-16 ) ) ;
#4673 = CARTESIAN_POINT ( 'NONE',  ( 23.37115669764804338, -28.14398197536870327, 3.453819706999650574 ) ) ;
#4674 = EDGE_CURVE ( 'NONE', #3307, #4229, #3731, .T. ) ;
#4675 = CARTESIAN_POINT ( 'NONE',  ( -28.16334355766614550, -24.50616810945696145, -0.7044077686513890990 ) ) ;
#4676 = CARTESIAN_POINT ( 'NONE',  ( 34.26889299532912503, -11.75000000000001776, -14.73244361786125722 ) ) ;
#4677 = CARTESIAN_POINT ( 'NONE',  ( -33.14953832113357635, -19.61520331193126765, 4.009835424061368947 ) ) ;
#4678 = CARTESIAN_POINT ( 'NONE',  ( -7.111079522385847618, 29.41692567421864979, 9.700022383407883808 ) ) ;
#4679 = CARTESIAN_POINT ( 'NONE',  ( 33.25000000000000711, 7.096594077037829074, -12.00000000000000355 ) ) ;
#4680 = CARTESIAN_POINT ( 'NONE',  ( -31.88715297678188776, 4.539966315892409732, 6.059017559385877938 ) ) ;
#4681 = CARTESIAN_POINT ( 'NONE',  ( -27.15973848038233385, 22.55474926025392790, 6.928556865362867967 ) ) ;
#4682 = VERTEX_POINT ( 'NONE', #1030 ) ;
#4683 = CARTESIAN_POINT ( 'NONE',  ( -13.40297296725650078, 28.78851823875532290, 12.81119475558642762 ) ) ;
#4685 = CARTESIAN_POINT ( 'NONE',  ( 11.22529604415831272, -29.51714002774219381, 5.986618876593182037 ) ) ;
#4684 = APPROVAL ( #5509, 'UNSPECIFIED' ) ;
#4686 = CARTESIAN_POINT ( 'NONE',  ( 31.97509042566473880, 1.754780844256282890, 6.083403988010778640 ) ) ;
#4687 = CARTESIAN_POINT ( 'NONE',  ( 32.75881967160917441, -10.97800820321178961, -14.53645376563582481 ) ) ;
#4688 = CARTESIAN_POINT ( 'NONE',  ( 23.69810737777132204, 21.13809231085321017, 9.872143310310004694 ) ) ;
#4689 = CARTESIAN_POINT ( 'NONE',  ( -34.64337081780235650, -14.17742294920585877, 4.265115757014337206 ) ) ;
#4690 = EDGE_CURVE ( 'NONE', #2039, #6761, #54, .T. ) ;
#4691 = LINE ( 'NONE', #3760, #1925 ) ;
#4692 = VERTEX_POINT ( 'NONE', #5673 ) ;
#4693 = CARTESIAN_POINT ( 'NONE',  ( -17.31684647589756665, -28.17793701510245796, 6.083151278329739675 ) ) ;
#4694 = CARTESIAN_POINT ( 'NONE',  ( 7.090119924190254608, 31.75000000000000000, 3.414310382336284810 ) ) ;
#4695 = CARTESIAN_POINT ( 'NONE',  ( -16.43758431532191011, 29.47466934814144324, 7.338388997871364339 ) ) ;
#4696 = CARTESIAN_POINT ( 'NONE',  ( 5.540445028208505204E-15, 20.30114661654147312, -25.49738968226314384 ) ) ;
#4697 = B_SPLINE_CURVE_WITH_KNOTS ( 'NONE', 3,
 ( #5996, #2354, #5490, #2881, #710, #1775 ),
 .UNSPECIFIED., .F., .F.,
 ( 4, 2, 4 ),
 ( 0.000000000000000000, 0.002796521179539487173, 0.005593042359078974346 ),
 .UNSPECIFIED. ) ;
#4698 = CARTESIAN_POINT ( 'NONE',  ( 26.27396197660617005, -17.86547718095389925, 9.874466806922757911 ) ) ;
#4699 = ORIENTED_EDGE ( 'NONE', *, *, #1222, .T. ) ;
#4700 = CARTESIAN_POINT ( 'NONE',  ( 10.68712574850300889, 28.29925517104087973, 11.82629151725428329 ) ) ;
#4701 = CARTESIAN_POINT ( 'NONE',  ( 34.43056623237729497, 11.09525567450226369, -14.28756572115825563 ) ) ;
#4702 = CARTESIAN_POINT ( 'NONE',  ( 31.51439617295243067, 8.728610578428151356, 6.172367795189432904 ) ) ;
#4703 = CARTESIAN_POINT ( 'NONE',  ( -14.54620358012289039, -30.24599003524143015, 6.943684892338334969 ) ) ;
#4704 = DIRECTION ( 'NONE',  ( 5.551115123125782702E-17, 0.000000000000000000, -1.000000000000000000 ) ) ;
#4705 = FACE_OUTER_BOUND ( 'NONE', #6009, .T. ) ;
#4706 = CARTESIAN_POINT ( 'NONE',  ( -13.89291220237358360, -31.75000000000000000, 1.506774838207432188 ) ) ;
#4707 = B_SPLINE_CURVE_WITH_KNOTS ( 'NONE', 3,
 ( #3592, #1566, #5696, #986, #3665, #3089, #5766, #2991, #474, #5079, #6649, #1954 ),
 .UNSPECIFIED., .F., .F.,
 ( 4, 2, 2, 2, 2, 4 ),
 ( 1.734723475976807094E-18, 0.003444105372616422349, 0.006888210745232842963, 0.01033231611784925924, 0.01205436880415746738, 0.01377642149046567552 ),
 .UNSPECIFIED. ) ;
#4708 = CARTESIAN_POINT ( 'NONE',  ( -32.78379379686308681, -15.92083342188102613, -0.3074173290034505346 ) ) ;
#4709 = CARTESIAN_POINT ( 'NONE',  ( -16.42012677307765856, -31.75000000000000000, 4.692328251775134795 ) ) ;
#4710 = DIRECTION ( 'NONE',  ( 0.000000000000000000, 1.000000000000000000, 0.000000000000000000 ) ) ;
#4711 = CARTESIAN_POINT ( 'NONE',  ( -32.50938952718515651, 11.75000000000001421, -15.01320962997101915 ) ) ;
#4712 = CARTESIAN_POINT ( 'NONE',  ( 19.07577098081686273, -23.48452462885749625, 14.30259287451490025 ) ) ;
#4713 = EDGE_CURVE ( 'NONE', #4027, #3536, #4063, .T. ) ;
#4714 = FACE_OUTER_BOUND ( 'NONE', #4301, .T. ) ;
#4715 = ORIENTED_EDGE ( 'NONE', *, *, #4616, .T. ) ;
#4716 = CARTESIAN_POINT ( 'NONE',  ( 14.75000000000000888, -30.25000000000000000, 1.114006583038533060 ) ) ;
#4717 = CARTESIAN_POINT ( 'NONE',  ( 9.011681646802749412, -29.77442920371469270, 5.864307259376720260 ) ) ;
#4718 = ORIENTED_EDGE ( 'NONE', *, *, #361, .T. ) ;
#4719 = CARTESIAN_POINT ( 'NONE',  ( 19.28849266550318831, -28.39069347975719282, 7.230073913113385764 ) ) ;
#4720 = CARTESIAN_POINT ( 'NONE',  ( -33.24999999999999289, 1.616107873185658850, 1.605567424709631874 ) ) ;
#4721 = DIRECTION ( 'NONE',  ( -0.000000000000000000, -0.000000000000000000, 1.000000000000000000 ) ) ;
#4722 = CARTESIAN_POINT ( 'NONE',  ( 15.46435366651708421, 26.01425370208836796, 9.273966840803621992 ) ) ;
#4723 = ORIENTED_EDGE ( 'NONE', *, *, #295, .T. ) ;
#4724 = CARTESIAN_POINT ( 'NONE',  ( -15.00834418217200117, -26.28136211143118217, 9.246145429960042961 ) ) ;
#4725 = DIRECTION ( 'NONE',  ( 0.4229360644636479538, 0.000000000000000000, 0.9061595253463934352 ) ) ;
#4726 = FACE_OUTER_BOUND ( 'NONE', #3150, .T. ) ;
#4727 = CARTESIAN_POINT ( 'NONE',  ( -31.91918978673025720, -3.492586520065033451, 6.099825316294325006 ) ) ;
#4728 = CARTESIAN_POINT ( 'NONE',  ( -31.25779178040861339, 10.50889969320578388, 6.179195852882644502 ) ) ;
#4729 = ORIENTED_EDGE ( 'NONE', *, *, #2214, .F. ) ;
#4730 = CARTESIAN_POINT ( 'NONE',  ( 29.02728503599072596, 8.513473053892212761, 13.47218163977897909 ) ) ;
#4731 = CARTESIAN_POINT ( 'NONE',  ( 24.00220384336825319, 18.42023709947166310, 14.57300115577733557 ) ) ;
#4732 = LINE ( 'NONE', #5324, #55 ) ;
#4733 = CARTESIAN_POINT ( 'NONE',  ( -14.74999999999999822, 25.33714599355024788, -19.84098001496990094 ) ) ;
#4734 = CARTESIAN_POINT ( 'NONE',  ( 23.36379890679758020, 29.81221211987057274, -0.2925765666228083428 ) ) ;
#4735 = CARTESIAN_POINT ( 'NONE',  ( 12.27130346005248818, 29.30439447300395628, 12.38673271491089167 ) ) ;
#4736 = CARTESIAN_POINT ( 'NONE',  ( 34.54958090637634882, -10.44019703689946255, -13.83830479547696690 ) ) ;
#4737 = CARTESIAN_POINT ( 'NONE',  ( -33.22118018810567719, -12.94475621410315469, 0.06540351428126979505 ) ) ;
#4738 = CARTESIAN_POINT ( 'NONE',  ( 15.30798074474529358, 30.25000000000000711, 0.9732341753482377511 ) ) ;
#4739 = CARTESIAN_POINT ( 'NONE',  ( -31.23573625323817282, 14.49316796827771547, -16.48919879262120247 ) ) ;
#4740 = EDGE_LOOP ( 'NONE', ( #5793, #6624, #4471, #6465 ) ) ;
#4741 = CARTESIAN_POINT ( 'NONE',  ( -30.25031384334780782, 0.7151800261644494228, 12.14100385157048478 ) ) ;
#4742 = CARTESIAN_POINT ( 'NONE',  ( -31.72178106942150677, 1.540546112155935621, 12.17831378154120792 ) ) ;
#4743 = ORIENTED_EDGE ( 'NONE', *, *, #2532, .F. ) ;
#4744 = CARTESIAN_POINT ( 'NONE',  ( -12.12402541061334205, 31.75000000000000000, 2.154191468302085521 ) ) ;
#4745 = CARTESIAN_POINT ( 'NONE',  ( 2.339337044633812202, -31.66716546583407776, 6.502677778305947065 ) ) ;
#4746 = VECTOR ( 'NONE', #1067, 1000.000000000000000 ) ;
#4747 = CARTESIAN_POINT ( 'NONE',  ( 30.24936373383195942, 1.469821098567486661, 12.14228918907092591 ) ) ;
#4748 = ORIENTED_EDGE ( 'NONE', *, *, #184, .F. ) ;
#4749 = CARTESIAN_POINT ( 'NONE',  ( 16.96707012598774966, -31.69953664050339981, 4.634846467030733663 ) ) ;
#4750 = CARTESIAN_POINT ( 'NONE',  ( 33.25000000000000711, 11.75000000000000178, 0.2546058388728121291 ) ) ;
#4751 = CARTESIAN_POINT ( 'NONE',  ( -2.027706192702717569, -30.24999999999999645, 4.555639384455439256 ) ) ;
#4752 = CARTESIAN_POINT ( 'NONE',  ( -31.54316623503515515, -14.30719836824428448, 7.147834423220774447 ) ) ;
#4753 = CARTESIAN_POINT ( 'NONE',  ( 9.797174393178827630E-15, 0.000000000000000000, 80.00000000000000000 ) ) ;
#4754 = LOCAL_TIME ( 0, 3, 48.00000000000000000, #4888 ) ;
#4755 = EDGE_LOOP ( 'NONE', ( #1530, #4666, #1145, #4881, #932, #3079, #4574 ) ) ;
#4756 = DIRECTION ( 'NONE',  ( -1.000000000000000000, 0.000000000000000000, 0.000000000000000000 ) ) ;
#4757 = CARTESIAN_POINT ( 'NONE',  ( 31.21053511330936558, 6.018043176531375771, 12.78252839951442965 ) ) ;
#4758 = CARTESIAN_POINT ( 'NONE',  ( -14.74999999999999645, -30.25000000000000000, 1.114006583038579912 ) ) ;
#4759 = CARTESIAN_POINT ( 'NONE',  ( -33.24999999999999289, 3.208999329841279557, 1.535570715591661806 ) ) ;
#4760 = CARTESIAN_POINT ( 'NONE',  ( 9.736721474322247696E-15, 4.364809867514773067, -51.87648988336888323 ) ) ;
#4761 = CARTESIAN_POINT ( 'NONE',  ( 25.04303788188911639, -24.87117893577477545, 6.894836205296640763 ) ) ;
#4762 = VERTEX_POINT ( 'NONE', #119 ) ;
#4763 = DIRECTION ( 'NONE',  ( -0.4229360644636520616, 0.000000000000000000, -0.9061595253463915478 ) ) ;
#4764 = CARTESIAN_POINT ( 'NONE',  ( -34.74999999999999289, 11.75000000000000000, 0.2546058388727228117 ) ) ;
#4765 = AXIS2_PLACEMENT_3D ( 'NONE', #4278, #4827, #104 ) ;
#4766 = CARTESIAN_POINT ( 'NONE',  ( 14.75000000000000888, -21.75000000000000000, 1.114006583038533060 ) ) ;
#4767 = CARTESIAN_POINT ( 'NONE',  ( -22.14669386800060380, 23.67090020070246226, -19.75103365452310555 ) ) ;
#4768 = CARTESIAN_POINT ( 'NONE',  ( 24.13252504723599046, 29.44329737329651664, 4.114952435974107203 ) ) ;
#4769 = CARTESIAN_POINT ( 'NONE',  ( 37.00000000000000711, 0.000000000000000000, -214.9999999999998863 ) ) ;
#4770 = CARTESIAN_POINT ( 'NONE',  ( 1.100908770256621594, 23.75000000000000355, -20.00000000000000000 ) ) ;
#4771 = AXIS2_PLACEMENT_3D ( 'NONE', #3281, #1183, #3870 ) ;
#4772 = CARTESIAN_POINT ( 'NONE',  ( -32.07864838887324765, -18.25774979119881891, -0.5179778296823925876 ) ) ;
#4773 = CARTESIAN_POINT ( 'NONE',  ( -13.89519065036436807, -31.75000000000000000, 1.505770537013743082 ) ) ;
#4774 = CARTESIAN_POINT ( 'NONE',  ( 29.70890984633025766, 22.64956650929894622, 3.234831404854418224 ) ) ;
#4775 = AXIS2_PLACEMENT_3D ( 'NONE', #841, #1360, #3452 ) ;
#4776 = CARTESIAN_POINT ( 'NONE',  ( -14.56494568446362514, 28.75016920291787059, 6.448112735605968204 ) ) ;
#4777 = CARTESIAN_POINT ( 'NONE',  ( -31.44266128850621200, 10.60597041864757628, 5.946198822176242516 ) ) ;
#4778 = B_SPLINE_CURVE_WITH_KNOTS ( 'NONE', 3,
 ( #1744, #743, #206, #277, #2848, #5421 ),
 .UNSPECIFIED., .F., .F.,
 ( 4, 2, 4 ),
 ( 1.734723475976807094E-18, 0.002212964716816208811, 0.004425929433632421091 ),
 .UNSPECIFIED. ) ;
#4779 = CARTESIAN_POINT ( 'NONE',  ( 14.75000000000000711, -23.75000000000000000, -12.00000000000000000 ) ) ;
#4780 = ORIENTED_EDGE ( 'NONE', *, *, #2601, .F. ) ;
#4781 = CARTESIAN_POINT ( 'NONE',  ( 14.26577058051978852, -30.25000000000000000, 4.368753800039073987 ) ) ;
#4782 = CIRCLE ( 'NONE', #293, 8.500000000000000000 ) ;
#4783 = CARTESIAN_POINT ( 'NONE',  ( 1.804331491692240608, -30.25000000000000355, 6.218761988820233455 ) ) ;
#4784 = CARTESIAN_POINT ( 'NONE',  ( -34.74999999999999289, 11.75000000000000000, 5.000000000000000000 ) ) ;
#4785 = ORIENTED_EDGE ( 'NONE', *, *, #3690, .F. ) ;
#4786 = CARTESIAN_POINT ( 'NONE',  ( 25.11444639121264544, -28.86767340207735089, -0.4619168274049684775 ) ) ;
#4787 = CARTESIAN_POINT ( 'NONE',  ( -33.25000000000000000, -6.411906330773107676, 1.261034303617981189 ) ) ;
#4788 = CARTESIAN_POINT ( 'NONE',  ( -30.98074201477535539, -16.02748437608134680, 7.073752109289634937 ) ) ;
#4789 = CARTESIAN_POINT ( 'NONE',  ( 10.68712574850300889, 28.29925517104087973, 11.82629151725428507 ) ) ;
#4790 = ORIENTED_EDGE ( 'NONE', *, *, #3571, .F. ) ;
#4791 = B_SPLINE_CURVE_WITH_KNOTS ( 'NONE', 3,
 ( #1633, #2675, #3151, #2638, #5247, #4146 ),
 .UNSPECIFIED., .F., .F.,
 ( 4, 2, 4 ),
 ( 0.000000000000000000, 0.002212964716815625076, 0.004425929433631244948 ),
 .UNSPECIFIED. ) ;
#4792 = CARTESIAN_POINT ( 'NONE',  ( -30.74317495736018202, 8.102294456158849911, 9.658261511919397080 ) ) ;
#4793 = CARTESIAN_POINT ( 'NONE',  ( 32.77921720620827983, -9.058720569188999150, 6.942723540011971117 ) ) ;
#4794 = CARTESIAN_POINT ( 'NONE',  ( -22.87980829647233350, -28.37913256598800871, -0.3111020043368687427 ) ) ;
#4795 = CARTESIAN_POINT ( 'NONE',  ( -33.24999999999999289, 1.603571479112279929, 1.605999246799310498 ) ) ;
#4796 = EDGE_CURVE ( 'NONE', #2702, #6266, #5291, .T. ) ;
#4797 = FACE_OUTER_BOUND ( 'NONE', #1524, .T. ) ;
#4798 = CARTESIAN_POINT ( 'NONE',  ( 29.52110788592862178, -11.70978218068605692, 9.917255454027959161 ) ) ;
#4799 = ORIENTED_EDGE ( 'NONE', *, *, #6479, .F. ) ;
#4800 = CARTESIAN_POINT ( 'NONE',  ( 19.31544748371293352, -28.39612586448624398, 7.229147915081575171 ) ) ;
#4801 = CARTESIAN_POINT ( 'NONE',  ( 17.33204495707070336, 31.59322054131070345, 0.5738682152102537737 ) ) ;
#4802 = ADVANCED_FACE ( 'NONE', ( #1753 ), #3011, .F. ) ;
#4803 = CARTESIAN_POINT ( 'NONE',  ( 0.000000000000000000, 0.000000000000000000, 0.000000000000000000 ) ) ;
#4804 = CARTESIAN_POINT ( 'NONE',  ( 28.61354206160390135, -17.70856068687668738, -17.74731957316373965 ) ) ;
#4805 = CARTESIAN_POINT ( 'NONE',  ( 7.747759323234578055, -31.33196590390016567, 6.231616361144750371 ) ) ;
#4806 = CARTESIAN_POINT ( 'NONE',  ( -32.99092254986156547, -15.00108195696265589, 3.551986523117646843 ) ) ;
#4807 = CARTESIAN_POINT ( 'NONE',  ( -34.75000000000000000, -2.796157856501719330, -9.579729979156352826 ) ) ;
#4808 = CARTESIAN_POINT ( 'NONE',  ( 14.74999999999986855, 30.25000000000000355, 1.114006583038567477 ) ) ;
#4809 = EDGE_CURVE ( 'NONE', #2846, #192, #944, .T. ) ;
#4810 = CARTESIAN_POINT ( 'NONE',  ( -16.65660846318241894, 23.44893480450416590, -18.49736731374224874 ) ) ;
#4811 = EDGE_LOOP ( 'NONE', ( #1942, #5973, #1704, #132, #4986, #4453, #2567, #6472, #2929 ) ) ;
#4812 = CARTESIAN_POINT ( 'NONE',  ( 14.72400916911317914, -26.44887173708767847, 13.48131841067598202 ) ) ;
#4813 = CARTESIAN_POINT ( 'NONE',  ( -12.44593422417841921, 25.49132131978938176, -19.80823754958790062 ) ) ;
#4814 = ORIENTED_EDGE ( 'NONE', *, *, #1995, .T. ) ;
#4815 = CARTESIAN_POINT ( 'NONE',  ( 17.20620244292985745, -27.95668264543463977, 6.376530701577651783 ) ) ;
#4816 = CARTESIAN_POINT ( 'NONE',  ( 2.041610145387517949, -30.24999999999999645, 5.733381127127767485 ) ) ;
#4817 = CARTESIAN_POINT ( 'NONE',  ( -34.74999999999999289, -12.11502209031617738, 4.389510556516823314 ) ) ;
#4818 = VERTEX_POINT ( 'NONE', #5432 ) ;
#4819 = CARTESIAN_POINT ( 'NONE',  ( 23.60118635208375437, -29.71765422573453108, 4.142973634376140524 ) ) ;
#4820 = CARTESIAN_POINT ( 'NONE',  ( 14.72593223532397211, -23.74844296853571990, -18.50000000000000355 ) ) ;
#4821 = CYLINDRICAL_SURFACE ( 'NONE', #1019, 8.000000000000000000 ) ;
#4822 = CARTESIAN_POINT ( 'NONE',  ( 15.28559058373659063, 28.78153169811715273, 6.134473396958012081 ) ) ;
#4823 = VERTEX_POINT ( 'NONE', #3193 ) ;
#4824 = ADVANCED_FACE ( 'NONE', ( #722 ), #5295, .F. ) ;
#4825 = DIRECTION ( 'NONE',  ( 0.2620147808320935634, 0.000000000000000000, 0.9650638603872337962 ) ) ;
#4826 = CARTESIAN_POINT ( 'NONE',  ( 31.49232716669060039, -4.129630519531563237, 9.397878814055216523 ) ) ;
#4827 = DIRECTION ( 'NONE',  ( 0.000000000000000000, 0.000000000000000000, -1.000000000000000000 ) ) ;
#4828 = DIRECTION ( 'NONE',  ( 0.000000000000000000, 0.000000000000000000, -1.000000000000000000 ) ) ;
#4829 = CARTESIAN_POINT ( 'NONE',  ( 1.503735497331628879E-14, 0.9129633586524065203, -52.96378623561550825 ) ) ;
#4830 = CARTESIAN_POINT ( 'NONE',  ( 20.41113725738520301, -28.04012798025085118, 7.014765230035799881 ) ) ;
#4831 = ORIENTED_EDGE ( 'NONE', *, *, #3377, .T. ) ;
#4832 = CARTESIAN_POINT ( 'NONE',  ( -22.14669386800061801, -23.67090020070248713, -19.75103365452311266 ) ) ;
#4833 = EDGE_CURVE ( 'NONE', #6761, #5741, #4619, .T. ) ;
#4834 = CARTESIAN_POINT ( 'NONE',  ( 17.97944096274133940, 31.49830149247228306, 0.4578905927481171645 ) ) ;
#4835 = CARTESIAN_POINT ( 'NONE',  ( -6.575954937949735957, -31.07608301324087208, 9.161994681963188114 ) ) ;
#4836 = CARTESIAN_POINT ( 'NONE',  ( -2.041610140552745367, -30.25000000000000000, 5.733381137001321903 ) ) ;
#4837 = CARTESIAN_POINT ( 'NONE',  ( -8.867008081309741385, 31.19719163199801315, 6.396679827063356250 ) ) ;
#4838 = DIRECTION ( 'NONE',  ( 0.000000000000000000, 1.000000000000000000, 0.000000000000000000 ) ) ;
#4839 = CARTESIAN_POINT ( 'NONE',  ( -0.5476515420335928974, 23.55609362125825612, -20.00000000000000000 ) ) ;
#4840 = CARTESIAN_POINT ( 'NONE',  ( -13.24214410508129269, -31.75000000000000000, 1.773383837396470541 ) ) ;
#4841 = CARTESIAN_POINT ( 'NONE',  ( 20.36721467434724175, 26.68149745062283884, 6.104073701647812378 ) ) ;
#4842 = CARTESIAN_POINT ( 'NONE',  ( 4.216678339785537410, -30.24999999998925659, 4.794640168550470705 ) ) ;
#4843 = CARTESIAN_POINT ( 'NONE',  ( 25.99062685070158096, 26.49322414845785545, -0.6022755813006229753 ) ) ;
#4844 = CARTESIAN_POINT ( 'NONE',  ( -31.52905110804393729, 3.813877340606774080, 12.41744436013169306 ) ) ;
#4845 = ORIENTED_EDGE ( 'NONE', *, *, #785, .F. ) ;
#4846 = B_SPLINE_CURVE_WITH_KNOTS ( 'NONE', 3,
 ( #158, #1621, #2244, #60, #4341, #6429 ),
 .UNSPECIFIED., .F., .F.,
 ( 4, 2, 4 ),
 ( 0.000000000000000000, 0.001412243528896019954, 0.002824487057792039908 ),
 .UNSPECIFIED. ) ;
#4847 = PLANE ( 'NONE',  #5647 ) ;
#4848 = B_SPLINE_CURVE_WITH_KNOTS ( 'NONE', 3,
 ( #2764, #629, #4820, #1208 ),
 .UNSPECIFIED., .F., .F.,
 ( 4, 4 ),
 ( 0.000000000000000000, 3.610445801732996691E-05 ),
 .UNSPECIFIED. ) ;
#4849 = DIRECTION ( 'NONE',  ( 1.000000000000000000, 0.000000000000000000, -0.000000000000000000 ) ) ;
#4850 = EDGE_LOOP ( 'NONE', ( #5300, #5230, #2408, #6473 ) ) ;
#4851 = CARTESIAN_POINT ( 'NONE',  ( 34.75000000000000000, -10.70966897971127807, 4.404150080814328128 ) ) ;
#4852 = CARTESIAN_POINT ( 'NONE',  ( 34.75000000000000711, -1.662676546101684744E-14, -9.261760844064832909 ) ) ;
#4853 = FACE_OUTER_BOUND ( 'NONE', #5574, .T. ) ;
#4854 = CARTESIAN_POINT ( 'NONE',  ( -18.82722722132323057, -27.38681019653558835, 6.231461945416123527 ) ) ;
#4855 = EDGE_LOOP ( 'NONE', ( #6452, #1552, #1923 ) ) ;
#4856 = CARTESIAN_POINT ( 'NONE',  ( -34.74999999999999289, 9.591564683836153904, 0.7887280973505799153 ) ) ;
#4857 = CIRCLE ( 'NONE', #1895, 10.00000000000000178 ) ;
#4858 = DIRECTION ( 'NONE',  ( 0.000000000000000000, 0.9858269600613879247, 0.1677653266206188820 ) ) ;
#4859 = DIRECTION ( 'NONE',  ( 0.000000000000000000, 0.000000000000000000, -1.000000000000000000 ) ) ;
#4860 = CARTESIAN_POINT ( 'NONE',  ( -24.47840240317744076, -27.49719893358647482, -0.4749392048391943288 ) ) ;
#4861 = FACE_OUTER_BOUND ( 'NONE', #3166, .T. ) ;
#4862 = CARTESIAN_POINT ( 'NONE',  ( 12.44593422417818651, -25.49132131978938531, -19.80823754958790062 ) ) ;
#4863 = CARTESIAN_POINT ( 'NONE',  ( 21.43424304148754800, -26.25328871838009448, 5.891632908456286621 ) ) ;
#4864 = ADVANCED_FACE ( 'NONE', ( #4470 ), #3269, .F. ) ;
#4865 = ORIENTED_EDGE ( 'NONE', *, *, #2363, .T. ) ;
#4866 = ORIENTED_EDGE ( 'NONE', *, *, #2849, .F. ) ;
#4867 = CARTESIAN_POINT ( 'NONE',  ( -27.92463044637785430, 26.85575293837876742, -0.6598223841682577806 ) ) ;
#4868 = CARTESIAN_POINT ( 'NONE',  ( -12.57542490862149265, 30.25000000000000000, 2.019005016417072973 ) ) ;
#4869 = CARTESIAN_POINT ( 'NONE',  ( -10.30294494421857365, -30.04773894796315403, 11.34033746865984860 ) ) ;
#4870 = DIRECTION ( 'NONE',  ( 0.000000000000000000, 0.000000000000000000, -1.000000000000000000 ) ) ;
#4871 = CARTESIAN_POINT ( 'NONE',  ( 33.25000000000000711, 2.098370007887891402E-25, -9.622299943510874698 ) ) ;
#4872 = LINE ( 'NONE', #2783, #150 ) ;
#4873 = ADVANCED_FACE ( 'NONE', ( #3428 ), #4457, .F. ) ;
#4874 = CARTESIAN_POINT ( 'NONE',  ( -17.19561281498510041, -30.14276842101423171, 4.021077369689857406 ) ) ;
#4875 = CARTESIAN_POINT ( 'NONE',  ( 15.87392641833629980, 30.22477704499252837, 0.8425399305029425134 ) ) ;
#4876 = VERTEX_POINT ( 'NONE', #5626 ) ;
#4877 = CARTESIAN_POINT ( 'NONE',  ( 24.47840240317744787, 27.49719893358647482, -0.4749392048391953280 ) ) ;
#4878 = VECTOR ( 'NONE', #1828, 1000.000000000000000 ) ;
#4879 = EDGE_CURVE ( 'NONE', #421, #1278, #1534, .T. ) ;
#4880 = CARTESIAN_POINT ( 'NONE',  ( 32.28530191083119405, -17.67803734256479942, -0.4723055118726098844 ) ) ;
#4881 = ORIENTED_EDGE ( 'NONE', *, *, #5105, .T. ) ;
#4882 = DIRECTION ( 'NONE',  ( 0.9595796706112637020, -0.2814371257485029365, 0.000000000000000000 ) ) ;
#4883 = CARTESIAN_POINT ( 'NONE',  ( 7.470206097545195156, -30.87401299332006488, 9.703911349199252356 ) ) ;
#4884 = LINE ( 'NONE', #4784, #6407 ) ;
#4885 = VERTEX_POINT ( 'NONE', #6204 ) ;
#4886 = CARTESIAN_POINT ( 'NONE',  ( -26.85736267113635733, -13.96867517452134955, 14.37052216110381408 ) ) ;
#4887 = CARTESIAN_POINT ( 'NONE',  ( -2.216202994466582421, -30.25000000000000355, 5.243857700307495762 ) ) ;
#4888 = COORDINATED_UNIVERSAL_TIME_OFFSET ( 1, 0, .AHEAD. ) ;
#4889 = CIRCLE ( 'NONE', #4568, 25.49999999999999645 ) ;
#4890 = CARTESIAN_POINT ( 'NONE',  ( -5.622860916653650065, -31.53645467494492394, 5.907196603671066804 ) ) ;
#4891 = ORIENTED_EDGE ( 'NONE', *, *, #72, .T. ) ;
#4892 = CARTESIAN_POINT ( 'NONE',  ( 32.91498545973821876, -7.056080320451406429, 7.005653562897111719 ) ) ;
#4893 =( BOUNDED_SURFACE ( )  B_SPLINE_SURFACE ( 3, 2, ( 
 ( #2888, #2326, #4426 ),
 ( #1265, #4322, #3920 ),
 ( #5529, #2924, #1845 ),
 ( #6547, #6031, #212 ),
 ( #178, #2264, #5393 ),
 ( #1334, #3816, #3424 ),
 ( #814, #6415, #4361 ),
 ( #6481, #3290, #6002 ),
 ( #3325, #247, #6515 ),
 ( #2224, #5904, #1779 ),
 ( #1194, #3395, #680 ),
 ( #2822, #6447, #5427 ),
 ( #3847, #4908, #3882 ),
 ( #3364, #5462, #748 ),
 ( #2854, #4941, #5012 ),
 ( #5562, #5075, #3555 ),
 ( #1368, #5660, #4529 ),
 ( #343, #3461, #851 ),
 ( #1951, #951, #4597 ),
 ( #2953, #6162, #1880 ),
 ( #4020, #4567, #5043 ),
 ( #6678, #3057, #5144 ),
 ( #884, #1977, #2429 ),
 ( #4081, #4053, #6610 ),
 ( #6132, #1465, #440 ),
 ( #2529, #4631, #1403 ) ),
 .UNSPECIFIED., .F., .F., .T. ) 
 B_SPLINE_SURFACE_WITH_KNOTS ( ( 4, 2, 2, 2, 2, 2, 2, 2, 2, 2, 2, 2, 4 ),
 ( 3, 3 ),
 ( 0.006147956974341103886, 0.008143088909262234665, 0.009140654876722800054, 0.01013822084418336718, 0.01213335277910449969, 0.01313091874656506508, 0.01412848471402563047, 0.01612361664894676472, 0.01712118261640733011, 0.01811874858386789550, 0.02011388051878902627, 0.02111144648624959166, 0.02210901245371015705 ),
 ( 0.000000000000000000, 1.000000000000000000 ),
 .UNSPECIFIED. ) 
 GEOMETRIC_REPRESENTATION_ITEM ( )  RATIONAL_B_SPLINE_SURFACE ( (
 ( 1.000000000000000000, 0.9194434921897940427, 1.000000000000000000),
 ( 1.000000000000000000, 0.9168835073319221429, 1.000000000000000000),
 ( 1.000000000000000000, 0.9147574736213178737, 1.000000000000000000),
 ( 1.000000000000000000, 0.9121336375806377017, 1.000000000000000000),
 ( 1.000000000000000000, 0.9113532811831368541, 1.000000000000000000),
 ( 1.000000000000000000, 0.9099726026240493315, 1.000000000000000000),
 ( 1.000000000000000000, 0.9093794530964306455, 1.000000000000000000),
 ( 1.000000000000000000, 0.9078879203565866085, 1.000000000000000000),
 ( 1.000000000000000000, 0.9072609860790284975, 1.000000000000000000),
 ( 1.000000000000000000, 0.9068358836492396158, 1.000000000000000000),
 ( 1.000000000000000000, 0.9067824086781699489, 1.000000000000000000),
 ( 1.000000000000000000, 0.9068536119961216890, 1.000000000000000000),
 ( 1.000000000000000000, 0.9069779313642626351, 1.000000000000000000),
 ( 1.000000000000000000, 0.9076199941580990194, 1.000000000000000000),
 ( 1.000000000000000000, 0.9083929936131927008, 1.000000000000000000),
 ( 1.000000000000000000, 0.9101075382124695912, 1.000000000000000000),
 ( 1.000000000000000000, 0.9107727460587164980, 1.000000000000000000),
 ( 1.000000000000000000, 0.9123113217806846365, 1.000000000000000000),
 ( 1.000000000000000000, 0.9131737978738455608, 1.000000000000000000),
 ( 1.000000000000000000, 0.9160405060944587508, 1.000000000000000000),
 ( 1.000000000000000000, 0.9183302663927446208, 1.000000000000000000),
 ( 1.000000000000000000, 0.9223955199187148235, 1.000000000000000000),
 ( 1.000000000000000000, 0.9238496194164351749, 1.000000000000000000),
 ( 1.000000000000000000, 0.9268857192298711745, 1.000000000000000000),
 ( 1.000000000000000000, 0.9284745722150028469, 1.000000000000000000),
 ( 1.000000000000000000, 0.9301069718818489873, 1.000000000000000000) ) ) 
 REPRESENTATION_ITEM ( '' )  SURFACE ( )  );
#4894 = CARTESIAN_POINT ( 'NONE',  ( -30.28062864895000317, -9.569897105705075901, 9.726671949351649360 ) ) ;
#4895 = FACE_OUTER_BOUND ( 'NONE', #3865, .T. ) ;
#4896 = CARTESIAN_POINT ( 'NONE',  ( -33.25000000000000000, 12.96115016906120054, 0.05364891075665458725 ) ) ;
#4897 = CARTESIAN_POINT ( 'NONE',  ( 31.20560196105738981, -6.043988982403347698, 12.78787489499736729 ) ) ;
#4898 = CARTESIAN_POINT ( 'NONE',  ( 16.12448226685034669, -29.81060508846681856, 7.017596180991027666 ) ) ;
#4899 = CARTESIAN_POINT ( 'NONE',  ( 12.17024911015915833, -29.34255733411869826, 9.132286862116274051 ) ) ;
#4900 = DIRECTION ( 'NONE',  ( -1.000000000000000000, 0.000000000000000000, 0.000000000000000000 ) ) ;
#4901 = EDGE_LOOP ( 'NONE', ( #5686, #3284, #6080, #2937, #1187 ) ) ;
#4902 = ORIENTED_EDGE ( 'NONE', *, *, #1091, .T. ) ;
#4903 = CARTESIAN_POINT ( 'NONE',  ( -27.44251245367125591, -20.92989967412942676, -19.11837301736825268 ) ) ;
#4904 = FACE_OUTER_BOUND ( 'NONE', #4520, .T. ) ;
#4905 = CARTESIAN_POINT ( 'NONE',  ( -31.65752670660295465, 13.87186118481144703, 7.167187115787840845 ) ) ;
#4906 = CARTESIAN_POINT ( 'NONE',  ( 32.11249671904112546, -21.76412602645400796, -0.6809599393512207888 ) ) ;
#4907 = CARTESIAN_POINT ( 'NONE',  ( 8.101727358673505464, -30.25000000000000355, 3.181821116001979366 ) ) ;
#4908 = CARTESIAN_POINT ( 'NONE',  ( -28.25927289726773139, 24.40266336647766465, 3.240641307062256615 ) ) ;
#4909 = CARTESIAN_POINT ( 'NONE',  ( -15.30798074474448001, -30.25000000000000711, 0.9732341753493179981 ) ) ;
#4910 = EDGE_CURVE ( 'NONE', #3307, #3283, #4707, .T. ) ;
#4911 = CARTESIAN_POINT ( 'NONE',  ( -9.379541338519659988, 30.34841089338042508, 10.82039598713665285 ) ) ;
#4912 = CARTESIAN_POINT ( 'NONE',  ( -29.85458740442269132, -18.81726085439847296, 6.897558692519027090 ) ) ;
#4913 = ORIENTED_EDGE ( 'NONE', *, *, #4879, .T. ) ;
#4914 = CARTESIAN_POINT ( 'NONE',  ( 33.18106037653515017, -13.91211728360867461, 3.630864220288156918 ) ) ;
#4915 = ORIENTED_EDGE ( 'NONE', *, *, #3336, .T. ) ;
#4916 = CARTESIAN_POINT ( 'NONE',  ( 2.122455878727368855E-14, 19.73576098815186697, -33.00465911978969302 ) ) ;
#4917 = CARTESIAN_POINT ( 'NONE',  ( 30.86261703917734778, 7.491704508928012984, 13.12676247374369254 ) ) ;
#4918 = DIRECTION ( 'NONE',  ( 0.000000000000000000, -0.000000000000000000, 1.000000000000000000 ) ) ;
#4919 = ORIENTED_EDGE ( 'NONE', *, *, #3845, .F. ) ;
#4920 = CARTESIAN_POINT ( 'NONE',  ( -12.69817535312209777, -27.47921531022229757, 12.80377131626281262 ) ) ;
#4921 = DIRECTION ( 'NONE',  ( -0.8750219591144481335, -0.3304493228969176966, -0.3537510651072046652 ) ) ;
#4922 = PERSON_AND_ORGANIZATION ( #1161, #4427 ) ;
#4923 = CARTESIAN_POINT ( 'NONE',  ( 33.25000000000001421, 10.59410572238277126, 3.852328484339900605 ) ) ;
#4924 = B_SPLINE_CURVE_WITH_KNOTS ( 'NONE', 3,
 ( #1657, #2172, #1622, #4273, #1550, #1076, #3722, #4201, #3759, #1106, #5852, #1142, #1041, #527 ),
 .UNSPECIFIED., .F., .F.,
 ( 4, 2, 2, 2, 2, 2, 4 ),
 ( -3.487608281279341621E-05, 0.0007679561022422329948, 0.001570788287297259379, 0.003176452657407313664, 0.006387781397627420935, 0.009599110137847526036, 0.01281043887806763287 ),
 .UNSPECIFIED. ) ;
#4925 = ORIENTED_EDGE ( 'NONE', *, *, #1922, .T. ) ;
#4926 = CARTESIAN_POINT ( 'NONE',  ( -34.74999999999999289, 10.70619998916397009, 4.403988271102923235 ) ) ;
#4927 = EDGE_CURVE ( 'NONE', #5898, #6036, #906, .T. ) ;
#4928 = CARTESIAN_POINT ( 'NONE',  ( -32.95724507192158370, -7.277747369232352881, 6.921201808931835231 ) ) ;
#4929 = CARTESIAN_POINT ( 'NONE',  ( -13.24006461110266564, -29.10575112202171866, 6.264833989106761258 ) ) ;
#4930 = CARTESIAN_POINT ( 'NONE',  ( -24.47854477091193814, 27.49711135032989873, -0.4749522795134072384 ) ) ;
#4931 = DIRECTION ( 'NONE',  ( 1.000000000000000000, 0.000000000000000000, 0.000000000000000000 ) ) ;
#4932 = CARTESIAN_POINT ( 'NONE',  ( 6.123233995736767268E-16, 31.75000000000000000, 5.000000000000000000 ) ) ;
#4933 = CARTESIAN_POINT ( 'NONE',  ( 22.96613213727559000, -19.71965719863060684, 9.166528840343165285 ) ) ;
#4934 = ORIENTED_EDGE ( 'NONE', *, *, #5090, .F. ) ;
#4935 = EDGE_CURVE ( 'NONE', #6357, #1660, #5600, .T. ) ;
#4936 = CARTESIAN_POINT ( 'NONE',  ( -16.91899721817935642, -25.06310055442949292, -19.86851230064455720 ) ) ;
#4937 = CARTESIAN_POINT ( 'NONE',  ( 33.25000000000000711, -8.003018991565516771, 1.059062443885091520 ) ) ;
#4938 = CARTESIAN_POINT ( 'NONE',  ( 26.97667805768957194, -16.78815525923381102, 14.51065322450844342 ) ) ;
#4939 = CARTESIAN_POINT ( 'NONE',  ( 30.61728177876640444, -23.94287497161784017, -0.7193260318689675969 ) ) ;
#4940 = CARTESIAN_POINT ( 'NONE',  ( 14.75000000000001243, -23.74530653910391464, -18.49999830549399604 ) ) ;
#4941 = CARTESIAN_POINT ( 'NONE',  ( -26.19846138443273276, 26.33050060357459188, 3.298262332518370421 ) ) ;
#4942 = ADVANCED_FACE ( 'NONE', ( #677 ), #3937, .F. ) ;
#4943 = CARTESIAN_POINT ( 'NONE',  ( -16.16960775711596554, -30.25000000000001421, 4.155580001464659112 ) ) ;
#4944 = FACE_OUTER_BOUND ( 'NONE', #783, .T. ) ;
#4945 = ORIENTED_EDGE ( 'NONE', *, *, #1874, .F. ) ;
#4946 = B_SPLINE_CURVE_WITH_KNOTS ( 'NONE', 3,
 ( #645, #5869, #6309, #1158 ),
 .UNSPECIFIED., .F., .F.,
 ( 4, 4 ),
 ( 0.000000000000000000, 0.007124216799758669935 ),
 .UNSPECIFIED. ) ;
#4947 = CARTESIAN_POINT ( 'NONE',  ( 29.71013860363129666, -22.64809611617808116, 3.234825051186797307 ) ) ;
#4948 = EDGE_CURVE ( 'NONE', #5418, #1037, #4946, .T. ) ;
#4949 = ORIENTED_EDGE ( 'NONE', *, *, #6464, .F. ) ;
#4950 = CARTESIAN_POINT ( 'NONE',  ( 3.312081873141807953E-14, 15.17397348138875124, -43.58731739184064224 ) ) ;
#4951 = CARTESIAN_POINT ( 'NONE',  ( 31.53249003540819473, 3.785994080308357823, 12.41334909315642143 ) ) ;
#4952 = CARTESIAN_POINT ( 'NONE',  ( -25.05406909075774280, 16.99346842761417875, 14.55005975446616873 ) ) ;
#4953 = CARTESIAN_POINT ( 'NONE',  ( 34.75000000000000711, 5.467933348717328279, -10.49351892233889672 ) ) ;
#4954 = CARTESIAN_POINT ( 'NONE',  ( -24.63271485396829519, -23.77462982513452872, 5.829607603382442882 ) ) ;
#4955 = EDGE_CURVE ( 'NONE', #5554, #4876, #6164, .T. ) ;
#4956 = ORIENTED_EDGE ( 'NONE', *, *, #1714, .T. ) ;
#4957 = CARTESIAN_POINT ( 'NONE',  ( -34.74999999999999289, 10.31957669094634511, 0.6466832212031856653 ) ) ;
#4958 = CARTESIAN_POINT ( 'NONE',  ( -28.50758524728083287, 20.79806631597493194, 6.934392253786886506 ) ) ;
#4959 = CARTESIAN_POINT ( 'NONE',  ( 1.046320216695472051E-14, -6.974858456278288266, -50.10186188155320508 ) ) ;
#4960 = CARTESIAN_POINT ( 'NONE',  ( -15.34523303530855820, 30.25000000000000000, 0.9638358302698186719 ) ) ;
#4961 = CARTESIAN_POINT ( 'NONE',  ( 31.75000000000000000, -2.032075938799668156E-11, 12.14142842854285753 ) ) ;
#4962 = CARTESIAN_POINT ( 'NONE',  ( 34.75000000000000711, -7.827113324887223555, -12.00000000000749090 ) ) ;
#4963 = CARTESIAN_POINT ( 'NONE',  ( 10.68712574850298402, -28.29925517104089039, 11.82629151725427441 ) ) ;
#4964 = CIRCLE ( 'NONE', #5077, 20.00000000000000000 ) ;
#4965 = ORIENTED_EDGE ( 'NONE', *, *, #5518, .T. ) ;
#4966 = EDGE_LOOP ( 'NONE', ( #4799, #641, #2319, #4138 ) ) ;
#4967 = CARTESIAN_POINT ( 'NONE',  ( 14.75000000000000888, -30.25000000000000000, 5.000000000000000000 ) ) ;
#4968 = CARTESIAN_POINT ( 'NONE',  ( -30.41370147055822315, -14.99976812462491793, 5.892018931829642092 ) ) ;
#4969 = CARTESIAN_POINT ( 'NONE',  ( 14.75000000000000888, -23.75000000000000000, -12.00000000000000000 ) ) ;
#4970 =( GEOMETRIC_REPRESENTATION_CONTEXT ( 3 ) GLOBAL_UNCERTAINTY_ASSIGNED_CONTEXT ( ( #5662 ) ) GLOBAL_UNIT_ASSIGNED_CONTEXT ( ( #2136, #4200, #5309 ) ) REPRESENTATION_CONTEXT ( 'NONE', 'WORKASPACE' ) );
#4971 = CARTESIAN_POINT ( 'NONE',  ( 7.470268003576032712, 30.87399751953551075, 9.703948225494732682 ) ) ;
#4972 = CARTESIAN_POINT ( 'NONE',  ( 37.00000000000000711, 0.000000000000000000, -214.9999999999998863 ) ) ;
#4973 = CARTESIAN_POINT ( 'NONE',  ( 33.25000000000000711, -7.096594077037829074, -12.00000000000000000 ) ) ;
#4974 = CARTESIAN_POINT ( 'NONE',  ( -13.02161936878527548, -30.25000000000000355, 1.863682099810863635 ) ) ;
#4975 = CARTESIAN_POINT ( 'NONE',  ( 32.22578717894523948, 12.55019740730280198, -15.49093175102224329 ) ) ;
#4976 = AXIS2_PLACEMENT_3D ( 'NONE', #5938, #1229, #3330 ) ;
#4977 = DIRECTION ( 'NONE',  ( 0.000000000000000000, -0.000000000000000000, 1.000000000000000000 ) ) ;
#4978 = CARTESIAN_POINT ( 'NONE',  ( -29.52675527079398421, -11.69549726239554843, 9.917826220801646997 ) ) ;
#4979 = ORIENTED_EDGE ( 'NONE', *, *, #1289, .F. ) ;
#4980 =( BOUNDED_SURFACE ( )  B_SPLINE_SURFACE ( 3, 2, ( 
 ( #2005, #2628, #2594 ),
 ( #6769, #5169, #4659 ),
 ( #5021, #6075, #4475 ),
 ( #1238, #221, #3403 ),
 ( #1380, #188, #1758 ),
 ( #6456, #323, #5570 ) ),
 .UNSPECIFIED., .F., .F., .F. ) 
 B_SPLINE_SURFACE_WITH_KNOTS ( ( 4, 2, 4 ),
 ( 3, 3 ),
 ( 0.000000000000000000, 0.001107929378391261151, 0.002215858756782522303 ),
 ( 0.000000000000000000, 1.000000000000000000 ),
 .UNSPECIFIED. ) 
 GEOMETRIC_REPRESENTATION_ITEM ( )  RATIONAL_B_SPLINE_SURFACE ( (
 ( 1.000000000000000000, 0.9395803750613922478, 1.000000000000000000),
 ( 1.000000000000000000, 0.9363157625330998934, 1.000000000000000000),
 ( 1.000000000000000000, 0.9330030504993692686, 1.000000000000000000),
 ( 1.000000000000000000, 0.9262871951348915500, 1.000000000000000000),
 ( 1.000000000000000000, 0.9228844529222195447, 1.000000000000000000),
 ( 1.000000000000000000, 0.9194434921897850499, 1.000000000000000000) ) ) 
 REPRESENTATION_ITEM ( '' )  SURFACE ( )  );
#4981 = CARTESIAN_POINT ( 'NONE',  ( 26.19846138443348948, -26.33050060357140154, 3.298262332518969053 ) ) ;
#4982 = ORIENTED_EDGE ( 'NONE', *, *, #2656, .T. ) ;
#4983 = AXIS2_PLACEMENT_3D ( 'NONE', #2910, #4414, #6566 ) ;
#4984 = DIRECTION ( 'NONE',  ( 0.000000000000000000, 0.000000000000000000, 1.000000000000000000 ) ) ;
#4985 = CARTESIAN_POINT ( 'NONE',  ( 33.31634606281239286, 3.469446951953614189E-15, 6.841330122396733771 ) ) ;
#4986 = ORIENTED_EDGE ( 'NONE', *, *, #4674, .F. ) ;
#4987 = CARTESIAN_POINT ( 'NONE',  ( -28.28893521175088921, -10.73045167154789858, 13.94681659996530954 ) ) ;
#4988 = CARTESIAN_POINT ( 'NONE',  ( 28.72927937427851219, 19.96646677803024872, -18.80765087167143434 ) ) ;
#4989 = PERSON_AND_ORGANIZATION_ROLE ( 'design_supplier' ) ;
#4990 = DIRECTION ( 'NONE',  ( 0.000000000000000000, -0.000000000000000000, 1.000000000000000000 ) ) ;
#4991 = EDGE_LOOP ( 'NONE', ( #5781, #4171, #874, #2334, #2435, #5088, #550, #288, #1757 ) ) ;
#4992 = CARTESIAN_POINT ( 'NONE',  ( -32.28446640824278546, 11.26880972406652148, 7.175681401847171514 ) ) ;
#4993 = TOROIDAL_SURFACE ( 'NONE', #3557, 229.2911684466441500, 25.49999999999999645 ) ;
#4994 = CARTESIAN_POINT ( 'NONE',  ( -27.14906411534179398, -18.94821778959365943, -18.08944066695658748 ) ) ;
#4995 = EDGE_CURVE ( 'NONE', #6562, #2702, #2327, .T. ) ;
#4996 = B_SPLINE_CURVE_WITH_KNOTS ( 'NONE', 3,
 ( #1203, #92, #5303, #3299 ),
 .UNSPECIFIED., .F., .F.,
 ( 4, 4 ),
 ( 0.000000000000000000, 0.003110864611183235609 ),
 .UNSPECIFIED. ) ;
#4997 = CYLINDRICAL_SURFACE ( 'NONE', #2556, 6.500000000000002665 ) ;
#4998 = CARTESIAN_POINT ( 'NONE',  ( -23.95733984939237260, 27.80760682770504033, -0.4255165870174031917 ) ) ;
#4999 = CARTESIAN_POINT ( 'NONE',  ( 14.15586244186070886, -28.43697958432735362, 9.584428479053222816 ) ) ;
#5000 = CARTESIAN_POINT ( 'NONE',  ( -30.22364908153632612, -1.454235024245191354, 12.17757686718453236 ) ) ;
#5001 = ORIENTED_EDGE ( 'NONE', *, *, #2096, .F. ) ;
#5002 = CARTESIAN_POINT ( 'NONE',  ( 21.93908661736892896, -25.93963189121271640, 5.866771612091741694 ) ) ;
#5003 = VERTEX_POINT ( 'NONE', #6477 ) ;
#5004 = ORIENTED_EDGE ( 'NONE', *, *, #6725, .T. ) ;
#5005 = CARTESIAN_POINT ( 'NONE',  ( -21.44740111270139948, -21.36222911278854752, 9.202900565074815020 ) ) ;
#5006 = DIRECTION ( 'NONE',  ( 1.000000000000000000, 0.000000000000000000, 0.000000000000000000 ) ) ;
#5007 = CARTESIAN_POINT ( 'NONE',  ( 15.34522337851917229, 30.25000000000000000, 0.9638382665716843656 ) ) ;
#5008 = FACE_OUTER_BOUND ( 'NONE', #3138, .T. ) ;
#5009 = CARTESIAN_POINT ( 'NONE',  ( -14.76247698576287171, -28.69224660345114586, 6.448922796958769688 ) ) ;
#5010 = CARTESIAN_POINT ( 'NONE',  ( 12.57542490862088869, -31.75000000000000000, 2.019005016414923137 ) ) ;
#5011 = ORIENTED_EDGE ( 'NONE', *, *, #644, .F. ) ;
#5012 = CARTESIAN_POINT ( 'NONE',  ( -25.87320602017839732, 26.58300983158705932, -0.5942491073224250853 ) ) ;
#5013 = B_SPLINE_CURVE_WITH_KNOTS ( 'NONE', 3,
 ( #3976, #5990, #3353, #1736, #5450, #164, #2285, #2874 ),
 .UNSPECIFIED., .F., .F.,
 ( 4, 2, 2, 4 ),
 ( 0.000000000000000000, 0.003344368324488730931, 0.006688736648977461861, 0.01337747329795492719 ),
 .UNSPECIFIED. ) ;
#5014 = CARTESIAN_POINT ( 'NONE',  ( 28.28893521175088566, 10.73045167154790569, 13.94681659996532730 ) ) ;
#5015 = EDGE_CURVE ( 'NONE', #6421, #5898, #4307, .T. ) ;
#5016 = CARTESIAN_POINT ( 'NONE',  ( -7.510981113401395071, 30.86400820030636183, 9.728282363140348110 ) ) ;
#5017 = CARTESIAN_POINT ( 'NONE',  ( -28.20278515393284025, -14.63445314507922212, 14.36813472868177399 ) ) ;
#5018 = CARTESIAN_POINT ( 'NONE',  ( 29.89209619971903464, 18.48085943122812935, 6.985223019128124378 ) ) ;
#5019 = CARTESIAN_POINT ( 'NONE',  ( -32.94075756896852170, 10.20349287695369433, -14.04700629908093212 ) ) ;
#5020 = VERTEX_POINT ( 'NONE', #340 ) ;
#5021 = CARTESIAN_POINT ( 'NONE',  ( 31.04821808293847596, -11.60401432317212844, 6.211860879673479552 ) ) ;
#5022 = CARTESIAN_POINT ( 'NONE',  ( 15.33308426163040750, 31.75000000000000000, 4.794537507304573509 ) ) ;
#5023 = CARTESIAN_POINT ( 'NONE',  ( -12.82789569206560287, -31.74999999999999289, 4.746716091809498828 ) ) ;
#5024 = EDGE_LOOP ( 'NONE', ( #5944, #1202, #2003, #94 ) ) ;
#5025 = CARTESIAN_POINT ( 'NONE',  ( 10.57040238681619471, 30.24999999999817746, 4.471600095347002757 ) ) ;
#5026 = B_SPLINE_CURVE_WITH_KNOTS ( 'NONE', 3,
 ( #1287, #5958, #3909, #5352 ),
 .UNSPECIFIED., .F., .F.,
 ( 4, 4 ),
 ( 0.000000000000000000, 0.003287674723164118844 ),
 .UNSPECIFIED. ) ;
#5027 = PERSON_AND_ORGANIZATION ( #1161, #4427 ) ;
#5028 = VERTEX_POINT ( 'NONE', #5494 ) ;
#5029 = CARTESIAN_POINT ( 'NONE',  ( 32.16082346236778733, 11.82499480630370314, 7.193964983965161153 ) ) ;
#5030 = EDGE_CURVE ( 'NONE', #1719, #3242, #2484, .T. ) ;
#5031 = CARTESIAN_POINT ( 'NONE',  ( -31.19800790013118075, 15.62111614660242331, 7.089424879605814134 ) ) ;
#5032 = CARTESIAN_POINT ( 'NONE',  ( 2.576191508333951133E-14, -14.74278895373118203, -39.62947947692359207 ) ) ;
#5033 = CARTESIAN_POINT ( 'NONE',  ( -31.33234563756336044, 10.54834844691411000, 6.083589786439446812 ) ) ;
#5034 = CARTESIAN_POINT ( 'NONE',  ( 27.38990932538994372, 12.89354047765189648, 14.26604045940651311 ) ) ;
#5035 = ORIENTED_EDGE ( 'NONE', *, *, #6448, .F. ) ;
#5036 = CARTESIAN_POINT ( 'NONE',  ( -31.27400859484000861, -11.08761005340861594, 6.064821712330641823 ) ) ;
#5037 = FACE_OUTER_BOUND ( 'NONE', #4001, .T. ) ;
#5038 = DIRECTION ( 'NONE',  ( -1.000000000000000000, 0.000000000000000000, 0.000000000000000000 ) ) ;
#5039 = DIRECTION ( 'NONE',  ( -1.000000000000000000, 0.000000000000000000, 0.000000000000000000 ) ) ;
#5040 = CARTESIAN_POINT ( 'NONE',  ( -34.74999999999999289, -11.75000000000000000, 5.000000000000000000 ) ) ;
#5041 = DIRECTION ( 'NONE',  ( 1.224646799147353454E-16, 0.000000000000000000, 1.000000000000000000 ) ) ;
#5042 = ORIENTED_EDGE ( 'NONE', *, *, #885, .T. ) ;
#5043 = CARTESIAN_POINT ( 'NONE',  ( -19.34300027646810349, 29.70970367643476351, 0.1674800974915567620 ) ) ;
#5044 = CARTESIAN_POINT ( 'NONE',  ( -33.24999999999999289, 11.75000000000000000, 0.2546058388727228117 ) ) ;
#5045 = B_SPLINE_CURVE_WITH_KNOTS ( 'NONE', 3,
 ( #3222, #3737, #5765, #2712, #1118, #3257, #2153, #5868 ),
 .UNSPECIFIED., .F., .F.,
 ( 4, 2, 2, 4 ),
 ( 1.055191096010040543E-17, 0.006831026544225010134, 0.01024653981633751217, 0.01366205308845001506 ),
 .UNSPECIFIED. ) ;
#5046 = CARTESIAN_POINT ( 'NONE',  ( 14.75000000000001243, 23.74530653910391820, -18.49999830549399604 ) ) ;
#5047 = CARTESIAN_POINT ( 'NONE',  ( 4.200575125265636700, 31.54074505751593094, 6.593320798282038986 ) ) ;
#5048 = CARTESIAN_POINT ( 'NONE',  ( 34.75000000000002842, 13.00498023550792404, 4.343069750164700871 ) ) ;
#5049 = CARTESIAN_POINT ( 'NONE',  ( -34.74999999999999289, 8.481306988095166588, 4.403948626169537306 ) ) ;
#5050 = ORIENTED_EDGE ( 'NONE', *, *, #3145, .F. ) ;
#5051 = CARTESIAN_POINT ( 'NONE',  ( 1.468480907148648911E-14, -1.664597593278067227E-12, -57.40379450918268844 ) ) ;
#5052 = CARTESIAN_POINT ( 'NONE',  ( 31.97360866544887159, -16.56903454468458392, -17.43196683602161201 ) ) ;
#5053 = CARTESIAN_POINT ( 'NONE',  ( 15.88598014856337493, 31.75000000000000000, 4.747637884383689055 ) ) ;
#5054 = LINE ( 'NONE', #2407, #4550 ) ;
#5055 = DIRECTION ( 'NONE',  ( 0.3748062816633033201, 0.000000000000000000, 0.9271031502620020737 ) ) ;
#5056 = CARTESIAN_POINT ( 'NONE',  ( -24.54294622224556122, 29.20105255134864919, -0.4107010894895394837 ) ) ;
#5057 = ORIENTED_EDGE ( 'NONE', *, *, #5739, .T. ) ;
#5058 = FACE_OUTER_BOUND ( 'NONE', #6538, .T. ) ;
#5059 = CARTESIAN_POINT ( 'NONE',  ( -28.52509843301452008, -20.77272659233453567, 6.934694098644465399 ) ) ;
#5060 = CARTESIAN_POINT ( 'NONE',  ( 30.09367044666884894, -18.08125150459952124, 6.997679940963698719 ) ) ;
#5061 = CARTESIAN_POINT ( 'NONE',  ( 25.14476641057241935, -22.33908270586146827, -19.49985724189170000 ) ) ;
#5062 = CARTESIAN_POINT ( 'NONE',  ( 30.46665454190762645, 8.935628742514968081, 13.47218163977897554 ) ) ;
#5063 = CARTESIAN_POINT ( 'NONE',  ( -30.01856108789078093, 16.11233488101655453, 5.842213799091817705 ) ) ;
#5064 = VERTEX_POINT ( 'NONE', #2884 ) ;
#5065 = CARTESIAN_POINT ( 'NONE',  ( 22.58737558494134134, 20.12940830821840166, 9.175310142590488383 ) ) ;
#5066 = ORIENTED_EDGE ( 'NONE', *, *, #1313, .T. ) ;
#5067 = CARTESIAN_POINT ( 'NONE',  ( 12.31413176874683835, 29.37170758841883256, 6.025647139290725818 ) ) ;
#5068 = CARTESIAN_POINT ( 'NONE',  ( -22.95973137848368140, -19.70362591050757572, 9.169094682075145997 ) ) ;
#5069 = CARTESIAN_POINT ( 'NONE',  ( 31.74342598007660854, -7.203643075623819669, 6.041619742524257930 ) ) ;
#5070 = DIRECTION ( 'NONE',  ( 0.000000000000000000, -0.000000000000000000, 1.000000000000000000 ) ) ;
#5071 = FACE_OUTER_BOUND ( 'NONE', #183, .T. ) ;
#5072 = CARTESIAN_POINT ( 'NONE',  ( -17.20620244292982548, -27.95668264543465042, 6.376530701577658888 ) ) ;
#5073 = EDGE_CURVE ( 'NONE', #2444, #2945, #5931, .T. ) ;
#5074 = CARTESIAN_POINT ( 'NONE',  ( -30.62139770061250843, 13.55358200708972127, 6.130299924250575572 ) ) ;
#5075 = CARTESIAN_POINT ( 'NONE',  ( -24.82146177299367551, 27.28852814251602510, 3.366814201560360154 ) ) ;
#5076 = CARTESIAN_POINT ( 'NONE',  ( 14.32395074985107719, 30.25000000000000000, 1.312858540342585645 ) ) ;
#5077 = AXIS2_PLACEMENT_3D ( 'NONE', #5255, #3631, #5731 ) ;
#5078 = FACE_OUTER_BOUND ( 'NONE', #350, .T. ) ;
#5079 = CARTESIAN_POINT ( 'NONE',  ( -13.60196200354483054, -25.43698702314235405, -19.82015654276159466 ) ) ;
#5080 = CARTESIAN_POINT ( 'NONE',  ( 27.72980470124237584, 21.85736032297706544, 6.926908830060597211 ) ) ;
#5081 = AXIS2_PLACEMENT_3D ( 'NONE', #6402, #2209, #5316 ) ;
#5082 = CARTESIAN_POINT ( 'NONE',  ( 16.67982962016645132, -30.20710638990480490, 4.085567101745435359 ) ) ;
#5083 = ORIENTED_EDGE ( 'NONE', *, *, #5678, .F. ) ;
#5084 = CARTESIAN_POINT ( 'NONE',  ( -14.74999999999999645, -11.75000000000000000, -12.00000000000000000 ) ) ;
#5085 = CARTESIAN_POINT ( 'NONE',  ( -17.51989130998979149, -31.62625944377212406, 4.582031064048212698 ) ) ;
#5086 = CARTESIAN_POINT ( 'NONE',  ( 31.90005684398265728, 18.72817078980334315, 3.337816868701795947 ) ) ;
#5087 = CARTESIAN_POINT ( 'NONE',  ( -8.498102312153022808, -31.74999999998563993, 4.830200871258293560 ) ) ;
#5088 = ORIENTED_EDGE ( 'NONE', *, *, #1985, .T. ) ;
#5089 = CARTESIAN_POINT ( 'NONE',  ( 12.72231514984778045, 30.24999999999998934, 4.357837398283399999 ) ) ;
#5090 = EDGE_CURVE ( 'NONE', #4566, #5468, #1583, .T. ) ;
#5091 = CARTESIAN_POINT ( 'NONE',  ( -28.78477277105222853, 20.41068567298565029, 6.937944553776357104 ) ) ;
#5092 = VERTEX_POINT ( 'NONE', #2921 ) ;
#5093 = CARTESIAN_POINT ( 'NONE',  ( 1.536345552159996827E-15, 30.25000000000000355, 4.999999999999999112 ) ) ;
#5094 = CIRCLE ( 'NONE', #1807, 8.500000000000000000 ) ;
#5095 = AXIS2_PLACEMENT_3D ( 'NONE', #4766, #643, #2218 ) ;
#5096 = ADVANCED_FACE ( 'NONE', ( #5008 ), #938, .T. ) ;
#5097 = CARTESIAN_POINT ( 'NONE',  ( 37.00000000000000711, 0.000000000000000000, -214.9999999999998863 ) ) ;
#5098 = CARTESIAN_POINT ( 'NONE',  ( 32.09624085586913367, -21.79536865489251340, -0.6823423311149695580 ) ) ;
#5099 = CARTESIAN_POINT ( 'NONE',  ( 28.20278515393198759, 14.63445314508071071, 14.36813472868598041 ) ) ;
#5100 = CARTESIAN_POINT ( 'NONE',  ( -27.39251906325743491, 12.88688189581709587, 14.26495561390154165 ) ) ;
#5101 = CLOSED_SHELL ( 'NONE', ( #4097, #102, #1258, #1266, #6595, #511, #24, #1707, #805, #1568, #930, #2570, #6333, #6180, #1829, #4011, #1104, #5576, #4295, #176, #2731, #4042, #3249, #379, #4408, #5157, #2811, #504, #4148, #1510, #6716, #543, #3741, #3967, #4172, #3885, #3582, #3639, #2826, #935, #2071, #2223, #6386, #6659, #4864, #3830, #2666, #3229, #4873, #4942, #4511, #1642, #2971, #238, #2939, #5096, #4468, #2503, #5347, #2676, #3590, #2, #2609, #2518, #5946, #5857, #1772, #5389, #6120, #2887, #6250, #3733, #6709, #3441, #4824, #6511, #1906, #3468, #2495, #302, #5452, #867, #2789, #958, #2146, #4258, #3861, #875, #2737, #5933, #1949, #317, #3877, #3432, #2242, #4346, #2250, #945, #2558, #2879, #6163, #3083, #96, #4363, #6379, #207, #4320, #552, #5604, #231, #2004, #246, #6090, #657, #3748, #2381, #4243, #968, #5314, #2630, #4802 ) ) ;
#5102 = CARTESIAN_POINT ( 'NONE',  ( 25.62509961093364197, 16.11410598118037640, 9.205255226502359278 ) ) ;
#5103 = EDGE_LOOP ( 'NONE', ( #672, #4265, #3218, #1235, #3295, #4405 ) ) ;
#5104 = CARTESIAN_POINT ( 'NONE',  ( -32.26477192889024792, -16.15423228601718719, -17.23684125053322802 ) ) ;
#5105 = EDGE_CURVE ( 'NONE', #572, #4692, #5335, .T. ) ;
#5106 = CARTESIAN_POINT ( 'NONE',  ( 6.912824193706812892, -23.75000000000001066, -18.50000000000000000 ) ) ;
#5107 = VECTOR ( 'NONE', #3221, 1000.000000000000000 ) ;
#5108 = DIRECTION ( 'NONE',  ( -1.000000000000000000, -0.000000000000000000, 0.000000000000000000 ) ) ;
#5109 = CARTESIAN_POINT ( 'NONE',  ( -14.72593223531040785, -23.74844296853748560, -18.50000000000000355 ) ) ;
#5110 = CARTESIAN_POINT ( 'NONE',  ( 2.027695093806779258, 31.75000000000000000, 4.555641855163535148 ) ) ;
#5111 = PLANE ( 'NONE',  #4437 ) ;
#5112 = DIRECTION ( 'NONE',  ( -0.000000000000000000, -0.000000000000000000, 1.000000000000000000 ) ) ;
#5113 = CARTESIAN_POINT ( 'NONE',  ( -22.95223312375939884, -30.00237562737323316, -0.2476513461640114655 ) ) ;
#5114 = CARTESIAN_POINT ( 'NONE',  ( 14.76247698576284684, 28.69224660345096467, 6.448922796959067227 ) ) ;
#5115 =( BOUNDED_SURFACE ( )  B_SPLINE_SURFACE ( 3, 2, ( 
 ( #3960, #688, #5435 ),
 ( #6008, #4914, #5467 ),
 ( #3925, #2367, #2790 ),
 ( #1851, #2859, #4433 ),
 ( #185, #1307, #2333 ),
 ( #3371, #290, #4880 ),
 ( #6486, #6454, #6585 ),
 ( #784, #219, #1272 ),
 ( #2301, #725, #1886 ),
 ( #1201, #4947, #4400 ),
 ( #1785, #1756, #1234 ),
 ( #253, #3891, #6522 ),
 ( #3854, #4473, #2895 ),
 ( #5943, #5501, #3431 ),
 ( #3401, #4981, #5974 ),
 ( #6553, #1340, #5534 ),
 ( #824, #921, #3065 ),
 ( #990, #4673, #2994 ),
 ( #349, #4026, #477 ),
 ( #2020, #3031, #5120 ),
 ( #957, #5150, #6684 ),
 ( #4088, #4058, #2576 ),
 ( #6172, #446, #1439 ),
 ( #4573, #1507, #416 ),
 ( #6106, #5082, #384 ),
 ( #6715, #1472, #6615 ) ),
 .UNSPECIFIED., .F., .F., .F. ) 
 B_SPLINE_SURFACE_WITH_KNOTS ( ( 4, 2, 2, 2, 2, 2, 2, 2, 2, 2, 2, 2, 4 ),
 ( 3, 3 ),
 ( 0.006147956974343088410, 0.008143088909263861835, 0.009140654876724248548, 0.01013822084418463526, 0.01213335277910540869, 0.01313091874656579540, 0.01412848471402618211, 0.01612361664894695554, 0.01712118261640734052, 0.01811874858386772896, 0.02011388051878850239, 0.02111144648624888737, 0.02210901245370927581 ),
 ( 0.000000000000000000, 1.000000000000000000 ),
 .UNSPECIFIED. ) 
 GEOMETRIC_REPRESENTATION_ITEM ( )  RATIONAL_B_SPLINE_SURFACE ( (
 ( 1.000000000000000000, 0.9194434921897862711, 1.000000000000000000),
 ( 1.000000000000000000, 0.9168835073319165918, 1.000000000000000000),
 ( 1.000000000000000000, 0.9147574736213129887, 1.000000000000000000),
 ( 1.000000000000000000, 0.9121336375806333718, 1.000000000000000000),
 ( 1.000000000000000000, 0.9113532811831523972, 1.000000000000000000),
 ( 1.000000000000000000, 0.9099726026240277932, 1.000000000000000000),
 ( 1.000000000000000000, 0.9093794530964284251, 1.000000000000000000),
 ( 1.000000000000000000, 0.9078879203565846101, 1.000000000000000000),
 ( 1.000000000000000000, 0.9072609860790278313, 1.000000000000000000),
 ( 1.000000000000000000, 0.9068358836492390607, 1.000000000000000000),
 ( 1.000000000000000000, 0.9067824086781699489, 1.000000000000000000),
 ( 1.000000000000000000, 0.9068536119961216890, 1.000000000000000000),
 ( 1.000000000000000000, 0.9069779313642629681, 1.000000000000000000),
 ( 1.000000000000000000, 0.9076199941580992414, 1.000000000000000000),
 ( 1.000000000000000000, 0.9083929936131932559, 1.000000000000000000),
 ( 1.000000000000000000, 0.9101075382124698132, 1.000000000000000000),
 ( 1.000000000000000000, 0.9107727460587351498, 1.000000000000000000),
 ( 1.000000000000000000, 0.9123113217806655406, 1.000000000000000000),
 ( 1.000000000000000000, 0.9131737978738451167, 1.000000000000000000),
 ( 1.000000000000000000, 0.9160405060944578626, 1.000000000000000000),
 ( 1.000000000000000000, 0.9183302663927801479, 1.000000000000000000),
 ( 1.000000000000000000, 0.9223955199186935072, 1.000000000000000000),
 ( 1.000000000000000000, 0.9238496194164320663, 1.000000000000000000),
 ( 1.000000000000000000, 0.9268857192298673997, 1.000000000000000000),
 ( 1.000000000000000000, 0.9284745722149982949, 1.000000000000000000),
 ( 1.000000000000000000, 0.9301069718818444354, 1.000000000000000000) ) ) 
 REPRESENTATION_ITEM ( '' )  SURFACE ( )  );
#5116 = CARTESIAN_POINT ( 'NONE',  ( -13.24006461110267097, 29.10575112202171866, 6.264833989106757706 ) ) ;
#5117 = CARTESIAN_POINT ( 'NONE',  ( -24.09226684870029445, -20.68773139872651967, 9.867993451967924656 ) ) ;
#5118 = ORIENTED_EDGE ( 'NONE', *, *, #5090, .T. ) ;
#5119 = CARTESIAN_POINT ( 'NONE',  ( 22.33240453814504534, 22.60238231407037546, 14.50564884905604046 ) ) ;
#5120 = CARTESIAN_POINT ( 'NONE',  ( 20.48580324801449137, -29.37954108033260070, -0.007031227026313663191 ) ) ;
#5121 = DIRECTION ( 'NONE',  ( 1.000000000000000000, 0.000000000000000000, 0.000000000000000000 ) ) ;
#5122 = CARTESIAN_POINT ( 'NONE',  ( 24.47854477091204117, -27.49711135032983478, -0.4749522795134174524 ) ) ;
#5123 = CARTESIAN_POINT ( 'NONE',  ( -32.52830897581840475, -20.99945150643552338, 3.967667795238939643 ) ) ;
#5124 = CARTESIAN_POINT ( 'NONE',  ( 33.25000000000001421, 11.74999999999962519, 0.2546058388727709398 ) ) ;
#5125 = CARTESIAN_POINT ( 'NONE',  ( 33.25000000000000711, 2.192263272545527109, -9.838461719680090312 ) ) ;
#5126 = CARTESIAN_POINT ( 'NONE',  ( -31.25779178040859918, -10.50889969320578743, 6.179195852882648055 ) ) ;
#5127 = CARTESIAN_POINT ( 'NONE',  ( -28.00184943311599639, 21.50214110951895918, 6.928153784300709717 ) ) ;
#5128 = ORIENTED_EDGE ( 'NONE', *, *, #2113, .T. ) ;
#5129 = CARTESIAN_POINT ( 'NONE',  ( 6.080894210359462342E-16, 30.25000000000000355, 4.999999999999999112 ) ) ;
#5130 = EDGE_CURVE ( 'NONE', #5028, #1402, #686, .T. ) ;
#5131 = CARTESIAN_POINT ( 'NONE',  ( -33.24999999999999289, -4.928789851662844335, -10.68013790989122747 ) ) ;
#5132 = CARTESIAN_POINT ( 'NONE',  ( 14.75000000000001243, -30.25000000000000000, 5.000000000000000000 ) ) ;
#5133 = CARTESIAN_POINT ( 'NONE',  ( 25.21752713596674411, 19.29999293849567366, 9.865737152108177810 ) ) ;
#5134 = CARTESIAN_POINT ( 'NONE',  ( -28.81852892629670748, 9.225241689410797363, 9.269013901334064442 ) ) ;
#5135 = ORIENTED_EDGE ( 'NONE', *, *, #2955, .T. ) ;
#5136 = CARTESIAN_POINT ( 'NONE',  ( 28.07978715247446644, 11.26654597457501517, 14.03469464211690187 ) ) ;
#5137 = ORIENTED_EDGE ( 'NONE', *, *, #3765, .F. ) ;
#5138 = CARTESIAN_POINT ( 'NONE',  ( -24.81879746464113623, 19.84066003422991997, 14.58082025111810154 ) ) ;
#5139 = CARTESIAN_POINT ( 'NONE',  ( 4.669442582590811825E-16, -30.25000000000000000, 4.999999999999999112 ) ) ;
#5140 = CARTESIAN_POINT ( 'NONE',  ( -11.64518554127714012, 30.25000000000178346, 4.414891977242533905 ) ) ;
#5141 = CARTESIAN_POINT ( 'NONE',  ( -24.85734906373330588, 19.79190503045574445, 14.58075818007707625 ) ) ;
#5142 = CARTESIAN_POINT ( 'NONE',  ( -17.20620244292877743, 27.95668264543498083, 6.376530701577748594 ) ) ;
#5143 = CARTESIAN_POINT ( 'NONE',  ( -33.24999999999999289, 11.74999999999998579, 0.2546058388727250876 ) ) ;
#5144 = CARTESIAN_POINT ( 'NONE',  ( -17.60109357357544368, 30.03853240027646621, 0.4838825351690421162 ) ) ;
#5145 = CARTESIAN_POINT ( 'NONE',  ( 30.42651365301897215, -14.39143168760774039, 6.067858133685889221 ) ) ;
#5146 = DIRECTION ( 'NONE',  ( -0.000000000000000000, -1.000000000000000000, 0.000000000000000000 ) ) ;
#5147 = CARTESIAN_POINT ( 'NONE',  ( -17.19059766586060078, -29.45373842373669149, 7.040309730993691062 ) ) ;
#5148 = CARTESIAN_POINT ( 'NONE',  ( 33.14953832113300791, 19.61520331193127831, 4.009835424060337772 ) ) ;
#5149 = CARTESIAN_POINT ( 'NONE',  ( 14.75000000000000888, -23.75000000000001066, -18.50000000000000000 ) ) ;
#5150 = CARTESIAN_POINT ( 'NONE',  ( 20.34289204121241568, -29.44746877330183565, 3.686305949885505306 ) ) ;
#5151 = CARTESIAN_POINT ( 'NONE',  ( 2.267988555094489230E-14, -9.143940495855607864, -52.46881911579973945 ) ) ;
#5152 =( BOUNDED_SURFACE ( )  B_SPLINE_SURFACE ( 3, 2, ( 
 ( #5756, #6229, #978 ),
 ( #6740, #2041, #497 ),
 ( #1946, #3516, #6674 ),
 ( #6771, #5241, #2073 ),
 ( #6703, #6157, #4174 ),
 ( #1554, #4049, #3653 ),
 ( #532, #5140, #5616 ),
 ( #1973, #405, #4077 ) ),
 .UNSPECIFIED., .F., .F., .T. ) 
 B_SPLINE_SURFACE_WITH_KNOTS ( ( 4, 2, 2, 4 ),
 ( 3, 3 ),
 ( -3.563705591723077728E-05, 0.006192698582701819041, 0.009306866402011344797, 0.01242103422132086882 ),
 ( 0.000000000000000000, 1.000000000000000000 ),
 .UNSPECIFIED. ) 
 GEOMETRIC_REPRESENTATION_ITEM ( )  RATIONAL_B_SPLINE_SURFACE ( (
 ( 1.000000000000000000, 1.000000000000000000, 1.000000000000000000),
 ( 1.000000000000000000, 1.000000000000000000, 1.000000000000000000),
 ( 1.000000000000000000, 0.9975251995529735849, 1.000000000000000000),
 ( 1.000000000000000000, 0.9894975773029878185, 1.000000000000000000),
 ( 1.000000000000000000, 0.9860923716806614392, 1.000000000000000000),
 ( 1.000000000000000000, 0.9774705690642676581, 1.000000000000000000),
 ( 1.000000000000000000, 0.9722583237139202916, 1.000000000000000000),
 ( 1.000000000000000000, 0.9657594123133697028, 1.000000000000000000) ) ) 
 REPRESENTATION_ITEM ( '' )  SURFACE ( )  );
#5153 = CARTESIAN_POINT ( 'NONE',  ( -28.07657289980542714, -26.71656362781144978, 3.958813856412603638 ) ) ;
#5154 = DIRECTION ( 'NONE',  ( -0.000000000000000000, -0.000000000000000000, 1.000000000000000000 ) ) ;
#5155 = CARTESIAN_POINT ( 'NONE',  ( -28.70050252372264765, 9.627661008483297422, 13.75498828328268708 ) ) ;
#5156 = CARTESIAN_POINT ( 'NONE',  ( 8.100491907648221357, 30.25000000000000000, 3.176517749445001204 ) ) ;
#5157 = ADVANCED_FACE ( 'NONE', ( #4714 ), #6283, .F. ) ;
#5158 = CARTESIAN_POINT ( 'NONE',  ( -32.53442976688172195, 20.98631494768815742, 3.968047705384357027 ) ) ;
#5159 = ORIENTED_EDGE ( 'NONE', *, *, #5721, .F. ) ;
#5160 = CARTESIAN_POINT ( 'NONE',  ( -26.98646102572848093, 21.26182843715918835, 5.777200816157448848 ) ) ;
#5161 = CARTESIAN_POINT ( 'NONE',  ( 31.65752670660303991, 13.87186118481121788, 7.167187115787830187 ) ) ;
#5162 = CARTESIAN_POINT ( 'NONE',  ( 34.75000000000002132, -13.00498023550822246, 4.343069750164682219 ) ) ;
#5163 = CARTESIAN_POINT ( 'NONE',  ( -24.74999999999999289, -11.74999999999982414, 0.2546058388727735489 ) ) ;
#5164 = CARTESIAN_POINT ( 'NONE',  ( 26.40865382393221239, 23.50883180835565156, 6.873800618509005034 ) ) ;
#5165 = CARTESIAN_POINT ( 'NONE',  ( -28.47650621427874640, 10.23932241244057906, 9.308052455486516052 ) ) ;
#5166 = EDGE_CURVE ( 'NONE', #4876, #5597, #3715, .T. ) ;
#5167 = CARTESIAN_POINT ( 'NONE',  ( 30.98833531075920433, -12.75536200512266483, 5.994888054943495526 ) ) ;
#5168 = ORIENTED_EDGE ( 'NONE', *, *, #4713, .F. ) ;
#5169 = CARTESIAN_POINT ( 'NONE',  ( 33.25000000000000711, -10.59743641612855747, 3.852401498320569662 ) ) ;
#5170 = CARTESIAN_POINT ( 'NONE',  ( 2.027532701882654997, -31.75000000000000000, 4.555677528133546872 ) ) ;
#5171 = DIRECTION ( 'NONE',  ( -1.000000000000000000, 0.000000000000000000, 0.000000000000000000 ) ) ;
#5172 = CARTESIAN_POINT ( 'NONE',  ( 8.212312681332941855E-16, 31.75000000000000000, 4.999999999999999112 ) ) ;
#5173 = CARTESIAN_POINT ( 'NONE',  ( -31.25779178040860629, 10.50889969320579631, 6.179195852882644502 ) ) ;
#5174 = EDGE_CURVE ( 'NONE', #5605, #3418, #926, .T. ) ;
#5175 = CARTESIAN_POINT ( 'NONE',  ( -34.74999999999999289, -11.75000000000000000, -12.00000000000000000 ) ) ;
#5176 = EDGE_LOOP ( 'NONE', ( #1586, #3697, #684, #1803 ) ) ;
#5177 = DIRECTION ( 'NONE',  ( 0.9061595253463915478, 0.000000000000000000, -0.4229360644636520616 ) ) ;
#5178 = CARTESIAN_POINT ( 'NONE',  ( 11.68352652130582747, 27.92296751645460873, 12.38225204779010902 ) ) ;
#5179 = CARTESIAN_POINT ( 'NONE',  ( 31.65752670660296175, -13.87186118481144348, 7.167187115787837293 ) ) ;
#5180 = EDGE_CURVE ( 'NONE', #1914, #1273, #2779, .T. ) ;
#5181 = CARTESIAN_POINT ( 'NONE',  ( -19.63871609355377146, -24.97757226653689244, 14.26524941771860533 ) ) ;
#5182 = CARTESIAN_POINT ( 'NONE',  ( 20.89146144897575041, 30.85743362992322858, 4.307382276247975206 ) ) ;
#5183 = CARTESIAN_POINT ( 'NONE',  ( 8.213103142697141479, -23.91685310151924071, -18.50000000000000355 ) ) ;
#5184 = CARTESIAN_POINT ( 'NONE',  ( -34.74999999999999289, -9.591564683836162786, 0.7887280973505841342 ) ) ;
#5185 = CC_DESIGN_PERSON_AND_ORGANIZATION_ASSIGNMENT ( #4922, #3408, ( #3329 ) ) ;
#5186 = CIRCLE ( 'NONE', #6053, 18.50000000000000000 ) ;
#5187 = CARTESIAN_POINT ( 'NONE',  ( 33.04439325032466712, -14.86346144971270000, -16.58686647258476654 ) ) ;
#5188 = CARTESIAN_POINT ( 'NONE',  ( -16.89352056713609329, -31.63722994512981046, 0.6592198968493820921 ) ) ;
#5189 = DIRECTION ( 'NONE',  ( -0.000000000000000000, -1.000000000000000000, 0.000000000000000000 ) ) ;
#5190 = EDGE_CURVE ( 'NONE', #6668, #3348, #5522, .T. ) ;
#5191 = CARTESIAN_POINT ( 'NONE',  ( -1.100908770256575631, -23.74999999999999289, -20.00000000000000000 ) ) ;
#5192 = CARTESIAN_POINT ( 'NONE',  ( -30.04100300474559759, 3.621514104101056120, 12.41555608675755984 ) ) ;
#5193 = LOCAL_TIME ( 0, 3, 48.00000000000000000, #1764 ) ;
#5194 = CARTESIAN_POINT ( 'NONE',  ( -30.97289750336129899, 23.46614153235036682, -0.7154894867759196142 ) ) ;
#5195 = VERTEX_POINT ( 'NONE', #3822 ) ;
#5196 = CARTESIAN_POINT ( 'NONE',  ( 34.75000000000000711, 9.591564683836155680, 0.7887280973505687021 ) ) ;
#5197 = CARTESIAN_POINT ( 'NONE',  ( -12.12402541061334205, 31.75000000000000000, 2.154191468302085521 ) ) ;
#5198 = TOROIDAL_SURFACE ( 'NONE', #478, 12.00000000000000000, 6.500000000000000888 ) ;
#5199 = CARTESIAN_POINT ( 'NONE',  ( -11.21706586826347340, -29.70252402249746382, 11.82629151725428152 ) ) ;
#5200 = CARTESIAN_POINT ( 'NONE',  ( 33.25000000000000711, -11.04036685313882948, 0.4724322874106616776 ) ) ;
#5201 = CARTESIAN_POINT ( 'NONE',  ( 32.47534016937152757, 10.70734022114963757, 7.041893460714721442 ) ) ;
#5202 = CARTESIAN_POINT ( 'NONE',  ( -31.65752670660301149, -13.87186118481121433, 7.167187115787849727 ) ) ;
#5203 = CARTESIAN_POINT ( 'NONE',  ( 33.25000000000000711, 12.81673320018181350, 3.729800163471327590 ) ) ;
#5204 = ORIENTED_EDGE ( 'NONE', *, *, #4948, .F. ) ;
#5205 = CIRCLE ( 'NONE', #3017, 8.500000000000001776 ) ;
#5206 = CARTESIAN_POINT ( 'NONE',  ( -22.34100338725975377, 22.59341160108619917, 14.50603770403718507 ) ) ;
#5207 = APPLICATION_CONTEXT ( 'configuration controlled 3d designs of mechanical parts and assemblies' ) ;
#5208 = TOROIDAL_SURFACE ( 'NONE', #2248, 12.00000000000000000, 6.500000000000000888 ) ;
#5209 = DIRECTION ( 'NONE',  ( -0.4229360644637019107, 0.000000000000000000, 0.9061595253463681221 ) ) ;
#5210 = CARTESIAN_POINT ( 'NONE',  ( -30.28488449438138019, 9.555386501440153779, 9.812360613712902691 ) ) ;
#5211 = CARTESIAN_POINT ( 'NONE',  ( -31.25779178040860629, -10.50889969320579986, 6.179195852882647166 ) ) ;
#5212 = CARTESIAN_POINT ( 'NONE',  ( 2.100141996964183022, -31.75000000000000711, 5.796687951516914517 ) ) ;
#5213 = ORIENTED_EDGE ( 'NONE', *, *, #4995, .F. ) ;
#5214 = CARTESIAN_POINT ( 'NONE',  ( -29.33231123076410896, -25.45382606003587966, -0.7063825501991668476 ) ) ;
#5215 = AXIS2_PLACEMENT_3D ( 'NONE', #441, #1501, #3558 ) ;
#5216 = CARTESIAN_POINT ( 'NONE',  ( 34.70919339261256198, 9.131044303602093848, -12.92955224445845985 ) ) ;
#5217 = CARTESIAN_POINT ( 'NONE',  ( -7.744941301009868440, 29.88543758392268046, 5.818223077553399847 ) ) ;
#5218 = CARTESIAN_POINT ( 'NONE',  ( -23.65237789650080202, -21.18982937371490394, 14.55726684203114729 ) ) ;
#5219 = CARTESIAN_POINT ( 'NONE',  ( 25.17802907435893545, 28.84230706494374630, 4.064512539376873512 ) ) ;
#5220 = CARTESIAN_POINT ( 'NONE',  ( 31.03693014562112040, 17.78054192198651151, -17.97763978122970485 ) ) ;
#5221 = CIRCLE ( 'NONE', #827, 23.99999999999999289 ) ;
#5222 = CARTESIAN_POINT ( 'NONE',  ( 11.12287330130658525, -31.75000000000000000, 2.426004205895882393 ) ) ;
#5223 = EDGE_CURVE ( 'NONE', #5723, #3387, #5410, .T. ) ;
#5224 = CARTESIAN_POINT ( 'NONE',  ( -29.38402035928665867, -23.08512775067255163, -0.7196649340116753057 ) ) ;
#5225 = CARTESIAN_POINT ( 'NONE',  ( -22.82834662759161404, -26.42622922399069907, 7.060978521255868223 ) ) ;
#5226 = CARTESIAN_POINT ( 'NONE',  ( 32.07864838887267211, 18.25774979120022223, -0.5179778296826903494 ) ) ;
#5227 = CARTESIAN_POINT ( 'NONE',  ( 29.02728503599072596, -8.513473053892219866, 13.47218163977899508 ) ) ;
#5228 = CARTESIAN_POINT ( 'NONE',  ( 33.25000000000000711, -11.75000000000000000, -12.00000000000000355 ) ) ;
#5229 = CARTESIAN_POINT ( 'NONE',  ( -17.51988152363092865, 31.62626074100914408, 4.582032000394102411 ) ) ;
#5230 = ORIENTED_EDGE ( 'NONE', *, *, #3790, .T. ) ;
#5231 = CARTESIAN_POINT ( 'NONE',  ( -15.59593382729925715, 29.96802313343606983, 6.999597995420907104 ) ) ;
#5232 = CARTESIAN_POINT ( 'NONE',  ( 18.49058851398881842, 28.74706719320447590, 7.267666140219441573 ) ) ;
#5233 = ORIENTED_EDGE ( 'NONE', *, *, #1517, .T. ) ;
#5234 = CARTESIAN_POINT ( 'NONE',  ( 24.13245892111525848, -29.44333263746123919, 4.114955837840327035 ) ) ;
#5235 = CARTESIAN_POINT ( 'NONE',  ( 37.00000000000000711, 0.000000000000000000, -214.9999999999998863 ) ) ;
#5236 = CARTESIAN_POINT ( 'NONE',  ( 17.72912185450969602, 29.25448168185361197, 7.043785419012394300 ) ) ;
#5237 = CARTESIAN_POINT ( 'NONE',  ( -30.09449924229535611, -18.07956624781851218, 6.997734406211862712 ) ) ;
#5238 = CARTESIAN_POINT ( 'NONE',  ( 18.35350153014984542, 27.78848827650496744, 6.041314290759949301 ) ) ;
#5239 = ORIENTED_EDGE ( 'NONE', *, *, #431, .F. ) ;
#5240 = CARTESIAN_POINT ( 'NONE',  ( 12.12402541061334205, -31.75000000000000000, 2.154191468302088186 ) ) ;
#5241 = CARTESIAN_POINT ( 'NONE',  ( -7.378760441540341830, 30.25000000000542855, 4.635978215832580851 ) ) ;
#5242 = CARTESIAN_POINT ( 'NONE',  ( -28.23464336795302998, -24.43031469807530698, -0.7062811747465924661 ) ) ;
#5243 = CARTESIAN_POINT ( 'NONE',  ( -33.24999999999999289, -8.015906772531440794, 1.056869236126487088 ) ) ;
#5244 = CARTESIAN_POINT ( 'NONE',  ( -1.591034827143983582E-15, 0.4532043200852796661, -53.00137102640635334 ) ) ;
#5245 = CARTESIAN_POINT ( 'NONE',  ( 17.08155882524219038, -26.79334617964046217, 9.889596576421370244 ) ) ;
#5246 = VERTEX_POINT ( 'NONE', #1648 ) ;
#5247 = CARTESIAN_POINT ( 'NONE',  ( -16.94101716223504184, 29.30231702472982391, 7.336036648051410758 ) ) ;
#5248 = CARTESIAN_POINT ( 'NONE',  ( 29.23638596910394227, -19.66421679216535878, 6.953917083319178793 ) ) ;
#5249 = DIRECTION ( 'NONE',  ( -0.000000000000000000, -0.000000000000000000, 1.000000000000000000 ) ) ;
#5250 = CARTESIAN_POINT ( 'NONE',  ( -19.04191859538618559, 24.62166756929999067, -19.85340208011841767 ) ) ;
#5251 = CARTESIAN_POINT ( 'NONE',  ( 19.19862079092866480, 31.30013453835522697, 4.437665108570223005 ) ) ;
#5252 = CARTESIAN_POINT ( 'NONE',  ( -2.116487379363323207, 31.74999999999279865, 4.957962691564365976 ) ) ;
#5253 = EDGE_CURVE ( 'NONE', #1341, #4027, #1344, .T. ) ;
#5254 = B_SPLINE_CURVE_WITH_KNOTS ( 'NONE', 3,
 ( #3671, #6155, #842, #3013, #1457, #1944, #2421, #2882, #5556, #4047 ),
 .UNSPECIFIED., .F., .F.,
 ( 4, 2, 2, 2, 4 ),
 ( 0.009133490085612830378, 0.01141402955607864755, 0.01369456902654446473, 0.01597510849701028190, 0.01825564796747609908 ),
 .UNSPECIFIED. ) ;
#5255 = CARTESIAN_POINT ( 'NONE',  ( 14.75000000000000888, -11.75000000000000000, -12.00000000000000000 ) ) ;
#5256 = CARTESIAN_POINT ( 'NONE',  ( -30.16372074950446702, -15.22103450762570631, 6.012765641706571351 ) ) ;
#5257 = CARTESIAN_POINT ( 'NONE',  ( -15.06948143520063965, -29.91734894543495216, 7.258925528155181439 ) ) ;
#5258 = CARTESIAN_POINT ( 'NONE',  ( 21.37047924552860678, 29.08446717646678081, 3.598784684704676273 ) ) ;
#5259 = CARTESIAN_POINT ( 'NONE',  ( 33.25000000000001421, 3.423317125214669687, -10.15818695171757113 ) ) ;
#5260 = ORIENTED_EDGE ( 'NONE', *, *, #4879, .F. ) ;
#5261 = CARTESIAN_POINT ( 'NONE',  ( -30.24936373383195942, -1.469821098566222117, 12.14228918907090282 ) ) ;
#5262 = CARTESIAN_POINT ( 'NONE',  ( -15.96504477382005405, 31.72273242198035703, 0.8425422415773829998 ) ) ;
#5263 = ORIENTED_EDGE ( 'NONE', *, *, #3941, .T. ) ;
#5264 = CARTESIAN_POINT ( 'NONE',  ( -18.49469560374714305, 25.81718259063582721, 9.927213850584447385 ) ) ;
#5265 = B_SPLINE_CURVE_WITH_KNOTS ( 'NONE', 3,
 ( #3296, #372, #5433, #2788 ),
 .UNSPECIFIED., .F., .F.,
 ( 4, 4 ),
 ( 0.000000000000000000, 0.002223539880700292279 ),
 .UNSPECIFIED. ) ;
#5266 = CARTESIAN_POINT ( 'NONE',  ( -33.24999999999999289, -6.045843970136163037, -11.27337470622367555 ) ) ;
#5267 = CARTESIAN_POINT ( 'NONE',  ( -2.102962743634864129, -30.25000000002880896, 4.897609150895256391 ) ) ;
#5268 = ORIENTED_EDGE ( 'NONE', *, *, #3724, .F. ) ;
#5269 = CARTESIAN_POINT ( 'NONE',  ( 17.63964993285865290, -29.05197958286428417, 7.305211428378670213 ) ) ;
#5270 = EDGE_CURVE ( 'NONE', #3573, #4162, #687, .T. ) ;
#5271 = DIRECTION ( 'NONE',  ( -0.000000000000000000, -0.000000000000000000, 1.000000000000000000 ) ) ;
#5272 = FACE_OUTER_BOUND ( 'NONE', #6487, .T. ) ;
#5273 = DIRECTION ( 'NONE',  ( 0.000000000000000000, 0.000000000000000000, -1.000000000000000000 ) ) ;
#5274 = ORIENTED_EDGE ( 'NONE', *, *, #1435, .F. ) ;
#5275 = CC_DESIGN_PERSON_AND_ORGANIZATION_ASSIGNMENT ( #5027, #5917, ( #3762 ) ) ;
#5276 = CARTESIAN_POINT ( 'NONE',  ( 4.083624103048207665, 30.04298877467271467, 6.466708375590469515 ) ) ;
#5277 = CARTESIAN_POINT ( 'NONE',  ( -11.74389581778640235, 29.50356832968507348, 12.10635856302426916 ) ) ;
#5278 = DIRECTION ( 'NONE',  ( 0.000000000000000000, 0.000000000000000000, 1.000000000000000000 ) ) ;
#5279 = CARTESIAN_POINT ( 'NONE',  ( 33.25000000000000711, -6.413756703894891054, 1.260734812504464175 ) ) ;
#5280 = CARTESIAN_POINT ( 'NONE',  ( -15.06381232053532138, 29.91912454903430785, 7.258389950753455722 ) ) ;
#5281 = CARTESIAN_POINT ( 'NONE',  ( 10.27008801496370083, -30.07563404483143898, 8.603076577786465506 ) ) ;
#5282 = CARTESIAN_POINT ( 'NONE',  ( 29.21484776498648372, -19.92239754862990253, 6.876842644897721790 ) ) ;
#5283 = ORIENTED_EDGE ( 'NONE', *, *, #2411, .T. ) ;
#5284 = DIRECTION ( 'NONE',  ( 0.000000000000000000, 0.000000000000000000, -1.000000000000000000 ) ) ;
#5285 = CARTESIAN_POINT ( 'NONE',  ( 15.72792134226032346, 25.84635783191099279, 13.72018135309388143 ) ) ;
#5286 = CARTESIAN_POINT ( 'NONE',  ( 22.95223312375941305, 30.00237562737322605, -0.2476513461640117708 ) ) ;
#5287 = CARTESIAN_POINT ( 'NONE',  ( -32.79761447121964579, 15.30008833619446129, -16.81275583644103833 ) ) ;
#5288 = CARTESIAN_POINT ( 'NONE',  ( 27.81099733500368032, 26.95599898783067871, -0.6543960145822045327 ) ) ;
#5289 = CARTESIAN_POINT ( 'NONE',  ( 32.50938952718515651, -11.75000000000001421, -15.01320962997106179 ) ) ;
#5290 = PLANE ( 'NONE',  #792 ) ;
#5291 = B_SPLINE_CURVE_WITH_KNOTS ( 'NONE', 3,
 ( #3746, #2825, #2193, #5878, #2786, #5334 ),
 .UNSPECIFIED., .F., .F.,
 ( 4, 2, 4 ),
 ( -4.140809217221693529E-05, 0.006800394372430253707, 0.01364219683703272318 ),
 .UNSPECIFIED. ) ;
#5292 = CARTESIAN_POINT ( 'NONE',  ( -30.02724776245390714, -15.62810631942672401, 5.986626586187392185 ) ) ;
#5293 = CARTESIAN_POINT ( 'NONE',  ( -13.51892349556909600, -31.74999999999917577, 4.814649765534677606 ) ) ;
#5294 = CARTESIAN_POINT ( 'NONE',  ( 26.19853935451905258, 26.33043986539881942, 3.298259061400058645 ) ) ;
#5295 = CYLINDRICAL_SURFACE ( 'NONE', #41, 18.50000000000000000 ) ;
#5296 = ORIENTED_EDGE ( 'NONE', *, *, #2062, .T. ) ;
#5297 = CARTESIAN_POINT ( 'NONE',  ( -34.74999999999999289, 7.827113324890405011, -12.00000000000978417 ) ) ;
#5298 = AXIS2_PLACEMENT_3D ( 'NONE', #3684, #2660, #58 ) ;
#5299 = CARTESIAN_POINT ( 'NONE',  ( -18.05233685672353516, 28.90410362686887424, 7.287002770584471989 ) ) ;
#5300 = ORIENTED_EDGE ( 'NONE', *, *, #4267, .F. ) ;
#5301 = CARTESIAN_POINT ( 'NONE',  ( 14.75000000000000888, -23.75000000000000000, -12.00000000000000000 ) ) ;
#5302 = EDGE_CURVE ( 'NONE', #192, #6578, #1784, .T. ) ;
#5303 = CARTESIAN_POINT ( 'NONE',  ( 30.85614282466545788, 12.54436073105640759, 6.205513396328868225 ) ) ;
#5304 = LOCAL_TIME ( 0, 3, 48.00000000000000000, #832 ) ;
#5305 = CARTESIAN_POINT ( 'NONE',  ( -33.24999999999999289, 6.030962335717907408, -11.30822946961191100 ) ) ;
#5306 = ORIENTED_EDGE ( 'NONE', *, *, #1741, .F. ) ;
#5307 = CARTESIAN_POINT ( 'NONE',  ( 26.77508758938285993, -27.78568630441796827, -0.5942491073209981156 ) ) ;
#5308 = CARTESIAN_POINT ( 'NONE',  ( -33.25000000000000000, 8.005548472028893414, 1.058631983710987434 ) ) ;
#5309 =( NAMED_UNIT ( * ) SI_UNIT ( $, .STERADIAN. ) SOLID_ANGLE_UNIT ( ) );
#5310 = CARTESIAN_POINT ( 'NONE',  ( 32.50938952718515651, -11.75000000000001421, -15.01320962997106179 ) ) ;
#5311 = DIRECTION ( 'NONE',  ( -0.000000000000000000, -1.000000000000000000, -0.000000000000000000 ) ) ;
#5312 = AXIS2_PLACEMENT_3D ( 'NONE', #1728, #6462, #2279 ) ;
#5313 = VERTEX_POINT ( 'NONE', #6037 ) ;
#5314 = ADVANCED_FACE ( 'NONE', ( #2403 ), #5115, .F. ) ;
#5315 = CARTESIAN_POINT ( 'NONE',  ( 34.75000000000000711, -11.75000000000000000, 5.000000000000000000 ) ) ;
#5316 = DIRECTION ( 'NONE',  ( -0.2620147808320862914, 0.000000000000000000, 0.9650638603872356835 ) ) ;
#5317 = CARTESIAN_POINT ( 'NONE',  ( -24.74999999999999289, 9.591564683836153904, 0.7887280973505770287 ) ) ;
#5318 = CARTESIAN_POINT ( 'NONE',  ( -31.51439617294726148, -8.728610578430743061, 6.172367795195228268 ) ) ;
#5319 = CARTESIAN_POINT ( 'NONE',  ( 4.200575125476870397, -31.54074505750915591, 6.593320797886180529 ) ) ;
#5320 = VERTEX_POINT ( 'NONE', #3092 ) ;
#5321 = CARTESIAN_POINT ( 'NONE',  ( 34.75000000000001421, 1.601872233442319216, 1.605981011861045804 ) ) ;
#5322 = AXIS2_PLACEMENT_3D ( 'NONE', #2478, #455, #5575 ) ;
#5323 = AXIS2_PLACEMENT_3D ( 'NONE', #2221, #3814, #746 ) ;
#5324 = CARTESIAN_POINT ( 'NONE',  ( -61.00000000000000000, 2.939152317953647106E-15, -214.9999999999998863 ) ) ;
#5325 = CARTESIAN_POINT ( 'NONE',  ( -23.15974595283248050, 23.27347277664386027, -19.68987198716016351 ) ) ;
#5326 = CARTESIAN_POINT ( 'NONE',  ( 23.19890531593254224, 26.16928461529802163, 7.044424972587466804 ) ) ;
#5327 = DIRECTION ( 'NONE',  ( -0.000000000000000000, 0.000000000000000000, -1.000000000000000000 ) ) ;
#5328 = CARTESIAN_POINT ( 'NONE',  ( -34.74999999999999289, 9.591564683836152128, 0.7887280973505773618 ) ) ;
#5329 = AXIS2_PLACEMENT_3D ( 'NONE', #3996, #3962, #4506 ) ;
#5330 = CARTESIAN_POINT ( 'NONE',  ( -33.01711028213084376, -14.73768339710334452, -0.1737513778777661222 ) ) ;
#5331 = CARTESIAN_POINT ( 'NONE',  ( -34.74999999999999289, 1.190356522316421925E-19, -9.261760844064783171 ) ) ;
#5332 = CARTESIAN_POINT ( 'NONE',  ( 28.58665155951839409, 24.04580199175962463, -0.7141394422172850920 ) ) ;
#5333 = AXIS2_PLACEMENT_3D ( 'NONE', #1740, #6024, #4900 ) ;
#5334 = CARTESIAN_POINT ( 'NONE',  ( -13.43701270530666925, 30.40382484943730645, 6.990241492778173082 ) ) ;
#5335 = LINE ( 'NONE', #2653, #4746 ) ;
#5336 = EDGE_CURVE ( 'NONE', #3855, #4482, #3972, .T. ) ;
#5337 = ORIENTED_EDGE ( 'NONE', *, *, #4236, .T. ) ;
#5338 = CARTESIAN_POINT ( 'NONE',  ( 12.35155825587868783, -30.25000000000000000, 2.092416299207843888 ) ) ;
#5339 = DIRECTION ( 'NONE',  ( 0.000000000000000000, -0.9858269600613877026, 0.1677653266206194371 ) ) ;
#5340 = DIRECTION ( 'NONE',  ( -0.2620147808320905103, 0.000000000000000000, 0.9650638603872344623 ) ) ;
#5341 = VERTEX_POINT ( 'NONE', #5699 ) ;
#5342 = CARTESIAN_POINT ( 'NONE',  ( 25.94671423756533457, -23.88194326543715817, 6.946128284314911028 ) ) ;
#5343 =( BOUNDED_SURFACE ( )  B_SPLINE_SURFACE ( 3, 2, ( 
 ( #5062, #4102, #5201 ),
 ( #6665, #4585, #460 ),
 ( #972, #1422, #398 ),
 ( #3044, #6222, #1521 ),
 ( #5580, #3508, #6121 ),
 ( #4135, #490, #1937 ),
 ( #5099, #5609, #902 ),
 ( #3007, #1005, #2449 ),
 ( #1999, #3610, #2976 ),
 ( #2516, #5133, #4040 ),
 ( #2482, #3577, #2036 ),
 ( #5712, #2553, #1452 ),
 ( #4069, #4688, #5164 ),
 ( #6150, #6765, #6696 ),
 ( #4654, #2066, #4168 ),
 ( #3541, #5645, #939 ),
 ( #6188, #1488, #6254 ),
 ( #3076, #4553, #6732 ),
 ( #1549, #6631, #5783 ),
 ( #6291, #5888, #5236 ),
 ( #97, #1692, #1040 ),
 ( #526, #3758, #2662 ),
 ( #1589, #1656, #130 ),
 ( #3796, #630, #6329 ),
 ( #1075, #662, #3245 ),
 ( #3686, #1176, #597 ) ),
 .UNSPECIFIED., .F., .F., .T. ) 
 B_SPLINE_SURFACE_WITH_KNOTS ( ( 4, 2, 2, 2, 2, 2, 2, 2, 2, 2, 2, 2, 4 ),
 ( 3, 3 ),
 ( 0.01689948557017358077, 0.01935703440893985286, 0.02181458324770612495, 0.02672968092523866912, 0.03164477860277121329, 0.03410232744153748885, 0.03655987628030375747, 0.04147497395783630164, 0.04639007163536884581, 0.04884762047413512137, 0.05130516931290139693, 0.05376271815166766554, 0.05622026699043394110 ),
 ( 0.000000000000000000, 0.6832273463064917340 ),
 .UNSPECIFIED. ) 
 GEOMETRIC_REPRESENTATION_ITEM ( )  RATIONAL_B_SPLINE_SURFACE ( (
 ( 1.000000000000000000, 0.9103891064970567326, 0.9432274389304526885),
 ( 1.000000000000000000, 0.9064855853568964950, 0.9407543814298180429),
 ( 1.000000000000000000, 0.9027201593753370057, 0.9383688134688878968),
 ( 1.000000000000000000, 0.8955528102276534286, 0.9338279730499685627),
 ( 1.000000000000000000, 0.8921442363005368525, 0.9316684870335620872),
 ( 1.000000000000000000, 0.8826547320191850954, 0.9256564561266826807),
 ( 1.000000000000000000, 0.8773826031152434091, 0.9223163235996512110),
 ( 1.000000000000000000, 0.8695052116913414286, 0.9173256392285873417),
 ( 1.000000000000000000, 0.8669071611512348952, 0.9156796565005483890),
 ( 1.000000000000000000, 0.8653265789152660981, 0.9146782860420110683),
 ( 1.000000000000000000, 0.8651838608578600320, 0.9145878676864620527),
 ( 1.000000000000000000, 0.8656885130183696875, 0.9149075876946157759),
 ( 1.000000000000000000, 0.8663394024718816810, 0.9153199556535160930),
 ( 1.000000000000000000, 0.8694130135636428669, 0.9172672275374340600),
 ( 1.000000000000000000, 0.8729611062826518886, 0.9195151050297361017),
 ( 1.000000000000000000, 0.8824883627858775004, 0.9255510536796272003),
 ( 1.000000000000000000, 0.8884604497547428092, 0.9293346413540590767),
 ( 1.000000000000000000, 0.8987641952299573189, 0.9358625309483914467),
 ( 1.000000000000000000, 0.9024338239620481872, 0.9381874070114601949),
 ( 1.000000000000000000, 0.9101043125265770861, 0.9430470090468829891),
 ( 1.000000000000000000, 0.9140865915695618460, 0.9455699632472718275),
 ( 1.000000000000000000, 0.9222597931825812223, 0.9507480567755282053),
 ( 1.000000000000000000, 0.9264509206497608673, 0.9534033259150205275),
 ( 1.000000000000000000, 0.9349670858519624206, 0.9587987024158080018),
 ( 1.000000000000000000, 0.9392991412813738172, 0.9615432558044521016),
 ( 1.000000000000000000, 0.9436388287065138325, 0.9642926444081760806) ) ) 
 REPRESENTATION_ITEM ( '' )  SURFACE ( )  );
#5344 = CARTESIAN_POINT ( 'NONE',  ( -14.56586862738722488, -28.74989470102513067, 6.448095826022727017 ) ) ;
#5345 = CYLINDRICAL_SURFACE ( 'NONE', #6392, 18.50000000000000000 ) ;
#5346 = CARTESIAN_POINT ( 'NONE',  ( 16.37203028676446337, 25.45013959740012410, 9.309007238376009852 ) ) ;
#5347 = ADVANCED_FACE ( 'NONE', ( #2434 ), #1638, .T. ) ;
#5348 = ORIENTED_EDGE ( 'NONE', *, *, #6301, .F. ) ;
#5349 = DIRECTION ( 'NONE',  ( -0.9650638603872336851, 0.000000000000000000, 0.2620147808320935634 ) ) ;
#5350 = CARTESIAN_POINT ( 'NONE',  ( 33.24510515654615261, -1.847195791170169743, 6.860706324137459511 ) ) ;
#5351 = CARTESIAN_POINT ( 'NONE',  ( -30.80179466369718355, -21.02693477931747523, -0.6813979019859287556 ) ) ;
#5352 = CARTESIAN_POINT ( 'NONE',  ( 32.40622562401013340, -10.67078234191807518, 7.130454868564775950 ) ) ;
#5353 = CARTESIAN_POINT ( 'NONE',  ( 11.37059955899045605, -30.87213445474632678, 6.617434037620461673 ) ) ;
#5354 = ORIENTED_EDGE ( 'NONE', *, *, #3597, .T. ) ;
#5355 = CARTESIAN_POINT ( 'NONE',  ( 29.86232370388340485, -18.80590496637257303, 6.896638903764497286 ) ) ;
#5356 = VERTEX_POINT ( 'NONE', #4770 ) ;
#5357 = CARTESIAN_POINT ( 'NONE',  ( -17.33208471476040202, 31.59321569693103626, 0.5738607651076996774 ) ) ;
#5358 = CARTESIAN_POINT ( 'NONE',  ( 26.75000000000001066, -11.75000000000000000, -12.00000000000000000 ) ) ;
#5359 = B_SPLINE_CURVE_WITH_KNOTS ( 'NONE', 3,
 ( #4764, #77, #4251, #2291, #1220, #2259, #673, #6541, #2777, #3359, #5962, #3389, #3256, #4867, #140, #4389, #6442, #5456, #1189, #773, #3285, #3841, #5357, #171, #2744, #5387 ),
 .UNSPECIFIED., .F., .F.,
 ( 4, 2, 2, 2, 2, 2, 2, 2, 2, 2, 2, 2, 4 ),
 ( 1.396055025299272671E-17, 0.003928987187208201302, 0.005893480780812299785, 0.007857974374416399135, 0.01178696156162459957, 0.01375145515522870586, 0.01571594874883281215, 0.01964493593604101432, 0.02160942952964511540, 0.02357392312324921649, 0.02750291031045742213, 0.02946740390406153015, 0.03143189749766563817 ),
 .UNSPECIFIED. ) ;
#5360 = CARTESIAN_POINT ( 'NONE',  ( -33.16234932786893097, 14.64183196376348839, -16.46949618684081784 ) ) ;
#5361 = CARTESIAN_POINT ( 'NONE',  ( -3.307201124296646857E-15, -30.25000000000000711, 4.999999999999999112 ) ) ;
#5362 = CARTESIAN_POINT ( 'NONE',  ( 14.75000000000000888, -39.05764969887461291, 11.82629151725428329 ) ) ;
#5363 = LINE ( 'NONE', #3189, #5955 ) ;
#5364 = CARTESIAN_POINT ( 'NONE',  ( -28.64284436276933121, -23.97980962995285026, 3.235532326803195247 ) ) ;
#5365 = CARTESIAN_POINT ( 'NONE',  ( -14.74999999999984723, -31.75000000000000000, 1.114006583038575915 ) ) ;
#5366 = CARTESIAN_POINT ( 'NONE',  ( 27.05719571720127448, 25.61199563019418335, 3.266830017276808551 ) ) ;
#5367 = CARTESIAN_POINT ( 'NONE',  ( -26.38015034467148823, 19.50352817160151275, -18.21054245507187375 ) ) ;
#5368 = CARTESIAN_POINT ( 'NONE',  ( -17.20477952421837742, 31.60129460012104374, 0.6002493772176367148 ) ) ;
#5369 = ORIENTED_EDGE ( 'NONE', *, *, #1319, .F. ) ;
#5370 = DIRECTION ( 'NONE',  ( 0.000000000000000000, 0.000000000000000000, -1.000000000000000000 ) ) ;
#5371 = CARTESIAN_POINT ( 'NONE',  ( 26.43897066861032741, 21.93125311981295766, 5.779340293150527330 ) ) ;
#5372 = ORIENTED_EDGE ( 'NONE', *, *, #3035, .F. ) ;
#5373 = CARTESIAN_POINT ( 'NONE',  ( 34.75000000000000711, -13.00498023550822779, 4.343069750164679554 ) ) ;
#5374 = EDGE_CURVE ( 'NONE', #6266, #3416, #1450, .T. ) ;
#5375 = CARTESIAN_POINT ( 'NONE',  ( 40.06245124802025970, -11.74999999999999822, 13.47218163977897554 ) ) ;
#5376 = DIRECTION ( 'NONE',  ( -1.000000000000000000, 0.000000000000000000, 0.000000000000000000 ) ) ;
#5377 = CARTESIAN_POINT ( 'NONE',  ( -22.60048543840248314, -25.36185570490903629, 5.940940352818850911 ) ) ;
#5378 = ORIENTED_EDGE ( 'NONE', *, *, #1377, .T. ) ;
#5379 = CARTESIAN_POINT ( 'NONE',  ( -30.46665454190756961, 8.935628742515143941, 13.47218163977901106 ) ) ;
#5380 = CARTESIAN_POINT ( 'NONE',  ( 31.20715978979679406, -6.036872777964333636, 12.78622757406358623 ) ) ;
#5381 = CARTESIAN_POINT ( 'NONE',  ( 33.25000000000000711, -1.616107873185654853, 1.605567424709625657 ) ) ;
#5382 = CARTESIAN_POINT ( 'NONE',  ( 14.75000000000000888, 11.75000000000000000, 5.000000000000000000 ) ) ;
#5383 = DIRECTION ( 'NONE',  ( 0.000000000000000000, 0.000000000000000000, 1.000000000000000000 ) ) ;
#5384 = ORIENTED_EDGE ( 'NONE', *, *, #5663, .F. ) ;
#5385 = CARTESIAN_POINT ( 'NONE',  ( 25.08461343720883008, -16.94777147289797625, 14.54845826219845684 ) ) ;
#5386 = EDGE_LOOP ( 'NONE', ( #3176, #1179, #1754, #229, #6304 ) ) ;
#5387 = CARTESIAN_POINT ( 'NONE',  ( -14.74999999999999467, 31.75000000000000000, 1.114006583039234721 ) ) ;
#5388 = CARTESIAN_POINT ( 'NONE',  ( 33.25000000000000711, 9.591564683836155680, 0.7887280973505728099 ) ) ;
#5389 = ADVANCED_FACE ( 'NONE', ( #3669 ), #5856, .T. ) ;
#5390 = DIRECTION ( 'NONE',  ( 0.000000000000000000, 1.000000000000000000, 0.000000000000000000 ) ) ;
#5391 = CARTESIAN_POINT ( 'NONE',  ( -10.68712574850303909, -28.29925517104086907, 11.82629151725430461 ) ) ;
#5392 = CARTESIAN_POINT ( 'NONE',  ( -11.73618576907909627, 31.75000000000000000, 4.766204193653517329 ) ) ;
#5393 = CARTESIAN_POINT ( 'NONE',  ( -32.64037658418104826, 16.50003847511045407, -0.3660864459493138878 ) ) ;
#5394 = CARTESIAN_POINT ( 'NONE',  ( 15.71047378170787034, 23.61984311000653136, -18.49990771197832373 ) ) ;
#5395 = CARTESIAN_POINT ( 'NONE',  ( 22.71776398878976977, 28.45754621087923653, -0.2925765666218841932 ) ) ;
#5396 = CARTESIAN_POINT ( 'NONE',  ( 2.178244003462480816, -30.25000000000000000, 5.239681030319485622 ) ) ;
#5397 = ORIENTED_EDGE ( 'NONE', *, *, #6635, .F. ) ;
#5398 = CARTESIAN_POINT ( 'NONE',  ( 19.50251433867212825, 29.66964612590273731, 0.1413997967613395412 ) ) ;
#5399 = CARTESIAN_POINT ( 'NONE',  ( 37.00000000000000711, 0.000000000000000000, -124.8941410357253972 ) ) ;
#5400 = VERTEX_POINT ( 'NONE', #1124 ) ;
#5401 = CARTESIAN_POINT ( 'NONE',  ( -33.24999999999999289, -11.75000000000000000, 5.000000000000000000 ) ) ;
#5402 = CARTESIAN_POINT ( 'NONE',  ( 23.30436960869051788, 24.86013089641431151, 5.897139328417253523 ) ) ;
#5403 = ORIENTED_EDGE ( 'NONE', *, *, #4164, .T. ) ;
#5404 = CARTESIAN_POINT ( 'NONE',  ( -23.63711600885595487, -18.88658332419159436, 14.57469884889070855 ) ) ;
#5405 = CARTESIAN_POINT ( 'NONE',  ( 22.14669386800042972, 23.67090020070255463, -19.75103365452311976 ) ) ;
#5406 = DATE_AND_TIME ( #1315, #267 ) ;
#5407 = CARTESIAN_POINT ( 'NONE',  ( 14.75000000000000888, 23.75000000000000355, -18.50000000000000000 ) ) ;
#5408 = EDGE_LOOP ( 'NONE', ( #2546, #5135, #6554 ) ) ;
#5409 = CARTESIAN_POINT ( 'NONE',  ( -34.75000000000125766, 11.18513797703940149, 4.406529539640600568 ) ) ;
#5410 = CIRCLE ( 'NONE', #6275, 11.50000000000000000 ) ;
#5411 = CARTESIAN_POINT ( 'NONE',  ( -31.72255310835124575, 1.524886912002146655, 12.17732122170832909 ) ) ;
#5412 = CARTESIAN_POINT ( 'NONE',  ( 40.06245124802025970, 11.75000000000000000, 13.47218163977898264 ) ) ;
#5413 = CARTESIAN_POINT ( 'NONE',  ( -14.29721363583189309, 29.00609016076027658, 6.135594233694630972 ) ) ;
#5414 = DIRECTION ( 'NONE',  ( 0.2771544855772439253, 0.9449777077964653937, 0.1737887306247200558 ) ) ;
#5415 = AXIS2_PLACEMENT_3D ( 'NONE', #910, #3551, #4141 ) ;
#5416 = CARTESIAN_POINT ( 'NONE',  ( -29.40406534532753824, -7.139640798465002547, 13.12722632987411941 ) ) ;
#5417 = CARTESIAN_POINT ( 'NONE',  ( 12.70981053251543180, -27.47556281422869162, 8.951960164800185638 ) ) ;
#5418 = VERTEX_POINT ( 'NONE', #5872 ) ;
#5419 = ORIENTED_EDGE ( 'NONE', *, *, #5745, .F. ) ;
#5420 =( BOUNDED_SURFACE ( )  B_SPLINE_SURFACE ( 3, 2, ( 
 ( #5139, #879, #404 ),
 ( #3169, #5267, #4233 ),
 ( #909, #2658, #1397 ),
 ( #1617, #3717, #844 ),
 ( #1458, #2948, #4524 ),
 ( #5654, #947, #2457 ),
 ( #1909, #3485, #1790 ),
 ( #2761, #3200, #5884 ) ),
 .UNSPECIFIED., .F., .F., .F. ) 
 B_SPLINE_SURFACE_WITH_KNOTS ( ( 4, 2, 2, 4 ),
 ( 3, 3 ),
 ( -3.563707374620040796E-05, 0.006191740903887006306, 0.009305429892703609429, 0.01241911888152021255 ),
 ( 0.000000000000000000, 1.000000000000000000 ),
 .UNSPECIFIED. ) 
 GEOMETRIC_REPRESENTATION_ITEM ( )  RATIONAL_B_SPLINE_SURFACE ( (
 ( 1.000000000000000000, 1.000000000000000000, 1.000000000000000000),
 ( 1.000000000000000000, 0.9999719249407879040, 1.000000000000000000),
 ( 1.000000000000000000, 0.9975259294853373593, 1.000000000000000000),
 ( 1.000000000000000000, 0.9895006360690672409, 1.000000000000000000),
 ( 1.000000000000000000, 0.9860966030941915594, 1.000000000000000000),
 ( 1.000000000000000000, 0.9774752146313070433, 1.000000000000000000),
 ( 1.000000000000000000, 0.9722623321141118380, 1.000000000000000000),
 ( 1.000000000000000000, 0.9657594123133692587, 1.000000000000000000) ) ) 
 REPRESENTATION_ITEM ( '' )  SURFACE ( )  );
#5421 = CARTESIAN_POINT ( 'NONE',  ( 17.63964993285865646, -29.05197958286428417, 7.305211428378672878 ) ) ;
#5422 = CARTESIAN_POINT ( 'NONE',  ( 33.25000000000000711, -8.411575707885438291, 3.901850873739912462 ) ) ;
#5423 = AXIS2_PLACEMENT_3D ( 'NONE', #216, #2299, #6483 ) ;
#5424 = CARTESIAN_POINT ( 'NONE',  ( -29.73063111783054779, 5.761926021923614805, 12.78865388004598280 ) ) ;
#5425 = FACE_OUTER_BOUND ( 'NONE', #2858, .T. ) ;
#5426 = CARTESIAN_POINT ( 'NONE',  ( 13.23911685007753469, -31.75000000000000000, 1.774586726684968419 ) ) ;
#5427 = CARTESIAN_POINT ( 'NONE',  ( -28.58572791422477977, 24.04674509231221435, -0.7141097527414836943 ) ) ;
#5428 = EDGE_CURVE ( 'NONE', #4162, #6091, #2671, .T. ) ;
#5429 = AXIS2_PLACEMENT_3D ( 'NONE', #2109, #1596, #2809 ) ;
#5430 = CARTESIAN_POINT ( 'NONE',  ( -19.34304100329769227, -29.70969395130243029, 0.1674732975752662723 ) ) ;
#5431 = CARTESIAN_POINT ( 'NONE',  ( -7.253130000818252654, 30.93565270525712663, 7.655952732013740381 ) ) ;
#5432 = CARTESIAN_POINT ( 'NONE',  ( 31.75000000000000711, 0.000000000000000000, 80.00000000000000000 ) ) ;
#5433 = CARTESIAN_POINT ( 'NONE',  ( -33.24999999999999289, -10.32424625193626255, 0.6640423588173507419 ) ) ;
#5434 = EDGE_CURVE ( 'NONE', #5246, #1649, #5363, .T. ) ;
#5435 = CARTESIAN_POINT ( 'NONE',  ( 33.25000000000001421, -11.74999999999944578, 0.2546058388727968080 ) ) ;
#5436 = ORIENTED_EDGE ( 'NONE', *, *, #3521, .F. ) ;
#5437 = CARTESIAN_POINT ( 'NONE',  ( -8.101727358673496582, 30.25000000000000355, 3.181821116001985139 ) ) ;
#5438 = CARTESIAN_POINT ( 'NONE',  ( 9.346160718350109420, -30.35881976095690504, 10.80140447972176787 ) ) ;
#5439 = CARTESIAN_POINT ( 'NONE',  ( 30.17957119717981840, 15.21633096514154282, 6.011358763768048341 ) ) ;
#5440 = CARTESIAN_POINT ( 'NONE',  ( -28.86385448447826363, -9.070701011543720327, 13.61361896884046452 ) ) ;
#5441 = B_SPLINE_CURVE_WITH_KNOTS ( 'NONE', 3,
 ( #817, #1917, #2926, #5014, #316, #1881, #6065, #3463, #5563, #4731, #2081, #471, #4181, #5694, #1018, #1602, #5828, #109, #5285, #34, #2047, #3120, #5178, #1634 ),
 .UNSPECIFIED., .F., .F.,
 ( 4, 2, 2, 2, 2, 2, 2, 2, 2, 2, 2, 4 ),
 ( 0.000000000000000000, 0.001787782107859430501, 0.003575564215718861003, 0.007151128431437720270, 0.01072669264715658127, 0.01251447475501601611, 0.01430225686287544748, 0.01787782107859430675, 0.02145338529431316255, 0.02324116740217259044, 0.02502894951003201487, 0.02860451372575086373 ),
 .UNSPECIFIED. ) ;
#5442 = CARTESIAN_POINT ( 'NONE',  ( 34.75000000000000711, 7.827113324876937561, -12.00000000000000355 ) ) ;
#5443 = APPROVAL_ROLE ( '' ) ;
#5444 = TOROIDAL_SURFACE ( 'NONE', #2258, 12.00000000000000000, 6.500000000000000888 ) ;
#5445 = CARTESIAN_POINT ( 'NONE',  ( -21.14346662662858023, -26.26599899467304411, 6.043580203685732677 ) ) ;
#5446 = ORIENTED_EDGE ( 'NONE', *, *, #3397, .F. ) ;
#5447 = DIRECTION ( 'NONE',  ( 0.000000000000000000, 0.000000000000000000, -1.000000000000000000 ) ) ;
#5448 = CARTESIAN_POINT ( 'NONE',  ( -31.71754747110409767, 1.660867427134340879, 9.298492320941313949 ) ) ;
#5449 = CARTESIAN_POINT ( 'NONE',  ( 32.50938952718515651, 11.75000000000001421, -15.01320962997106179 ) ) ;
#5450 = CARTESIAN_POINT ( 'NONE',  ( 7.744742744212709695, 29.88545672641011208, 5.818203906879314324 ) ) ;
#5451 = DIRECTION ( 'NONE',  ( 0.000000000000000000, -0.000000000000000000, 1.000000000000000000 ) ) ;
#5452 = ADVANCED_FACE ( 'NONE', ( #2087 ), #5290, .F. ) ;
#5453 = CARTESIAN_POINT ( 'NONE',  ( 5.553986659443623353, -24.96065885834450881, -19.91209095855208489 ) ) ;
#5454 = CARTESIAN_POINT ( 'NONE',  ( 19.88979110488728352, -27.09894133504218061, 5.968882646965197658 ) ) ;
#5455 = ORIENTED_EDGE ( 'NONE', *, *, #3673, .F. ) ;
#5456 = CARTESIAN_POINT ( 'NONE',  ( -23.54902914509381162, 29.72251539826407551, -0.3121538372013297202 ) ) ;
#5457 = DIRECTION ( 'NONE',  ( -0.000000000000000000, -1.000000000000000000, 0.000000000000000000 ) ) ;
#5458 = CARTESIAN_POINT ( 'NONE',  ( 30.12330582903584997, -10.10630032298271708, 13.75528685720409072 ) ) ;
#5459 = CARTESIAN_POINT ( 'NONE',  ( -40.06245124802025970, -11.74999999999999822, 13.47218163977896843 ) ) ;
#5460 = EDGE_CURVE ( 'NONE', #966, #1914, #545, .T. ) ;
#5461 = CARTESIAN_POINT ( 'NONE',  ( 16.42012677307776869, -31.75000000000000711, 4.692328251775125025 ) ) ;
#5462 = CARTESIAN_POINT ( 'NONE',  ( -27.05711367727019478, 25.61206775133794267, 3.266832720511751553 ) ) ;
#5463 = CARTESIAN_POINT ( 'NONE',  ( 18.02508166824980052, -27.69678203934930139, 6.300861200897438508 ) ) ;
#5464 = CARTESIAN_POINT ( 'NONE',  ( 34.75000000000001421, -1.759237802252910265, -9.390500613617239978 ) ) ;
#5465 = CARTESIAN_POINT ( 'NONE',  ( -24.85225980158980974, -19.76823537086500338, 9.864797813296366513 ) ) ;
#5466 = ORIENTED_EDGE ( 'NONE', *, *, #1557, .T. ) ;
#5467 = CARTESIAN_POINT ( 'NONE',  ( 33.25000000000004974, -12.94217656901501101, 0.05679705796241446558 ) ) ;
#5468 = VERTEX_POINT ( 'NONE', #1537 ) ;
#5469 = CARTESIAN_POINT ( 'NONE',  ( -19.62873978902744199, 24.96308649575722427, 14.25622735872173941 ) ) ;
#5470 = CARTESIAN_POINT ( 'NONE',  ( 2.009984176542142223E-14, 3.348122966722104188, -56.75279163565177498 ) ) ;
#5471 = CARTESIAN_POINT ( 'NONE',  ( 8.967818026455359970, 25.42084675358311330, -19.82473909342767726 ) ) ;
#5472 = CARTESIAN_POINT ( 'NONE',  ( -2.116243427719010306, -31.75000000001440981, 4.957967348304746835 ) ) ;
#5473 = EDGE_LOOP ( 'NONE', ( #5842, #5306, #742, #6047, #4410, #5397, #600 ) ) ;
#5474 = CARTESIAN_POINT ( 'NONE',  ( 32.40622562401014051, -10.67078234191806985, 7.130454868564770621 ) ) ;
#5475 = CARTESIAN_POINT ( 'NONE',  ( -6.912824193641142756, -23.75000000000001066, -18.50000000000000000 ) ) ;
#5476 = CALENDAR_DATE ( 2026, 16, 9 ) ;
#5477 = CARTESIAN_POINT ( 'NONE',  ( -11.22043108132022127, -30.88175846898060328, 6.736809390745027493 ) ) ;
#5478 = ORIENTED_EDGE ( 'NONE', *, *, #5180, .T. ) ;
#5479 = CARTESIAN_POINT ( 'NONE',  ( 34.75000000000000000, -3.208999329841278225, 1.535570715591835889 ) ) ;
#5480 =( BOUNDED_SURFACE ( )  B_SPLINE_SURFACE ( 3, 2, ( 
 ( #5526, #4527, #2395 ),
 ( #4564, #2986, #313 ),
 ( #6704, #6097, #812 ),
 ( #5009, #5560, #1462 ),
 ( #1975, #6642, #4496 ),
 ( #882, #848, #1912 ),
 ( #437, #4018, #2526 ),
 ( #5072, #6575, #374 ) ),
 .UNSPECIFIED., .F., .F., .T. ) 
 B_SPLINE_SURFACE_WITH_KNOTS ( ( 4, 2, 2, 4 ),
 ( 3, 3 ),
 ( 0.000000000000000000, 0.0007052287085510697230, 0.001410457417102139446, 0.002820914834204278892 ),
 ( 0.000000000000000000, 1.000000000000000000 ),
 .UNSPECIFIED. ) 
 GEOMETRIC_REPRESENTATION_ITEM ( )  RATIONAL_B_SPLINE_SURFACE ( (
 ( 1.000000000000000000, 0.9657594123133691477, 1.000000000000000000),
 ( 1.000000000000000000, 0.9623238112215317663, 1.000000000000000000),
 ( 1.000000000000000000, 0.9591880960305746440, 1.000000000000000000),
 ( 1.000000000000000000, 0.9530880076123841027, 1.000000000000000000),
 ( 1.000000000000000000, 0.9501339448288136369, 1.000000000000000000),
 ( 1.000000000000000000, 0.9413906600759843757, 1.000000000000000000),
 ( 1.000000000000000000, 0.9357265141434900624, 1.000000000000000000),
 ( 1.000000000000000000, 0.9301069718818447685, 1.000000000000000000) ) ) 
 REPRESENTATION_ITEM ( '' )  SURFACE ( )  );
#5481 = EDGE_CURVE ( 'NONE', #4692, #1649, #4964, .T. ) ;
#5482 = CARTESIAN_POINT ( 'NONE',  ( -31.65752670660302570, -13.87186118481122143, 7.167187115787833740 ) ) ;
#5483 = CARTESIAN_POINT ( 'NONE',  ( 13.44390573770175834, 23.91591719812782912, -18.50012149851943377 ) ) ;
#5484 = CARTESIAN_POINT ( 'NONE',  ( 12.12402541061341665, 31.75000000000000000, 2.154191468302071755 ) ) ;
#5485 = CARTESIAN_POINT ( 'NONE',  ( 16.12029817229061379, -27.38359963869422131, 9.834799666305498178 ) ) ;
#5486 = CARTESIAN_POINT ( 'NONE',  ( -6.536042598415235716, 31.08441172052451762, 9.137624085374746130 ) ) ;
#5487 = CARTESIAN_POINT ( 'NONE',  ( 30.01856108789663224, -16.11233488102065792, 5.842213799089338799 ) ) ;
#5488 = ORIENTED_EDGE ( 'NONE', *, *, #387, .F. ) ;
#5489 = ORIENTED_EDGE ( 'NONE', *, *, #2231, .T. ) ;
#5490 = CARTESIAN_POINT ( 'NONE',  ( -32.94075756896853591, -10.20349287695370677, -14.04700629908091791 ) ) ;
#5491 = EDGE_CURVE ( 'NONE', #1849, #1695, #6344, .T. ) ;
#5492 = CARTESIAN_POINT ( 'NONE',  ( -31.19526172012348297, -11.63377809201518431, 6.042816621179035508 ) ) ;
#5493 = CARTESIAN_POINT ( 'NONE',  ( 31.97517935670475708, -1.733222393586237642, 6.083380844362094919 ) ) ;
#5494 = CARTESIAN_POINT ( 'NONE',  ( -30.46665454190762645, 8.935628742514964529, 13.47218163977897731 ) ) ;
#5495 = CARTESIAN_POINT ( 'NONE',  ( -1.669890797035857769E-15, -30.25000000000000711, 4.999999999999999112 ) ) ;
#5496 = CARTESIAN_POINT ( 'NONE',  ( 33.25000000000000711, -2.514710105113881156, -9.894906693759772054 ) ) ;
#5497 = CARTESIAN_POINT ( 'NONE',  ( -1.100908770256619151, 23.75000000000000711, -20.00000000000000000 ) ) ;
#5498 = CARTESIAN_POINT ( 'NONE',  ( 32.50938952718515651, 11.75000000000001421, -15.01320962997106179 ) ) ;
#5499 = CARTESIAN_POINT ( 'NONE',  ( 1.671223744297733228E-15, 31.75000000000000000, 4.999999999999999112 ) ) ;
#5500 = ORIENTED_EDGE ( 'NONE', *, *, #5939, .F. ) ;
#5501 = CARTESIAN_POINT ( 'NONE',  ( 27.05711367726852856, -25.61206775133962310, 3.266832720511328336 ) ) ;
#5502 = ORIENTED_EDGE ( 'NONE', *, *, #2324, .T. ) ;
#5503 = CARTESIAN_POINT ( 'NONE',  ( 5.461998937337687728E-15, 0.4877036208836009745, -57.39326857676657312 ) ) ;
#5504 = CARTESIAN_POINT ( 'NONE',  ( -1.781283648651729834, 30.20079134366515206, 6.201794668083867812 ) ) ;
#5505 = CARTESIAN_POINT ( 'NONE',  ( -14.72400916911318269, 26.44887173708766781, 13.48131841067598558 ) ) ;
#5506 = EDGE_LOOP ( 'NONE', ( #1580, #1317, #4509, #6590 ) ) ;
#5507 = CARTESIAN_POINT ( 'NONE',  ( -11.50000000000001066, 0.000000000000000000, -124.8941410357254114 ) ) ;
#5508 = CARTESIAN_POINT ( 'NONE',  ( 32.66853373838367247, 15.51567051652078355, -16.92160512359859936 ) ) ;
#5509 = APPROVAL_STATUS ( 'not_yet_approved' ) ;
#5510 = CARTESIAN_POINT ( 'NONE',  ( -14.71389834626810611, -23.75000000000000000, -18.50000000000000355 ) ) ;
#5511 = EDGE_LOOP ( 'NONE', ( #3912, #1933, #1198, #2310, #5707, #1593, #2757, #5260, #3859 ) ) ;
#5512 = CARTESIAN_POINT ( 'NONE',  ( -23.88733955945026111, -20.98554607109716841, -18.43427852505736908 ) ) ;
#5513 = CARTESIAN_POINT ( 'NONE',  ( -14.32290145493996114, 30.24999999999999645, 1.313348280315777661 ) ) ;
#5514 = CARTESIAN_POINT ( 'NONE',  ( -17.73022477347279136, 30.01830039540788775, 0.4592214939251372807 ) ) ;
#5515 = CARTESIAN_POINT ( 'NONE',  ( -30.04242135284114923, -3.610075207766495264, 12.41378583990143447 ) ) ;
#5516 = ORIENTED_EDGE ( 'NONE', *, *, #4948, .T. ) ;
#5517 = CARTESIAN_POINT ( 'NONE',  ( 17.28123594103933058, -24.83474890275980229, 14.03916405345706409 ) ) ;
#5518 = EDGE_CURVE ( 'NONE', #2105, #4098, #40, .T. ) ;
#5519 = AXIS2_PLACEMENT_3D ( 'NONE', #6079, #1445, #6690 ) ;
#5520 = ORIENTED_EDGE ( 'NONE', *, *, #111, .F. ) ;
#5521 = CARTESIAN_POINT ( 'NONE',  ( -21.33181576439775640, -21.48024220408347773, 14.50883644005871353 ) ) ;
#5522 = B_SPLINE_CURVE_WITH_KNOTS ( 'NONE', 3,
 ( #3786, #1682, #553, #2129, #1169, #3712, #1131, #2690 ),
 .UNSPECIFIED., .F., .F.,
 ( 4, 2, 2, 4 ),
 ( 0.000000000000000000, 0.003230704402021535027, 0.006461408804043071788, 0.01292281760808614011 ),
 .UNSPECIFIED. ) ;
#5523 = CARTESIAN_POINT ( 'NONE',  ( 33.25000000000000711, -9.591564683836150351, 0.7887280973505750303 ) ) ;
#5524 = VECTOR ( 'NONE', #4859, 1000.000000000000000 ) ;
#5525 = CARTESIAN_POINT ( 'NONE',  ( 30.46665454190762645, -8.935628742514971634, 13.47218163977899508 ) ) ;
#5526 = CARTESIAN_POINT ( 'NONE',  ( -13.24006461110275801, -29.10575112202169024, 6.264833989106778134 ) ) ;
#5527 = FACE_OUTER_BOUND ( 'NONE', #6043, .T. ) ;
#5528 = B_SPLINE_CURVE_WITH_KNOTS ( 'NONE', 3,
 ( #2538, #6654, #6755, #3528, #4640, #6175, #4155, #2023, #4606, #1986, #5734, #1924, #5633, #991, #6108, #5122, #2578, #923, #3033, #6242, #6718, #2054, #4090, #5670, #6618, #959 ),
 .UNSPECIFIED., .F., .F.,
 ( 4, 2, 2, 2, 2, 2, 2, 2, 2, 2, 2, 2, 4 ),
 ( 0.000000000000000000, 0.003637589088553177044, 0.005456383632829763831, 0.007275178177106351486, 0.01091276726565954154, 0.01273156180993612920, 0.01455035635421271858, 0.01818794544276590777, 0.02000673998704250584, 0.02182553453131910390, 0.02546312361987231390, 0.02728191816414892584, 0.02910071270842553431 ),
 .UNSPECIFIED. ) ;
#5529 = CARTESIAN_POINT ( 'NONE',  ( -30.17936400684621390, 15.21713020823831464, 6.011300192398069342 ) ) ;
#5530 = CARTESIAN_POINT ( 'NONE',  ( 24.63270290837054688, -23.77464039905356330, 5.829608122583090690 ) ) ;
#5531 = CARTESIAN_POINT ( 'NONE',  ( -26.74999999999999645, -11.75000000000000000, -12.00000000000000000 ) ) ;
#5532 = CARTESIAN_POINT ( 'NONE',  ( -32.04728854988923104, -13.01110217844554207, 7.026805618589714975 ) ) ;
#5533 = ORIENTED_EDGE ( 'NONE', *, *, #1200, .T. ) ;
#5534 = CARTESIAN_POINT ( 'NONE',  ( 24.33711291187242409, -27.58384789692108185, -0.4619168274040406086 ) ) ;
#5535 = VECTOR ( 'NONE', #5108, 1000.000000000000000 ) ;
#5536 = ORIENTED_EDGE ( 'NONE', *, *, #6147, .F. ) ;
#5537 = CARTESIAN_POINT ( 'NONE',  ( 9.429814381204935420E-15, 21.49593753929549678, -27.51156893887005950 ) ) ;
#5538 = CARTESIAN_POINT ( 'NONE',  ( 16.44056161397674742, 29.47364798228367988, 7.338369406593737487 ) ) ;
#5539 = VECTOR ( 'NONE', #1877, 1000.000000000000000 ) ;
#5540 = CARTESIAN_POINT ( 'NONE',  ( -4.407128390855397981, -31.65058710770748363, 5.720956327212658898 ) ) ;
#5541 = ORIENTED_EDGE ( 'NONE', *, *, #4203, .F. ) ;
#5542 = CARTESIAN_POINT ( 'NONE',  ( 2.215615306570455356, -30.25000000000001066, 5.243793034743888803 ) ) ;
#5543 = APPROVAL_STATUS ( 'not_yet_approved' ) ;
#5544 = ORIENTED_EDGE ( 'NONE', *, *, #3336, .F. ) ;
#5545 = CARTESIAN_POINT ( 'NONE',  ( 34.74999999999447908, 3.403695610559771101, 4.447001840630741221 ) ) ;
#5546 = AXIS2_PLACEMENT_3D ( 'NONE', #5991, #5414, #4350 ) ;
#5547 = CARTESIAN_POINT ( 'NONE',  ( -26.37552226467412808, -19.50702411735026587, -18.21135127648500074 ) ) ;
#5548 = CIRCLE ( 'NONE', #4342, 8.000000000000000000 ) ;
#5549 = CARTESIAN_POINT ( 'NONE',  ( 1.826423632817895426E-14, -5.899419295567101429, -50.93290039957626192 ) ) ;
#5550 = CARTESIAN_POINT ( 'NONE',  ( -30.80956024312162000, 21.01451951019356557, -0.6810306229239116993 ) ) ;
#5551 = EDGE_CURVE ( 'NONE', #859, #6038, #1260, .T. ) ;
#5552 = CARTESIAN_POINT ( 'NONE',  ( 11.75994368408456303, -29.49750790286157098, 12.11488973663291802 ) ) ;
#5553 = CARTESIAN_POINT ( 'NONE',  ( 29.02728503599072951, -8.513473053892219866, 13.47218163977898087 ) ) ;
#5554 = VERTEX_POINT ( 'NONE', #4465 ) ;
#5555 = CARTESIAN_POINT ( 'NONE',  ( 11.79889896479111577, 27.87939747180194416, 8.684060214298209956 ) ) ;
#5556 = CARTESIAN_POINT ( 'NONE',  ( -30.67743782694375909, -8.216948310118562304, 13.29838210157591050 ) ) ;
#5557 = CARTESIAN_POINT ( 'NONE',  ( -13.37358598397999287, 30.24999999999959144, 4.395060431246293753 ) ) ;
#5558 = FACE_OUTER_BOUND ( 'NONE', #4369, .T. ) ;
#5559 = CARTESIAN_POINT ( 'NONE',  ( -30.22300845699125560, 1.470278029705549105, 12.17845870501587413 ) ) ;
#5560 = CARTESIAN_POINT ( 'NONE',  ( -13.98083294780287211, -30.24999999999958433, 4.384932269039027553 ) ) ;
#5561 = CARTESIAN_POINT ( 'NONE',  ( 37.00000000000000711, 0.000000000000000000, -214.9999999999998863 ) ) ;
#5562 = CARTESIAN_POINT ( 'NONE',  ( -23.62670227579918603, 24.59636157110314514, 5.880791796357040191 ) ) ;
#5563 = CARTESIAN_POINT ( 'NONE',  ( 25.05270013981845878, 16.99465834495520511, 14.54994354030418791 ) ) ;
#5564 = CARTESIAN_POINT ( 'NONE',  ( 8.269676028389861600, 30.68130640642798568, 7.993033362063102665 ) ) ;
#5565 = ORIENTED_EDGE ( 'NONE', *, *, #853, .T. ) ;
#5566 = CARTESIAN_POINT ( 'NONE',  ( -34.74999999999999289, 6.408618579388051018, 1.261388080703323533 ) ) ;
#5567 = ORIENTED_EDGE ( 'NONE', *, *, #1922, .F. ) ;
#5568 = CARTESIAN_POINT ( 'NONE',  ( 5.610765809951731398E-15, -2.399961457556697653, -57.07541809320836990 ) ) ;
#5569 =( BOUNDED_SURFACE ( )  B_SPLINE_SURFACE ( 3, 2, ( 
 ( #2377, #6397, #3799 ),
 ( #1177, #3277, #663 ),
 ( #3866, #1767, #4445 ),
 ( #4957, #5409, #4378 ),
 ( #1351, #4926, #4992 ),
 ( #4856, #6432, #4483 ) ),
 .UNSPECIFIED., .F., .F., .F. ) 
 B_SPLINE_SURFACE_WITH_KNOTS ( ( 4, 2, 4 ),
 ( 3, 3 ),
 ( -1.214306433183764966E-17, 0.001111716428892414645, 0.002223432857784841434 ),
 ( 0.000000000000000000, 1.000000000000000000 ),
 .UNSPECIFIED. ) 
 GEOMETRIC_REPRESENTATION_ITEM ( )  RATIONAL_B_SPLINE_SURFACE ( (
 ( 1.000000000000000000, 0.9194434921897853830, 1.000000000000000000),
 ( 1.000000000000000000, 0.9229021562078758567, 1.000000000000000000),
 ( 1.000000000000000000, 0.9263158095359885769, 1.000000000000000000),
 ( 1.000000000000000000, 0.9330340061262786255, 1.000000000000000000),
 ( 1.000000000000000000, 0.9363382082413826968, 1.000000000000000000),
 ( 1.000000000000000000, 0.9395803750613922478, 1.000000000000000000) ) ) 
 REPRESENTATION_ITEM ( '' )  SURFACE ( )  );
#5570 = CARTESIAN_POINT ( 'NONE',  ( 33.25000000000000711, -11.75000000000000178, 0.2546058388727149846 ) ) ;
#5571 = CARTESIAN_POINT ( 'NONE',  ( 2.464601683284048801E-15, 30.25000000000000000, 5.000000000000000000 ) ) ;
#5572 = CARTESIAN_POINT ( 'NONE',  ( 33.18365393718762135, -3.556927447306024170, 6.905872981836235880 ) ) ;
#5573 = CARTESIAN_POINT ( 'NONE',  ( -31.74999999999999289, 3.888253587292846476E-15, 80.00000000000000000 ) ) ;
#5574 = EDGE_LOOP ( 'NONE', ( #2802, #6107, #3999, #4866 ) ) ;
#5575 = DIRECTION ( 'NONE',  ( 1.000000000000000000, 0.000000000000000000, 0.000000000000000000 ) ) ;
#5576 = ADVANCED_FACE ( 'NONE', ( #1712, #4395 ), #3953, .T. ) ;
#5577 = CARTESIAN_POINT ( 'NONE',  ( -29.23638596910387477, 19.66421679216545826, 6.953917083319177905 ) ) ;
#5578 = CARTESIAN_POINT ( 'NONE',  ( 34.09094765857317810, -16.88517672985267026, -0.3660864459488312184 ) ) ;
#5579 = CARTESIAN_POINT ( 'NONE',  ( 27.44251245367113867, -20.92989967412947294, -19.11837301736827754 ) ) ;
#5580 = CARTESIAN_POINT ( 'NONE',  ( 29.47217329226749527, 11.82521767579148708, 14.03469464211760709 ) ) ;
#5581 = CARTESIAN_POINT ( 'NONE',  ( -29.00902901239810916, 18.31655883006359176, 5.762721569768405772 ) ) ;
#5582 = CYLINDRICAL_SURFACE ( 'NONE', #3906, 6.500000000000002665 ) ;
#5583 = CARTESIAN_POINT ( 'NONE',  ( 28.65497171734176263, -9.731993962409612564, 9.294535402986188188 ) ) ;
#5584 = ORIENTED_EDGE ( 'NONE', *, *, #6082, .F. ) ;
#5585 = FACE_OUTER_BOUND ( 'NONE', #5704, .T. ) ;
#5586 = CARTESIAN_POINT ( 'NONE',  ( -26.12824797052160974, -22.38897413234452216, 5.720399779216706726 ) ) ;
#5587 = CARTESIAN_POINT ( 'NONE',  ( 31.88715297677865124, -4.539966315894865545, 6.059017559389529239 ) ) ;
#5588 = CARTESIAN_POINT ( 'NONE',  ( -31.97490935973572945, 1.763119858144734708, 6.083451109142908209 ) ) ;
#5589 = ORIENTED_EDGE ( 'NONE', *, *, #1797, .F. ) ;
#5590 = CARTESIAN_POINT ( 'NONE',  ( -24.71283187967144812, -29.10442860056821246, -0.4263315482894852182 ) ) ;
#5591 = B_SPLINE_CURVE_WITH_KNOTS ( 'NONE', 3,
 ( #5915, #5440, #3932, #4987, #1726, #6014, #4886, #3302, #693, #1206, #5404, #791, #2241, #297, #1792, #2374, #2763, #2796, #225, #2833, #193, #4920, #2277, #3376 ),
 .UNSPECIFIED., .F., .F.,
 ( 4, 2, 2, 2, 2, 2, 2, 2, 2, 2, 2, 4 ),
 ( 0.000000000000000000, 0.001787782107859427032, 0.003575564215718854064, 0.007151128431437710729, 0.01072669264715657433, 0.01251447475501600570, 0.01430225686287543881, 0.01787782107859429981, 0.02145338529431316255, 0.02324116740217259738, 0.02502894951003202528, 0.02860451372575089496 ),
 .UNSPECIFIED. ) ;
#5592 = FACE_OUTER_BOUND ( 'NONE', #1887, .T. ) ;
#5593 = EDGE_CURVE ( 'NONE', #4353, #5341, #4872, .T. ) ;
#5594 = CARTESIAN_POINT ( 'NONE',  ( -28.74808664730814911, -13.53288959225084476, 14.26604045940366916 ) ) ;
#5595 = CARTESIAN_POINT ( 'NONE',  ( 33.26771444734240646, 19.33511536476719428, 4.019043929656804792 ) ) ;
#5596 = CARTESIAN_POINT ( 'NONE',  ( -33.25021100788732298, 1.756101966725564179, 6.873507008637267823 ) ) ;
#5597 = VERTEX_POINT ( 'NONE', #5497 ) ;
#5598 = CARTESIAN_POINT ( 'NONE',  ( -29.70854222650618937, -25.04275891001060472, -0.7141394422170265210 ) ) ;
#5599 = CARTESIAN_POINT ( 'NONE',  ( 30.16372074950490401, 15.22103450762505972, 6.012765641706399045 ) ) ;
#5600 = B_SPLINE_CURVE_WITH_KNOTS ( 'NONE', 3,
 ( #2747, #3813, #3258, #3702, #2680, #3288 ),
 .UNSPECIFIED., .F., .F.,
 ( 4, 2, 4 ),
 ( 0.000000000000000000, 0.002212964716816150697, 0.004425929433632306599 ),
 .UNSPECIFIED. ) ;
#5601 = CARTESIAN_POINT ( 'NONE',  ( -34.75000000000000000, -10.20280384732664025, 4.380507510607662525 ) ) ;
#5602 = CARTESIAN_POINT ( 'NONE',  ( 4.430498121063839001, -30.16184714530632149, 5.487806829431445266 ) ) ;
#5603 = CARTESIAN_POINT ( 'NONE',  ( -30.56712265534700990, 24.00851909499230885, -0.7196660534920449326 ) ) ;
#5604 = ADVANCED_FACE ( 'NONE', ( #282 ), #4893, .F. ) ;
#5605 = VERTEX_POINT ( 'NONE', #1433 ) ;
#5606 = CARTESIAN_POINT ( 'NONE',  ( 34.75000000000000711, 11.74999999999980638, 0.2546058388732764244 ) ) ;
#5607 = CARTESIAN_POINT ( 'NONE',  ( -24.74763477278557389, -20.52461748781048811, -18.38389194701092322 ) ) ;
#5608 = CARTESIAN_POINT ( 'NONE',  ( 28.78477277105247367, -20.41068567298648162, 6.937944553775770018 ) ) ;
#5609 = CARTESIAN_POINT ( 'NONE',  ( 28.08039636801163041, 14.86502373559252277, 9.923585464612884266 ) ) ;
#5610 = CARTESIAN_POINT ( 'NONE',  ( -27.88831453661609316, 11.74053546645389190, 9.316394633787128399 ) ) ;
#5611 = CARTESIAN_POINT ( 'NONE',  ( 28.48033226873560508, 10.22866757715567942, 9.307518022667725432 ) ) ;
#5612 = ORIENTED_EDGE ( 'NONE', *, *, #1658, .T. ) ;
#5613 = CARTESIAN_POINT ( 'NONE',  ( 9.011681606658180854, 29.77442918013373330, 5.864307335551826483 ) ) ;
#5614 = CARTESIAN_POINT ( 'NONE',  ( -25.71568175442023119, -15.97277277132628015, 14.50942973988817464 ) ) ;
#5615 = CARTESIAN_POINT ( 'NONE',  ( 31.93495599406209351, 3.649051788709405386, 6.064744008608641046 ) ) ;
#5616 = CARTESIAN_POINT ( 'NONE',  ( -12.09861004018264730, 29.31950063873651757, 6.192246747776025018 ) ) ;
#5617 = CARTESIAN_POINT ( 'NONE',  ( -28.75082579366730329, 13.52590083279879885, 14.26495561389873501 ) ) ;
#5618 = CARTESIAN_POINT ( 'NONE',  ( -33.24999999999999289, -11.39499420783369388, 0.3635771468209623714 ) ) ;
#5619 = LINE ( 'NONE', #1529, #6530 ) ;
#5620 = EDGE_CURVE ( 'NONE', #402, #3418, #5624, .T. ) ;
#5621 = CARTESIAN_POINT ( 'NONE',  ( -34.70919339261172354, 9.131044303611130175, -12.92955224446480322 ) ) ;
#5622 = CARTESIAN_POINT ( 'NONE',  ( 13.02278510587397342, 30.25000000000000000, 1.858907320899051197 ) ) ;
#5623 =( BOUNDED_SURFACE ( )  B_SPLINE_SURFACE ( 3, 2, ( 
 ( #4010, #4072, #4620 ),
 ( #365, #3543, #1490 ),
 ( #6089, #5611, #942 ),
 ( #1455, #905, #839 ),
 ( #5136, #2519, #2944 ),
 ( #5034, #1424, #3009 ),
 ( #2418, #4137, #4521 ),
 ( #6224, #5102, #1969 ),
 ( #401, #974, #4556 ),
 ( #6600, #1903, #3078 ),
 ( #6699, #4104, #2001 ),
 ( #2452, #2486, #873 ),
 ( #5685, #5065, #6634 ),
 ( #6669, #6192, #3579 ),
 ( #1940, #4044, #1592 ),
 ( #2701, #5714, #6293 ),
 ( #1007, #631, #599 ),
 ( #2626, #3688, #3649 ),
 ( #5749, #5346, #5238 ),
 ( #563, #4722, #3109 ),
 ( #1523, #1043, #4240 ),
 ( #5785, #1077, #2734 ),
 ( #4202, #2104, #4822 ),
 ( #1107, #5853, #4170 ),
 ( #3206, #3175, #131 ),
 ( #4789, #5818, #6256 ) ),
 .UNSPECIFIED., .F., .F., .F. ) 
 B_SPLINE_SURFACE_WITH_KNOTS ( ( 4, 2, 2, 2, 2, 2, 2, 2, 2, 2, 2, 2, 4 ),
 ( 3, 3 ),
 ( 0.01689948557017357730, 0.01935703440893984939, 0.02181458324770612495, 0.02672968092523866912, 0.03164477860277121329, 0.03410232744153748885, 0.03655987628030375747, 0.04147497395783630164, 0.04639007163536884581, 0.04884762047413511443, 0.05130516931290138999, 0.05376271815166766554, 0.05622026699043393416 ),
 ( 0.000000000000000000, 0.6825748848285526638 ),
 .UNSPECIFIED. ) 
 GEOMETRIC_REPRESENTATION_ITEM ( )  RATIONAL_B_SPLINE_SURFACE ( (
 ( 1.000000000000000000, 0.9104746821935367773, 0.9431648313690459418),
 ( 1.000000000000000000, 0.9065748887981082138, 0.9406890466336685908),
 ( 1.000000000000000000, 0.9028130586847291639, 0.9383008479196790486),
 ( 1.000000000000000000, 0.8956525541388593581, 0.9337549999593621752),
 ( 1.000000000000000000, 0.8922472352970058918, 0.9315931325082205117),
 ( 1.000000000000000000, 0.8827667932054141797, 0.9255744716626210788),
 ( 1.000000000000000000, 0.8774996990254482210, 0.9222306557092317947),
 ( 1.000000000000000000, 0.8696298302724090323, 0.9172344677185966244),
 ( 1.000000000000000000, 0.8670342607920292766, 0.9155866698361065925),
 ( 1.000000000000000000, 0.8654551879644442058, 0.9145841950877859894),
 ( 1.000000000000000000, 0.8653126061983795747, 0.9144936770207570120),
 ( 1.000000000000000000, 0.8658167764314431691, 0.9148137496093495802),
 ( 1.000000000000000000, 0.8664670443051264437, 0.9152265723187418267),
 ( 1.000000000000000000, 0.8695377201911373977, 0.9171759916122843581),
 ( 1.000000000000000000, 0.8730824245888355595, 0.9194263480156605883),
 ( 1.000000000000000000, 0.8826005828497619499, 0.9254689529800497194),
 ( 1.000000000000000000, 0.8885669666560891411, 0.9292567131138107506),
 ( 1.000000000000000000, 0.8988608723655208133, 0.9357918015245714205),
 ( 1.000000000000000000, 0.9025269967130183923, 0.9381192414110459676),
 ( 1.000000000000000000, 0.9101901601927274710, 0.9429842025112944448),
 ( 1.000000000000000000, 0.9141686362795159448, 0.9455099389714058944),
 ( 1.000000000000000000, 0.9223340327318154674, 0.9506937427899893045),
 ( 1.000000000000000000, 0.9265211577988931024, 0.9533519401032979346),
 ( 1.000000000000000000, 0.9350291903205686372, 0.9587532665094484763),
 ( 1.000000000000000000, 0.9393571087679007947, 0.9615008465326426723),
 ( 1.000000000000000000, 0.9436926519226355170, 0.9642532671030876745) ) ) 
 REPRESENTATION_ITEM ( '' )  SURFACE ( )  );
#5624 = CIRCLE ( 'NONE', #6498, 10.00000000000000178 ) ;
#5625 = CARTESIAN_POINT ( 'NONE',  ( -32.50938952718515651, 11.75000000000001421, -15.01320962997101915 ) ) ;
#5626 = CARTESIAN_POINT ( 'NONE',  ( -14.74999999999999822, 25.33714599355024788, -19.84098001496990094 ) ) ;
#5627 = EDGE_LOOP ( 'NONE', ( #759, #3451, #4130 ) ) ;
#5628 = CARTESIAN_POINT ( 'NONE',  ( 24.81601292540392123, 19.81455320683384969, 14.57469681877350709 ) ) ;
#5629 = CARTESIAN_POINT ( 'NONE',  ( -32.70807780109083751, -8.854402729784188963, 7.075141949183595180 ) ) ;
#5630 = VECTOR ( 'NONE', #4084, 1000.000000000000000 ) ;
#5631 = CARTESIAN_POINT ( 'NONE',  ( -31.25779178040861339, 10.50889969320578565, 6.179195852882645390 ) ) ;
#5632 =( BOUNDED_SURFACE ( )  B_SPLINE_SURFACE ( 3, 2, ( 
 ( #6663, #456, #4165 ),
 ( #4067, #1449, #4132 ),
 ( #4685, #6219, #5743 ),
 ( #4717, #3538, #2063 ),
 ( #5642, #4614, #6694 ),
 ( #1100, #6457, #1759 ),
 ( #3753, #4816, #4783 ),
 ( #6391, #625, #2198 ) ),
 .UNSPECIFIED., .F., .F., .T. ) 
 B_SPLINE_SURFACE_WITH_KNOTS ( ( 4, 2, 2, 4 ),
 ( 3, 3 ),
 ( 0.03332163778764047485, 0.03747841449120209445, 0.04163519119476372099, 0.04994874460188696019 ),
 ( 0.3074565213635349625, 1.000000000000000000 ),
 .UNSPECIFIED. ) 
 GEOMETRIC_REPRESENTATION_ITEM ( )  RATIONAL_B_SPLINE_SURFACE ( (
 ( 0.9648702128718620319, 0.9428703171226596735, 1.000000000000000000),
 ( 0.9707191851706145069, 0.9523821861063015426, 1.000000000000000000),
 ( 0.9758538789360005072, 0.9607324623382288431, 1.000000000000000000),
 ( 0.9846901741937559294, 0.9751024539366627275, 1.000000000000000000),
 ( 0.9883438472731196356, 0.9810442259035739854, 1.000000000000000000),
 ( 0.9970890334854964898, 0.9952660517630366188, 1.000000000000000000),
 ( 0.9999888691798087814, 0.9999818985459441034, 1.000000000000000000),
 ( 1.000000000000000000, 1.000000000000000000, 1.000000000000000000) ) ) 
 REPRESENTATION_ITEM ( '' )  SURFACE ( )  );
#5633 = CARTESIAN_POINT ( 'NONE',  ( 28.23481500154427337, -24.43013271999670621, -0.7062857720027370112 ) ) ;
#5634 = CARTESIAN_POINT ( 'NONE',  ( -18.46526253291468223, -28.74299213047581603, 7.268392019014654259 ) ) ;
#5635 = CARTESIAN_POINT ( 'NONE',  ( -10.68712574850298935, 28.29925517104088684, 11.82629151725428329 ) ) ;
#5636 = CARTESIAN_POINT ( 'NONE',  ( -28.61354206160389424, 17.70856068687667317, -17.74731957316374320 ) ) ;
#5637 = CARTESIAN_POINT ( 'NONE',  ( 1.784792091542279469, 30.25000000000001066, 6.205564182581379207 ) ) ;
#5638 = CARTESIAN_POINT ( 'NONE',  ( -31.94842622553183986, 22.03359252694520265, 3.946537294628214010 ) ) ;
#5639 = VERTEX_POINT ( 'NONE', #409 ) ;
#5640 = CARTESIAN_POINT ( 'NONE',  ( -8.936413401270884904, 28.91462770156604378, 10.82039598713064166 ) ) ;
#5641 = AXIS2_PLACEMENT_3D ( 'NONE', #4753, #1623, #62 ) ;
#5642 = CARTESIAN_POINT ( 'NONE',  ( 7.895906590884559151, -29.88553668926347839, 5.781948280047666699 ) ) ;
#5643 = CARTESIAN_POINT ( 'NONE',  ( 29.89126054204727723, -18.48247384559639883, 6.985174624190636727 ) ) ;
#5644 = EDGE_CURVE ( 'NONE', #494, #5898, #6645, .T. ) ;
#5645 = CARTESIAN_POINT ( 'NONE',  ( 19.89339875937307411, 24.77389599038002643, 9.934818421050540138 ) ) ;
#5646 = CARTESIAN_POINT ( 'NONE',  ( -17.69030622129623254, 24.54900229142376133, 9.316818011986120140 ) ) ;
#5647 = AXIS2_PLACEMENT_3D ( 'NONE', #5401, #656, #125 ) ;
#5648 = CARTESIAN_POINT ( 'NONE',  ( 30.41491158211508150, -14.99263129286683593, 5.892718817891020144 ) ) ;
#5649 = ORIENTED_EDGE ( 'NONE', *, *, #3164, .T. ) ;
#5650 = CARTESIAN_POINT ( 'NONE',  ( 7.895906556021973444, 29.88553667131193237, 5.781948347407618982 ) ) ;
#5651 = CARTESIAN_POINT ( 'NONE',  ( -10.68712574850298758, -28.29925517104087973, 11.82629151725428152 ) ) ;
#5652 = B_SPLINE_CURVE_WITH_KNOTS ( 'NONE', 3,
 ( #5571, #5979, #256, #1276, #862, #5504, #1343, #788, #2371, #2580, #4678, #1511, #6688, #5635 ),
 .UNSPECIFIED., .F., .F.,
 ( 4, 2, 2, 2, 2, 2, 4 ),
 ( -3.487608281279357884E-05, 0.0007679561022422324527, 0.001570788287297258511, 0.003176452657407311930, 0.006387781397627420067, 0.009599110137847529506, 0.01281043887806763808 ),
 .UNSPECIFIED. ) ;
#5653 = AXIS2_PLACEMENT_3D ( 'NONE', #2981, #1328, #1907 ) ;
#5654 = CARTESIAN_POINT ( 'NONE',  ( -10.97584134507748566, -29.49246662356959092, 6.105080851674601128 ) ) ;
#5655 = EDGE_CURVE ( 'NONE', #5898, #6421, #4531, .T. ) ;
#5656 = DIRECTION ( 'NONE',  ( 0.000000000000000000, 0.000000000000000000, 1.000000000000000000 ) ) ;
#5657 = CARTESIAN_POINT ( 'NONE',  ( 7.515953119467549669E-16, 31.75000000000000000, 4.999999999999999112 ) ) ;
#5658 = CARTESIAN_POINT ( 'NONE',  ( 33.25000000000000711, -9.591564683836152128, 0.7887280973505831350 ) ) ;
#5659 = DIRECTION ( 'NONE',  ( -0.9650638603872336851, 0.000000000000000000, 0.2620147808320935634 ) ) ;
#5660 = CARTESIAN_POINT ( 'NONE',  ( -24.34827142974221204, 27.58730833666350435, 3.393225803224697135 ) ) ;
#5661 = CARTESIAN_POINT ( 'NONE',  ( 12.35387471658745184, 30.25000000000000000, 2.091787379386058188 ) ) ;
#5662 = UNCERTAINTY_MEASURE_WITH_UNIT (LENGTH_MEASURE( 1.000000000000000082E-05 ), #2136, 'distance_accuracy_value', 'NONE');
#5663 = EDGE_CURVE ( 'NONE', #627, #5554, #6416, .T. ) ;
#5664 = CARTESIAN_POINT ( 'NONE',  ( 14.75000000000000888, -11.75000000000000000, 5.000000000000000000 ) ) ;
#5665 = CARTESIAN_POINT ( 'NONE',  ( -20.96670891015228122, -27.76180546176284381, 7.006140962727986476 ) ) ;
#5666 = CARTESIAN_POINT ( 'NONE',  ( 27.16037655176880250, 22.55404567482440470, 6.928548061718112550 ) ) ;
#5667 = CYLINDRICAL_SURFACE ( 'NONE', #3351, 31.75000000000000000 ) ;
#5668 = CARTESIAN_POINT ( 'NONE',  ( -34.75000000000000711, -8.495109981272969790, 4.403760674574007439 ) ) ;
#5669 = CARTESIAN_POINT ( 'NONE',  ( 2.200249214202222315E-14, -0.4843109386282654083, -57.40379450918256765 ) ) ;
#5670 = CARTESIAN_POINT ( 'NONE',  ( 15.94101789121921442, -30.22131863942083996, 0.8272195489953293457 ) ) ;
#5671 = CARTESIAN_POINT ( 'NONE',  ( -20.89146144897217283, -30.85743362992441163, 4.307382276245050434 ) ) ;
#5672 = CARTESIAN_POINT ( 'NONE',  ( 29.56748619915711274, 16.82759413038987262, 5.916503544038712370 ) ) ;
#5673 = CARTESIAN_POINT ( 'NONE',  ( 14.75000000000000888, -31.75000000000000000, -12.00000000000000000 ) ) ;
#5674 = CARTESIAN_POINT ( 'NONE',  ( 8.439121723019102461, 30.25000000000177991, 4.581986392830553534 ) ) ;
#5675 = CARTESIAN_POINT ( 'NONE',  ( -19.19859587197330342, 31.30014035085953594, 4.437667113346668302 ) ) ;
#5676 = ORIENTED_EDGE ( 'NONE', *, *, #6752, .F. ) ;
#5677 = CARTESIAN_POINT ( 'NONE',  ( -10.68712574850298935, 28.29925517104088684, 11.82629151725428152 ) ) ;
#5678 = EDGE_CURVE ( 'NONE', #1695, #2943, #3550, .T. ) ;
#5679 = CARTESIAN_POINT ( 'NONE',  ( -25.31013139793823896, -24.48668377839073784, 6.963536159473978415 ) ) ;
#5680 = CARTESIAN_POINT ( 'NONE',  ( 34.48677054903274097, -15.33959023390690390, 4.194156472210323727 ) ) ;
#5681 = CARTESIAN_POINT ( 'NONE',  ( -33.24999999999999289, -8.005386317502736659, 1.058659578723242678 ) ) ;
#5682 = CARTESIAN_POINT ( 'NONE',  ( -14.74999999999999645, -30.25000000000000000, 5.000000000000000000 ) ) ;
#5683 = CARTESIAN_POINT ( 'NONE',  ( -14.09316201184402750, 26.78648477923355387, 9.161634923924383500 ) ) ;
#5684 = CARTESIAN_POINT ( 'NONE',  ( 14.54760584506109744, -30.24632538825512640, 6.942778852775403742 ) ) ;
#5685 = CARTESIAN_POINT ( 'NONE',  ( 22.53494272028565248, 20.18873507259722189, 14.55726684203044741 ) ) ;
#5686 = ORIENTED_EDGE ( 'NONE', *, *, #3845, .T. ) ;
#5687 = CARTESIAN_POINT ( 'NONE',  ( -11.21706586826346275, 29.70252402249745671, 11.82629151725428329 ) ) ;
#5688 = CARTESIAN_POINT ( 'NONE',  ( -12.12402541061340955, -31.75000000000000000, 2.154191468302061097 ) ) ;
#5689 = CARTESIAN_POINT ( 'NONE',  ( -26.27396197660586452, 17.86547718094713133, 9.874466806923400952 ) ) ;
#5690 = CARTESIAN_POINT ( 'NONE',  ( -33.24999999999999289, 8.003018991565612694, 1.059062443885549154 ) ) ;
#5691 = CARTESIAN_POINT ( 'NONE',  ( 12.12402541061334205, -21.75000000000000000, 2.154191468302088186 ) ) ;
#5692 = ORIENTED_EDGE ( 'NONE', *, *, #6603, .F. ) ;
#5693 = CARTESIAN_POINT ( 'NONE',  ( -15.39564113984556037, -31.75000000000000711, 0.9633350317806462781 ) ) ;
#5694 = CARTESIAN_POINT ( 'NONE',  ( 21.26631315865133232, 21.54552045370146018, 14.50500010010121699 ) ) ;
#5695 = DIRECTION ( 'NONE',  ( -1.000000000000000000, 0.000000000000000000, 0.000000000000000000 ) ) ;
#5696 = CARTESIAN_POINT ( 'NONE',  ( -3.312517712245480084, -24.44713234453425343, -19.97376226770611751 ) ) ;
#5697 = CARTESIAN_POINT ( 'NONE',  ( 32.08708788794632483, 21.80984087119036730, -0.6827221177750453229 ) ) ;
#5698 = CARTESIAN_POINT ( 'NONE',  ( 14.71389834628843651, -23.74999999999736744, -18.50000000000000000 ) ) ;
#5699 = CARTESIAN_POINT ( 'NONE',  ( -13.00000000000001066, 0.000000000000000000, -124.8941410357254114 ) ) ;
#5700 = CARTESIAN_POINT ( 'NONE',  ( -6.912824193641142756, 23.75000000000000355, -18.50000000000000000 ) ) ;
#5701 = CARTESIAN_POINT ( 'NONE',  ( -19.69905869747661242, -28.20262961640682775, 7.210577289408218959 ) ) ;
#5702 = CARTESIAN_POINT ( 'NONE',  ( 33.25000000000002842, 12.34042705535962448, 0.1566407725803925788 ) ) ;
#5703 = CARTESIAN_POINT ( 'NONE',  ( 33.25000000000000000, 1.260766168263332654, -9.677301779638909807 ) ) ;
#5704 = EDGE_LOOP ( 'NONE', ( #5384, #6440, #5502 ) ) ;
#5705 = CARTESIAN_POINT ( 'NONE',  ( -29.02728503599057674, 8.513473053892731457, 13.47218163977909811 ) ) ;
#5706 = CARTESIAN_POINT ( 'NONE',  ( -30.09367044666866775, 18.08125150460018205, 6.997679940963556611 ) ) ;
#5707 = ORIENTED_EDGE ( 'NONE', *, *, #3941, .F. ) ;
#5708 = CARTESIAN_POINT ( 'NONE',  ( -12.17024911015915656, 29.34255733411871248, 9.132286862116272275 ) ) ;
#5709 = DIRECTION ( 'NONE',  ( 0.000000000000000000, -0.9559765314379584655, -0.2934431313557196996 ) ) ;
#5710 = CARTESIAN_POINT ( 'NONE',  ( 33.48878211330206511, -18.77671604099142399, 4.038732411676916989 ) ) ;
#5711 = DIRECTION ( 'NONE',  ( 0.000000000000000000, 1.000000000000000000, 0.000000000000000000 ) ) ;
#5712 = CARTESIAN_POINT ( 'NONE',  ( 24.06315842492130841, 20.72222421624798727, 14.56705320438689988 ) ) ;
#5713 = CARTESIAN_POINT ( 'NONE',  ( -30.86341580234213566, 13.31300054236484876, 5.969360269813376085 ) ) ;
#5714 = CARTESIAN_POINT ( 'NONE',  ( 19.00248006066333062, 23.56439794114717401, 9.290566668334117040 ) ) ;
#5715 = EDGE_CURVE ( 'NONE', #840, #1893, #4213, .T. ) ;
#5716 = EDGE_LOOP ( 'NONE', ( #2967, #1837, #1052, #2762 ) ) ;
#5717 = CARTESIAN_POINT ( 'NONE',  ( -17.78134911758393599, -24.49999814428808520, 14.13597008436849478 ) ) ;
#5718 = DIRECTION ( 'NONE',  ( -0.9061595253463683441, 7.366813167069210901E-14, -0.4229360644637018551 ) ) ;
#5719 = CARTESIAN_POINT ( 'NONE',  ( -29.21484776499080382, 19.92239754862140444, 6.876842644897662282 ) ) ;
#5720 = CARTESIAN_POINT ( 'NONE',  ( -13.43701270530665148, 30.40382484943731356, 6.990241492778168642 ) ) ;
#5721 = EDGE_CURVE ( 'NONE', #6266, #2978, #4791, .T. ) ;
#5722 = CARTESIAN_POINT ( 'NONE',  ( 33.25000000000000711, -11.75000000000000000, 5.000000000000000000 ) ) ;
#5723 = VERTEX_POINT ( 'NONE', #4700 ) ;
#5724 = CARTESIAN_POINT ( 'NONE',  ( -29.46611090272572753, -11.84042035758586131, 14.03699031370493699 ) ) ;
#5725 = CARTESIAN_POINT ( 'NONE',  ( 27.16047998773290573, -22.57521770751271006, 6.926664548128434795 ) ) ;
#5726 = DIRECTION ( 'NONE',  ( -0.9061595253463916588, -0.000000000000000000, -0.4229360644636520616 ) ) ;
#5727 = CARTESIAN_POINT ( 'NONE',  ( -17.72912185451066946, -29.25448168185446818, 7.043785419012883686 ) ) ;
#5728 = CARTESIAN_POINT ( 'NONE',  ( -14.71389834626810611, -23.75000000000000000, -18.50000000000000355 ) ) ;
#5729 = EDGE_CURVE ( 'NONE', #335, #5313, #4466, .T. ) ;
#5730 = CARTESIAN_POINT ( 'NONE',  ( 34.04926122587184523, 12.63946480800861139, -15.33680659981976468 ) ) ;
#5731 = DIRECTION ( 'NONE',  ( 1.000000000000000000, 0.000000000000000000, 0.000000000000000000 ) ) ;
#5732 = VECTOR ( 'NONE', #6149, 1000.000000000000000 ) ;
#5733 = CARTESIAN_POINT ( 'NONE',  ( -23.62675322211544682, -24.59632191813483004, 5.880788991700478974 ) ) ;
#5734 = CARTESIAN_POINT ( 'NONE',  ( 29.42481283727698482, -23.03159386294080946, -0.7193456701456641955 ) ) ;
#5735 = CARTESIAN_POINT ( 'NONE',  ( -29.36386175835283652, -25.41858305383919614, 3.936825454588589235 ) ) ;
#5736 = CARTESIAN_POINT ( 'NONE',  ( 33.01711028213087928, 14.73768339710328235, -0.1737513778776071105 ) ) ;
#5737 = CARTESIAN_POINT ( 'NONE',  ( 33.25000000000001421, 3.116093921387150800, -10.06492247475766710 ) ) ;
#5738 = CARTESIAN_POINT ( 'NONE',  ( -30.25038070328804807, 0.7913558269332636730, 8.853813136346767365 ) ) ;
#5739 = EDGE_CURVE ( 'NONE', #2880, #5605, #260, .T. ) ;
#5740 = CARTESIAN_POINT ( 'NONE',  ( -23.92670879576637333, 25.63067696173574461, 7.013871358414682788 ) ) ;
#5741 = VERTEX_POINT ( 'NONE', #4730 ) ;
#5742 = CARTESIAN_POINT ( 'NONE',  ( 15.65076519894190099, -30.25000000000000000, 4.232453153643994881 ) ) ;
#5743 = CARTESIAN_POINT ( 'NONE',  ( 8.936413401272757184, -28.91462770156552864, 10.82039598713545381 ) ) ;
#5744 = CARTESIAN_POINT ( 'NONE',  ( 29.70754369105275217, -25.04377847817657354, -0.7141097527419985047 ) ) ;
#5745 = EDGE_CURVE ( 'NONE', #3605, #3683, #5186, .T. ) ;
#5746 = CARTESIAN_POINT ( 'NONE',  ( 34.75000000000000711, 9.591564683836155680, 0.7887280973505710335 ) ) ;
#5747 = CARTESIAN_POINT ( 'NONE',  ( -33.24999999999999289, 10.32424625193627499, 0.6640423588173567371 ) ) ;
#5748 = CARTESIAN_POINT ( 'NONE',  ( -33.48967417148868719, -18.77436235375689222, 4.038819038548975726 ) ) ;
#5749 = CARTESIAN_POINT ( 'NONE',  ( 15.82785994077826786, 25.78533401126425062, 13.74360719311525969 ) ) ;
#5750 = ORIENTED_EDGE ( 'NONE', *, *, #5428, .T. ) ;
#5751 = CIRCLE ( 'NONE', #1687, 254.7911684466441784 ) ;
#5752 = CARTESIAN_POINT ( 'NONE',  ( -11.20700557709961309, -28.10292416979219965, 12.11636823319866174 ) ) ;
#5753 = EDGE_CURVE ( 'NONE', #3301, #2972, #1558, .T. ) ;
#5754 = TOROIDAL_SURFACE ( 'NONE', #1144, 12.00000000000000000, 8.000000000000000000 ) ;
#5755 = VECTOR ( 'NONE', #5870, 1000.000000000000000 ) ;
#5756 = CARTESIAN_POINT ( 'NONE',  ( 1.102241506982034585E-15, 30.25000000000000000, 4.999999999999999112 ) ) ;
#5757 = CARTESIAN_POINT ( 'NONE',  ( -33.22005545886727873, -12.96360618958015287, 0.06261748261635972923 ) ) ;
#5758 = CARTESIAN_POINT ( 'NONE',  ( -15.41902154939913849, 29.80646704603676866, 7.286367247224061927 ) ) ;
#5759 = CARTESIAN_POINT ( 'NONE',  ( -7.055795312077751597E-15, 13.44810804626034439, -42.03251684243012676 ) ) ;
#5760 = EDGE_LOOP ( 'NONE', ( #1068, #588, #4915, #4377, #4919, #5050 ) ) ;
#5761 = CARTESIAN_POINT ( 'NONE',  ( 2.464601683284048801E-15, 30.25000000000000000, 5.000000000000000000 ) ) ;
#5762 = B_SPLINE_CURVE_WITH_KNOTS ( 'NONE', 3,
 ( #5839, #120, #2689, #2652 ),
 .UNSPECIFIED., .F., .F.,
 ( 4, 4 ),
 ( 0.000000000000000000, 0.003110864611183243415 ),
 .UNSPECIFIED. ) ;
#5763 = CIRCLE ( 'NONE', #3030, 10.00000000000000000 ) ;
#5764 = CARTESIAN_POINT ( 'NONE',  ( 23.90361334270827598, -25.64839039736274273, 7.014805295402856800 ) ) ;
#5765 = CARTESIAN_POINT ( 'NONE',  ( 8.989213291855213228, 31.20966604766659458, 6.420535655954129339 ) ) ;
#5766 = CARTESIAN_POINT ( 'NONE',  ( -10.11975831913365731, -25.49140777541592229, -19.80817288341647497 ) ) ;
#5767 = CARTESIAN_POINT ( 'NONE',  ( 20.95092273618055145, 30.80894648406571079, -0.007038711941354403728 ) ) ;
#5768 = CARTESIAN_POINT ( 'NONE',  ( -14.74999999999999645, -31.75000000000000000, 1.114006583038579912 ) ) ;
#5769 = CARTESIAN_POINT ( 'NONE',  ( -14.74999999999999645, -31.75000000000000000, 1.114006583038579912 ) ) ;
#5770 = CARTESIAN_POINT ( 'NONE',  ( -24.34833916391031750, -27.58726716147942781, 3.393221863285063034 ) ) ;
#5771 = CARTESIAN_POINT ( 'NONE',  ( -34.74999999999999289, -11.75000000000000000, 0.2546058388728190680 ) ) ;
#5772 = CARTESIAN_POINT ( 'NONE',  ( 30.62139770061252264, -13.55358200708972483, 6.130299924250567578 ) ) ;
#5773 = CARTESIAN_POINT ( 'NONE',  ( -26.86374741779077624, 13.95657237912793924, 14.36948656024188331 ) ) ;
#5774 = CARTESIAN_POINT ( 'NONE',  ( 27.38471460441955685, -12.90422227788253196, 14.26712967772830254 ) ) ;
#5775 = CARTESIAN_POINT ( 'NONE',  ( -31.61116127550976529, 3.062541322774074981, 12.31660332516050893 ) ) ;
#5776 = ORIENTED_EDGE ( 'NONE', *, *, #5073, .T. ) ;
#5777 = CARTESIAN_POINT ( 'NONE',  ( -18.80027504262793414, 28.84012142292773362, 7.042649292546205864 ) ) ;
#5778 = EDGE_CURVE ( 'NONE', #3641, #2896, #3705, .T. ) ;
#5779 = CARTESIAN_POINT ( 'NONE',  ( 13.24006461110267985, 29.10575112202171155, 6.264833989106764811 ) ) ;
#5780 = CARTESIAN_POINT ( 'NONE',  ( 29.02728503599072951, 8.513473053892223419, 13.47218163977898264 ) ) ;
#5781 = ORIENTED_EDGE ( 'NONE', *, *, #33, .F. ) ;
#5782 = CARTESIAN_POINT ( 'NONE',  ( 31.50879838322753201, 8.767447341479442713, 6.172516748415596055 ) ) ;
#5783 = CARTESIAN_POINT ( 'NONE',  ( 18.81232739070764737, 28.80942215456699884, 7.040780325033674458 ) ) ;
#5784 = LINE ( 'NONE', #3205, #5866 ) ;
#5785 = CARTESIAN_POINT ( 'NONE',  ( 13.28434248770234660, 27.18309983699325372, 13.00219207130382237 ) ) ;
#5786 = EDGE_LOOP ( 'NONE', ( #1838, #3337, #5948 ) ) ;
#5787 = CARTESIAN_POINT ( 'NONE',  ( 10.12049021318308206, -31.74999999999999289, 2.698151155522609645 ) ) ;
#5788 = CARTESIAN_POINT ( 'NONE',  ( 6.915457503047693326E-15, -18.04099327550929743, -32.26588036523756386 ) ) ;
#5789 = CARTESIAN_POINT ( 'NONE',  ( 33.25000000000000711, 1.601872233442318771, 1.605981011861046026 ) ) ;
#5790 = CARTESIAN_POINT ( 'NONE',  ( -17.05432632108353630, 29.26171554206643322, 7.331037200191061309 ) ) ;
#5791 = DIRECTION ( 'NONE',  ( 1.000000000000000000, -1.836970198721029688E-16, -0.000000000000000000 ) ) ;
#5792 = CARTESIAN_POINT ( 'NONE',  ( 26.86556648471330888, -23.05545223253464115, 6.865253137624909741 ) ) ;
#5793 = ORIENTED_EDGE ( 'NONE', *, *, #215, .F. ) ;
#5794 = CARTESIAN_POINT ( 'NONE',  ( -33.48038623349306420, -18.79334092735449246, -0.5184757186688214725 ) ) ;
#5795 = CARTESIAN_POINT ( 'NONE',  ( -33.24999999999999289, 11.75000000000000000, 5.000000000000000000 ) ) ;
#5796 = CARTESIAN_POINT ( 'NONE',  ( 6.168535983373453004E-15, -23.34889057605686347, -20.00000000000003553 ) ) ;
#5797 = CARTESIAN_POINT ( 'NONE',  ( -4.605201017292420929, -31.63742184153402093, 5.747928222512597607 ) ) ;
#5798 = CARTESIAN_POINT ( 'NONE',  ( 19.08290233073946851, 28.48127594036158783, 7.239737448272275167 ) ) ;
#5799 = CARTESIAN_POINT ( 'NONE',  ( -13.43701270530667280, 30.40382484943730290, 6.990241492778187293 ) ) ;
#5800 = CARTESIAN_POINT ( 'NONE',  ( 11.12855005268425046, -30.85860259066843625, 6.709227387165192624 ) ) ;
#5801 = EDGE_CURVE ( 'NONE', #3734, #4513, #6220, .T. ) ;
#5802 = CARTESIAN_POINT ( 'NONE',  ( -22.57760443653337745, -25.36105783196112640, 5.943874741691578478 ) ) ;
#5803 = CARTESIAN_POINT ( 'NONE',  ( -34.43056623237728076, -11.09525567450224948, -14.28756572115824497 ) ) ;
#5804 = CARTESIAN_POINT ( 'NONE',  ( 25.87329299306020047, 26.58294549837984633, -0.5942553891956039447 ) ) ;
#5805 = CARTESIAN_POINT ( 'NONE',  ( 30.04242135284114568, 3.610075207766501482, 12.41378583990145223 ) ) ;
#5806 = CARTESIAN_POINT ( 'NONE',  ( 12.70731375386192852, -27.45711720518741927, 12.78627269150068457 ) ) ;
#5807 = CARTESIAN_POINT ( 'NONE',  ( -30.88797654909567569, 7.499101732073334858, 13.12478421558798480 ) ) ;
#5808 = EDGE_LOOP ( 'NONE', ( #220, #733, #5885, #3544 ) ) ;
#5809 = CARTESIAN_POINT ( 'NONE',  ( 13.66586837997467718, -28.99411722690833670, 6.348990529041294906 ) ) ;
#5810 = CARTESIAN_POINT ( 'NONE',  ( 0.2330930861262461573, -31.75000000000000711, 5.150007767711347384 ) ) ;
#5811 = CARTESIAN_POINT ( 'NONE',  ( 21.14346662662858733, 26.26599899467304766, 6.043580203685729124 ) ) ;
#5812 = ORIENTED_EDGE ( 'NONE', *, *, #6147, .T. ) ;
#5813 = CARTESIAN_POINT ( 'NONE',  ( 31.50883322258284025, -8.767205630398645866, 6.172515821365498923 ) ) ;
#5814 =( BOUNDED_SURFACE ( )  B_SPLINE_SURFACE ( 3, 2, ( 
 ( #513, #3230, #1808 ),
 ( #3915, #4291, #4325 ),
 ( #4259, #5293, #85 ),
 ( #5257, #583, #2686 ),
 ( #5997, #117, #4840 ),
 ( #2159, #2191, #4773 ),
 ( #1678, #1295, #3390 ),
 ( #4223, #4709, #6352 ) ),
 .UNSPECIFIED., .F., .F., .F. ) 
 B_SPLINE_SURFACE_WITH_KNOTS ( ( 4, 2, 2, 4 ),
 ( 3, 3 ),
 ( 1.582935171828836474E-17, 0.0007052287085510649525, 0.001410457417102114076, 0.002820914834204212539 ),
 ( 0.000000000000000000, 1.000000000000000000 ),
 .UNSPECIFIED. ) 
 GEOMETRIC_REPRESENTATION_ITEM ( )  RATIONAL_B_SPLINE_SURFACE ( (
 ( 1.000000000000000000, 0.9657594123133690367, 1.000000000000000000),
 ( 1.000000000000000000, 0.9623238112215215523, 1.000000000000000000),
 ( 1.000000000000000000, 0.9591880960305876336, 1.000000000000000000),
 ( 1.000000000000000000, 0.9530880076123711131, 1.000000000000000000),
 ( 1.000000000000000000, 0.9501339448288006473, 1.000000000000000000),
 ( 1.000000000000000000, 0.9413906600760109100, 1.000000000000000000),
 ( 1.000000000000000000, 0.9357265141434706335, 1.000000000000000000),
 ( 1.000000000000000000, 0.9301069718818455456, 1.000000000000000000) ) ) 
 REPRESENTATION_ITEM ( '' )  SURFACE ( )  );
#5815 = FACE_OUTER_BOUND ( 'NONE', #2453, .T. ) ;
#5816 = CARTESIAN_POINT ( 'NONE',  ( -34.45908589433494740, -15.34653311498967732, 4.196394020192112606 ) ) ;
#5817 = EDGE_CURVE ( 'NONE', #2972, #3301, #1014, .T. ) ;
#5818 = CARTESIAN_POINT ( 'NONE',  ( 11.78194107230560306, 27.88580156718632708, 8.731988712502101180 ) ) ;
#5819 = ORIENTED_EDGE ( 'NONE', *, *, #1299, .T. ) ;
#5820 = CARTESIAN_POINT ( 'NONE',  ( -30.28062864894994632, 9.569897105705290841, 9.726671949351656465 ) ) ;
#5821 = CARTESIAN_POINT ( 'NONE',  ( 31.11933618837822380, 6.521985117839526502, 9.538833753941155180 ) ) ;
#5822 = DIRECTION ( 'NONE',  ( 0.000000000000000000, 1.000000000000000000, 0.000000000000000000 ) ) ;
#5823 = CARTESIAN_POINT ( 'NONE',  ( -33.24999999999999289, -6.428679138169657747, 1.259070751884569184 ) ) ;
#5824 = CARTESIAN_POINT ( 'NONE',  ( 6.575954937949020973, -31.07608301324100353, 9.161994681950025310 ) ) ;
#5825 = CARTESIAN_POINT ( 'NONE',  ( 22.49762391995207622, -22.43479863120906970, 9.888721135553467434 ) ) ;
#5826 = ORIENTED_EDGE ( 'NONE', *, *, #6072, .T. ) ;
#5827 = CARTESIAN_POINT ( 'NONE',  ( -32.72233466233102916, -20.62351487767214309, -0.6333308880827174248 ) ) ;
#5828 = CARTESIAN_POINT ( 'NONE',  ( 17.68917956026648497, 24.56670022024886890, 14.12138775905257049 ) ) ;
#5829 = CYLINDRICAL_SURFACE ( 'NONE', #3892, 8.000000000000000000 ) ;
#5830 = CARTESIAN_POINT ( 'NONE',  ( -16.91899721817935642, 25.06310055442950357, -19.86851230064455365 ) ) ;
#5831 = CARTESIAN_POINT ( 'NONE',  ( 17.51989130998923372, 31.62625944376980769, 4.582031064048066149 ) ) ;
#5832 = EDGE_CURVE ( 'NONE', #1219, #3855, #2890, .T. ) ;
#5833 = CARTESIAN_POINT ( 'NONE',  ( -11.12855005268339070, 30.85860259067073130, 6.709227387159536704 ) ) ;
#5834 = CARTESIAN_POINT ( 'NONE',  ( 7.429038308855947292, -31.74999999997471178, 4.851718614881392888 ) ) ;
#5835 = CARTESIAN_POINT ( 'NONE',  ( -33.25000000000000000, -11.74999999999963407, 0.2546058388727809874 ) ) ;
#5836 = CARTESIAN_POINT ( 'NONE',  ( -34.74999999999999289, -7.252247839799452755, -11.59640482365323599 ) ) ;
#5837 = CARTESIAN_POINT ( 'NONE',  ( 26.13479647945069928, 22.25639674024106540, 5.786064077549294637 ) ) ;
#5838 = CARTESIAN_POINT ( 'NONE',  ( -14.74999999999999645, -11.75000000000000000, 5.000000000000000000 ) ) ;
#5839 = CARTESIAN_POINT ( 'NONE',  ( -31.25779178040859918, -10.50889969320578743, 6.179195852882648055 ) ) ;
#5840 = AXIS2_PLACEMENT_3D ( 'NONE', #4004, #4652, #2415 ) ;
#5841 = DIRECTION ( 'NONE',  ( 0.000000000000000000, -0.000000000000000000, 1.000000000000000000 ) ) ;
#5842 = ORIENTED_EDGE ( 'NONE', *, *, #6667, .F. ) ;
#5843 = CARTESIAN_POINT ( 'NONE',  ( 13.06160036928044654, -30.25000000000000000, 4.390114492178637917 ) ) ;
#5844 = CARTESIAN_POINT ( 'NONE',  ( 13.24006461110267985, 29.10575112202171155, 6.264833989106764811 ) ) ;
#5845 = AXIS2_PLACEMENT_3D ( 'NONE', #1627, #4277, #5278 ) ;
#5846 = CARTESIAN_POINT ( 'NONE',  ( -33.24999999999999289, -2.056954810363788283E-25, -9.622299943510947529 ) ) ;
#5847 = VERTEX_POINT ( 'NONE', #6187 ) ;
#5848 = CARTESIAN_POINT ( 'NONE',  ( 22.82830383883352354, -26.42625817622833750, 7.060980459831680989 ) ) ;
#5849 = B_SPLINE_CURVE_WITH_KNOTS ( 'NONE', 3,
 ( #3115, #3619, #4897, #704, #6436, #669, #5895, #4961 ),
 .UNSPECIFIED., .F., .F.,
 ( 4, 2, 2, 4 ),
 ( 0.000000000000000000, 0.004566745042806416924, 0.006850117564209625386, 0.009133490085612835582 ),
 .UNSPECIFIED. ) ;
#5850 = CARTESIAN_POINT ( 'NONE',  ( -16.54798282350797223, -28.16559218024200106, 6.437354261877553441 ) ) ;
#5851 = CARTESIAN_POINT ( 'NONE',  ( 0.000000000000000000, -30.25000000000000000, 5.000000000000000000 ) ) ;
#5852 = CARTESIAN_POINT ( 'NONE',  ( 7.111079522385846730, -29.41692567421864268, 9.700022383407883808 ) ) ;
#5853 = CARTESIAN_POINT ( 'NONE',  ( 12.70910520085946338, 27.47588346295474437, 8.951580226357787495 ) ) ;
#5854 = ORIENTED_EDGE ( 'NONE', *, *, #6401, .F. ) ;
#5855 = AXIS2_PLACEMENT_3D ( 'NONE', #1382, #3404, #4984 ) ;
#5856 =( BOUNDED_SURFACE ( )  B_SPLINE_SURFACE ( 3, 2, ( 
 ( #4256, #1641, #3780 ),
 ( #2189, #2122, #3706 ),
 ( #3742, #115, #1675 ),
 ( #6313, #5834, #4805 ),
 ( #1606, #4153, #2717 ),
 ( #4288, #648, #5800 ),
 ( #5222, #2052, #7 ),
 ( #1092, #616, #6380 ) ),
 .UNSPECIFIED., .F., .F., .T. ) 
 B_SPLINE_SURFACE_WITH_KNOTS ( ( 4, 2, 2, 4 ),
 ( 3, 3 ),
 ( -3.563705591919535839E-05, 0.006192698582699859670, 0.009306866402009388028, 0.01242103422131891552 ),
 ( 0.000000000000000000, 1.000000000000000000 ),
 .UNSPECIFIED. ) 
 GEOMETRIC_REPRESENTATION_ITEM ( )  RATIONAL_B_SPLINE_SURFACE ( (
 ( 1.000000000000000000, 1.000000000000000000, 1.000000000000000000),
 ( 1.000000000000000000, 1.000000000000000000, 1.000000000000000000),
 ( 1.000000000000000000, 0.9975251995529734739, 1.000000000000000000),
 ( 1.000000000000000000, 0.9894975773029877075, 1.000000000000000000),
 ( 1.000000000000000000, 0.9860923716807190598, 1.000000000000000000),
 ( 1.000000000000000000, 0.9774705690642100375, 1.000000000000000000),
 ( 1.000000000000000000, 0.9722583237139630352, 1.000000000000000000),
 ( 1.000000000000000000, 0.9657594123133698139, 1.000000000000000000) ) ) 
 REPRESENTATION_ITEM ( '' )  SURFACE ( )  );
#5857 = ADVANCED_FACE ( 'NONE', ( #2515 ), #4633, .T. ) ;
#5858 = DIRECTION ( 'NONE',  ( 0.000000000000000000, 0.000000000000000000, 1.000000000000000000 ) ) ;
#5859 = DIRECTION ( 'NONE',  ( 0.9595796706112637020, 0.2814371257485029920, 0.000000000000000000 ) ) ;
#5860 = CARTESIAN_POINT ( 'NONE',  ( -32.07579374044573228, -18.26463444411620429, -0.5184443382348742357 ) ) ;
#5861 = CARTESIAN_POINT ( 'NONE',  ( 33.25000000000000711, 11.75000000000000178, 0.2546058388728121291 ) ) ;
#5862 = CARTESIAN_POINT ( 'NONE',  ( -1.721299836103595714E-14, 9.834177134657675623, -47.21116811330591645 ) ) ;
#5863 = CARTESIAN_POINT ( 'NONE',  ( 18.96426711509689866, -25.47367507701900990, 9.931917873220358572 ) ) ;
#5864 = ORIENTED_EDGE ( 'NONE', *, *, #309, .T. ) ;
#5865 = DIRECTION ( 'NONE',  ( -0.000000000000000000, -1.000000000000000000, -0.000000000000000000 ) ) ;
#5866 = VECTOR ( 'NONE', #4721, 1000.000000000000000 ) ;
#5867 = CIRCLE ( 'NONE', #68, 11.50000000000000000 ) ;
#5868 = CARTESIAN_POINT ( 'NONE',  ( 6.123233995736767268E-16, 31.75000000000000000, 5.000000000000000000 ) ) ;
#5869 = CARTESIAN_POINT ( 'NONE',  ( -2.236422203126251951, 22.87389915741013979, -18.50000000000000000 ) ) ;
#5870 = DIRECTION ( 'NONE',  ( 0.000000000000000000, 0.000000000000000000, -1.000000000000000000 ) ) ;
#5871 = CARTESIAN_POINT ( 'NONE',  ( 22.60325221000928053, -21.58121694141937041, -18.47594181206939012 ) ) ;
#5872 = CARTESIAN_POINT ( 'NONE',  ( -3.181156787634626600E-15, 22.02740699009505221, -18.50000000000000000 ) ) ;
#5873 = CIRCLE ( 'NONE', #4014, 11.49999999999999822 ) ;
#5874 = CARTESIAN_POINT ( 'NONE',  ( -29.75482796815772346, -22.58904167364428872, -0.7154773238333227425 ) ) ;
#5875 = EDGE_CURVE ( 'NONE', #2972, #6036, #4418, .T. ) ;
#5876 = CARTESIAN_POINT ( 'NONE',  ( -34.54958090637698831, -10.44019703689601997, -13.83830479547454928 ) ) ;
#5877 = CARTESIAN_POINT ( 'NONE',  ( 17.60111939320588093, 30.03852854459017863, 0.4838775463861060278 ) ) ;
#5878 = CARTESIAN_POINT ( 'NONE',  ( -8.989234742520824994, 31.20966285903784865, 6.420538682497024752 ) ) ;
#5879 = CARTESIAN_POINT ( 'NONE',  ( -14.74999999999999645, 11.75000000000000000, -12.00000000000000000 ) ) ;
#5880 = CARTESIAN_POINT ( 'NONE',  ( -18.46525523600329421, 28.74299497721133179, 7.268392348797288349 ) ) ;
#5881 = VERTEX_POINT ( 'NONE', #3719 ) ;
#5882 = EDGE_CURVE ( 'NONE', #6013, #2615, #1418, .T. ) ;
#5883 = CARTESIAN_POINT ( 'NONE',  ( 6.123233995736767268E-16, -31.75000000000000000, 5.000000000000000000 ) ) ;
#5884 = CARTESIAN_POINT ( 'NONE',  ( -12.12402541061341310, -30.25000000000000000, 2.154191468302066870 ) ) ;
#5885 = ORIENTED_EDGE ( 'NONE', *, *, #4112, .T. ) ;
#5886 = CARTESIAN_POINT ( 'NONE',  ( 31.25779178040861339, -10.50889969320579098, 6.179195852882642725 ) ) ;
#5887 = CARTESIAN_POINT ( 'NONE',  ( 34.75000000000001421, 0.7077893813226592279, -9.261760844064724552 ) ) ;
#5888 = CARTESIAN_POINT ( 'NONE',  ( 16.11602333146182531, 27.36912506564028646, 9.819705619043782363 ) ) ;
#5889 = CARTESIAN_POINT ( 'NONE',  ( 33.25000000000000711, 10.31957669094624741, 0.6466832212039553829 ) ) ;
#5890 = EDGE_LOOP ( 'NONE', ( #5204, #5239, #943 ) ) ;
#5891 = EDGE_CURVE ( 'NONE', #2659, #57, #2900, .T. ) ;
#5892 = CARTESIAN_POINT ( 'NONE',  ( 17.20620244292985745, -27.95668264543463621, 6.376530701577650007 ) ) ;
#5893 = CARTESIAN_POINT ( 'NONE',  ( 33.13595108001795353, -4.599997885209432980, 6.888162859955987649 ) ) ;
#5894 = CARTESIAN_POINT ( 'NONE',  ( 6.123233995736767268E-16, 31.75000000000000000, 5.000000000000000000 ) ) ;
#5895 = CARTESIAN_POINT ( 'NONE',  ( 31.74999999999952038, -0.7658937362126596593, 12.14142842854349347 ) ) ;
#5896 = CARTESIAN_POINT ( 'NONE',  ( -1.171082378376966382, 31.72925825293592439, 5.753301951185413543 ) ) ;
#5897 = CARTESIAN_POINT ( 'NONE',  ( 18.13815673150363494, -26.06622405496307593, 14.03916405345777108 ) ) ;
#5898 = VERTEX_POINT ( 'NONE', #5507 ) ;
#5899 = ORIENTED_EDGE ( 'NONE', *, *, #3958, .F. ) ;
#5900 = CARTESIAN_POINT ( 'NONE',  ( -31.03693014562116304, -17.78054192198644756, -17.97763978122968354 ) ) ;
#5901 = CARTESIAN_POINT ( 'NONE',  ( -12.18382520057382301, -29.33743036577422103, 9.093916432205260136 ) ) ;
#5902 = CARTESIAN_POINT ( 'NONE',  ( -1.804331491776013374, -30.25000000000000355, 6.218761988682210529 ) ) ;
#5903 = CARTESIAN_POINT ( 'NONE',  ( -2.027985662144915047, 31.75000000000000000, 4.555578263965988306 ) ) ;
#5904 = CARTESIAN_POINT ( 'NONE',  ( -29.71013860363267156, 22.64809611617750207, 3.234825051185135525 ) ) ;
#5905 = CARTESIAN_POINT ( 'NONE',  ( -21.12182407071040657, -26.27826067280128086, 6.045207903863548005 ) ) ;
#5906 = CARTESIAN_POINT ( 'NONE',  ( 24.62272930395462467, 23.78349920460504308, 5.830038335973096508 ) ) ;
#5907 = CARTESIAN_POINT ( 'NONE',  ( 30.25000000000049738, 0.7295888344570091721, 12.14142842854218785 ) ) ;
#5908 = VERTEX_POINT ( 'NONE', #3827 ) ;
#5909 = CARTESIAN_POINT ( 'NONE',  ( -14.74999999999999645, -11.75000000000000000, -12.00000000000000000 ) ) ;
#5910 = CARTESIAN_POINT ( 'NONE',  ( -33.25000000000000000, 7.870467577398235548, -12.53515679499007973 ) ) ;
#5911 = ORIENTED_EDGE ( 'NONE', *, *, #6479, .T. ) ;
#5912 = CARTESIAN_POINT ( 'NONE',  ( 1.171082378376982591, -31.72925825293592439, 5.753301951185401997 ) ) ;
#5913 = CARTESIAN_POINT ( 'NONE',  ( -33.25000000000000000, 6.572807871886225506, -11.63778608948554094 ) ) ;
#5914 = ORIENTED_EDGE ( 'NONE', *, *, #2759, .T. ) ;
#5915 = CARTESIAN_POINT ( 'NONE',  ( -29.02728503599072951, -8.513473053892207432, 13.47218163977896488 ) ) ;
#5916 = CARTESIAN_POINT ( 'NONE',  ( -15.88826121012843196, -28.36657371565443242, 6.469952290214595614 ) ) ;
#5917 = PERSON_AND_ORGANIZATION_ROLE ( 'creator' ) ;
#5918 = CARTESIAN_POINT ( 'NONE',  ( 33.25000000000000711, 9.591564683836148575, 0.7887280973505703674 ) ) ;
#5919 = VERTEX_POINT ( 'NONE', #760 ) ;
#5920 = CARTESIAN_POINT ( 'NONE',  ( 33.24978797645843542, 1.773048224899090863, 6.873696550665552962 ) ) ;
#5921 = CARTESIAN_POINT ( 'NONE',  ( 15.89061789303052663, -28.36588360904561767, 6.469959042636127755 ) ) ;
#5922 = CARTESIAN_POINT ( 'NONE',  ( 33.25000000000000711, 7.096594077037829074, -12.00000000000000355 ) ) ;
#5923 = CARTESIAN_POINT ( 'NONE',  ( -13.24006461110267097, 29.10575112202171866, 6.264833989106757706 ) ) ;
#5924 = CARTESIAN_POINT ( 'NONE',  ( 2.464601683284048801E-15, 30.25000000000000000, 5.000000000000000000 ) ) ;
#5925 = CARTESIAN_POINT ( 'NONE',  ( 16.60351733181744294, -27.09056619217365736, 13.75437665655350195 ) ) ;
#5926 = CARTESIAN_POINT ( 'NONE',  ( 12.12402541061334205, -31.75000000000000000, 2.154191468302088186 ) ) ;
#5927 = CARTESIAN_POINT ( 'NONE',  ( 16.36656330624981237, -25.47038425763327041, 9.315656336621175981 ) ) ;
#5928 = ORIENTED_EDGE ( 'NONE', *, *, #3210, .F. ) ;
#5929 = VERTEX_POINT ( 'NONE', #156 ) ;
#5930 = CARTESIAN_POINT ( 'NONE',  ( -15.84212076477646569, -25.22768425873363540, -19.86313690779828889 ) ) ;
#5931 = B_SPLINE_CURVE_WITH_KNOTS ( 'NONE', 3,
 ( #5999, #776, #5424, #6028, #6060, #5559, #5965, #3392 ),
 .UNSPECIFIED., .F., .F.,
 ( 4, 2, 2, 4 ),
 ( 0.000000000000000000, 0.004355876270332180965, 0.006533814405498270146, 0.008711752540664360195 ),
 .UNSPECIFIED. ) ;
#5932 = CARTESIAN_POINT ( 'NONE',  ( 33.25000000000000711, 6.428679138173130525, 1.259070751894135753 ) ) ;
#5933 = ADVANCED_FACE ( 'NONE', ( #3860 ), #3103, .F. ) ;
#5934 = CARTESIAN_POINT ( 'NONE',  ( 8.989234742520837429, -31.20966285903785220, 6.420538682497018534 ) ) ;
#5935 = CARTESIAN_POINT ( 'NONE',  ( 34.62233525296613124, -14.35594358763992950, -0.1087710943422852961 ) ) ;
#5936 = DIRECTION ( 'NONE',  ( 0.8750219591144486886, -0.3304493228969191398, 0.3537510651072020007 ) ) ;
#5937 = CARTESIAN_POINT ( 'NONE',  ( 28.59302496201671318, 17.70218161674947410, -17.73760628100557213 ) ) ;
#5938 = CARTESIAN_POINT ( 'NONE',  ( 26.75000000000001066, -11.75000000000000000, -12.00000000000000000 ) ) ;
#5939 = EDGE_CURVE ( 'NONE', #1804, #6668, #5591, .T. ) ;
#5940 = CARTESIAN_POINT ( 'NONE',  ( 12.72231514984770406, -30.25000000000000355, 4.357837398283400887 ) ) ;
#5941 = ORIENTED_EDGE ( 'NONE', *, *, #5817, .T. ) ;
#5942 = CARTESIAN_POINT ( 'NONE',  ( 32.77813812920567216, 15.94510913029841603, -0.3099585516703574628 ) ) ;
#5943 = CARTESIAN_POINT ( 'NONE',  ( 25.24677449693852438, -23.20260796901154521, 5.806050414972152574 ) ) ;
#5944 = ORIENTED_EDGE ( 'NONE', *, *, #1207, .F. ) ;
#5945 = FACE_OUTER_BOUND ( 'NONE', #2665, .T. ) ;
#5946 = ADVANCED_FACE ( 'NONE', ( #6559 ), #4228, .T. ) ;
#5947 = CARTESIAN_POINT ( 'NONE',  ( -33.25000000000000000, 3.123748636855278260, -10.05451178622851671 ) ) ;
#5948 = ORIENTED_EDGE ( 'NONE', *, *, #6082, .T. ) ;
#5949 = CARTESIAN_POINT ( 'NONE',  ( 34.75000000000000711, -11.04128113609902506, 0.4645023336665455305 ) ) ;
#5950 = CARTESIAN_POINT ( 'NONE',  ( -34.74999999999999289, -9.591564683836159233, 0.7887280973505726989 ) ) ;
#5951 = CALENDAR_DATE ( 2026, 16, 9 ) ;
#5952 = CARTESIAN_POINT ( 'NONE',  ( -29.02728503599072596, 8.513473053892216313, 13.47218163977897731 ) ) ;
#5953 = ORIENTED_EDGE ( 'NONE', *, *, #1207, .T. ) ;
#5954 = CARTESIAN_POINT ( 'NONE',  ( 34.75000000000000711, 6.428679138171739638, 1.259070751894483475 ) ) ;
#5955 = VECTOR ( 'NONE', #2750, 1000.000000000000000 ) ;
#5956 = CARTESIAN_POINT ( 'NONE',  ( 13.89322202771204928, -30.25000000000000355, 1.506648183612051106 ) ) ;
#5957 = CARTESIAN_POINT ( 'NONE',  ( -14.74999999999999645, 11.75000000000000000, -12.00000000000000000 ) ) ;
#5958 = CARTESIAN_POINT ( 'NONE',  ( 31.93621773226566773, -12.81096519409040546, 7.214348705376091964 ) ) ;
#5959 = CARTESIAN_POINT ( 'NONE',  ( 13.24006461110268518, -29.10575112202171155, 6.264833989106764811 ) ) ;
#5960 = CARTESIAN_POINT ( 'NONE',  ( 29.00902901239223297, -18.31655883005947416, 5.762721569770876684 ) ) ;
#5961 = ORIENTED_EDGE ( 'NONE', *, *, #4394, .T. ) ;
#5962 = CARTESIAN_POINT ( 'NONE',  ( -30.61728177876636181, 23.94287497161788636, -0.7193260318689603805 ) ) ;
#5963 = CARTESIAN_POINT ( 'NONE',  ( -13.23911685007692896, 30.25000000000000000, 1.774586726685231319 ) ) ;
#5964 = AXIS2_PLACEMENT_3D ( 'NONE', #4599, #5146, #506 ) ;
#5965 = CARTESIAN_POINT ( 'NONE',  ( -30.24999999999950617, 0.7308213023223920635, 12.14142842854351478 ) ) ;
#5966 = CARTESIAN_POINT ( 'NONE',  ( 29.33248722888727045, -25.45363933514857990, -0.7063868955740720823 ) ) ;
#5967 = LINE ( 'NONE', #715, #83 ) ;
#5968 = CARTESIAN_POINT ( 'NONE',  ( -12.12402541061341132, -30.25000000000000000, 2.154191468302061097 ) ) ;
#5969 = CIRCLE ( 'NONE', #6184, 10.00000000000000000 ) ;
#5970 = CARTESIAN_POINT ( 'NONE',  ( -19.18987556050500842, -27.21976022193977940, 6.201523968415642685 ) ) ;
#5971 = CARTESIAN_POINT ( 'NONE',  ( 34.75000000000000711, -0.7088843666476358774, -9.278132359189614320 ) ) ;
#5972 = CARTESIAN_POINT ( 'NONE',  ( -28.09110696844869537, -21.51415494543018525, 6.866179486497323126 ) ) ;
#5973 = ORIENTED_EDGE ( 'NONE', *, *, #5655, .F. ) ;
#5974 = CARTESIAN_POINT ( 'NONE',  ( 25.87320602017820548, -26.58300983158721209, -0.5942491073228911569 ) ) ;
#5975 = ORIENTED_EDGE ( 'NONE', *, *, #2479, .T. ) ;
#5976 = B_SPLINE_CURVE_WITH_KNOTS ( 'NONE', 3,
 ( #3791, #6424, #1723, #3824, #153, #5844 ),
 .UNSPECIFIED., .F., .F.,
 ( 4, 2, 4 ),
 ( 0.000000000000000000, 0.002065374289354893374, 0.004130748578709786747 ),
 .UNSPECIFIED. ) ;
#5977 = CARTESIAN_POINT ( 'NONE',  ( 1.468480907148648911E-14, -1.664597593278067227E-12, -57.40379450918268844 ) ) ;
#5978 = AXIS2_PLACEMENT_3D ( 'NONE', #5163, #3646, #4134 ) ;
#5979 = CARTESIAN_POINT ( 'NONE',  ( -0.2217610088107024591, 30.25000000000000355, 5.149791749179928324 ) ) ;
#5980 = CARTESIAN_POINT ( 'NONE',  ( -22.88180493992141962, 19.82091920693174458, 14.57230753884428509 ) ) ;
#5981 = ORIENTED_EDGE ( 'NONE', *, *, #4481, .F. ) ;
#5982 = LINE ( 'NONE', #660, #4639 ) ;
#5983 = CARTESIAN_POINT ( 'NONE',  ( 34.75000000000000711, 6.686567570910539438, -11.17382616865118017 ) ) ;
#5984 = CARTESIAN_POINT ( 'NONE',  ( -30.42650814367805268, -14.39145537348458248, 6.067856368466419958 ) ) ;
#5985 = EDGE_CURVE ( 'NONE', #529, #4657, #2219, .T. ) ;
#5986 = ORIENTED_EDGE ( 'NONE', *, *, #4386, .F. ) ;
#5987 = DIRECTION ( 'NONE',  ( 1.000000000000000000, -0.000000000000000000, 0.000000000000000000 ) ) ;
#5988 = CARTESIAN_POINT ( 'NONE',  ( -28.75776486704802082, 20.42627677726191848, 6.939588802275777013 ) ) ;
#5989 = CARTESIAN_POINT ( 'NONE',  ( 12.13775933002783169, 23.99945693939002922, -18.49521143057722838 ) ) ;
#5990 = CARTESIAN_POINT ( 'NONE',  ( 12.14645451546259736, 29.31054125152592249, 6.195289267898977492 ) ) ;
#5991 = CARTESIAN_POINT ( 'NONE',  ( -40.06245124802025970, 11.74999999999999822, 13.47218163977896488 ) ) ;
#5992 = CARTESIAN_POINT ( 'NONE',  ( -29.70849887243147336, -5.742701830161085041, 12.80858658926094229 ) ) ;
#5993 = CARTESIAN_POINT ( 'NONE',  ( 17.76334020653531809, -24.49227927111959957, 14.11977938425869183 ) ) ;
#5994 = ORIENTED_EDGE ( 'NONE', *, *, #1385, .F. ) ;
#5995 = ORIENTED_EDGE ( 'NONE', *, *, #2903, .T. ) ;
#5996 = CARTESIAN_POINT ( 'NONE',  ( -32.50938952718515651, -11.75000000000001243, -15.01320962997100494 ) ) ;
#5997 = CARTESIAN_POINT ( 'NONE',  ( -15.42384785912913792, -29.80492038643799191, 7.286698773776439708 ) ) ;
#5998 = CARTESIAN_POINT ( 'NONE',  ( -14.74999999999999645, 11.75000000000000000, 5.000000000000000000 ) ) ;
#5999 = CARTESIAN_POINT ( 'NONE',  ( -29.02728503599072596, 8.513473053892216313, 13.47218163977897731 ) ) ;
#6000 = CARTESIAN_POINT ( 'NONE',  ( -37.00000000000000711, 0.000000000000000000, -214.9999999999998863 ) ) ;
#6001 = CARTESIAN_POINT ( 'NONE',  ( 21.26241954153867297, -22.12939098324198284, -18.49625998676655314 ) ) ;
#6002 = CARTESIAN_POINT ( 'NONE',  ( -31.37417147596704226, 19.95918338996916930, -0.6334588898895424647 ) ) ;
#6003 = CARTESIAN_POINT ( 'NONE',  ( 22.14018903908679547, 21.79517176842039561, -18.49065922393340600 ) ) ;
#6004 = CARTESIAN_POINT ( 'NONE',  ( -40.06245124802025970, 11.74999999999999822, 13.47218163977896488 ) ) ;
#6005 = CARTESIAN_POINT ( 'NONE',  ( 2.556450193220098979E-15, 31.75000000000000000, 4.999999999999999112 ) ) ;
#6006 = ORIENTED_EDGE ( 'NONE', *, *, #5166, .F. ) ;
#6007 = EDGE_CURVE ( 'NONE', #5881, #1278, #5982, .T. ) ;
#6008 = CARTESIAN_POINT ( 'NONE',  ( 30.42511021971682084, -14.39746535760129298, 6.067408467053234666 ) ) ;
#6009 = EDGE_LOOP ( 'NONE', ( #2331, #23, #753, #4145, #382, #5118, #160, #3273, #790 ) ) ;
#6010 = CARTESIAN_POINT ( 'NONE',  ( 7.289758913015949889E-15, 22.93680159522154227, -21.89475551161637412 ) ) ;
#6011 = CARTESIAN_POINT ( 'NONE',  ( 31.75000000000000000, -2.032075938799668156E-11, 12.14142842854285753 ) ) ;
#6012 = CARTESIAN_POINT ( 'NONE',  ( 32.90919831563347486, 7.113854894612051005, 7.007616542541132532 ) ) ;
#6013 = VERTEX_POINT ( 'NONE', #2340 ) ;
#6014 = CARTESIAN_POINT ( 'NONE',  ( -27.38042267995228229, -12.91411547607238042, 14.26847385334263407 ) ) ;
#6015 = CARTESIAN_POINT ( 'NONE',  ( 6.912824193706812892, -23.75000000000001066, -18.50000000000000000 ) ) ;
#6016 = PERSON_AND_ORGANIZATION ( #1161, #4427 ) ;
#6017 = CARTESIAN_POINT ( 'NONE',  ( -17.20620244292974732, -27.95668264543467529, 6.376530701577658000 ) ) ;
#6018 = ORIENTED_EDGE ( 'NONE', *, *, #5180, .F. ) ;
#6019 = CARTESIAN_POINT ( 'NONE',  ( 34.75000000000001421, -6.770631809638725684, 4.422686206438976697 ) ) ;
#6020 = CARTESIAN_POINT ( 'NONE',  ( -21.24998046139448959, -22.14698631120181105, -18.49778414411412442 ) ) ;
#6021 = CARTESIAN_POINT ( 'NONE',  ( 0.5470894775801403709, 23.55588882750489077, -20.00000000000000000 ) ) ;
#6022 = CARTESIAN_POINT ( 'NONE',  ( -14.74999999999999289, 30.25000000000000000, 1.114006583039234721 ) ) ;
#6023 = CARTESIAN_POINT ( 'NONE',  ( -3.738936591211481808, 31.54299159817501064, 7.394942303213958290 ) ) ;
#6024 = DIRECTION ( 'NONE',  ( 0.000000000000000000, 0.000000000000000000, -1.000000000000000000 ) ) ;
#6025 = ORIENTED_EDGE ( 'NONE', *, *, #3000, .F. ) ;
#6026 = CARTESIAN_POINT ( 'NONE',  ( -23.67795370673827193, -18.83439278439725229, 9.164293820997354345 ) ) ;
#6027 = DIRECTION ( 'NONE',  ( -1.000000000000000000, 0.000000000000000000, 0.000000000000000000 ) ) ;
#6028 = CARTESIAN_POINT ( 'NONE',  ( -30.03899904365933082, 3.637714391165404848, 12.41805944472264223 ) ) ;
#6029 = CARTESIAN_POINT ( 'NONE',  ( -33.24999999999999289, -11.05549784160340643, 3.842503624653263561 ) ) ;
#6030 = CARTESIAN_POINT ( 'NONE',  ( 33.25000000000000711, -4.905820154705671676, -10.72407365227164178 ) ) ;
#6031 = CARTESIAN_POINT ( 'NONE',  ( -32.62448381691615396, 16.60431598998291136, 3.446852728989000969 ) ) ;
#6032 = CARTESIAN_POINT ( 'NONE',  ( 22.60047614752159717, -25.36186194875029543, 5.940940965050728551 ) ) ;
#6033 = EDGE_CURVE ( 'NONE', #2896, #1660, #4857, .T. ) ;
#6034 = DIRECTION ( 'NONE',  ( -0.9595796706112637020, 0.2814371257485031030, 0.000000000000000000 ) ) ;
#6035 = CARTESIAN_POINT ( 'NONE',  ( 7.510981113398089271, 30.86400820030727488, 9.728282363139179267 ) ) ;
#6036 = VERTEX_POINT ( 'NONE', #3475 ) ;
#6037 = CARTESIAN_POINT ( 'NONE',  ( 12.12402541061341665, 30.25000000000000000, 2.154191468302071755 ) ) ;
#6038 = VERTEX_POINT ( 'NONE', #929 ) ;
#6039 = CARTESIAN_POINT ( 'NONE',  ( -2.407006587240044163E-15, 12.71033699280311957, -47.77865604446954961 ) ) ;
#6040 = EDGE_CURVE ( 'NONE', #6668, #6532, #6601, .T. ) ;
#6041 = FACE_OUTER_BOUND ( 'NONE', #1703, .T. ) ;
#6042 = CARTESIAN_POINT ( 'NONE',  ( 33.18365393718762846, 3.556927447306025059, 6.905872981836235880 ) ) ;
#6043 = EDGE_LOOP ( 'NONE', ( #1970, #4488, #1133, #4743 ) ) ;
#6044 = CARTESIAN_POINT ( 'NONE',  ( -24.74999999999999289, 9.591564683836153904, 0.7887280973505770287 ) ) ;
#6045 = CARTESIAN_POINT ( 'NONE',  ( 26.29903490752786865, 17.83126956679173958, 14.54973351853205621 ) ) ;
#6046 = APPROVAL_DATE_TIME ( #5406, #4684 ) ;
#6047 = ORIENTED_EDGE ( 'NONE', *, *, #5801, .T. ) ;
#6048 = CARTESIAN_POINT ( 'NONE',  ( 34.75000000000000000, 8.495109981270921651, 4.403760674583596213 ) ) ;
#6049 = CARTESIAN_POINT ( 'NONE',  ( -19.31544748371192810, 28.39612586448668807, 7.229147915081620468 ) ) ;
#6050 = CARTESIAN_POINT ( 'NONE',  ( 33.18601733619401983, 8.650124905544048559, -13.04565525601330656 ) ) ;
#6051 = DIRECTION ( 'NONE',  ( 0.000000000000000000, 1.000000000000000000, 0.000000000000000000 ) ) ;
#6052 = CARTESIAN_POINT ( 'NONE',  ( 21.33886431674874018, -21.47283670329825966, 14.50915833703035673 ) ) ;
#6053 = AXIS2_PLACEMENT_3D ( 'NONE', #503, #6777, #2080 ) ;
#6054 = VERTEX_POINT ( 'NONE', #5126 ) ;
#6055 = FACE_OUTER_BOUND ( 'NONE', #4434, .T. ) ;
#6056 = CARTESIAN_POINT ( 'NONE',  ( -26.87037010728998609, -13.94306165791073937, 14.36813472868597508 ) ) ;
#6057 = CARTESIAN_POINT ( 'NONE',  ( 31.91918978673364293, 3.492586520061052191, 6.099825316289633648 ) ) ;
#6058 = CIRCLE ( 'NONE', #2117, 8.500000000000000000 ) ;
#6059 = CARTESIAN_POINT ( 'NONE',  ( -29.43285686511196175, -7.130647383105839232, 13.12118853612394886 ) ) ;
#6060 = CARTESIAN_POINT ( 'NONE',  ( -30.11736273837223621, 2.921715140342469930, 12.31706672426295412 ) ) ;
#6061 = CARTESIAN_POINT ( 'NONE',  ( 21.14142385594115581, -30.74613467727607485, -0.03254042486497551318 ) ) ;
#6062 = CARTESIAN_POINT ( 'NONE',  ( -29.02728503599072951, -8.513473053892207432, 13.47218163977896488 ) ) ;
#6063 = VERTEX_POINT ( 'NONE', #5573 ) ;
#6064 = CARTESIAN_POINT ( 'NONE',  ( -34.26889299532911792, 11.75000000000000178, -14.73244361786123768 ) ) ;
#6065 = CARTESIAN_POINT ( 'NONE',  ( 26.85736267113636089, 13.96867517452135310, 14.37052216110382297 ) ) ;
#6066 = AXIS2_PLACEMENT_3D ( 'NONE', #2056, #6141, #6757 ) ;
#6067 = DIRECTION ( 'NONE',  ( 0.000000000000000000, 0.000000000000000000, -1.000000000000000000 ) ) ;
#6068 = CARTESIAN_POINT ( 'NONE',  ( 11.24733061914956700, 29.72475629764492311, 8.873172247512673749 ) ) ;
#6069 = CARTESIAN_POINT ( 'NONE',  ( 30.65226966910522322, 16.85965962390494965, 7.040715673027309052 ) ) ;
#6070 = CARTESIAN_POINT ( 'NONE',  ( -34.75000000000554934, -3.403695610562702978, 4.447001840633507896 ) ) ;
#6071 = CIRCLE ( 'NONE', #3122, 8.000000000000000000 ) ;
#6072 = EDGE_CURVE ( 'NONE', #5723, #335, #2068, .T. ) ;
#6073 = ORIENTED_EDGE ( 'NONE', *, *, #1502, .T. ) ;
#6074 = CARTESIAN_POINT ( 'NONE',  ( 1.108775090161769122E-14, -19.06093491358425140, -34.81127228518440120 ) ) ;
#6075 = CARTESIAN_POINT ( 'NONE',  ( 33.25000000000000711, -11.05975230740838100, 3.842377886583234314 ) ) ;
#6076 = CIRCLE ( 'NONE', #383, 23.99999999999999289 ) ;
#6077 = CARTESIAN_POINT ( 'NONE',  ( 31.61364369056302692, 3.035359324046749130, 12.31353775867900424 ) ) ;
#6078 = CARTESIAN_POINT ( 'NONE',  ( 31.65752670660303991, 13.87186118481121788, 7.167187115787830187 ) ) ;
#6079 = CARTESIAN_POINT ( 'NONE',  ( -14.75000000000004619, -39.05764969887460580, 11.82629151725432415 ) ) ;
#6080 = ORIENTED_EDGE ( 'NONE', *, *, #1722, .F. ) ;
#6081 = CARTESIAN_POINT ( 'NONE',  ( -11.22529604422092042, 29.51714002777958257, 5.986618876485232832 ) ) ;
#6082 = EDGE_CURVE ( 'NONE', #3348, #2099, #2815, .T. ) ;
#6083 = AXIS2_PLACEMENT_3D ( 'NONE', #6290, #59, #2698 ) ;
#6084 = CARTESIAN_POINT ( 'NONE',  ( -31.86985432172749455, -13.34500191023397520, -15.92328114046793353 ) ) ;
#6085 = CARTESIAN_POINT ( 'NONE',  ( 34.05832257393515761, -17.06416028670744822, 4.109167575876618628 ) ) ;
#6086 = AXIS2_PLACEMENT_3D ( 'NONE', #5362, #6311, #544 ) ;
#6087 = CARTESIAN_POINT ( 'NONE',  ( -2.561345529860269417E-14, -4.358260151847175301, -51.90608967771220961 ) ) ;
#6088 =( BOUNDED_SURFACE ( )  B_SPLINE_SURFACE ( 3, 2, ( 
 ( #4079, #2009, #2462 ),
 ( #3518, #6159, #5618 ),
 ( #1332, #912, #3019 ),
 ( #407, #6029, #2493 ),
 ( #4595, #3422, #6676 ),
 ( #6338, #4664, #6742 ) ),
 .UNSPECIFIED., .F., .F., .F. ) 
 B_SPLINE_SURFACE_WITH_KNOTS ( ( 4, 2, 4 ),
 ( 3, 3 ),
 ( -1.925543058334255875E-16, 0.001111716428892171350, 0.002223432857784535255 ),
 ( 0.000000000000000000, 1.000000000000000000 ),
 .UNSPECIFIED. ) 
 GEOMETRIC_REPRESENTATION_ITEM ( )  RATIONAL_B_SPLINE_SURFACE ( (
 ( 1.000000000000000000, 0.9194434921897898239, 1.000000000000000000),
 ( 1.000000000000000000, 0.9229021562078775220, 1.000000000000000000),
 ( 1.000000000000000000, 0.9263158095359860233, 1.000000000000000000),
 ( 1.000000000000000000, 0.9330340061262756279, 1.000000000000000000),
 ( 1.000000000000000000, 0.9363382082413873597, 1.000000000000000000),
 ( 1.000000000000000000, 0.9395803750613923588, 1.000000000000000000) ) ) 
 REPRESENTATION_ITEM ( '' )  SURFACE ( )  );
#6089 = CARTESIAN_POINT ( 'NONE',  ( 28.68564872171896596, 9.619587064134526244, 13.73382226203296064 ) ) ;
#6090 = ADVANCED_FACE ( 'NONE', ( #3532 ), #249, .F. ) ;
#6091 = VERTEX_POINT ( 'NONE', #6722 ) ;
#6092 = CARTESIAN_POINT ( 'NONE',  ( -30.99174143823495342, -12.74071422480036198, 5.995174663398171511 ) ) ;
#6093 = CARTESIAN_POINT ( 'NONE',  ( 31.60558634644790388, 8.921789278832383374, 6.015713296671091115 ) ) ;
#6094 = B_SPLINE_CURVE_WITH_KNOTS ( 'NONE', 3,
 ( #1204, #3341, #5439, #1652, #3272, #3300, #1760, #3825, #5371, #1101, #6458, #5402, #691, #5811, #2239, #593, #2695, #6425 ),
 .UNSPECIFIED., .F., .F.,
 ( 4, 2, 2, 2, 2, 2, 2, 2, 4 ),
 ( 0.000000000000000000, 0.002587006336573039605, 0.005174012673146083548, 0.007761019009719127490, 0.01034802534629217230, 0.01293503168286521537, 0.01552203801943825845, 0.01810904435601130499, 0.02069605069258434807 ),
 .UNSPECIFIED. ) ;
#6095 = CARTESIAN_POINT ( 'NONE',  ( -31.93495599406060492, -3.649051788712135647, 6.064744008606912651 ) ) ;
#6096 = CARTESIAN_POINT ( 'NONE',  ( 10.11650683574742970, 31.75000000000000000, 2.682374083963972478 ) ) ;
#6097 = CARTESIAN_POINT ( 'NONE',  ( -13.37798013455209123, -30.25000000000040146, 4.395105616748477217 ) ) ;
#6098 = EDGE_CURVE ( 'NONE', #907, #627, #199, .T. ) ;
#6099 = DIRECTION ( 'NONE',  ( 0.000000000000000000, 0.000000000000000000, -1.000000000000000000 ) ) ;
#6100 = ORIENTED_EDGE ( 'NONE', *, *, #1319, .T. ) ;
#6101 = DIRECTION ( 'NONE',  ( -1.000000000000000000, 0.000000000000000000, 0.000000000000000000 ) ) ;
#6102 = CARTESIAN_POINT ( 'NONE',  ( 12.12402541061340422, 30.25000000000000000, 2.154191468302061985 ) ) ;
#6103 = CARTESIAN_POINT ( 'NONE',  ( -4.430498121063844330, 30.16184714530631084, 5.487806829431451483 ) ) ;
#6104 = CARTESIAN_POINT ( 'NONE',  ( -32.29460865024228156, -11.85054897435495569, 7.040804456599646599 ) ) ;
#6105 = CARTESIAN_POINT ( 'NONE',  ( 30.47601834938847531, 17.26971759957068997, 7.025336660669093902 ) ) ;
#6106 = CARTESIAN_POINT ( 'NONE',  ( 17.60222731514819827, -27.83098998985120076, 6.339935556320859256 ) ) ;
#6107 = ORIENTED_EDGE ( 'NONE', *, *, #3790, .F. ) ;
#6108 = CARTESIAN_POINT ( 'NONE',  ( 25.99078372645911017, -26.49310612361851724, -0.6022866172083776171 ) ) ;
#6109 = CARTESIAN_POINT ( 'NONE',  ( -24.13252504723655889, -29.44329737329535135, 4.114952435973234124 ) ) ;
#6110 = CARTESIAN_POINT ( 'NONE',  ( 12.44593422417818296, 25.49132131978939242, -19.80823754958790062 ) ) ;
#6111 = CARTESIAN_POINT ( 'NONE',  ( -17.18553481988816500, 24.90105800103487610, 14.02211061983144980 ) ) ;
#6112 = VERTEX_POINT ( 'NONE', #3711 ) ;
#6113 = CARTESIAN_POINT ( 'NONE',  ( 4.354383175947772244, 30.16549904154440043, 5.479572636980308609 ) ) ;
#6114 = CARTESIAN_POINT ( 'NONE',  ( -26.86431951429662845, 22.89373668502686598, 6.931442266632648952 ) ) ;
#6115 = CARTESIAN_POINT ( 'NONE',  ( 31.03693014562112040, -17.78054192198650796, -17.97763978122970485 ) ) ;
#6116 = ORIENTED_EDGE ( 'NONE', *, *, #4833, .F. ) ;
#6117 = CARTESIAN_POINT ( 'NONE',  ( -20.38855341824519485, 26.67044792898564864, 6.102389087733132378 ) ) ;
#6118 = DIRECTION ( 'NONE',  ( 1.000000000000000000, 0.000000000000000000, 0.000000000000000000 ) ) ;
#6119 = CARTESIAN_POINT ( 'NONE',  ( 31.14839775102856834, -15.60171360137078267, 7.090679724253219796 ) ) ;
#6120 = ADVANCED_FACE ( 'NONE', ( #621 ), #2550, .F. ) ;
#6121 = CARTESIAN_POINT ( 'NONE',  ( 31.90002363053596923, 13.59829572814896004, 7.016152252814119805 ) ) ;
#6122 = CARTESIAN_POINT ( 'NONE',  ( -18.13062653092927334, 24.22482963968516856, 9.310299340907095100 ) ) ;
#6123 = CARTESIAN_POINT ( 'NONE',  ( 31.27326173155853439, -11.09157621650453507, 6.065048493063526891 ) ) ;
#6124 = ORIENTED_EDGE ( 'NONE', *, *, #2723, .F. ) ;
#6125 = CARTESIAN_POINT ( 'NONE',  ( 7.156131611981144225, 29.40586608060677065, 9.728282363140380085 ) ) ;
#6126 = CARTESIAN_POINT ( 'NONE',  ( -29.02728503599072951, -8.513473053892196774, 13.47218163977896843 ) ) ;
#6127 = CARTESIAN_POINT ( 'NONE',  ( 31.98771501248783267, -0.8971119007089934927, 6.063205311425671873 ) ) ;
#6128 = CARTESIAN_POINT ( 'NONE',  ( -32.18766226403078434, -11.74426880893141778, 7.211638568967603469 ) ) ;
#6129 = CARTESIAN_POINT ( 'NONE',  ( 11.73550413075648535, 31.74999999999641886, 4.766216361602056750 ) ) ;
#6130 = CARTESIAN_POINT ( 'NONE',  ( 1.967283608494391151E-14, -22.02740699009505221, -18.50000000000000000 ) ) ;
#6131 = DIRECTION ( 'NONE',  ( 1.000000000000000000, 0.000000000000000000, 0.000000000000000000 ) ) ;
#6132 = CARTESIAN_POINT ( 'NONE',  ( -17.60222731514813077, 27.83098998985314054, 6.339935556318621934 ) ) ;
#6133 = CARTESIAN_POINT ( 'NONE',  ( -32.70177680896028249, 8.892318618265068864, 7.076296574934656469 ) ) ;
#6134 = EDGE_CURVE ( 'NONE', #6398, #3605, #3133, .T. ) ;
#6135 = CARTESIAN_POINT ( 'NONE',  ( 14.75000000000000888, -11.75000000000000000, -12.00000000000000000 ) ) ;
#6136 = CARTESIAN_POINT ( 'NONE',  ( -21.64876529756537238, -23.25487492057503403, 9.909425631658535849 ) ) ;
#6137 = CARTESIAN_POINT ( 'NONE',  ( 34.70989198595734138, 13.58585951370755041, 4.302822179972980443 ) ) ;
#6138 = CARTESIAN_POINT ( 'NONE',  ( -34.74999999999999289, -3.231528390685880048, 1.534230525839758608 ) ) ;
#6139 = CARTESIAN_POINT ( 'NONE',  ( 1.159802150872572181E-14, -22.55975851354878969, -23.75344646631475953 ) ) ;
#6140 = CARTESIAN_POINT ( 'NONE',  ( -17.20480156108786218, -31.60129192180900759, 0.6002452427198480267 ) ) ;
#6141 = DIRECTION ( 'NONE',  ( 1.000000000000000000, 0.000000000000000000, 0.000000000000000000 ) ) ;
#6142 = CARTESIAN_POINT ( 'NONE',  ( -30.18043985264351647, 15.98781241309401047, -17.13152022956569809 ) ) ;
#6143 = CARTESIAN_POINT ( 'NONE',  ( -34.74999999999999289, 7.253883112795016963, -11.59749746953829153 ) ) ;
#6144 = CARTESIAN_POINT ( 'NONE',  ( -29.89126054204719196, 18.48247384559623896, 6.985174624190760184 ) ) ;
#6145 = ORIENTED_EDGE ( 'NONE', *, *, #4330, .F. ) ;
#6146 = FACE_OUTER_BOUND ( 'NONE', #3826, .T. ) ;
#6147 = EDGE_CURVE ( 'NONE', #941, #2039, #2313, .T. ) ;
#6148 = CARTESIAN_POINT ( 'NONE',  ( -17.63964993285857830, -29.05197958286430904, 7.305211428378671989 ) ) ;
#6149 = DIRECTION ( 'NONE',  ( 0.000000000000000000, 0.000000000000000000, -1.000000000000000000 ) ) ;
#6150 = CARTESIAN_POINT ( 'NONE',  ( 22.38959175271932622, 22.54537818114085468, 14.50883644005871353 ) ) ;
#6151 = CARTESIAN_POINT ( 'NONE',  ( -29.02728503599072951, 8.513473053892216313, 13.47218163977896843 ) ) ;
#6152 = CARTESIAN_POINT ( 'NONE',  ( 27.88831453661427062, -11.74053546645532187, 9.316394633785963109 ) ) ;
#6153 = EDGE_LOOP ( 'NONE', ( #763, #1544, #898, #3342, #1425, #2914, #5274, #2133, #2691, #51 ) ) ;
#6154 = EDGE_CURVE ( 'NONE', #6054, #1211, #5762, .T. ) ;
#6155 = CARTESIAN_POINT ( 'NONE',  ( -31.75000000000049383, -0.7649434681159203997, 12.14142842854220561 ) ) ;
#6156 = CARTESIAN_POINT ( 'NONE',  ( 14.75000000000000888, 30.25000000000000000, -12.00000000000000000 ) ) ;
#6157 = CARTESIAN_POINT ( 'NONE',  ( -8.440319186152565933, 30.25000000000359890, 4.581924984692976821 ) ) ;
#6158 = CARTESIAN_POINT ( 'NONE',  ( -24.06666758854307631, 25.68887177368555541, 6.919991422574391038 ) ) ;
#6159 = CARTESIAN_POINT ( 'NONE',  ( -33.24999999999999289, -12.39027407204129716, 3.768525304821625621 ) ) ;
#6160 = AXIS2_PLACEMENT_3D ( 'NONE', #3297, #3334, #754 ) ;
#6161 = CARTESIAN_POINT ( 'NONE',  ( -12.12402541061334205, 31.75000000000000000, 2.154191468302085521 ) ) ;
#6162 = CARTESIAN_POINT ( 'NONE',  ( -21.37043399904912633, 29.08448404184375846, 3.598788454094072886 ) ) ;
#6163 = ADVANCED_FACE ( 'NONE', ( #1066 ), #25, .T. ) ;
#6164 = B_SPLINE_CURVE_WITH_KNOTS ( 'NONE', 3,
 ( #2220, #6412, #1709, #5360, #2154, #5287, #2261, #576, #1604, #6444, #3224, #3843, #541, #4253, #612, #1057, #3154, #5325, #4767, #3738, #5250, #5830, #2642, #4733 ),
 .UNSPECIFIED., .F., .F.,
 ( 4, 2, 2, 2, 2, 2, 2, 2, 2, 2, 2, 4 ),
 ( 0.0008701777869524864387, 0.004146181062566504580, 0.004965181881470014102, 0.005784182700373522758, 0.007422184338180540936, 0.01069818761379455821, 0.01233618925160155991, 0.01397419088940856161, 0.01725019416502257541, 0.02052619744063658921, 0.02380220071625059955, 0.02707820399186460988 ),
 .UNSPECIFIED. ) ;
#6165 = CARTESIAN_POINT ( 'NONE',  ( -14.74999999999999645, -23.75000000000000000, -12.00000000000000000 ) ) ;
#6166 = AXIS2_PLACEMENT_3D ( 'NONE', #3617, #5718, #5209 ) ;
#6167 =( BOUNDED_SURFACE ( )  B_SPLINE_SURFACE ( 3, 2, ( 
 ( #4086, #5048, #4601 ),
 ( #4636, #6137, #3561 ),
 ( #4025, #6713, #1438 ),
 ( #4572, #856, #6682 ),
 ( #3593, #2534, #4118 ),
 ( #3525, #1955, #6069 ),
 ( #919, #1375, #6105 ),
 ( #348, #1407, #2433 ),
 ( #3495, #6205, #4057 ),
 ( #6583, #5595, #5018 ),
 ( #1981, #5148, #1505 ),
 ( #3467, #889, #6170 ),
 ( #5697, #320, #1885 ),
 ( #3991, #987, #2402 ),
 ( #4503, #2992, #5080 ),
 ( #2468, #6650, #5666 ),
 ( #955, #3063, #3778 ),
 ( #5288, #6238, #3124 ),
 ( #1637, #3225, #2643 ),
 ( #2120, #80, #2155 ),
 ( #4184, #5219, #6347 ),
 ( #4734, #4768, #5326 ),
 ( #4286, #3666, #613 ),
 ( #5767, #508, #6271 ),
 ( #542, #5182, #3739 ),
 ( #577, #3090, #4218 ),
 ( #1058, #5251, #475 ),
 ( #1605, #113, #4254 ),
 ( #3155, #3703, #5798 ),
 ( #4671, #5831, #2607 ),
 ( #2574, #2714, #6310 ),
 ( #37, #1567, #5 ) ),
 .UNSPECIFIED., .F., .F., .T. ) 
 B_SPLINE_SURFACE_WITH_KNOTS ( ( 4, 2, 2, 2, 2, 2, 2, 2, 2, 2, 2, 2, 2, 2, 2, 4 ),
 ( 3, 3 ),
 ( 0.005577528999902573933, 0.006575342335778507075, 0.007573155671654441083, 0.008570969007530375092, 0.009069875675468342530, 0.009568782343406308233, 0.01156440901515817452, 0.01256222235103410766, 0.01356003568691004080, 0.01555566235866190708, 0.01655347569453784196, 0.01755128903041377336, 0.01954691570216564311, 0.02004582237010360882, 0.02054472903804157452, 0.02154254237391750940 ),
 ( 0.000000000000000000, 1.000000000000000000 ),
 .UNSPECIFIED. ) 
 GEOMETRIC_REPRESENTATION_ITEM ( )  RATIONAL_B_SPLINE_SURFACE ( (
 ( 1.000000000000000000, 0.9194434921897857160, 1.000000000000000000),
 ( 1.000000000000000000, 0.9181746106212324010, 1.000000000000000000),
 ( 1.000000000000000000, 0.9169857232909575107, 1.000000000000000000),
 ( 1.000000000000000000, 0.9148323432701108704, 1.000000000000000000),
 ( 1.000000000000000000, 0.9138624569971391942, 1.000000000000000000),
 ( 1.000000000000000000, 0.9121177707693881587, 1.000000000000000000),
 ( 1.000000000000000000, 0.9113429062784617063, 1.000000000000000000),
 ( 1.000000000000000000, 0.9103173403842501621, 1.000000000000000000),
 ( 1.000000000000000000, 0.9099983251519290217, 1.000000000000000000),
 ( 1.000000000000000000, 0.9094050761494920643, 1.000000000000000000),
 ( 1.000000000000000000, 0.9091301010447188080, 1.000000000000000000),
 ( 1.000000000000000000, 0.9078766665656795576, 1.000000000000000000),
 ( 1.000000000000000000, 0.9072561134094908608, 1.000000000000000000),
 ( 1.000000000000000000, 0.9068360406527982143, 1.000000000000000000),
 ( 1.000000000000000000, 0.9067824230556882359, 1.000000000000000000),
 ( 1.000000000000000000, 0.9068532314977717501, 1.000000000000000000),
 ( 1.000000000000000000, 0.9069778965057362363, 1.000000000000000000),
 ( 1.000000000000000000, 0.9076199276953854644, 1.000000000000000000),
 ( 1.000000000000000000, 0.9083929125578761310, 1.000000000000000000),
 ( 1.000000000000000000, 0.9101074423684180070, 1.000000000000000000),
 ( 1.000000000000000000, 0.9107726465158794138, 1.000000000000000000),
 ( 1.000000000000000000, 0.9123112173640042233, 1.000000000000000000),
 ( 1.000000000000000000, 0.9131736947750997979, 1.000000000000000000),
 ( 1.000000000000000000, 0.9160404082736882669, 1.000000000000000000),
 ( 1.000000000000000000, 0.9183301779754452498, 1.000000000000000000),
 ( 1.000000000000000000, 0.9217179099506819240, 1.000000000000000000),
 ( 1.000000000000000000, 0.9224226312362370228, 1.000000000000000000),
 ( 1.000000000000000000, 0.9238670479126814827, 1.000000000000000000),
 ( 1.000000000000000000, 0.9246085980291588458, 1.000000000000000000),
 ( 1.000000000000000000, 0.9268856911673288845, 1.000000000000000000),
 ( 1.000000000000000000, 0.9284745577693546137, 1.000000000000000000),
 ( 1.000000000000000000, 0.9301069718818448795, 1.000000000000000000) ) ) 
 REPRESENTATION_ITEM ( '' )  SURFACE ( )  );
#6168 = DIRECTION ( 'NONE',  ( 1.000000000000000000, 0.000000000000000000, 0.000000000000000000 ) ) ;
#6169 = CARTESIAN_POINT ( 'NONE',  ( -15.01974171923903256, -27.97920281587983382, 13.34052633182940184 ) ) ;
#6170 = CARTESIAN_POINT ( 'NONE',  ( 29.24911884805401741, 19.67025802211292529, 6.952183873550334070 ) ) ;
#6171 = CARTESIAN_POINT ( 'NONE',  ( 17.04999006190688249, 26.79060837279141793, 13.83602409443451187 ) ) ;
#6172 = CARTESIAN_POINT ( 'NONE',  ( 18.79192658401108673, -27.38684195959625001, 6.235376224986029392 ) ) ;
#6173 = AXIS2_PLACEMENT_3D ( 'NONE', #1988, #5154, #481 ) ;
#6174 = CARTESIAN_POINT ( 'NONE',  ( -2.507223392290631508E-15, -16.84927228562240131, -40.17781434361881310 ) ) ;
#6175 = CARTESIAN_POINT ( 'NONE',  ( 32.28091840156682935, -17.69049356062591016, -0.4732983750054172156 ) ) ;
#6176 = CARTESIAN_POINT ( 'NONE',  ( -33.47614794628028534, -18.78149481140538768, -0.5161257295839214443 ) ) ;
#6177 = FACE_OUTER_BOUND ( 'NONE', #4740, .T. ) ;
#6178 = DIRECTION ( 'NONE',  ( -0.2620147808320876237, 0.000000000000000000, -0.9650638603872352395 ) ) ;
#6179 = CARTESIAN_POINT ( 'NONE',  ( 3.555976236205636187, 30.09444200382149859, 7.402593390580998189 ) ) ;
#6180 = ADVANCED_FACE ( 'NONE', ( #880 ), #3644, .T. ) ;
#6181 = CARTESIAN_POINT ( 'NONE',  ( -25.17795660208131281, 28.84235147599977367, 4.064515823801452932 ) ) ;
#6182 = ORIENTED_EDGE ( 'NONE', *, *, #4616, .F. ) ;
#6183 = CARTESIAN_POINT ( 'NONE',  ( 34.75000000000000711, 11.03827046459005956, 0.4653326329044553678 ) ) ;
#6184 = AXIS2_PLACEMENT_3D ( 'NONE', #2069, #99, #1143 ) ;
#6185 = AXIS2_PLACEMENT_3D ( 'NONE', #6000, #1747, #2323 ) ;
#6186 = CARTESIAN_POINT ( 'NONE',  ( 28.52509843301454140, 20.77272659233452856, 6.934694098644467175 ) ) ;
#6187 = CARTESIAN_POINT ( 'NONE',  ( 31.75000000000000000, -2.032075938799668156E-11, 12.14142842854285753 ) ) ;
#6188 = CARTESIAN_POINT ( 'NONE',  ( 18.66306890852732892, 25.71487408533464958, 14.13597008436569169 ) ) ;
#6189 = CARTESIAN_POINT ( 'NONE',  ( -24.37483635042647379, 24.15023374689127067, 5.760630130603292542 ) ) ;
#6190 = EDGE_CURVE ( 'NONE', #4490, #4885, #1564, .T. ) ;
#6191 = AXIS2_PLACEMENT_3D ( 'NONE', #5084, #922, #5121 ) ;
#6192 = CARTESIAN_POINT ( 'NONE',  ( 21.44740111270584038, 21.36222911278761316, 9.202900565072200223 ) ) ;
#6193 = EDGE_LOOP ( 'NONE', ( #665, #1456, #2618 ) ) ;
#6194 = CARTESIAN_POINT ( 'NONE',  ( -14.29659303758940680, -29.00641776318871479, 6.135256759788953573 ) ) ;
#6195 = CARTESIAN_POINT ( 'NONE',  ( 29.43285686511536881, 7.130647383094248504, 13.12118853615169023 ) ) ;
#6196 = CARTESIAN_POINT ( 'NONE',  ( 30.46665454190756961, -8.935628742515163481, 13.47218163977902705 ) ) ;
#6197 = CARTESIAN_POINT ( 'NONE',  ( -24.09932748260262159, 20.70460760474534467, 9.865141064719598063 ) ) ;
#6198 = CARTESIAN_POINT ( 'NONE',  ( -33.24999999999999289, 6.408618579388059899, 1.261388080703323311 ) ) ;
#6199 = CARTESIAN_POINT ( 'NONE',  ( -2.027532701813025806, 31.75000000000000000, 4.555677527815803707 ) ) ;
#6200 = ORIENTED_EDGE ( 'NONE', *, *, #2021, .T. ) ;
#6201 = CARTESIAN_POINT ( 'NONE',  ( -34.74999999999941735, 8.476652026490205216, -12.47050447196418688 ) ) ;
#6202 = CARTESIAN_POINT ( 'NONE',  ( 15.09659229604777231, 28.59668232856186521, 6.459701533382228078 ) ) ;
#6203 = FACE_BOUND ( 'NONE', #3197, .T. ) ;
#6204 = CARTESIAN_POINT ( 'NONE',  ( -34.74999999999999289, 11.75000000000000000, -12.00000000000000000 ) ) ;
#6205 = CARTESIAN_POINT ( 'NONE',  ( 33.48967417148870140, 18.77436235375659734, 4.038819038548900231 ) ) ;
#6206 = FACE_OUTER_BOUND ( 'NONE', #322, .T. ) ;
#6207 = CARTESIAN_POINT ( 'NONE',  ( -34.75000000000560618, 1.686010713362337210, 4.453268261748065449 ) ) ;
#6208 = CARTESIAN_POINT ( 'NONE',  ( -2.507223392290641763E-15, -15.14308046030257060, -43.64638450583961315 ) ) ;
#6209 = CARTESIAN_POINT ( 'NONE',  ( -31.25779178040861339, 10.50889969320578565, 6.179195852882645390 ) ) ;
#6210 = CARTESIAN_POINT ( 'NONE',  ( -27.15770147606116680, -27.48863139116477683, 3.985192965706068513 ) ) ;
#6211 = CARTESIAN_POINT ( 'NONE',  ( 32.10606633571640600, 18.20248047480401610, 3.361569008800491254 ) ) ;
#6212 = CARTESIAN_POINT ( 'NONE',  ( -9.346191538315316905, -30.35880976933483666, 10.80142185105116148 ) ) ;
#6213 = CARTESIAN_POINT ( 'NONE',  ( -34.75000000000000711, 5.423144925933407023, -10.53429661949377305 ) ) ;
#6214 = EDGE_CURVE ( 'NONE', #2501, #432, #5265, .T. ) ;
#6215 = CARTESIAN_POINT ( 'NONE',  ( -32.72207727131483068, 20.62479285402228513, -0.6334588898887858477 ) ) ;
#6216 = ORIENTED_EDGE ( 'NONE', *, *, #5030, .T. ) ;
#6217 = CARTESIAN_POINT ( 'NONE',  ( -9.011681646846639637, 29.77442920374811308, 5.864307259287782514 ) ) ;
#6218 = EDGE_CURVE ( 'NONE', #2931, #2302, #2002, .T. ) ;
#6219 = CARTESIAN_POINT ( 'NONE',  ( 9.959163908836169199, -28.60131460811280490, 8.269866082112738326 ) ) ;
#6220 = LINE ( 'NONE', #5132, #5732 ) ;
#6221 = CARTESIAN_POINT ( 'NONE',  ( 192.2911684466444058, 0.000000000000000000, -124.8941410357254966 ) ) ;
#6222 = CARTESIAN_POINT ( 'NONE',  ( 29.52675527079492568, 11.69549726239548093, 9.917826220802266945 ) ) ;
#6223 = CARTESIAN_POINT ( 'NONE',  ( -25.08461343721053893, 16.94777147289565278, 14.54845826219986549 ) ) ;
#6224 = CARTESIAN_POINT ( 'NONE',  ( 25.71568175442032000, 15.97277277132614515, 14.50942973988957974 ) ) ;
#6225 = ORIENTED_EDGE ( 'NONE', *, *, #2273, .T. ) ;
#6226 = EDGE_CURVE ( 'NONE', #5919, #307, #3220, .T. ) ;
#6227 = CARTESIAN_POINT ( 'NONE',  ( -30.46665454190762645, 8.935628742514964529, 13.47218163977897731 ) ) ;
#6228 = B_SPLINE_CURVE_WITH_KNOTS ( 'NONE', 3,
 ( #4486, #4896, #6501, #1834, #738, #1355, #3414, #3446, #5550, #4382, #1252, #3940, #2842, #270, #234, #4930, #4998, #1286, #1770, #305, #2315, #5514, #2384, #3908, #4960, #6022 ),
 .UNSPECIFIED., .F., .F.,
 ( 4, 2, 2, 2, 2, 2, 2, 2, 2, 2, 2, 2, 4 ),
 ( 0.000000000000000000, 0.003637589088553221713, 0.005456383632829833220, 0.007275178177106443426, 0.01091276726565966644, 0.01273156180993628012, 0.01455035635421289379, 0.01818794544276610553, 0.02000673998704270706, 0.02182553453131930860, 0.02546312361987250472, 0.02728191816414909932, 0.02910071270842569738 ),
 .UNSPECIFIED. ) ;
#6229 = CARTESIAN_POINT ( 'NONE',  ( 9.981339091577584512E-16, 30.25000000000000000, 4.999999999999999112 ) ) ;
#6230 = CARTESIAN_POINT ( 'NONE',  ( 4.242476075743969233, 31.74999999997129763, 4.915629208921326487 ) ) ;
#6231 = CARTESIAN_POINT ( 'NONE',  ( -33.25000000000558487, -1.689813306462984333, 4.026076977502612841 ) ) ;
#6232 = CARTESIAN_POINT ( 'NONE',  ( -10.12049021318307851, 31.74999999999999289, 2.698151155522608757 ) ) ;
#6233 = EDGE_LOOP ( 'NONE', ( #4949, #786, #4538, #4249 ) ) ;
#6234 = CARTESIAN_POINT ( 'NONE',  ( -32.10417040555636703, -21.77744308012723451, -0.6813248848922881518 ) ) ;
#6235 = CARTESIAN_POINT ( 'NONE',  ( 34.75000000000001421, -8.005548472028880980, 1.058631983711019853 ) ) ;
#6236 = FACE_OUTER_BOUND ( 'NONE', #3771, .T. ) ;
#6237 = CARTESIAN_POINT ( 'NONE',  ( -12.17004355909815949, -29.34263495983793746, 9.132867816009376583 ) ) ;
#6238 = CARTESIAN_POINT ( 'NONE',  ( 28.07657289980778614, 26.71656362781027738, 3.958813856410558607 ) ) ;
#6239 = DIRECTION ( 'NONE',  ( -0.9061595253463916588, -0.000000000000000000, -0.4229360644636520616 ) ) ;
#6240 = CARTESIAN_POINT ( 'NONE',  ( 14.75000000000000888, -23.75000000000000000, -18.50000000000000355 ) ) ;
#6241 = CARTESIAN_POINT ( 'NONE',  ( -27.05719571720130290, -25.61199563019182079, 3.266830017279588549 ) ) ;
#6242 = CARTESIAN_POINT ( 'NONE',  ( 20.65261464298105665, -29.32459018829720776, -0.03118337230121056083 ) ) ;
#6243 = CARTESIAN_POINT ( 'NONE',  ( -32.08708788794650957, -21.80984087119008308, -0.6827221177745722569 ) ) ;
#6244 = CARTESIAN_POINT ( 'NONE',  ( 34.75000000000000711, -11.75000000000000000, -12.00000000000000000 ) ) ;
#6245 = CARTESIAN_POINT ( 'NONE',  ( 11.21706586826348229, -29.70252402249745671, 11.82629151725428507 ) ) ;
#6246 = CARTESIAN_POINT ( 'NONE',  ( -29.62758460565357410, 6.330849072051529802, 9.053024853952509332 ) ) ;
#6247 = CARTESIAN_POINT ( 'NONE',  ( -25.30387198948521288, 24.49220320739396684, 6.963739018869741670 ) ) ;
#6248 = VERTEX_POINT ( 'NONE', #2920 ) ;
#6249 = CARTESIAN_POINT ( 'NONE',  ( -15.55266826768893473, 27.70610996362936262, 13.50804326731524441 ) ) ;
#6250 = ADVANCED_FACE ( 'NONE', ( #5558 ), #2007, .F. ) ;
#6251 = CARTESIAN_POINT ( 'NONE',  ( 30.54586008352085003, 17.28123130156451381, 7.018033043709148266 ) ) ;
#6252 = CARTESIAN_POINT ( 'NONE',  ( 31.25779178040862050, 10.50889969320578921, 6.179195852882646278 ) ) ;
#6253 = DIRECTION ( 'NONE',  ( 1.000000000000000000, 0.000000000000000000, 0.000000000000000000 ) ) ;
#6254 = CARTESIAN_POINT ( 'NONE',  ( 20.96670891015141436, 27.76180546176604835, 7.006140962726793653 ) ) ;
#6255 = CARTESIAN_POINT ( 'NONE',  ( -33.80282256460577628, -17.84085587189197142, -0.4457842213755511818 ) ) ;
#6256 = CARTESIAN_POINT ( 'NONE',  ( 13.33045122805360094, 29.18006667246237384, 6.110678265782627072 ) ) ;
#6257 = EDGE_LOOP ( 'NONE', ( #5854, #6373, #6698, #5864 ) ) ;
#6258 = CARTESIAN_POINT ( 'NONE',  ( -16.80302339442966186, -28.34939136307438545, 6.101019389136757454 ) ) ;
#6259 = CARTESIAN_POINT ( 'NONE',  ( -37.00000000000000711, 0.000000000000000000, -214.9999999999998863 ) ) ;
#6260 = CARTESIAN_POINT ( 'NONE',  ( -32.63200055159776269, -16.53021323475011073, -0.3689562863865102904 ) ) ;
#6261 = CARTESIAN_POINT ( 'NONE',  ( -16.42012677307589641, 31.75000000000000355, 4.692328251775318648 ) ) ;
#6262 = CARTESIAN_POINT ( 'NONE',  ( -33.25000000000000711, 10.59410572238249060, 3.852328484341202675 ) ) ;
#6263 = B_SPLINE_CURVE_WITH_KNOTS ( 'NONE', 3,
 ( #380, #3088, #2990, #6711 ),
 .UNSPECIFIED., .F., .F.,
 ( 4, 4 ),
 ( 0.000000000000000000, 0.002223539880700314830 ),
 .UNSPECIFIED. ) ;
#6264 = CARTESIAN_POINT ( 'NONE',  ( 29.69060660569932963, -11.26531829085509173, 13.94724874354527699 ) ) ;
#6265 = EDGE_CURVE ( 'NONE', #1719, #1849, #3537, .T. ) ;
#6266 = VERTEX_POINT ( 'NONE', #2560 ) ;
#6267 = CARTESIAN_POINT ( 'NONE',  ( 8.101681429652277444, 30.25000000000000000, 3.181831977695483538 ) ) ;
#6268 = CARTESIAN_POINT ( 'NONE',  ( 18.49055355533688783, -28.74707971975613319, 7.267667682672290574 ) ) ;
#6269 = CARTESIAN_POINT ( 'NONE',  ( 31.68824464569541277, 6.981000179370784764, 6.144333491817222992 ) ) ;
#6270 = CARTESIAN_POINT ( 'NONE',  ( -12.31103349061528718, -29.27210342936570342, 12.36758123373462048 ) ) ;
#6271 = CARTESIAN_POINT ( 'NONE',  ( 21.69912337118037726, 27.16039963114868172, 7.113251424382690757 ) ) ;
#6272 = CARTESIAN_POINT ( 'NONE',  ( -8.101630523369646397, 31.75000000000000000, 3.176245534205198506 ) ) ;
#6273 = EDGE_CURVE ( 'NONE', #5003, #2246, #2649, .T. ) ;
#6274 = CARTESIAN_POINT ( 'NONE',  ( -14.32267036027786844, -31.75000000000000000, 1.313456140205254474 ) ) ;
#6275 = AXIS2_PLACEMENT_3D ( 'NONE', #3134, #89, #6356 ) ;
#6276 = CARTESIAN_POINT ( 'NONE',  ( -33.10452963385814940, -14.14231725998639355, -0.09955888603744550425 ) ) ;
#6277 = CARTESIAN_POINT ( 'NONE',  ( -34.75000000000000000, -0.3491589418525866684, -9.261760844064799159 ) ) ;
#6278 = FACE_OUTER_BOUND ( 'NONE', #2404, .T. ) ;
#6279 = CARTESIAN_POINT ( 'NONE',  ( 30.22300845699124494, -1.470278029705546219, 12.17845870501589545 ) ) ;
#6280 = DIRECTION ( 'NONE',  ( 0.000000000000000000, 0.000000000000000000, 1.000000000000000000 ) ) ;
#6281 = CIRCLE ( 'NONE', #5845, 6.500000000000000888 ) ;
#6282 = EDGE_CURVE ( 'NONE', #57, #4432, #1001, .T. ) ;
#6283 = PLANE ( 'NONE',  #3321 ) ;
#6284 = ORIENTED_EDGE ( 'NONE', *, *, #6584, .T. ) ;
#6285 = CARTESIAN_POINT ( 'NONE',  ( -16.60351733181614620, 27.09056619217452422, 13.75437665655772967 ) ) ;
#6286 = CARTESIAN_POINT ( 'NONE',  ( -33.24999999999998579, -2.501220327931385157, -9.905315867202073576 ) ) ;
#6287 = EDGE_LOOP ( 'NONE', ( #390, #1257, #1367, #2488, #6692, #502 ) ) ;
#6288 = CARTESIAN_POINT ( 'NONE',  ( 17.83064794856852586, -31.51384193496539154, 0.4862827713793637097 ) ) ;
#6289 =( BOUNDED_SURFACE ( )  B_SPLINE_SURFACE ( 3, 2, ( 
 ( #4337, #1724, #4371 ),
 ( #223, #2305, #2199 ),
 ( #4404, #4817, #4300 ),
 ( #6490, #2168, #4269 ),
 ( #1688, #3792, #2338 ),
 ( #863, #5601, #257 ) ),
 .UNSPECIFIED., .F., .F., .T. ) 
 B_SPLINE_SURFACE_WITH_KNOTS ( ( 4, 2, 4 ),
 ( 3, 3 ),
 ( -1.925543058334255875E-16, 0.001111716428892167230, 0.002223432857784527015 ),
 ( 0.000000000000000000, 1.000000000000000000 ),
 .UNSPECIFIED. ) 
 GEOMETRIC_REPRESENTATION_ITEM ( )  RATIONAL_B_SPLINE_SURFACE ( (
 ( 1.000000000000000000, 0.9194434921897898239, 1.000000000000000000),
 ( 1.000000000000000000, 0.9229021562078932872, 1.000000000000000000),
 ( 1.000000000000000000, 0.9263158095359654842, 1.000000000000000000),
 ( 1.000000000000000000, 0.9330340061262961671, 1.000000000000000000),
 ( 1.000000000000000000, 0.9363382082413714835, 1.000000000000000000),
 ( 1.000000000000000000, 0.9395803750613922478, 1.000000000000000000) ) ) 
 REPRESENTATION_ITEM ( '' )  SURFACE ( )  );
#6290 = CARTESIAN_POINT ( 'NONE',  ( 24.75000000000000711, 11.74999999999982414, 0.2546058388727666100 ) ) ;
#6291 = CARTESIAN_POINT ( 'NONE',  ( 15.55410660591496708, 27.68590140400556265, 13.48692241386779322 ) ) ;
#6292 = CARTESIAN_POINT ( 'NONE',  ( -34.70989198595751191, -13.58585951370636913, 4.302822179973597727 ) ) ;
#6293 = CARTESIAN_POINT ( 'NONE',  ( 21.44427841790403377, 26.27751195717099009, 5.889298939663665244 ) ) ;
#6294 = AXIS2_PLACEMENT_3D ( 'NONE', #1146, #5349, #4825 ) ;
#6295 = ORIENTED_EDGE ( 'NONE', *, *, #5753, .F. ) ;
#6296 = CARTESIAN_POINT ( 'NONE',  ( -12.24548666401527619, -27.68765504249554610, 8.855512821724659034 ) ) ;
#6297 = CIRCLE ( 'NONE', #3346, 8.500000000000001776 ) ;
#6298 = CARTESIAN_POINT ( 'NONE',  ( 1.105955583850285575E-14, -21.28735667409429411, -22.03373294554576844 ) ) ;
#6299 = CARTESIAN_POINT ( 'NONE',  ( 33.25000000000001421, 6.411906330773105900, 1.261034303617979191 ) ) ;
#6300 = CARTESIAN_POINT ( 'NONE',  ( -14.14499833137384144, 31.74999999999918998, 4.830746641888374882 ) ) ;
#6301 = EDGE_CURVE ( 'NONE', #2978, #258, #1898, .T. ) ;
#6302 = CARTESIAN_POINT ( 'NONE',  ( 1.359454034622559891E-14, 19.78178730338457214, -27.22515850230083956 ) ) ;
#6303 = CARTESIAN_POINT ( 'NONE',  ( 18.80027504263298255, -28.84012142292746361, 7.042649292546813378 ) ) ;
#6304 = ORIENTED_EDGE ( 'NONE', *, *, #3293, .T. ) ;
#6305 = CARTESIAN_POINT ( 'NONE',  ( -34.74999999999999289, -11.75000000000000000, 0.2546058388728190680 ) ) ;
#6306 = VECTOR ( 'NONE', #1569, 1000.000000000000000 ) ;
#6307 = CARTESIAN_POINT ( 'NONE',  ( 31.19800790013120206, -15.62111614660232561, 7.089424879605824792 ) ) ;
#6308 = CARTESIAN_POINT ( 'NONE',  ( 32.72233466233103627, 20.62351487767214309, -0.6333308880827217546 ) ) ;
#6309 = CARTESIAN_POINT ( 'NONE',  ( -4.541298327204266627, 23.44568341741385709, -18.50000000000000000 ) ) ;
#6310 = CARTESIAN_POINT ( 'NONE',  ( 18.05234050537532653, 28.90410231946369279, 7.287002609601164416 ) ) ;
#6311 = DIRECTION ( 'NONE',  ( -0.8750219591144481335, -0.3304493228969176966, -0.3537510651072046652 ) ) ;
#6312 = AXIS2_PLACEMENT_3D ( 'NONE', #4360, #3459, #1878 ) ;
#6313 = CARTESIAN_POINT ( 'NONE',  ( 7.091116676549374276, -31.75000000000000000, 3.414078052986299294 ) ) ;
#6314 = CARTESIAN_POINT ( 'NONE',  ( -30.78680629635055510, -21.05535280585077018, -0.6827221177725835144 ) ) ;
#6315 = CARTESIAN_POINT ( 'NONE',  ( -34.74999999999999289, -5.420277670269935122, -10.53286233691457596 ) ) ;
#6316 = CARTESIAN_POINT ( 'NONE',  ( 28.25935938518588486, 24.40257114618790979, 3.240639881065625616 ) ) ;
#6317 = CARTESIAN_POINT ( 'NONE',  ( 4.355022284802199550, -30.16547400278797753, 5.479643082571526769 ) ) ;
#6318 = ORIENTED_EDGE ( 'NONE', *, *, #3894, .T. ) ;
#6319 = CARTESIAN_POINT ( 'NONE',  ( 21.27373557371284463, -21.53773456647826734, 14.50534229849939294 ) ) ;
#6320 = B_SPLINE_CURVE_WITH_KNOTS ( 'NONE', 3,
 ( #2101, #1548, #5200, #2065 ),
 .UNSPECIFIED., .F., .F.,
 ( 4, 4 ),
 ( 0.000000000000000000, 0.002223539880700326973 ),
 .UNSPECIFIED. ) ;
#6321 = CARTESIAN_POINT ( 'NONE',  ( 14.75000000000000888, -11.75000000000000000, -20.00000000000000000 ) ) ;
#6322 = ORIENTED_EDGE ( 'NONE', *, *, #845, .F. ) ;
#6323 = CARTESIAN_POINT ( 'NONE',  ( 14.04339150391654734, -28.89199333653343871, 6.392401191475925337 ) ) ;
#6324 = CARTESIAN_POINT ( 'NONE',  ( 3.738936591211489802, -31.54299159817501064, 7.394942303213952961 ) ) ;
#6325 = CARTESIAN_POINT ( 'NONE',  ( -13.00000000000001066, 0.000000000000000000, -214.9999999999998863 ) ) ;
#6326 = ORIENTED_EDGE ( 'NONE', *, *, #4394, .F. ) ;
#6327 = CARTESIAN_POINT ( 'NONE',  ( 16.89350135781558038, -31.63723197128365427, 0.6592236016245084373 ) ) ;
#6328 = DIRECTION ( 'NONE',  ( -1.000000000000000000, 0.000000000000000000, 0.000000000000000000 ) ) ;
#6329 = CARTESIAN_POINT ( 'NONE',  ( 14.54620358011752757, 30.24599003524378560, 6.943684892338444214 ) ) ;
#6330 = CARTESIAN_POINT ( 'NONE',  ( -192.2911684466441500, 0.000000000000000000, -124.8941410357254114 ) ) ;
#6331 = EDGE_LOOP ( 'NONE', ( #6616, #4814, #3614, #6200, #5516, #5011, #5168, #2368, #4234 ) ) ;
#6332 = FACE_OUTER_BOUND ( 'NONE', #2150, .T. ) ;
#6333 = ADVANCED_FACE ( 'NONE', ( #1429 ), #4204, .T. ) ;
#6334 =( BOUNDED_SURFACE ( )  B_SPLINE_SURFACE ( 3, 2, ( 
 ( #3922, #1373, #3465 ),
 ( #286, #2364, #1817 ),
 ( #2856, #3366, #4911 ),
 ( #854, #2891, #5016 ),
 ( #2927, #5431, #1847 ),
 ( #1303, #4397, #6550 ),
 ( #346, #2956, #3989 ),
 ( #4469, #5499, #2824 ) ),
 .UNSPECIFIED., .F., .F., .F. ) 
 B_SPLINE_SURFACE_WITH_KNOTS ( ( 4, 2, 2, 4 ),
 ( 3, 3 ),
 ( 0.03332163778764048179, 0.03747841449120210139, 0.04163519119476372099, 0.04994874460188696713 ),
 ( 0.3074565260296843738, 1.000000000000000000 ),
 .UNSPECIFIED. ) 
 GEOMETRIC_REPRESENTATION_ITEM ( )  RATIONAL_B_SPLINE_SURFACE ( (
 ( 0.9648702125754047287, 0.9428703175075825449, 1.000000000000000000),
 ( 0.9707191849234912961, 0.9523821864270958226, 1.000000000000000000),
 ( 0.9758538787322661445, 0.9607324626028550529, 1.000000000000000000),
 ( 0.9846901740645246370, 0.9751024541043615823, 1.000000000000000000),
 ( 0.9883438471747869603, 0.9810442260313452234, 1.000000000000000000),
 ( 0.9970890334608658589, 0.9952660517948266339, 1.000000000000000000),
 ( 0.9999888691797635953, 0.9999818985461454979, 1.000000000000000000),
 ( 1.000000000000000000, 1.000000000000000000, 1.000000000000000000) ) ) 
 REPRESENTATION_ITEM ( '' )  SURFACE ( )  );
#6335 = CARTESIAN_POINT ( 'NONE',  ( -16.51989541670379680, 27.14159932055023816, 13.73589029280943130 ) ) ;
#6336 = CARTESIAN_POINT ( 'NONE',  ( 30.89233627731387344, 7.484236932141725696, 13.12118943778053293 ) ) ;
#6337 = CARTESIAN_POINT ( 'NONE',  ( -23.95720285985374431, -27.80768502406538545, -0.4255030050710426615 ) ) ;
#6338 = CARTESIAN_POINT ( 'NONE',  ( -31.25779178040860629, -10.50889969320578210, 6.179195852882646278 ) ) ;
#6339 = CARTESIAN_POINT ( 'NONE',  ( 29.02728503599072596, -8.513473053892219866, 13.47218163977899508 ) ) ;
#6340 = CARTESIAN_POINT ( 'NONE',  ( 31.38508516543270943, -15.36138453491914646, 6.977961455658325818 ) ) ;
#6341 = ORIENTED_EDGE ( 'NONE', *, *, #5715, .F. ) ;
#6342 = CARTESIAN_POINT ( 'NONE',  ( -33.70243907817928886, -18.17128706111897074, -0.4731940174745987160 ) ) ;
#6343 = CARTESIAN_POINT ( 'NONE',  ( 14.75000000000000888, 31.75000000000000000, -12.00000000000000000 ) ) ;
#6344 = B_SPLINE_CURVE_WITH_KNOTS ( 'NONE', 3,
 ( #1025, #2645, #2610, #4706, #6274, #5769 ),
 .UNSPECIFIED., .F., .F.,
 ( 4, 2, 4 ),
 ( 0.000000000000000000, 0.001412243528896012365, 0.002824487057792024729 ),
 .UNSPECIFIED. ) ;
#6345 = CARTESIAN_POINT ( 'NONE',  ( 19.89758543936194712, 31.12011014997403890, 0.1399363274133518242 ) ) ;
#6346 = CARTESIAN_POINT ( 'NONE',  ( -11.21706586826352137, -29.70252402249743895, 11.82629151725430461 ) ) ;
#6347 = CARTESIAN_POINT ( 'NONE',  ( 23.92675919470139689, 25.63063813645295141, 7.013869330428581961 ) ) ;
#6348 = CARTESIAN_POINT ( 'NONE',  ( 11.21706586826348584, 29.70252402249745671, 11.82629151725428329 ) ) ;
#6349 = APPLICATION_CONTEXT ( 'configuration controlled 3d designs of mechanical parts and assemblies' ) ;
#6350 = DIRECTION ( 'NONE',  ( -0.2620147808320904548, 0.000000000000000000, 0.9650638603872344623 ) ) ;
#6351 = CARTESIAN_POINT ( 'NONE',  ( -22.87471458427889459, -28.39761743510156933, 3.487537651182774923 ) ) ;
#6352 = CARTESIAN_POINT ( 'NONE',  ( -14.74999999999991829, -31.75000000000000000, 1.114006583038573250 ) ) ;
#6353 = CARTESIAN_POINT ( 'NONE',  ( 18.76464359625819611, 29.85546044395403698, 3.843758221056081226 ) ) ;
#6354 = CARTESIAN_POINT ( 'NONE',  ( -13.24006461110267097, 29.10575112202171866, 6.264833989106757706 ) ) ;
#6355 = CARTESIAN_POINT ( 'NONE',  ( -34.75000000000000711, 7.543805683010351260, -11.79478126228804946 ) ) ;
#6356 = DIRECTION ( 'NONE',  ( 0.3748062816633032091, 0.000000000000000000, -0.9271031502620021847 ) ) ;
#6357 = VERTEX_POINT ( 'NONE', #3081 ) ;
#6358 = CARTESIAN_POINT ( 'NONE',  ( -12.66472444407824760, 29.13582256248632874, 9.276770233312458203 ) ) ;
#6359 = CARTESIAN_POINT ( 'NONE',  ( 14.75000000000000888, 11.75000000000000000, 5.000000000000000000 ) ) ;
#6360 = CARTESIAN_POINT ( 'NONE',  ( -33.24999999999998579, 2.514710105113895366, -9.894906693759782712 ) ) ;
#6361 = ORIENTED_EDGE ( 'NONE', *, *, #5015, .T. ) ;
#6362 = CARTESIAN_POINT ( 'NONE',  ( 31.68490863575760486, -7.019970949462774001, 6.144883986814361876 ) ) ;
#6363 = CARTESIAN_POINT ( 'NONE',  ( -30.62139770061259725, -13.55358200708946548, 6.130299924250565802 ) ) ;
#6364 = DIRECTION ( 'NONE',  ( 0.000000000000000000, 0.000000000000000000, -1.000000000000000000 ) ) ;
#6365 = CARTESIAN_POINT ( 'NONE',  ( 33.25000000000000711, 12.39027407204159381, 3.768525304821385813 ) ) ;
#6366 = EDGE_LOOP ( 'NONE', ( #2775, #2017, #6225, #4612 ) ) ;
#6367 = CARTESIAN_POINT ( 'NONE',  ( 16.54984152971698919, -28.16500225335739316, 6.437182505937992794 ) ) ;
#6368 = CARTESIAN_POINT ( 'NONE',  ( 33.18249809025214603, -3.689589440950525212, 6.876855922546744715 ) ) ;
#6369 = CARTESIAN_POINT ( 'NONE',  ( -33.10135084624990043, -14.16737683344215526, -0.1028142932664196652 ) ) ;
#6370 = DIRECTION ( 'NONE',  ( 0.000000000000000000, -0.9858269600613879247, -0.1677653266206189375 ) ) ;
#6371 = CARTESIAN_POINT ( 'NONE',  ( 3.769551535035250645, -31.58270818647192968, 7.426381034649690349 ) ) ;
#6372 = EDGE_CURVE ( 'NONE', #5195, #4353, #3004, .T. ) ;
#6373 = ORIENTED_EDGE ( 'NONE', *, *, #5678, .T. ) ;
#6374 = DIRECTION ( 'NONE',  ( 1.000000000000000000, 0.000000000000000000, 0.000000000000000000 ) ) ;
#6375 = CARTESIAN_POINT ( 'NONE',  ( 29.77880499906791556, 24.96262623515996282, -0.7151635429631398866 ) ) ;
#6376 = CARTESIAN_POINT ( 'NONE',  ( -9.125221862446180054, -31.18429947196968044, 6.368623609305992694 ) ) ;
#6377 = DIRECTION ( 'NONE',  ( 1.000000000000000000, 0.000000000000000000, -1.224646799147353207E-16 ) ) ;
#6378 = CYLINDRICAL_SURFACE ( 'NONE', #3566, 23.99999999999999289 ) ;
#6379 = ADVANCED_FACE ( 'NONE', ( #4109 ), #5152, .F. ) ;
#6380 = CARTESIAN_POINT ( 'NONE',  ( 13.43701270530666747, -30.40382484943730645, 6.990241492778178412 ) ) ;
#6381 = CARTESIAN_POINT ( 'NONE',  ( -27.97431511333310183, -19.87406182379132247, 5.794749429074954605 ) ) ;
#6382 = CARTESIAN_POINT ( 'NONE',  ( -34.75000000000000711, -4.782517527557994086, -10.24249007682074897 ) ) ;
#6383 = CARTESIAN_POINT ( 'NONE',  ( 29.75482796815737885, 22.58904167364483229, -0.7154773238346507913 ) ) ;
#6384 = CARTESIAN_POINT ( 'NONE',  ( 7.378760441540798354, -30.25000000000542499, 4.635978215837092797 ) ) ;
#6385 = CARTESIAN_POINT ( 'NONE',  ( 29.79013346094078685, 22.53945286765699407, -0.7147546519280376653 ) ) ;
#6386 = ADVANCED_FACE ( 'NONE', ( #1460 ), #458, .F. ) ;
#6387 = AXIS2_PLACEMENT_3D ( 'NONE', #3233, #4294, #6280 ) ;
#6388 = CARTESIAN_POINT ( 'NONE',  ( 14.13718949577939021, 30.20434608298176471, 7.157098963663335311 ) ) ;
#6389 = VERTEX_POINT ( 'NONE', #2770 ) ;
#6390 = CARTESIAN_POINT ( 'NONE',  ( 16.16960775711610410, -30.25000000000000355, 4.155580001464641349 ) ) ;
#6391 = CARTESIAN_POINT ( 'NONE',  ( -1.669890729746692494E-15, -30.25000000000000000, 4.999999999999999112 ) ) ;
#6392 = AXIS2_PLACEMENT_3D ( 'NONE', #4304, #2733, #5376 ) ;
#6393 = ORIENTED_EDGE ( 'NONE', *, *, #4459, .F. ) ;
#6394 = CARTESIAN_POINT ( 'NONE',  ( 19.08288960389914024, -28.48128145579042325, 7.239738043090929054 ) ) ;
#6395 = CARTESIAN_POINT ( 'NONE',  ( 16.91899721817911129, 25.06310055442954621, -19.86851230064455720 ) ) ;
#6396 = CARTESIAN_POINT ( 'NONE',  ( -33.24999999999999289, -2.056954810363788283E-25, -9.622299943510947529 ) ) ;
#6397 = CARTESIAN_POINT ( 'NONE',  ( -34.75000000000000000, 13.00498023550822957, 4.343069750164683107 ) ) ;
#6398 = VERTEX_POINT ( 'NONE', #5922 ) ;
#6399 = AXIS2_PLACEMENT_3D ( 'NONE', #2015, #4116, #141 ) ;
#6400 = CARTESIAN_POINT ( 'NONE',  ( -31.74933218344346031, -1.542704789404367061, 12.14228918907090105 ) ) ;
#6401 = EDGE_CURVE ( 'NONE', #1695, #572, #3834, .T. ) ;
#6402 = CARTESIAN_POINT ( 'NONE',  ( -12.12402541061340955, -21.75000000000000000, 2.154191468302061097 ) ) ;
#6403 = CYLINDRICAL_SURFACE ( 'NONE', #1254, 6.500000000000000888 ) ;
#6404 = PLANE ( 'NONE',  #4771 ) ;
#6405 = CARTESIAN_POINT ( 'NONE',  ( 12.18382520096802857, -29.33743036562534456, 9.093916431090946162 ) ) ;
#6406 = B_SPLINE_CURVE_WITH_KNOTS ( 'NONE', 3,
 ( #5698, #2608, #1982, #793, #5183, #6015 ),
 .UNSPECIFIED., .F., .F.,
 ( 4, 2, 4 ),
 ( 3.610445801732996691E-05, 0.003936640834850235748, 0.007837177211683142228 ),
 .UNSPECIFIED. ) ;
#6407 = VECTOR ( 'NONE', #93, 1000.000000000000000 ) ;
#6408 = VERTEX_POINT ( 'NONE', #3311 ) ;
#6409 = CARTESIAN_POINT ( 'NONE',  ( -29.14241729201341968, -19.62177840168938303, -18.68739383071426019 ) ) ;
#6410 = AXIS2_PLACEMENT_3D ( 'NONE', #1322, #6051, #3869 ) ;
#6411 = CARTESIAN_POINT ( 'NONE',  ( 30.61983763230590228, 23.93961546786007233, -0.7193195454629484065 ) ) ;
#6412 = CARTESIAN_POINT ( 'NONE',  ( -34.04926122587185233, 12.63946480800858652, -15.33680659981973093 ) ) ;
#6413 = CARTESIAN_POINT ( 'NONE',  ( -7.043139595809728704, -29.44658771804035169, 7.429627121692717218 ) ) ;
#6414 = CARTESIAN_POINT ( 'NONE',  ( 31.23573625323817993, -14.49316796827773146, -16.48919879262121668 ) ) ;
#6415 = CARTESIAN_POINT ( 'NONE',  ( -31.89919400914066827, 18.72986826149440276, 3.337762937639110472 ) ) ;
#6416 = B_SPLINE_CURVE_WITH_KNOTS ( 'NONE', 3,
 ( #4113, #6201, #5621, #915, #3021, #6064 ),
 .UNSPECIFIED., .F., .F.,
 ( 4, 2, 4 ),
 ( 0.001633595377143089384, 0.004034473619599612294, 0.006435351862056134555 ),
 .UNSPECIFIED. ) ;
#6417 = CIRCLE ( 'NONE', #289, 205.2911684466444058 ) ;
#6418 = CARTESIAN_POINT ( 'NONE',  ( 27.14906411534180464, 18.94821778959367364, -18.08944066695659103 ) ) ;
#6419 = CARTESIAN_POINT ( 'NONE',  ( 25.24683434343395660, 23.20255022313088489, 5.806048359426018379 ) ) ;
#6420 = CARTESIAN_POINT ( 'NONE',  ( -17.20620244292877743, 27.95668264543498083, 6.376530701577748594 ) ) ;
#6421 = VERTEX_POINT ( 'NONE', #163 ) ;
#6422 = CARTESIAN_POINT ( 'NONE',  ( -1.100908770256619151, 23.75000000000000711, -20.00000000000000000 ) ) ;
#6423 = ORIENTED_EDGE ( 'NONE', *, *, #5939, .T. ) ;
#6424 = CARTESIAN_POINT ( 'NONE',  ( 16.54798282350799354, 28.16559218024200106, 6.437354261877552553 ) ) ;
#6425 = CARTESIAN_POINT ( 'NONE',  ( 17.20620244292976508, 27.95668264543467174, 6.376530701577657112 ) ) ;
#6426 = EDGE_LOOP ( 'NONE', ( #400, #3650, #4399, #308 ) ) ;
#6427 = CARTESIAN_POINT ( 'NONE',  ( -14.75000000000004619, -39.05764969887460580, 11.82629151725432415 ) ) ;
#6428 = CARTESIAN_POINT ( 'NONE',  ( 34.75000000000000000, 1.407363887258062274, -9.326514933545713149 ) ) ;
#6429 = CARTESIAN_POINT ( 'NONE',  ( 14.75000000000000888, 30.25000000000000000, 1.114006583038570364 ) ) ;
#6430 = CARTESIAN_POINT ( 'NONE',  ( -4.499643865110253493, -31.61674813486315472, 5.729578968951964058 ) ) ;
#6431 = EDGE_LOOP ( 'NONE', ( #3110, #364, #5348, #5159 ) ) ;
#6432 = CARTESIAN_POINT ( 'NONE',  ( -34.75000000000000000, 10.20280384732663848, 4.380507510607666077 ) ) ;
#6433 = CARTESIAN_POINT ( 'NONE',  ( -31.11933618837794313, -6.521985117843793311, 9.538833753943498195 ) ) ;
#6434 = CARTESIAN_POINT ( 'NONE',  ( 31.63900676532962208, 3.047555846434793381, 12.29120925965088418 ) ) ;
#6435 = CARTESIAN_POINT ( 'NONE',  ( -13.80589951311552177, 29.10139096295917938, 6.128532764085409035 ) ) ;
#6436 = CARTESIAN_POINT ( 'NONE',  ( 31.61116127550977950, -3.062541322774078978, 12.31660332516053025 ) ) ;
#6437 = CARTESIAN_POINT ( 'NONE',  ( 15.59593382730308164, -29.96802313343452440, 6.999597995420348440 ) ) ;
#6438 = CARTESIAN_POINT ( 'NONE',  ( -30.25000000000049738, -0.7295888344570042872, 12.14142842854215409 ) ) ;
#6439 = CARTESIAN_POINT ( 'NONE',  ( 14.29721363582755700, -29.00609016076435509, 6.135594233691576527 ) ) ;
#6440 = ORIENTED_EDGE ( 'NONE', *, *, #1985, .F. ) ;
#6441 = EDGE_CURVE ( 'NONE', #4419, #4027, #6281, .T. ) ;
#6442 = CARTESIAN_POINT ( 'NONE',  ( -24.71297242457349341, 29.10434827656278856, -0.4263444224547981443 ) ) ;
#6443 = CARTESIAN_POINT ( 'NONE',  ( -13.06160036928064905, 30.24999999999836575, 4.390114492170990701 ) ) ;
#6444 = CARTESIAN_POINT ( 'NONE',  ( -31.03693014562117369, 17.78054192198644401, -17.97763978122968354 ) ) ;
#6445 = CARTESIAN_POINT ( 'NONE',  ( -9.959163886963754209, -28.60131461480930426, 8.269866136659015154 ) ) ;
#6446 = CARTESIAN_POINT ( 'NONE',  ( 12.82789569206553004, -31.75000000000000711, 4.746716091809518367 ) ) ;
#6447 = CARTESIAN_POINT ( 'NONE',  ( -28.64200997166767948, 23.98067832808991895, 3.235547906613649882 ) ) ;
#6448 = EDGE_CURVE ( 'NONE', #5741, #2615, #3215, .T. ) ;
#6449 = CARTESIAN_POINT ( 'NONE',  ( -17.20620244292974022, -27.95668264543467885, 6.376530701577662441 ) ) ;
#6450 = CARTESIAN_POINT ( 'NONE',  ( 23.62675322211480733, 24.59632191813473767, 5.880788991700925727 ) ) ;
#6451 = CARTESIAN_POINT ( 'NONE',  ( 10.97688412208109732, -29.49231220207702719, 6.105163909583964710 ) ) ;
#6452 = ORIENTED_EDGE ( 'NONE', *, *, #1178, .T. ) ;
#6453 = CARTESIAN_POINT ( 'NONE',  ( 32.07579374044574649, 18.26463444411621850, -0.5184443382348732365 ) ) ;
#6454 = CARTESIAN_POINT ( 'NONE',  ( 31.89919400913861836, -18.72986826149701756, 3.337762937637941629 ) ) ;
#6455 = EDGE_LOOP ( 'NONE', ( #1667, #1786, #2869, #6736 ) ) ;
#6456 = CARTESIAN_POINT ( 'NONE',  ( 30.62139770061251554, -13.55358200708974081, 6.130299924250574684 ) ) ;
#6457 = CARTESIAN_POINT ( 'NONE',  ( 4.083624113226821173, -30.04298877366449716, 6.466708355740919068 ) ) ;
#6458 = CARTESIAN_POINT ( 'NONE',  ( 24.63271485396830585, 23.77462982513453227, 5.829607603382441106 ) ) ;
#6459 = ORIENTED_EDGE ( 'NONE', *, *, #4140, .F. ) ;
#6460 = CARTESIAN_POINT ( 'NONE',  ( 34.75000000000002132, -11.18955020541116241, 4.406518947653347062 ) ) ;
#6461 = LINE ( 'NONE', #157, #2918 ) ;
#6462 = DIRECTION ( 'NONE',  ( 0.000000000000000000, 0.000000000000000000, 1.000000000000000000 ) ) ;
#6463 = CARTESIAN_POINT ( 'NONE',  ( -30.17957119717980774, -15.21633096514154815, 6.011358763768047453 ) ) ;
#6464 = EDGE_CURVE ( 'NONE', #3734, #5400, #3326, .T. ) ;
#6465 = ORIENTED_EDGE ( 'NONE', *, *, #5270, .F. ) ;
#6466 = CARTESIAN_POINT ( 'NONE',  ( 32.91264075965047198, 7.078468598404679568, 7.006438681217646902 ) ) ;
#6467 = CARTESIAN_POINT ( 'NONE',  ( -31.75038754431969679, 0.8168819859209016654, 9.282577143251051766 ) ) ;
#6468 = CARTESIAN_POINT ( 'NONE',  ( -13.63395250393894642, 27.02491146045824522, 9.105135612053327776 ) ) ;
#6469 = CARTESIAN_POINT ( 'NONE',  ( 13.89291220237359248, 31.75000000000000000, 1.506774838207425971 ) ) ;
#6470 = CARTESIAN_POINT ( 'NONE',  ( -1.604940585211913378E-15, -31.75000000000000000, 4.999999999999999112 ) ) ;
#6471 = CARTESIAN_POINT ( 'NONE',  ( 24.37483635042307739, -24.15023374689692659, 5.760630130601718690 ) ) ;
#6472 = ORIENTED_EDGE ( 'NONE', *, *, #3000, .T. ) ;
#6473 = ORIENTED_EDGE ( 'NONE', *, *, #4713, .T. ) ;
#6474 = CARTESIAN_POINT ( 'NONE',  ( -12.12402541061341132, -30.25000000000000000, 2.154191468302061097 ) ) ;
#6475 = B_SPLINE_CURVE_WITH_KNOTS ( 'NONE', 3,
 ( #5687, #5277, #977, #4106, #4173, #2141, #6335, #4660, #3652, #3547, #946, #3080, #5206, #3051, #5138, #434, #2072, #2522, #4624, #2040, #4139, #6227 ),
 .UNSPECIFIED., .F., .F.,
 ( 4, 2, 2, 2, 2, 2, 2, 2, 2, 2, 4 ),
 ( 0.000000000000000000, 0.001885867818562045675, 0.003771735637124091350, 0.007543471274248180966, 0.009429339092810221437, 0.01131520691137226191, 0.01508694254849634979, 0.01885867818562043940, 0.02263041382274452729, 0.02640214945986861517, 0.03017388509699270305 ),
 .UNSPECIFIED. ) ;
#6476 = CARTESIAN_POINT ( 'NONE',  ( -14.74999999999999645, 23.75000000000000000, -12.00000000000000000 ) ) ;
#6477 = CARTESIAN_POINT ( 'NONE',  ( -32.40622562401012630, -10.67078234191807695, 7.130454868564777726 ) ) ;
#6478 = CARTESIAN_POINT ( 'NONE',  ( 34.08404592655573850, -16.91039866783186341, -0.3683243979704595161 ) ) ;
#6479 = EDGE_CURVE ( 'NONE', #859, #6532, #472, .T. ) ;
#6480 = CARTESIAN_POINT ( 'NONE',  ( 15.33043010344864499, -31.74999999999999645, 4.794752630680897632 ) ) ;
#6481 = CARTESIAN_POINT ( 'NONE',  ( -28.42659583555209579, 19.13985607443300196, 5.814546347500221479 ) ) ;
#6482 = CARTESIAN_POINT ( 'NONE',  ( -18.79194059089816093, -27.38683632477280128, 6.235375018895306987 ) ) ;
#6483 = DIRECTION ( 'NONE',  ( -0.4229360644636521172, 0.000000000000000000, -0.9061595253463916588 ) ) ;
#6484 = CARTESIAN_POINT ( 'NONE',  ( -29.20922610488345583, -19.92736693495387357, 6.877988821191012292 ) ) ;
#6485 = ORIENTED_EDGE ( 'NONE', *, *, #3700, .F. ) ;
#6486 = CARTESIAN_POINT ( 'NONE',  ( 29.02734931991512468, -18.00225251335866972, 5.859311040427852113 ) ) ;
#6487 = EDGE_LOOP ( 'NONE', ( #1856, #6025, #2412 ) ) ;
#6488 = CARTESIAN_POINT ( 'NONE',  ( 1.018587236745886599E-15, 17.64671709346138329, -38.37032386021991215 ) ) ;
#6489 = CARTESIAN_POINT ( 'NONE',  ( 34.75000000000000711, 10.32424625193604406, 0.6640423588173826053 ) ) ;
#6490 = CARTESIAN_POINT ( 'NONE',  ( -32.16082346236729705, -11.82499480630421296, 7.193964983965567939 ) ) ;
#6491 = EDGE_LOOP ( 'NONE', ( #4333, #1742, #5478 ) ) ;
#6492 = DIRECTION ( 'NONE',  ( 0.000000000000000000, -0.1677653266206178828, -0.9858269600613880357 ) ) ;
#6493 = CARTESIAN_POINT ( 'NONE',  ( -34.75000000000000000, -6.411906330773107676, 1.261034303617980745 ) ) ;
#6494 = DATE_TIME_ROLE ( 'creation_date' ) ;
#6495 = PLANE ( 'NONE',  #4435 ) ;
#6496 = EDGE_LOOP ( 'NONE', ( #726, #2864, #3372, #3040 ) ) ;
#6497 = CARTESIAN_POINT ( 'NONE',  ( 34.74999999999442934, -1.686010713363855773, 4.453268261750861434 ) ) ;
#6498 = AXIS2_PLACEMENT_3D ( 'NONE', #6707, #2988, #2012 ) ;
#6499 = CARTESIAN_POINT ( 'NONE',  ( -29.26218333733010368, -17.03747781939505401, -17.51979835790185547 ) ) ;
#6500 = CARTESIAN_POINT ( 'NONE',  ( -1.619239970780316461E-14, -12.96604247045931047, -42.78451031804711135 ) ) ;
#6501 = CARTESIAN_POINT ( 'NONE',  ( -33.13212055593397309, 14.15891066147852939, -0.1085680200468484846 ) ) ;
#6502 = FACE_OUTER_BOUND ( 'NONE', #4755, .T. ) ;
#6503 = CARTESIAN_POINT ( 'NONE',  ( 14.64795032084001747, -28.18535739033206866, 9.658311280202243054 ) ) ;
#6504 = AXIS2_PLACEMENT_3D ( 'NONE', #4207, #2705, #1148 ) ;
#6505 = CARTESIAN_POINT ( 'NONE',  ( 2.202006242892984300, -24.12834290317408303, -20.00000000000000355 ) ) ;
#6506 = CARTESIAN_POINT ( 'NONE',  ( 11.78187267449060371, -27.88582739740855843, 8.732182026886826876 ) ) ;
#6507 = ORIENTED_EDGE ( 'NONE', *, *, #2175, .T. ) ;
#6508 = CARTESIAN_POINT ( 'NONE',  ( -26.74999999999999645, -11.75000000000000000, -12.00000000000000000 ) ) ;
#6509 = CARTESIAN_POINT ( 'NONE',  ( -18.05234050537669432, -28.90410231946779263, 7.287002609595688796 ) ) ;
#6510 = CYLINDRICAL_SURFACE ( 'NONE', #1578, 20.00000000000000000 ) ;
#6511 = ADVANCED_FACE ( 'NONE', ( #27 ), #2108, .F. ) ;
#6512 = CARTESIAN_POINT ( 'NONE',  ( 20.03780832649298560, -24.63591863071855315, 14.30441921369691016 ) ) ;
#6513 = CARTESIAN_POINT ( 'NONE',  ( 23.54902914509393241, -29.72251539826403288, -0.3121538372013381024 ) ) ;
#6514 = DIRECTION ( 'NONE',  ( 0.3748062816633033201, 0.000000000000000000, -0.9271031502620020737 ) ) ;
#6515 = CARTESIAN_POINT ( 'NONE',  ( -30.79527279168030418, 21.04196600577329690, -0.6823423311128838931 ) ) ;
#6516 = CARTESIAN_POINT ( 'NONE',  ( 18.52197916705293324, 23.01806093726700198, -18.49814530967287141 ) ) ;
#6517 = EDGE_CURVE ( 'NONE', #2339, #367, #3797, .T. ) ;
#6518 = CARTESIAN_POINT ( 'NONE',  ( 34.75000000000001421, -4.466215271382758978, -10.12784390006126145 ) ) ;
#6519 = CARTESIAN_POINT ( 'NONE',  ( 7.253130000489627527, 30.93565270533826705, 7.655952732747906886 ) ) ;
#6520 = ORIENTED_EDGE ( 'NONE', *, *, #5166, .T. ) ;
#6521 = CIRCLE ( 'NONE', #3556, 20.00000000000000000 ) ;
#6522 = CARTESIAN_POINT ( 'NONE',  ( 28.58572791422396975, -24.04674509231313451, -0.7141097527414659307 ) ) ;
#6523 = EDGE_CURVE ( 'NONE', #432, #6054, #6058, .T. ) ;
#6524 = CARTESIAN_POINT ( 'NONE',  ( 2.497115503357530871E-14, 20.94432936998195061, -29.35620583363942160 ) ) ;
#6525 = CIRCLE ( 'NONE', #5978, 8.500000000000001776 ) ;
#6526 = CARTESIAN_POINT ( 'NONE',  ( 5.553986659443627794, 24.96065885834450171, -19.91209095855208844 ) ) ;
#6527 = CARTESIAN_POINT ( 'NONE',  ( 3.594901103309019850E-16, -31.75000000000000000, 4.999999999999999112 ) ) ;
#6528 = CARTESIAN_POINT ( 'NONE',  ( 32.28363284288275281, -11.27290382878824815, 7.175991023253123657 ) ) ;
#6529 = CARTESIAN_POINT ( 'NONE',  ( -34.74999999999999289, 1.616107873185657295, 1.605567424709632096 ) ) ;
#6530 = VECTOR ( 'NONE', #5041, 1000.000000000000000 ) ;
#6531 = CARTESIAN_POINT ( 'NONE',  ( 14.75000000000000888, -11.75000000000000000, -18.50000000000000000 ) ) ;
#6532 = VERTEX_POINT ( 'NONE', #4929 ) ;
#6533 = CARTESIAN_POINT ( 'NONE',  ( 33.18560699891231280, -3.513891999195913218, 6.904961296942078164 ) ) ;
#6534 = CARTESIAN_POINT ( 'NONE',  ( -1.100908770256575631, -23.74999999999999289, -20.00000000000000000 ) ) ;
#6535 = CARTESIAN_POINT ( 'NONE',  ( 14.75000000000000888, -23.75000000000000000, -12.00000000000000000 ) ) ;
#6536 = DIRECTION ( 'NONE',  ( 0.000000000000000000, -0.000000000000000000, 1.000000000000000000 ) ) ;
#6537 = CARTESIAN_POINT ( 'NONE',  ( -5.220056981365591212E-15, -31.75000000000000000, 4.999999999999999112 ) ) ;
#6538 = EDGE_LOOP ( 'NONE', ( #3317, #1242, #3840, #1879 ) ) ;
#6539 = CARTESIAN_POINT ( 'NONE',  ( 28.39625366801849538, -19.39655389787165518, 5.734048496370471426 ) ) ;
#6540 = EDGE_LOOP ( 'NONE', ( #1305, #148, #6744 ) ) ;
#6541 = CARTESIAN_POINT ( 'NONE',  ( -32.72817861013842844, 20.61008465177249249, -0.6325374820664879660 ) ) ;
#6542 = CARTESIAN_POINT ( 'NONE',  ( -28.07978715247322654, -11.26654597457793550, 14.03469464211689299 ) ) ;
#6543 = CARTESIAN_POINT ( 'NONE',  ( 33.25000000000000711, 1.689813306463059162, 4.026076977498419751 ) ) ;
#6544 = CARTESIAN_POINT ( 'NONE',  ( 15.47274324572573967, -27.75016340291275441, 13.48639783429104710 ) ) ;
#6545 = CARTESIAN_POINT ( 'NONE',  ( -9.011681606738831007, -29.77442918018511264, 5.864307335392126674 ) ) ;
#6546 = CARTESIAN_POINT ( 'NONE',  ( 15.88462884185761581, -31.75000000000000000, 4.747777809026283435 ) ) ;
#6547 = CARTESIAN_POINT ( 'NONE',  ( -29.73224236983253377, 16.42353801222479959, 5.938941969463208181 ) ) ;
#6548 = CARTESIAN_POINT ( 'NONE',  ( 21.24998046139450381, 22.14698631120182171, -18.49778414411412797 ) ) ;
#6549 =( BOUNDED_SURFACE ( )  B_SPLINE_SURFACE ( 3, 2, ( 
 ( #3420, #3391, #1745 ),
 ( #311, #208, #1810 ),
 ( #3360, #6573, #1873 ),
 ( #3981, #2292, #5963 ),
 ( #744, #2356, #1362 ),
 ( #3455, #5557, #4868 ),
 ( #4390, #6443, #2778 ),
 ( #3842, #1221, #242 ) ),
 .UNSPECIFIED., .F., .F., .T. ) 
 B_SPLINE_SURFACE_WITH_KNOTS ( ( 4, 2, 2, 4 ),
 ( 3, 3 ),
 ( -7.320533068622125938E-16, 0.001413360555025045895, 0.002120040832537934978, 0.002826721110050823844 ),
 ( 0.000000000000000000, 1.000000000000000000 ),
 .UNSPECIFIED. ) 
 GEOMETRIC_REPRESENTATION_ITEM ( )  RATIONAL_B_SPLINE_SURFACE ( (
 ( 1.000000000000000000, 0.9301069718818638643, 1.000000000000000000),
 ( 1.000000000000000000, 0.9357408456368452310, 1.000000000000000000),
 ( 1.000000000000000000, 0.9414178394317649357, 1.000000000000000000),
 ( 1.000000000000000000, 0.9501746536313724345, 1.000000000000000000),
 ( 1.000000000000000000, 0.9531345776570061545, 1.000000000000000000),
 ( 1.000000000000000000, 0.9592322713195984285, 1.000000000000000000),
 ( 1.000000000000000000, 0.9623577978462540816, 1.000000000000000000),
 ( 1.000000000000000000, 0.9657594123133711461, 1.000000000000000000) ) ) 
 REPRESENTATION_ITEM ( '' )  SURFACE ( )  );
#6550 = CARTESIAN_POINT ( 'NONE',  ( -3.769551535026943956, 31.58270818647342892, 7.426381034635355149 ) ) ;
#6551 = CARTESIAN_POINT ( 'NONE',  ( 12.18382520048411521, 29.33743036580810326, 9.093916432458835075 ) ) ;
#6552 = ORIENTED_EDGE ( 'NONE', *, *, #4674, .T. ) ;
#6553 = CARTESIAN_POINT ( 'NONE',  ( 23.62670227579831561, -24.59636157110418253, 5.880791796356869661 ) ) ;
#6554 = ORIENTED_EDGE ( 'NONE', *, *, #6603, .T. ) ;
#6555 = CARTESIAN_POINT ( 'NONE',  ( 2.216324437316796916E-14, 3.804156698725312147, -56.55836959271330500 ) ) ;
#6556 = CARTESIAN_POINT ( 'NONE',  ( 14.30810377508051445, 30.15065002020318019, 7.165040760877340098 ) ) ;
#6557 = CARTESIAN_POINT ( 'NONE',  ( -8.865740884288687340, -31.19735857064535267, 6.396497458103359790 ) ) ;
#6558 = ORIENTED_EDGE ( 'NONE', *, *, #3238, .F. ) ;
#6559 = FACE_OUTER_BOUND ( 'NONE', #2651, .T. ) ;
#6560 = CARTESIAN_POINT ( 'NONE',  ( 32.79761447121961027, 15.30008833619450570, -16.81275583644107030 ) ) ;
#6561 = APPROVAL_DATE_TIME ( #2376, #1372 ) ;
#6562 = VERTEX_POINT ( 'NONE', #3383 ) ;
#6563 = CARTESIAN_POINT ( 'NONE',  ( 33.18434092556017845, 3.538655601717096921, 6.905518514603777191 ) ) ;
#6564 = CARTESIAN_POINT ( 'NONE',  ( -18.49055355533587530, 28.74707971975673715, 7.267667682671328677 ) ) ;
#6565 = LINE ( 'NONE', #5682, #3992 ) ;
#6566 = DIRECTION ( 'NONE',  ( 1.000000000000000000, 0.000000000000000000, 0.000000000000000000 ) ) ;
#6567 = EDGE_CURVE ( 'NONE', #1170, #6398, #3623, .T. ) ;
#6568 = DIRECTION ( 'NONE',  ( 5.551115123125782702E-17, 0.000000000000000000, -1.000000000000000000 ) ) ;
#6569 = CARTESIAN_POINT ( 'NONE',  ( 17.69030622129611530, -24.54900229142475254, 9.316818011986024217 ) ) ;
#6570 = ORIENTED_EDGE ( 'NONE', *, *, #2640, .T. ) ;
#6571 = CARTESIAN_POINT ( 'NONE',  ( -32.66853373838369379, -15.51567051652071960, -16.92160512359859226 ) ) ;
#6572 = CARTESIAN_POINT ( 'NONE',  ( -25.62509961092820987, -16.11410598118137827, 9.205255226500272059 ) ) ;
#6573 = CARTESIAN_POINT ( 'NONE',  ( -15.11524127927666328, 30.24999999999917222, 4.301376790345006640 ) ) ;
#6574 = CARTESIAN_POINT ( 'NONE',  ( 6.536119518960779473, 31.08439508827653341, 9.137670894166886271 ) ) ;
#6575 = CARTESIAN_POINT ( 'NONE',  ( -16.16960775711607567, -30.25000000000000000, 4.155580001464648454 ) ) ;
#6576 = EDGE_CURVE ( 'NONE', #307, #2710, #2894, .T. ) ;
#6577 = CARTESIAN_POINT ( 'NONE',  ( 14.30244443245335972, -30.15234510161306147, 7.164176986952155879 ) ) ;
#6578 = VERTEX_POINT ( 'NONE', #269 ) ;
#6579 = CARTESIAN_POINT ( 'NONE',  ( -26.90919803218451634, -27.68309047296388314, -0.6027223015479876711 ) ) ;
#6580 = CARTESIAN_POINT ( 'NONE',  ( -8.219121015849971457, 23.91762532105309091, -18.50000000000022382 ) ) ;
#6581 = CARTESIAN_POINT ( 'NONE',  ( 14.75000000000000888, -11.75000000000000000, -12.00000000000000000 ) ) ;
#6582 = CARTESIAN_POINT ( 'NONE',  ( -30.94140824348479768, -16.53519841200256835, 6.948125090886949629 ) ) ;
#6583 = CARTESIAN_POINT ( 'NONE',  ( 33.47614794628014323, 18.78149481140582822, -0.5161257295836659820 ) ) ;
#6584 = EDGE_CURVE ( 'NONE', #5020, #3301, #1390, .T. ) ;
#6585 = CARTESIAN_POINT ( 'NONE',  ( 32.07774122015871399, -18.25963336182137908, -0.5180814868905581072 ) ) ;
#6586 = ORIENTED_EDGE ( 'NONE', *, *, #3287, .F. ) ;
#6587 = CARTESIAN_POINT ( 'NONE',  ( 2.464601683284048801E-15, 30.25000000000000000, 5.000000000000000000 ) ) ;
#6588 = CARTESIAN_POINT ( 'NONE',  ( 17.63964993285855698, 29.05197958286431970, 7.305211428378679095 ) ) ;
#6589 = CARTESIAN_POINT ( 'NONE',  ( -10.68712574850298935, 28.29925517104088684, 11.82629151725428329 ) ) ;
#6590 = ORIENTED_EDGE ( 'NONE', *, *, #5882, .T. ) ;
#6591 = CARTESIAN_POINT ( 'NONE',  ( 11.64451274453155527, 30.25000000000536104, 4.414927614707703896 ) ) ;
#6592 = EDGE_CURVE ( 'NONE', #4590, #3831, #843, .T. ) ;
#6593 = ORIENTED_EDGE ( 'NONE', *, *, #1806, .T. ) ;
#6594 = CARTESIAN_POINT ( 'NONE',  ( 32.40622562401013340, 10.67078234191807695, 7.130454868564771509 ) ) ;
#6595 = ADVANCED_FACE ( 'NONE', ( #4895 ), #4997, .F. ) ;
#6596 = CARTESIAN_POINT ( 'NONE',  ( -31.19825875099202150, -15.62016123005221857, 7.089467329935197348 ) ) ;
#6597 = CARTESIAN_POINT ( 'NONE',  ( 31.42659740532016599, -14.75094212861501042, 7.128108021279646600 ) ) ;
#6598 = DIRECTION ( 'NONE',  ( 0.000000000000000000, -0.1677653266206189098, 0.9858269600613878136 ) ) ;
#6599 = CARTESIAN_POINT ( 'NONE',  ( -15.81909919015523869, 25.81069692325309362, 13.75437665655772967 ) ) ;
#6600 = CARTESIAN_POINT ( 'NONE',  ( 24.04029084004762495, 18.37036675001802877, 14.57256339704671255 ) ) ;
#6601 = CIRCLE ( 'NONE', #5519, 11.49999999999999822 ) ;
#6602 = ORIENTED_EDGE ( 'NONE', *, *, #5832, .T. ) ;
#6603 = EDGE_CURVE ( 'NONE', #5356, #5064, #515, .T. ) ;
#6604 = FACE_OUTER_BOUND ( 'NONE', #1102, .T. ) ;
#6605 = CARTESIAN_POINT ( 'NONE',  ( 31.44266128850629016, 10.60597041864694212, 5.946198822176288701 ) ) ;
#6606 = CARTESIAN_POINT ( 'NONE',  ( 22.32774274127386249, 28.63763075810564018, -0.2465247593856233765 ) ) ;
#6607 = CARTESIAN_POINT ( 'NONE',  ( -31.42659740531324886, 14.75094212861419329, 7.128108021286803542 ) ) ;
#6608 = CARTESIAN_POINT ( 'NONE',  ( 19.89766316764978527, -31.12009082254557768, 0.1399245099569927653 ) ) ;
#6609 = DIRECTION ( 'NONE',  ( 0.000000000000000000, 0.000000000000000000, 1.000000000000000000 ) ) ;
#6610 = CARTESIAN_POINT ( 'NONE',  ( -15.87391641578221524, 30.22477749033195948, 0.8425422415780877694 ) ) ;
#6611 = CARTESIAN_POINT ( 'NONE',  ( -9.525367104928289308, 24.00053782459384166, -18.49516982772264839 ) ) ;
#6612 = AXIS2_PLACEMENT_3D ( 'NONE', #6004, #318, #6034 ) ;
#6613 = DIRECTION ( 'NONE',  ( 0.000000000000000000, 0.000000000000000000, 1.000000000000000000 ) ) ;
#6614 = CARTESIAN_POINT ( 'NONE',  ( -29.47217329226757698, -11.82521767579131478, 14.03469464211830697 ) ) ;
#6615 = CARTESIAN_POINT ( 'NONE',  ( 14.75000000000001243, -30.25000000000000355, 1.114006583038532394 ) ) ;
#6616 = ORIENTED_EDGE ( 'NONE', *, *, #637, .F. ) ;
#6617 = CARTESIAN_POINT ( 'NONE',  ( 3.261566655366991026E-14, -20.04561021859077385, -32.07025748642160323 ) ) ;
#6618 = CARTESIAN_POINT ( 'NONE',  ( 15.34523303530870741, -30.25000000000001066, 0.9638358302697799251 ) ) ;
#6619 = CARTESIAN_POINT ( 'NONE',  ( -20.95092273618531920, -30.80894648406380298, -0.007038711940382551789 ) ) ;
#6620 = CIRCLE ( 'NONE', #1369, 8.000000000000000000 ) ;
#6621 = CARTESIAN_POINT ( 'NONE',  ( 14.74999999999993783, 31.75000000000000000, 1.114006583038573472 ) ) ;
#6622 = CARTESIAN_POINT ( 'NONE',  ( -12.27007193093871784, -30.65543761300918746, 6.856819718362364924 ) ) ;
#6623 = CARTESIAN_POINT ( 'NONE',  ( -20.95086837623090759, 30.80896333008957910, -0.007031227024671530580 ) ) ;
#6624 = ORIENTED_EDGE ( 'NONE', *, *, #3319, .T. ) ;
#6625 = CARTESIAN_POINT ( 'NONE',  ( -30.18086204661719663, 15.21240247911644872, 6.011614107626757963 ) ) ;
#6626 = AXIS2_PLACEMENT_3D ( 'NONE', #5382, #165, #1253 ) ;
#6627 = EDGE_CURVE ( 'NONE', #6578, #1469, #4535, .T. ) ;
#6628 = CARTESIAN_POINT ( 'NONE',  ( -30.99810338494105366, -14.90471117947411983, -16.68753935621655060 ) ) ;
#6629 = CARTESIAN_POINT ( 'NONE',  ( 32.53442976687964006, -20.98631494768883243, 3.968047705383219270 ) ) ;
#6630 = CIRCLE ( 'NONE', #6312, 10.00000000000000000 ) ;
#6631 = CARTESIAN_POINT ( 'NONE',  ( 17.08679114557208933, 26.77193679507238144, 9.883419898882728205 ) ) ;
#6632 = CARTESIAN_POINT ( 'NONE',  ( -20.49485561154946112, 22.27984962319694873, 14.45256509299716896 ) ) ;
#6633 = ORIENTED_EDGE ( 'NONE', *, *, #3492, .T. ) ;
#6634 = CARTESIAN_POINT ( 'NONE',  ( 25.69896779522791164, 22.85072417827075242, 5.727515693450881962 ) ) ;
#6635 = EDGE_CURVE ( 'NONE', #6038, #2302, #6565, .T. ) ;
#6636 = ORIENTED_EDGE ( 'NONE', *, *, #295, .F. ) ;
#6637 = FACE_OUTER_BOUND ( 'NONE', #820, .T. ) ;
#6638 = DIRECTION ( 'NONE',  ( 0.000000000000000000, 0.000000000000000000, 1.000000000000000000 ) ) ;
#6639 = CARTESIAN_POINT ( 'NONE',  ( 29.02728503599057319, -8.513473053892735010, 13.47218163977911409 ) ) ;
#6640 = CARTESIAN_POINT ( 'NONE',  ( -14.73796611988916005, -23.74687848400528623, -18.49999944054997414 ) ) ;
#6641 = CARTESIAN_POINT ( 'NONE',  ( 10.64971712953299843, 31.75000000000360956, 4.787538143356091069 ) ) ;
#6642 = CARTESIAN_POINT ( 'NONE',  ( -14.26973143138782874, -30.25000000000000000, 4.368496923617164462 ) ) ;
#6643 = DIRECTION ( 'NONE',  ( 0.000000000000000000, 0.1677653266206189098, -0.9858269600613878136 ) ) ;
#6644 = ORIENTED_EDGE ( 'NONE', *, *, #1673, .F. ) ;
#6645 = LINE ( 'NONE', #3520, #1997 ) ;
#6646 =( BOUNDED_SURFACE ( )  B_SPLINE_SURFACE ( 3, 2, ( 
 ( #5143, #439, #5074 ),
 ( #2463, #4565, #1976 ),
 ( #3554, #950, #3056 ),
 ( #4177, #1665, #535 ),
 ( #3149, #6262, #3657 ),
 ( #2599, #30, #4728 ) ),
 .UNSPECIFIED., .F., .F., .F. ) 
 B_SPLINE_SURFACE_WITH_KNOTS ( ( 4, 2, 4 ),
 ( 3, 3 ),
 ( -1.214306433183764966E-17, 0.001111716428892415513, 0.002223432857784843168 ),
 ( 0.000000000000000000, 1.000000000000000000 ),
 .UNSPECIFIED. ) 
 GEOMETRIC_REPRESENTATION_ITEM ( )  RATIONAL_B_SPLINE_SURFACE ( (
 ( 1.000000000000000000, 0.9194434921897853830, 1.000000000000000000),
 ( 1.000000000000000000, 0.9229021562078758567, 1.000000000000000000),
 ( 1.000000000000000000, 0.9263158095359885769, 1.000000000000000000),
 ( 1.000000000000000000, 0.9330340061262786255, 1.000000000000000000),
 ( 1.000000000000000000, 0.9363382082413828078, 1.000000000000000000),
 ( 1.000000000000000000, 0.9395803750613923588, 1.000000000000000000) ) ) 
 REPRESENTATION_ITEM ( '' )  SURFACE ( )  );
#6647 = CARTESIAN_POINT ( 'NONE',  ( 13.67009774026893787, 28.99300840714350613, 6.349826425213330516 ) ) ;
#6648 = CARTESIAN_POINT ( 'NONE',  ( 34.75000000000001421, -4.794717911559131629, -10.26262659407763422 ) ) ;
#6649 = CARTESIAN_POINT ( 'NONE',  ( -14.17728982903035373, -25.39454793194694915, -19.82936089894430509 ) ) ;
#6650 = CARTESIAN_POINT ( 'NONE',  ( 29.77464992210997252, 24.96512262614060518, 3.932533246253615999 ) ) ;
#6651 = EDGE_CURVE ( 'NONE', #5908, #2837, #4449, .T. ) ;
#6652 = CARTESIAN_POINT ( 'NONE',  ( 31.93621773226571747, 12.81096519409025980, 7.214348705376069759 ) ) ;
#6653 = CARTESIAN_POINT ( 'NONE',  ( 6.168535983373453004E-15, -23.34889057605686347, -20.00000000000003553 ) ) ;
#6654 = CARTESIAN_POINT ( 'NONE',  ( 33.25000000000000711, -12.96115016906119521, 0.05364891075664711406 ) ) ;
#6655 = CARTESIAN_POINT ( 'NONE',  ( -21.69912337118310575, -27.16039963114766920, 7.113251424381963339 ) ) ;
#6656 = CARTESIAN_POINT ( 'NONE',  ( -20.42252603499170860, 22.34646890616152959, 14.44686491759680358 ) ) ;
#6657 = EDGE_LOOP ( 'NONE', ( #4723, #6073 ) ) ;
#6658 = CARTESIAN_POINT ( 'NONE',  ( -34.74999999999999289, 2.430287243081265203, -9.512497045418554009 ) ) ;
#6659 = ADVANCED_FACE ( 'NONE', ( #3107 ), #5343, .F. ) ;
#6660 = CARTESIAN_POINT ( 'NONE',  ( -27.15761804246429278, 27.48869671045695284, 3.985195705846805048 ) ) ;
#6661 = ORIENTED_EDGE ( 'NONE', *, *, #2527, .F. ) ;
#6662 = CARTESIAN_POINT ( 'NONE',  ( -18.82722422002427720, 27.38681135639905051, 6.231462207253113839 ) ) ;
#6663 = CARTESIAN_POINT ( 'NONE',  ( 13.37475034304675248, -29.21738612740839613, 6.035963268776055379 ) ) ;
#6664 = CARTESIAN_POINT ( 'NONE',  ( -22.33240453814503823, -22.60238231407038612, 14.50564884905603691 ) ) ;
#6665 = CARTESIAN_POINT ( 'NONE',  ( 30.29610756880846267, 9.517120639985831687, 13.61280467375200054 ) ) ;
#6666 = CARTESIAN_POINT ( 'NONE',  ( -30.98833531075758430, 12.75536200511619533, 5.994888054945540112 ) ) ;
#6667 = EDGE_CURVE ( 'NONE', #3348, #859, #1335, .T. ) ;
#6668 = VERTEX_POINT ( 'NONE', #2102 ) ;
#6669 = CARTESIAN_POINT ( 'NONE',  ( 21.33181576440047778, 21.48024220408057872, 14.50883644006012752 ) ) ;
#6670 = VERTEX_POINT ( 'NONE', #6396 ) ;
#6671 = CARTESIAN_POINT ( 'NONE',  ( 6.265279901510830918, 29.60792161104057030, 9.161994681961990850 ) ) ;
#6672 = CARTESIAN_POINT ( 'NONE',  ( -28.39231210432266295, -19.40236885891572172, 5.733651102993838400 ) ) ;
#6673 = CARTESIAN_POINT ( 'NONE',  ( 30.11905470709282540, -2.904203785552989636, 12.31487966400735878 ) ) ;
#6674 = CARTESIAN_POINT ( 'NONE',  ( -4.355022284801141730, 30.16547400278887991, 5.479643082568141033 ) ) ;
#6675 = CARTESIAN_POINT ( 'NONE',  ( -32.39547581707908819, 11.28100118166670285, 7.043133367763315000 ) ) ;
#6676 = CARTESIAN_POINT ( 'NONE',  ( -33.24999999999999289, -9.957630807191202749, 0.7264319640404549583 ) ) ;
#6677 = CARTESIAN_POINT ( 'NONE',  ( -8.101727358673496582, 31.75000000000000000, 3.181821116001985139 ) ) ;
#6678 = CARTESIAN_POINT ( 'NONE',  ( -19.18985795344306311, 27.21976775135070881, 6.201525458560334769 ) ) ;
#6679 = CARTESIAN_POINT ( 'NONE',  ( -32.90919831563347486, -7.113854894612047453, 7.007616542541127203 ) ) ;
#6680 = DIRECTION ( 'NONE',  ( 0.000000000000000000, 0.2934431313557196996, -0.9559765314379584655 ) ) ;
#6681 = CARTESIAN_POINT ( 'NONE',  ( -11.21706586826346630, -29.70252402249745671, 11.82629151725428684 ) ) ;
#6682 = CARTESIAN_POINT ( 'NONE',  ( 31.13295958120679074, 15.60536804457243321, 7.091411146567929258 ) ) ;
#6683 = CARTESIAN_POINT ( 'NONE',  ( 29.46611090272571332, 11.84042035758585776, 14.03699031370494055 ) ) ;
#6684 = CARTESIAN_POINT ( 'NONE',  ( 19.34300027647088172, -29.70970367643417731, 0.1674800974921122065 ) ) ;
#6685 = CC_DESIGN_DATE_AND_TIME_ASSIGNMENT ( #327, #6494, ( #3762 ) ) ;
#6686 = CARTESIAN_POINT ( 'NONE',  ( -1.143195481653320071E-15, -6.295998295829392966, -55.09619301173420780 ) ) ;
#6687 = CARTESIAN_POINT ( 'NONE',  ( -23.60124760249392040, -29.71762388142274958, 4.142970297178369066 ) ) ;
#6688 = CARTESIAN_POINT ( 'NONE',  ( -9.792845017879967529, 28.63697750913307871, 11.32731078277875980 ) ) ;
#6689 = DIRECTION ( 'NONE',  ( -0.000000000000000000, -1.000000000000000000, 0.000000000000000000 ) ) ;
#6690 = DIRECTION ( 'NONE',  ( 0.3748062816633034311, 0.000000000000000000, 0.9271031502620021847 ) ) ;
#6691 = CARTESIAN_POINT ( 'NONE',  ( -23.36372435211461251, 29.81224746944613813, -0.2925685613471208368 ) ) ;
#6692 = ORIENTED_EDGE ( 'NONE', *, *, #6033, .F. ) ;
#6693 = CARTESIAN_POINT ( 'NONE',  ( 34.75000000000515143, 12.56567594154207690, 4.369468029938586184 ) ) ;
#6694 = CARTESIAN_POINT ( 'NONE',  ( 6.265279901510387717, -29.60792161104065912, 9.161994681960777598 ) ) ;
#6695 = CARTESIAN_POINT ( 'NONE',  ( -15.46940271386412746, -27.73327189617076982, 13.46440240687116763 ) ) ;
#6696 = CARTESIAN_POINT ( 'NONE',  ( 25.03399324162815276, 24.87801956840980822, 6.896136467352111055 ) ) ;
#6697 = CARTESIAN_POINT ( 'NONE',  ( -21.93908661737339472, 25.93963189120879775, 5.866771612091026711 ) ) ;
#6698 = ORIENTED_EDGE ( 'NONE', *, *, #33, .T. ) ;
#6699 = CARTESIAN_POINT ( 'NONE',  ( 23.67891947461422930, 18.83399974645477926, 14.57467371536654355 ) ) ;
#6700 = EDGE_LOOP ( 'NONE', ( #275, #4699, #2094, #2379 ) ) ;
#6701 = CARTESIAN_POINT ( 'NONE',  ( -15.82785994077931591, -25.78533401126363955, 13.74360719311384038 ) ) ;
#6702 = CARTESIAN_POINT ( 'NONE',  ( 30.09146372753555099, -3.209411535946261829, 8.912398339185946483 ) ) ;
#6703 = CARTESIAN_POINT ( 'NONE',  ( -8.101630523369644621, 30.25000000000000000, 3.176245534205414778 ) ) ;
#6704 = CARTESIAN_POINT ( 'NONE',  ( -14.04867743884289411, -28.89055251734196972, 6.392975890413981510 ) ) ;
#6705 = AXIS2_PLACEMENT_3D ( 'NONE', #2307, #4440, #2865 ) ;
#6706 = DIRECTION ( 'NONE',  ( -0.9650638603872356835, -0.000000000000000000, -0.2620147808320862914 ) ) ;
#6707 = CARTESIAN_POINT ( 'NONE',  ( 12.12402541061341665, 21.75000000000000000, 2.154191468302071755 ) ) ;
#6708 = CARTESIAN_POINT ( 'NONE',  ( 16.64604300882180965, 28.13446927176633849, 6.428292897076849144 ) ) ;
#6709 = ADVANCED_FACE ( 'NONE', ( #4853 ), #5345, .F. ) ;
#6710 = LOCAL_TIME ( 0, 3, 48.00000000000000000, #2798 ) ;
#6711 = CARTESIAN_POINT ( 'NONE',  ( -34.74999999999999289, 11.75000000000000000, 0.2546058388727228117 ) ) ;
#6712 = CARTESIAN_POINT ( 'NONE',  ( -18.81232739070666682, -28.80942215456613198, 7.040780325033175302 ) ) ;
#6713 = CARTESIAN_POINT ( 'NONE',  ( 34.64337081780470129, 14.17742294920409662, 4.265115757010554454 ) ) ;
#6714 = CARTESIAN_POINT ( 'NONE',  ( 16.52631116462119465, 27.11674445210486084, 13.72434228741768969 ) ) ;
#6715 = CARTESIAN_POINT ( 'NONE',  ( 17.20620244292985745, -27.95668264543464332, 6.376530701577650895 ) ) ;
#6716 = ADVANCED_FACE ( 'NONE', ( #5272 ), #4821, .T. ) ;
#6717 = AXIS2_PLACEMENT_3D ( 'NONE', #6135, #1467, #6168 ) ;
#6718 = CARTESIAN_POINT ( 'NONE',  ( 19.50258998612518369, -29.66962735586055544, 0.1413873526763012034 ) ) ;
#6719 = CARTESIAN_POINT ( 'NONE',  ( -19.19862079092835216, -31.30013453835581316, 4.437665108569350814 ) ) ;
#6720 = DIRECTION ( 'NONE',  ( 0.000000000000000000, 0.000000000000000000, -1.000000000000000000 ) ) ;
#6721 = CARTESIAN_POINT ( 'NONE',  ( 33.25000000000000711, 0.6336117507692048401, -9.622299943510943976 ) ) ;
#6722 = CARTESIAN_POINT ( 'NONE',  ( 33.25000000000000711, 2.098370007887891402E-25, -9.622299943510874698 ) ) ;
#6723 = B_SPLINE_CURVE_WITH_KNOTS ( 'NONE', 3,
 ( #3757, #5850, #5916, #5344, #1140, #3275 ),
 .UNSPECIFIED., .F., .F.,
 ( 4, 2, 4 ),
 ( 0.000000000000000000, 0.002065374289354895542, 0.004130748578709785880 ),
 .UNSPECIFIED. ) ;
#6724 = CARTESIAN_POINT ( 'NONE',  ( -22.76468661412948435, 30.08544412978735494, -0.2264962296650594731 ) ) ;
#6725 = EDGE_CURVE ( 'NONE', #5313, #5919, #4846, .T. ) ;
#6726 = ORIENTED_EDGE ( 'NONE', *, *, #361, .F. ) ;
#6727 = CARTESIAN_POINT ( 'NONE',  ( -17.20620244292877743, 27.95668264543498083, 6.376530701577748594 ) ) ;
#6728 = CIRCLE ( 'NONE', #4983, 23.99999999999999289 ) ;
#6729 = CIRCLE ( 'NONE', #927, 25.49999999999999645 ) ;
#6730 = CARTESIAN_POINT ( 'NONE',  ( 25.95650684573478628, 23.87181551194895945, 6.945934679098815678 ) ) ;
#6731 = FACE_OUTER_BOUND ( 'NONE', #3050, .T. ) ;
#6732 = CARTESIAN_POINT ( 'NONE',  ( 19.35433327430209260, 28.56434390272096735, 7.034233846983090288 ) ) ;
#6733 = CARTESIAN_POINT ( 'NONE',  ( -18.70139775175438501, 23.78372807863194183, 14.25622735872173941 ) ) ;
#6734 = TOROIDAL_SURFACE ( 'NONE', #6191, 12.00000000000000000, 8.000000000000000000 ) ;
#6735 = CARTESIAN_POINT ( 'NONE',  ( 28.28790078180817247, -10.73309852908199957, 13.94724874354527699 ) ) ;
#6736 = ORIENTED_EDGE ( 'NONE', *, *, #6752, .T. ) ;
#6737 = B_SPLINE_CURVE_WITH_KNOTS ( 'NONE', 3,
 ( #3024, #6133, #410, #4500, #4598, #1434, #6679, #3522, #4115 ),
 .UNSPECIFIED., .F., .F.,
 ( 4, 2, 1, 2, 4 ),
 ( 1.734723475976807094E-18, 0.005335391170959040419, 0.01067078234191807910, 0.01600617351287711432, 0.02134156468383615474 ),
 .UNSPECIFIED. ) ;
#6738 = CARTESIAN_POINT ( 'NONE',  ( -15.78736841035461680, -28.65109598350836961, 6.126643061685978608 ) ) ;
#6739 = AXIS2_PLACEMENT_3D ( 'NONE', #2494, #5112, #6131 ) ;
#6740 = CARTESIAN_POINT ( 'NONE',  ( -2.027985662144915491, 30.25000000000000000, 4.555578263965988306 ) ) ;
#6741 = CARTESIAN_POINT ( 'NONE',  ( -22.39698982005738159, 22.53760546544657828, 14.50915833702895341 ) ) ;
#6742 = CARTESIAN_POINT ( 'NONE',  ( -33.24999999999999289, -9.591564683836150351, 0.7887280973505829129 ) ) ;
#6743 = CARTESIAN_POINT ( 'NONE',  ( -31.25779178040861339, 10.50889969320578565, 6.179195852882645390 ) ) ;
#6744 = ORIENTED_EDGE ( 'NONE', *, *, #3105, .F. ) ;
#6745 = CARTESIAN_POINT ( 'NONE',  ( -30.29496810938204732, -9.521005707025816278, 13.61374420572702704 ) ) ;
#6746 = ORIENTED_EDGE ( 'NONE', *, *, #495, .T. ) ;
#6747 = CARTESIAN_POINT ( 'NONE',  ( 34.75000000000000711, 7.827113324876937561, -12.00000000000000355 ) ) ;
#6748 = DIRECTION ( 'NONE',  ( -1.000000000000000000, 0.000000000000000000, 0.000000000000000000 ) ) ;
#6749 = CARTESIAN_POINT ( 'NONE',  ( -13.16423905204409373, -28.91216845460122187, 9.394240198065144654 ) ) ;
#6750 = CARTESIAN_POINT ( 'NONE',  ( 6.168535983373453004E-15, -23.34889057605686347, -20.00000000000003553 ) ) ;
#6751 = CARTESIAN_POINT ( 'NONE',  ( 30.46665454190762645, 8.935628742514968081, 13.47218163977897909 ) ) ;
#6752 = EDGE_CURVE ( 'NONE', #4657, #697, #2389, .T. ) ;
#6753 = CARTESIAN_POINT ( 'NONE',  ( -34.74999999999440803, -6.792038049829773882, 4.422477759011674614 ) ) ;
#6754 = CARTESIAN_POINT ( 'NONE',  ( -30.66175962625250051, -21.25661953077084831, 3.252005335463330482 ) ) ;
#6755 = CARTESIAN_POINT ( 'NONE',  ( 33.13212055593399441, -14.15891066147852051, -0.1085680200468547851 ) ) ;
#6756 = CARTESIAN_POINT ( 'NONE',  ( -15.96505558739167974, -31.72273194053235912, 0.8425399305041173514 ) ) ;
#6757 = DIRECTION ( 'NONE',  ( 0.000000000000000000, 0.000000000000000000, -1.000000000000000000 ) ) ;
#6758 = CARTESIAN_POINT ( 'NONE',  ( 6.912824193706812892, 23.75000000000000355, -18.50000000000000000 ) ) ;
#6759 = CARTESIAN_POINT ( 'NONE',  ( -31.97479549486918060, 1.823350265877478060, 6.063203791706155421 ) ) ;
#6760 = CARTESIAN_POINT ( 'NONE',  ( -29.78738758543306631, 18.68068012257117161, 6.979349313396327581 ) ) ;
#6761 = VERTEX_POINT ( 'NONE', #2623 ) ;
#6762 = CARTESIAN_POINT ( 'NONE',  ( 29.25507592313106286, 19.63296722142171902, 6.954604991356044152 ) ) ;
#6763 = CARTESIAN_POINT ( 'NONE',  ( 29.25080861748170591, -25.54056033441424134, -0.7044050498026256379 ) ) ;
#6764 = CARTESIAN_POINT ( 'NONE',  ( 14.74999999999971578, -25.33714599355027630, -19.84098001496989738 ) ) ;
#6765 = CARTESIAN_POINT ( 'NONE',  ( 22.49055156781723852, 22.44227996532173819, 9.889916343089835138 ) ) ;
#6766 = CARTESIAN_POINT ( 'NONE',  ( -31.41405356183324926, -14.74604785524781114, 7.128415173934101290 ) ) ;
#6767 = CARTESIAN_POINT ( 'NONE',  ( 31.04919994311327258, 11.59918208902340808, 6.211872719642739682 ) ) ;
#6768 = ORIENTED_EDGE ( 'NONE', *, *, #2871, .F. ) ;
#6769 = CARTESIAN_POINT ( 'NONE',  ( 31.15357919864066361, -11.07599022992659421, 6.208503472813454493 ) ) ;
#6770 = CARTESIAN_POINT ( 'NONE',  ( -14.74999999999999645, -23.75000000000000000, -20.00000000000000000 ) ) ;
#6771 = CARTESIAN_POINT ( 'NONE',  ( -7.091116676549814812, 30.25000000000000000, 3.414078052986741607 ) ) ;
#6772 = CARTESIAN_POINT ( 'NONE',  ( 8.498102312150265902, 31.74999999999641886, 4.830200871262323226 ) ) ;
#6773 = CARTESIAN_POINT ( 'NONE',  ( -13.23911685007677264, 31.75000000000000000, 1.774586726684517446 ) ) ;
#6774 = CARTESIAN_POINT ( 'NONE',  ( 1.807027617256477115E-14, 8.002473813444005657, -49.19749462674697327 ) ) ;
#6775 = CARTESIAN_POINT ( 'NONE',  ( 26.99782056537372554, -16.75357710356275831, 14.50890263055637597 ) ) ;
#6776 = ORIENTED_EDGE ( 'NONE', *, *, #5891, .T. ) ;
#6777 = DIRECTION ( 'NONE',  ( -0.000000000000000000, -0.000000000000000000, 1.000000000000000000 ) ) ;
ENDSEC;
END-ISO-10303-21;
