ISO-10303-21;
HEADER;
FILE_DESCRIPTION (( 'STEP AP203' ),
    '1' );
FILE_NAME ('79-8462 - 45mm 30deg.STEP',
    '2026-09-15T22:03:23',
    ( '' ),
    ( '' ),
    'SwSTEP 2.0',
    'SolidWorks 2026',
    '' );
FILE_SCHEMA (( 'CONFIG_CONTROL_DESIGN' ));
ENDSEC;

DATA;
#1 = EDGE_CURVE ( 'NONE', #976, #730, #860, .T. ) ;
#2 = ORIENTED_EDGE ( 'NONE', *, *, #521, .T. ) ;
#3 = CARTESIAN_POINT ( 'NONE',  ( 2.249999999999992450, 22.63846284534353970, -173.6250462620328392 ) ) ;
#4 = AXIS2_PLACEMENT_3D ( 'NONE', #157, #795, #682 ) ;
#5 = ORIENTED_EDGE ( 'NONE', *, *, #1049, .F. ) ;
#6 = LINE ( 'NONE', #1083, #1165 ) ;
#7 = CARTESIAN_POINT ( 'NONE',  ( 22.74999999999999645, 2.786071468060228565E-15, -147.6250462620328108 ) ) ;
#8 = ORIENTED_EDGE ( 'NONE', *, *, #705, .T. ) ;
#9 = DIRECTION ( 'NONE',  ( 0.000000000000000000, 0.000000000000000000, 1.000000000000000000 ) ) ;
#10 = EDGE_CURVE ( 'NONE', #292, #326, #1078, .T. ) ;
#11 = ORIENTED_EDGE ( 'NONE', *, *, #1011, .T. ) ;
#12 = DIRECTION ( 'NONE',  ( -1.000000000000000000, 0.000000000000000000, 0.000000000000000000 ) ) ;
#13 = CARTESIAN_POINT ( 'NONE',  ( 12.45963744804698337, 0.000000000000000000, 21.58072510390540799 ) ) ;
#14 = ORIENTED_EDGE ( 'NONE', *, *, #1023, .T. ) ;
#15 = FACE_OUTER_BOUND ( 'NONE', #956, .T. ) ;
#16 = ORIENTED_EDGE ( 'NONE', *, *, #516, .F. ) ;
#17 = CARTESIAN_POINT ( 'NONE',  ( -22.63846284534354325, -2.249999999999999112, -173.6250462620328392 ) ) ;
#18 = CIRCLE ( 'NONE', #1253, 21.00000000000000711 ) ;
#19 = ADVANCED_FACE ( 'NONE', ( #1292 ), #980, .T. ) ;
#20 = AXIS2_PLACEMENT_3D ( 'NONE', #425, #75, #1175 ) ;
#21 = CARTESIAN_POINT ( 'NONE',  ( 0.000000000000000000, 0.000000000000000000, -173.6250462620328108 ) ) ;
#22 = CIRCLE ( 'NONE', #671, 22.75000000000000000 ) ;
#23 = ORIENTED_EDGE ( 'NONE', *, *, #484, .T. ) ;
#24 = DIRECTION ( 'NONE',  ( -0.000000000000000000, -0.000000000000000000, -1.000000000000000000 ) ) ;
#25 = ORIENTED_EDGE ( 'NONE', *, *, #880, .F. ) ;
#26 = DIRECTION ( 'NONE',  ( -1.000000000000000000, 0.000000000000000000, 0.000000000000000000 ) ) ;
#27 = AXIS2_PLACEMENT_3D ( 'NONE', #552, #1100, #138 ) ;
#28 = DIRECTION ( 'NONE',  ( -0.000000000000000000, -0.000000000000000000, -1.000000000000000000 ) ) ;
#29 = ADVANCED_FACE ( 'NONE', ( #238 ), #268, .F. ) ;
#30 = CARTESIAN_POINT ( 'NONE',  ( -22.63846284534354325, -2.249999999999999112, -147.6250462620328108 ) ) ;
#31 = DATE_TIME_ROLE ( 'creation_date' ) ;
#32 = ORIENTED_EDGE ( 'NONE', *, *, #1196, .T. ) ;
#33 = DIRECTION ( 'NONE',  ( 0.000000000000000000, 0.000000000000000000, 1.000000000000000000 ) ) ;
#34 = DIRECTION ( 'NONE',  ( -0.8660254037844415942, 0.000000000000000000, 0.4999999999999950040 ) ) ;
#35 = EDGE_CURVE ( 'NONE', #607, #1072, #1212, .T. ) ;
#36 = MANIFOLD_SOLID_BREP ( 'Cut-Extrude-Thin1', #136 ) ;
#37 = CARTESIAN_POINT ( 'NONE',  ( -4.760808766220188327E-15, 0.000000000000000000, -173.6250462620328392 ) ) ;
#38 = CARTESIAN_POINT ( 'NONE',  ( 12.45963744804698337, 0.000000000000000000, 21.58072510390540799 ) ) ;
#39 = ORIENTED_EDGE ( 'NONE', *, *, #460, .F. ) ;
#40 = CARTESIAN_POINT ( 'NONE',  ( 24.24999999999999645, 2.250000000000000000, -173.6250462620328108 ) ) ;
#41 = DIRECTION ( 'NONE',  ( -1.000000000000000000, 0.000000000000000000, 0.000000000000000000 ) ) ;
#42 = AXIS2_PLACEMENT_3D ( 'NONE', #929, #936, #1139 ) ;
#43 = CIRCLE ( 'NONE', #881, 22.50000000000000355 ) ;
#44 = DIRECTION ( 'NONE',  ( -0.000000000000000000, -0.000000000000000000, -1.000000000000000000 ) ) ;
#45 = CARTESIAN_POINT ( 'NONE',  ( -7.025934137102962218, 2.755455298081545567E-15, 32.83072510390529430 ) ) ;
#46 = ORIENTED_EDGE ( 'NONE', *, *, #1140, .T. ) ;
#47 = CARTESIAN_POINT ( 'NONE',  ( 0.000000000000000000, 0.000000000000000000, -24.91927489609408042 ) ) ;
#48 = DIRECTION ( 'NONE',  ( -0.000000000000000000, -1.000000000000000000, -0.000000000000000000 ) ) ;
#49 = CIRCLE ( 'NONE', #27, 22.75000000000000000 ) ;
#50 = CARTESIAN_POINT ( 'NONE',  ( -22.63846284534353970, 2.250000000000000000, -147.6250462620328108 ) ) ;
#51 = PERSON_AND_ORGANIZATION ( #143, #382 ) ;
#52 = EDGE_LOOP ( 'NONE', ( #966, #1227, #924, #416 ) ) ;
#53 = DIRECTION ( 'NONE',  ( 0.000000000000000000, -0.000000000000000000, -1.000000000000000000 ) ) ;
#54 = DIRECTION ( 'NONE',  ( -1.000000000000000000, 0.000000000000000000, 0.000000000000000000 ) ) ;
#55 = FACE_OUTER_BOUND ( 'NONE', #754, .T. ) ;
#56 = CARTESIAN_POINT ( 'NONE',  ( -22.75000000000000355, 0.000000000000000000, -173.6250462620328392 ) ) ;
#57 = VERTEX_POINT ( 'NONE', #1013 ) ;
#58 = DIRECTION ( 'NONE',  ( 0.3420201433256675472, 4.188538737676978206E-17, -0.9396926207859088720 ) ) ;
#59 = ORIENTED_EDGE ( 'NONE', *, *, #1031, .F. ) ;
#60 = EDGE_CURVE ( 'NONE', #256, #974, #352, .T. ) ;
#61 = DIRECTION ( 'NONE',  ( -1.000000000000000000, 0.000000000000000000, 0.000000000000000000 ) ) ;
#62 = AXIS2_PLACEMENT_3D ( 'NONE', #1148, #82, #834 ) ;
#63 = CIRCLE ( 'NONE', #284, 3.499999999999999556 ) ;
#64 = PERSON_AND_ORGANIZATION_ROLE ( 'creator' ) ;
#65 = AXIS2_PLACEMENT_3D ( 'NONE', #1268, #732, #1275 ) ;
#66 = VERTEX_POINT ( 'NONE', #478 ) ;
#67 = CARTESIAN_POINT ( 'NONE',  ( 30.64617092752026650, 0.000000000000000000, 11.08072510390551280 ) ) ;
#68 = DIRECTION ( 'NONE',  ( -0.3420201433256675472, 0.000000000000000000, -0.9396926207859088720 ) ) ;
#69 = EDGE_CURVE ( 'NONE', #1201, #1074, #247, .T. ) ;
#70 = VECTOR ( 'NONE', #981, 1000.000000000000000 ) ;
#71 = APPROVAL_DATE_TIME ( #626, #1270 ) ;
#72 = ORIENTED_EDGE ( 'NONE', *, *, #644, .T. ) ;
#73 = FACE_OUTER_BOUND ( 'NONE', #1286, .T. ) ;
#74 = ORIENTED_EDGE ( 'NONE', *, *, #930, .F. ) ;
#75 = DIRECTION ( 'NONE',  ( 1.000000000000000000, 0.000000000000000000, -0.000000000000000000 ) ) ;
#76 = ADVANCED_FACE ( 'NONE', ( #1219 ), #493, .T. ) ;
#77 = UNCERTAINTY_MEASURE_WITH_UNIT (LENGTH_MEASURE( 1.000000000000000082E-05 ), #367, 'distance_accuracy_value', 'NONE');
#78 = ORIENTED_EDGE ( 'NONE', *, *, #433, .T. ) ;
#79 = CARTESIAN_POINT ( 'NONE',  ( 0.000000000000000000, 0.000000000000000000, -173.6250462620328108 ) ) ;
#80 = CC_DESIGN_PERSON_AND_ORGANIZATION_ASSIGNMENT ( #290, #64, ( #94 ) ) ;
#81 = VERTEX_POINT ( 'NONE', #30 ) ;
#82 = DIRECTION ( 'NONE',  ( 0.000000000000000000, 0.000000000000000000, -1.000000000000000000 ) ) ;
#83 = CARTESIAN_POINT ( 'NONE',  ( 12.45963744804694251, 0.000000000000000000, 21.58072510390538312 ) ) ;
#84 = ADVANCED_FACE ( 'NONE', ( #1213 ), #1205, .T. ) ;
#85 = AXIS2_PLACEMENT_3D ( 'NONE', #709, #1358, #173 ) ;
#86 = VECTOR ( 'NONE', #1208, 1000.000000000000000 ) ;
#87 = EDGE_LOOP ( 'NONE', ( #1152, #1366, #514, #573 ) ) ;
#88 = CYLINDRICAL_SURFACE ( 'NONE', #358, 21.00000000000001066 ) ;
#89 = CIRCLE ( 'NONE', #267, 22.50000000000000355 ) ;
#90 = ORIENTED_EDGE ( 'NONE', *, *, #877, .F. ) ;
#91 = CARTESIAN_POINT ( 'NONE',  ( 93.00000000000000000, -2.755455298081545567E-15, -24.91927489609410884 ) ) ;
#92 = CARTESIAN_POINT ( 'NONE',  ( 24.24999999999999645, -2.250000000000000000, -173.6250462620328108 ) ) ;
#93 = AXIS2_PLACEMENT_3D ( 'NONE', #546, #749, #1200 ) ;
#94 = PRODUCT_DEFINITION_FORMATION_WITH_SPECIFIED_SOURCE ( 'ANY', '', #800, .NOT_KNOWN. ) ;
#95 = ORIENTED_EDGE ( 'NONE', *, *, #1204, .T. ) ;
#96 = DIRECTION ( 'NONE',  ( -1.000000000000000000, 0.000000000000000000, 0.000000000000000000 ) ) ;
#97 = ORIENTED_EDGE ( 'NONE', *, *, #859, .F. ) ;
#98 = PLANE ( 'NONE',  #762 ) ;
#99 = DIRECTION ( 'NONE',  ( -0.000000000000000000, 0.000000000000000000, -1.000000000000000000 ) ) ;
#100 = EDGE_LOOP ( 'NONE', ( #448, #1068, #72, #59, #389, #1178 ) ) ;
#101 = CARTESIAN_POINT ( 'NONE',  ( 93.00000000000000000, 0.000000000000000000, -24.91927489609410884 ) ) ;
#102 = ORIENTED_EDGE ( 'NONE', *, *, #353, .T. ) ;
#103 = DIRECTION ( 'NONE',  ( -0.000000000000000000, -0.000000000000000000, -1.000000000000000000 ) ) ;
#104 = EDGE_CURVE ( 'NONE', #884, #170, #1257, .T. ) ;
#105 = PLANE ( 'NONE',  #1284 ) ;
#106 = ORIENTED_EDGE ( 'NONE', *, *, #207, .T. ) ;
#107 = CARTESIAN_POINT ( 'NONE',  ( 2.249999999999993339, 24.14539293529927377, -147.6250462620328108 ) ) ;
#108 = AXIS2_PLACEMENT_3D ( 'NONE', #798, #270, #151 ) ;
#109 = VERTEX_POINT ( 'NONE', #50 ) ;
#110 = FACE_OUTER_BOUND ( 'NONE', #481, .T. ) ;
#111 = EDGE_CURVE ( 'NONE', #909, #130, #329, .T. ) ;
#112 = AXIS2_PLACEMENT_3D ( 'NONE', #1177, #412, #738 ) ;
#113 = FACE_OUTER_BOUND ( 'NONE', #1053, .T. ) ;
#114 = EDGE_CURVE ( 'NONE', #1044, #1238, #587, .T. ) ;
#115 = ORIENTED_EDGE ( 'NONE', *, *, #433, .F. ) ;
#116 = CARTESIAN_POINT ( 'NONE',  ( 0.000000000000000000, 0.000000000000000000, -102.9353258744447146 ) ) ;
#117 = VECTOR ( 'NONE', #572, 1000.000000000000000 ) ;
#118 = ORIENTED_EDGE ( 'NONE', *, *, #1312, .T. ) ;
#119 = FACE_OUTER_BOUND ( 'NONE', #1086, .T. ) ;
#120 = CARTESIAN_POINT ( 'NONE',  ( 0.000000000000000000, 0.000000000000000000, -173.6250462620328108 ) ) ;
#121 = ADVANCED_FACE ( 'NONE', ( #1119 ), #1235, .F. ) ;
#122 = VERTEX_POINT ( 'NONE', #144 ) ;
#123 = CARTESIAN_POINT ( 'NONE',  ( -24.14539293529927377, -2.250000000000000000, -147.6250462620328108 ) ) ;
#124 = ORIENTED_EDGE ( 'NONE', *, *, #1315, .F. ) ;
#125 = DIRECTION ( 'NONE',  ( 1.000000000000000000, 0.000000000000000000, 0.000000000000000000 ) ) ;
#126 = APPROVAL ( #479, 'UNSPECIFIED' ) ;
#127 = CARTESIAN_POINT ( 'NONE',  ( -4.760808766220188327E-15, 0.000000000000000000, -147.6250462620328108 ) ) ;
#128 = EDGE_CURVE ( 'NONE', #409, #1039, #605, .T. ) ;
#129 = CARTESIAN_POINT ( 'NONE',  ( -27.50000000000000355, 3.367778697655222096E-15, -102.9353258744447146 ) ) ;
#130 = VERTEX_POINT ( 'NONE', #346 ) ;
#131 = DIRECTION ( 'NONE',  ( 0.000000000000000000, -0.000000000000000000, -1.000000000000000000 ) ) ;
#132 = EDGE_CURVE ( 'NONE', #122, #741, #1337, .T. ) ;
#133 = AXIS2_PLACEMENT_3D ( 'NONE', #777, #1203, #1323 ) ;
#134 = CONICAL_SURFACE ( 'NONE', #926, 22.84046106882120242, 0.3490658503988645633 ) ;
#135 = CARTESIAN_POINT ( 'NONE',  ( -22.63846284534354325, 2.249999999999999112, -173.6250462620328392 ) ) ;
#136 = CLOSED_SHELL ( 'NONE', ( #586, #911, #1003, #76, #550, #1380, #887, #1266, #1172, #374, #19, #1024, #480, #1060, #84, #363, #1147, #1081, #29, #419, #471, #1117, #1091, #427, #724, #251, #1131, #172, #1066, #121, #927, #1216, #759, #1339, #787, #714, #727, #999, #779, #814, #824, #185, #778, #964, #275 ) ) ;
#137 = CARTESIAN_POINT ( 'NONE',  ( -4.760808766220188327E-15, 0.000000000000000000, -147.6250462620328108 ) ) ;
#138 = DIRECTION ( 'NONE',  ( -1.000000000000000000, 0.000000000000000000, 0.000000000000000000 ) ) ;
#139 = ORIENTED_EDGE ( 'NONE', *, *, #1267, .F. ) ;
#140 = CARTESIAN_POINT ( 'NONE',  ( -24.14539293529927377, 2.249999999999999112, -173.6250462620328392 ) ) ;
#141 = AXIS2_PLACEMENT_3D ( 'NONE', #38, #462, #1106 ) ;
#142 = FACE_OUTER_BOUND ( 'NONE', #1333, .T. ) ;
#143 = PERSON ( 'UNSPECIFIED', 'UNSPECIFIED', 'UNSPECIFIED', ('UNSPECIFIED'), ('UNSPECIFIED'), ('UNSPECIFIED') ) ;
#144 = CARTESIAN_POINT ( 'NONE',  ( -2.250000000000006217, 24.14539293529927377, -173.6250462620328108 ) ) ;
#145 = ORIENTED_EDGE ( 'NONE', *, *, #822, .T. ) ;
#146 = DIRECTION ( 'NONE',  ( -1.000000000000000000, 0.000000000000000000, 0.000000000000000000 ) ) ;
#147 = CARTESIAN_POINT ( 'NONE',  ( -2.250000000000005329, -22.63846284534353970, -173.6250462620328392 ) ) ;
#148 = DIRECTION ( 'NONE',  ( -1.000000000000000000, 0.000000000000000000, 0.000000000000000000 ) ) ;
#149 = DIRECTION ( 'NONE',  ( 0.000000000000000000, 0.000000000000000000, 1.000000000000000000 ) ) ;
#150 = ORIENTED_EDGE ( 'NONE', *, *, #353, .F. ) ;
#151 = DIRECTION ( 'NONE',  ( 1.000000000000000000, 0.000000000000000000, 0.000000000000000000 ) ) ;
#152 = CONICAL_SURFACE ( 'NONE', #944, 24.25000000000006395, 0.3490658503988645633 ) ;
#153 = TOROIDAL_SURFACE ( 'NONE', #443, 19.25000000000000000, 3.500000000000000000 ) ;
#154 = AXIS2_PLACEMENT_3D ( 'NONE', #686, #668, #806 ) ;
#155 = VECTOR ( 'NONE', #1303, 1000.000000000000000 ) ;
#156 = DIRECTION ( 'NONE',  ( 1.000000000000000000, 0.000000000000000000, 0.000000000000000000 ) ) ;
#157 = CARTESIAN_POINT ( 'NONE',  ( 0.000000000000000000, 0.000000000000000000, 0.000000000000000000 ) ) ;
#158 = EDGE_LOOP ( 'NONE', ( #391, #279, #16, #567 ) ) ;
#159 = CARTESIAN_POINT ( 'NONE',  ( -22.50000000000000711, 2.755455298081545567E-15, -102.9353258744447146 ) ) ;
#160 = DIRECTION ( 'NONE',  ( -0.000000000000000000, -0.000000000000000000, 1.000000000000000000 ) ) ;
#161 = AXIS2_PLACEMENT_3D ( 'NONE', #840, #415, #961 ) ;
#162 = DIRECTION ( 'NONE',  ( -1.000000000000000000, 0.000000000000000000, 0.000000000000000000 ) ) ;
#163 = EDGE_CURVE ( 'NONE', #757, #890, #928, .T. ) ;
#164 = EDGE_CURVE ( 'NONE', #1039, #409, #1394, .T. ) ;
#165 = EDGE_LOOP ( 'NONE', ( #25, #500, #912, #692 ) ) ;
#166 = DIRECTION ( 'NONE',  ( 0.000000000000000000, -1.000000000000000000, 0.000000000000000000 ) ) ;
#167 = LINE ( 'NONE', #282, #832 ) ;
#168 = CARTESIAN_POINT ( 'NONE',  ( -24.14539293529928088, 2.250000000000000000, -173.6250462620328108 ) ) ;
#169 = DATE_AND_TIME ( #1360, #544 ) ;
#170 = VERTEX_POINT ( 'NONE', #1029 ) ;
#171 = CARTESIAN_POINT ( 'NONE',  ( 12.45963744804694251, 0.000000000000000000, 21.58072510390538312 ) ) ;
#172 = ADVANCED_FACE ( 'NONE', ( #55 ), #486, .F. ) ;
#173 = DIRECTION ( 'NONE',  ( 0.000000000000000000, 0.000000000000000000, -1.000000000000000000 ) ) ;
#174 = AXIS2_PLACEMENT_3D ( 'NONE', #310, #1274, #209 ) ;
#175 = VECTOR ( 'NONE', #581, 1000.000000000000000 ) ;
#176 = PERSON_AND_ORGANIZATION ( #143, #382 ) ;
#177 = AXIS2_PLACEMENT_3D ( 'NONE', #1313, #340, #780 ) ;
#178 = ORIENTED_EDGE ( 'NONE', *, *, #528, .T. ) ;
#179 = PLANE ( 'NONE',  #978 ) ;
#180 = EDGE_LOOP ( 'NONE', ( #145, #547, #627, #483 ) ) ;
#181 = EDGE_LOOP ( 'NONE', ( #782, #642, #1282, #1335 ) ) ;
#182 = DIRECTION ( 'NONE',  ( 0.000000000000000000, 0.000000000000000000, 1.000000000000000000 ) ) ;
#183 = VECTOR ( 'NONE', #384, 1000.000000000000000 ) ;
#184 = APPROVAL_ROLE ( '' ) ;
#185 = ADVANCED_FACE ( 'NONE', ( #746 ), #105, .F. ) ;
#186 = ORIENTED_EDGE ( 'NONE', *, *, #504, .F. ) ;
#187 = CARTESIAN_POINT ( 'NONE',  ( 22.80153689607045919, 2.862611893006938032E-15, -104.6454265910730470 ) ) ;
#188 = ORIENTED_EDGE ( 'NONE', *, *, #1373, .F. ) ;
#189 = CARTESIAN_POINT ( 'NONE',  ( -2.250000000000006217, 24.14539293529927377, -147.6250462620328108 ) ) ;
#190 = EDGE_LOOP ( 'NONE', ( #240, #295, #383, #1058 ) ) ;
#191 = CARTESIAN_POINT ( 'NONE',  ( -4.760808766220188327E-15, 0.000000000000000000, -173.6250462620328108 ) ) ;
#192 = ORIENTED_EDGE ( 'NONE', *, *, #1, .F. ) ;
#193 = EDGE_CURVE ( 'NONE', #797, #1150, #1168, .T. ) ;
#194 = DIRECTION ( 'NONE',  ( 0.000000000000000000, 0.000000000000000000, -1.000000000000000000 ) ) ;
#195 = EDGE_CURVE ( 'NONE', #775, #57, #1304, .T. ) ;
#196 = AXIS2_PLACEMENT_3D ( 'NONE', #694, #263, #1019 ) ;
#197 = ORIENTED_EDGE ( 'NONE', *, *, #411, .T. ) ;
#198 = DIRECTION ( 'NONE',  ( 0.000000000000000000, 0.000000000000000000, -1.000000000000000000 ) ) ;
#199 = AXIS2_PLACEMENT_3D ( 'NONE', #1105, #907, #1233 ) ;
#200 = ORIENTED_EDGE ( 'NONE', *, *, #1110, .F. ) ;
#201 = CARTESIAN_POINT ( 'NONE',  ( -22.75000000000000355, 0.000000000000000000, -109.5066811655749319 ) ) ;
#202 = DIRECTION ( 'NONE',  ( -1.000000000000000000, 0.000000000000000000, 0.000000000000000000 ) ) ;
#203 = AXIS2_PLACEMENT_3D ( 'NONE', #422, #765, #430 ) ;
#204 = CC_DESIGN_SECURITY_CLASSIFICATION ( #1375, ( #94 ) ) ;
#205 = ORIENTED_EDGE ( 'NONE', *, *, #822, .F. ) ;
#206 = DIRECTION ( 'NONE',  ( 0.000000000000000000, 1.000000000000000000, 0.000000000000000000 ) ) ;
#207 = EDGE_CURVE ( 'NONE', #1342, #473, #22, .T. ) ;
#208 = ORIENTED_EDGE ( 'NONE', *, *, #1319, .F. ) ;
#209 = DIRECTION ( 'NONE',  ( 0.000000000000000000, -0.000000000000000000, -1.000000000000000000 ) ) ;
#210 = DIRECTION ( 'NONE',  ( -0.000000000000000000, -0.000000000000000000, 1.000000000000000000 ) ) ;
#211 = CARTESIAN_POINT ( 'NONE',  ( -5.726896031426297995, 2.571758278209442056E-15, 32.08072510390530852 ) ) ;
#212 = DIRECTION ( 'NONE',  ( 0.000000000000000000, 0.000000000000000000, -1.000000000000000000 ) ) ;
#213 = ORIENTED_EDGE ( 'NONE', *, *, #1229, .T. ) ;
#214 = EDGE_CURVE ( 'NONE', #888, #1308, #858, .T. ) ;
#215 = LINE ( 'NONE', #645, #332 ) ;
#216 = EDGE_LOOP ( 'NONE', ( #833, #1036, #1207, #488 ) ) ;
#217 = CARTESIAN_POINT ( 'NONE',  ( -27.50000000000000355, 3.367778697655222096E-15, -102.9353258744447146 ) ) ;
#218 = AXIS2_PLACEMENT_3D ( 'NONE', #854, #1054, #317 ) ;
#219 = AXIS2_PLACEMENT_3D ( 'NONE', #47, #1007, #1334 ) ;
#220 = VERTEX_POINT ( 'NONE', #297 ) ;
#221 = DIRECTION ( 'NONE',  ( 0.000000000000000000, 0.000000000000000000, 1.000000000000000000 ) ) ;
#222 = AXIS2_PLACEMENT_3D ( 'NONE', #375, #534, #615 ) ;
#223 = LINE ( 'NONE', #344, #1056 ) ;
#224 = EDGE_CURVE ( 'NONE', #974, #942, #273, .T. ) ;
#225 = ORIENTED_EDGE ( 'NONE', *, *, #952, .T. ) ;
#226 = FACE_OUTER_BOUND ( 'NONE', #620, .T. ) ;
#227 = CC_DESIGN_PERSON_AND_ORGANIZATION_ASSIGNMENT ( #1269, #397, ( #1375 ) ) ;
#228 = ORIENTED_EDGE ( 'NONE', *, *, #674, .F. ) ;
#229 = CARTESIAN_POINT ( 'NONE',  ( 0.000000000000000000, 0.000000000000000000, -173.6250462620328108 ) ) ;
#230 = DIRECTION ( 'NONE',  ( 0.8660254037844417052, 0.000000000000000000, -0.4999999999999947264 ) ) ;
#231 = EDGE_CURVE ( 'NONE', #66, #976, #763, .T. ) ;
#232 = ORIENTED_EDGE ( 'NONE', *, *, #304, .F. ) ;
#233 = LINE ( 'NONE', #641, #543 ) ;
#234 = EDGE_LOOP ( 'NONE', ( #39, #313, #11, #1047, #882, #1156, #414, #1158, #932, #1180, #1144, #421 ) ) ;
#235 = DIRECTION ( 'NONE',  ( -0.8660254037844417052, 0.000000000000000000, 0.4999999999999947820 ) ) ;
#236 = DIRECTION ( 'NONE',  ( 0.000000000000000000, 0.000000000000000000, -1.000000000000000000 ) ) ;
#237 = APPLICATION_CONTEXT ( 'configuration controlled 3d designs of mechanical parts and assemblies' ) ;
#238 = FACE_OUTER_BOUND ( 'NONE', #540, .T. ) ;
#239 = DIRECTION ( 'NONE',  ( -0.000000000000000000, -0.000000000000000000, 1.000000000000000000 ) ) ;
#240 = ORIENTED_EDGE ( 'NONE', *, *, #1140, .F. ) ;
#241 = DIRECTION ( 'NONE',  ( -0.000000000000000000, -0.000000000000000000, -1.000000000000000000 ) ) ;
#242 = AXIS2_PLACEMENT_3D ( 'NONE', #533, #518, #1283 ) ;
#243 = VECTOR ( 'NONE', #1195, 1000.000000000000000 ) ;
#244 = CARTESIAN_POINT ( 'NONE',  ( 0.000000000000000000, 0.000000000000000000, -24.91927489609408042 ) ) ;
#245 = VECTOR ( 'NONE', #311, 1000.000000000000114 ) ;
#246 = EDGE_CURVE ( 'NONE', #220, #385, #512, .T. ) ;
#247 = LINE ( 'NONE', #893, #309 ) ;
#248 = DIRECTION ( 'NONE',  ( 0.4999999999999947820, 0.000000000000000000, 0.8660254037844417052 ) ) ;
#249 = VERTEX_POINT ( 'NONE', #846 ) ;
#250 = DIRECTION ( 'NONE',  ( -1.000000000000000000, 0.000000000000000000, 0.000000000000000000 ) ) ;
#251 = ADVANCED_FACE ( 'NONE', ( #113 ), #559, .F. ) ;
#252 = CIRCLE ( 'NONE', #844, 24.25000000000000000 ) ;
#253 = DIRECTION ( 'NONE',  ( -0.000000000000000000, -0.000000000000000000, -1.000000000000000000 ) ) ;
#254 = DIRECTION ( 'NONE',  ( 1.000000000000000000, 0.000000000000000000, 0.000000000000000000 ) ) ;
#255 = APPLICATION_PROTOCOL_DEFINITION ( 'international standard', 'config_control_design', 1994, #1057 ) ;
#256 = VERTEX_POINT ( 'NONE', #1160 ) ;
#257 = CARTESIAN_POINT ( 'NONE',  ( 0.000000000000000000, 0.000000000000000000, -109.1380764770213005 ) ) ;
#258 = DIRECTION ( 'NONE',  ( -1.000000000000000000, 0.000000000000000000, 0.000000000000000000 ) ) ;
#259 = EDGE_CURVE ( 'NONE', #764, #326, #1395, .T. ) ;
#260 = DIRECTION ( 'NONE',  ( -1.000000000000000000, 0.000000000000000000, 0.000000000000000000 ) ) ;
#261 = ORIENTED_EDGE ( 'NONE', *, *, #357, .T. ) ;
#262 = CARTESIAN_POINT ( 'NONE',  ( 23.94846310392954081, 2.932840868472579892E-15, -107.7965804489465995 ) ) ;
#263 = DIRECTION ( 'NONE',  ( -0.4999999999999948930, 0.000000000000000000, -0.8660254037844417052 ) ) ;
#264 = AXIS2_PLACEMENT_3D ( 'NONE', #229, #659, #125 ) ;
#265 = AXIS2_PLACEMENT_3D ( 'NONE', #748, #429, #1079 ) ;
#266 = EDGE_CURVE ( 'NONE', #1072, #607, #539, .T. ) ;
#267 = AXIS2_PLACEMENT_3D ( 'NONE', #244, #447, #1109 ) ;
#268 = CYLINDRICAL_SURFACE ( 'NONE', #154, 22.75000000000000000 ) ;
#269 = ORIENTED_EDGE ( 'NONE', *, *, #114, .T. ) ;
#270 = DIRECTION ( 'NONE',  ( -0.000000000000000000, -0.000000000000000000, 1.000000000000000000 ) ) ;
#271 = CARTESIAN_POINT ( 'NONE',  ( -2.250000000000006217, 24.24999999999999645, -173.6250462620328108 ) ) ;
#272 = CIRCLE ( 'NONE', #161, 24.25000000000000000 ) ;
#273 = LINE ( 'NONE', #92, #398 ) ;
#274 = COORDINATED_UNIVERSAL_TIME_OFFSET ( 1, 0, .AHEAD. ) ;
#275 = ADVANCED_FACE ( 'NONE', ( #856 ), #529, .T. ) ;
#276 = ORIENTED_EDGE ( 'NONE', *, *, #855, .F. ) ;
#277 = CARTESIAN_POINT ( 'NONE',  ( -22.75000000000000355, 0.000000000000000000, -147.6250462620328108 ) ) ;
#278 = EDGE_CURVE ( 'NONE', #830, #1101, #1291, .T. ) ;
#279 = ORIENTED_EDGE ( 'NONE', *, *, #1, .T. ) ;
#280 = PLANE ( 'NONE',  #1128 ) ;
#281 = VERTEX_POINT ( 'NONE', #1135 ) ;
#282 = CARTESIAN_POINT ( 'NONE',  ( -2.250000000000006217, 24.24999999999999645, -147.6250462620328108 ) ) ;
#283 = AXIS2_PLACEMENT_3D ( 'NONE', #1002, #253, #680 ) ;
#284 = AXIS2_PLACEMENT_3D ( 'NONE', #541, #1202, #994 ) ;
#285 = AXIS2_PLACEMENT_3D ( 'NONE', #656, #563, #354 ) ;
#286 = ORIENTED_EDGE ( 'NONE', *, *, #973, .T. ) ;
#287 = CARTESIAN_POINT ( 'NONE',  ( 2.249999999999993339, -22.63846284534354325, -173.6250462620328108 ) ) ;
#288 = CARTESIAN_POINT ( 'NONE',  ( 0.000000000000000000, 0.000000000000000000, -147.6250462620328108 ) ) ;
#289 = CIRCLE ( 'NONE', #588, 4.999999999999997335 ) ;
#290 = PERSON_AND_ORGANIZATION ( #143, #382 ) ;
#291 = LOCAL_TIME ( 0, 3, 23.00000000000000000, #959 ) ;
#292 = VERTEX_POINT ( 'NONE', #921 ) ;
#293 = DIRECTION ( 'NONE',  ( -0.000000000000000000, -1.000000000000000000, -0.000000000000000000 ) ) ;
#294 = ORIENTED_EDGE ( 'NONE', *, *, #747, .F. ) ;
#295 = ORIENTED_EDGE ( 'NONE', *, *, #278, .T. ) ;
#296 = CARTESIAN_POINT ( 'NONE',  ( 0.000000000000000000, 0.000000000000000000, -108.3096106639351035 ) ) ;
#297 = CARTESIAN_POINT ( 'NONE',  ( 24.24999999999999645, 2.969768487932331681E-15, -147.6250462620328108 ) ) ;
#298 = VERTEX_POINT ( 'NONE', #168 ) ;
#299 = DIRECTION ( 'NONE',  ( 0.000000000000000000, 0.000000000000000000, -1.000000000000000000 ) ) ;
#300 = EDGE_LOOP ( 'NONE', ( #192, #286, #14, #399 ) ) ;
#301 = FACE_OUTER_BOUND ( 'NONE', #728, .T. ) ;
#302 = DIRECTION ( 'NONE',  ( -0.000000000000000000, -0.000000000000000000, -1.000000000000000000 ) ) ;
#303 = VECTOR ( 'NONE', #68, 1000.000000000000114 ) ;
#304 = EDGE_CURVE ( 'NONE', #1201, #733, #633, .T. ) ;
#305 = SECURITY_CLASSIFICATION_LEVEL ( 'unclassified' ) ;
#306 = TOROIDAL_SURFACE ( 'NONE', #972, 92.99999999999997158, 22.50000000000000711 ) ;
#307 = ORIENTED_EDGE ( 'NONE', *, *, #616, .F. ) ;
#308 = DIRECTION ( 'NONE',  ( -1.000000000000000000, 0.000000000000000000, 0.000000000000000000 ) ) ;
#309 = VECTOR ( 'NONE', #794, 1000.000000000000000 ) ;
#310 = CARTESIAN_POINT ( 'NONE',  ( 24.24999999999999645, 2.250000000000000000, -147.6250462620328108 ) ) ;
#311 = DIRECTION ( 'NONE',  ( 0.4999999999999947820, 0.000000000000000000, 0.8660254037844417052 ) ) ;
#312 = AXIS2_PLACEMENT_3D ( 'NONE', #687, #456, #1005 ) ;
#313 = ORIENTED_EDGE ( 'NONE', *, *, #1267, .T. ) ;
#314 = LINE ( 'NONE', #861, #632 ) ;
#315 = EDGE_CURVE ( 'NONE', #1039, #743, #318, .T. ) ;
#316 = ORIENTED_EDGE ( 'NONE', *, *, #829, .T. ) ;
#317 = DIRECTION ( 'NONE',  ( 1.000000000000000000, 0.000000000000000000, 0.000000000000000000 ) ) ;
#318 = LINE ( 'NONE', #1285, #1348 ) ;
#319 = ORIENTED_EDGE ( 'NONE', *, *, #111, .F. ) ;
#320 = EDGE_CURVE ( 'NONE', #402, #853, #693, .T. ) ;
#321 = ORIENTED_EDGE ( 'NONE', *, *, #836, .T. ) ;
#322 = CARTESIAN_POINT ( 'NONE',  ( 21.00000000000000355, 0.000000000000000000, -24.91927489609408042 ) ) ;
#323 = CARTESIAN_POINT ( 'NONE',  ( 22.50000000000000711, 0.000000000000000000, -102.9353258744447146 ) ) ;
#324 = CC_DESIGN_DATE_AND_TIME_ASSIGNMENT ( #998, #31, ( #365 ) ) ;
#325 = VECTOR ( 'NONE', #258, 1000.000000000000000 ) ;
#326 = VERTEX_POINT ( 'NONE', #1182 ) ;
#327 = DIRECTION ( 'NONE',  ( 0.000000000000000000, 0.000000000000000000, 1.000000000000000000 ) ) ;
#328 = CIRCLE ( 'NONE', #1118, 22.50000000000000355 ) ;
#329 = CIRCLE ( 'NONE', #740, 24.25000000000000000 ) ;
#330 = ORIENTED_EDGE ( 'NONE', *, *, #231, .F. ) ;
#331 = LINE ( 'NONE', #1181, #857 ) ;
#332 = VECTOR ( 'NONE', #1076, 1000.000000000000000 ) ;
#333 = CARTESIAN_POINT ( 'NONE',  ( 78.01442841485012991, 0.000000000000000000, 135.1249537379673313 ) ) ;
#334 = EDGE_LOOP ( 'NONE', ( #188, #1362, #1236, #78 ) ) ;
#335 = DIRECTION ( 'NONE',  ( -1.000000000000000000, 1.224646799147353454E-16, 0.000000000000000000 ) ) ;
#336 = AXIS2_PLACEMENT_3D ( 'NONE', #191, #1367, #407 ) ;
#337 = ORIENTED_EDGE ( 'NONE', *, *, #1276, .T. ) ;
#338 = DIRECTION ( 'NONE',  ( 1.224646799147353207E-16, 1.000000000000000000, -0.000000000000000000 ) ) ;
#339 = DIRECTION ( 'NONE',  ( 0.000000000000000000, 0.000000000000000000, -1.000000000000000000 ) ) ;
#340 = DIRECTION ( 'NONE',  ( -0.000000000000000000, -0.000000000000000000, 1.000000000000000000 ) ) ;
#341 = CARTESIAN_POINT ( 'NONE',  ( -22.53892417275067928, 0.000000000000000000, -108.3096106639351035 ) ) ;
#342 = ORIENTED_EDGE ( 'NONE', *, *, #214, .F. ) ;
#343 = CARTESIAN_POINT ( 'NONE',  ( -19.25000000000000355, 2.357445088358654757E-15, -109.5066811655749319 ) ) ;
#344 = CARTESIAN_POINT ( 'NONE',  ( 22.50000000000000711, 0.000000000000000000, -173.6250462620328108 ) ) ;
#345 = EDGE_CURVE ( 'NONE', #1170, #942, #215, .T. ) ;
#346 = CARTESIAN_POINT ( 'NONE',  ( -24.14539293529927377, 2.250000000000000000, -147.6250462620328108 ) ) ;
#347 = ORIENTED_EDGE ( 'NONE', *, *, #1161, .F. ) ;
#348 = DIRECTION ( 'NONE',  ( -0.000000000000000000, -1.000000000000000000, -0.000000000000000000 ) ) ;
#349 = AXIS2_PLACEMENT_3D ( 'NONE', #1008, #1329, #359 ) ;
#350 = VECTOR ( 'NONE', #1018, 1000.000000000000114 ) ;
#351 = DIRECTION ( 'NONE',  ( -1.000000000000000000, 0.000000000000000000, 0.000000000000000000 ) ) ;
#352 = CIRCLE ( 'NONE', #468, 22.75000000000000000 ) ;
#353 = EDGE_CURVE ( 'NONE', #1150, #1000, #555, .T. ) ;
#354 = DIRECTION ( 'NONE',  ( 0.8660254037844417052, 0.000000000000000000, -0.4999999999999947264 ) ) ;
#355 = EDGE_LOOP ( 'NONE', ( #200, #502, #1124, #716 ) ) ;
#356 = FACE_OUTER_BOUND ( 'NONE', #735, .T. ) ;
#357 = EDGE_CURVE ( 'NONE', #409, #377, #223, .T. ) ;
#358 = AXIS2_PLACEMENT_3D ( 'NONE', #720, #831, #531 ) ;
#359 = DIRECTION ( 'NONE',  ( 1.000000000000000000, 0.000000000000000000, 0.000000000000000000 ) ) ;
#360 = CARTESIAN_POINT ( 'NONE',  ( 0.000000000000000000, 0.000000000000000000, -105.1584568060615510 ) ) ;
#361 = ORIENTED_EDGE ( 'NONE', *, *, #357, .F. ) ;
#362 = DIRECTION ( 'NONE',  ( 0.000000000000000000, 0.000000000000000000, -1.000000000000000000 ) ) ;
#363 = ADVANCED_FACE ( 'NONE', ( #660 ), #784, .T. ) ;
#364 = CARTESIAN_POINT ( 'NONE',  ( 22.63846284534353615, -2.250000000000000000, -173.6250462620328108 ) ) ;
#365 = PRODUCT_DEFINITION ( 'UNKNOWN', '', #94, #941 ) ;
#366 = CARTESIAN_POINT ( 'NONE',  ( -2.250000000000005329, 24.14539293529927022, -173.6250462620328392 ) ) ;
#367 =( LENGTH_UNIT ( ) NAMED_UNIT ( * ) SI_UNIT ( .MILLI., .METRE. ) );
#368 = ORIENTED_EDGE ( 'NONE', *, *, #104, .T. ) ;
#369 = CARTESIAN_POINT ( 'NONE',  ( -4.760808766220188327E-15, 0.000000000000000000, -147.6250462620328108 ) ) ;
#370 = EDGE_CURVE ( 'NONE', #377, #743, #89, .T. ) ;
#371 = LINE ( 'NONE', #1134, #393 ) ;
#372 = AXIS2_PLACEMENT_3D ( 'NONE', #1001, #241, #438 ) ;
#373 = VECTOR ( 'NONE', #1021, 1000.000000000000000 ) ;
#374 = ADVANCED_FACE ( 'NONE', ( #1096 ), #695, .T. ) ;
#375 = CARTESIAN_POINT ( 'NONE',  ( 0.000000000000000000, 0.000000000000000000, -104.6454265910730470 ) ) ;
#376 = CARTESIAN_POINT ( 'NONE',  ( -4.760808766220188327E-15, 0.000000000000000000, -147.6250462620328108 ) ) ;
#377 = VERTEX_POINT ( 'NONE', #878 ) ;
#378 = FACE_OUTER_BOUND ( 'NONE', #517, .T. ) ;
#379 = ORIENTED_EDGE ( 'NONE', *, *, #320, .F. ) ;
#380 = CARTESIAN_POINT ( 'NONE',  ( 93.00000000000000000, 0.000000000000000000, -24.91927489609410884 ) ) ;
#381 = AXIS2_PLACEMENT_3D ( 'NONE', #1184, #1307, #212 ) ;
#382 = ORGANIZATION ( 'UNSPECIFIED', 'UNSPECIFIED', '' ) ;
#383 = ORIENTED_EDGE ( 'NONE', *, *, #1103, .T. ) ;
#384 = DIRECTION ( 'NONE',  ( -0.000000000000000000, -0.000000000000000000, -1.000000000000000000 ) ) ;
#385 = VERTEX_POINT ( 'NONE', #897 ) ;
#386 = ORIENTED_EDGE ( 'NONE', *, *, #836, .F. ) ;
#387 = DIRECTION ( 'NONE',  ( 0.000000000000000000, 1.000000000000000000, 0.000000000000000000 ) ) ;
#388 = PERSON_AND_ORGANIZATION ( #143, #382 ) ;
#389 = ORIENTED_EDGE ( 'NONE', *, *, #207, .F. ) ;
#390 = CARTESIAN_POINT ( 'NONE',  ( 22.74999999999999645, 2.786071468060228565E-15, -173.6250462620328392 ) ) ;
#391 = ORIENTED_EDGE ( 'NONE', *, *, #231, .T. ) ;
#392 = DIRECTION ( 'NONE',  ( -1.000000000000000000, 0.000000000000000000, 0.000000000000000000 ) ) ;
#393 = VECTOR ( 'NONE', #1239, 1000.000000000000000 ) ;
#394 = AXIS2_PLACEMENT_3D ( 'NONE', #1290, #103, #527 ) ;
#395 = AXIS2_PLACEMENT_3D ( 'NONE', #369, #362, #699 ) ;
#396 = EDGE_CURVE ( 'NONE', #884, #385, #1189, .T. ) ;
#397 = PERSON_AND_ORGANIZATION_ROLE ( 'classification_officer' ) ;
#398 = VECTOR ( 'NONE', #703, 1000.000000000000000 ) ;
#399 = ORIENTED_EDGE ( 'NONE', *, *, #454, .F. ) ;
#400 = DIRECTION ( 'NONE',  ( -0.8660254037844415942, 0.000000000000000000, 0.4999999999999948375 ) ) ;
#401 = EDGE_CURVE ( 'NONE', #109, #775, #793, .T. ) ;
#402 = VERTEX_POINT ( 'NONE', #542 ) ;
#403 = CARTESIAN_POINT ( 'NONE',  ( 0.000000000000000000, 0.000000000000000000, -24.91927489609408042 ) ) ;
#404 = CARTESIAN_POINT ( 'NONE',  ( -4.760808766220188327E-15, 0.000000000000000000, -109.5066811655749319 ) ) ;
#405 = CALENDAR_DATE ( 2026, 16, 9 ) ;
#406 = ORIENTED_EDGE ( 'NONE', *, *, #1247, .T. ) ;
#407 = DIRECTION ( 'NONE',  ( -1.000000000000000000, 0.000000000000000000, 0.000000000000000000 ) ) ;
#408 = ORIENTED_EDGE ( 'NONE', *, *, #266, .F. ) ;
#409 = VERTEX_POINT ( 'NONE', #323 ) ;
#410 = DIRECTION ( 'NONE',  ( 1.000000000000000000, 0.000000000000000000, 0.000000000000000000 ) ) ;
#411 = EDGE_CURVE ( 'NONE', #57, #249, #653, .T. ) ;
#412 = DIRECTION ( 'NONE',  ( -0.000000000000000000, -0.000000000000000000, 1.000000000000000000 ) ) ;
#413 = DATE_TIME_ROLE ( 'classification_date' ) ;
#414 = ORIENTED_EDGE ( 'NONE', *, *, #610, .F. ) ;
#415 = DIRECTION ( 'NONE',  ( -0.000000000000000000, -0.000000000000000000, -1.000000000000000000 ) ) ;
#416 = ORIENTED_EDGE ( 'NONE', *, *, #973, .F. ) ;
#417 = DIRECTION ( 'NONE',  ( -0.4999999999999948930, 0.000000000000000000, -0.8660254037844417052 ) ) ;
#418 = DIRECTION ( 'NONE',  ( 1.000000000000000000, 0.000000000000000000, 0.000000000000000000 ) ) ;
#419 = ADVANCED_FACE ( 'NONE', ( #760 ), #1209, .T. ) ;
#420 = AXIS2_PLACEMENT_3D ( 'NONE', #1037, #1328, #482 ) ;
#421 = ORIENTED_EDGE ( 'NONE', *, *, #246, .F. ) ;
#422 = CARTESIAN_POINT ( 'NONE',  ( 24.24999999999999645, -2.250000000000000000, -147.6250462620328108 ) ) ;
#423 = AXIS2_PLACEMENT_3D ( 'NONE', #1004, #571, #254 ) ;
#424 = EDGE_LOOP ( 'NONE', ( #1262, #102, #953, #862 ) ) ;
#425 = CARTESIAN_POINT ( 'NONE',  ( 2.249999999999993339, 24.24999999999999645, -147.6250462620328108 ) ) ;
#426 = CARTESIAN_POINT ( 'NONE',  ( -4.760808766220188327E-15, 0.000000000000000000, -147.6250462620328108 ) ) ;
#427 = ADVANCED_FACE ( 'NONE', ( #1318 ), #1085, .T. ) ;
#428 = AXIS2_PLACEMENT_3D ( 'NONE', #712, #608, #400 ) ;
#429 = DIRECTION ( 'NONE',  ( -0.4999999999999948930, 0.000000000000000000, -0.8660254037844417052 ) ) ;
#430 = DIRECTION ( 'NONE',  ( 0.000000000000000000, -0.000000000000000000, -1.000000000000000000 ) ) ;
#431 = EDGE_LOOP ( 'NONE', ( #8, #1199, #526, #379 ) ) ;
#432 = CARTESIAN_POINT ( 'NONE',  ( -2.250000000000006217, 24.24999999999999645, -147.6250462620328108 ) ) ;
#433 = EDGE_CURVE ( 'NONE', #326, #292, #923, .T. ) ;
#434 = CARTESIAN_POINT ( 'NONE',  ( 24.25000000000006395, 2.969768487932339176E-15, -108.6250462620327966 ) ) ;
#435 = ORIENTED_EDGE ( 'NONE', *, *, #528, .F. ) ;
#436 = DIRECTION ( 'NONE',  ( 1.000000000000000000, 0.000000000000000000, 0.000000000000000000 ) ) ;
#437 = ORIENTED_EDGE ( 'NONE', *, *, #1330, .T. ) ;
#438 = DIRECTION ( 'NONE',  ( -1.000000000000000000, 0.000000000000000000, 0.000000000000000000 ) ) ;
#439 = LINE ( 'NONE', #769, #601 ) ;
#440 = ADVANCED_BREP_SHAPE_REPRESENTATION ( '79-8462 - 45mm 30deg', ( #36, #4 ), #1218 ) ;
#441 = ORIENTED_EDGE ( 'NONE', *, *, #1373, .T. ) ;
#442 = DIRECTION ( 'NONE',  ( 0.000000000000000000, 0.000000000000000000, 1.000000000000000000 ) ) ;
#443 = AXIS2_PLACEMENT_3D ( 'NONE', #957, #1379, #410 ) ;
#444 = AXIS2_PLACEMENT_3D ( 'NONE', #681, #1111, #148 ) ;
#445 = ORIENTED_EDGE ( 'NONE', *, *, #484, .F. ) ;
#446 = LINE ( 'NONE', #768, #243 ) ;
#447 = DIRECTION ( 'NONE',  ( 0.000000000000000000, 0.000000000000000000, -1.000000000000000000 ) ) ;
#448 = ORIENTED_EDGE ( 'NONE', *, *, #770, .T. ) ;
#449 = CARTESIAN_POINT ( 'NONE',  ( 24.14539293529927022, 2.250000000000000000, -173.6250462620328108 ) ) ;
#450 = VECTOR ( 'NONE', #967, 1000.000000000000000 ) ;
#451 = ORIENTED_EDGE ( 'NONE', *, *, #524, .T. ) ;
#452 = DIRECTION ( 'NONE',  ( -0.000000000000000000, 0.000000000000000000, -1.000000000000000000 ) ) ;
#453 = DIRECTION ( 'NONE',  ( -0.000000000000000000, -0.000000000000000000, -1.000000000000000000 ) ) ;
#454 = EDGE_CURVE ( 'NONE', #730, #1250, #18, .T. ) ;
#455 = DIRECTION ( 'NONE',  ( 0.000000000000000000, 0.000000000000000000, -1.000000000000000000 ) ) ;
#456 = DIRECTION ( 'NONE',  ( 0.000000000000000000, -1.000000000000000000, 0.000000000000000000 ) ) ;
#457 = EDGE_LOOP ( 'NONE', ( #851, #178, #556, #1388 ) ) ;
#458 = LINE ( 'NONE', #140, #86 ) ;
#459 = DIRECTION ( 'NONE',  ( -1.000000000000000000, 0.000000000000000000, 0.000000000000000000 ) ) ;
#460 = EDGE_CURVE ( 'NONE', #1308, #220, #439, .T. ) ;
#461 = DIRECTION ( 'NONE',  ( 0.000000000000000000, 0.000000000000000000, -1.000000000000000000 ) ) ;
#462 = DIRECTION ( 'NONE',  ( 0.4999999999999948375, 0.000000000000000000, 0.8660254037844418162 ) ) ;
#463 = EDGE_LOOP ( 'NONE', ( #904, #993 ) ) ;
#464 = LINE ( 'NONE', #1026, #536 ) ;
#465 = AXIS2_PLACEMENT_3D ( 'NONE', #120, #1198, #562 ) ;
#466 = CIRCLE ( 'NONE', #219, 22.50000000000000355 ) ;
#467 = DIRECTION ( 'NONE',  ( 0.000000000000000000, 0.000000000000000000, -1.000000000000000000 ) ) ;
#468 = AXIS2_PLACEMENT_3D ( 'NONE', #1325, #461, #997 ) ;
#469 = DIRECTION ( 'NONE',  ( 0.000000000000000000, 0.000000000000000000, 1.000000000000000000 ) ) ;
#470 = FACE_OUTER_BOUND ( 'NONE', #158, .T. ) ;
#471 = ADVANCED_FACE ( 'NONE', ( #979 ), #892, .T. ) ;
#472 = EDGE_CURVE ( 'NONE', #81, #532, #899, .T. ) ;
#473 = VERTEX_POINT ( 'NONE', #7 ) ;
#474 = CARTESIAN_POINT ( 'NONE',  ( 24.24999999999999645, -2.250000000000000000, -147.6250462620328108 ) ) ;
#475 = TOROIDAL_SURFACE ( 'NONE', #796, 92.99999999999997158, 22.50000000000000711 ) ;
#476 = CARTESIAN_POINT ( 'NONE',  ( -21.00000000000000355, 2.571758278209442056E-15, -173.6250462620328108 ) ) ;
#477 = CC_DESIGN_PERSON_AND_ORGANIZATION_ASSIGNMENT ( #823, #1277, ( #94 ) ) ;
#478 = CARTESIAN_POINT ( 'NONE',  ( 30.64617092752024874, 0.000000000000000000, 11.08072510390547905 ) ) ;
#479 = APPROVAL_STATUS ( 'not_yet_approved' ) ;
#480 = ADVANCED_FACE ( 'NONE', ( #142 ), #569, .F. ) ;
#481 = EDGE_LOOP ( 'NONE', ( #719, #1082, #5, #46 ) ) ;
#482 = DIRECTION ( 'NONE',  ( 1.000000000000000000, 0.000000000000000000, 0.000000000000000000 ) ) ;
#483 = ORIENTED_EDGE ( 'NONE', *, *, #396, .F. ) ;
#484 = EDGE_CURVE ( 'NONE', #1150, #797, #989, .T. ) ;
#485 = CARTESIAN_POINT ( 'NONE',  ( 24.24999999999999645, 2.250000000000000000, -147.6250462620328108 ) ) ;
#486 = CYLINDRICAL_SURFACE ( 'NONE', #177, 21.00000000000000355 ) ;
#487 = CYLINDRICAL_SURFACE ( 'NONE', #141, 21.00000000000001066 ) ;
#488 = ORIENTED_EDGE ( 'NONE', *, *, #69, .F. ) ;
#489 = CARTESIAN_POINT ( 'NONE',  ( -2.250000000000006217, 24.24999999999999645, -147.6250462620328108 ) ) ;
#490 = CIRCLE ( 'NONE', #349, 23.94846310392954081 ) ;
#491 = LINE ( 'NONE', #476, #715 ) ;
#492 = VECTOR ( 'NONE', #1215, 1000.000000000000000 ) ;
#493 = TOROIDAL_SURFACE ( 'NONE', #423, 27.50000000000000355, 6.500000000000000888 ) ;
#494 = ORIENTED_EDGE ( 'NONE', *, *, #770, .F. ) ;
#495 = DIRECTION ( 'NONE',  ( -0.4999999999999946709, 0.000000000000000000, -0.8660254037844417052 ) ) ;
#496 = EDGE_CURVE ( 'NONE', #636, #170, #1336, .T. ) ;
#497 = ORIENTED_EDGE ( 'NONE', *, *, #278, .F. ) ;
#498 = LINE ( 'NONE', #485, #1116 ) ;
#499 = EDGE_CURVE ( 'NONE', #1072, #1385, #491, .T. ) ;
#500 = ORIENTED_EDGE ( 'NONE', *, *, #898, .T. ) ;
#501 = DIRECTION ( 'NONE',  ( -0.000000000000000000, -1.000000000000000000, -0.000000000000000000 ) ) ;
#502 = ORIENTED_EDGE ( 'NONE', *, *, #1154, .T. ) ;
#503 = FACE_OUTER_BOUND ( 'NONE', #216, .T. ) ;
#504 = EDGE_CURVE ( 'NONE', #743, #1289, #879, .T. ) ;
#505 = ORIENTED_EDGE ( 'NONE', *, *, #35, .F. ) ;
#506 = DIRECTION ( 'NONE',  ( -1.000000000000000000, 0.000000000000000000, 0.000000000000000000 ) ) ;
#507 = EDGE_LOOP ( 'NONE', ( #97, #139, #683, #228 ) ) ;
#508 = DIRECTION ( 'NONE',  ( 0.000000000000000000, 1.000000000000000000, 0.000000000000000000 ) ) ;
#509 = VECTOR ( 'NONE', #805, 1000.000000000000000 ) ;
#510 = DIRECTION ( 'NONE',  ( -0.000000000000000000, -0.000000000000000000, -1.000000000000000000 ) ) ;
#511 = AXIS2_PLACEMENT_3D ( 'NONE', #1317, #548, #560 ) ;
#512 = CIRCLE ( 'NONE', #1145, 24.25000000000000000 ) ;
#513 = VECTOR ( 'NONE', #872, 1000.000000000000114 ) ;
#514 = ORIENTED_EDGE ( 'NONE', *, *, #195, .F. ) ;
#515 = DIRECTION ( 'NONE',  ( 0.000000000000000000, 0.000000000000000000, 1.000000000000000000 ) ) ;
#516 = EDGE_CURVE ( 'NONE', #1250, #730, #646, .T. ) ;
#517 = EDGE_LOOP ( 'NONE', ( #597, #847, #960, #1088 ) ) ;
#518 = DIRECTION ( 'NONE',  ( 0.000000000000000000, 0.000000000000000000, -1.000000000000000000 ) ) ;
#519 = CIRCLE ( 'NONE', #1261, 24.25000000000000000 ) ;
#520 = CARTESIAN_POINT ( 'NONE',  ( 2.249999999999992450, -22.63846284534353970, -173.6250462620328392 ) ) ;
#521 = EDGE_CURVE ( 'NONE', #1170, #909, #535, .T. ) ;
#522 = APPROVAL_STATUS ( 'not_yet_approved' ) ;
#523 = EDGE_LOOP ( 'NONE', ( #150, #23, #451, #1243 ) ) ;
#524 = EDGE_CURVE ( 'NONE', #797, #1141, #592, .T. ) ;
#525 = CARTESIAN_POINT ( 'NONE',  ( 2.249999999999993339, 24.24999999999999645, -173.6250462620328108 ) ) ;
#526 = ORIENTED_EDGE ( 'NONE', *, *, #1393, .T. ) ;
#527 = DIRECTION ( 'NONE',  ( -1.000000000000000000, 0.000000000000000000, 0.000000000000000000 ) ) ;
#528 = EDGE_CURVE ( 'NONE', #256, #1294, #1027, .T. ) ;
#529 = PLANE ( 'NONE',  #1191 ) ;
#530 = ORIENTED_EDGE ( 'NONE', *, *, #259, .F. ) ;
#531 = DIRECTION ( 'NONE',  ( 0.8660254037844415942, 0.000000000000000000, -0.4999999999999947820 ) ) ;
#532 = VERTEX_POINT ( 'NONE', #277 ) ;
#533 = CARTESIAN_POINT ( 'NONE',  ( 0.000000000000000000, 0.000000000000000000, -147.6250462620328108 ) ) ;
#534 = DIRECTION ( 'NONE',  ( -0.000000000000000000, -0.000000000000000000, -1.000000000000000000 ) ) ;
#535 = CIRCLE ( 'NONE', #1301, 24.25000000000000000 ) ;
#536 = VECTOR ( 'NONE', #348, 1000.000000000000000 ) ;
#537 = EDGE_LOOP ( 'NONE', ( #708, #441, #1094, #530 ) ) ;
#538 = DIRECTION ( 'NONE',  ( -1.000000000000000000, 0.000000000000000000, 0.000000000000000000 ) ) ;
#539 = CIRCLE ( 'NONE', #112, 21.00000000000000355 ) ;
#540 = EDGE_LOOP ( 'NONE', ( #553, #662, #1107, #1391, #751, #1364, #197, #437, #982, #316, #672, #106 ) ) ;
#541 = CARTESIAN_POINT ( 'NONE',  ( -19.25000000000000355, 2.357445088358654757E-15, -109.5066811655749319 ) ) ;
#542 = CARTESIAN_POINT ( 'NONE',  ( 22.74999999999999645, 2.786071468060228565E-15, -109.5066811655749319 ) ) ;
#543 = VECTOR ( 'NONE', #239, 1000.000000000000000 ) ;
#544 = LOCAL_TIME ( 0, 3, 23.00000000000000000, #606 ) ;
#545 = ORIENTED_EDGE ( 'NONE', *, *, #163, .T. ) ;
#546 = CARTESIAN_POINT ( 'NONE',  ( 0.000000000000000000, 0.000000000000000000, -102.9353258744447146 ) ) ;
#547 = ORIENTED_EDGE ( 'NONE', *, *, #866, .T. ) ;
#548 = DIRECTION ( 'NONE',  ( 0.000000000000000000, 0.000000000000000000, -1.000000000000000000 ) ) ;
#549 = DIRECTION ( 'NONE',  ( 0.000000000000000000, 0.000000000000000000, 1.000000000000000000 ) ) ;
#550 = ADVANCED_FACE ( 'NONE', ( #603 ), #1231, .F. ) ;
#551 = VERTEX_POINT ( 'NONE', #364 ) ;
#552 = CARTESIAN_POINT ( 'NONE',  ( -4.760808766220188327E-15, 0.000000000000000000, -147.6250462620328108 ) ) ;
#553 = ORIENTED_EDGE ( 'NONE', *, *, #1127, .F. ) ;
#554 = CARTESIAN_POINT ( 'NONE',  ( -24.25000000000000355, 0.000000000000000000, -109.5066811655749319 ) ) ;
#555 = LINE ( 'NONE', #434, #513 ) ;
#556 = ORIENTED_EDGE ( 'NONE', *, *, #1070, .T. ) ;
#557 = CARTESIAN_POINT ( 'NONE',  ( -4.760808766220188327E-15, 0.000000000000000000, -173.6250462620328108 ) ) ;
#558 = AXIS2_PLACEMENT_3D ( 'NONE', #977, #1075, #12 ) ;
#559 = TOROIDAL_SURFACE ( 'NONE', #65, 27.50000000000000355, 5.000000000000000000 ) ;
#560 = DIRECTION ( 'NONE',  ( -1.000000000000000000, 0.000000000000000000, 0.000000000000000000 ) ) ;
#561 = EDGE_CURVE ( 'NONE', #689, #402, #622, .T. ) ;
#562 = DIRECTION ( 'NONE',  ( -1.000000000000000000, 0.000000000000000000, 0.000000000000000000 ) ) ;
#563 = DIRECTION ( 'NONE',  ( 0.4999999999999948375, 0.000000000000000000, 0.8660254037844418162 ) ) ;
#564 = CARTESIAN_POINT ( 'NONE',  ( -21.00000000000000355, 2.571758278209442056E-15, -24.91927489609408042 ) ) ;
#565 = VECTOR ( 'NONE', #149, 1000.000000000000000 ) ;
#566 = CC_DESIGN_APPROVAL ( #126, ( #365 ) ) ;
#567 = ORIENTED_EDGE ( 'NONE', *, *, #1023, .F. ) ;
#568 = CYLINDRICAL_SURFACE ( 'NONE', #264, 21.00000000000000355 ) ;
#569 = CYLINDRICAL_SURFACE ( 'NONE', #283, 22.75000000000000000 ) ;
#570 = EDGE_CURVE ( 'NONE', #733, #1342, #498, .T. ) ;
#571 = DIRECTION ( 'NONE',  ( 0.000000000000000000, 0.000000000000000000, 1.000000000000000000 ) ) ;
#572 = DIRECTION ( 'NONE',  ( -0.000000000000000000, -0.000000000000000000, -1.000000000000000000 ) ) ;
#573 = ORIENTED_EDGE ( 'NONE', *, *, #930, .T. ) ;
#574 = PLANE ( 'NONE',  #1281 ) ;
#575 = DIRECTION ( 'NONE',  ( -0.000000000000000000, -0.000000000000000000, -1.000000000000000000 ) ) ;
#576 = DIRECTION ( 'NONE',  ( -1.000000000000000000, 0.000000000000000000, 0.000000000000000000 ) ) ;
#577 = LINE ( 'NONE', #45, #697 ) ;
#578 = AXIS2_PLACEMENT_3D ( 'NONE', #380, #387, #1040 ) ;
#579 = CC_DESIGN_PERSON_AND_ORGANIZATION_ASSIGNMENT ( #922, #1242, ( #365 ) ) ;
#580 = ORIENTED_EDGE ( 'NONE', *, *, #10, .F. ) ;
#581 = DIRECTION ( 'NONE',  ( -0.000000000000000000, -0.000000000000000000, -1.000000000000000000 ) ) ;
#582 = AXIS2_PLACEMENT_3D ( 'NONE', #596, #1363, #308 ) ;
#583 = AXIS2_PLACEMENT_3D ( 'NONE', #804, #690, #1125 ) ;
#584 = CARTESIAN_POINT ( 'NONE',  ( -2.250000000000006217, 24.24999999999999645, -173.6250462620328108 ) ) ;
#585 = VECTOR ( 'NONE', #1387, 1000.000000000000000 ) ;
#586 = ADVANCED_FACE ( 'NONE', ( #1343 ), #1010, .F. ) ;
#587 = LINE ( 'NONE', #801, #373 ) ;
#588 = AXIS2_PLACEMENT_3D ( 'NONE', #129, #868, #335 ) ;
#589 = ORIENTED_EDGE ( 'NONE', *, *, #602, .T. ) ;
#590 = CARTESIAN_POINT ( 'NONE',  ( -22.63846284534353970, -2.250000000000000000, -173.6250462620328108 ) ) ;
#591 = LOCAL_TIME ( 0, 3, 23.00000000000000000, #1041 ) ;
#592 = LINE ( 'NONE', #906, #303 ) ;
#593 = DIRECTION ( 'NONE',  ( 1.000000000000000000, 0.000000000000000000, 0.000000000000000000 ) ) ;
#594 = APPROVAL_DATE_TIME ( #816, #126 ) ;
#595 = ORIENTED_EDGE ( 'NONE', *, *, #1028, .F. ) ;
#596 = CARTESIAN_POINT ( 'NONE',  ( -4.760808766220188327E-15, 0.000000000000000000, -147.6250462620328108 ) ) ;
#597 = ORIENTED_EDGE ( 'NONE', *, *, #132, .T. ) ;
#598 = DIRECTION ( 'NONE',  ( -0.000000000000000000, -1.000000000000000000, -0.000000000000000000 ) ) ;
#599 = ORIENTED_EDGE ( 'NONE', *, *, #266, .T. ) ;
#600 = FACE_OUTER_BOUND ( 'NONE', #165, .T. ) ;
#601 = VECTOR ( 'NONE', #453, 1000.000000000000000 ) ;
#602 = EDGE_CURVE ( 'NONE', #607, #890, #737, .T. ) ;
#603 = FACE_OUTER_BOUND ( 'NONE', #634, .T. ) ;
#604 = AXIS2_PLACEMENT_3D ( 'NONE', #1138, #1228, #250 ) ;
#605 = CIRCLE ( 'NONE', #812, 22.50000000000000711 ) ;
#606 = COORDINATED_UNIVERSAL_TIME_OFFSET ( 1, 0, .AHEAD. ) ;
#607 = VERTEX_POINT ( 'NONE', #685 ) ;
#608 = DIRECTION ( 'NONE',  ( -0.4999999999999948375, 0.000000000000000000, -0.8660254037844415942 ) ) ;
#609 = CARTESIAN_POINT ( 'NONE',  ( -22.50000000000000711, 2.755455298081545567E-15, -24.91927489609408042 ) ) ;
#610 = EDGE_CURVE ( 'NONE', #1264, #1294, #371, .T. ) ;
#611 = ORIENTED_EDGE ( 'NONE', *, *, #315, .T. ) ;
#612 = CARTESIAN_POINT ( 'NONE',  ( -2.380404383110094163E-15, 0.000000000000000000, -109.5066811655749319 ) ) ;
#613 = ORIENTED_EDGE ( 'NONE', *, *, #952, .F. ) ;
#614 = FACE_OUTER_BOUND ( 'NONE', #1137, .T. ) ;
#615 = DIRECTION ( 'NONE',  ( -1.000000000000000000, 0.000000000000000000, 0.000000000000000000 ) ) ;
#616 = EDGE_CURVE ( 'NONE', #741, #249, #167, .T. ) ;
#617 = ORIENTED_EDGE ( 'NONE', *, *, #610, .T. ) ;
#618 = LINE ( 'NONE', #1384, #771 ) ;
#619 = CC_DESIGN_PERSON_AND_ORGANIZATION_ASSIGNMENT ( #788, #1332, ( #800 ) ) ;
#620 = EDGE_LOOP ( 'NONE', ( #208, #599, #589, #321 ) ) ;
#621 = DIRECTION ( 'NONE',  ( -0.8660254037844417052, 0.000000000000000000, 0.4999999999999947820 ) ) ;
#622 = CIRCLE ( 'NONE', #42, 22.75000000000000000 ) ;
#623 = DIRECTION ( 'NONE',  ( 0.000000000000000000, 0.000000000000000000, -1.000000000000000000 ) ) ;
#624 = AXIS2_PLACEMENT_3D ( 'NONE', #296, #963, #969 ) ;
#625 = AXIS2_PLACEMENT_3D ( 'NONE', #901, #1099, #156 ) ;
#626 = DATE_AND_TIME ( #838, #291 ) ;
#627 = ORIENTED_EDGE ( 'NONE', *, *, #644, .F. ) ;
#628 = DIRECTION ( 'NONE',  ( -0.000000000000000000, -1.000000000000000000, -0.000000000000000000 ) ) ;
#629 = EDGE_CURVE ( 'NONE', #1349, #256, #717, .T. ) ;
#630 = ORIENTED_EDGE ( 'NONE', *, *, #1103, .F. ) ;
#631 = CARTESIAN_POINT ( 'NONE',  ( 12.45963744804699758, 0.000000000000000000, 21.58072510390542220 ) ) ;
#632 = VECTOR ( 'NONE', #975, 1000.000000000000000 ) ;
#633 = LINE ( 'NONE', #965, #585 ) ;
#634 = EDGE_LOOP ( 'NONE', ( #386, #698, #1174, #90 ) ) ;
#635 = DIRECTION ( 'NONE',  ( -1.000000000000000000, 0.000000000000000000, 0.000000000000000000 ) ) ;
#636 = VERTEX_POINT ( 'NONE', #1035 ) ;
#637 = FACE_OUTER_BOUND ( 'NONE', #523, .T. ) ;
#638 = CARTESIAN_POINT ( 'NONE',  ( 31.94520903319693517, 0.000000000000000000, 10.33072510390551990 ) ) ;
#639 = ORIENTED_EDGE ( 'NONE', *, *, #1315, .T. ) ;
#640 = EDGE_CURVE ( 'NONE', #1000, #1141, #490, .T. ) ;
#641 = CARTESIAN_POINT ( 'NONE',  ( 21.00000000000000355, 0.000000000000000000, -173.6250462620328108 ) ) ;
#642 = ORIENTED_EDGE ( 'NONE', *, *, #163, .F. ) ;
#643 = PLANE ( 'NONE',  #558 ) ;
#644 = EDGE_CURVE ( 'NONE', #385, #1183, #799, .T. ) ;
#645 = CARTESIAN_POINT ( 'NONE',  ( -24.14539293529927377, -2.249999999999999112, -173.6250462620328392 ) ) ;
#646 = CIRCLE ( 'NONE', #196, 21.00000000000000711 ) ;
#647 = CIRCLE ( 'NONE', #1302, 71.99999999999997158 ) ;
#648 = ORIENTED_EDGE ( 'NONE', *, *, #370, .T. ) ;
#649 = DIRECTION ( 'NONE',  ( 1.224646799147353207E-16, 1.000000000000000000, -0.000000000000000000 ) ) ;
#650 = AXIS2_PLACEMENT_3D ( 'NONE', #83, #1050, #865 ) ;
#651 = EDGE_LOOP ( 'NONE', ( #985, #895, #545, #1025 ) ) ;
#652 = DIRECTION ( 'NONE',  ( 0.000000000000000000, -1.000000000000000000, 0.000000000000000000 ) ) ;
#653 = LINE ( 'NONE', #1311, #1210 ) ;
#654 = EDGE_CURVE ( 'NONE', #122, #57, #1115, .T. ) ;
#655 = AXIS2_PLACEMENT_3D ( 'NONE', #781, #1206, #327 ) ;
#656 = CARTESIAN_POINT ( 'NONE',  ( 12.45963744804698337, 0.000000000000000000, 21.58072510390540799 ) ) ;
#657 = DIRECTION ( 'NONE',  ( 1.000000000000000000, 0.000000000000000000, 0.000000000000000000 ) ) ;
#658 = ORIENTED_EDGE ( 'NONE', *, *, #747, .T. ) ;
#659 = DIRECTION ( 'NONE',  ( -0.000000000000000000, -0.000000000000000000, 1.000000000000000000 ) ) ;
#660 = FACE_OUTER_BOUND ( 'NONE', #87, .T. ) ;
#661 = EDGE_CURVE ( 'NONE', #1385, #839, #667, .T. ) ;
#662 = ORIENTED_EDGE ( 'NONE', *, *, #561, .F. ) ;
#663 = CARTESIAN_POINT ( 'NONE',  ( -2.250000000000006217, 24.24999999999999645, -147.6250462620328108 ) ) ;
#664 = EDGE_LOOP ( 'NONE', ( #630, #1113, #205, #368 ) ) ;
#665 = CARTESIAN_POINT ( 'NONE',  ( -24.25000000000000355, 0.000000000000000000, -147.6250462620328108 ) ) ;
#666 = CARTESIAN_POINT ( 'NONE',  ( 24.14539293529926667, -2.249999999999999112, -173.6250462620328392 ) ) ;
#667 = CIRCLE ( 'NONE', #62, 21.00000000000000355 ) ;
#668 = DIRECTION ( 'NONE',  ( -0.000000000000000000, -0.000000000000000000, -1.000000000000000000 ) ) ;
#669 = DIRECTION ( 'NONE',  ( -1.000000000000000000, 1.224646799147353700E-16, 0.000000000000000000 ) ) ;
#670 = AXIS2_PLACEMENT_3D ( 'NONE', #171, #495, #707 ) ;
#671 = AXIS2_PLACEMENT_3D ( 'NONE', #426, #958, #202 ) ;
#672 = ORIENTED_EDGE ( 'NONE', *, *, #1361, .T. ) ;
#673 = CARTESIAN_POINT ( 'NONE',  ( 93.00000000000000000, -2.571758278209442056E-15, -24.91927489609410884 ) ) ;
#674 = EDGE_CURVE ( 'NONE', #1141, #1000, #1390, .T. ) ;
#675 = DIRECTION ( 'NONE',  ( -0.8660254037844413721, 0.000000000000000000, 0.4999999999999952816 ) ) ;
#676 = VECTOR ( 'NONE', #293, 1000.000000000000000 ) ;
#677 = CC_DESIGN_APPROVAL ( #774, ( #94 ) ) ;
#678 = ORIENTED_EDGE ( 'NONE', *, *, #472, .T. ) ;
#679 = LINE ( 'NONE', #810, #175 ) ;
#680 = DIRECTION ( 'NONE',  ( -1.000000000000000000, 0.000000000000000000, 0.000000000000000000 ) ) ;
#681 = CARTESIAN_POINT ( 'NONE',  ( -4.760808766220188327E-15, 0.000000000000000000, -173.6250462620328108 ) ) ;
#682 = DIRECTION ( 'NONE',  ( 1.000000000000000000, 0.000000000000000000, 0.000000000000000000 ) ) ;
#683 = ORIENTED_EDGE ( 'NONE', *, *, #1359, .T. ) ;
#684 = PLANE ( 'NONE',  #1211 ) ;
#685 = CARTESIAN_POINT ( 'NONE',  ( 21.00000000000000355, 0.000000000000000000, -102.9353258744447146 ) ) ;
#686 = CARTESIAN_POINT ( 'NONE',  ( -4.760808766220188327E-15, 0.000000000000000000, -173.6250462620328392 ) ) ;
#687 = CARTESIAN_POINT ( 'NONE',  ( 19.24999999999999645, 0.000000000000000000, -109.5066811655749319 ) ) ;
#688 = AXIS2_PLACEMENT_3D ( 'NONE', #813, #1245, #701 ) ;
#689 = VERTEX_POINT ( 'NONE', #201 ) ;
#690 = DIRECTION ( 'NONE',  ( -0.000000000000000000, -0.000000000000000000, -1.000000000000000000 ) ) ;
#691 = CIRCLE ( 'NONE', #811, 5.000000000000000888 ) ;
#692 = ORIENTED_EDGE ( 'NONE', *, *, #345, .F. ) ;
#693 = CIRCLE ( 'NONE', #1123, 3.500000000000003109 ) ;
#694 = CARTESIAN_POINT ( 'NONE',  ( 78.01442841485012991, 0.000000000000000000, 135.1249537379673313 ) ) ;
#695 = CONICAL_SURFACE ( 'NONE', #883, 24.25000000000006395, 0.3490658503988645633 ) ;
#696 = CARTESIAN_POINT ( 'NONE',  ( 0.000000000000000000, 0.000000000000000000, -102.9353258744447146 ) ) ;
#697 = VECTOR ( 'NONE', #248, 1000.000000000000114 ) ;
#698 = ORIENTED_EDGE ( 'NONE', *, *, #919, .T. ) ;
#699 = DIRECTION ( 'NONE',  ( -1.000000000000000000, 0.000000000000000000, 0.000000000000000000 ) ) ;
#700 = APPROVAL_PERSON_ORGANIZATION ( #388, #1270, #1155 ) ;
#701 = DIRECTION ( 'NONE',  ( 0.000000000000000000, 0.000000000000000000, 1.000000000000000000 ) ) ;
#702 = PRODUCT_DEFINITION_SHAPE ( 'NONE', 'NONE',  #365 ) ;
#703 = DIRECTION ( 'NONE',  ( -1.000000000000000000, 0.000000000000000000, 0.000000000000000000 ) ) ;
#704 = CALENDAR_DATE ( 2026, 16, 9 ) ;
#705 = EDGE_CURVE ( 'NONE', #402, #689, #1012, .T. ) ;
#706 = ORIENTED_EDGE ( 'NONE', *, *, #1011, .F. ) ;
#707 = DIRECTION ( 'NONE',  ( -0.8660254037844417052, 0.000000000000000000, 0.4999999999999945599 ) ) ;
#708 = ORIENTED_EDGE ( 'NONE', *, *, #900, .F. ) ;
#709 = CARTESIAN_POINT ( 'NONE',  ( 27.50000000000000355, 0.000000000000000000, -102.9353258744447146 ) ) ;
#710 = EDGE_CURVE ( 'NONE', #377, #764, #785, .T. ) ;
#711 = EDGE_LOOP ( 'NONE', ( #186, #962, #809, #1006 ) ) ;
#712 = CARTESIAN_POINT ( 'NONE',  ( 78.01442841485012991, 0.000000000000000000, 135.1249537379673313 ) ) ;
#713 = ORIENTED_EDGE ( 'NONE', *, *, #60, .T. ) ;
#714 = ADVANCED_FACE ( 'NONE', ( #1386 ), #1153, .T. ) ;
#715 = VECTOR ( 'NONE', #160, 1000.000000000000000 ) ;
#716 = ORIENTED_EDGE ( 'NONE', *, *, #829, .F. ) ;
#717 = LINE ( 'NONE', #147, #1097 ) ;
#718 = AXIS2_PLACEMENT_3D ( 'NONE', #403, #1260, #1069 ) ;
#719 = ORIENTED_EDGE ( 'NONE', *, *, #1009, .T. ) ;
#720 = CARTESIAN_POINT ( 'NONE',  ( 12.45963744804698337, 0.000000000000000000, 21.58072510390540799 ) ) ;
#721 = ORIENTED_EDGE ( 'NONE', *, *, #869, .F. ) ;
#722 = CARTESIAN_POINT ( 'NONE',  ( 59.82789493537683967, 2.571758278209442056E-15, 145.6249537379672176 ) ) ;
#723 = AXIS2_PLACEMENT_3D ( 'NONE', #217, #649, #669 ) ;
#724 = ADVANCED_FACE ( 'NONE', ( #637 ), #152, .T. ) ;
#725 = APPROVAL_PERSON_ORGANIZATION ( #51, #126, #1136 ) ;
#726 = APPROVAL_STATUS ( 'not_yet_approved' ) ;
#727 = ADVANCED_FACE ( 'NONE', ( #614 ), #843, .T. ) ;
#728 = EDGE_LOOP ( 'NONE', ( #945, #406, #613, #1046 ) ) ;
#729 = CARTESIAN_POINT ( 'NONE',  ( 0.000000000000000000, 0.000000000000000000, -173.6250462620328108 ) ) ;
#730 = VERTEX_POINT ( 'NONE', #722 ) ;
#731 = DIRECTION ( 'NONE',  ( -0.000000000000000000, -0.000000000000000000, -1.000000000000000000 ) ) ;
#732 = DIRECTION ( 'NONE',  ( 0.000000000000000000, 0.000000000000000000, 1.000000000000000000 ) ) ;
#733 = VERTEX_POINT ( 'NONE', #1371 ) ;
#734 = DIRECTION ( 'NONE',  ( 0.000000000000000000, 0.000000000000000000, 1.000000000000000000 ) ) ;
#735 = EDGE_LOOP ( 'NONE', ( #1370, #611, #870, #361 ) ) ;
#736 = PLANE ( 'NONE',  #20 ) ;
#737 = CIRCLE ( 'NONE', #85, 6.500000000000005329 ) ;
#738 = DIRECTION ( 'NONE',  ( 1.000000000000000000, 0.000000000000000000, 0.000000000000000000 ) ) ;
#739 = AXIS2_PLACEMENT_3D ( 'NONE', #432, #1186, #452 ) ;
#740 = AXIS2_PLACEMENT_3D ( 'NONE', #137, #455, #576 ) ;
#741 = VERTEX_POINT ( 'NONE', #189 ) ;
#742 = FACE_OUTER_BOUND ( 'NONE', #300, .T. ) ;
#743 = VERTEX_POINT ( 'NONE', #609 ) ;
#744 = CARTESIAN_POINT ( 'NONE',  ( -4.760808766220188327E-15, 0.000000000000000000, -147.6250462620328108 ) ) ;
#745 = AXIS2_PLACEMENT_3D ( 'NONE', #889, #9, #657 ) ;
#746 = FACE_OUTER_BOUND ( 'NONE', #190, .T. ) ;
#747 = EDGE_CURVE ( 'NONE', #839, #1385, #1052, .T. ) ;
#748 = CARTESIAN_POINT ( 'NONE',  ( 78.01442841485012991, 0.000000000000000000, 135.1249537379673313 ) ) ;
#749 = DIRECTION ( 'NONE',  ( 0.000000000000000000, 0.000000000000000000, 1.000000000000000000 ) ) ;
#750 = EDGE_CURVE ( 'NONE', #853, #1297, #1077, .T. ) ;
#751 = ORIENTED_EDGE ( 'NONE', *, *, #401, .T. ) ;
#752 = DIRECTION ( 'NONE',  ( -1.000000000000000000, 1.224646799147352714E-16, 0.000000000000000000 ) ) ;
#753 = DIRECTION ( 'NONE',  ( 0.000000000000000000, -1.000000000000000000, 0.000000000000000000 ) ) ;
#754 = EDGE_LOOP ( 'NONE', ( #1132, #505, #639, #1192 ) ) ;
#755 = EDGE_CURVE ( 'NONE', #764, #1289, #328, .T. ) ;
#756 = DIRECTION ( 'NONE',  ( 1.000000000000000000, 0.000000000000000000, 0.000000000000000000 ) ) ;
#757 = VERTEX_POINT ( 'NONE', #1159 ) ;
#758 = CARTESIAN_POINT ( 'NONE',  ( 22.63846284534353615, -2.249999999999999112, -173.6250462620328392 ) ) ;
#759 = ADVANCED_FACE ( 'NONE', ( #1392 ), #153, .F. ) ;
#760 = FACE_OUTER_BOUND ( 'NONE', #827, .T. ) ;
#761 = AXIS2_PLACEMENT_3D ( 'NONE', #333, #1090, #675 ) ;
#762 = AXIS2_PLACEMENT_3D ( 'NONE', #288, #863, #392 ) ;
#763 = CIRCLE ( 'NONE', #650, 21.00000000000000355 ) ;
#764 = VERTEX_POINT ( 'NONE', #1167 ) ;
#765 = DIRECTION ( 'NONE',  ( 0.000000000000000000, -1.000000000000000000, 0.000000000000000000 ) ) ;
#766 = AXIS2_PLACEMENT_3D ( 'NONE', #404, #510, #418 ) ;
#767 = ORIENTED_EDGE ( 'NONE', *, *, #629, .F. ) ;
#768 = CARTESIAN_POINT ( 'NONE',  ( 24.24999999999999645, -2.250000000000000000, -147.6250462620328108 ) ) ;
#769 = CARTESIAN_POINT ( 'NONE',  ( 24.24999999999999645, 2.969768487932331681E-15, -173.6250462620328392 ) ) ;
#770 = EDGE_CURVE ( 'NONE', #733, #220, #1098, .T. ) ;
#771 = VECTOR ( 'NONE', #501, 1000.000000000000000 ) ;
#772 = ORIENTED_EDGE ( 'NONE', *, *, #1034, .F. ) ;
#773 = CARTESIAN_POINT ( 'NONE',  ( -7.025934137102951560, 2.755455298081545567E-15, 32.83072510390531562 ) ) ;
#774 = APPROVAL ( #726, 'UNSPECIFIED' ) ;
#775 = VERTEX_POINT ( 'NONE', #1048 ) ;
#776 = DIRECTION ( 'NONE',  ( -0.4999999999999948930, 0.000000000000000000, -0.8660254037844417052 ) ) ;
#777 = CARTESIAN_POINT ( 'NONE',  ( 0.000000000000000000, 0.000000000000000000, -173.6250462620328108 ) ) ;
#778 = ADVANCED_FACE ( 'NONE', ( #301 ), #736, .F. ) ;
#779 = ADVANCED_FACE ( 'NONE', ( #1063 ), #98, .T. ) ;
#780 = DIRECTION ( 'NONE',  ( 1.000000000000000000, 0.000000000000000000, 0.000000000000000000 ) ) ;
#781 = CARTESIAN_POINT ( 'NONE',  ( 93.00000000000000000, 0.000000000000000000, -24.91927489609410884 ) ) ;
#782 = ORIENTED_EDGE ( 'NONE', *, *, #919, .F. ) ;
#783 = FACE_OUTER_BOUND ( 'NONE', #918, .T. ) ;
#784 = PLANE ( 'NONE',  #1305 ) ;
#785 = CIRCLE ( 'NONE', #1187, 70.49999999999997158 ) ;
#786 = DIRECTION ( 'NONE',  ( 0.000000000000000000, 0.000000000000000000, 1.000000000000000000 ) ) ;
#787 = ADVANCED_FACE ( 'NONE', ( #503 ), #940, .T. ) ;
#788 = PERSON_AND_ORGANIZATION ( #143, #382 ) ;
#789 = CIRCLE ( 'NONE', #670, 21.00000000000000355 ) ;
#790 = AXIS2_PLACEMENT_3D ( 'NONE', #696, #1129, #593 ) ;
#791 = ORIENTED_EDGE ( 'NONE', *, *, #1368, .F. ) ;
#792 = FACE_OUTER_BOUND ( 'NONE', #431, .T. ) ;
#793 = LINE ( 'NONE', #135, #951 ) ;
#794 = DIRECTION ( 'NONE',  ( -1.000000000000000000, 0.000000000000000000, 0.000000000000000000 ) ) ;
#795 = DIRECTION ( 'NONE',  ( 0.000000000000000000, 0.000000000000000000, 1.000000000000000000 ) ) ;
#796 = AXIS2_PLACEMENT_3D ( 'NONE', #101, #206, #734 ) ;
#797 = VERTEX_POINT ( 'NONE', #983 ) ;
#798 = CARTESIAN_POINT ( 'NONE',  ( 0.000000000000000000, 0.000000000000000000, -173.6250462620328108 ) ) ;
#799 = LINE ( 'NONE', #1223, #325 ) ;
#800 = PRODUCT ( '79-8462 - 45mm 30deg', '79-8462 - 45mm 30deg', '', ( #1112 ) ) ;
#801 = CARTESIAN_POINT ( 'NONE',  ( 2.249999999999992450, 24.14539293529927022, -173.6250462620328392 ) ) ;
#802 = EDGE_CURVE ( 'NONE', #689, #1297, #63, .T. ) ;
#803 = EDGE_LOOP ( 'NONE', ( #1357, #1221, #494, #232, #1162, #269, #791, #1032, #772, #721, #319, #706 ) ) ;
#804 = CARTESIAN_POINT ( 'NONE',  ( -4.760808766220188327E-15, 0.000000000000000000, -173.6250462620328108 ) ) ;
#805 = DIRECTION ( 'NONE',  ( -0.000000000000000000, -1.000000000000000000, -0.000000000000000000 ) ) ;
#806 = DIRECTION ( 'NONE',  ( -1.000000000000000000, 0.000000000000000000, 0.000000000000000000 ) ) ;
#807 =( NAMED_UNIT ( * ) PLANE_ANGLE_UNIT ( ) SI_UNIT ( $, .RADIAN. ) );
#808 = AXIS2_PLACEMENT_3D ( 'NONE', #127, #236, #1104 ) ;
#809 = ORIENTED_EDGE ( 'NONE', *, *, #710, .T. ) ;
#810 = CARTESIAN_POINT ( 'NONE',  ( -24.25000000000000355, 0.000000000000000000, -173.6250462620328392 ) ) ;
#811 = AXIS2_PLACEMENT_3D ( 'NONE', #343, #338, #752 ) ;
#812 = AXIS2_PLACEMENT_3D ( 'NONE', #1320, #469, #914 ) ;
#813 = CARTESIAN_POINT ( 'NONE',  ( 93.00000000000000000, 0.000000000000000000, -24.91927489609410884 ) ) ;
#814 = ADVANCED_FACE ( 'NONE', ( #110 ), #643, .T. ) ;
#815 = CARTESIAN_POINT ( 'NONE',  ( 2.249999999999993339, 24.24999999999999645, -147.6250462620328108 ) ) ;
#816 = DATE_AND_TIME ( #1130, #845 ) ;
#817 = VECTOR ( 'NONE', #628, 1000.000000000000000 ) ;
#818 = ORIENTED_EDGE ( 'NONE', *, *, #193, .F. ) ;
#819 = LINE ( 'NONE', #1033, #1345 ) ;
#820 = ORIENTED_EDGE ( 'NONE', *, *, #880, .T. ) ;
#821 = DIRECTION ( 'NONE',  ( -0.000000000000000000, -0.000000000000000000, -1.000000000000000000 ) ) ;
#822 = EDGE_CURVE ( 'NONE', #884, #551, #6, .T. ) ;
#823 = PERSON_AND_ORGANIZATION ( #143, #382 ) ;
#824 = ADVANCED_FACE ( 'NONE', ( #119 ), #885, .T. ) ;
#825 = ORIENTED_EDGE ( 'NONE', *, *, #1031, .T. ) ;
#826 = DIRECTION ( 'NONE',  ( 1.000000000000000000, 0.000000000000000000, 0.000000000000000000 ) ) ;
#827 = EDGE_LOOP ( 'NONE', ( #1166, #849, #261, #648 ) ) ;
#828 = CARTESIAN_POINT ( 'NONE',  ( -4.760808766220188327E-15, 0.000000000000000000, -147.6250462620328108 ) ) ;
#829 = EDGE_CURVE ( 'NONE', #842, #1074, #1256, .T. ) ;
#830 = VERTEX_POINT ( 'NONE', #871 ) ;
#831 = DIRECTION ( 'NONE',  ( 0.4999999999999948375, 0.000000000000000000, 0.8660254037844418162 ) ) ;
#832 = VECTOR ( 'NONE', #598, 1000.000000000000000 ) ;
#833 = ORIENTED_EDGE ( 'NONE', *, *, #304, .T. ) ;
#834 = DIRECTION ( 'NONE',  ( 1.000000000000000000, 0.000000000000000000, 0.000000000000000000 ) ) ;
#835 = CIRCLE ( 'NONE', #604, 24.25000000000000000 ) ;
#836 = EDGE_CURVE ( 'NONE', #890, #757, #1143, .T. ) ;
#837 = AXIS2_PLACEMENT_3D ( 'NONE', #37, #44, #162 ) ;
#838 = CALENDAR_DATE ( 2026, 16, 9 ) ;
#839 = VERTEX_POINT ( 'NONE', #322 ) ;
#840 = CARTESIAN_POINT ( 'NONE',  ( -4.760808766220188327E-15, 0.000000000000000000, -173.6250462620328108 ) ) ;
#841 = CIRCLE ( 'NONE', #1353, 22.53892417275067928 ) ;
#842 = VERTEX_POINT ( 'NONE', #876 ) ;
#843 = PLANE ( 'NONE',  #174 ) ;
#844 = AXIS2_PLACEMENT_3D ( 'NONE', #376, #894, #1220 ) ;
#845 = LOCAL_TIME ( 0, 3, 23.00000000000000000, #915 ) ;
#846 = CARTESIAN_POINT ( 'NONE',  ( -2.250000000000006217, 22.63846284534354325, -147.6250462620328108 ) ) ;
#847 = ORIENTED_EDGE ( 'NONE', *, *, #616, .T. ) ;
#848 = LINE ( 'NONE', #525, #676 ) ;
#849 = ORIENTED_EDGE ( 'NONE', *, *, #164, .T. ) ;
#850 = DIRECTION ( 'NONE',  ( -1.000000000000000000, 0.000000000000000000, 0.000000000000000000 ) ) ;
#851 = ORIENTED_EDGE ( 'NONE', *, *, #60, .F. ) ;
#852 = FACE_BOUND ( 'NONE', #463, .T. ) ;
#853 = VERTEX_POINT ( 'NONE', #891 ) ;
#854 = CARTESIAN_POINT ( 'NONE',  ( 0.000000000000000000, 0.000000000000000000, -107.7965804489465995 ) ) ;
#855 = EDGE_CURVE ( 'NONE', #839, #66, #647, .T. ) ;
#856 = FACE_OUTER_BOUND ( 'NONE', #1278, .T. ) ;
#857 = VECTOR ( 'NONE', #1102, 1000.000000000000114 ) ;
#858 = CIRCLE ( 'NONE', #766, 24.25000000000000000 ) ;
#859 = EDGE_CURVE ( 'NONE', #888, #1141, #691, .T. ) ;
#860 = LINE ( 'NONE', #211, #949 ) ;
#861 = CARTESIAN_POINT ( 'NONE',  ( 24.24999999999999645, 2.250000000000000000, -147.6250462620328108 ) ) ;
#862 = ORIENTED_EDGE ( 'NONE', *, *, #524, .F. ) ;
#863 = DIRECTION ( 'NONE',  ( 0.000000000000000000, 0.000000000000000000, -1.000000000000000000 ) ) ;
#864 = TOROIDAL_SURFACE ( 'NONE', #93, 27.50000000000000355, 6.500000000000000888 ) ;
#865 = DIRECTION ( 'NONE',  ( -0.8660254037844417052, 0.000000000000000000, 0.4999999999999945599 ) ) ;
#866 = EDGE_CURVE ( 'NONE', #551, #1183, #1300, .T. ) ;
#867 = DIRECTION ( 'NONE',  ( 0.4999999999999947820, 0.000000000000000000, 0.8660254037844417052 ) ) ;
#868 = DIRECTION ( 'NONE',  ( 1.224646799147353207E-16, 1.000000000000000000, -0.000000000000000000 ) ) ;
#869 = EDGE_CURVE ( 'NONE', #130, #298, #458, .T. ) ;
#870 = ORIENTED_EDGE ( 'NONE', *, *, #1028, .T. ) ;
#871 = CARTESIAN_POINT ( 'NONE',  ( 2.249999999999993339, -22.63846284534354325, -147.6250462620328108 ) ) ;
#872 = DIRECTION ( 'NONE',  ( 0.3420201433256675472, 4.188538737676978206E-17, -0.9396926207859088720 ) ) ;
#873 = ORIENTED_EDGE ( 'NONE', *, *, #1352, .F. ) ;
#874 = CARTESIAN_POINT ( 'NONE',  ( -2.250000000000006217, -24.14539293529927377, -173.6250462620328108 ) ) ;
#875 = ORIENTED_EDGE ( 'NONE', *, *, #898, .F. ) ;
#876 = CARTESIAN_POINT ( 'NONE',  ( 2.249999999999993339, 22.63846284534354325, -173.6250462620328108 ) ) ;
#877 = EDGE_CURVE ( 'NONE', #757, #1297, #331, .T. ) ;
#878 = CARTESIAN_POINT ( 'NONE',  ( 22.50000000000000711, 0.000000000000000000, -24.91927489609408042 ) ) ;
#879 = CIRCLE ( 'NONE', #578, 115.4999999999999716 ) ;
#880 = EDGE_CURVE ( 'NONE', #81, #1170, #446, .T. ) ;
#881 = AXIS2_PLACEMENT_3D ( 'NONE', #1309, #776, #235 ) ;
#882 = ORIENTED_EDGE ( 'NONE', *, *, #345, .T. ) ;
#883 = AXIS2_PLACEMENT_3D ( 'NONE', #886, #28, #351 ) ;
#884 = VERTEX_POINT ( 'NONE', #1089 ) ;
#885 = PLANE ( 'NONE',  #739 ) ;
#886 = CARTESIAN_POINT ( 'NONE',  ( 0.000000000000000000, 0.000000000000000000, -108.6250462620327966 ) ) ;
#887 = ADVANCED_FACE ( 'NONE', ( #783 ), #568, .F. ) ;
#888 = VERTEX_POINT ( 'NONE', #554 ) ;
#889 = CARTESIAN_POINT ( 'NONE',  ( -2.380404383110094163E-15, 0.000000000000000000, -109.5066811655749319 ) ) ;
#890 = VERTEX_POINT ( 'NONE', #987 ) ;
#891 = CARTESIAN_POINT ( 'NONE',  ( 22.53892417275067928, 2.760222134438402549E-15, -108.3096106639351035 ) ) ;
#892 = CYLINDRICAL_SURFACE ( 'NONE', #970, 22.50000000000001066 ) ;
#893 = CARTESIAN_POINT ( 'NONE',  ( 24.24999999999999645, 2.250000000000000000, -173.6250462620328108 ) ) ;
#894 = DIRECTION ( 'NONE',  ( 0.000000000000000000, 0.000000000000000000, -1.000000000000000000 ) ) ;
#895 = ORIENTED_EDGE ( 'NONE', *, *, #1319, .T. ) ;
#896 = LINE ( 'NONE', #17, #990 ) ;
#897 = CARTESIAN_POINT ( 'NONE',  ( 24.14539293529926667, -2.250000000000000000, -147.6250462620328108 ) ) ;
#898 = EDGE_CURVE ( 'NONE', #81, #974, #896, .T. ) ;
#899 = CIRCLE ( 'NONE', #808, 22.75000000000000000 ) ;
#900 = EDGE_CURVE ( 'NONE', #1289, #764, #43, .T. ) ;
#901 = CARTESIAN_POINT ( 'NONE',  ( 0.000000000000000000, 0.000000000000000000, -102.9353258744447146 ) ) ;
#902 = TOROIDAL_SURFACE ( 'NONE', #420, 19.25000000000000000, 3.500000000000000000 ) ;
#903 = VECTOR ( 'NONE', #302, 1000.000000000000000 ) ;
#904 = ORIENTED_EDGE ( 'NONE', *, *, #516, .T. ) ;
#905 = DIRECTION ( 'NONE',  ( 0.000000000000000000, 1.000000000000000000, 0.000000000000000000 ) ) ;
#906 = CARTESIAN_POINT ( 'NONE',  ( -24.25000000000006395, 0.000000000000000000, -108.6250462620327966 ) ) ;
#907 = DIRECTION ( 'NONE',  ( 0.000000000000000000, 1.000000000000000000, 0.000000000000000000 ) ) ;
#908 = AXIS2_PLACEMENT_3D ( 'NONE', #612, #515, #826 ) ;
#909 = VERTEX_POINT ( 'NONE', #665 ) ;
#910 = DIRECTION ( 'NONE',  ( -0.000000000000000000, 0.000000000000000000, -1.000000000000000000 ) ) ;
#911 = ADVANCED_FACE ( 'NONE', ( #1095 ), #306, .T. ) ;
#912 = ORIENTED_EDGE ( 'NONE', *, *, #224, .T. ) ;
#913 = DIRECTION ( 'NONE',  ( -0.000000000000000000, -0.000000000000000000, -1.000000000000000000 ) ) ;
#914 = DIRECTION ( 'NONE',  ( 1.000000000000000000, 0.000000000000000000, 0.000000000000000000 ) ) ;
#915 = COORDINATED_UNIVERSAL_TIME_OFFSET ( 1, 0, .AHEAD. ) ;
#916 = ORIENTED_EDGE ( 'NONE', *, *, #859, .T. ) ;
#917 = LINE ( 'NONE', #67, #350 ) ;
#918 = EDGE_LOOP ( 'NONE', ( #408, #1248, #294, #124 ) ) ;
#919 = EDGE_CURVE ( 'NONE', #890, #853, #819, .T. ) ;
#920 = DIRECTION ( 'NONE',  ( -1.000000000000000000, 0.000000000000000000, 0.000000000000000000 ) ) ;
#921 = CARTESIAN_POINT ( 'NONE',  ( 58.52885682970017456, 2.755455298081545567E-15, 146.3749537379672176 ) ) ;
#922 = PERSON_AND_ORGANIZATION ( #143, #382 ) ;
#923 = CIRCLE ( 'NONE', #761, 22.50000000000001066 ) ;
#924 = ORIENTED_EDGE ( 'NONE', *, *, #855, .T. ) ;
#925 = LINE ( 'NONE', #40, #492 ) ;
#926 = AXIS2_PLACEMENT_3D ( 'NONE', #257, #1237, #146 ) ;
#927 = ADVANCED_FACE ( 'NONE', ( #1108 ), #134, .F. ) ;
#928 = CIRCLE ( 'NONE', #1121, 21.39199796489160121 ) ;
#929 = CARTESIAN_POINT ( 'NONE',  ( -4.760808766220188327E-15, 0.000000000000000000, -109.5066811655749319 ) ) ;
#930 = EDGE_CURVE ( 'NONE', #775, #298, #925, .T. ) ;
#931 = AXIS2_PLACEMENT_3D ( 'NONE', #1163, #198, #635 ) ;
#932 = ORIENTED_EDGE ( 'NONE', *, *, #496, .T. ) ;
#933 = CARTESIAN_POINT ( 'NONE',  ( 93.00000000000000000, 0.000000000000000000, -24.91927489609410884 ) ) ;
#934 = APPROVAL_PERSON_ORGANIZATION ( #176, #774, #184 ) ;
#935 = EDGE_LOOP ( 'NONE', ( #595, #1051, #1254, #937 ) ) ;
#936 = DIRECTION ( 'NONE',  ( -0.000000000000000000, -0.000000000000000000, -1.000000000000000000 ) ) ;
#937 = ORIENTED_EDGE ( 'NONE', *, *, #710, .F. ) ;
#938 = CARTESIAN_POINT ( 'NONE',  ( -23.94846310392954081, 0.000000000000000000, -107.7965804489465995 ) ) ;
#939 = ORIENTED_EDGE ( 'NONE', *, *, #111, .T. ) ;
#940 = PLANE ( 'NONE',  #946 ) ;
#941 = DESIGN_CONTEXT ( 'detailed design', #237, 'design' ) ;
#942 = VERTEX_POINT ( 'NONE', #1350 ) ;
#943 = FACE_OUTER_BOUND ( 'NONE', #457, .T. ) ;
#944 = AXIS2_PLACEMENT_3D ( 'NONE', #1265, #731, #948 ) ;
#945 = ORIENTED_EDGE ( 'NONE', *, *, #1110, .T. ) ;
#946 = AXIS2_PLACEMENT_3D ( 'NONE', #1365, #652, #131 ) ;
#947 = ORIENTED_EDGE ( 'NONE', *, *, #1127, .T. ) ;
#948 = DIRECTION ( 'NONE',  ( -1.000000000000000000, 0.000000000000000000, 0.000000000000000000 ) ) ;
#949 = VECTOR ( 'NONE', #867, 1000.000000000000114 ) ;
#950 = DIRECTION ( 'NONE',  ( 1.000000000000000000, 0.000000000000000000, -0.000000000000000000 ) ) ;
#951 = VECTOR ( 'NONE', #988, 1000.000000000000000 ) ;
#952 = EDGE_CURVE ( 'NONE', #1238, #281, #464, .T. ) ;
#953 = ORIENTED_EDGE ( 'NONE', *, *, #640, .T. ) ;
#954 = CARTESIAN_POINT ( 'NONE',  ( -21.00000000000000355, 2.571758278209442056E-15, -102.9353258744447146 ) ) ;
#955 = TOROIDAL_SURFACE ( 'NONE', #745, 19.25000000000000000, 5.000000000000000000 ) ;
#956 = EDGE_LOOP ( 'NONE', ( #342, #916, #1383, #1214 ) ) ;
#957 = CARTESIAN_POINT ( 'NONE',  ( -2.380404383110094163E-15, 0.000000000000000000, -109.5066811655749319 ) ) ;
#958 = DIRECTION ( 'NONE',  ( 0.000000000000000000, 0.000000000000000000, -1.000000000000000000 ) ) ;
#959 = COORDINATED_UNIVERSAL_TIME_OFFSET ( 1, 0, .AHEAD. ) ;
#960 = ORIENTED_EDGE ( 'NONE', *, *, #411, .F. ) ;
#961 = DIRECTION ( 'NONE',  ( -1.000000000000000000, 0.000000000000000000, 0.000000000000000000 ) ) ;
#962 = ORIENTED_EDGE ( 'NONE', *, *, #370, .F. ) ;
#963 = DIRECTION ( 'NONE',  ( 0.000000000000000000, 0.000000000000000000, 1.000000000000000000 ) ) ;
#964 = ADVANCED_FACE ( 'NONE', ( #378 ), #574, .T. ) ;
#965 = CARTESIAN_POINT ( 'NONE',  ( 24.14539293529926667, 2.249999999999999112, -173.6250462620328392 ) ) ;
#966 = ORIENTED_EDGE ( 'NONE', *, *, #1312, .F. ) ;
#967 = DIRECTION ( 'NONE',  ( 0.000000000000000000, 0.000000000000000000, 1.000000000000000000 ) ) ;
#968 = ORIENTED_EDGE ( 'NONE', *, *, #1049, .T. ) ;
#969 = DIRECTION ( 'NONE',  ( -1.000000000000000000, 0.000000000000000000, 0.000000000000000000 ) ) ;
#970 = AXIS2_PLACEMENT_3D ( 'NONE', #13, #1217, #230 ) ;
#971 = CARTESIAN_POINT ( 'NONE',  ( -4.760808766220188327E-15, 0.000000000000000000, -147.6250462620328108 ) ) ;
#972 = AXIS2_PLACEMENT_3D ( 'NONE', #933, #905, #1341 ) ;
#973 = EDGE_CURVE ( 'NONE', #976, #66, #789, .T. ) ;
#974 = VERTEX_POINT ( 'NONE', #590 ) ;
#975 = DIRECTION ( 'NONE',  ( -1.000000000000000000, 0.000000000000000000, 0.000000000000000000 ) ) ;
#976 = VERTEX_POINT ( 'NONE', #1222 ) ;
#977 = CARTESIAN_POINT ( 'NONE',  ( 0.000000000000000000, 0.000000000000000000, -147.6250462620328108 ) ) ;
#978 = AXIS2_PLACEMENT_3D ( 'NONE', #79, #299, #506 ) ;
#979 = FACE_OUTER_BOUND ( 'NONE', #334, .T. ) ;
#980 = CYLINDRICAL_SURFACE ( 'NONE', #285, 22.50000000000001066 ) ;
#981 = DIRECTION ( 'NONE',  ( -0.000000000000000000, -1.000000000000000000, -0.000000000000000000 ) ) ;
#982 = ORIENTED_EDGE ( 'NONE', *, *, #1247, .F. ) ;
#983 = CARTESIAN_POINT ( 'NONE',  ( -22.80153689607045919, 0.000000000000000000, -104.6454265910730470 ) ) ;
#984 = DIRECTION ( 'NONE',  ( -0.4999999999999948930, 0.000000000000000000, -0.8660254037844417052 ) ) ;
#985 = ORIENTED_EDGE ( 'NONE', *, *, #35, .T. ) ;
#986 = ORIENTED_EDGE ( 'NONE', *, *, #472, .F. ) ;
#987 = CARTESIAN_POINT ( 'NONE',  ( 21.39199796489160121, 2.689993158972761084E-15, -105.1584568060615510 ) ) ;
#988 = DIRECTION ( 'NONE',  ( -0.000000000000000000, -0.000000000000000000, -1.000000000000000000 ) ) ;
#989 = CIRCLE ( 'NONE', #1164, 22.80153689607045919 ) ;
#990 = VECTOR ( 'NONE', #1322, 1000.000000000000000 ) ;
#991 = ORIENTED_EDGE ( 'NONE', *, *, #750, .T. ) ;
#992 = FACE_OUTER_BOUND ( 'NONE', #1355, .T. ) ;
#993 = ORIENTED_EDGE ( 'NONE', *, *, #454, .T. ) ;
#994 = DIRECTION ( 'NONE',  ( -1.000000000000000000, 1.224646799147353947E-16, 0.000000000000000000 ) ) ;
#995 = CARTESIAN_POINT ( 'NONE',  ( 78.01442841485012991, 0.000000000000000000, 135.1249537379673313 ) ) ;
#996 = CIRCLE ( 'NONE', #931, 22.75000000000000000 ) ;
#997 = DIRECTION ( 'NONE',  ( -1.000000000000000000, 0.000000000000000000, 0.000000000000000000 ) ) ;
#998 = DATE_AND_TIME ( #704, #1176 ) ;
#999 = ADVANCED_FACE ( 'NONE', ( #600 ), #684, .F. ) ;
#1000 = VERTEX_POINT ( 'NONE', #262 ) ;
#1001 = CARTESIAN_POINT ( 'NONE',  ( 0.000000000000000000, 0.000000000000000000, -105.1584568060615510 ) ) ;
#1002 = CARTESIAN_POINT ( 'NONE',  ( -4.760808766220188327E-15, 0.000000000000000000, -173.6250462620328392 ) ) ;
#1003 = ADVANCED_FACE ( 'NONE', ( #792 ), #902, .F. ) ;
#1004 = CARTESIAN_POINT ( 'NONE',  ( 0.000000000000000000, 0.000000000000000000, -102.9353258744447146 ) ) ;
#1005 = DIRECTION ( 'NONE',  ( 0.000000000000000000, 0.000000000000000000, -1.000000000000000000 ) ) ;
#1006 = ORIENTED_EDGE ( 'NONE', *, *, #755, .T. ) ;
#1007 = DIRECTION ( 'NONE',  ( 0.000000000000000000, 0.000000000000000000, -1.000000000000000000 ) ) ;
#1008 = CARTESIAN_POINT ( 'NONE',  ( 0.000000000000000000, 0.000000000000000000, -107.7965804489465995 ) ) ;
#1009 = EDGE_CURVE ( 'NONE', #636, #1264, #835, .T. ) ;
#1010 = TOROIDAL_SURFACE ( 'NONE', #688, 92.99999999999997158, 21.00000000000000355 ) ;
#1011 = EDGE_CURVE ( 'NONE', #888, #909, #679, .T. ) ;
#1012 = CIRCLE ( 'NONE', #394, 22.75000000000000000 ) ;
#1013 = CARTESIAN_POINT ( 'NONE',  ( -2.250000000000006217, 22.63846284534354325, -173.6250462620328108 ) ) ;
#1014 = CARTESIAN_POINT ( 'NONE',  ( 22.63846284534353615, 2.249999999999999112, -173.6250462620328392 ) ) ;
#1015 = CIRCLE ( 'NONE', #395, 22.75000000000000000 ) ;
#1016 = AXIS2_PLACEMENT_3D ( 'NONE', #1241, #194, #1064 ) ;
#1017 = ORIENTED_EDGE ( 'NONE', *, *, #1229, .F. ) ;
#1018 = DIRECTION ( 'NONE',  ( 0.4999999999999947820, 0.000000000000000000, 0.8660254037844417052 ) ) ;
#1019 = DIRECTION ( 'NONE',  ( -0.8660254037844415942, 0.000000000000000000, 0.4999999999999950040 ) ) ;
#1020 = CIRCLE ( 'NONE', #336, 24.25000000000000000 ) ;
#1021 = DIRECTION ( 'NONE',  ( 0.000000000000000000, 0.000000000000000000, 1.000000000000000000 ) ) ;
#1022 = APPLICATION_PROTOCOL_DEFINITION ( 'international standard', 'config_control_design', 1994, #237 ) ;
#1023 = EDGE_CURVE ( 'NONE', #66, #1250, #917, .T. ) ;
#1024 = ADVANCED_FACE ( 'NONE', ( #356 ), #1114, .T. ) ;
#1025 = ORIENTED_EDGE ( 'NONE', *, *, #602, .F. ) ;
#1026 = CARTESIAN_POINT ( 'NONE',  ( 2.249999999999993339, 24.24999999999999645, -147.6250462620328108 ) ) ;
#1027 = LINE ( 'NONE', #271, #509 ) ;
#1028 = EDGE_CURVE ( 'NONE', #743, #377, #466, .T. ) ;
#1029 = CARTESIAN_POINT ( 'NONE',  ( 2.249999999999993339, -24.14539293529927377, -173.6250462620328108 ) ) ;
#1030 = CARTESIAN_POINT ( 'NONE',  ( -2.250000000000006217, -22.63846284534354325, -147.6250462620328108 ) ) ;
#1031 = EDGE_CURVE ( 'NONE', #473, #1183, #1015, .T. ) ;
#1032 = ORIENTED_EDGE ( 'NONE', *, *, #132, .F. ) ;
#1033 = CARTESIAN_POINT ( 'NONE',  ( 22.84046106882120242, 2.797149753898161832E-15, -109.1380764770213005 ) ) ;
#1034 = EDGE_CURVE ( 'NONE', #298, #122, #1190, .T. ) ;
#1035 = CARTESIAN_POINT ( 'NONE',  ( 2.249999999999993339, -24.14539293529927377, -147.6250462620328108 ) ) ;
#1036 = ORIENTED_EDGE ( 'NONE', *, *, #570, .T. ) ;
#1037 = CARTESIAN_POINT ( 'NONE',  ( -2.380404383110094163E-15, 0.000000000000000000, -109.5066811655749319 ) ) ;
#1038 = VECTOR ( 'NONE', #221, 1000.000000000000000 ) ;
#1039 = VERTEX_POINT ( 'NONE', #159 ) ;
#1040 = DIRECTION ( 'NONE',  ( 0.000000000000000000, 0.000000000000000000, 1.000000000000000000 ) ) ;
#1041 = COORDINATED_UNIVERSAL_TIME_OFFSET ( 1, 0, .AHEAD. ) ;
#1042 = EDGE_LOOP ( 'NONE', ( #658, #118, #330, #276 ) ) ;
#1043 = FACE_OUTER_BOUND ( 'NONE', #507, .T. ) ;
#1044 = VERTEX_POINT ( 'NONE', #1133 ) ;
#1045 = DIRECTION ( 'NONE',  ( 0.000000000000000000, 0.000000000000000000, -1.000000000000000000 ) ) ;
#1046 = ORIENTED_EDGE ( 'NONE', *, *, #114, .F. ) ;
#1047 = ORIENTED_EDGE ( 'NONE', *, *, #521, .F. ) ;
#1048 = CARTESIAN_POINT ( 'NONE',  ( -22.63846284534353970, 2.250000000000000000, -173.6250462620328108 ) ) ;
#1049 = EDGE_CURVE ( 'NONE', #830, #1349, #1188, .T. ) ;
#1050 = DIRECTION ( 'NONE',  ( -0.4999999999999946709, 0.000000000000000000, -0.8660254037844417052 ) ) ;
#1051 = ORIENTED_EDGE ( 'NONE', *, *, #504, .T. ) ;
#1052 = CIRCLE ( 'NONE', #718, 21.00000000000000355 ) ;
#1053 = EDGE_LOOP ( 'NONE', ( #1259, #1271, #337, #818 ) ) ;
#1054 = DIRECTION ( 'NONE',  ( 0.000000000000000000, 0.000000000000000000, 1.000000000000000000 ) ) ;
#1055 = DIRECTION ( 'NONE',  ( -1.000000000000000000, 0.000000000000000000, 0.000000000000000000 ) ) ;
#1056 = VECTOR ( 'NONE', #1296, 1000.000000000000000 ) ;
#1057 = APPLICATION_CONTEXT ( 'configuration controlled 3d designs of mechanical parts and assemblies' ) ;
#1058 = ORIENTED_EDGE ( 'NONE', *, *, #496, .F. ) ;
#1059 = CARTESIAN_POINT ( 'NONE',  ( 22.63846284534353615, 2.250000000000000000, -173.6250462620328108 ) ) ;
#1060 = ADVANCED_FACE ( 'NONE', ( #1377 ), #1157, .T. ) ;
#1061 = AXIS2_PLACEMENT_3D ( 'NONE', #1279, #1249, #96 ) ;
#1062 = ORIENTED_EDGE ( 'NONE', *, *, #1368, .T. ) ;
#1063 = FACE_OUTER_BOUND ( 'NONE', #1146, .T. ) ;
#1064 = DIRECTION ( 'NONE',  ( -1.000000000000000000, 0.000000000000000000, 0.000000000000000000 ) ) ;
#1065 = ORIENTED_EDGE ( 'NONE', *, *, #1276, .F. ) ;
#1066 = ADVANCED_FACE ( 'NONE', ( #742 ), #88, .F. ) ;
#1067 = DIRECTION ( 'NONE',  ( -1.000000000000000000, 0.000000000000000000, 0.000000000000000000 ) ) ;
#1068 = ORIENTED_EDGE ( 'NONE', *, *, #246, .T. ) ;
#1069 = DIRECTION ( 'NONE',  ( 1.000000000000000000, 0.000000000000000000, 0.000000000000000000 ) ) ;
#1070 = EDGE_CURVE ( 'NONE', #1294, #942, #1020, .T. ) ;
#1071 = CARTESIAN_POINT ( 'NONE',  ( 19.24999999999999645, 0.000000000000000000, -109.5066811655749319 ) ) ;
#1072 = VERTEX_POINT ( 'NONE', #954 ) ;
#1073 = FACE_OUTER_BOUND ( 'NONE', #180, .T. ) ;
#1074 = VERTEX_POINT ( 'NONE', #1059 ) ;
#1075 = DIRECTION ( 'NONE',  ( 0.000000000000000000, 0.000000000000000000, -1.000000000000000000 ) ) ;
#1076 = DIRECTION ( 'NONE',  ( -0.000000000000000000, -0.000000000000000000, -1.000000000000000000 ) ) ;
#1077 = CIRCLE ( 'NONE', #624, 22.53892417275067928 ) ;
#1078 = CIRCLE ( 'NONE', #265, 22.50000000000001066 ) ;
#1079 = DIRECTION ( 'NONE',  ( -0.8660254037844413721, 0.000000000000000000, 0.4999999999999952816 ) ) ;
#1080 = CARTESIAN_POINT ( 'NONE',  ( 22.63846284534353615, 2.249999999999999112, -147.6250462620328108 ) ) ;
#1081 = ADVANCED_FACE ( 'NONE', ( #1263 ), #280, .T. ) ;
#1082 = ORIENTED_EDGE ( 'NONE', *, *, #1196, .F. ) ;
#1083 = CARTESIAN_POINT ( 'NONE',  ( 24.24999999999999645, -2.250000000000000000, -173.6250462620328108 ) ) ;
#1084 = CIRCLE ( 'NONE', #1149, 22.75000000000000000 ) ;
#1085 = PLANE ( 'NONE',  #465 ) ;
#1086 = EDGE_LOOP ( 'NONE', ( #617, #435, #767, #32 ) ) ;
#1087 = CARTESIAN_POINT ( 'NONE',  ( 24.24999999999999645, 2.969768487932331681E-15, -109.5066811655749319 ) ) ;
#1088 = ORIENTED_EDGE ( 'NONE', *, *, #654, .F. ) ;
#1089 = CARTESIAN_POINT ( 'NONE',  ( 24.14539293529927022, -2.250000000000000000, -173.6250462620328108 ) ) ;
#1090 = DIRECTION ( 'NONE',  ( -0.4999999999999948930, 0.000000000000000000, -0.8660254037844417052 ) ) ;
#1091 = ADVANCED_FACE ( 'NONE', ( #852, #73 ), #1171, .F. ) ;
#1092 = ORIENTED_EDGE ( 'NONE', *, *, #1258, .T. ) ;
#1093 = DIRECTION ( 'NONE',  ( 0.000000000000000000, 0.000000000000000000, -1.000000000000000000 ) ) ;
#1094 = ORIENTED_EDGE ( 'NONE', *, *, #10, .T. ) ;
#1095 = FACE_OUTER_BOUND ( 'NONE', #935, .T. ) ;
#1096 = FACE_OUTER_BOUND ( 'NONE', #424, .T. ) ;
#1097 = VECTOR ( 'NONE', #575, 1000.000000000000000 ) ;
#1098 = CIRCLE ( 'NONE', #1232, 24.25000000000000000 ) ;
#1099 = DIRECTION ( 'NONE',  ( -0.000000000000000000, -0.000000000000000000, 1.000000000000000000 ) ) ;
#1100 = DIRECTION ( 'NONE',  ( 0.000000000000000000, 0.000000000000000000, -1.000000000000000000 ) ) ;
#1101 = VERTEX_POINT ( 'NONE', #287 ) ;
#1102 = DIRECTION ( 'NONE',  ( -0.3420201433256675472, 0.000000000000000000, -0.9396926207859088720 ) ) ;
#1103 = EDGE_CURVE ( 'NONE', #1101, #170, #618, .T. ) ;
#1104 = DIRECTION ( 'NONE',  ( -1.000000000000000000, 0.000000000000000000, 0.000000000000000000 ) ) ;
#1105 = CARTESIAN_POINT ( 'NONE',  ( 93.00000000000000000, 0.000000000000000000, -24.91927489609410884 ) ) ;
#1106 = DIRECTION ( 'NONE',  ( 0.8660254037844415942, 0.000000000000000000, -0.4999999999999947820 ) ) ;
#1107 = ORIENTED_EDGE ( 'NONE', *, *, #1352, .T. ) ;
#1108 = FACE_OUTER_BOUND ( 'NONE', #181, .T. ) ;
#1109 = DIRECTION ( 'NONE',  ( -1.000000000000000000, 0.000000000000000000, 0.000000000000000000 ) ) ;
#1110 = EDGE_CURVE ( 'NONE', #1044, #842, #848, .T. ) ;
#1111 = DIRECTION ( 'NONE',  ( -0.000000000000000000, -0.000000000000000000, -1.000000000000000000 ) ) ;
#1112 = MECHANICAL_CONTEXT ( 'NONE', #1057, 'mechanical' ) ;
#1113 = ORIENTED_EDGE ( 'NONE', *, *, #1204, .F. ) ;
#1114 = CYLINDRICAL_SURFACE ( 'NONE', #108, 22.50000000000000711 ) ;
#1115 = LINE ( 'NONE', #584, #1280 ) ;
#1116 = VECTOR ( 'NONE', #920, 1000.000000000000000 ) ;
#1117 = ADVANCED_FACE ( 'NONE', ( #1356 ), #475, .T. ) ;
#1118 = AXIS2_PLACEMENT_3D ( 'NONE', #631, #417, #621 ) ;
#1119 = FACE_OUTER_BOUND ( 'NONE', #52, .T. ) ;
#1120 = DIRECTION ( 'NONE',  ( -1.000000000000000000, 0.000000000000000000, 0.000000000000000000 ) ) ;
#1121 = AXIS2_PLACEMENT_3D ( 'NONE', #360, #1225, #260 ) ;
#1122 = CC_DESIGN_DATE_AND_TIME_ASSIGNMENT ( #1252, #413, ( #1375 ) ) ;
#1123 = AXIS2_PLACEMENT_3D ( 'NONE', #1071, #753, #1346 ) ;
#1124 = ORIENTED_EDGE ( 'NONE', *, *, #69, .T. ) ;
#1125 = DIRECTION ( 'NONE',  ( -1.000000000000000000, 0.000000000000000000, 0.000000000000000000 ) ) ;
#1126 = CARTESIAN_POINT ( 'NONE',  ( 0.000000000000000000, 0.000000000000000000, -104.6454265910730470 ) ) ;
#1127 = EDGE_CURVE ( 'NONE', #402, #473, #1272, .T. ) ;
#1128 = AXIS2_PLACEMENT_3D ( 'NONE', #729, #1255, #1067 ) ;
#1129 = DIRECTION ( 'NONE',  ( 0.000000000000000000, 0.000000000000000000, 1.000000000000000000 ) ) ;
#1130 = CALENDAR_DATE ( 2026, 16, 9 ) ;
#1131 = ADVANCED_FACE ( 'NONE', ( #1043 ), #1197, .T. ) ;
#1132 = ORIENTED_EDGE ( 'NONE', *, *, #499, .F. ) ;
#1133 = CARTESIAN_POINT ( 'NONE',  ( 2.249999999999993339, 24.14539293529927377, -173.6250462620328108 ) ) ;
#1134 = CARTESIAN_POINT ( 'NONE',  ( -2.250000000000005329, -24.14539293529927022, -173.6250462620328392 ) ) ;
#1135 = CARTESIAN_POINT ( 'NONE',  ( 2.249999999999993339, 22.63846284534354325, -147.6250462620328108 ) ) ;
#1136 = APPROVAL_ROLE ( '' ) ;
#1137 = EDGE_LOOP ( 'NONE', ( #1185, #74, #1273, #213 ) ) ;
#1138 = CARTESIAN_POINT ( 'NONE',  ( -4.760808766220188327E-15, 0.000000000000000000, -147.6250462620328108 ) ) ;
#1139 = DIRECTION ( 'NONE',  ( -1.000000000000000000, 0.000000000000000000, 0.000000000000000000 ) ) ;
#1140 = EDGE_CURVE ( 'NONE', #830, #636, #1142, .T. ) ;
#1141 = VERTEX_POINT ( 'NONE', #938 ) ;
#1142 = LINE ( 'NONE', #1151, #817 ) ;
#1143 = CIRCLE ( 'NONE', #372, 21.39199796489160121 ) ;
#1144 = ORIENTED_EDGE ( 'NONE', *, *, #396, .T. ) ;
#1145 = AXIS2_PLACEMENT_3D ( 'NONE', #971, #1372, #1169 ) ;
#1146 = EDGE_LOOP ( 'NONE', ( #2, #939, #1017, #347, #986, #820 ) ) ;
#1147 = ADVANCED_FACE ( 'NONE', ( #943 ), #179, .T. ) ;
#1148 = CARTESIAN_POINT ( 'NONE',  ( 0.000000000000000000, 0.000000000000000000, -24.91927489609408042 ) ) ;
#1149 = AXIS2_PLACEMENT_3D ( 'NONE', #557, #1093, #538 ) ;
#1150 = VERTEX_POINT ( 'NONE', #187 ) ;
#1151 = CARTESIAN_POINT ( 'NONE',  ( 2.249999999999993339, 24.24999999999999645, -147.6250462620328108 ) ) ;
#1152 = ORIENTED_EDGE ( 'NONE', *, *, #1034, .T. ) ;
#1153 = PLANE ( 'NONE',  #242 ) ;
#1154 = EDGE_CURVE ( 'NONE', #1044, #1201, #272, .T. ) ;
#1155 = APPROVAL_ROLE ( '' ) ;
#1156 = ORIENTED_EDGE ( 'NONE', *, *, #1070, .F. ) ;
#1157 = CYLINDRICAL_SURFACE ( 'NONE', #1061, 24.25000000000000000 ) ;
#1158 = ORIENTED_EDGE ( 'NONE', *, *, #1009, .F. ) ;
#1159 = CARTESIAN_POINT ( 'NONE',  ( -21.39199796489160121, 0.000000000000000000, -105.1584568060615510 ) ) ;
#1160 = CARTESIAN_POINT ( 'NONE',  ( -2.250000000000006217, -22.63846284534354325, -173.6250462620328108 ) ) ;
#1161 = EDGE_CURVE ( 'NONE', #532, #109, #996, .T. ) ;
#1162 = ORIENTED_EDGE ( 'NONE', *, *, #1154, .F. ) ;
#1163 = CARTESIAN_POINT ( 'NONE',  ( -4.760808766220188327E-15, 0.000000000000000000, -147.6250462620328108 ) ) ;
#1164 = AXIS2_PLACEMENT_3D ( 'NONE', #1126, #913, #61 ) ;
#1165 = VECTOR ( 'NONE', #26, 1000.000000000000000 ) ;
#1166 = ORIENTED_EDGE ( 'NONE', *, *, #315, .F. ) ;
#1167 = CARTESIAN_POINT ( 'NONE',  ( 31.94520903319693872, 0.000000000000000000, 10.33072510390553234 ) ) ;
#1168 = CIRCLE ( 'NONE', #222, 22.80153689607045919 ) ;
#1169 = DIRECTION ( 'NONE',  ( -1.000000000000000000, 0.000000000000000000, 0.000000000000000000 ) ) ;
#1170 = VERTEX_POINT ( 'NONE', #123 ) ;
#1171 = PLANE ( 'NONE',  #428 ) ;
#1172 = ADVANCED_FACE ( 'NONE', ( #992 ), #1288, .F. ) ;
#1173 = AXIS2_PLACEMENT_3D ( 'NONE', #116, #442, #756 ) ;
#1174 = ORIENTED_EDGE ( 'NONE', *, *, #1393, .F. ) ;
#1175 = DIRECTION ( 'NONE',  ( -0.000000000000000000, 0.000000000000000000, -1.000000000000000000 ) ) ;
#1176 = LOCAL_TIME ( 0, 3, 23.00000000000000000, #274 ) ;
#1177 = CARTESIAN_POINT ( 'NONE',  ( 0.000000000000000000, 0.000000000000000000, -102.9353258744447146 ) ) ;
#1178 = ORIENTED_EDGE ( 'NONE', *, *, #570, .F. ) ;
#1179 = CARTESIAN_POINT ( 'NONE',  ( -2.250000000000006217, -24.14539293529927377, -147.6250462620328108 ) ) ;
#1180 = ORIENTED_EDGE ( 'NONE', *, *, #104, .F. ) ;
#1181 = CARTESIAN_POINT ( 'NONE',  ( -22.84046106882120242, 0.000000000000000000, -109.1380764770213005 ) ) ;
#1182 = CARTESIAN_POINT ( 'NONE',  ( 97.50000000000007105, 0.000000000000000000, 123.8749537379674308 ) ) ;
#1183 = VERTEX_POINT ( 'NONE', #1293 ) ;
#1184 = CARTESIAN_POINT ( 'NONE',  ( 27.50000000000000355, 0.000000000000000000, -102.9353258744447146 ) ) ;
#1185 = ORIENTED_EDGE ( 'NONE', *, *, #869, .T. ) ;
#1186 = DIRECTION ( 'NONE',  ( 1.000000000000000000, 0.000000000000000000, -0.000000000000000000 ) ) ;
#1187 = AXIS2_PLACEMENT_3D ( 'NONE', #91, #508, #182 ) ;
#1188 = CIRCLE ( 'NONE', #582, 22.75000000000000000 ) ;
#1189 = LINE ( 'NONE', #666, #155 ) ;
#1190 = CIRCLE ( 'NONE', #583, 24.25000000000000000 ) ;
#1191 = AXIS2_PLACEMENT_3D ( 'NONE', #1381, #623, #1055 ) ;
#1192 = ORIENTED_EDGE ( 'NONE', *, *, #661, .F. ) ;
#1193 = CARTESIAN_POINT ( 'NONE',  ( 96.20096189432341305, 0.000000000000000000, 124.6249537379674166 ) ) ;
#1194 = ORIENTED_EDGE ( 'NONE', *, *, #561, .T. ) ;
#1195 = DIRECTION ( 'NONE',  ( -1.000000000000000000, 0.000000000000000000, 0.000000000000000000 ) ) ;
#1196 = EDGE_CURVE ( 'NONE', #1349, #1264, #1287, .T. ) ;
#1197 = TOROIDAL_SURFACE ( 'NONE', #908, 19.25000000000000000, 5.000000000000000000 ) ;
#1198 = DIRECTION ( 'NONE',  ( 0.000000000000000000, 0.000000000000000000, -1.000000000000000000 ) ) ;
#1199 = ORIENTED_EDGE ( 'NONE', *, *, #802, .T. ) ;
#1200 = DIRECTION ( 'NONE',  ( 1.000000000000000000, 0.000000000000000000, 0.000000000000000000 ) ) ;
#1201 = VERTEX_POINT ( 'NONE', #449 ) ;
#1202 = DIRECTION ( 'NONE',  ( 1.224646799147353207E-16, 1.000000000000000000, -0.000000000000000000 ) ) ;
#1203 = DIRECTION ( 'NONE',  ( -0.000000000000000000, -0.000000000000000000, 1.000000000000000000 ) ) ;
#1204 = EDGE_CURVE ( 'NONE', #551, #1101, #1084, .T. ) ;
#1205 = CYLINDRICAL_SURFACE ( 'NONE', #837, 24.25000000000000000 ) ;
#1206 = DIRECTION ( 'NONE',  ( 0.000000000000000000, 1.000000000000000000, 0.000000000000000000 ) ) ;
#1207 = ORIENTED_EDGE ( 'NONE', *, *, #1361, .F. ) ;
#1208 = DIRECTION ( 'NONE',  ( -0.000000000000000000, -0.000000000000000000, -1.000000000000000000 ) ) ;
#1209 = CYLINDRICAL_SURFACE ( 'NONE', #133, 22.50000000000000711 ) ;
#1210 = VECTOR ( 'NONE', #549, 1000.000000000000000 ) ;
#1211 = AXIS2_PLACEMENT_3D ( 'NONE', #474, #166, #53 ) ;
#1212 = CIRCLE ( 'NONE', #625, 21.00000000000000355 ) ;
#1213 = FACE_OUTER_BOUND ( 'NONE', #234, .T. ) ;
#1214 = ORIENTED_EDGE ( 'NONE', *, *, #1359, .F. ) ;
#1215 = DIRECTION ( 'NONE',  ( -1.000000000000000000, 0.000000000000000000, 0.000000000000000000 ) ) ;
#1216 = ADVANCED_FACE ( 'NONE', ( #226 ), #864, .T. ) ;
#1217 = DIRECTION ( 'NONE',  ( 0.4999999999999948375, 0.000000000000000000, 0.8660254037844418162 ) ) ;
#1218 =( GEOMETRIC_REPRESENTATION_CONTEXT ( 3 ) GLOBAL_UNCERTAINTY_ASSIGNED_CONTEXT ( ( #77 ) ) GLOBAL_UNIT_ASSIGNED_CONTEXT ( ( #367, #807, #1326 ) ) REPRESENTATION_CONTEXT ( 'NONE', 'WORKASPACE' ) );
#1219 = FACE_OUTER_BOUND ( 'NONE', #651, .T. ) ;
#1220 = DIRECTION ( 'NONE',  ( -1.000000000000000000, 0.000000000000000000, 0.000000000000000000 ) ) ;
#1221 = ORIENTED_EDGE ( 'NONE', *, *, #460, .T. ) ;
#1222 = CARTESIAN_POINT ( 'NONE',  ( -5.726896031426321976, 2.571758278209442056E-15, 32.08072510390526588 ) ) ;
#1223 = CARTESIAN_POINT ( 'NONE',  ( 24.24999999999999645, -2.250000000000000000, -147.6250462620328108 ) ) ;
#1224 = PRODUCT_RELATED_PRODUCT_CATEGORY ( 'detail', '', ( #800 ) ) ;
#1225 = DIRECTION ( 'NONE',  ( -0.000000000000000000, -0.000000000000000000, -1.000000000000000000 ) ) ;
#1226 = CARTESIAN_POINT ( 'NONE',  ( 0.000000000000000000, 0.000000000000000000, -108.3096106639351035 ) ) ;
#1227 = ORIENTED_EDGE ( 'NONE', *, *, #661, .T. ) ;
#1228 = DIRECTION ( 'NONE',  ( 0.000000000000000000, 0.000000000000000000, -1.000000000000000000 ) ) ;
#1229 = EDGE_CURVE ( 'NONE', #109, #130, #314, .T. ) ;
#1230 = CARTESIAN_POINT ( 'NONE',  ( 2.249999999999992450, -24.14539293529927022, -173.6250462620328392 ) ) ;
#1231 = CONICAL_SURFACE ( 'NONE', #1344, 22.84046106882120242, 0.3490658503988645633 ) ;
#1232 = AXIS2_PLACEMENT_3D ( 'NONE', #744, #1045, #850 ) ;
#1233 = DIRECTION ( 'NONE',  ( 0.000000000000000000, 0.000000000000000000, 1.000000000000000000 ) ) ;
#1234 = DIRECTION ( 'NONE',  ( 0.000000000000000000, 0.000000000000000000, 1.000000000000000000 ) ) ;
#1235 = TOROIDAL_SURFACE ( 'NONE', #199, 92.99999999999997158, 21.00000000000000355 ) ;
#1236 = ORIENTED_EDGE ( 'NONE', *, *, #259, .T. ) ;
#1237 = DIRECTION ( 'NONE',  ( -0.000000000000000000, -0.000000000000000000, -1.000000000000000000 ) ) ;
#1238 = VERTEX_POINT ( 'NONE', #107 ) ;
#1239 = DIRECTION ( 'NONE',  ( -0.000000000000000000, -0.000000000000000000, -1.000000000000000000 ) ) ;
#1240 = CIRCLE ( 'NONE', #381, 5.000000000000004441 ) ;
#1241 = CARTESIAN_POINT ( 'NONE',  ( -4.760808766220188327E-15, 0.000000000000000000, -173.6250462620328108 ) ) ;
#1242 = PERSON_AND_ORGANIZATION_ROLE ( 'creator' ) ;
#1243 = ORIENTED_EDGE ( 'NONE', *, *, #674, .T. ) ;
#1244 = DIRECTION ( 'NONE',  ( 1.000000000000000000, 0.000000000000000000, -0.000000000000000000 ) ) ;
#1245 = DIRECTION ( 'NONE',  ( 0.000000000000000000, 1.000000000000000000, 0.000000000000000000 ) ) ;
#1246 = APPROVAL_DATE_TIME ( #169, #774 ) ;
#1247 = EDGE_CURVE ( 'NONE', #842, #281, #1298, .T. ) ;
#1248 = ORIENTED_EDGE ( 'NONE', *, *, #499, .T. ) ;
#1249 = DIRECTION ( 'NONE',  ( -0.000000000000000000, -0.000000000000000000, -1.000000000000000000 ) ) ;
#1250 = VERTEX_POINT ( 'NONE', #1193 ) ;
#1251 = CARTESIAN_POINT ( 'NONE',  ( 0.000000000000000000, 0.000000000000000000, -109.1380764770213005 ) ) ;
#1252 = DATE_AND_TIME ( #405, #591 ) ;
#1253 = AXIS2_PLACEMENT_3D ( 'NONE', #995, #984, #34 ) ;
#1254 = ORIENTED_EDGE ( 'NONE', *, *, #900, .T. ) ;
#1255 = DIRECTION ( 'NONE',  ( 0.000000000000000000, 0.000000000000000000, -1.000000000000000000 ) ) ;
#1256 = CIRCLE ( 'NONE', #511, 22.75000000000000000 ) ;
#1257 = CIRCLE ( 'NONE', #444, 24.25000000000000000 ) ;
#1258 = EDGE_CURVE ( 'NONE', #1039, #797, #289, .T. ) ;
#1259 = ORIENTED_EDGE ( 'NONE', *, *, #1258, .F. ) ;
#1260 = DIRECTION ( 'NONE',  ( 0.000000000000000000, 0.000000000000000000, -1.000000000000000000 ) ) ;
#1261 = AXIS2_PLACEMENT_3D ( 'NONE', #1314, #24, #436 ) ;
#1262 = ORIENTED_EDGE ( 'NONE', *, *, #193, .T. ) ;
#1263 = FACE_OUTER_BOUND ( 'NONE', #355, .T. ) ;
#1264 = VERTEX_POINT ( 'NONE', #1179 ) ;
#1265 = CARTESIAN_POINT ( 'NONE',  ( 0.000000000000000000, 0.000000000000000000, -108.6250462620327966 ) ) ;
#1266 = ADVANCED_FACE ( 'NONE', ( #15 ), #955, .T. ) ;
#1267 = EDGE_CURVE ( 'NONE', #1308, #888, #519, .T. ) ;
#1268 = CARTESIAN_POINT ( 'NONE',  ( 0.000000000000000000, 0.000000000000000000, -102.9353258744447146 ) ) ;
#1269 = PERSON_AND_ORGANIZATION ( #143, #382 ) ;
#1270 = APPROVAL ( #522, 'UNSPECIFIED' ) ;
#1271 = ORIENTED_EDGE ( 'NONE', *, *, #128, .F. ) ;
#1272 = LINE ( 'NONE', #390, #183 ) ;
#1273 = ORIENTED_EDGE ( 'NONE', *, *, #401, .F. ) ;
#1274 = DIRECTION ( 'NONE',  ( 0.000000000000000000, -1.000000000000000000, 0.000000000000000000 ) ) ;
#1275 = DIRECTION ( 'NONE',  ( 1.000000000000000000, 0.000000000000000000, 0.000000000000000000 ) ) ;
#1276 = EDGE_CURVE ( 'NONE', #409, #1150, #1240, .T. ) ;
#1277 = PERSON_AND_ORGANIZATION_ROLE ( 'design_supplier' ) ;
#1278 = EDGE_LOOP ( 'NONE', ( #1062, #225, #1340, #307 ) ) ;
#1279 = CARTESIAN_POINT ( 'NONE',  ( -4.760808766220188327E-15, 0.000000000000000000, -173.6250462620328392 ) ) ;
#1280 = VECTOR ( 'NONE', #48, 1000.000000000000000 ) ;
#1281 = AXIS2_PLACEMENT_3D ( 'NONE', #489, #1244, #910 ) ;
#1282 = ORIENTED_EDGE ( 'NONE', *, *, #877, .T. ) ;
#1283 = DIRECTION ( 'NONE',  ( -1.000000000000000000, 0.000000000000000000, 0.000000000000000000 ) ) ;
#1284 = AXIS2_PLACEMENT_3D ( 'NONE', #815, #950, #99 ) ;
#1285 = CARTESIAN_POINT ( 'NONE',  ( -22.50000000000000711, 2.755455298081545567E-15, -173.6250462620328108 ) ) ;
#1286 = EDGE_LOOP ( 'NONE', ( #115, #580 ) ) ;
#1287 = LINE ( 'NONE', #663, #70 ) ;
#1288 = TOROIDAL_SURFACE ( 'NONE', #1173, 27.50000000000000355, 5.000000000000000000 ) ;
#1289 = VERTEX_POINT ( 'NONE', #773 ) ;
#1290 = CARTESIAN_POINT ( 'NONE',  ( -4.760808766220188327E-15, 0.000000000000000000, -109.5066811655749319 ) ) ;
#1291 = LINE ( 'NONE', #520, #903 ) ;
#1292 = FACE_OUTER_BOUND ( 'NONE', #537, .T. ) ;
#1293 = CARTESIAN_POINT ( 'NONE',  ( 22.63846284534353615, -2.250000000000000000, -147.6250462620328108 ) ) ;
#1294 = VERTEX_POINT ( 'NONE', #874 ) ;
#1295 = DIRECTION ( 'NONE',  ( 0.000000000000000000, 1.000000000000000000, 0.000000000000000000 ) ) ;
#1296 = DIRECTION ( 'NONE',  ( -0.000000000000000000, -0.000000000000000000, 1.000000000000000000 ) ) ;
#1297 = VERTEX_POINT ( 'NONE', #341 ) ;
#1298 = LINE ( 'NONE', #3, #450 ) ;
#1299 = ORIENTED_EDGE ( 'NONE', *, *, #164, .F. ) ;
#1300 = LINE ( 'NONE', #758, #1038 ) ;
#1301 = AXIS2_PLACEMENT_3D ( 'NONE', #828, #467, #54 ) ;
#1302 = AXIS2_PLACEMENT_3D ( 'NONE', #673, #1295, #33 ) ;
#1303 = DIRECTION ( 'NONE',  ( 0.000000000000000000, 0.000000000000000000, 1.000000000000000000 ) ) ;
#1304 = CIRCLE ( 'NONE', #1016, 22.75000000000000000 ) ;
#1305 = AXIS2_PLACEMENT_3D ( 'NONE', #21, #339, #459 ) ;
#1306 = ORIENTED_EDGE ( 'NONE', *, *, #705, .F. ) ;
#1307 = DIRECTION ( 'NONE',  ( 0.000000000000000000, -1.000000000000000000, 0.000000000000000000 ) ) ;
#1308 = VERTEX_POINT ( 'NONE', #1087 ) ;
#1309 = CARTESIAN_POINT ( 'NONE',  ( 12.45963744804699758, 0.000000000000000000, 21.58072510390542220 ) ) ;
#1310 = CIRCLE ( 'NONE', #655, 113.9999999999999716 ) ;
#1311 = CARTESIAN_POINT ( 'NONE',  ( -2.250000000000005329, 22.63846284534353970, -173.6250462620328392 ) ) ;
#1312 = EDGE_CURVE ( 'NONE', #1385, #976, #1310, .T. ) ;
#1313 = CARTESIAN_POINT ( 'NONE',  ( 0.000000000000000000, 0.000000000000000000, -173.6250462620328108 ) ) ;
#1314 = CARTESIAN_POINT ( 'NONE',  ( -4.760808766220188327E-15, 0.000000000000000000, -109.5066811655749319 ) ) ;
#1315 = EDGE_CURVE ( 'NONE', #607, #839, #233, .T. ) ;
#1316 = ORIENTED_EDGE ( 'NONE', *, *, #802, .F. ) ;
#1317 = CARTESIAN_POINT ( 'NONE',  ( -4.760808766220188327E-15, 0.000000000000000000, -173.6250462620328108 ) ) ;
#1318 = FACE_OUTER_BOUND ( 'NONE', #664, .T. ) ;
#1319 = EDGE_CURVE ( 'NONE', #1072, #757, #1374, .T. ) ;
#1320 = CARTESIAN_POINT ( 'NONE',  ( 0.000000000000000000, 0.000000000000000000, -102.9353258744447146 ) ) ;
#1321 = ORIENTED_EDGE ( 'NONE', *, *, #320, .T. ) ;
#1322 = DIRECTION ( 'NONE',  ( -0.000000000000000000, -0.000000000000000000, -1.000000000000000000 ) ) ;
#1323 = DIRECTION ( 'NONE',  ( 1.000000000000000000, 0.000000000000000000, 0.000000000000000000 ) ) ;
#1324 = VECTOR ( 'NONE', #1351, 1000.000000000000000 ) ;
#1325 = CARTESIAN_POINT ( 'NONE',  ( -4.760808766220188327E-15, 0.000000000000000000, -173.6250462620328108 ) ) ;
#1326 =( NAMED_UNIT ( * ) SI_UNIT ( $, .STERADIAN. ) SOLID_ANGLE_UNIT ( ) );
#1327 = ORIENTED_EDGE ( 'NONE', *, *, #866, .F. ) ;
#1328 = DIRECTION ( 'NONE',  ( 0.000000000000000000, 0.000000000000000000, 1.000000000000000000 ) ) ;
#1329 = DIRECTION ( 'NONE',  ( 0.000000000000000000, 0.000000000000000000, 1.000000000000000000 ) ) ;
#1330 = EDGE_CURVE ( 'NONE', #249, #281, #49, .T. ) ;
#1331 = CIRCLE ( 'NONE', #312, 5.000000000000004441 ) ;
#1332 = PERSON_AND_ORGANIZATION_ROLE ( 'design_owner' ) ;
#1333 = EDGE_LOOP ( 'NONE', ( #1306, #947, #825, #1327, #95, #497, #968, #1378, #713, #875, #678, #873 ) ) ;
#1334 = DIRECTION ( 'NONE',  ( -1.000000000000000000, 0.000000000000000000, 0.000000000000000000 ) ) ;
#1335 = ORIENTED_EDGE ( 'NONE', *, *, #750, .F. ) ;
#1336 = LINE ( 'NONE', #1230, #1324 ) ;
#1337 = LINE ( 'NONE', #366, #1369 ) ;
#1338 = LINE ( 'NONE', #1014, #565 ) ;
#1339 = ADVANCED_FACE ( 'NONE', ( #1073 ), #1389, .F. ) ;
#1340 = ORIENTED_EDGE ( 'NONE', *, *, #1330, .F. ) ;
#1341 = DIRECTION ( 'NONE',  ( 0.000000000000000000, 0.000000000000000000, 1.000000000000000000 ) ) ;
#1342 = VERTEX_POINT ( 'NONE', #1080 ) ;
#1343 = FACE_OUTER_BOUND ( 'NONE', #1042, .T. ) ;
#1344 = AXIS2_PLACEMENT_3D ( 'NONE', #1251, #821, #41 ) ;
#1345 = VECTOR ( 'NONE', #58, 1000.000000000000114 ) ;
#1346 = DIRECTION ( 'NONE',  ( 0.000000000000000000, 0.000000000000000000, -1.000000000000000000 ) ) ;
#1347 = LINE ( 'NONE', #56, #117 ) ;
#1348 = VECTOR ( 'NONE', #210, 1000.000000000000000 ) ;
#1349 = VERTEX_POINT ( 'NONE', #1030 ) ;
#1350 = CARTESIAN_POINT ( 'NONE',  ( -24.14539293529928088, -2.250000000000000000, -173.6250462620328108 ) ) ;
#1351 = DIRECTION ( 'NONE',  ( -0.000000000000000000, -0.000000000000000000, -1.000000000000000000 ) ) ;
#1352 = EDGE_CURVE ( 'NONE', #689, #532, #1347, .T. ) ;
#1353 = AXIS2_PLACEMENT_3D ( 'NONE', #1226, #1234, #1120 ) ;
#1354 = CC_DESIGN_APPROVAL ( #1270, ( #1375 ) ) ;
#1355 = EDGE_LOOP ( 'NONE', ( #1299, #1092, #445, #1065 ) ) ;
#1356 = FACE_OUTER_BOUND ( 'NONE', #711, .T. ) ;
#1357 = ORIENTED_EDGE ( 'NONE', *, *, #214, .T. ) ;
#1358 = DIRECTION ( 'NONE',  ( 0.000000000000000000, -1.000000000000000000, 0.000000000000000000 ) ) ;
#1359 = EDGE_CURVE ( 'NONE', #1308, #1000, #1331, .T. ) ;
#1360 = CALENDAR_DATE ( 2026, 16, 9 ) ;
#1361 = EDGE_CURVE ( 'NONE', #1074, #1342, #1338, .T. ) ;
#1362 = ORIENTED_EDGE ( 'NONE', *, *, #755, .F. ) ;
#1363 = DIRECTION ( 'NONE',  ( 0.000000000000000000, 0.000000000000000000, -1.000000000000000000 ) ) ;
#1364 = ORIENTED_EDGE ( 'NONE', *, *, #195, .T. ) ;
#1365 = CARTESIAN_POINT ( 'NONE',  ( 24.24999999999999645, 2.250000000000000000, -147.6250462620328108 ) ) ;
#1366 = ORIENTED_EDGE ( 'NONE', *, *, #654, .T. ) ;
#1367 = DIRECTION ( 'NONE',  ( -0.000000000000000000, -0.000000000000000000, -1.000000000000000000 ) ) ;
#1368 = EDGE_CURVE ( 'NONE', #741, #1238, #252, .T. ) ;
#1369 = VECTOR ( 'NONE', #786, 1000.000000000000000 ) ;
#1370 = ORIENTED_EDGE ( 'NONE', *, *, #128, .T. ) ;
#1371 = CARTESIAN_POINT ( 'NONE',  ( 24.14539293529926667, 2.250000000000000000, -147.6250462620328108 ) ) ;
#1372 = DIRECTION ( 'NONE',  ( 0.000000000000000000, 0.000000000000000000, -1.000000000000000000 ) ) ;
#1373 = EDGE_CURVE ( 'NONE', #1289, #292, #577, .T. ) ;
#1374 = CIRCLE ( 'NONE', #723, 6.499999999999999112 ) ;
#1375 = SECURITY_CLASSIFICATION ( '', '', #305 ) ;
#1376 = EDGE_LOOP ( 'NONE', ( #1316, #1194, #1321, #991 ) ) ;
#1377 = FACE_OUTER_BOUND ( 'NONE', #803, .T. ) ;
#1378 = ORIENTED_EDGE ( 'NONE', *, *, #629, .T. ) ;
#1379 = DIRECTION ( 'NONE',  ( 0.000000000000000000, 0.000000000000000000, 1.000000000000000000 ) ) ;
#1380 = ADVANCED_FACE ( 'NONE', ( #470 ), #487, .F. ) ;
#1381 = CARTESIAN_POINT ( 'NONE',  ( 0.000000000000000000, 0.000000000000000000, -147.6250462620328108 ) ) ;
#1382 = SHAPE_DEFINITION_REPRESENTATION ( #702, #440 ) ;
#1383 = ORIENTED_EDGE ( 'NONE', *, *, #640, .F. ) ;
#1384 = CARTESIAN_POINT ( 'NONE',  ( 2.249999999999993339, 24.24999999999999645, -173.6250462620328108 ) ) ;
#1385 = VERTEX_POINT ( 'NONE', #564 ) ;
#1386 = FACE_OUTER_BOUND ( 'NONE', #100, .T. ) ;
#1387 = DIRECTION ( 'NONE',  ( 0.000000000000000000, 0.000000000000000000, 1.000000000000000000 ) ) ;
#1388 = ORIENTED_EDGE ( 'NONE', *, *, #224, .F. ) ;
#1389 = PLANE ( 'NONE',  #203 ) ;
#1390 = CIRCLE ( 'NONE', #218, 23.94846310392954081 ) ;
#1391 = ORIENTED_EDGE ( 'NONE', *, *, #1161, .T. ) ;
#1392 = FACE_OUTER_BOUND ( 'NONE', #1376, .T. ) ;
#1393 = EDGE_CURVE ( 'NONE', #1297, #853, #841, .T. ) ;
#1394 = CIRCLE ( 'NONE', #790, 22.50000000000000711 ) ;
#1395 = LINE ( 'NONE', #638, #245 ) ;
ENDSEC;
END-ISO-10303-21;
