ISO-10303-21;
HEADER;
FILE_DESCRIPTION (( 'STEP AP203' ),
    '1' );
FILE_NAME ('79-8463 - 45mm 60deg.STEP',
    '2026-09-15T22:03:25',
    ( '' ),
    ( '' ),
    'SwSTEP 2.0',
    'SolidWorks 2026',
    '' );
FILE_SCHEMA (( 'CONFIG_CONTROL_DESIGN' ));
ENDSEC;

DATA;
#1 = ORIENTED_EDGE ( 'NONE', *, *, #544, .T. ) ;
#2 = EDGE_CURVE ( 'NONE', #899, #517, #419, .T. ) ;
#3 = VERTEX_POINT ( 'NONE', #1151 ) ;
#4 = CARTESIAN_POINT ( 'NONE',  ( 2.249999999999974687, 22.63846284534354325, -142.9637028918147905 ) ) ;
#5 = DIRECTION ( 'NONE',  ( 0.000000000000000000, 0.000000000000000000, -1.000000000000000000 ) ) ;
#6 = LINE ( 'NONE', #568, #104 ) ;
#7 = EDGE_LOOP ( 'NONE', ( #450, #1111, #821, #945 ) ) ;
#8 = AXIS2_PLACEMENT_3D ( 'NONE', #994, #886, #560 ) ;
#9 = VERTEX_POINT ( 'NONE', #1061 ) ;
#10 = PRODUCT_DEFINITION_FORMATION_WITH_SPECIFIED_SOURCE ( 'ANY', '', #1310, .NOT_KNOWN. ) ;
#11 = DIRECTION ( 'NONE',  ( -0.000000000000000000, -0.000000000000000000, -1.000000000000000000 ) ) ;
#12 = DIRECTION ( 'NONE',  ( -0.000000000000000000, -0.000000000000000000, -1.000000000000000000 ) ) ;
#13 = CARTESIAN_POINT ( 'NONE',  ( 2.249999999999974687, 24.14539293529927377, -168.9637028918147905 ) ) ;
#14 = ORIENTED_EDGE ( 'NONE', *, *, #735, .F. ) ;
#15 = CIRCLE ( 'NONE', #215, 22.80153689607045564 ) ;
#16 = CIRCLE ( 'NONE', #362, 22.50000000000000711 ) ;
#17 = CARTESIAN_POINT ( 'NONE',  ( -8.327598234202010585E-15, 0.000000000000000000, -168.9637028918147905 ) ) ;
#18 = AXIS2_PLACEMENT_3D ( 'NONE', #271, #368, #1326 ) ;
#19 = DIRECTION ( 'NONE',  ( 0.000000000000000000, -1.000000000000000000, 0.000000000000000000 ) ) ;
#20 = DIRECTION ( 'NONE',  ( 0.000000000000000000, 0.000000000000000000, 1.000000000000000000 ) ) ;
#21 = EDGE_LOOP ( 'NONE', ( #597, #563, #1301, #238 ) ) ;
#22 = ORIENTED_EDGE ( 'NONE', *, *, #1055, .T. ) ;
#23 = CARTESIAN_POINT ( 'NONE',  ( -22.63846284534354680, -2.249999999999999112, -142.9637028918147905 ) ) ;
#24 = LINE ( 'NONE', #469, #1260 ) ;
#25 = DIRECTION ( 'NONE',  ( -1.000000000000000000, 0.000000000000000000, 1.110223024625156540E-16 ) ) ;
#26 = ORIENTED_EDGE ( 'NONE', *, *, #365, .F. ) ;
#27 = VERTEX_POINT ( 'NONE', #536 ) ;
#28 = AXIS2_PLACEMENT_3D ( 'NONE', #788, #573, #1004 ) ;
#29 = CYLINDRICAL_SURFACE ( 'NONE', #927, 22.50000000000001066 ) ;
#30 = VECTOR ( 'NONE', #749, 1000.000000000000000 ) ;
#31 = DIRECTION ( 'NONE',  ( -0.000000000000000000, -0.000000000000000000, -1.000000000000000000 ) ) ;
#32 = DIRECTION ( 'NONE',  ( -1.000000000000000000, 0.000000000000000000, 0.000000000000000000 ) ) ;
#33 = ORIENTED_EDGE ( 'NONE', *, *, #1307, .F. ) ;
#34 = EDGE_LOOP ( 'NONE', ( #572, #1291, #977, #844 ) ) ;
#35 = DIRECTION ( 'NONE',  ( 0.000000000000000000, 0.000000000000000000, 1.000000000000000000 ) ) ;
#36 = CIRCLE ( 'NONE', #1325, 21.00000000000000711 ) ;
#37 = EDGE_CURVE ( 'NONE', #1051, #1255, #268, .T. ) ;
#38 = DIRECTION ( 'NONE',  ( 1.000000000000000000, 0.000000000000000000, 0.000000000000000000 ) ) ;
#39 = AXIS2_PLACEMENT_3D ( 'NONE', #102, #975, #1394 ) ;
#40 = LINE ( 'NONE', #397, #316 ) ;
#41 = ORIENTED_EDGE ( 'NONE', *, *, #276, .T. ) ;
#42 = VERTEX_POINT ( 'NONE', #961 ) ;
#43 = EDGE_CURVE ( 'NONE', #1003, #42, #842, .T. ) ;
#44 = DIRECTION ( 'NONE',  ( -1.000000000000000000, 0.000000000000000000, 0.000000000000000000 ) ) ;
#45 = CARTESIAN_POINT ( 'NONE',  ( 0.000000000000000000, 0.000000000000000000, -98.27398250422685066 ) ) ;
#46 = FACE_OUTER_BOUND ( 'NONE', #7, .T. ) ;
#47 = CARTESIAN_POINT ( 'NONE',  ( 0.000000000000000000, 0.000000000000000000, -168.9637028918147905 ) ) ;
#48 = EDGE_LOOP ( 'NONE', ( #906, #570, #337, #605, #885, #671, #1109, #1092, #1261, #14, #378, #1200 ) ) ;
#49 = APPROVAL_ROLE ( '' ) ;
#50 = VERTEX_POINT ( 'NONE', #76 ) ;
#51 = DIRECTION ( 'NONE',  ( 0.000000000000000000, 0.000000000000000000, 1.000000000000000000 ) ) ;
#52 = LINE ( 'NONE', #395, #1389 ) ;
#53 = AXIS2_PLACEMENT_3D ( 'NONE', #826, #163, #44 ) ;
#54 = AXIS2_PLACEMENT_3D ( 'NONE', #1262, #1256, #1064 ) ;
#55 = EDGE_LOOP ( 'NONE', ( #1336, #522, #471, #1022 ) ) ;
#56 = EDGE_CURVE ( 'NONE', #949, #1323, #938, .T. ) ;
#57 = ORIENTED_EDGE ( 'NONE', *, *, #1365, .F. ) ;
#58 = DIRECTION ( 'NONE',  ( 0.000000000000000000, 1.000000000000000000, 0.000000000000000000 ) ) ;
#59 = VECTOR ( 'NONE', #1199, 1000.000000000000000 ) ;
#60 = DIRECTION ( 'NONE',  ( 0.000000000000000000, 0.000000000000000000, -1.000000000000000000 ) ) ;
#61 = DIRECTION ( 'NONE',  ( 1.000000000000000000, 0.000000000000000000, 0.000000000000000000 ) ) ;
#62 = CIRCLE ( 'NONE', #106, 6.499999999999999112 ) ;
#63 = EDGE_CURVE ( 'NONE', #42, #146, #504, .T. ) ;
#64 = DIRECTION ( 'NONE',  ( 0.000000000000000000, -1.000000000000000000, 0.000000000000000000 ) ) ;
#65 = APPLICATION_CONTEXT ( 'configuration controlled 3d designs of mechanical parts and assemblies' ) ;
#66 = EDGE_LOOP ( 'NONE', ( #1179, #577, #862, #706 ) ) ;
#67 = DIRECTION ( 'NONE',  ( -1.000000000000000000, 0.000000000000000000, 0.000000000000000000 ) ) ;
#68 = DIRECTION ( 'NONE',  ( -1.000000000000000000, 0.000000000000000000, 1.110223024625156540E-16 ) ) ;
#69 = CYLINDRICAL_SURFACE ( 'NONE', #1146, 22.50000000000001066 ) ;
#70 = VERTEX_POINT ( 'NONE', #90 ) ;
#71 = ORIENTED_EDGE ( 'NONE', *, *, #676, .T. ) ;
#72 = CARTESIAN_POINT ( 'NONE',  ( -19.25000000000000000, 2.357445088358654363E-15, -104.8453377953570822 ) ) ;
#73 = FACE_OUTER_BOUND ( 'NONE', #303, .T. ) ;
#74 = EDGE_CURVE ( 'NONE', #1014, #439, #15, .T. ) ;
#75 = AXIS2_PLACEMENT_3D ( 'NONE', #674, #453, #117 ) ;
#76 = CARTESIAN_POINT ( 'NONE',  ( -23.94846310392954436, 0.000000000000000000, -103.1352370787287640 ) ) ;
#77 = VECTOR ( 'NONE', #79, 1000.000000000000000 ) ;
#78 = ORIENTED_EDGE ( 'NONE', *, *, #1296, .F. ) ;
#79 = DIRECTION ( 'NONE',  ( -1.000000000000000000, 0.000000000000000000, 0.000000000000000000 ) ) ;
#80 = CARTESIAN_POINT ( 'NONE',  ( 141.2499999999999432, 0.000000000000000000, 81.55072552303546729 ) ) ;
#81 = VECTOR ( 'NONE', #943, 1000.000000000000000 ) ;
#82 = DIRECTION ( 'NONE',  ( -1.000000000000000000, 0.000000000000000000, 0.000000000000000000 ) ) ;
#83 = DIRECTION ( 'NONE',  ( -1.000000000000000000, 0.000000000000000000, 0.000000000000000000 ) ) ;
#84 = CONICAL_SURFACE ( 'NONE', #506, 22.84046106882112781, 0.3490658503988623984 ) ;
#85 = CIRCLE ( 'NONE', #892, 23.94846310392954081 ) ;
#86 = ORIENTED_EDGE ( 'NONE', *, *, #216, .F. ) ;
#87 = LINE ( 'NONE', #744, #77 ) ;
#88 = ADVANCED_FACE ( 'NONE', ( #1364, #1258 ), #415, .F. ) ;
#89 = DIRECTION ( 'NONE',  ( -1.000000000000000000, 0.000000000000000000, 0.000000000000000000 ) ) ;
#90 = CARTESIAN_POINT ( 'NONE',  ( -2.250000000000024869, -22.63846284534353970, -142.9637028918147905 ) ) ;
#91 = ADVANCED_FACE ( 'NONE', ( #1044 ), #1145, .F. ) ;
#92 = ORIENTED_EDGE ( 'NONE', *, *, #384, .T. ) ;
#93 = DIRECTION ( 'NONE',  ( -1.000000000000000000, 0.000000000000000000, 0.000000000000000000 ) ) ;
#94 = CARTESIAN_POINT ( 'NONE',  ( -22.75000000000000711, 0.000000000000000000, -104.8453377953570822 ) ) ;
#95 = CARTESIAN_POINT ( 'NONE',  ( 130.7499999999998295, 2.571758278209442450E-15, 99.73725900250867937 ) ) ;
#96 = AXIS2_PLACEMENT_3D ( 'NONE', #148, #1026, #1343 ) ;
#97 = ORIENTED_EDGE ( 'NONE', *, *, #540, .F. ) ;
#98 = VECTOR ( 'NONE', #310, 1000.000000000000000 ) ;
#99 = EDGE_CURVE ( 'NONE', #290, #926, #360, .T. ) ;
#100 = APPLICATION_PROTOCOL_DEFINITION ( 'international standard', 'config_control_design', 1994, #65 ) ;
#101 = DIRECTION ( 'NONE',  ( -0.000000000000000000, -1.000000000000000000, -0.000000000000000000 ) ) ;
#102 = CARTESIAN_POINT ( 'NONE',  ( 141.2499999999999432, 0.000000000000000000, 81.55072552303549571 ) ) ;
#103 = LINE ( 'NONE', #758, #59 ) ;
#104 = VECTOR ( 'NONE', #199, 1000.000000000000000 ) ;
#105 = EDGE_LOOP ( 'NONE', ( #793, #1374, #1187, #250 ) ) ;
#106 = AXIS2_PLACEMENT_3D ( 'NONE', #902, #988, #1308 ) ;
#107 = CIRCLE ( 'NONE', #913, 24.25000000000000000 ) ;
#108 = ORIENTED_EDGE ( 'NONE', *, *, #806, .T. ) ;
#109 = DIRECTION ( 'NONE',  ( 0.000000000000000000, 0.000000000000000000, 1.000000000000000000 ) ) ;
#110 = CARTESIAN_POINT ( 'NONE',  ( -24.14539293529927733, 2.249999999999999112, -168.9637028918147337 ) ) ;
#111 = LINE ( 'NONE', #782, #1188 ) ;
#112 = CARTESIAN_POINT ( 'NONE',  ( 2.249999999999974687, 24.24999999999999645, -168.9637028918147905 ) ) ;
#113 = PRODUCT_RELATED_PRODUCT_CATEGORY ( 'detail', '', ( #1310 ) ) ;
#114 = EDGE_LOOP ( 'NONE', ( #715, #532, #162, #801, #991, #552 ) ) ;
#115 = PERSON_AND_ORGANIZATION ( #651, #1358 ) ;
#116 = VERTEX_POINT ( 'NONE', #722 ) ;
#117 = DIRECTION ( 'NONE',  ( -1.000000000000000000, 0.000000000000000000, 0.000000000000000000 ) ) ;
#118 = EDGE_CURVE ( 'NONE', #116, #623, #1253, .T. ) ;
#119 = DIRECTION ( 'NONE',  ( -1.000000000000000000, 0.000000000000000000, 0.000000000000000000 ) ) ;
#120 = DIRECTION ( 'NONE',  ( -0.000000000000000000, 0.000000000000000000, -1.000000000000000000 ) ) ;
#121 = VERTEX_POINT ( 'NONE', #529 ) ;
#122 = COORDINATED_UNIVERSAL_TIME_OFFSET ( 1, 0, .AHEAD. ) ;
#123 = AXIS2_PLACEMENT_3D ( 'NONE', #586, #1337, #253 ) ;
#124 = ADVANCED_FACE ( 'NONE', ( #174 ), #619, .T. ) ;
#125 = AXIS2_PLACEMENT_3D ( 'NONE', #1058, #1249, #197 ) ;
#126 = DIRECTION ( 'NONE',  ( 0.000000000000000000, 0.000000000000000000, 1.000000000000000000 ) ) ;
#127 = FACE_OUTER_BOUND ( 'NONE', #1016, .T. ) ;
#128 = DIRECTION ( 'NONE',  ( -1.000000000000000000, 0.000000000000000000, 0.000000000000000000 ) ) ;
#129 = VERTEX_POINT ( 'NONE', #448 ) ;
#130 = ORIENTED_EDGE ( 'NONE', *, *, #1185, .T. ) ;
#131 = AXIS2_PLACEMENT_3D ( 'NONE', #1177, #313, #751 ) ;
#132 = FACE_OUTER_BOUND ( 'NONE', #437, .T. ) ;
#133 = CARTESIAN_POINT ( 'NONE',  ( 27.50000000000001066, 0.000000000000000000, -98.27398250422685066 ) ) ;
#134 = ORIENTED_EDGE ( 'NONE', *, *, #283, .T. ) ;
#135 = EDGE_CURVE ( 'NONE', #488, #656, #1309, .T. ) ;
#136 = EDGE_LOOP ( 'NONE', ( #376, #332, #502, #1079 ) ) ;
#137 = LINE ( 'NONE', #366, #839 ) ;
#138 = CARTESIAN_POINT ( 'NONE',  ( -4.163799117101005292E-15, 0.000000000000000000, -104.8453377953570822 ) ) ;
#139 = CARTESIAN_POINT ( 'NONE',  ( -2.250000000000024869, 22.63846284534353970, -142.9637028918147905 ) ) ;
#140 = VERTEX_POINT ( 'NONE', #1172 ) ;
#141 = ORIENTED_EDGE ( 'NONE', *, *, #883, .F. ) ;
#142 = EDGE_CURVE ( 'NONE', #1368, #1304, #555, .T. ) ;
#143 = CARTESIAN_POINT ( 'NONE',  ( 24.14539293529926312, 2.249999999999999112, -168.9637028918147337 ) ) ;
#144 = CONICAL_SURFACE ( 'NONE', #1340, 22.84046106882112781, 0.3490658503988623984 ) ;
#145 = DIRECTION ( 'NONE',  ( 1.000000000000000000, 0.000000000000000000, -0.000000000000000000 ) ) ;
#146 = VERTEX_POINT ( 'NONE', #95 ) ;
#147 = ORIENTED_EDGE ( 'NONE', *, *, #530, .F. ) ;
#148 = CARTESIAN_POINT ( 'NONE',  ( 24.24999999999997868, 2.250000000000000000, -142.9637028918147905 ) ) ;
#149 = CIRCLE ( 'NONE', #270, 22.75000000000000000 ) ;
#150 = CARTESIAN_POINT ( 'NONE',  ( -8.327598234202010585E-15, 0.000000000000000000, -168.9637028918147337 ) ) ;
#151 = AXIS2_PLACEMENT_3D ( 'NONE', #133, #574, #1005 ) ;
#152 = FACE_OUTER_BOUND ( 'NONE', #933, .T. ) ;
#153 = FACE_OUTER_BOUND ( 'NONE', #869, .T. ) ;
#154 = ORIENTED_EDGE ( 'NONE', *, *, #183, .T. ) ;
#155 = CC_DESIGN_PERSON_AND_ORGANIZATION_ASSIGNMENT ( #1242, #578, ( #10 ) ) ;
#156 = EDGE_LOOP ( 'NONE', ( #108, #457, #78, #1132 ) ) ;
#157 = DIRECTION ( 'NONE',  ( 1.224646799147353207E-16, 1.000000000000000000, -0.000000000000000000 ) ) ;
#158 = DIRECTION ( 'NONE',  ( -1.000000000000000000, 0.000000000000000000, 0.000000000000000000 ) ) ;
#159 = CARTESIAN_POINT ( 'NONE',  ( 0.000000000000000000, 0.000000000000000000, -103.9637028918147621 ) ) ;
#160 = EDGE_CURVE ( 'NONE', #784, #146, #6, .T. ) ;
#161 = VERTEX_POINT ( 'NONE', #868 ) ;
#162 = ORIENTED_EDGE ( 'NONE', *, *, #2, .F. ) ;
#163 = DIRECTION ( 'NONE',  ( 0.000000000000000000, 0.000000000000000000, -1.000000000000000000 ) ) ;
#164 = CIRCLE ( 'NONE', #185, 22.50000000000000711 ) ;
#165 = DIRECTION ( 'NONE',  ( 0.000000000000000000, 1.000000000000000000, 0.000000000000000000 ) ) ;
#166 = FACE_OUTER_BOUND ( 'NONE', #105, .T. ) ;
#167 = DIRECTION ( 'NONE',  ( -1.000000000000000000, 0.000000000000000000, 0.000000000000000000 ) ) ;
#168 = VERTEX_POINT ( 'NONE', #542 ) ;
#169 = CARTESIAN_POINT ( 'NONE',  ( -8.327598234202010585E-15, 0.000000000000000000, -142.9637028918147905 ) ) ;
#170 = CARTESIAN_POINT ( 'NONE',  ( -8.327598234202010585E-15, 0.000000000000000000, -142.9637028918147905 ) ) ;
#171 = CIRCLE ( 'NONE', #193, 70.50000000000002842 ) ;
#172 = AXIS2_PLACEMENT_3D ( 'NONE', #1338, #1228, #158 ) ;
#173 = EDGE_CURVE ( 'NONE', #3, #168, #1363, .T. ) ;
#174 = FACE_OUTER_BOUND ( 'NONE', #192, .T. ) ;
#175 = DIRECTION ( 'NONE',  ( 1.000000000000000000, 0.000000000000000000, 0.000000000000000000 ) ) ;
#176 = ORIENTED_EDGE ( 'NONE', *, *, #349, .T. ) ;
#177 = EDGE_CURVE ( 'NONE', #230, #322, #103, .T. ) ;
#178 = CARTESIAN_POINT ( 'NONE',  ( -1.875873932764169255E-14, 0.000000000000000000, -142.9637028918147905 ) ) ;
#179 = CARTESIAN_POINT ( 'NONE',  ( -8.327598234202010585E-15, 0.000000000000000000, -168.9637028918147337 ) ) ;
#180 = CARTESIAN_POINT ( 'NONE',  ( 35.24999999999944578, 2.755455298081545961E-15, 46.33235910246750677 ) ) ;
#181 = ORIENTED_EDGE ( 'NONE', *, *, #204, .T. ) ;
#182 = CARTESIAN_POINT ( 'NONE',  ( 2.249999999999974687, 24.24999999999999645, -142.9637028918147905 ) ) ;
#183 = EDGE_CURVE ( 'NONE', #230, #129, #1019, .T. ) ;
#184 = CARTESIAN_POINT ( 'NONE',  ( 24.14539293529926312, 2.250000000000000000, -142.9637028918147905 ) ) ;
#185 = AXIS2_PLACEMENT_3D ( 'NONE', #865, #757, #1197 ) ;
#186 = CARTESIAN_POINT ( 'NONE',  ( 24.24999999999997868, 2.250000000000000000, -142.9637028918147905 ) ) ;
#187 = VECTOR ( 'NONE', #409, 1000.000000000000000 ) ;
#188 = ADVANCED_FACE ( 'NONE', ( #343 ), #1084, .T. ) ;
#189 = ORIENTED_EDGE ( 'NONE', *, *, #599, .F. ) ;
#190 = PLANE ( 'NONE',  #54 ) ;
#191 = DIRECTION ( 'NONE',  ( -0.8660254037844364872, 0.000000000000000000, -0.5000000000000037748 ) ) ;
#192 = EDGE_LOOP ( 'NONE', ( #265, #181, #1341, #787 ) ) ;
#193 = AXIS2_PLACEMENT_3D ( 'NONE', #348, #658, #667 ) ;
#194 = VECTOR ( 'NONE', #739, 1000.000000000000000 ) ;
#195 = ORIENTED_EDGE ( 'NONE', *, *, #367, .F. ) ;
#196 = EDGE_CURVE ( 'NONE', #755, #168, #875, .T. ) ;
#197 = DIRECTION ( 'NONE',  ( -1.000000000000000000, 0.000000000000000000, 0.000000000000000000 ) ) ;
#198 = CARTESIAN_POINT ( 'NONE',  ( 22.63846284534353259, -2.250000000000000000, -142.9637028918147905 ) ) ;
#199 = DIRECTION ( 'NONE',  ( 0.8660254037844364872, 0.000000000000000000, 0.5000000000000038858 ) ) ;
#200 = EDGE_CURVE ( 'NONE', #116, #755, #214, .T. ) ;
#201 = ORIENTED_EDGE ( 'NONE', *, *, #1307, .T. ) ;
#202 = CARTESIAN_POINT ( 'NONE',  ( 21.00000000000000711, 0.000000000000000000, -98.27398250422685066 ) ) ;
#203 = CARTESIAN_POINT ( 'NONE',  ( 0.000000000000000000, 0.000000000000000000, -98.27398250422685066 ) ) ;
#204 = EDGE_CURVE ( 'NONE', #807, #161, #548, .T. ) ;
#205 = DIRECTION ( 'NONE',  ( -0.000000000000000000, -0.000000000000000000, -1.000000000000000000 ) ) ;
#206 = CIRCLE ( 'NONE', #1137, 22.75000000000000000 ) ;
#207 = EDGE_LOOP ( 'NONE', ( #696, #1068, #1342, #307 ) ) ;
#208 = AXIS2_PLACEMENT_3D ( 'NONE', #1106, #600, #1112 ) ;
#209 = LINE ( 'NONE', #1098, #1159 ) ;
#210 = ORIENTED_EDGE ( 'NONE', *, *, #582, .F. ) ;
#211 = CARTESIAN_POINT ( 'NONE',  ( -2.250000000000024869, 22.63846284534353970, -168.9637028918147905 ) ) ;
#212 = ADVANCED_FACE ( 'NONE', ( #1284 ), #1178, .F. ) ;
#213 = DIRECTION ( 'NONE',  ( 0.000000000000000000, 0.000000000000000000, -1.000000000000000000 ) ) ;
#214 = LINE ( 'NONE', #783, #411 ) ;
#215 = AXIS2_PLACEMENT_3D ( 'NONE', #747, #1270, #521 ) ;
#216 = EDGE_CURVE ( 'NONE', #613, #227, #315, .T. ) ;
#217 = ORIENTED_EDGE ( 'NONE', *, *, #512, .T. ) ;
#218 = AXIS2_PLACEMENT_3D ( 'NONE', #463, #896, #334 ) ;
#219 = CIRCLE ( 'NONE', #1147, 114.0000000000000426 ) ;
#220 = COORDINATED_UNIVERSAL_TIME_OFFSET ( 1, 0, .AHEAD. ) ;
#221 = EDGE_LOOP ( 'NONE', ( #1232, #1233, #748, #92 ) ) ;
#222 = EDGE_CURVE ( 'NONE', #905, #779, #1186, .T. ) ;
#223 = CARTESIAN_POINT ( 'NONE',  ( 0.000000000000000000, 0.000000000000000000, -99.98408322085516886 ) ) ;
#224 = DIRECTION ( 'NONE',  ( -1.000000000000000000, 0.000000000000000000, 0.000000000000000000 ) ) ;
#225 = FACE_OUTER_BOUND ( 'NONE', #1085, .T. ) ;
#226 = CARTESIAN_POINT ( 'NONE',  ( -24.25000000000000711, 0.000000000000000000, -168.9637028918147337 ) ) ;
#227 = VERTEX_POINT ( 'NONE', #1395 ) ;
#228 = EDGE_CURVE ( 'NONE', #1036, #371, #1096, .T. ) ;
#229 = PERSON_AND_ORGANIZATION ( #651, #1358 ) ;
#230 = VERTEX_POINT ( 'NONE', #13 ) ;
#231 = CARTESIAN_POINT ( 'NONE',  ( -21.00000000000000711, 2.571758278209442450E-15, -53.69357503463489678 ) ) ;
#232 = DIRECTION ( 'NONE',  ( -0.8660254037844357100, 0.000000000000000000, -0.5000000000000051070 ) ) ;
#233 = CARTESIAN_POINT ( 'NONE',  ( -8.327598234202010585E-15, 0.000000000000000000, -168.9637028918147621 ) ) ;
#234 = ORIENTED_EDGE ( 'NONE', *, *, #645, .T. ) ;
#235 = TOROIDAL_SURFACE ( 'NONE', #1379, 93.00000000000004263, 22.50000000000001066 ) ;
#236 = CC_DESIGN_DATE_AND_TIME_ASSIGNMENT ( #778, #877, ( #878 ) ) ;
#237 = VECTOR ( 'NONE', #608, 1000.000000000000000 ) ;
#238 = ORIENTED_EDGE ( 'NONE', *, *, #1383, .F. ) ;
#239 =( GEOMETRIC_REPRESENTATION_CONTEXT ( 3 ) GLOBAL_UNCERTAINTY_ASSIGNED_CONTEXT ( ( #812 ) ) GLOBAL_UNIT_ASSIGNED_CONTEXT ( ( #992, #319, #655 ) ) REPRESENTATION_CONTEXT ( 'NONE', 'WORKASPACE' ) );
#240 = FACE_OUTER_BOUND ( 'NONE', #1293, .T. ) ;
#241 = ADVANCED_FACE ( 'NONE', ( #1289 ), #326, .F. ) ;
#242 = ORIENTED_EDGE ( 'NONE', *, *, #99, .T. ) ;
#243 = PERSON_AND_ORGANIZATION_ROLE ( 'design_supplier' ) ;
#244 = AXIS2_PLACEMENT_3D ( 'NONE', #256, #1114, #1020 ) ;
#245 = ORIENTED_EDGE ( 'NONE', *, *, #960, .T. ) ;
#246 = TOROIDAL_SURFACE ( 'NONE', #390, 93.00000000000004263, 22.50000000000001066 ) ;
#247 = DIRECTION ( 'NONE',  ( 0.000000000000000000, 1.000000000000000000, 0.000000000000000000 ) ) ;
#248 = DIRECTION ( 'NONE',  ( 0.000000000000000000, 0.000000000000000000, -1.000000000000000000 ) ) ;
#249 = DIRECTION ( 'NONE',  ( -0.000000000000000000, -0.000000000000000000, 1.000000000000000000 ) ) ;
#250 = ORIENTED_EDGE ( 'NONE', *, *, #981, .T. ) ;
#251 = DATE_AND_TIME ( #565, #564 ) ;
#252 = ORIENTED_EDGE ( 'NONE', *, *, #37, .F. ) ;
#253 = DIRECTION ( 'NONE',  ( 0.000000000000000000, 0.000000000000000000, 1.000000000000000000 ) ) ;
#254 = DIRECTION ( 'NONE',  ( -1.000000000000000000, 0.000000000000000000, 0.000000000000000000 ) ) ;
#255 = ADVANCED_FACE ( 'NONE', ( #990 ), #910, .T. ) ;
#256 = CARTESIAN_POINT ( 'NONE',  ( 0.000000000000000000, 0.000000000000000000, -103.6482672937172680 ) ) ;
#257 = ORIENTED_EDGE ( 'NONE', *, *, #654, .F. ) ;
#258 = ORIENTED_EDGE ( 'NONE', *, *, #160, .T. ) ;
#259 = CIRCLE ( 'NONE', #123, 115.5000000000000426 ) ;
#260 = CARTESIAN_POINT ( 'NONE',  ( 22.50000000000001066, 0.000000000000000000, -98.27398250422685066 ) ) ;
#261 = APPROVAL_PERSON_ORGANIZATION ( #115, #1100, #964 ) ;
#262 = FACE_OUTER_BOUND ( 'NONE', #114, .T. ) ;
#263 = LINE ( 'NONE', #704, #1388 ) ;
#264 = CARTESIAN_POINT ( 'NONE',  ( 24.24999999999999289, 2.969768487932330893E-15, -103.9637028918147621 ) ) ;
#265 = ORIENTED_EDGE ( 'NONE', *, *, #1033, .T. ) ;
#266 = MANIFOLD_SOLID_BREP ( 'Cut-Extrude-Thin1', #1043 ) ;
#267 = ORIENTED_EDGE ( 'NONE', *, *, #1029, .T. ) ;
#268 = CIRCLE ( 'NONE', #845, 3.500000000000003109 ) ;
#269 = CARTESIAN_POINT ( 'NONE',  ( 57.74999999999963762, 0.000000000000000000, 7.361215932167850973 ) ) ;
#270 = AXIS2_PLACEMENT_3D ( 'NONE', #891, #486, #32 ) ;
#271 = CARTESIAN_POINT ( 'NONE',  ( -1.875873932764169255E-14, 0.000000000000000000, -142.9637028918147905 ) ) ;
#272 = VECTOR ( 'NONE', #618, 1000.000000000000114 ) ;
#273 = DIRECTION ( 'NONE',  ( -0.000000000000000000, -0.000000000000000000, 1.000000000000000000 ) ) ;
#274 = CARTESIAN_POINT ( 'NONE',  ( -8.327598234202010585E-15, 0.000000000000000000, -104.8453377953570822 ) ) ;
#275 = EDGE_LOOP ( 'NONE', ( #1359, #543 ) ) ;
#276 = EDGE_CURVE ( 'NONE', #408, #930, #149, .T. ) ;
#277 = EDGE_LOOP ( 'NONE', ( #808, #1119, #760, #935 ) ) ;
#278 = CARTESIAN_POINT ( 'NONE',  ( -2.250000000000024869, 24.24999999999999645, -142.9637028918147905 ) ) ;
#279 = CARTESIAN_POINT ( 'NONE',  ( 24.14539293529926312, -2.249999999999999112, -168.9637028918147337 ) ) ;
#280 = DESIGN_CONTEXT ( 'detailed design', #1300, 'design' ) ;
#281 = CARTESIAN_POINT ( 'NONE',  ( -8.327598234202010585E-15, 0.000000000000000000, -142.9637028918147905 ) ) ;
#282 = ORIENTED_EDGE ( 'NONE', *, *, #557, .F. ) ;
#283 = EDGE_CURVE ( 'NONE', #439, #893, #1339, .T. ) ;
#284 = CARTESIAN_POINT ( 'NONE',  ( 22.53892417275067928, 2.760222134438402549E-15, -103.6482672937172680 ) ) ;
#285 = AXIS2_PLACEMENT_3D ( 'NONE', #404, #513, #89 ) ;
#286 = PLANE ( 'NONE',  #710 ) ;
#287 = AXIS2_PLACEMENT_3D ( 'NONE', #323, #682, #430 ) ;
#288 = DIRECTION ( 'NONE',  ( 0.000000000000000000, 0.000000000000000000, -1.000000000000000000 ) ) ;
#289 = DIRECTION ( 'NONE',  ( 1.000000000000000000, 0.000000000000000000, 0.000000000000000000 ) ) ;
#290 = VERTEX_POINT ( 'NONE', #139 ) ;
#291 = CARTESIAN_POINT ( 'NONE',  ( 46.49999999999954525, 0.000000000000000000, 26.84678751731767932 ) ) ;
#292 = AXIS2_PLACEMENT_3D ( 'NONE', #1072, #882, #1277 ) ;
#293 = PLANE ( 'NONE',  #295 ) ;
#294 = AXIS2_PLACEMENT_3D ( 'NONE', #944, #407, #741 ) ;
#295 = AXIS2_PLACEMENT_3D ( 'NONE', #1276, #1384, #68 ) ;
#296 = CARTESIAN_POINT ( 'NONE',  ( 24.24999999999997868, -2.250000000000000000, -142.9637028918147905 ) ) ;
#297 = ADVANCED_FACE ( 'NONE', ( #369 ), #1238, .T. ) ;
#298 = ORIENTED_EDGE ( 'NONE', *, *, #866, .T. ) ;
#299 = DIRECTION ( 'NONE',  ( 1.000000000000000000, 0.000000000000000000, -0.000000000000000000 ) ) ;
#300 = DIRECTION ( 'NONE',  ( 1.000000000000000000, 0.000000000000000000, 0.000000000000000000 ) ) ;
#301 = EDGE_CURVE ( 'NONE', #777, #1329, #638, .T. ) ;
#302 = ORIENTED_EDGE ( 'NONE', *, *, #1185, .F. ) ;
#303 = EDGE_LOOP ( 'NONE', ( #317, #1089, #1322, #962 ) ) ;
#304 = CARTESIAN_POINT ( 'NONE',  ( -22.50000000000001066, 2.755455298081545961E-15, -168.9637028918147905 ) ) ;
#305 = DIRECTION ( 'NONE',  ( -0.000000000000000000, -0.000000000000000000, -1.000000000000000000 ) ) ;
#306 = AXIS2_PLACEMENT_3D ( 'NONE', #179, #643, #418 ) ;
#307 = ORIENTED_EDGE ( 'NONE', *, *, #2, .T. ) ;
#308 = AXIS2_PLACEMENT_3D ( 'NONE', #339, #984, #1174 ) ;
#309 = ORIENTED_EDGE ( 'NONE', *, *, #301, .T. ) ;
#310 = DIRECTION ( 'NONE',  ( -0.000000000000000000, -0.000000000000000000, -1.000000000000000000 ) ) ;
#311 = CARTESIAN_POINT ( 'NONE',  ( -2.250000000000023981, -24.14539293529926667, -168.9637028918147337 ) ) ;
#312 = ADVANCED_FACE ( 'NONE', ( #1131 ), #576, .F. ) ;
#313 = DIRECTION ( 'NONE',  ( 0.000000000000000000, -1.000000000000000000, 0.000000000000000000 ) ) ;
#314 = AXIS2_PLACEMENT_3D ( 'NONE', #1372, #1357, #736 ) ;
#315 = LINE ( 'NONE', #226, #614 ) ;
#316 = VECTOR ( 'NONE', #918, 1000.000000000000000 ) ;
#317 = ORIENTED_EDGE ( 'NONE', *, *, #325, .F. ) ;
#318 = EDGE_CURVE ( 'NONE', #508, #1255, #911, .T. ) ;
#319 =( NAMED_UNIT ( * ) PLANE_ANGLE_UNIT ( ) SI_UNIT ( $, .RADIAN. ) );
#320 = CARTESIAN_POINT ( 'NONE',  ( 56.99999999999960210, 0.000000000000000000, 8.660254037844490327 ) ) ;
#321 = DIRECTION ( 'NONE',  ( -1.000000000000000000, 0.000000000000000000, 0.000000000000000000 ) ) ;
#322 = VERTEX_POINT ( 'NONE', #919 ) ;
#323 = CARTESIAN_POINT ( 'NONE',  ( 0.000000000000000000, 0.000000000000000000, -98.27398250422685066 ) ) ;
#324 = DIRECTION ( 'NONE',  ( -1.000000000000000000, 0.000000000000000000, 0.000000000000000000 ) ) ;
#325 = EDGE_CURVE ( 'NONE', #613, #121, #458, .T. ) ;
#326 = PLANE ( 'NONE',  #1386 ) ;
#327 = VECTOR ( 'NONE', #101, 1000.000000000000000 ) ;
#328 = ADVANCED_FACE ( 'NONE', ( #493 ), #1239, .T. ) ;
#329 = ORIENTED_EDGE ( 'NONE', *, *, #582, .T. ) ;
#330 = CIRCLE ( 'NONE', #607, 22.75000000000000000 ) ;
#331 = DIRECTION ( 'NONE',  ( 0.5000000000000038858, 0.000000000000000000, -0.8660254037844364872 ) ) ;
#332 = ORIENTED_EDGE ( 'NONE', *, *, #512, .F. ) ;
#333 = CARTESIAN_POINT ( 'NONE',  ( 0.000000000000000000, 0.000000000000000000, -168.9637028918147905 ) ) ;
#334 = DIRECTION ( 'NONE',  ( -1.000000000000000000, 0.000000000000000000, 0.000000000000000000 ) ) ;
#335 = DIRECTION ( 'NONE',  ( -0.000000000000000000, -0.000000000000000000, -1.000000000000000000 ) ) ;
#336 = VECTOR ( 'NONE', #982, 1000.000000000000000 ) ;
#337 = ORIENTED_EDGE ( 'NONE', *, *, #222, .T. ) ;
#338 = ADVANCED_FACE ( 'NONE', ( #153 ), #714, .T. ) ;
#339 = CARTESIAN_POINT ( 'NONE',  ( -8.327598234202010585E-15, 0.000000000000000000, -104.8453377953570822 ) ) ;
#340 = ORIENTED_EDGE ( 'NONE', *, *, #318, .T. ) ;
#341 = CARTESIAN_POINT ( 'NONE',  ( -8.327598234202010585E-15, 0.000000000000000000, -168.9637028918147905 ) ) ;
#342 = CARTESIAN_POINT ( 'NONE',  ( 24.24999999999999289, 2.969768487932331681E-15, -168.9637028918147337 ) ) ;
#343 = FACE_OUTER_BOUND ( 'NONE', #156, .T. ) ;
#344 = VERTEX_POINT ( 'NONE', #470 ) ;
#345 = APPLICATION_PROTOCOL_DEFINITION ( 'international standard', 'config_control_design', 1994, #1300 ) ;
#346 = ORIENTED_EDGE ( 'NONE', *, *, #866, .F. ) ;
#347 = LINE ( 'NONE', #1093, #880 ) ;
#348 = CARTESIAN_POINT ( 'NONE',  ( 93.00000000000000000, -2.755455298081545961E-15, -53.69357503463493941 ) ) ;
#349 = EDGE_CURVE ( 'NONE', #1329, #1255, #1321, .T. ) ;
#350 = DIRECTION ( 'NONE',  ( 0.000000000000000000, 0.000000000000000000, 1.000000000000000000 ) ) ;
#351 = DIRECTION ( 'NONE',  ( -1.110223024625156540E-16, 0.000000000000000000, -1.000000000000000000 ) ) ;
#352 = ORIENTED_EDGE ( 'NONE', *, *, #1168, .F. ) ;
#353 = CIRCLE ( 'NONE', #285, 22.75000000000000000 ) ;
#354 = LOCAL_TIME ( 0, 3, 25.00000000000000000, #1317 ) ;
#355 = EDGE_LOOP ( 'NONE', ( #559, #585, #359, #282 ) ) ;
#356 = FACE_OUTER_BOUND ( 'NONE', #1334, .T. ) ;
#357 = ADVANCED_FACE ( 'NONE', ( #1282 ), #480, .F. ) ;
#358 = DIRECTION ( 'NONE',  ( 0.000000000000000000, 0.000000000000000000, 1.000000000000000000 ) ) ;
#359 = ORIENTED_EDGE ( 'NONE', *, *, #915, .T. ) ;
#360 = CIRCLE ( 'NONE', #1279, 22.75000000000000000 ) ;
#361 = COORDINATED_UNIVERSAL_TIME_OFFSET ( 1, 0, .AHEAD. ) ;
#362 = AXIS2_PLACEMENT_3D ( 'NONE', #633, #1165, #956 ) ;
#363 = ORIENTED_EDGE ( 'NONE', *, *, #1328, .T. ) ;
#364 = CIRCLE ( 'NONE', #999, 24.25000000000000000 ) ;
#365 = EDGE_CURVE ( 'NONE', #922, #680, #974, .T. ) ;
#366 = CARTESIAN_POINT ( 'NONE',  ( -2.250000000000024869, 24.24999999999999645, -142.9637028918147905 ) ) ;
#367 = EDGE_CURVE ( 'NONE', #680, #856, #1213, .T. ) ;
#368 = DIRECTION ( 'NONE',  ( 0.000000000000000000, 0.000000000000000000, -1.000000000000000000 ) ) ;
#369 = FACE_OUTER_BOUND ( 'NONE', #831, .T. ) ;
#370 = ORIENTED_EDGE ( 'NONE', *, *, #384, .F. ) ;
#371 = VERTEX_POINT ( 'NONE', #399 ) ;
#372 = LINE ( 'NONE', #143, #815 ) ;
#373 = EDGE_CURVE ( 'NONE', #494, #1014, #797, .T. ) ;
#374 = DIRECTION ( 'NONE',  ( 1.000000000000000000, 0.000000000000000000, 0.000000000000000000 ) ) ;
#375 = CARTESIAN_POINT ( 'NONE',  ( 24.24999999999997868, 2.250000000000000000, -168.9637028918147905 ) ) ;
#376 = ORIENTED_EDGE ( 'NONE', *, *, #785, .F. ) ;
#377 = CALENDAR_DATE ( 2026, 16, 9 ) ;
#378 = ORIENTED_EDGE ( 'NONE', *, *, #569, .T. ) ;
#379 = AXIS2_PLACEMENT_3D ( 'NONE', #666, #1086, #703 ) ;
#380 = CARTESIAN_POINT ( 'NONE',  ( 93.00000000000000000, 0.000000000000000000, -53.69357503463493941 ) ) ;
#381 = AXIS2_PLACEMENT_3D ( 'NONE', #72, #524, #947 ) ;
#382 = DIRECTION ( 'NONE',  ( -0.000000000000000000, -0.000000000000000000, 1.000000000000000000 ) ) ;
#383 = DIRECTION ( 'NONE',  ( -1.000000000000000000, 0.000000000000000000, 0.000000000000000000 ) ) ;
#384 = EDGE_CURVE ( 'NONE', #1184, #1323, #16, .T. ) ;
#385 = ORIENTED_EDGE ( 'NONE', *, *, #1225, .F. ) ;
#386 = ORIENTED_EDGE ( 'NONE', *, *, #325, .T. ) ;
#387 = PLANE ( 'NONE',  #53 ) ;
#388 = AXIS2_PLACEMENT_3D ( 'NONE', #1297, #213, #1087 ) ;
#389 = CARTESIAN_POINT ( 'NONE',  ( 0.000000000000000000, 0.000000000000000000, -103.1352370787287640 ) ) ;
#390 = AXIS2_PLACEMENT_3D ( 'NONE', #1315, #1208, #881 ) ;
#391 = ORIENTED_EDGE ( 'NONE', *, *, #410, .T. ) ;
#392 = EDGE_CURVE ( 'NONE', #494, #1036, #615, .T. ) ;
#393 = ORIENTED_EDGE ( 'NONE', *, *, #721, .T. ) ;
#394 = CARTESIAN_POINT ( 'NONE',  ( -22.63846284534354325, -2.250000000000000000, -168.9637028918147905 ) ) ;
#395 = CARTESIAN_POINT ( 'NONE',  ( -22.63846284534354680, 2.249999999999999112, -168.9637028918147337 ) ) ;
#396 = ADVANCED_FACE ( 'NONE', ( #152 ), #823, .F. ) ;
#397 = CARTESIAN_POINT ( 'NONE',  ( -2.250000000000023981, 22.63846284534353615, -168.9637028918147337 ) ) ;
#398 = ORIENTED_EDGE ( 'NONE', *, *, #173, .F. ) ;
#399 = CARTESIAN_POINT ( 'NONE',  ( 22.50000000000001066, 0.000000000000000000, -53.69357503463489678 ) ) ;
#400 = ORIENTED_EDGE ( 'NONE', *, *, #901, .F. ) ;
#401 = ADVANCED_FACE ( 'NONE', ( #166 ), #69, .T. ) ;
#402 = DIRECTION ( 'NONE',  ( -0.000000000000000000, 0.000000000000000000, -1.000000000000000000 ) ) ;
#403 = CIRCLE ( 'NONE', #75, 22.50000000000001066 ) ;
#404 = CARTESIAN_POINT ( 'NONE',  ( -8.327598234202010585E-15, 0.000000000000000000, -104.8453377953570822 ) ) ;
#405 = EDGE_CURVE ( 'NONE', #930, #290, #40, .T. ) ;
#406 = DIRECTION ( 'NONE',  ( -0.000000000000000000, -1.000000000000000000, -0.000000000000000000 ) ) ;
#407 = DIRECTION ( 'NONE',  ( 1.224646799147353207E-16, 1.000000000000000000, -0.000000000000000000 ) ) ;
#408 = VERTEX_POINT ( 'NONE', #1333 ) ;
#409 = DIRECTION ( 'NONE',  ( -0.000000000000000000, -0.000000000000000000, 1.000000000000000000 ) ) ;
#410 = EDGE_CURVE ( 'NONE', #408, #344, #834, .T. ) ;
#411 = VECTOR ( 'NONE', #335, 1000.000000000000000 ) ;
#412 = CARTESIAN_POINT ( 'NONE',  ( -4.163799117101005292E-15, 0.000000000000000000, -104.8453377953570822 ) ) ;
#413 = AXIS2_PLACEMENT_3D ( 'NONE', #950, #531, #83 ) ;
#414 = VECTOR ( 'NONE', #1250, 1000.000000000000000 ) ;
#415 = PLANE ( 'NONE',  #1303 ) ;
#416 = ORIENTED_EDGE ( 'NONE', *, *, #1271, .T. ) ;
#417 = CARTESIAN_POINT ( 'NONE',  ( 21.00000000000000711, 0.000000000000000000, -53.69357503463489678 ) ) ;
#418 = DIRECTION ( 'NONE',  ( -1.000000000000000000, 0.000000000000000000, 0.000000000000000000 ) ) ;
#419 = LINE ( 'NONE', #186, #1102 ) ;
#420 = CARTESIAN_POINT ( 'NONE',  ( 0.000000000000000000, 0.000000000000000000, -98.27398250422685066 ) ) ;
#421 = ORIENTED_EDGE ( 'NONE', *, *, #963, .F. ) ;
#422 = DIRECTION ( 'NONE',  ( -0.8660254037844357100, 0.000000000000000000, -0.5000000000000051070 ) ) ;
#423 = DIRECTION ( 'NONE',  ( 0.000000000000000000, -1.000000000000000000, 0.000000000000000000 ) ) ;
#424 = DIRECTION ( 'NONE',  ( -0.000000000000000000, 0.000000000000000000, -1.000000000000000000 ) ) ;
#425 = CIRCLE ( 'NONE', #1094, 22.75000000000000000 ) ;
#426 = CC_DESIGN_APPROVAL ( #1175, ( #10 ) ) ;
#427 = DIRECTION ( 'NONE',  ( -0.8660254037844364872, 0.000000000000000000, -0.5000000000000037748 ) ) ;
#428 = CIRCLE ( 'NONE', #474, 21.39199796489159411 ) ;
#429 = EDGE_LOOP ( 'NONE', ( #461, #481, #969, #33 ) ) ;
#430 = DIRECTION ( 'NONE',  ( 1.000000000000000000, 0.000000000000000000, 0.000000000000000000 ) ) ;
#431 = CARTESIAN_POINT ( 'NONE',  ( 24.24999999999997868, -2.250000000000000000, -142.9637028918147905 ) ) ;
#432 = VECTOR ( 'NONE', #967, 1000.000000000000000 ) ;
#433 = AXIS2_PLACEMENT_3D ( 'NONE', #464, #1028, #383 ) ;
#434 = CARTESIAN_POINT ( 'NONE',  ( -24.14539293529927733, -2.249999999999999112, -168.9637028918147337 ) ) ;
#435 = AXIS2_PLACEMENT_3D ( 'NONE', #1034, #60, #38 ) ;
#436 = CC_DESIGN_PERSON_AND_ORGANIZATION_ASSIGNMENT ( #978, #558, ( #878 ) ) ;
#437 = EDGE_LOOP ( 'NONE', ( #769, #134, #702, #385 ) ) ;
#438 = CARTESIAN_POINT ( 'NONE',  ( 0.000000000000000000, 0.000000000000000000, -103.6482672937172680 ) ) ;
#439 = VERTEX_POINT ( 'NONE', #811 ) ;
#440 = CARTESIAN_POINT ( 'NONE',  ( 35.24999999999943157, 2.755455298081545961E-15, 46.33235910246749967 ) ) ;
#441 = EDGE_CURVE ( 'NONE', #3, #27, #263, .T. ) ;
#442 = DIRECTION ( 'NONE',  ( 0.5000000000000038858, 0.000000000000000000, -0.8660254037844363761 ) ) ;
#443 = CARTESIAN_POINT ( 'NONE',  ( 22.50000000000001066, 0.000000000000000000, -168.9637028918147905 ) ) ;
#444 = ORIENTED_EDGE ( 'NONE', *, *, #908, .T. ) ;
#445 = DIRECTION ( 'NONE',  ( 1.000000000000000000, 0.000000000000000000, 0.000000000000000000 ) ) ;
#446 = LINE ( 'NONE', #1288, #1013 ) ;
#447 = DIRECTION ( 'NONE',  ( -0.5000000000000051070, 0.000000000000000000, 0.8660254037844357100 ) ) ;
#448 = CARTESIAN_POINT ( 'NONE',  ( 24.14539293529926667, 2.250000000000000000, -168.9637028918147905 ) ) ;
#449 = ADVANCED_FACE ( 'NONE', ( #46 ), #925, .T. ) ;
#450 = ORIENTED_EDGE ( 'NONE', *, *, #901, .T. ) ;
#451 = FACE_OUTER_BOUND ( 'NONE', #957, .T. ) ;
#452 = ORIENTED_EDGE ( 'NONE', *, *, #587, .F. ) ;
#453 = DIRECTION ( 'NONE',  ( -1.110223024625156540E-16, 0.000000000000000000, -1.000000000000000000 ) ) ;
#454 = EDGE_CURVE ( 'NONE', #121, #893, #527, .T. ) ;
#455 = DIRECTION ( 'NONE',  ( -0.000000000000000000, -0.000000000000000000, -1.000000000000000000 ) ) ;
#456 = AXIS2_PLACEMENT_3D ( 'NONE', #998, #20, #861 ) ;
#457 = ORIENTED_EDGE ( 'NONE', *, *, #1193, .F. ) ;
#458 = CIRCLE ( 'NONE', #1305, 24.25000000000000000 ) ;
#459 = TOROIDAL_SURFACE ( 'NONE', #799, 19.24999999999999645, 5.000000000000000000 ) ;
#460 = PERSON_AND_ORGANIZATION ( #651, #1358 ) ;
#461 = ORIENTED_EDGE ( 'NONE', *, *, #365, .T. ) ;
#462 = LINE ( 'NONE', #1205, #858 ) ;
#463 = CARTESIAN_POINT ( 'NONE',  ( -8.327598234202010585E-15, 0.000000000000000000, -168.9637028918147621 ) ) ;
#464 = CARTESIAN_POINT ( 'NONE',  ( 0.000000000000000000, 0.000000000000000000, -100.4971134358436586 ) ) ;
#465 = ORIENTED_EDGE ( 'NONE', *, *, #626, .F. ) ;
#466 = DATE_AND_TIME ( #800, #354 ) ;
#467 = ORIENTED_EDGE ( 'NONE', *, *, #626, .T. ) ;
#468 = DIRECTION ( 'NONE',  ( -1.110223024625156540E-16, 0.000000000000000000, -1.000000000000000000 ) ) ;
#469 = CARTESIAN_POINT ( 'NONE',  ( 22.63846284534353259, -2.249999999999999112, -168.9637028918147337 ) ) ;
#470 = CARTESIAN_POINT ( 'NONE',  ( -24.14539293529928443, 2.250000000000000000, -168.9637028918147905 ) ) ;
#471 = ORIENTED_EDGE ( 'NONE', *, *, #99, .F. ) ;
#472 = EDGE_CURVE ( 'NONE', #517, #344, #649, .T. ) ;
#473 = AXIS2_PLACEMENT_3D ( 'NONE', #431, #423, #1171 ) ;
#474 = AXIS2_PLACEMENT_3D ( 'NONE', #1052, #1275, #832 ) ;
#475 = ORIENTED_EDGE ( 'NONE', *, *, #960, .F. ) ;
#476 = CARTESIAN_POINT ( 'NONE',  ( -22.84046106882112781, 0.000000000000000000, -104.4767331068032661 ) ) ;
#477 = ORIENTED_EDGE ( 'NONE', *, *, #544, .F. ) ;
#478 = AXIS2_PLACEMENT_3D ( 'NONE', #955, #835, #855 ) ;
#479 = EDGE_CURVE ( 'NONE', #1141, #656, #547, .T. ) ;
#480 = TOROIDAL_SURFACE ( 'NONE', #971, 19.24999999999999645, 3.500000000000000000 ) ;
#481 = ORIENTED_EDGE ( 'NONE', *, *, #1090, .T. ) ;
#482 = CIRCLE ( 'NONE', #151, 5.000000000000004441 ) ;
#483 = CARTESIAN_POINT ( 'NONE',  ( -22.75000000000000711, 0.000000000000000000, -142.9637028918147905 ) ) ;
#484 = CARTESIAN_POINT ( 'NONE',  ( 0.000000000000000000, 0.000000000000000000, -98.27398250422685066 ) ) ;
#485 = CARTESIAN_POINT ( 'NONE',  ( -4.163799117101005292E-15, 0.000000000000000000, -104.8453377953570822 ) ) ;
#486 = DIRECTION ( 'NONE',  ( -1.110223024625156540E-16, 0.000000000000000000, -1.000000000000000000 ) ) ;
#487 = EDGE_CURVE ( 'NONE', #371, #1173, #171, .T. ) ;
#488 = VERTEX_POINT ( 'NONE', #719 ) ;
#489 = APPROVAL_DATE_TIME ( #251, #1175 ) ;
#490 = ORIENTED_EDGE ( 'NONE', *, *, #763, .T. ) ;
#491 = LINE ( 'NONE', #278, #606 ) ;
#492 = CARTESIAN_POINT ( 'NONE',  ( 2.249999999999974687, -24.14539293529927377, -142.9637028918147905 ) ) ;
#493 = FACE_OUTER_BOUND ( 'NONE', #1247, .T. ) ;
#494 = VERTEX_POINT ( 'NONE', #1221 ) ;
#495 = ORIENTED_EDGE ( 'NONE', *, *, #594, .T. ) ;
#496 = AXIS2_PLACEMENT_3D ( 'NONE', #1319, #593, #1120 ) ;
#497 = FACE_OUTER_BOUND ( 'NONE', #355, .T. ) ;
#498 = CIRCLE ( 'NONE', #125, 22.75000000000000000 ) ;
#499 = FACE_OUTER_BOUND ( 'NONE', #814, .T. ) ;
#500 = ADVANCED_FACE ( 'NONE', ( #1263 ), #84, .F. ) ;
#501 = EDGE_LOOP ( 'NONE', ( #884, #154, #611, #475 ) ) ;
#502 = ORIENTED_EDGE ( 'NONE', *, *, #142, .T. ) ;
#503 = EDGE_CURVE ( 'NONE', #121, #673, #874, .T. ) ;
#504 = CIRCLE ( 'NONE', #478, 21.00000000000001066 ) ;
#505 = FACE_OUTER_BOUND ( 'NONE', #1056, .T. ) ;
#506 = AXIS2_PLACEMENT_3D ( 'NONE', #1059, #12, #567 ) ;
#507 = DIRECTION ( 'NONE',  ( 0.000000000000000000, 0.000000000000000000, 1.000000000000000000 ) ) ;
#508 = VERTEX_POINT ( 'NONE', #766 ) ;
#509 = EDGE_CURVE ( 'NONE', #807, #673, #996, .T. ) ;
#510 = ORIENTED_EDGE ( 'NONE', *, *, #753, .F. ) ;
#511 = DIRECTION ( 'NONE',  ( -0.3420201433256654378, 0.000000000000000000, -0.9396926207859095381 ) ) ;
#512 = EDGE_CURVE ( 'NONE', #1368, #872, #36, .T. ) ;
#513 = DIRECTION ( 'NONE',  ( -0.000000000000000000, -0.000000000000000000, -1.000000000000000000 ) ) ;
#514 = DIRECTION ( 'NONE',  ( 0.3420201433256654378, 4.188538737676951706E-17, -0.9396926207859095381 ) ) ;
#515 = ORIENTED_EDGE ( 'NONE', *, *, #1290, .F. ) ;
#516 = DIRECTION ( 'NONE',  ( 0.000000000000000000, 0.000000000000000000, 1.000000000000000000 ) ) ;
#517 = VERTEX_POINT ( 'NONE', #659 ) ;
#518 = LINE ( 'NONE', #627, #98 ) ;
#519 = DIRECTION ( 'NONE',  ( -0.5000000000000039968, 0.000000000000000000, 0.8660254037844363761 ) ) ;
#520 = CIRCLE ( 'NONE', #308, 22.75000000000000000 ) ;
#521 = DIRECTION ( 'NONE',  ( -1.000000000000000000, 0.000000000000000000, 0.000000000000000000 ) ) ;
#522 = ORIENTED_EDGE ( 'NONE', *, *, #968, .T. ) ;
#523 = EDGE_CURVE ( 'NONE', #227, #517, #1167, .T. ) ;
#524 = DIRECTION ( 'NONE',  ( 1.224646799147353207E-16, 1.000000000000000000, -0.000000000000000000 ) ) ;
#525 = VECTOR ( 'NONE', #640, 1000.000000000000000 ) ;
#526 = CARTESIAN_POINT ( 'NONE',  ( 2.249999999999974687, 24.14539293529927377, -142.9637028918147905 ) ) ;
#527 = CIRCLE ( 'NONE', #131, 5.000000000000004441 ) ;
#528 = VECTOR ( 'NONE', #820, 1000.000000000000000 ) ;
#529 = CARTESIAN_POINT ( 'NONE',  ( 24.24999999999999289, 2.969768487932331681E-15, -104.8453377953570822 ) ) ;
#530 = EDGE_CURVE ( 'NONE', #872, #777, #62, .T. ) ;
#531 = DIRECTION ( 'NONE',  ( 0.000000000000000000, 0.000000000000000000, -1.000000000000000000 ) ) ;
#532 = ORIENTED_EDGE ( 'NONE', *, *, #523, .T. ) ;
#533 = DIRECTION ( 'NONE',  ( 0.000000000000000000, 0.000000000000000000, -1.000000000000000000 ) ) ;
#534 = LINE ( 'NONE', #849, #825 ) ;
#535 = ADVANCED_FACE ( 'NONE', ( #225 ), #1191, .T. ) ;
#536 = CARTESIAN_POINT ( 'NONE',  ( 22.63846284534353259, -2.250000000000000000, -168.9637028918147905 ) ) ;
#537 = ORIENTED_EDGE ( 'NONE', *, *, #599, .T. ) ;
#538 = CARTESIAN_POINT ( 'NONE',  ( 22.74999999999999289, 2.786071468060228565E-15, -142.9637028918147905 ) ) ;
#539 = AXIS2_PLACEMENT_3D ( 'NONE', #1176, #1391, #873 ) ;
#540 = EDGE_CURVE ( 'NONE', #344, #922, #846, .T. ) ;
#541 = CC_DESIGN_SECURITY_CLASSIFICATION ( #1207, ( #10 ) ) ;
#542 = CARTESIAN_POINT ( 'NONE',  ( 2.249999999999974687, -24.14539293529927377, -168.9637028918147905 ) ) ;
#543 = ORIENTED_EDGE ( 'NONE', *, *, #604, .T. ) ;
#544 = EDGE_CURVE ( 'NONE', #322, #926, #111, .T. ) ;
#545 = DIRECTION ( 'NONE',  ( 0.000000000000000000, 0.000000000000000000, 1.000000000000000000 ) ) ;
#546 = CARTESIAN_POINT ( 'NONE',  ( 27.50000000000001066, 0.000000000000000000, -98.27398250422685066 ) ) ;
#547 = CIRCLE ( 'NONE', #660, 24.25000000000000000 ) ;
#548 = LINE ( 'NONE', #678, #432 ) ;
#549 = AXIS2_PLACEMENT_3D ( 'NONE', #150, #595, #254 ) ;
#550 = ORIENTED_EDGE ( 'NONE', *, *, #753, .T. ) ;
#551 = CALENDAR_DATE ( 2026, 16, 9 ) ;
#552 = ORIENTED_EDGE ( 'NONE', *, *, #1231, .T. ) ;
#553 = DIRECTION ( 'NONE',  ( -1.000000000000000000, 0.000000000000000000, 0.000000000000000000 ) ) ;
#554 = DIRECTION ( 'NONE',  ( 0.000000000000000000, 0.000000000000000000, -1.000000000000000000 ) ) ;
#555 = LINE ( 'NONE', #754, #887 ) ;
#556 = EDGE_LOOP ( 'NONE', ( #1316, #1062, #897, #798 ) ) ;
#557 = EDGE_CURVE ( 'NONE', #784, #1003, #864, .T. ) ;
#558 = PERSON_AND_ORGANIZATION_ROLE ( 'creator' ) ;
#559 = ORIENTED_EDGE ( 'NONE', *, *, #645, .F. ) ;
#560 = DIRECTION ( 'NONE',  ( -1.000000000000000000, 0.000000000000000000, 0.000000000000000000 ) ) ;
#561 = CARTESIAN_POINT ( 'NONE',  ( -8.327598234202010585E-15, 0.000000000000000000, -142.9637028918147905 ) ) ;
#562 = DIRECTION ( 'NONE',  ( -0.000000000000000000, -0.000000000000000000, 1.000000000000000000 ) ) ;
#563 = ORIENTED_EDGE ( 'NONE', *, *, #301, .F. ) ;
#564 = LOCAL_TIME ( 0, 3, 25.00000000000000000, #122 ) ;
#565 = CALENDAR_DATE ( 2026, 16, 9 ) ;
#566 = ORIENTED_EDGE ( 'NONE', *, *, #1360, .T. ) ;
#567 = DIRECTION ( 'NONE',  ( -1.000000000000000000, 0.000000000000000000, 0.000000000000000000 ) ) ;
#568 = CARTESIAN_POINT ( 'NONE',  ( 35.99999999999945288, 2.571758278209442450E-15, 45.03332099679085587 ) ) ;
#569 = EDGE_CURVE ( 'NONE', #939, #1148, #592, .T. ) ;
#570 = ORIENTED_EDGE ( 'NONE', *, *, #1365, .T. ) ;
#571 = PERSON_AND_ORGANIZATION ( #651, #1358 ) ;
#572 = ORIENTED_EDGE ( 'NONE', *, *, #1231, .F. ) ;
#573 = DIRECTION ( 'NONE',  ( -0.000000000000000000, -0.000000000000000000, -1.000000000000000000 ) ) ;
#574 = DIRECTION ( 'NONE',  ( 0.000000000000000000, -1.000000000000000000, 0.000000000000000000 ) ) ;
#575 = ADVANCED_FACE ( 'NONE', ( #127 ), #246, .T. ) ;
#576 = CYLINDRICAL_SURFACE ( 'NONE', #590, 21.00000000000000711 ) ;
#577 = ORIENTED_EDGE ( 'NONE', *, *, #843, .T. ) ;
#578 = PERSON_AND_ORGANIZATION_ROLE ( 'creator' ) ;
#579 = ORIENTED_EDGE ( 'NONE', *, *, #1225, .T. ) ;
#580 = LINE ( 'NONE', #1212, #237 ) ;
#581 = CARTESIAN_POINT ( 'NONE',  ( 2.249999999999974687, -22.63846284534354325, -168.9637028918147905 ) ) ;
#582 = EDGE_CURVE ( 'NONE', #1368, #1329, #1170, .T. ) ;
#583 = ORIENTED_EDGE ( 'NONE', *, *, #1267, .T. ) ;
#584 = AXIS2_PLACEMENT_3D ( 'NONE', #438, #871, #1286 ) ;
#585 = ORIENTED_EDGE ( 'NONE', *, *, #630, .T. ) ;
#586 = CARTESIAN_POINT ( 'NONE',  ( 93.00000000000000000, 0.000000000000000000, -53.69357503463493941 ) ) ;
#587 = EDGE_CURVE ( 'NONE', #1036, #439, #482, .T. ) ;
#588 = CARTESIAN_POINT ( 'NONE',  ( -22.63846284534354680, -2.249999999999999112, -168.9637028918147337 ) ) ;
#589 = ORIENTED_EDGE ( 'NONE', *, *, #405, .T. ) ;
#590 = AXIS2_PLACEMENT_3D ( 'NONE', #47, #1223, #1006 ) ;
#591 = ORIENTED_EDGE ( 'NONE', *, *, #830, .F. ) ;
#592 = CIRCLE ( 'NONE', #1367, 22.75000000000000000 ) ;
#593 = DIRECTION ( 'NONE',  ( 0.000000000000000000, 1.000000000000000000, 0.000000000000000000 ) ) ;
#594 = EDGE_CURVE ( 'NONE', #27, #779, #24, .T. ) ;
#595 = DIRECTION ( 'NONE',  ( -0.000000000000000000, -0.000000000000000000, -1.000000000000000000 ) ) ;
#596 = DIRECTION ( 'NONE',  ( 0.000000000000000000, 0.000000000000000000, 1.000000000000000000 ) ) ;
#597 = ORIENTED_EDGE ( 'NONE', *, *, #349, .F. ) ;
#598 = ORIENTED_EDGE ( 'NONE', *, *, #981, .F. ) ;
#599 = EDGE_CURVE ( 'NONE', #1304, #912, #1046, .T. ) ;
#600 = DIRECTION ( 'NONE',  ( 0.000000000000000000, 0.000000000000000000, -1.000000000000000000 ) ) ;
#601 = PLANE ( 'NONE',  #18 ) ;
#602 = DIRECTION ( 'NONE',  ( 1.000000000000000000, 0.000000000000000000, 0.000000000000000000 ) ) ;
#603 = ORIENTED_EDGE ( 'NONE', *, *, #1001, .T. ) ;
#604 = EDGE_CURVE ( 'NONE', #146, #42, #1306, .T. ) ;
#605 = ORIENTED_EDGE ( 'NONE', *, *, #594, .F. ) ;
#606 = VECTOR ( 'NONE', #1331, 1000.000000000000000 ) ;
#607 = AXIS2_PLACEMENT_3D ( 'NONE', #169, #1069, #1348 ) ;
#608 = DIRECTION ( 'NONE',  ( -1.000000000000000000, 0.000000000000000000, 0.000000000000000000 ) ) ;
#609 = FACE_OUTER_BOUND ( 'NONE', #690, .T. ) ;
#610 = CARTESIAN_POINT ( 'NONE',  ( 22.84046106882112781, 2.797149753898153155E-15, -104.4767331068032661 ) ) ;
#611 = ORIENTED_EDGE ( 'NONE', *, *, #670, .T. ) ;
#612 = EDGE_CURVE ( 'NONE', #899, #408, #52, .T. ) ;
#613 = VERTEX_POINT ( 'NONE', #1018 ) ;
#614 = VECTOR ( 'NONE', #205, 1000.000000000000000 ) ;
#615 = CIRCLE ( 'NONE', #1366, 22.50000000000001066 ) ;
#616 = CYLINDRICAL_SURFACE ( 'NONE', #701, 24.25000000000000000 ) ;
#617 = AXIS2_PLACEMENT_3D ( 'NONE', #546, #19, #686 ) ;
#618 = DIRECTION ( 'NONE',  ( -0.3420201433256654378, 0.000000000000000000, -0.9396926207859095381 ) ) ;
#619 = PLANE ( 'NONE',  #314 ) ;
#620 = ORIENTED_EDGE ( 'NONE', *, *, #373, .T. ) ;
#621 = FACE_OUTER_BOUND ( 'NONE', #1194, .T. ) ;
#622 = CARTESIAN_POINT ( 'NONE',  ( -2.250000000000023981, -22.63846284534353615, -168.9637028918147337 ) ) ;
#623 = VERTEX_POINT ( 'NONE', #492 ) ;
#624 = CC_DESIGN_PERSON_AND_ORGANIZATION_ASSIGNMENT ( #707, #243, ( #10 ) ) ;
#625 = ORIENTED_EDGE ( 'NONE', *, *, #276, .F. ) ;
#626 = EDGE_CURVE ( 'NONE', #3, #140, #698, .T. ) ;
#627 = CARTESIAN_POINT ( 'NONE',  ( 2.249999999999973799, -24.14539293529927022, -168.9637028918147337 ) ) ;
#628 = AXIS2_PLACEMENT_3D ( 'NONE', #80, #191, #1161 ) ;
#629 = FACE_OUTER_BOUND ( 'NONE', #277, .T. ) ;
#630 = EDGE_CURVE ( 'NONE', #912, #1304, #848, .T. ) ;
#631 = CIRCLE ( 'NONE', #381, 3.499999999999999556 ) ;
#632 = CARTESIAN_POINT ( 'NONE',  ( 19.24999999999999289, 0.000000000000000000, -104.8453377953570822 ) ) ;
#633 = CARTESIAN_POINT ( 'NONE',  ( 141.2499999999999432, 0.000000000000000000, 81.55072552303546729 ) ) ;
#634 = EDGE_LOOP ( 'NONE', ( #416, #258, #914, #1219 ) ) ;
#635 = ADVANCED_FACE ( 'NONE', ( #262 ), #601, .T. ) ;
#636 = DIRECTION ( 'NONE',  ( 0.5000000000000038858, 0.000000000000000000, -0.8660254037844364872 ) ) ;
#637 = DIRECTION ( 'NONE',  ( 0.000000000000000000, 0.000000000000000000, -1.000000000000000000 ) ) ;
#638 = CIRCLE ( 'NONE', #433, 21.39199796489159411 ) ;
#639 = AXIS2_PLACEMENT_3D ( 'NONE', #853, #305, #300 ) ;
#640 = DIRECTION ( 'NONE',  ( 0.8660254037844364872, 0.000000000000000000, 0.5000000000000038858 ) ) ;
#641 = ORIENTED_EDGE ( 'NONE', *, *, #183, .F. ) ;
#642 = DIRECTION ( 'NONE',  ( 0.8660254037844364872, 0.000000000000000000, 0.5000000000000038858 ) ) ;
#643 = DIRECTION ( 'NONE',  ( -0.000000000000000000, -0.000000000000000000, -1.000000000000000000 ) ) ;
#644 = CARTESIAN_POINT ( 'NONE',  ( -8.327598234202010585E-15, 0.000000000000000000, -168.9637028918147621 ) ) ;
#645 = EDGE_CURVE ( 'NONE', #912, #784, #219, .T. ) ;
#646 = ORIENTED_EDGE ( 'NONE', *, *, #587, .T. ) ;
#647 = CARTESIAN_POINT ( 'NONE',  ( -8.327598234202010585E-15, 0.000000000000000000, -168.9637028918147905 ) ) ;
#648 = DIRECTION ( 'NONE',  ( 1.000000000000000000, 0.000000000000000000, 0.000000000000000000 ) ) ;
#649 = LINE ( 'NONE', #110, #689 ) ;
#650 = CONICAL_SURFACE ( 'NONE', #28, 24.24999999999999289, 0.3490658503988623984 ) ;
#651 = PERSON ( 'UNSPECIFIED', 'UNSPECIFIED', 'UNSPECIFIED', ('UNSPECIFIED'), ('UNSPECIFIED'), ('UNSPECIFIED') ) ;
#652 = CARTESIAN_POINT ( 'NONE',  ( 0.000000000000000000, 0.000000000000000000, -168.9637028918147905 ) ) ;
#653 = ORIENTED_EDGE ( 'NONE', *, *, #135, .T. ) ;
#654 = EDGE_CURVE ( 'NONE', #1036, #494, #954, .T. ) ;
#655 =( NAMED_UNIT ( * ) SI_UNIT ( $, .STERADIAN. ) SOLID_ANGLE_UNIT ( ) );
#656 = VERTEX_POINT ( 'NONE', #909 ) ;
#657 = DIRECTION ( 'NONE',  ( 0.000000000000000000, 1.000000000000000000, 0.000000000000000000 ) ) ;
#658 = DIRECTION ( 'NONE',  ( 0.000000000000000000, 1.000000000000000000, 0.000000000000000000 ) ) ;
#659 = CARTESIAN_POINT ( 'NONE',  ( -24.14539293529927733, 2.250000000000000000, -142.9637028918147905 ) ) ;
#660 = AXIS2_PLACEMENT_3D ( 'NONE', #1393, #1206, #224 ) ;
#661 = DIRECTION ( 'NONE',  ( -0.000000000000000000, -0.000000000000000000, -1.000000000000000000 ) ) ;
#662 = AXIS2_PLACEMENT_3D ( 'NONE', #1214, #248, #693 ) ;
#663 = ORIENTED_EDGE ( 'NONE', *, *, #283, .F. ) ;
#664 = DIRECTION ( 'NONE',  ( 0.8660254037844364872, 0.000000000000000000, 0.5000000000000038858 ) ) ;
#665 = ORIENTED_EDGE ( 'NONE', *, *, #503, .T. ) ;
#666 = CARTESIAN_POINT ( 'NONE',  ( 0.000000000000000000, 0.000000000000000000, -53.69357503463489678 ) ) ;
#667 = DIRECTION ( 'NONE',  ( 0.000000000000000000, 0.000000000000000000, 1.000000000000000000 ) ) ;
#668 = DIRECTION ( 'NONE',  ( -0.000000000000000000, -0.000000000000000000, 1.000000000000000000 ) ) ;
#669 = CARTESIAN_POINT ( 'NONE',  ( -8.327598234202010585E-15, 0.000000000000000000, -142.9637028918147905 ) ) ;
#670 = EDGE_CURVE ( 'NONE', #129, #851, #1236, .T. ) ;
#671 = ORIENTED_EDGE ( 'NONE', *, *, #200, .F. ) ;
#672 = APPROVAL_STATUS ( 'not_yet_approved' ) ;
#673 = VERTEX_POINT ( 'NONE', #810 ) ;
#674 = CARTESIAN_POINT ( 'NONE',  ( 0.000000000000000000, 0.000000000000000000, -53.69357503463489678 ) ) ;
#675 = DIRECTION ( 'NONE',  ( 0.000000000000000000, 0.000000000000000000, 1.000000000000000000 ) ) ;
#676 = EDGE_CURVE ( 'NONE', #894, #1148, #924, .T. ) ;
#677 = DIRECTION ( 'NONE',  ( -1.000000000000000000, 0.000000000000000000, 0.000000000000000000 ) ) ;
#678 = CARTESIAN_POINT ( 'NONE',  ( 24.24999999999997868, 2.250000000000000000, -142.9637028918147905 ) ) ;
#679 = CIRCLE ( 'NONE', #1204, 22.80153689607045564 ) ;
#680 = VERTEX_POINT ( 'NONE', #1130 ) ;
#681 = TOROIDAL_SURFACE ( 'NONE', #287, 27.50000000000001066, 6.500000000000000888 ) ;
#682 = DIRECTION ( 'NONE',  ( 0.000000000000000000, 0.000000000000000000, 1.000000000000000000 ) ) ;
#683 = ORIENTED_EDGE ( 'NONE', *, *, #487, .T. ) ;
#684 = EDGE_CURVE ( 'NONE', #161, #905, #1082, .T. ) ;
#685 = CARTESIAN_POINT ( 'NONE',  ( 93.00000000000000000, -2.571758278209442450E-15, -53.69357503463493941 ) ) ;
#686 = DIRECTION ( 'NONE',  ( 0.000000000000000000, 0.000000000000000000, -1.000000000000000000 ) ) ;
#687 = AXIS2_PLACEMENT_3D ( 'NONE', #233, #768, #1299 ) ;
#688 = ORIENTED_EDGE ( 'NONE', *, *, #1055, .F. ) ;
#689 = VECTOR ( 'NONE', #772, 1000.000000000000000 ) ;
#690 = EDGE_LOOP ( 'NONE', ( #737, #1285, #1287, #591, #653, #1125, #400, #1209, #824, #398, #467, #302 ) ) ;
#691 = DIRECTION ( 'NONE',  ( -1.000000000000000000, 1.224646799147353454E-16, 0.000000000000000000 ) ) ;
#692 = ADVANCED_FACE ( 'NONE', ( #499 ), #459, .T. ) ;
#693 = DIRECTION ( 'NONE',  ( 1.000000000000000000, 0.000000000000000000, 0.000000000000000000 ) ) ;
#694 = ORIENTED_EDGE ( 'NONE', *, *, #373, .F. ) ;
#695 = ADVANCED_FACE ( 'NONE', ( #1222 ), #286, .T. ) ;
#696 = ORIENTED_EDGE ( 'NONE', *, *, #472, .T. ) ;
#697 = CARTESIAN_POINT ( 'NONE',  ( 152.5000000000000284, 0.000000000000000000, 62.06515393788566115 ) ) ;
#698 = LINE ( 'NONE', #279, #776 ) ;
#699 = ORIENTED_EDGE ( 'NONE', *, *, #1271, .F. ) ;
#700 = CIRCLE ( 'NONE', #628, 22.50000000000000711 ) ;
#701 = AXIS2_PLACEMENT_3D ( 'NONE', #1048, #958, #67 ) ;
#702 = ORIENTED_EDGE ( 'NONE', *, *, #742, .T. ) ;
#703 = DIRECTION ( 'NONE',  ( -1.000000000000000000, 0.000000000000000000, 0.000000000000000000 ) ) ;
#704 = CARTESIAN_POINT ( 'NONE',  ( 24.24999999999997868, -2.250000000000000000, -168.9637028918147905 ) ) ;
#705 = DIRECTION ( 'NONE',  ( -1.000000000000000000, 0.000000000000000000, 0.000000000000000000 ) ) ;
#706 = ORIENTED_EDGE ( 'NONE', *, *, #1383, .T. ) ;
#707 = PERSON_AND_ORGANIZATION ( #651, #1358 ) ;
#708 = AXIS2_PLACEMENT_3D ( 'NONE', #713, #1163, #424 ) ;
#709 = ORIENTED_EDGE ( 'NONE', *, *, #441, .T. ) ;
#710 = AXIS2_PLACEMENT_3D ( 'NONE', #1344, #145, #1041 ) ;
#711 = DIRECTION ( 'NONE',  ( 0.8660254037844364872, 0.000000000000000000, 0.5000000000000038858 ) ) ;
#712 = CARTESIAN_POINT ( 'NONE',  ( 24.24999999999997868, 2.250000000000000000, -168.9637028918147905 ) ) ;
#713 = CARTESIAN_POINT ( 'NONE',  ( -2.250000000000024869, 24.24999999999999645, -142.9637028918147905 ) ) ;
#714 = PLANE ( 'NONE',  #1021 ) ;
#715 = ORIENTED_EDGE ( 'NONE', *, *, #830, .T. ) ;
#716 = ADVANCED_FACE ( 'NONE', ( #609 ), #1122, .T. ) ;
#717 = ORIENTED_EDGE ( 'NONE', *, *, #196, .T. ) ;
#718 = PLANE ( 'NONE',  #96 ) ;
#719 = CARTESIAN_POINT ( 'NONE',  ( -24.14539293529927733, -2.250000000000000000, -142.9637028918147905 ) ) ;
#720 = LINE ( 'NONE', #588, #528 ) ;
#721 = EDGE_CURVE ( 'NONE', #872, #1368, #1126, .T. ) ;
#722 = CARTESIAN_POINT ( 'NONE',  ( 2.249999999999974687, -22.63846284534354325, -142.9637028918147905 ) ) ;
#723 = ORIENTED_EDGE ( 'NONE', *, *, #318, .F. ) ;
#724 = TOROIDAL_SURFACE ( 'NONE', #1180, 27.50000000000001066, 5.000000000000000000 ) ;
#725 = AXIS2_PLACEMENT_3D ( 'NONE', #1149, #422, #1369 ) ;
#726 = PLANE ( 'NONE',  #1254 ) ;
#727 = CARTESIAN_POINT ( 'NONE',  ( -2.250000000000024869, -22.63846284534353970, -168.9637028918147905 ) ) ;
#728 = CARTESIAN_POINT ( 'NONE',  ( 2.249999999999974687, 24.24999999999999645, -142.9637028918147905 ) ) ;
#729 = ORIENTED_EDGE ( 'NONE', *, *, #942, .T. ) ;
#730 = VECTOR ( 'NONE', #562, 1000.000000000000000 ) ;
#731 = AXIS2_PLACEMENT_3D ( 'NONE', #561, #5, #119 ) ;
#732 = LINE ( 'NONE', #1153, #1076 ) ;
#733 = AXIS2_PLACEMENT_3D ( 'NONE', #1143, #1150, #519 ) ;
#734 = CARTESIAN_POINT ( 'NONE',  ( 2.249999999999973799, 24.14539293529927022, -168.9637028918147337 ) ) ;
#735 = EDGE_CURVE ( 'NONE', #939, #1272, #720, .T. ) ;
#736 = DIRECTION ( 'NONE',  ( 0.000000000000000000, -0.000000000000000000, -1.000000000000000000 ) ) ;
#737 = ORIENTED_EDGE ( 'NONE', *, *, #503, .F. ) ;
#738 = DIRECTION ( 'NONE',  ( -1.000000000000000000, 0.000000000000000000, 0.000000000000000000 ) ) ;
#739 = DIRECTION ( 'NONE',  ( -0.000000000000000000, -0.000000000000000000, -1.000000000000000000 ) ) ;
#740 = DIRECTION ( 'NONE',  ( 0.000000000000000000, 0.000000000000000000, -1.000000000000000000 ) ) ;
#741 = DIRECTION ( 'NONE',  ( -1.000000000000000000, 1.224646799147353454E-16, 0.000000000000000000 ) ) ;
#742 = EDGE_CURVE ( 'NONE', #893, #50, #85, .T. ) ;
#743 = ORIENTED_EDGE ( 'NONE', *, *, #612, .T. ) ;
#744 = CARTESIAN_POINT ( 'NONE',  ( 24.24999999999997868, -2.250000000000000000, -142.9637028918147905 ) ) ;
#745 = CYLINDRICAL_SURFACE ( 'NONE', #306, 22.75000000000000000 ) ;
#746 = AXIS2_PLACEMENT_3D ( 'NONE', #647, #761, #1195 ) ;
#747 = CARTESIAN_POINT ( 'NONE',  ( 0.000000000000000000, 0.000000000000000000, -99.98408322085516886 ) ) ;
#748 = ORIENTED_EDGE ( 'NONE', *, *, #1157, .T. ) ;
#749 = DIRECTION ( 'NONE',  ( -0.000000000000000000, -1.000000000000000000, -0.000000000000000000 ) ) ;
#750 = FACE_OUTER_BOUND ( 'NONE', #34, .T. ) ;
#751 = DIRECTION ( 'NONE',  ( 0.000000000000000000, 0.000000000000000000, -1.000000000000000000 ) ) ;
#752 = VECTOR ( 'NONE', #516, 1000.000000000000000 ) ;
#753 = EDGE_CURVE ( 'NONE', #50, #893, #1327, .T. ) ;
#754 = CARTESIAN_POINT ( 'NONE',  ( 21.00000000000000711, 0.000000000000000000, -168.9637028918147905 ) ) ;
#755 = VERTEX_POINT ( 'NONE', #581 ) ;
#756 = APPROVAL_STATUS ( 'not_yet_approved' ) ;
#757 = DIRECTION ( 'NONE',  ( -0.8660254037844364872, 0.000000000000000000, -0.5000000000000037748 ) ) ;
#758 = CARTESIAN_POINT ( 'NONE',  ( 2.249999999999974687, 24.24999999999999645, -168.9637028918147905 ) ) ;
#759 = EDGE_CURVE ( 'NONE', #777, #508, #1012, .T. ) ;
#760 = ORIENTED_EDGE ( 'NONE', *, *, #441, .F. ) ;
#761 = DIRECTION ( 'NONE',  ( -1.110223024625156540E-16, 0.000000000000000000, -1.000000000000000000 ) ) ;
#762 = CARTESIAN_POINT ( 'NONE',  ( -22.80153689607045564, 0.000000000000000000, -99.98408322085516886 ) ) ;
#763 = EDGE_CURVE ( 'NONE', #1173, #949, #1215, .T. ) ;
#764 = CARTESIAN_POINT ( 'NONE',  ( -4.163799117101005292E-15, 0.000000000000000000, -104.8453377953570822 ) ) ;
#765 = AXIS2_PLACEMENT_3D ( 'NONE', #333, #771, #1189 ) ;
#766 = CARTESIAN_POINT ( 'NONE',  ( -22.53892417275067928, 0.000000000000000000, -103.6482672937172680 ) ) ;
#767 = AXIS2_PLACEMENT_3D ( 'NONE', #182, #299, #402 ) ;
#768 = DIRECTION ( 'NONE',  ( -0.000000000000000000, -0.000000000000000000, -1.000000000000000000 ) ) ;
#769 = ORIENTED_EDGE ( 'NONE', *, *, #74, .T. ) ;
#770 = EDGE_LOOP ( 'NONE', ( #709, #495, #983, #465 ) ) ;
#771 = DIRECTION ( 'NONE',  ( -1.110223024625156540E-16, 0.000000000000000000, -1.000000000000000000 ) ) ;
#772 = DIRECTION ( 'NONE',  ( -0.000000000000000000, -0.000000000000000000, -1.000000000000000000 ) ) ;
#773 = CARTESIAN_POINT ( 'NONE',  ( -8.327598234202010585E-15, 0.000000000000000000, -142.9637028918147905 ) ) ;
#774 = VECTOR ( 'NONE', #514, 1000.000000000000114 ) ;
#775 = DIRECTION ( 'NONE',  ( -0.000000000000000000, -0.000000000000000000, 1.000000000000000000 ) ) ;
#776 = VECTOR ( 'NONE', #1332, 1000.000000000000000 ) ;
#777 = VERTEX_POINT ( 'NONE', #1049 ) ;
#778 = DATE_AND_TIME ( #1390, #1381 ) ;
#779 = VERTEX_POINT ( 'NONE', #198 ) ;
#780 = EDGE_CURVE ( 'NONE', #121, #613, #1065, .T. ) ;
#781 = CARTESIAN_POINT ( 'NONE',  ( 2.249999999999974687, 24.24999999999999645, -142.9637028918147905 ) ) ;
#782 = CARTESIAN_POINT ( 'NONE',  ( 2.249999999999973799, 22.63846284534353970, -168.9637028918147337 ) ) ;
#783 = CARTESIAN_POINT ( 'NONE',  ( 2.249999999999973799, -22.63846284534353970, -168.9637028918147337 ) ) ;
#784 = VERTEX_POINT ( 'NONE', #941 ) ;
#785 = EDGE_CURVE ( 'NONE', #872, #912, #534, .T. ) ;
#786 = DATE_AND_TIME ( #551, #1057 ) ;
#787 = ORIENTED_EDGE ( 'NONE', *, *, #670, .F. ) ;
#788 = CARTESIAN_POINT ( 'NONE',  ( 0.000000000000000000, 0.000000000000000000, -103.9637028918147621 ) ) ;
#789 = CARTESIAN_POINT ( 'NONE',  ( 0.000000000000000000, 0.000000000000000000, -98.27398250422685066 ) ) ;
#790 = AXIS2_PLACEMENT_3D ( 'NONE', #412, #1370, #1376 ) ;
#791 = LOCAL_TIME ( 0, 3, 25.00000000000000000, #361 ) ;
#792 = ORIENTED_EDGE ( 'NONE', *, *, #392, .F. ) ;
#793 = ORIENTED_EDGE ( 'NONE', *, *, #1328, .F. ) ;
#794 = CARTESIAN_POINT ( 'NONE',  ( -2.250000000000024869, -24.14539293529926667, -168.9637028918147905 ) ) ;
#795 = VECTOR ( 'NONE', #661, 1000.000000000000000 ) ;
#796 = DIRECTION ( 'NONE',  ( 1.000000000000000000, 0.000000000000000000, 0.000000000000000000 ) ) ;
#797 = CIRCLE ( 'NONE', #294, 4.999999999999997335 ) ;
#798 = ORIENTED_EDGE ( 'NONE', *, *, #604, .F. ) ;
#799 = AXIS2_PLACEMENT_3D ( 'NONE', #138, #1136, #931 ) ;
#800 = CALENDAR_DATE ( 2026, 16, 9 ) ;
#801 = ORIENTED_EDGE ( 'NONE', *, *, #1252, .F. ) ;
#802 = CYLINDRICAL_SURFACE ( 'NONE', #929, 21.00000000000000711 ) ;
#803 = CARTESIAN_POINT ( 'NONE',  ( -22.75000000000000711, 0.000000000000000000, -168.9637028918147337 ) ) ;
#804 = CARTESIAN_POINT ( 'NONE',  ( 0.000000000000000000, 0.000000000000000000, -168.9637028918147905 ) ) ;
#805 = CARTESIAN_POINT ( 'NONE',  ( 0.000000000000000000, 0.000000000000000000, -168.9637028918147905 ) ) ;
#806 = EDGE_CURVE ( 'NONE', #623, #9, #364, .T. ) ;
#807 = VERTEX_POINT ( 'NONE', #184 ) ;
#808 = ORIENTED_EDGE ( 'NONE', *, *, #196, .F. ) ;
#809 = CARTESIAN_POINT ( 'NONE',  ( 46.49999999999954525, 0.000000000000000000, 26.84678751731767932 ) ) ;
#810 = CARTESIAN_POINT ( 'NONE',  ( 24.24999999999999289, 2.969768487932331681E-15, -142.9637028918147905 ) ) ;
#811 = CARTESIAN_POINT ( 'NONE',  ( 22.80153689607045564, 2.862611893006938032E-15, -99.98408322085516886 ) ) ;
#812 = UNCERTAINTY_MEASURE_WITH_UNIT (LENGTH_MEASURE( 1.000000000000000082E-05 ), #992, 'distance_accuracy_value', 'NONE');
#813 = DIRECTION ( 'NONE',  ( 0.3420201433256654378, 4.188538737676951706E-17, -0.9396926207859095381 ) ) ;
#814 = EDGE_LOOP ( 'NONE', ( #352, #979, #1025, #510 ) ) ;
#815 = VECTOR ( 'NONE', #916, 1000.000000000000000 ) ;
#816 = APPROVAL_PERSON_ORGANIZATION ( #229, #1175, #1091 ) ;
#817 = VERTEX_POINT ( 'NONE', #727 ) ;
#818 = CARTESIAN_POINT ( 'NONE',  ( 93.00000000000000000, 0.000000000000000000, -53.69357503463493941 ) ) ;
#819 = PRODUCT_DEFINITION_SHAPE ( 'NONE', 'NONE',  #878 ) ;
#820 = DIRECTION ( 'NONE',  ( -0.000000000000000000, -0.000000000000000000, -1.000000000000000000 ) ) ;
#821 = ORIENTED_EDGE ( 'NONE', *, *, #827, .F. ) ;
#822 = VECTOR ( 'NONE', #406, 1000.000000000000000 ) ;
#823 = TOROIDAL_SURFACE ( 'NONE', #1124, 19.24999999999999645, 3.500000000000000000 ) ;
#824 = ORIENTED_EDGE ( 'NONE', *, *, #1290, .T. ) ;
#825 = VECTOR ( 'NONE', #1355, 1000.000000000000000 ) ;
#826 = CARTESIAN_POINT ( 'NONE',  ( -1.875873932764169255E-14, 0.000000000000000000, -142.9637028918147905 ) ) ;
#827 = EDGE_CURVE ( 'NONE', #70, #817, #1264, .T. ) ;
#828 = DIRECTION ( 'NONE',  ( 0.000000000000000000, 0.000000000000000000, 1.000000000000000000 ) ) ;
#829 = ORIENTED_EDGE ( 'NONE', *, *, #968, .F. ) ;
#830 = EDGE_CURVE ( 'NONE', #488, #227, #107, .T. ) ;
#831 = EDGE_LOOP ( 'NONE', ( #1067, #363, #267, #1032 ) ) ;
#832 = DIRECTION ( 'NONE',  ( -1.000000000000000000, 0.000000000000000000, 0.000000000000000000 ) ) ;
#833 = CARTESIAN_POINT ( 'NONE',  ( 93.00000000000000000, 0.000000000000000000, -53.69357503463493941 ) ) ;
#834 = LINE ( 'NONE', #375, #934 ) ;
#835 = DIRECTION ( 'NONE',  ( -0.8660254037844364872, 0.000000000000000000, -0.5000000000000037748 ) ) ;
#836 = DIRECTION ( 'NONE',  ( 0.000000000000000000, 0.000000000000000000, 1.000000000000000000 ) ) ;
#837 = EDGE_LOOP ( 'NONE', ( #688, #598, #683, #490 ) ) ;
#838 = ADVANCED_FACE ( 'NONE', ( #629 ), #293, .T. ) ;
#839 = VECTOR ( 'NONE', #907, 1000.000000000000000 ) ;
#840 = LINE ( 'NONE', #852, #30 ) ;
#841 = CARTESIAN_POINT ( 'NONE',  ( 22.63846284534353259, 2.250000000000000000, -168.9637028918147905 ) ) ;
#842 = LINE ( 'NONE', #1378, #525 ) ;
#843 = EDGE_CURVE ( 'NONE', #894, #1051, #353, .T. ) ;
#844 = ORIENTED_EDGE ( 'NONE', *, *, #135, .F. ) ;
#845 = AXIS2_PLACEMENT_3D ( 'NONE', #632, #1050, #288 ) ;
#846 = CIRCLE ( 'NONE', #218, 24.25000000000000000 ) ;
#847 = CARTESIAN_POINT ( 'NONE',  ( 21.39199796489159411, 2.689993158972760295E-15, -100.4971134358436586 ) ) ;
#848 = CIRCLE ( 'NONE', #435, 21.00000000000000711 ) ;
#849 = CARTESIAN_POINT ( 'NONE',  ( -21.00000000000000711, 2.571758278209442450E-15, -168.9637028918147905 ) ) ;
#850 = EDGE_LOOP ( 'NONE', ( #147, #393, #329, #1133 ) ) ;
#851 = VERTEX_POINT ( 'NONE', #841 ) ;
#852 = CARTESIAN_POINT ( 'NONE',  ( -2.250000000000024869, 24.24999999999999645, -168.9637028918147905 ) ) ;
#853 = CARTESIAN_POINT ( 'NONE',  ( -8.327598234202010585E-15, 0.000000000000000000, -104.8453377953570822 ) ) ;
#854 = ADVANCED_FACE ( 'NONE', ( #948 ), #745, .F. ) ;
#855 = DIRECTION ( 'NONE',  ( -0.5000000000000041078, 0.000000000000000000, 0.8660254037844363761 ) ) ;
#856 = VERTEX_POINT ( 'NONE', #526 ) ;
#857 = CYLINDRICAL_SURFACE ( 'NONE', #1116, 21.00000000000000711 ) ;
#858 = VECTOR ( 'NONE', #900, 1000.000000000000000 ) ;
#859 = VECTOR ( 'NONE', #711, 1000.000000000000000 ) ;
#860 = CARTESIAN_POINT ( 'NONE',  ( 23.94846310392954436, 2.932840868472580287E-15, -103.1352370787287640 ) ) ;
#861 = DIRECTION ( 'NONE',  ( 1.000000000000000000, 0.000000000000000000, 0.000000000000000000 ) ) ;
#862 = ORIENTED_EDGE ( 'NONE', *, *, #37, .T. ) ;
#863 = MECHANICAL_CONTEXT ( 'NONE', #65, 'mechanical' ) ;
#864 = CIRCLE ( 'NONE', #1045, 21.00000000000001066 ) ;
#865 = CARTESIAN_POINT ( 'NONE',  ( 46.49999999999958078, 0.000000000000000000, 26.84678751731756208 ) ) ;
#866 = EDGE_CURVE ( 'NONE', #230, #856, #1060, .T. ) ;
#867 = AXIS2_PLACEMENT_3D ( 'NONE', #888, #1083, #442 ) ;
#868 = CARTESIAN_POINT ( 'NONE',  ( 22.63846284534353259, 2.249999999999999112, -142.9637028918147905 ) ) ;
#869 = EDGE_LOOP ( 'NONE', ( #421, #603, #1128, #1266 ) ) ;
#870 = ADVANCED_FACE ( 'NONE', ( #750 ), #966, .F. ) ;
#871 = DIRECTION ( 'NONE',  ( 0.000000000000000000, 0.000000000000000000, 1.000000000000000000 ) ) ;
#872 = VERTEX_POINT ( 'NONE', #1257 ) ;
#873 = DIRECTION ( 'NONE',  ( 1.000000000000000000, 0.000000000000000000, 0.000000000000000000 ) ) ;
#874 = LINE ( 'NONE', #342, #1259 ) ;
#875 = LINE ( 'NONE', #112, #336 ) ;
#876 = ORIENTED_EDGE ( 'NONE', *, *, #684, .F. ) ;
#877 = DATE_TIME_ROLE ( 'creation_date' ) ;
#878 = PRODUCT_DEFINITION ( 'UNKNOWN', '', #10, #280 ) ;
#879 = DIRECTION ( 'NONE',  ( -1.110223024625156540E-16, 0.000000000000000000, -1.000000000000000000 ) ) ;
#880 = VECTOR ( 'NONE', #545, 1000.000000000000000 ) ;
#881 = DIRECTION ( 'NONE',  ( 0.000000000000000000, 0.000000000000000000, 1.000000000000000000 ) ) ;
#882 = DIRECTION ( 'NONE',  ( 0.000000000000000000, 0.000000000000000000, -1.000000000000000000 ) ) ;
#883 = EDGE_CURVE ( 'NONE', #1323, #1184, #700, .T. ) ;
#884 = ORIENTED_EDGE ( 'NONE', *, *, #177, .F. ) ;
#885 = ORIENTED_EDGE ( 'NONE', *, *, #1371, .T. ) ;
#886 = DIRECTION ( 'NONE',  ( -0.000000000000000000, -0.000000000000000000, -1.000000000000000000 ) ) ;
#887 = VECTOR ( 'NONE', #1385, 1000.000000000000000 ) ;
#888 = CARTESIAN_POINT ( 'NONE',  ( 46.49999999999954525, 0.000000000000000000, 26.84678751731767932 ) ) ;
#889 = VECTOR ( 'NONE', #813, 1000.000000000000114 ) ;
#890 = ADVANCED_FACE ( 'NONE', ( #73 ), #1075, .T. ) ;
#891 = CARTESIAN_POINT ( 'NONE',  ( -8.327598234202010585E-15, 0.000000000000000000, -168.9637028918147905 ) ) ;
#892 = AXIS2_PLACEMENT_3D ( 'NONE', #389, #828, #1245 ) ;
#893 = VERTEX_POINT ( 'NONE', #860 ) ;
#894 = VERTEX_POINT ( 'NONE', #94 ) ;
#895 = CYLINDRICAL_SURFACE ( 'NONE', #8, 22.75000000000000000 ) ;
#896 = DIRECTION ( 'NONE',  ( -0.000000000000000000, -0.000000000000000000, -1.000000000000000000 ) ) ;
#897 = ORIENTED_EDGE ( 'NONE', *, *, #43, .T. ) ;
#898 = PERSON_AND_ORGANIZATION_ROLE ( 'classification_officer' ) ;
#899 = VERTEX_POINT ( 'NONE', #1281 ) ;
#900 = DIRECTION ( 'NONE',  ( -1.000000000000000000, 0.000000000000000000, 0.000000000000000000 ) ) ;
#901 = EDGE_CURVE ( 'NONE', #9, #1141, #1362, .T. ) ;
#902 = CARTESIAN_POINT ( 'NONE',  ( -27.50000000000001066, 3.367778697655222885E-15, -98.27398250422685066 ) ) ;
#903 = AXIS2_PLACEMENT_3D ( 'NONE', #685, #657, #109 ) ;
#904 = CIRCLE ( 'NONE', #746, 22.75000000000000000 ) ;
#905 = VERTEX_POINT ( 'NONE', #538 ) ;
#906 = ORIENTED_EDGE ( 'NONE', *, *, #1360, .F. ) ;
#907 = DIRECTION ( 'NONE',  ( -0.000000000000000000, -1.000000000000000000, -0.000000000000000000 ) ) ;
#908 = EDGE_CURVE ( 'NONE', #949, #1173, #164, .T. ) ;
#909 = CARTESIAN_POINT ( 'NONE',  ( -24.14539293529928443, -2.250000000000000000, -168.9637028918147905 ) ) ;
#910 = TOROIDAL_SURFACE ( 'NONE', #456, 27.50000000000001066, 6.500000000000000888 ) ;
#911 = CIRCLE ( 'NONE', #244, 22.53892417275067928 ) ;
#912 = VERTEX_POINT ( 'NONE', #231 ) ;
#913 = AXIS2_PLACEMENT_3D ( 'NONE', #1066, #1154, #1269 ) ;
#914 = ORIENTED_EDGE ( 'NONE', *, *, #63, .F. ) ;
#915 = EDGE_CURVE ( 'NONE', #1304, #1003, #946, .T. ) ;
#916 = DIRECTION ( 'NONE',  ( 0.000000000000000000, 0.000000000000000000, 1.000000000000000000 ) ) ;
#917 = DIRECTION ( 'NONE',  ( 0.000000000000000000, 0.000000000000000000, 1.000000000000000000 ) ) ;
#918 = DIRECTION ( 'NONE',  ( 0.000000000000000000, 0.000000000000000000, 1.000000000000000000 ) ) ;
#919 = CARTESIAN_POINT ( 'NONE',  ( 2.249999999999974687, 22.63846284534354325, -168.9637028918147905 ) ) ;
#920 = ORIENTED_EDGE ( 'NONE', *, *, #530, .T. ) ;
#921 = SHAPE_DEFINITION_REPRESENTATION ( #819, #1217 ) ;
#922 = VERTEX_POINT ( 'NONE', #1101 ) ;
#923 = FACE_OUTER_BOUND ( 'NONE', #207, .T. ) ;
#924 = LINE ( 'NONE', #803, #1190 ) ;
#925 = PLANE ( 'NONE',  #708 ) ;
#926 = VERTEX_POINT ( 'NONE', #4 ) ;
#927 = AXIS2_PLACEMENT_3D ( 'NONE', #809, #1017, #1227 ) ;
#928 = ADVANCED_FACE ( 'NONE', ( #132 ), #650, .T. ) ;
#929 = AXIS2_PLACEMENT_3D ( 'NONE', #1220, #642, #636 ) ;
#930 = VERTEX_POINT ( 'NONE', #211 ) ;
#931 = DIRECTION ( 'NONE',  ( 1.000000000000000000, 0.000000000000000000, 0.000000000000000000 ) ) ;
#932 = ADVANCED_FACE ( 'NONE', ( #1081 ), #895, .F. ) ;
#933 = EDGE_LOOP ( 'NONE', ( #566, #583, #340, #252 ) ) ;
#934 = VECTOR ( 'NONE', #1251, 1000.000000000000000 ) ;
#935 = ORIENTED_EDGE ( 'NONE', *, *, #173, .T. ) ;
#936 = PLANE ( 'NONE',  #767 ) ;
#937 = DIRECTION ( 'NONE',  ( 1.000000000000000000, 0.000000000000000000, 0.000000000000000000 ) ) ;
#938 = LINE ( 'NONE', #180, #81 ) ;
#939 = VERTEX_POINT ( 'NONE', #23 ) ;
#940 = FACE_OUTER_BOUND ( 'NONE', #55, .T. ) ;
#941 = CARTESIAN_POINT ( 'NONE',  ( 35.99999999999937472, 2.571758278209442450E-15, 45.03332099679080613 ) ) ;
#942 = EDGE_CURVE ( 'NONE', #439, #1014, #679, .T. ) ;
#943 = DIRECTION ( 'NONE',  ( 0.8660254037844364872, 0.000000000000000000, 0.5000000000000038858 ) ) ;
#944 = CARTESIAN_POINT ( 'NONE',  ( -27.50000000000001066, 3.367778697655222885E-15, -98.27398250422685066 ) ) ;
#945 = ORIENTED_EDGE ( 'NONE', *, *, #1193, .T. ) ;
#946 = CIRCLE ( 'NONE', #903, 72.00000000000004263 ) ;
#947 = DIRECTION ( 'NONE',  ( -1.000000000000000000, 1.224646799147352961E-16, 0.000000000000000000 ) ) ;
#948 = FACE_OUTER_BOUND ( 'NONE', #1166, .T. ) ;
#949 = VERTEX_POINT ( 'NONE', #440 ) ;
#950 = CARTESIAN_POINT ( 'NONE',  ( -8.327598234202010585E-15, 0.000000000000000000, -142.9637028918147905 ) ) ;
#951 = ORIENTED_EDGE ( 'NONE', *, *, #222, .F. ) ;
#952 = AXIS2_PLACEMENT_3D ( 'NONE', #669, #976, #321 ) ;
#953 = DIRECTION ( 'NONE',  ( -0.000000000000000000, -0.000000000000000000, -1.000000000000000000 ) ) ;
#954 = CIRCLE ( 'NONE', #1023, 22.50000000000001066 ) ;
#955 = CARTESIAN_POINT ( 'NONE',  ( 141.2499999999999432, 0.000000000000000000, 81.55072552303549571 ) ) ;
#956 = DIRECTION ( 'NONE',  ( -0.5000000000000039968, 0.000000000000000000, 0.8660254037844363761 ) ) ;
#957 = EDGE_LOOP ( 'NONE', ( #217, #920, #309, #210 ) ) ;
#958 = DIRECTION ( 'NONE',  ( -0.000000000000000000, -0.000000000000000000, -1.000000000000000000 ) ) ;
#959 = DIRECTION ( 'NONE',  ( 0.000000000000000000, 0.000000000000000000, 1.000000000000000000 ) ) ;
#960 = EDGE_CURVE ( 'NONE', #322, #851, #206, .T. ) ;
#961 = CARTESIAN_POINT ( 'NONE',  ( 151.7500000000000284, 0.000000000000000000, 63.36419204356233337 ) ) ;
#962 = ORIENTED_EDGE ( 'NONE', *, *, #454, .F. ) ;
#963 = EDGE_CURVE ( 'NONE', #817, #1272, #425, .T. ) ;
#964 = APPROVAL_ROLE ( '' ) ;
#965 = APPROVAL_PERSON_ORGANIZATION ( #1002, #1134, #49 ) ;
#966 = PLANE ( 'NONE',  #473 ) ;
#967 = DIRECTION ( 'NONE',  ( -1.000000000000000000, 0.000000000000000000, 0.000000000000000000 ) ) ;
#968 = EDGE_CURVE ( 'NONE', #856, #926, #1314, .T. ) ;
#969 = ORIENTED_EDGE ( 'NONE', *, *, #405, .F. ) ;
#970 = COORDINATED_UNIVERSAL_TIME_OFFSET ( 1, 0, .AHEAD. ) ;
#971 = AXIS2_PLACEMENT_3D ( 'NONE', #764, #675, #175 ) ;
#972 = FACE_OUTER_BOUND ( 'NONE', #1240, .T. ) ;
#973 = AXIS2_PLACEMENT_3D ( 'NONE', #45, #382, #1350 ) ;
#974 = LINE ( 'NONE', #1373, #752 ) ;
#975 = DIRECTION ( 'NONE',  ( -0.8660254037844364872, 0.000000000000000000, -0.5000000000000037748 ) ) ;
#976 = DIRECTION ( 'NONE',  ( 0.000000000000000000, 0.000000000000000000, -1.000000000000000000 ) ) ;
#977 = ORIENTED_EDGE ( 'NONE', *, *, #1162, .T. ) ;
#978 = PERSON_AND_ORGANIZATION ( #651, #1358 ) ;
#979 = ORIENTED_EDGE ( 'NONE', *, *, #780, .F. ) ;
#980 = CARTESIAN_POINT ( 'NONE',  ( -22.50000000000001066, 2.755455298081545961E-15, -53.69357503463489678 ) ) ;
#981 = EDGE_CURVE ( 'NONE', #371, #1000, #403, .T. ) ;
#982 = DIRECTION ( 'NONE',  ( -0.000000000000000000, -1.000000000000000000, -0.000000000000000000 ) ) ;
#983 = ORIENTED_EDGE ( 'NONE', *, *, #997, .F. ) ;
#984 = DIRECTION ( 'NONE',  ( -0.000000000000000000, -0.000000000000000000, -1.000000000000000000 ) ) ;
#985 = EDGE_LOOP ( 'NONE', ( #1210, #1196, #717, #515 ) ) ;
#986 = FACE_OUTER_BOUND ( 'NONE', #1380, .T. ) ;
#987 = CIRCLE ( 'NONE', #379, 22.50000000000001066 ) ;
#988 = DIRECTION ( 'NONE',  ( 1.224646799147353207E-16, 1.000000000000000000, -0.000000000000000000 ) ) ;
#989 = CIRCLE ( 'NONE', #725, 21.00000000000001066 ) ;
#990 = FACE_OUTER_BOUND ( 'NONE', #850, .T. ) ;
#991 = ORIENTED_EDGE ( 'NONE', *, *, #569, .F. ) ;
#992 =( LENGTH_UNIT ( ) NAMED_UNIT ( * ) SI_UNIT ( .MILLI., .METRE. ) );
#993 = ORIENTED_EDGE ( 'NONE', *, *, #1157, .F. ) ;
#994 = CARTESIAN_POINT ( 'NONE',  ( -8.327598234202010585E-15, 0.000000000000000000, -168.9637028918147337 ) ) ;
#995 = EDGE_CURVE ( 'NONE', #851, #161, #347, .T. ) ;
#996 = CIRCLE ( 'NONE', #388, 24.25000000000000000 ) ;
#997 = EDGE_CURVE ( 'NONE', #140, #779, #462, .T. ) ;
#998 = CARTESIAN_POINT ( 'NONE',  ( 0.000000000000000000, 0.000000000000000000, -98.27398250422685066 ) ) ;
#999 = AXIS2_PLACEMENT_3D ( 'NONE', #170, #637, #1053 ) ;
#1000 = VERTEX_POINT ( 'NONE', #980 ) ;
#1001 = EDGE_CURVE ( 'NONE', #817, #1141, #446, .T. ) ;
#1002 = PERSON_AND_ORGANIZATION ( #651, #1358 ) ;
#1003 = VERTEX_POINT ( 'NONE', #320 ) ;
#1004 = DIRECTION ( 'NONE',  ( -1.000000000000000000, 0.000000000000000000, 0.000000000000000000 ) ) ;
#1005 = DIRECTION ( 'NONE',  ( 0.000000000000000000, 0.000000000000000000, -1.000000000000000000 ) ) ;
#1006 = DIRECTION ( 'NONE',  ( 1.000000000000000000, 0.000000000000000000, 0.000000000000000000 ) ) ;
#1007 = ADVANCED_FACE ( 'NONE', ( #240 ), #724, .F. ) ;
#1008 = ORIENTED_EDGE ( 'NONE', *, *, #204, .F. ) ;
#1009 = ORIENTED_EDGE ( 'NONE', *, *, #1252, .T. ) ;
#1010 = ADVANCED_FACE ( 'NONE', ( #986 ), #1356, .F. ) ;
#1011 = CARTESIAN_POINT ( 'NONE',  ( 57.74999999999960920, 0.000000000000000000, 7.361215932167836762 ) ) ;
#1012 = LINE ( 'NONE', #476, #272 ) ;
#1013 = VECTOR ( 'NONE', #1295, 1000.000000000000000 ) ;
#1014 = VERTEX_POINT ( 'NONE', #762 ) ;
#1015 = ADVANCED_FACE ( 'NONE', ( #972 ), #1181, .T. ) ;
#1016 = EDGE_LOOP ( 'NONE', ( #1346, #22, #444, #1278 ) ) ;
#1017 = DIRECTION ( 'NONE',  ( 0.8660254037844364872, 0.000000000000000000, 0.5000000000000038858 ) ) ;
#1018 = CARTESIAN_POINT ( 'NONE',  ( -24.25000000000000711, 0.000000000000000000, -104.8453377953570822 ) ) ;
#1019 = CIRCLE ( 'NONE', #1144, 24.25000000000000000 ) ;
#1020 = DIRECTION ( 'NONE',  ( -1.000000000000000000, 0.000000000000000000, 0.000000000000000000 ) ) ;
#1021 = AXIS2_PLACEMENT_3D ( 'NONE', #1035, #351, #25 ) ;
#1022 = ORIENTED_EDGE ( 'NONE', *, *, #1090, .F. ) ;
#1023 = AXIS2_PLACEMENT_3D ( 'NONE', #484, #917, #374 ) ;
#1024 = CC_DESIGN_PERSON_AND_ORGANIZATION_ASSIGNMENT ( #460, #1312, ( #1310 ) ) ;
#1025 = ORIENTED_EDGE ( 'NONE', *, *, #454, .T. ) ;
#1026 = DIRECTION ( 'NONE',  ( 0.000000000000000000, -1.000000000000000000, 0.000000000000000000 ) ) ;
#1027 = DIRECTION ( 'NONE',  ( -0.000000000000000000, -0.000000000000000000, -1.000000000000000000 ) ) ;
#1028 = DIRECTION ( 'NONE',  ( -0.000000000000000000, -0.000000000000000000, -1.000000000000000000 ) ) ;
#1029 = EDGE_CURVE ( 'NONE', #1000, #371, #987, .T. ) ;
#1030 = ORIENTED_EDGE ( 'NONE', *, *, #942, .F. ) ;
#1031 = APPROVAL_STATUS ( 'not_yet_approved' ) ;
#1032 = ORIENTED_EDGE ( 'NONE', *, *, #228, .F. ) ;
#1033 = EDGE_CURVE ( 'NONE', #129, #807, #372, .T. ) ;
#1034 = CARTESIAN_POINT ( 'NONE',  ( 0.000000000000000000, 0.000000000000000000, -53.69357503463489678 ) ) ;
#1035 = CARTESIAN_POINT ( 'NONE',  ( 0.000000000000000000, 0.000000000000000000, -168.9637028918147905 ) ) ;
#1036 = VERTEX_POINT ( 'NONE', #260 ) ;
#1037 = AXIS2_PLACEMENT_3D ( 'NONE', #1129, #157, #691 ) ;
#1038 = CC_DESIGN_APPROVAL ( #1100, ( #878 ) ) ;
#1039 = ORIENTED_EDGE ( 'NONE', *, *, #1033, .F. ) ;
#1040 = FACE_OUTER_BOUND ( 'NONE', #221, .T. ) ;
#1041 = DIRECTION ( 'NONE',  ( -0.000000000000000000, 0.000000000000000000, -1.000000000000000000 ) ) ;
#1042 = DIRECTION ( 'NONE',  ( 1.000000000000000000, 0.000000000000000000, 0.000000000000000000 ) ) ;
#1043 = CLOSED_SHELL ( 'NONE', ( #1121, #575, #396, #1392, #500, #1202, #312, #890, #1010, #928, #535, #297, #932, #1349, #716, #1015, #338, #1345, #854, #401, #1103, #1108, #88, #838, #328, #1007, #692, #212, #1352, #1071, #1298, #255, #357, #91, #124, #1139, #1115, #870, #635, #188, #449, #241, #1234, #695, #1283 ) ) ;
#1044 = FACE_OUTER_BOUND ( 'NONE', #770, .T. ) ;
#1045 = AXIS2_PLACEMENT_3D ( 'NONE', #1198, #232, #447 ) ;
#1046 = CIRCLE ( 'NONE', #662, 21.00000000000000711 ) ;
#1047 = ORIENTED_EDGE ( 'NONE', *, *, #759, .F. ) ;
#1048 = CARTESIAN_POINT ( 'NONE',  ( -8.327598234202010585E-15, 0.000000000000000000, -168.9637028918147337 ) ) ;
#1049 = CARTESIAN_POINT ( 'NONE',  ( -21.39199796489159411, 0.000000000000000000, -100.4971134358436586 ) ) ;
#1050 = DIRECTION ( 'NONE',  ( 0.000000000000000000, -1.000000000000000000, 0.000000000000000000 ) ) ;
#1051 = VERTEX_POINT ( 'NONE', #1244 ) ;
#1052 = CARTESIAN_POINT ( 'NONE',  ( 0.000000000000000000, 0.000000000000000000, -100.4971134358436586 ) ) ;
#1053 = DIRECTION ( 'NONE',  ( -1.000000000000000000, 0.000000000000000000, 0.000000000000000000 ) ) ;
#1054 = ORIENTED_EDGE ( 'NONE', *, *, #74, .F. ) ;
#1055 = EDGE_CURVE ( 'NONE', #1000, #949, #259, .T. ) ;
#1056 = EDGE_LOOP ( 'NONE', ( #1117, #130, #1152, #951, #876, #1008 ) ) ;
#1057 = LOCAL_TIME ( 0, 3, 25.00000000000000000, #970 ) ;
#1058 = CARTESIAN_POINT ( 'NONE',  ( -8.327598234202010585E-15, 0.000000000000000000, -142.9637028918147905 ) ) ;
#1059 = CARTESIAN_POINT ( 'NONE',  ( 0.000000000000000000, 0.000000000000000000, -104.4767331068032661 ) ) ;
#1060 = LINE ( 'NONE', #734, #1158 ) ;
#1061 = CARTESIAN_POINT ( 'NONE',  ( -2.250000000000024869, -24.14539293529927022, -142.9637028918147905 ) ) ;
#1062 = ORIENTED_EDGE ( 'NONE', *, *, #557, .T. ) ;
#1063 = CC_DESIGN_PERSON_AND_ORGANIZATION_ASSIGNMENT ( #571, #898, ( #1207 ) ) ;
#1064 = DIRECTION ( 'NONE',  ( -1.000000000000000000, 0.000000000000000000, 1.110223024625156540E-16 ) ) ;
#1065 = CIRCLE ( 'NONE', #639, 24.25000000000000000 ) ;
#1066 = CARTESIAN_POINT ( 'NONE',  ( -8.327598234202010585E-15, 0.000000000000000000, -142.9637028918147905 ) ) ;
#1067 = ORIENTED_EDGE ( 'NONE', *, *, #654, .T. ) ;
#1068 = ORIENTED_EDGE ( 'NONE', *, *, #410, .F. ) ;
#1069 = DIRECTION ( 'NONE',  ( 0.000000000000000000, 0.000000000000000000, -1.000000000000000000 ) ) ;
#1070 = DIRECTION ( 'NONE',  ( -0.000000000000000000, -0.000000000000000000, -1.000000000000000000 ) ) ;
#1071 = ADVANCED_FACE ( 'NONE', ( #497 ), #1318, .F. ) ;
#1072 = CARTESIAN_POINT ( 'NONE',  ( -1.875873932764169255E-14, 0.000000000000000000, -142.9637028918147905 ) ) ;
#1073 = ORIENTED_EDGE ( 'NONE', *, *, #915, .F. ) ;
#1074 = DIRECTION ( 'NONE',  ( -0.000000000000000000, -0.000000000000000000, -1.000000000000000000 ) ) ;
#1075 = TOROIDAL_SURFACE ( 'NONE', #790, 19.24999999999999645, 5.000000000000000000 ) ;
#1076 = VECTOR ( 'NONE', #511, 1000.000000000000114 ) ;
#1077 = DIRECTION ( 'NONE',  ( -1.000000000000000000, 0.000000000000000000, 0.000000000000000000 ) ) ;
#1078 = DIRECTION ( 'NONE',  ( 1.000000000000000000, 0.000000000000000000, 0.000000000000000000 ) ) ;
#1079 = ORIENTED_EDGE ( 'NONE', *, *, #630, .F. ) ;
#1080 = AXIS2_PLACEMENT_3D ( 'NONE', #805, #249, #796 ) ;
#1081 = FACE_OUTER_BOUND ( 'NONE', #48, .T. ) ;
#1082 = CIRCLE ( 'NONE', #172, 22.75000000000000000 ) ;
#1083 = DIRECTION ( 'NONE',  ( 0.8660254037844364872, 0.000000000000000000, 0.5000000000000038858 ) ) ;
#1084 = PLANE ( 'NONE',  #292 ) ;
#1085 = EDGE_LOOP ( 'NONE', ( #1224, #1353, #1105, #993 ) ) ;
#1086 = DIRECTION ( 'NONE',  ( -1.110223024625156540E-16, 0.000000000000000000, -1.000000000000000000 ) ) ;
#1087 = DIRECTION ( 'NONE',  ( -1.000000000000000000, 0.000000000000000000, 0.000000000000000000 ) ) ;
#1088 = DIRECTION ( 'NONE',  ( 1.000000000000000000, 0.000000000000000000, -0.000000000000000000 ) ) ;
#1089 = ORIENTED_EDGE ( 'NONE', *, *, #1168, .T. ) ;
#1090 = EDGE_CURVE ( 'NONE', #680, #290, #491, .T. ) ;
#1091 = APPROVAL_ROLE ( '' ) ;
#1092 = ORIENTED_EDGE ( 'NONE', *, *, #827, .T. ) ;
#1093 = CARTESIAN_POINT ( 'NONE',  ( 22.63846284534353259, 2.249999999999999112, -168.9637028918147337 ) ) ;
#1094 = AXIS2_PLACEMENT_3D ( 'NONE', #341, #468, #324 ) ;
#1095 = AXIS2_PLACEMENT_3D ( 'NONE', #1302, #1201, #445 ) ;
#1096 = LINE ( 'NONE', #443, #730 ) ;
#1097 = ORIENTED_EDGE ( 'NONE', *, *, #721, .F. ) ;
#1098 = CARTESIAN_POINT ( 'NONE',  ( 22.74999999999999289, 2.786071468060228565E-15, -168.9637028918147337 ) ) ;
#1099 = ORIENTED_EDGE ( 'NONE', *, *, #523, .F. ) ;
#1100 = APPROVAL ( #756, 'UNSPECIFIED' ) ;
#1101 = CARTESIAN_POINT ( 'NONE',  ( -2.250000000000024869, 24.14539293529927022, -168.9637028918147905 ) ) ;
#1102 = VECTOR ( 'NONE', #167, 1000.000000000000000 ) ;
#1103 = ADVANCED_FACE ( 'NONE', ( #1040 ), #29, .T. ) ;
#1104 = ORIENTED_EDGE ( 'NONE', *, *, #540, .T. ) ;
#1105 = ORIENTED_EDGE ( 'NONE', *, *, #883, .T. ) ;
#1106 = CARTESIAN_POINT ( 'NONE',  ( -8.327598234202010585E-15, 0.000000000000000000, -142.9637028918147905 ) ) ;
#1107 = DIRECTION ( 'NONE',  ( 0.000000000000000000, 0.000000000000000000, 1.000000000000000000 ) ) ;
#1108 = ADVANCED_FACE ( 'NONE', ( #1135 ), #235, .T. ) ;
#1109 = ORIENTED_EDGE ( 'NONE', *, *, #1296, .T. ) ;
#1110 = DATE_AND_TIME ( #377, #791 ) ;
#1111 = ORIENTED_EDGE ( 'NONE', *, *, #1001, .F. ) ;
#1112 = DIRECTION ( 'NONE',  ( -1.000000000000000000, 0.000000000000000000, 0.000000000000000000 ) ) ;
#1113 = CARTESIAN_POINT ( 'NONE',  ( 0.000000000000000000, 0.000000000000000000, -103.1352370787287640 ) ) ;
#1114 = DIRECTION ( 'NONE',  ( 0.000000000000000000, 0.000000000000000000, 1.000000000000000000 ) ) ;
#1115 = ADVANCED_FACE ( 'NONE', ( #923 ), #718, .T. ) ;
#1116 = AXIS2_PLACEMENT_3D ( 'NONE', #291, #664, #331 ) ;
#1117 = ORIENTED_EDGE ( 'NONE', *, *, #509, .T. ) ;
#1118 = SECURITY_CLASSIFICATION_LEVEL ( 'unclassified' ) ;
#1119 = ORIENTED_EDGE ( 'NONE', *, *, #1371, .F. ) ;
#1120 = DIRECTION ( 'NONE',  ( 0.000000000000000000, 0.000000000000000000, 1.000000000000000000 ) ) ;
#1121 = ADVANCED_FACE ( 'NONE', ( #356 ), #1229, .F. ) ;
#1122 = CYLINDRICAL_SURFACE ( 'NONE', #549, 24.25000000000000000 ) ;
#1123 = DIRECTION ( 'NONE',  ( -1.000000000000000000, 0.000000000000000000, 0.000000000000000000 ) ) ;
#1124 = AXIS2_PLACEMENT_3D ( 'NONE', #485, #596, #1042 ) ;
#1125 = ORIENTED_EDGE ( 'NONE', *, *, #479, .F. ) ;
#1126 = CIRCLE ( 'NONE', #973, 21.00000000000000711 ) ;
#1127 = APPROVAL_DATE_TIME ( #466, #1134 ) ;
#1128 = ORIENTED_EDGE ( 'NONE', *, *, #479, .T. ) ;
#1129 = CARTESIAN_POINT ( 'NONE',  ( -19.25000000000000000, 2.357445088358654363E-15, -104.8453377953570822 ) ) ;
#1130 = CARTESIAN_POINT ( 'NONE',  ( -2.250000000000024869, 24.14539293529927022, -142.9637028918147905 ) ) ;
#1131 = FACE_OUTER_BOUND ( 'NONE', #1313, .T. ) ;
#1132 = ORIENTED_EDGE ( 'NONE', *, *, #118, .T. ) ;
#1133 = ORIENTED_EDGE ( 'NONE', *, *, #1246, .T. ) ;
#1134 = APPROVAL ( #1031, 'UNSPECIFIED' ) ;
#1135 = FACE_OUTER_BOUND ( 'NONE', #837, .T. ) ;
#1136 = DIRECTION ( 'NONE',  ( 0.000000000000000000, 0.000000000000000000, 1.000000000000000000 ) ) ;
#1137 = AXIS2_PLACEMENT_3D ( 'NONE', #17, #879, #1077 ) ;
#1138 = CARTESIAN_POINT ( 'NONE',  ( 141.2499999999999432, 0.000000000000000000, 81.55072552303546729 ) ) ;
#1139 = ADVANCED_FACE ( 'NONE', ( #505 ), #387, .T. ) ;
#1140 = CC_DESIGN_APPROVAL ( #1134, ( #1207 ) ) ;
#1141 = VERTEX_POINT ( 'NONE', #794 ) ;
#1142 = FACE_OUTER_BOUND ( 'NONE', #1218, .T. ) ;
#1143 = CARTESIAN_POINT ( 'NONE',  ( 46.49999999999958078, 0.000000000000000000, 26.84678751731756208 ) ) ;
#1144 = AXIS2_PLACEMENT_3D ( 'NONE', #644, #1192, #128 ) ;
#1145 = PLANE ( 'NONE',  #1237 ) ;
#1146 = AXIS2_PLACEMENT_3D ( 'NONE', #804, #273, #61 ) ;
#1147 = AXIS2_PLACEMENT_3D ( 'NONE', #833, #165, #1107 ) ;
#1148 = VERTEX_POINT ( 'NONE', #483 ) ;
#1149 = CARTESIAN_POINT ( 'NONE',  ( 46.49999999999950973, 0.000000000000000000, 26.84678751731761537 ) ) ;
#1150 = DIRECTION ( 'NONE',  ( -0.8660254037844364872, 0.000000000000000000, -0.5000000000000037748 ) ) ;
#1151 = CARTESIAN_POINT ( 'NONE',  ( 24.14539293529926667, -2.250000000000000000, -168.9637028918147905 ) ) ;
#1152 = ORIENTED_EDGE ( 'NONE', *, *, #997, .T. ) ;
#1153 = CARTESIAN_POINT ( 'NONE',  ( -24.24999999999999289, 0.000000000000000000, -103.9637028918147621 ) ) ;
#1154 = DIRECTION ( 'NONE',  ( 0.000000000000000000, 0.000000000000000000, -1.000000000000000000 ) ) ;
#1155 = DIRECTION ( 'NONE',  ( 0.000000000000000000, -0.000000000000000000, -1.000000000000000000 ) ) ;
#1156 = ORIENTED_EDGE ( 'NONE', *, *, #995, .T. ) ;
#1157 = EDGE_CURVE ( 'NONE', #1173, #1184, #1235, .T. ) ;
#1158 = VECTOR ( 'NONE', #959, 1000.000000000000000 ) ;
#1159 = VECTOR ( 'NONE', #1074, 1000.000000000000000 ) ;
#1160 = CARTESIAN_POINT ( 'NONE',  ( 0.000000000000000000, 0.000000000000000000, -104.4767331068032661 ) ) ;
#1161 = DIRECTION ( 'NONE',  ( -0.5000000000000039968, 0.000000000000000000, 0.8660254037844363761 ) ) ;
#1162 = EDGE_CURVE ( 'NONE', #1272, #656, #580, .T. ) ;
#1163 = DIRECTION ( 'NONE',  ( 1.000000000000000000, 0.000000000000000000, -0.000000000000000000 ) ) ;
#1164 = ORIENTED_EDGE ( 'NONE', *, *, #684, .T. ) ;
#1165 = DIRECTION ( 'NONE',  ( -0.8660254037844364872, 0.000000000000000000, -0.5000000000000037748 ) ) ;
#1166 = EDGE_LOOP ( 'NONE', ( #57, #1311, #71, #1009, #743, #41, #589, #242, #477, #245, #1156, #1164 ) ) ;
#1167 = CIRCLE ( 'NONE', #731, 24.25000000000000000 ) ;
#1168 = EDGE_CURVE ( 'NONE', #613, #50, #1274, .T. ) ;
#1169 = FACE_OUTER_BOUND ( 'NONE', #501, .T. ) ;
#1170 = CIRCLE ( 'NONE', #617, 6.500000000000005329 ) ;
#1171 = DIRECTION ( 'NONE',  ( 0.000000000000000000, -0.000000000000000000, -1.000000000000000000 ) ) ;
#1172 = CARTESIAN_POINT ( 'NONE',  ( 24.14539293529926312, -2.250000000000000000, -142.9637028918147905 ) ) ;
#1173 = VERTEX_POINT ( 'NONE', #1011 ) ;
#1174 = DIRECTION ( 'NONE',  ( -1.000000000000000000, 0.000000000000000000, 0.000000000000000000 ) ) ;
#1175 = APPROVAL ( #672, 'UNSPECIFIED' ) ;
#1176 = CARTESIAN_POINT ( 'NONE',  ( 0.000000000000000000, 0.000000000000000000, -98.27398250422685066 ) ) ;
#1177 = CARTESIAN_POINT ( 'NONE',  ( 19.24999999999999289, 0.000000000000000000, -104.8453377953570822 ) ) ;
#1178 = CYLINDRICAL_SURFACE ( 'NONE', #1211, 21.00000000000000711 ) ;
#1179 = ORIENTED_EDGE ( 'NONE', *, *, #1267, .F. ) ;
#1180 = AXIS2_PLACEMENT_3D ( 'NONE', #203, #126, #648 ) ;
#1181 = PLANE ( 'NONE',  #765 ) ;
#1182 = DIRECTION ( 'NONE',  ( 1.000000000000000000, 0.000000000000000000, 0.000000000000000000 ) ) ;
#1183 = CARTESIAN_POINT ( 'NONE',  ( 2.249999999999974687, 24.24999999999999645, -142.9637028918147905 ) ) ;
#1184 = VERTEX_POINT ( 'NONE', #697 ) ;
#1185 = EDGE_CURVE ( 'NONE', #673, #140, #1320, .T. ) ;
#1186 = CIRCLE ( 'NONE', #952, 22.75000000000000000 ) ;
#1187 = ORIENTED_EDGE ( 'NONE', *, *, #228, .T. ) ;
#1188 = VECTOR ( 'NONE', #350, 1000.000000000000000 ) ;
#1189 = DIRECTION ( 'NONE',  ( -1.000000000000000000, 0.000000000000000000, 1.110223024625156540E-16 ) ) ;
#1190 = VECTOR ( 'NONE', #31, 1000.000000000000000 ) ;
#1191 = CYLINDRICAL_SURFACE ( 'NONE', #867, 22.50000000000001066 ) ;
#1192 = DIRECTION ( 'NONE',  ( -0.000000000000000000, -0.000000000000000000, -1.000000000000000000 ) ) ;
#1193 = EDGE_CURVE ( 'NONE', #70, #9, #137, .T. ) ;
#1194 = EDGE_LOOP ( 'NONE', ( #1243, #1, #829, #346 ) ) ;
#1195 = DIRECTION ( 'NONE',  ( -1.000000000000000000, 0.000000000000000000, 0.000000000000000000 ) ) ;
#1196 = ORIENTED_EDGE ( 'NONE', *, *, #200, .T. ) ;
#1197 = DIRECTION ( 'NONE',  ( -0.5000000000000039968, 0.000000000000000000, 0.8660254037844363761 ) ) ;
#1198 = CARTESIAN_POINT ( 'NONE',  ( 46.49999999999950973, 0.000000000000000000, 26.84678751731761537 ) ) ;
#1199 = DIRECTION ( 'NONE',  ( -0.000000000000000000, -1.000000000000000000, -0.000000000000000000 ) ) ;
#1200 = ORIENTED_EDGE ( 'NONE', *, *, #676, .F. ) ;
#1201 = DIRECTION ( 'NONE',  ( 0.000000000000000000, 0.000000000000000000, 1.000000000000000000 ) ) ;
#1202 = ADVANCED_FACE ( 'NONE', ( #1324 ), #802, .F. ) ;
#1203 = ORIENTED_EDGE ( 'NONE', *, *, #1246, .F. ) ;
#1204 = AXIS2_PLACEMENT_3D ( 'NONE', #223, #11, #553 ) ;
#1205 = CARTESIAN_POINT ( 'NONE',  ( 24.24999999999997868, -2.250000000000000000, -142.9637028918147905 ) ) ;
#1206 = DIRECTION ( 'NONE',  ( -0.000000000000000000, -0.000000000000000000, -1.000000000000000000 ) ) ;
#1207 = SECURITY_CLASSIFICATION ( '', '', #1118 ) ;
#1208 = DIRECTION ( 'NONE',  ( 0.000000000000000000, 1.000000000000000000, 0.000000000000000000 ) ) ;
#1209 = ORIENTED_EDGE ( 'NONE', *, *, #806, .F. ) ;
#1210 = ORIENTED_EDGE ( 'NONE', *, *, #118, .F. ) ;
#1211 = AXIS2_PLACEMENT_3D ( 'NONE', #652, #775, #1078 ) ;
#1212 = CARTESIAN_POINT ( 'NONE',  ( 24.24999999999997868, -2.250000000000000000, -168.9637028918147905 ) ) ;
#1213 = CIRCLE ( 'NONE', #413, 24.25000000000000000 ) ;
#1214 = CARTESIAN_POINT ( 'NONE',  ( 0.000000000000000000, 0.000000000000000000, -53.69357503463489678 ) ) ;
#1215 = CIRCLE ( 'NONE', #733, 22.50000000000000711 ) ;
#1216 = DIRECTION ( 'NONE',  ( -0.000000000000000000, -0.000000000000000000, -1.000000000000000000 ) ) ;
#1217 = ADVANCED_BREP_SHAPE_REPRESENTATION ( '79-8463 - 45mm 60deg', ( #266, #1095 ), #239 ) ;
#1218 = EDGE_LOOP ( 'NONE', ( #386, #665, #1330, #1039, #641, #298, #195, #26, #97, #1387, #1099, #86 ) ) ;
#1219 = ORIENTED_EDGE ( 'NONE', *, *, #43, .F. ) ;
#1220 = CARTESIAN_POINT ( 'NONE',  ( 46.49999999999954525, 0.000000000000000000, 26.84678751731767932 ) ) ;
#1221 = CARTESIAN_POINT ( 'NONE',  ( -22.50000000000001066, 2.755455298081545961E-15, -98.27398250422685066 ) ) ;
#1222 = FACE_OUTER_BOUND ( 'NONE', #429, .T. ) ;
#1223 = DIRECTION ( 'NONE',  ( -0.000000000000000000, -0.000000000000000000, 1.000000000000000000 ) ) ;
#1224 = ORIENTED_EDGE ( 'NONE', *, *, #908, .F. ) ;
#1225 = EDGE_CURVE ( 'NONE', #1014, #50, #732, .T. ) ;
#1226 = ORIENTED_EDGE ( 'NONE', *, *, #785, .T. ) ;
#1227 = DIRECTION ( 'NONE',  ( 0.5000000000000038858, 0.000000000000000000, -0.8660254037844363761 ) ) ;
#1228 = DIRECTION ( 'NONE',  ( 0.000000000000000000, 0.000000000000000000, -1.000000000000000000 ) ) ;
#1229 = TOROIDAL_SURFACE ( 'NONE', #1273, 93.00000000000004263, 21.00000000000000711 ) ;
#1230 = DIRECTION ( 'NONE',  ( -0.000000000000000000, -0.000000000000000000, -1.000000000000000000 ) ) ;
#1231 = EDGE_CURVE ( 'NONE', #939, #488, #87, .T. ) ;
#1232 = ORIENTED_EDGE ( 'NONE', *, *, #56, .F. ) ;
#1233 = ORIENTED_EDGE ( 'NONE', *, *, #763, .F. ) ;
#1234 = ADVANCED_FACE ( 'NONE', ( #621 ), #936, .F. ) ;
#1235 = LINE ( 'NONE', #269, #859 ) ;
#1236 = LINE ( 'NONE', #712, #414 ) ;
#1237 = AXIS2_PLACEMENT_3D ( 'NONE', #296, #64, #1155 ) ;
#1238 = CYLINDRICAL_SURFACE ( 'NONE', #1080, 22.50000000000001066 ) ;
#1239 = CONICAL_SURFACE ( 'NONE', #1280, 24.24999999999999289, 0.3490658503988623984 ) ;
#1240 = EDGE_LOOP ( 'NONE', ( #1104, #201, #625, #391 ) ) ;
#1241 = AXIS2_PLACEMENT_3D ( 'NONE', #1113, #507, #937 ) ;
#1242 = PERSON_AND_ORGANIZATION ( #651, #1358 ) ;
#1243 = ORIENTED_EDGE ( 'NONE', *, *, #177, .T. ) ;
#1244 = CARTESIAN_POINT ( 'NONE',  ( 22.74999999999999289, 2.786071468060228565E-15, -104.8453377953570822 ) ) ;
#1245 = DIRECTION ( 'NONE',  ( 1.000000000000000000, 0.000000000000000000, 0.000000000000000000 ) ) ;
#1246 = EDGE_CURVE ( 'NONE', #1329, #777, #428, .T. ) ;
#1247 = EDGE_LOOP ( 'NONE', ( #663, #729, #579, #550 ) ) ;
#1248 = ORIENTED_EDGE ( 'NONE', *, *, #142, .F. ) ;
#1249 = DIRECTION ( 'NONE',  ( 0.000000000000000000, 0.000000000000000000, -1.000000000000000000 ) ) ;
#1250 = DIRECTION ( 'NONE',  ( -1.000000000000000000, 0.000000000000000000, 0.000000000000000000 ) ) ;
#1251 = DIRECTION ( 'NONE',  ( -1.000000000000000000, 0.000000000000000000, 0.000000000000000000 ) ) ;
#1252 = EDGE_CURVE ( 'NONE', #1148, #899, #330, .T. ) ;
#1253 = LINE ( 'NONE', #728, #822 ) ;
#1254 = AXIS2_PLACEMENT_3D ( 'NONE', #178, #533, #738 ) ;
#1255 = VERTEX_POINT ( 'NONE', #284 ) ;
#1256 = DIRECTION ( 'NONE',  ( -1.110223024625156540E-16, 0.000000000000000000, -1.000000000000000000 ) ) ;
#1257 = CARTESIAN_POINT ( 'NONE',  ( -21.00000000000000711, 2.571758278209442450E-15, -98.27398250422685066 ) ) ;
#1258 = FACE_OUTER_BOUND ( 'NONE', #1347, .T. ) ;
#1259 = VECTOR ( 'NONE', #455, 1000.000000000000000 ) ;
#1260 = VECTOR ( 'NONE', #358, 1000.000000000000000 ) ;
#1261 = ORIENTED_EDGE ( 'NONE', *, *, #963, .T. ) ;
#1262 = CARTESIAN_POINT ( 'NONE',  ( 0.000000000000000000, 0.000000000000000000, -168.9637028918147905 ) ) ;
#1263 = FACE_OUTER_BOUND ( 'NONE', #1265, .T. ) ;
#1264 = LINE ( 'NONE', #622, #194 ) ;
#1265 = EDGE_LOOP ( 'NONE', ( #1203, #176, #723, #1047 ) ) ;
#1266 = ORIENTED_EDGE ( 'NONE', *, *, #1162, .F. ) ;
#1267 = EDGE_CURVE ( 'NONE', #894, #508, #631, .T. ) ;
#1268 = CARTESIAN_POINT ( 'NONE',  ( 129.9999999999998295, 2.755455298081545961E-15, 101.0362971081853374 ) ) ;
#1269 = DIRECTION ( 'NONE',  ( -1.000000000000000000, 0.000000000000000000, 0.000000000000000000 ) ) ;
#1270 = DIRECTION ( 'NONE',  ( -0.000000000000000000, -0.000000000000000000, -1.000000000000000000 ) ) ;
#1271 = EDGE_CURVE ( 'NONE', #1003, #784, #989, .T. ) ;
#1272 = VERTEX_POINT ( 'NONE', #394 ) ;
#1273 = AXIS2_PLACEMENT_3D ( 'NONE', #380, #58, #51 ) ;
#1274 = CIRCLE ( 'NONE', #1037, 5.000000000000000888 ) ;
#1275 = DIRECTION ( 'NONE',  ( -0.000000000000000000, -0.000000000000000000, -1.000000000000000000 ) ) ;
#1276 = CARTESIAN_POINT ( 'NONE',  ( 0.000000000000000000, 0.000000000000000000, -168.9637028918147905 ) ) ;
#1277 = DIRECTION ( 'NONE',  ( -1.000000000000000000, 0.000000000000000000, 0.000000000000000000 ) ) ;
#1278 = ORIENTED_EDGE ( 'NONE', *, *, #487, .F. ) ;
#1279 = AXIS2_PLACEMENT_3D ( 'NONE', #281, #740, #82 ) ;
#1280 = AXIS2_PLACEMENT_3D ( 'NONE', #159, #1230, #705 ) ;
#1281 = CARTESIAN_POINT ( 'NONE',  ( -22.63846284534354325, 2.250000000000000000, -142.9637028918147905 ) ) ;
#1282 = FACE_OUTER_BOUND ( 'NONE', #66, .T. ) ;
#1283 = ADVANCED_FACE ( 'NONE', ( #940 ), #726, .T. ) ;
#1284 = FACE_OUTER_BOUND ( 'NONE', #136, .T. ) ;
#1285 = ORIENTED_EDGE ( 'NONE', *, *, #780, .T. ) ;
#1286 = DIRECTION ( 'NONE',  ( -1.000000000000000000, 0.000000000000000000, 0.000000000000000000 ) ) ;
#1287 = ORIENTED_EDGE ( 'NONE', *, *, #216, .T. ) ;
#1288 = CARTESIAN_POINT ( 'NONE',  ( -2.250000000000024869, 24.24999999999999645, -168.9637028918147905 ) ) ;
#1289 = FACE_OUTER_BOUND ( 'NONE', #985, .T. ) ;
#1290 = EDGE_CURVE ( 'NONE', #623, #168, #518, .T. ) ;
#1291 = ORIENTED_EDGE ( 'NONE', *, *, #735, .T. ) ;
#1292 = VECTOR ( 'NONE', #1070, 1000.000000000000000 ) ;
#1293 = EDGE_LOOP ( 'NONE', ( #694, #257, #646, #1054 ) ) ;
#1294 = CIRCLE ( 'NONE', #584, 22.53892417275067928 ) ;
#1295 = DIRECTION ( 'NONE',  ( -0.000000000000000000, -1.000000000000000000, -0.000000000000000000 ) ) ;
#1296 = EDGE_CURVE ( 'NONE', #116, #70, #498, .T. ) ;
#1297 = CARTESIAN_POINT ( 'NONE',  ( -8.327598234202010585E-15, 0.000000000000000000, -142.9637028918147905 ) ) ;
#1298 = ADVANCED_FACE ( 'NONE', ( #1354 ), #144, .F. ) ;
#1299 = DIRECTION ( 'NONE',  ( -1.000000000000000000, 0.000000000000000000, 0.000000000000000000 ) ) ;
#1300 = APPLICATION_CONTEXT ( 'configuration controlled 3d designs of mechanical parts and assemblies' ) ;
#1301 = ORIENTED_EDGE ( 'NONE', *, *, #759, .T. ) ;
#1302 = CARTESIAN_POINT ( 'NONE',  ( 0.000000000000000000, 0.000000000000000000, 0.000000000000000000 ) ) ;
#1303 = AXIS2_PLACEMENT_3D ( 'NONE', #1138, #427, #1351 ) ;
#1304 = VERTEX_POINT ( 'NONE', #417 ) ;
#1305 = AXIS2_PLACEMENT_3D ( 'NONE', #274, #1216, #602 ) ;
#1306 = CIRCLE ( 'NONE', #39, 21.00000000000001066 ) ;
#1307 = EDGE_CURVE ( 'NONE', #922, #930, #840, .T. ) ;
#1308 = DIRECTION ( 'NONE',  ( -1.000000000000000000, 1.224646799147353700E-16, 0.000000000000000000 ) ) ;
#1309 = LINE ( 'NONE', #434, #795 ) ;
#1310 = PRODUCT ( '79-8463 - 45mm 60deg', '79-8463 - 45mm 60deg', '', ( #863 ) ) ;
#1311 = ORIENTED_EDGE ( 'NONE', *, *, #843, .F. ) ;
#1312 = PERSON_AND_ORGANIZATION_ROLE ( 'design_owner' ) ;
#1313 = EDGE_LOOP ( 'NONE', ( #1097, #1226, #189, #1248 ) ) ;
#1314 = LINE ( 'NONE', #781, #327 ) ;
#1315 = CARTESIAN_POINT ( 'NONE',  ( 93.00000000000000000, 0.000000000000000000, -53.69357503463493941 ) ) ;
#1316 = ORIENTED_EDGE ( 'NONE', *, *, #160, .F. ) ;
#1317 = COORDINATED_UNIVERSAL_TIME_OFFSET ( 1, 0, .AHEAD. ) ;
#1318 = TOROIDAL_SURFACE ( 'NONE', #496, 93.00000000000004263, 21.00000000000000711 ) ;
#1319 = CARTESIAN_POINT ( 'NONE',  ( 93.00000000000000000, 0.000000000000000000, -53.69357503463493941 ) ) ;
#1320 = CIRCLE ( 'NONE', #208, 24.25000000000000000 ) ;
#1321 = LINE ( 'NONE', #610, #774 ) ;
#1322 = ORIENTED_EDGE ( 'NONE', *, *, #742, .F. ) ;
#1323 = VERTEX_POINT ( 'NONE', #1268 ) ;
#1324 = FACE_OUTER_BOUND ( 'NONE', #634, .T. ) ;
#1325 = AXIS2_PLACEMENT_3D ( 'NONE', #789, #668, #1182 ) ;
#1326 = DIRECTION ( 'NONE',  ( -1.000000000000000000, 0.000000000000000000, 0.000000000000000000 ) ) ;
#1327 = CIRCLE ( 'NONE', #1241, 23.94846310392954081 ) ;
#1328 = EDGE_CURVE ( 'NONE', #494, #1000, #1361, .T. ) ;
#1329 = VERTEX_POINT ( 'NONE', #847 ) ;
#1330 = ORIENTED_EDGE ( 'NONE', *, *, #509, .F. ) ;
#1331 = DIRECTION ( 'NONE',  ( -0.000000000000000000, -1.000000000000000000, -0.000000000000000000 ) ) ;
#1332 = DIRECTION ( 'NONE',  ( 0.000000000000000000, 0.000000000000000000, 1.000000000000000000 ) ) ;
#1333 = CARTESIAN_POINT ( 'NONE',  ( -22.63846284534354325, 2.250000000000000000, -168.9637028918147905 ) ) ;
#1334 = EDGE_LOOP ( 'NONE', ( #537, #234, #699, #1073 ) ) ;
#1335 = DATE_TIME_ROLE ( 'classification_date' ) ;
#1336 = ORIENTED_EDGE ( 'NONE', *, *, #367, .T. ) ;
#1337 = DIRECTION ( 'NONE',  ( 0.000000000000000000, 1.000000000000000000, 0.000000000000000000 ) ) ;
#1338 = CARTESIAN_POINT ( 'NONE',  ( -8.327598234202010585E-15, 0.000000000000000000, -142.9637028918147905 ) ) ;
#1339 = LINE ( 'NONE', #264, #889 ) ;
#1340 = AXIS2_PLACEMENT_3D ( 'NONE', #1160, #953, #93 ) ;
#1341 = ORIENTED_EDGE ( 'NONE', *, *, #995, .F. ) ;
#1342 = ORIENTED_EDGE ( 'NONE', *, *, #612, .F. ) ;
#1343 = DIRECTION ( 'NONE',  ( 0.000000000000000000, -0.000000000000000000, -1.000000000000000000 ) ) ;
#1344 = CARTESIAN_POINT ( 'NONE',  ( -2.250000000000024869, 24.24999999999999645, -142.9637028918147905 ) ) ;
#1345 = ADVANCED_FACE ( 'NONE', ( #1169 ), #190, .T. ) ;
#1346 = ORIENTED_EDGE ( 'NONE', *, *, #1029, .F. ) ;
#1347 = EDGE_LOOP ( 'NONE', ( #370, #141 ) ) ;
#1348 = DIRECTION ( 'NONE',  ( -1.000000000000000000, 0.000000000000000000, 0.000000000000000000 ) ) ;
#1349 = ADVANCED_FACE ( 'NONE', ( #1142 ), #616, .T. ) ;
#1350 = DIRECTION ( 'NONE',  ( 1.000000000000000000, 0.000000000000000000, 0.000000000000000000 ) ) ;
#1351 = DIRECTION ( 'NONE',  ( -0.5000000000000037748, 0.000000000000000000, 0.8660254037844364872 ) ) ;
#1352 = ADVANCED_FACE ( 'NONE', ( #1375 ), #857, .F. ) ;
#1353 = ORIENTED_EDGE ( 'NONE', *, *, #56, .T. ) ;
#1354 = FACE_OUTER_BOUND ( 'NONE', #21, .T. ) ;
#1355 = DIRECTION ( 'NONE',  ( -0.000000000000000000, -0.000000000000000000, 1.000000000000000000 ) ) ;
#1356 = TOROIDAL_SURFACE ( 'NONE', #539, 27.50000000000001066, 5.000000000000000000 ) ;
#1357 = DIRECTION ( 'NONE',  ( 0.000000000000000000, -1.000000000000000000, 0.000000000000000000 ) ) ;
#1358 = ORGANIZATION ( 'UNSPECIFIED', 'UNSPECIFIED', '' ) ;
#1359 = ORIENTED_EDGE ( 'NONE', *, *, #63, .T. ) ;
#1360 = EDGE_CURVE ( 'NONE', #1051, #894, #520, .T. ) ;
#1361 = LINE ( 'NONE', #304, #187 ) ;
#1362 = LINE ( 'NONE', #311, #1292 ) ;
#1363 = CIRCLE ( 'NONE', #687, 24.25000000000000000 ) ;
#1364 = FACE_BOUND ( 'NONE', #275, .T. ) ;
#1365 = EDGE_CURVE ( 'NONE', #1051, #905, #209, .T. ) ;
#1366 = AXIS2_PLACEMENT_3D ( 'NONE', #420, #836, #289 ) ;
#1367 = AXIS2_PLACEMENT_3D ( 'NONE', #773, #554, #677 ) ;
#1368 = VERTEX_POINT ( 'NONE', #202 ) ;
#1369 = DIRECTION ( 'NONE',  ( -0.5000000000000051070, 0.000000000000000000, 0.8660254037844357100 ) ) ;
#1370 = DIRECTION ( 'NONE',  ( 0.000000000000000000, 0.000000000000000000, 1.000000000000000000 ) ) ;
#1371 = EDGE_CURVE ( 'NONE', #27, #755, #904, .T. ) ;
#1372 = CARTESIAN_POINT ( 'NONE',  ( 24.24999999999997868, 2.250000000000000000, -142.9637028918147905 ) ) ;
#1373 = CARTESIAN_POINT ( 'NONE',  ( -2.250000000000023981, 24.14539293529926667, -168.9637028918147337 ) ) ;
#1374 = ORIENTED_EDGE ( 'NONE', *, *, #392, .T. ) ;
#1375 = FACE_OUTER_BOUND ( 'NONE', #556, .T. ) ;
#1376 = DIRECTION ( 'NONE',  ( 1.000000000000000000, 0.000000000000000000, 0.000000000000000000 ) ) ;
#1377 = CC_DESIGN_DATE_AND_TIME_ASSIGNMENT ( #1110, #1335, ( #1207 ) ) ;
#1378 = CARTESIAN_POINT ( 'NONE',  ( 56.99999999999963052, 0.000000000000000000, 8.660254037844504538 ) ) ;
#1379 = AXIS2_PLACEMENT_3D ( 'NONE', #818, #247, #35 ) ;
#1380 = EDGE_LOOP ( 'NONE', ( #792, #620, #1030, #452 ) ) ;
#1381 = LOCAL_TIME ( 0, 3, 25.00000000000000000, #220 ) ;
#1382 = APPROVAL_DATE_TIME ( #786, #1100 ) ;
#1383 = EDGE_CURVE ( 'NONE', #1255, #508, #1294, .T. ) ;
#1384 = DIRECTION ( 'NONE',  ( -1.110223024625156540E-16, 0.000000000000000000, -1.000000000000000000 ) ) ;
#1385 = DIRECTION ( 'NONE',  ( -0.000000000000000000, -0.000000000000000000, 1.000000000000000000 ) ) ;
#1386 = AXIS2_PLACEMENT_3D ( 'NONE', #1183, #1088, #120 ) ;
#1387 = ORIENTED_EDGE ( 'NONE', *, *, #472, .F. ) ;
#1388 = VECTOR ( 'NONE', #1123, 1000.000000000000000 ) ;
#1389 = VECTOR ( 'NONE', #1027, 1000.000000000000000 ) ;
#1390 = CALENDAR_DATE ( 2026, 16, 9 ) ;
#1391 = DIRECTION ( 'NONE',  ( 0.000000000000000000, 0.000000000000000000, 1.000000000000000000 ) ) ;
#1392 = ADVANCED_FACE ( 'NONE', ( #451 ), #681, .T. ) ;
#1393 = CARTESIAN_POINT ( 'NONE',  ( -8.327598234202010585E-15, 0.000000000000000000, -168.9637028918147621 ) ) ;
#1394 = DIRECTION ( 'NONE',  ( -0.5000000000000041078, 0.000000000000000000, 0.8660254037844363761 ) ) ;
#1395 = CARTESIAN_POINT ( 'NONE',  ( -24.25000000000000711, 0.000000000000000000, -142.9637028918147905 ) ) ;
ENDSEC;
END-ISO-10303-21;
