ISO-10303-21;
HEADER;
FILE_DESCRIPTION (( 'STEP AP203' ),
    '1' );
FILE_NAME ('79-8434 - 45mm 45deg.STEP',
    '2026-09-15T22:03:18',
    ( '' ),
    ( '' ),
    'SwSTEP 2.0',
    'SolidWorks 2026',
    '' );
FILE_SCHEMA (( 'CONFIG_CONTROL_DESIGN' ));
ENDSEC;

DATA;
#1 = ORIENTED_EDGE ( 'NONE', *, *, #442, .F. ) ;
#2 = CARTESIAN_POINT ( 'NONE',  ( -23.94846310392954436, 0.000000000000000000, -81.67153418691303557 ) ) ;
#3 = ADVANCED_FACE ( 'NONE', ( #1188 ), #578, .T. ) ;
#4 = DIRECTION ( 'NONE',  ( 0.000000000000000000, 0.000000000000000000, 1.000000000000000000 ) ) ;
#5 = ORIENTED_EDGE ( 'NONE', *, *, #169, .F. ) ;
#6 = CARTESIAN_POINT ( 'NONE',  ( -2.250000000000022649, 24.24999999999999645, -121.4999999999991331 ) ) ;
#7 = ORIENTED_EDGE ( 'NONE', *, *, #1062, .T. ) ;
#8 = FACE_OUTER_BOUND ( 'NONE', #848, .T. ) ;
#9 = CYLINDRICAL_SURFACE ( 'NONE', #1182, 22.75000000000000711 ) ;
#10 = EDGE_CURVE ( 'NONE', #633, #811, #456, .T. ) ;
#11 = ORIENTED_EDGE ( 'NONE', *, *, #1055, .T. ) ;
#12 = EDGE_CURVE ( 'NONE', #1015, #1032, #801, .T. ) ;
#13 = VECTOR ( 'NONE', #652, 1000.000000000000000 ) ;
#14 = CIRCLE ( 'NONE', #363, 22.49999999999999645 ) ;
#15 = CC_DESIGN_APPROVAL ( #294, ( #934 ) ) ;
#16 = AXIS2_PLACEMENT_3D ( 'NONE', #1054, #89, #411 ) ;
#17 = DIRECTION ( 'NONE',  ( -0.000000000000000000, 0.000000000000000000, -1.000000000000000000 ) ) ;
#18 = AXIS2_PLACEMENT_3D ( 'NONE', #479, #577, #1117 ) ;
#19 = ORIENTED_EDGE ( 'NONE', *, *, #473, .F. ) ;
#20 = CIRCLE ( 'NONE', #513, 5.000000000000000888 ) ;
#21 = DIRECTION ( 'NONE',  ( -0.7071067811865437980, 0.000000000000000000, -0.7071067811865512365 ) ) ;
#22 = DIRECTION ( 'NONE',  ( -1.110223024625156540E-16, 0.000000000000000000, -1.000000000000000000 ) ) ;
#23 = CARTESIAN_POINT ( 'NONE',  ( -19.25000000000001066, 2.357445088358655546E-15, -83.38163490354135376 ) ) ;
#24 = ADVANCED_FACE ( 'NONE', ( #880 ), #340, .T. ) ;
#25 = VERTEX_POINT ( 'NONE', #993 ) ;
#26 = CYLINDRICAL_SURFACE ( 'NONE', #1009, 22.50000000000000000 ) ;
#27 = EDGE_LOOP ( 'NONE', ( #182, #883, #568, #1378 ) ) ;
#28 = DIRECTION ( 'NONE',  ( -1.000000000000000000, 0.000000000000000000, 0.000000000000000000 ) ) ;
#29 = CARTESIAN_POINT ( 'NONE',  ( 93.00000000000000000, 0.000000000000000000, -38.52186130069755876 ) ) ;
#30 = ORIENTED_EDGE ( 'NONE', *, *, #989, .T. ) ;
#31 = CARTESIAN_POINT ( 'NONE',  ( 24.24999999999997868, -2.250000000000000000, -121.4999999999991331 ) ) ;
#32 = CARTESIAN_POINT ( 'NONE',  ( -2.250000000000021760, 24.14539293529927377, -147.4999999999990905 ) ) ;
#33 = DIRECTION ( 'NONE',  ( 0.000000000000000000, 0.000000000000000000, -1.000000000000000000 ) ) ;
#34 = VECTOR ( 'NONE', #754, 1000.000000000000000 ) ;
#35 = AXIS2_PLACEMENT_3D ( 'NONE', #607, #95, #173 ) ;
#36 = ORIENTED_EDGE ( 'NONE', *, *, #169, .T. ) ;
#37 = FACE_OUTER_BOUND ( 'NONE', #646, .T. ) ;
#38 = CIRCLE ( 'NONE', #162, 70.50000000000000000 ) ;
#39 = CIRCLE ( 'NONE', #896, 24.25000000000000355 ) ;
#40 = VERTEX_POINT ( 'NONE', #134 ) ;
#41 = EDGE_CURVE ( 'NONE', #982, #1032, #935, .T. ) ;
#42 = PLANE ( 'NONE',  #803 ) ;
#43 = CARTESIAN_POINT ( 'NONE',  ( 19.24999999999999645, 0.000000000000000000, -83.38163490354135376 ) ) ;
#44 = DIRECTION ( 'NONE',  ( 0.7071067811865436870, 0.000000000000000000, 0.7071067811865513475 ) ) ;
#45 = CARTESIAN_POINT ( 'NONE',  ( 19.24999999999999645, 0.000000000000000000, -83.38163490354135376 ) ) ;
#46 = CARTESIAN_POINT ( 'NONE',  ( 0.000000000000000000, 0.000000000000000000, -76.81027961241112223 ) ) ;
#47 = EDGE_CURVE ( 'NONE', #349, #633, #507, .T. ) ;
#48 = DIRECTION ( 'NONE',  ( 0.000000000000000000, -1.000000000000000000, 0.000000000000000000 ) ) ;
#49 = CARTESIAN_POINT ( 'NONE',  ( -1.058874969888897461E-14, 0.000000000000000000, -121.4999999999991331 ) ) ;
#50 = DIRECTION ( 'NONE',  ( -0.000000000000000000, -0.000000000000000000, -1.000000000000000000 ) ) ;
#51 = ORIENTED_EDGE ( 'NONE', *, *, #221, .F. ) ;
#52 = DIRECTION ( 'NONE',  ( -0.000000000000000000, 0.000000000000000000, -1.000000000000000000 ) ) ;
#53 = EDGE_CURVE ( 'NONE', #770, #84, #571, .T. ) ;
#54 = DATE_AND_TIME ( #1233, #579 ) ;
#55 = CARTESIAN_POINT ( 'NONE',  ( 24.25000000000002487, 2.969768487932334442E-15, -82.49999999999911893 ) ) ;
#56 = CIRCLE ( 'NONE', #843, 115.4999999999999858 ) ;
#57 = AXIS2_PLACEMENT_3D ( 'NONE', #1031, #630, #1261 ) ;
#58 = ORIENTED_EDGE ( 'NONE', *, *, #1277, .F. ) ;
#59 = CIRCLE ( 'NONE', #443, 22.50000000000000000 ) ;
#60 = FACE_OUTER_BOUND ( 'NONE', #68, .T. ) ;
#61 = AXIS2_PLACEMENT_3D ( 'NONE', #170, #1050, #1034 ) ;
#62 = ORIENTED_EDGE ( 'NONE', *, *, #705, .F. ) ;
#63 = EDGE_CURVE ( 'NONE', #633, #1253, #1132, .T. ) ;
#64 = DIRECTION ( 'NONE',  ( 1.000000000000000000, 0.000000000000000000, 0.000000000000000000 ) ) ;
#65 = EDGE_LOOP ( 'NONE', ( #1203, #105, #920, #1285 ) ) ;
#66 = DIRECTION ( 'NONE',  ( 0.000000000000000000, 0.000000000000000000, 1.000000000000000000 ) ) ;
#67 = LINE ( 'NONE', #496, #393 ) ;
#68 = EDGE_LOOP ( 'NONE', ( #626, #747, #198, #741 ) ) ;
#69 = PERSON_AND_ORGANIZATION_ROLE ( 'design_owner' ) ;
#70 = CARTESIAN_POINT ( 'NONE',  ( 22.63846284534353615, -2.249999999999999112, -147.4999999999990905 ) ) ;
#71 = EDGE_CURVE ( 'NONE', #1307, #982, #1334, .T. ) ;
#72 = ORIENTED_EDGE ( 'NONE', *, *, #399, .T. ) ;
#73 = LINE ( 'NONE', #334, #1024 ) ;
#74 = CARTESIAN_POINT ( 'NONE',  ( 27.49999999999999645, 0.000000000000000000, -76.81027961241112223 ) ) ;
#75 = VERTEX_POINT ( 'NONE', #243 ) ;
#76 = CARTESIAN_POINT ( 'NONE',  ( 24.14539293529926667, 2.250000000000000000, -147.4999999999991189 ) ) ;
#77 = ORIENTED_EDGE ( 'NONE', *, *, #875, .T. ) ;
#78 = CARTESIAN_POINT ( 'NONE',  ( -22.80153689607045209, 0.000000000000000000, -78.52038032903946885 ) ) ;
#79 = APPROVAL_PERSON_ORGANIZATION ( #485, #294, #915 ) ;
#80 = ADVANCED_FACE ( 'NONE', ( #1347 ), #531, .T. ) ;
#81 = CIRCLE ( 'NONE', #207, 20.99999999999999645 ) ;
#82 = DIRECTION ( 'NONE',  ( -1.110223024625156540E-16, 0.000000000000000000, -1.000000000000000000 ) ) ;
#83 = CIRCLE ( 'NONE', #871, 24.25000000000000355 ) ;
#84 = VERTEX_POINT ( 'NONE', #380 ) ;
#85 = APPLICATION_PROTOCOL_DEFINITION ( 'international standard', 'config_control_design', 1994, #1273 ) ;
#86 = DIRECTION ( 'NONE',  ( -0.000000000000000000, -1.000000000000000000, -0.000000000000000000 ) ) ;
#87 = ORIENTED_EDGE ( 'NONE', *, *, #892, .F. ) ;
#88 = DIRECTION ( 'NONE',  ( -0.3420201433256673806, 0.000000000000000000, -0.9396926207859089830 ) ) ;
#89 = DIRECTION ( 'NONE',  ( -0.000000000000000000, -0.000000000000000000, 1.000000000000000000 ) ) ;
#90 = ADVANCED_FACE ( 'NONE', ( #358 ), #1239, .T. ) ;
#91 = EDGE_LOOP ( 'NONE', ( #1287, #978, #214, #62, #336, #877, #836, #712, #735, #1196, #415, #347 ) ) ;
#92 = PLANE ( 'NONE',  #937 ) ;
#93 = VERTEX_POINT ( 'NONE', #1226 ) ;
#94 = DIRECTION ( 'NONE',  ( -0.000000000000000000, -0.000000000000000000, -1.000000000000000000 ) ) ;
#95 = DIRECTION ( 'NONE',  ( 0.000000000000000000, -1.000000000000000000, 0.000000000000000000 ) ) ;
#96 = ORIENTED_EDGE ( 'NONE', *, *, #213, .F. ) ;
#97 = PLANE ( 'NONE',  #1359 ) ;
#98 = VERTEX_POINT ( 'NONE', #912 ) ;
#99 = DIRECTION ( 'NONE',  ( -0.7071067811865513475, 0.000000000000000000, 0.7071067811865439090 ) ) ;
#100 = PLANE ( 'NONE',  #141 ) ;
#101 = CIRCLE ( 'NONE', #484, 22.50000000000000000 ) ;
#102 = ORIENTED_EDGE ( 'NONE', *, *, #442, .T. ) ;
#103 = AXIS2_PLACEMENT_3D ( 'NONE', #553, #21, #99 ) ;
#104 = EDGE_CURVE ( 'NONE', #558, #1290, #1127, .T. ) ;
#105 = ORIENTED_EDGE ( 'NONE', *, *, #431, .F. ) ;
#106 = DIRECTION ( 'NONE',  ( 0.7071067811865513475, 0.000000000000000000, -0.7071067811865436870 ) ) ;
#107 = FACE_OUTER_BOUND ( 'NONE', #91, .T. ) ;
#108 = EDGE_LOOP ( 'NONE', ( #1157, #228, #1259, #1281 ) ) ;
#109 = CARTESIAN_POINT ( 'NONE',  ( -24.14539293529928443, -2.250000000000000000, -147.4999999999991189 ) ) ;
#110 = ORIENTED_EDGE ( 'NONE', *, *, #313, .F. ) ;
#111 = DIRECTION ( 'NONE',  ( -0.7071067811865520136, 0.000000000000000000, 0.7071067811865430208 ) ) ;
#112 = DIRECTION ( 'NONE',  ( -1.000000000000000000, 0.000000000000000000, 0.000000000000000000 ) ) ;
#113 = EDGE_LOOP ( 'NONE', ( #371, #1098 ) ) ;
#114 = DIRECTION ( 'NONE',  ( -1.000000000000000000, 0.000000000000000000, 1.110223024625156540E-16 ) ) ;
#115 = VERTEX_POINT ( 'NONE', #256 ) ;
#116 = CARTESIAN_POINT ( 'NONE',  ( 22.63846284534353615, -2.250000000000000000, -147.4999999999991189 ) ) ;
#117 = DIRECTION ( 'NONE',  ( -0.000000000000000000, -0.000000000000000000, -1.000000000000000000 ) ) ;
#118 = EDGE_CURVE ( 'NONE', #1085, #673, #867, .T. ) ;
#119 = DIRECTION ( 'NONE',  ( -1.000000000000000000, 1.224646799147353947E-16, 0.000000000000000000 ) ) ;
#120 = CIRCLE ( 'NONE', #938, 24.25000000000000711 ) ;
#121 = VECTOR ( 'NONE', #1123, 1000.000000000000000 ) ;
#122 = DIRECTION ( 'NONE',  ( -1.110223024625156540E-16, 0.000000000000000000, -1.000000000000000000 ) ) ;
#123 = AXIS2_PLACEMENT_3D ( 'NONE', #575, #252, #1324 ) ;
#124 = ORIENTED_EDGE ( 'NONE', *, *, #452, .T. ) ;
#125 = CARTESIAN_POINT ( 'NONE',  ( 24.24999999999999645, 2.969768487932332470E-15, -121.4999999999991331 ) ) ;
#126 = CARTESIAN_POINT ( 'NONE',  ( -1.058874969888897461E-14, 0.000000000000000000, -147.4999999999990905 ) ) ;
#127 = ORIENTED_EDGE ( 'NONE', *, *, #1311, .T. ) ;
#128 = ADVANCED_FACE ( 'NONE', ( #373 ), #1090, .F. ) ;
#129 = ADVANCED_FACE ( 'NONE', ( #151 ), #554, .T. ) ;
#130 = ORIENTED_EDGE ( 'NONE', *, *, #1379, .T. ) ;
#131 = DIRECTION ( 'NONE',  ( -0.7071067811865512365, 0.000000000000000000, 0.7071067811865439090 ) ) ;
#132 = ORIENTED_EDGE ( 'NONE', *, *, #287, .T. ) ;
#133 = FACE_OUTER_BOUND ( 'NONE', #860, .T. ) ;
#134 = CARTESIAN_POINT ( 'NONE',  ( -24.25000000000001776, 0.000000000000000000, -83.38163490354135376 ) ) ;
#135 = EDGE_CURVE ( 'NONE', #1307, #500, #480, .T. ) ;
#136 = EDGE_LOOP ( 'NONE', ( #494, #1240, #171, #102 ) ) ;
#137 = DIRECTION ( 'NONE',  ( 0.000000000000000000, 0.000000000000000000, -1.000000000000000000 ) ) ;
#138 = ORIENTED_EDGE ( 'NONE', *, *, #1332, .T. ) ;
#139 = DIRECTION ( 'NONE',  ( 1.000000000000000000, 0.000000000000000000, 0.000000000000000000 ) ) ;
#140 = CARTESIAN_POINT ( 'NONE',  ( 2.249999999999976907, 24.24999999999999645, -121.4999999999991331 ) ) ;
#141 = AXIS2_PLACEMENT_3D ( 'NONE', #656, #857, #536 ) ;
#142 = VERTEX_POINT ( 'NONE', #683 ) ;
#143 = LINE ( 'NONE', #1108, #232 ) ;
#144 = EDGE_CURVE ( 'NONE', #75, #337, #624, .T. ) ;
#145 = VERTEX_POINT ( 'NONE', #745 ) ;
#146 = CARTESIAN_POINT ( 'NONE',  ( 2.249999999999976907, 24.14539293529927733, -147.4999999999991189 ) ) ;
#147 = CARTESIAN_POINT ( 'NONE',  ( 12.38982694473313906, 2.571758278209441267E-15, 42.08831175456836604 ) ) ;
#148 = DIRECTION ( 'NONE',  ( 0.000000000000000000, 0.000000000000000000, -1.000000000000000000 ) ) ;
#149 = EDGE_LOOP ( 'NONE', ( #743, #1200, #1262, #423, #77, #1004, #839, #1304, #19, #605, #1222, #130 ) ) ;
#150 = DIRECTION ( 'NONE',  ( 1.000000000000000000, 0.000000000000000000, 0.000000000000000000 ) ) ;
#151 = FACE_OUTER_BOUND ( 'NONE', #519, .T. ) ;
#152 = PERSON_AND_ORGANIZATION ( #309, #779 ) ;
#153 = DIRECTION ( 'NONE',  ( 1.000000000000000000, 0.000000000000000000, 0.000000000000000000 ) ) ;
#154 = VERTEX_POINT ( 'NONE', #851 ) ;
#155 = FACE_OUTER_BOUND ( 'NONE', #219, .T. ) ;
#156 = DIRECTION ( 'NONE',  ( 0.000000000000000000, 0.000000000000000000, 1.000000000000000000 ) ) ;
#157 = CALENDAR_DATE ( 2026, 16, 9 ) ;
#158 = FACE_OUTER_BOUND ( 'NONE', #113, .T. ) ;
#159 = CIRCLE ( 'NONE', #1156, 24.25000000000000711 ) ;
#160 = AXIS2_PLACEMENT_3D ( 'NONE', #620, #740, #194 ) ;
#161 = ORIENTED_EDGE ( 'NONE', *, *, #515, .F. ) ;
#162 = AXIS2_PLACEMENT_3D ( 'NONE', #172, #1352, #66 ) ;
#163 = DIRECTION ( 'NONE',  ( 0.7071067811865514585, 0.000000000000000000, -0.7071067811865436870 ) ) ;
#164 = AXIS2_PLACEMENT_3D ( 'NONE', #391, #1129, #487 ) ;
#165 = DIRECTION ( 'NONE',  ( 0.000000000000000000, 0.000000000000000000, -1.000000000000000000 ) ) ;
#166 = ADVANCED_FACE ( 'NONE', ( #1155 ), #299, .F. ) ;
#167 = ORIENTED_EDGE ( 'NONE', *, *, #1173, .T. ) ;
#168 = COORDINATED_UNIVERSAL_TIME_OFFSET ( 1, 0, .AHEAD. ) ;
#169 = EDGE_CURVE ( 'NONE', #245, #1169, #14, .T. ) ;
#170 = CARTESIAN_POINT ( 'NONE',  ( 93.00000000000000000, 0.000000000000000000, -38.52186130069755876 ) ) ;
#171 = ORIENTED_EDGE ( 'NONE', *, *, #266, .F. ) ;
#172 = CARTESIAN_POINT ( 'NONE',  ( 93.00000000000000000, -2.755455298081544778E-15, -38.52186130069755876 ) ) ;
#173 = DIRECTION ( 'NONE',  ( 0.000000000000000000, -0.000000000000000000, -1.000000000000000000 ) ) ;
#174 = ORIENTED_EDGE ( 'NONE', *, *, #1238, .F. ) ;
#175 = EDGE_CURVE ( 'NONE', #1290, #1365, #120, .T. ) ;
#176 = ORIENTED_EDGE ( 'NONE', *, *, #653, .F. ) ;
#177 = CARTESIAN_POINT ( 'NONE',  ( 0.000000000000000000, 0.000000000000000000, -147.4999999999991189 ) ) ;
#178 = DIRECTION ( 'NONE',  ( 0.000000000000000000, 0.000000000000000000, -1.000000000000000000 ) ) ;
#179 = ORIENTED_EDGE ( 'NONE', *, *, #1106, .T. ) ;
#180 = PERSON_AND_ORGANIZATION ( #309, #779 ) ;
#181 = CARTESIAN_POINT ( 'NONE',  ( 24.24999999999997868, 2.250000000000000000, -121.4999999999991331 ) ) ;
#182 = ORIENTED_EDGE ( 'NONE', *, *, #1173, .F. ) ;
#183 = EDGE_CURVE ( 'NONE', #349, #337, #635, .T. ) ;
#184 = LINE ( 'NONE', #628, #1296 ) ;
#185 = AXIS2_PLACEMENT_3D ( 'NONE', #521, #1149, #841 ) ;
#186 = VECTOR ( 'NONE', #919, 1000.000000000000000 ) ;
#187 = CARTESIAN_POINT ( 'NONE',  ( 0.000000000000000000, 0.000000000000000000, -38.52186130069756587 ) ) ;
#188 = CIRCLE ( 'NONE', #985, 23.94846310392954081 ) ;
#189 = EDGE_LOOP ( 'NONE', ( #918, #852, #497, #663 ) ) ;
#190 = FACE_OUTER_BOUND ( 'NONE', #930, .T. ) ;
#191 = VERTEX_POINT ( 'NONE', #1267 ) ;
#192 = DIRECTION ( 'NONE',  ( -0.000000000000000000, -0.000000000000000000, 1.000000000000000000 ) ) ;
#193 = CC_DESIGN_DATE_AND_TIME_ASSIGNMENT ( #262, #622, ( #368 ) ) ;
#194 = DIRECTION ( 'NONE',  ( -0.7071067811865520136, 0.000000000000000000, 0.7071067811865430208 ) ) ;
#195 = ADVANCED_FACE ( 'NONE', ( #388 ), #720, .T. ) ;
#196 = ORIENTED_EDGE ( 'NONE', *, *, #1311, .F. ) ;
#197 = CARTESIAN_POINT ( 'NONE',  ( 24.24999999999997868, -2.250000000000000000, -147.4999999999991189 ) ) ;
#198 = ORIENTED_EDGE ( 'NONE', *, *, #1214, .T. ) ;
#199 = DIRECTION ( 'NONE',  ( -1.000000000000000000, 0.000000000000000000, 1.110223024625156540E-16 ) ) ;
#200 = CARTESIAN_POINT ( 'NONE',  ( 22.63846284534353615, 2.249999999999999112, -121.4999999999991331 ) ) ;
#201 = ORIENTED_EDGE ( 'NONE', *, *, #837, .F. ) ;
#202 = DIRECTION ( 'NONE',  ( 0.000000000000000000, 0.000000000000000000, -1.000000000000000000 ) ) ;
#203 = ORIENTED_EDGE ( 'NONE', *, *, #237, .T. ) ;
#204 = CARTESIAN_POINT ( 'NONE',  ( 0.000000000000000000, 0.000000000000000000, -79.03341054402795862 ) ) ;
#205 = DIRECTION ( 'NONE',  ( -1.000000000000000000, 0.000000000000000000, 0.000000000000000000 ) ) ;
#206 = CIRCLE ( 'NONE', #707, 22.75000000000000711 ) ;
#207 = AXIS2_PLACEMENT_3D ( 'NONE', #187, #1278, #951 ) ;
#208 = VERTEX_POINT ( 'NONE', #514 ) ;
#209 = AXIS2_PLACEMENT_3D ( 'NONE', #247, #1207, #139 ) ;
#210 = EDGE_CURVE ( 'NONE', #584, #1079, #1202, .T. ) ;
#211 = AXIS2_PLACEMENT_3D ( 'NONE', #45, #474, #1220 ) ;
#212 = DIRECTION ( 'NONE',  ( -0.000000000000000000, -0.000000000000000000, 1.000000000000000000 ) ) ;
#213 = EDGE_CURVE ( 'NONE', #278, #1253, #1159, .T. ) ;
#214 = ORIENTED_EDGE ( 'NONE', *, *, #1208, .F. ) ;
#215 = LINE ( 'NONE', #681, #344 ) ;
#216 = DIRECTION ( 'NONE',  ( -1.000000000000000000, 0.000000000000000000, 0.000000000000000000 ) ) ;
#217 = DIRECTION ( 'NONE',  ( -1.000000000000000000, 0.000000000000000000, 0.000000000000000000 ) ) ;
#218 = DIRECTION ( 'NONE',  ( 0.3420201433256673806, 4.188538737676975125E-17, -0.9396926207859089830 ) ) ;
#219 = EDGE_LOOP ( 'NONE', ( #1384, #1194, #924, #436 ) ) ;
#220 = DIRECTION ( 'NONE',  ( -1.000000000000000000, 0.000000000000000000, 0.000000000000000000 ) ) ;
#221 = EDGE_CURVE ( 'NONE', #381, #84, #81, .T. ) ;
#222 = DIRECTION ( 'NONE',  ( -0.000000000000000000, -1.000000000000000000, -0.000000000000000000 ) ) ;
#223 = CARTESIAN_POINT ( 'NONE',  ( 0.000000000000000000, 0.000000000000000000, -82.49999999999911893 ) ) ;
#224 = EDGE_LOOP ( 'NONE', ( #1072, #489, #36, #307 ) ) ;
#225 = CARTESIAN_POINT ( 'NONE',  ( 27.23906934965071613, 0.000000000000000000, 27.23906934965095061 ) ) ;
#226 = EDGE_CURVE ( 'NONE', #1345, #1085, #1269, .T. ) ;
#227 = DIRECTION ( 'NONE',  ( -1.000000000000000000, 0.000000000000000000, 0.000000000000000000 ) ) ;
#228 = ORIENTED_EDGE ( 'NONE', *, *, #837, .T. ) ;
#229 = AXIS2_PLACEMENT_3D ( 'NONE', #238, #1013, #590 ) ;
#230 = AXIS2_PLACEMENT_3D ( 'NONE', #1088, #319, #1193 ) ;
#231 = DIRECTION ( 'NONE',  ( 0.000000000000000000, 1.000000000000000000, 0.000000000000000000 ) ) ;
#232 = VECTOR ( 'NONE', #1335, 1000.000000000000000 ) ;
#233 = ORIENTED_EDGE ( 'NONE', *, *, #424, .F. ) ;
#234 = CARTESIAN_POINT ( 'NONE',  ( -24.25000000000001776, 0.000000000000000000, -147.4999999999990905 ) ) ;
#235 = LINE ( 'NONE', #676, #121 ) ;
#236 = CARTESIAN_POINT ( 'NONE',  ( 0.000000000000000000, 0.000000000000000000, -82.18456440190152534 ) ) ;
#237 = EDGE_CURVE ( 'NONE', #208, #799, #600, .T. ) ;
#238 = CARTESIAN_POINT ( 'NONE',  ( 0.000000000000000000, 0.000000000000000000, -38.52186130069756587 ) ) ;
#239 = UNCERTAINTY_MEASURE_WITH_UNIT (LENGTH_MEASURE( 1.000000000000000082E-05 ), #999, 'distance_accuracy_value', 'NONE');
#240 = ORIENTED_EDGE ( 'NONE', *, *, #1229, .F. ) ;
#241 = CARTESIAN_POINT ( 'NONE',  ( -24.14539293529928798, 2.249999999999999112, -147.4999999999990905 ) ) ;
#242 = CARTESIAN_POINT ( 'NONE',  ( 2.249999999999976019, 22.63846284534354680, -147.4999999999990905 ) ) ;
#243 = CARTESIAN_POINT ( 'NONE',  ( 22.50000000000000000, 0.000000000000000000, -38.52186130069756587 ) ) ;
#244 = ADVANCED_FACE ( 'NONE', ( #1369 ), #1170, .F. ) ;
#245 = VERTEX_POINT ( 'NONE', #1038 ) ;
#246 = DIRECTION ( 'NONE',  ( 1.000000000000000000, 0.000000000000000000, 0.000000000000000000 ) ) ;
#247 = CARTESIAN_POINT ( 'NONE',  ( 0.000000000000000000, 0.000000000000000000, -76.81027961241112223 ) ) ;
#248 = DIRECTION ( 'NONE',  ( 0.000000000000000000, 0.000000000000000000, -1.000000000000000000 ) ) ;
#249 = AXIS2_PLACEMENT_3D ( 'NONE', #539, #967, #545 ) ;
#250 = DIRECTION ( 'NONE',  ( 0.000000000000000000, 0.000000000000000000, 1.000000000000000000 ) ) ;
#251 = AXIS2_PLACEMENT_3D ( 'NONE', #1007, #1012, #372 ) ;
#252 = DIRECTION ( 'NONE',  ( 0.000000000000000000, 0.000000000000000000, -1.000000000000000000 ) ) ;
#253 = EDGE_CURVE ( 'NONE', #637, #631, #1006, .T. ) ;
#254 = CIRCLE ( 'NONE', #914, 20.99999999999999645 ) ;
#255 = DIRECTION ( 'NONE',  ( 1.000000000000000000, 0.000000000000000000, 0.000000000000000000 ) ) ;
#256 = CARTESIAN_POINT ( 'NONE',  ( -24.14539293529928443, -2.250000000000000000, -121.4999999999991331 ) ) ;
#257 = DIRECTION ( 'NONE',  ( -1.000000000000000000, 0.000000000000000000, 0.000000000000000000 ) ) ;
#258 = ORIENTED_EDGE ( 'NONE', *, *, #376, .F. ) ;
#259 = ADVANCED_FACE ( 'NONE', ( #1361 ), #1383, .T. ) ;
#260 = LINE ( 'NONE', #242, #272 ) ;
#261 = CARTESIAN_POINT ( 'NONE',  ( 0.000000000000000000, 0.000000000000000000, -76.81027961241112223 ) ) ;
#262 = DATE_AND_TIME ( #517, #1158 ) ;
#263 = FACE_OUTER_BOUND ( 'NONE', #639, .T. ) ;
#264 = EDGE_LOOP ( 'NONE', ( #943, #1265, #1215, #532 ) ) ;
#265 = CARTESIAN_POINT ( 'NONE',  ( 27.23906934965071613, 0.000000000000000000, 27.23906934965095061 ) ) ;
#266 = EDGE_CURVE ( 'NONE', #333, #685, #67, .T. ) ;
#267 = CARTESIAN_POINT ( 'NONE',  ( -1.637578961322096115E-14, 0.000000000000000000, -121.4999999999991331 ) ) ;
#268 = EDGE_LOOP ( 'NONE', ( #5, #1067, #409, #441 ) ) ;
#269 = AXIS2_PLACEMENT_3D ( 'NONE', #1110, #1023, #476 ) ;
#270 = DIRECTION ( 'NONE',  ( 0.000000000000000000, 0.000000000000000000, -1.000000000000000000 ) ) ;
#271 = AXIS2_PLACEMENT_3D ( 'NONE', #994, #122, #881 ) ;
#272 = VECTOR ( 'NONE', #795, 1000.000000000000000 ) ;
#273 = ORIENTED_EDGE ( 'NONE', *, *, #1238, .T. ) ;
#274 = AXIS2_PLACEMENT_3D ( 'NONE', #304, #1276, #111 ) ;
#275 = DIRECTION ( 'NONE',  ( -0.7071067811865437980, 0.000000000000000000, -0.7071067811865512365 ) ) ;
#276 = AXIS2_PLACEMENT_3D ( 'NONE', #1120, #148, #1101 ) ;
#277 = FACE_OUTER_BOUND ( 'NONE', #833, .T. ) ;
#278 = VERTEX_POINT ( 'NONE', #1246 ) ;
#279 = ADVANCED_FACE ( 'NONE', ( #277 ), #284, .F. ) ;
#280 = COORDINATED_UNIVERSAL_TIME_OFFSET ( 1, 0, .AHEAD. ) ;
#281 = LINE ( 'NONE', #181, #1095 ) ;
#282 = ORIENTED_EDGE ( 'NONE', *, *, #351, .F. ) ;
#283 = DIRECTION ( 'NONE',  ( -1.000000000000000000, 0.000000000000000000, 0.000000000000000000 ) ) ;
#284 = CYLINDRICAL_SURFACE ( 'NONE', #16, 20.99999999999999645 ) ;
#285 = ORIENTED_EDGE ( 'NONE', *, *, #1351, .F. ) ;
#286 = DATE_TIME_ROLE ( 'creation_date' ) ;
#287 = EDGE_CURVE ( 'NONE', #685, #98, #641, .T. ) ;
#288 = DIRECTION ( 'NONE',  ( -1.000000000000000000, 0.000000000000000000, 0.000000000000000000 ) ) ;
#289 = VERTEX_POINT ( 'NONE', #773 ) ;
#290 = DIRECTION ( 'NONE',  ( -0.000000000000000000, -0.000000000000000000, -1.000000000000000000 ) ) ;
#291 = CARTESIAN_POINT ( 'NONE',  ( 27.23906934965071613, 0.000000000000000000, 27.23906934965095061 ) ) ;
#292 = ORIENTED_EDGE ( 'NONE', *, *, #598, .T. ) ;
#293 = CARTESIAN_POINT ( 'NONE',  ( 2.249999999999976907, 24.24999999999999645, -147.4999999999991189 ) ) ;
#294 = APPROVAL ( #939, 'UNSPECIFIED' ) ;
#295 = ORIENTED_EDGE ( 'NONE', *, *, #1371, .F. ) ;
#296 = DIRECTION ( 'NONE',  ( -0.000000000000000000, -1.000000000000000000, -0.000000000000000000 ) ) ;
#297 = AXIS2_PLACEMENT_3D ( 'NONE', #879, #1177, #760 ) ;
#298 = VECTOR ( 'NONE', #88, 999.9999999999998863 ) ;
#299 = CYLINDRICAL_SURFACE ( 'NONE', #185, 20.99999999999999645 ) ;
#300 = AXIS2_PLACEMENT_3D ( 'NONE', #1366, #603, #917 ) ;
#301 = VERTEX_POINT ( 'NONE', #543 ) ;
#302 = LINE ( 'NONE', #1063, #599 ) ;
#303 = ORIENTED_EDGE ( 'NONE', *, *, #47, .T. ) ;
#304 = CARTESIAN_POINT ( 'NONE',  ( 27.23906934965065929, 0.000000000000000000, 27.23906934965094351 ) ) ;
#305 = EDGE_CURVE ( 'NONE', #900, #1191, #911, .T. ) ;
#306 = DIRECTION ( 'NONE',  ( -0.7071067811865513475, 0.000000000000000000, 0.7071067811865439090 ) ) ;
#307 = ORIENTED_EDGE ( 'NONE', *, *, #598, .F. ) ;
#308 = DIRECTION ( 'NONE',  ( -1.110223024625156540E-16, 0.000000000000000000, -1.000000000000000000 ) ) ;
#309 = PERSON ( 'UNSPECIFIED', 'UNSPECIFIED', 'UNSPECIFIED', ('UNSPECIFIED'), ('UNSPECIFIED'), ('UNSPECIFIED') ) ;
#310 = ORIENTED_EDGE ( 'NONE', *, *, #452, .F. ) ;
#311 = CARTESIAN_POINT ( 'NONE',  ( 22.63846284534353615, 2.249999999999999112, -147.4999999999990905 ) ) ;
#312 = DIRECTION ( 'NONE',  ( 1.000000000000000000, 0.000000000000000000, 0.000000000000000000 ) ) ;
#313 = EDGE_CURVE ( 'NONE', #1032, #982, #555, .T. ) ;
#314 = DIRECTION ( 'NONE',  ( -0.000000000000000000, -0.000000000000000000, -1.000000000000000000 ) ) ;
#315 = CARTESIAN_POINT ( 'NONE',  ( 42.08831175456829499, 0.000000000000000000, 12.38982694473353519 ) ) ;
#316 = ORIENTED_EDGE ( 'NONE', *, *, #175, .T. ) ;
#317 = CARTESIAN_POINT ( 'NONE',  ( 43.14897192634811773, 0.000000000000000000, 11.32916677295371954 ) ) ;
#318 = AXIS2_PLACEMENT_3D ( 'NONE', #49, #567, #572 ) ;
#319 = DIRECTION ( 'NONE',  ( -0.000000000000000000, -0.000000000000000000, -1.000000000000000000 ) ) ;
#320 = LOCAL_TIME ( 0, 3, 18.00000000000000000, #1139 ) ;
#321 = CIRCLE ( 'NONE', #297, 22.75000000000000711 ) ;
#322 = APPROVAL ( #1128, 'UNSPECIFIED' ) ;
#323 = ORIENTED_EDGE ( 'NONE', *, *, #977, .F. ) ;
#324 = CIRCLE ( 'NONE', #123, 22.75000000000000711 ) ;
#325 = EDGE_CURVE ( 'NONE', #1079, #1318, #1306, .T. ) ;
#326 = DIRECTION ( 'NONE',  ( -0.000000000000000000, -0.000000000000000000, -1.000000000000000000 ) ) ;
#327 = ORIENTED_EDGE ( 'NONE', *, *, #892, .T. ) ;
#328 = CARTESIAN_POINT ( 'NONE',  ( 2.249999999999976019, 24.14539293529927733, -147.4999999999990905 ) ) ;
#329 = CARTESIAN_POINT ( 'NONE',  ( 0.000000000000000000, 0.000000000000000000, -82.18456440190152534 ) ) ;
#330 = VERTEX_POINT ( 'NONE', #767 ) ;
#331 = LINE ( 'NONE', #1387, #1092 ) ;
#332 = ADVANCED_FACE ( 'NONE', ( #107 ), #1283, .T. ) ;
#333 = VERTEX_POINT ( 'NONE', #1199 ) ;
#334 = CARTESIAN_POINT ( 'NONE',  ( 24.14539293529926667, -2.249999999999999112, -147.4999999999990905 ) ) ;
#335 = DIRECTION ( 'NONE',  ( -1.000000000000000000, 0.000000000000000000, 0.000000000000000000 ) ) ;
#336 = ORIENTED_EDGE ( 'NONE', *, *, #210, .F. ) ;
#337 = VERTEX_POINT ( 'NONE', #1392 ) ;
#338 = DIRECTION ( 'NONE',  ( -1.000000000000000000, 1.224646799147352714E-16, 0.000000000000000000 ) ) ;
#339 = DIRECTION ( 'NONE',  ( 0.000000000000000000, 0.000000000000000000, 1.000000000000000000 ) ) ;
#340 = TOROIDAL_SURFACE ( 'NONE', #909, 93.00000000000000000, 22.50000000000000000 ) ;
#341 = EDGE_LOOP ( 'NONE', ( #233, #303, #258, #96 ) ) ;
#342 = VECTOR ( 'NONE', #218, 999.9999999999998863 ) ;
#343 = AXIS2_PLACEMENT_3D ( 'NONE', #1187, #22, #216 ) ;
#344 = VECTOR ( 'NONE', #696, 1000.000000000000000 ) ;
#345 = LINE ( 'NONE', #147, #688 ) ;
#346 = CIRCLE ( 'NONE', #695, 20.99999999999999289 ) ;
#347 = ORIENTED_EDGE ( 'NONE', *, *, #916, .F. ) ;
#348 = CARTESIAN_POINT ( 'NONE',  ( -2.250000000000022649, 22.63846284534354680, -121.4999999999991331 ) ) ;
#349 = VERTEX_POINT ( 'NONE', #660 ) ;
#350 = DIRECTION ( 'NONE',  ( 0.000000000000000000, 0.000000000000000000, -1.000000000000000000 ) ) ;
#351 = EDGE_CURVE ( 'NONE', #1015, #1085, #1312, .T. ) ;
#352 = DIRECTION ( 'NONE',  ( 0.000000000000000000, 0.000000000000000000, -1.000000000000000000 ) ) ;
#353 = CARTESIAN_POINT ( 'NONE',  ( 2.249999999999976907, 24.14539293529928088, -121.4999999999991331 ) ) ;
#354 = EDGE_LOOP ( 'NONE', ( #651, #721 ) ) ;
#355 = DIRECTION ( 'NONE',  ( -0.000000000000000000, -0.000000000000000000, -1.000000000000000000 ) ) ;
#356 = ORIENTED_EDGE ( 'NONE', *, *, #399, .F. ) ;
#357 = LINE ( 'NONE', #1339, #186 ) ;
#358 = FACE_OUTER_BOUND ( 'NONE', #1112, .T. ) ;
#359 = DIRECTION ( 'NONE',  ( 0.000000000000000000, 0.000000000000000000, 1.000000000000000000 ) ) ;
#360 = DIRECTION ( 'NONE',  ( 0.000000000000000000, 0.000000000000000000, -1.000000000000000000 ) ) ;
#361 = VERTEX_POINT ( 'NONE', #432 ) ;
#362 = CARTESIAN_POINT ( 'NONE',  ( -2.250000000000022649, 24.24999999999999645, -121.4999999999991331 ) ) ;
#363 = AXIS2_PLACEMENT_3D ( 'NONE', #1255, #1143, #306 ) ;
#364 = VECTOR ( 'NONE', #428, 1000.000000000000000 ) ;
#365 = AXIS2_PLACEMENT_3D ( 'NONE', #291, #828, #405 ) ;
#366 = DIRECTION ( 'NONE',  ( 0.000000000000000000, 0.000000000000000000, 1.000000000000000000 ) ) ;
#367 = ADVANCED_FACE ( 'NONE', ( #426 ), #9, .F. ) ;
#368 = SECURITY_CLASSIFICATION ( '', '', #1151 ) ;
#369 = CARTESIAN_POINT ( 'NONE',  ( -22.63846284534355746, -2.249999999999999112, -147.4999999999990905 ) ) ;
#370 = CIRCLE ( 'NONE', #1205, 24.25000000000000711 ) ;
#371 = ORIENTED_EDGE ( 'NONE', *, *, #778, .F. ) ;
#372 = DIRECTION ( 'NONE',  ( 0.000000000000000000, -0.000000000000000000, -1.000000000000000000 ) ) ;
#373 = FACE_OUTER_BOUND ( 'NONE', #546, .T. ) ;
#374 = PERSON_AND_ORGANIZATION_ROLE ( 'creator' ) ;
#375 = DIRECTION ( 'NONE',  ( 0.000000000000000000, 0.000000000000000000, 1.000000000000000000 ) ) ;
#376 = EDGE_CURVE ( 'NONE', #1253, #633, #580, .T. ) ;
#377 = ORIENTED_EDGE ( 'NONE', *, *, #977, .T. ) ;
#378 = DIRECTION ( 'NONE',  ( 0.000000000000000000, -1.000000000000000000, 0.000000000000000000 ) ) ;
#379 = ADVANCED_FACE ( 'NONE', ( #1066 ), #564, .T. ) ;
#380 = CARTESIAN_POINT ( 'NONE',  ( 20.99999999999999645, 0.000000000000000000, -38.52186130069756587 ) ) ;
#381 = VERTEX_POINT ( 'NONE', #751 ) ;
#382 = CALENDAR_DATE ( 2026, 16, 9 ) ;
#383 = DIRECTION ( 'NONE',  ( 1.224646799147353207E-16, 1.000000000000000000, -0.000000000000000000 ) ) ;
#384 = PRODUCT_DEFINITION ( 'UNKNOWN', '', #934, #787 ) ;
#385 = VERTEX_POINT ( 'NONE', #200 ) ;
#386 = FACE_OUTER_BOUND ( 'NONE', #586, .T. ) ;
#387 = ADVANCED_FACE ( 'NONE', ( #556 ), #100, .T. ) ;
#388 = FACE_OUTER_BOUND ( 'NONE', #947, .T. ) ;
#389 = ORIENTED_EDGE ( 'NONE', *, *, #1358, .F. ) ;
#390 = APPROVAL_STATUS ( 'not_yet_approved' ) ;
#391 = CARTESIAN_POINT ( 'NONE',  ( 93.00000000000000000, 0.000000000000000000, -38.52186130069755876 ) ) ;
#392 = CIRCLE ( 'NONE', #981, 24.25000000000000711 ) ;
#393 = VECTOR ( 'NONE', #1353, 1000.000000000000000 ) ;
#394 = ORIENTED_EDGE ( 'NONE', *, *, #746, .T. ) ;
#395 = VECTOR ( 'NONE', #520, 1000.000000000000000 ) ;
#396 = FACE_OUTER_BOUND ( 'NONE', #27, .T. ) ;
#397 = AXIS2_PLACEMENT_3D ( 'NONE', #1216, #137, #1001 ) ;
#398 = DIRECTION ( 'NONE',  ( -1.000000000000000000, 0.000000000000000000, 0.000000000000000000 ) ) ;
#399 = EDGE_CURVE ( 'NONE', #278, #349, #1294, .T. ) ;
#400 = ORIENTED_EDGE ( 'NONE', *, *, #1321, .F. ) ;
#401 = APPROVAL_DATE_TIME ( #498, #1134 ) ;
#402 = CARTESIAN_POINT ( 'NONE',  ( -1.058874969888897461E-14, 0.000000000000000000, -147.4999999999990905 ) ) ;
#403 = EDGE_LOOP ( 'NONE', ( #1107, #1185, #124, #788 ) ) ;
#404 = CARTESIAN_POINT ( 'NONE',  ( 0.000000000000000000, 0.000000000000000000, -83.01303021498760870 ) ) ;
#405 = DIRECTION ( 'NONE',  ( 0.7071067811865513475, 0.000000000000000000, -0.7071067811865436870 ) ) ;
#406 = ORIENTED_EDGE ( 'NONE', *, *, #902, .T. ) ;
#407 = COORDINATED_UNIVERSAL_TIME_OFFSET ( 1, 0, .AHEAD. ) ;
#408 = CARTESIAN_POINT ( 'NONE',  ( -1.058874969888897461E-14, 0.000000000000000000, -121.4999999999991331 ) ) ;
#409 = ORIENTED_EDGE ( 'NONE', *, *, #797, .T. ) ;
#410 = CARTESIAN_POINT ( 'NONE',  ( -22.63846284534355746, 2.250000000000000000, -121.4999999999991331 ) ) ;
#411 = DIRECTION ( 'NONE',  ( 1.000000000000000000, 0.000000000000000000, 0.000000000000000000 ) ) ;
#412 = VERTEX_POINT ( 'NONE', #986 ) ;
#413 = CARTESIAN_POINT ( 'NONE',  ( 93.00000000000000000, -2.571758278209441267E-15, -38.52186130069755876 ) ) ;
#414 = EDGE_CURVE ( 'NONE', #685, #330, #321, .T. ) ;
#415 = ORIENTED_EDGE ( 'NONE', *, *, #529, .F. ) ;
#416 = DIRECTION ( 'NONE',  ( 1.000000000000000000, 0.000000000000000000, -0.000000000000000000 ) ) ;
#417 = AXIS2_PLACEMENT_3D ( 'NONE', #1189, #202, #530 ) ;
#418 = AXIS2_PLACEMENT_3D ( 'NONE', #177, #634, #1043 ) ;
#419 = CARTESIAN_POINT ( 'NONE',  ( 0.000000000000000000, 0.000000000000000000, -38.52186130069756587 ) ) ;
#420 = CIRCLE ( 'NONE', #1342, 6.499999999999999112 ) ;
#421 = ORIENTED_EDGE ( 'NONE', *, *, #305, .F. ) ;
#422 = CARTESIAN_POINT ( 'NONE',  ( 22.63846284534353615, 2.250000000000000000, -147.4999999999991189 ) ) ;
#423 = ORIENTED_EDGE ( 'NONE', *, *, #118, .T. ) ;
#424 = EDGE_CURVE ( 'NONE', #349, #278, #101, .T. ) ;
#425 = DIRECTION ( 'NONE',  ( -0.7071067811865437980, 0.000000000000000000, -0.7071067811865512365 ) ) ;
#426 = FACE_OUTER_BOUND ( 'NONE', #596, .T. ) ;
#427 = DIRECTION ( 'NONE',  ( -0.000000000000000000, -0.000000000000000000, 1.000000000000000000 ) ) ;
#428 = DIRECTION ( 'NONE',  ( 0.7071067811865436870, 0.000000000000000000, 0.7071067811865513475 ) ) ;
#429 = EDGE_LOOP ( 'NONE', ( #988, #661, #854, #1241 ) ) ;
#430 = DIRECTION ( 'NONE',  ( -0.000000000000000000, -0.000000000000000000, -1.000000000000000000 ) ) ;
#431 = EDGE_CURVE ( 'NONE', #784, #927, #960, .T. ) ;
#432 = CARTESIAN_POINT ( 'NONE',  ( 2.249999999999976907, -24.14539293529928088, -147.4999999999991189 ) ) ;
#433 = EDGE_CURVE ( 'NONE', #1307, #1015, #692, .T. ) ;
#434 = VERTEX_POINT ( 'NONE', #549 ) ;
#435 = DIRECTION ( 'NONE',  ( 0.000000000000000000, 0.000000000000000000, 1.000000000000000000 ) ) ;
#436 = ORIENTED_EDGE ( 'NONE', *, *, #325, .F. ) ;
#437 = CARTESIAN_POINT ( 'NONE',  ( 96.59009742330260906, 0.000000000000000000, 96.59009742330360382 ) ) ;
#438 = AXIS2_PLACEMENT_3D ( 'NONE', #419, #1060, #714 ) ;
#439 = DIRECTION ( 'NONE',  ( -0.000000000000000000, -0.000000000000000000, -1.000000000000000000 ) ) ;
#440 = AXIS2_PLACEMENT_3D ( 'NONE', #329, #339, #976 ) ;
#441 = ORIENTED_EDGE ( 'NONE', *, *, #772, .F. ) ;
#442 = EDGE_CURVE ( 'NONE', #333, #1051, #808, .T. ) ;
#443 = AXIS2_PLACEMENT_3D ( 'NONE', #526, #1382, #512 ) ;
#444 = CIRCLE ( 'NONE', #211, 5.000000000000004441 ) ;
#445 = LINE ( 'NONE', #315, #364 ) ;
#446 = ORIENTED_EDGE ( 'NONE', *, *, #473, .T. ) ;
#447 = CARTESIAN_POINT ( 'NONE',  ( 12.38982694473309287, 2.571758278209441267E-15, 42.08831175456833051 ) ) ;
#448 = DIRECTION ( 'NONE',  ( -0.000000000000000000, -0.000000000000000000, -1.000000000000000000 ) ) ;
#449 = ORIENTED_EDGE ( 'NONE', *, *, #1035, .F. ) ;
#450 = ADVANCED_FACE ( 'NONE', ( #1224 ), #1331, .T. ) ;
#451 = PLANE ( 'NONE',  #271 ) ;
#452 = EDGE_CURVE ( 'NONE', #278, #75, #701, .T. ) ;
#453 = ORIENTED_EDGE ( 'NONE', *, *, #1017, .F. ) ;
#454 = CARTESIAN_POINT ( 'NONE',  ( 24.24999999999997868, -2.250000000000000000, -147.4999999999991189 ) ) ;
#455 = DIRECTION ( 'NONE',  ( 0.000000000000000000, 0.000000000000000000, -1.000000000000000000 ) ) ;
#456 = LINE ( 'NONE', #1089, #1179 ) ;
#457 = ORIENTED_EDGE ( 'NONE', *, *, #144, .F. ) ;
#458 = LINE ( 'NONE', #241, #467 ) ;
#459 = EDGE_CURVE ( 'NONE', #434, #811, #1047, .T. ) ;
#460 = ORIENTED_EDGE ( 'NONE', *, *, #736, .F. ) ;
#461 = DIRECTION ( 'NONE',  ( -1.000000000000000000, 0.000000000000000000, 0.000000000000000000 ) ) ;
#462 = AXIS2_PLACEMENT_3D ( 'NONE', #23, #888, #119 ) ;
#463 = AXIS2_PLACEMENT_3D ( 'NONE', #1234, #1355, #825 ) ;
#464 = AXIS2_PLACEMENT_3D ( 'NONE', #933, #82, #956 ) ;
#465 = CONICAL_SURFACE ( 'NONE', #1249, 22.84046106882116334, 0.3490658503988644523 ) ;
#466 = LINE ( 'NONE', #140, #483 ) ;
#467 = VECTOR ( 'NONE', #1014, 1000.000000000000000 ) ;
#468 = ORIENTED_EDGE ( 'NONE', *, *, #969, .T. ) ;
#469 = CARTESIAN_POINT ( 'NONE',  ( 0.000000000000000000, 0.000000000000000000, -147.4999999999991189 ) ) ;
#470 = EDGE_CURVE ( 'NONE', #154, #770, #893, .T. ) ;
#471 = ORIENTED_EDGE ( 'NONE', *, *, #1388, .T. ) ;
#472 = DIRECTION ( 'NONE',  ( -0.000000000000000000, -0.000000000000000000, 1.000000000000000000 ) ) ;
#473 = EDGE_CURVE ( 'NONE', #145, #1191, #260, .T. ) ;
#474 = DIRECTION ( 'NONE',  ( 0.000000000000000000, -1.000000000000000000, 0.000000000000000000 ) ) ;
#475 = CARTESIAN_POINT ( 'NONE',  ( -1.058874969888897461E-14, 0.000000000000000000, -121.4999999999991331 ) ) ;
#476 = DIRECTION ( 'NONE',  ( 1.000000000000000000, 0.000000000000000000, 0.000000000000000000 ) ) ;
#477 = FACE_OUTER_BOUND ( 'NONE', #1041, .T. ) ;
#478 = ORIENTED_EDGE ( 'NONE', *, *, #1284, .F. ) ;
#479 = CARTESIAN_POINT ( 'NONE',  ( -1.058874969888897461E-14, 0.000000000000000000, -147.4999999999991189 ) ) ;
#480 = LINE ( 'NONE', #1218, #689 ) ;
#481 = AXIS2_PLACEMENT_3D ( 'NONE', #791, #1341, #809 ) ;
#482 = EDGE_CURVE ( 'NONE', #1144, #654, #1217, .T. ) ;
#483 = VECTOR ( 'NONE', #582, 1000.000000000000000 ) ;
#484 = AXIS2_PLACEMENT_3D ( 'NONE', #1075, #4, #862 ) ;
#485 = PERSON_AND_ORGANIZATION ( #309, #779 ) ;
#486 = AXIS2_PLACEMENT_3D ( 'NONE', #606, #275, #713 ) ;
#487 = DIRECTION ( 'NONE',  ( 0.000000000000000000, 0.000000000000000000, 1.000000000000000000 ) ) ;
#488 = TOROIDAL_SURFACE ( 'NONE', #61, 93.00000000000000000, 20.99999999999999645 ) ;
#489 = ORIENTED_EDGE ( 'NONE', *, *, #1391, .T. ) ;
#490 = CARTESIAN_POINT ( 'NONE',  ( 0.000000000000000000, 0.000000000000000000, -147.4999999999991189 ) ) ;
#491 = VERTEX_POINT ( 'NONE', #1125 ) ;
#492 = FACE_OUTER_BOUND ( 'NONE', #1230, .T. ) ;
#493 = ADVANCED_FACE ( 'NONE', ( #1346 ), #901, .F. ) ;
#494 = ORIENTED_EDGE ( 'NONE', *, *, #619, .T. ) ;
#495 = CARTESIAN_POINT ( 'NONE',  ( -1.058874969888897461E-14, 0.000000000000000000, -83.38163490354135376 ) ) ;
#496 = CARTESIAN_POINT ( 'NONE',  ( -2.250000000000021760, -22.63846284534354325, -147.4999999999990905 ) ) ;
#497 = ORIENTED_EDGE ( 'NONE', *, *, #325, .T. ) ;
#498 = DATE_AND_TIME ( #382, #1337 ) ;
#499 = DIRECTION ( 'NONE',  ( 0.000000000000000000, 0.000000000000000000, 1.000000000000000000 ) ) ;
#500 = VERTEX_POINT ( 'NONE', #1109 ) ;
#501 = ADVANCED_FACE ( 'NONE', ( #155 ), #42, .T. ) ;
#502 = CARTESIAN_POINT ( 'NONE',  ( 27.23906934965074456, 0.000000000000000000, 27.23906934965095061 ) ) ;
#503 = DIRECTION ( 'NONE',  ( -1.000000000000000000, 0.000000000000000000, 0.000000000000000000 ) ) ;
#504 = ORIENTED_EDGE ( 'NONE', *, *, #736, .T. ) ;
#505 = APPROVAL_DATE_TIME ( #54, #322 ) ;
#506 = CIRCLE ( 'NONE', #1292, 6.500000000000005329 ) ;
#507 = CIRCLE ( 'NONE', #1003, 4.999999999999997335 ) ;
#508 = CYLINDRICAL_SURFACE ( 'NONE', #671, 22.75000000000000711 ) ;
#509 = APPROVAL_PERSON_ORGANIZATION ( #831, #1134, #1343 ) ;
#510 = ORIENTED_EDGE ( 'NONE', *, *, #594, .T. ) ;
#511 = CONICAL_SURFACE ( 'NONE', #895, 24.25000000000002487, 0.3490658503988644523 ) ;
#512 = DIRECTION ( 'NONE',  ( -1.000000000000000000, 0.000000000000000000, 0.000000000000000000 ) ) ;
#513 = AXIS2_PLACEMENT_3D ( 'NONE', #891, #1330, #338 ) ;
#514 = CARTESIAN_POINT ( 'NONE',  ( 42.08831175456827367, 0.000000000000000000, 12.38982694473351920 ) ) ;
#515 = EDGE_CURVE ( 'NONE', #1093, #927, #357, .T. ) ;
#516 = ORIENTED_EDGE ( 'NONE', *, *, #989, .F. ) ;
#517 = CALENDAR_DATE ( 2026, 16, 9 ) ;
#518 = CARTESIAN_POINT ( 'NONE',  ( 0.000000000000000000, 0.000000000000000000, -76.81027961241112223 ) ) ;
#519 = EDGE_LOOP ( 'NONE', ( #453, #525, #1039, #1103 ) ) ;
#520 = DIRECTION ( 'NONE',  ( -0.000000000000000000, -1.000000000000000000, -0.000000000000000000 ) ) ;
#521 = CARTESIAN_POINT ( 'NONE',  ( 27.23906934965071613, 0.000000000000000000, 27.23906934965095061 ) ) ;
#522 = ORIENTED_EDGE ( 'NONE', *, *, #753, .T. ) ;
#523 = ADVANCED_FACE ( 'NONE', ( #60 ), #913, .T. ) ;
#524 = CARTESIAN_POINT ( 'NONE',  ( 27.49999999999999645, 0.000000000000000000, -76.81027961241112223 ) ) ;
#525 = ORIENTED_EDGE ( 'NONE', *, *, #882, .T. ) ;
#526 = CARTESIAN_POINT ( 'NONE',  ( 0.000000000000000000, 0.000000000000000000, -38.52186130069756587 ) ) ;
#527 = DIRECTION ( 'NONE',  ( -0.000000000000000000, -0.000000000000000000, 1.000000000000000000 ) ) ;
#528 = ORIENTED_EDGE ( 'NONE', *, *, #63, .F. ) ;
#529 = EDGE_CURVE ( 'NONE', #826, #191, #370, .T. ) ;
#530 = DIRECTION ( 'NONE',  ( -1.000000000000000000, 0.000000000000000000, 0.000000000000000000 ) ) ;
#531 = TOROIDAL_SURFACE ( 'NONE', #729, 27.49999999999999645, 6.500000000000000888 ) ;
#532 = ORIENTED_EDGE ( 'NONE', *, *, #1171, .F. ) ;
#533 = DIRECTION ( 'NONE',  ( 0.7071067811865436870, 0.000000000000000000, 0.7071067811865513475 ) ) ;
#534 = VECTOR ( 'NONE', #472, 1000.000000000000000 ) ;
#535 = VECTOR ( 'NONE', #964, 1000.000000000000000 ) ;
#536 = DIRECTION ( 'NONE',  ( -0.000000000000000000, 0.000000000000000000, -1.000000000000000000 ) ) ;
#537 = TOROIDAL_SURFACE ( 'NONE', #463, 19.25000000000000355, 5.000000000000000000 ) ;
#538 = ORIENTED_EDGE ( 'NONE', *, *, #47, .F. ) ;
#539 = CARTESIAN_POINT ( 'NONE',  ( 93.00000000000000000, 0.000000000000000000, -38.52186130069755876 ) ) ;
#540 = ORIENTED_EDGE ( 'NONE', *, *, #684, .T. ) ;
#541 = LINE ( 'NONE', #328, #1271 ) ;
#542 = EDGE_CURVE ( 'NONE', #115, #1279, #235, .T. ) ;
#543 = CARTESIAN_POINT ( 'NONE',  ( 80.68019484660521812, 2.755455298081544778E-15, 112.5000000000008384 ) ) ;
#544 = ORIENTED_EDGE ( 'NONE', *, *, #902, .F. ) ;
#545 = DIRECTION ( 'NONE',  ( 0.000000000000000000, 0.000000000000000000, 1.000000000000000000 ) ) ;
#546 = EDGE_LOOP ( 'NONE', ( #538, #356, #1325, #528 ) ) ;
#547 = LINE ( 'NONE', #317, #1160 ) ;
#548 = ADVANCED_FACE ( 'NONE', ( #593 ), #1213, .F. ) ;
#549 = CARTESIAN_POINT ( 'NONE',  ( 23.94846310392954436, 2.932840868472580287E-15, -81.67153418691303557 ) ) ;
#550 = DIRECTION ( 'NONE',  ( -1.000000000000000000, 0.000000000000000000, 0.000000000000000000 ) ) ;
#551 = FACE_OUTER_BOUND ( 'NONE', #1172, .T. ) ;
#552 = ORIENTED_EDGE ( 'NONE', *, *, #923, .F. ) ;
#553 = CARTESIAN_POINT ( 'NONE',  ( 96.59009742330260906, 0.000000000000000000, 96.59009742330360382 ) ) ;
#554 = TOROIDAL_SURFACE ( 'NONE', #481, 19.25000000000000355, 5.000000000000000000 ) ;
#555 = CIRCLE ( 'NONE', #440, 22.53892417275068283 ) ;
#556 = FACE_OUTER_BOUND ( 'NONE', #136, .T. ) ;
#557 = TOROIDAL_SURFACE ( 'NONE', #1338, 19.25000000000000355, 3.500000000000000000 ) ;
#558 = VERTEX_POINT ( 'NONE', #1104 ) ;
#559 = CIRCLE ( 'NONE', #1340, 22.49999999999999645 ) ;
#560 = TOROIDAL_SURFACE ( 'NONE', #164, 93.00000000000000000, 20.99999999999999645 ) ;
#561 = ORIENTED_EDGE ( 'NONE', *, *, #1171, .T. ) ;
#562 = PLANE ( 'NONE',  #1385 ) ;
#563 = ORIENTED_EDGE ( 'NONE', *, *, #1111, .F. ) ;
#564 = PLANE ( 'NONE',  #731 ) ;
#565 = ORIENTED_EDGE ( 'NONE', *, *, #1358, .T. ) ;
#566 = ADVANCED_FACE ( 'NONE', ( #133 ), #570, .F. ) ;
#567 = DIRECTION ( 'NONE',  ( 0.000000000000000000, 0.000000000000000000, -1.000000000000000000 ) ) ;
#568 = ORIENTED_EDGE ( 'NONE', *, *, #653, .T. ) ;
#569 = CARTESIAN_POINT ( 'NONE',  ( 22.53892417275068283, 2.760222134438402943E-15, -82.18456440190152534 ) ) ;
#570 = PLANE ( 'NONE',  #1008 ) ;
#571 = LINE ( 'NONE', #1393, #1068 ) ;
#572 = DIRECTION ( 'NONE',  ( -1.000000000000000000, 0.000000000000000000, 0.000000000000000000 ) ) ;
#573 = EDGE_CURVE ( 'NONE', #642, #361, #759, .T. ) ;
#574 = EDGE_LOOP ( 'NONE', ( #972, #703, #1297, #886 ) ) ;
#575 = CARTESIAN_POINT ( 'NONE',  ( -1.058874969888897461E-14, 0.000000000000000000, -121.4999999999991331 ) ) ;
#576 = ORIENTED_EDGE ( 'NONE', *, *, #71, .F. ) ;
#577 = DIRECTION ( 'NONE',  ( -0.000000000000000000, -0.000000000000000000, -1.000000000000000000 ) ) ;
#578 = CONICAL_SURFACE ( 'NONE', #958, 24.25000000000002487, 0.3490658503988644523 ) ;
#579 = LOCAL_TIME ( 0, 3, 18.00000000000000000, #280 ) ;
#580 = CIRCLE ( 'NONE', #1360, 22.80153689607045209 ) ;
#581 = CIRCLE ( 'NONE', #627, 21.39199796489160121 ) ;
#582 = DIRECTION ( 'NONE',  ( -0.000000000000000000, -1.000000000000000000, -0.000000000000000000 ) ) ;
#583 = VECTOR ( 'NONE', #257, 1000.000000000000000 ) ;
#584 = VERTEX_POINT ( 'NONE', #146 ) ;
#585 = LINE ( 'NONE', #31, #987 ) ;
#586 = EDGE_LOOP ( 'NONE', ( #522, #510, #1367, #1019 ) ) ;
#587 = ADVANCED_FACE ( 'NONE', ( #1059 ), #1142, .T. ) ;
#588 = DIRECTION ( 'NONE',  ( -0.000000000000000000, -0.000000000000000000, 1.000000000000000000 ) ) ;
#589 = DIRECTION ( 'NONE',  ( -1.000000000000000000, 0.000000000000000000, 0.000000000000000000 ) ) ;
#590 = DIRECTION ( 'NONE',  ( 1.000000000000000000, 0.000000000000000000, 0.000000000000000000 ) ) ;
#591 = CARTESIAN_POINT ( 'NONE',  ( 2.249999999999976907, -22.63846284534355036, -147.4999999999991189 ) ) ;
#592 = ORIENTED_EDGE ( 'NONE', *, *, #923, .T. ) ;
#593 = FACE_OUTER_BOUND ( 'NONE', #1348, .T. ) ;
#594 = EDGE_CURVE ( 'NONE', #558, #631, #1164, .T. ) ;
#595 = FACE_OUTER_BOUND ( 'NONE', #890, .T. ) ;
#596 = EDGE_LOOP ( 'NONE', ( #936, #621, #30, #725, #1389, #161, #377, #966, #675, #87, #716, #282 ) ) ;
#597 = CARTESIAN_POINT ( 'NONE',  ( 24.24999999999997868, 2.250000000000000000, -121.4999999999991331 ) ) ;
#598 = EDGE_CURVE ( 'NONE', #75, #1169, #38, .T. ) ;
#599 = VECTOR ( 'NONE', #644, 1000.000000000000000 ) ;
#600 = CIRCLE ( 'NONE', #160, 21.00000000000000000 ) ;
#601 = PERSON_AND_ORGANIZATION ( #309, #779 ) ;
#602 = AXIS2_PLACEMENT_3D ( 'NONE', #204, #430, #220 ) ;
#603 = DIRECTION ( 'NONE',  ( -0.7071067811865439090, 0.000000000000000000, -0.7071067811865512365 ) ) ;
#604 = AXIS2_PLACEMENT_3D ( 'NONE', #794, #1124, #246 ) ;
#605 = ORIENTED_EDGE ( 'NONE', *, *, #1327, .T. ) ;
#606 = CARTESIAN_POINT ( 'NONE',  ( 96.59009742330260906, 0.000000000000000000, 96.59009742330360382 ) ) ;
#607 = CARTESIAN_POINT ( 'NONE',  ( 24.24999999999997868, -2.250000000000000000, -121.4999999999991331 ) ) ;
#608 = ORIENTED_EDGE ( 'NONE', *, *, #643, .T. ) ;
#609 = PERSON_AND_ORGANIZATION_ROLE ( 'design_supplier' ) ;
#610 = ADVANCED_FACE ( 'NONE', ( #386 ), #955, .T. ) ;
#611 = FACE_BOUND ( 'NONE', #354, .T. ) ;
#612 = ORIENTED_EDGE ( 'NONE', *, *, #573, .F. ) ;
#613 = DIRECTION ( 'NONE',  ( -0.000000000000000000, -0.000000000000000000, -1.000000000000000000 ) ) ;
#614 = CARTESIAN_POINT ( 'NONE',  ( -1.058874969888897461E-14, 0.000000000000000000, -121.4999999999991331 ) ) ;
#615 = ORIENTED_EDGE ( 'NONE', *, *, #414, .F. ) ;
#616 = APPROVAL_DATE_TIME ( #722, #294 ) ;
#617 = ORIENTED_EDGE ( 'NONE', *, *, #12, .F. ) ;
#618 = DIRECTION ( 'NONE',  ( -0.000000000000000000, -0.000000000000000000, -1.000000000000000000 ) ) ;
#619 = EDGE_CURVE ( 'NONE', #1051, #98, #944, .T. ) ;
#620 = CARTESIAN_POINT ( 'NONE',  ( 27.23906934965065929, 0.000000000000000000, 27.23906934965094351 ) ) ;
#621 = ORIENTED_EDGE ( 'NONE', *, *, #135, .T. ) ;
#622 = DATE_TIME_ROLE ( 'classification_date' ) ;
#623 = AXIS2_PLACEMENT_3D ( 'NONE', #638, #1395, #435 ) ;
#624 = CIRCLE ( 'NONE', #438, 22.50000000000000000 ) ;
#625 = FACE_OUTER_BOUND ( 'NONE', #149, .T. ) ;
#626 = ORIENTED_EDGE ( 'NONE', *, *, #1106, .F. ) ;
#627 = AXIS2_PLACEMENT_3D ( 'NONE', #1030, #290, #1368 ) ;
#628 = CARTESIAN_POINT ( 'NONE',  ( 24.14539293529926667, 2.249999999999999112, -147.4999999999990905 ) ) ;
#629 = EDGE_CURVE ( 'NONE', #1169, #245, #824, .T. ) ;
#630 = DIRECTION ( 'NONE',  ( 0.000000000000000000, 0.000000000000000000, -1.000000000000000000 ) ) ;
#631 = VERTEX_POINT ( 'NONE', #840 ) ;
#632 = CARTESIAN_POINT ( 'NONE',  ( 112.5000000000000142, 0.000000000000000000, 80.68019484660636920 ) ) ;
#633 = VERTEX_POINT ( 'NONE', #78 ) ;
#634 = DIRECTION ( 'NONE',  ( -1.110223024625156540E-16, 0.000000000000000000, -1.000000000000000000 ) ) ;
#635 = LINE ( 'NONE', #835, #666 ) ;
#636 = EDGE_CURVE ( 'NONE', #1141, #93, #581, .T. ) ;
#637 = VERTEX_POINT ( 'NONE', #931 ) ;
#638 = CARTESIAN_POINT ( 'NONE',  ( 93.00000000000000000, 0.000000000000000000, -38.52186130069755876 ) ) ;
#639 = EDGE_LOOP ( 'NONE', ( #58, #1236, #561, #201 ) ) ;
#640 = FACE_OUTER_BOUND ( 'NONE', #268, .T. ) ;
#641 = LINE ( 'NONE', #965, #844 ) ;
#642 = VERTEX_POINT ( 'NONE', #1254 ) ;
#643 = EDGE_CURVE ( 'NONE', #337, #75, #59, .T. ) ;
#644 = DIRECTION ( 'NONE',  ( -1.000000000000000000, 0.000000000000000000, 0.000000000000000000 ) ) ;
#645 = AXIS2_PLACEMENT_3D ( 'NONE', #700, #248, #589 ) ;
#646 = EDGE_LOOP ( 'NONE', ( #72, #1256, #608, #310 ) ) ;
#647 = DIRECTION ( 'NONE',  ( -0.000000000000000000, -0.000000000000000000, -1.000000000000000000 ) ) ;
#648 = AXIS2_PLACEMENT_3D ( 'NONE', #74, #1377, #819 ) ;
#649 = VECTOR ( 'NONE', #296, 1000.000000000000000 ) ;
#650 = CARTESIAN_POINT ( 'NONE',  ( 0.000000000000000000, 0.000000000000000000, -78.52038032903946885 ) ) ;
#651 = ORIENTED_EDGE ( 'NONE', *, *, #724, .T. ) ;
#652 = DIRECTION ( 'NONE',  ( -0.000000000000000000, -1.000000000000000000, -0.000000000000000000 ) ) ;
#653 = EDGE_CURVE ( 'NONE', #93, #1032, #834, .T. ) ;
#654 = VERTEX_POINT ( 'NONE', #813 ) ;
#655 = DIRECTION ( 'NONE',  ( 0.7071067811865436870, 0.000000000000000000, 0.7071067811865513475 ) ) ;
#656 = CARTESIAN_POINT ( 'NONE',  ( -2.250000000000022649, 24.24999999999999645, -121.4999999999991331 ) ) ;
#657 = DIRECTION ( 'NONE',  ( 0.000000000000000000, 0.000000000000000000, 1.000000000000000000 ) ) ;
#658 = ORIENTED_EDGE ( 'NONE', *, *, #629, .T. ) ;
#659 = DIRECTION ( 'NONE',  ( -1.000000000000000000, 0.000000000000000000, 0.000000000000000000 ) ) ;
#660 = CARTESIAN_POINT ( 'NONE',  ( -22.50000000000000000, 2.755455298081544778E-15, -76.81027961241112223 ) ) ;
#661 = ORIENTED_EDGE ( 'NONE', *, *, #376, .T. ) ;
#662 = CARTESIAN_POINT ( 'NONE',  ( 0.000000000000000000, 0.000000000000000000, 0.000000000000000000 ) ) ;
#663 = ORIENTED_EDGE ( 'NONE', *, *, #1327, .F. ) ;
#664 = LINE ( 'NONE', #311, #535 ) ;
#665 = CIRCLE ( 'NONE', #318, 22.75000000000000711 ) ;
#666 = VECTOR ( 'NONE', #527, 1000.000000000000000 ) ;
#667 = CARTESIAN_POINT ( 'NONE',  ( 0.000000000000000000, 0.000000000000000000, -76.81027961241112223 ) ) ;
#668 = EDGE_CURVE ( 'NONE', #1093, #816, #704, .T. ) ;
#669 = CIRCLE ( 'NONE', #602, 21.39199796489160121 ) ;
#670 = DIRECTION ( 'NONE',  ( 0.000000000000000000, 1.000000000000000000, 0.000000000000000000 ) ) ;
#671 = AXIS2_PLACEMENT_3D ( 'NONE', #402, #815, #288 ) ;
#672 = MECHANICAL_CONTEXT ( 'NONE', #1394, 'mechanical' ) ;
#673 = VERTEX_POINT ( 'NONE', #410 ) ;
#674 = DIRECTION ( 'NONE',  ( -1.000000000000000000, 0.000000000000000000, 0.000000000000000000 ) ) ;
#675 = ORIENTED_EDGE ( 'NONE', *, *, #414, .T. ) ;
#676 = CARTESIAN_POINT ( 'NONE',  ( -24.14539293529928798, -2.249999999999999112, -147.4999999999990905 ) ) ;
#677 = DIRECTION ( 'NONE',  ( 1.224646799147353207E-16, 1.000000000000000000, -0.000000000000000000 ) ) ;
#678 = ADVANCED_FACE ( 'NONE', ( #396 ), #1362, .F. ) ;
#679 = CARTESIAN_POINT ( 'NONE',  ( 2.249999999999976907, 24.24999999999999645, -147.4999999999991189 ) ) ;
#680 = EDGE_LOOP ( 'NONE', ( #963, #167, #110, #176 ) ) ;
#681 = CARTESIAN_POINT ( 'NONE',  ( -22.63846284534355746, 2.249999999999999112, -147.4999999999990905 ) ) ;
#682 = DIRECTION ( 'NONE',  ( 1.000000000000000000, 0.000000000000000000, -0.000000000000000000 ) ) ;
#683 = CARTESIAN_POINT ( 'NONE',  ( -24.14539293529928443, 2.250000000000000000, -147.4999999999991189 ) ) ;
#684 = EDGE_CURVE ( 'NONE', #1015, #1307, #1225, .T. ) ;
#685 = VERTEX_POINT ( 'NONE', #1260 ) ;
#686 = LINE ( 'NONE', #234, #761 ) ;
#687 = CARTESIAN_POINT ( 'NONE',  ( 24.24999999999997868, -2.250000000000000000, -121.4999999999991331 ) ) ;
#688 = VECTOR ( 'NONE', #44, 1000.000000000000000 ) ;
#689 = VECTOR ( 'NONE', #1232, 1000.000000000000000 ) ;
#690 = DIRECTION ( 'NONE',  ( 1.000000000000000000, 0.000000000000000000, 0.000000000000000000 ) ) ;
#691 = LOCAL_TIME ( 0, 3, 18.00000000000000000, #921 ) ;
#692 = CIRCLE ( 'NONE', #870, 22.75000000000000711 ) ;
#693 = AXIS2_PLACEMENT_3D ( 'NONE', #265, #1131, #163 ) ;
#694 = DIRECTION ( 'NONE',  ( 1.000000000000000000, 0.000000000000000000, 0.000000000000000000 ) ) ;
#695 = AXIS2_PLACEMENT_3D ( 'NONE', #884, #1310, #131 ) ;
#696 = DIRECTION ( 'NONE',  ( -0.000000000000000000, -0.000000000000000000, -1.000000000000000000 ) ) ;
#697 = ADVANCED_FACE ( 'NONE', ( #817 ), #511, .T. ) ;
#698 = ORIENTED_EDGE ( 'NONE', *, *, #969, .F. ) ;
#699 = DIRECTION ( 'NONE',  ( -1.000000000000000000, 0.000000000000000000, 0.000000000000000000 ) ) ;
#700 = CARTESIAN_POINT ( 'NONE',  ( -1.058874969888897461E-14, 0.000000000000000000, -121.4999999999991331 ) ) ;
#701 = LINE ( 'NONE', #904, #534 ) ;
#702 = CARTESIAN_POINT ( 'NONE',  ( 2.249999999999976907, -22.63846284534355036, -121.4999999999991331 ) ) ;
#703 = ORIENTED_EDGE ( 'NONE', *, *, #629, .F. ) ;
#704 = LINE ( 'NONE', #1357, #649 ) ;
#705 = EDGE_CURVE ( 'NONE', #1079, #491, #184, .T. ) ;
#706 = ORIENTED_EDGE ( 'NONE', *, *, #724, .F. ) ;
#707 = AXIS2_PLACEMENT_3D ( 'NONE', #763, #853, #742 ) ;
#708 = VECTOR ( 'NONE', #335, 1000.000000000000000 ) ;
#709 = VECTOR ( 'NONE', #659, 1000.000000000000000 ) ;
#710 = DIRECTION ( 'NONE',  ( -1.000000000000000000, 0.000000000000000000, 0.000000000000000000 ) ) ;
#711 = CIRCLE ( 'NONE', #276, 24.25000000000000711 ) ;
#712 = ORIENTED_EDGE ( 'NONE', *, *, #104, .F. ) ;
#713 = DIRECTION ( 'NONE',  ( -0.7071067811865512365, 0.000000000000000000, 0.7071067811865439090 ) ) ;
#714 = DIRECTION ( 'NONE',  ( -1.000000000000000000, 0.000000000000000000, 0.000000000000000000 ) ) ;
#715 = ADVANCED_FACE ( 'NONE', ( #1266 ), #1237, .F. ) ;
#716 = ORIENTED_EDGE ( 'NONE', *, *, #226, .T. ) ;
#717 = CARTESIAN_POINT ( 'NONE',  ( -27.49999999999999645, 3.367778697655220913E-15, -76.81027961241112223 ) ) ;
#718 = ORIENTED_EDGE ( 'NONE', *, *, #946, .F. ) ;
#719 = DIRECTION ( 'NONE',  ( -1.000000000000000000, 0.000000000000000000, 0.000000000000000000 ) ) ;
#720 = PLANE ( 'NONE',  #1245 ) ;
#721 = ORIENTED_EDGE ( 'NONE', *, *, #1025, .T. ) ;
#722 = DATE_AND_TIME ( #1033, #691 ) ;
#723 = CARTESIAN_POINT ( 'NONE',  ( -2.250000000000022649, -24.14539293529927733, -121.4999999999991331 ) ) ;
#724 = EDGE_CURVE ( 'NONE', #25, #412, #804, .T. ) ;
#725 = ORIENTED_EDGE ( 'NONE', *, *, #1145, .F. ) ;
#726 = DIRECTION ( 'NONE',  ( -0.7071067811865513475, 0.000000000000000000, 0.7071067811865439090 ) ) ;
#727 = DIRECTION ( 'NONE',  ( -0.000000000000000000, -0.000000000000000000, -1.000000000000000000 ) ) ;
#728 = ORIENTED_EDGE ( 'NONE', *, *, #916, .T. ) ;
#729 = AXIS2_PLACEMENT_3D ( 'NONE', #261, #802, #690 ) ;
#730 = CIRCLE ( 'NONE', #229, 20.99999999999999645 ) ;
#731 = AXIS2_PLACEMENT_3D ( 'NONE', #1300, #1289, #887 ) ;
#732 = LINE ( 'NONE', #70, #785 ) ;
#733 = CC_DESIGN_APPROVAL ( #1134, ( #368 ) ) ;
#734 = AXIS2_PLACEMENT_3D ( 'NONE', #991, #861, #199 ) ;
#735 = ORIENTED_EDGE ( 'NONE', *, *, #753, .F. ) ;
#736 = EDGE_CURVE ( 'NONE', #642, #1144, #73, .T. ) ;
#737 = TOROIDAL_SURFACE ( 'NONE', #1073, 19.25000000000000355, 3.500000000000000000 ) ;
#738 = DIRECTION ( 'NONE',  ( 1.000000000000000000, 0.000000000000000000, 0.000000000000000000 ) ) ;
#739 = CIRCLE ( 'NONE', #604, 24.25000000000000711 ) ;
#740 = DIRECTION ( 'NONE',  ( -0.7071067811865430208, 0.000000000000000000, -0.7071067811865520136 ) ) ;
#741 = ORIENTED_EDGE ( 'NONE', *, *, #636, .T. ) ;
#742 = DIRECTION ( 'NONE',  ( -1.000000000000000000, 0.000000000000000000, 0.000000000000000000 ) ) ;
#743 = ORIENTED_EDGE ( 'NONE', *, *, #135, .F. ) ;
#744 = DIRECTION ( 'NONE',  ( -0.000000000000000000, 0.000000000000000000, -1.000000000000000000 ) ) ;
#745 = CARTESIAN_POINT ( 'NONE',  ( 2.249999999999976907, 22.63846284534355036, -147.4999999999991189 ) ) ;
#746 = EDGE_CURVE ( 'NONE', #673, #191, #855, .T. ) ;
#747 = ORIENTED_EDGE ( 'NONE', *, *, #470, .T. ) ;
#748 = LINE ( 'NONE', #1168, #342 ) ;
#749 = ORIENTED_EDGE ( 'NONE', *, *, #53, .T. ) ;
#750 = CARTESIAN_POINT ( 'NONE',  ( 24.24999999999997868, 2.250000000000000000, -121.4999999999991331 ) ) ;
#751 = CARTESIAN_POINT ( 'NONE',  ( -20.99999999999999645, 2.571758278209441267E-15, -38.52186130069756587 ) ) ;
#752 = ORIENTED_EDGE ( 'NONE', *, *, #515, .T. ) ;
#753 = EDGE_CURVE ( 'NONE', #142, #558, #83, .T. ) ;
#754 = DIRECTION ( 'NONE',  ( 0.7071067811865436870, 0.000000000000000000, 0.7071067811865513475 ) ) ;
#755 = AXIS2_PLACEMENT_3D ( 'NONE', #43, #48, #352 ) ;
#756 = ORIENTED_EDGE ( 'NONE', *, *, #542, .F. ) ;
#757 = DIRECTION ( 'NONE',  ( -1.000000000000000000, 0.000000000000000000, 0.000000000000000000 ) ) ;
#758 = CC_DESIGN_APPROVAL ( #322, ( #384 ) ) ;
#759 = CIRCLE ( 'NONE', #18, 24.25000000000000355 ) ;
#760 = DIRECTION ( 'NONE',  ( -1.000000000000000000, 0.000000000000000000, 0.000000000000000000 ) ) ;
#761 = VECTOR ( 'NONE', #355, 1000.000000000000000 ) ;
#762 = ORIENTED_EDGE ( 'NONE', *, *, #63, .T. ) ;
#763 = CARTESIAN_POINT ( 'NONE',  ( -1.058874969888897461E-14, 0.000000000000000000, -147.4999999999991189 ) ) ;
#764 = EDGE_CURVE ( 'NONE', #811, #434, #188, .T. ) ;
#765 = EDGE_LOOP ( 'NONE', ( #615, #132, #406, #698 ) ) ;
#766 = DIRECTION ( 'NONE',  ( 0.000000000000000000, 0.000000000000000000, 1.000000000000000000 ) ) ;
#767 = CARTESIAN_POINT ( 'NONE',  ( -22.63846284534355746, -2.250000000000000000, -147.4999999999991189 ) ) ;
#768 = DIRECTION ( 'NONE',  ( -0.000000000000000000, -0.000000000000000000, -1.000000000000000000 ) ) ;
#769 = CARTESIAN_POINT ( 'NONE',  ( 22.74999999999999645, 2.786071468060229354E-15, -83.38163490354135376 ) ) ;
#770 = VERTEX_POINT ( 'NONE', #1080 ) ;
#771 = CARTESIAN_POINT ( 'NONE',  ( -1.058874969888897461E-14, 0.000000000000000000, -147.4999999999991189 ) ) ;
#772 = EDGE_CURVE ( 'NONE', #1169, #1250, #547, .T. ) ;
#773 = CARTESIAN_POINT ( 'NONE',  ( 24.24999999999999645, 2.969768487932332470E-15, -83.38163490354135376 ) ) ;
#774 = ADVANCED_BREP_SHAPE_REPRESENTATION ( '79-8434 - 45mm 45deg', ( #1102, #1115 ), #1181 ) ;
#775 = ORIENTED_EDGE ( 'NONE', *, *, #1042, .T. ) ;
#776 = ORIENTED_EDGE ( 'NONE', *, *, #668, .T. ) ;
#777 = DIRECTION ( 'NONE',  ( -1.000000000000000000, 0.000000000000000000, 0.000000000000000000 ) ) ;
#778 = EDGE_CURVE ( 'NONE', #1250, #301, #559, .T. ) ;
#779 = ORGANIZATION ( 'UNSPECIFIED', 'UNSPECIFIED', '' ) ;
#780 = AXIS2_PLACEMENT_3D ( 'NONE', #667, #992, #312 ) ;
#781 = CARTESIAN_POINT ( 'NONE',  ( 24.24999999999997868, 2.250000000000000000, -147.4999999999991189 ) ) ;
#782 = AXIS2_PLACEMENT_3D ( 'NONE', #225, #533, #106 ) ;
#783 = EDGE_CURVE ( 'NONE', #1318, #385, #664, .T. ) ;
#784 = VERTEX_POINT ( 'NONE', #116 ) ;
#785 = VECTOR ( 'NONE', #499, 1000.000000000000000 ) ;
#786 = LINE ( 'NONE', #679, #959 ) ;
#787 = DESIGN_CONTEXT ( 'detailed design', #1273, 'design' ) ;
#788 = ORIENTED_EDGE ( 'NONE', *, *, #144, .T. ) ;
#789 = CARTESIAN_POINT ( 'NONE',  ( -1.637578961322096115E-14, 0.000000000000000000, -121.4999999999991331 ) ) ;
#790 = DIRECTION ( 'NONE',  ( 0.000000000000000000, -0.000000000000000000, -1.000000000000000000 ) ) ;
#791 = CARTESIAN_POINT ( 'NONE',  ( -5.294374849444487303E-15, 0.000000000000000000, -83.38163490354135376 ) ) ;
#792 = ADVANCED_FACE ( 'NONE', ( #8 ), #557, .F. ) ;
#793 = ORIENTED_EDGE ( 'NONE', *, *, #459, .T. ) ;
#794 = CARTESIAN_POINT ( 'NONE',  ( -1.058874969888897461E-14, 0.000000000000000000, -83.38163490354135376 ) ) ;
#795 = DIRECTION ( 'NONE',  ( 0.000000000000000000, 0.000000000000000000, 1.000000000000000000 ) ) ;
#796 = DIRECTION ( 'NONE',  ( -1.000000000000000000, 0.000000000000000000, 0.000000000000000000 ) ) ;
#797 = EDGE_CURVE ( 'NONE', #301, #1250, #1320, .T. ) ;
#798 = DIRECTION ( 'NONE',  ( -0.000000000000000000, -0.000000000000000000, 1.000000000000000000 ) ) ;
#799 = VERTEX_POINT ( 'NONE', #447 ) ;
#800 = CARTESIAN_POINT ( 'NONE',  ( 0.000000000000000000, 0.000000000000000000, -81.67153418691303557 ) ) ;
#801 = CIRCLE ( 'NONE', #462, 3.499999999999999556 ) ;
#802 = DIRECTION ( 'NONE',  ( 0.000000000000000000, 0.000000000000000000, 1.000000000000000000 ) ) ;
#803 = AXIS2_PLACEMENT_3D ( 'NONE', #597, #378, #894 ) ;
#804 = CIRCLE ( 'NONE', #486, 20.99999999999999289 ) ;
#805 = CIRCLE ( 'NONE', #397, 22.75000000000000711 ) ;
#806 = PLANE ( 'NONE',  #1298 ) ;
#807 = EDGE_LOOP ( 'NONE', ( #1150, #273, #295, #1061 ) ) ;
#808 = LINE ( 'NONE', #362, #1133 ) ;
#809 = DIRECTION ( 'NONE',  ( 1.000000000000000000, 0.000000000000000000, 0.000000000000000000 ) ) ;
#810 = CARTESIAN_POINT ( 'NONE',  ( 21.39199796489160121, 2.689993158972761084E-15, -79.03341054402795862 ) ) ;
#811 = VERTEX_POINT ( 'NONE', #2 ) ;
#812 = ADVANCED_FACE ( 'NONE', ( #1299 ), #1094, .T. ) ;
#813 = CARTESIAN_POINT ( 'NONE',  ( 22.63846284534353615, -2.250000000000000000, -121.4999999999991331 ) ) ;
#814 = ORIENTED_EDGE ( 'NONE', *, *, #41, .T. ) ;
#815 = DIRECTION ( 'NONE',  ( -0.000000000000000000, -0.000000000000000000, -1.000000000000000000 ) ) ;
#816 = VERTEX_POINT ( 'NONE', #1176 ) ;
#817 = FACE_OUTER_BOUND ( 'NONE', #1370, .T. ) ;
#818 = EDGE_CURVE ( 'NONE', #584, #1365, #541, .T. ) ;
#819 = DIRECTION ( 'NONE',  ( 0.000000000000000000, 0.000000000000000000, -1.000000000000000000 ) ) ;
#820 = AXIS2_PLACEMENT_3D ( 'NONE', #236, #1178, #550 ) ;
#821 = ORIENTED_EDGE ( 'NONE', *, *, #482, .F. ) ;
#822 = AXIS2_PLACEMENT_3D ( 'NONE', #413, #1295, #657 ) ;
#823 = AXIS2_PLACEMENT_3D ( 'NONE', #945, #727, #398 ) ;
#824 = CIRCLE ( 'NONE', #1049, 22.49999999999999645 ) ;
#825 = DIRECTION ( 'NONE',  ( 1.000000000000000000, 0.000000000000000000, 0.000000000000000000 ) ) ;
#826 = VERTEX_POINT ( 'NONE', #1065 ) ;
#827 = CARTESIAN_POINT ( 'NONE',  ( 0.000000000000000000, 0.000000000000000000, -147.4999999999991189 ) ) ;
#828 = DIRECTION ( 'NONE',  ( 0.7071067811865436870, 0.000000000000000000, 0.7071067811865513475 ) ) ;
#829 = ORIENTED_EDGE ( 'NONE', *, *, #882, .F. ) ;
#830 = EDGE_CURVE ( 'NONE', #93, #1141, #669, .T. ) ;
#831 = PERSON_AND_ORGANIZATION ( #309, #779 ) ;
#832 = FACE_OUTER_BOUND ( 'NONE', #264, .T. ) ;
#833 = EDGE_LOOP ( 'NONE', ( #1350, #1064, #285, #1121 ) ) ;
#834 = LINE ( 'NONE', #1037, #298 ) ;
#835 = CARTESIAN_POINT ( 'NONE',  ( -22.50000000000000000, 2.755455298081544778E-15, -147.4999999999991189 ) ) ;
#836 = ORIENTED_EDGE ( 'NONE', *, *, #175, .F. ) ;
#837 = EDGE_CURVE ( 'NONE', #799, #208, #847, .T. ) ;
#838 = CARTESIAN_POINT ( 'NONE',  ( 24.14539293529926667, -2.250000000000000000, -121.4999999999991331 ) ) ;
#839 = ORIENTED_EDGE ( 'NONE', *, *, #1371, .T. ) ;
#840 = CARTESIAN_POINT ( 'NONE',  ( -2.250000000000022649, 22.63846284534354680, -147.4999999999991189 ) ) ;
#841 = DIRECTION ( 'NONE',  ( 0.7071067811865514585, 0.000000000000000000, -0.7071067811865436870 ) ) ;
#842 = VERTEX_POINT ( 'NONE', #125 ) ;
#843 = AXIS2_PLACEMENT_3D ( 'NONE', #1333, #231, #366 ) ;
#844 = VECTOR ( 'NONE', #222, 1000.000000000000000 ) ;
#845 = FACE_OUTER_BOUND ( 'NONE', #807, .T. ) ;
#846 = PRODUCT_RELATED_PRODUCT_CATEGORY ( 'detail', '', ( #885 ) ) ;
#847 = CIRCLE ( 'NONE', #274, 21.00000000000000000 ) ;
#848 = EDGE_LOOP ( 'NONE', ( #617, #540, #1029, #814 ) ) ;
#849 = VECTOR ( 'NONE', #86, 1000.000000000000000 ) ;
#850 = DIRECTION ( 'NONE',  ( 0.000000000000000000, 0.000000000000000000, 1.000000000000000000 ) ) ;
#851 = CARTESIAN_POINT ( 'NONE',  ( -20.99999999999999645, 2.571758278209441267E-15, -76.81027961241112223 ) ) ;
#852 = ORIENTED_EDGE ( 'NONE', *, *, #210, .T. ) ;
#853 = DIRECTION ( 'NONE',  ( -1.110223024625156540E-16, 0.000000000000000000, -1.000000000000000000 ) ) ;
#854 = ORIENTED_EDGE ( 'NONE', *, *, #10, .T. ) ;
#855 = LINE ( 'NONE', #750, #709 ) ;
#856 = ADVANCED_FACE ( 'NONE', ( #640 ), #1305, .T. ) ;
#857 = DIRECTION ( 'NONE',  ( 1.000000000000000000, 0.000000000000000000, -0.000000000000000000 ) ) ;
#858 = CARTESIAN_POINT ( 'NONE',  ( 0.000000000000000000, 0.000000000000000000, -78.52038032903946885 ) ) ;
#859 = CARTESIAN_POINT ( 'NONE',  ( 0.000000000000000000, 0.000000000000000000, -147.4999999999991189 ) ) ;
#860 = EDGE_LOOP ( 'NONE', ( #898, #752, #471, #196 ) ) ;
#861 = DIRECTION ( 'NONE',  ( -1.110223024625156540E-16, 0.000000000000000000, -1.000000000000000000 ) ) ;
#862 = DIRECTION ( 'NONE',  ( 1.000000000000000000, 0.000000000000000000, 0.000000000000000000 ) ) ;
#863 = ADVANCED_FACE ( 'NONE', ( #1186 ), #562, .F. ) ;
#864 = ORIENTED_EDGE ( 'NONE', *, *, #1391, .F. ) ;
#865 = ADVANCED_FACE ( 'NONE', ( #1390 ), #465, .F. ) ;
#866 = CARTESIAN_POINT ( 'NONE',  ( -1.058874969888897461E-14, 0.000000000000000000, -83.38163490354135376 ) ) ;
#867 = CIRCLE ( 'NONE', #645, 22.75000000000000711 ) ;
#868 = ORIENTED_EDGE ( 'NONE', *, *, #1035, .T. ) ;
#869 = DIRECTION ( 'NONE',  ( -1.000000000000000000, 0.000000000000000000, 0.000000000000000000 ) ) ;
#870 = AXIS2_PLACEMENT_3D ( 'NONE', #1082, #448, #112 ) ;
#871 = AXIS2_PLACEMENT_3D ( 'NONE', #771, #647, #869 ) ;
#872 = CARTESIAN_POINT ( 'NONE',  ( -22.75000000000001776, 0.000000000000000000, -147.4999999999990905 ) ) ;
#873 = VECTOR ( 'NONE', #1028, 999.9999999999998863 ) ;
#874 = CARTESIAN_POINT ( 'NONE',  ( -27.49999999999999645, 3.367778697655220913E-15, -76.81027961241112223 ) ) ;
#875 = EDGE_CURVE ( 'NONE', #673, #637, #215, .T. ) ;
#876 = CARTESIAN_POINT ( 'NONE',  ( -2.250000000000022649, 24.14539293529927733, -121.4999999999991331 ) ) ;
#877 = ORIENTED_EDGE ( 'NONE', *, *, #818, .T. ) ;
#878 = CARTESIAN_POINT ( 'NONE',  ( 0.000000000000000000, 0.000000000000000000, -81.67153418691303557 ) ) ;
#879 = CARTESIAN_POINT ( 'NONE',  ( -1.058874969888897461E-14, 0.000000000000000000, -147.4999999999991189 ) ) ;
#880 = FACE_OUTER_BOUND ( 'NONE', #224, .T. ) ;
#881 = DIRECTION ( 'NONE',  ( -1.000000000000000000, 0.000000000000000000, 1.110223024625156540E-16 ) ) ;
#882 = EDGE_CURVE ( 'NONE', #40, #811, #20, .T. ) ;
#883 = ORIENTED_EDGE ( 'NONE', *, *, #830, .F. ) ;
#884 = CARTESIAN_POINT ( 'NONE',  ( 96.59009742330260906, 0.000000000000000000, 96.59009742330360382 ) ) ;
#885 = PRODUCT ( '79-8434 - 45mm 45deg', '79-8434 - 45mm 45deg', '', ( #672 ) ) ;
#886 = ORIENTED_EDGE ( 'NONE', *, *, #778, .T. ) ;
#887 = DIRECTION ( 'NONE',  ( -1.000000000000000000, 0.000000000000000000, 0.000000000000000000 ) ) ;
#888 = DIRECTION ( 'NONE',  ( 1.224646799147353207E-16, 1.000000000000000000, -0.000000000000000000 ) ) ;
#889 = DIRECTION ( 'NONE',  ( -1.000000000000000000, 0.000000000000000000, 0.000000000000000000 ) ) ;
#890 = EDGE_LOOP ( 'NONE', ( #1175, #138, #996, #516, #949, #563 ) ) ;
#891 = CARTESIAN_POINT ( 'NONE',  ( -19.25000000000001066, 2.357445088358655546E-15, -83.38163490354135376 ) ) ;
#892 = EDGE_CURVE ( 'NONE', #1345, #330, #903, .T. ) ;
#893 = CIRCLE ( 'NONE', #1223, 20.99999999999999645 ) ;
#894 = DIRECTION ( 'NONE',  ( 0.000000000000000000, -0.000000000000000000, -1.000000000000000000 ) ) ;
#895 = AXIS2_PLACEMENT_3D ( 'NONE', #950, #1154, #719 ) ;
#896 = AXIS2_PLACEMENT_3D ( 'NONE', #997, #1319, #674 ) ;
#897 = DIRECTION ( 'NONE',  ( -0.000000000000000000, -1.000000000000000000, -0.000000000000000000 ) ) ;
#898 = ORIENTED_EDGE ( 'NONE', *, *, #668, .F. ) ;
#899 = CARTESIAN_POINT ( 'NONE',  ( -22.75000000000001776, 0.000000000000000000, -83.38163490354135376 ) ) ;
#900 = VERTEX_POINT ( 'NONE', #348 ) ;
#901 = CYLINDRICAL_SURFACE ( 'NONE', #984, 20.99999999999999645 ) ;
#902 = EDGE_CURVE ( 'NONE', #98, #1279, #39, .T. ) ;
#903 = LINE ( 'NONE', #369, #1136 ) ;
#904 = CARTESIAN_POINT ( 'NONE',  ( 22.50000000000000000, 0.000000000000000000, -147.4999999999991189 ) ) ;
#905 = CARTESIAN_POINT ( 'NONE',  ( -22.63846284534355746, -2.249999999999999112, -121.4999999999991331 ) ) ;
#906 = DIRECTION ( 'NONE',  ( 0.000000000000000000, 0.000000000000000000, 1.000000000000000000 ) ) ;
#907 = ORIENTED_EDGE ( 'NONE', *, *, #830, .T. ) ;
#908 = DIRECTION ( 'NONE',  ( 0.000000000000000000, 0.000000000000000000, 1.000000000000000000 ) ) ;
#909 = AXIS2_PLACEMENT_3D ( 'NONE', #29, #670, #1083 ) ;
#910 = CIRCLE ( 'NONE', #417, 24.25000000000000711 ) ;
#911 = CIRCLE ( 'NONE', #1116, 22.75000000000000711 ) ;
#912 = CARTESIAN_POINT ( 'NONE',  ( -2.250000000000022649, -24.14539293529927377, -147.4999999999991189 ) ) ;
#913 = TOROIDAL_SURFACE ( 'NONE', #209, 27.49999999999999645, 6.500000000000000888 ) ;
#914 = AXIS2_PLACEMENT_3D ( 'NONE', #1040, #1152, #941 ) ;
#915 = APPROVAL_ROLE ( '' ) ;
#916 = EDGE_CURVE ( 'NONE', #40, #826, #686, .T. ) ;
#917 = DIRECTION ( 'NONE',  ( -0.7071067811865512365, 0.000000000000000000, 0.7071067811865439090 ) ) ;
#918 = ORIENTED_EDGE ( 'NONE', *, *, #1126, .F. ) ;
#919 = DIRECTION ( 'NONE',  ( -0.000000000000000000, -0.000000000000000000, -1.000000000000000000 ) ) ;
#920 = ORIENTED_EDGE ( 'NONE', *, *, #1264, .F. ) ;
#921 = COORDINATED_UNIVERSAL_TIME_OFFSET ( 1, 0, .AHEAD. ) ;
#922 = CYLINDRICAL_SURFACE ( 'NONE', #942, 24.25000000000000711 ) ;
#923 = EDGE_CURVE ( 'NONE', #816, #1051, #711, .T. ) ;
#924 = ORIENTED_EDGE ( 'NONE', *, *, #783, .F. ) ;
#925 = CARTESIAN_POINT ( 'NONE',  ( -2.250000000000022649, 24.24999999999999645, -147.4999999999991189 ) ) ;
#926 = DIRECTION ( 'NONE',  ( -1.000000000000000000, 0.000000000000000000, 0.000000000000000000 ) ) ;
#927 = VERTEX_POINT ( 'NONE', #591 ) ;
#928 = PERSON_AND_ORGANIZATION_ROLE ( 'creator' ) ;
#929 = PLANE ( 'NONE',  #300 ) ;
#930 = EDGE_LOOP ( 'NONE', ( #829, #400, #775, #1100 ) ) ;
#931 = CARTESIAN_POINT ( 'NONE',  ( -22.63846284534355746, 2.250000000000000000, -147.4999999999991189 ) ) ;
#932 = ADVANCED_FACE ( 'NONE', ( #477 ), #737, .F. ) ;
#933 = CARTESIAN_POINT ( 'NONE',  ( -1.058874969888897461E-14, 0.000000000000000000, -147.4999999999991189 ) ) ;
#934 = PRODUCT_DEFINITION_FORMATION_WITH_SPECIFIED_SOURCE ( 'ANY', '', #885, .NOT_KNOWN. ) ;
#935 = CIRCLE ( 'NONE', #820, 22.53892417275068283 ) ;
#936 = ORIENTED_EDGE ( 'NONE', *, *, #433, .F. ) ;
#937 = AXIS2_PLACEMENT_3D ( 'NONE', #859, #308, #114 ) ;
#938 = AXIS2_PLACEMENT_3D ( 'NONE', #614, #1044, #926 ) ;
#939 = APPROVAL_STATUS ( 'not_yet_approved' ) ;
#940 = AXIS2_PLACEMENT_3D ( 'NONE', #687, #1016, #790 ) ;
#941 = DIRECTION ( 'NONE',  ( 1.000000000000000000, 0.000000000000000000, 0.000000000000000000 ) ) ;
#942 = AXIS2_PLACEMENT_3D ( 'NONE', #1252, #1161, #1263 ) ;
#943 = ORIENTED_EDGE ( 'NONE', *, *, #1351, .T. ) ;
#944 = LINE ( 'NONE', #1242, #1184 ) ;
#945 = CARTESIAN_POINT ( 'NONE',  ( -1.058874969888897461E-14, 0.000000000000000000, -147.4999999999991189 ) ) ;
#946 = EDGE_CURVE ( 'NONE', #289, #842, #143, .T. ) ;
#947 = EDGE_LOOP ( 'NONE', ( #592, #1, #323, #776 ) ) ;
#948 = LINE ( 'NONE', #55, #873 ) ;
#949 = ORIENTED_EDGE ( 'NONE', *, *, #1379, .F. ) ;
#950 = CARTESIAN_POINT ( 'NONE',  ( 0.000000000000000000, 0.000000000000000000, -82.49999999999911893 ) ) ;
#951 = DIRECTION ( 'NONE',  ( 1.000000000000000000, 0.000000000000000000, 0.000000000000000000 ) ) ;
#952 = ORIENTED_EDGE ( 'NONE', *, *, #118, .F. ) ;
#953 = CARTESIAN_POINT ( 'NONE',  ( 11.32916677295331098, 2.755455298081544778E-15, 43.14897192634818879 ) ) ;
#954 = ORIENTED_EDGE ( 'NONE', *, *, #1190, .F. ) ;
#955 = PLANE ( 'NONE',  #418 ) ;
#956 = DIRECTION ( 'NONE',  ( -1.000000000000000000, 0.000000000000000000, 0.000000000000000000 ) ) ;
#957 = ORIENTED_EDGE ( 'NONE', *, *, #1138, .T. ) ;
#958 = AXIS2_PLACEMENT_3D ( 'NONE', #223, #768, #217 ) ;
#959 = VECTOR ( 'NONE', #897, 1000.000000000000000 ) ;
#960 = CIRCLE ( 'NONE', #343, 22.75000000000000711 ) ;
#961 = CARTESIAN_POINT ( 'NONE',  ( 2.249999999999976907, 22.63846284534355036, -121.4999999999991331 ) ) ;
#962 = ADVANCED_FACE ( 'NONE', ( #595 ), #806, .T. ) ;
#963 = ORIENTED_EDGE ( 'NONE', *, *, #636, .F. ) ;
#964 = DIRECTION ( 'NONE',  ( 0.000000000000000000, 0.000000000000000000, 1.000000000000000000 ) ) ;
#965 = CARTESIAN_POINT ( 'NONE',  ( -2.250000000000022649, 24.24999999999999645, -147.4999999999991189 ) ) ;
#966 = ORIENTED_EDGE ( 'NONE', *, *, #266, .T. ) ;
#967 = DIRECTION ( 'NONE',  ( 0.000000000000000000, 1.000000000000000000, 0.000000000000000000 ) ) ;
#968 = ORIENTED_EDGE ( 'NONE', *, *, #10, .F. ) ;
#969 = EDGE_CURVE ( 'NONE', #330, #1279, #1228, .T. ) ;
#970 = CARTESIAN_POINT ( 'NONE',  ( 2.249999999999976907, 24.24999999999999645, -121.4999999999991331 ) ) ;
#971 = CARTESIAN_POINT ( 'NONE',  ( -1.058874969888897461E-14, 0.000000000000000000, -121.4999999999991331 ) ) ;
#972 = ORIENTED_EDGE ( 'NONE', *, *, #1291, .F. ) ;
#973 = LINE ( 'NONE', #1280, #1201 ) ;
#974 = ORIENTED_EDGE ( 'NONE', *, *, #226, .F. ) ;
#975 = DIRECTION ( 'NONE',  ( -0.000000000000000000, -0.000000000000000000, -1.000000000000000000 ) ) ;
#976 = DIRECTION ( 'NONE',  ( -1.000000000000000000, 0.000000000000000000, 0.000000000000000000 ) ) ;
#977 = EDGE_CURVE ( 'NONE', #1093, #333, #324, .T. ) ;
#978 = ORIENTED_EDGE ( 'NONE', *, *, #946, .T. ) ;
#979 = AXIS2_PLACEMENT_3D ( 'NONE', #267, #165, #796 ) ;
#980 = FACE_OUTER_BOUND ( 'NONE', #189, .T. ) ;
#981 = AXIS2_PLACEMENT_3D ( 'NONE', #866, #326, #1195 ) ;
#982 = VERTEX_POINT ( 'NONE', #569 ) ;
#983 = CARTESIAN_POINT ( 'NONE',  ( -5.294374849444487303E-15, 0.000000000000000000, -83.38163490354135376 ) ) ;
#984 = AXIS2_PLACEMENT_3D ( 'NONE', #490, #588, #1322 ) ;
#985 = AXIS2_PLACEMENT_3D ( 'NONE', #878, #1282, #1198 ) ;
#986 = CARTESIAN_POINT ( 'NONE',  ( 81.74085501838503376, 2.571758278209441267E-15, 111.4393398282210370 ) ) ;
#987 = VECTOR ( 'NONE', #1011, 1000.000000000000000 ) ;
#988 = ORIENTED_EDGE ( 'NONE', *, *, #1055, .F. ) ;
#989 = EDGE_CURVE ( 'NONE', #500, #654, #805, .T. ) ;
#990 = EDGE_LOOP ( 'NONE', ( #203, #1058, #706, #478 ) ) ;
#991 = CARTESIAN_POINT ( 'NONE',  ( 0.000000000000000000, 0.000000000000000000, -147.4999999999991189 ) ) ;
#992 = DIRECTION ( 'NONE',  ( 0.000000000000000000, 0.000000000000000000, 1.000000000000000000 ) ) ;
#993 = CARTESIAN_POINT ( 'NONE',  ( 111.4393398282201844, 0.000000000000000000, 81.74085501838618484 ) ) ;
#994 = CARTESIAN_POINT ( 'NONE',  ( 0.000000000000000000, 0.000000000000000000, -147.4999999999991189 ) ) ;
#995 = EDGE_CURVE ( 'NONE', #191, #142, #458, .T. ) ;
#996 = ORIENTED_EDGE ( 'NONE', *, *, #482, .T. ) ;
#997 = CARTESIAN_POINT ( 'NONE',  ( -1.058874969888897461E-14, 0.000000000000000000, -147.4999999999991189 ) ) ;
#998 = CARTESIAN_POINT ( 'NONE',  ( 2.249999999999976907, 24.24999999999999645, -121.4999999999991331 ) ) ;
#999 =( LENGTH_UNIT ( ) NAMED_UNIT ( * ) SI_UNIT ( .MILLI., .METRE. ) );
#1000 = ORIENTED_EDGE ( 'NONE', *, *, #818, .F. ) ;
#1001 = DIRECTION ( 'NONE',  ( -1.000000000000000000, 0.000000000000000000, 0.000000000000000000 ) ) ;
#1002 = ADVANCED_FACE ( 'NONE', ( #37 ), #26, .T. ) ;
#1003 = AXIS2_PLACEMENT_3D ( 'NONE', #874, #677, #1105 ) ;
#1004 = ORIENTED_EDGE ( 'NONE', *, *, #253, .T. ) ;
#1005 = TOROIDAL_SURFACE ( 'NONE', #249, 93.00000000000000000, 22.50000000000000000 ) ;
#1006 = CIRCLE ( 'NONE', #464, 22.75000000000000711 ) ;
#1007 = CARTESIAN_POINT ( 'NONE',  ( 24.24999999999997868, 2.250000000000000000, -121.4999999999991331 ) ) ;
#1008 = AXIS2_PLACEMENT_3D ( 'NONE', #998, #682, #52 ) ;
#1009 = AXIS2_PLACEMENT_3D ( 'NONE', #469, #798, #1204 ) ;
#1010 =( NAMED_UNIT ( * ) SI_UNIT ( $, .STERADIAN. ) SOLID_ANGLE_UNIT ( ) );
#1011 = DIRECTION ( 'NONE',  ( -1.000000000000000000, 0.000000000000000000, 0.000000000000000000 ) ) ;
#1012 = DIRECTION ( 'NONE',  ( 0.000000000000000000, -1.000000000000000000, 0.000000000000000000 ) ) ;
#1013 = DIRECTION ( 'NONE',  ( 0.000000000000000000, 0.000000000000000000, -1.000000000000000000 ) ) ;
#1014 = DIRECTION ( 'NONE',  ( -0.000000000000000000, -0.000000000000000000, -1.000000000000000000 ) ) ;
#1015 = VERTEX_POINT ( 'NONE', #899 ) ;
#1016 = DIRECTION ( 'NONE',  ( 0.000000000000000000, -1.000000000000000000, 0.000000000000000000 ) ) ;
#1017 = EDGE_CURVE ( 'NONE', #40, #289, #739, .T. ) ;
#1018 = PERSON_AND_ORGANIZATION ( #309, #779 ) ;
#1019 = ORIENTED_EDGE ( 'NONE', *, *, #1229, .T. ) ;
#1020 = DIRECTION ( 'NONE',  ( -0.000000000000000000, -1.000000000000000000, -0.000000000000000000 ) ) ;
#1021 = CLOSED_SHELL ( 'NONE', ( #1122, #24, #932, #80, #865, #166, #279, #129, #1069, #697, #856, #1002, #367, #332, #1081, #610, #1363, #1180, #1114, #587, #259, #1275, #1099, #812, #3, #128, #1165, #493, #715, #1087, #678, #523, #792, #548, #501, #962, #450, #244, #90, #195, #387, #566, #863, #1247, #379 ) ) ;
#1022 = VECTOR ( 'NONE', #1096, 1000.000000000000000 ) ;
#1023 = DIRECTION ( 'NONE',  ( 0.000000000000000000, 0.000000000000000000, 1.000000000000000000 ) ) ;
#1024 = VECTOR ( 'NONE', #766, 1000.000000000000000 ) ;
#1025 = EDGE_CURVE ( 'NONE', #412, #25, #346, .T. ) ;
#1026 = ORIENTED_EDGE ( 'NONE', *, *, #995, .T. ) ;
#1027 = SHAPE_DEFINITION_REPRESENTATION ( #1376, #774 ) ;
#1028 = DIRECTION ( 'NONE',  ( 0.3420201433256673806, 4.188538737676975125E-17, -0.9396926207859089830 ) ) ;
#1029 = ORIENTED_EDGE ( 'NONE', *, *, #71, .T. ) ;
#1030 = CARTESIAN_POINT ( 'NONE',  ( 0.000000000000000000, 0.000000000000000000, -79.03341054402795862 ) ) ;
#1031 = CARTESIAN_POINT ( 'NONE',  ( -1.058874969888897461E-14, 0.000000000000000000, -121.4999999999991331 ) ) ;
#1032 = VERTEX_POINT ( 'NONE', #1113 ) ;
#1033 = CALENDAR_DATE ( 2026, 16, 9 ) ;
#1034 = DIRECTION ( 'NONE',  ( 0.000000000000000000, 0.000000000000000000, 1.000000000000000000 ) ) ;
#1035 = EDGE_CURVE ( 'NONE', #1345, #115, #585, .T. ) ;
#1036 = EDGE_LOOP ( 'NONE', ( #1026, #240, #1374, #394 ) ) ;
#1037 = CARTESIAN_POINT ( 'NONE',  ( -22.84046106882116334, 0.000000000000000000, -83.01303021498760870 ) ) ;
#1038 = CARTESIAN_POINT ( 'NONE',  ( 11.32916677295332519, 2.755455298081544778E-15, 43.14897192634820300 ) ) ;
#1039 = ORIENTED_EDGE ( 'NONE', *, *, #459, .F. ) ;
#1040 = CARTESIAN_POINT ( 'NONE',  ( 0.000000000000000000, 0.000000000000000000, -76.81027961241112223 ) ) ;
#1041 = EDGE_LOOP ( 'NONE', ( #1153, #1137, #1313, #576 ) ) ;
#1042 = EDGE_CURVE ( 'NONE', #289, #434, #444, .T. ) ;
#1043 = DIRECTION ( 'NONE',  ( -1.000000000000000000, 0.000000000000000000, 1.110223024625156540E-16 ) ) ;
#1044 = DIRECTION ( 'NONE',  ( 0.000000000000000000, 0.000000000000000000, -1.000000000000000000 ) ) ;
#1045 = CIRCLE ( 'NONE', #623, 113.9999999999999858 ) ;
#1046 = EDGE_LOOP ( 'NONE', ( #954, #1336, #749, #51 ) ) ;
#1047 = CIRCLE ( 'NONE', #1317, 23.94846310392954081 ) ;
#1048 = PERSON_AND_ORGANIZATION ( #309, #779 ) ;
#1049 = AXIS2_PLACEMENT_3D ( 'NONE', #502, #1375, #726 ) ;
#1050 = DIRECTION ( 'NONE',  ( 0.000000000000000000, 1.000000000000000000, 0.000000000000000000 ) ) ;
#1051 = VERTEX_POINT ( 'NONE', #723 ) ;
#1052 = DIRECTION ( 'NONE',  ( 0.000000000000000000, 0.000000000000000000, 1.000000000000000000 ) ) ;
#1053 = CC_DESIGN_PERSON_AND_ORGANIZATION_ASSIGNMENT ( #180, #1372, ( #368 ) ) ;
#1054 = CARTESIAN_POINT ( 'NONE',  ( 0.000000000000000000, 0.000000000000000000, -147.4999999999991189 ) ) ;
#1055 = EDGE_CURVE ( 'NONE', #1253, #434, #948, .T. ) ;
#1056 = ORIENTED_EDGE ( 'NONE', *, *, #1214, .F. ) ;
#1057 = LINE ( 'NONE', #1380, #13 ) ;
#1058 = ORIENTED_EDGE ( 'NONE', *, *, #1329, .T. ) ;
#1059 = FACE_OUTER_BOUND ( 'NONE', #403, .T. ) ;
#1060 = DIRECTION ( 'NONE',  ( -1.110223024625156540E-16, 0.000000000000000000, -1.000000000000000000 ) ) ;
#1061 = ORIENTED_EDGE ( 'NONE', *, *, #594, .F. ) ;
#1062 = EDGE_CURVE ( 'NONE', #770, #154, #254, .T. ) ;
#1063 = CARTESIAN_POINT ( 'NONE',  ( 24.24999999999997868, 2.250000000000000000, -147.4999999999991189 ) ) ;
#1064 = ORIENTED_EDGE ( 'NONE', *, *, #1190, .T. ) ;
#1065 = CARTESIAN_POINT ( 'NONE',  ( -24.25000000000001776, 0.000000000000000000, -121.4999999999991331 ) ) ;
#1066 = FACE_OUTER_BOUND ( 'NONE', #1381, .T. ) ;
#1067 = ORIENTED_EDGE ( 'NONE', *, *, #1291, .T. ) ;
#1068 = VECTOR ( 'NONE', #427, 1000.000000000000000 ) ;
#1069 = ADVANCED_FACE ( 'NONE', ( #1146 ), #1364, .F. ) ;
#1070 = VECTOR ( 'NONE', #461, 1000.000000000000000 ) ;
#1071 = LINE ( 'NONE', #197, #1316 ) ;
#1072 = ORIENTED_EDGE ( 'NONE', *, *, #643, .F. ) ;
#1073 = AXIS2_PLACEMENT_3D ( 'NONE', #1212, #906, #153 ) ;
#1074 = DIRECTION ( 'NONE',  ( 1.000000000000000000, 0.000000000000000000, 0.000000000000000000 ) ) ;
#1075 = CARTESIAN_POINT ( 'NONE',  ( 0.000000000000000000, 0.000000000000000000, -76.81027961241112223 ) ) ;
#1076 = DIRECTION ( 'NONE',  ( -0.3420201433256673806, 0.000000000000000000, -0.9396926207859089830 ) ) ;
#1077 = CARTESIAN_POINT ( 'NONE',  ( 22.80153689607045209, 2.862611893006938032E-15, -78.52038032903946885 ) ) ;
#1078 = CC_DESIGN_PERSON_AND_ORGANIZATION_ASSIGNMENT ( #1048, #374, ( #384 ) ) ;
#1079 = VERTEX_POINT ( 'NONE', #76 ) ;
#1080 = CARTESIAN_POINT ( 'NONE',  ( 20.99999999999999645, 0.000000000000000000, -76.81027961241112223 ) ) ;
#1081 = ADVANCED_FACE ( 'NONE', ( #492 ), #922, .T. ) ;
#1082 = CARTESIAN_POINT ( 'NONE',  ( -1.058874969888897461E-14, 0.000000000000000000, -83.38163490354135376 ) ) ;
#1083 = DIRECTION ( 'NONE',  ( 0.000000000000000000, 0.000000000000000000, 1.000000000000000000 ) ) ;
#1084 = DIRECTION ( 'NONE',  ( -1.000000000000000000, 0.000000000000000000, 0.000000000000000000 ) ) ;
#1085 = VERTEX_POINT ( 'NONE', #1349 ) ;
#1086 = DIRECTION ( 'NONE',  ( -0.7071067811865513475, 0.000000000000000000, 0.7071067811865439090 ) ) ;
#1087 = ADVANCED_FACE ( 'NONE', ( #263 ), #560, .F. ) ;
#1088 = CARTESIAN_POINT ( 'NONE',  ( -1.058874969888897461E-14, 0.000000000000000000, -147.4999999999990905 ) ) ;
#1089 = CARTESIAN_POINT ( 'NONE',  ( -24.25000000000002487, 0.000000000000000000, -82.49999999999911893 ) ) ;
#1090 = TOROIDAL_SURFACE ( 'NONE', #269, 27.49999999999999645, 5.000000000000000000 ) ;
#1091 = APPLICATION_PROTOCOL_DEFINITION ( 'international standard', 'config_control_design', 1994, #1394 ) ;
#1092 = VECTOR ( 'NONE', #1183, 1000.000000000000000 ) ;
#1093 = VERTEX_POINT ( 'NONE', #702 ) ;
#1094 = PLANE ( 'NONE',  #734 ) ;
#1095 = VECTOR ( 'NONE', #1373, 1000.000000000000000 ) ;
#1096 = DIRECTION ( 'NONE',  ( -0.000000000000000000, -0.000000000000000000, -1.000000000000000000 ) ) ;
#1097 = CC_DESIGN_PERSON_AND_ORGANIZATION_ASSIGNMENT ( #601, #609, ( #934 ) ) ;
#1098 = ORIENTED_EDGE ( 'NONE', *, *, #797, .F. ) ;
#1099 = ADVANCED_FACE ( 'NONE', ( #611, #158 ), #929, .F. ) ;
#1100 = ORIENTED_EDGE ( 'NONE', *, *, #764, .F. ) ;
#1101 = DIRECTION ( 'NONE',  ( -1.000000000000000000, 0.000000000000000000, 0.000000000000000000 ) ) ;
#1102 = MANIFOLD_SOLID_BREP ( 'Cut-Extrude-Thin1', #1021 ) ;
#1103 = ORIENTED_EDGE ( 'NONE', *, *, #1042, .F. ) ;
#1104 = CARTESIAN_POINT ( 'NONE',  ( -2.250000000000022649, 24.14539293529927377, -147.4999999999991189 ) ) ;
#1105 = DIRECTION ( 'NONE',  ( -1.000000000000000000, 1.224646799147354193E-16, 0.000000000000000000 ) ) ;
#1106 = EDGE_CURVE ( 'NONE', #154, #93, #420, .T. ) ;
#1107 = ORIENTED_EDGE ( 'NONE', *, *, #183, .F. ) ;
#1108 = CARTESIAN_POINT ( 'NONE',  ( 24.24999999999999645, 2.969768487932332470E-15, -147.4999999999990905 ) ) ;
#1109 = CARTESIAN_POINT ( 'NONE',  ( 22.74999999999999645, 2.786071468060229354E-15, -121.4999999999991331 ) ) ;
#1110 = CARTESIAN_POINT ( 'NONE',  ( 0.000000000000000000, 0.000000000000000000, -76.81027961241112223 ) ) ;
#1111 = EDGE_CURVE ( 'NONE', #491, #385, #281, .T. ) ;
#1112 = EDGE_LOOP ( 'NONE', ( #957, #1323, #1163, #952, #974, #868 ) ) ;
#1113 = CARTESIAN_POINT ( 'NONE',  ( -22.53892417275068283, 0.000000000000000000, -82.18456440190152534 ) ) ;
#1114 = ADVANCED_FACE ( 'NONE', ( #625 ), #508, .F. ) ;
#1115 = AXIS2_PLACEMENT_3D ( 'NONE', #662, #359, #694 ) ;
#1116 = AXIS2_PLACEMENT_3D ( 'NONE', #971, #455, #28 ) ;
#1117 = DIRECTION ( 'NONE',  ( -1.000000000000000000, 0.000000000000000000, 0.000000000000000000 ) ) ;
#1118 = AXIS2_PLACEMENT_3D ( 'NONE', #404, #613, #1148 ) ;
#1119 = CARTESIAN_POINT ( 'NONE',  ( -1.058874969888897461E-14, 0.000000000000000000, -121.4999999999991331 ) ) ;
#1120 = CARTESIAN_POINT ( 'NONE',  ( -1.058874969888897461E-14, 0.000000000000000000, -121.4999999999991331 ) ) ;
#1121 = ORIENTED_EDGE ( 'NONE', *, *, #53, .F. ) ;
#1122 = ADVANCED_FACE ( 'NONE', ( #832 ), #488, .F. ) ;
#1123 = DIRECTION ( 'NONE',  ( -0.000000000000000000, -0.000000000000000000, -1.000000000000000000 ) ) ;
#1124 = DIRECTION ( 'NONE',  ( -0.000000000000000000, -0.000000000000000000, -1.000000000000000000 ) ) ;
#1125 = CARTESIAN_POINT ( 'NONE',  ( 24.14539293529926667, 2.250000000000000000, -121.4999999999991331 ) ) ;
#1126 = EDGE_CURVE ( 'NONE', #584, #145, #1258, .T. ) ;
#1127 = LINE ( 'NONE', #32, #1314 ) ;
#1128 = APPROVAL_STATUS ( 'not_yet_approved' ) ;
#1129 = DIRECTION ( 'NONE',  ( 0.000000000000000000, 1.000000000000000000, 0.000000000000000000 ) ) ;
#1130 = EDGE_LOOP ( 'NONE', ( #7, #179, #907, #1056 ) ) ;
#1131 = DIRECTION ( 'NONE',  ( 0.7071067811865436870, 0.000000000000000000, 0.7071067811865513475 ) ) ;
#1132 = CIRCLE ( 'NONE', #1243, 22.80153689607045209 ) ;
#1133 = VECTOR ( 'NONE', #1020, 1000.000000000000000 ) ;
#1134 = APPROVAL ( #390, 'UNSPECIFIED' ) ;
#1135 = AXIS2_PLACEMENT_3D ( 'NONE', #495, #618, #283 ) ;
#1136 = VECTOR ( 'NONE', #50, 1000.000000000000000 ) ;
#1137 = ORIENTED_EDGE ( 'NONE', *, *, #12, .T. ) ;
#1138 = EDGE_CURVE ( 'NONE', #115, #826, #1206, .T. ) ;
#1139 = COORDINATED_UNIVERSAL_TIME_OFFSET ( 1, 0, .AHEAD. ) ;
#1140 = DIRECTION ( 'NONE',  ( -1.000000000000000000, 1.224646799147352961E-16, 0.000000000000000000 ) ) ;
#1141 = VERTEX_POINT ( 'NONE', #810 ) ;
#1142 = CYLINDRICAL_SURFACE ( 'NONE', #1248, 22.50000000000000000 ) ;
#1143 = DIRECTION ( 'NONE',  ( -0.7071067811865437980, 0.000000000000000000, -0.7071067811865512365 ) ) ;
#1144 = VERTEX_POINT ( 'NONE', #838 ) ;
#1145 = EDGE_CURVE ( 'NONE', #784, #654, #732, .T. ) ;
#1146 = FACE_OUTER_BOUND ( 'NONE', #341, .T. ) ;
#1147 = ORIENTED_EDGE ( 'NONE', *, *, #619, .F. ) ;
#1148 = DIRECTION ( 'NONE',  ( -1.000000000000000000, 0.000000000000000000, 0.000000000000000000 ) ) ;
#1149 = DIRECTION ( 'NONE',  ( 0.7071067811865436870, 0.000000000000000000, 0.7071067811865513475 ) ) ;
#1150 = ORIENTED_EDGE ( 'NONE', *, *, #104, .T. ) ;
#1151 = SECURITY_CLASSIFICATION_LEVEL ( 'unclassified' ) ;
#1152 = DIRECTION ( 'NONE',  ( -0.000000000000000000, -0.000000000000000000, 1.000000000000000000 ) ) ;
#1153 = ORIENTED_EDGE ( 'NONE', *, *, #433, .T. ) ;
#1154 = DIRECTION ( 'NONE',  ( -0.000000000000000000, -0.000000000000000000, -1.000000000000000000 ) ) ;
#1155 = FACE_OUTER_BOUND ( 'NONE', #990, .T. ) ;
#1156 = AXIS2_PLACEMENT_3D ( 'NONE', #1119, #33, #889 ) ;
#1157 = ORIENTED_EDGE ( 'NONE', *, *, #1329, .F. ) ;
#1158 = LOCAL_TIME ( 0, 3, 18.00000000000000000, #407 ) ;
#1159 = CIRCLE ( 'NONE', #648, 5.000000000000004441 ) ;
#1160 = VECTOR ( 'NONE', #655, 1000.000000000000000 ) ;
#1161 = DIRECTION ( 'NONE',  ( -0.000000000000000000, -0.000000000000000000, -1.000000000000000000 ) ) ;
#1162 = AXIS2_PLACEMENT_3D ( 'NONE', #518, #375, #64 ) ;
#1163 = ORIENTED_EDGE ( 'NONE', *, *, #746, .F. ) ;
#1164 = LINE ( 'NONE', #925, #395 ) ;
#1165 = ADVANCED_FACE ( 'NONE', ( #190 ), #537, .T. ) ;
#1166 = CARTESIAN_POINT ( 'NONE',  ( -1.637578961322096115E-14, 0.000000000000000000, -121.4999999999991331 ) ) ;
#1167 = ORIENTED_EDGE ( 'NONE', *, *, #1264, .T. ) ;
#1168 = CARTESIAN_POINT ( 'NONE',  ( 22.84046106882116334, 2.797149753898157099E-15, -83.01303021498760870 ) ) ;
#1169 = VERTEX_POINT ( 'NONE', #1344 ) ;
#1170 = PLANE ( 'NONE',  #35 ) ;
#1171 = EDGE_CURVE ( 'NONE', #84, #208, #1221, .T. ) ;
#1172 = EDGE_LOOP ( 'NONE', ( #864, #457, #292, #658 ) ) ;
#1173 = EDGE_CURVE ( 'NONE', #1141, #982, #748, .T. ) ;
#1174 = DIRECTION ( 'NONE',  ( 0.000000000000000000, 0.000000000000000000, -1.000000000000000000 ) ) ;
#1175 = ORIENTED_EDGE ( 'NONE', *, *, #1208, .T. ) ;
#1176 = CARTESIAN_POINT ( 'NONE',  ( 2.249999999999976907, -24.14539293529928088, -121.4999999999991331 ) ) ;
#1177 = DIRECTION ( 'NONE',  ( -1.110223024625156540E-16, 0.000000000000000000, -1.000000000000000000 ) ) ;
#1178 = DIRECTION ( 'NONE',  ( 0.000000000000000000, 0.000000000000000000, 1.000000000000000000 ) ) ;
#1179 = VECTOR ( 'NONE', #1076, 999.9999999999998863 ) ;
#1180 = ADVANCED_FACE ( 'NONE', ( #980 ), #92, .T. ) ;
#1181 =( GEOMETRIC_REPRESENTATION_CONTEXT ( 3 ) GLOBAL_UNCERTAINTY_ASSIGNED_CONTEXT ( ( #239 ) ) GLOBAL_UNIT_ASSIGNED_CONTEXT ( ( #999, #1219, #1010 ) ) REPRESENTATION_CONTEXT ( 'NONE', 'WORKASPACE' ) );
#1182 = AXIS2_PLACEMENT_3D ( 'NONE', #126, #439, #205 ) ;
#1183 = DIRECTION ( 'NONE',  ( -0.000000000000000000, -0.000000000000000000, -1.000000000000000000 ) ) ;
#1184 = VECTOR ( 'NONE', #94, 1000.000000000000000 ) ;
#1185 = ORIENTED_EDGE ( 'NONE', *, *, #424, .T. ) ;
#1186 = FACE_OUTER_BOUND ( 'NONE', #1270, .T. ) ;
#1187 = CARTESIAN_POINT ( 'NONE',  ( -1.058874969888897461E-14, 0.000000000000000000, -147.4999999999991189 ) ) ;
#1188 = FACE_OUTER_BOUND ( 'NONE', #429, .T. ) ;
#1189 = CARTESIAN_POINT ( 'NONE',  ( -1.058874969888897461E-14, 0.000000000000000000, -121.4999999999991331 ) ) ;
#1190 = EDGE_CURVE ( 'NONE', #154, #381, #973, .T. ) ;
#1191 = VERTEX_POINT ( 'NONE', #961 ) ;
#1192 = DIRECTION ( 'NONE',  ( 0.000000000000000000, 0.000000000000000000, 1.000000000000000000 ) ) ;
#1193 = DIRECTION ( 'NONE',  ( -1.000000000000000000, 0.000000000000000000, 0.000000000000000000 ) ) ;
#1194 = ORIENTED_EDGE ( 'NONE', *, *, #1111, .T. ) ;
#1195 = DIRECTION ( 'NONE',  ( 1.000000000000000000, 0.000000000000000000, 0.000000000000000000 ) ) ;
#1196 = ORIENTED_EDGE ( 'NONE', *, *, #995, .F. ) ;
#1197 = CC_DESIGN_PERSON_AND_ORGANIZATION_ASSIGNMENT ( #152, #928, ( #934 ) ) ;
#1198 = DIRECTION ( 'NONE',  ( 1.000000000000000000, 0.000000000000000000, 0.000000000000000000 ) ) ;
#1199 = CARTESIAN_POINT ( 'NONE',  ( -2.250000000000022649, -22.63846284534354680, -121.4999999999991331 ) ) ;
#1200 = ORIENTED_EDGE ( 'NONE', *, *, #684, .F. ) ;
#1201 = VECTOR ( 'NONE', #212, 1000.000000000000000 ) ;
#1202 = CIRCLE ( 'NONE', #823, 24.25000000000000355 ) ;
#1203 = ORIENTED_EDGE ( 'NONE', *, *, #1388, .F. ) ;
#1204 = DIRECTION ( 'NONE',  ( 1.000000000000000000, 0.000000000000000000, 0.000000000000000000 ) ) ;
#1205 = AXIS2_PLACEMENT_3D ( 'NONE', #475, #350, #699 ) ;
#1206 = CIRCLE ( 'NONE', #1386, 24.25000000000000711 ) ;
#1207 = DIRECTION ( 'NONE',  ( 0.000000000000000000, 0.000000000000000000, 1.000000000000000000 ) ) ;
#1208 = EDGE_CURVE ( 'NONE', #491, #842, #910, .T. ) ;
#1209 = ORIENTED_EDGE ( 'NONE', *, *, #1321, .T. ) ;
#1210 = CARTESIAN_POINT ( 'NONE',  ( -2.250000000000021760, 22.63846284534354325, -147.4999999999990905 ) ) ;
#1211 = ORIENTED_EDGE ( 'NONE', *, *, #1332, .F. ) ;
#1212 = CARTESIAN_POINT ( 'NONE',  ( -5.294374849444487303E-15, 0.000000000000000000, -83.38163490354135376 ) ) ;
#1213 = PLANE ( 'NONE',  #940 ) ;
#1214 = EDGE_CURVE ( 'NONE', #770, #1141, #506, .T. ) ;
#1215 = ORIENTED_EDGE ( 'NONE', *, *, #237, .F. ) ;
#1216 = CARTESIAN_POINT ( 'NONE',  ( -1.058874969888897461E-14, 0.000000000000000000, -121.4999999999991331 ) ) ;
#1217 = LINE ( 'NONE', #1231, #1070 ) ;
#1218 = CARTESIAN_POINT ( 'NONE',  ( 22.74999999999999645, 2.786071468060229354E-15, -147.4999999999990905 ) ) ;
#1219 =( NAMED_UNIT ( * ) PLANE_ANGLE_UNIT ( ) SI_UNIT ( $, .RADIAN. ) );
#1220 = DIRECTION ( 'NONE',  ( 0.000000000000000000, 0.000000000000000000, -1.000000000000000000 ) ) ;
#1221 = CIRCLE ( 'NONE', #822, 72.00000000000001421 ) ;
#1222 = ORIENTED_EDGE ( 'NONE', *, *, #783, .T. ) ;
#1223 = AXIS2_PLACEMENT_3D ( 'NONE', #46, #1326, #150 ) ;
#1224 = FACE_OUTER_BOUND ( 'NONE', #1036, .T. ) ;
#1225 = CIRCLE ( 'NONE', #1135, 22.75000000000000711 ) ;
#1226 = CARTESIAN_POINT ( 'NONE',  ( -21.39199796489160121, 0.000000000000000000, -79.03341054402795862 ) ) ;
#1227 = DATE_AND_TIME ( #157, #320 ) ;
#1228 = LINE ( 'NONE', #454, #583 ) ;
#1229 = EDGE_CURVE ( 'NONE', #637, #142, #302, .T. ) ;
#1230 = EDGE_LOOP ( 'NONE', ( #718, #1209, #728, #1354, #1309, #544, #1147, #552, #127, #612, #504, #1211 ) ) ;
#1231 = CARTESIAN_POINT ( 'NONE',  ( 24.24999999999997868, -2.250000000000000000, -121.4999999999991331 ) ) ;
#1232 = DIRECTION ( 'NONE',  ( -0.000000000000000000, -0.000000000000000000, -1.000000000000000000 ) ) ;
#1233 = CALENDAR_DATE ( 2026, 16, 9 ) ;
#1234 = CARTESIAN_POINT ( 'NONE',  ( -5.294374849444487303E-15, 0.000000000000000000, -83.38163490354135376 ) ) ;
#1235 = CC_DESIGN_PERSON_AND_ORGANIZATION_ASSIGNMENT ( #1257, #69, ( #885 ) ) ;
#1236 = ORIENTED_EDGE ( 'NONE', *, *, #221, .T. ) ;
#1237 = CYLINDRICAL_SURFACE ( 'NONE', #693, 20.99999999999999645 ) ;
#1238 = EDGE_CURVE ( 'NONE', #1290, #900, #1057, .T. ) ;
#1239 = PLANE ( 'NONE',  #979 ) ;
#1240 = ORIENTED_EDGE ( 'NONE', *, *, #287, .F. ) ;
#1241 = ORIENTED_EDGE ( 'NONE', *, *, #764, .T. ) ;
#1242 = CARTESIAN_POINT ( 'NONE',  ( -2.250000000000021760, -24.14539293529927377, -147.4999999999990905 ) ) ;
#1243 = AXIS2_PLACEMENT_3D ( 'NONE', #858, #314, #1328 ) ;
#1244 = APPROVAL_PERSON_ORGANIZATION ( #1018, #322, #1251 ) ;
#1245 = AXIS2_PLACEMENT_3D ( 'NONE', #1166, #178, #503 ) ;
#1246 = CARTESIAN_POINT ( 'NONE',  ( 22.50000000000000000, 0.000000000000000000, -76.81027961241112223 ) ) ;
#1247 = ADVANCED_FACE ( 'NONE', ( #845 ), #97, .T. ) ;
#1248 = AXIS2_PLACEMENT_3D ( 'NONE', #827, #192, #738 ) ;
#1249 = AXIS2_PLACEMENT_3D ( 'NONE', #1288, #975, #757 ) ;
#1250 = VERTEX_POINT ( 'NONE', #632 ) ;
#1251 = APPROVAL_ROLE ( '' ) ;
#1252 = CARTESIAN_POINT ( 'NONE',  ( -1.058874969888897461E-14, 0.000000000000000000, -147.4999999999990905 ) ) ;
#1253 = VERTEX_POINT ( 'NONE', #1077 ) ;
#1254 = CARTESIAN_POINT ( 'NONE',  ( 24.14539293529926667, -2.250000000000000000, -147.4999999999991189 ) ) ;
#1255 = CARTESIAN_POINT ( 'NONE',  ( 27.23906934965074456, 0.000000000000000000, 27.23906934965095061 ) ) ;
#1256 = ORIENTED_EDGE ( 'NONE', *, *, #183, .T. ) ;
#1257 = PERSON_AND_ORGANIZATION ( #309, #779 ) ;
#1258 = LINE ( 'NONE', #293, #849 ) ;
#1259 = ORIENTED_EDGE ( 'NONE', *, *, #1284, .T. ) ;
#1260 = CARTESIAN_POINT ( 'NONE',  ( -2.250000000000022649, -22.63846284534354680, -147.4999999999991189 ) ) ;
#1261 = DIRECTION ( 'NONE',  ( -1.000000000000000000, 0.000000000000000000, 0.000000000000000000 ) ) ;
#1262 = ORIENTED_EDGE ( 'NONE', *, *, #351, .T. ) ;
#1263 = DIRECTION ( 'NONE',  ( -1.000000000000000000, 0.000000000000000000, 0.000000000000000000 ) ) ;
#1264 = EDGE_CURVE ( 'NONE', #642, #784, #1071, .T. ) ;
#1265 = ORIENTED_EDGE ( 'NONE', *, *, #1277, .T. ) ;
#1266 = FACE_OUTER_BOUND ( 'NONE', #108, .T. ) ;
#1267 = CARTESIAN_POINT ( 'NONE',  ( -24.14539293529928443, 2.250000000000000000, -121.4999999999991331 ) ) ;
#1268 = VECTOR ( 'NONE', #250, 1000.000000000000000 ) ;
#1269 = CIRCLE ( 'NONE', #57, 22.75000000000000711 ) ;
#1270 = EDGE_LOOP ( 'NONE', ( #1356, #446, #389, #1000 ) ) ;
#1271 = VECTOR ( 'NONE', #1192, 1000.000000000000000 ) ;
#1272 = DIRECTION ( 'NONE',  ( 1.000000000000000000, 0.000000000000000000, -0.000000000000000000 ) ) ;
#1273 = APPLICATION_CONTEXT ( 'configuration controlled 3d designs of mechanical parts and assemblies' ) ;
#1274 = ORIENTED_EDGE ( 'NONE', *, *, #1145, .T. ) ;
#1275 = ADVANCED_FACE ( 'NONE', ( #551 ), #1005, .T. ) ;
#1276 = DIRECTION ( 'NONE',  ( -0.7071067811865430208, 0.000000000000000000, -0.7071067811865520136 ) ) ;
#1277 = EDGE_CURVE ( 'NONE', #381, #799, #1045, .T. ) ;
#1278 = DIRECTION ( 'NONE',  ( 0.000000000000000000, 0.000000000000000000, -1.000000000000000000 ) ) ;
#1279 = VERTEX_POINT ( 'NONE', #109 ) ;
#1280 = CARTESIAN_POINT ( 'NONE',  ( -20.99999999999999645, 2.571758278209441267E-15, -147.4999999999991189 ) ) ;
#1281 = ORIENTED_EDGE ( 'NONE', *, *, #1025, .F. ) ;
#1282 = DIRECTION ( 'NONE',  ( 0.000000000000000000, 0.000000000000000000, 1.000000000000000000 ) ) ;
#1283 = CYLINDRICAL_SURFACE ( 'NONE', #230, 24.25000000000000711 ) ;
#1284 = EDGE_CURVE ( 'NONE', #208, #25, #445, .T. ) ;
#1285 = ORIENTED_EDGE ( 'NONE', *, *, #573, .T. ) ;
#1286 = DIRECTION ( 'NONE',  ( 0.000000000000000000, -1.000000000000000000, 0.000000000000000000 ) ) ;
#1287 = ORIENTED_EDGE ( 'NONE', *, *, #1017, .T. ) ;
#1288 = CARTESIAN_POINT ( 'NONE',  ( 0.000000000000000000, 0.000000000000000000, -83.01303021498760870 ) ) ;
#1289 = DIRECTION ( 'NONE',  ( 0.000000000000000000, 0.000000000000000000, -1.000000000000000000 ) ) ;
#1290 = VERTEX_POINT ( 'NONE', #876 ) ;
#1291 = EDGE_CURVE ( 'NONE', #245, #301, #1303, .T. ) ;
#1292 = AXIS2_PLACEMENT_3D ( 'NONE', #524, #1286, #1174 ) ;
#1293 = CC_DESIGN_SECURITY_CLASSIFICATION ( #368, ( #934 ) ) ;
#1294 = CIRCLE ( 'NONE', #780, 22.50000000000000000 ) ;
#1295 = DIRECTION ( 'NONE',  ( 0.000000000000000000, 1.000000000000000000, 0.000000000000000000 ) ) ;
#1296 = VECTOR ( 'NONE', #1052, 1000.000000000000000 ) ;
#1297 = ORIENTED_EDGE ( 'NONE', *, *, #772, .T. ) ;
#1298 = AXIS2_PLACEMENT_3D ( 'NONE', #789, #360, #777 ) ;
#1299 = FACE_OUTER_BOUND ( 'NONE', #65, .T. ) ;
#1300 = CARTESIAN_POINT ( 'NONE',  ( -1.637578961322096115E-14, 0.000000000000000000, -121.4999999999991331 ) ) ;
#1301 = EDGE_LOOP ( 'NONE', ( #449, #327, #468, #756 ) ) ;
#1302 = CC_DESIGN_DATE_AND_TIME_ASSIGNMENT ( #1227, #286, ( #384 ) ) ;
#1303 = LINE ( 'NONE', #953, #34 ) ;
#1304 = ORIENTED_EDGE ( 'NONE', *, *, #305, .T. ) ;
#1305 = CYLINDRICAL_SURFACE ( 'NONE', #782, 22.49999999999999645 ) ;
#1306 = LINE ( 'NONE', #781, #708 ) ;
#1307 = VERTEX_POINT ( 'NONE', #769 ) ;
#1308 = LINE ( 'NONE', #1210, #1268 ) ;
#1309 = ORIENTED_EDGE ( 'NONE', *, *, #542, .T. ) ;
#1310 = DIRECTION ( 'NONE',  ( -0.7071067811865437980, 0.000000000000000000, -0.7071067811865512365 ) ) ;
#1311 = EDGE_CURVE ( 'NONE', #816, #361, #331, .T. ) ;
#1312 = LINE ( 'NONE', #872, #1022 ) ;
#1313 = ORIENTED_EDGE ( 'NONE', *, *, #313, .T. ) ;
#1314 = VECTOR ( 'NONE', #156, 1000.000000000000000 ) ;
#1315 = FACE_OUTER_BOUND ( 'NONE', #765, .T. ) ;
#1316 = VECTOR ( 'NONE', #1084, 1000.000000000000000 ) ;
#1317 = AXIS2_PLACEMENT_3D ( 'NONE', #800, #908, #255 ) ;
#1318 = VERTEX_POINT ( 'NONE', #422 ) ;
#1319 = DIRECTION ( 'NONE',  ( -0.000000000000000000, -0.000000000000000000, -1.000000000000000000 ) ) ;
#1320 = CIRCLE ( 'NONE', #103, 22.49999999999999645 ) ;
#1321 = EDGE_CURVE ( 'NONE', #289, #40, #392, .T. ) ;
#1322 = DIRECTION ( 'NONE',  ( 1.000000000000000000, 0.000000000000000000, 0.000000000000000000 ) ) ;
#1323 = ORIENTED_EDGE ( 'NONE', *, *, #529, .T. ) ;
#1324 = DIRECTION ( 'NONE',  ( -1.000000000000000000, 0.000000000000000000, 0.000000000000000000 ) ) ;
#1325 = ORIENTED_EDGE ( 'NONE', *, *, #213, .T. ) ;
#1326 = DIRECTION ( 'NONE',  ( -0.000000000000000000, -0.000000000000000000, 1.000000000000000000 ) ) ;
#1327 = EDGE_CURVE ( 'NONE', #145, #1318, #206, .T. ) ;
#1328 = DIRECTION ( 'NONE',  ( -1.000000000000000000, 0.000000000000000000, 0.000000000000000000 ) ) ;
#1329 = EDGE_CURVE ( 'NONE', #799, #412, #345, .T. ) ;
#1330 = DIRECTION ( 'NONE',  ( 1.224646799147353207E-16, 1.000000000000000000, -0.000000000000000000 ) ) ;
#1331 = PLANE ( 'NONE',  #251 ) ;
#1332 = EDGE_CURVE ( 'NONE', #842, #1144, #159, .T. ) ;
#1333 = CARTESIAN_POINT ( 'NONE',  ( 93.00000000000000000, 0.000000000000000000, -38.52186130069755876 ) ) ;
#1334 = CIRCLE ( 'NONE', #755, 3.500000000000003109 ) ;
#1335 = DIRECTION ( 'NONE',  ( -0.000000000000000000, -0.000000000000000000, -1.000000000000000000 ) ) ;
#1336 = ORIENTED_EDGE ( 'NONE', *, *, #1062, .F. ) ;
#1337 = LOCAL_TIME ( 0, 3, 18.00000000000000000, #168 ) ;
#1338 = AXIS2_PLACEMENT_3D ( 'NONE', #983, #850, #1074 ) ;
#1339 = CARTESIAN_POINT ( 'NONE',  ( 2.249999999999976019, -22.63846284534354680, -147.4999999999990905 ) ) ;
#1340 = AXIS2_PLACEMENT_3D ( 'NONE', #437, #425, #1086 ) ;
#1341 = DIRECTION ( 'NONE',  ( 0.000000000000000000, 0.000000000000000000, 1.000000000000000000 ) ) ;
#1342 = AXIS2_PLACEMENT_3D ( 'NONE', #717, #383, #1140 ) ;
#1343 = APPROVAL_ROLE ( '' ) ;
#1344 = CARTESIAN_POINT ( 'NONE',  ( 43.14897192634813194, 0.000000000000000000, 11.32916677295373376 ) ) ;
#1345 = VERTEX_POINT ( 'NONE', #905 ) ;
#1346 = FACE_OUTER_BOUND ( 'NONE', #1046, .T. ) ;
#1347 = FACE_OUTER_BOUND ( 'NONE', #1130, .T. ) ;
#1348 = EDGE_LOOP ( 'NONE', ( #1167, #1274, #821, #460 ) ) ;
#1349 = CARTESIAN_POINT ( 'NONE',  ( -22.75000000000001776, 0.000000000000000000, -121.4999999999991331 ) ) ;
#1350 = ORIENTED_EDGE ( 'NONE', *, *, #470, .F. ) ;
#1351 = EDGE_CURVE ( 'NONE', #84, #381, #730, .T. ) ;
#1352 = DIRECTION ( 'NONE',  ( 0.000000000000000000, 1.000000000000000000, 0.000000000000000000 ) ) ;
#1353 = DIRECTION ( 'NONE',  ( -0.000000000000000000, -0.000000000000000000, -1.000000000000000000 ) ) ;
#1354 = ORIENTED_EDGE ( 'NONE', *, *, #1138, .F. ) ;
#1355 = DIRECTION ( 'NONE',  ( 0.000000000000000000, 0.000000000000000000, 1.000000000000000000 ) ) ;
#1356 = ORIENTED_EDGE ( 'NONE', *, *, #1126, .T. ) ;
#1357 = CARTESIAN_POINT ( 'NONE',  ( 2.249999999999976907, 24.24999999999999645, -121.4999999999991331 ) ) ;
#1358 = EDGE_CURVE ( 'NONE', #1365, #1191, #466, .T. ) ;
#1359 = AXIS2_PLACEMENT_3D ( 'NONE', #6, #1272, #17 ) ;
#1360 = AXIS2_PLACEMENT_3D ( 'NONE', #650, #117, #227 ) ;
#1361 = FACE_OUTER_BOUND ( 'NONE', #574, .T. ) ;
#1362 = CONICAL_SURFACE ( 'NONE', #1118, 22.84046106882116334, 0.3490658503988644523 ) ;
#1363 = ADVANCED_FACE ( 'NONE', ( #1315 ), #451, .T. ) ;
#1364 = TOROIDAL_SURFACE ( 'NONE', #1162, 27.49999999999999645, 5.000000000000000000 ) ;
#1365 = VERTEX_POINT ( 'NONE', #353 ) ;
#1366 = CARTESIAN_POINT ( 'NONE',  ( 96.59009742330260906, 0.000000000000000000, 96.59009742330360382 ) ) ;
#1367 = ORIENTED_EDGE ( 'NONE', *, *, #253, .F. ) ;
#1368 = DIRECTION ( 'NONE',  ( -1.000000000000000000, 0.000000000000000000, 0.000000000000000000 ) ) ;
#1369 = FACE_OUTER_BOUND ( 'NONE', #1301, .T. ) ;
#1370 = EDGE_LOOP ( 'NONE', ( #762, #11, #793, #968 ) ) ;
#1371 = EDGE_CURVE ( 'NONE', #631, #900, #1308, .T. ) ;
#1372 = PERSON_AND_ORGANIZATION_ROLE ( 'classification_officer' ) ;
#1373 = DIRECTION ( 'NONE',  ( -1.000000000000000000, 0.000000000000000000, 0.000000000000000000 ) ) ;
#1374 = ORIENTED_EDGE ( 'NONE', *, *, #875, .F. ) ;
#1375 = DIRECTION ( 'NONE',  ( -0.7071067811865437980, 0.000000000000000000, -0.7071067811865512365 ) ) ;
#1376 = PRODUCT_DEFINITION_SHAPE ( 'NONE', 'NONE',  #384 ) ;
#1377 = DIRECTION ( 'NONE',  ( 0.000000000000000000, -1.000000000000000000, 0.000000000000000000 ) ) ;
#1378 = ORIENTED_EDGE ( 'NONE', *, *, #41, .F. ) ;
#1379 = EDGE_CURVE ( 'NONE', #385, #500, #665, .T. ) ;
#1380 = CARTESIAN_POINT ( 'NONE',  ( -2.250000000000022649, 24.24999999999999645, -121.4999999999991331 ) ) ;
#1381 = EDGE_LOOP ( 'NONE', ( #316, #565, #421, #174 ) ) ;
#1382 = DIRECTION ( 'NONE',  ( -1.110223024625156540E-16, 0.000000000000000000, -1.000000000000000000 ) ) ;
#1383 = CYLINDRICAL_SURFACE ( 'NONE', #365, 22.49999999999999645 ) ;
#1384 = ORIENTED_EDGE ( 'NONE', *, *, #705, .T. ) ;
#1385 = AXIS2_PLACEMENT_3D ( 'NONE', #970, #416, #744 ) ;
#1386 = AXIS2_PLACEMENT_3D ( 'NONE', #408, #270, #710 ) ;
#1387 = CARTESIAN_POINT ( 'NONE',  ( 2.249999999999976019, -24.14539293529927733, -147.4999999999990905 ) ) ;
#1388 = EDGE_CURVE ( 'NONE', #927, #361, #786, .T. ) ;
#1389 = ORIENTED_EDGE ( 'NONE', *, *, #431, .T. ) ;
#1390 = FACE_OUTER_BOUND ( 'NONE', #680, .T. ) ;
#1391 = EDGE_CURVE ( 'NONE', #337, #245, #56, .T. ) ;
#1392 = CARTESIAN_POINT ( 'NONE',  ( -22.50000000000000000, 2.755455298081544778E-15, -38.52186130069756587 ) ) ;
#1393 = CARTESIAN_POINT ( 'NONE',  ( 20.99999999999999645, 0.000000000000000000, -147.4999999999991189 ) ) ;
#1394 = APPLICATION_CONTEXT ( 'configuration controlled 3d designs of mechanical parts and assemblies' ) ;
#1395 = DIRECTION ( 'NONE',  ( 0.000000000000000000, 1.000000000000000000, 0.000000000000000000 ) ) ;
ENDSEC;
END-ISO-10303-21;
