ISO-10303-21;
HEADER;
FILE_DESCRIPTION (( 'STEP AP203' ),
    '1' );
FILE_NAME ('79-8444 - 45mm 90deg.STEP',
    '2026-09-15T22:03:20',
    ( '' ),
    ( '' ),
    'SwSTEP 2.0',
    'SolidWorks 2026',
    '' );
FILE_SCHEMA (( 'CONFIG_CONTROL_DESIGN' ));
ENDSEC;

DATA;
#1 = DIRECTION ( 'NONE',  ( 0.000000000000000000, 0.000000000000000000, 1.000000000000000000 ) ) ;
#2 = ORIENTED_EDGE ( 'NONE', *, *, #1388, .F. ) ;
#3 = ORIENTED_EDGE ( 'NONE', *, *, #44, .F. ) ;
#4 = DIRECTION ( 'NONE',  ( -0.000000000000000000, -0.000000000000000000, -1.000000000000000000 ) ) ;
#5 = ADVANCED_FACE ( 'NONE', ( #1141 ), #1002, .T. ) ;
#6 = ORIENTED_EDGE ( 'NONE', *, *, #811, .F. ) ;
#7 = CARTESIAN_POINT ( 'NONE',  ( 93.00000000000000000, 0.000000000000000000, 0.000000000000000000 ) ) ;
#8 = CARTESIAN_POINT ( 'NONE',  ( 0.000000000000000000, 0.000000000000000000, 0.000000000000000000 ) ) ;
#9 = DIRECTION ( 'NONE',  ( 0.000000000000000000, 1.000000000000000000, 0.000000000000000000 ) ) ;
#10 = CIRCLE ( 'NONE', #965, 20.99999999999999645 ) ;
#11 = EDGE_LOOP ( 'NONE', ( #58, #1199, #798, #1126 ) ) ;
#12 = DIRECTION ( 'NONE',  ( -0.000000000000000000, -1.000000000000000000, -0.000000000000000000 ) ) ;
#13 = ORIENTED_EDGE ( 'NONE', *, *, #201, .F. ) ;
#14 = LOCAL_TIME ( 0, 3, 20.00000000000000000, #29 ) ;
#15 = ADVANCED_FACE ( 'NONE', ( #249 ), #686, .F. ) ;
#16 = DIRECTION ( 'NONE',  ( -0.000000000000000000, -0.000000000000000000, -1.000000000000000000 ) ) ;
#17 = VECTOR ( 'NONE', #644, 1000.000000000000000 ) ;
#18 = AXIS2_PLACEMENT_3D ( 'NONE', #988, #9, #124 ) ;
#19 = VECTOR ( 'NONE', #383, 1000.000000000000000 ) ;
#20 = PERSON_AND_ORGANIZATION ( #1203, #559 ) ;
#21 = CARTESIAN_POINT ( 'NONE',  ( 93.00000000000000000, -2.755455298081544778E-15, -93.00000000000000000 ) ) ;
#22 = VECTOR ( 'NONE', #64, 1000.000000000000000 ) ;
#23 = VERTEX_POINT ( 'NONE', #1244 ) ;
#24 = CARTESIAN_POINT ( 'NONE',  ( 3.259361617498213419E-18, 0.000000000000000000, -114.0334105440284418 ) ) ;
#25 = VERTEX_POINT ( 'NONE', #371 ) ;
#26 = DIRECTION ( 'NONE',  ( 1.000000000000000000, 0.000000000000000000, 0.000000000000000000 ) ) ;
#27 = CC_DESIGN_PERSON_AND_ORGANIZATION_ASSIGNMENT ( #910, #570, ( #489 ) ) ;
#28 = EDGE_CURVE ( 'NONE', #105, #645, #1221, .T. ) ;
#29 = COORDINATED_UNIVERSAL_TIME_OFFSET ( 1, 0, .AHEAD. ) ;
#30 = LINE ( 'NONE', #353, #768 ) ;
#31 = EDGE_LOOP ( 'NONE', ( #342, #6, #1191, #258 ) ) ;
#32 = DIRECTION ( 'NONE',  ( 1.000000000000000000, 0.000000000000000000, 7.748057811821501427E-20 ) ) ;
#33 = CARTESIAN_POINT ( 'NONE',  ( 2.914862677869897112E-18, 0.000000000000000000, -111.8102796124115912 ) ) ;
#34 = DATE_AND_TIME ( #1332, #415 ) ;
#35 = DIRECTION ( 'NONE',  ( 0.000000000000000000, 0.000000000000000000, 1.000000000000000000 ) ) ;
#36 = VERTEX_POINT ( 'NONE', #816 ) ;
#37 = EDGE_LOOP ( 'NONE', ( #767, #223, #1050, #921 ) ) ;
#38 = CIRCLE ( 'NONE', #209, 22.75000000000000711 ) ;
#39 = ORIENTED_EDGE ( 'NONE', *, *, #894, .T. ) ;
#40 = VECTOR ( 'NONE', #421, 1000.000000000000000 ) ;
#41 = PERSON_AND_ORGANIZATION ( #1203, #559 ) ;
#42 = AXIS2_PLACEMENT_3D ( 'NONE', #651, #220, #751 ) ;
#43 = CYLINDRICAL_SURFACE ( 'NONE', #1363, 22.50000000000000000 ) ;
#44 = EDGE_CURVE ( 'NONE', #1284, #1328, #161, .T. ) ;
#45 = VECTOR ( 'NONE', #842, 1000.000000000000000 ) ;
#46 = CARTESIAN_POINT ( 'NONE',  ( -7.837739514543068415E-15, 0.000000000000000000, -156.5000000000000000 ) ) ;
#47 = AXIS2_PLACEMENT_3D ( 'NONE', #553, #1390, #1293 ) ;
#48 = CARTESIAN_POINT ( 'NONE',  ( 2.249999999999993339, -24.14539293529928088, -156.5000000000000000 ) ) ;
#49 = EDGE_CURVE ( 'NONE', #1250, #25, #1229, .T. ) ;
#50 = EDGE_LOOP ( 'NONE', ( #416, #119, #865, #724 ) ) ;
#51 = PERSON_AND_ORGANIZATION_ROLE ( 'creator' ) ;
#52 = DIRECTION ( 'NONE',  ( -7.748057811821501427E-20, 0.000000000000000000, 1.000000000000000000 ) ) ;
#53 = CARTESIAN_POINT ( 'NONE',  ( 3.747668062793189314E-18, 0.000000000000000000, -117.1845644019020085 ) ) ;
#54 = DIRECTION ( 'NONE',  ( -1.549611562364301008E-19, 0.000000000000000000, 1.000000000000000000 ) ) ;
#55 = EDGE_CURVE ( 'NONE', #1072, #728, #337, .T. ) ;
#56 = ORIENTED_EDGE ( 'NONE', *, *, #1130, .F. ) ;
#57 = FACE_OUTER_BOUND ( 'NONE', #787, .T. ) ;
#58 = ORIENTED_EDGE ( 'NONE', *, *, #764, .F. ) ;
#59 = AXIS2_PLACEMENT_3D ( 'NONE', #431, #575, #1385 ) ;
#60 = ADVANCED_FACE ( 'NONE', ( #480 ), #131, .T. ) ;
#61 = CIRCLE ( 'NONE', #969, 22.75000000000000711 ) ;
#62 = AXIS2_PLACEMENT_3D ( 'NONE', #254, #690, #1123 ) ;
#63 = ORIENTED_EDGE ( 'NONE', *, *, #1354, .F. ) ;
#64 = DIRECTION ( 'NONE',  ( -1.549611562364301730E-19, -0.000000000000000000, 1.000000000000000000 ) ) ;
#65 = CARTESIAN_POINT ( 'NONE',  ( -7.837739514543068415E-15, 0.000000000000000000, -156.5000000000000000 ) ) ;
#66 = CIRCLE ( 'NONE', #590, 24.25000000000000711 ) ;
#67 = AXIS2_PLACEMENT_3D ( 'NONE', #1255, #286, #1164 ) ;
#68 = ORIENTED_EDGE ( 'NONE', *, *, #811, .T. ) ;
#69 = EDGE_CURVE ( 'NONE', #1356, #938, #66, .T. ) ;
#70 = CARTESIAN_POINT ( 'NONE',  ( 22.50000000000000000, 0.000000000000000000, -182.5000000000000000 ) ) ;
#71 = DIRECTION ( 'NONE',  ( -1.000000000000000000, 0.000000000000000000, 0.000000000000000000 ) ) ;
#72 = VERTEX_POINT ( 'NONE', #1224 ) ;
#73 = DIRECTION ( 'NONE',  ( -0.3420201433256681023, 0.000000000000000000, -0.9396926207859086499 ) ) ;
#74 = ADVANCED_FACE ( 'NONE', ( #1119 ), #1133, .T. ) ;
#75 = DIRECTION ( 'NONE',  ( 0.000000000000000000, 0.000000000000000000, -1.000000000000000000 ) ) ;
#76 = DIRECTION ( 'NONE',  ( -1.000000000000000000, 0.000000000000000000, 0.000000000000000000 ) ) ;
#77 = ORIENTED_EDGE ( 'NONE', *, *, #1130, .T. ) ;
#78 = CYLINDRICAL_SURFACE ( 'NONE', #561, 24.25000000000000711 ) ;
#79 = VERTEX_POINT ( 'NONE', #692 ) ;
#80 = CONICAL_SURFACE ( 'NONE', #302, 22.84046106882130900, 0.3490658503988652295 ) ;
#81 = DIRECTION ( 'NONE',  ( -0.000000000000000000, -0.000000000000000000, -1.000000000000000000 ) ) ;
#82 = CIRCLE ( 'NONE', #1237, 21.39199796489159411 ) ;
#83 = EDGE_CURVE ( 'NONE', #771, #228, #178, .T. ) ;
#84 = DIRECTION ( 'NONE',  ( 0.000000000000000000, 0.000000000000000000, 1.000000000000000000 ) ) ;
#85 = CARTESIAN_POINT ( 'NONE',  ( 93.00000000000000000, 2.755455298081543989E-15, 22.50000000000000000 ) ) ;
#86 = AXIS2_PLACEMENT_3D ( 'NONE', #245, #1226, #35 ) ;
#87 = CIRCLE ( 'NONE', #882, 22.75000000000000711 ) ;
#88 = VERTEX_POINT ( 'NONE', #1232 ) ;
#89 = DIRECTION ( 'NONE',  ( 0.000000000000000000, 0.000000000000000000, 1.000000000000000000 ) ) ;
#90 = LINE ( 'NONE', #70, #909 ) ;
#91 = CARTESIAN_POINT ( 'NONE',  ( 21.39199796489159411, 2.689993158972760295E-15, -114.0334105440284418 ) ) ;
#92 = ORIENTED_EDGE ( 'NONE', *, *, #1113, .T. ) ;
#93 = ADVANCED_FACE ( 'NONE', ( #263 ), #1108, .T. ) ;
#94 = PLANE ( 'NONE',  #606 ) ;
#95 = ORIENTED_EDGE ( 'NONE', *, *, #69, .F. ) ;
#96 = DIRECTION ( 'NONE',  ( 0.000000000000000000, -1.000000000000000000, 0.000000000000000000 ) ) ;
#97 = DIRECTION ( 'NONE',  ( 0.000000000000000000, 0.000000000000000000, -1.000000000000000000 ) ) ;
#98 = CARTESIAN_POINT ( 'NONE',  ( -20.99999999999999645, 2.571758278209440872E-15, -182.5000000000000000 ) ) ;
#99 = VERTEX_POINT ( 'NONE', #187 ) ;
#100 = EDGE_CURVE ( 'NONE', #251, #586, #194, .T. ) ;
#101 = CIRCLE ( 'NONE', #603, 24.25000000000000711 ) ;
#102 = CARTESIAN_POINT ( 'NONE',  ( 22.63846284534353970, 2.249999999999999112, -156.5000000000000000 ) ) ;
#103 = AXIS2_PLACEMENT_3D ( 'NONE', #548, #639, #1001 ) ;
#104 = LINE ( 'NONE', #539, #239 ) ;
#105 = VERTEX_POINT ( 'NONE', #91 ) ;
#106 = CYLINDRICAL_SURFACE ( 'NONE', #1102, 22.50000000000000000 ) ;
#107 = VECTOR ( 'NONE', #1089, 1000.000000000000000 ) ;
#108 = CLOSED_SHELL ( 'NONE', ( #535, #708, #1011, #60, #259, #1180, #508, #908, #290, #1212, #1162, #385, #1168, #1061, #336, #944, #1362, #774, #1235, #1078, #607, #5, #324, #1258, #93, #556, #1299, #929, #614, #1046, #1292, #527, #1021, #1088, #252, #292, #1346, #15, #667, #158, #1100, #1157, #354, #1230, #74 ) ) ;
#109 = CC_DESIGN_PERSON_AND_ORGANIZATION_ASSIGNMENT ( #1019, #681, ( #1297 ) ) ;
#110 = EDGE_CURVE ( 'NONE', #736, #330, #608, .T. ) ;
#111 = CARTESIAN_POINT ( 'NONE',  ( -22.63846284534355036, -2.250000000000000000, -182.5000000000000000 ) ) ;
#112 = FACE_OUTER_BOUND ( 'NONE', #127, .T. ) ;
#113 = ORIENTED_EDGE ( 'NONE', *, *, #195, .T. ) ;
#114 = CARTESIAN_POINT ( 'NONE',  ( 2.249999999999992450, -24.14539293529927733, -182.5000000000000000 ) ) ;
#115 = ORIENTED_EDGE ( 'NONE', *, *, #619, .T. ) ;
#116 = DIRECTION ( 'NONE',  ( 1.549611562364300285E-19, -0.000000000000000000, -1.000000000000000000 ) ) ;
#117 = ORIENTED_EDGE ( 'NONE', *, *, #49, .T. ) ;
#118 = EDGE_CURVE ( 'NONE', #153, #301, #400, .T. ) ;
#119 = ORIENTED_EDGE ( 'NONE', *, *, #1195, .F. ) ;
#120 = DIRECTION ( 'NONE',  ( 1.549611562364299804E-19, 0.000000000000000000, -1.000000000000000000 ) ) ;
#121 = ORIENTED_EDGE ( 'NONE', *, *, #894, .F. ) ;
#122 = FACE_OUTER_BOUND ( 'NONE', #660, .T. ) ;
#123 = PLANE ( 'NONE',  #396 ) ;
#124 = DIRECTION ( 'NONE',  ( 0.000000000000000000, 0.000000000000000000, 1.000000000000000000 ) ) ;
#125 = ORIENTED_EDGE ( 'NONE', *, *, #49, .F. ) ;
#126 = APPROVAL_PERSON_ORGANIZATION ( #1136, #1194, #592 ) ;
#127 = EDGE_LOOP ( 'NONE', ( #524, #945, #167, #663 ) ) ;
#128 = CARTESIAN_POINT ( 'NONE',  ( 22.63846284534353970, -2.250000000000000000, -182.5000000000000000 ) ) ;
#129 = VERTEX_POINT ( 'NONE', #1369 ) ;
#130 = PLANE ( 'NONE',  #1034 ) ;
#131 = TOROIDAL_SURFACE ( 'NONE', #308, 27.49999999999999645, 6.500000000000000888 ) ;
#132 = CIRCLE ( 'NONE', #179, 22.75000000000000711 ) ;
#133 = DATE_AND_TIME ( #367, #443 ) ;
#134 = CARTESIAN_POINT ( 'NONE',  ( 93.00000000000000000, 0.000000000000000000, -20.99999999999999645 ) ) ;
#135 = ORIENTED_EDGE ( 'NONE', *, *, #346, .F. ) ;
#136 = CARTESIAN_POINT ( 'NONE',  ( -22.63846284534355036, 2.250000000000000000, -156.5000000000000000 ) ) ;
#137 = DIRECTION ( 'NONE',  ( -1.000000000000000000, 0.000000000000000000, 0.000000000000000000 ) ) ;
#138 = ORIENTED_EDGE ( 'NONE', *, *, #485, .F. ) ;
#139 = CYLINDRICAL_SURFACE ( 'NONE', #1320, 20.99999999999999645 ) ;
#140 = EDGE_CURVE ( 'NONE', #1109, #238, #523, .T. ) ;
#141 = CALENDAR_DATE ( 2026, 16, 9 ) ;
#142 = CARTESIAN_POINT ( 'NONE',  ( 2.828041101314847026E-17, 0.000000000000000000, -156.5000000000000000 ) ) ;
#143 = ORIENTED_EDGE ( 'NONE', *, *, #1354, .T. ) ;
#144 = LINE ( 'NONE', #149, #925 ) ;
#145 = CARTESIAN_POINT ( 'NONE',  ( 2.828041101314847026E-17, 0.000000000000000000, -156.5000000000000000 ) ) ;
#146 = EDGE_CURVE ( 'NONE', #1262, #964, #958, .T. ) ;
#147 = EDGE_CURVE ( 'NONE', #1335, #537, #473, .T. ) ;
#148 = DIRECTION ( 'NONE',  ( -1.000000000000000000, 0.000000000000000000, -2.868821503189434744E-18 ) ) ;
#149 = CARTESIAN_POINT ( 'NONE',  ( 22.84046106882130900, 2.797149753898174849E-15, -118.0130302149884898 ) ) ;
#150 = CARTESIAN_POINT ( 'NONE',  ( -7.837739514543068415E-15, 0.000000000000000000, -118.3816349035418511 ) ) ;
#151 = ORIENTED_EDGE ( 'NONE', *, *, #961, .F. ) ;
#152 = AXIS2_PLACEMENT_3D ( 'NONE', #972, #863, #775 ) ;
#153 = VERTEX_POINT ( 'NONE', #617 ) ;
#154 = AXIS2_PLACEMENT_3D ( 'NONE', #1283, #1179, #1208 ) ;
#155 = PERSON_AND_ORGANIZATION ( #1203, #559 ) ;
#156 = VECTOR ( 'NONE', #89, 1000.000000000000000 ) ;
#157 = CARTESIAN_POINT ( 'NONE',  ( 93.00000000000004263, 0.000000000000000000, 0.000000000000000000 ) ) ;
#158 = ADVANCED_FACE ( 'NONE', ( #1261 ), #1353, .T. ) ;
#159 = ORIENTED_EDGE ( 'NONE', *, *, #693, .F. ) ;
#160 = TOROIDAL_SURFACE ( 'NONE', #569, 27.49999999999999645, 5.000000000000000000 ) ;
#161 = LINE ( 'NONE', #1033, #1344 ) ;
#162 = DIRECTION ( 'NONE',  ( 0.000000000000000000, 0.000000000000000000, 1.000000000000000000 ) ) ;
#163 = CARTESIAN_POINT ( 'NONE',  ( 24.25000000000000000, 2.250000000000000000, -156.5000000000000000 ) ) ;
#164 = EDGE_CURVE ( 'NONE', #99, #72, #1349, .T. ) ;
#165 = DIRECTION ( 'NONE',  ( -0.000000000000000000, -0.000000000000000000, -1.000000000000000000 ) ) ;
#166 = DIRECTION ( 'NONE',  ( 0.000000000000000000, 0.000000000000000000, 1.000000000000000000 ) ) ;
#167 = ORIENTED_EDGE ( 'NONE', *, *, #657, .F. ) ;
#168 = LINE ( 'NONE', #486, #19 ) ;
#169 = DIRECTION ( 'NONE',  ( -0.000000000000000000, 0.000000000000000000, -1.000000000000000000 ) ) ;
#170 = CARTESIAN_POINT ( 'NONE',  ( -22.63846284534355391, -2.249999999999999112, -182.5000000000000000 ) ) ;
#171 = ORIENTED_EDGE ( 'NONE', *, *, #110, .T. ) ;
#172 = VECTOR ( 'NONE', #397, 1000.000000000000000 ) ;
#173 = CIRCLE ( 'NONE', #650, 6.499999999999999112 ) ;
#174 = VECTOR ( 'NONE', #571, 1000.000000000000000 ) ;
#175 = ORIENTED_EDGE ( 'NONE', *, *, #181, .F. ) ;
#176 = CARTESIAN_POINT ( 'NONE',  ( 2.828041101314847026E-17, 0.000000000000000000, -156.5000000000000000 ) ) ;
#177 = DIRECTION ( 'NONE',  ( 0.000000000000000000, -0.000000000000000000, -1.000000000000000000 ) ) ;
#178 = CIRCLE ( 'NONE', #517, 22.75000000000000711 ) ;
#179 = AXIS2_PLACEMENT_3D ( 'NONE', #841, #1267, #298 ) ;
#180 = ORIENTED_EDGE ( 'NONE', *, *, #110, .F. ) ;
#181 = EDGE_CURVE ( 'NONE', #892, #668, #361, .T. ) ;
#182 = CARTESIAN_POINT ( 'NONE',  ( 2.914862677869894030E-18, 0.000000000000000000, -111.8102796124115912 ) ) ;
#183 = DIRECTION ( 'NONE',  ( 1.000000000000000000, 0.000000000000000000, 2.868821503189435129E-18 ) ) ;
#184 = EDGE_LOOP ( 'NONE', ( #1222, #970, #77, #135 ) ) ;
#185 = EDGE_CURVE ( 'NONE', #330, #640, #423, .T. ) ;
#186 = DIRECTION ( 'NONE',  ( -1.000000000000000000, 0.000000000000000000, 0.000000000000000000 ) ) ;
#187 = CARTESIAN_POINT ( 'NONE',  ( -22.63846284534355036, 2.250000000000000000, -182.5000000000000000 ) ) ;
#188 = ORIENTED_EDGE ( 'NONE', *, *, #217, .F. ) ;
#189 = LINE ( 'NONE', #937, #172 ) ;
#190 =( GEOMETRIC_REPRESENTATION_CONTEXT ( 3 ) GLOBAL_UNCERTAINTY_ASSIGNED_CONTEXT ( ( #352 ) ) GLOBAL_UNIT_ASSIGNED_CONTEXT ( ( #1279, #312, #750 ) ) REPRESENTATION_CONTEXT ( 'NONE', 'WORKASPACE' ) );
#191 = LOCAL_TIME ( 0, 3, 20.00000000000000000, #812 ) ;
#192 = TOROIDAL_SURFACE ( 'NONE', #1253, 19.25000000000000711, 3.500000000000000000 ) ;
#193 = CARTESIAN_POINT ( 'NONE',  ( 2.249999999999993339, 24.25000000000001421, -156.5000000000000000 ) ) ;
#194 = LINE ( 'NONE', #727, #494 ) ;
#195 = EDGE_CURVE ( 'NONE', #445, #1325, #723, .T. ) ;
#196 = EDGE_LOOP ( 'NONE', ( #735, #633, #1082, #2, #1171, #1305, #1370, #993, #1098, #175, #777, #1312 ) ) ;
#197 = DIRECTION ( 'NONE',  ( -1.549611562364301730E-19, -0.000000000000000000, 1.000000000000000000 ) ) ;
#198 = FACE_OUTER_BOUND ( 'NONE', #683, .T. ) ;
#199 = DIRECTION ( 'NONE',  ( 0.000000000000000000, 0.000000000000000000, -1.000000000000000000 ) ) ;
#200 = ORIENTED_EDGE ( 'NONE', *, *, #485, .T. ) ;
#201 = EDGE_CURVE ( 'NONE', #445, #36, #886, .T. ) ;
#202 = CARTESIAN_POINT ( 'NONE',  ( -7.837739514543068415E-15, 0.000000000000000000, -182.5000000000000000 ) ) ;
#203 = EDGE_LOOP ( 'NONE', ( #229, #113, #1207, #3 ) ) ;
#204 = CARTESIAN_POINT ( 'NONE',  ( -2.250000000000006217, 24.25000000000001421, -156.5000000000000000 ) ) ;
#205 = LINE ( 'NONE', #1303, #739 ) ;
#206 = CARTESIAN_POINT ( 'NONE',  ( 1.386902348316054449E-17, 0.000000000000000000, -182.5000000000000000 ) ) ;
#207 = ORIENTED_EDGE ( 'NONE', *, *, #459, .F. ) ;
#208 = DIRECTION ( 'NONE',  ( 1.000000000000000000, 0.000000000000000000, 2.868821503189435129E-18 ) ) ;
#209 = AXIS2_PLACEMENT_3D ( 'NONE', #232, #325, #458 ) ;
#210 = DIRECTION ( 'NONE',  ( 1.000000000000000000, 0.000000000000000000, 0.000000000000000000 ) ) ;
#211 = DIRECTION ( 'NONE',  ( -0.000000000000000000, -0.000000000000000000, -1.000000000000000000 ) ) ;
#212 = ORIENTED_EDGE ( 'NONE', *, *, #793, .F. ) ;
#213 = CARTESIAN_POINT ( 'NONE',  ( 24.25000000000000000, 2.969768487932332470E-15, -182.5000000000000000 ) ) ;
#214 = ORIENTED_EDGE ( 'NONE', *, *, #703, .T. ) ;
#215 = DIRECTION ( 'NONE',  ( 1.549611562364301730E-19, 0.000000000000000000, -1.000000000000000000 ) ) ;
#216 = AXIS2_PLACEMENT_3D ( 'NONE', #21, #313, #1 ) ;
#217 = EDGE_CURVE ( 'NONE', #728, #1072, #401, .T. ) ;
#218 = VECTOR ( 'NONE', #248, 1000.000000000000000 ) ;
#219 = DIRECTION ( 'NONE',  ( -0.000000000000000000, -1.000000000000000000, -0.000000000000000000 ) ) ;
#220 = DIRECTION ( 'NONE',  ( -1.549611562364301730E-19, -0.000000000000000000, 1.000000000000000000 ) ) ;
#221 = ORIENTED_EDGE ( 'NONE', *, *, #903, .F. ) ;
#222 = DIRECTION ( 'NONE',  ( -1.000000000000000000, 0.000000000000000000, 0.000000000000000000 ) ) ;
#223 = ORIENTED_EDGE ( 'NONE', *, *, #831, .T. ) ;
#224 = CARTESIAN_POINT ( 'NONE',  ( 4.513898307157584031E-32, 0.000000000000000000, -93.00000000000000000 ) ) ;
#225 = CC_DESIGN_PERSON_AND_ORGANIZATION_ASSIGNMENT ( #1105, #888, ( #543 ) ) ;
#226 = DIRECTION ( 'NONE',  ( 0.000000000000000000, 0.000000000000000000, -1.000000000000000000 ) ) ;
#227 = CARTESIAN_POINT ( 'NONE',  ( -7.837739514543068415E-15, 0.000000000000000000, -156.5000000000000000 ) ) ;
#228 = VERTEX_POINT ( 'NONE', #825 ) ;
#229 = ORIENTED_EDGE ( 'NONE', *, *, #250, .F. ) ;
#230 = LINE ( 'NONE', #213, #765 ) ;
#231 = EDGE_LOOP ( 'NONE', ( #1206, #1276, #959, #711 ) ) ;
#232 = CARTESIAN_POINT ( 'NONE',  ( -7.837739514543068415E-15, 0.000000000000000000, -118.3816349035418511 ) ) ;
#233 = AXIS2_PLACEMENT_3D ( 'NONE', #1087, #116, #994 ) ;
#234 = CARTESIAN_POINT ( 'NONE',  ( -2.250000000000005329, -24.14539293529927733, -182.5000000000000000 ) ) ;
#235 = EDGE_LOOP ( 'NONE', ( #1336, #314, #710, #491 ) ) ;
#236 = CARTESIAN_POINT ( 'NONE',  ( 24.25000000000000000, 2.969768487932332470E-15, -118.3816349035418511 ) ) ;
#237 = EDGE_CURVE ( 'NONE', #1072, #862, #1361, .T. ) ;
#238 = VERTEX_POINT ( 'NONE', #516 ) ;
#239 = VECTOR ( 'NONE', #976, 1000.000000000000000 ) ;
#240 = PLANE ( 'NONE',  #1052 ) ;
#241 = AXIS2_PLACEMENT_3D ( 'NONE', #980, #199, #340 ) ;
#242 = AXIS2_PLACEMENT_3D ( 'NONE', #145, #907, #1327 ) ;
#243 = CIRCLE ( 'NONE', #609, 22.50000000000000000 ) ;
#244 = DATE_AND_TIME ( #347, #191 ) ;
#245 = CARTESIAN_POINT ( 'NONE',  ( 93.00000000000000000, 0.000000000000000000, -93.00000000000000000 ) ) ;
#246 = EDGE_LOOP ( 'NONE', ( #457, #932, #1371, #265, #706, #622, #806, #1062, #39, #758, #716, #262 ) ) ;
#247 = DIRECTION ( 'NONE',  ( -0.000000000000000000, -0.000000000000000000, -1.000000000000000000 ) ) ;
#248 = DIRECTION ( 'NONE',  ( -0.000000000000000000, -0.000000000000000000, -1.000000000000000000 ) ) ;
#249 = FACE_OUTER_BOUND ( 'NONE', #203, .T. ) ;
#250 = EDGE_CURVE ( 'NONE', #445, #1284, #299, .T. ) ;
#251 = VERTEX_POINT ( 'NONE', #1268 ) ;
#252 = ADVANCED_FACE ( 'NONE', ( #1249 ), #734, .T. ) ;
#253 = DATE_AND_TIME ( #460, #625 ) ;
#254 = CARTESIAN_POINT ( 'NONE',  ( 3.668168307494347474E-18, 0.000000000000000000, -116.6715341869135045 ) ) ;
#255 = ORIENTED_EDGE ( 'NONE', *, *, #764, .T. ) ;
#256 = DIRECTION ( 'NONE',  ( -1.000000000000000000, 0.000000000000000000, -1.549611562364299804E-19 ) ) ;
#257 = DIRECTION ( 'NONE',  ( -0.000000000000000000, -0.000000000000000000, -1.000000000000000000 ) ) ;
#258 = ORIENTED_EDGE ( 'NONE', *, *, #459, .T. ) ;
#259 = ADVANCED_FACE ( 'NONE', ( #611 ), #452, .F. ) ;
#260 = COORDINATED_UNIVERSAL_TIME_OFFSET ( 1, 0, .AHEAD. ) ;
#261 = CARTESIAN_POINT ( 'NONE',  ( 23.94846310392954081, 2.932840868472579892E-15, -116.6715341869135045 ) ) ;
#262 = ORIENTED_EDGE ( 'NONE', *, *, #914, .F. ) ;
#263 = FACE_OUTER_BOUND ( 'NONE', #365, .T. ) ;
#264 = AXIS2_PLACEMENT_3D ( 'NONE', #1051, #496, #827 ) ;
#265 = ORIENTED_EDGE ( 'NONE', *, *, #546, .F. ) ;
#266 = VECTOR ( 'NONE', #448, 1000.000000000000000 ) ;
#267 = AXIS2_PLACEMENT_3D ( 'NONE', #742, #1065, #659 ) ;
#268 = EDGE_CURVE ( 'NONE', #1124, #1185, #495, .T. ) ;
#269 = LINE ( 'NONE', #234, #1106 ) ;
#270 = VERTEX_POINT ( 'NONE', #48 ) ;
#271 = FACE_OUTER_BOUND ( 'NONE', #785, .T. ) ;
#272 = VECTOR ( 'NONE', #632, 1000.000000000000000 ) ;
#273 = EDGE_LOOP ( 'NONE', ( #422, #115, #1241, #1213 ) ) ;
#274 = ORIENTED_EDGE ( 'NONE', *, *, #941, .F. ) ;
#275 = DIRECTION ( 'NONE',  ( -0.000000000000000000, -1.000000000000000000, -0.000000000000000000 ) ) ;
#276 = DIRECTION ( 'NONE',  ( 1.549611562364300285E-19, -0.000000000000000000, -1.000000000000000000 ) ) ;
#277 = ORIENTED_EDGE ( 'NONE', *, *, #594, .T. ) ;
#278 = FACE_BOUND ( 'NONE', #1086, .T. ) ;
#279 = CARTESIAN_POINT ( 'NONE',  ( 24.25000000000000000, 2.250000000000000000, -156.5000000000000000 ) ) ;
#280 = EDGE_CURVE ( 'NONE', #1227, #1127, #1111, .T. ) ;
#281 = ORIENTED_EDGE ( 'NONE', *, *, #440, .T. ) ;
#282 = CARTESIAN_POINT ( 'NONE',  ( -23.94846310392954081, 0.000000000000000000, -116.6715341869135045 ) ) ;
#283 = AXIS2_PLACEMENT_3D ( 'NONE', #53, #585, #463 ) ;
#284 = AXIS2_PLACEMENT_3D ( 'NONE', #227, #97, #320 ) ;
#285 = PLANE ( 'NONE',  #1156 ) ;
#286 = DIRECTION ( 'NONE',  ( 1.224646799147353207E-16, 1.000000000000000000, 1.897726839771170421E-35 ) ) ;
#287 = AXIS2_PLACEMENT_3D ( 'NONE', #469, #1319, #166 ) ;
#288 = CIRCLE ( 'NONE', #1083, 24.25000000000000711 ) ;
#289 = ORIENTED_EDGE ( 'NONE', *, *, #391, .T. ) ;
#290 = ADVANCED_FACE ( 'NONE', ( #1318 ), #160, .F. ) ;
#291 = DIRECTION ( 'NONE',  ( -0.000000000000000000, -0.000000000000000000, -1.000000000000000000 ) ) ;
#292 = ADVANCED_FACE ( 'NONE', ( #1118 ), #285, .T. ) ;
#293 = CARTESIAN_POINT ( 'NONE',  ( 3.876048083091425278E-18, 0.000000000000000000, -118.0130302149884898 ) ) ;
#294 = CARTESIAN_POINT ( 'NONE',  ( -22.50000000000000000, 2.755455298081543989E-15, -182.5000000000000000 ) ) ;
#295 = CARTESIAN_POINT ( 'NONE',  ( 93.00000000000002842, 0.000000000000000000, 5.235599243320718515E-16 ) ) ;
#296 = EDGE_LOOP ( 'NONE', ( #317, #92, #905, #1183 ) ) ;
#297 = EDGE_CURVE ( 'NONE', #330, #588, #1159, .T. ) ;
#298 = DIRECTION ( 'NONE',  ( -1.000000000000000000, 0.000000000000000000, 0.000000000000000000 ) ) ;
#299 = LINE ( 'NONE', #1060, #858 ) ;
#300 = ORIENTED_EDGE ( 'NONE', *, *, #346, .T. ) ;
#301 = VERTEX_POINT ( 'NONE', #506 ) ;
#302 = AXIS2_PLACEMENT_3D ( 'NONE', #293, #615, #956 ) ;
#303 = EDGE_CURVE ( 'NONE', #330, #736, #951, .T. ) ;
#304 = CARTESIAN_POINT ( 'NONE',  ( -2.250000000000005329, 22.63846284534354680, -182.5000000000000000 ) ) ;
#305 = CARTESIAN_POINT ( 'NONE',  ( 2.249999999999993339, 24.14539293529928088, -156.5000000000000000 ) ) ;
#306 = CARTESIAN_POINT ( 'NONE',  ( 24.25000000000000000, 2.250000000000000000, -182.5000000000000000 ) ) ;
#307 = CARTESIAN_POINT ( 'NONE',  ( 1.386902348316054449E-17, 0.000000000000000000, -182.5000000000000000 ) ) ;
#308 = AXIS2_PLACEMENT_3D ( 'NONE', #698, #54, #357 ) ;
#309 = AXIS2_PLACEMENT_3D ( 'NONE', #399, #276, #829 ) ;
#310 = LINE ( 'NONE', #389, #487 ) ;
#311 = ORIENTED_EDGE ( 'NONE', *, *, #1377, .F. ) ;
#312 =( NAMED_UNIT ( * ) PLANE_ANGLE_UNIT ( ) SI_UNIT ( $, .RADIAN. ) );
#313 = DIRECTION ( 'NONE',  ( 0.000000000000000000, 1.000000000000000000, 0.000000000000000000 ) ) ;
#314 = ORIENTED_EDGE ( 'NONE', *, *, #546, .T. ) ;
#315 = CYLINDRICAL_SURFACE ( 'NONE', #470, 20.99999999999999645 ) ;
#316 = EDGE_CURVE ( 'NONE', #640, #341, #1223, .T. ) ;
#317 = ORIENTED_EDGE ( 'NONE', *, *, #1195, .T. ) ;
#318 = DIRECTION ( 'NONE',  ( -1.000000000000000000, 0.000000000000000000, 0.000000000000000000 ) ) ;
#319 = APPLICATION_PROTOCOL_DEFINITION ( 'international standard', 'config_control_design', 1994, #476 ) ;
#320 = DIRECTION ( 'NONE',  ( -1.000000000000000000, 0.000000000000000000, 0.000000000000000000 ) ) ;
#321 = ORIENTED_EDGE ( 'NONE', *, *, #1041, .F. ) ;
#322 = CARTESIAN_POINT ( 'NONE',  ( -2.250000000000006217, 22.63846284534355036, -182.5000000000000000 ) ) ;
#323 = VERTEX_POINT ( 'NONE', #836 ) ;
#324 = ADVANCED_FACE ( 'NONE', ( #278, #616 ), #1373, .F. ) ;
#325 = DIRECTION ( 'NONE',  ( -0.000000000000000000, -0.000000000000000000, -1.000000000000000000 ) ) ;
#326 = CIRCLE ( 'NONE', #59, 20.99999999999999645 ) ;
#327 = LINE ( 'NONE', #204, #1018 ) ;
#328 = CARTESIAN_POINT ( 'NONE',  ( -7.837739514543068415E-15, 0.000000000000000000, -156.5000000000000000 ) ) ;
#329 = ORIENTED_EDGE ( 'NONE', *, *, #1029, .T. ) ;
#330 = VERTEX_POINT ( 'NONE', #1260 ) ;
#331 = DIRECTION ( 'NONE',  ( -1.000000000000000000, 1.224646799147353454E-16, 0.000000000000000000 ) ) ;
#332 = ORIENTED_EDGE ( 'NONE', *, *, #1326, .T. ) ;
#333 = CIRCLE ( 'NONE', #1300, 3.499999999999999556 ) ;
#334 = DIRECTION ( 'NONE',  ( -1.000000000000000000, 0.000000000000000000, 0.000000000000000000 ) ) ;
#335 = AXIS2_PLACEMENT_3D ( 'NONE', #963, #1188, #1380 ) ;
#336 = ADVANCED_FACE ( 'NONE', ( #726 ), #522, .T. ) ;
#337 = CIRCLE ( 'NONE', #1343, 22.50000000000000000 ) ;
#338 = AXIS2_PLACEMENT_3D ( 'NONE', #1163, #497, #1048 ) ;
#339 = DIRECTION ( 'NONE',  ( 0.000000000000000000, 0.000000000000000000, -1.000000000000000000 ) ) ;
#340 = DIRECTION ( 'NONE',  ( -1.000000000000000000, 0.000000000000000000, 0.000000000000000000 ) ) ;
#341 = VERTEX_POINT ( 'NONE', #410 ) ;
#342 = ORIENTED_EDGE ( 'NONE', *, *, #600, .T. ) ;
#343 = DIRECTION ( 'NONE',  ( 0.000000000000000000, 0.000000000000000000, -1.000000000000000000 ) ) ;
#344 = ORIENTED_EDGE ( 'NONE', *, *, #1006, .T. ) ;
#345 = DIRECTION ( 'NONE',  ( -1.000000000000000000, 0.000000000000000000, 0.000000000000000000 ) ) ;
#346 = EDGE_CURVE ( 'NONE', #395, #967, #1135, .T. ) ;
#347 = CALENDAR_DATE ( 2026, 16, 9 ) ;
#348 = CARTESIAN_POINT ( 'NONE',  ( 93.00000000000000000, 0.000000000000000000, 0.000000000000000000 ) ) ;
#349 = ORIENTED_EDGE ( 'NONE', *, *, #164, .F. ) ;
#350 = ORIENTED_EDGE ( 'NONE', *, *, #394, .F. ) ;
#351 = LINE ( 'NONE', #986, #995 ) ;
#352 = UNCERTAINTY_MEASURE_WITH_UNIT (LENGTH_MEASURE( 1.000000000000000082E-05 ), #1279, 'distance_accuracy_value', 'NONE');
#353 = CARTESIAN_POINT ( 'NONE',  ( 24.14539293529927022, 2.249999999999999112, -182.5000000000000000 ) ) ;
#354 = ADVANCED_FACE ( 'NONE', ( #604 ), #1144, .F. ) ;
#355 = EDGE_LOOP ( 'NONE', ( #549, #462, #1209, #1257 ) ) ;
#356 = CARTESIAN_POINT ( 'NONE',  ( 93.00000000000000000, 0.000000000000000000, -93.00000000000000000 ) ) ;
#357 = DIRECTION ( 'NONE',  ( 1.000000000000000000, 0.000000000000000000, 1.549611562364301008E-19 ) ) ;
#358 = TOROIDAL_SURFACE ( 'NONE', #103, 19.25000000000000711, 5.000000000000000000 ) ;
#359 = ORIENTED_EDGE ( 'NONE', *, *, #867, .T. ) ;
#360 = CIRCLE ( 'NONE', #949, 20.99999999999999645 ) ;
#361 = CIRCLE ( 'NONE', #1025, 24.25000000000000711 ) ;
#362 = DIRECTION ( 'NONE',  ( -1.000000000000000000, 1.224646799147352961E-16, 0.000000000000000000 ) ) ;
#363 = ORIENTED_EDGE ( 'NONE', *, *, #694, .T. ) ;
#364 = DIRECTION ( 'NONE',  ( 1.549611562364299804E-19, 0.000000000000000000, -1.000000000000000000 ) ) ;
#365 = EDGE_LOOP ( 'NONE', ( #1394, #572, #143, #467 ) ) ;
#366 = EDGE_CURVE ( 'NONE', #36, #1008, #519, .T. ) ;
#367 = CALENDAR_DATE ( 2026, 16, 9 ) ;
#368 = CARTESIAN_POINT ( 'NONE',  ( -2.250000000000006217, -24.14539293529928088, -156.5000000000000000 ) ) ;
#369 = DIRECTION ( 'NONE',  ( 0.000000000000000000, 0.000000000000000000, -1.000000000000000000 ) ) ;
#370 = CARTESIAN_POINT ( 'NONE',  ( -24.25000000000001421, 0.000000000000000000, -182.5000000000000000 ) ) ;
#371 = CARTESIAN_POINT ( 'NONE',  ( 182.5000000000000000, 2.571758278209440872E-15, 20.99999999999999645 ) ) ;
#372 = ORIENTED_EDGE ( 'NONE', *, *, #619, .F. ) ;
#373 = CC_DESIGN_DATE_AND_TIME_ASSIGNMENT ( #1122, #475, ( #543 ) ) ;
#374 = APPROVAL_ROLE ( '' ) ;
#375 = DIRECTION ( 'NONE',  ( -0.000000000000000000, -1.000000000000000000, -0.000000000000000000 ) ) ;
#376 = LINE ( 'NONE', #697, #1382 ) ;
#377 = ORIENTED_EDGE ( 'NONE', *, *, #657, .T. ) ;
#378 = CIRCLE ( 'NONE', #1073, 22.50000000000000000 ) ;
#379 = VERTEX_POINT ( 'NONE', #501 ) ;
#380 = CIRCLE ( 'NONE', #1274, 24.25000000000000711 ) ;
#381 = AXIS2_PLACEMENT_3D ( 'NONE', #142, #783, #889 ) ;
#382 = VECTOR ( 'NONE', #707, 1000.000000000000000 ) ;
#383 = DIRECTION ( 'NONE',  ( -1.000000000000000000, 0.000000000000000000, 0.000000000000000000 ) ) ;
#384 = DIRECTION ( 'NONE',  ( -1.000000000000000000, 0.000000000000000000, -2.868821503189434744E-18 ) ) ;
#385 = ADVANCED_FACE ( 'NONE', ( #515 ), #1368, .T. ) ;
#386 = CARTESIAN_POINT ( 'NONE',  ( 1.386902348316054449E-17, 0.000000000000000000, -182.5000000000000000 ) ) ;
#387 = DIRECTION ( 'NONE',  ( 0.000000000000000000, 0.000000000000000000, -1.000000000000000000 ) ) ;
#388 = ORIENTED_EDGE ( 'NONE', *, *, #500, .F. ) ;
#389 = CARTESIAN_POINT ( 'NONE',  ( -22.84046106882130900, 0.000000000000000000, -118.0130302149884898 ) ) ;
#390 = CARTESIAN_POINT ( 'NONE',  ( 2.914862677869898653E-18, 0.000000000000000000, -111.8102796124116196 ) ) ;
#391 = EDGE_CURVE ( 'NONE', #588, #88, #243, .T. ) ;
#392 = DIRECTION ( 'NONE',  ( 1.000000000000000000, 0.000000000000000000, 0.000000000000000000 ) ) ;
#393 = CARTESIAN_POINT ( 'NONE',  ( 2.914862677869894030E-18, 0.000000000000000000, -111.8102796124115912 ) ) ;
#394 = EDGE_CURVE ( 'NONE', #25, #985, #1345, .T. ) ;
#395 = VERTEX_POINT ( 'NONE', #934 ) ;
#396 = AXIS2_PLACEMENT_3D ( 'NONE', #756, #1176, #1080 ) ;
#397 = DIRECTION ( 'NONE',  ( -0.000000000000000000, -1.000000000000000000, -0.000000000000000000 ) ) ;
#398 = AXIS2_PLACEMENT_3D ( 'NONE', #691, #364, #256 ) ;
#399 = CARTESIAN_POINT ( 'NONE',  ( 3.179861862199372350E-18, 0.000000000000000000, -113.5203803290399378 ) ) ;
#400 = LINE ( 'NONE', #714, #540 ) ;
#401 = CIRCLE ( 'NONE', #1366, 22.50000000000000000 ) ;
#402 = ORIENTED_EDGE ( 'NONE', *, *, #752, .F. ) ;
#403 = EDGE_CURVE ( 'NONE', #985, #25, #745, .T. ) ;
#404 = FACE_OUTER_BOUND ( 'NONE', #31, .T. ) ;
#405 = CARTESIAN_POINT ( 'NONE',  ( 182.5000000000000000, 0.000000000000000000, 2.567595245354543988E-16 ) ) ;
#406 = DIRECTION ( 'NONE',  ( -1.549611562364301008E-19, 0.000000000000000000, 1.000000000000000000 ) ) ;
#407 = EDGE_LOOP ( 'NONE', ( #983, #255, #919, #311 ) ) ;
#408 = EDGE_CURVE ( 'NONE', #1262, #687, #132, .T. ) ;
#409 = PLANE ( 'NONE',  #152 ) ;
#410 = CARTESIAN_POINT ( 'NONE',  ( 22.80153689607045564, 2.862611893006938032E-15, -113.5203803290399378 ) ) ;
#411 = DIRECTION ( 'NONE',  ( 0.000000000000000000, 0.000000000000000000, 1.000000000000000000 ) ) ;
#412 = DIRECTION ( 'NONE',  ( -1.000000000000000000, 0.000000000000000000, 0.000000000000000000 ) ) ;
#413 = ORIENTED_EDGE ( 'NONE', *, *, #83, .F. ) ;
#414 = DIRECTION ( 'NONE',  ( -1.000000000000000000, 0.000000000000000000, 0.000000000000000000 ) ) ;
#415 = LOCAL_TIME ( 0, 3, 20.00000000000000000, #1026 ) ;
#416 = ORIENTED_EDGE ( 'NONE', *, *, #831, .F. ) ;
#417 = AXIS2_PLACEMENT_3D ( 'NONE', #1355, #1045, #635 ) ;
#418 = DIRECTION ( 'NONE',  ( 0.3420201433256681023, 4.188538737676984369E-17, -0.9396926207859086499 ) ) ;
#419 = CARTESIAN_POINT ( 'NONE',  ( -7.837739514543068415E-15, 0.000000000000000000, -182.5000000000000000 ) ) ;
#420 = AXIS2_PLACEMENT_3D ( 'NONE', #757, #881, #1081 ) ;
#421 = DIRECTION ( 'NONE',  ( -0.000000000000000000, -0.000000000000000000, -1.000000000000000000 ) ) ;
#422 = ORIENTED_EDGE ( 'NONE', *, *, #268, .T. ) ;
#423 = CIRCLE ( 'NONE', #67, 4.999999999999997335 ) ;
#424 = CARTESIAN_POINT ( 'NONE',  ( -2.250000000000006217, 24.25000000000001421, -156.5000000000000000 ) ) ;
#425 = CARTESIAN_POINT ( 'NONE',  ( -2.250000000000006217, -24.14539293529927733, -182.5000000000000000 ) ) ;
#426 = FACE_OUTER_BOUND ( 'NONE', #355, .T. ) ;
#427 = ORIENTED_EDGE ( 'NONE', *, *, #479, .F. ) ;
#428 = EDGE_CURVE ( 'NONE', #736, #88, #90, .T. ) ;
#429 = LINE ( 'NONE', #114, #740 ) ;
#430 = EDGE_LOOP ( 'NONE', ( #1070, #413, #601, #1375 ) ) ;
#431 = CARTESIAN_POINT ( 'NONE',  ( 2.914862677869898653E-18, 0.000000000000000000, -111.8102796124116196 ) ) ;
#432 = DIRECTION ( 'NONE',  ( 0.000000000000000000, 0.000000000000000000, -1.000000000000000000 ) ) ;
#433 = CARTESIAN_POINT ( 'NONE',  ( -22.63846284534355391, -2.249999999999999112, -156.5000000000000000 ) ) ;
#434 = ORIENTED_EDGE ( 'NONE', *, *, #1338, .T. ) ;
#435 = ORIENTED_EDGE ( 'NONE', *, *, #391, .F. ) ;
#436 = EDGE_CURVE ( 'NONE', #1003, #1227, #288, .T. ) ;
#437 = LINE ( 'NONE', #884, #266 ) ;
#438 = ORIENTED_EDGE ( 'NONE', *, *, #1146, .F. ) ;
#439 = CARTESIAN_POINT ( 'NONE',  ( 93.00000000000000000, 0.000000000000000000, 0.000000000000000000 ) ) ;
#440 = EDGE_CURVE ( 'NONE', #270, #661, #474, .T. ) ;
#441 = CIRCLE ( 'NONE', #1189, 5.000000000000004441 ) ;
#442 = MECHANICAL_CONTEXT ( 'NONE', #476, 'mechanical' ) ;
#443 = LOCAL_TIME ( 0, 3, 20.00000000000000000, #260 ) ;
#444 = DIRECTION ( 'NONE',  ( 0.000000000000000000, 0.000000000000000000, -1.000000000000000000 ) ) ;
#445 = VERTEX_POINT ( 'NONE', #433 ) ;
#446 = AXIS2_PLACEMENT_3D ( 'NONE', #356, #906, #792 ) ;
#447 = ORIENTED_EDGE ( 'NONE', *, *, #694, .F. ) ;
#448 = DIRECTION ( 'NONE',  ( 0.000000000000000000, 0.000000000000000000, 1.000000000000000000 ) ) ;
#449 = ORIENTED_EDGE ( 'NONE', *, *, #297, .F. ) ;
#450 = CARTESIAN_POINT ( 'NONE',  ( -24.25000000000001421, 0.000000000000000000, -118.3816349035418511 ) ) ;
#451 = EDGE_CURVE ( 'NONE', #862, #526, #835, .T. ) ;
#452 = CONICAL_SURFACE ( 'NONE', #591, 22.84046106882130900, 0.3490658503988652295 ) ;
#453 = CARTESIAN_POINT ( 'NONE',  ( 2.914862677869897112E-18, 0.000000000000000000, -111.8102796124115912 ) ) ;
#454 = ORIENTED_EDGE ( 'NONE', *, *, #1243, .F. ) ;
#455 = ORIENTED_EDGE ( 'NONE', *, *, #854, .F. ) ;
#456 = DIRECTION ( 'NONE',  ( 1.549611562364300285E-19, -0.000000000000000000, -1.000000000000000000 ) ) ;
#457 = ORIENTED_EDGE ( 'NONE', *, *, #268, .F. ) ;
#458 = DIRECTION ( 'NONE',  ( -1.000000000000000000, 0.000000000000000000, 0.000000000000000000 ) ) ;
#459 = EDGE_CURVE ( 'NONE', #153, #661, #1071, .T. ) ;
#460 = CALENDAR_DATE ( 2026, 16, 9 ) ;
#461 = LINE ( 'NONE', #1027, #948 ) ;
#462 = ORIENTED_EDGE ( 'NONE', *, *, #1265, .T. ) ;
#463 = DIRECTION ( 'NONE',  ( -1.000000000000000000, 0.000000000000000000, 0.000000000000000000 ) ) ;
#464 = VERTEX_POINT ( 'NONE', #1177 ) ;
#465 = APPROVAL_ROLE ( '' ) ;
#466 = DIRECTION ( 'NONE',  ( 1.224646799147353207E-16, 1.000000000000000000, 9.488634198855846760E-36 ) ) ;
#467 = ORIENTED_EDGE ( 'NONE', *, *, #725, .T. ) ;
#468 = CARTESIAN_POINT ( 'NONE',  ( 4.513898307157584031E-32, 0.000000000000000000, -93.00000000000000000 ) ) ;
#469 = CARTESIAN_POINT ( 'NONE',  ( 93.00000000000000000, 0.000000000000000000, -93.00000000000000000 ) ) ;
#470 = AXIS2_PLACEMENT_3D ( 'NONE', #206, #753, #1074 ) ;
#471 = EDGE_LOOP ( 'NONE', ( #503, #954, #151, #1215, #13, #1097 ) ) ;
#472 = TOROIDAL_SURFACE ( 'NONE', #1256, 93.00000000000000000, 20.99999999999999645 ) ;
#473 = CIRCLE ( 'NONE', #1259, 24.25000000000000711 ) ;
#474 = CIRCLE ( 'NONE', #47, 24.25000000000000711 ) ;
#475 = DATE_TIME_ROLE ( 'creation_date' ) ;
#476 = APPLICATION_CONTEXT ( 'configuration controlled 3d designs of mechanical parts and assemblies' ) ;
#477 = CARTESIAN_POINT ( 'NONE',  ( 2.249999999999992450, 24.14539293529927733, -182.5000000000000000 ) ) ;
#478 = CARTESIAN_POINT ( 'NONE',  ( -3.919421292314464115E-15, 0.000000000000000000, -118.3816349035418511 ) ) ;
#479 = EDGE_CURVE ( 'NONE', #323, #964, #1278, .T. ) ;
#480 = FACE_OUTER_BOUND ( 'NONE', #296, .T. ) ;
#481 = ORIENTED_EDGE ( 'NONE', *, *, #1142, .F. ) ;
#482 = DIRECTION ( 'NONE',  ( 1.000000000000000000, 0.000000000000000000, 0.000000000000000000 ) ) ;
#483 = FACE_OUTER_BOUND ( 'NONE', #273, .T. ) ;
#484 = EDGE_LOOP ( 'NONE', ( #1017, #332, #1014, #1094 ) ) ;
#485 = EDGE_CURVE ( 'NONE', #562, #1134, #834, .T. ) ;
#486 = CARTESIAN_POINT ( 'NONE',  ( 24.25000000000000000, -2.250000000000000000, -182.5000000000000000 ) ) ;
#487 = VECTOR ( 'NONE', #73, 1000.000000000000000 ) ;
#488 = CARTESIAN_POINT ( 'NONE',  ( 93.00000000000002842, 0.000000000000000000, 5.235599243320718515E-16 ) ) ;
#489 = SECURITY_CLASSIFICATION ( '', '', #800 ) ;
#490 = APPROVAL_PERSON_ORGANIZATION ( #41, #715, #465 ) ;
#491 = ORIENTED_EDGE ( 'NONE', *, *, #1121, .F. ) ;
#492 = EDGE_CURVE ( 'NONE', #588, #1072, #1323, .T. ) ;
#493 = VECTOR ( 'NONE', #1013, 1000.000000000000000 ) ;
#494 = VECTOR ( 'NONE', #76, 1000.000000000000000 ) ;
#495 = CIRCLE ( 'NONE', #1004, 22.75000000000000711 ) ;
#496 = DIRECTION ( 'NONE',  ( -1.000000000000000000, 0.000000000000000000, 3.936961080231051328E-16 ) ) ;
#497 = DIRECTION ( 'NONE',  ( -0.000000000000000000, -0.000000000000000000, -1.000000000000000000 ) ) ;
#498 = CARTESIAN_POINT ( 'NONE',  ( 2.828041101314847026E-17, 0.000000000000000000, -156.5000000000000000 ) ) ;
#499 = EDGE_CURVE ( 'NONE', #238, #23, #997, .T. ) ;
#500 = EDGE_CURVE ( 'NONE', #88, #728, #796, .T. ) ;
#501 = CARTESIAN_POINT ( 'NONE',  ( -20.99999999999999645, 2.571758278209440872E-15, -111.8102796124116196 ) ) ;
#502 = CARTESIAN_POINT ( 'NONE',  ( 3.876048083091425278E-18, 0.000000000000000000, -118.0130302149884898 ) ) ;
#503 = ORIENTED_EDGE ( 'NONE', *, *, #1388, .T. ) ;
#504 = CARTESIAN_POINT ( 'NONE',  ( 22.75000000000000000, 2.786071468060229354E-15, -156.5000000000000000 ) ) ;
#505 = PRODUCT_RELATED_PRODUCT_CATEGORY ( 'detail', '', ( #987 ) ) ;
#506 = CARTESIAN_POINT ( 'NONE',  ( -2.250000000000006217, -22.63846284534355036, -182.5000000000000000 ) ) ;
#507 = DIRECTION ( 'NONE',  ( -1.000000000000000000, 0.000000000000000000, 0.000000000000000000 ) ) ;
#508 = ADVANCED_FACE ( 'NONE', ( #871 ), #1286, .F. ) ;
#509 = ORIENTED_EDGE ( 'NONE', *, *, #451, .F. ) ;
#510 = AXIS2_PLACEMENT_3D ( 'NONE', #528, #432, #1379 ) ;
#511 = ORIENTED_EDGE ( 'NONE', *, *, #55, .T. ) ;
#512 = TOROIDAL_SURFACE ( 'NONE', #446, 93.00000000000000000, 20.99999999999999645 ) ;
#513 = CIRCLE ( 'NONE', #1219, 24.25000000000000711 ) ;
#514 = CIRCLE ( 'NONE', #1301, 5.000000000000000888 ) ;
#515 = FACE_OUTER_BOUND ( 'NONE', #1281, .T. ) ;
#516 = CARTESIAN_POINT ( 'NONE',  ( 20.99999999999999645, 0.000000000000000000, -93.00000000000000000 ) ) ;
#517 = AXIS2_PLACEMENT_3D ( 'NONE', #1023, #913, #1330 ) ;
#518 = EDGE_CURVE ( 'NONE', #464, #251, #1039, .T. ) ;
#519 = CIRCLE ( 'NONE', #1175, 22.75000000000000711 ) ;
#520 = ORIENTED_EDGE ( 'NONE', *, *, #164, .T. ) ;
#521 = FACE_OUTER_BOUND ( 'NONE', #184, .T. ) ;
#522 = CYLINDRICAL_SURFACE ( 'NONE', #338, 24.25000000000000711 ) ;
#523 = LINE ( 'NONE', #1374, #797 ) ;
#524 = ORIENTED_EDGE ( 'NONE', *, *, #1186, .T. ) ;
#525 = DIRECTION ( 'NONE',  ( 1.000000000000000000, 0.000000000000000000, 0.000000000000000000 ) ) ;
#526 = VERTEX_POINT ( 'NONE', #856 ) ;
#527 = ADVANCED_FACE ( 'NONE', ( #426 ), #1132, .T. ) ;
#528 = CARTESIAN_POINT ( 'NONE',  ( -7.837739514543068415E-15, 0.000000000000000000, -156.5000000000000000 ) ) ;
#529 = FACE_OUTER_BOUND ( 'NONE', #849, .T. ) ;
#530 = CARTESIAN_POINT ( 'NONE',  ( -22.75000000000001421, 0.000000000000000000, -182.5000000000000000 ) ) ;
#531 = ORIENTED_EDGE ( 'NONE', *, *, #594, .F. ) ;
#532 = CARTESIAN_POINT ( 'NONE',  ( 1.386902348316054449E-17, 0.000000000000000000, -182.5000000000000000 ) ) ;
#533 = VECTOR ( 'NONE', #334, 1000.000000000000000 ) ;
#534 = EDGE_LOOP ( 'NONE', ( #447, #509 ) ) ;
#535 = ADVANCED_FACE ( 'NONE', ( #112 ), #472, .F. ) ;
#536 = CIRCLE ( 'NONE', #627, 113.9999999999999858 ) ;
#537 = VERTEX_POINT ( 'NONE', #305 ) ;
#538 = DIRECTION ( 'NONE',  ( -1.000000000000000000, 0.000000000000000000, 0.000000000000000000 ) ) ;
#539 = CARTESIAN_POINT ( 'NONE',  ( 2.249999999999992450, -22.63846284534354680, -182.5000000000000000 ) ) ;
#540 = VECTOR ( 'NONE', #953, 1000.000000000000000 ) ;
#541 = VERTEX_POINT ( 'NONE', #665 ) ;
#542 = CARTESIAN_POINT ( 'NONE',  ( -22.75000000000001421, 0.000000000000000000, -118.3816349035418511 ) ) ;
#543 = PRODUCT_DEFINITION ( 'UNKNOWN', '', #1297, #664 ) ;
#544 = DIRECTION ( 'NONE',  ( -1.000000000000000000, 0.000000000000000000, 0.000000000000000000 ) ) ;
#545 = DIRECTION ( 'NONE',  ( -1.000000000000000000, 0.000000000000000000, 0.000000000000000000 ) ) ;
#546 = EDGE_CURVE ( 'NONE', #771, #586, #205, .T. ) ;
#547 = ORIENTED_EDGE ( 'NONE', *, *, #479, .T. ) ;
#548 = CARTESIAN_POINT ( 'NONE',  ( -3.919421292314464115E-15, 0.000000000000000000, -118.3816349035418511 ) ) ;
#549 = ORIENTED_EDGE ( 'NONE', *, *, #1113, .F. ) ;
#550 = DIRECTION ( 'NONE',  ( 0.000000000000000000, 0.000000000000000000, -1.000000000000000000 ) ) ;
#551 = LINE ( 'NONE', #636, #1234 ) ;
#552 = APPROVAL ( #1322, 'UNSPECIFIED' ) ;
#553 = CARTESIAN_POINT ( 'NONE',  ( -7.837739514543068415E-15, 0.000000000000000000, -156.5000000000000000 ) ) ;
#554 = ORIENTED_EDGE ( 'NONE', *, *, #146, .T. ) ;
#555 = FACE_OUTER_BOUND ( 'NONE', #989, .T. ) ;
#556 = ADVANCED_FACE ( 'NONE', ( #529 ), #628, .F. ) ;
#557 = ORIENTED_EDGE ( 'NONE', *, *, #839, .T. ) ;
#558 = DIRECTION ( 'NONE',  ( 1.549611562364300285E-19, -0.000000000000000000, -1.000000000000000000 ) ) ;
#559 = ORGANIZATION ( 'UNSPECIFIED', 'UNSPECIFIED', '' ) ;
#560 = DIRECTION ( 'NONE',  ( -0.3420201433256681023, 0.000000000000000000, -0.9396926207859086499 ) ) ;
#561 = AXIS2_PLACEMENT_3D ( 'NONE', #749, #291, #947 ) ;
#562 = VERTEX_POINT ( 'NONE', #102 ) ;
#563 = ORIENTED_EDGE ( 'NONE', *, *, #648, .F. ) ;
#564 = DIRECTION ( 'NONE',  ( 1.549611562364299804E-19, 0.000000000000000000, -1.000000000000000000 ) ) ;
#565 = EDGE_LOOP ( 'NONE', ( #802, #769, #1165, #1161 ) ) ;
#566 = EDGE_CURVE ( 'NONE', #638, #464, #719, .T. ) ;
#567 = CARTESIAN_POINT ( 'NONE',  ( 1.386902348316054449E-17, 0.000000000000000000, -182.5000000000000000 ) ) ;
#568 = VECTOR ( 'NONE', #574, 1000.000000000000000 ) ;
#569 = AXIS2_PLACEMENT_3D ( 'NONE', #33, #794, #685 ) ;
#570 = PERSON_AND_ORGANIZATION_ROLE ( 'classification_officer' ) ;
#571 = DIRECTION ( 'NONE',  ( 0.000000000000000000, 0.000000000000000000, 1.000000000000000000 ) ) ;
#572 = ORIENTED_EDGE ( 'NONE', *, *, #1204, .T. ) ;
#573 = LINE ( 'NONE', #676, #587 ) ;
#574 = DIRECTION ( 'NONE',  ( 1.000000000000000000, 0.000000000000000000, 2.868821503189435129E-18 ) ) ;
#575 = DIRECTION ( 'NONE',  ( -1.549611562364301730E-19, -0.000000000000000000, 1.000000000000000000 ) ) ;
#576 = APPROVAL_STATUS ( 'not_yet_approved' ) ;
#577 = CYLINDRICAL_SURFACE ( 'NONE', #971, 20.99999999999999645 ) ;
#578 = ORIENTED_EDGE ( 'NONE', *, *, #648, .T. ) ;
#579 = CARTESIAN_POINT ( 'NONE',  ( -22.53892417275067928, 0.000000000000000000, -117.1845644019020085 ) ) ;
#580 = DIRECTION ( 'NONE',  ( 0.000000000000000000, -1.000000000000000000, 0.000000000000000000 ) ) ;
#581 = EDGE_CURVE ( 'NONE', #1350, #1328, #513, .T. ) ;
#582 = APPROVAL_STATUS ( 'not_yet_approved' ) ;
#583 = AXIS2_PLACEMENT_3D ( 'NONE', #679, #558, #1308 ) ;
#584 = CARTESIAN_POINT ( 'NONE',  ( 93.00000000000000000, 0.000000000000000000, 0.000000000000000000 ) ) ;
#585 = DIRECTION ( 'NONE',  ( -1.549611562364300285E-19, 0.000000000000000000, 1.000000000000000000 ) ) ;
#586 = VERTEX_POINT ( 'NONE', #973 ) ;
#587 = VECTOR ( 'NONE', #1015, 1000.000000000000000 ) ;
#588 = VERTEX_POINT ( 'NONE', #864 ) ;
#589 = AXIS2_PLACEMENT_3D ( 'NONE', #328, #444, #545 ) ;
#590 = AXIS2_PLACEMENT_3D ( 'NONE', #899, #257, #795 ) ;
#591 = AXIS2_PLACEMENT_3D ( 'NONE', #502, #1140, #1009 ) ;
#592 = APPROVAL_ROLE ( '' ) ;
#593 = CARTESIAN_POINT ( 'NONE',  ( 3.668168307494347474E-18, 0.000000000000000000, -116.6715341869135045 ) ) ;
#594 = EDGE_CURVE ( 'NONE', #541, #270, #1238, .T. ) ;
#595 = CARTESIAN_POINT ( 'NONE',  ( -24.14539293529928443, 2.249999999999999112, -182.5000000000000000 ) ) ;
#596 = DIRECTION ( 'NONE',  ( -1.000000000000000000, 0.000000000000000000, 0.000000000000000000 ) ) ;
#597 = DIRECTION ( 'NONE',  ( 6.608470384673552010E-16, 0.000000000000000000, 1.000000000000000000 ) ) ;
#598 = CARTESIAN_POINT ( 'NONE',  ( 182.5000000000000000, 0.000000000000000000, -20.99999999999999645 ) ) ;
#599 = DIRECTION ( 'NONE',  ( -0.000000000000000000, -0.000000000000000000, -1.000000000000000000 ) ) ;
#600 = EDGE_CURVE ( 'NONE', #661, #1350, #269, .T. ) ;
#601 = ORIENTED_EDGE ( 'NONE', *, *, #731, .F. ) ;
#602 = CARTESIAN_POINT ( 'NONE',  ( 22.75000000000000000, 2.786071468060229354E-15, -182.5000000000000000 ) ) ;
#603 = AXIS2_PLACEMENT_3D ( 'NONE', #840, #732, #721 ) ;
#604 = FACE_OUTER_BOUND ( 'NONE', #1384, .T. ) ;
#605 = DIRECTION ( 'NONE',  ( -1.000000000000000000, 0.000000000000000000, 0.000000000000000000 ) ) ;
#606 = AXIS2_PLACEMENT_3D ( 'NONE', #624, #1063, #960 ) ;
#607 = ADVANCED_FACE ( 'NONE', ( #57 ), #43, .T. ) ;
#608 = CIRCLE ( 'NONE', #1387, 22.50000000000000000 ) ;
#609 = AXIS2_PLACEMENT_3D ( 'NONE', #1150, #620, #1053 ) ;
#610 = CARTESIAN_POINT ( 'NONE',  ( 182.5000000000000000, 0.000000000000000000, 2.567595245354544481E-16 ) ) ;
#611 = FACE_OUTER_BOUND ( 'NONE', #1147, .T. ) ;
#612 = ORIENTED_EDGE ( 'NONE', *, *, #914, .T. ) ;
#613 = CARTESIAN_POINT ( 'NONE',  ( -24.25000000000001421, 0.000000000000000000, -156.5000000000000000 ) ) ;
#614 = ADVANCED_FACE ( 'NONE', ( #813 ), #577, .F. ) ;
#615 = DIRECTION ( 'NONE',  ( 1.549611562364300285E-19, -0.000000000000000000, -1.000000000000000000 ) ) ;
#616 = FACE_OUTER_BOUND ( 'NONE', #534, .T. ) ;
#617 = CARTESIAN_POINT ( 'NONE',  ( -2.250000000000006217, -22.63846284534355036, -156.5000000000000000 ) ) ;
#618 = ORIENTED_EDGE ( 'NONE', *, *, #408, .F. ) ;
#619 = EDGE_CURVE ( 'NONE', #1185, #967, #333, .T. ) ;
#620 = DIRECTION ( 'NONE',  ( 1.549611562364299804E-19, 0.000000000000000000, -1.000000000000000000 ) ) ;
#621 = DIRECTION ( 'NONE',  ( -1.000000000000000000, 0.000000000000000000, 0.000000000000000000 ) ) ;
#622 = ORIENTED_EDGE ( 'NONE', *, *, #933, .F. ) ;
#623 = VECTOR ( 'NONE', #418, 1000.000000000000000 ) ;
#624 = CARTESIAN_POINT ( 'NONE',  ( -2.250000000000006217, 24.25000000000001421, -156.5000000000000000 ) ) ;
#625 = LOCAL_TIME ( 0, 3, 20.00000000000000000, #1236 ) ;
#626 = ORIENTED_EDGE ( 'NONE', *, *, #408, .T. ) ;
#627 = AXIS2_PLACEMENT_3D ( 'NONE', #984, #1306, #779 ) ;
#628 = TOROIDAL_SURFACE ( 'NONE', #1024, 27.49999999999999645, 5.000000000000000000 ) ;
#629 = CARTESIAN_POINT ( 'NONE',  ( 2.249999999999993339, 22.63846284534355036, -182.5000000000000000 ) ) ;
#630 = CC_DESIGN_PERSON_AND_ORGANIZATION_ASSIGNMENT ( #155, #51, ( #1297 ) ) ;
#631 = DIRECTION ( 'NONE',  ( -1.000000000000000000, 0.000000000000000000, 0.000000000000000000 ) ) ;
#632 = DIRECTION ( 'NONE',  ( -0.000000000000000000, -0.000000000000000000, -1.000000000000000000 ) ) ;
#633 = ORIENTED_EDGE ( 'NONE', *, *, #436, .T. ) ;
#634 = ORIENTED_EDGE ( 'NONE', *, *, #403, .T. ) ;
#635 = DIRECTION ( 'NONE',  ( 0.000000000000000000, -0.000000000000000000, -1.000000000000000000 ) ) ;
#636 = CARTESIAN_POINT ( 'NONE',  ( -24.25000000000017053, 0.000000000000000000, -117.5000000000000000 ) ) ;
#637 = DIRECTION ( 'NONE',  ( 0.000000000000000000, 1.000000000000000000, 0.000000000000000000 ) ) ;
#638 = VERTEX_POINT ( 'NONE', #902 ) ;
#639 = DIRECTION ( 'NONE',  ( -7.748057811821501427E-20, 0.000000000000000000, 1.000000000000000000 ) ) ;
#640 = VERTEX_POINT ( 'NONE', #1329 ) ;
#641 = EDGE_CURVE ( 'NONE', #1149, #883, #702, .T. ) ;
#642 = ORIENTED_EDGE ( 'NONE', *, *, #744, .F. ) ;
#643 = DIRECTION ( 'NONE',  ( 1.000000000000000000, 0.000000000000000000, 1.549611562364301008E-19 ) ) ;
#644 = DIRECTION ( 'NONE',  ( -1.549611562364301730E-19, -0.000000000000000000, 1.000000000000000000 ) ) ;
#645 = VERTEX_POINT ( 'NONE', #682 ) ;
#646 = CARTESIAN_POINT ( 'NONE',  ( -2.250000000000006217, 24.14539293529928088, -182.5000000000000000 ) ) ;
#647 = AXIS2_PLACEMENT_3D ( 'NONE', #424, #877, #1298 ) ;
#648 = EDGE_CURVE ( 'NONE', #938, #638, #30, .T. ) ;
#649 = CIRCLE ( 'NONE', #946, 20.99999999999999645 ) ;
#650 = AXIS2_PLACEMENT_3D ( 'NONE', #729, #850, #1277 ) ;
#651 = CARTESIAN_POINT ( 'NONE',  ( 1.386902348316054449E-17, 0.000000000000000000, -182.5000000000000000 ) ) ;
#652 = ORIENTED_EDGE ( 'NONE', *, *, #730, .T. ) ;
#653 = DIRECTION ( 'NONE',  ( -1.000000000000000000, 0.000000000000000000, -1.549611562364299804E-19 ) ) ;
#654 = AXIS2_PLACEMENT_3D ( 'NONE', #498, #847, #507 ) ;
#655 = ORIENTED_EDGE ( 'NONE', *, *, #1288, .F. ) ;
#656 = CARTESIAN_POINT ( 'NONE',  ( 24.25000000000000000, 2.250000000000000000, -182.5000000000000000 ) ) ;
#657 = EDGE_CURVE ( 'NONE', #23, #1250, #360, .T. ) ;
#658 = DIRECTION ( 'NONE',  ( 0.000000000000000000, 0.000000000000000000, 1.000000000000000000 ) ) ;
#659 = DIRECTION ( 'NONE',  ( 0.000000000000000000, 0.000000000000000000, 1.000000000000000000 ) ) ;
#660 = EDGE_LOOP ( 'NONE', ( #377, #117, #891, #1152 ) ) ;
#661 = VERTEX_POINT ( 'NONE', #368 ) ;
#662 = CARTESIAN_POINT ( 'NONE',  ( 24.25000000000000000, -2.250000000000000000, -182.5000000000000000 ) ) ;
#663 = ORIENTED_EDGE ( 'NONE', *, *, #499, .F. ) ;
#664 = DESIGN_CONTEXT ( 'detailed design', #920, 'design' ) ;
#665 = CARTESIAN_POINT ( 'NONE',  ( 2.249999999999993339, -22.63846284534355036, -156.5000000000000000 ) ) ;
#666 = EDGE_LOOP ( 'NONE', ( #435, #760, #511, #388 ) ) ;
#667 = ADVANCED_FACE ( 'NONE', ( #1324 ), #807, .T. ) ;
#668 = VERTEX_POINT ( 'NONE', #1333 ) ;
#669 = CARTESIAN_POINT ( 'NONE',  ( 24.14539293529927377, -2.250000000000000000, -182.5000000000000000 ) ) ;
#670 = ORIENTED_EDGE ( 'NONE', *, *, #185, .F. ) ;
#671 = FACE_OUTER_BOUND ( 'NONE', #1031, .T. ) ;
#672 = PERSON_AND_ORGANIZATION ( #1203, #559 ) ;
#673 = CIRCLE ( 'NONE', #154, 5.000000000000004441 ) ;
#674 = DIRECTION ( 'NONE',  ( 1.000000000000000000, 0.000000000000000000, 2.868821503189435129E-18 ) ) ;
#675 = VERTEX_POINT ( 'NONE', #261 ) ;
#676 = CARTESIAN_POINT ( 'NONE',  ( 93.00000000000000000, 0.000000000000000000, -22.50000000000000000 ) ) ;
#677 = ORIENTED_EDGE ( 'NONE', *, *, #1372, .T. ) ;
#678 = AXIS2_PLACEMENT_3D ( 'NONE', #1007, #148, #696 ) ;
#679 = CARTESIAN_POINT ( 'NONE',  ( 3.179861862199372350E-18, 0.000000000000000000, -113.5203803290399378 ) ) ;
#680 = AXIS2_PLACEMENT_3D ( 'NONE', #193, #709, #169 ) ;
#681 = PERSON_AND_ORGANIZATION_ROLE ( 'design_supplier' ) ;
#682 = CARTESIAN_POINT ( 'NONE',  ( -21.39199796489159411, 0.000000000000000000, -114.0334105440284418 ) ) ;
#683 = EDGE_LOOP ( 'NONE', ( #1040, #349, #780, #1287 ) ) ;
#684 = DIRECTION ( 'NONE',  ( 1.000000000000000000, 0.000000000000000000, 7.748057811821501427E-20 ) ) ;
#685 = DIRECTION ( 'NONE',  ( 1.000000000000000000, 0.000000000000000000, 1.549611562364301008E-19 ) ) ;
#686 = PLANE ( 'NONE',  #950 ) ;
#687 = VERTEX_POINT ( 'NONE', #1311 ) ;
#688 = EDGE_CURVE ( 'NONE', #23, #985, #1211, .T. ) ;
#689 = PERSON_AND_ORGANIZATION_ROLE ( 'design_owner' ) ;
#690 = DIRECTION ( 'NONE',  ( -7.748057811821501427E-20, 0.000000000000000000, 1.000000000000000000 ) ) ;
#691 = CARTESIAN_POINT ( 'NONE',  ( 1.386902348316054449E-17, 0.000000000000000000, -182.5000000000000000 ) ) ;
#692 = CARTESIAN_POINT ( 'NONE',  ( -20.99999999999999645, 2.571758278209440872E-15, -93.00000000000000000 ) ) ;
#693 = EDGE_CURVE ( 'NONE', #1356, #537, #1107, .T. ) ;
#694 = EDGE_CURVE ( 'NONE', #526, #862, #853, .T. ) ;
#695 = CIRCLE ( 'NONE', #583, 22.80153689607045564 ) ;
#696 = DIRECTION ( 'NONE',  ( 0.000000000000000000, 0.000000000000000000, 1.000000000000000000 ) ) ;
#697 = CARTESIAN_POINT ( 'NONE',  ( 24.25000000000000000, 2.250000000000000000, -156.5000000000000000 ) ) ;
#698 = CARTESIAN_POINT ( 'NONE',  ( 2.914862677869897112E-18, 0.000000000000000000, -111.8102796124115912 ) ) ;
#699 = VECTOR ( 'NONE', #1228, 1000.000000000000000 ) ;
#700 = AXIS2_PLACEMENT_3D ( 'NONE', #307, #120, #653 ) ;
#701 = AXIS2_PLACEMENT_3D ( 'NONE', #405, #1037, #1042 ) ;
#702 = LINE ( 'NONE', #1231, #1196 ) ;
#703 = EDGE_CURVE ( 'NONE', #228, #668, #461, .T. ) ;
#704 = CARTESIAN_POINT ( 'NONE',  ( -3.919421292314464115E-15, 0.000000000000000000, -118.3816349035418511 ) ) ;
#705 = ORIENTED_EDGE ( 'NONE', *, *, #991, .F. ) ;
#706 = ORIENTED_EDGE ( 'NONE', *, *, #83, .T. ) ;
#707 = DIRECTION ( 'NONE',  ( -0.000000000000000000, -0.000000000000000000, -1.000000000000000000 ) ) ;
#708 = ADVANCED_FACE ( 'NONE', ( #790 ), #1173, .T. ) ;
#709 = DIRECTION ( 'NONE',  ( 1.000000000000000000, 0.000000000000000000, -0.000000000000000000 ) ) ;
#710 = ORIENTED_EDGE ( 'NONE', *, *, #100, .F. ) ;
#711 = ORIENTED_EDGE ( 'NONE', *, *, #867, .F. ) ;
#712 = AXIS2_PLACEMENT_3D ( 'NONE', #893, #16, #345 ) ;
#713 = DIRECTION ( 'NONE',  ( -1.549611562364300285E-19, 0.000000000000000000, 1.000000000000000000 ) ) ;
#714 = CARTESIAN_POINT ( 'NONE',  ( -2.250000000000005329, -22.63846284534354680, -182.5000000000000000 ) ) ;
#715 = APPROVAL ( #576, 'UNSPECIFIED' ) ;
#716 = ORIENTED_EDGE ( 'NONE', *, *, #201, .T. ) ;
#717 = AXIS2_PLACEMENT_3D ( 'NONE', #202, #564, #222 ) ;
#718 = PLANE ( 'NONE',  #417 ) ;
#719 = CIRCLE ( 'NONE', #335, 24.25000000000000711 ) ;
#720 = AXIS2_PLACEMENT_3D ( 'NONE', #386, #722, #824 ) ;
#721 = DIRECTION ( 'NONE',  ( -1.000000000000000000, 0.000000000000000000, 0.000000000000000000 ) ) ;
#722 = DIRECTION ( 'NONE',  ( -1.549611562364301730E-19, -0.000000000000000000, 1.000000000000000000 ) ) ;
#723 = LINE ( 'NONE', #170, #272 ) ;
#724 = ORIENTED_EDGE ( 'NONE', *, *, #1029, .F. ) ;
#725 = EDGE_CURVE ( 'NONE', #1120, #675, #880, .T. ) ;
#726 = FACE_OUTER_BOUND ( 'NONE', #196, .T. ) ;
#727 = CARTESIAN_POINT ( 'NONE',  ( 24.25000000000000000, -2.250000000000000000, -156.5000000000000000 ) ) ;
#728 = VERTEX_POINT ( 'NONE', #1220 ) ;
#729 = CARTESIAN_POINT ( 'NONE',  ( -27.49999999999999645, 3.367778697655220913E-15, -111.8102796124115912 ) ) ;
#730 = EDGE_CURVE ( 'NONE', #675, #1120, #1239, .T. ) ;
#731 = EDGE_CURVE ( 'NONE', #892, #771, #168, .T. ) ;
#732 = DIRECTION ( 'NONE',  ( -0.000000000000000000, -0.000000000000000000, -1.000000000000000000 ) ) ;
#733 = DIRECTION ( 'NONE',  ( -1.549611562364301730E-19, -0.000000000000000000, 1.000000000000000000 ) ) ;
#734 = PLANE ( 'NONE',  #928 ) ;
#735 = ORIENTED_EDGE ( 'NONE', *, *, #876, .F. ) ;
#736 = VERTEX_POINT ( 'NONE', #820 ) ;
#737 = AXIS2_PLACEMENT_3D ( 'NONE', #1347, #823, #939 ) ;
#738 = FACE_OUTER_BOUND ( 'NONE', #890, .T. ) ;
#739 = VECTOR ( 'NONE', #1280, 1000.000000000000000 ) ;
#740 = VECTOR ( 'NONE', #4, 1000.000000000000000 ) ;
#741 = CARTESIAN_POINT ( 'NONE',  ( 2.249999999999993339, 24.14539293529928088, -182.5000000000000000 ) ) ;
#742 = CARTESIAN_POINT ( 'NONE',  ( 182.5000000000000000, 0.000000000000000000, 2.567595245354543988E-16 ) ) ;
#743 = CARTESIAN_POINT ( 'NONE',  ( -7.837739514543068415E-15, 0.000000000000000000, -182.5000000000000000 ) ) ;
#744 = EDGE_CURVE ( 'NONE', #1124, #1134, #924, .T. ) ;
#745 = CIRCLE ( 'NONE', #799, 20.99999999999999645 ) ;
#746 = AXIS2_PLACEMENT_3D ( 'NONE', #610, #1254, #1059 ) ;
#747 = LINE ( 'NONE', #992, #1342 ) ;
#748 = ORIENTED_EDGE ( 'NONE', *, *, #922, .F. ) ;
#749 = CARTESIAN_POINT ( 'NONE',  ( -7.837739514543068415E-15, 0.000000000000000000, -182.5000000000000000 ) ) ;
#750 =( NAMED_UNIT ( * ) SI_UNIT ( $, .STERADIAN. ) SOLID_ANGLE_UNIT ( ) );
#751 = DIRECTION ( 'NONE',  ( 1.000000000000000000, 0.000000000000000000, 0.000000000000000000 ) ) ;
#752 = EDGE_CURVE ( 'NONE', #537, #964, #1340, .T. ) ;
#753 = DIRECTION ( 'NONE',  ( -1.549611562364301730E-19, -0.000000000000000000, 1.000000000000000000 ) ) ;
#754 = EDGE_LOOP ( 'NONE', ( #531, #1066, #214, #875 ) ) ;
#755 = DIRECTION ( 'NONE',  ( -1.000000000000000000, 0.000000000000000000, 0.000000000000000000 ) ) ;
#756 = CARTESIAN_POINT ( 'NONE',  ( 1.386902348316054449E-17, 0.000000000000000000, -182.5000000000000000 ) ) ;
#757 = CARTESIAN_POINT ( 'NONE',  ( 2.914862677869897112E-18, 0.000000000000000000, -111.8102796124115912 ) ) ;
#758 = ORIENTED_EDGE ( 'NONE', *, *, #195, .F. ) ;
#759 = CARTESIAN_POINT ( 'NONE',  ( 24.14539293529927377, 2.250000000000000000, -182.5000000000000000 ) ) ;
#760 = ORIENTED_EDGE ( 'NONE', *, *, #492, .T. ) ;
#761 = FACE_OUTER_BOUND ( 'NONE', #430, .T. ) ;
#762 = CIRCLE ( 'NONE', #510, 24.25000000000000711 ) ;
#763 = EDGE_LOOP ( 'NONE', ( #868, #1167, #221, #520 ) ) ;
#764 = EDGE_CURVE ( 'NONE', #1227, #1120, #514, .T. ) ;
#765 = VECTOR ( 'NONE', #1200, 1000.000000000000000 ) ;
#766 = CARTESIAN_POINT ( 'NONE',  ( -2.250000000000006217, 24.25000000000001421, -156.5000000000000000 ) ) ;
#767 = ORIENTED_EDGE ( 'NONE', *, *, #1265, .F. ) ;
#768 = VECTOR ( 'NONE', #162, 1000.000000000000000 ) ;
#769 = ORIENTED_EDGE ( 'NONE', *, *, #237, .T. ) ;
#770 = LINE ( 'NONE', #98, #17 ) ;
#771 = VERTEX_POINT ( 'NONE', #128 ) ;
#772 = VECTOR ( 'NONE', #183, 1000.000000000000000 ) ;
#773 = CARTESIAN_POINT ( 'NONE',  ( 93.00000000000005684, 2.571758278209440872E-15, 20.99999999999999645 ) ) ;
#774 = ADVANCED_FACE ( 'NONE', ( #555 ), #859, .T. ) ;
#775 = DIRECTION ( 'NONE',  ( 0.000000000000000000, -0.000000000000000000, -1.000000000000000000 ) ) ;
#776 = CARTESIAN_POINT ( 'NONE',  ( 93.00000000000000000, 0.000000000000000000, -93.00000000000000000 ) ) ;
#777 = ORIENTED_EDGE ( 'NONE', *, *, #1121, .T. ) ;
#778 = ORIENTED_EDGE ( 'NONE', *, *, #752, .T. ) ;
#779 = DIRECTION ( 'NONE',  ( 0.000000000000000000, 0.000000000000000000, 1.000000000000000000 ) ) ;
#780 = ORIENTED_EDGE ( 'NONE', *, *, #1309, .F. ) ;
#781 = CARTESIAN_POINT ( 'NONE',  ( 2.249999999999993339, 24.25000000000001421, -156.5000000000000000 ) ) ;
#782 = SHAPE_DEFINITION_REPRESENTATION ( #975, #904 ) ;
#783 = DIRECTION ( 'NONE',  ( 0.000000000000000000, 0.000000000000000000, -1.000000000000000000 ) ) ;
#784 = EDGE_LOOP ( 'NONE', ( #1295, #778, #427, #838 ) ) ;
#785 = EDGE_LOOP ( 'NONE', ( #372, #810, #677, #300 ) ) ;
#786 = DIRECTION ( 'NONE',  ( 1.549611562364299804E-19, 0.000000000000000000, -1.000000000000000000 ) ) ;
#787 = EDGE_LOOP ( 'NONE', ( #1178, #188, #344, #363 ) ) ;
#788 = CIRCLE ( 'NONE', #828, 20.99999999999999645 ) ;
#789 = AXIS2_PLACEMENT_3D ( 'NONE', #46, #1317, #912 ) ;
#790 = FACE_OUTER_BOUND ( 'NONE', #666, .T. ) ;
#791 = ORIENTED_EDGE ( 'NONE', *, *, #955, .T. ) ;
#792 = DIRECTION ( 'NONE',  ( 0.000000000000000000, 0.000000000000000000, 1.000000000000000000 ) ) ;
#793 = EDGE_CURVE ( 'NONE', #1134, #586, #87, .T. ) ;
#794 = DIRECTION ( 'NONE',  ( -1.549611562364301008E-19, 0.000000000000000000, 1.000000000000000000 ) ) ;
#795 = DIRECTION ( 'NONE',  ( -1.000000000000000000, 0.000000000000000000, 0.000000000000000000 ) ) ;
#796 = CIRCLE ( 'NONE', #216, 70.50000000000000000 ) ;
#797 = VECTOR ( 'NONE', #837, 1000.000000000000000 ) ;
#798 = ORIENTED_EDGE ( 'NONE', *, *, #1377, .T. ) ;
#799 = AXIS2_PLACEMENT_3D ( 'NONE', #952, #957, #84 ) ;
#800 = SECURITY_CLASSIFICATION_LEVEL ( 'unclassified' ) ;
#801 = DIRECTION ( 'NONE',  ( 0.000000000000000000, 0.000000000000000000, -1.000000000000000000 ) ) ;
#802 = ORIENTED_EDGE ( 'NONE', *, *, #55, .F. ) ;
#803 = CARTESIAN_POINT ( 'NONE',  ( 2.249999999999993339, 22.63846284534355036, -156.5000000000000000 ) ) ;
#804 = CARTESIAN_POINT ( 'NONE',  ( 3.259361617498213419E-18, 0.000000000000000000, -114.0334105440284418 ) ) ;
#805 = CC_DESIGN_PERSON_AND_ORGANIZATION_ASSIGNMENT ( #672, #689, ( #987 ) ) ;
#806 = ORIENTED_EDGE ( 'NONE', *, *, #1041, .T. ) ;
#807 = PLANE ( 'NONE',  #381 ) ;
#808 = FACE_OUTER_BOUND ( 'NONE', #1233, .T. ) ;
#809 = DIRECTION ( 'NONE',  ( 0.000000000000000000, 0.000000000000000000, 1.000000000000000000 ) ) ;
#810 = ORIENTED_EDGE ( 'NONE', *, *, #1247, .T. ) ;
#811 = EDGE_CURVE ( 'NONE', #301, #1350, #747, .T. ) ;
#812 = COORDINATED_UNIVERSAL_TIME_OFFSET ( 1, 0, .AHEAD. ) ;
#813 = FACE_OUTER_BOUND ( 'NONE', #1296, .T. ) ;
#814 = AXIS2_PLACEMENT_3D ( 'NONE', #815, #1028, #369 ) ;
#815 = CARTESIAN_POINT ( 'NONE',  ( 27.49999999999999645, 0.000000000000000000, -111.8102796124115912 ) ) ;
#816 = CARTESIAN_POINT ( 'NONE',  ( -22.75000000000001421, 0.000000000000000000, -156.5000000000000000 ) ) ;
#817 = VECTOR ( 'NONE', #247, 1000.000000000000000 ) ;
#818 = EDGE_CURVE ( 'NONE', #270, #668, #429, .T. ) ;
#819 = AXIS2_PLACEMENT_3D ( 'NONE', #846, #713, #186 ) ;
#820 = CARTESIAN_POINT ( 'NONE',  ( 22.50000000000000000, 0.000000000000000000, -111.8102796124115912 ) ) ;
#821 = ORIENTED_EDGE ( 'NONE', *, *, #1047, .F. ) ;
#822 = ORIENTED_EDGE ( 'NONE', *, *, #394, .T. ) ;
#823 = DIRECTION ( 'NONE',  ( -7.748057811821501427E-20, 0.000000000000000000, 1.000000000000000000 ) ) ;
#824 = DIRECTION ( 'NONE',  ( 1.000000000000000000, 0.000000000000000000, 0.000000000000000000 ) ) ;
#825 = CARTESIAN_POINT ( 'NONE',  ( 2.249999999999993339, -22.63846284534355036, -182.5000000000000000 ) ) ;
#826 = ORIENTED_EDGE ( 'NONE', *, *, #500, .T. ) ;
#827 = DIRECTION ( 'NONE',  ( 6.608470384673552010E-16, 0.000000000000000000, 1.000000000000000000 ) ) ;
#828 = AXIS2_PLACEMENT_3D ( 'NONE', #390, #1351, #1367 ) ;
#829 = DIRECTION ( 'NONE',  ( -1.000000000000000000, 0.000000000000000000, 0.000000000000000000 ) ) ;
#830 = DIRECTION ( 'NONE',  ( -1.000000000000000000, 0.000000000000000000, 0.000000000000000000 ) ) ;
#831 = EDGE_CURVE ( 'NONE', #379, #79, #770, .T. ) ;
#832 = ORIENTED_EDGE ( 'NONE', *, *, #693, .T. ) ;
#833 = DIRECTION ( 'NONE',  ( 0.000000000000000000, 0.000000000000000000, -1.000000000000000000 ) ) ;
#834 = CIRCLE ( 'NONE', #589, 22.75000000000000711 ) ;
#835 = CIRCLE ( 'NONE', #267, 22.50000000000000000 ) ;
#836 = CARTESIAN_POINT ( 'NONE',  ( -2.250000000000006217, 22.63846284534355036, -156.5000000000000000 ) ) ;
#837 = DIRECTION ( 'NONE',  ( -1.549611562364301730E-19, -0.000000000000000000, 1.000000000000000000 ) ) ;
#838 = ORIENTED_EDGE ( 'NONE', *, *, #1326, .F. ) ;
#839 = EDGE_CURVE ( 'NONE', #1227, #1003, #380, .T. ) ;
#840 = CARTESIAN_POINT ( 'NONE',  ( -7.837739514543068415E-15, 0.000000000000000000, -182.5000000000000000 ) ) ;
#841 = CARTESIAN_POINT ( 'NONE',  ( -7.837739514543068415E-15, 0.000000000000000000, -182.5000000000000000 ) ) ;
#842 = DIRECTION ( 'NONE',  ( -1.000000000000000000, 0.000000000000000000, 0.000000000000000000 ) ) ;
#843 = ORIENTED_EDGE ( 'NONE', *, *, #146, .F. ) ;
#844 = EDGE_CURVE ( 'NONE', #687, #562, #437, .T. ) ;
#845 = CARTESIAN_POINT ( 'NONE',  ( 4.814824860968089633E-32, 0.000000000000000000, -92.99999999999997158 ) ) ;
#846 = CARTESIAN_POINT ( 'NONE',  ( 3.747668062793189314E-18, 0.000000000000000000, -117.1845644019020085 ) ) ;
#847 = DIRECTION ( 'NONE',  ( 0.000000000000000000, 0.000000000000000000, -1.000000000000000000 ) ) ;
#848 = DIRECTION ( 'NONE',  ( -1.000000000000000000, 0.000000000000000000, 0.000000000000000000 ) ) ;
#849 = EDGE_LOOP ( 'NONE', ( #670, #180, #359, #1225 ) ) ;
#850 = DIRECTION ( 'NONE',  ( 1.224646799147353207E-16, 1.000000000000000000, 1.897726839771170421E-35 ) ) ;
#851 = VECTOR ( 'NONE', #412, 1000.000000000000000 ) ;
#852 = ORIENTED_EDGE ( 'NONE', *, *, #428, .T. ) ;
#853 = CIRCLE ( 'NONE', #678, 22.50000000000000000 ) ;
#854 = EDGE_CURVE ( 'NONE', #79, #1250, #536, .T. ) ;
#855 = CARTESIAN_POINT ( 'NONE',  ( 19.25000000000000355, 0.000000000000000000, -118.3816349035418511 ) ) ;
#856 = CARTESIAN_POINT ( 'NONE',  ( 182.5000000000000000, 0.000000000000000000, -22.50000000000000000 ) ) ;
#857 = ORIENTED_EDGE ( 'NONE', *, *, #100, .T. ) ;
#858 = VECTOR ( 'NONE', #935, 1000.000000000000000 ) ;
#859 = PLANE ( 'NONE',  #700 ) ;
#860 = EDGE_LOOP ( 'NONE', ( #121, #68, #1172, #748 ) ) ;
#861 = FACE_OUTER_BOUND ( 'NONE', #1245, .T. ) ;
#862 = VERTEX_POINT ( 'NONE', #874 ) ;
#863 = DIRECTION ( 'NONE',  ( 0.000000000000000000, -1.000000000000000000, 0.000000000000000000 ) ) ;
#864 = CARTESIAN_POINT ( 'NONE',  ( -22.50000000000000000, 2.755455298081543989E-15, -92.99999999999997158 ) ) ;
#865 = ORIENTED_EDGE ( 'NONE', *, *, #140, .T. ) ;
#866 = CARTESIAN_POINT ( 'NONE',  ( -7.837739514543068415E-15, 0.000000000000000000, -118.3816349035418511 ) ) ;
#867 = EDGE_CURVE ( 'NONE', #736, #341, #673, .T. ) ;
#868 = ORIENTED_EDGE ( 'NONE', *, *, #1282, .T. ) ;
#869 = FACE_OUTER_BOUND ( 'NONE', #484, .T. ) ;
#870 = CARTESIAN_POINT ( 'NONE',  ( 24.25000000000017053, 2.969768487932352192E-15, -117.5000000000000000 ) ) ;
#871 = FACE_OUTER_BOUND ( 'NONE', #37, .T. ) ;
#872 = ORIENTED_EDGE ( 'NONE', *, *, #1331, .T. ) ;
#873 = EDGE_LOOP ( 'NONE', ( #281, #207, #321, #277 ) ) ;
#874 = CARTESIAN_POINT ( 'NONE',  ( 182.5000000000000000, 2.755455298081543989E-15, 22.50000000000000000 ) ) ;
#875 = ORIENTED_EDGE ( 'NONE', *, *, #818, .F. ) ;
#876 = EDGE_CURVE ( 'NONE', #1003, #464, #230, .T. ) ;
#877 = DIRECTION ( 'NONE',  ( 1.000000000000000000, 0.000000000000000000, -0.000000000000000000 ) ) ;
#878 = CIRCLE ( 'NONE', #264, 20.99999999999999645 ) ;
#879 = FACE_OUTER_BOUND ( 'NONE', #860, .T. ) ;
#880 = CIRCLE ( 'NONE', #1058, 23.94846310392954081 ) ;
#881 = DIRECTION ( 'NONE',  ( -1.549611562364301008E-19, 0.000000000000000000, 1.000000000000000000 ) ) ;
#882 = AXIS2_PLACEMENT_3D ( 'NONE', #1275, #343, #848 ) ;
#883 = VERTEX_POINT ( 'NONE', #322 ) ;
#884 = CARTESIAN_POINT ( 'NONE',  ( 22.63846284534353970, 2.249999999999999112, -182.5000000000000000 ) ) ;
#885 = ORIENTED_EDGE ( 'NONE', *, *, #297, .T. ) ;
#886 = CIRCLE ( 'NONE', #1304, 22.75000000000000711 ) ;
#887 = CYLINDRICAL_SURFACE ( 'NONE', #1252, 22.75000000000000711 ) ;
#888 = PERSON_AND_ORGANIZATION_ROLE ( 'creator' ) ;
#889 = DIRECTION ( 'NONE',  ( -1.000000000000000000, 0.000000000000000000, 0.000000000000000000 ) ) ;
#890 = EDGE_LOOP ( 'NONE', ( #449, #1075, #852, #872 ) ) ;
#891 = ORIENTED_EDGE ( 'NONE', *, *, #403, .F. ) ;
#892 = VERTEX_POINT ( 'NONE', #669 ) ;
#893 = CARTESIAN_POINT ( 'NONE',  ( -7.837739514543068415E-15, 0.000000000000000000, -182.5000000000000000 ) ) ;
#894 = EDGE_CURVE ( 'NONE', #301, #1325, #61, .T. ) ;
#895 = APPROVAL_DATE_TIME ( #34, #1194 ) ;
#896 = DIRECTION ( 'NONE',  ( -0.000000000000000000, -1.000000000000000000, -0.000000000000000000 ) ) ;
#897 = ORIENTED_EDGE ( 'NONE', *, *, #280, .F. ) ;
#898 = DIRECTION ( 'NONE',  ( 1.000000000000000000, 0.000000000000000000, 0.000000000000000000 ) ) ;
#899 = CARTESIAN_POINT ( 'NONE',  ( -7.837739514543068415E-15, 0.000000000000000000, -182.5000000000000000 ) ) ;
#900 = AXIS2_PLACEMENT_3D ( 'NONE', #1263, #833, #755 ) ;
#901 = CIRCLE ( 'NONE', #283, 22.53892417275067928 ) ;
#902 = CARTESIAN_POINT ( 'NONE',  ( 24.14539293529927022, 2.250000000000000000, -156.5000000000000000 ) ) ;
#903 = EDGE_CURVE ( 'NONE', #99, #883, #1077, .T. ) ;
#904 = ADVANCED_BREP_SHAPE_REPRESENTATION ( '79-8444 - 45mm 90deg', ( #1095, #1148 ), #190 ) ;
#905 = ORIENTED_EDGE ( 'NONE', *, *, #1055, .T. ) ;
#906 = DIRECTION ( 'NONE',  ( 0.000000000000000000, 1.000000000000000000, 0.000000000000000000 ) ) ;
#907 = DIRECTION ( 'NONE',  ( 0.000000000000000000, 0.000000000000000000, -1.000000000000000000 ) ) ;
#908 = ADVANCED_FACE ( 'NONE', ( #1067 ), #358, .T. ) ;
#909 = VECTOR ( 'NONE', #733, 1000.000000000000000 ) ;
#910 = PERSON_AND_ORGANIZATION ( #1203, #559 ) ;
#911 = DIRECTION ( 'NONE',  ( 0.000000000000000000, 0.000000000000000000, -1.000000000000000000 ) ) ;
#912 = DIRECTION ( 'NONE',  ( -1.000000000000000000, 0.000000000000000000, 0.000000000000000000 ) ) ;
#913 = DIRECTION ( 'NONE',  ( 1.549611562364299804E-19, 0.000000000000000000, -1.000000000000000000 ) ) ;
#914 = EDGE_CURVE ( 'NONE', #1185, #36, #1085, .T. ) ;
#915 = ORIENTED_EDGE ( 'NONE', *, *, #1282, .F. ) ;
#916 = APPROVAL_DATE_TIME ( #244, #715 ) ;
#917 = CARTESIAN_POINT ( 'NONE',  ( 2.249999999999993339, 24.25000000000001421, -156.5000000000000000 ) ) ;
#918 = DIRECTION ( 'NONE',  ( -7.748057811821501427E-20, 0.000000000000000000, 1.000000000000000000 ) ) ;
#919 = ORIENTED_EDGE ( 'NONE', *, *, #730, .F. ) ;
#920 = APPLICATION_CONTEXT ( 'configuration controlled 3d designs of mechanical parts and assemblies' ) ;
#921 = ORIENTED_EDGE ( 'NONE', *, *, #140, .F. ) ;
#922 = EDGE_CURVE ( 'NONE', #1325, #1328, #966, .T. ) ;
#923 = CC_DESIGN_APPROVAL ( #1194, ( #543 ) ) ;
#924 = LINE ( 'NONE', #602, #382 ) ;
#925 = VECTOR ( 'NONE', #1214, 1000.000000000000000 ) ;
#926 = ORIENTED_EDGE ( 'NONE', *, *, #1331, .F. ) ;
#927 = VECTOR ( 'NONE', #375, 1000.000000000000000 ) ;
#928 = AXIS2_PLACEMENT_3D ( 'NONE', #279, #1151, #177 ) ;
#929 = ADVANCED_FACE ( 'NONE', ( #1383 ), #315, .F. ) ;
#930 = CARTESIAN_POINT ( 'NONE',  ( -7.837739514543068415E-15, 0.000000000000000000, -156.5000000000000000 ) ) ;
#931 = CARTESIAN_POINT ( 'NONE',  ( 2.249999999999992450, 22.63846284534354680, -182.5000000000000000 ) ) ;
#932 = ORIENTED_EDGE ( 'NONE', *, *, #744, .T. ) ;
#933 = EDGE_CURVE ( 'NONE', #541, #228, #104, .T. ) ;
#934 = CARTESIAN_POINT ( 'NONE',  ( 22.53892417275067928, 2.760222134438402549E-15, -117.1845644019020085 ) ) ;
#935 = DIRECTION ( 'NONE',  ( -1.000000000000000000, 0.000000000000000000, 0.000000000000000000 ) ) ;
#936 = EDGE_LOOP ( 'NONE', ( #557, #1201, #1313, #563, #95, #832, #1068, #1269, #915, #274, #438, #897 ) ) ;
#937 = CARTESIAN_POINT ( 'NONE',  ( 2.249999999999993339, 24.25000000000001421, -182.5000000000000000 ) ) ;
#938 = VERTEX_POINT ( 'NONE', #759 ) ;
#939 = DIRECTION ( 'NONE',  ( 1.000000000000000000, 0.000000000000000000, 7.748057811821501427E-20 ) ) ;
#940 = CIRCLE ( 'NONE', #900, 24.25000000000000711 ) ;
#941 = EDGE_CURVE ( 'NONE', #129, #72, #1190, .T. ) ;
#942 = DIRECTION ( 'NONE',  ( -1.549611562364301008E-19, 0.000000000000000000, 1.000000000000000000 ) ) ;
#943 = DIRECTION ( 'NONE',  ( -1.000000000000000000, 0.000000000000000000, -2.868821503189434744E-18 ) ) ;
#944 = ADVANCED_FACE ( 'NONE', ( #1334 ), #1125, .T. ) ;
#945 = ORIENTED_EDGE ( 'NONE', *, *, #854, .T. ) ;
#946 = AXIS2_PLACEMENT_3D ( 'NONE', #468, #1022, #898 ) ;
#947 = DIRECTION ( 'NONE',  ( -1.000000000000000000, 0.000000000000000000, 0.000000000000000000 ) ) ;
#948 = VECTOR ( 'NONE', #896, 1000.000000000000000 ) ;
#949 = AXIS2_PLACEMENT_3D ( 'NONE', #157, #1115, #597 ) ;
#950 = AXIS2_PLACEMENT_3D ( 'NONE', #1341, #580, #1016 ) ;
#951 = CIRCLE ( 'NONE', #1110, 22.50000000000000000 ) ;
#952 = CARTESIAN_POINT ( 'NONE',  ( 182.5000000000000000, 0.000000000000000000, 2.567595245354544481E-16 ) ) ;
#953 = DIRECTION ( 'NONE',  ( -0.000000000000000000, -0.000000000000000000, -1.000000000000000000 ) ) ;
#954 = ORIENTED_EDGE ( 'NONE', *, *, #1146, .T. ) ;
#955 = EDGE_CURVE ( 'NONE', #105, #395, #144, .T. ) ;
#956 = DIRECTION ( 'NONE',  ( -1.000000000000000000, 0.000000000000000000, 0.000000000000000000 ) ) ;
#957 = DIRECTION ( 'NONE',  ( -1.000000000000000000, 0.000000000000000000, -2.868821503189434744E-18 ) ) ;
#958 = LINE ( 'NONE', #931, #1079 ) ;
#959 = ORIENTED_EDGE ( 'NONE', *, *, #1204, .F. ) ;
#960 = DIRECTION ( 'NONE',  ( -0.000000000000000000, 0.000000000000000000, -1.000000000000000000 ) ) ;
#961 = EDGE_CURVE ( 'NONE', #1008, #129, #376, .T. ) ;
#962 = LINE ( 'NONE', #870, #623 ) ;
#963 = CARTESIAN_POINT ( 'NONE',  ( -7.837739514543068415E-15, 0.000000000000000000, -156.5000000000000000 ) ) ;
#964 = VERTEX_POINT ( 'NONE', #803 ) ;
#965 = AXIS2_PLACEMENT_3D ( 'NONE', #224, #215, #26 ) ;
#966 = LINE ( 'NONE', #662, #851 ) ;
#967 = VERTEX_POINT ( 'NONE', #579 ) ;
#968 = LINE ( 'NONE', #1166, #156 ) ;
#969 = AXIS2_PLACEMENT_3D ( 'NONE', #1393, #1184, #1099 ) ;
#970 = ORIENTED_EDGE ( 'NONE', *, *, #1055, .F. ) ;
#971 = AXIS2_PLACEMENT_3D ( 'NONE', #348, #674, #911 ) ;
#972 = CARTESIAN_POINT ( 'NONE',  ( 24.25000000000000000, 2.250000000000000000, -156.5000000000000000 ) ) ;
#973 = CARTESIAN_POINT ( 'NONE',  ( 22.63846284534353970, -2.250000000000000000, -156.5000000000000000 ) ) ;
#974 = ORIENTED_EDGE ( 'NONE', *, *, #1247, .F. ) ;
#975 = PRODUCT_DEFINITION_SHAPE ( 'NONE', 'NONE',  #543 ) ;
#976 = DIRECTION ( 'NONE',  ( -0.000000000000000000, -0.000000000000000000, -1.000000000000000000 ) ) ;
#977 = ORIENTED_EDGE ( 'NONE', *, *, #1309, .T. ) ;
#978 = FACE_OUTER_BOUND ( 'NONE', #565, .T. ) ;
#979 = CARTESIAN_POINT ( 'NONE',  ( 19.25000000000000355, 0.000000000000000000, -118.3816349035418511 ) ) ;
#980 = CARTESIAN_POINT ( 'NONE',  ( -7.837739514543068415E-15, 0.000000000000000000, -156.5000000000000000 ) ) ;
#981 = ORIENTED_EDGE ( 'NONE', *, *, #844, .F. ) ;
#982 = EDGE_CURVE ( 'NONE', #1109, #105, #1321, .T. ) ;
#983 = ORIENTED_EDGE ( 'NONE', *, *, #839, .F. ) ;
#984 = CARTESIAN_POINT ( 'NONE',  ( 93.00000000000000000, 0.000000000000000000, -93.00000000000000000 ) ) ;
#985 = VERTEX_POINT ( 'NONE', #598 ) ;
#986 = CARTESIAN_POINT ( 'NONE',  ( -2.250000000000005329, 24.14539293529927733, -182.5000000000000000 ) ) ;
#987 = PRODUCT ( '79-8444 - 45mm 90deg', '79-8444 - 45mm 90deg', '', ( #442 ) ) ;
#988 = CARTESIAN_POINT ( 'NONE',  ( 93.00000000000000000, 0.000000000000000000, -93.00000000000000000 ) ) ;
#989 = EDGE_LOOP ( 'NONE', ( #481, #1116, #1264, #618 ) ) ;
#990 = ORIENTED_EDGE ( 'NONE', *, *, #1142, .T. ) ;
#991 = EDGE_CURVE ( 'NONE', #967, #395, #901, .T. ) ;
#992 = CARTESIAN_POINT ( 'NONE',  ( -2.250000000000006217, 24.25000000000001421, -182.5000000000000000 ) ) ;
#993 = ORIENTED_EDGE ( 'NONE', *, *, #440, .F. ) ;
#994 = DIRECTION ( 'NONE',  ( -1.000000000000000000, 0.000000000000000000, 0.000000000000000000 ) ) ;
#995 = VECTOR ( 'NONE', #1187, 1000.000000000000000 ) ;
#996 = DIRECTION ( 'NONE',  ( 1.549611562364299804E-19, 0.000000000000000000, -1.000000000000000000 ) ) ;
#997 = CIRCLE ( 'NONE', #1386, 72.00000000000001421 ) ;
#998 = DIRECTION ( 'NONE',  ( 0.000000000000000000, 0.000000000000000000, 1.000000000000000000 ) ) ;
#999 = EDGE_LOOP ( 'NONE', ( #1112, #926, #826, #1307 ) ) ;
#1000 = ORIENTED_EDGE ( 'NONE', *, *, #366, .T. ) ;
#1001 = DIRECTION ( 'NONE',  ( 1.000000000000000000, 0.000000000000000000, 7.748057811821501427E-20 ) ) ;
#1002 = TOROIDAL_SURFACE ( 'NONE', #287, 93.00000000000000000, 22.50000000000000000 ) ;
#1003 = VERTEX_POINT ( 'NONE', #236 ) ;
#1004 = AXIS2_PLACEMENT_3D ( 'NONE', #150, #165, #137 ) ;
#1005 = FACE_OUTER_BOUND ( 'NONE', #246, .T. ) ;
#1006 = EDGE_CURVE ( 'NONE', #728, #526, #573, .T. ) ;
#1007 = CARTESIAN_POINT ( 'NONE',  ( 182.5000000000000000, 0.000000000000000000, 2.567595245354543988E-16 ) ) ;
#1008 = VERTEX_POINT ( 'NONE', #136 ) ;
#1009 = DIRECTION ( 'NONE',  ( -1.000000000000000000, 0.000000000000000000, 0.000000000000000000 ) ) ;
#1010 = CARTESIAN_POINT ( 'NONE',  ( 93.00000000000000000, 2.571758278209440872E-15, 20.99999999999999645 ) ) ;
#1011 = ADVANCED_FACE ( 'NONE', ( #483 ), #1036, .F. ) ;
#1012 = APPLICATION_PROTOCOL_DEFINITION ( 'international standard', 'config_control_design', 1994, #920 ) ;
#1013 = DIRECTION ( 'NONE',  ( 1.000000000000000000, 0.000000000000000000, 2.868821503189435129E-18 ) ) ;
#1014 = ORIENTED_EDGE ( 'NONE', *, *, #1338, .F. ) ;
#1015 = DIRECTION ( 'NONE',  ( 1.000000000000000000, 0.000000000000000000, 2.868821503189435129E-18 ) ) ;
#1016 = DIRECTION ( 'NONE',  ( 0.000000000000000000, -0.000000000000000000, -1.000000000000000000 ) ) ;
#1017 = ORIENTED_EDGE ( 'NONE', *, *, #1153, .T. ) ;
#1018 = VECTOR ( 'NONE', #219, 1000.000000000000000 ) ;
#1019 = PERSON_AND_ORGANIZATION ( #1203, #559 ) ;
#1020 = DIRECTION ( 'NONE',  ( 1.000000000000000000, 0.000000000000000000, 2.868821503189435129E-18 ) ) ;
#1021 = ADVANCED_FACE ( 'NONE', ( #271 ), #192, .F. ) ;
#1022 = DIRECTION ( 'NONE',  ( 1.549611562364301730E-19, 0.000000000000000000, -1.000000000000000000 ) ) ;
#1023 = CARTESIAN_POINT ( 'NONE',  ( -7.837739514543068415E-15, 0.000000000000000000, -182.5000000000000000 ) ) ;
#1024 = AXIS2_PLACEMENT_3D ( 'NONE', #453, #1272, #643 ) ;
#1025 = AXIS2_PLACEMENT_3D ( 'NONE', #743, #1043, #830 ) ;
#1026 = COORDINATED_UNIVERSAL_TIME_OFFSET ( 1, 0, .AHEAD. ) ;
#1027 = CARTESIAN_POINT ( 'NONE',  ( 2.249999999999993339, 24.25000000000001421, -182.5000000000000000 ) ) ;
#1028 = DIRECTION ( 'NONE',  ( 0.000000000000000000, -1.000000000000000000, 0.000000000000000000 ) ) ;
#1029 = EDGE_CURVE ( 'NONE', #79, #238, #649, .T. ) ;
#1030 = ORIENTED_EDGE ( 'NONE', *, *, #428, .F. ) ;
#1031 = EDGE_LOOP ( 'NONE', ( #642, #974, #612, #1000, #977, #1092, #434, #547, #843, #626, #1090, #200 ) ) ;
#1032 = CARTESIAN_POINT ( 'NONE',  ( -19.25000000000001066, 2.357445088358655941E-15, -118.3816349035418511 ) ) ;
#1033 = CARTESIAN_POINT ( 'NONE',  ( -24.14539293529928443, -2.249999999999999112, -182.5000000000000000 ) ) ;
#1034 = AXIS2_PLACEMENT_3D ( 'NONE', #567, #786, #1114 ) ;
#1035 = DIRECTION ( 'NONE',  ( 1.224646799147353207E-16, 1.000000000000000000, 9.488634198855846760E-36 ) ) ;
#1036 = TOROIDAL_SURFACE ( 'NONE', #1359, 19.25000000000000711, 3.500000000000000000 ) ;
#1037 = DIRECTION ( 'NONE',  ( -1.000000000000000000, 0.000000000000000000, -2.868821503189434744E-18 ) ) ;
#1038 = CARTESIAN_POINT ( 'NONE',  ( 3.796548327792582668E-18, 0.000000000000000000, -117.5000000000000000 ) ) ;
#1039 = CIRCLE ( 'NONE', #284, 24.25000000000000711 ) ;
#1040 = ORIENTED_EDGE ( 'NONE', *, *, #941, .T. ) ;
#1041 = EDGE_CURVE ( 'NONE', #541, #153, #1131, .T. ) ;
#1042 = DIRECTION ( 'NONE',  ( -2.868821503189434744E-18, 0.000000000000000000, 1.000000000000000000 ) ) ;
#1043 = DIRECTION ( 'NONE',  ( -0.000000000000000000, -0.000000000000000000, -1.000000000000000000 ) ) ;
#1044 = ORIENTED_EDGE ( 'NONE', *, *, #518, .T. ) ;
#1045 = DIRECTION ( 'NONE',  ( 0.000000000000000000, -1.000000000000000000, 0.000000000000000000 ) ) ;
#1046 = ADVANCED_FACE ( 'NONE', ( #808 ), #512, .F. ) ;
#1047 = EDGE_CURVE ( 'NONE', #638, #562, #1139, .T. ) ;
#1048 = DIRECTION ( 'NONE',  ( -1.000000000000000000, 0.000000000000000000, 0.000000000000000000 ) ) ;
#1049 = DIRECTION ( 'NONE',  ( 1.549611562364300285E-19, -0.000000000000000000, -1.000000000000000000 ) ) ;
#1050 = ORIENTED_EDGE ( 'NONE', *, *, #1186, .F. ) ;
#1051 = CARTESIAN_POINT ( 'NONE',  ( 93.00000000000004263, 0.000000000000000000, 0.000000000000000000 ) ) ;
#1052 = AXIS2_PLACEMENT_3D ( 'NONE', #781, #1285, #1193 ) ;
#1053 = DIRECTION ( 'NONE',  ( -1.000000000000000000, 0.000000000000000000, 0.000000000000000000 ) ) ;
#1054 = DIRECTION ( 'NONE',  ( 0.000000000000000000, 0.000000000000000000, 1.000000000000000000 ) ) ;
#1055 = EDGE_CURVE ( 'NONE', #645, #105, #82, .T. ) ;
#1056 = EDGE_LOOP ( 'NONE', ( #1270, #1044, #857, #212, #138, #821 ) ) ;
#1057 = CARTESIAN_POINT ( 'NONE',  ( 22.75000000000000000, 2.786071468060229354E-15, -118.3816349035418511 ) ) ;
#1058 = AXIS2_PLACEMENT_3D ( 'NONE', #593, #52, #482 ) ;
#1059 = DIRECTION ( 'NONE',  ( 0.000000000000000000, 0.000000000000000000, 1.000000000000000000 ) ) ;
#1060 = CARTESIAN_POINT ( 'NONE',  ( 24.25000000000000000, -2.250000000000000000, -156.5000000000000000 ) ) ;
#1061 = ADVANCED_FACE ( 'NONE', ( #1069 ), #78, .T. ) ;
#1062 = ORIENTED_EDGE ( 'NONE', *, *, #118, .T. ) ;
#1063 = DIRECTION ( 'NONE',  ( 1.000000000000000000, 0.000000000000000000, -0.000000000000000000 ) ) ;
#1064 = DIRECTION ( 'NONE',  ( 0.000000000000000000, -1.000000000000000000, 0.000000000000000000 ) ) ;
#1065 = DIRECTION ( 'NONE',  ( -1.000000000000000000, 0.000000000000000000, -2.868821503189434744E-18 ) ) ;
#1066 = ORIENTED_EDGE ( 'NONE', *, *, #933, .T. ) ;
#1067 = FACE_OUTER_BOUND ( 'NONE', #407, .T. ) ;
#1068 = ORIENTED_EDGE ( 'NONE', *, *, #147, .F. ) ;
#1069 = FACE_OUTER_BOUND ( 'NONE', #936, .T. ) ;
#1070 = ORIENTED_EDGE ( 'NONE', *, *, #703, .F. ) ;
#1071 = LINE ( 'NONE', #766, #107 ) ;
#1072 = VERTEX_POINT ( 'NONE', #1155 ) ;
#1073 = AXIS2_PLACEMENT_3D ( 'NONE', #845, #996, #544 ) ;
#1074 = DIRECTION ( 'NONE',  ( 1.000000000000000000, 0.000000000000000000, 0.000000000000000000 ) ) ;
#1075 = ORIENTED_EDGE ( 'NONE', *, *, #303, .T. ) ;
#1076 = FACE_OUTER_BOUND ( 'NONE', #754, .T. ) ;
#1077 = CIRCLE ( 'NONE', #717, 22.75000000000000711 ) ;
#1078 = ADVANCED_FACE ( 'NONE', ( #738 ), #1365, .T. ) ;
#1079 = VECTOR ( 'NONE', #411, 1000.000000000000000 ) ;
#1080 = DIRECTION ( 'NONE',  ( -1.000000000000000000, 0.000000000000000000, -1.549611562364299804E-19 ) ) ;
#1081 = DIRECTION ( 'NONE',  ( 1.000000000000000000, 0.000000000000000000, 1.549611562364301008E-19 ) ) ;
#1082 = ORIENTED_EDGE ( 'NONE', *, *, #280, .T. ) ;
#1083 = AXIS2_PLACEMENT_3D ( 'NONE', #1352, #1169, #392 ) ;
#1084 = ORIENTED_EDGE ( 'NONE', *, *, #1047, .T. ) ;
#1085 = LINE ( 'NONE', #530, #40 ) ;
#1086 = EDGE_LOOP ( 'NONE', ( #634, #822 ) ) ;
#1087 = CARTESIAN_POINT ( 'NONE',  ( 3.796548327792582668E-18, 0.000000000000000000, -117.5000000000000000 ) ) ;
#1088 = ADVANCED_FACE ( 'NONE', ( #1251 ), #718, .F. ) ;
#1089 = DIRECTION ( 'NONE',  ( -0.000000000000000000, -1.000000000000000000, -0.000000000000000000 ) ) ;
#1090 = ORIENTED_EDGE ( 'NONE', *, *, #844, .T. ) ;
#1091 = DIRECTION ( 'NONE',  ( 1.000000000000000000, 0.000000000000000000, 0.000000000000000000 ) ) ;
#1092 = ORIENTED_EDGE ( 'NONE', *, *, #903, .T. ) ;
#1093 = DIRECTION ( 'NONE',  ( -0.000000000000000000, -0.000000000000000000, -1.000000000000000000 ) ) ;
#1094 = ORIENTED_EDGE ( 'NONE', *, *, #641, .F. ) ;
#1095 = MANIFOLD_SOLID_BREP ( 'Cut-Extrude-Thin1', #108 ) ;
#1096 = CARTESIAN_POINT ( 'NONE',  ( -24.14539293529929154, -2.250000000000000000, -182.5000000000000000 ) ) ;
#1097 = ORIENTED_EDGE ( 'NONE', *, *, #250, .T. ) ;
#1098 = ORIENTED_EDGE ( 'NONE', *, *, #818, .T. ) ;
#1099 = DIRECTION ( 'NONE',  ( -1.000000000000000000, 0.000000000000000000, 0.000000000000000000 ) ) ;
#1100 = ADVANCED_FACE ( 'NONE', ( #404 ), #94, .T. ) ;
#1101 = ORIENTED_EDGE ( 'NONE', *, *, #28, .F. ) ;
#1102 = AXIS2_PLACEMENT_3D ( 'NONE', #7, #1217, #1395 ) ;
#1103 = LINE ( 'NONE', #656, #533 ) ;
#1104 = CC_DESIGN_APPROVAL ( #552, ( #1297 ) ) ;
#1105 = PERSON_AND_ORGANIZATION ( #1203, #559 ) ;
#1106 = VECTOR ( 'NONE', #1137, 1000.000000000000000 ) ;
#1107 = LINE ( 'NONE', #477, #174 ) ;
#1108 = CONICAL_SURFACE ( 'NONE', #1154, 24.25000000000017053, 0.3490658503988652295 ) ;
#1109 = VERTEX_POINT ( 'NONE', #1376 ) ;
#1110 = AXIS2_PLACEMENT_3D ( 'NONE', #182, #942, #1360 ) ;
#1111 = LINE ( 'NONE', #370, #218 ) ;
#1112 = ORIENTED_EDGE ( 'NONE', *, *, #492, .F. ) ;
#1113 = EDGE_CURVE ( 'NONE', #379, #645, #173, .T. ) ;
#1114 = DIRECTION ( 'NONE',  ( -1.000000000000000000, 0.000000000000000000, -1.549611562364299804E-19 ) ) ;
#1115 = DIRECTION ( 'NONE',  ( -1.000000000000000000, 0.000000000000000000, 3.936961080231051328E-16 ) ) ;
#1116 = ORIENTED_EDGE ( 'NONE', *, *, #69, .T. ) ;
#1117 = DIRECTION ( 'NONE',  ( -1.000000000000000000, 0.000000000000000000, 0.000000000000000000 ) ) ;
#1118 = FACE_OUTER_BOUND ( 'NONE', #1056, .T. ) ;
#1119 = FACE_OUTER_BOUND ( 'NONE', #784, .T. ) ;
#1120 = VERTEX_POINT ( 'NONE', #282 ) ;
#1121 = EDGE_CURVE ( 'NONE', #892, #251, #968, .T. ) ;
#1122 = DATE_AND_TIME ( #141, #14 ) ;
#1123 = DIRECTION ( 'NONE',  ( 1.000000000000000000, 0.000000000000000000, 0.000000000000000000 ) ) ;
#1124 = VERTEX_POINT ( 'NONE', #1057 ) ;
#1125 = PLANE ( 'NONE',  #398 ) ;
#1126 = ORIENTED_EDGE ( 'NONE', *, *, #725, .F. ) ;
#1127 = VERTEX_POINT ( 'NONE', #613 ) ;
#1128 = CIRCLE ( 'NONE', #1378, 3.500000000000003109 ) ;
#1129 = CC_DESIGN_APPROVAL ( #715, ( #489 ) ) ;
#1130 = EDGE_CURVE ( 'NONE', #645, #967, #310, .T. ) ;
#1131 = CIRCLE ( 'NONE', #789, 22.75000000000000711 ) ;
#1132 = TOROIDAL_SURFACE ( 'NONE', #420, 27.49999999999999645, 6.500000000000000888 ) ;
#1133 = PLANE ( 'NONE',  #242 ) ;
#1134 = VERTEX_POINT ( 'NONE', #504 ) ;
#1135 = CIRCLE ( 'NONE', #819, 22.53892417275067928 ) ;
#1136 = PERSON_AND_ORGANIZATION ( #1203, #559 ) ;
#1137 = DIRECTION ( 'NONE',  ( -0.000000000000000000, -0.000000000000000000, -1.000000000000000000 ) ) ;
#1138 = CC_DESIGN_DATE_AND_TIME_ASSIGNMENT ( #253, #1314, ( #489 ) ) ;
#1139 = LINE ( 'NONE', #163, #699 ) ;
#1140 = DIRECTION ( 'NONE',  ( 1.549611562364300285E-19, -0.000000000000000000, -1.000000000000000000 ) ) ;
#1141 = FACE_OUTER_BOUND ( 'NONE', #999, .T. ) ;
#1142 = EDGE_CURVE ( 'NONE', #1356, #1262, #189, .T. ) ;
#1143 = CARTESIAN_POINT ( 'NONE',  ( -19.25000000000001066, 2.357445088358655941E-15, -118.3816349035418511 ) ) ;
#1144 = PLANE ( 'NONE',  #680 ) ;
#1145 = DIRECTION ( 'NONE',  ( 1.549611562364300285E-19, -0.000000000000000000, -1.000000000000000000 ) ) ;
#1146 = EDGE_CURVE ( 'NONE', #1127, #129, #940, .T. ) ;
#1147 = EDGE_LOOP ( 'NONE', ( #1101, #791, #705, #56 ) ) ;
#1148 = AXIS2_PLACEMENT_3D ( 'NONE', #8, #658, #210 ) ;
#1149 = VERTEX_POINT ( 'NONE', #646 ) ;
#1150 = CARTESIAN_POINT ( 'NONE',  ( 4.814824860968089633E-32, 0.000000000000000000, -92.99999999999997158 ) ) ;
#1151 = DIRECTION ( 'NONE',  ( 0.000000000000000000, -1.000000000000000000, 0.000000000000000000 ) ) ;
#1152 = ORIENTED_EDGE ( 'NONE', *, *, #688, .F. ) ;
#1153 = EDGE_CURVE ( 'NONE', #1149, #1335, #351, .T. ) ;
#1154 = AXIS2_PLACEMENT_3D ( 'NONE', #1038, #1049, #605 ) ;
#1155 = CARTESIAN_POINT ( 'NONE',  ( 93.00000000000002842, 2.755455298081543989E-15, 22.50000000000000000 ) ) ;
#1156 = AXIS2_PLACEMENT_3D ( 'NONE', #176, #75, #631 ) ;
#1157 = ADVANCED_FACE ( 'NONE', ( #1076 ), #240, .F. ) ;
#1158 = CARTESIAN_POINT ( 'NONE',  ( -24.14539293529928443, -2.250000000000000000, -156.5000000000000000 ) ) ;
#1159 = LINE ( 'NONE', #294, #22 ) ;
#1160 = CARTESIAN_POINT ( 'NONE',  ( -7.837739514543068415E-15, 0.000000000000000000, -156.5000000000000000 ) ) ;
#1161 = ORIENTED_EDGE ( 'NONE', *, *, #1006, .F. ) ;
#1162 = ADVANCED_FACE ( 'NONE', ( #978 ), #106, .T. ) ;
#1163 = CARTESIAN_POINT ( 'NONE',  ( -7.837739514543068415E-15, 0.000000000000000000, -182.5000000000000000 ) ) ;
#1164 = DIRECTION ( 'NONE',  ( -1.000000000000000000, 1.224646799147354193E-16, 0.000000000000000000 ) ) ;
#1165 = ORIENTED_EDGE ( 'NONE', *, *, #451, .T. ) ;
#1166 = CARTESIAN_POINT ( 'NONE',  ( 24.14539293529927022, -2.249999999999999112, -182.5000000000000000 ) ) ;
#1167 = ORIENTED_EDGE ( 'NONE', *, *, #641, .T. ) ;
#1168 = ADVANCED_FACE ( 'NONE', ( #1005 ), #887, .F. ) ;
#1169 = DIRECTION ( 'NONE',  ( 7.748057811821501427E-20, -0.000000000000000000, -1.000000000000000000 ) ) ;
#1170 = DIRECTION ( 'NONE',  ( 1.000000000000000000, 0.000000000000000000, 0.000000000000000000 ) ) ;
#1171 = ORIENTED_EDGE ( 'NONE', *, *, #44, .T. ) ;
#1172 = ORIENTED_EDGE ( 'NONE', *, *, #581, .T. ) ;
#1173 = TOROIDAL_SURFACE ( 'NONE', #86, 93.00000000000000000, 22.50000000000000000 ) ;
#1174 = VECTOR ( 'NONE', #275, 1000.000000000000000 ) ;
#1175 = AXIS2_PLACEMENT_3D ( 'NONE', #930, #1248, #1348 ) ;
#1176 = DIRECTION ( 'NONE',  ( 1.549611562364299804E-19, 0.000000000000000000, -1.000000000000000000 ) ) ;
#1177 = CARTESIAN_POINT ( 'NONE',  ( 24.25000000000000000, 2.969768487932332470E-15, -156.5000000000000000 ) ) ;
#1178 = ORIENTED_EDGE ( 'NONE', *, *, #237, .F. ) ;
#1179 = DIRECTION ( 'NONE',  ( 0.000000000000000000, -1.000000000000000000, 0.000000000000000000 ) ) ;
#1180 = ADVANCED_FACE ( 'NONE', ( #122 ), #139, .F. ) ;
#1181 = ORIENTED_EDGE ( 'NONE', *, *, #1288, .T. ) ;
#1182 = DIRECTION ( 'NONE',  ( 0.000000000000000000, 0.000000000000000000, 1.000000000000000000 ) ) ;
#1183 = ORIENTED_EDGE ( 'NONE', *, *, #982, .F. ) ;
#1184 = DIRECTION ( 'NONE',  ( 1.549611562364299804E-19, 0.000000000000000000, -1.000000000000000000 ) ) ;
#1185 = VERTEX_POINT ( 'NONE', #542 ) ;
#1186 = EDGE_CURVE ( 'NONE', #238, #79, #10, .T. ) ;
#1187 = DIRECTION ( 'NONE',  ( 0.000000000000000000, 0.000000000000000000, 1.000000000000000000 ) ) ;
#1188 = DIRECTION ( 'NONE',  ( 0.000000000000000000, 0.000000000000000000, -1.000000000000000000 ) ) ;
#1189 = AXIS2_PLACEMENT_3D ( 'NONE', #979, #96, #339 ) ;
#1190 = LINE ( 'NONE', #595, #817 ) ;
#1191 = ORIENTED_EDGE ( 'NONE', *, *, #118, .F. ) ;
#1192 = APPROVAL_PERSON_ORGANIZATION ( #20, #552, #374 ) ;
#1193 = DIRECTION ( 'NONE',  ( -0.000000000000000000, 0.000000000000000000, -1.000000000000000000 ) ) ;
#1194 = APPROVAL ( #582, 'UNSPECIFIED' ) ;
#1195 = EDGE_CURVE ( 'NONE', #1109, #379, #326, .T. ) ;
#1196 = VECTOR ( 'NONE', #1315, 1000.000000000000000 ) ;
#1197 = AXIS2_PLACEMENT_3D ( 'NONE', #804, #1145, #596 ) ;
#1198 = CARTESIAN_POINT ( 'NONE',  ( 93.00000000000000000, -2.571758278209441267E-15, -93.00000000000000000 ) ) ;
#1199 = ORIENTED_EDGE ( 'NONE', *, *, #436, .F. ) ;
#1200 = DIRECTION ( 'NONE',  ( -0.000000000000000000, -0.000000000000000000, -1.000000000000000000 ) ) ;
#1201 = ORIENTED_EDGE ( 'NONE', *, *, #876, .T. ) ;
#1202 = PLANE ( 'NONE',  #647 ) ;
#1203 = PERSON ( 'UNSPECIFIED', 'UNSPECIFIED', 'UNSPECIFIED', ('UNSPECIFIED'), ('UNSPECIFIED'), ('UNSPECIFIED') ) ;
#1204 = EDGE_CURVE ( 'NONE', #341, #640, #695, .T. ) ;
#1205 = DIRECTION ( 'NONE',  ( 0.000000000000000000, 1.000000000000000000, 0.000000000000000000 ) ) ;
#1206 = ORIENTED_EDGE ( 'NONE', *, *, #303, .F. ) ;
#1207 = ORIENTED_EDGE ( 'NONE', *, *, #922, .T. ) ;
#1208 = DIRECTION ( 'NONE',  ( 0.000000000000000000, 0.000000000000000000, -1.000000000000000000 ) ) ;
#1209 = ORIENTED_EDGE ( 'NONE', *, *, #982, .T. ) ;
#1210 = CARTESIAN_POINT ( 'NONE',  ( -7.837739514543068415E-15, 0.000000000000000000, -182.5000000000000000 ) ) ;
#1211 = LINE ( 'NONE', #134, #493 ) ;
#1212 = ADVANCED_FACE ( 'NONE', ( #861 ), #1216, .T. ) ;
#1213 = ORIENTED_EDGE ( 'NONE', *, *, #1372, .F. ) ;
#1214 = DIRECTION ( 'NONE',  ( 0.3420201433256681023, 4.188538737676984369E-17, -0.9396926207859086499 ) ) ;
#1215 = ORIENTED_EDGE ( 'NONE', *, *, #366, .F. ) ;
#1216 = CONICAL_SURFACE ( 'NONE', #233, 24.25000000000017053, 0.3490658503988652295 ) ;
#1217 = DIRECTION ( 'NONE',  ( 1.000000000000000000, 0.000000000000000000, 2.868821503189435129E-18 ) ) ;
#1218 = AXIS2_PLACEMENT_3D ( 'NONE', #532, #197, #525 ) ;
#1219 = AXIS2_PLACEMENT_3D ( 'NONE', #419, #211, #538 ) ;
#1220 = CARTESIAN_POINT ( 'NONE',  ( 93.00000000000002842, 0.000000000000000000, -22.50000000000000000 ) ) ;
#1221 = CIRCLE ( 'NONE', #1197, 21.39199796489159411 ) ;
#1222 = ORIENTED_EDGE ( 'NONE', *, *, #955, .F. ) ;
#1223 = CIRCLE ( 'NONE', #309, 22.80153689607045564 ) ;
#1224 = CARTESIAN_POINT ( 'NONE',  ( -24.14539293529929154, 2.250000000000000000, -182.5000000000000000 ) ) ;
#1225 = ORIENTED_EDGE ( 'NONE', *, *, #316, .F. ) ;
#1226 = DIRECTION ( 'NONE',  ( 0.000000000000000000, 1.000000000000000000, 0.000000000000000000 ) ) ;
#1227 = VERTEX_POINT ( 'NONE', #450 ) ;
#1228 = DIRECTION ( 'NONE',  ( -1.000000000000000000, 0.000000000000000000, 0.000000000000000000 ) ) ;
#1229 = LINE ( 'NONE', #1010, #568 ) ;
#1230 = ADVANCED_FACE ( 'NONE', ( #869 ), #1202, .T. ) ;
#1231 = CARTESIAN_POINT ( 'NONE',  ( -2.250000000000006217, 24.25000000000001421, -182.5000000000000000 ) ) ;
#1232 = CARTESIAN_POINT ( 'NONE',  ( 22.50000000000000000, 0.000000000000000000, -92.99999999999997158 ) ) ;
#1233 = EDGE_LOOP ( 'NONE', ( #455, #329, #1391, #655 ) ) ;
#1234 = VECTOR ( 'NONE', #560, 1000.000000000000000 ) ;
#1235 = ADVANCED_FACE ( 'NONE', ( #671 ), #1291, .F. ) ;
#1236 = COORDINATED_UNIVERSAL_TIME_OFFSET ( 1, 0, .AHEAD. ) ;
#1237 = AXIS2_PLACEMENT_3D ( 'NONE', #24, #456, #414 ) ;
#1238 = LINE ( 'NONE', #917, #927 ) ;
#1239 = CIRCLE ( 'NONE', #62, 23.94846310392954081 ) ;
#1240 = DIRECTION ( 'NONE',  ( -7.748057811821501427E-20, 0.000000000000000000, 1.000000000000000000 ) ) ;
#1241 = ORIENTED_EDGE ( 'NONE', *, *, #991, .T. ) ;
#1242 = CARTESIAN_POINT ( 'NONE',  ( 2.249999999999993339, 24.25000000000001421, -156.5000000000000000 ) ) ;
#1243 = EDGE_CURVE ( 'NONE', #938, #687, #1103, .T. ) ;
#1244 = CARTESIAN_POINT ( 'NONE',  ( 93.00000000000002842, 0.000000000000000000, -20.99999999999999645 ) ) ;
#1245 = EDGE_LOOP ( 'NONE', ( #1290, #1381, #652, #63 ) ) ;
#1246 = LINE ( 'NONE', #1358, #1294 ) ;
#1247 = EDGE_CURVE ( 'NONE', #1185, #1124, #38, .T. ) ;
#1248 = DIRECTION ( 'NONE',  ( 0.000000000000000000, 0.000000000000000000, -1.000000000000000000 ) ) ;
#1249 = FACE_OUTER_BOUND ( 'NONE', #1364, .T. ) ;
#1250 = VERTEX_POINT ( 'NONE', #773 ) ;
#1251 = FACE_OUTER_BOUND ( 'NONE', #235, .T. ) ;
#1252 = AXIS2_PLACEMENT_3D ( 'NONE', #1210, #1093, #318 ) ;
#1253 = AXIS2_PLACEMENT_3D ( 'NONE', #478, #918, #684 ) ;
#1254 = DIRECTION ( 'NONE',  ( -1.000000000000000000, 0.000000000000000000, -2.868821503189434744E-18 ) ) ;
#1255 = CARTESIAN_POINT ( 'NONE',  ( -27.49999999999999645, 3.367778697655220913E-15, -111.8102796124115912 ) ) ;
#1256 = AXIS2_PLACEMENT_3D ( 'NONE', #776, #1205, #1182 ) ;
#1257 = ORIENTED_EDGE ( 'NONE', *, *, #28, .T. ) ;
#1258 = ADVANCED_FACE ( 'NONE', ( #761 ), #130, .T. ) ;
#1259 = AXIS2_PLACEMENT_3D ( 'NONE', #65, #1273, #621 ) ;
#1260 = CARTESIAN_POINT ( 'NONE',  ( -22.50000000000000000, 2.755455298081543989E-15, -111.8102796124115912 ) ) ;
#1261 = FACE_OUTER_BOUND ( 'NONE', #873, .T. ) ;
#1262 = VERTEX_POINT ( 'NONE', #629 ) ;
#1263 = CARTESIAN_POINT ( 'NONE',  ( -7.837739514543068415E-15, 0.000000000000000000, -156.5000000000000000 ) ) ;
#1264 = ORIENTED_EDGE ( 'NONE', *, *, #1243, .T. ) ;
#1265 = EDGE_CURVE ( 'NONE', #379, #1109, #788, .T. ) ;
#1266 = FACE_OUTER_BOUND ( 'NONE', #11, .T. ) ;
#1267 = DIRECTION ( 'NONE',  ( 1.549611562364299804E-19, 0.000000000000000000, -1.000000000000000000 ) ) ;
#1268 = CARTESIAN_POINT ( 'NONE',  ( 24.14539293529927022, -2.250000000000000000, -156.5000000000000000 ) ) ;
#1269 = ORIENTED_EDGE ( 'NONE', *, *, #1153, .F. ) ;
#1270 = ORIENTED_EDGE ( 'NONE', *, *, #566, .T. ) ;
#1271 = LINE ( 'NONE', #304, #1337 ) ;
#1272 = DIRECTION ( 'NONE',  ( -1.549611562364301008E-19, 0.000000000000000000, 1.000000000000000000 ) ) ;
#1273 = DIRECTION ( 'NONE',  ( 0.000000000000000000, 0.000000000000000000, -1.000000000000000000 ) ) ;
#1274 = AXIS2_PLACEMENT_3D ( 'NONE', #866, #1289, #1091 ) ;
#1275 = CARTESIAN_POINT ( 'NONE',  ( -7.837739514543068415E-15, 0.000000000000000000, -156.5000000000000000 ) ) ;
#1276 = ORIENTED_EDGE ( 'NONE', *, *, #185, .T. ) ;
#1277 = DIRECTION ( 'NONE',  ( -1.000000000000000000, 1.224646799147352961E-16, 0.000000000000000000 ) ) ;
#1278 = CIRCLE ( 'NONE', #241, 22.75000000000000711 ) ;
#1279 =( LENGTH_UNIT ( ) NAMED_UNIT ( * ) SI_UNIT ( .MILLI., .METRE. ) );
#1280 = DIRECTION ( 'NONE',  ( 0.000000000000000000, 0.000000000000000000, 1.000000000000000000 ) ) ;
#1281 = EDGE_LOOP ( 'NONE', ( #171, #885, #289, #1030 ) ) ;
#1282 = EDGE_CURVE ( 'NONE', #72, #1149, #101, .T. ) ;
#1283 = CARTESIAN_POINT ( 'NONE',  ( 27.49999999999999645, 0.000000000000000000, -111.8102796124115912 ) ) ;
#1284 = VERTEX_POINT ( 'NONE', #1158 ) ;
#1285 = DIRECTION ( 'NONE',  ( 1.000000000000000000, 0.000000000000000000, -0.000000000000000000 ) ) ;
#1286 = CYLINDRICAL_SURFACE ( 'NONE', #42, 20.99999999999999645 ) ;
#1287 = ORIENTED_EDGE ( 'NONE', *, *, #961, .T. ) ;
#1288 = EDGE_CURVE ( 'NONE', #1250, #23, #878, .T. ) ;
#1289 = DIRECTION ( 'NONE',  ( 7.748057811821501427E-20, -0.000000000000000000, -1.000000000000000000 ) ) ;
#1290 = ORIENTED_EDGE ( 'NONE', *, *, #316, .T. ) ;
#1291 = CYLINDRICAL_SURFACE ( 'NONE', #712, 22.75000000000000711 ) ;
#1292 = ADVANCED_FACE ( 'NONE', ( #521 ), #80, .F. ) ;
#1293 = DIRECTION ( 'NONE',  ( -1.000000000000000000, 0.000000000000000000, 0.000000000000000000 ) ) ;
#1294 = VECTOR ( 'NONE', #81, 1000.000000000000000 ) ;
#1295 = ORIENTED_EDGE ( 'NONE', *, *, #147, .T. ) ;
#1296 = EDGE_LOOP ( 'NONE', ( #125, #1181, #1316, #350 ) ) ;
#1297 = PRODUCT_DEFINITION_FORMATION_WITH_SPECIFIED_SOURCE ( 'ANY', '', #987, .NOT_KNOWN. ) ;
#1298 = DIRECTION ( 'NONE',  ( -0.000000000000000000, 0.000000000000000000, -1.000000000000000000 ) ) ;
#1299 = ADVANCED_FACE ( 'NONE', ( #1266 ), #1357, .T. ) ;
#1300 = AXIS2_PLACEMENT_3D ( 'NONE', #1032, #466, #362 ) ;
#1301 = AXIS2_PLACEMENT_3D ( 'NONE', #1143, #1035, #331 ) ;
#1302 = CARTESIAN_POINT ( 'NONE',  ( -2.250000000000006217, 24.14539293529928088, -156.5000000000000000 ) ) ;
#1303 = CARTESIAN_POINT ( 'NONE',  ( 22.63846284534353970, -2.249999999999999112, -182.5000000000000000 ) ) ;
#1304 = AXIS2_PLACEMENT_3D ( 'NONE', #1160, #387, #71 ) ;
#1305 = ORIENTED_EDGE ( 'NONE', *, *, #581, .F. ) ;
#1306 = DIRECTION ( 'NONE',  ( 0.000000000000000000, 1.000000000000000000, 0.000000000000000000 ) ) ;
#1307 = ORIENTED_EDGE ( 'NONE', *, *, #217, .T. ) ;
#1308 = DIRECTION ( 'NONE',  ( -1.000000000000000000, 0.000000000000000000, 0.000000000000000000 ) ) ;
#1309 = EDGE_CURVE ( 'NONE', #1008, #99, #1246, .T. ) ;
#1310 = APPROVAL_DATE_TIME ( #133, #552 ) ;
#1311 = CARTESIAN_POINT ( 'NONE',  ( 22.63846284534353970, 2.250000000000000000, -182.5000000000000000 ) ) ;
#1312 = ORIENTED_EDGE ( 'NONE', *, *, #518, .F. ) ;
#1313 = ORIENTED_EDGE ( 'NONE', *, *, #566, .F. ) ;
#1314 = DATE_TIME_ROLE ( 'classification_date' ) ;
#1315 = DIRECTION ( 'NONE',  ( -0.000000000000000000, -1.000000000000000000, -0.000000000000000000 ) ) ;
#1316 = ORIENTED_EDGE ( 'NONE', *, *, #688, .T. ) ;
#1317 = DIRECTION ( 'NONE',  ( 0.000000000000000000, 0.000000000000000000, -1.000000000000000000 ) ) ;
#1318 = FACE_OUTER_BOUND ( 'NONE', #231, .T. ) ;
#1319 = DIRECTION ( 'NONE',  ( 0.000000000000000000, 1.000000000000000000, 0.000000000000000000 ) ) ;
#1320 = AXIS2_PLACEMENT_3D ( 'NONE', #439, #208, #550 ) ;
#1321 = CIRCLE ( 'NONE', #814, 6.500000000000005329 ) ;
#1322 = APPROVAL_STATUS ( 'not_yet_approved' ) ;
#1323 = CIRCLE ( 'NONE', #18, 115.4999999999999858 ) ;
#1324 = FACE_OUTER_BOUND ( 'NONE', #471, .T. ) ;
#1325 = VERTEX_POINT ( 'NONE', #111 ) ;
#1326 = EDGE_CURVE ( 'NONE', #1335, #323, #327, .T. ) ;
#1327 = DIRECTION ( 'NONE',  ( -1.000000000000000000, 0.000000000000000000, 0.000000000000000000 ) ) ;
#1328 = VERTEX_POINT ( 'NONE', #1096 ) ;
#1329 = CARTESIAN_POINT ( 'NONE',  ( -22.80153689607045564, 0.000000000000000000, -113.5203803290399378 ) ) ;
#1330 = DIRECTION ( 'NONE',  ( -1.000000000000000000, 0.000000000000000000, 0.000000000000000000 ) ) ;
#1331 = EDGE_CURVE ( 'NONE', #88, #588, #378, .T. ) ;
#1332 = CALENDAR_DATE ( 2026, 16, 9 ) ;
#1333 = CARTESIAN_POINT ( 'NONE',  ( 2.249999999999993339, -24.14539293529927733, -182.5000000000000000 ) ) ;
#1334 = FACE_OUTER_BOUND ( 'NONE', #763, .T. ) ;
#1335 = VERTEX_POINT ( 'NONE', #1302 ) ;
#1336 = ORIENTED_EDGE ( 'NONE', *, *, #731, .T. ) ;
#1337 = VECTOR ( 'NONE', #1389, 1000.000000000000000 ) ;
#1338 = EDGE_CURVE ( 'NONE', #883, #323, #1271, .T. ) ;
#1339 = CC_DESIGN_SECURITY_CLASSIFICATION ( #489, ( #1297 ) ) ;
#1340 = LINE ( 'NONE', #1242, #1174 ) ;
#1341 = CARTESIAN_POINT ( 'NONE',  ( 24.25000000000000000, -2.250000000000000000, -156.5000000000000000 ) ) ;
#1342 = VECTOR ( 'NONE', #12, 1000.000000000000000 ) ;
#1343 = AXIS2_PLACEMENT_3D ( 'NONE', #488, #384, #809 ) ;
#1344 = VECTOR ( 'NONE', #599, 1000.000000000000000 ) ;
#1345 = CIRCLE ( 'NONE', #746, 20.99999999999999645 ) ;
#1346 = ADVANCED_FACE ( 'NONE', ( #198 ), #409, .T. ) ;
#1347 = CARTESIAN_POINT ( 'NONE',  ( -3.919421292314464115E-15, 0.000000000000000000, -118.3816349035418511 ) ) ;
#1348 = DIRECTION ( 'NONE',  ( -1.000000000000000000, 0.000000000000000000, 0.000000000000000000 ) ) ;
#1349 = LINE ( 'NONE', #306, #45 ) ;
#1350 = VERTEX_POINT ( 'NONE', #425 ) ;
#1351 = DIRECTION ( 'NONE',  ( -1.549611562364301730E-19, -0.000000000000000000, 1.000000000000000000 ) ) ;
#1352 = CARTESIAN_POINT ( 'NONE',  ( -7.837739514543068415E-15, 0.000000000000000000, -118.3816349035418511 ) ) ;
#1353 = PLANE ( 'NONE',  #654 ) ;
#1354 = EDGE_CURVE ( 'NONE', #640, #1120, #551, .T. ) ;
#1355 = CARTESIAN_POINT ( 'NONE',  ( 24.25000000000000000, -2.250000000000000000, -156.5000000000000000 ) ) ;
#1356 = VERTEX_POINT ( 'NONE', #741 ) ;
#1357 = TOROIDAL_SURFACE ( 'NONE', #737, 19.25000000000000711, 5.000000000000000000 ) ;
#1358 = CARTESIAN_POINT ( 'NONE',  ( -22.63846284534355391, 2.249999999999999112, -182.5000000000000000 ) ) ;
#1359 = AXIS2_PLACEMENT_3D ( 'NONE', #704, #1240, #32 ) ;
#1360 = DIRECTION ( 'NONE',  ( 1.000000000000000000, 0.000000000000000000, 0.000000000000000000 ) ) ;
#1361 = LINE ( 'NONE', #85, #772 ) ;
#1362 = ADVANCED_FACE ( 'NONE', ( #879 ), #123, .T. ) ;
#1363 = AXIS2_PLACEMENT_3D ( 'NONE', #584, #1020, #801 ) ;
#1364 = EDGE_LOOP ( 'NONE', ( #578, #1084, #981, #454 ) ) ;
#1365 = CYLINDRICAL_SURFACE ( 'NONE', #1218, 22.50000000000000000 ) ;
#1366 = AXIS2_PLACEMENT_3D ( 'NONE', #295, #943, #1054 ) ;
#1367 = DIRECTION ( 'NONE',  ( 1.000000000000000000, 0.000000000000000000, 0.000000000000000000 ) ) ;
#1368 = CYLINDRICAL_SURFACE ( 'NONE', #720, 22.50000000000000000 ) ;
#1369 = CARTESIAN_POINT ( 'NONE',  ( -24.14539293529928443, 2.250000000000000000, -156.5000000000000000 ) ) ;
#1370 = ORIENTED_EDGE ( 'NONE', *, *, #600, .F. ) ;
#1371 = ORIENTED_EDGE ( 'NONE', *, *, #793, .T. ) ;
#1372 = EDGE_CURVE ( 'NONE', #1124, #395, #1128, .T. ) ;
#1373 = PLANE ( 'NONE',  #701 ) ;
#1374 = CARTESIAN_POINT ( 'NONE',  ( 20.99999999999999645, 0.000000000000000000, -182.5000000000000000 ) ) ;
#1375 = ORIENTED_EDGE ( 'NONE', *, *, #181, .T. ) ;
#1376 = CARTESIAN_POINT ( 'NONE',  ( 20.99999999999999645, 0.000000000000000000, -111.8102796124116196 ) ) ;
#1377 = EDGE_CURVE ( 'NONE', #1003, #675, #441, .T. ) ;
#1378 = AXIS2_PLACEMENT_3D ( 'NONE', #855, #1064, #226 ) ;
#1379 = DIRECTION ( 'NONE',  ( -1.000000000000000000, 0.000000000000000000, 0.000000000000000000 ) ) ;
#1380 = DIRECTION ( 'NONE',  ( -1.000000000000000000, 0.000000000000000000, 0.000000000000000000 ) ) ;
#1381 = ORIENTED_EDGE ( 'NONE', *, *, #1392, .T. ) ;
#1382 = VECTOR ( 'NONE', #1117, 1000.000000000000000 ) ;
#1383 = FACE_OUTER_BOUND ( 'NONE', #50, .T. ) ;
#1384 = EDGE_LOOP ( 'NONE', ( #990, #554, #402, #159 ) ) ;
#1385 = DIRECTION ( 'NONE',  ( 1.000000000000000000, 0.000000000000000000, 0.000000000000000000 ) ) ;
#1386 = AXIS2_PLACEMENT_3D ( 'NONE', #1198, #637, #998 ) ;
#1387 = AXIS2_PLACEMENT_3D ( 'NONE', #393, #406, #1170 ) ;
#1388 = EDGE_CURVE ( 'NONE', #1284, #1127, #762, .T. ) ;
#1389 = DIRECTION ( 'NONE',  ( 0.000000000000000000, 0.000000000000000000, 1.000000000000000000 ) ) ;
#1390 = DIRECTION ( 'NONE',  ( 0.000000000000000000, 0.000000000000000000, -1.000000000000000000 ) ) ;
#1391 = ORIENTED_EDGE ( 'NONE', *, *, #499, .T. ) ;
#1392 = EDGE_CURVE ( 'NONE', #341, #675, #962, .T. ) ;
#1393 = CARTESIAN_POINT ( 'NONE',  ( -7.837739514543068415E-15, 0.000000000000000000, -182.5000000000000000 ) ) ;
#1394 = ORIENTED_EDGE ( 'NONE', *, *, #1392, .F. ) ;
#1395 = DIRECTION ( 'NONE',  ( 0.000000000000000000, 0.000000000000000000, -1.000000000000000000 ) ) ;
ENDSEC;
END-ISO-10303-21;
